ISO-10303-21;
HEADER;
FILE_DESCRIPTION(('FreeCAD Model'),'2;1');
FILE_NAME('Open CASCADE Shape Model','2026-09-30T22:00:19',('FreeCAD'),(
    'FreeCAD'),'Open CASCADE STEP processor 7.8','FreeCAD','Unknown');
FILE_SCHEMA(('AUTOMOTIVE_DESIGN { 1 0 10303 214 1 1 1 1 }'));
ENDSEC;
DATA;
#1 = APPLICATION_PROTOCOL_DEFINITION('international standard',
  'automotive_design',2000,#2);
#2 = APPLICATION_CONTEXT(
  'core data for automotive mechanical design processes');
#3 = SHAPE_DEFINITION_REPRESENTATION(#4,#10);
#4 = PRODUCT_DEFINITION_SHAPE('','',#5);
#5 = PRODUCT_DEFINITION('design','',#6,#9);
#6 = PRODUCT_DEFINITION_FORMATION('','',#7);
#7 = PRODUCT('Open CASCADE STEP translator 7.8 1',
  'Open CASCADE STEP translator 7.8 1','',(#8));
#8 = PRODUCT_CONTEXT('',#2,'mechanical');
#9 = PRODUCT_DEFINITION_CONTEXT('part definition',#2,'design');
#10 = SHAPE_REPRESENTATION('',(#11,#15,#81,#173,#1291,#1344,#1397,#1703,
    #1853,#2003,#2095,#2187,#2279,#2429,#2579,#2729,#2879,#3029,#3179,
    #3271,#3363,#3455,#3508,#3658,#3808),#3958);
#11 = AXIS2_PLACEMENT_3D('',#12,#13,#14);
#12 = CARTESIAN_POINT('',(0.,0.,0.));
#13 = DIRECTION('',(0.,0.,1.));
#14 = DIRECTION('',(1.,0.,-0.));
#15 = MANIFOLD_SOLID_BREP('',#16);
#16 = CLOSED_SHELL('',(#17,#43,#63));
#17 = ADVANCED_FACE('',(#18),#38,.T.);
#18 = FACE_BOUND('',#19,.T.);
#19 = EDGE_LOOP('',(#20,#29,#37));
#20 = ORIENTED_EDGE('',*,*,#21,.F.);
#21 = EDGE_CURVE('',#22,#22,#24,.T.);
#22 = VERTEX_POINT('',#23);
#23 = CARTESIAN_POINT('',(300.,-1.224646799147E-14,-50.));
#24 = CIRCLE('',#25,50.);
#25 = AXIS2_PLACEMENT_3D('',#26,#27,#28);
#26 = CARTESIAN_POINT('',(300.,0.,6.661338147751E-14));
#27 = DIRECTION('',(1.,-0.,2.22044604925E-16));
#28 = DIRECTION('',(2.22044604925E-16,0.,-1.));
#29 = ORIENTED_EDGE('',*,*,#30,.F.);
#30 = EDGE_CURVE('',#31,#22,#33,.T.);
#31 = VERTEX_POINT('',#32);
#32 = CARTESIAN_POINT('',(0.,0.,0.));
#33 = LINE('',#34,#35);
#34 = CARTESIAN_POINT('',(0.,0.,0.));
#35 = VECTOR('',#36,1.);
#36 = DIRECTION('',(0.986393923832,-4.026613871731E-17,-0.164398987305)
  );
#37 = ORIENTED_EDGE('',*,*,#30,.T.);
#38 = CONICAL_SURFACE('',#39,0.,0.165148677415);
#39 = AXIS2_PLACEMENT_3D('',#40,#41,#42);
#40 = CARTESIAN_POINT('',(0.,0.,0.));
#41 = DIRECTION('',(1.,0.,2.22044604925E-16));
#42 = DIRECTION('',(2.22044604925E-16,0.,-1.));
#43 = ADVANCED_FACE('',(#44,#47),#58,.T.);
#44 = FACE_BOUND('',#45,.T.);
#45 = EDGE_LOOP('',(#46));
#46 = ORIENTED_EDGE('',*,*,#21,.T.);
#47 = FACE_BOUND('',#48,.T.);
#48 = EDGE_LOOP('',(#49));
#49 = ORIENTED_EDGE('',*,*,#50,.F.);
#50 = EDGE_CURVE('',#51,#51,#53,.T.);
#51 = VERTEX_POINT('',#52);
#52 = CARTESIAN_POINT('',(300.,-1.187907395173E-14,-48.5));
#53 = CIRCLE('',#54,48.5);
#54 = AXIS2_PLACEMENT_3D('',#55,#56,#57);
#55 = CARTESIAN_POINT('',(300.,0.,6.461498003318E-14));
#56 = DIRECTION('',(1.,-0.,2.22044604925E-16));
#57 = DIRECTION('',(2.22044604925E-16,0.,-1.));
#58 = PLANE('',#59);
#59 = AXIS2_PLACEMENT_3D('',#60,#61,#62);
#60 = CARTESIAN_POINT('',(300.,0.,6.661338147751E-14));
#61 = DIRECTION('',(1.,0.,2.22044604925E-16));
#62 = DIRECTION('',(2.22044604925E-16,0.,-1.));
#63 = ADVANCED_FACE('',(#64),#76,.F.);
#64 = FACE_BOUND('',#65,.F.);
#65 = EDGE_LOOP('',(#66,#67,#75));
#66 = ORIENTED_EDGE('',*,*,#50,.F.);
#67 = ORIENTED_EDGE('',*,*,#68,.F.);
#68 = EDGE_CURVE('',#69,#51,#71,.T.);
#69 = VERTEX_POINT('',#70);
#70 = CARTESIAN_POINT('',(9.,0.,0.));
#71 = LINE('',#72,#73);
#72 = CARTESIAN_POINT('',(9.,0.,0.));
#73 = VECTOR('',#74,1.);
#74 = DIRECTION('',(0.986393923832,-4.026613871731E-17,-0.164398987305)
  );
#75 = ORIENTED_EDGE('',*,*,#68,.T.);
#76 = CONICAL_SURFACE('',#77,0.,0.165148677415);
#77 = AXIS2_PLACEMENT_3D('',#78,#79,#80);
#78 = CARTESIAN_POINT('',(9.,0.,0.));
#79 = DIRECTION('',(1.,0.,2.22044604925E-16));
#80 = DIRECTION('',(2.22044604925E-16,0.,-1.));
#81 = MANIFOLD_SOLID_BREP('',#82);
#82 = CLOSED_SHELL('',(#83,#116,#136,#156));
#83 = ADVANCED_FACE('',(#84),#111,.T.);
#84 = FACE_BOUND('',#85,.F.);
#85 = EDGE_LOOP('',(#86,#96,#103,#104));
#86 = ORIENTED_EDGE('',*,*,#87,.T.);
#87 = EDGE_CURVE('',#88,#90,#92,.T.);
#88 = VERTEX_POINT('',#89);
#89 = CARTESIAN_POINT('',(300.,-1.180559514378E-14,-48.2));
#90 = VERTEX_POINT('',#91);
#91 = CARTESIAN_POINT('',(345.,-1.180559514378E-14,-48.2));
#92 = LINE('',#93,#94);
#93 = CARTESIAN_POINT('',(300.,-1.180559514378E-14,-48.2));
#94 = VECTOR('',#95,1.);
#95 = DIRECTION('',(1.,0.,2.22044604925E-16));
#96 = ORIENTED_EDGE('',*,*,#97,.T.);
#97 = EDGE_CURVE('',#90,#90,#98,.T.);
#98 = CIRCLE('',#99,48.2);
#99 = AXIS2_PLACEMENT_3D('',#100,#101,#102);
#100 = CARTESIAN_POINT('',(345.,0.,9.992007221626E-15));
#101 = DIRECTION('',(1.,-0.,2.22044604925E-16));
#102 = DIRECTION('',(2.22044604925E-16,0.,-1.));
#103 = ORIENTED_EDGE('',*,*,#87,.F.);
#104 = ORIENTED_EDGE('',*,*,#105,.F.);
#105 = EDGE_CURVE('',#88,#88,#106,.T.);
#106 = CIRCLE('',#107,48.2);
#107 = AXIS2_PLACEMENT_3D('',#108,#109,#110);
#108 = CARTESIAN_POINT('',(300.,0.,0.));
#109 = DIRECTION('',(1.,-0.,2.22044604925E-16));
#110 = DIRECTION('',(2.22044604925E-16,0.,-1.));
#111 = CYLINDRICAL_SURFACE('',#112,48.2);
#112 = AXIS2_PLACEMENT_3D('',#113,#114,#115);
#113 = CARTESIAN_POINT('',(300.,0.,0.));
#114 = DIRECTION('',(-1.,-0.,-2.22044604925E-16));
#115 = DIRECTION('',(2.22044604925E-16,0.,-1.));
#116 = ADVANCED_FACE('',(#117,#120),#131,.F.);
#117 = FACE_BOUND('',#118,.F.);
#118 = EDGE_LOOP('',(#119));
#119 = ORIENTED_EDGE('',*,*,#105,.T.);
#120 = FACE_BOUND('',#121,.F.);
#121 = EDGE_LOOP('',(#122));
#122 = ORIENTED_EDGE('',*,*,#123,.F.);
#123 = EDGE_CURVE('',#124,#124,#126,.T.);
#124 = VERTEX_POINT('',#125);
#125 = CARTESIAN_POINT('',(300.,-1.143820110404E-14,-46.7));
#126 = CIRCLE('',#127,46.7);
#127 = AXIS2_PLACEMENT_3D('',#128,#129,#130);
#128 = CARTESIAN_POINT('',(300.,0.,0.));
#129 = DIRECTION('',(1.,-0.,2.22044604925E-16));
#130 = DIRECTION('',(2.22044604925E-16,0.,-1.));
#131 = PLANE('',#132);
#132 = AXIS2_PLACEMENT_3D('',#133,#134,#135);
#133 = CARTESIAN_POINT('',(300.,0.,0.));
#134 = DIRECTION('',(1.,0.,2.22044604925E-16));
#135 = DIRECTION('',(2.22044604925E-16,0.,-1.));
#136 = ADVANCED_FACE('',(#137,#140),#151,.T.);
#137 = FACE_BOUND('',#138,.T.);
#138 = EDGE_LOOP('',(#139));
#139 = ORIENTED_EDGE('',*,*,#97,.T.);
#140 = FACE_BOUND('',#141,.T.);
#141 = EDGE_LOOP('',(#142));
#142 = ORIENTED_EDGE('',*,*,#143,.F.);
#143 = EDGE_CURVE('',#144,#144,#146,.T.);
#144 = VERTEX_POINT('',#145);
#145 = CARTESIAN_POINT('',(345.,-1.143820110404E-14,-46.7));
#146 = CIRCLE('',#147,46.7);
#147 = AXIS2_PLACEMENT_3D('',#148,#149,#150);
#148 = CARTESIAN_POINT('',(345.,0.,9.992007221626E-15));
#149 = DIRECTION('',(1.,-0.,2.22044604925E-16));
#150 = DIRECTION('',(2.22044604925E-16,0.,-1.));
#151 = PLANE('',#152);
#152 = AXIS2_PLACEMENT_3D('',#153,#154,#155);
#153 = CARTESIAN_POINT('',(345.,0.,9.992007221626E-15));
#154 = DIRECTION('',(1.,0.,2.22044604925E-16));
#155 = DIRECTION('',(2.22044604925E-16,0.,-1.));
#156 = ADVANCED_FACE('',(#157),#168,.F.);
#157 = FACE_BOUND('',#158,.T.);
#158 = EDGE_LOOP('',(#159,#165,#166,#167));
#159 = ORIENTED_EDGE('',*,*,#160,.T.);
#160 = EDGE_CURVE('',#124,#144,#161,.T.);
#161 = LINE('',#162,#163);
#162 = CARTESIAN_POINT('',(300.,-1.143820110404E-14,-46.7));
#163 = VECTOR('',#164,1.);
#164 = DIRECTION('',(1.,0.,2.22044604925E-16));
#165 = ORIENTED_EDGE('',*,*,#143,.T.);
#166 = ORIENTED_EDGE('',*,*,#160,.F.);
#167 = ORIENTED_EDGE('',*,*,#123,.F.);
#168 = CYLINDRICAL_SURFACE('',#169,46.7);
#169 = AXIS2_PLACEMENT_3D('',#170,#171,#172);
#170 = CARTESIAN_POINT('',(300.,0.,0.));
#171 = DIRECTION('',(-1.,-0.,-2.22044604925E-16));
#172 = DIRECTION('',(2.22044604925E-16,0.,-1.));
#173 = MANIFOLD_SOLID_BREP('',#174);
#174 = CLOSED_SHELL('',(#175,#652,#672,#757,#777,#842,#907,#972,#1049,
    #1114,#1179,#1244));
#175 = ADVANCED_FACE('',(#176,#278,#329,#380,#431,#494,#545,#596),#647,
  .T.);
#176 = FACE_BOUND('',#177,.F.);
#177 = EDGE_LOOP('',(#178,#188,#219,#227,#234,#235,#270,#271));
#178 = ORIENTED_EDGE('',*,*,#179,.T.);
#179 = EDGE_CURVE('',#180,#182,#184,.T.);
#180 = VERTEX_POINT('',#181);
#181 = CARTESIAN_POINT('',(300.,-1.224646799147E-14,-50.));
#182 = VERTEX_POINT('',#183);
#183 = CARTESIAN_POINT('',(891.19999999999,-1.224646799147E-14,-50.));
#184 = LINE('',#185,#186);
#185 = CARTESIAN_POINT('',(300.,-1.224646799147E-14,-50.));
#186 = VECTOR('',#187,1.);
#187 = DIRECTION('',(1.,0.,2.22044604925E-16));
#188 = ORIENTED_EDGE('',*,*,#189,.T.);
#189 = EDGE_CURVE('',#182,#190,#192,.T.);
#190 = VERTEX_POINT('',#191);
#191 = CARTESIAN_POINT('',(892.8,-1.049522306869E-14,-50.));
#192 = B_SPLINE_CURVE_WITH_KNOTS('',7,(#193,#194,#195,#196,#197,#198,
    #199,#200,#201,#202,#203,#204,#205,#206,#207,#208,#209,#210,#211,
    #212,#213,#214,#215,#216,#217,#218),.UNSPECIFIED.,.F.,.F.,(8,6,6,6,8
    ),(0.,0.206449372139,0.500044710559,0.793584062699,1.),
  .UNSPECIFIED.);
#193 = CARTESIAN_POINT('',(891.2,9.958109358693E-17,-50.));
#194 = CARTESIAN_POINT('',(891.2,8.141984447664E-02,-50.));
#195 = CARTESIAN_POINT('',(891.20966778875,0.162404957865,
    -49.99984535518));
#196 = CARTESIAN_POINT('',(891.22881628672,0.241382731275,
    -49.99953884372));
#197 = CARTESIAN_POINT('',(891.25688009393,0.316846547871,
    -49.99910177035));
#198 = CARTESIAN_POINT('',(891.29293139197,0.387438362727,
    -49.99857072653));
#199 = CARTESIAN_POINT('',(891.33569883158,0.452049432056,
    -49.99798998843));
#200 = CARTESIAN_POINT('',(891.45169544646,0.592265252793,
    -49.99655988321));
#201 = CARTESIAN_POINT('',(891.53054904928,0.661464847574,
    -49.99569592041));
#202 = CARTESIAN_POINT('',(891.61730047709,0.716963857098,
    -49.99490434422));
#203 = CARTESIAN_POINT('',(891.70960297294,0.758560012499,
    -49.99426273363));
#204 = CARTESIAN_POINT('',(891.80538475446,0.786214848227,
    -49.99382017681));
#205 = CARTESIAN_POINT('',(891.90277507799,0.8,-49.99359959034));
#206 = CARTESIAN_POINT('',(892.09720638199,0.8,-49.99359959034));
#207 = CARTESIAN_POINT('',(892.19459709711,0.786220102635,
    -49.99382009205));
#208 = CARTESIAN_POINT('',(892.2903887631,0.75856615605,-49.99426263685)
  );
#209 = CARTESIAN_POINT('',(892.38270173996,0.716965587551,
    -49.99490433282));
#210 = CARTESIAN_POINT('',(892.46945861547,0.661460238578,
    -49.99569599589));
#211 = CARTESIAN_POINT('',(892.54831063821,0.592257897677,
    -49.99655995823));
#212 = CARTESIAN_POINT('',(892.66429826633,0.452052940067,
    -49.99798995265));
#213 = CARTESIAN_POINT('',(892.70706762707,0.387441120102,
    -49.99857070757));
#214 = CARTESIAN_POINT('',(892.74312155414,0.316845374953,-49.9991017927
    ));
#215 = CARTESIAN_POINT('',(892.77118645218,0.241376746893,
    -49.99953888741));
#216 = CARTESIAN_POINT('',(892.7903340157,0.162395992988,-49.99984538369
    ));
#217 = CARTESIAN_POINT('',(892.8,8.141224305119E-02,-50.));
#218 = CARTESIAN_POINT('',(892.8,-1.529818129916E-15,-50.));
#219 = ORIENTED_EDGE('',*,*,#220,.T.);
#220 = EDGE_CURVE('',#190,#221,#223,.T.);
#221 = VERTEX_POINT('',#222);
#222 = CARTESIAN_POINT('',(1.57E+03,-1.224646799147E-14,-50.));
#223 = LINE('',#224,#225);
#224 = CARTESIAN_POINT('',(300.,-1.224646799147E-14,-50.));
#225 = VECTOR('',#226,1.);
#226 = DIRECTION('',(1.,0.,2.22044604925E-16));
#227 = ORIENTED_EDGE('',*,*,#228,.T.);
#228 = EDGE_CURVE('',#221,#221,#229,.T.);
#229 = CIRCLE('',#230,50.);
#230 = AXIS2_PLACEMENT_3D('',#231,#232,#233);
#231 = CARTESIAN_POINT('',(1.57E+03,0.,2.819966482548E-13));
#232 = DIRECTION('',(1.,-0.,2.22044604925E-16));
#233 = DIRECTION('',(2.22044604925E-16,0.,-1.));
#234 = ORIENTED_EDGE('',*,*,#220,.F.);
#235 = ORIENTED_EDGE('',*,*,#236,.T.);
#236 = EDGE_CURVE('',#190,#182,#237,.T.);
#237 = B_SPLINE_CURVE_WITH_KNOTS('',7,(#238,#239,#240,#241,#242,#243,
    #244,#245,#246,#247,#248,#249,#250,#251,#252,#253,#254,#255,#256,
    #257,#258,#259,#260,#261,#262,#263,#264,#265,#266,#267,#268,#269),
  .UNSPECIFIED.,.F.,.F.,(8,6,6,6,6,8),(0.,0.206752753758,0.360598618149,
    0.500377762999,0.793722465323,1.),.UNSPECIFIED.);
#238 = CARTESIAN_POINT('',(892.8,-7.660538869914E-15,-50.));
#239 = CARTESIAN_POINT('',(892.8,-8.14198444766E-02,-50.));
#240 = CARTESIAN_POINT('',(892.79033221124,-0.162404957865,
    -49.99984535518));
#241 = CARTESIAN_POINT('',(892.77118371327,-0.241382731275,
    -49.99953884372));
#242 = CARTESIAN_POINT('',(892.74311990606,-0.316846547871,
    -49.99910177035));
#243 = CARTESIAN_POINT('',(892.70706860803,-0.387438362727,
    -49.99857072653));
#244 = CARTESIAN_POINT('',(892.66430116841,-0.452049432056,
    -49.99798998843));
#245 = CARTESIAN_POINT('',(892.58077495382,-0.553015281308,-49.996960206
    ));
#246 = CARTESIAN_POINT('',(892.54214821409,-0.592556563354,
    -49.99651358889));
#247 = CARTESIAN_POINT('',(892.50093888625,-0.628444765771,
    -49.99607377666));
#248 = CARTESIAN_POINT('',(892.45753327081,-0.660595275433,
    -49.99565346507));
#249 = CARTESIAN_POINT('',(892.41229782754,-0.688953533409,
    -49.99526365413));
#250 = CARTESIAN_POINT('',(892.3655815454,-0.71349143013,-49.99491333195
    ));
#251 = CARTESIAN_POINT('',(892.27423139922,-0.753022168357,
    -49.99433279707));
#252 = CARTESIAN_POINT('',(892.22977273383,-0.768693533216,
    -49.99409438692));
#253 = CARTESIAN_POINT('',(892.18455531913,-0.781222157701,
    -49.9938988407));
#254 = CARTESIAN_POINT('',(892.13878030071,-0.790613161649,
    -49.99374979855));
#255 = CARTESIAN_POINT('',(892.09263967073,-0.796871326561,
    -49.99364965578));
#256 = CARTESIAN_POINT('',(892.04631897164,-0.8,-49.99359959034));
#257 = CARTESIAN_POINT('',(891.902793618,-0.8,-49.99359959034));
#258 = CARTESIAN_POINT('',(891.80540290288,-0.786220102635,
    -49.99382009205));
#259 = CARTESIAN_POINT('',(891.70961123689,-0.75856615605,
    -49.99426263685));
#260 = CARTESIAN_POINT('',(891.61729826004,-0.71696558755,
    -49.99490433282));
#261 = CARTESIAN_POINT('',(891.53054138452,-0.661460238578,
    -49.99569599589));
#262 = CARTESIAN_POINT('',(891.45168936178,-0.592257897676,
    -49.99655995823));
#263 = CARTESIAN_POINT('',(891.3357020878,-0.452053368153,
    -49.99798994829));
#264 = CARTESIAN_POINT('',(891.29293311349,-0.387442211124,
    -49.99857069727));
#265 = CARTESIAN_POINT('',(891.25687900168,-0.316846743557,
    -49.99910178406));
#266 = CARTESIAN_POINT('',(891.22881362034,-0.241377653472,
    -49.9995388859));
#267 = CARTESIAN_POINT('',(891.20966580133,-0.162395911312,
    -49.99984538674));
#268 = CARTESIAN_POINT('',(891.2,-8.141146317249E-02,-50.));
#269 = CARTESIAN_POINT('',(891.2,-5.995204332976E-15,-50.));
#270 = ORIENTED_EDGE('',*,*,#179,.F.);
#271 = ORIENTED_EDGE('',*,*,#272,.F.);
#272 = EDGE_CURVE('',#180,#180,#273,.T.);
#273 = CIRCLE('',#274,50.);
#274 = AXIS2_PLACEMENT_3D('',#275,#276,#277);
#275 = CARTESIAN_POINT('',(300.,0.,0.));
#276 = DIRECTION('',(1.,-0.,2.22044604925E-16));
#277 = DIRECTION('',(2.22044604925E-16,0.,-1.));
#278 = FACE_BOUND('',#279,.F.);
#279 = EDGE_LOOP('',(#280));
#280 = ORIENTED_EDGE('',*,*,#281,.T.);
#281 = EDGE_CURVE('',#282,#282,#284,.T.);
#282 = VERTEX_POINT('',#283);
#283 = CARTESIAN_POINT('',(892.8,35.355339059327,-35.35533905932));
#284 = B_SPLINE_CURVE_WITH_KNOTS('',8,(#285,#286,#287,#288,#289,#290,
    #291,#292,#293,#294,#295,#296,#297,#298,#299,#300,#301,#302,#303,
    #304,#305,#306,#307,#308,#309,#310,#311,#312,#313,#314,#315,#316,
    #317,#318,#319,#320,#321,#322,#323,#324,#325,#326,#327,#328),
  .UNSPECIFIED.,.T.,.F.,(9,7,7,7,7,7,9),(0.,0.104083230179,
    0.252101850296,0.500022541214,0.747943232131,0.895933626283,1.),
  .UNSPECIFIED.);
#285 = CARTESIAN_POINT('',(892.8,35.355339059327,-35.35533905932));
#286 = CARTESIAN_POINT('',(892.8,35.304963100694,-35.40571501796));
#287 = CARTESIAN_POINT('',(892.79274915843,35.254735680238,
    -35.45577841282));
#288 = CARTESIAN_POINT('',(892.77836440001,35.205353027256,
    -35.50483547019));
#289 = CARTESIAN_POINT('',(892.75715180967,35.157494589455,
    -35.55222229819));
#290 = CARTESIAN_POINT('',(892.7296006693,35.111800276584,
    -35.59732592501));
#291 = CARTESIAN_POINT('',(892.69637674812,35.068843724516,
    -35.6396077743));
#292 = CARTESIAN_POINT('',(892.65831484664,35.029101579824,
    -35.67862957791));
#293 = CARTESIAN_POINT('',(892.55681780862,34.941462634396,
    -35.76449885841));
#294 = CARTESIAN_POINT('',(892.48916435142,34.896954940397,
    -35.8079417475));
#295 = CARTESIAN_POINT('',(892.41523130833,34.859692176931,
    -35.84419939288));
#296 = CARTESIAN_POINT('',(892.33654827498,34.829832575978,
    -35.87318550997));
#297 = CARTESIAN_POINT('',(892.25447885898,34.8074488243,-35.89488087325
    ));
#298 = CARTESIAN_POINT('',(892.17026766465,34.792555525675,
    -35.90930501412));
#299 = CARTESIAN_POINT('',(892.08507180675,34.78512786131,-35.9164987112
    ));
#300 = CARTESIAN_POINT('',(891.85751075714,34.78512786131,-35.9164987112
    ));
#301 = CARTESIAN_POINT('',(891.71074714014,34.805964541913,
    -35.89631853247));
#302 = CARTESIAN_POINT('',(891.56739006444,34.84983211161,
    -35.85383194652));
#303 = CARTESIAN_POINT('',(891.43616049282,34.916859323535,
    -35.78878738218));
#304 = CARTESIAN_POINT('',(891.325794214,35.005260830406,-35.70257161955
    ));
#305 = CARTESIAN_POINT('',(891.24455993141,35.111384807666,
    -35.59828489525));
#306 = CARTESIAN_POINT('',(891.2,35.230454486305,-35.48022363234));
#307 = CARTESIAN_POINT('',(891.2,35.480223632349,-35.2304544863));
#308 = CARTESIAN_POINT('',(891.24455993141,35.598284895252,
    -35.11138480766));
#309 = CARTESIAN_POINT('',(891.325794214,35.702571619556,-35.0052608304)
  );
#310 = CARTESIAN_POINT('',(891.43616049282,35.788787382183,
    -34.91685932353));
#311 = CARTESIAN_POINT('',(891.56739006444,35.85383194652,
    -34.84983211161));
#312 = CARTESIAN_POINT('',(891.71074714014,35.896318532479,
    -34.80596454191));
#313 = CARTESIAN_POINT('',(891.85751075714,35.916498711209,
    -34.78512786131));
#314 = CARTESIAN_POINT('',(892.08505558424,35.916498711209,
    -34.78512786131));
#315 = CARTESIAN_POINT('',(892.17024941833,35.909307755747,
    -34.79255269415));
#316 = CARTESIAN_POINT('',(892.25446688835,35.894884916386,
    -34.80744465067));
#317 = CARTESIAN_POINT('',(892.33654525153,35.873188255603,
    -34.82982975384));
#318 = CARTESIAN_POINT('',(892.41523556827,35.844198950474,
    -34.85969264929));
#319 = CARTESIAN_POINT('',(892.48917162116,35.807938056297,
    -34.89695873819));
#320 = CARTESIAN_POINT('',(892.55682313271,35.764494354087,
    -34.94146723155));
#321 = CARTESIAN_POINT('',(892.65831230732,35.678631726253,
    -35.02909938721));
#322 = CARTESIAN_POINT('',(892.69637528688,35.639609840369,
    -35.06884162567));
#323 = CARTESIAN_POINT('',(892.72960133149,35.597326142658,
    -35.11180006863));
#324 = CARTESIAN_POINT('',(892.75715400316,35.552219791058,
    -35.15749714329));
#325 = CARTESIAN_POINT('',(892.7783667885,35.504830475139,
    -35.20535807604));
#326 = CARTESIAN_POINT('',(892.79275051178,35.455772329843,
    -35.25474179345));
#327 = CARTESIAN_POINT('',(892.8,35.405710314819,-35.30496780383));
#328 = CARTESIAN_POINT('',(892.8,35.355339059327,-35.35533905932));
#329 = FACE_BOUND('',#330,.F.);
#330 = EDGE_LOOP('',(#331));
#331 = ORIENTED_EDGE('',*,*,#332,.T.);
#332 = EDGE_CURVE('',#333,#333,#335,.T.);
#333 = VERTEX_POINT('',#334);
#334 = CARTESIAN_POINT('',(892.8,50.,1.084121907564E-15));
#335 = B_SPLINE_CURVE_WITH_KNOTS('',8,(#336,#337,#338,#339,#340,#341,
    #342,#343,#344,#345,#346,#347,#348,#349,#350,#351,#352,#353,#354,
    #355,#356,#357,#358,#359,#360,#361,#362,#363,#364,#365,#366,#367,
    #368,#369,#370,#371,#372,#373,#374,#375,#376,#377,#378,#379),
  .UNSPECIFIED.,.T.,.F.,(9,7,7,7,7,7,9),(0.,0.104083230178,
    0.252101850295,0.500022541213,0.747943232131,0.895933626283,1.),
  .UNSPECIFIED.);
#336 = CARTESIAN_POINT('',(892.8,50.,-1.7763568394E-15));
#337 = CARTESIAN_POINT('',(892.8,50.,-7.124236391702E-02));
#338 = CARTESIAN_POINT('',(892.79274915843,49.99988401639,
    -0.142158679518));
#339 = CARTESIAN_POINT('',(892.77836440001,49.999653785524,
    -0.211766066246));
#340 = CARTESIAN_POINT('',(892.75715180967,49.99932030704,
    -0.279114639573));
#341 = CARTESIAN_POINT('',(892.7296006693,49.998902628922,
    -0.343318478442));
#342 = CARTESIAN_POINT('',(892.69637674812,49.998425542013,
    -0.40359113006));
#343 = CARTESIAN_POINT('',(892.65831484664,49.997916183956,
    -0.459285652024));
#344 = CARTESIAN_POINT('',(892.55681780862,49.996664841884,
    -0.581974495169));
#345 = CARTESIAN_POINT('',(892.48916435142,49.995911911111,
    -0.644164948879));
#346 = CARTESIAN_POINT('',(892.41523130833,49.995201185293,
    -0.696151728526));
#347 = CARTESIAN_POINT('',(892.33654827498,49.99458353893,
    -0.737761934798));
#348 = CARTESIAN_POINT('',(892.25447885898,49.994096774829,
    -0.768930575897));
#349 = CARTESIAN_POINT('',(892.17026766465,49.993765030199,
    -0.78966113617));
#350 = CARTESIAN_POINT('',(892.08507180675,49.993599590348,-0.8));
#351 = CARTESIAN_POINT('',(891.85751075714,49.993599590348,-0.8));
#352 = CARTESIAN_POINT('',(891.71074714014,49.994063807273,
    -0.770996700623));
#353 = CARTESIAN_POINT('',(891.56739006444,49.995040310239,
    -0.709935091576));
#354 = CARTESIAN_POINT('',(891.43616049282,49.996442253793,
    -0.616546242975));
#355 = CARTESIAN_POINT('',(891.325794214,49.997987808371,-0.493073187603
    ));
#356 = CARTESIAN_POINT('',(891.24455993141,49.999286942394,
    -0.344290353692));
#357 = CARTESIAN_POINT('',(891.2,50.,-0.176613456899));
#358 = CARTESIAN_POINT('',(891.2,50.,0.176613456899));
#359 = CARTESIAN_POINT('',(891.24455993141,49.999286942394,
    0.344290353689));
#360 = CARTESIAN_POINT('',(891.325794214,49.997987808371,0.493073187607)
  );
#361 = CARTESIAN_POINT('',(891.43616049282,49.996442253793,
    0.616546242973));
#362 = CARTESIAN_POINT('',(891.56739006444,49.995040310239,
    0.709935091577));
#363 = CARTESIAN_POINT('',(891.71074714014,49.994063807273,
    0.770996700622));
#364 = CARTESIAN_POINT('',(891.85751075714,49.993599590348,0.8));
#365 = CARTESIAN_POINT('',(892.08505558424,49.993599590348,0.8));
#366 = CARTESIAN_POINT('',(892.17024941833,49.99376496663,0.789665076976
    ));
#367 = CARTESIAN_POINT('',(892.25446688835,49.994096682555,0.76893638602
    ));
#368 = CARTESIAN_POINT('',(892.33654525153,49.994583484837,0.7377658718)
  );
#369 = CARTESIAN_POINT('',(892.41523556827,49.995201206473,
    0.696151081686));
#370 = CARTESIAN_POINT('',(892.48917162116,49.995911986479,
    0.644159653353));
#371 = CARTESIAN_POINT('',(892.55682313272,49.996664907524,
    0.581968059442));
#372 = CARTESIAN_POINT('',(892.65831230732,49.997916152649,
    0.459288721534));
#373 = CARTESIAN_POINT('',(892.69637528688,49.998425518843,
    0.403594075093));
#374 = CARTESIAN_POINT('',(892.72960133149,49.998902635781,
    0.343318779384));
#375 = CARTESIAN_POINT('',(892.75715400316,49.99932034006,0.279111060923
    ));
#376 = CARTESIAN_POINT('',(892.7783667885,49.99965382352,0.211758964179)
  );
#377 = CARTESIAN_POINT('',(892.79275051178,49.999884037774,
    0.142150055503));
#378 = CARTESIAN_POINT('',(892.8,50.,7.123571266985E-02));
#379 = CARTESIAN_POINT('',(892.8,50.,-1.7763568394E-15));
#380 = FACE_BOUND('',#381,.F.);
#381 = EDGE_LOOP('',(#382));
#382 = ORIENTED_EDGE('',*,*,#383,.T.);
#383 = EDGE_CURVE('',#384,#384,#386,.T.);
#384 = VERTEX_POINT('',#385);
#385 = CARTESIAN_POINT('',(892.8,35.355339059327,35.355339059327));
#386 = B_SPLINE_CURVE_WITH_KNOTS('',8,(#387,#388,#389,#390,#391,#392,
    #393,#394,#395,#396,#397,#398,#399,#400,#401,#402,#403,#404,#405,
    #406,#407,#408,#409,#410,#411,#412,#413,#414,#415,#416,#417,#418,
    #419,#420,#421,#422,#423,#424,#425,#426,#427,#428,#429,#430),
  .UNSPECIFIED.,.T.,.F.,(9,7,7,7,7,7,9),(0.,0.104083230179,
    0.252101850297,0.500022541216,0.747943232133,0.895933626284,1.),
  .UNSPECIFIED.);
#387 = CARTESIAN_POINT('',(892.8,35.355339059327,35.355339059327));
#388 = CARTESIAN_POINT('',(892.8,35.405715017961,35.304963100694));
#389 = CARTESIAN_POINT('',(892.79274915843,35.455778412822,
    35.254735680239));
#390 = CARTESIAN_POINT('',(892.77836440001,35.504835470192,
    35.205353027256));
#391 = CARTESIAN_POINT('',(892.75715180967,35.552222298197,
    35.157494589456));
#392 = CARTESIAN_POINT('',(892.7296006693,35.59732592501,35.111800276584
    ));
#393 = CARTESIAN_POINT('',(892.69637674812,35.6396077743,35.068843724516
    ));
#394 = CARTESIAN_POINT('',(892.65831484664,35.678629577919,
    35.029101579824));
#395 = CARTESIAN_POINT('',(892.55681780862,35.764498858419,
    34.941462634396));
#396 = CARTESIAN_POINT('',(892.48916435142,35.807941747507,
    34.896954940397));
#397 = CARTESIAN_POINT('',(892.41523130833,35.844199392882,
    34.859692176931));
#398 = CARTESIAN_POINT('',(892.33654827498,35.873185509972,
    34.829832575978));
#399 = CARTESIAN_POINT('',(892.25447885898,35.894880873256,34.8074488243
    ));
#400 = CARTESIAN_POINT('',(892.17026766465,35.909305014126,
    34.792555525675));
#401 = CARTESIAN_POINT('',(892.08507180675,35.916498711209,
    34.785127861311));
#402 = CARTESIAN_POINT('',(891.85751075714,35.916498711209,
    34.785127861311));
#403 = CARTESIAN_POINT('',(891.71074714014,35.896318532479,
    34.805964541913));
#404 = CARTESIAN_POINT('',(891.56739006444,35.85383194652,34.84983211161
    ));
#405 = CARTESIAN_POINT('',(891.43616049282,35.788787382182,
    34.916859323535));
#406 = CARTESIAN_POINT('',(891.325794214,35.702571619557,35.005260830406
    ));
#407 = CARTESIAN_POINT('',(891.24455993141,35.598284895251,
    35.111384807667));
#408 = CARTESIAN_POINT('',(891.2,35.480223632349,35.230454486306));
#409 = CARTESIAN_POINT('',(891.2,35.230454486306,35.480223632349));
#410 = CARTESIAN_POINT('',(891.24455993141,35.111384807666,
    35.598284895252));
#411 = CARTESIAN_POINT('',(891.325794214,35.005260830407,35.702571619556
    ));
#412 = CARTESIAN_POINT('',(891.43616049282,34.916859323534,
    35.788787382183));
#413 = CARTESIAN_POINT('',(891.56739006444,34.84983211161,35.85383194652
    ));
#414 = CARTESIAN_POINT('',(891.71074714014,34.805964541913,
    35.896318532479));
#415 = CARTESIAN_POINT('',(891.85751075714,34.785127861311,
    35.916498711209));
#416 = CARTESIAN_POINT('',(892.08505558424,34.785127861311,
    35.916498711209));
#417 = CARTESIAN_POINT('',(892.17024941833,34.792552694155,
    35.909307755747));
#418 = CARTESIAN_POINT('',(892.25446688835,34.807444650675,
    35.894884916386));
#419 = CARTESIAN_POINT('',(892.33654525153,34.829829753847,
    35.873188255603));
#420 = CARTESIAN_POINT('',(892.41523556827,34.859692649293,
    35.844198950474));
#421 = CARTESIAN_POINT('',(892.48917162116,34.896958738193,
    35.807938056298));
#422 = CARTESIAN_POINT('',(892.55682313272,34.941467231557,
    35.764494354087));
#423 = CARTESIAN_POINT('',(892.65831230732,35.029099387215,
    35.678631726253));
#424 = CARTESIAN_POINT('',(892.69637528688,35.068841625679,
    35.639609840369));
#425 = CARTESIAN_POINT('',(892.72960133149,35.111800068636,
    35.597326142658));
#426 = CARTESIAN_POINT('',(892.75715400316,35.157497143292,
    35.552219791058));
#427 = CARTESIAN_POINT('',(892.7783667885,35.205358076043,
    35.504830475139));
#428 = CARTESIAN_POINT('',(892.79275051178,35.254741793458,
    35.455772329843));
#429 = CARTESIAN_POINT('',(892.8,35.304967803836,35.405710314819));
#430 = CARTESIAN_POINT('',(892.8,35.355339059327,35.355339059327));
#431 = FACE_BOUND('',#432,.F.);
#432 = EDGE_LOOP('',(#433));
#433 = ORIENTED_EDGE('',*,*,#434,.T.);
#434 = EDGE_CURVE('',#435,#435,#437,.T.);
#435 = VERTEX_POINT('',#436);
#436 = CARTESIAN_POINT('',(892.8,2.620744150175E-15,50.));
#437 = B_SPLINE_CURVE_WITH_KNOTS('',7,(#438,#439,#440,#441,#442,#443,
    #444,#445,#446,#447,#448,#449,#450,#451,#452,#453,#454,#455,#456,
    #457,#458,#459,#460,#461,#462,#463,#464,#465,#466,#467,#468,#469,
    #470,#471,#472,#473,#474,#475,#476,#477,#478,#479,#480,#481,#482,
    #483,#484,#485,#486,#487,#488,#489,#490,#491,#492,#493),
  .UNSPECIFIED.,.T.,.F.,(8,6,6,6,6,6,6,6,6,8),(0.,0.103299056009,
    0.250190226619,0.397077240426,0.500366956736,0.603667306715,
    0.680533666876,0.750371839864,0.896936322628,1.),.UNSPECIFIED.);
#438 = CARTESIAN_POINT('',(892.8,2.997602166488E-15,50.));
#439 = CARTESIAN_POINT('',(892.8,8.141984447653E-02,50.));
#440 = CARTESIAN_POINT('',(892.79033221124,0.162404957865,
    49.999845355186));
#441 = CARTESIAN_POINT('',(892.77118371327,0.241382731275,
    49.999538843727));
#442 = CARTESIAN_POINT('',(892.74311990606,0.316846547871,
    49.999101770353));
#443 = CARTESIAN_POINT('',(892.70706860803,0.387438362727,
    49.998570726538));
#444 = CARTESIAN_POINT('',(892.66430116841,0.452049432056,
    49.997989988437));
#445 = CARTESIAN_POINT('',(892.54831023806,0.592258381378,
    49.996559953297));
#446 = CARTESIAN_POINT('',(892.46945755397,0.66146121138,49.995695983995
    ));
#447 = CARTESIAN_POINT('',(892.3827006433,0.716965878782,49.994904325227
    ));
#448 = CARTESIAN_POINT('',(892.29038898742,0.758565552136,49.99426264649
    ));
#449 = CARTESIAN_POINT('',(892.19459919512,0.786219321741,
    49.993820104616));
#450 = CARTESIAN_POINT('',(892.09720913286,0.8,49.993599590348));
#451 = CARTESIAN_POINT('',(891.902793618,0.8,49.993599590348));
#452 = CARTESIAN_POINT('',(891.80540290288,0.786220102635,
    49.993820092058));
#453 = CARTESIAN_POINT('',(891.70961123689,0.75856615605,49.994262636854
    ));
#454 = CARTESIAN_POINT('',(891.61729826004,0.716965587551,49.99490433282
    ));
#455 = CARTESIAN_POINT('',(891.53054138452,0.661460238578,
    49.995695995896));
#456 = CARTESIAN_POINT('',(891.45168936178,0.592257897677,49.99655995823
    ));
#457 = CARTESIAN_POINT('',(891.3357020878,0.452053368153,49.997989948292
    ));
#458 = CARTESIAN_POINT('',(891.29293311349,0.387442211124,
    49.998570697273));
#459 = CARTESIAN_POINT('',(891.25687900168,0.316846743557,
    49.999101784066));
#460 = CARTESIAN_POINT('',(891.22881362034,0.241377653472,
    49.999538885906));
#461 = CARTESIAN_POINT('',(891.20966580133,0.162395911313,
    49.999845386747));
#462 = CARTESIAN_POINT('',(891.2,8.141146317251E-02,50.));
#463 = CARTESIAN_POINT('',(891.2,-8.141984447659E-02,50.));
#464 = CARTESIAN_POINT('',(891.20966778875,-0.162404957865,
    49.999845355186));
#465 = CARTESIAN_POINT('',(891.22881628672,-0.241382731275,
    49.999538843727));
#466 = CARTESIAN_POINT('',(891.25688009393,-0.316846547871,
    49.999101770353));
#467 = CARTESIAN_POINT('',(891.29293139197,-0.387438362727,
    49.998570726538));
#468 = CARTESIAN_POINT('',(891.33569883158,-0.452049432056,
    49.997989988437));
#469 = CARTESIAN_POINT('',(891.41922504617,-0.553015281308,
    49.996960206008));
#470 = CARTESIAN_POINT('',(891.4578517859,-0.592556563354,49.9965135889)
  );
#471 = CARTESIAN_POINT('',(891.49906111374,-0.628444765771,
    49.996073776668));
#472 = CARTESIAN_POINT('',(891.54246672918,-0.660595275433,
    49.995653465079));
#473 = CARTESIAN_POINT('',(891.58770217245,-0.688953533409,
    49.995263654137));
#474 = CARTESIAN_POINT('',(891.63441845459,-0.71349143013,
    49.994913331956));
#475 = CARTESIAN_POINT('',(891.72576860077,-0.753022168357,
    49.994332797079));
#476 = CARTESIAN_POINT('',(891.77022726616,-0.768693533216,
    49.99409438693));
#477 = CARTESIAN_POINT('',(891.81544468086,-0.781222157701,
    49.993898840703));
#478 = CARTESIAN_POINT('',(891.86121969928,-0.790613161649,
    49.993749798552));
#479 = CARTESIAN_POINT('',(891.90736032926,-0.796871326561,
    49.993649655783));
#480 = CARTESIAN_POINT('',(891.95368102835,-0.8,49.993599590348));
#481 = CARTESIAN_POINT('',(892.09720638199,-0.8,49.993599590348));
#482 = CARTESIAN_POINT('',(892.19459709711,-0.786220102635,
    49.993820092058));
#483 = CARTESIAN_POINT('',(892.2903887631,-0.758566156051,
    49.994262636854));
#484 = CARTESIAN_POINT('',(892.38270173996,-0.71696558755,49.99490433282
    ));
#485 = CARTESIAN_POINT('',(892.46945861547,-0.661460238578,
    49.995695995896));
#486 = CARTESIAN_POINT('',(892.54831063822,-0.592257897676,
    49.99655995823));
#487 = CARTESIAN_POINT('',(892.66429826633,-0.452052940067,
    49.997989952658));
#488 = CARTESIAN_POINT('',(892.70706762707,-0.387441120102,
    49.998570707571));
#489 = CARTESIAN_POINT('',(892.74312155414,-0.316845374953,
    49.999101792708));
#490 = CARTESIAN_POINT('',(892.77118645218,-0.241376746893,
    49.999538887413));
#491 = CARTESIAN_POINT('',(892.7903340157,-0.162395992988,
    49.999845383698));
#492 = CARTESIAN_POINT('',(892.8,-8.141224305109E-02,50.));
#493 = CARTESIAN_POINT('',(892.8,2.997602166488E-15,50.));
#494 = FACE_BOUND('',#495,.F.);
#495 = EDGE_LOOP('',(#496));
#496 = ORIENTED_EDGE('',*,*,#497,.T.);
#497 = EDGE_CURVE('',#498,#498,#500,.T.);
#498 = VERTEX_POINT('',#499);
#499 = CARTESIAN_POINT('',(892.8,-35.35533905932,35.355339059327));
#500 = B_SPLINE_CURVE_WITH_KNOTS('',8,(#501,#502,#503,#504,#505,#506,
    #507,#508,#509,#510,#511,#512,#513,#514,#515,#516,#517,#518,#519,
    #520,#521,#522,#523,#524,#525,#526,#527,#528,#529,#530,#531,#532,
    #533,#534,#535,#536,#537,#538,#539,#540,#541,#542,#543,#544),
  .UNSPECIFIED.,.T.,.F.,(9,7,7,7,7,7,9),(0.,0.104083230178,
    0.252101850295,0.500022541213,0.747943232131,0.895933626282,1.),
  .UNSPECIFIED.);
#501 = CARTESIAN_POINT('',(892.8,-35.35533905932,35.355339059327));
#502 = CARTESIAN_POINT('',(892.8,-35.30496310069,35.405715017961));
#503 = CARTESIAN_POINT('',(892.79274915843,-35.25473568023,
    35.455778412822));
#504 = CARTESIAN_POINT('',(892.77836440001,-35.20535302725,
    35.504835470192));
#505 = CARTESIAN_POINT('',(892.75715180967,-35.15749458945,
    35.552222298197));
#506 = CARTESIAN_POINT('',(892.7296006693,-35.11180027658,35.59732592501
    ));
#507 = CARTESIAN_POINT('',(892.69637674812,-35.06884372451,35.6396077743
    ));
#508 = CARTESIAN_POINT('',(892.65831484664,-35.02910157982,
    35.678629577919));
#509 = CARTESIAN_POINT('',(892.55681780862,-34.94146263439,
    35.764498858419));
#510 = CARTESIAN_POINT('',(892.48916435142,-34.89695494039,
    35.807941747507));
#511 = CARTESIAN_POINT('',(892.41523130833,-34.85969217693,
    35.844199392882));
#512 = CARTESIAN_POINT('',(892.33654827498,-34.82983257597,
    35.873185509972));
#513 = CARTESIAN_POINT('',(892.25447885898,-34.8074488243,
    35.894880873257));
#514 = CARTESIAN_POINT('',(892.17026766465,-34.79255552567,
    35.909305014126));
#515 = CARTESIAN_POINT('',(892.08507180675,-34.78512786131,
    35.916498711209));
#516 = CARTESIAN_POINT('',(891.85751075714,-34.78512786131,
    35.916498711209));
#517 = CARTESIAN_POINT('',(891.71074714014,-34.80596454191,
    35.896318532479));
#518 = CARTESIAN_POINT('',(891.56739006444,-34.8498321116,
    35.853831946521));
#519 = CARTESIAN_POINT('',(891.43616049282,-34.91685932353,
    35.788787382181));
#520 = CARTESIAN_POINT('',(891.325794214,-35.0052608304,35.702571619558)
  );
#521 = CARTESIAN_POINT('',(891.24455993141,-35.11138480766,
    35.598284895251));
#522 = CARTESIAN_POINT('',(891.2,-35.2304544863,35.480223632349));
#523 = CARTESIAN_POINT('',(891.2,-35.48022363234,35.230454486306));
#524 = CARTESIAN_POINT('',(891.24455993141,-35.59828489525,
    35.111384807667));
#525 = CARTESIAN_POINT('',(891.325794214,-35.70257161955,35.005260830406
    ));
#526 = CARTESIAN_POINT('',(891.43616049282,-35.78878738218,
    34.916859323536));
#527 = CARTESIAN_POINT('',(891.56739006444,-35.85383194652,
    34.849832111609));
#528 = CARTESIAN_POINT('',(891.71074714014,-35.89631853247,
    34.805964541913));
#529 = CARTESIAN_POINT('',(891.85751075714,-35.9164987112,
    34.785127861311));
#530 = CARTESIAN_POINT('',(892.08505558424,-35.9164987112,
    34.785127861311));
#531 = CARTESIAN_POINT('',(892.17024941833,-35.90930775574,
    34.792552694155));
#532 = CARTESIAN_POINT('',(892.25446688835,-35.89488491638,
    34.807444650675));
#533 = CARTESIAN_POINT('',(892.33654525153,-35.8731882556,
    34.829829753847));
#534 = CARTESIAN_POINT('',(892.41523556827,-35.84419895047,
    34.859692649293));
#535 = CARTESIAN_POINT('',(892.48917162116,-35.80793805629,
    34.896958738193));
#536 = CARTESIAN_POINT('',(892.55682313272,-35.76449435408,
    34.941467231557));
#537 = CARTESIAN_POINT('',(892.65831230732,-35.67863172625,
    35.029099387215));
#538 = CARTESIAN_POINT('',(892.69637528688,-35.63960984036,
    35.068841625679));
#539 = CARTESIAN_POINT('',(892.72960133149,-35.59732614265,
    35.111800068636));
#540 = CARTESIAN_POINT('',(892.75715400316,-35.55221979105,
    35.157497143292));
#541 = CARTESIAN_POINT('',(892.7783667885,-35.50483047513,
    35.205358076043));
#542 = CARTESIAN_POINT('',(892.79275051178,-35.45577232984,
    35.254741793458));
#543 = CARTESIAN_POINT('',(892.8,-35.40571031481,35.304967803836));
#544 = CARTESIAN_POINT('',(892.8,-35.35533905932,35.355339059327));
#545 = FACE_BOUND('',#546,.F.);
#546 = EDGE_LOOP('',(#547));
#547 = ORIENTED_EDGE('',*,*,#548,.T.);
#548 = EDGE_CURVE('',#549,#549,#551,.T.);
#549 = VERTEX_POINT('',#550);
#550 = CARTESIAN_POINT('',(892.8,-50.,6.325610207914E-15));
#551 = B_SPLINE_CURVE_WITH_KNOTS('',8,(#552,#553,#554,#555,#556,#557,
    #558,#559,#560,#561,#562,#563,#564,#565,#566,#567,#568,#569,#570,
    #571,#572,#573,#574,#575,#576,#577,#578,#579,#580,#581,#582,#583,
    #584,#585,#586,#587,#588,#589,#590,#591,#592,#593,#594,#595),
  .UNSPECIFIED.,.T.,.F.,(9,7,7,7,7,7,9),(0.,0.104083230178,
    0.252101850296,0.500022541213,0.747943232131,0.895933626283,1.),
  .UNSPECIFIED.);
#552 = CARTESIAN_POINT('',(892.8,-50.,6.994405055138E-15));
#553 = CARTESIAN_POINT('',(892.8,-50.,7.124236391702E-02));
#554 = CARTESIAN_POINT('',(892.79274915843,-49.99988401639,
    0.142158679518));
#555 = CARTESIAN_POINT('',(892.77836440001,-49.99965378552,
    0.211766066246));
#556 = CARTESIAN_POINT('',(892.75715180967,-49.99932030704,
    0.279114639573));
#557 = CARTESIAN_POINT('',(892.7296006693,-49.99890262892,0.343318478442
    ));
#558 = CARTESIAN_POINT('',(892.69637674812,-49.99842554201,0.40359113006
    ));
#559 = CARTESIAN_POINT('',(892.65831484664,-49.99791618395,
    0.459285652024));
#560 = CARTESIAN_POINT('',(892.55681780862,-49.99666484188,
    0.581974495168));
#561 = CARTESIAN_POINT('',(892.48916435142,-49.99591191111,
    0.644164948879));
#562 = CARTESIAN_POINT('',(892.41523130833,-49.99520118529,
    0.696151728526));
#563 = CARTESIAN_POINT('',(892.33654827498,-49.99458353893,
    0.737761934798));
#564 = CARTESIAN_POINT('',(892.25447885898,-49.99409677482,
    0.768930575897));
#565 = CARTESIAN_POINT('',(892.17026766465,-49.99376503019,0.78966113617
    ));
#566 = CARTESIAN_POINT('',(892.08507180675,-49.99359959034,0.8));
#567 = CARTESIAN_POINT('',(891.85751075714,-49.99359959034,0.8));
#568 = CARTESIAN_POINT('',(891.71074714014,-49.99406380727,
    0.770996700623));
#569 = CARTESIAN_POINT('',(891.56739006444,-49.99504031023,
    0.709935091576));
#570 = CARTESIAN_POINT('',(891.43616049282,-49.99644225379,
    0.616546242975));
#571 = CARTESIAN_POINT('',(891.325794214,-49.99798780837,0.493073187603)
  );
#572 = CARTESIAN_POINT('',(891.24455993141,-49.99928694239,
    0.344290353692));
#573 = CARTESIAN_POINT('',(891.2,-50.,0.176613456898));
#574 = CARTESIAN_POINT('',(891.2,-50.,-0.176613456898));
#575 = CARTESIAN_POINT('',(891.24455993141,-49.99928694239,
    -0.344290353692));
#576 = CARTESIAN_POINT('',(891.325794214,-49.99798780837,-0.493073187603
    ));
#577 = CARTESIAN_POINT('',(891.43616049282,-49.99644225379,
    -0.616546242974));
#578 = CARTESIAN_POINT('',(891.56739006444,-49.99504031023,
    -0.709935091577));
#579 = CARTESIAN_POINT('',(891.71074714014,-49.99406380727,
    -0.770996700622));
#580 = CARTESIAN_POINT('',(891.85751075714,-49.99359959034,-0.8));
#581 = CARTESIAN_POINT('',(892.08505558424,-49.99359959034,-0.8));
#582 = CARTESIAN_POINT('',(892.17024941833,-49.99376496663,
    -0.789665076976));
#583 = CARTESIAN_POINT('',(892.25446688835,-49.99409668255,
    -0.76893638602));
#584 = CARTESIAN_POINT('',(892.33654525153,-49.99458348483,-0.7377658718
    ));
#585 = CARTESIAN_POINT('',(892.41523556827,-49.99520120647,
    -0.696151081686));
#586 = CARTESIAN_POINT('',(892.48917162116,-49.99591198647,
    -0.644159653353));
#587 = CARTESIAN_POINT('',(892.55682313272,-49.99666490752,
    -0.581968059442));
#588 = CARTESIAN_POINT('',(892.65831230732,-49.99791615264,
    -0.459288721534));
#589 = CARTESIAN_POINT('',(892.69637528688,-49.99842551884,
    -0.403594075093));
#590 = CARTESIAN_POINT('',(892.72960133148,-49.99890263578,
    -0.343318779384));
#591 = CARTESIAN_POINT('',(892.75715400316,-49.99932034006,
    -0.279111060923));
#592 = CARTESIAN_POINT('',(892.7783667885,-49.99965382352,
    -0.211758964179));
#593 = CARTESIAN_POINT('',(892.79275051178,-49.99988403777,
    -0.142150055503));
#594 = CARTESIAN_POINT('',(892.8,-50.,-7.123571266989E-02));
#595 = CARTESIAN_POINT('',(892.8,-50.,6.994405055138E-15));
#596 = FACE_BOUND('',#597,.F.);
#597 = EDGE_LOOP('',(#598));
#598 = ORIENTED_EDGE('',*,*,#599,.T.);
#599 = EDGE_CURVE('',#600,#600,#602,.T.);
#600 = VERTEX_POINT('',#601);
#601 = CARTESIAN_POINT('',(892.8,-35.35533905932,-35.35533905932));
#602 = B_SPLINE_CURVE_WITH_KNOTS('',8,(#603,#604,#605,#606,#607,#608,
    #609,#610,#611,#612,#613,#614,#615,#616,#617,#618,#619,#620,#621,
    #622,#623,#624,#625,#626,#627,#628,#629,#630,#631,#632,#633,#634,
    #635,#636,#637,#638,#639,#640,#641,#642,#643,#644,#645,#646),
  .UNSPECIFIED.,.T.,.F.,(9,7,7,7,7,7,9),(0.,0.104083230178,
    0.252101850295,0.500022541213,0.747943232131,0.895933626282,1.),
  .UNSPECIFIED.);
#603 = CARTESIAN_POINT('',(892.8,-35.35533905932,-35.35533905932));
#604 = CARTESIAN_POINT('',(892.8,-35.40571501796,-35.30496310069));
#605 = CARTESIAN_POINT('',(892.79274915843,-35.45577841282,
    -35.25473568023));
#606 = CARTESIAN_POINT('',(892.77836440001,-35.50483547019,
    -35.20535302725));
#607 = CARTESIAN_POINT('',(892.75715180967,-35.55222229819,
    -35.15749458945));
#608 = CARTESIAN_POINT('',(892.7296006693,-35.59732592501,
    -35.11180027658));
#609 = CARTESIAN_POINT('',(892.69637674812,-35.6396077743,
    -35.06884372451));
#610 = CARTESIAN_POINT('',(892.65831484664,-35.67862957791,
    -35.02910157982));
#611 = CARTESIAN_POINT('',(892.55681780862,-35.76449885841,
    -34.94146263439));
#612 = CARTESIAN_POINT('',(892.48916435142,-35.8079417475,
    -34.89695494039));
#613 = CARTESIAN_POINT('',(892.41523130833,-35.84419939288,
    -34.85969217693));
#614 = CARTESIAN_POINT('',(892.33654827498,-35.87318550997,
    -34.82983257597));
#615 = CARTESIAN_POINT('',(892.25447885898,-35.89488087325,
    -34.8074488243));
#616 = CARTESIAN_POINT('',(892.17026766465,-35.90930501412,
    -34.79255552567));
#617 = CARTESIAN_POINT('',(892.08507180675,-35.9164987112,
    -34.78512786131));
#618 = CARTESIAN_POINT('',(891.85751075714,-35.9164987112,
    -34.78512786131));
#619 = CARTESIAN_POINT('',(891.71074714014,-35.89631853247,
    -34.80596454191));
#620 = CARTESIAN_POINT('',(891.56739006444,-35.85383194652,
    -34.8498321116));
#621 = CARTESIAN_POINT('',(891.43616049282,-35.78878738218,
    -34.91685932353));
#622 = CARTESIAN_POINT('',(891.325794214,-35.70257161955,-35.0052608304)
  );
#623 = CARTESIAN_POINT('',(891.24455993141,-35.59828489525,
    -35.11138480766));
#624 = CARTESIAN_POINT('',(891.2,-35.48022363234,-35.2304544863));
#625 = CARTESIAN_POINT('',(891.2,-35.2304544863,-35.48022363234));
#626 = CARTESIAN_POINT('',(891.24455993141,-35.11138480766,
    -35.59828489525));
#627 = CARTESIAN_POINT('',(891.325794214,-35.0052608304,-35.70257161955)
  );
#628 = CARTESIAN_POINT('',(891.43616049282,-34.91685932353,
    -35.78878738218));
#629 = CARTESIAN_POINT('',(891.56739006444,-34.84983211161,
    -35.85383194652));
#630 = CARTESIAN_POINT('',(891.71074714014,-34.80596454191,
    -35.89631853247));
#631 = CARTESIAN_POINT('',(891.85751075714,-34.78512786131,
    -35.9164987112));
#632 = CARTESIAN_POINT('',(892.08505558424,-34.78512786131,
    -35.9164987112));
#633 = CARTESIAN_POINT('',(892.17024941833,-34.79255269415,
    -35.90930775574));
#634 = CARTESIAN_POINT('',(892.25446688835,-34.80744465067,
    -35.89488491638));
#635 = CARTESIAN_POINT('',(892.33654525153,-34.82982975384,
    -35.8731882556));
#636 = CARTESIAN_POINT('',(892.41523556827,-34.85969264929,
    -35.84419895047));
#637 = CARTESIAN_POINT('',(892.48917162116,-34.89695873819,
    -35.80793805629));
#638 = CARTESIAN_POINT('',(892.55682313272,-34.94146723155,
    -35.76449435408));
#639 = CARTESIAN_POINT('',(892.65831230732,-35.02909938721,
    -35.67863172625));
#640 = CARTESIAN_POINT('',(892.69637528688,-35.06884162567,
    -35.63960984036));
#641 = CARTESIAN_POINT('',(892.72960133149,-35.11180006863,
    -35.59732614265));
#642 = CARTESIAN_POINT('',(892.75715400316,-35.15749714329,
    -35.55221979105));
#643 = CARTESIAN_POINT('',(892.7783667885,-35.20535807604,
    -35.50483047513));
#644 = CARTESIAN_POINT('',(892.79275051178,-35.25474179345,
    -35.45577232984));
#645 = CARTESIAN_POINT('',(892.8,-35.30496780383,-35.40571031481));
#646 = CARTESIAN_POINT('',(892.8,-35.35533905932,-35.35533905932));
#647 = CYLINDRICAL_SURFACE('',#648,50.);
#648 = AXIS2_PLACEMENT_3D('',#649,#650,#651);
#649 = CARTESIAN_POINT('',(300.,0.,0.));
#650 = DIRECTION('',(-1.,-0.,-2.22044604925E-16));
#651 = DIRECTION('',(2.22044604925E-16,0.,-1.));
#652 = ADVANCED_FACE('',(#653,#656),#667,.F.);
#653 = FACE_BOUND('',#654,.F.);
#654 = EDGE_LOOP('',(#655));
#655 = ORIENTED_EDGE('',*,*,#272,.T.);
#656 = FACE_BOUND('',#657,.F.);
#657 = EDGE_LOOP('',(#658));
#658 = ORIENTED_EDGE('',*,*,#659,.F.);
#659 = EDGE_CURVE('',#660,#660,#662,.T.);
#660 = VERTEX_POINT('',#661);
#661 = CARTESIAN_POINT('',(300.,-1.187907395173E-14,-48.5));
#662 = CIRCLE('',#663,48.5);
#663 = AXIS2_PLACEMENT_3D('',#664,#665,#666);
#664 = CARTESIAN_POINT('',(300.,0.,0.));
#665 = DIRECTION('',(1.,-0.,2.22044604925E-16));
#666 = DIRECTION('',(2.22044604925E-16,0.,-1.));
#667 = PLANE('',#668);
#668 = AXIS2_PLACEMENT_3D('',#669,#670,#671);
#669 = CARTESIAN_POINT('',(300.,0.,0.));
#670 = DIRECTION('',(1.,0.,2.22044604925E-16));
#671 = DIRECTION('',(2.22044604925E-16,0.,-1.));
#672 = ADVANCED_FACE('',(#673),#752,.F.);
#673 = FACE_BOUND('',#674,.T.);
#674 = EDGE_LOOP('',(#675,#714,#720,#721,#722,#723));
#675 = ORIENTED_EDGE('',*,*,#676,.F.);
#676 = EDGE_CURVE('',#677,#679,#681,.T.);
#677 = VERTEX_POINT('',#678);
#678 = CARTESIAN_POINT('',(892.8,-1.021967753888E-14,-48.5));
#679 = VERTEX_POINT('',#680);
#680 = CARTESIAN_POINT('',(891.19999999999,-1.187907395173E-14,-48.5));
#681 = B_SPLINE_CURVE_WITH_KNOTS('',7,(#682,#683,#684,#685,#686,#687,
    #688,#689,#690,#691,#692,#693,#694,#695,#696,#697,#698,#699,#700,
    #701,#702,#703,#704,#705,#706,#707,#708,#709,#710,#711,#712,#713),
  .UNSPECIFIED.,.F.,.F.,(8,6,6,6,6,8),(0.,0.206753114502,0.360598929942,
    0.500377727678,0.793722062636,1.),.UNSPECIFIED.);
#682 = CARTESIAN_POINT('',(892.8,-7.327471962526E-15,-48.5));
#683 = CARTESIAN_POINT('',(892.8,-8.141982864286E-02,-48.5));
#684 = CARTESIAN_POINT('',(892.79033221501,-0.162404913185,
    -48.49984057241));
#685 = CARTESIAN_POINT('',(892.77118373007,-0.241382659457,
    -48.49952458145));
#686 = CARTESIAN_POINT('',(892.74311994049,-0.316846464154,
    -48.4990739904));
#687 = CARTESIAN_POINT('',(892.707068653,-0.387438289196,-48.4985265219)
  );
#688 = CARTESIAN_POINT('',(892.66430120389,-0.452049389168,
    -48.49792782119));
#689 = CARTESIAN_POINT('',(892.58077500094,-0.553015224355,
    -48.4968661865));
#690 = CARTESIAN_POINT('',(892.54214830073,-0.592556477511,
    -48.49640575511));
#691 = CARTESIAN_POINT('',(892.50093899868,-0.628444673937,
    -48.49595233853));
#692 = CARTESIAN_POINT('',(892.45753339051,-0.66059519506,
    -48.49551902526));
#693 = CARTESIAN_POINT('',(892.41229793237,-0.68895347622,
    -48.49511715566));
#694 = CARTESIAN_POINT('',(892.36558161079,-0.713491401834,
    -48.49475599605));
#695 = CARTESIAN_POINT('',(892.27423143396,-0.753022153322,
    -48.49415750223));
#696 = CARTESIAN_POINT('',(892.2297727882,-0.768693515372,
    -48.49391171685));
#697 = CARTESIAN_POINT('',(892.18455537907,-0.781222143724,
    -48.49371012121));
#698 = CARTESIAN_POINT('',(892.13878035441,-0.790613153787,
    -48.49355646819));
#699 = CARTESIAN_POINT('',(892.0926397096,-0.796871323919,
    -48.49345322731));
#700 = CARTESIAN_POINT('',(892.0463189911,-0.8,-48.493401613));
#701 = CARTESIAN_POINT('',(891.90279345751,-0.8,-48.493401613));
#702 = CARTESIAN_POINT('',(891.80540259961,-0.786220057121,
    -48.49362893693));
#703 = CARTESIAN_POINT('',(891.70961084602,-0.758566028471,
    -48.49408517369));
#704 = CARTESIAN_POINT('',(891.61729786206,-0.716965374517,
    -48.49474672212));
#705 = CARTESIAN_POINT('',(891.53054106617,-0.661459982466,
    -48.49556287468));
#706 = CARTESIAN_POINT('',(891.45168919392,-0.592257694771,
    -48.49645356011));
#707 = CARTESIAN_POINT('',(891.33570205239,-0.45205332534,-48.4979277798
    ));
#708 = CARTESIAN_POINT('',(891.29293306856,-0.387442137678,
    -48.49852649173));
#709 = CARTESIAN_POINT('',(891.25687896723,-0.31684665986,
    -48.49907400453));
#710 = CARTESIAN_POINT('',(891.22881360349,-0.241377581551,
    -48.49952462494));
#711 = CARTESIAN_POINT('',(891.20966579751,-0.162395866421,
    -48.49984060494));
#712 = CARTESIAN_POINT('',(891.2,-8.141144714015E-02,-48.5));
#713 = CARTESIAN_POINT('',(891.2,-6.106226635438E-15,-48.5));
#714 = ORIENTED_EDGE('',*,*,#715,.T.);
#715 = EDGE_CURVE('',#677,#190,#716,.T.);
#716 = LINE('',#717,#718);
#717 = CARTESIAN_POINT('',(892.8,-8.254119426253E-15,-46.));
#718 = VECTOR('',#719,1.);
#719 = DIRECTION('',(0.,-1.224646799147E-16,-1.));
#720 = ORIENTED_EDGE('',*,*,#236,.T.);
#721 = ORIENTED_EDGE('',*,*,#189,.T.);
#722 = ORIENTED_EDGE('',*,*,#715,.F.);
#723 = ORIENTED_EDGE('',*,*,#724,.F.);
#724 = EDGE_CURVE('',#679,#677,#725,.T.);
#725 = B_SPLINE_CURVE_WITH_KNOTS('',7,(#726,#727,#728,#729,#730,#731,
    #732,#733,#734,#735,#736,#737,#738,#739,#740,#741,#742,#743,#744,
    #745,#746,#747,#748,#749,#750,#751),.UNSPECIFIED.,.F.,.F.,(8,6,6,6,8
    ),(0.,0.206449759943,0.500044706445,0.79358367268,1.),
  .UNSPECIFIED.);
#726 = CARTESIAN_POINT('',(891.2,-1.638417643571E-16,-48.5));
#727 = CARTESIAN_POINT('',(891.2,8.141982864291E-02,-48.5));
#728 = CARTESIAN_POINT('',(891.20966778498,0.162404913185,
    -48.49984057241));
#729 = CARTESIAN_POINT('',(891.22881626992,0.241382659457,
    -48.49952458145));
#730 = CARTESIAN_POINT('',(891.2568800595,0.316846464154,-48.4990739904)
  );
#731 = CARTESIAN_POINT('',(891.29293134699,0.387438289197,-48.4985265219
    ));
#732 = CARTESIAN_POINT('',(891.3356987961,0.452049389168,-48.49792782119
    ));
#733 = CARTESIAN_POINT('',(891.45169527807,0.592265049243,
    -48.49645348278));
#734 = CARTESIAN_POINT('',(891.53054873022,0.661464591032,
    -48.49556279686));
#735 = CARTESIAN_POINT('',(891.61730007888,0.716963644212,
    -48.49474673387));
#736 = CARTESIAN_POINT('',(891.70960258285,0.758559885517,
    -48.49408527346));
#737 = CARTESIAN_POINT('',(891.80538445302,0.786214803255,-48.4936290243
    ));
#738 = CARTESIAN_POINT('',(891.90277491943,0.8,-48.493401613));
#739 = CARTESIAN_POINT('',(892.09720654248,0.8,-48.493401613));
#740 = CARTESIAN_POINT('',(892.19459740038,0.786220057121,
    -48.49362893693));
#741 = CARTESIAN_POINT('',(892.29038915397,0.758566028471,
    -48.49408517369));
#742 = CARTESIAN_POINT('',(892.38270213793,0.716965374517,
    -48.49474672212));
#743 = CARTESIAN_POINT('',(892.46945893382,0.661459982466,
    -48.49556287468));
#744 = CARTESIAN_POINT('',(892.54831080607,0.592257694771,
    -48.49645356011));
#745 = CARTESIAN_POINT('',(892.66429830173,0.452052897275,-48.4979277843
    ));
#746 = CARTESIAN_POINT('',(892.70706767203,0.387441046631,
    -48.49852650234));
#747 = CARTESIAN_POINT('',(892.7431215886,0.316845291193,-48.49907401344
    ));
#748 = CARTESIAN_POINT('',(892.77118646904,0.241376674925,
    -48.49952462649));
#749 = CARTESIAN_POINT('',(892.79033401951,0.1623959481,-48.4998406018)
  );
#750 = CARTESIAN_POINT('',(892.8,8.141222705E-02,-48.5));
#751 = CARTESIAN_POINT('',(892.8,-1.43796961998E-15,-48.5));
#752 = CYLINDRICAL_SURFACE('',#753,0.8);
#753 = AXIS2_PLACEMENT_3D('',#754,#755,#756);
#754 = CARTESIAN_POINT('',(892.,-8.450062914117E-15,-46.));
#755 = DIRECTION('',(-0.,1.224646799147E-16,1.));
#756 = DIRECTION('',(1.,0.,0.));
#757 = ADVANCED_FACE('',(#758,#761),#772,.T.);
#758 = FACE_BOUND('',#759,.T.);
#759 = EDGE_LOOP('',(#760));
#760 = ORIENTED_EDGE('',*,*,#228,.T.);
#761 = FACE_BOUND('',#762,.T.);
#762 = EDGE_LOOP('',(#763));
#763 = ORIENTED_EDGE('',*,*,#764,.F.);
#764 = EDGE_CURVE('',#765,#765,#767,.T.);
#765 = VERTEX_POINT('',#766);
#766 = CARTESIAN_POINT('',(1.57E+03,-1.187907395173E-14,-48.5));
#767 = CIRCLE('',#768,48.5);
#768 = AXIS2_PLACEMENT_3D('',#769,#770,#771);
#769 = CARTESIAN_POINT('',(1.57E+03,0.,2.819966482548E-13));
#770 = DIRECTION('',(1.,-0.,2.22044604925E-16));
#771 = DIRECTION('',(2.22044604925E-16,0.,-1.));
#772 = PLANE('',#773);
#773 = AXIS2_PLACEMENT_3D('',#774,#775,#776);
#774 = CARTESIAN_POINT('',(1.57E+03,0.,2.819966482548E-13));
#775 = DIRECTION('',(1.,0.,2.22044604925E-16));
#776 = DIRECTION('',(2.22044604925E-16,0.,-1.));
#777 = ADVANCED_FACE('',(#778),#837,.F.);
#778 = FACE_BOUND('',#779,.T.);
#779 = EDGE_LOOP('',(#780,#829,#835,#836));
#780 = ORIENTED_EDGE('',*,*,#781,.F.);
#781 = EDGE_CURVE('',#782,#782,#784,.T.);
#782 = VERTEX_POINT('',#783);
#783 = CARTESIAN_POINT('',(892.8,34.294678887547,-34.29467888754));
#784 = B_SPLINE_CURVE_WITH_KNOTS('',8,(#785,#786,#787,#788,#789,#790,
    #791,#792,#793,#794,#795,#796,#797,#798,#799,#800,#801,#802,#803,
    #804,#805,#806,#807,#808,#809,#810,#811,#812,#813,#814,#815,#816,
    #817,#818,#819,#820,#821,#822,#823,#824,#825,#826,#827,#828),
  .UNSPECIFIED.,.T.,.F.,(9,7,7,7,7,7,9),(0.,0.104083514809,0.25210206407
    ,0.500022539157,0.747943014244,0.895933340549,1.),.UNSPECIFIED.);
#785 = CARTESIAN_POINT('',(892.8,34.294678887547,-34.29467888754));
#786 = CARTESIAN_POINT('',(892.8,34.244302938711,-34.34505483638));
#787 = CARTESIAN_POINT('',(892.79274916125,34.194072998504,
    -34.39511567809));
#788 = CARTESIAN_POINT('',(892.77836441192,34.144685327746,
    -34.4441676835));
#789 = CARTESIAN_POINT('',(892.75715183528,34.096819608496,
    -34.49154720725));
#790 = CARTESIAN_POINT('',(892.72960070768,34.051116162655,
    -34.53664169809));
#791 = CARTESIAN_POINT('',(892.69637679072,34.008149166546,
    -34.57891312317));
#792 = CARTESIAN_POINT('',(892.65831487768,33.968395861432,
    -34.61792380645));
#793 = CARTESIAN_POINT('',(892.55681795596,33.880729647521,
    -34.70376561966));
#794 = CARTESIAN_POINT('',(892.48916463281,33.836205532116,
    -34.74719199515));
#795 = CARTESIAN_POINT('',(892.41523167685,33.79892721296,
    -34.78343410469));
#796 = CARTESIAN_POINT('',(892.33654866912,33.769054059042,
    -34.81240675271));
#797 = CARTESIAN_POINT('',(892.25447921583,33.746659606543,
    -34.83409151941));
#798 = CARTESIAN_POINT('',(892.17026793037,33.731759006037,
    -34.84850844678));
#799 = CARTESIAN_POINT('',(892.08507194549,33.724327698408,
    -34.8556985483));
#800 = CARTESIAN_POINT('',(891.8575105806,33.724327698408,-34.8556985483
    ));
#801 = CARTESIAN_POINT('',(891.71074617258,33.745174585887,
    -34.83552847398));
#802 = CARTESIAN_POINT('',(891.56738879282,33.789063934674,
    -34.79306284493));
#803 = CARTESIAN_POINT('',(891.43615953135,33.856122067871,
    -34.72804869973));
#804 = CARTESIAN_POINT('',(891.32579375598,33.944557332965,
    -34.64186677352));
#805 = CARTESIAN_POINT('',(891.24455980736,34.050709465623,
    -34.53760870855));
#806 = CARTESIAN_POINT('',(891.2,34.169794489302,-34.41956328579));
#807 = CARTESIAN_POINT('',(891.2,34.419563285793,-34.1697944893));
#808 = CARTESIAN_POINT('',(891.24455980736,34.537608708553,
    -34.05070946562));
#809 = CARTESIAN_POINT('',(891.32579375598,34.641866773523,
    -33.94455733296));
#810 = CARTESIAN_POINT('',(891.43615953135,34.728048699736,
    -33.85612206787));
#811 = CARTESIAN_POINT('',(891.56738879282,34.793062844938,
    -33.78906393467));
#812 = CARTESIAN_POINT('',(891.71074617258,34.835528473988,
    -33.74517458588));
#813 = CARTESIAN_POINT('',(891.8575105806,34.855698548306,-33.7243276984
    ));
#814 = CARTESIAN_POINT('',(892.08505572467,34.855698548306,
    -33.7243276984));
#815 = CARTESIAN_POINT('',(892.17024968591,34.848511186736,
    -33.73175617341));
#816 = CARTESIAN_POINT('',(892.25446724637,34.834095560123,
    -33.74665543131));
#817 = CARTESIAN_POINT('',(892.33654564595,34.812409496902,
    -33.76905123599));
#818 = CARTESIAN_POINT('',(892.41523593639,34.783433662796,
    -33.79892768573));
#819 = CARTESIAN_POINT('',(892.48917190188,34.747188305933,
    -33.83620933121));
#820 = CARTESIAN_POINT('',(892.55682327959,34.703761117162,
    -33.88073424571));
#821 = CARTESIAN_POINT('',(892.65831233829,34.617925954164,
    -33.96839366807));
#822 = CARTESIAN_POINT('',(892.69637532945,34.578915188786,
    -34.00814706715));
#823 = CARTESIAN_POINT('',(892.72960136989,34.536641915885,
    -34.05111595486));
#824 = CARTESIAN_POINT('',(892.75715402882,34.491544700773,
    -34.09682216312));
#825 = CARTESIAN_POINT('',(892.77836680046,34.444162689166,
    -34.14469037748));
#826 = CARTESIAN_POINT('',(892.79275051463,34.395109595448,
    -34.19407911233));
#827 = CARTESIAN_POINT('',(892.8,34.345050133139,-34.24430764195));
#828 = CARTESIAN_POINT('',(892.8,34.294678887547,-34.29467888754));
#829 = ORIENTED_EDGE('',*,*,#830,.T.);
#830 = EDGE_CURVE('',#782,#282,#831,.T.);
#831 = LINE('',#832,#833);
#832 = CARTESIAN_POINT('',(892.8,32.526911934581,-32.52691193458));
#833 = VECTOR('',#834,1.);
#834 = DIRECTION('',(0.,0.707106781187,-0.707106781187));
#835 = ORIENTED_EDGE('',*,*,#281,.T.);
#836 = ORIENTED_EDGE('',*,*,#830,.F.);
#837 = CYLINDRICAL_SURFACE('',#838,0.8);
#838 = AXIS2_PLACEMENT_3D('',#839,#840,#841);
#839 = CARTESIAN_POINT('',(892.,32.526911934581,-32.52691193458));
#840 = DIRECTION('',(-0.,-0.707106781187,0.707106781187));
#841 = DIRECTION('',(1.,0.,0.));
#842 = ADVANCED_FACE('',(#843),#902,.F.);
#843 = FACE_BOUND('',#844,.T.);
#844 = EDGE_LOOP('',(#845,#894,#900,#901));
#845 = ORIENTED_EDGE('',*,*,#846,.F.);
#846 = EDGE_CURVE('',#847,#847,#849,.T.);
#847 = VERTEX_POINT('',#848);
#848 = CARTESIAN_POINT('',(892.8,48.5,7.510550001762E-16));
#849 = B_SPLINE_CURVE_WITH_KNOTS('',8,(#850,#851,#852,#853,#854,#855,
    #856,#857,#858,#859,#860,#861,#862,#863,#864,#865,#866,#867,#868,
    #869,#870,#871,#872,#873,#874,#875,#876,#877,#878,#879,#880,#881,
    #882,#883,#884,#885,#886,#887,#888,#889,#890,#891,#892,#893),
  .UNSPECIFIED.,.T.,.F.,(9,7,7,7,7,7,9),(0.,0.104083514809,
    0.252102064071,0.500022539159,0.747943014247,0.89593334055,1.),
  .UNSPECIFIED.);
#850 = CARTESIAN_POINT('',(892.8,48.5,-5.329070518201E-15));
#851 = CARTESIAN_POINT('',(892.8,48.5,-7.124235006251E-02));
#852 = CARTESIAN_POINT('',(892.79274916125,48.499880429309,
    -0.142158642049));
#853 = CARTESIAN_POINT('',(892.77836441192,48.499643078066,
    -0.211766004605));
#854 = CARTESIAN_POINT('',(892.75715183528,48.499299285929,
    -0.279114561806));
#855 = CARTESIAN_POINT('',(892.72960070768,48.498868689714,
    -0.343318398545));
#856 = CARTESIAN_POINT('',(892.69637679072,48.498376846725,
    -0.403591064189));
#857 = CARTESIAN_POINT('',(892.65831487768,48.497851733792,
    -0.459285614497));
#858 = CARTESIAN_POINT('',(892.55681795596,48.496561687683,
    -0.581974317063));
#859 = CARTESIAN_POINT('',(892.48916463281,48.495785468347,
    -0.644164705585));
#860 = CARTESIAN_POINT('',(892.41523167685,48.495052757499,
    -0.696151499269));
#861 = CARTESIAN_POINT('',(892.33654866912,48.494416003671,
    -0.737761764864));
#862 = CARTESIAN_POINT('',(892.25447921583,48.49391418003,
    -0.768930479668));
#863 = CARTESIAN_POINT('',(892.17026793037,48.49357217148,
    -0.789661102441));
#864 = CARTESIAN_POINT('',(892.08507194549,48.493401613003,-0.8));
#865 = CARTESIAN_POINT('',(891.8575105806,48.493401613003,-0.8));
#866 = CARTESIAN_POINT('',(891.71074617258,48.493880192178,
    -0.770996628169));
#867 = CARTESIAN_POINT('',(891.56738879282,48.49488691406,
    -0.709934437752));
#868 = CARTESIAN_POINT('',(891.43615953135,48.496332231831,
    -0.616545234087));
#869 = CARTESIAN_POINT('',(891.32579375598,48.497925583035,
    -0.493072234006));
#870 = CARTESIAN_POINT('',(891.24455980736,48.499264891141,
    -0.344289756429));
#871 = CARTESIAN_POINT('',(891.2,48.5,-0.176613209728));
#872 = CARTESIAN_POINT('',(891.2,48.5,0.176613209728));
#873 = CARTESIAN_POINT('',(891.24455980736,48.499264891141,
    0.344289756429));
#874 = CARTESIAN_POINT('',(891.32579375598,48.497925583035,
    0.493072234005));
#875 = CARTESIAN_POINT('',(891.43615953135,48.496332231831,0.61654523409
    ));
#876 = CARTESIAN_POINT('',(891.56738879282,48.49488691406,0.709934437751
    ));
#877 = CARTESIAN_POINT('',(891.71074617258,48.493880192178,
    0.770996628169));
#878 = CARTESIAN_POINT('',(891.8575105806,48.493401613003,0.8));
#879 = CARTESIAN_POINT('',(892.08505572467,48.493401613003,0.8));
#880 = CARTESIAN_POINT('',(892.17024968591,48.493572105951,
    0.789665042841));
#881 = CARTESIAN_POINT('',(892.25446724637,48.493914084911,
    0.768936289215));
#882 = CARTESIAN_POINT('',(892.33654564595,48.49441594791,0.737765701494
    ));
#883 = CARTESIAN_POINT('',(892.41523593639,48.495052779333,
    0.696150852498));
#884 = CARTESIAN_POINT('',(892.48917190188,48.49578554604,0.644159410543
    ));
#885 = CARTESIAN_POINT('',(892.55682327959,48.496561755348,
    0.581967881899));
#886 = CARTESIAN_POINT('',(892.65831233829,48.497851701516,0.45928868409
    ));
#887 = CARTESIAN_POINT('',(892.69637532945,48.498376822838,
    0.403594009292));
#888 = CARTESIAN_POINT('',(892.72960136989,48.498868696785,
    0.343318699482));
#889 = CARTESIAN_POINT('',(892.75715402882,48.499299319972,
    0.279110983059));
#890 = CARTESIAN_POINT('',(892.77836680046,48.499643117237,
    0.211758902366));
#891 = CARTESIAN_POINT('',(892.79275051463,48.499880451355,
    0.142150017838));
#892 = CARTESIAN_POINT('',(892.8,48.5,7.12356986688E-02));
#893 = CARTESIAN_POINT('',(892.8,48.5,-5.329070518201E-15));
#894 = ORIENTED_EDGE('',*,*,#895,.T.);
#895 = EDGE_CURVE('',#847,#333,#896,.T.);
#896 = LINE('',#897,#898);
#897 = CARTESIAN_POINT('',(892.8,46.,1.959434878636E-16));
#898 = VECTOR('',#899,1.);
#899 = DIRECTION('',(0.,1.,2.22044604925E-16));
#900 = ORIENTED_EDGE('',*,*,#332,.T.);
#901 = ORIENTED_EDGE('',*,*,#895,.F.);
#902 = CYLINDRICAL_SURFACE('',#903,0.8);
#903 = AXIS2_PLACEMENT_3D('',#904,#905,#906);
#904 = CARTESIAN_POINT('',(892.,46.,0.));
#905 = DIRECTION('',(-0.,-1.,-2.22044604925E-16));
#906 = DIRECTION('',(1.,0.,0.));
#907 = ADVANCED_FACE('',(#908),#967,.F.);
#908 = FACE_BOUND('',#909,.T.);
#909 = EDGE_LOOP('',(#910,#959,#965,#966));
#910 = ORIENTED_EDGE('',*,*,#911,.F.);
#911 = EDGE_CURVE('',#912,#912,#914,.T.);
#912 = VERTEX_POINT('',#913);
#913 = CARTESIAN_POINT('',(892.8,34.294678887548,34.294678887548));
#914 = B_SPLINE_CURVE_WITH_KNOTS('',8,(#915,#916,#917,#918,#919,#920,
    #921,#922,#923,#924,#925,#926,#927,#928,#929,#930,#931,#932,#933,
    #934,#935,#936,#937,#938,#939,#940,#941,#942,#943,#944,#945,#946,
    #947,#948,#949,#950,#951,#952,#953,#954,#955,#956,#957,#958),
  .UNSPECIFIED.,.T.,.F.,(9,7,7,7,7,7,9),(0.,0.104083514809,0.25210206407
    ,0.500022539158,0.747943014245,0.89593334055,1.),.UNSPECIFIED.);
#915 = CARTESIAN_POINT('',(892.8,34.294678887548,34.294678887548));
#916 = CARTESIAN_POINT('',(892.8,34.345054836384,34.244302938711));
#917 = CARTESIAN_POINT('',(892.79274916125,34.395115678098,
    34.194072998504));
#918 = CARTESIAN_POINT('',(892.77836441192,34.444167683508,
    34.144685327746));
#919 = CARTESIAN_POINT('',(892.75715183528,34.491547207257,
    34.096819608496));
#920 = CARTESIAN_POINT('',(892.72960070768,34.53664169809,
    34.051116162655));
#921 = CARTESIAN_POINT('',(892.69637679072,34.578913123175,
    34.008149166546));
#922 = CARTESIAN_POINT('',(892.65831487768,34.617923806456,
    33.968395861432));
#923 = CARTESIAN_POINT('',(892.55681795596,34.703765619664,
    33.880729647521));
#924 = CARTESIAN_POINT('',(892.48916463281,34.747191995156,
    33.836205532116));
#925 = CARTESIAN_POINT('',(892.41523167685,34.783434104693,
    33.79892721296));
#926 = CARTESIAN_POINT('',(892.33654866912,34.812406752713,
    33.769054059042));
#927 = CARTESIAN_POINT('',(892.25447921583,34.834091519413,
    33.746659606543));
#928 = CARTESIAN_POINT('',(892.17026793037,34.848508446788,
    33.731759006037));
#929 = CARTESIAN_POINT('',(892.08507194549,34.855698548306,
    33.724327698408));
#930 = CARTESIAN_POINT('',(891.8575105806,34.855698548306,
    33.724327698408));
#931 = CARTESIAN_POINT('',(891.71074617258,34.835528473988,
    33.745174585887));
#932 = CARTESIAN_POINT('',(891.56738879282,34.793062844938,
    33.789063934675));
#933 = CARTESIAN_POINT('',(891.43615953135,34.728048699737,
    33.856122067871));
#934 = CARTESIAN_POINT('',(891.32579375598,34.641866773524,
    33.944557332965));
#935 = CARTESIAN_POINT('',(891.24455980736,34.537608708553,
    34.050709465624));
#936 = CARTESIAN_POINT('',(891.2,34.419563285793,34.169794489302));
#937 = CARTESIAN_POINT('',(891.2,34.169794489302,34.419563285793));
#938 = CARTESIAN_POINT('',(891.24455980736,34.050709465624,
    34.537608708552));
#939 = CARTESIAN_POINT('',(891.32579375598,33.944557332964,
    34.641866773526));
#940 = CARTESIAN_POINT('',(891.43615953135,33.856122067871,
    34.728048699735));
#941 = CARTESIAN_POINT('',(891.56738879282,33.789063934674,
    34.79306284494));
#942 = CARTESIAN_POINT('',(891.71074617258,33.745174585887,
    34.835528473988));
#943 = CARTESIAN_POINT('',(891.8575105806,33.724327698408,
    34.855698548306));
#944 = CARTESIAN_POINT('',(892.08505572467,33.724327698408,
    34.855698548306));
#945 = CARTESIAN_POINT('',(892.17024968591,33.731756173418,
    34.848511186736));
#946 = CARTESIAN_POINT('',(892.25446724637,33.746655431315,
    34.834095560123));
#947 = CARTESIAN_POINT('',(892.33654564595,33.769051235995,
    34.812409496902));
#948 = CARTESIAN_POINT('',(892.41523593639,33.798927685735,
    34.783433662796));
#949 = CARTESIAN_POINT('',(892.48917190188,33.836209331214,
    34.747188305933));
#950 = CARTESIAN_POINT('',(892.55682327959,33.880734245715,
    34.703761117162));
#951 = CARTESIAN_POINT('',(892.65831233829,33.968393668079,
    34.617925954164));
#952 = CARTESIAN_POINT('',(892.69637532945,34.008147067153,
    34.578915188786));
#953 = CARTESIAN_POINT('',(892.72960136989,34.051115954861,
    34.536641915885));
#954 = CARTESIAN_POINT('',(892.75715402882,34.096822163123,
    34.491544700773));
#955 = CARTESIAN_POINT('',(892.77836680046,34.144690377487,
    34.444162689166));
#956 = CARTESIAN_POINT('',(892.79275051463,34.194079112331,
    34.395109595449));
#957 = CARTESIAN_POINT('',(892.8,34.244307641956,34.345050133139));
#958 = CARTESIAN_POINT('',(892.8,34.294678887548,34.294678887548));
#959 = ORIENTED_EDGE('',*,*,#960,.T.);
#960 = EDGE_CURVE('',#912,#384,#961,.T.);
#961 = LINE('',#962,#963);
#962 = CARTESIAN_POINT('',(892.8,32.526911934581,32.526911934581));
#963 = VECTOR('',#964,1.);
#964 = DIRECTION('',(0.,0.707106781187,0.707106781187));
#965 = ORIENTED_EDGE('',*,*,#383,.T.);
#966 = ORIENTED_EDGE('',*,*,#960,.F.);
#967 = CYLINDRICAL_SURFACE('',#968,0.8);
#968 = AXIS2_PLACEMENT_3D('',#969,#970,#971);
#969 = CARTESIAN_POINT('',(892.,32.526911934581,32.526911934581));
#970 = DIRECTION('',(-0.,-0.707106781187,-0.707106781187));
#971 = DIRECTION('',(1.,0.,0.));
#972 = ADVANCED_FACE('',(#973),#1044,.F.);
#973 = FACE_BOUND('',#974,.T.);
#974 = EDGE_LOOP('',(#975,#1036,#1042,#1043));
#975 = ORIENTED_EDGE('',*,*,#976,.F.);
#976 = EDGE_CURVE('',#977,#977,#979,.T.);
#977 = VERTEX_POINT('',#978);
#978 = CARTESIAN_POINT('',(892.8,2.620744150175E-15,48.5));
#979 = B_SPLINE_CURVE_WITH_KNOTS('',7,(#980,#981,#982,#983,#984,#985,
    #986,#987,#988,#989,#990,#991,#992,#993,#994,#995,#996,#997,#998,
    #999,#1000,#1001,#1002,#1003,#1004,#1005,#1006,#1007,#1008,#1009,
    #1010,#1011,#1012,#1013,#1014,#1015,#1016,#1017,#1018,#1019,#1020,
    #1021,#1022,#1023,#1024,#1025,#1026,#1027,#1028,#1029,#1030,#1031,
    #1032,#1033,#1034,#1035),.UNSPECIFIED.,.T.,.F.,(8,6,6,6,6,6,6,6,6,8)
  ,(0.,0.103299243085,0.250190208725,0.397077018093,0.500366921635,
    0.603667459118,0.680533800227,0.750371804698,0.896936114221,1.),
  .UNSPECIFIED.);
#980 = CARTESIAN_POINT('',(892.8,2.886579864025E-15,48.5));
#981 = CARTESIAN_POINT('',(892.8,8.141982864282E-02,48.5));
#982 = CARTESIAN_POINT('',(892.79033221501,0.162404913185,
    48.499840572412));
#983 = CARTESIAN_POINT('',(892.77118373007,0.241382659457,
    48.499524581458));
#984 = CARTESIAN_POINT('',(892.74311994049,0.316846464154,48.4990739904)
  );
#985 = CARTESIAN_POINT('',(892.707068653,0.387438289196,48.498526521903)
  );
#986 = CARTESIAN_POINT('',(892.66430120389,0.452049389168,
    48.497927821192));
#987 = CARTESIAN_POINT('',(892.54831040597,0.592258178418,
    48.496453555027));
#988 = CARTESIAN_POINT('',(892.46945787243,0.66146095517,48.495562862415
    ));
#989 = CARTESIAN_POINT('',(892.38270104137,0.716965665742,
    48.494746714295));
#990 = CARTESIAN_POINT('',(892.29038937821,0.758565424647,
    48.494085183631));
#991 = CARTESIAN_POINT('',(892.1945994981,0.786219276324,48.493628949879
    ));
#992 = CARTESIAN_POINT('',(892.09720929302,0.8,48.493401613003));
#993 = CARTESIAN_POINT('',(891.90279345751,0.8,48.493401613003));
#994 = CARTESIAN_POINT('',(891.80540259961,0.786220057121,
    48.493628936934));
#995 = CARTESIAN_POINT('',(891.70961084602,0.758566028471,
    48.494085173698));
#996 = CARTESIAN_POINT('',(891.61729786206,0.716965374517,
    48.494746722123));
#997 = CARTESIAN_POINT('',(891.53054106617,0.661459982466,
    48.495562874683));
#998 = CARTESIAN_POINT('',(891.45168919392,0.592257694771,
    48.496453560112));
#999 = CARTESIAN_POINT('',(891.33570205239,0.45205332534,48.497927779804
    ));
#1000 = CARTESIAN_POINT('',(891.29293306856,0.387442137678,
    48.498526491733));
#1001 = CARTESIAN_POINT('',(891.25687896723,0.316846659859,
    48.499074004537));
#1002 = CARTESIAN_POINT('',(891.22881360349,0.241377581551,
    48.499524624942));
#1003 = CARTESIAN_POINT('',(891.20966579751,0.162395866421,
    48.499840604949));
#1004 = CARTESIAN_POINT('',(891.2,8.141144714014E-02,48.5));
#1005 = CARTESIAN_POINT('',(891.2,-8.141982864287E-02,48.5));
#1006 = CARTESIAN_POINT('',(891.20966778498,-0.162404913185,
    48.499840572412));
#1007 = CARTESIAN_POINT('',(891.22881626992,-0.241382659457,
    48.499524581458));
#1008 = CARTESIAN_POINT('',(891.2568800595,-0.316846464154,48.4990739904
    ));
#1009 = CARTESIAN_POINT('',(891.29293134699,-0.387438289196,
    48.498526521903));
#1010 = CARTESIAN_POINT('',(891.3356987961,-0.452049389168,
    48.497927821192));
#1011 = CARTESIAN_POINT('',(891.41922499905,-0.553015224355,
    48.496866186501));
#1012 = CARTESIAN_POINT('',(891.45785169926,-0.592556477511,
    48.496405755119));
#1013 = CARTESIAN_POINT('',(891.49906100131,-0.628444673937,
    48.49595233854));
#1014 = CARTESIAN_POINT('',(891.54246660948,-0.66059519506,
    48.495519025261));
#1015 = CARTESIAN_POINT('',(891.58770206762,-0.68895347622,
    48.495117155661));
#1016 = CARTESIAN_POINT('',(891.6344183892,-0.713491401834,
    48.494755996058));
#1017 = CARTESIAN_POINT('',(891.72576856603,-0.753022153322,
    48.494157502239));
#1018 = CARTESIAN_POINT('',(891.77022721179,-0.768693515372,
    48.493911716855));
#1019 = CARTESIAN_POINT('',(891.81544462092,-0.781222143724,
    48.493710121214));
#1020 = CARTESIAN_POINT('',(891.86121964559,-0.790613153787,
    48.493556468198));
#1021 = CARTESIAN_POINT('',(891.90736029039,-0.796871323919,
    48.493453227311));
#1022 = CARTESIAN_POINT('',(891.95368100889,-0.8,48.493401613003));
#1023 = CARTESIAN_POINT('',(892.09720654248,-0.8,48.493401613003));
#1024 = CARTESIAN_POINT('',(892.19459740038,-0.786220057121,
    48.493628936934));
#1025 = CARTESIAN_POINT('',(892.29038915397,-0.758566028471,
    48.494085173698));
#1026 = CARTESIAN_POINT('',(892.38270213793,-0.716965374517,
    48.494746722123));
#1027 = CARTESIAN_POINT('',(892.46945893382,-0.661459982467,
    48.495562874683));
#1028 = CARTESIAN_POINT('',(892.54831080607,-0.59225769477,
    48.496453560112));
#1029 = CARTESIAN_POINT('',(892.66429830173,-0.452052897275,
    48.497927784305));
#1030 = CARTESIAN_POINT('',(892.70706767203,-0.387441046631,
    48.49852650235));
#1031 = CARTESIAN_POINT('',(892.7431215886,-0.316845291193,
    48.499074013447));
#1032 = CARTESIAN_POINT('',(892.77118646904,-0.241376674925,
    48.499524626496));
#1033 = CARTESIAN_POINT('',(892.79033401951,-0.1623959481,
    48.499840601806));
#1034 = CARTESIAN_POINT('',(892.8,-8.141222705018E-02,48.5));
#1035 = CARTESIAN_POINT('',(892.8,2.886579864025E-15,48.5));
#1036 = ORIENTED_EDGE('',*,*,#1037,.T.);
#1037 = EDGE_CURVE('',#977,#435,#1038,.T.);
#1038 = LINE('',#1039,#1040);
#1039 = CARTESIAN_POINT('',(892.8,2.620744150175E-15,46.));
#1040 = VECTOR('',#1041,1.);
#1041 = DIRECTION('',(0.,0.,1.));
#1042 = ORIENTED_EDGE('',*,*,#434,.T.);
#1043 = ORIENTED_EDGE('',*,*,#1037,.F.);
#1044 = CYLINDRICAL_SURFACE('',#1045,0.8);
#1045 = AXIS2_PLACEMENT_3D('',#1046,#1047,#1048);
#1046 = CARTESIAN_POINT('',(892.,2.816687638039E-15,46.));
#1047 = DIRECTION('',(-0.,-0.,-1.));
#1048 = DIRECTION('',(1.,0.,0.));
#1049 = ADVANCED_FACE('',(#1050),#1109,.F.);
#1050 = FACE_BOUND('',#1051,.T.);
#1051 = EDGE_LOOP('',(#1052,#1101,#1107,#1108));
#1052 = ORIENTED_EDGE('',*,*,#1053,.F.);
#1053 = EDGE_CURVE('',#1054,#1054,#1056,.T.);
#1054 = VERTEX_POINT('',#1055);
#1055 = CARTESIAN_POINT('',(892.8,-34.29467888754,34.294678887548));
#1056 = B_SPLINE_CURVE_WITH_KNOTS('',8,(#1057,#1058,#1059,#1060,#1061,
    #1062,#1063,#1064,#1065,#1066,#1067,#1068,#1069,#1070,#1071,#1072,
    #1073,#1074,#1075,#1076,#1077,#1078,#1079,#1080,#1081,#1082,#1083,
    #1084,#1085,#1086,#1087,#1088,#1089,#1090,#1091,#1092,#1093,#1094,
    #1095,#1096,#1097,#1098,#1099,#1100),.UNSPECIFIED.,.T.,.F.,(9,7,7,7,
    7,7,9),(0.,0.104083514809,0.252102064071,0.500022539159,
    0.747943014246,0.89593334055,1.),.UNSPECIFIED.);
#1057 = CARTESIAN_POINT('',(892.8,-34.29467888754,34.294678887548));
#1058 = CARTESIAN_POINT('',(892.8,-34.24430293871,34.345054836385));
#1059 = CARTESIAN_POINT('',(892.79274916125,-34.1940729985,
    34.395115678098));
#1060 = CARTESIAN_POINT('',(892.77836441192,-34.14468532774,
    34.444167683508));
#1061 = CARTESIAN_POINT('',(892.75715183528,-34.09681960849,
    34.491547207257));
#1062 = CARTESIAN_POINT('',(892.72960070768,-34.05111616265,
    34.53664169809));
#1063 = CARTESIAN_POINT('',(892.69637679072,-34.00814916654,
    34.578913123175));
#1064 = CARTESIAN_POINT('',(892.65831487768,-33.96839586143,
    34.617923806456));
#1065 = CARTESIAN_POINT('',(892.55681795596,-33.88072964752,
    34.703765619664));
#1066 = CARTESIAN_POINT('',(892.48916463281,-33.83620553211,
    34.747191995156));
#1067 = CARTESIAN_POINT('',(892.41523167685,-33.79892721296,
    34.783434104693));
#1068 = CARTESIAN_POINT('',(892.33654866912,-33.76905405904,
    34.812406752713));
#1069 = CARTESIAN_POINT('',(892.25447921583,-33.74665960654,
    34.834091519413));
#1070 = CARTESIAN_POINT('',(892.17026793037,-33.73175900603,
    34.848508446788));
#1071 = CARTESIAN_POINT('',(892.08507194549,-33.7243276984,
    34.855698548306));
#1072 = CARTESIAN_POINT('',(891.8575105806,-33.7243276984,
    34.855698548306));
#1073 = CARTESIAN_POINT('',(891.71074617258,-33.74517458588,
    34.835528473988));
#1074 = CARTESIAN_POINT('',(891.56738879282,-33.78906393467,
    34.793062844939));
#1075 = CARTESIAN_POINT('',(891.43615953135,-33.85612206787,
    34.728048699735));
#1076 = CARTESIAN_POINT('',(891.32579375598,-33.94455733296,
    34.641866773525));
#1077 = CARTESIAN_POINT('',(891.24455980736,-34.05070946562,
    34.537608708552));
#1078 = CARTESIAN_POINT('',(891.2,-34.1697944893,34.419563285793));
#1079 = CARTESIAN_POINT('',(891.2,-34.41956328579,34.169794489302));
#1080 = CARTESIAN_POINT('',(891.24455980736,-34.53760870855,
    34.050709465622));
#1081 = CARTESIAN_POINT('',(891.32579375598,-34.64186677352,
    33.944557332967));
#1082 = CARTESIAN_POINT('',(891.43615953135,-34.72804869973,
    33.85612206787));
#1083 = CARTESIAN_POINT('',(891.56738879281,-34.79306284493,
    33.789063934675));
#1084 = CARTESIAN_POINT('',(891.71074617258,-34.83552847398,
    33.745174585887));
#1085 = CARTESIAN_POINT('',(891.8575105806,-34.8556985483,
    33.724327698408));
#1086 = CARTESIAN_POINT('',(892.08505572467,-34.8556985483,
    33.724327698408));
#1087 = CARTESIAN_POINT('',(892.17024968591,-34.84851118673,
    33.731756173418));
#1088 = CARTESIAN_POINT('',(892.25446724637,-34.83409556012,
    33.746655431315));
#1089 = CARTESIAN_POINT('',(892.33654564595,-34.8124094969,
    33.769051235995));
#1090 = CARTESIAN_POINT('',(892.41523593639,-34.78343366279,
    33.798927685735));
#1091 = CARTESIAN_POINT('',(892.48917190188,-34.74718830593,
    33.836209331214));
#1092 = CARTESIAN_POINT('',(892.55682327959,-34.70376111716,
    33.880734245715));
#1093 = CARTESIAN_POINT('',(892.65831233829,-34.61792595416,
    33.968393668079));
#1094 = CARTESIAN_POINT('',(892.69637532945,-34.57891518878,
    34.008147067153));
#1095 = CARTESIAN_POINT('',(892.72960136989,-34.53664191588,
    34.051115954861));
#1096 = CARTESIAN_POINT('',(892.75715402882,-34.49154470077,
    34.096822163123));
#1097 = CARTESIAN_POINT('',(892.77836680046,-34.44416268916,
    34.144690377487));
#1098 = CARTESIAN_POINT('',(892.79275051463,-34.39510959544,
    34.194079112331));
#1099 = CARTESIAN_POINT('',(892.8,-34.34505013313,34.244307641956));
#1100 = CARTESIAN_POINT('',(892.8,-34.29467888754,34.294678887548));
#1101 = ORIENTED_EDGE('',*,*,#1102,.T.);
#1102 = EDGE_CURVE('',#1054,#498,#1103,.T.);
#1103 = LINE('',#1104,#1105);
#1104 = CARTESIAN_POINT('',(892.8,-32.52691193458,32.526911934581));
#1105 = VECTOR('',#1106,1.);
#1106 = DIRECTION('',(0.,-0.707106781187,0.707106781187));
#1107 = ORIENTED_EDGE('',*,*,#497,.T.);
#1108 = ORIENTED_EDGE('',*,*,#1102,.F.);
#1109 = CYLINDRICAL_SURFACE('',#1110,0.8);
#1110 = AXIS2_PLACEMENT_3D('',#1111,#1112,#1113);
#1111 = CARTESIAN_POINT('',(892.,-32.52691193458,32.526911934581));
#1112 = DIRECTION('',(-0.,0.707106781187,-0.707106781187));
#1113 = DIRECTION('',(1.,0.,0.));
#1114 = ADVANCED_FACE('',(#1115),#1174,.F.);
#1115 = FACE_BOUND('',#1116,.T.);
#1116 = EDGE_LOOP('',(#1117,#1166,#1172,#1173));
#1117 = ORIENTED_EDGE('',*,*,#1118,.F.);
#1118 = EDGE_CURVE('',#1119,#1119,#1121,.T.);
#1119 = VERTEX_POINT('',#1120);
#1120 = CARTESIAN_POINT('',(892.8,-48.5,5.992543300527E-15));
#1121 = B_SPLINE_CURVE_WITH_KNOTS('',8,(#1122,#1123,#1124,#1125,#1126,
    #1127,#1128,#1129,#1130,#1131,#1132,#1133,#1134,#1135,#1136,#1137,
    #1138,#1139,#1140,#1141,#1142,#1143,#1144,#1145,#1146,#1147,#1148,
    #1149,#1150,#1151,#1152,#1153,#1154,#1155,#1156,#1157,#1158,#1159,
    #1160,#1161,#1162,#1163,#1164,#1165),.UNSPECIFIED.,.T.,.F.,(9,7,7,7,
    7,7,9),(0.,0.104083514809,0.252102064072,0.500022539159,
    0.747943014246,0.89593334055,1.),.UNSPECIFIED.);
#1122 = CARTESIAN_POINT('',(892.8,-48.5,8.659739592076E-15));
#1123 = CARTESIAN_POINT('',(892.8,-48.5,7.124235006252E-02));
#1124 = CARTESIAN_POINT('',(892.79274916125,-48.4998804293,
    0.142158642049));
#1125 = CARTESIAN_POINT('',(892.77836441192,-48.49964307806,
    0.211766004605));
#1126 = CARTESIAN_POINT('',(892.75715183528,-48.49929928592,
    0.279114561806));
#1127 = CARTESIAN_POINT('',(892.72960070768,-48.49886868971,
    0.343318398545));
#1128 = CARTESIAN_POINT('',(892.69637679072,-48.49837684672,
    0.403591064189));
#1129 = CARTESIAN_POINT('',(892.65831487768,-48.49785173379,
    0.459285614497));
#1130 = CARTESIAN_POINT('',(892.55681795596,-48.49656168768,
    0.581974317063));
#1131 = CARTESIAN_POINT('',(892.48916463281,-48.49578546834,
    0.644164705585));
#1132 = CARTESIAN_POINT('',(892.41523167685,-48.49505275749,
    0.696151499269));
#1133 = CARTESIAN_POINT('',(892.33654866912,-48.49441600367,
    0.737761764864));
#1134 = CARTESIAN_POINT('',(892.25447921583,-48.49391418003,
    0.768930479668));
#1135 = CARTESIAN_POINT('',(892.17026793037,-48.49357217148,
    0.789661102441));
#1136 = CARTESIAN_POINT('',(892.08507194549,-48.493401613,0.8));
#1137 = CARTESIAN_POINT('',(891.8575105806,-48.493401613,0.8));
#1138 = CARTESIAN_POINT('',(891.71074617258,-48.49388019217,
    0.770996628169));
#1139 = CARTESIAN_POINT('',(891.56738879282,-48.49488691406,
    0.709934437753));
#1140 = CARTESIAN_POINT('',(891.43615953135,-48.49633223183,
    0.616545234086));
#1141 = CARTESIAN_POINT('',(891.32579375598,-48.49792558303,
    0.493072234008));
#1142 = CARTESIAN_POINT('',(891.24455980736,-48.49926489114,
    0.344289756428));
#1143 = CARTESIAN_POINT('',(891.2,-48.5,0.176613209729));
#1144 = CARTESIAN_POINT('',(891.2,-48.5,-0.176613209728));
#1145 = CARTESIAN_POINT('',(891.24455980736,-48.49926489114,
    -0.344289756429));
#1146 = CARTESIAN_POINT('',(891.32579375598,-48.49792558303,
    -0.493072234006));
#1147 = CARTESIAN_POINT('',(891.43615953135,-48.49633223183,
    -0.616545234088));
#1148 = CARTESIAN_POINT('',(891.56738879282,-48.49488691406,
    -0.709934437753));
#1149 = CARTESIAN_POINT('',(891.71074617258,-48.49388019217,
    -0.770996628169));
#1150 = CARTESIAN_POINT('',(891.8575105806,-48.493401613,-0.8));
#1151 = CARTESIAN_POINT('',(892.08505572467,-48.493401613,-0.8));
#1152 = CARTESIAN_POINT('',(892.17024968591,-48.49357210595,
    -0.789665042841));
#1153 = CARTESIAN_POINT('',(892.25446724637,-48.49391408491,
    -0.768936289215));
#1154 = CARTESIAN_POINT('',(892.33654564595,-48.49441594791,
    -0.737765701494));
#1155 = CARTESIAN_POINT('',(892.41523593639,-48.49505277933,
    -0.696150852498));
#1156 = CARTESIAN_POINT('',(892.48917190188,-48.49578554604,
    -0.644159410542));
#1157 = CARTESIAN_POINT('',(892.55682327959,-48.49656175534,
    -0.581967881899));
#1158 = CARTESIAN_POINT('',(892.65831233829,-48.49785170151,
    -0.45928868409));
#1159 = CARTESIAN_POINT('',(892.69637532945,-48.49837682283,
    -0.403594009292));
#1160 = CARTESIAN_POINT('',(892.72960136989,-48.49886869678,
    -0.343318699482));
#1161 = CARTESIAN_POINT('',(892.75715402882,-48.49929931997,
    -0.279110983059));
#1162 = CARTESIAN_POINT('',(892.77836680046,-48.49964311723,
    -0.211758902366));
#1163 = CARTESIAN_POINT('',(892.79275051463,-48.49988045135,
    -0.142150017838));
#1164 = CARTESIAN_POINT('',(892.8,-48.5,-7.123569866877E-02));
#1165 = CARTESIAN_POINT('',(892.8,-48.5,8.659739592076E-15));
#1166 = ORIENTED_EDGE('',*,*,#1167,.T.);
#1167 = EDGE_CURVE('',#1119,#549,#1168,.T.);
#1168 = LINE('',#1169,#1170);
#1169 = CARTESIAN_POINT('',(892.8,-46.,5.437431788214E-15));
#1170 = VECTOR('',#1171,1.);
#1171 = DIRECTION('',(0.,-1.,2.22044604925E-16));
#1172 = ORIENTED_EDGE('',*,*,#548,.T.);
#1173 = ORIENTED_EDGE('',*,*,#1167,.F.);
#1174 = CYLINDRICAL_SURFACE('',#1175,0.8);
#1175 = AXIS2_PLACEMENT_3D('',#1176,#1177,#1178);
#1176 = CARTESIAN_POINT('',(892.,-46.,5.633375276078E-15));
#1177 = DIRECTION('',(-0.,1.,-2.22044604925E-16));
#1178 = DIRECTION('',(1.,0.,0.));
#1179 = ADVANCED_FACE('',(#1180),#1239,.F.);
#1180 = FACE_BOUND('',#1181,.T.);
#1181 = EDGE_LOOP('',(#1182,#1231,#1237,#1238));
#1182 = ORIENTED_EDGE('',*,*,#1183,.F.);
#1183 = EDGE_CURVE('',#1184,#1184,#1186,.T.);
#1184 = VERTEX_POINT('',#1185);
#1185 = CARTESIAN_POINT('',(892.8,-34.29467888754,-34.29467888754));
#1186 = B_SPLINE_CURVE_WITH_KNOTS('',8,(#1187,#1188,#1189,#1190,#1191,
    #1192,#1193,#1194,#1195,#1196,#1197,#1198,#1199,#1200,#1201,#1202,
    #1203,#1204,#1205,#1206,#1207,#1208,#1209,#1210,#1211,#1212,#1213,
    #1214,#1215,#1216,#1217,#1218,#1219,#1220,#1221,#1222,#1223,#1224,
    #1225,#1226,#1227,#1228,#1229,#1230),.UNSPECIFIED.,.T.,.F.,(9,7,7,7,
    7,7,9),(0.,0.104083514809,0.252102064071,0.500022539158,
    0.747943014245,0.89593334055,1.),.UNSPECIFIED.);
#1187 = CARTESIAN_POINT('',(892.8,-34.29467888754,-34.29467888754));
#1188 = CARTESIAN_POINT('',(892.8,-34.34505483638,-34.24430293871));
#1189 = CARTESIAN_POINT('',(892.79274916125,-34.39511567809,
    -34.1940729985));
#1190 = CARTESIAN_POINT('',(892.77836441192,-34.4441676835,
    -34.14468532774));
#1191 = CARTESIAN_POINT('',(892.75715183528,-34.49154720725,
    -34.09681960849));
#1192 = CARTESIAN_POINT('',(892.72960070768,-34.53664169809,
    -34.05111616265));
#1193 = CARTESIAN_POINT('',(892.69637679072,-34.57891312317,
    -34.00814916654));
#1194 = CARTESIAN_POINT('',(892.65831487768,-34.61792380645,
    -33.96839586143));
#1195 = CARTESIAN_POINT('',(892.55681795596,-34.70376561966,
    -33.88072964752));
#1196 = CARTESIAN_POINT('',(892.48916463281,-34.74719199515,
    -33.83620553211));
#1197 = CARTESIAN_POINT('',(892.41523167685,-34.78343410469,
    -33.79892721296));
#1198 = CARTESIAN_POINT('',(892.33654866912,-34.81240675271,
    -33.76905405904));
#1199 = CARTESIAN_POINT('',(892.25447921583,-34.83409151941,
    -33.74665960654));
#1200 = CARTESIAN_POINT('',(892.17026793037,-34.84850844678,
    -33.73175900603));
#1201 = CARTESIAN_POINT('',(892.08507194549,-34.8556985483,
    -33.7243276984));
#1202 = CARTESIAN_POINT('',(891.8575105806,-34.8556985483,-33.7243276984
    ));
#1203 = CARTESIAN_POINT('',(891.71074617258,-34.83552847398,
    -33.74517458588));
#1204 = CARTESIAN_POINT('',(891.56738879282,-34.79306284494,
    -33.78906393467));
#1205 = CARTESIAN_POINT('',(891.43615953135,-34.72804869973,
    -33.85612206787));
#1206 = CARTESIAN_POINT('',(891.32579375598,-34.64186677352,
    -33.94455733296));
#1207 = CARTESIAN_POINT('',(891.24455980736,-34.53760870855,
    -34.05070946562));
#1208 = CARTESIAN_POINT('',(891.2,-34.41956328579,-34.1697944893));
#1209 = CARTESIAN_POINT('',(891.2,-34.1697944893,-34.41956328579));
#1210 = CARTESIAN_POINT('',(891.24455980736,-34.05070946562,
    -34.53760870855));
#1211 = CARTESIAN_POINT('',(891.32579375598,-33.94455733296,
    -34.64186677352));
#1212 = CARTESIAN_POINT('',(891.43615953135,-33.85612206787,
    -34.72804869973));
#1213 = CARTESIAN_POINT('',(891.56738879282,-33.78906393467,
    -34.79306284493));
#1214 = CARTESIAN_POINT('',(891.71074617258,-33.74517458588,
    -34.83552847398));
#1215 = CARTESIAN_POINT('',(891.8575105806,-33.7243276984,-34.8556985483
    ));
#1216 = CARTESIAN_POINT('',(892.08505572467,-33.7243276984,
    -34.8556985483));
#1217 = CARTESIAN_POINT('',(892.17024968591,-33.73175617341,
    -34.84851118673));
#1218 = CARTESIAN_POINT('',(892.25446724637,-33.74665543131,
    -34.83409556012));
#1219 = CARTESIAN_POINT('',(892.33654564595,-33.76905123599,
    -34.8124094969));
#1220 = CARTESIAN_POINT('',(892.41523593639,-33.79892768573,
    -34.78343366279));
#1221 = CARTESIAN_POINT('',(892.48917190188,-33.83620933121,
    -34.74718830593));
#1222 = CARTESIAN_POINT('',(892.55682327959,-33.88073424571,
    -34.70376111716));
#1223 = CARTESIAN_POINT('',(892.65831233829,-33.96839366807,
    -34.61792595416));
#1224 = CARTESIAN_POINT('',(892.69637532945,-34.00814706715,
    -34.57891518878));
#1225 = CARTESIAN_POINT('',(892.72960136989,-34.05111595486,
    -34.53664191588));
#1226 = CARTESIAN_POINT('',(892.75715402882,-34.09682216312,
    -34.49154470077));
#1227 = CARTESIAN_POINT('',(892.77836680046,-34.14469037748,
    -34.44416268916));
#1228 = CARTESIAN_POINT('',(892.79275051463,-34.19407911233,
    -34.39510959544));
#1229 = CARTESIAN_POINT('',(892.8,-34.24430764195,-34.34505013313));
#1230 = CARTESIAN_POINT('',(892.8,-34.29467888754,-34.29467888754));
#1231 = ORIENTED_EDGE('',*,*,#1232,.T.);
#1232 = EDGE_CURVE('',#1184,#600,#1233,.T.);
#1233 = LINE('',#1234,#1235);
#1234 = CARTESIAN_POINT('',(892.8,-32.52691193458,-32.52691193458));
#1235 = VECTOR('',#1236,1.);
#1236 = DIRECTION('',(0.,-0.707106781187,-0.707106781187));
#1237 = ORIENTED_EDGE('',*,*,#599,.T.);
#1238 = ORIENTED_EDGE('',*,*,#1232,.F.);
#1239 = CYLINDRICAL_SURFACE('',#1240,0.8);
#1240 = AXIS2_PLACEMENT_3D('',#1241,#1242,#1243);
#1241 = CARTESIAN_POINT('',(892.,-32.52691193458,-32.52691193458));
#1242 = DIRECTION('',(-0.,0.707106781187,0.707106781187));
#1243 = DIRECTION('',(1.,0.,0.));
#1244 = ADVANCED_FACE('',(#1245,#1265,#1268,#1271,#1274,#1277,#1280,
    #1283),#1286,.F.);
#1245 = FACE_BOUND('',#1246,.T.);
#1246 = EDGE_LOOP('',(#1247,#1253,#1254,#1260,#1261,#1262,#1263,#1264));
#1247 = ORIENTED_EDGE('',*,*,#1248,.T.);
#1248 = EDGE_CURVE('',#660,#679,#1249,.T.);
#1249 = LINE('',#1250,#1251);
#1250 = CARTESIAN_POINT('',(300.,-1.187907395173E-14,-48.5));
#1251 = VECTOR('',#1252,1.);
#1252 = DIRECTION('',(1.,0.,2.22044604925E-16));
#1253 = ORIENTED_EDGE('',*,*,#724,.T.);
#1254 = ORIENTED_EDGE('',*,*,#1255,.T.);
#1255 = EDGE_CURVE('',#677,#765,#1256,.T.);
#1256 = LINE('',#1257,#1258);
#1257 = CARTESIAN_POINT('',(300.,-1.187907395173E-14,-48.5));
#1258 = VECTOR('',#1259,1.);
#1259 = DIRECTION('',(1.,0.,2.22044604925E-16));
#1260 = ORIENTED_EDGE('',*,*,#764,.T.);
#1261 = ORIENTED_EDGE('',*,*,#1255,.F.);
#1262 = ORIENTED_EDGE('',*,*,#676,.T.);
#1263 = ORIENTED_EDGE('',*,*,#1248,.F.);
#1264 = ORIENTED_EDGE('',*,*,#659,.F.);
#1265 = FACE_BOUND('',#1266,.T.);
#1266 = EDGE_LOOP('',(#1267));
#1267 = ORIENTED_EDGE('',*,*,#781,.T.);
#1268 = FACE_BOUND('',#1269,.T.);
#1269 = EDGE_LOOP('',(#1270));
#1270 = ORIENTED_EDGE('',*,*,#846,.T.);
#1271 = FACE_BOUND('',#1272,.T.);
#1272 = EDGE_LOOP('',(#1273));
#1273 = ORIENTED_EDGE('',*,*,#911,.T.);
#1274 = FACE_BOUND('',#1275,.T.);
#1275 = EDGE_LOOP('',(#1276));
#1276 = ORIENTED_EDGE('',*,*,#976,.T.);
#1277 = FACE_BOUND('',#1278,.T.);
#1278 = EDGE_LOOP('',(#1279));
#1279 = ORIENTED_EDGE('',*,*,#1053,.T.);
#1280 = FACE_BOUND('',#1281,.T.);
#1281 = EDGE_LOOP('',(#1282));
#1282 = ORIENTED_EDGE('',*,*,#1118,.T.);
#1283 = FACE_BOUND('',#1284,.T.);
#1284 = EDGE_LOOP('',(#1285));
#1285 = ORIENTED_EDGE('',*,*,#1183,.T.);
#1286 = CYLINDRICAL_SURFACE('',#1287,48.5);
#1287 = AXIS2_PLACEMENT_3D('',#1288,#1289,#1290);
#1288 = CARTESIAN_POINT('',(300.,0.,0.));
#1289 = DIRECTION('',(-1.,-0.,-2.22044604925E-16));
#1290 = DIRECTION('',(2.22044604925E-16,0.,-1.));
#1291 = MANIFOLD_SOLID_BREP('',#1292);
#1292 = CLOSED_SHELL('',(#1293,#1326,#1335));
#1293 = ADVANCED_FACE('',(#1294),#1321,.T.);
#1294 = FACE_BOUND('',#1295,.F.);
#1295 = EDGE_LOOP('',(#1296,#1306,#1313,#1314));
#1296 = ORIENTED_EDGE('',*,*,#1297,.T.);
#1297 = EDGE_CURVE('',#1298,#1300,#1302,.T.);
#1298 = VERTEX_POINT('',#1299);
#1299 = CARTESIAN_POINT('',(365.,-1.028703311284E-14,-42.));
#1300 = VERTEX_POINT('',#1301);
#1301 = CARTESIAN_POINT('',(585.,-1.028703311284E-14,-42.));
#1302 = LINE('',#1303,#1304);
#1303 = CARTESIAN_POINT('',(365.,-1.028703311284E-14,-42.));
#1304 = VECTOR('',#1305,1.);
#1305 = DIRECTION('',(1.,0.,2.22044604925E-16));
#1306 = ORIENTED_EDGE('',*,*,#1307,.T.);
#1307 = EDGE_CURVE('',#1300,#1300,#1308,.T.);
#1308 = CIRCLE('',#1309,42.);
#1309 = AXIS2_PLACEMENT_3D('',#1310,#1311,#1312);
#1310 = CARTESIAN_POINT('',(585.,0.,4.884981308351E-14));
#1311 = DIRECTION('',(1.,-0.,2.22044604925E-16));
#1312 = DIRECTION('',(2.22044604925E-16,0.,-1.));
#1313 = ORIENTED_EDGE('',*,*,#1297,.F.);
#1314 = ORIENTED_EDGE('',*,*,#1315,.F.);
#1315 = EDGE_CURVE('',#1298,#1298,#1316,.T.);
#1316 = CIRCLE('',#1317,42.);
#1317 = AXIS2_PLACEMENT_3D('',#1318,#1319,#1320);
#1318 = CARTESIAN_POINT('',(365.,0.,0.));
#1319 = DIRECTION('',(1.,-0.,2.22044604925E-16));
#1320 = DIRECTION('',(2.22044604925E-16,0.,-1.));
#1321 = CYLINDRICAL_SURFACE('',#1322,42.);
#1322 = AXIS2_PLACEMENT_3D('',#1323,#1324,#1325);
#1323 = CARTESIAN_POINT('',(365.,0.,0.));
#1324 = DIRECTION('',(-1.,-0.,-2.22044604925E-16));
#1325 = DIRECTION('',(2.22044604925E-16,0.,-1.));
#1326 = ADVANCED_FACE('',(#1327),#1330,.F.);
#1327 = FACE_BOUND('',#1328,.T.);
#1328 = EDGE_LOOP('',(#1329));
#1329 = ORIENTED_EDGE('',*,*,#1315,.F.);
#1330 = PLANE('',#1331);
#1331 = AXIS2_PLACEMENT_3D('',#1332,#1333,#1334);
#1332 = CARTESIAN_POINT('',(365.,0.,0.));
#1333 = DIRECTION('',(1.,0.,2.22044604925E-16));
#1334 = DIRECTION('',(2.22044604925E-16,0.,-1.));
#1335 = ADVANCED_FACE('',(#1336),#1339,.T.);
#1336 = FACE_BOUND('',#1337,.F.);
#1337 = EDGE_LOOP('',(#1338));
#1338 = ORIENTED_EDGE('',*,*,#1307,.F.);
#1339 = PLANE('',#1340);
#1340 = AXIS2_PLACEMENT_3D('',#1341,#1342,#1343);
#1341 = CARTESIAN_POINT('',(585.,0.,4.884981308351E-14));
#1342 = DIRECTION('',(1.,0.,2.22044604925E-16));
#1343 = DIRECTION('',(2.22044604925E-16,0.,-1.));
#1344 = MANIFOLD_SOLID_BREP('',#1345);
#1345 = CLOSED_SHELL('',(#1346,#1379,#1388));
#1346 = ADVANCED_FACE('',(#1347),#1374,.T.);
#1347 = FACE_BOUND('',#1348,.F.);
#1348 = EDGE_LOOP('',(#1349,#1359,#1366,#1367));
#1349 = ORIENTED_EDGE('',*,*,#1350,.T.);
#1350 = EDGE_CURVE('',#1351,#1353,#1355,.T.);
#1351 = VERTEX_POINT('',#1352);
#1352 = CARTESIAN_POINT('',(620.,-1.053196247267E-14,-43.));
#1353 = VERTEX_POINT('',#1354);
#1354 = CARTESIAN_POINT('',(810.,-1.053196247267E-14,-43.));
#1355 = LINE('',#1356,#1357);
#1356 = CARTESIAN_POINT('',(620.,-1.053196247267E-14,-43.));
#1357 = VECTOR('',#1358,1.);
#1358 = DIRECTION('',(1.,0.,2.22044604925E-16));
#1359 = ORIENTED_EDGE('',*,*,#1360,.T.);
#1360 = EDGE_CURVE('',#1353,#1353,#1361,.T.);
#1361 = CIRCLE('',#1362,43.);
#1362 = AXIS2_PLACEMENT_3D('',#1363,#1364,#1365);
#1363 = CARTESIAN_POINT('',(810.,0.,4.218847493576E-14));
#1364 = DIRECTION('',(1.,-0.,2.22044604925E-16));
#1365 = DIRECTION('',(2.22044604925E-16,0.,-1.));
#1366 = ORIENTED_EDGE('',*,*,#1350,.F.);
#1367 = ORIENTED_EDGE('',*,*,#1368,.F.);
#1368 = EDGE_CURVE('',#1351,#1351,#1369,.T.);
#1369 = CIRCLE('',#1370,43.);
#1370 = AXIS2_PLACEMENT_3D('',#1371,#1372,#1373);
#1371 = CARTESIAN_POINT('',(620.,0.,0.));
#1372 = DIRECTION('',(1.,-0.,2.22044604925E-16));
#1373 = DIRECTION('',(2.22044604925E-16,0.,-1.));
#1374 = CYLINDRICAL_SURFACE('',#1375,43.);
#1375 = AXIS2_PLACEMENT_3D('',#1376,#1377,#1378);
#1376 = CARTESIAN_POINT('',(620.,0.,0.));
#1377 = DIRECTION('',(-1.,-0.,-2.22044604925E-16));
#1378 = DIRECTION('',(2.22044604925E-16,0.,-1.));
#1379 = ADVANCED_FACE('',(#1380),#1383,.F.);
#1380 = FACE_BOUND('',#1381,.T.);
#1381 = EDGE_LOOP('',(#1382));
#1382 = ORIENTED_EDGE('',*,*,#1368,.F.);
#1383 = PLANE('',#1384);
#1384 = AXIS2_PLACEMENT_3D('',#1385,#1386,#1387);
#1385 = CARTESIAN_POINT('',(620.,0.,0.));
#1386 = DIRECTION('',(1.,0.,2.22044604925E-16));
#1387 = DIRECTION('',(2.22044604925E-16,0.,-1.));
#1388 = ADVANCED_FACE('',(#1389),#1392,.T.);
#1389 = FACE_BOUND('',#1390,.F.);
#1390 = EDGE_LOOP('',(#1391));
#1391 = ORIENTED_EDGE('',*,*,#1360,.F.);
#1392 = PLANE('',#1393);
#1393 = AXIS2_PLACEMENT_3D('',#1394,#1395,#1396);
#1394 = CARTESIAN_POINT('',(810.,0.,4.218847493576E-14));
#1395 = DIRECTION('',(1.,0.,2.22044604925E-16));
#1396 = DIRECTION('',(2.22044604925E-16,0.,-1.));
#1397 = MANIFOLD_SOLID_BREP('',#1398);
#1398 = CLOSED_SHELL('',(#1399,#1439,#1470,#1538,#1562,#1623,#1635,#1652
    ,#1669,#1686));
#1399 = ADVANCED_FACE('',(#1400),#1434,.F.);
#1400 = FACE_BOUND('',#1401,.F.);
#1401 = EDGE_LOOP('',(#1402,#1412,#1420,#1428));
#1402 = ORIENTED_EDGE('',*,*,#1403,.F.);
#1403 = EDGE_CURVE('',#1404,#1406,#1408,.T.);
#1404 = VERTEX_POINT('',#1405);
#1405 = CARTESIAN_POINT('',(825.,-37.,-1.5));
#1406 = VERTEX_POINT('',#1407);
#1407 = CARTESIAN_POINT('',(825.,-37.,1.5));
#1408 = LINE('',#1409,#1410);
#1409 = CARTESIAN_POINT('',(825.,-37.,-1.5));
#1410 = VECTOR('',#1411,1.);
#1411 = DIRECTION('',(0.,0.,1.));
#1412 = ORIENTED_EDGE('',*,*,#1413,.T.);
#1413 = EDGE_CURVE('',#1404,#1414,#1416,.T.);
#1414 = VERTEX_POINT('',#1415);
#1415 = CARTESIAN_POINT('',(825.,37.,-1.5));
#1416 = LINE('',#1417,#1418);
#1417 = CARTESIAN_POINT('',(825.,-37.,-1.5));
#1418 = VECTOR('',#1419,1.);
#1419 = DIRECTION('',(0.,1.,0.));
#1420 = ORIENTED_EDGE('',*,*,#1421,.T.);
#1421 = EDGE_CURVE('',#1414,#1422,#1424,.T.);
#1422 = VERTEX_POINT('',#1423);
#1423 = CARTESIAN_POINT('',(825.,37.,1.5));
#1424 = LINE('',#1425,#1426);
#1425 = CARTESIAN_POINT('',(825.,37.,-1.5));
#1426 = VECTOR('',#1427,1.);
#1427 = DIRECTION('',(0.,0.,1.));
#1428 = ORIENTED_EDGE('',*,*,#1429,.F.);
#1429 = EDGE_CURVE('',#1406,#1422,#1430,.T.);
#1430 = LINE('',#1431,#1432);
#1431 = CARTESIAN_POINT('',(825.,-37.,1.5));
#1432 = VECTOR('',#1433,1.);
#1433 = DIRECTION('',(0.,1.,0.));
#1434 = PLANE('',#1435);
#1435 = AXIS2_PLACEMENT_3D('',#1436,#1437,#1438);
#1436 = CARTESIAN_POINT('',(825.,-37.,-1.5));
#1437 = DIRECTION('',(1.,0.,0.));
#1438 = DIRECTION('',(0.,0.,1.));
#1439 = ADVANCED_FACE('',(#1440),#1465,.F.);
#1440 = FACE_BOUND('',#1441,.F.);
#1441 = EDGE_LOOP('',(#1442,#1450,#1451,#1459));
#1442 = ORIENTED_EDGE('',*,*,#1443,.F.);
#1443 = EDGE_CURVE('',#1404,#1444,#1446,.T.);
#1444 = VERTEX_POINT('',#1445);
#1445 = CARTESIAN_POINT('',(1.065E+03,-37.,-1.5));
#1446 = LINE('',#1447,#1448);
#1447 = CARTESIAN_POINT('',(825.,-37.,-1.5));
#1448 = VECTOR('',#1449,1.);
#1449 = DIRECTION('',(1.,0.,0.));
#1450 = ORIENTED_EDGE('',*,*,#1403,.T.);
#1451 = ORIENTED_EDGE('',*,*,#1452,.T.);
#1452 = EDGE_CURVE('',#1406,#1453,#1455,.T.);
#1453 = VERTEX_POINT('',#1454);
#1454 = CARTESIAN_POINT('',(1.065E+03,-37.,1.5));
#1455 = LINE('',#1456,#1457);
#1456 = CARTESIAN_POINT('',(825.,-37.,1.5));
#1457 = VECTOR('',#1458,1.);
#1458 = DIRECTION('',(1.,0.,0.));
#1459 = ORIENTED_EDGE('',*,*,#1460,.F.);
#1460 = EDGE_CURVE('',#1444,#1453,#1461,.T.);
#1461 = LINE('',#1462,#1463);
#1462 = CARTESIAN_POINT('',(1.065E+03,-37.,-1.5));
#1463 = VECTOR('',#1464,1.);
#1464 = DIRECTION('',(0.,0.,1.));
#1465 = PLANE('',#1466);
#1466 = AXIS2_PLACEMENT_3D('',#1467,#1468,#1469);
#1467 = CARTESIAN_POINT('',(825.,-37.,-1.5));
#1468 = DIRECTION('',(0.,1.,0.));
#1469 = DIRECTION('',(0.,0.,1.));
#1470 = ADVANCED_FACE('',(#1471,#1489,#1500,#1511,#1522),#1533,.T.);
#1471 = FACE_BOUND('',#1472,.T.);
#1472 = EDGE_LOOP('',(#1473,#1474,#1475,#1483));
#1473 = ORIENTED_EDGE('',*,*,#1429,.F.);
#1474 = ORIENTED_EDGE('',*,*,#1452,.T.);
#1475 = ORIENTED_EDGE('',*,*,#1476,.T.);
#1476 = EDGE_CURVE('',#1453,#1477,#1479,.T.);
#1477 = VERTEX_POINT('',#1478);
#1478 = CARTESIAN_POINT('',(1.065E+03,37.,1.5));
#1479 = LINE('',#1480,#1481);
#1480 = CARTESIAN_POINT('',(1.065E+03,-37.,1.5));
#1481 = VECTOR('',#1482,1.);
#1482 = DIRECTION('',(0.,1.,0.));
#1483 = ORIENTED_EDGE('',*,*,#1484,.F.);
#1484 = EDGE_CURVE('',#1422,#1477,#1485,.T.);
#1485 = LINE('',#1486,#1487);
#1486 = CARTESIAN_POINT('',(825.,37.,1.5));
#1487 = VECTOR('',#1488,1.);
#1488 = DIRECTION('',(1.,0.,0.));
#1489 = FACE_BOUND('',#1490,.T.);
#1490 = EDGE_LOOP('',(#1491));
#1491 = ORIENTED_EDGE('',*,*,#1492,.T.);
#1492 = EDGE_CURVE('',#1493,#1493,#1495,.T.);
#1493 = VERTEX_POINT('',#1494);
#1494 = CARTESIAN_POINT('',(838.7,-29.,1.5));
#1495 = CIRCLE('',#1496,1.7);
#1496 = AXIS2_PLACEMENT_3D('',#1497,#1498,#1499);
#1497 = CARTESIAN_POINT('',(837.,-29.,1.5));
#1498 = DIRECTION('',(0.,0.,-1.));
#1499 = DIRECTION('',(1.,0.,0.));
#1500 = FACE_BOUND('',#1501,.T.);
#1501 = EDGE_LOOP('',(#1502));
#1502 = ORIENTED_EDGE('',*,*,#1503,.T.);
#1503 = EDGE_CURVE('',#1504,#1504,#1506,.T.);
#1504 = VERTEX_POINT('',#1505);
#1505 = CARTESIAN_POINT('',(1.0547E+03,-29.,1.5));
#1506 = CIRCLE('',#1507,1.7);
#1507 = AXIS2_PLACEMENT_3D('',#1508,#1509,#1510);
#1508 = CARTESIAN_POINT('',(1.053E+03,-29.,1.5));
#1509 = DIRECTION('',(0.,0.,-1.));
#1510 = DIRECTION('',(1.,0.,0.));
#1511 = FACE_BOUND('',#1512,.T.);
#1512 = EDGE_LOOP('',(#1513));
#1513 = ORIENTED_EDGE('',*,*,#1514,.T.);
#1514 = EDGE_CURVE('',#1515,#1515,#1517,.T.);
#1515 = VERTEX_POINT('',#1516);
#1516 = CARTESIAN_POINT('',(838.7,29.,1.5));
#1517 = CIRCLE('',#1518,1.7);
#1518 = AXIS2_PLACEMENT_3D('',#1519,#1520,#1521);
#1519 = CARTESIAN_POINT('',(837.,29.,1.5));
#1520 = DIRECTION('',(0.,0.,-1.));
#1521 = DIRECTION('',(1.,0.,0.));
#1522 = FACE_BOUND('',#1523,.T.);
#1523 = EDGE_LOOP('',(#1524));
#1524 = ORIENTED_EDGE('',*,*,#1525,.T.);
#1525 = EDGE_CURVE('',#1526,#1526,#1528,.T.);
#1526 = VERTEX_POINT('',#1527);
#1527 = CARTESIAN_POINT('',(1.0547E+03,29.,1.5));
#1528 = CIRCLE('',#1529,1.7);
#1529 = AXIS2_PLACEMENT_3D('',#1530,#1531,#1532);
#1530 = CARTESIAN_POINT('',(1.053E+03,29.,1.5));
#1531 = DIRECTION('',(0.,0.,-1.));
#1532 = DIRECTION('',(1.,0.,0.));
#1533 = PLANE('',#1534);
#1534 = AXIS2_PLACEMENT_3D('',#1535,#1536,#1537);
#1535 = CARTESIAN_POINT('',(825.,-37.,1.5));
#1536 = DIRECTION('',(0.,0.,1.));
#1537 = DIRECTION('',(1.,0.,0.));
#1538 = ADVANCED_FACE('',(#1539),#1557,.T.);
#1539 = FACE_BOUND('',#1540,.T.);
#1540 = EDGE_LOOP('',(#1541,#1549,#1550,#1551));
#1541 = ORIENTED_EDGE('',*,*,#1542,.F.);
#1542 = EDGE_CURVE('',#1414,#1543,#1545,.T.);
#1543 = VERTEX_POINT('',#1544);
#1544 = CARTESIAN_POINT('',(1.065E+03,37.,-1.5));
#1545 = LINE('',#1546,#1547);
#1546 = CARTESIAN_POINT('',(825.,37.,-1.5));
#1547 = VECTOR('',#1548,1.);
#1548 = DIRECTION('',(1.,0.,0.));
#1549 = ORIENTED_EDGE('',*,*,#1421,.T.);
#1550 = ORIENTED_EDGE('',*,*,#1484,.T.);
#1551 = ORIENTED_EDGE('',*,*,#1552,.F.);
#1552 = EDGE_CURVE('',#1543,#1477,#1553,.T.);
#1553 = LINE('',#1554,#1555);
#1554 = CARTESIAN_POINT('',(1.065E+03,37.,-1.5));
#1555 = VECTOR('',#1556,1.);
#1556 = DIRECTION('',(0.,0.,1.));
#1557 = PLANE('',#1558);
#1558 = AXIS2_PLACEMENT_3D('',#1559,#1560,#1561);
#1559 = CARTESIAN_POINT('',(825.,37.,-1.5));
#1560 = DIRECTION('',(0.,1.,0.));
#1561 = DIRECTION('',(0.,0.,1.));
#1562 = ADVANCED_FACE('',(#1563,#1574,#1585,#1596,#1607),#1618,.F.);
#1563 = FACE_BOUND('',#1564,.F.);
#1564 = EDGE_LOOP('',(#1565,#1566,#1567,#1573));
#1565 = ORIENTED_EDGE('',*,*,#1413,.F.);
#1566 = ORIENTED_EDGE('',*,*,#1443,.T.);
#1567 = ORIENTED_EDGE('',*,*,#1568,.T.);
#1568 = EDGE_CURVE('',#1444,#1543,#1569,.T.);
#1569 = LINE('',#1570,#1571);
#1570 = CARTESIAN_POINT('',(1.065E+03,-37.,-1.5));
#1571 = VECTOR('',#1572,1.);
#1572 = DIRECTION('',(0.,1.,0.));
#1573 = ORIENTED_EDGE('',*,*,#1542,.F.);
#1574 = FACE_BOUND('',#1575,.F.);
#1575 = EDGE_LOOP('',(#1576));
#1576 = ORIENTED_EDGE('',*,*,#1577,.T.);
#1577 = EDGE_CURVE('',#1578,#1578,#1580,.T.);
#1578 = VERTEX_POINT('',#1579);
#1579 = CARTESIAN_POINT('',(838.7,-29.,-1.5));
#1580 = CIRCLE('',#1581,1.7);
#1581 = AXIS2_PLACEMENT_3D('',#1582,#1583,#1584);
#1582 = CARTESIAN_POINT('',(837.,-29.,-1.5));
#1583 = DIRECTION('',(0.,0.,-1.));
#1584 = DIRECTION('',(1.,0.,0.));
#1585 = FACE_BOUND('',#1586,.F.);
#1586 = EDGE_LOOP('',(#1587));
#1587 = ORIENTED_EDGE('',*,*,#1588,.T.);
#1588 = EDGE_CURVE('',#1589,#1589,#1591,.T.);
#1589 = VERTEX_POINT('',#1590);
#1590 = CARTESIAN_POINT('',(1.0547E+03,-29.,-1.5));
#1591 = CIRCLE('',#1592,1.7);
#1592 = AXIS2_PLACEMENT_3D('',#1593,#1594,#1595);
#1593 = CARTESIAN_POINT('',(1.053E+03,-29.,-1.5));
#1594 = DIRECTION('',(0.,0.,-1.));
#1595 = DIRECTION('',(1.,0.,0.));
#1596 = FACE_BOUND('',#1597,.F.);
#1597 = EDGE_LOOP('',(#1598));
#1598 = ORIENTED_EDGE('',*,*,#1599,.T.);
#1599 = EDGE_CURVE('',#1600,#1600,#1602,.T.);
#1600 = VERTEX_POINT('',#1601);
#1601 = CARTESIAN_POINT('',(838.7,29.,-1.5));
#1602 = CIRCLE('',#1603,1.7);
#1603 = AXIS2_PLACEMENT_3D('',#1604,#1605,#1606);
#1604 = CARTESIAN_POINT('',(837.,29.,-1.5));
#1605 = DIRECTION('',(0.,0.,-1.));
#1606 = DIRECTION('',(1.,0.,0.));
#1607 = FACE_BOUND('',#1608,.F.);
#1608 = EDGE_LOOP('',(#1609));
#1609 = ORIENTED_EDGE('',*,*,#1610,.T.);
#1610 = EDGE_CURVE('',#1611,#1611,#1613,.T.);
#1611 = VERTEX_POINT('',#1612);
#1612 = CARTESIAN_POINT('',(1.0547E+03,29.,-1.5));
#1613 = CIRCLE('',#1614,1.7);
#1614 = AXIS2_PLACEMENT_3D('',#1615,#1616,#1617);
#1615 = CARTESIAN_POINT('',(1.053E+03,29.,-1.5));
#1616 = DIRECTION('',(0.,0.,-1.));
#1617 = DIRECTION('',(1.,0.,0.));
#1618 = PLANE('',#1619);
#1619 = AXIS2_PLACEMENT_3D('',#1620,#1621,#1622);
#1620 = CARTESIAN_POINT('',(825.,-37.,-1.5));
#1621 = DIRECTION('',(0.,0.,1.));
#1622 = DIRECTION('',(1.,0.,0.));
#1623 = ADVANCED_FACE('',(#1624),#1630,.T.);
#1624 = FACE_BOUND('',#1625,.T.);
#1625 = EDGE_LOOP('',(#1626,#1627,#1628,#1629));
#1626 = ORIENTED_EDGE('',*,*,#1460,.F.);
#1627 = ORIENTED_EDGE('',*,*,#1568,.T.);
#1628 = ORIENTED_EDGE('',*,*,#1552,.T.);
#1629 = ORIENTED_EDGE('',*,*,#1476,.F.);
#1630 = PLANE('',#1631);
#1631 = AXIS2_PLACEMENT_3D('',#1632,#1633,#1634);
#1632 = CARTESIAN_POINT('',(1.065E+03,-37.,-1.5));
#1633 = DIRECTION('',(1.,0.,0.));
#1634 = DIRECTION('',(0.,0.,1.));
#1635 = ADVANCED_FACE('',(#1636),#1647,.F.);
#1636 = FACE_BOUND('',#1637,.T.);
#1637 = EDGE_LOOP('',(#1638,#1639,#1645,#1646));
#1638 = ORIENTED_EDGE('',*,*,#1577,.T.);
#1639 = ORIENTED_EDGE('',*,*,#1640,.T.);
#1640 = EDGE_CURVE('',#1578,#1493,#1641,.T.);
#1641 = LINE('',#1642,#1643);
#1642 = CARTESIAN_POINT('',(838.7,-29.,-4.));
#1643 = VECTOR('',#1644,1.);
#1644 = DIRECTION('',(0.,0.,1.));
#1645 = ORIENTED_EDGE('',*,*,#1492,.F.);
#1646 = ORIENTED_EDGE('',*,*,#1640,.F.);
#1647 = CYLINDRICAL_SURFACE('',#1648,1.7);
#1648 = AXIS2_PLACEMENT_3D('',#1649,#1650,#1651);
#1649 = CARTESIAN_POINT('',(837.,-29.,-4.));
#1650 = DIRECTION('',(-0.,-0.,-1.));
#1651 = DIRECTION('',(1.,0.,0.));
#1652 = ADVANCED_FACE('',(#1653),#1664,.F.);
#1653 = FACE_BOUND('',#1654,.T.);
#1654 = EDGE_LOOP('',(#1655,#1656,#1662,#1663));
#1655 = ORIENTED_EDGE('',*,*,#1588,.T.);
#1656 = ORIENTED_EDGE('',*,*,#1657,.T.);
#1657 = EDGE_CURVE('',#1589,#1504,#1658,.T.);
#1658 = LINE('',#1659,#1660);
#1659 = CARTESIAN_POINT('',(1.0547E+03,-29.,-4.));
#1660 = VECTOR('',#1661,1.);
#1661 = DIRECTION('',(0.,0.,1.));
#1662 = ORIENTED_EDGE('',*,*,#1503,.F.);
#1663 = ORIENTED_EDGE('',*,*,#1657,.F.);
#1664 = CYLINDRICAL_SURFACE('',#1665,1.7);
#1665 = AXIS2_PLACEMENT_3D('',#1666,#1667,#1668);
#1666 = CARTESIAN_POINT('',(1.053E+03,-29.,-4.));
#1667 = DIRECTION('',(-0.,-0.,-1.));
#1668 = DIRECTION('',(1.,0.,0.));
#1669 = ADVANCED_FACE('',(#1670),#1681,.F.);
#1670 = FACE_BOUND('',#1671,.T.);
#1671 = EDGE_LOOP('',(#1672,#1673,#1679,#1680));
#1672 = ORIENTED_EDGE('',*,*,#1599,.T.);
#1673 = ORIENTED_EDGE('',*,*,#1674,.T.);
#1674 = EDGE_CURVE('',#1600,#1515,#1675,.T.);
#1675 = LINE('',#1676,#1677);
#1676 = CARTESIAN_POINT('',(838.7,29.,-4.));
#1677 = VECTOR('',#1678,1.);
#1678 = DIRECTION('',(0.,0.,1.));
#1679 = ORIENTED_EDGE('',*,*,#1514,.F.);
#1680 = ORIENTED_EDGE('',*,*,#1674,.F.);
#1681 = CYLINDRICAL_SURFACE('',#1682,1.7);
#1682 = AXIS2_PLACEMENT_3D('',#1683,#1684,#1685);
#1683 = CARTESIAN_POINT('',(837.,29.,-4.));
#1684 = DIRECTION('',(-0.,-0.,-1.));
#1685 = DIRECTION('',(1.,0.,0.));
#1686 = ADVANCED_FACE('',(#1687),#1698,.F.);
#1687 = FACE_BOUND('',#1688,.T.);
#1688 = EDGE_LOOP('',(#1689,#1690,#1696,#1697));
#1689 = ORIENTED_EDGE('',*,*,#1610,.T.);
#1690 = ORIENTED_EDGE('',*,*,#1691,.T.);
#1691 = EDGE_CURVE('',#1611,#1526,#1692,.T.);
#1692 = LINE('',#1693,#1694);
#1693 = CARTESIAN_POINT('',(1.0547E+03,29.,-4.));
#1694 = VECTOR('',#1695,1.);
#1695 = DIRECTION('',(0.,0.,1.));
#1696 = ORIENTED_EDGE('',*,*,#1525,.F.);
#1697 = ORIENTED_EDGE('',*,*,#1691,.F.);
#1698 = CYLINDRICAL_SURFACE('',#1699,1.7);
#1699 = AXIS2_PLACEMENT_3D('',#1700,#1701,#1702);
#1700 = CARTESIAN_POINT('',(1.053E+03,29.,-4.));
#1701 = DIRECTION('',(-0.,-0.,-1.));
#1702 = DIRECTION('',(1.,0.,0.));
#1703 = MANIFOLD_SOLID_BREP('',#1704);
#1704 = CLOSED_SHELL('',(#1705,#1745,#1785,#1807,#1829,#1841));
#1705 = ADVANCED_FACE('',(#1706),#1740,.F.);
#1706 = FACE_BOUND('',#1707,.F.);
#1707 = EDGE_LOOP('',(#1708,#1718,#1726,#1734));
#1708 = ORIENTED_EDGE('',*,*,#1709,.F.);
#1709 = EDGE_CURVE('',#1710,#1712,#1714,.T.);
#1710 = VERTEX_POINT('',#1711);
#1711 = CARTESIAN_POINT('',(825.,37.,-4.));
#1712 = VERTEX_POINT('',#1713);
#1713 = CARTESIAN_POINT('',(825.,37.,4.));
#1714 = LINE('',#1715,#1716);
#1715 = CARTESIAN_POINT('',(825.,37.,-4.));
#1716 = VECTOR('',#1717,1.);
#1717 = DIRECTION('',(0.,0.,1.));
#1718 = ORIENTED_EDGE('',*,*,#1719,.T.);
#1719 = EDGE_CURVE('',#1710,#1720,#1722,.T.);
#1720 = VERTEX_POINT('',#1721);
#1721 = CARTESIAN_POINT('',(825.,41.,-4.));
#1722 = LINE('',#1723,#1724);
#1723 = CARTESIAN_POINT('',(825.,37.,-4.));
#1724 = VECTOR('',#1725,1.);
#1725 = DIRECTION('',(0.,1.,0.));
#1726 = ORIENTED_EDGE('',*,*,#1727,.T.);
#1727 = EDGE_CURVE('',#1720,#1728,#1730,.T.);
#1728 = VERTEX_POINT('',#1729);
#1729 = CARTESIAN_POINT('',(825.,41.,4.));
#1730 = LINE('',#1731,#1732);
#1731 = CARTESIAN_POINT('',(825.,41.,-4.));
#1732 = VECTOR('',#1733,1.);
#1733 = DIRECTION('',(0.,0.,1.));
#1734 = ORIENTED_EDGE('',*,*,#1735,.F.);
#1735 = EDGE_CURVE('',#1712,#1728,#1736,.T.);
#1736 = LINE('',#1737,#1738);
#1737 = CARTESIAN_POINT('',(825.,37.,4.));
#1738 = VECTOR('',#1739,1.);
#1739 = DIRECTION('',(0.,1.,0.));
#1740 = PLANE('',#1741);
#1741 = AXIS2_PLACEMENT_3D('',#1742,#1743,#1744);
#1742 = CARTESIAN_POINT('',(825.,37.,-4.));
#1743 = DIRECTION('',(1.,0.,0.));
#1744 = DIRECTION('',(0.,0.,1.));
#1745 = ADVANCED_FACE('',(#1746),#1780,.T.);
#1746 = FACE_BOUND('',#1747,.T.);
#1747 = EDGE_LOOP('',(#1748,#1758,#1766,#1774));
#1748 = ORIENTED_EDGE('',*,*,#1749,.F.);
#1749 = EDGE_CURVE('',#1750,#1752,#1754,.T.);
#1750 = VERTEX_POINT('',#1751);
#1751 = CARTESIAN_POINT('',(1.065E+03,37.,-4.));
#1752 = VERTEX_POINT('',#1753);
#1753 = CARTESIAN_POINT('',(1.065E+03,37.,4.));
#1754 = LINE('',#1755,#1756);
#1755 = CARTESIAN_POINT('',(1.065E+03,37.,-4.));
#1756 = VECTOR('',#1757,1.);
#1757 = DIRECTION('',(0.,0.,1.));
#1758 = ORIENTED_EDGE('',*,*,#1759,.T.);
#1759 = EDGE_CURVE('',#1750,#1760,#1762,.T.);
#1760 = VERTEX_POINT('',#1761);
#1761 = CARTESIAN_POINT('',(1.065E+03,41.,-4.));
#1762 = LINE('',#1763,#1764);
#1763 = CARTESIAN_POINT('',(1.065E+03,37.,-4.));
#1764 = VECTOR('',#1765,1.);
#1765 = DIRECTION('',(0.,1.,0.));
#1766 = ORIENTED_EDGE('',*,*,#1767,.T.);
#1767 = EDGE_CURVE('',#1760,#1768,#1770,.T.);
#1768 = VERTEX_POINT('',#1769);
#1769 = CARTESIAN_POINT('',(1.065E+03,41.,4.));
#1770 = LINE('',#1771,#1772);
#1771 = CARTESIAN_POINT('',(1.065E+03,41.,-4.));
#1772 = VECTOR('',#1773,1.);
#1773 = DIRECTION('',(0.,0.,1.));
#1774 = ORIENTED_EDGE('',*,*,#1775,.F.);
#1775 = EDGE_CURVE('',#1752,#1768,#1776,.T.);
#1776 = LINE('',#1777,#1778);
#1777 = CARTESIAN_POINT('',(1.065E+03,37.,4.));
#1778 = VECTOR('',#1779,1.);
#1779 = DIRECTION('',(0.,1.,0.));
#1780 = PLANE('',#1781);
#1781 = AXIS2_PLACEMENT_3D('',#1782,#1783,#1784);
#1782 = CARTESIAN_POINT('',(1.065E+03,37.,-4.));
#1783 = DIRECTION('',(1.,0.,0.));
#1784 = DIRECTION('',(0.,0.,1.));
#1785 = ADVANCED_FACE('',(#1786),#1802,.F.);
#1786 = FACE_BOUND('',#1787,.F.);
#1787 = EDGE_LOOP('',(#1788,#1794,#1795,#1801));
#1788 = ORIENTED_EDGE('',*,*,#1789,.F.);
#1789 = EDGE_CURVE('',#1710,#1750,#1790,.T.);
#1790 = LINE('',#1791,#1792);
#1791 = CARTESIAN_POINT('',(825.,37.,-4.));
#1792 = VECTOR('',#1793,1.);
#1793 = DIRECTION('',(1.,0.,0.));
#1794 = ORIENTED_EDGE('',*,*,#1709,.T.);
#1795 = ORIENTED_EDGE('',*,*,#1796,.T.);
#1796 = EDGE_CURVE('',#1712,#1752,#1797,.T.);
#1797 = LINE('',#1798,#1799);
#1798 = CARTESIAN_POINT('',(825.,37.,4.));
#1799 = VECTOR('',#1800,1.);
#1800 = DIRECTION('',(1.,0.,0.));
#1801 = ORIENTED_EDGE('',*,*,#1749,.F.);
#1802 = PLANE('',#1803);
#1803 = AXIS2_PLACEMENT_3D('',#1804,#1805,#1806);
#1804 = CARTESIAN_POINT('',(825.,37.,-4.));
#1805 = DIRECTION('',(0.,1.,0.));
#1806 = DIRECTION('',(0.,0.,1.));
#1807 = ADVANCED_FACE('',(#1808),#1824,.T.);
#1808 = FACE_BOUND('',#1809,.T.);
#1809 = EDGE_LOOP('',(#1810,#1816,#1817,#1823));
#1810 = ORIENTED_EDGE('',*,*,#1811,.F.);
#1811 = EDGE_CURVE('',#1720,#1760,#1812,.T.);
#1812 = LINE('',#1813,#1814);
#1813 = CARTESIAN_POINT('',(825.,41.,-4.));
#1814 = VECTOR('',#1815,1.);
#1815 = DIRECTION('',(1.,0.,0.));
#1816 = ORIENTED_EDGE('',*,*,#1727,.T.);
#1817 = ORIENTED_EDGE('',*,*,#1818,.T.);
#1818 = EDGE_CURVE('',#1728,#1768,#1819,.T.);
#1819 = LINE('',#1820,#1821);
#1820 = CARTESIAN_POINT('',(825.,41.,4.));
#1821 = VECTOR('',#1822,1.);
#1822 = DIRECTION('',(1.,0.,0.));
#1823 = ORIENTED_EDGE('',*,*,#1767,.F.);
#1824 = PLANE('',#1825);
#1825 = AXIS2_PLACEMENT_3D('',#1826,#1827,#1828);
#1826 = CARTESIAN_POINT('',(825.,41.,-4.));
#1827 = DIRECTION('',(0.,1.,0.));
#1828 = DIRECTION('',(0.,0.,1.));
#1829 = ADVANCED_FACE('',(#1830),#1836,.F.);
#1830 = FACE_BOUND('',#1831,.F.);
#1831 = EDGE_LOOP('',(#1832,#1833,#1834,#1835));
#1832 = ORIENTED_EDGE('',*,*,#1719,.F.);
#1833 = ORIENTED_EDGE('',*,*,#1789,.T.);
#1834 = ORIENTED_EDGE('',*,*,#1759,.T.);
#1835 = ORIENTED_EDGE('',*,*,#1811,.F.);
#1836 = PLANE('',#1837);
#1837 = AXIS2_PLACEMENT_3D('',#1838,#1839,#1840);
#1838 = CARTESIAN_POINT('',(825.,37.,-4.));
#1839 = DIRECTION('',(0.,0.,1.));
#1840 = DIRECTION('',(1.,0.,0.));
#1841 = ADVANCED_FACE('',(#1842),#1848,.T.);
#1842 = FACE_BOUND('',#1843,.T.);
#1843 = EDGE_LOOP('',(#1844,#1845,#1846,#1847));
#1844 = ORIENTED_EDGE('',*,*,#1735,.F.);
#1845 = ORIENTED_EDGE('',*,*,#1796,.T.);
#1846 = ORIENTED_EDGE('',*,*,#1775,.T.);
#1847 = ORIENTED_EDGE('',*,*,#1818,.F.);
#1848 = PLANE('',#1849);
#1849 = AXIS2_PLACEMENT_3D('',#1850,#1851,#1852);
#1850 = CARTESIAN_POINT('',(825.,37.,4.));
#1851 = DIRECTION('',(0.,0.,1.));
#1852 = DIRECTION('',(1.,0.,0.));
#1853 = MANIFOLD_SOLID_BREP('',#1854);
#1854 = CLOSED_SHELL('',(#1855,#1895,#1935,#1957,#1979,#1991));
#1855 = ADVANCED_FACE('',(#1856),#1890,.F.);
#1856 = FACE_BOUND('',#1857,.F.);
#1857 = EDGE_LOOP('',(#1858,#1868,#1876,#1884));
#1858 = ORIENTED_EDGE('',*,*,#1859,.F.);
#1859 = EDGE_CURVE('',#1860,#1862,#1864,.T.);
#1860 = VERTEX_POINT('',#1861);
#1861 = CARTESIAN_POINT('',(825.,-41.,-4.));
#1862 = VERTEX_POINT('',#1863);
#1863 = CARTESIAN_POINT('',(825.,-41.,4.));
#1864 = LINE('',#1865,#1866);
#1865 = CARTESIAN_POINT('',(825.,-41.,-4.));
#1866 = VECTOR('',#1867,1.);
#1867 = DIRECTION('',(0.,0.,1.));
#1868 = ORIENTED_EDGE('',*,*,#1869,.T.);
#1869 = EDGE_CURVE('',#1860,#1870,#1872,.T.);
#1870 = VERTEX_POINT('',#1871);
#1871 = CARTESIAN_POINT('',(825.,-37.,-4.));
#1872 = LINE('',#1873,#1874);
#1873 = CARTESIAN_POINT('',(825.,-41.,-4.));
#1874 = VECTOR('',#1875,1.);
#1875 = DIRECTION('',(0.,1.,0.));
#1876 = ORIENTED_EDGE('',*,*,#1877,.T.);
#1877 = EDGE_CURVE('',#1870,#1878,#1880,.T.);
#1878 = VERTEX_POINT('',#1879);
#1879 = CARTESIAN_POINT('',(825.,-37.,4.));
#1880 = LINE('',#1881,#1882);
#1881 = CARTESIAN_POINT('',(825.,-37.,-4.));
#1882 = VECTOR('',#1883,1.);
#1883 = DIRECTION('',(0.,0.,1.));
#1884 = ORIENTED_EDGE('',*,*,#1885,.F.);
#1885 = EDGE_CURVE('',#1862,#1878,#1886,.T.);
#1886 = LINE('',#1887,#1888);
#1887 = CARTESIAN_POINT('',(825.,-41.,4.));
#1888 = VECTOR('',#1889,1.);
#1889 = DIRECTION('',(0.,1.,0.));
#1890 = PLANE('',#1891);
#1891 = AXIS2_PLACEMENT_3D('',#1892,#1893,#1894);
#1892 = CARTESIAN_POINT('',(825.,-41.,-4.));
#1893 = DIRECTION('',(1.,0.,0.));
#1894 = DIRECTION('',(0.,0.,1.));
#1895 = ADVANCED_FACE('',(#1896),#1930,.T.);
#1896 = FACE_BOUND('',#1897,.T.);
#1897 = EDGE_LOOP('',(#1898,#1908,#1916,#1924));
#1898 = ORIENTED_EDGE('',*,*,#1899,.F.);
#1899 = EDGE_CURVE('',#1900,#1902,#1904,.T.);
#1900 = VERTEX_POINT('',#1901);
#1901 = CARTESIAN_POINT('',(1.065E+03,-41.,-4.));
#1902 = VERTEX_POINT('',#1903);
#1903 = CARTESIAN_POINT('',(1.065E+03,-41.,4.));
#1904 = LINE('',#1905,#1906);
#1905 = CARTESIAN_POINT('',(1.065E+03,-41.,-4.));
#1906 = VECTOR('',#1907,1.);
#1907 = DIRECTION('',(0.,0.,1.));
#1908 = ORIENTED_EDGE('',*,*,#1909,.T.);
#1909 = EDGE_CURVE('',#1900,#1910,#1912,.T.);
#1910 = VERTEX_POINT('',#1911);
#1911 = CARTESIAN_POINT('',(1.065E+03,-37.,-4.));
#1912 = LINE('',#1913,#1914);
#1913 = CARTESIAN_POINT('',(1.065E+03,-41.,-4.));
#1914 = VECTOR('',#1915,1.);
#1915 = DIRECTION('',(0.,1.,0.));
#1916 = ORIENTED_EDGE('',*,*,#1917,.T.);
#1917 = EDGE_CURVE('',#1910,#1918,#1920,.T.);
#1918 = VERTEX_POINT('',#1919);
#1919 = CARTESIAN_POINT('',(1.065E+03,-37.,4.));
#1920 = LINE('',#1921,#1922);
#1921 = CARTESIAN_POINT('',(1.065E+03,-37.,-4.));
#1922 = VECTOR('',#1923,1.);
#1923 = DIRECTION('',(0.,0.,1.));
#1924 = ORIENTED_EDGE('',*,*,#1925,.F.);
#1925 = EDGE_CURVE('',#1902,#1918,#1926,.T.);
#1926 = LINE('',#1927,#1928);
#1927 = CARTESIAN_POINT('',(1.065E+03,-41.,4.));
#1928 = VECTOR('',#1929,1.);
#1929 = DIRECTION('',(0.,1.,0.));
#1930 = PLANE('',#1931);
#1931 = AXIS2_PLACEMENT_3D('',#1932,#1933,#1934);
#1932 = CARTESIAN_POINT('',(1.065E+03,-41.,-4.));
#1933 = DIRECTION('',(1.,0.,0.));
#1934 = DIRECTION('',(0.,0.,1.));
#1935 = ADVANCED_FACE('',(#1936),#1952,.F.);
#1936 = FACE_BOUND('',#1937,.F.);
#1937 = EDGE_LOOP('',(#1938,#1944,#1945,#1951));
#1938 = ORIENTED_EDGE('',*,*,#1939,.F.);
#1939 = EDGE_CURVE('',#1860,#1900,#1940,.T.);
#1940 = LINE('',#1941,#1942);
#1941 = CARTESIAN_POINT('',(825.,-41.,-4.));
#1942 = VECTOR('',#1943,1.);
#1943 = DIRECTION('',(1.,0.,0.));
#1944 = ORIENTED_EDGE('',*,*,#1859,.T.);
#1945 = ORIENTED_EDGE('',*,*,#1946,.T.);
#1946 = EDGE_CURVE('',#1862,#1902,#1947,.T.);
#1947 = LINE('',#1948,#1949);
#1948 = CARTESIAN_POINT('',(825.,-41.,4.));
#1949 = VECTOR('',#1950,1.);
#1950 = DIRECTION('',(1.,0.,0.));
#1951 = ORIENTED_EDGE('',*,*,#1899,.F.);
#1952 = PLANE('',#1953);
#1953 = AXIS2_PLACEMENT_3D('',#1954,#1955,#1956);
#1954 = CARTESIAN_POINT('',(825.,-41.,-4.));
#1955 = DIRECTION('',(0.,1.,0.));
#1956 = DIRECTION('',(0.,0.,1.));
#1957 = ADVANCED_FACE('',(#1958),#1974,.T.);
#1958 = FACE_BOUND('',#1959,.T.);
#1959 = EDGE_LOOP('',(#1960,#1966,#1967,#1973));
#1960 = ORIENTED_EDGE('',*,*,#1961,.F.);
#1961 = EDGE_CURVE('',#1870,#1910,#1962,.T.);
#1962 = LINE('',#1963,#1964);
#1963 = CARTESIAN_POINT('',(825.,-37.,-4.));
#1964 = VECTOR('',#1965,1.);
#1965 = DIRECTION('',(1.,0.,0.));
#1966 = ORIENTED_EDGE('',*,*,#1877,.T.);
#1967 = ORIENTED_EDGE('',*,*,#1968,.T.);
#1968 = EDGE_CURVE('',#1878,#1918,#1969,.T.);
#1969 = LINE('',#1970,#1971);
#1970 = CARTESIAN_POINT('',(825.,-37.,4.));
#1971 = VECTOR('',#1972,1.);
#1972 = DIRECTION('',(1.,0.,0.));
#1973 = ORIENTED_EDGE('',*,*,#1917,.F.);
#1974 = PLANE('',#1975);
#1975 = AXIS2_PLACEMENT_3D('',#1976,#1977,#1978);
#1976 = CARTESIAN_POINT('',(825.,-37.,-4.));
#1977 = DIRECTION('',(0.,1.,0.));
#1978 = DIRECTION('',(0.,0.,1.));
#1979 = ADVANCED_FACE('',(#1980),#1986,.F.);
#1980 = FACE_BOUND('',#1981,.F.);
#1981 = EDGE_LOOP('',(#1982,#1983,#1984,#1985));
#1982 = ORIENTED_EDGE('',*,*,#1869,.F.);
#1983 = ORIENTED_EDGE('',*,*,#1939,.T.);
#1984 = ORIENTED_EDGE('',*,*,#1909,.T.);
#1985 = ORIENTED_EDGE('',*,*,#1961,.F.);
#1986 = PLANE('',#1987);
#1987 = AXIS2_PLACEMENT_3D('',#1988,#1989,#1990);
#1988 = CARTESIAN_POINT('',(825.,-41.,-4.));
#1989 = DIRECTION('',(0.,0.,1.));
#1990 = DIRECTION('',(1.,0.,0.));
#1991 = ADVANCED_FACE('',(#1992),#1998,.T.);
#1992 = FACE_BOUND('',#1993,.T.);
#1993 = EDGE_LOOP('',(#1994,#1995,#1996,#1997));
#1994 = ORIENTED_EDGE('',*,*,#1885,.F.);
#1995 = ORIENTED_EDGE('',*,*,#1946,.T.);
#1996 = ORIENTED_EDGE('',*,*,#1925,.T.);
#1997 = ORIENTED_EDGE('',*,*,#1968,.F.);
#1998 = PLANE('',#1999);
#1999 = AXIS2_PLACEMENT_3D('',#2000,#2001,#2002);
#2000 = CARTESIAN_POINT('',(825.,-41.,4.));
#2001 = DIRECTION('',(0.,0.,1.));
#2002 = DIRECTION('',(1.,0.,0.));
#2003 = MANIFOLD_SOLID_BREP('',#2004);
#2004 = CLOSED_SHELL('',(#2005,#2038,#2058,#2078));
#2005 = ADVANCED_FACE('',(#2006),#2033,.T.);
#2006 = FACE_BOUND('',#2007,.F.);
#2007 = EDGE_LOOP('',(#2008,#2018,#2025,#2026));
#2008 = ORIENTED_EDGE('',*,*,#2009,.T.);
#2009 = EDGE_CURVE('',#2010,#2012,#2014,.T.);
#2010 = VERTEX_POINT('',#2011);
#2011 = CARTESIAN_POINT('',(819.,-1.183008807976E-14,-48.3));
#2012 = VERTEX_POINT('',#2013);
#2013 = CARTESIAN_POINT('',(825.,-1.183008807976E-14,-48.3));
#2014 = LINE('',#2015,#2016);
#2015 = CARTESIAN_POINT('',(819.,-1.183008807976E-14,-48.3));
#2016 = VECTOR('',#2017,1.);
#2017 = DIRECTION('',(1.,0.,2.22044604925E-16));
#2018 = ORIENTED_EDGE('',*,*,#2019,.T.);
#2019 = EDGE_CURVE('',#2012,#2012,#2020,.T.);
#2020 = CIRCLE('',#2021,48.3);
#2021 = AXIS2_PLACEMENT_3D('',#2022,#2023,#2024);
#2022 = CARTESIAN_POINT('',(825.,0.,1.33226762955E-15));
#2023 = DIRECTION('',(1.,-0.,2.22044604925E-16));
#2024 = DIRECTION('',(2.22044604925E-16,0.,-1.));
#2025 = ORIENTED_EDGE('',*,*,#2009,.F.);
#2026 = ORIENTED_EDGE('',*,*,#2027,.F.);
#2027 = EDGE_CURVE('',#2010,#2010,#2028,.T.);
#2028 = CIRCLE('',#2029,48.3);
#2029 = AXIS2_PLACEMENT_3D('',#2030,#2031,#2032);
#2030 = CARTESIAN_POINT('',(819.,0.,0.));
#2031 = DIRECTION('',(1.,-0.,2.22044604925E-16));
#2032 = DIRECTION('',(2.22044604925E-16,0.,-1.));
#2033 = CYLINDRICAL_SURFACE('',#2034,48.3);
#2034 = AXIS2_PLACEMENT_3D('',#2035,#2036,#2037);
#2035 = CARTESIAN_POINT('',(819.,0.,0.));
#2036 = DIRECTION('',(-1.,-0.,-2.22044604925E-16));
#2037 = DIRECTION('',(2.22044604925E-16,0.,-1.));
#2038 = ADVANCED_FACE('',(#2039,#2042),#2053,.F.);
#2039 = FACE_BOUND('',#2040,.F.);
#2040 = EDGE_LOOP('',(#2041));
#2041 = ORIENTED_EDGE('',*,*,#2027,.T.);
#2042 = FACE_BOUND('',#2043,.F.);
#2043 = EDGE_LOOP('',(#2044));
#2044 = ORIENTED_EDGE('',*,*,#2045,.F.);
#2045 = EDGE_CURVE('',#2046,#2046,#2048,.T.);
#2046 = VERTEX_POINT('',#2047);
#2047 = CARTESIAN_POINT('',(819.,-8.572527594031E-15,-35.));
#2048 = CIRCLE('',#2049,35.);
#2049 = AXIS2_PLACEMENT_3D('',#2050,#2051,#2052);
#2050 = CARTESIAN_POINT('',(819.,0.,0.));
#2051 = DIRECTION('',(1.,-0.,2.22044604925E-16));
#2052 = DIRECTION('',(2.22044604925E-16,0.,-1.));
#2053 = PLANE('',#2054);
#2054 = AXIS2_PLACEMENT_3D('',#2055,#2056,#2057);
#2055 = CARTESIAN_POINT('',(819.,0.,0.));
#2056 = DIRECTION('',(1.,0.,2.22044604925E-16));
#2057 = DIRECTION('',(2.22044604925E-16,0.,-1.));
#2058 = ADVANCED_FACE('',(#2059,#2062),#2073,.T.);
#2059 = FACE_BOUND('',#2060,.T.);
#2060 = EDGE_LOOP('',(#2061));
#2061 = ORIENTED_EDGE('',*,*,#2019,.T.);
#2062 = FACE_BOUND('',#2063,.T.);
#2063 = EDGE_LOOP('',(#2064));
#2064 = ORIENTED_EDGE('',*,*,#2065,.F.);
#2065 = EDGE_CURVE('',#2066,#2066,#2068,.T.);
#2066 = VERTEX_POINT('',#2067);
#2067 = CARTESIAN_POINT('',(825.,-8.572527594031E-15,-35.));
#2068 = CIRCLE('',#2069,35.);
#2069 = AXIS2_PLACEMENT_3D('',#2070,#2071,#2072);
#2070 = CARTESIAN_POINT('',(825.,0.,1.33226762955E-15));
#2071 = DIRECTION('',(1.,-0.,2.22044604925E-16));
#2072 = DIRECTION('',(2.22044604925E-16,0.,-1.));
#2073 = PLANE('',#2074);
#2074 = AXIS2_PLACEMENT_3D('',#2075,#2076,#2077);
#2075 = CARTESIAN_POINT('',(825.,0.,1.33226762955E-15));
#2076 = DIRECTION('',(1.,0.,2.22044604925E-16));
#2077 = DIRECTION('',(2.22044604925E-16,0.,-1.));
#2078 = ADVANCED_FACE('',(#2079),#2090,.F.);
#2079 = FACE_BOUND('',#2080,.T.);
#2080 = EDGE_LOOP('',(#2081,#2087,#2088,#2089));
#2081 = ORIENTED_EDGE('',*,*,#2082,.T.);
#2082 = EDGE_CURVE('',#2046,#2066,#2083,.T.);
#2083 = LINE('',#2084,#2085);
#2084 = CARTESIAN_POINT('',(819.,-8.572527594031E-15,-35.));
#2085 = VECTOR('',#2086,1.);
#2086 = DIRECTION('',(1.,0.,2.22044604925E-16));
#2087 = ORIENTED_EDGE('',*,*,#2065,.T.);
#2088 = ORIENTED_EDGE('',*,*,#2082,.F.);
#2089 = ORIENTED_EDGE('',*,*,#2045,.F.);
#2090 = CYLINDRICAL_SURFACE('',#2091,35.);
#2091 = AXIS2_PLACEMENT_3D('',#2092,#2093,#2094);
#2092 = CARTESIAN_POINT('',(819.,0.,0.));
#2093 = DIRECTION('',(-1.,-0.,-2.22044604925E-16));
#2094 = DIRECTION('',(2.22044604925E-16,0.,-1.));
#2095 = MANIFOLD_SOLID_BREP('',#2096);
#2096 = CLOSED_SHELL('',(#2097,#2130,#2150,#2170));
#2097 = ADVANCED_FACE('',(#2098),#2125,.T.);
#2098 = FACE_BOUND('',#2099,.F.);
#2099 = EDGE_LOOP('',(#2100,#2110,#2117,#2118));
#2100 = ORIENTED_EDGE('',*,*,#2101,.T.);
#2101 = EDGE_CURVE('',#2102,#2104,#2106,.T.);
#2102 = VERTEX_POINT('',#2103);
#2103 = CARTESIAN_POINT('',(1.065E+03,-1.183008807976E-14,-48.3));
#2104 = VERTEX_POINT('',#2105);
#2105 = CARTESIAN_POINT('',(1.071E+03,-1.183008807976E-14,-48.3));
#2106 = LINE('',#2107,#2108);
#2107 = CARTESIAN_POINT('',(1.065E+03,-1.183008807976E-14,-48.3));
#2108 = VECTOR('',#2109,1.);
#2109 = DIRECTION('',(1.,0.,2.22044604925E-16));
#2110 = ORIENTED_EDGE('',*,*,#2111,.T.);
#2111 = EDGE_CURVE('',#2104,#2104,#2112,.T.);
#2112 = CIRCLE('',#2113,48.3);
#2113 = AXIS2_PLACEMENT_3D('',#2114,#2115,#2116);
#2114 = CARTESIAN_POINT('',(1.071E+03,0.,1.33226762955E-15));
#2115 = DIRECTION('',(1.,-0.,2.22044604925E-16));
#2116 = DIRECTION('',(2.22044604925E-16,0.,-1.));
#2117 = ORIENTED_EDGE('',*,*,#2101,.F.);
#2118 = ORIENTED_EDGE('',*,*,#2119,.F.);
#2119 = EDGE_CURVE('',#2102,#2102,#2120,.T.);
#2120 = CIRCLE('',#2121,48.3);
#2121 = AXIS2_PLACEMENT_3D('',#2122,#2123,#2124);
#2122 = CARTESIAN_POINT('',(1.065E+03,0.,0.));
#2123 = DIRECTION('',(1.,-0.,2.22044604925E-16));
#2124 = DIRECTION('',(2.22044604925E-16,0.,-1.));
#2125 = CYLINDRICAL_SURFACE('',#2126,48.3);
#2126 = AXIS2_PLACEMENT_3D('',#2127,#2128,#2129);
#2127 = CARTESIAN_POINT('',(1.065E+03,0.,0.));
#2128 = DIRECTION('',(-1.,-0.,-2.22044604925E-16));
#2129 = DIRECTION('',(2.22044604925E-16,0.,-1.));
#2130 = ADVANCED_FACE('',(#2131,#2134),#2145,.F.);
#2131 = FACE_BOUND('',#2132,.F.);
#2132 = EDGE_LOOP('',(#2133));
#2133 = ORIENTED_EDGE('',*,*,#2119,.T.);
#2134 = FACE_BOUND('',#2135,.F.);
#2135 = EDGE_LOOP('',(#2136));
#2136 = ORIENTED_EDGE('',*,*,#2137,.F.);
#2137 = EDGE_CURVE('',#2138,#2138,#2140,.T.);
#2138 = VERTEX_POINT('',#2139);
#2139 = CARTESIAN_POINT('',(1.065E+03,-8.572527594031E-15,-35.));
#2140 = CIRCLE('',#2141,35.);
#2141 = AXIS2_PLACEMENT_3D('',#2142,#2143,#2144);
#2142 = CARTESIAN_POINT('',(1.065E+03,0.,0.));
#2143 = DIRECTION('',(1.,-0.,2.22044604925E-16));
#2144 = DIRECTION('',(2.22044604925E-16,0.,-1.));
#2145 = PLANE('',#2146);
#2146 = AXIS2_PLACEMENT_3D('',#2147,#2148,#2149);
#2147 = CARTESIAN_POINT('',(1.065E+03,0.,0.));
#2148 = DIRECTION('',(1.,0.,2.22044604925E-16));
#2149 = DIRECTION('',(2.22044604925E-16,0.,-1.));
#2150 = ADVANCED_FACE('',(#2151,#2154),#2165,.T.);
#2151 = FACE_BOUND('',#2152,.T.);
#2152 = EDGE_LOOP('',(#2153));
#2153 = ORIENTED_EDGE('',*,*,#2111,.T.);
#2154 = FACE_BOUND('',#2155,.T.);
#2155 = EDGE_LOOP('',(#2156));
#2156 = ORIENTED_EDGE('',*,*,#2157,.F.);
#2157 = EDGE_CURVE('',#2158,#2158,#2160,.T.);
#2158 = VERTEX_POINT('',#2159);
#2159 = CARTESIAN_POINT('',(1.071E+03,-8.572527594031E-15,-35.));
#2160 = CIRCLE('',#2161,35.);
#2161 = AXIS2_PLACEMENT_3D('',#2162,#2163,#2164);
#2162 = CARTESIAN_POINT('',(1.071E+03,0.,1.33226762955E-15));
#2163 = DIRECTION('',(1.,-0.,2.22044604925E-16));
#2164 = DIRECTION('',(2.22044604925E-16,0.,-1.));
#2165 = PLANE('',#2166);
#2166 = AXIS2_PLACEMENT_3D('',#2167,#2168,#2169);
#2167 = CARTESIAN_POINT('',(1.071E+03,0.,1.33226762955E-15));
#2168 = DIRECTION('',(1.,0.,2.22044604925E-16));
#2169 = DIRECTION('',(2.22044604925E-16,0.,-1.));
#2170 = ADVANCED_FACE('',(#2171),#2182,.F.);
#2171 = FACE_BOUND('',#2172,.T.);
#2172 = EDGE_LOOP('',(#2173,#2179,#2180,#2181));
#2173 = ORIENTED_EDGE('',*,*,#2174,.T.);
#2174 = EDGE_CURVE('',#2138,#2158,#2175,.T.);
#2175 = LINE('',#2176,#2177);
#2176 = CARTESIAN_POINT('',(1.065E+03,-8.572527594031E-15,-35.));
#2177 = VECTOR('',#2178,1.);
#2178 = DIRECTION('',(1.,0.,2.22044604925E-16));
#2179 = ORIENTED_EDGE('',*,*,#2157,.T.);
#2180 = ORIENTED_EDGE('',*,*,#2174,.F.);
#2181 = ORIENTED_EDGE('',*,*,#2137,.F.);
#2182 = CYLINDRICAL_SURFACE('',#2183,35.);
#2183 = AXIS2_PLACEMENT_3D('',#2184,#2185,#2186);
#2184 = CARTESIAN_POINT('',(1.065E+03,0.,0.));
#2185 = DIRECTION('',(-1.,-0.,-2.22044604925E-16));
#2186 = DIRECTION('',(2.22044604925E-16,0.,-1.));
#2187 = MANIFOLD_SOLID_BREP('',#2188);
#2188 = CLOSED_SHELL('',(#2189,#2222,#2242,#2262));
#2189 = ADVANCED_FACE('',(#2190),#2217,.T.);
#2190 = FACE_BOUND('',#2191,.F.);
#2191 = EDGE_LOOP('',(#2192,#2202,#2209,#2210));
#2192 = ORIENTED_EDGE('',*,*,#2193,.T.);
#2193 = EDGE_CURVE('',#2194,#2196,#2198,.T.);
#2194 = VERTEX_POINT('',#2195);
#2195 = CARTESIAN_POINT('',(600.,-1.183008807976E-14,-48.3));
#2196 = VERTEX_POINT('',#2197);
#2197 = CARTESIAN_POINT('',(606.,-1.183008807976E-14,-48.3));
#2198 = LINE('',#2199,#2200);
#2199 = CARTESIAN_POINT('',(600.,-1.183008807976E-14,-48.3));
#2200 = VECTOR('',#2201,1.);
#2201 = DIRECTION('',(1.,0.,2.22044604925E-16));
#2202 = ORIENTED_EDGE('',*,*,#2203,.T.);
#2203 = EDGE_CURVE('',#2196,#2196,#2204,.T.);
#2204 = CIRCLE('',#2205,48.3);
#2205 = AXIS2_PLACEMENT_3D('',#2206,#2207,#2208);
#2206 = CARTESIAN_POINT('',(606.,0.,1.33226762955E-15));
#2207 = DIRECTION('',(1.,-0.,2.22044604925E-16));
#2208 = DIRECTION('',(2.22044604925E-16,0.,-1.));
#2209 = ORIENTED_EDGE('',*,*,#2193,.F.);
#2210 = ORIENTED_EDGE('',*,*,#2211,.F.);
#2211 = EDGE_CURVE('',#2194,#2194,#2212,.T.);
#2212 = CIRCLE('',#2213,48.3);
#2213 = AXIS2_PLACEMENT_3D('',#2214,#2215,#2216);
#2214 = CARTESIAN_POINT('',(600.,0.,0.));
#2215 = DIRECTION('',(1.,-0.,2.22044604925E-16));
#2216 = DIRECTION('',(2.22044604925E-16,0.,-1.));
#2217 = CYLINDRICAL_SURFACE('',#2218,48.3);
#2218 = AXIS2_PLACEMENT_3D('',#2219,#2220,#2221);
#2219 = CARTESIAN_POINT('',(600.,0.,0.));
#2220 = DIRECTION('',(-1.,-0.,-2.22044604925E-16));
#2221 = DIRECTION('',(2.22044604925E-16,0.,-1.));
#2222 = ADVANCED_FACE('',(#2223,#2226),#2237,.F.);
#2223 = FACE_BOUND('',#2224,.F.);
#2224 = EDGE_LOOP('',(#2225));
#2225 = ORIENTED_EDGE('',*,*,#2211,.T.);
#2226 = FACE_BOUND('',#2227,.F.);
#2227 = EDGE_LOOP('',(#2228));
#2228 = ORIENTED_EDGE('',*,*,#2229,.F.);
#2229 = EDGE_CURVE('',#2230,#2230,#2232,.T.);
#2230 = VERTEX_POINT('',#2231);
#2231 = CARTESIAN_POINT('',(600.,-7.347880794884E-15,-30.));
#2232 = CIRCLE('',#2233,30.);
#2233 = AXIS2_PLACEMENT_3D('',#2234,#2235,#2236);
#2234 = CARTESIAN_POINT('',(600.,0.,0.));
#2235 = DIRECTION('',(1.,-0.,2.22044604925E-16));
#2236 = DIRECTION('',(2.22044604925E-16,0.,-1.));
#2237 = PLANE('',#2238);
#2238 = AXIS2_PLACEMENT_3D('',#2239,#2240,#2241);
#2239 = CARTESIAN_POINT('',(600.,0.,0.));
#2240 = DIRECTION('',(1.,0.,2.22044604925E-16));
#2241 = DIRECTION('',(2.22044604925E-16,0.,-1.));
#2242 = ADVANCED_FACE('',(#2243,#2246),#2257,.T.);
#2243 = FACE_BOUND('',#2244,.T.);
#2244 = EDGE_LOOP('',(#2245));
#2245 = ORIENTED_EDGE('',*,*,#2203,.T.);
#2246 = FACE_BOUND('',#2247,.T.);
#2247 = EDGE_LOOP('',(#2248));
#2248 = ORIENTED_EDGE('',*,*,#2249,.F.);
#2249 = EDGE_CURVE('',#2250,#2250,#2252,.T.);
#2250 = VERTEX_POINT('',#2251);
#2251 = CARTESIAN_POINT('',(606.,-7.347880794884E-15,-30.));
#2252 = CIRCLE('',#2253,30.);
#2253 = AXIS2_PLACEMENT_3D('',#2254,#2255,#2256);
#2254 = CARTESIAN_POINT('',(606.,0.,1.33226762955E-15));
#2255 = DIRECTION('',(1.,-0.,2.22044604925E-16));
#2256 = DIRECTION('',(2.22044604925E-16,0.,-1.));
#2257 = PLANE('',#2258);
#2258 = AXIS2_PLACEMENT_3D('',#2259,#2260,#2261);
#2259 = CARTESIAN_POINT('',(606.,0.,1.33226762955E-15));
#2260 = DIRECTION('',(1.,0.,2.22044604925E-16));
#2261 = DIRECTION('',(2.22044604925E-16,0.,-1.));
#2262 = ADVANCED_FACE('',(#2263),#2274,.F.);
#2263 = FACE_BOUND('',#2264,.T.);
#2264 = EDGE_LOOP('',(#2265,#2271,#2272,#2273));
#2265 = ORIENTED_EDGE('',*,*,#2266,.T.);
#2266 = EDGE_CURVE('',#2230,#2250,#2267,.T.);
#2267 = LINE('',#2268,#2269);
#2268 = CARTESIAN_POINT('',(600.,-7.347880794884E-15,-30.));
#2269 = VECTOR('',#2270,1.);
#2270 = DIRECTION('',(1.,0.,2.22044604925E-16));
#2271 = ORIENTED_EDGE('',*,*,#2249,.T.);
#2272 = ORIENTED_EDGE('',*,*,#2266,.F.);
#2273 = ORIENTED_EDGE('',*,*,#2229,.F.);
#2274 = CYLINDRICAL_SURFACE('',#2275,30.);
#2275 = AXIS2_PLACEMENT_3D('',#2276,#2277,#2278);
#2276 = CARTESIAN_POINT('',(600.,0.,0.));
#2277 = DIRECTION('',(-1.,-0.,-2.22044604925E-16));
#2278 = DIRECTION('',(2.22044604925E-16,0.,-1.));
#2279 = MANIFOLD_SOLID_BREP('',#2280);
#2280 = CLOSED_SHELL('',(#2281,#2321,#2361,#2383,#2405,#2417));
#2281 = ADVANCED_FACE('',(#2282),#2316,.F.);
#2282 = FACE_BOUND('',#2283,.F.);
#2283 = EDGE_LOOP('',(#2284,#2294,#2302,#2310));
#2284 = ORIENTED_EDGE('',*,*,#2285,.F.);
#2285 = EDGE_CURVE('',#2286,#2288,#2290,.T.);
#2286 = VERTEX_POINT('',#2287);
#2287 = CARTESIAN_POINT('',(850.,-32.,4.));
#2288 = VERTEX_POINT('',#2289);
#2289 = CARTESIAN_POINT('',(850.,-32.,16.));
#2290 = LINE('',#2291,#2292);
#2291 = CARTESIAN_POINT('',(850.,-32.,4.));
#2292 = VECTOR('',#2293,1.);
#2293 = DIRECTION('',(0.,0.,1.));
#2294 = ORIENTED_EDGE('',*,*,#2295,.T.);
#2295 = EDGE_CURVE('',#2286,#2296,#2298,.T.);
#2296 = VERTEX_POINT('',#2297);
#2297 = CARTESIAN_POINT('',(850.,32.,4.));
#2298 = LINE('',#2299,#2300);
#2299 = CARTESIAN_POINT('',(850.,-32.,4.));
#2300 = VECTOR('',#2301,1.);
#2301 = DIRECTION('',(0.,1.,0.));
#2302 = ORIENTED_EDGE('',*,*,#2303,.T.);
#2303 = EDGE_CURVE('',#2296,#2304,#2306,.T.);
#2304 = VERTEX_POINT('',#2305);
#2305 = CARTESIAN_POINT('',(850.,32.,16.));
#2306 = LINE('',#2307,#2308);
#2307 = CARTESIAN_POINT('',(850.,32.,4.));
#2308 = VECTOR('',#2309,1.);
#2309 = DIRECTION('',(0.,0.,1.));
#2310 = ORIENTED_EDGE('',*,*,#2311,.F.);
#2311 = EDGE_CURVE('',#2288,#2304,#2312,.T.);
#2312 = LINE('',#2313,#2314);
#2313 = CARTESIAN_POINT('',(850.,-32.,16.));
#2314 = VECTOR('',#2315,1.);
#2315 = DIRECTION('',(0.,1.,0.));
#2316 = PLANE('',#2317);
#2317 = AXIS2_PLACEMENT_3D('',#2318,#2319,#2320);
#2318 = CARTESIAN_POINT('',(850.,-32.,4.));
#2319 = DIRECTION('',(1.,0.,0.));
#2320 = DIRECTION('',(0.,0.,1.));
#2321 = ADVANCED_FACE('',(#2322),#2356,.T.);
#2322 = FACE_BOUND('',#2323,.T.);
#2323 = EDGE_LOOP('',(#2324,#2334,#2342,#2350));
#2324 = ORIENTED_EDGE('',*,*,#2325,.F.);
#2325 = EDGE_CURVE('',#2326,#2328,#2330,.T.);
#2326 = VERTEX_POINT('',#2327);
#2327 = CARTESIAN_POINT('',(945.,-32.,4.));
#2328 = VERTEX_POINT('',#2329);
#2329 = CARTESIAN_POINT('',(945.,-32.,16.));
#2330 = LINE('',#2331,#2332);
#2331 = CARTESIAN_POINT('',(945.,-32.,4.));
#2332 = VECTOR('',#2333,1.);
#2333 = DIRECTION('',(0.,0.,1.));
#2334 = ORIENTED_EDGE('',*,*,#2335,.T.);
#2335 = EDGE_CURVE('',#2326,#2336,#2338,.T.);
#2336 = VERTEX_POINT('',#2337);
#2337 = CARTESIAN_POINT('',(945.,32.,4.));
#2338 = LINE('',#2339,#2340);
#2339 = CARTESIAN_POINT('',(945.,-32.,4.));
#2340 = VECTOR('',#2341,1.);
#2341 = DIRECTION('',(0.,1.,0.));
#2342 = ORIENTED_EDGE('',*,*,#2343,.T.);
#2343 = EDGE_CURVE('',#2336,#2344,#2346,.T.);
#2344 = VERTEX_POINT('',#2345);
#2345 = CARTESIAN_POINT('',(945.,32.,16.));
#2346 = LINE('',#2347,#2348);
#2347 = CARTESIAN_POINT('',(945.,32.,4.));
#2348 = VECTOR('',#2349,1.);
#2349 = DIRECTION('',(0.,0.,1.));
#2350 = ORIENTED_EDGE('',*,*,#2351,.F.);
#2351 = EDGE_CURVE('',#2328,#2344,#2352,.T.);
#2352 = LINE('',#2353,#2354);
#2353 = CARTESIAN_POINT('',(945.,-32.,16.));
#2354 = VECTOR('',#2355,1.);
#2355 = DIRECTION('',(0.,1.,0.));
#2356 = PLANE('',#2357);
#2357 = AXIS2_PLACEMENT_3D('',#2358,#2359,#2360);
#2358 = CARTESIAN_POINT('',(945.,-32.,4.));
#2359 = DIRECTION('',(1.,0.,0.));
#2360 = DIRECTION('',(0.,0.,1.));
#2361 = ADVANCED_FACE('',(#2362),#2378,.F.);
#2362 = FACE_BOUND('',#2363,.F.);
#2363 = EDGE_LOOP('',(#2364,#2370,#2371,#2377));
#2364 = ORIENTED_EDGE('',*,*,#2365,.F.);
#2365 = EDGE_CURVE('',#2286,#2326,#2366,.T.);
#2366 = LINE('',#2367,#2368);
#2367 = CARTESIAN_POINT('',(850.,-32.,4.));
#2368 = VECTOR('',#2369,1.);
#2369 = DIRECTION('',(1.,0.,0.));
#2370 = ORIENTED_EDGE('',*,*,#2285,.T.);
#2371 = ORIENTED_EDGE('',*,*,#2372,.T.);
#2372 = EDGE_CURVE('',#2288,#2328,#2373,.T.);
#2373 = LINE('',#2374,#2375);
#2374 = CARTESIAN_POINT('',(850.,-32.,16.));
#2375 = VECTOR('',#2376,1.);
#2376 = DIRECTION('',(1.,0.,0.));
#2377 = ORIENTED_EDGE('',*,*,#2325,.F.);
#2378 = PLANE('',#2379);
#2379 = AXIS2_PLACEMENT_3D('',#2380,#2381,#2382);
#2380 = CARTESIAN_POINT('',(850.,-32.,4.));
#2381 = DIRECTION('',(0.,1.,0.));
#2382 = DIRECTION('',(0.,0.,1.));
#2383 = ADVANCED_FACE('',(#2384),#2400,.T.);
#2384 = FACE_BOUND('',#2385,.T.);
#2385 = EDGE_LOOP('',(#2386,#2392,#2393,#2399));
#2386 = ORIENTED_EDGE('',*,*,#2387,.F.);
#2387 = EDGE_CURVE('',#2296,#2336,#2388,.T.);
#2388 = LINE('',#2389,#2390);
#2389 = CARTESIAN_POINT('',(850.,32.,4.));
#2390 = VECTOR('',#2391,1.);
#2391 = DIRECTION('',(1.,0.,0.));
#2392 = ORIENTED_EDGE('',*,*,#2303,.T.);
#2393 = ORIENTED_EDGE('',*,*,#2394,.T.);
#2394 = EDGE_CURVE('',#2304,#2344,#2395,.T.);
#2395 = LINE('',#2396,#2397);
#2396 = CARTESIAN_POINT('',(850.,32.,16.));
#2397 = VECTOR('',#2398,1.);
#2398 = DIRECTION('',(1.,0.,0.));
#2399 = ORIENTED_EDGE('',*,*,#2343,.F.);
#2400 = PLANE('',#2401);
#2401 = AXIS2_PLACEMENT_3D('',#2402,#2403,#2404);
#2402 = CARTESIAN_POINT('',(850.,32.,4.));
#2403 = DIRECTION('',(0.,1.,0.));
#2404 = DIRECTION('',(0.,0.,1.));
#2405 = ADVANCED_FACE('',(#2406),#2412,.F.);
#2406 = FACE_BOUND('',#2407,.F.);
#2407 = EDGE_LOOP('',(#2408,#2409,#2410,#2411));
#2408 = ORIENTED_EDGE('',*,*,#2295,.F.);
#2409 = ORIENTED_EDGE('',*,*,#2365,.T.);
#2410 = ORIENTED_EDGE('',*,*,#2335,.T.);
#2411 = ORIENTED_EDGE('',*,*,#2387,.F.);
#2412 = PLANE('',#2413);
#2413 = AXIS2_PLACEMENT_3D('',#2414,#2415,#2416);
#2414 = CARTESIAN_POINT('',(850.,-32.,4.));
#2415 = DIRECTION('',(0.,0.,1.));
#2416 = DIRECTION('',(1.,0.,0.));
#2417 = ADVANCED_FACE('',(#2418),#2424,.T.);
#2418 = FACE_BOUND('',#2419,.T.);
#2419 = EDGE_LOOP('',(#2420,#2421,#2422,#2423));
#2420 = ORIENTED_EDGE('',*,*,#2311,.F.);
#2421 = ORIENTED_EDGE('',*,*,#2372,.T.);
#2422 = ORIENTED_EDGE('',*,*,#2351,.T.);
#2423 = ORIENTED_EDGE('',*,*,#2394,.F.);
#2424 = PLANE('',#2425);
#2425 = AXIS2_PLACEMENT_3D('',#2426,#2427,#2428);
#2426 = CARTESIAN_POINT('',(850.,-32.,16.));
#2427 = DIRECTION('',(0.,0.,1.));
#2428 = DIRECTION('',(1.,0.,0.));
#2429 = MANIFOLD_SOLID_BREP('',#2430);
#2430 = CLOSED_SHELL('',(#2431,#2471,#2511,#2533,#2555,#2567));
#2431 = ADVANCED_FACE('',(#2432),#2466,.F.);
#2432 = FACE_BOUND('',#2433,.F.);
#2433 = EDGE_LOOP('',(#2434,#2444,#2452,#2460));
#2434 = ORIENTED_EDGE('',*,*,#2435,.F.);
#2435 = EDGE_CURVE('',#2436,#2438,#2440,.T.);
#2436 = VERTEX_POINT('',#2437);
#2437 = CARTESIAN_POINT('',(850.,-15.,-22.));
#2438 = VERTEX_POINT('',#2439);
#2439 = CARTESIAN_POINT('',(850.,-15.,-4.));
#2440 = LINE('',#2441,#2442);
#2441 = CARTESIAN_POINT('',(850.,-15.,-22.));
#2442 = VECTOR('',#2443,1.);
#2443 = DIRECTION('',(0.,0.,1.));
#2444 = ORIENTED_EDGE('',*,*,#2445,.T.);
#2445 = EDGE_CURVE('',#2436,#2446,#2448,.T.);
#2446 = VERTEX_POINT('',#2447);
#2447 = CARTESIAN_POINT('',(850.,15.,-22.));
#2448 = LINE('',#2449,#2450);
#2449 = CARTESIAN_POINT('',(850.,-15.,-22.));
#2450 = VECTOR('',#2451,1.);
#2451 = DIRECTION('',(0.,1.,0.));
#2452 = ORIENTED_EDGE('',*,*,#2453,.T.);
#2453 = EDGE_CURVE('',#2446,#2454,#2456,.T.);
#2454 = VERTEX_POINT('',#2455);
#2455 = CARTESIAN_POINT('',(850.,15.,-4.));
#2456 = LINE('',#2457,#2458);
#2457 = CARTESIAN_POINT('',(850.,15.,-22.));
#2458 = VECTOR('',#2459,1.);
#2459 = DIRECTION('',(0.,0.,1.));
#2460 = ORIENTED_EDGE('',*,*,#2461,.F.);
#2461 = EDGE_CURVE('',#2438,#2454,#2462,.T.);
#2462 = LINE('',#2463,#2464);
#2463 = CARTESIAN_POINT('',(850.,-15.,-4.));
#2464 = VECTOR('',#2465,1.);
#2465 = DIRECTION('',(0.,1.,0.));
#2466 = PLANE('',#2467);
#2467 = AXIS2_PLACEMENT_3D('',#2468,#2469,#2470);
#2468 = CARTESIAN_POINT('',(850.,-15.,-22.));
#2469 = DIRECTION('',(1.,0.,0.));
#2470 = DIRECTION('',(0.,0.,1.));
#2471 = ADVANCED_FACE('',(#2472),#2506,.T.);
#2472 = FACE_BOUND('',#2473,.T.);
#2473 = EDGE_LOOP('',(#2474,#2484,#2492,#2500));
#2474 = ORIENTED_EDGE('',*,*,#2475,.F.);
#2475 = EDGE_CURVE('',#2476,#2478,#2480,.T.);
#2476 = VERTEX_POINT('',#2477);
#2477 = CARTESIAN_POINT('',(934.,-15.,-22.));
#2478 = VERTEX_POINT('',#2479);
#2479 = CARTESIAN_POINT('',(934.,-15.,-4.));
#2480 = LINE('',#2481,#2482);
#2481 = CARTESIAN_POINT('',(934.,-15.,-22.));
#2482 = VECTOR('',#2483,1.);
#2483 = DIRECTION('',(0.,0.,1.));
#2484 = ORIENTED_EDGE('',*,*,#2485,.T.);
#2485 = EDGE_CURVE('',#2476,#2486,#2488,.T.);
#2486 = VERTEX_POINT('',#2487);
#2487 = CARTESIAN_POINT('',(934.,15.,-22.));
#2488 = LINE('',#2489,#2490);
#2489 = CARTESIAN_POINT('',(934.,-15.,-22.));
#2490 = VECTOR('',#2491,1.);
#2491 = DIRECTION('',(0.,1.,0.));
#2492 = ORIENTED_EDGE('',*,*,#2493,.T.);
#2493 = EDGE_CURVE('',#2486,#2494,#2496,.T.);
#2494 = VERTEX_POINT('',#2495);
#2495 = CARTESIAN_POINT('',(934.,15.,-4.));
#2496 = LINE('',#2497,#2498);
#2497 = CARTESIAN_POINT('',(934.,15.,-22.));
#2498 = VECTOR('',#2499,1.);
#2499 = DIRECTION('',(0.,0.,1.));
#2500 = ORIENTED_EDGE('',*,*,#2501,.F.);
#2501 = EDGE_CURVE('',#2478,#2494,#2502,.T.);
#2502 = LINE('',#2503,#2504);
#2503 = CARTESIAN_POINT('',(934.,-15.,-4.));
#2504 = VECTOR('',#2505,1.);
#2505 = DIRECTION('',(0.,1.,0.));
#2506 = PLANE('',#2507);
#2507 = AXIS2_PLACEMENT_3D('',#2508,#2509,#2510);
#2508 = CARTESIAN_POINT('',(934.,-15.,-22.));
#2509 = DIRECTION('',(1.,0.,0.));
#2510 = DIRECTION('',(0.,0.,1.));
#2511 = ADVANCED_FACE('',(#2512),#2528,.F.);
#2512 = FACE_BOUND('',#2513,.F.);
#2513 = EDGE_LOOP('',(#2514,#2520,#2521,#2527));
#2514 = ORIENTED_EDGE('',*,*,#2515,.F.);
#2515 = EDGE_CURVE('',#2436,#2476,#2516,.T.);
#2516 = LINE('',#2517,#2518);
#2517 = CARTESIAN_POINT('',(850.,-15.,-22.));
#2518 = VECTOR('',#2519,1.);
#2519 = DIRECTION('',(1.,0.,0.));
#2520 = ORIENTED_EDGE('',*,*,#2435,.T.);
#2521 = ORIENTED_EDGE('',*,*,#2522,.T.);
#2522 = EDGE_CURVE('',#2438,#2478,#2523,.T.);
#2523 = LINE('',#2524,#2525);
#2524 = CARTESIAN_POINT('',(850.,-15.,-4.));
#2525 = VECTOR('',#2526,1.);
#2526 = DIRECTION('',(1.,0.,0.));
#2527 = ORIENTED_EDGE('',*,*,#2475,.F.);
#2528 = PLANE('',#2529);
#2529 = AXIS2_PLACEMENT_3D('',#2530,#2531,#2532);
#2530 = CARTESIAN_POINT('',(850.,-15.,-22.));
#2531 = DIRECTION('',(0.,1.,0.));
#2532 = DIRECTION('',(0.,0.,1.));
#2533 = ADVANCED_FACE('',(#2534),#2550,.T.);
#2534 = FACE_BOUND('',#2535,.T.);
#2535 = EDGE_LOOP('',(#2536,#2542,#2543,#2549));
#2536 = ORIENTED_EDGE('',*,*,#2537,.F.);
#2537 = EDGE_CURVE('',#2446,#2486,#2538,.T.);
#2538 = LINE('',#2539,#2540);
#2539 = CARTESIAN_POINT('',(850.,15.,-22.));
#2540 = VECTOR('',#2541,1.);
#2541 = DIRECTION('',(1.,0.,0.));
#2542 = ORIENTED_EDGE('',*,*,#2453,.T.);
#2543 = ORIENTED_EDGE('',*,*,#2544,.T.);
#2544 = EDGE_CURVE('',#2454,#2494,#2545,.T.);
#2545 = LINE('',#2546,#2547);
#2546 = CARTESIAN_POINT('',(850.,15.,-4.));
#2547 = VECTOR('',#2548,1.);
#2548 = DIRECTION('',(1.,0.,0.));
#2549 = ORIENTED_EDGE('',*,*,#2493,.F.);
#2550 = PLANE('',#2551);
#2551 = AXIS2_PLACEMENT_3D('',#2552,#2553,#2554);
#2552 = CARTESIAN_POINT('',(850.,15.,-22.));
#2553 = DIRECTION('',(0.,1.,0.));
#2554 = DIRECTION('',(0.,0.,1.));
#2555 = ADVANCED_FACE('',(#2556),#2562,.F.);
#2556 = FACE_BOUND('',#2557,.F.);
#2557 = EDGE_LOOP('',(#2558,#2559,#2560,#2561));
#2558 = ORIENTED_EDGE('',*,*,#2445,.F.);
#2559 = ORIENTED_EDGE('',*,*,#2515,.T.);
#2560 = ORIENTED_EDGE('',*,*,#2485,.T.);
#2561 = ORIENTED_EDGE('',*,*,#2537,.F.);
#2562 = PLANE('',#2563);
#2563 = AXIS2_PLACEMENT_3D('',#2564,#2565,#2566);
#2564 = CARTESIAN_POINT('',(850.,-15.,-22.));
#2565 = DIRECTION('',(0.,0.,1.));
#2566 = DIRECTION('',(1.,0.,0.));
#2567 = ADVANCED_FACE('',(#2568),#2574,.T.);
#2568 = FACE_BOUND('',#2569,.T.);
#2569 = EDGE_LOOP('',(#2570,#2571,#2572,#2573));
#2570 = ORIENTED_EDGE('',*,*,#2461,.F.);
#2571 = ORIENTED_EDGE('',*,*,#2522,.T.);
#2572 = ORIENTED_EDGE('',*,*,#2501,.T.);
#2573 = ORIENTED_EDGE('',*,*,#2544,.F.);
#2574 = PLANE('',#2575);
#2575 = AXIS2_PLACEMENT_3D('',#2576,#2577,#2578);
#2576 = CARTESIAN_POINT('',(850.,-15.,-4.));
#2577 = DIRECTION('',(0.,0.,1.));
#2578 = DIRECTION('',(1.,0.,0.));
#2579 = MANIFOLD_SOLID_BREP('',#2580);
#2580 = CLOSED_SHELL('',(#2581,#2621,#2661,#2683,#2705,#2717));
#2581 = ADVANCED_FACE('',(#2582),#2616,.F.);
#2582 = FACE_BOUND('',#2583,.F.);
#2583 = EDGE_LOOP('',(#2584,#2594,#2602,#2610));
#2584 = ORIENTED_EDGE('',*,*,#2585,.F.);
#2585 = EDGE_CURVE('',#2586,#2588,#2590,.T.);
#2586 = VERTEX_POINT('',#2587);
#2587 = CARTESIAN_POINT('',(970.,-20.,4.));
#2588 = VERTEX_POINT('',#2589);
#2589 = CARTESIAN_POINT('',(970.,-20.,26.));
#2590 = LINE('',#2591,#2592);
#2591 = CARTESIAN_POINT('',(970.,-20.,4.));
#2592 = VECTOR('',#2593,1.);
#2593 = DIRECTION('',(0.,0.,1.));
#2594 = ORIENTED_EDGE('',*,*,#2595,.T.);
#2595 = EDGE_CURVE('',#2586,#2596,#2598,.T.);
#2596 = VERTEX_POINT('',#2597);
#2597 = CARTESIAN_POINT('',(970.,20.,4.));
#2598 = LINE('',#2599,#2600);
#2599 = CARTESIAN_POINT('',(970.,-20.,4.));
#2600 = VECTOR('',#2601,1.);
#2601 = DIRECTION('',(0.,1.,0.));
#2602 = ORIENTED_EDGE('',*,*,#2603,.T.);
#2603 = EDGE_CURVE('',#2596,#2604,#2606,.T.);
#2604 = VERTEX_POINT('',#2605);
#2605 = CARTESIAN_POINT('',(970.,20.,26.));
#2606 = LINE('',#2607,#2608);
#2607 = CARTESIAN_POINT('',(970.,20.,4.));
#2608 = VECTOR('',#2609,1.);
#2609 = DIRECTION('',(0.,0.,1.));
#2610 = ORIENTED_EDGE('',*,*,#2611,.F.);
#2611 = EDGE_CURVE('',#2588,#2604,#2612,.T.);
#2612 = LINE('',#2613,#2614);
#2613 = CARTESIAN_POINT('',(970.,-20.,26.));
#2614 = VECTOR('',#2615,1.);
#2615 = DIRECTION('',(0.,1.,0.));
#2616 = PLANE('',#2617);
#2617 = AXIS2_PLACEMENT_3D('',#2618,#2619,#2620);
#2618 = CARTESIAN_POINT('',(970.,-20.,4.));
#2619 = DIRECTION('',(1.,0.,0.));
#2620 = DIRECTION('',(0.,0.,1.));
#2621 = ADVANCED_FACE('',(#2622),#2656,.T.);
#2622 = FACE_BOUND('',#2623,.T.);
#2623 = EDGE_LOOP('',(#2624,#2634,#2642,#2650));
#2624 = ORIENTED_EDGE('',*,*,#2625,.F.);
#2625 = EDGE_CURVE('',#2626,#2628,#2630,.T.);
#2626 = VERTEX_POINT('',#2627);
#2627 = CARTESIAN_POINT('',(1.04E+03,-20.,4.));
#2628 = VERTEX_POINT('',#2629);
#2629 = CARTESIAN_POINT('',(1.04E+03,-20.,26.));
#2630 = LINE('',#2631,#2632);
#2631 = CARTESIAN_POINT('',(1.04E+03,-20.,4.));
#2632 = VECTOR('',#2633,1.);
#2633 = DIRECTION('',(0.,0.,1.));
#2634 = ORIENTED_EDGE('',*,*,#2635,.T.);
#2635 = EDGE_CURVE('',#2626,#2636,#2638,.T.);
#2636 = VERTEX_POINT('',#2637);
#2637 = CARTESIAN_POINT('',(1.04E+03,20.,4.));
#2638 = LINE('',#2639,#2640);
#2639 = CARTESIAN_POINT('',(1.04E+03,-20.,4.));
#2640 = VECTOR('',#2641,1.);
#2641 = DIRECTION('',(0.,1.,0.));
#2642 = ORIENTED_EDGE('',*,*,#2643,.T.);
#2643 = EDGE_CURVE('',#2636,#2644,#2646,.T.);
#2644 = VERTEX_POINT('',#2645);
#2645 = CARTESIAN_POINT('',(1.04E+03,20.,26.));
#2646 = LINE('',#2647,#2648);
#2647 = CARTESIAN_POINT('',(1.04E+03,20.,4.));
#2648 = VECTOR('',#2649,1.);
#2649 = DIRECTION('',(0.,0.,1.));
#2650 = ORIENTED_EDGE('',*,*,#2651,.F.);
#2651 = EDGE_CURVE('',#2628,#2644,#2652,.T.);
#2652 = LINE('',#2653,#2654);
#2653 = CARTESIAN_POINT('',(1.04E+03,-20.,26.));
#2654 = VECTOR('',#2655,1.);
#2655 = DIRECTION('',(0.,1.,0.));
#2656 = PLANE('',#2657);
#2657 = AXIS2_PLACEMENT_3D('',#2658,#2659,#2660);
#2658 = CARTESIAN_POINT('',(1.04E+03,-20.,4.));
#2659 = DIRECTION('',(1.,0.,0.));
#2660 = DIRECTION('',(0.,0.,1.));
#2661 = ADVANCED_FACE('',(#2662),#2678,.F.);
#2662 = FACE_BOUND('',#2663,.F.);
#2663 = EDGE_LOOP('',(#2664,#2670,#2671,#2677));
#2664 = ORIENTED_EDGE('',*,*,#2665,.F.);
#2665 = EDGE_CURVE('',#2586,#2626,#2666,.T.);
#2666 = LINE('',#2667,#2668);
#2667 = CARTESIAN_POINT('',(970.,-20.,4.));
#2668 = VECTOR('',#2669,1.);
#2669 = DIRECTION('',(1.,0.,0.));
#2670 = ORIENTED_EDGE('',*,*,#2585,.T.);
#2671 = ORIENTED_EDGE('',*,*,#2672,.T.);
#2672 = EDGE_CURVE('',#2588,#2628,#2673,.T.);
#2673 = LINE('',#2674,#2675);
#2674 = CARTESIAN_POINT('',(970.,-20.,26.));
#2675 = VECTOR('',#2676,1.);
#2676 = DIRECTION('',(1.,0.,0.));
#2677 = ORIENTED_EDGE('',*,*,#2625,.F.);
#2678 = PLANE('',#2679);
#2679 = AXIS2_PLACEMENT_3D('',#2680,#2681,#2682);
#2680 = CARTESIAN_POINT('',(970.,-20.,4.));
#2681 = DIRECTION('',(0.,1.,0.));
#2682 = DIRECTION('',(0.,0.,1.));
#2683 = ADVANCED_FACE('',(#2684),#2700,.T.);
#2684 = FACE_BOUND('',#2685,.T.);
#2685 = EDGE_LOOP('',(#2686,#2692,#2693,#2699));
#2686 = ORIENTED_EDGE('',*,*,#2687,.F.);
#2687 = EDGE_CURVE('',#2596,#2636,#2688,.T.);
#2688 = LINE('',#2689,#2690);
#2689 = CARTESIAN_POINT('',(970.,20.,4.));
#2690 = VECTOR('',#2691,1.);
#2691 = DIRECTION('',(1.,0.,0.));
#2692 = ORIENTED_EDGE('',*,*,#2603,.T.);
#2693 = ORIENTED_EDGE('',*,*,#2694,.T.);
#2694 = EDGE_CURVE('',#2604,#2644,#2695,.T.);
#2695 = LINE('',#2696,#2697);
#2696 = CARTESIAN_POINT('',(970.,20.,26.));
#2697 = VECTOR('',#2698,1.);
#2698 = DIRECTION('',(1.,0.,0.));
#2699 = ORIENTED_EDGE('',*,*,#2643,.F.);
#2700 = PLANE('',#2701);
#2701 = AXIS2_PLACEMENT_3D('',#2702,#2703,#2704);
#2702 = CARTESIAN_POINT('',(970.,20.,4.));
#2703 = DIRECTION('',(0.,1.,0.));
#2704 = DIRECTION('',(0.,0.,1.));
#2705 = ADVANCED_FACE('',(#2706),#2712,.F.);
#2706 = FACE_BOUND('',#2707,.F.);
#2707 = EDGE_LOOP('',(#2708,#2709,#2710,#2711));
#2708 = ORIENTED_EDGE('',*,*,#2595,.F.);
#2709 = ORIENTED_EDGE('',*,*,#2665,.T.);
#2710 = ORIENTED_EDGE('',*,*,#2635,.T.);
#2711 = ORIENTED_EDGE('',*,*,#2687,.F.);
#2712 = PLANE('',#2713);
#2713 = AXIS2_PLACEMENT_3D('',#2714,#2715,#2716);
#2714 = CARTESIAN_POINT('',(970.,-20.,4.));
#2715 = DIRECTION('',(0.,0.,1.));
#2716 = DIRECTION('',(1.,0.,0.));
#2717 = ADVANCED_FACE('',(#2718),#2724,.T.);
#2718 = FACE_BOUND('',#2719,.T.);
#2719 = EDGE_LOOP('',(#2720,#2721,#2722,#2723));
#2720 = ORIENTED_EDGE('',*,*,#2611,.F.);
#2721 = ORIENTED_EDGE('',*,*,#2672,.T.);
#2722 = ORIENTED_EDGE('',*,*,#2651,.T.);
#2723 = ORIENTED_EDGE('',*,*,#2694,.F.);
#2724 = PLANE('',#2725);
#2725 = AXIS2_PLACEMENT_3D('',#2726,#2727,#2728);
#2726 = CARTESIAN_POINT('',(970.,-20.,26.));
#2727 = DIRECTION('',(0.,0.,1.));
#2728 = DIRECTION('',(1.,0.,0.));
#2729 = MANIFOLD_SOLID_BREP('',#2730);
#2730 = CLOSED_SHELL('',(#2731,#2771,#2811,#2833,#2855,#2867));
#2731 = ADVANCED_FACE('',(#2732),#2766,.F.);
#2732 = FACE_BOUND('',#2733,.F.);
#2733 = EDGE_LOOP('',(#2734,#2744,#2752,#2760));
#2734 = ORIENTED_EDGE('',*,*,#2735,.F.);
#2735 = EDGE_CURVE('',#2736,#2738,#2740,.T.);
#2736 = VERTEX_POINT('',#2737);
#2737 = CARTESIAN_POINT('',(950.,-15.,-20.));
#2738 = VERTEX_POINT('',#2739);
#2739 = CARTESIAN_POINT('',(950.,-15.,-4.));
#2740 = LINE('',#2741,#2742);
#2741 = CARTESIAN_POINT('',(950.,-15.,-20.));
#2742 = VECTOR('',#2743,1.);
#2743 = DIRECTION('',(0.,0.,1.));
#2744 = ORIENTED_EDGE('',*,*,#2745,.T.);
#2745 = EDGE_CURVE('',#2736,#2746,#2748,.T.);
#2746 = VERTEX_POINT('',#2747);
#2747 = CARTESIAN_POINT('',(950.,15.,-20.));
#2748 = LINE('',#2749,#2750);
#2749 = CARTESIAN_POINT('',(950.,-15.,-20.));
#2750 = VECTOR('',#2751,1.);
#2751 = DIRECTION('',(0.,1.,0.));
#2752 = ORIENTED_EDGE('',*,*,#2753,.T.);
#2753 = EDGE_CURVE('',#2746,#2754,#2756,.T.);
#2754 = VERTEX_POINT('',#2755);
#2755 = CARTESIAN_POINT('',(950.,15.,-4.));
#2756 = LINE('',#2757,#2758);
#2757 = CARTESIAN_POINT('',(950.,15.,-20.));
#2758 = VECTOR('',#2759,1.);
#2759 = DIRECTION('',(0.,0.,1.));
#2760 = ORIENTED_EDGE('',*,*,#2761,.F.);
#2761 = EDGE_CURVE('',#2738,#2754,#2762,.T.);
#2762 = LINE('',#2763,#2764);
#2763 = CARTESIAN_POINT('',(950.,-15.,-4.));
#2764 = VECTOR('',#2765,1.);
#2765 = DIRECTION('',(0.,1.,0.));
#2766 = PLANE('',#2767);
#2767 = AXIS2_PLACEMENT_3D('',#2768,#2769,#2770);
#2768 = CARTESIAN_POINT('',(950.,-15.,-20.));
#2769 = DIRECTION('',(1.,0.,0.));
#2770 = DIRECTION('',(0.,0.,1.));
#2771 = ADVANCED_FACE('',(#2772),#2806,.T.);
#2772 = FACE_BOUND('',#2773,.T.);
#2773 = EDGE_LOOP('',(#2774,#2784,#2792,#2800));
#2774 = ORIENTED_EDGE('',*,*,#2775,.F.);
#2775 = EDGE_CURVE('',#2776,#2778,#2780,.T.);
#2776 = VERTEX_POINT('',#2777);
#2777 = CARTESIAN_POINT('',(1.E+03,-15.,-20.));
#2778 = VERTEX_POINT('',#2779);
#2779 = CARTESIAN_POINT('',(1.E+03,-15.,-4.));
#2780 = LINE('',#2781,#2782);
#2781 = CARTESIAN_POINT('',(1.E+03,-15.,-20.));
#2782 = VECTOR('',#2783,1.);
#2783 = DIRECTION('',(0.,0.,1.));
#2784 = ORIENTED_EDGE('',*,*,#2785,.T.);
#2785 = EDGE_CURVE('',#2776,#2786,#2788,.T.);
#2786 = VERTEX_POINT('',#2787);
#2787 = CARTESIAN_POINT('',(1.E+03,15.,-20.));
#2788 = LINE('',#2789,#2790);
#2789 = CARTESIAN_POINT('',(1.E+03,-15.,-20.));
#2790 = VECTOR('',#2791,1.);
#2791 = DIRECTION('',(0.,1.,0.));
#2792 = ORIENTED_EDGE('',*,*,#2793,.T.);
#2793 = EDGE_CURVE('',#2786,#2794,#2796,.T.);
#2794 = VERTEX_POINT('',#2795);
#2795 = CARTESIAN_POINT('',(1.E+03,15.,-4.));
#2796 = LINE('',#2797,#2798);
#2797 = CARTESIAN_POINT('',(1.E+03,15.,-20.));
#2798 = VECTOR('',#2799,1.);
#2799 = DIRECTION('',(0.,0.,1.));
#2800 = ORIENTED_EDGE('',*,*,#2801,.F.);
#2801 = EDGE_CURVE('',#2778,#2794,#2802,.T.);
#2802 = LINE('',#2803,#2804);
#2803 = CARTESIAN_POINT('',(1.E+03,-15.,-4.));
#2804 = VECTOR('',#2805,1.);
#2805 = DIRECTION('',(0.,1.,0.));
#2806 = PLANE('',#2807);
#2807 = AXIS2_PLACEMENT_3D('',#2808,#2809,#2810);
#2808 = CARTESIAN_POINT('',(1.E+03,-15.,-20.));
#2809 = DIRECTION('',(1.,0.,0.));
#2810 = DIRECTION('',(0.,0.,1.));
#2811 = ADVANCED_FACE('',(#2812),#2828,.F.);
#2812 = FACE_BOUND('',#2813,.F.);
#2813 = EDGE_LOOP('',(#2814,#2820,#2821,#2827));
#2814 = ORIENTED_EDGE('',*,*,#2815,.F.);
#2815 = EDGE_CURVE('',#2736,#2776,#2816,.T.);
#2816 = LINE('',#2817,#2818);
#2817 = CARTESIAN_POINT('',(950.,-15.,-20.));
#2818 = VECTOR('',#2819,1.);
#2819 = DIRECTION('',(1.,0.,0.));
#2820 = ORIENTED_EDGE('',*,*,#2735,.T.);
#2821 = ORIENTED_EDGE('',*,*,#2822,.T.);
#2822 = EDGE_CURVE('',#2738,#2778,#2823,.T.);
#2823 = LINE('',#2824,#2825);
#2824 = CARTESIAN_POINT('',(950.,-15.,-4.));
#2825 = VECTOR('',#2826,1.);
#2826 = DIRECTION('',(1.,0.,0.));
#2827 = ORIENTED_EDGE('',*,*,#2775,.F.);
#2828 = PLANE('',#2829);
#2829 = AXIS2_PLACEMENT_3D('',#2830,#2831,#2832);
#2830 = CARTESIAN_POINT('',(950.,-15.,-20.));
#2831 = DIRECTION('',(0.,1.,0.));
#2832 = DIRECTION('',(0.,0.,1.));
#2833 = ADVANCED_FACE('',(#2834),#2850,.T.);
#2834 = FACE_BOUND('',#2835,.T.);
#2835 = EDGE_LOOP('',(#2836,#2842,#2843,#2849));
#2836 = ORIENTED_EDGE('',*,*,#2837,.F.);
#2837 = EDGE_CURVE('',#2746,#2786,#2838,.T.);
#2838 = LINE('',#2839,#2840);
#2839 = CARTESIAN_POINT('',(950.,15.,-20.));
#2840 = VECTOR('',#2841,1.);
#2841 = DIRECTION('',(1.,0.,0.));
#2842 = ORIENTED_EDGE('',*,*,#2753,.T.);
#2843 = ORIENTED_EDGE('',*,*,#2844,.T.);
#2844 = EDGE_CURVE('',#2754,#2794,#2845,.T.);
#2845 = LINE('',#2846,#2847);
#2846 = CARTESIAN_POINT('',(950.,15.,-4.));
#2847 = VECTOR('',#2848,1.);
#2848 = DIRECTION('',(1.,0.,0.));
#2849 = ORIENTED_EDGE('',*,*,#2793,.F.);
#2850 = PLANE('',#2851);
#2851 = AXIS2_PLACEMENT_3D('',#2852,#2853,#2854);
#2852 = CARTESIAN_POINT('',(950.,15.,-20.));
#2853 = DIRECTION('',(0.,1.,0.));
#2854 = DIRECTION('',(0.,0.,1.));
#2855 = ADVANCED_FACE('',(#2856),#2862,.F.);
#2856 = FACE_BOUND('',#2857,.F.);
#2857 = EDGE_LOOP('',(#2858,#2859,#2860,#2861));
#2858 = ORIENTED_EDGE('',*,*,#2745,.F.);
#2859 = ORIENTED_EDGE('',*,*,#2815,.T.);
#2860 = ORIENTED_EDGE('',*,*,#2785,.T.);
#2861 = ORIENTED_EDGE('',*,*,#2837,.F.);
#2862 = PLANE('',#2863);
#2863 = AXIS2_PLACEMENT_3D('',#2864,#2865,#2866);
#2864 = CARTESIAN_POINT('',(950.,-15.,-20.));
#2865 = DIRECTION('',(0.,0.,1.));
#2866 = DIRECTION('',(1.,0.,0.));
#2867 = ADVANCED_FACE('',(#2868),#2874,.T.);
#2868 = FACE_BOUND('',#2869,.T.);
#2869 = EDGE_LOOP('',(#2870,#2871,#2872,#2873));
#2870 = ORIENTED_EDGE('',*,*,#2761,.F.);
#2871 = ORIENTED_EDGE('',*,*,#2822,.T.);
#2872 = ORIENTED_EDGE('',*,*,#2801,.T.);
#2873 = ORIENTED_EDGE('',*,*,#2844,.F.);
#2874 = PLANE('',#2875);
#2875 = AXIS2_PLACEMENT_3D('',#2876,#2877,#2878);
#2876 = CARTESIAN_POINT('',(950.,-15.,-4.));
#2877 = DIRECTION('',(0.,0.,1.));
#2878 = DIRECTION('',(1.,0.,0.));
#2879 = MANIFOLD_SOLID_BREP('',#2880);
#2880 = CLOSED_SHELL('',(#2881,#2921,#2961,#2983,#3005,#3017));
#2881 = ADVANCED_FACE('',(#2882),#2916,.F.);
#2882 = FACE_BOUND('',#2883,.F.);
#2883 = EDGE_LOOP('',(#2884,#2894,#2902,#2910));
#2884 = ORIENTED_EDGE('',*,*,#2885,.F.);
#2885 = EDGE_CURVE('',#2886,#2888,#2890,.T.);
#2886 = VERTEX_POINT('',#2887);
#2887 = CARTESIAN_POINT('',(1.01E+03,-14.,-20.));
#2888 = VERTEX_POINT('',#2889);
#2889 = CARTESIAN_POINT('',(1.01E+03,-14.,-4.));
#2890 = LINE('',#2891,#2892);
#2891 = CARTESIAN_POINT('',(1.01E+03,-14.,-20.));
#2892 = VECTOR('',#2893,1.);
#2893 = DIRECTION('',(0.,0.,1.));
#2894 = ORIENTED_EDGE('',*,*,#2895,.T.);
#2895 = EDGE_CURVE('',#2886,#2896,#2898,.T.);
#2896 = VERTEX_POINT('',#2897);
#2897 = CARTESIAN_POINT('',(1.01E+03,14.,-20.));
#2898 = LINE('',#2899,#2900);
#2899 = CARTESIAN_POINT('',(1.01E+03,-14.,-20.));
#2900 = VECTOR('',#2901,1.);
#2901 = DIRECTION('',(0.,1.,0.));
#2902 = ORIENTED_EDGE('',*,*,#2903,.T.);
#2903 = EDGE_CURVE('',#2896,#2904,#2906,.T.);
#2904 = VERTEX_POINT('',#2905);
#2905 = CARTESIAN_POINT('',(1.01E+03,14.,-4.));
#2906 = LINE('',#2907,#2908);
#2907 = CARTESIAN_POINT('',(1.01E+03,14.,-20.));
#2908 = VECTOR('',#2909,1.);
#2909 = DIRECTION('',(0.,0.,1.));
#2910 = ORIENTED_EDGE('',*,*,#2911,.F.);
#2911 = EDGE_CURVE('',#2888,#2904,#2912,.T.);
#2912 = LINE('',#2913,#2914);
#2913 = CARTESIAN_POINT('',(1.01E+03,-14.,-4.));
#2914 = VECTOR('',#2915,1.);
#2915 = DIRECTION('',(0.,1.,0.));
#2916 = PLANE('',#2917);
#2917 = AXIS2_PLACEMENT_3D('',#2918,#2919,#2920);
#2918 = CARTESIAN_POINT('',(1.01E+03,-14.,-20.));
#2919 = DIRECTION('',(1.,0.,0.));
#2920 = DIRECTION('',(0.,0.,1.));
#2921 = ADVANCED_FACE('',(#2922),#2956,.T.);
#2922 = FACE_BOUND('',#2923,.T.);
#2923 = EDGE_LOOP('',(#2924,#2934,#2942,#2950));
#2924 = ORIENTED_EDGE('',*,*,#2925,.F.);
#2925 = EDGE_CURVE('',#2926,#2928,#2930,.T.);
#2926 = VERTEX_POINT('',#2927);
#2927 = CARTESIAN_POINT('',(1.045E+03,-14.,-20.));
#2928 = VERTEX_POINT('',#2929);
#2929 = CARTESIAN_POINT('',(1.045E+03,-14.,-4.));
#2930 = LINE('',#2931,#2932);
#2931 = CARTESIAN_POINT('',(1.045E+03,-14.,-20.));
#2932 = VECTOR('',#2933,1.);
#2933 = DIRECTION('',(0.,0.,1.));
#2934 = ORIENTED_EDGE('',*,*,#2935,.T.);
#2935 = EDGE_CURVE('',#2926,#2936,#2938,.T.);
#2936 = VERTEX_POINT('',#2937);
#2937 = CARTESIAN_POINT('',(1.045E+03,14.,-20.));
#2938 = LINE('',#2939,#2940);
#2939 = CARTESIAN_POINT('',(1.045E+03,-14.,-20.));
#2940 = VECTOR('',#2941,1.);
#2941 = DIRECTION('',(0.,1.,0.));
#2942 = ORIENTED_EDGE('',*,*,#2943,.T.);
#2943 = EDGE_CURVE('',#2936,#2944,#2946,.T.);
#2944 = VERTEX_POINT('',#2945);
#2945 = CARTESIAN_POINT('',(1.045E+03,14.,-4.));
#2946 = LINE('',#2947,#2948);
#2947 = CARTESIAN_POINT('',(1.045E+03,14.,-20.));
#2948 = VECTOR('',#2949,1.);
#2949 = DIRECTION('',(0.,0.,1.));
#2950 = ORIENTED_EDGE('',*,*,#2951,.F.);
#2951 = EDGE_CURVE('',#2928,#2944,#2952,.T.);
#2952 = LINE('',#2953,#2954);
#2953 = CARTESIAN_POINT('',(1.045E+03,-14.,-4.));
#2954 = VECTOR('',#2955,1.);
#2955 = DIRECTION('',(0.,1.,0.));
#2956 = PLANE('',#2957);
#2957 = AXIS2_PLACEMENT_3D('',#2958,#2959,#2960);
#2958 = CARTESIAN_POINT('',(1.045E+03,-14.,-20.));
#2959 = DIRECTION('',(1.,0.,0.));
#2960 = DIRECTION('',(0.,0.,1.));
#2961 = ADVANCED_FACE('',(#2962),#2978,.F.);
#2962 = FACE_BOUND('',#2963,.F.);
#2963 = EDGE_LOOP('',(#2964,#2970,#2971,#2977));
#2964 = ORIENTED_EDGE('',*,*,#2965,.F.);
#2965 = EDGE_CURVE('',#2886,#2926,#2966,.T.);
#2966 = LINE('',#2967,#2968);
#2967 = CARTESIAN_POINT('',(1.01E+03,-14.,-20.));
#2968 = VECTOR('',#2969,1.);
#2969 = DIRECTION('',(1.,0.,0.));
#2970 = ORIENTED_EDGE('',*,*,#2885,.T.);
#2971 = ORIENTED_EDGE('',*,*,#2972,.T.);
#2972 = EDGE_CURVE('',#2888,#2928,#2973,.T.);
#2973 = LINE('',#2974,#2975);
#2974 = CARTESIAN_POINT('',(1.01E+03,-14.,-4.));
#2975 = VECTOR('',#2976,1.);
#2976 = DIRECTION('',(1.,0.,0.));
#2977 = ORIENTED_EDGE('',*,*,#2925,.F.);
#2978 = PLANE('',#2979);
#2979 = AXIS2_PLACEMENT_3D('',#2980,#2981,#2982);
#2980 = CARTESIAN_POINT('',(1.01E+03,-14.,-20.));
#2981 = DIRECTION('',(0.,1.,0.));
#2982 = DIRECTION('',(0.,0.,1.));
#2983 = ADVANCED_FACE('',(#2984),#3000,.T.);
#2984 = FACE_BOUND('',#2985,.T.);
#2985 = EDGE_LOOP('',(#2986,#2992,#2993,#2999));
#2986 = ORIENTED_EDGE('',*,*,#2987,.F.);
#2987 = EDGE_CURVE('',#2896,#2936,#2988,.T.);
#2988 = LINE('',#2989,#2990);
#2989 = CARTESIAN_POINT('',(1.01E+03,14.,-20.));
#2990 = VECTOR('',#2991,1.);
#2991 = DIRECTION('',(1.,0.,0.));
#2992 = ORIENTED_EDGE('',*,*,#2903,.T.);
#2993 = ORIENTED_EDGE('',*,*,#2994,.T.);
#2994 = EDGE_CURVE('',#2904,#2944,#2995,.T.);
#2995 = LINE('',#2996,#2997);
#2996 = CARTESIAN_POINT('',(1.01E+03,14.,-4.));
#2997 = VECTOR('',#2998,1.);
#2998 = DIRECTION('',(1.,0.,0.));
#2999 = ORIENTED_EDGE('',*,*,#2943,.F.);
#3000 = PLANE('',#3001);
#3001 = AXIS2_PLACEMENT_3D('',#3002,#3003,#3004);
#3002 = CARTESIAN_POINT('',(1.01E+03,14.,-20.));
#3003 = DIRECTION('',(0.,1.,0.));
#3004 = DIRECTION('',(0.,0.,1.));
#3005 = ADVANCED_FACE('',(#3006),#3012,.F.);
#3006 = FACE_BOUND('',#3007,.F.);
#3007 = EDGE_LOOP('',(#3008,#3009,#3010,#3011));
#3008 = ORIENTED_EDGE('',*,*,#2895,.F.);
#3009 = ORIENTED_EDGE('',*,*,#2965,.T.);
#3010 = ORIENTED_EDGE('',*,*,#2935,.T.);
#3011 = ORIENTED_EDGE('',*,*,#2987,.F.);
#3012 = PLANE('',#3013);
#3013 = AXIS2_PLACEMENT_3D('',#3014,#3015,#3016);
#3014 = CARTESIAN_POINT('',(1.01E+03,-14.,-20.));
#3015 = DIRECTION('',(0.,0.,1.));
#3016 = DIRECTION('',(1.,0.,0.));
#3017 = ADVANCED_FACE('',(#3018),#3024,.T.);
#3018 = FACE_BOUND('',#3019,.T.);
#3019 = EDGE_LOOP('',(#3020,#3021,#3022,#3023));
#3020 = ORIENTED_EDGE('',*,*,#2911,.F.);
#3021 = ORIENTED_EDGE('',*,*,#2972,.T.);
#3022 = ORIENTED_EDGE('',*,*,#2951,.T.);
#3023 = ORIENTED_EDGE('',*,*,#2994,.F.);
#3024 = PLANE('',#3025);
#3025 = AXIS2_PLACEMENT_3D('',#3026,#3027,#3028);
#3026 = CARTESIAN_POINT('',(1.01E+03,-14.,-4.));
#3027 = DIRECTION('',(0.,0.,1.));
#3028 = DIRECTION('',(1.,0.,0.));
#3029 = MANIFOLD_SOLID_BREP('',#3030);
#3030 = CLOSED_SHELL('',(#3031,#3071,#3111,#3133,#3155,#3167));
#3031 = ADVANCED_FACE('',(#3032),#3066,.F.);
#3032 = FACE_BOUND('',#3033,.F.);
#3033 = EDGE_LOOP('',(#3034,#3044,#3052,#3060));
#3034 = ORIENTED_EDGE('',*,*,#3035,.F.);
#3035 = EDGE_CURVE('',#3036,#3038,#3040,.T.);
#3036 = VERTEX_POINT('',#3037);
#3037 = CARTESIAN_POINT('',(1.095E+03,-30.,-12.));
#3038 = VERTEX_POINT('',#3039);
#3039 = CARTESIAN_POINT('',(1.095E+03,-30.,12.));
#3040 = LINE('',#3041,#3042);
#3041 = CARTESIAN_POINT('',(1.095E+03,-30.,-12.));
#3042 = VECTOR('',#3043,1.);
#3043 = DIRECTION('',(0.,0.,1.));
#3044 = ORIENTED_EDGE('',*,*,#3045,.T.);
#3045 = EDGE_CURVE('',#3036,#3046,#3048,.T.);
#3046 = VERTEX_POINT('',#3047);
#3047 = CARTESIAN_POINT('',(1.095E+03,30.,-12.));
#3048 = LINE('',#3049,#3050);
#3049 = CARTESIAN_POINT('',(1.095E+03,-30.,-12.));
#3050 = VECTOR('',#3051,1.);
#3051 = DIRECTION('',(0.,1.,0.));
#3052 = ORIENTED_EDGE('',*,*,#3053,.T.);
#3053 = EDGE_CURVE('',#3046,#3054,#3056,.T.);
#3054 = VERTEX_POINT('',#3055);
#3055 = CARTESIAN_POINT('',(1.095E+03,30.,12.));
#3056 = LINE('',#3057,#3058);
#3057 = CARTESIAN_POINT('',(1.095E+03,30.,-12.));
#3058 = VECTOR('',#3059,1.);
#3059 = DIRECTION('',(0.,0.,1.));
#3060 = ORIENTED_EDGE('',*,*,#3061,.F.);
#3061 = EDGE_CURVE('',#3038,#3054,#3062,.T.);
#3062 = LINE('',#3063,#3064);
#3063 = CARTESIAN_POINT('',(1.095E+03,-30.,12.));
#3064 = VECTOR('',#3065,1.);
#3065 = DIRECTION('',(0.,1.,0.));
#3066 = PLANE('',#3067);
#3067 = AXIS2_PLACEMENT_3D('',#3068,#3069,#3070);
#3068 = CARTESIAN_POINT('',(1.095E+03,-30.,-12.));
#3069 = DIRECTION('',(1.,0.,0.));
#3070 = DIRECTION('',(0.,0.,1.));
#3071 = ADVANCED_FACE('',(#3072),#3106,.T.);
#3072 = FACE_BOUND('',#3073,.T.);
#3073 = EDGE_LOOP('',(#3074,#3084,#3092,#3100));
#3074 = ORIENTED_EDGE('',*,*,#3075,.F.);
#3075 = EDGE_CURVE('',#3076,#3078,#3080,.T.);
#3076 = VERTEX_POINT('',#3077);
#3077 = CARTESIAN_POINT('',(1.175E+03,-30.,-12.));
#3078 = VERTEX_POINT('',#3079);
#3079 = CARTESIAN_POINT('',(1.175E+03,-30.,12.));
#3080 = LINE('',#3081,#3082);
#3081 = CARTESIAN_POINT('',(1.175E+03,-30.,-12.));
#3082 = VECTOR('',#3083,1.);
#3083 = DIRECTION('',(0.,0.,1.));
#3084 = ORIENTED_EDGE('',*,*,#3085,.T.);
#3085 = EDGE_CURVE('',#3076,#3086,#3088,.T.);
#3086 = VERTEX_POINT('',#3087);
#3087 = CARTESIAN_POINT('',(1.175E+03,30.,-12.));
#3088 = LINE('',#3089,#3090);
#3089 = CARTESIAN_POINT('',(1.175E+03,-30.,-12.));
#3090 = VECTOR('',#3091,1.);
#3091 = DIRECTION('',(0.,1.,0.));
#3092 = ORIENTED_EDGE('',*,*,#3093,.T.);
#3093 = EDGE_CURVE('',#3086,#3094,#3096,.T.);
#3094 = VERTEX_POINT('',#3095);
#3095 = CARTESIAN_POINT('',(1.175E+03,30.,12.));
#3096 = LINE('',#3097,#3098);
#3097 = CARTESIAN_POINT('',(1.175E+03,30.,-12.));
#3098 = VECTOR('',#3099,1.);
#3099 = DIRECTION('',(0.,0.,1.));
#3100 = ORIENTED_EDGE('',*,*,#3101,.F.);
#3101 = EDGE_CURVE('',#3078,#3094,#3102,.T.);
#3102 = LINE('',#3103,#3104);
#3103 = CARTESIAN_POINT('',(1.175E+03,-30.,12.));
#3104 = VECTOR('',#3105,1.);
#3105 = DIRECTION('',(0.,1.,0.));
#3106 = PLANE('',#3107);
#3107 = AXIS2_PLACEMENT_3D('',#3108,#3109,#3110);
#3108 = CARTESIAN_POINT('',(1.175E+03,-30.,-12.));
#3109 = DIRECTION('',(1.,0.,0.));
#3110 = DIRECTION('',(0.,0.,1.));
#3111 = ADVANCED_FACE('',(#3112),#3128,.F.);
#3112 = FACE_BOUND('',#3113,.F.);
#3113 = EDGE_LOOP('',(#3114,#3120,#3121,#3127));
#3114 = ORIENTED_EDGE('',*,*,#3115,.F.);
#3115 = EDGE_CURVE('',#3036,#3076,#3116,.T.);
#3116 = LINE('',#3117,#3118);
#3117 = CARTESIAN_POINT('',(1.095E+03,-30.,-12.));
#3118 = VECTOR('',#3119,1.);
#3119 = DIRECTION('',(1.,0.,0.));
#3120 = ORIENTED_EDGE('',*,*,#3035,.T.);
#3121 = ORIENTED_EDGE('',*,*,#3122,.T.);
#3122 = EDGE_CURVE('',#3038,#3078,#3123,.T.);
#3123 = LINE('',#3124,#3125);
#3124 = CARTESIAN_POINT('',(1.095E+03,-30.,12.));
#3125 = VECTOR('',#3126,1.);
#3126 = DIRECTION('',(1.,0.,0.));
#3127 = ORIENTED_EDGE('',*,*,#3075,.F.);
#3128 = PLANE('',#3129);
#3129 = AXIS2_PLACEMENT_3D('',#3130,#3131,#3132);
#3130 = CARTESIAN_POINT('',(1.095E+03,-30.,-12.));
#3131 = DIRECTION('',(0.,1.,0.));
#3132 = DIRECTION('',(0.,0.,1.));
#3133 = ADVANCED_FACE('',(#3134),#3150,.T.);
#3134 = FACE_BOUND('',#3135,.T.);
#3135 = EDGE_LOOP('',(#3136,#3142,#3143,#3149));
#3136 = ORIENTED_EDGE('',*,*,#3137,.F.);
#3137 = EDGE_CURVE('',#3046,#3086,#3138,.T.);
#3138 = LINE('',#3139,#3140);
#3139 = CARTESIAN_POINT('',(1.095E+03,30.,-12.));
#3140 = VECTOR('',#3141,1.);
#3141 = DIRECTION('',(1.,0.,0.));
#3142 = ORIENTED_EDGE('',*,*,#3053,.T.);
#3143 = ORIENTED_EDGE('',*,*,#3144,.T.);
#3144 = EDGE_CURVE('',#3054,#3094,#3145,.T.);
#3145 = LINE('',#3146,#3147);
#3146 = CARTESIAN_POINT('',(1.095E+03,30.,12.));
#3147 = VECTOR('',#3148,1.);
#3148 = DIRECTION('',(1.,0.,0.));
#3149 = ORIENTED_EDGE('',*,*,#3093,.F.);
#3150 = PLANE('',#3151);
#3151 = AXIS2_PLACEMENT_3D('',#3152,#3153,#3154);
#3152 = CARTESIAN_POINT('',(1.095E+03,30.,-12.));
#3153 = DIRECTION('',(0.,1.,0.));
#3154 = DIRECTION('',(0.,0.,1.));
#3155 = ADVANCED_FACE('',(#3156),#3162,.F.);
#3156 = FACE_BOUND('',#3157,.F.);
#3157 = EDGE_LOOP('',(#3158,#3159,#3160,#3161));
#3158 = ORIENTED_EDGE('',*,*,#3045,.F.);
#3159 = ORIENTED_EDGE('',*,*,#3115,.T.);
#3160 = ORIENTED_EDGE('',*,*,#3085,.T.);
#3161 = ORIENTED_EDGE('',*,*,#3137,.F.);
#3162 = PLANE('',#3163);
#3163 = AXIS2_PLACEMENT_3D('',#3164,#3165,#3166);
#3164 = CARTESIAN_POINT('',(1.095E+03,-30.,-12.));
#3165 = DIRECTION('',(0.,0.,1.));
#3166 = DIRECTION('',(1.,0.,0.));
#3167 = ADVANCED_FACE('',(#3168),#3174,.T.);
#3168 = FACE_BOUND('',#3169,.T.);
#3169 = EDGE_LOOP('',(#3170,#3171,#3172,#3173));
#3170 = ORIENTED_EDGE('',*,*,#3061,.F.);
#3171 = ORIENTED_EDGE('',*,*,#3122,.T.);
#3172 = ORIENTED_EDGE('',*,*,#3101,.T.);
#3173 = ORIENTED_EDGE('',*,*,#3144,.F.);
#3174 = PLANE('',#3175);
#3175 = AXIS2_PLACEMENT_3D('',#3176,#3177,#3178);
#3176 = CARTESIAN_POINT('',(1.095E+03,-30.,12.));
#3177 = DIRECTION('',(0.,0.,1.));
#3178 = DIRECTION('',(1.,0.,0.));
#3179 = MANIFOLD_SOLID_BREP('',#3180);
#3180 = CLOSED_SHELL('',(#3181,#3214,#3234,#3254));
#3181 = ADVANCED_FACE('',(#3182),#3209,.T.);
#3182 = FACE_BOUND('',#3183,.F.);
#3183 = EDGE_LOOP('',(#3184,#3194,#3201,#3202));
#3184 = ORIENTED_EDGE('',*,*,#3185,.T.);
#3185 = EDGE_CURVE('',#3186,#3188,#3190,.T.);
#3186 = VERTEX_POINT('',#3187);
#3187 = CARTESIAN_POINT('',(1.195E+03,-7.102951435055E-15,-29.));
#3188 = VERTEX_POINT('',#3189);
#3189 = CARTESIAN_POINT('',(1.57E+03,-7.102951435055E-15,-29.));
#3190 = LINE('',#3191,#3192);
#3191 = CARTESIAN_POINT('',(1.195E+03,-7.102951435055E-15,-29.));
#3192 = VECTOR('',#3193,1.);
#3193 = DIRECTION('',(1.,0.,2.22044604925E-16));
#3194 = ORIENTED_EDGE('',*,*,#3195,.T.);
#3195 = EDGE_CURVE('',#3188,#3188,#3196,.T.);
#3196 = CIRCLE('',#3197,29.);
#3197 = AXIS2_PLACEMENT_3D('',#3198,#3199,#3200);
#3198 = CARTESIAN_POINT('',(1.57E+03,0.,8.326672684689E-14));
#3199 = DIRECTION('',(1.,-0.,2.22044604925E-16));
#3200 = DIRECTION('',(2.22044604925E-16,0.,-1.));
#3201 = ORIENTED_EDGE('',*,*,#3185,.F.);
#3202 = ORIENTED_EDGE('',*,*,#3203,.F.);
#3203 = EDGE_CURVE('',#3186,#3186,#3204,.T.);
#3204 = CIRCLE('',#3205,29.);
#3205 = AXIS2_PLACEMENT_3D('',#3206,#3207,#3208);
#3206 = CARTESIAN_POINT('',(1.195E+03,0.,0.));
#3207 = DIRECTION('',(1.,-0.,2.22044604925E-16));
#3208 = DIRECTION('',(2.22044604925E-16,0.,-1.));
#3209 = CYLINDRICAL_SURFACE('',#3210,29.);
#3210 = AXIS2_PLACEMENT_3D('',#3211,#3212,#3213);
#3211 = CARTESIAN_POINT('',(1.195E+03,0.,0.));
#3212 = DIRECTION('',(-1.,-0.,-2.22044604925E-16));
#3213 = DIRECTION('',(2.22044604925E-16,0.,-1.));
#3214 = ADVANCED_FACE('',(#3215,#3218),#3229,.F.);
#3215 = FACE_BOUND('',#3216,.F.);
#3216 = EDGE_LOOP('',(#3217));
#3217 = ORIENTED_EDGE('',*,*,#3203,.T.);
#3218 = FACE_BOUND('',#3219,.F.);
#3219 = EDGE_LOOP('',(#3220));
#3220 = ORIENTED_EDGE('',*,*,#3221,.F.);
#3221 = EDGE_CURVE('',#3222,#3222,#3224,.T.);
#3222 = VERTEX_POINT('',#3223);
#3223 = CARTESIAN_POINT('',(1.195E+03,-6.711064459327E-15,-27.4));
#3224 = CIRCLE('',#3225,27.4);
#3225 = AXIS2_PLACEMENT_3D('',#3226,#3227,#3228);
#3226 = CARTESIAN_POINT('',(1.195E+03,0.,0.));
#3227 = DIRECTION('',(1.,-0.,2.22044604925E-16));
#3228 = DIRECTION('',(2.22044604925E-16,0.,-1.));
#3229 = PLANE('',#3230);
#3230 = AXIS2_PLACEMENT_3D('',#3231,#3232,#3233);
#3231 = CARTESIAN_POINT('',(1.195E+03,0.,0.));
#3232 = DIRECTION('',(1.,0.,2.22044604925E-16));
#3233 = DIRECTION('',(2.22044604925E-16,0.,-1.));
#3234 = ADVANCED_FACE('',(#3235,#3238),#3249,.T.);
#3235 = FACE_BOUND('',#3236,.T.);
#3236 = EDGE_LOOP('',(#3237));
#3237 = ORIENTED_EDGE('',*,*,#3195,.T.);
#3238 = FACE_BOUND('',#3239,.T.);
#3239 = EDGE_LOOP('',(#3240));
#3240 = ORIENTED_EDGE('',*,*,#3241,.F.);
#3241 = EDGE_CURVE('',#3242,#3242,#3244,.T.);
#3242 = VERTEX_POINT('',#3243);
#3243 = CARTESIAN_POINT('',(1.57E+03,-6.711064459327E-15,-27.4));
#3244 = CIRCLE('',#3245,27.4);
#3245 = AXIS2_PLACEMENT_3D('',#3246,#3247,#3248);
#3246 = CARTESIAN_POINT('',(1.57E+03,0.,8.326672684689E-14));
#3247 = DIRECTION('',(1.,-0.,2.22044604925E-16));
#3248 = DIRECTION('',(2.22044604925E-16,0.,-1.));
#3249 = PLANE('',#3250);
#3250 = AXIS2_PLACEMENT_3D('',#3251,#3252,#3253);
#3251 = CARTESIAN_POINT('',(1.57E+03,0.,8.326672684689E-14));
#3252 = DIRECTION('',(1.,0.,2.22044604925E-16));
#3253 = DIRECTION('',(2.22044604925E-16,0.,-1.));
#3254 = ADVANCED_FACE('',(#3255),#3266,.F.);
#3255 = FACE_BOUND('',#3256,.T.);
#3256 = EDGE_LOOP('',(#3257,#3263,#3264,#3265));
#3257 = ORIENTED_EDGE('',*,*,#3258,.T.);
#3258 = EDGE_CURVE('',#3222,#3242,#3259,.T.);
#3259 = LINE('',#3260,#3261);
#3260 = CARTESIAN_POINT('',(1.195E+03,-6.711064459327E-15,-27.4));
#3261 = VECTOR('',#3262,1.);
#3262 = DIRECTION('',(1.,0.,2.22044604925E-16));
#3263 = ORIENTED_EDGE('',*,*,#3241,.T.);
#3264 = ORIENTED_EDGE('',*,*,#3258,.F.);
#3265 = ORIENTED_EDGE('',*,*,#3221,.F.);
#3266 = CYLINDRICAL_SURFACE('',#3267,27.4);
#3267 = AXIS2_PLACEMENT_3D('',#3268,#3269,#3270);
#3268 = CARTESIAN_POINT('',(1.195E+03,0.,0.));
#3269 = DIRECTION('',(-1.,-0.,-2.22044604925E-16));
#3270 = DIRECTION('',(2.22044604925E-16,0.,-1.));
#3271 = MANIFOLD_SOLID_BREP('',#3272);
#3272 = CLOSED_SHELL('',(#3273,#3306,#3326,#3346));
#3273 = ADVANCED_FACE('',(#3274),#3301,.T.);
#3274 = FACE_BOUND('',#3275,.F.);
#3275 = EDGE_LOOP('',(#3276,#3286,#3293,#3294));
#3276 = ORIENTED_EDGE('',*,*,#3277,.T.);
#3277 = EDGE_CURVE('',#3278,#3280,#3282,.T.);
#3278 = VERTEX_POINT('',#3279);
#3279 = CARTESIAN_POINT('',(1.2E+03,-1.183008807976E-14,-48.3));
#3280 = VERTEX_POINT('',#3281);
#3281 = CARTESIAN_POINT('',(1.206E+03,-1.183008807976E-14,-48.3));
#3282 = LINE('',#3283,#3284);
#3283 = CARTESIAN_POINT('',(1.2E+03,-1.183008807976E-14,-48.3));
#3284 = VECTOR('',#3285,1.);
#3285 = DIRECTION('',(1.,0.,2.22044604925E-16));
#3286 = ORIENTED_EDGE('',*,*,#3287,.T.);
#3287 = EDGE_CURVE('',#3280,#3280,#3288,.T.);
#3288 = CIRCLE('',#3289,48.3);
#3289 = AXIS2_PLACEMENT_3D('',#3290,#3291,#3292);
#3290 = CARTESIAN_POINT('',(1.206E+03,0.,1.33226762955E-15));
#3291 = DIRECTION('',(1.,-0.,2.22044604925E-16));
#3292 = DIRECTION('',(2.22044604925E-16,0.,-1.));
#3293 = ORIENTED_EDGE('',*,*,#3277,.F.);
#3294 = ORIENTED_EDGE('',*,*,#3295,.F.);
#3295 = EDGE_CURVE('',#3278,#3278,#3296,.T.);
#3296 = CIRCLE('',#3297,48.3);
#3297 = AXIS2_PLACEMENT_3D('',#3298,#3299,#3300);
#3298 = CARTESIAN_POINT('',(1.2E+03,0.,0.));
#3299 = DIRECTION('',(1.,-0.,2.22044604925E-16));
#3300 = DIRECTION('',(2.22044604925E-16,0.,-1.));
#3301 = CYLINDRICAL_SURFACE('',#3302,48.3);
#3302 = AXIS2_PLACEMENT_3D('',#3303,#3304,#3305);
#3303 = CARTESIAN_POINT('',(1.2E+03,0.,0.));
#3304 = DIRECTION('',(-1.,-0.,-2.22044604925E-16));
#3305 = DIRECTION('',(2.22044604925E-16,0.,-1.));
#3306 = ADVANCED_FACE('',(#3307,#3310),#3321,.F.);
#3307 = FACE_BOUND('',#3308,.F.);
#3308 = EDGE_LOOP('',(#3309));
#3309 = ORIENTED_EDGE('',*,*,#3295,.T.);
#3310 = FACE_BOUND('',#3311,.F.);
#3311 = EDGE_LOOP('',(#3312));
#3312 = ORIENTED_EDGE('',*,*,#3313,.F.);
#3313 = EDGE_CURVE('',#3314,#3314,#3316,.T.);
#3314 = VERTEX_POINT('',#3315);
#3315 = CARTESIAN_POINT('',(1.2E+03,-7.127444371038E-15,-29.1));
#3316 = CIRCLE('',#3317,29.1);
#3317 = AXIS2_PLACEMENT_3D('',#3318,#3319,#3320);
#3318 = CARTESIAN_POINT('',(1.2E+03,0.,0.));
#3319 = DIRECTION('',(1.,-0.,2.22044604925E-16));
#3320 = DIRECTION('',(2.22044604925E-16,0.,-1.));
#3321 = PLANE('',#3322);
#3322 = AXIS2_PLACEMENT_3D('',#3323,#3324,#3325);
#3323 = CARTESIAN_POINT('',(1.2E+03,0.,0.));
#3324 = DIRECTION('',(1.,0.,2.22044604925E-16));
#3325 = DIRECTION('',(2.22044604925E-16,0.,-1.));
#3326 = ADVANCED_FACE('',(#3327,#3330),#3341,.T.);
#3327 = FACE_BOUND('',#3328,.T.);
#3328 = EDGE_LOOP('',(#3329));
#3329 = ORIENTED_EDGE('',*,*,#3287,.T.);
#3330 = FACE_BOUND('',#3331,.T.);
#3331 = EDGE_LOOP('',(#3332));
#3332 = ORIENTED_EDGE('',*,*,#3333,.F.);
#3333 = EDGE_CURVE('',#3334,#3334,#3336,.T.);
#3334 = VERTEX_POINT('',#3335);
#3335 = CARTESIAN_POINT('',(1.206E+03,-7.127444371038E-15,-29.1));
#3336 = CIRCLE('',#3337,29.1);
#3337 = AXIS2_PLACEMENT_3D('',#3338,#3339,#3340);
#3338 = CARTESIAN_POINT('',(1.206E+03,0.,1.33226762955E-15));
#3339 = DIRECTION('',(1.,-0.,2.22044604925E-16));
#3340 = DIRECTION('',(2.22044604925E-16,0.,-1.));
#3341 = PLANE('',#3342);
#3342 = AXIS2_PLACEMENT_3D('',#3343,#3344,#3345);
#3343 = CARTESIAN_POINT('',(1.206E+03,0.,1.33226762955E-15));
#3344 = DIRECTION('',(1.,0.,2.22044604925E-16));
#3345 = DIRECTION('',(2.22044604925E-16,0.,-1.));
#3346 = ADVANCED_FACE('',(#3347),#3358,.F.);
#3347 = FACE_BOUND('',#3348,.T.);
#3348 = EDGE_LOOP('',(#3349,#3355,#3356,#3357));
#3349 = ORIENTED_EDGE('',*,*,#3350,.T.);
#3350 = EDGE_CURVE('',#3314,#3334,#3351,.T.);
#3351 = LINE('',#3352,#3353);
#3352 = CARTESIAN_POINT('',(1.2E+03,-7.127444371038E-15,-29.1));
#3353 = VECTOR('',#3354,1.);
#3354 = DIRECTION('',(1.,0.,2.22044604925E-16));
#3355 = ORIENTED_EDGE('',*,*,#3333,.T.);
#3356 = ORIENTED_EDGE('',*,*,#3350,.F.);
#3357 = ORIENTED_EDGE('',*,*,#3313,.F.);
#3358 = CYLINDRICAL_SURFACE('',#3359,29.1);
#3359 = AXIS2_PLACEMENT_3D('',#3360,#3361,#3362);
#3360 = CARTESIAN_POINT('',(1.2E+03,0.,0.));
#3361 = DIRECTION('',(-1.,-0.,-2.22044604925E-16));
#3362 = DIRECTION('',(2.22044604925E-16,0.,-1.));
#3363 = MANIFOLD_SOLID_BREP('',#3364);
#3364 = CLOSED_SHELL('',(#3365,#3398,#3418,#3438));
#3365 = ADVANCED_FACE('',(#3366),#3393,.T.);
#3366 = FACE_BOUND('',#3367,.F.);
#3367 = EDGE_LOOP('',(#3368,#3378,#3385,#3386));
#3368 = ORIENTED_EDGE('',*,*,#3369,.T.);
#3369 = EDGE_CURVE('',#3370,#3372,#3374,.T.);
#3370 = VERTEX_POINT('',#3371);
#3371 = CARTESIAN_POINT('',(1.545E+03,-1.183008807976E-14,-48.3));
#3372 = VERTEX_POINT('',#3373);
#3373 = CARTESIAN_POINT('',(1.551E+03,-1.183008807976E-14,-48.3));
#3374 = LINE('',#3375,#3376);
#3375 = CARTESIAN_POINT('',(1.545E+03,-1.183008807976E-14,-48.3));
#3376 = VECTOR('',#3377,1.);
#3377 = DIRECTION('',(1.,0.,2.22044604925E-16));
#3378 = ORIENTED_EDGE('',*,*,#3379,.T.);
#3379 = EDGE_CURVE('',#3372,#3372,#3380,.T.);
#3380 = CIRCLE('',#3381,48.3);
#3381 = AXIS2_PLACEMENT_3D('',#3382,#3383,#3384);
#3382 = CARTESIAN_POINT('',(1.551E+03,0.,1.33226762955E-15));
#3383 = DIRECTION('',(1.,-0.,2.22044604925E-16));
#3384 = DIRECTION('',(2.22044604925E-16,0.,-1.));
#3385 = ORIENTED_EDGE('',*,*,#3369,.F.);
#3386 = ORIENTED_EDGE('',*,*,#3387,.F.);
#3387 = EDGE_CURVE('',#3370,#3370,#3388,.T.);
#3388 = CIRCLE('',#3389,48.3);
#3389 = AXIS2_PLACEMENT_3D('',#3390,#3391,#3392);
#3390 = CARTESIAN_POINT('',(1.545E+03,0.,0.));
#3391 = DIRECTION('',(1.,-0.,2.22044604925E-16));
#3392 = DIRECTION('',(2.22044604925E-16,0.,-1.));
#3393 = CYLINDRICAL_SURFACE('',#3394,48.3);
#3394 = AXIS2_PLACEMENT_3D('',#3395,#3396,#3397);
#3395 = CARTESIAN_POINT('',(1.545E+03,0.,0.));
#3396 = DIRECTION('',(-1.,-0.,-2.22044604925E-16));
#3397 = DIRECTION('',(2.22044604925E-16,0.,-1.));
#3398 = ADVANCED_FACE('',(#3399,#3402),#3413,.F.);
#3399 = FACE_BOUND('',#3400,.F.);
#3400 = EDGE_LOOP('',(#3401));
#3401 = ORIENTED_EDGE('',*,*,#3387,.T.);
#3402 = FACE_BOUND('',#3403,.F.);
#3403 = EDGE_LOOP('',(#3404));
#3404 = ORIENTED_EDGE('',*,*,#3405,.F.);
#3405 = EDGE_CURVE('',#3406,#3406,#3408,.T.);
#3406 = VERTEX_POINT('',#3407);
#3407 = CARTESIAN_POINT('',(1.545E+03,-7.127444371038E-15,-29.1));
#3408 = CIRCLE('',#3409,29.1);
#3409 = AXIS2_PLACEMENT_3D('',#3410,#3411,#3412);
#3410 = CARTESIAN_POINT('',(1.545E+03,0.,0.));
#3411 = DIRECTION('',(1.,-0.,2.22044604925E-16));
#3412 = DIRECTION('',(2.22044604925E-16,0.,-1.));
#3413 = PLANE('',#3414);
#3414 = AXIS2_PLACEMENT_3D('',#3415,#3416,#3417);
#3415 = CARTESIAN_POINT('',(1.545E+03,0.,0.));
#3416 = DIRECTION('',(1.,0.,2.22044604925E-16));
#3417 = DIRECTION('',(2.22044604925E-16,0.,-1.));
#3418 = ADVANCED_FACE('',(#3419,#3422),#3433,.T.);
#3419 = FACE_BOUND('',#3420,.T.);
#3420 = EDGE_LOOP('',(#3421));
#3421 = ORIENTED_EDGE('',*,*,#3379,.T.);
#3422 = FACE_BOUND('',#3423,.T.);
#3423 = EDGE_LOOP('',(#3424));
#3424 = ORIENTED_EDGE('',*,*,#3425,.F.);
#3425 = EDGE_CURVE('',#3426,#3426,#3428,.T.);
#3426 = VERTEX_POINT('',#3427);
#3427 = CARTESIAN_POINT('',(1.551E+03,-7.127444371038E-15,-29.1));
#3428 = CIRCLE('',#3429,29.1);
#3429 = AXIS2_PLACEMENT_3D('',#3430,#3431,#3432);
#3430 = CARTESIAN_POINT('',(1.551E+03,0.,1.33226762955E-15));
#3431 = DIRECTION('',(1.,-0.,2.22044604925E-16));
#3432 = DIRECTION('',(2.22044604925E-16,0.,-1.));
#3433 = PLANE('',#3434);
#3434 = AXIS2_PLACEMENT_3D('',#3435,#3436,#3437);
#3435 = CARTESIAN_POINT('',(1.551E+03,0.,1.33226762955E-15));
#3436 = DIRECTION('',(1.,0.,2.22044604925E-16));
#3437 = DIRECTION('',(2.22044604925E-16,0.,-1.));
#3438 = ADVANCED_FACE('',(#3439),#3450,.F.);
#3439 = FACE_BOUND('',#3440,.T.);
#3440 = EDGE_LOOP('',(#3441,#3447,#3448,#3449));
#3441 = ORIENTED_EDGE('',*,*,#3442,.T.);
#3442 = EDGE_CURVE('',#3406,#3426,#3443,.T.);
#3443 = LINE('',#3444,#3445);
#3444 = CARTESIAN_POINT('',(1.545E+03,-7.127444371038E-15,-29.1));
#3445 = VECTOR('',#3446,1.);
#3446 = DIRECTION('',(1.,0.,2.22044604925E-16));
#3447 = ORIENTED_EDGE('',*,*,#3425,.T.);
#3448 = ORIENTED_EDGE('',*,*,#3442,.F.);
#3449 = ORIENTED_EDGE('',*,*,#3405,.F.);
#3450 = CYLINDRICAL_SURFACE('',#3451,29.1);
#3451 = AXIS2_PLACEMENT_3D('',#3452,#3453,#3454);
#3452 = CARTESIAN_POINT('',(1.545E+03,0.,0.));
#3453 = DIRECTION('',(-1.,-0.,-2.22044604925E-16));
#3454 = DIRECTION('',(2.22044604925E-16,0.,-1.));
#3455 = MANIFOLD_SOLID_BREP('',#3456);
#3456 = CLOSED_SHELL('',(#3457,#3490,#3499));
#3457 = ADVANCED_FACE('',(#3458),#3485,.T.);
#3458 = FACE_BOUND('',#3459,.F.);
#3459 = EDGE_LOOP('',(#3460,#3470,#3477,#3478));
#3460 = ORIENTED_EDGE('',*,*,#3461,.T.);
#3461 = EDGE_CURVE('',#3462,#3464,#3466,.T.);
#3462 = VERTEX_POINT('',#3463);
#3463 = CARTESIAN_POINT('',(1.212E+03,-6.613092715396E-15,-27.));
#3464 = VERTEX_POINT('',#3465);
#3465 = CARTESIAN_POINT('',(1.57E+03,-6.613092715396E-15,-27.));
#3466 = LINE('',#3467,#3468);
#3467 = CARTESIAN_POINT('',(1.212E+03,-6.613092715396E-15,-27.));
#3468 = VECTOR('',#3469,1.);
#3469 = DIRECTION('',(1.,0.,2.22044604925E-16));
#3470 = ORIENTED_EDGE('',*,*,#3471,.T.);
#3471 = EDGE_CURVE('',#3464,#3464,#3472,.T.);
#3472 = CIRCLE('',#3473,27.);
#3473 = AXIS2_PLACEMENT_3D('',#3474,#3475,#3476);
#3474 = CARTESIAN_POINT('',(1.57E+03,0.,7.949196856316E-14));
#3475 = DIRECTION('',(1.,-0.,2.22044604925E-16));
#3476 = DIRECTION('',(2.22044604925E-16,0.,-1.));
#3477 = ORIENTED_EDGE('',*,*,#3461,.F.);
#3478 = ORIENTED_EDGE('',*,*,#3479,.F.);
#3479 = EDGE_CURVE('',#3462,#3462,#3480,.T.);
#3480 = CIRCLE('',#3481,27.);
#3481 = AXIS2_PLACEMENT_3D('',#3482,#3483,#3484);
#3482 = CARTESIAN_POINT('',(1.212E+03,0.,0.));
#3483 = DIRECTION('',(1.,-0.,2.22044604925E-16));
#3484 = DIRECTION('',(2.22044604925E-16,0.,-1.));
#3485 = CYLINDRICAL_SURFACE('',#3486,27.);
#3486 = AXIS2_PLACEMENT_3D('',#3487,#3488,#3489);
#3487 = CARTESIAN_POINT('',(1.212E+03,0.,0.));
#3488 = DIRECTION('',(-1.,-0.,-2.22044604925E-16));
#3489 = DIRECTION('',(2.22044604925E-16,0.,-1.));
#3490 = ADVANCED_FACE('',(#3491),#3494,.F.);
#3491 = FACE_BOUND('',#3492,.T.);
#3492 = EDGE_LOOP('',(#3493));
#3493 = ORIENTED_EDGE('',*,*,#3479,.F.);
#3494 = PLANE('',#3495);
#3495 = AXIS2_PLACEMENT_3D('',#3496,#3497,#3498);
#3496 = CARTESIAN_POINT('',(1.212E+03,0.,0.));
#3497 = DIRECTION('',(1.,0.,2.22044604925E-16));
#3498 = DIRECTION('',(2.22044604925E-16,0.,-1.));
#3499 = ADVANCED_FACE('',(#3500),#3503,.T.);
#3500 = FACE_BOUND('',#3501,.F.);
#3501 = EDGE_LOOP('',(#3502));
#3502 = ORIENTED_EDGE('',*,*,#3471,.F.);
#3503 = PLANE('',#3504);
#3504 = AXIS2_PLACEMENT_3D('',#3505,#3506,#3507);
#3505 = CARTESIAN_POINT('',(1.57E+03,0.,7.949196856316E-14));
#3506 = DIRECTION('',(1.,0.,2.22044604925E-16));
#3507 = DIRECTION('',(2.22044604925E-16,0.,-1.));
#3508 = MANIFOLD_SOLID_BREP('',#3509);
#3509 = CLOSED_SHELL('',(#3510,#3550,#3581,#3612,#3634,#3646));
#3510 = ADVANCED_FACE('',(#3511),#3545,.F.);
#3511 = FACE_BOUND('',#3512,.F.);
#3512 = EDGE_LOOP('',(#3513,#3523,#3531,#3539));
#3513 = ORIENTED_EDGE('',*,*,#3514,.T.);
#3514 = EDGE_CURVE('',#3515,#3517,#3519,.T.);
#3515 = VERTEX_POINT('',#3516);
#3516 = CARTESIAN_POINT('',(1.33E+03,50.,-1.5));
#3517 = VERTEX_POINT('',#3518);
#3518 = CARTESIAN_POINT('',(1.33E+03,50.,1.5));
#3519 = LINE('',#3520,#3521);
#3520 = CARTESIAN_POINT('',(1.33E+03,50.,-1.5));
#3521 = VECTOR('',#3522,1.);
#3522 = DIRECTION('',(0.,0.,1.));
#3523 = ORIENTED_EDGE('',*,*,#3524,.T.);
#3524 = EDGE_CURVE('',#3517,#3525,#3527,.T.);
#3525 = VERTEX_POINT('',#3526);
#3526 = CARTESIAN_POINT('',(1.53E+03,50.,1.5));
#3527 = LINE('',#3528,#3529);
#3528 = CARTESIAN_POINT('',(1.33E+03,50.,1.5));
#3529 = VECTOR('',#3530,1.);
#3530 = DIRECTION('',(1.,0.,0.));
#3531 = ORIENTED_EDGE('',*,*,#3532,.F.);
#3532 = EDGE_CURVE('',#3533,#3525,#3535,.T.);
#3533 = VERTEX_POINT('',#3534);
#3534 = CARTESIAN_POINT('',(1.53E+03,50.,-1.5));
#3535 = LINE('',#3536,#3537);
#3536 = CARTESIAN_POINT('',(1.53E+03,50.,-1.5));
#3537 = VECTOR('',#3538,1.);
#3538 = DIRECTION('',(0.,0.,1.));
#3539 = ORIENTED_EDGE('',*,*,#3540,.F.);
#3540 = EDGE_CURVE('',#3515,#3533,#3541,.T.);
#3541 = LINE('',#3542,#3543);
#3542 = CARTESIAN_POINT('',(1.33E+03,50.,-1.5));
#3543 = VECTOR('',#3544,1.);
#3544 = DIRECTION('',(1.,0.,0.));
#3545 = PLANE('',#3546);
#3546 = AXIS2_PLACEMENT_3D('',#3547,#3548,#3549);
#3547 = CARTESIAN_POINT('',(1.33E+03,50.,-1.5));
#3548 = DIRECTION('',(0.,1.,0.));
#3549 = DIRECTION('',(1.,0.,0.));
#3550 = ADVANCED_FACE('',(#3551),#3576,.F.);
#3551 = FACE_BOUND('',#3552,.F.);
#3552 = EDGE_LOOP('',(#3553,#3554,#3562,#3570));
#3553 = ORIENTED_EDGE('',*,*,#3532,.T.);
#3554 = ORIENTED_EDGE('',*,*,#3555,.T.);
#3555 = EDGE_CURVE('',#3525,#3556,#3558,.T.);
#3556 = VERTEX_POINT('',#3557);
#3557 = CARTESIAN_POINT('',(1.49E+03,160.,1.5));
#3558 = LINE('',#3559,#3560);
#3559 = CARTESIAN_POINT('',(1.53E+03,50.,1.5));
#3560 = VECTOR('',#3561,1.);
#3561 = DIRECTION('',(-0.341743063087,0.939793423488,0.));
#3562 = ORIENTED_EDGE('',*,*,#3563,.F.);
#3563 = EDGE_CURVE('',#3564,#3556,#3566,.T.);
#3564 = VERTEX_POINT('',#3565);
#3565 = CARTESIAN_POINT('',(1.49E+03,160.,-1.5));
#3566 = LINE('',#3567,#3568);
#3567 = CARTESIAN_POINT('',(1.49E+03,160.,-1.5));
#3568 = VECTOR('',#3569,1.);
#3569 = DIRECTION('',(0.,0.,1.));
#3570 = ORIENTED_EDGE('',*,*,#3571,.F.);
#3571 = EDGE_CURVE('',#3533,#3564,#3572,.T.);
#3572 = LINE('',#3573,#3574);
#3573 = CARTESIAN_POINT('',(1.53E+03,50.,-1.5));
#3574 = VECTOR('',#3575,1.);
#3575 = DIRECTION('',(-0.341743063087,0.939793423488,0.));
#3576 = PLANE('',#3577);
#3577 = AXIS2_PLACEMENT_3D('',#3578,#3579,#3580);
#3578 = CARTESIAN_POINT('',(1.53E+03,50.,-1.5));
#3579 = DIRECTION('',(-0.939793423488,-0.341743063087,0.));
#3580 = DIRECTION('',(-0.341743063087,0.939793423488,0.));
#3581 = ADVANCED_FACE('',(#3582),#3607,.F.);
#3582 = FACE_BOUND('',#3583,.F.);
#3583 = EDGE_LOOP('',(#3584,#3585,#3593,#3601));
#3584 = ORIENTED_EDGE('',*,*,#3563,.T.);
#3585 = ORIENTED_EDGE('',*,*,#3586,.T.);
#3586 = EDGE_CURVE('',#3556,#3587,#3589,.T.);
#3587 = VERTEX_POINT('',#3588);
#3588 = CARTESIAN_POINT('',(1.4E+03,160.,1.5));
#3589 = LINE('',#3590,#3591);
#3590 = CARTESIAN_POINT('',(1.49E+03,160.,1.5));
#3591 = VECTOR('',#3592,1.);
#3592 = DIRECTION('',(-1.,0.,0.));
#3593 = ORIENTED_EDGE('',*,*,#3594,.F.);
#3594 = EDGE_CURVE('',#3595,#3587,#3597,.T.);
#3595 = VERTEX_POINT('',#3596);
#3596 = CARTESIAN_POINT('',(1.4E+03,160.,-1.5));
#3597 = LINE('',#3598,#3599);
#3598 = CARTESIAN_POINT('',(1.4E+03,160.,-1.5));
#3599 = VECTOR('',#3600,1.);
#3600 = DIRECTION('',(0.,0.,1.));
#3601 = ORIENTED_EDGE('',*,*,#3602,.F.);
#3602 = EDGE_CURVE('',#3564,#3595,#3603,.T.);
#3603 = LINE('',#3604,#3605);
#3604 = CARTESIAN_POINT('',(1.49E+03,160.,-1.5));
#3605 = VECTOR('',#3606,1.);
#3606 = DIRECTION('',(-1.,0.,0.));
#3607 = PLANE('',#3608);
#3608 = AXIS2_PLACEMENT_3D('',#3609,#3610,#3611);
#3609 = CARTESIAN_POINT('',(1.49E+03,160.,-1.5));
#3610 = DIRECTION('',(0.,-1.,0.));
#3611 = DIRECTION('',(-1.,0.,0.));
#3612 = ADVANCED_FACE('',(#3613),#3629,.F.);
#3613 = FACE_BOUND('',#3614,.F.);
#3614 = EDGE_LOOP('',(#3615,#3616,#3622,#3623));
#3615 = ORIENTED_EDGE('',*,*,#3594,.T.);
#3616 = ORIENTED_EDGE('',*,*,#3617,.T.);
#3617 = EDGE_CURVE('',#3587,#3517,#3618,.T.);
#3618 = LINE('',#3619,#3620);
#3619 = CARTESIAN_POINT('',(1.4E+03,160.,1.5));
#3620 = VECTOR('',#3621,1.);
#3621 = DIRECTION('',(-0.536875492193,-0.843661487732,0.));
#3622 = ORIENTED_EDGE('',*,*,#3514,.F.);
#3623 = ORIENTED_EDGE('',*,*,#3624,.F.);
#3624 = EDGE_CURVE('',#3595,#3515,#3625,.T.);
#3625 = LINE('',#3626,#3627);
#3626 = CARTESIAN_POINT('',(1.4E+03,160.,-1.5));
#3627 = VECTOR('',#3628,1.);
#3628 = DIRECTION('',(-0.536875492193,-0.843661487732,0.));
#3629 = PLANE('',#3630);
#3630 = AXIS2_PLACEMENT_3D('',#3631,#3632,#3633);
#3631 = CARTESIAN_POINT('',(1.4E+03,160.,-1.5));
#3632 = DIRECTION('',(0.843661487732,-0.536875492193,0.));
#3633 = DIRECTION('',(-0.536875492193,-0.843661487732,0.));
#3634 = ADVANCED_FACE('',(#3635),#3641,.F.);
#3635 = FACE_BOUND('',#3636,.F.);
#3636 = EDGE_LOOP('',(#3637,#3638,#3639,#3640));
#3637 = ORIENTED_EDGE('',*,*,#3540,.T.);
#3638 = ORIENTED_EDGE('',*,*,#3571,.T.);
#3639 = ORIENTED_EDGE('',*,*,#3602,.T.);
#3640 = ORIENTED_EDGE('',*,*,#3624,.T.);
#3641 = PLANE('',#3642);
#3642 = AXIS2_PLACEMENT_3D('',#3643,#3644,#3645);
#3643 = CARTESIAN_POINT('',(1.434165737751E+03,93.74274191751,-1.5));
#3644 = DIRECTION('',(0.,0.,1.));
#3645 = DIRECTION('',(1.,0.,0.));
#3646 = ADVANCED_FACE('',(#3647),#3653,.T.);
#3647 = FACE_BOUND('',#3648,.T.);
#3648 = EDGE_LOOP('',(#3649,#3650,#3651,#3652));
#3649 = ORIENTED_EDGE('',*,*,#3524,.T.);
#3650 = ORIENTED_EDGE('',*,*,#3555,.T.);
#3651 = ORIENTED_EDGE('',*,*,#3586,.T.);
#3652 = ORIENTED_EDGE('',*,*,#3617,.T.);
#3653 = PLANE('',#3654);
#3654 = AXIS2_PLACEMENT_3D('',#3655,#3656,#3657);
#3655 = CARTESIAN_POINT('',(1.434165737751E+03,93.74274191751,1.5));
#3656 = DIRECTION('',(0.,0.,1.));
#3657 = DIRECTION('',(1.,0.,0.));
#3658 = MANIFOLD_SOLID_BREP('',#3659);
#3659 = CLOSED_SHELL('',(#3660,#3700,#3731,#3762,#3784,#3796));
#3660 = ADVANCED_FACE('',(#3661),#3695,.F.);
#3661 = FACE_BOUND('',#3662,.F.);
#3662 = EDGE_LOOP('',(#3663,#3673,#3681,#3689));
#3663 = ORIENTED_EDGE('',*,*,#3664,.T.);
#3664 = EDGE_CURVE('',#3665,#3667,#3669,.T.);
#3665 = VERTEX_POINT('',#3666);
#3666 = CARTESIAN_POINT('',(1.33E+03,-23.70096189432,44.051270189222));
#3667 = VERTEX_POINT('',#3668);
#3668 = CARTESIAN_POINT('',(1.33E+03,-26.29903810567,42.551270189222));
#3669 = LINE('',#3670,#3671);
#3670 = CARTESIAN_POINT('',(1.33E+03,-23.70096189432,44.051270189222));
#3671 = VECTOR('',#3672,1.);
#3672 = DIRECTION('',(0.,-0.866025403784,-0.5));
#3673 = ORIENTED_EDGE('',*,*,#3674,.T.);
#3674 = EDGE_CURVE('',#3667,#3675,#3677,.T.);
#3675 = VERTEX_POINT('',#3676);
#3676 = CARTESIAN_POINT('',(1.53E+03,-26.29903810567,42.551270189222));
#3677 = LINE('',#3678,#3679);
#3678 = CARTESIAN_POINT('',(1.33E+03,-26.29903810567,42.551270189222));
#3679 = VECTOR('',#3680,1.);
#3680 = DIRECTION('',(1.,0.,0.));
#3681 = ORIENTED_EDGE('',*,*,#3682,.F.);
#3682 = EDGE_CURVE('',#3683,#3675,#3685,.T.);
#3683 = VERTEX_POINT('',#3684);
#3684 = CARTESIAN_POINT('',(1.53E+03,-23.70096189432,44.051270189222));
#3685 = LINE('',#3686,#3687);
#3686 = CARTESIAN_POINT('',(1.53E+03,-23.70096189432,44.051270189222));
#3687 = VECTOR('',#3688,1.);
#3688 = DIRECTION('',(0.,-0.866025403784,-0.5));
#3689 = ORIENTED_EDGE('',*,*,#3690,.F.);
#3690 = EDGE_CURVE('',#3665,#3683,#3691,.T.);
#3691 = LINE('',#3692,#3693);
#3692 = CARTESIAN_POINT('',(1.33E+03,-23.70096189432,44.051270189222));
#3693 = VECTOR('',#3694,1.);
#3694 = DIRECTION('',(1.,0.,0.));
#3695 = PLANE('',#3696);
#3696 = AXIS2_PLACEMENT_3D('',#3697,#3698,#3699);
#3697 = CARTESIAN_POINT('',(1.33E+03,-23.70096189432,44.051270189222));
#3698 = DIRECTION('',(0.,-0.5,0.866025403784));
#3699 = DIRECTION('',(1.,0.,0.));
#3700 = ADVANCED_FACE('',(#3701),#3726,.F.);
#3701 = FACE_BOUND('',#3702,.F.);
#3702 = EDGE_LOOP('',(#3703,#3704,#3712,#3720));
#3703 = ORIENTED_EDGE('',*,*,#3682,.T.);
#3704 = ORIENTED_EDGE('',*,*,#3705,.T.);
#3705 = EDGE_CURVE('',#3675,#3706,#3708,.T.);
#3706 = VERTEX_POINT('',#3707);
#3707 = CARTESIAN_POINT('',(1.49E+03,-81.29903810567,137.81406460551));
#3708 = LINE('',#3709,#3710);
#3709 = CARTESIAN_POINT('',(1.53E+03,-26.29903810567,42.551270189222));
#3710 = VECTOR('',#3711,1.);
#3711 = DIRECTION('',(-0.341743063087,-0.469896711744,0.813884979051));
#3712 = ORIENTED_EDGE('',*,*,#3713,.F.);
#3713 = EDGE_CURVE('',#3714,#3706,#3716,.T.);
#3714 = VERTEX_POINT('',#3715);
#3715 = CARTESIAN_POINT('',(1.49E+03,-78.70096189432,139.31406460551));
#3716 = LINE('',#3717,#3718);
#3717 = CARTESIAN_POINT('',(1.49E+03,-78.70096189432,139.31406460551));
#3718 = VECTOR('',#3719,1.);
#3719 = DIRECTION('',(0.,-0.866025403784,-0.5));
#3720 = ORIENTED_EDGE('',*,*,#3721,.F.);
#3721 = EDGE_CURVE('',#3683,#3714,#3722,.T.);
#3722 = LINE('',#3723,#3724);
#3723 = CARTESIAN_POINT('',(1.53E+03,-23.70096189432,44.051270189222));
#3724 = VECTOR('',#3725,1.);
#3725 = DIRECTION('',(-0.341743063087,-0.469896711744,0.813884979051));
#3726 = PLANE('',#3727);
#3727 = AXIS2_PLACEMENT_3D('',#3728,#3729,#3730);
#3728 = CARTESIAN_POINT('',(1.53E+03,-23.70096189432,44.051270189222));
#3729 = DIRECTION('',(-0.939793423488,0.170871531543,-0.2959581742));
#3730 = DIRECTION('',(-0.341743063087,-0.469896711744,0.813884979051));
#3731 = ADVANCED_FACE('',(#3732),#3757,.F.);
#3732 = FACE_BOUND('',#3733,.F.);
#3733 = EDGE_LOOP('',(#3734,#3735,#3743,#3751));
#3734 = ORIENTED_EDGE('',*,*,#3713,.T.);
#3735 = ORIENTED_EDGE('',*,*,#3736,.T.);
#3736 = EDGE_CURVE('',#3706,#3737,#3739,.T.);
#3737 = VERTEX_POINT('',#3738);
#3738 = CARTESIAN_POINT('',(1.4E+03,-81.29903810567,137.81406460551));
#3739 = LINE('',#3740,#3741);
#3740 = CARTESIAN_POINT('',(1.49E+03,-81.29903810567,137.81406460551));
#3741 = VECTOR('',#3742,1.);
#3742 = DIRECTION('',(-1.,-0.,0.));
#3743 = ORIENTED_EDGE('',*,*,#3744,.F.);
#3744 = EDGE_CURVE('',#3745,#3737,#3747,.T.);
#3745 = VERTEX_POINT('',#3746);
#3746 = CARTESIAN_POINT('',(1.4E+03,-78.70096189432,139.31406460551));
#3747 = LINE('',#3748,#3749);
#3748 = CARTESIAN_POINT('',(1.4E+03,-78.70096189432,139.31406460551));
#3749 = VECTOR('',#3750,1.);
#3750 = DIRECTION('',(0.,-0.866025403784,-0.5));
#3751 = ORIENTED_EDGE('',*,*,#3752,.F.);
#3752 = EDGE_CURVE('',#3714,#3745,#3753,.T.);
#3753 = LINE('',#3754,#3755);
#3754 = CARTESIAN_POINT('',(1.49E+03,-78.70096189432,139.31406460551));
#3755 = VECTOR('',#3756,1.);
#3756 = DIRECTION('',(-1.,-0.,0.));
#3757 = PLANE('',#3758);
#3758 = AXIS2_PLACEMENT_3D('',#3759,#3760,#3761);
#3759 = CARTESIAN_POINT('',(1.49E+03,-78.70096189432,139.31406460551));
#3760 = DIRECTION('',(0.,0.5,-0.866025403784));
#3761 = DIRECTION('',(-1.,-0.,0.));
#3762 = ADVANCED_FACE('',(#3763),#3779,.F.);
#3763 = FACE_BOUND('',#3764,.F.);
#3764 = EDGE_LOOP('',(#3765,#3766,#3772,#3773));
#3765 = ORIENTED_EDGE('',*,*,#3744,.T.);
#3766 = ORIENTED_EDGE('',*,*,#3767,.T.);
#3767 = EDGE_CURVE('',#3737,#3667,#3768,.T.);
#3768 = LINE('',#3769,#3770);
#3769 = CARTESIAN_POINT('',(1.4E+03,-81.29903810567,137.81406460551));
#3770 = VECTOR('',#3771,1.);
#3771 = DIRECTION('',(-0.536875492193,0.421830743866,-0.730632280571));
#3772 = ORIENTED_EDGE('',*,*,#3664,.F.);
#3773 = ORIENTED_EDGE('',*,*,#3774,.F.);
#3774 = EDGE_CURVE('',#3745,#3665,#3775,.T.);
#3775 = LINE('',#3776,#3777);
#3776 = CARTESIAN_POINT('',(1.4E+03,-78.70096189432,139.31406460551));
#3777 = VECTOR('',#3778,1.);
#3778 = DIRECTION('',(-0.536875492193,0.421830743866,-0.730632280571));
#3779 = PLANE('',#3780);
#3780 = AXIS2_PLACEMENT_3D('',#3781,#3782,#3783);
#3781 = CARTESIAN_POINT('',(1.4E+03,-78.70096189432,139.31406460551));
#3782 = DIRECTION('',(0.843661487732,0.268437746097,-0.464947814909));
#3783 = DIRECTION('',(-0.536875492193,0.421830743866,-0.730632280571));
#3784 = ADVANCED_FACE('',(#3785),#3791,.F.);
#3785 = FACE_BOUND('',#3786,.F.);
#3786 = EDGE_LOOP('',(#3787,#3788,#3789,#3790));
#3787 = ORIENTED_EDGE('',*,*,#3690,.T.);
#3788 = ORIENTED_EDGE('',*,*,#3721,.T.);
#3789 = ORIENTED_EDGE('',*,*,#3752,.T.);
#3790 = ORIENTED_EDGE('',*,*,#3774,.T.);
#3791 = PLANE('',#3792);
#3792 = AXIS2_PLACEMENT_3D('',#3793,#3794,#3795);
#3793 = CARTESIAN_POINT('',(1.434165737751E+03,-45.57233285307,
    81.933595920972));
#3794 = DIRECTION('',(0.,-0.866025403784,-0.5));
#3795 = DIRECTION('',(1.,0.,0.));
#3796 = ADVANCED_FACE('',(#3797),#3803,.T.);
#3797 = FACE_BOUND('',#3798,.T.);
#3798 = EDGE_LOOP('',(#3799,#3800,#3801,#3802));
#3799 = ORIENTED_EDGE('',*,*,#3674,.T.);
#3800 = ORIENTED_EDGE('',*,*,#3705,.T.);
#3801 = ORIENTED_EDGE('',*,*,#3736,.T.);
#3802 = ORIENTED_EDGE('',*,*,#3767,.T.);
#3803 = PLANE('',#3804);
#3804 = AXIS2_PLACEMENT_3D('',#3805,#3806,#3807);
#3805 = CARTESIAN_POINT('',(1.434165737751E+03,-48.17040906443,
    80.433595920972));
#3806 = DIRECTION('',(0.,-0.866025403784,-0.5));
#3807 = DIRECTION('',(1.,0.,0.));
#3808 = MANIFOLD_SOLID_BREP('',#3809);
#3809 = CLOSED_SHELL('',(#3810,#3850,#3881,#3912,#3934,#3946));
#3810 = ADVANCED_FACE('',(#3811),#3845,.F.);
#3811 = FACE_BOUND('',#3812,.F.);
#3812 = EDGE_LOOP('',(#3813,#3823,#3831,#3839));
#3813 = ORIENTED_EDGE('',*,*,#3814,.T.);
#3814 = EDGE_CURVE('',#3815,#3817,#3819,.T.);
#3815 = VERTEX_POINT('',#3816);
#3816 = CARTESIAN_POINT('',(1.33E+03,-26.29903810567,-42.55127018922));
#3817 = VERTEX_POINT('',#3818);
#3818 = CARTESIAN_POINT('',(1.33E+03,-23.70096189432,-44.05127018922));
#3819 = LINE('',#3820,#3821);
#3820 = CARTESIAN_POINT('',(1.33E+03,-26.29903810567,-42.55127018922));
#3821 = VECTOR('',#3822,1.);
#3822 = DIRECTION('',(0.,0.866025403784,-0.5));
#3823 = ORIENTED_EDGE('',*,*,#3824,.T.);
#3824 = EDGE_CURVE('',#3817,#3825,#3827,.T.);
#3825 = VERTEX_POINT('',#3826);
#3826 = CARTESIAN_POINT('',(1.53E+03,-23.70096189432,-44.05127018922));
#3827 = LINE('',#3828,#3829);
#3828 = CARTESIAN_POINT('',(1.33E+03,-23.70096189432,-44.05127018922));
#3829 = VECTOR('',#3830,1.);
#3830 = DIRECTION('',(1.,0.,0.));
#3831 = ORIENTED_EDGE('',*,*,#3832,.F.);
#3832 = EDGE_CURVE('',#3833,#3825,#3835,.T.);
#3833 = VERTEX_POINT('',#3834);
#3834 = CARTESIAN_POINT('',(1.53E+03,-26.29903810567,-42.55127018922));
#3835 = LINE('',#3836,#3837);
#3836 = CARTESIAN_POINT('',(1.53E+03,-26.29903810567,-42.55127018922));
#3837 = VECTOR('',#3838,1.);
#3838 = DIRECTION('',(0.,0.866025403784,-0.5));
#3839 = ORIENTED_EDGE('',*,*,#3840,.F.);
#3840 = EDGE_CURVE('',#3815,#3833,#3841,.T.);
#3841 = LINE('',#3842,#3843);
#3842 = CARTESIAN_POINT('',(1.33E+03,-26.29903810567,-42.55127018922));
#3843 = VECTOR('',#3844,1.);
#3844 = DIRECTION('',(1.,0.,0.));
#3845 = PLANE('',#3846);
#3846 = AXIS2_PLACEMENT_3D('',#3847,#3848,#3849);
#3847 = CARTESIAN_POINT('',(1.33E+03,-26.29903810567,-42.55127018922));
#3848 = DIRECTION('',(0.,-0.5,-0.866025403784));
#3849 = DIRECTION('',(1.,0.,0.));
#3850 = ADVANCED_FACE('',(#3851),#3876,.F.);
#3851 = FACE_BOUND('',#3852,.F.);
#3852 = EDGE_LOOP('',(#3853,#3854,#3862,#3870));
#3853 = ORIENTED_EDGE('',*,*,#3832,.T.);
#3854 = ORIENTED_EDGE('',*,*,#3855,.T.);
#3855 = EDGE_CURVE('',#3825,#3856,#3858,.T.);
#3856 = VERTEX_POINT('',#3857);
#3857 = CARTESIAN_POINT('',(1.49E+03,-78.70096189432,-139.3140646055));
#3858 = LINE('',#3859,#3860);
#3859 = CARTESIAN_POINT('',(1.53E+03,-23.70096189432,-44.05127018922));
#3860 = VECTOR('',#3861,1.);
#3861 = DIRECTION('',(-0.341743063087,-0.469896711744,-0.813884979051));
#3862 = ORIENTED_EDGE('',*,*,#3863,.F.);
#3863 = EDGE_CURVE('',#3864,#3856,#3866,.T.);
#3864 = VERTEX_POINT('',#3865);
#3865 = CARTESIAN_POINT('',(1.49E+03,-81.29903810567,-137.8140646055));
#3866 = LINE('',#3867,#3868);
#3867 = CARTESIAN_POINT('',(1.49E+03,-81.29903810567,-137.8140646055));
#3868 = VECTOR('',#3869,1.);
#3869 = DIRECTION('',(0.,0.866025403784,-0.5));
#3870 = ORIENTED_EDGE('',*,*,#3871,.F.);
#3871 = EDGE_CURVE('',#3833,#3864,#3872,.T.);
#3872 = LINE('',#3873,#3874);
#3873 = CARTESIAN_POINT('',(1.53E+03,-26.29903810567,-42.55127018922));
#3874 = VECTOR('',#3875,1.);
#3875 = DIRECTION('',(-0.341743063087,-0.469896711744,-0.813884979051));
#3876 = PLANE('',#3877);
#3877 = AXIS2_PLACEMENT_3D('',#3878,#3879,#3880);
#3878 = CARTESIAN_POINT('',(1.53E+03,-26.29903810567,-42.55127018922));
#3879 = DIRECTION('',(-0.939793423488,0.170871531543,0.2959581742));
#3880 = DIRECTION('',(-0.341743063087,-0.469896711744,-0.813884979051));
#3881 = ADVANCED_FACE('',(#3882),#3907,.F.);
#3882 = FACE_BOUND('',#3883,.F.);
#3883 = EDGE_LOOP('',(#3884,#3885,#3893,#3901));
#3884 = ORIENTED_EDGE('',*,*,#3863,.T.);
#3885 = ORIENTED_EDGE('',*,*,#3886,.T.);
#3886 = EDGE_CURVE('',#3856,#3887,#3889,.T.);
#3887 = VERTEX_POINT('',#3888);
#3888 = CARTESIAN_POINT('',(1.4E+03,-78.70096189432,-139.3140646055));
#3889 = LINE('',#3890,#3891);
#3890 = CARTESIAN_POINT('',(1.49E+03,-78.70096189432,-139.3140646055));
#3891 = VECTOR('',#3892,1.);
#3892 = DIRECTION('',(-1.,0.,-0.));
#3893 = ORIENTED_EDGE('',*,*,#3894,.F.);
#3894 = EDGE_CURVE('',#3895,#3887,#3897,.T.);
#3895 = VERTEX_POINT('',#3896);
#3896 = CARTESIAN_POINT('',(1.4E+03,-81.29903810567,-137.8140646055));
#3897 = LINE('',#3898,#3899);
#3898 = CARTESIAN_POINT('',(1.4E+03,-81.29903810567,-137.8140646055));
#3899 = VECTOR('',#3900,1.);
#3900 = DIRECTION('',(0.,0.866025403784,-0.5));
#3901 = ORIENTED_EDGE('',*,*,#3902,.F.);
#3902 = EDGE_CURVE('',#3864,#3895,#3903,.T.);
#3903 = LINE('',#3904,#3905);
#3904 = CARTESIAN_POINT('',(1.49E+03,-81.29903810567,-137.8140646055));
#3905 = VECTOR('',#3906,1.);
#3906 = DIRECTION('',(-1.,0.,-0.));
#3907 = PLANE('',#3908);
#3908 = AXIS2_PLACEMENT_3D('',#3909,#3910,#3911);
#3909 = CARTESIAN_POINT('',(1.49E+03,-81.29903810567,-137.8140646055));
#3910 = DIRECTION('',(0.,0.5,0.866025403784));
#3911 = DIRECTION('',(-1.,0.,-0.));
#3912 = ADVANCED_FACE('',(#3913),#3929,.F.);
#3913 = FACE_BOUND('',#3914,.F.);
#3914 = EDGE_LOOP('',(#3915,#3916,#3922,#3923));
#3915 = ORIENTED_EDGE('',*,*,#3894,.T.);
#3916 = ORIENTED_EDGE('',*,*,#3917,.T.);
#3917 = EDGE_CURVE('',#3887,#3817,#3918,.T.);
#3918 = LINE('',#3919,#3920);
#3919 = CARTESIAN_POINT('',(1.4E+03,-78.70096189432,-139.3140646055));
#3920 = VECTOR('',#3921,1.);
#3921 = DIRECTION('',(-0.536875492193,0.421830743866,0.730632280571));
#3922 = ORIENTED_EDGE('',*,*,#3814,.F.);
#3923 = ORIENTED_EDGE('',*,*,#3924,.F.);
#3924 = EDGE_CURVE('',#3895,#3815,#3925,.T.);
#3925 = LINE('',#3926,#3927);
#3926 = CARTESIAN_POINT('',(1.4E+03,-81.29903810567,-137.8140646055));
#3927 = VECTOR('',#3928,1.);
#3928 = DIRECTION('',(-0.536875492193,0.421830743866,0.730632280571));
#3929 = PLANE('',#3930);
#3930 = AXIS2_PLACEMENT_3D('',#3931,#3932,#3933);
#3931 = CARTESIAN_POINT('',(1.4E+03,-81.29903810567,-137.8140646055));
#3932 = DIRECTION('',(0.843661487732,0.268437746097,0.464947814909));
#3933 = DIRECTION('',(-0.536875492193,0.421830743866,0.730632280571));
#3934 = ADVANCED_FACE('',(#3935),#3941,.F.);
#3935 = FACE_BOUND('',#3936,.F.);
#3936 = EDGE_LOOP('',(#3937,#3938,#3939,#3940));
#3937 = ORIENTED_EDGE('',*,*,#3840,.T.);
#3938 = ORIENTED_EDGE('',*,*,#3871,.T.);
#3939 = ORIENTED_EDGE('',*,*,#3902,.T.);
#3940 = ORIENTED_EDGE('',*,*,#3924,.T.);
#3941 = PLANE('',#3942);
#3942 = AXIS2_PLACEMENT_3D('',#3943,#3944,#3945);
#3943 = CARTESIAN_POINT('',(1.434165737751E+03,-48.17040906443,
    -80.43359592097));
#3944 = DIRECTION('',(0.,0.866025403784,-0.5));
#3945 = DIRECTION('',(1.,0.,0.));
#3946 = ADVANCED_FACE('',(#3947),#3953,.T.);
#3947 = FACE_BOUND('',#3948,.T.);
#3948 = EDGE_LOOP('',(#3949,#3950,#3951,#3952));
#3949 = ORIENTED_EDGE('',*,*,#3824,.T.);
#3950 = ORIENTED_EDGE('',*,*,#3855,.T.);
#3951 = ORIENTED_EDGE('',*,*,#3886,.T.);
#3952 = ORIENTED_EDGE('',*,*,#3917,.T.);
#3953 = PLANE('',#3954);
#3954 = AXIS2_PLACEMENT_3D('',#3955,#3956,#3957);
#3955 = CARTESIAN_POINT('',(1.434165737751E+03,-45.57233285307,
    -81.93359592097));
#3956 = DIRECTION('',(0.,0.866025403784,-0.5));
#3957 = DIRECTION('',(1.,0.,0.));
#3958 = ( GEOMETRIC_REPRESENTATION_CONTEXT(3) 
GLOBAL_UNCERTAINTY_ASSIGNED_CONTEXT((#3962)) 
GLOBAL_UNIT_ASSIGNED_CONTEXT((#3959,#3960,#3961)) REPRESENTATION_CONTEXT
('Context #1','3D Context with UNIT and UNCERTAINTY') );
#3959 = ( LENGTH_UNIT() NAMED_UNIT(*) SI_UNIT(.MILLI.,.METRE.) );
#3960 = ( NAMED_UNIT(*) PLANE_ANGLE_UNIT() SI_UNIT($,.RADIAN.) );
#3961 = ( NAMED_UNIT(*) SI_UNIT($,.STERADIAN.) SOLID_ANGLE_UNIT() );
#3962 = UNCERTAINTY_MEASURE_WITH_UNIT(LENGTH_MEASURE(1.E-07),#3959,
  'distance_accuracy_value','confusion accuracy');
#3963 = PRODUCT_RELATED_PRODUCT_CATEGORY('part',$,(#7));
ENDSEC;
END-ISO-10303-21;
