time_s,altitude_m,vertical_speed_m_s,ground_speed_m_s,acceleration_m_s2,east_m,north_m,aoa_rad,mass_kg,motor_mass_kg,cg_m,cp_m,stability_cal,mach,thrust_N,drag_N,cd,wind_m_s,temperature_K,pressure_Pa,density_kg_m3,sound_speed_m_s,pitch_rate_rad_s,yaw_rate_rad_s,air_speed_m_s,q_Pa
0.0,0.0,0.0,0.0,0.0,0.0,0.0,0.0,6.136190114789624,1.264,0.9439213879763907,nan,nan,0.0,0.0,0.0,1.275721331769331,0.0,288.15,101325.0,1.2249994633486807,340.3889,0.0,0.0,0.0,0.0
0.004,0.0,0.0048541999172289334,0.0048541999172289334,7.28129985227647,0.0,0.0,0.0,6.13597564789434,1.2637855331047163,0.9439057615190233,nan,nan,1.4260746802345598e-05,104.84847822794296,1.44606201661877e-07,1.275721331781773,0.0,288.15,101325.0,1.2249994633486807,340.3889,0.0,0.0,0.004854199917228935,1.4432488489684124e-05
0.0078125,0.00011088061041670982,0.06366210948711198,0.06366210948711301,23.568930240042878,-1.4451527141734456e-11,-1.1584663517204062e-18,1.794337418495463e-07,6.135771234134773,1.2635811193451492,0.9438908665350545,nan,nan,0.0001870275721940374,204.7821840389511,2.4872168331411762e-05,1.275721333909382,0.0,288.149999279276,101324.99869955625,1.224999450690552,340.38889956324124,0.0,0.0,0.06366210948711304,0.002482378199775571
0.0118125,0.000581184339667333,0.17826602118226315,0.17826602118227322,33.73332930750964,-1.4143344610492743e-10,-2.6448994223785348e-17,3.3651559921015107e-07,6.1352147794875505,1.2630246646979268,0.94385031441682,nan,nan,0.0005237127955147809,267.12452244475503,0.00016364945868655188,1.0704876710010471,0.0,288.14999622230175,101324.99318368165,1.2249993970006852,340.3888977107149,0.0,0.0,0.17826602118227328,0.019464489682457637
0.015625,0.0015294555407915108,0.3253446763599317,0.32534467635996994,43.42295977353845,-5.379814458522823e-10,-1.4764445337937792e-16,4.849177627346855e-07,6.134684408651917,1.262494293862293,0.9438116563316443,nan,nan,0.0009558028540831637,326.5445637377869,0.00047211108178014255,0.9271736123075416,0.0,288.14999005853895,101324.98206204962,1.224999288746055,340.3888939754746,0.0,0.0,0.32534467635997005,0.06483257189909561
0.019625,0.003223818067914344,0.5332374448656139,0.5332374448657176,60.524246274431604,-1.4897783248824987e-09,-5.415244750446195e-16,6.237164001600948e-07,6.133785966252756,1.2615958514631318,0.9437461547033559,nan,nan,0.001566553623689803,431.39304196572994,0.0011425604476437365,0.8352995640638513,0.0,288.14997904518253,101324.96219001662,1.2249990953176353,340.38888730138063,0.0,0.0,0.5332374448657178,0.1741594521020636
0.0234375,0.005736145256850537,0.7950646692166319,0.7950646692168519,76.8284805340706,-3.2184910043173944e-09,-1.4344765225832483e-15,7.4401424722792e-07,6.132929638341055,1.2607395235514314,0.9436837056008994,nan,nan,0.002335753962577677,531.326747776738,0.0023528212663417834,0.7737282879785041,0.0,288.14996271505584,101324.93272462893,1.2249988085103458,340.38887740532385,0.0,0.0,0.7950646692168524,0.38717791820821923
0.0274375,0.00954093274251658,1.1098045312921383,1.1098045312925744,80.54166705918395,-6.326242021023974e-09,-3.349072912031848e-15,8.864625524125298e-07,6.131770357826008,1.2595802430363845,0.9435991353978588,nan,nan,0.0032604020102422145,553.996689015212,0.004320960394181108,0.7292759643418856,0.0,288.14993798393715,101324.8881008479,1.2249983741557182,340.38886241826594,0.0,0.0,1.1098045312925748,0.7543944835788472
0.03125,0.014365981222492075,1.42361803048667,1.4236180304874408,84.08200335221858,-1.0986990860710423e-08,-6.6903625439972005e-15,1.0407370382687457e-06,6.130665418585105,1.2584753037954808,0.9435184996531295,nan,nan,0.0041823287044771,575.6039767581328,0.006820415840462729,0.6995659969316183,0.0,288.14990662112206,101324.83151111518,1.2249978233279644,340.3888434124,0.0,0.0,1.4236180304874413,1.2413443760286065
0.035250000000000004,0.02074548686117897,1.7692294584451354,1.769229458446429,88.72400775372681,-1.8181804277155977e-08,-1.2615927445633944e-14,1.2093832364645044e-06,6.129401802823704,1.25721168803408,0.9434262484522843,nan,nan,0.005197672083848384,603.9414033062255,0.010175549117700135,0.6757632759703538,0.0,288.1498651543354,101324.75669020499,1.2249970950431268,340.38881828352726,0.0,0.0,1.76922945844643,1.917226340430116
0.0390625,0.028146204110409447,2.115926411224,2.115926411225082,93.15007150786457,-2.6338962309042204e-08,-1.9764434294836434e-14,1.0111950383975667e-06,6.128197419051118,1.2560073042614948,0.943338286115803,nan,nan,0.006216204759916196,630.9505129848765,0.01416107501043162,0.6575071187051311,0.0,288.14981704967323,101324.66989219398,1.224996250176433,340.388789132102,0.0,0.0,2.115926411225083,2.7422426596022884
0.043062500000000004,0.037369558191600864,2.499362976982342,2.499362976983258,98.56859295126162,-3.4897292047414646e-08,-2.726450705465545e-14,8.560065398422188e-07,6.126808214567254,1.2546180997776304,0.9432367824227863,nan,nan,0.007342672037234357,664.0108439576513,0.019277844322213633,0.641513104638497,0.0,288.1497570978717,101324.56171770736,1.2249951972369237,340.38875280131026,0.0,0.0,2.499362976983259,3.8261593645757923
0.046875,0.04762724958840571,2.8850040108180304,2.8850040108188235,103.73524430533293,-4.305445007930087e-08,-3.441301390385794e-14,7.414731564894326e-07,6.125484129043571,1.2532940142539473,0.9431399938617614,nan,nan,0.008475615981825639,695.5214719160772,0.025162619778337413,0.6284477217345935,0.0,288.14969042287765,101324.4414121774,1.224994026216794,340.3887123962638,0.0,0.0,2.8850040108188244,5.097964626604945
0.050875000000000004,0.05999351437727301,3.2972199546659207,3.2972199546666148,102.37260091925317,-5.1612779817673316e-08,-4.1913086663676954e-14,6.488424854599721e-07,6.124044689070722,1.2518545742810976,0.9430347255909032,nan,nan,0.009686632683257068,687.0202439516494,0.03225997224935846,0.6168432183311857,0.0,288.14961004215655,101324.29637661515,1.2249926144807775,340.3886636855469,0.0,0.0,3.2972199546666165,6.6588512541143325
0.0546875,0.0733050187338335,3.6850385902603033,3.6850385902609246,101.07312655430601,-5.976993784955954e-08,-4.906159351287945e-14,5.803806213781452e-07,6.122672722846599,1.2504826080569753,0.9429343456990016,nan,nan,0.010825974984039215,678.9175110480542,0.03968909242497794,0.607567130278304,0.0,288.1495235173782,101324.14025497684,1.2249910948350853,340.3886112515312,0.0,0.0,3.685038590260926,8.317389050788355
0.058687500000000004,0.08885011929255034,4.086601863222041,4.086601863222602,99.70838778852209,-6.832826758793198e-08,-5.6561666272698465e-14,5.236650523783498e-07,6.121268061289201,1.2490779464995772,0.9428315270356976,nan,nan,0.012005697203945115,670.4162830836264,0.04814116600311321,0.599238570637282,0.0,288.1494224742246,101323.9579369982,1.2249893202001645,340.3885500193801,0.0,0.0,4.0866018632226035,10.22885362994329
0.0625,0.1051517750063773,4.464259419319766,4.464259419320278,98.40694137001,-7.64854256198182e-08,-6.371017312190096e-14,4.796229880878697e-07,6.119929243242305,1.247739128452682,0.942733484065623,nan,nan,0.013115189277728498,662.3135501800311,0.05678866978352556,0.5923403536438623,0.0,288.14931651346245,101323.76674589544,1.2249874591952665,340.38848580715825,0.0,0.0,4.464259419320281,12.20676248314401
0.0665,0.12379818809113782,4.859477130597146,4.859477130597616,99.20195273219305,-8.504375535819065e-08,-7.121024588171998e-14,4.402782530395471e-07,6.118532310221674,1.2463421954320508,0.9426311395381445,nan,nan,0.014276270737070024,667.0364546047133,0.06655724804373805,0.5859026980408724,0.0,288.14919531177736,101323.54805471814,1.224985330510056,340.3884123589371,0.0,0.0,4.859477130597618,14.46371905799873
0.0703125,0.14304773864233356,5.239129368377877,5.239129368378314,99.9599115992243,-9.320091339007687e-08,-7.835875273092247e-14,4.0835707205667546e-07,6.1172008584363855,1.2450107436467617,0.9425335489025668,nan,nan,0.015391624230462617,671.5379728844883,0.07662835624290641,0.5803383492297337,0.0,288.1490701896988,101323.3222897491,1.224983132968447,340.3883365349575,0.0,0.0,5.2391293683783156,16.811960392735124
0.0743125,0.16480235023075365,5.63778006784495,5.637780067845356,99.3653746856894,-1.0175924312844932e-07,-8.585882549074149e-14,3.7932163659804856e-07,6.115801993281563,1.2436118784919388,0.9424309713351052,nan,nan,0.016562792792859153,667.7596493447427,0.0879232539075975,0.5750404277893069,0.0,288.14892878472347,101323.06714461216,1.2249806494450923,340.38825084354244,0.0,0.0,5.637780067845358,19.467737982727723
0.078125,0.18701715894656165,6.01552978318595,6.01552978318633,98.79835316735642,-1.0991640116033554e-07,-9.300733233994398e-14,3.5544813996185736e-07,6.114468699930872,1.2422785851412481,0.9423331584044002,nan,nan,0.017672558658240047,664.1584347209225,0.0993021071370814,0.5704564388159663,0.0,288.1487843884668,101322.80660213411,1.2249781133827604,340.3881633394109,0.0,0.0,6.0155297831863335,22.16389562448003
0.082125,0.21186684075175535,6.408604986061158,6.408604986061515,97.7391532198034,-1.1847473089870799e-07,-1.00507405099763e-13,3.3386582884800705e-07,6.113091088252158,1.2409009734625345,0.9422320493792098,nan,nan,0.018827349241714936,657.5463685263676,0.11183703919110462,0.5660717020488465,0.0,288.1486228655351,101322.51515701032,1.22497527651796,340.38806545651425,0.0,0.0,6.408604986061518,25.155000744368774
0.0859375,0.2370075275610271,6.779310207289383,6.77931020728972,96.72907379699782,-1.266318889305942e-07,-1.0765591194896549e-13,3.153981341200592e-07,6.111778052120884,1.2395879373312602,0.9421356374138704,nan,nan,0.019916421483532887,651.2442429346823,0.12430410033950653,0.562248427467951,0.0,288.14845945107083,101322.22029888551,1.224972406428498,340.38796642734894,0.0,0.0,6.779310207289724,28.14928213095765
0.0899375,0.26490236892808033,7.169052545398927,7.1690525453992455,98.14217762482222,-1.3519021866896664e-07,-1.151559847087845e-13,2.983955203667411e-07,6.110396576173787,1.2382064613841628,0.9420341554048565,nan,nan,0.021061422748949506,659.7454708991102,0.1380837143153481,0.5585137518650826,0.0,288.1482781346019,101321.89313914323,1.2249692219178023,340.38785654956877,0.0,0.0,7.169052545399249,31.478839144595398
0.09375,0.2929509013543133,7.545787789171935,7.545787789172238,99.48949989800245,-1.4334737670085286e-07,-1.22304491557987e-13,2.835139273172693e-07,6.109079856911709,1.2368897421220857,0.9419373876445,nan,nan,0.022168212212023287,667.8482038027054,0.1520554915448417,0.555148291287785,0.0,288.1480958191412,101321.56417686238,1.224966019857498,340.3877460663996,0.0,0.0,7.545787789172241,34.874117036327874
0.09775,0.3239287912239348,7.942862773077813,7.942862773078102,99.04794115222701,-1.5190570643922528e-07,-1.29804564317806e-13,2.6945980370082225e-07,6.107686788159462,1.235496673369838,0.9418349634183119,nan,nan,0.023334757823157255,665.0144611478961,0.16747235886036968,0.5518313189377774,0.0,288.14789446285704,101321.20085812782,1.2249624833728783,340.38762404449136,0.0,0.0,7.942862773078105,38.640871337530214
0.1015625,0.35492977412996457,8.31968032932437,8.319680329324646,98.6267964868202,-1.600628644711115e-07,-1.369530711670085e-13,2.5723392518806633e-07,6.106359019504976,1.2341689047153517,0.9417372968293742,nan,nan,0.024441791435092074,662.3135501800311,0.1827556140165694,0.5488782591935844,0.0,288.1476929564681,101320.83726855065,1.2249589442469735,340.3875019316197,0.0,0.0,8.31968032932465,42.394041099380885
0.1055625,0.3889955051251413,8.712683922912817,8.71268392291308,97.87492856548228,-1.6862119420948393e-07,-1.444531439268275e-13,2.45756246186356e-07,6.104981407826262,1.2327912930366378,0.9416359190355115,nan,nan,0.025596378563015623,657.590645755349,0.1993700701710996,0.5459790814885592,0.0,288.14747152921666,101320.43773461437,1.2249550552384099,340.3873677467053,0.0,0.0,8.712683922913083,46.49369655083218
0.109375,0.4229221894969129,9.084465384275552,9.084465384275804,97.15790443303409,-1.7677835224137014e-07,-1.5160165077602999e-13,2.3560804576936265e-07,6.1036683716949875,1.2314782569053637,0.9415392507307361,nan,nan,0.026688619530759256,653.0891274755738,0.21571915666867397,0.5433895699607798,0.0,288.1472510057682,101320.03983146197,1.2249511820977323,340.3872341094956,0.0,0.0,9.084465384275807,50.546086272348596
0.113375,0.4600390217914969,9.474377670084667,9.474377670084909,97.79826514933013,-1.8533668197974257e-07,-1.59101723535849e-13,2.2598729860936304e-07,6.102292692150465,1.2301025773608416,0.9414379258697325,nan,nan,0.02783412769374249,656.8674510153194,0.23352320184619282,0.5408184345673557,0.0,288.1470097463583,101319.60451322058,1.2249469447563586,340.3870879062931,0.0,0.0,9.474377670084912,54.97796602318999
0.1171875,0.4968723220354068,9.848397259447342,9.848397259447575,98.40875654116884,-1.9349384001162878e-07,-1.6625023038505148e-13,2.1747528790423948e-07,6.100981497584593,1.228791382794969,0.9413413080798154,nan,nan,0.028932946657292086,660.4686656391395,0.25123221846098115,0.5384787165289814,0.0,288.14677032990676,101319.17252033498,1.224942739776629,340.3869428199235,0.0,0.0,9.848397259447578,59.40416689406771
0.1211875,0.5370540642037287,10.242694598929207,10.24269459892943,98.73991798822897,-2.020521697500012e-07,-1.737503031448705e-13,2.0914776396182516e-07,6.09959422523492,1.2274041104452964,0.9412390391342009,nan,nan,0.03009134039281181,662.3578274090124,0.27056790651603085,0.5361345391736573,0.0,288.14650914858265,101318.70125583703,1.2249381525226029,340.3867845440411,0.0,0.0,10.242694598929434,64.25584120046369
0.125,0.5768227021190699,10.619742262593004,10.619742262593219,99.05558194979807,-2.1020932778188743e-07,-1.8089880999407298e-13,2.0102765505361653e-07,6.098271981276639,1.2260818664870148,0.9411415207363659,nan,nan,0.031199058342143163,664.1584347209225,0.28969571812444395,0.5340005263313721,0.0,288.1462506524362,101318.23483635967,1.224933612421463,340.38662789537636,0.0,0.0,10.619742262593222,69.07334844599961
0.129,0.6200921071272272,11.014457995850005,11.014457995850213,98.30221363036434,-2.1876765752025986e-07,-1.88398882753892e-13,1.9428737179048833e-07,6.096890505329542,1.2247003905399176,0.9410395886665417,nan,nan,0.032358684532082155,659.4355302962404,0.3103861890856324,0.5318699333360295,0.0,288.14596940130366,101317.727358751,1.2249286726535136,340.38645745719003,0.0,0.0,11.014457995850215,74.303122871516
0.1328125,0.6627974070219549,11.387865761261521,11.387865761261722,97.58376308835231,-2.2692481555214607e-07,-1.9554738960309448e-13,1.8789649326977893e-07,6.095573786067464,1.2233836712778403,0.9409423916574382,nan,nan,0.03345571229280166,654.9340120164652,0.33058542818563225,0.5299441111805621,0.0,288.1456918168543,101317.22649714995,1.2249237972760778,340.38628924101374,0.0,0.0,11.387865761261725,79.42619442290354
0.1368125,0.7091320753690997,11.7801022595107,11.780102259510896,98.53453403010774,-2.354831452905185e-07,-2.030474623629135e-13,1.818918528517145e-07,6.094190377986175,1.2220002631965512,0.940840226596321,nan,nan,0.03460805839792445,660.6014973260837,0.3524566209995411,0.5280079604764665,0.0,288.14539064151006,101316.68306913918,1.2249185075473832,340.38610672875507,0.0,0.0,11.7801022595109,84.99146627547847
0.140625,0.7547620179801672,12.157492671720606,12.157492671720794,99.44080025210016,-2.4364030332240474e-07,-2.1019596921211598e-13,1.7631291696726156e-07,6.092871817158697,1.2206817023690726,0.9407428073396669,nan,nan,0.03571678999523341,666.003319261814,0.3753693337358931,0.5279654719152148,0.0,288.1450940468831,101316.14790638027,1.2249132982618498,340.3859269924112,0.0,0.0,12.157492671720803,90.52392722947398
0.144625,0.8041896386867743,12.556848619556094,12.556848619556277,100.23720736342875,-2.5219863306077717e-07,-2.17696041971935e-13,1.698993779866605e-07,6.091467155601299,1.2192770408116744,0.9406389803053389,nan,nan,0.03689005568717389,670.7262236864962,0.40044198126453534,0.527977055526049,0.0,288.1447727673485,101315.56820322157,1.2249076554070295,340.3857322970132,0.0,0.0,12.556848619556282,96.56831875202538
0.1484375,0.8527929450056562,12.940450257329012,12.94045025732919,100.99646884933556,-2.603557910926634e-07,-2.2484454882113748e-13,1.659323085197815e-07,6.090128337554403,1.2179382227647793,0.9405399755837033,nan,nan,0.038017038635273205,675.2277419662713,0.4252893766456129,0.5279885347187359,0.0,288.14445684585746,101314.99816788922,1.2249021066469652,340.3855408485896,0.0,0.0,12.940450257329196,102.5581460001339
0.1524375,0.9053594647879496,13.341996277408999,13.341996277409171,99.77643439962372,-2.6891412083103584e-07,-2.3234462158095647e-13,1.5979715130870968e-07,6.08872947239958,1.2165393576099564,0.9404364839054061,nan,nan,0.0391967424944255,667.6710948867799,0.45210098146196925,0.5280009209715193,0.0,288.14411516347883,101314.38165070461,1.2248961054159084,340.38533378906817,0.0,0.0,13.341996277409176,109.02118252969063
0.15625,0.9569481405126887,13.720176308529435,13.720176308529602,98.61299377950662,-2.770712788629221e-07,-2.39493128430159e-13,1.5628469708117136e-07,6.0873961790488895,1.2152060642592657,0.9403377991274807,nan,nan,0.040307801592565785,660.4686656391395,0.47810247902752523,0.5280129326119403,0.0,288.14377983708664,101313.7766019921,1.2248902158061028,340.3851305812745,0.0,0.0,13.72017630852961,115.28865017042975
0.16025,1.0126235981733012,14.119014771110036,14.119014771110198,100.8063679486112,-2.856296086012945e-07,-2.46993201189978e-13,1.5123026915032014e-07,6.085985721088916,1.2137956062992923,0.9402333558840014,nan,nan,0.04147955536042107,673.6927980282495,0.5063127466417834,0.528025964185656,0.0,288.14341794661186,101313.12362217621,1.224883859614357,340.3849112756468,0.0,0.0,14.119014771110205,122.08820299620328
0.1640625,1.067190025905504,14.507325334519281,14.50732533451944,102.89765143567895,-2.9378676663318075e-07,-2.541417080391805e-13,1.4751396978812924e-07,6.084641378345816,1.2124512635561926,0.9401337633477829,nan,nan,0.042620380676847355,686.2970492116199,0.5345561105791345,0.5280390105744289,0.0,288.1430632648316,101312.48364942285,1.2248776300195834,340.38469633848797,0.0,0.0,14.507325334519447,128.89539697618412
0.1680625,1.1260483636688297,14.923307484669444,14.923307484669596,105.09355790338572,-3.023450963715532e-07,-2.616417807989995e-13,1.429269171748377e-07,6.0831768206284735,1.2109867058388502,0.9400252148630277,nan,nan,0.04384250470064297,699.5211816007298,0.5656635666840761,0.5280533794152505,0.0,288.14268068563615,101311.79333975732,1.2248709104202486,340.38446449549554,0.0,0.0,14.923307484669603,136.3925031434332
0.171875,1.1837123207452218,15.32796759449227,15.327967594492419,107.18727613687265,-3.105022544034394e-07,-2.68790287648202e-13,1.3978528260658483e-07,6.081780914054132,1.2095907992645083,0.9399217059276794,nan,nan,0.04503136723810344,712.1254327841002,0.5967695593097171,0.5280677469996907,0.0,288.1423058699151,101311.11703817568,1.2248643271608357,340.38423735716856,0.0,0.0,15.327967594492426,143.88884879341074
0.175875,1.2458755364266465,15.752101829678995,15.752101829679141,104.87965152000767,-3.1906058414181184e-07,-2.7629036040802104e-13,1.3575603930867175e-07,6.080318288470981,1.2081281736813576,0.939813198671708,nan,nan,0.0462774459931518,697.9567195100539,0.6302672544198554,0.5280832186820538,0.0,288.1419018090132,101310.38796783058,1.2248572302201863,340.38399249626195,0.0,0.0,15.75210182967915,151.9611234914134
0.1796875,1.3066873155370389,16.147761100563663,16.147761100563805,102.67913904560294,-3.272177421736981e-07,-2.8343886725722354e-13,1.3244441773467654e-07,6.078924223462041,1.2067341086724173,0.9397097290923703,nan,nan,0.04743987032343692,684.4521646707285,0.6623416639367068,0.5280980324399339,0.0,288.141506532449,101309.6747475717,1.2248502875487102,340.3837529586641,0.0,0.0,16.147761100563812,159.68997171858825
0.1836875,1.3720981909125347,16.557275987474675,16.557275987474814,102.07823968380401,-3.357760719120705e-07,-2.9093894001704256e-13,1.2904784139758934e-07,6.077498308428534,1.2053081936389098,0.9396038464496931,nan,nan,0.04864300477503385,680.6738411309827,0.6963787319445918,0.5281137520665886,0.0,288.14108136175906,101308.90758762091,1.2248428197929824,340.383495305226,0.0,0.0,16.55727598747482,167.8912802695648
0.1875,1.4359632790745438,16.945356927636112,16.945356927636247,101.5051458735909,-3.4393322994395675e-07,-2.9808744686624507e-13,1.264405455326822e-07,6.0761392331622215,1.203949118372598,0.9395028807996221,nan,nan,0.049783170115588395,677.0726265071627,0.7294224550543043,0.5281290123255646,0.0,288.140666238686,101308.15855716365,1.2248355284936985,340.3832437406437,0.0,0.0,16.945356927636254,175.85277326523408
0.1915,1.504559289939879,17.353284044393423,17.353284044393554,102.45845512665713,-3.524915596823292e-07,-3.055875196260641e-13,1.2287812309317777e-07,6.074709453860331,1.2025193390707072,0.9393966137854053,nan,nan,0.05098164536219234,682.7401118167813,0.7649829663189043,0.5281454342062987,0.0,288.14022036461535,101307.3540409113,1.2248276970547416,340.38297354095687,0.0,0.0,17.35328404439356,184.42014276420485
0.1953125,1.5714655117801086,17.74563934241502,17.74563934241515,103.36731315616416,-3.606487177142154e-07,-3.127360264752666e-13,1.2197126108217918e-07,6.073346695463217,1.2011565806735924,0.939295281466078,nan,nan,0.05213437351901148,688.1419337525115,0.7999858368564691,0.5281615978554534,0.0,288.1397854741734,101306.56934305243,1.2248200585115203,340.3827099973491,0.0,0.0,17.74563934241516,192.85264336698629
0.1993125,1.6432725735181446,18.15728290618562,18.15728290618575,102.45438275287962,-3.6920704745258785e-07,-3.202360992350856e-13,1.1827430029502178e-07,6.071916916161325,1.1997268013717015,0.9391889166942862,nan,nan,0.053343772938723936,682.4744484428929,0.8375525669903614,0.5281789446854094,0.0,288.1393187282721,101305.72716655451,1.2248118604240186,340.3824271493329,0.0,0.0,18.157282906185756,201.9022264739439
0.203125,1.7132397010196088,18.546230775371857,18.54623077537198,101.58376612019391,-3.773642054844741e-07,-3.273846060842881e-13,1.1542389828584848e-07,6.07055415776421,1.1983640429745868,0.9390874911354852,nan,nan,0.054486496107338,677.0726265071627,0.8738414019701798,0.5281957007151968,0.0,288.1388639419433,101304.90656940178,1.2248038723730652,340.38215154881766,0.0,0.0,18.54623077537199,210.6434087419836
0.207125,1.7882377617972713,18.952916488952482,18.952916488952603,101.75907959066394,-3.859225352228465e-07,-3.3488467884410713e-13,1.1250129990683128e-07,6.069134039133278,1.1969439243436546,0.9389817479818076,nan,nan,0.05568133596883892,678.0172073920992,0.9126096945199389,0.5282136008152843,0.0,288.1383764545483,101304.02696783269,1.224795309919361,340.3818561314563,0.0,0.0,18.95291648895261,219.9812254318783
0.2109375,1.8612357026491724,19.341191404282796,19.341191404282913,101.92611172782087,-3.9407969325473276e-07,-3.4203318569330964e-13,1.1050996910178164e-07,6.067780488563171,1.1955903737735474,0.9388809154675345,nan,nan,0.05682208788289033,678.9175110480542,0.9504096104596211,0.5282310529871502,0.0,288.13790196793275,101303.17082431848,1.224786975789527,340.38156859256725,0.0,0.0,19.34119140428292,229.08518779618532
0.2149375,1.9394171750631968,19.749869287971663,19.74986928797178,102.41283983141003,-4.026380229931052e-07,-3.4953325845312865e-13,1.0848209096909347e-07,6.066352641395472,1.1941625266058482,0.9387744994722118,nan,nan,0.05802278671594303,681.7512537028634,0.9910260639449218,0.5282498046532917,0.0,288.1373937883621,101302.25388666574,1.2247780498286542,340.3812606357474,0.0,0.0,19.749869287971787,238.86683219995345
0.21875,2.0154589689739573,20.14120265632056,20.141202656320672,102.87680456880334,-4.1079518102499143e-07,-3.5668176530233116e-13,1.0641557616804321e-07,6.064991724563759,1.192801609774135,0.9386730250888412,nan,nan,0.059172530069865004,684.4521646707285,1.0307169296930279,0.5282681280920163,0.0,288.13689951670165,101301.36204385612,1.224769368124184,340.3809611071212,0.0,0.0,20.14120265632068,248.4248972303005
0.22275,2.0968439382776447,20.550567961074556,20.55056796107467,101.80575314859786,-4.1935351076336386e-07,-3.641818380621502e-13,1.0536712127723512e-07,6.063571605932827,1.1913814911432028,0.9385670878613965,nan,nan,0.060375254976227546,677.8400984761736,1.073072458555354,0.528287680729527,0.0,288.13637051440116,101300.4075345534,1.2247600763554776,340.3806405317271,0.0,0.0,20.550567961074677,258.62391617990676
0.2265625,2.175930385898999,20.93675556331382,20.93675556331393,100.78437903689814,-4.275106687952501e-07,-3.713303449113527e-13,1.0215721428991925e-07,6.062218055362719,1.1900279405730956,0.9384660702436587,nan,nan,0.0615098869673104,671.5379728844883,1.1138133369923047,0.5283064871013793,0.0,288.1358564524916,101299.47998305806,1.2247510469776253,340.38032901020995,0.0,0.0,20.936755563313938,268.4334227831935
0.2305625,2.260480823166025,21.337747973522347,21.337747973522454,99.71173428426239,-4.3606899853362253e-07,-3.788304176711717e-13,9.996002811937589e-08,6.060824986610472,1.188634871820848,0.9383620562062516,nan,nan,0.06268801993772719,664.9259066899333,1.1569211079785529,0.52832638510687,0.0,288.1353068746494,101298.4883481209,1.224741393735043,340.37999596603754,0.0,0.0,21.33774797352246,278.81206510611725
0.234375,2.342553172489453,21.715949259426427,21.715949259426534,98.68885751028276,-4.4422615656550877e-07,-3.859789245203742e-13,9.884312124119404e-08,6.059497217955985,1.1873071031663616,0.9382628733117006,nan,nan,0.06379919543446848,658.6237810982482,1.1983304834154829,0.5283454982447712,0.0,288.1347734043788,101297.52577700245,1.2247320233840326,340.3796726830535,0.0,0.0,21.715949259426544,288.78106546091766
0.238375,2.4302069428075885,22.1110514938637,22.111051493863805,98.862249113759,-4.527844863038812e-07,-3.934789972801932e-13,9.65705618025044e-08,6.058115742008888,1.1859256272192642,0.9381596323903459,nan,nan,0.06496003051006384,659.5683619831846,1.2423699017380265,0.5283658243116566,0.0,288.1342036548717,101296.49774516925,1.2247220157536083,340.37932741485224,0.0,0.0,22.111051493863812,299.38243832144565
0.2421875,2.51522421599086,22.48827875509137,22.48827875509147,99.02745197414241,-4.6094164433576744e-07,-4.0062750412939573e-13,9.541398640621977e-08,6.0567990227468105,1.184608907957187,0.9380611870510771,nan,nan,0.06606835101020411,660.4686656391395,1.2851604487544022,0.5283855729432202,0.0,288.13365104259606,101295.50063502912,1.2247123091002514,340.3789925318132,0.0,0.0,22.48827875509148,309.68239643049014
0.2461875,2.6059687648635226,22.883799199751238,22.883799199751337,98.73273002174133,-4.6949997407413987e-07,-4.0812757688921475e-13,9.305772182939053e-08,6.0554194789339055,1.1832293641442815,0.9379579986692974,nan,nan,0.06723042177358009,658.5795038692668,1.330806201315056,0.5284066382029141,0.0,288.1330612030284,101294.43635354307,1.2247019485071693,340.37863508903524,0.0,0.0,22.883799199751348,320.66877275721896
0.25,2.693930116221836,23.25968189229594,23.259681892296037,98.45159680489314,-4.776571321060261e-07,-4.1527608373841725e-13,9.064022496787044e-08,6.0541046012372295,1.1819144864476059,0.9378596034709249,nan,nan,0.06833479887137088,656.7788965573568,1.3749258371182222,0.5284269981020806,0.0,288.13248945424453,101293.40471429973,1.2246919056400916,340.3782886092722,0.0,0.0,23.259681892296047,331.28699956369206
0.254,2.7877560853614747,23.653209846047144,23.65320984604724,98.31234988006051,-4.862154618443985e-07,-4.2277615649823627e-13,9.064022496787044e-08,6.052730853826899,1.1805407390372755,0.9377567572579869,nan,nan,0.0694910231355146,655.8343156724203,1.421889714160652,0.5284486693787932,0.0,288.1318795854451,101292.30429291789,1.2246811931443622,340.37791902877973,0.0,0.0,23.653209846047247,342.5888486860137
0.2578125,2.8786481187537665,24.02777241100807,24.027772411008165,98.17946012940756,-4.943726198762848e-07,-4.299246633474388e-13,8.940696716308596e-08,6.051421500826429,1.1792313860368044,0.9376586884984821,nan,nan,0.07059152883068862,654.9340120164652,1.4673249811474247,0.5284696341474717,0.0,288.1312887872281,101291.2382816856,1.2246708155848667,340.3775610050602,0.0,0.0,24.027772411008183,353.52195665667716
0.2618125,2.97554593724891,24.421460137486836,24.42146013748693,98.6644118119988,-5.029309496146572e-07,-4.374247361072578e-13,8.688795409866128e-08,6.050043889147714,1.1778537743580906,0.9375554614316027,nan,nan,0.07174822996638335,657.7677546712744,1.5158527700431266,0.5284920246099282,0.0,288.13065895140784,101290.10183265871,1.2246597522705276,340.37717932455314,0.0,0.0,24.421460137486942,365.1982624032278
0.265625,3.0693709251672208,24.798499386831914,24.798499386832006,99.12667744829541,-5.110881076465434e-07,-4.445732429564603e-13,8.688795409866128e-08,6.0487308530164405,1.1765407382268165,0.9374570293675651,nan,nan,0.07285601920176979,660.4686656391395,1.5630708878171313,0.5285138095238853,0.0,288.13004908898637,101289.00142278495,1.2246490397507157,340.37680974792573,0.0,0.0,24.79849938683202,376.5584985160118
0.269625,3.169356730738207,25.194101999649252,25.19410199964934,98.67457923964915,-5.196464373849159e-07,-4.520733157162793e-13,8.560065398421929e-08,6.047353241337726,1.1751631265481026,0.9373537104331147,nan,nan,0.07401835386493741,657.6349229843304,1.6133948518630494,0.5285370260310909,0.0,288.12939918125016,101287.8287568446,1.2246376237662326,340.3764159038376,0.0,0.0,25.19410199964936,388.6649421876399
0.2734375,3.2661253254326734,25.56947697264466,25.56947697264475,98.2433944679201,-5.278035954168021e-07,-4.592218225654818e-13,8.296615425989067e-08,6.046040205206452,1.1738500904168285,0.9372551907493543,nan,nan,0.0751212610862909,654.9340120164652,1.6618853196356502,0.5285593953986704,0.0,288.12877018538467,101286.69382339633,1.2246265750611434,340.3760347323431,0.0,0.0,25.569476972644765,400.3292962333594
0.2774375,3.3691883897212467,25.961857442418946,25.961857442419035,97.9468009516906,-5.363619251551745e-07,-4.667218953253008e-13,8.296615425989067e-08,6.044672254198697,1.1724821394090734,0.9371525051705544,nan,nan,0.0762741373008114,653.0448502465924,1.7133426026627652,0.5285831320322819,0.0,288.1281002754668,101285.48506636817,1.224614807622131,340.3756287669329,0.0,0.0,25.96185744241905,412.7062373334143
0.28125,3.4688791220158195,26.334740387270873,26.334740387270962,97.66388853078152,-5.445190831870608e-07,-4.738704021745032e-13,8.024520884654679e-08,6.043368425894431,1.1711783111048069,0.9370545897088651,nan,nan,0.0773697308011087,651.2442429346823,1.7629725351411238,0.5286060243907873,0.0,288.12745228570685,101284.31586114285,1.2246034251740519,340.37523608513834,0.0,0.0,26.334740387270976,424.6425966504088
0.28525,3.5750011038932756,26.726677873767844,26.72667787376793,98.30487232233578,-5.530774129254332e-07,-4.813704749343222e-13,8.024520884654679e-08,6.041996610618292,1.1698064958286682,0.9369515229101721,nan,nan,0.07852131372486044,655.022566474428,1.8159052461088845,0.5286304386954578,0.0,288.1267624928247,101283.0712281376,1.2245913083651025,340.37481807065177,0.0,0.0,26.726677873767947,437.3721601320238
0.2890625,3.6776124818136777,27.102629951406243,27.102629951406325,98.91590535516907,-5.612345709573195e-07,-4.885189817835247e-13,7.884953353001449e-08,6.040689099183222,1.1684989843935987,0.9368532437956336,nan,nan,0.07962593204966452,658.6237810982482,1.8674176452528601,0.5286541963744094,0.0,288.12609551886817,101281.8677686336,1.2245795923351621,340.37441388443415,0.0,0.0,27.102629951406342,449.7590312870742
0.2930625,3.786812702423157,27.497073684792845,27.497073684792927,98.30590288276221,-5.697929006956919e-07,-4.960190545433436e-13,7.742870483855356e-08,6.039317283907084,1.16712716911746,0.9367500855364326,nan,nan,0.08078488661874951,654.8454575585025,1.9222412388714079,0.52867947959508,0.0,288.1253857174342,101280.58703304661,1.2245671239403941,340.37398374476516,0.0,0.0,27.49707368479294,462.9409035747286
0.296875,3.8923583325974187,27.87075610596526,27.87075610596534,97.72416694158268,-5.779500587275781e-07,-5.031675613925461e-13,7.598131170262078e-08,6.038009772472014,1.1658196576823905,0.93665171919058,nan,nan,0.08188284498613632,651.2442429346823,1.974913669202529,0.5287037692771352,0.0,288.1246996708381,101279.34915968098,1.2245550727654868,340.3735680005279,0.0,0.0,27.870756105965356,475.6043605485366
0.300875,4.004622773255844,28.26136991803343,28.261369918033513,97.58270951067712,-5.865083884659506e-07,-5.106676341523651e-13,7.598131170262078e-08,6.0366476178668345,1.1644575030772106,0.9365491966247061,1.1688737569147007,2.323245602899946,0.08303055610622895,650.2996620497458,2.0307367637357676,0.5287295102717743,0.0,288.12396995197383,101278.03248592792,1.2245422543754134,340.37312579089615,0.0,0.0,28.261369918033527,489.02402879057996
0.3046875,4.1130781091048645,28.63314671702178,28.633146717024882,97.447715676264,-6.159497710380118e-07,-5.222058823312548e-13,4.655271575395301e-07,6.035349314258772,1.1631591994691486,0.9364514367292989,1.1688770231413623,2.3242558641206346,0.08412292418290664,649.3993583937909,2.0845934751093944,0.5287543429449697,0.0,288.1232649922908,101276.76048659088,1.2245298708484946,340.3726985853282,0.0,0.0,28.633146717024896,501.96974882843296
0.31040625,4.2784223817444715,29.193046141359503,29.193046141375344,98.36413878724818,-7.408604810037874e-07,-5.823240865886719e-13,1.0418032582372026e-06,6.033393571802373,1.1612034570127487,0.9363040934616824,1.1688820351894207,2.3257794172773827,0.08576804815037914,654.8011803295211,2.167038204477588,0.5287923540761658,0.0,288.1221902545186,101274.82127536135,1.224510991575451,340.3720472942383,0.0,0.0,29.19304614137536,521.7849153062285
0.3125,4.339761171094197,29.399347352466574,29.39934735248955,98.6997092945318,-8.111684520388501e-07,-6.269291462059146e-13,1.250188775372543e-06,6.0326775349467505,1.160487420157127,0.9362501242207781,1.1688839104654865,2.326337862447083,0.0863742144966754,656.7788965573568,2.1978208572000804,0.5288065454201638,0.0,288.1217915523879,101274.10187415553,1.2245039877787305,340.37180568074706,0.0,0.0,29.399347352489563,529.1826381163129
0.315640625,4.432579874855945,29.70895828796844,29.70895828800461,98.46543948813846,-9.41656296262941e-07,-7.258979792991527e-13,1.560500939510551e-06,6.031600445608845,1.1594103308192212,0.9361689175415505,1.1688867528662081,2.327178353246576,0.08728393393429369,655.29560938648,2.2444278341629875,0.5288280310671826,0.0,288.1211882308134,101273.01326630857,1.2244933894998808,340.3714400678729,0.0,0.0,29.708958288004624,540.382526229292
0.3203125,4.572449719768964,30.168161952025002,30.16816195208636,98.11667772021185,-1.191988615782929e-06,-9.633520909889038e-13,2.0168929476370213e-06,6.029998208235543,1.1578080934459187,0.9360480638806226,1.1688910294228703,2.328429655422477,0.08863320253396086,653.0891274755738,2.3144582191280825,0.5288603126457336,0.0,288.1202790768215,101271.37282742551,1.2244774187166156,340.3708891205538,0.0,0.0,30.168161952086376,557.2094669699012
0.328125,4.811133054879554,30.934808349777633,30.93480834989608,98.14472082317523,-1.763630921599999e-06,-1.6831103771301804e-12,2.7673265761858128e-06,6.027326428923521,1.155136314133897,0.9358463938391504,1.1688983321533877,2.330519383142373,0.0908858389103041,653.0891274755738,2.4337838162234156,0.5289153115101912,0.0,288.1187276351433,101268.57347189683,1.2244501648623523,340.36994894689684,0.0,0.0,30.934808349896098,585.876364414872
0.3359375,5.055812895674697,31.704064328436893,31.704064328631077,98.78479939128621,-2.531337060054102e-06,-2.942053439415487e-12,3.4999652519013144e-06,6.024647102212313,1.1524569874226889,0.9356439744784806,1.168905868041682,2.3326189356320137,0.09314616111212179,656.7788965573568,2.5565457081961807,0.528971886020027,0.0,288.1171372161781,101265.7037874056,1.224422225997507,340.3689851530039,0.0,0.0,31.70406432863109,615.3625890559067
0.34375,5.3065002705693445,32.46994468757279,32.46994468785995,97.28032119712302,-3.4978485684212966e-06,-4.897073349314791e-12,4.205666313337783e-06,6.0219790965998845,1.1497889818102605,0.9354422314281884,1.1689135803226054,2.33471348894417,0.09539658518928827,647.5544738528995,2.681785274824942,0.5290295940717529,0.0,288.11550774824127,101262.76364460695,1.2243936008400915,340.3679976954342,0.0,0.0,32.469944687859964,645.4374386690776
0.3515625,5.5631345035141555,33.2276545356251,33.227654536023444,96.69325460422382,-4.6664730270004165e-06,-7.706896106669632e-12,4.896590495891781e-06,6.019337506884609,1.1471473920949848,0.9352423096403177,1.1689214064867008,2.336790968463831,0.09762302403981486,643.8647047711166,2.808651550569553,0.5290880434129633,0.0,288.1138396257271,101259.75375512929,1.224364296295338,340.36698681319064,0.0,0.0,33.22765453602346,675.8962454759395
0.359375,5.8256828931654585,33.98556450584665,33.98556450637436,97.33168669798556,-6.041488004177267e-06,-1.1533938416167108e-11,5.572715535974831e-06,6.016695917169333,1.1445058023797092,0.9350422123038252,1.1689294346094476,2.338872223056224,0.09985007091120915,647.5544738528995,2.9385015685917857,0.5291478583982332,0.0,288.1121330611944,101256.67450250458,1.2243343160738174,340.36595263508383,0.0,0.0,33.985564506374374,707.064450668866
0.3671875,6.094165699102289,34.74606641154384,34.74606641221912,97.35672245878276,-7.627139117368982e-06,-1.6543590524843607e-11,6.234493411036107e-06,6.014046780054871,1.141856665265247,0.9348413667264311,1.1689376921260464,2.340963253996152,0.1020847534935073,647.5544738528995,3.0717632364399274,0.5292092354407602,0.0,288.1103879229558,101253.52564912189,1.2243036578380528,340.3648950813112,0.0,0.0,34.74606641221913,739.0442496506041
0.375,6.368587563604137,35.50556322864859,35.505563229489724,97.07435100340066,-9.427654228190793e-06,-2.290416636431532e-11,6.883336537486751e-06,6.011401416640002,1.1392113018503782,0.9346406306124698,1.1689461379790012,2.343055073665313,0.10431650414974611,645.709589312008,3.207816796713861,0.5292718885302017,0.0,288.10860418083655,101250.30714053508,1.2242723210332949,340.36381413358697,0.0,0.0,35.50556322948974,771.6864024661612
0.3828125,6.648949987010811,36.268847548445834,36.26884754947106,98.3264875250824,-1.1447227934890113e-05,-3.078685083861444e-11,7.518946389995319e-06,6.008744732126353,1.1365546173367296,0.9344388575428255,1.1689548291465064,2.3451597160368087,0.10655940414939892,653.0891274755738,3.3475392954914462,0.5293362205258398,0.0,288.1067818250844,101247.01895914767,1.2242403054630133,340.3627097860011,0.0,0.0,36.26884754947107,805.2007855946727
0.390625,6.935301291990353,37.0371180140032,37.03711801523075,98.3506709571307,-1.3690044305932935e-05,-4.036564628632181e-11,8.141763210525429e-06,6.006072952814332,1.133882838024708,0.934235758009291,1.168963783057323,2.347280250480319,0.10881697580001262,653.0891274755738,3.491203786314366,0.5294023561695507,0.0,288.10492054160204,101243.66053821573,1.2242076055832134,340.36158184821085,0.0,0.0,37.037118015230774,839.6522351382587
0.3984375,7.2276429394837365,37.80077388865864,37.800773890107145,97.14502274869074,-1.616027975547184e-05,-5.181733340765474e-11,8.754365621503875e-06,6.003416268300683,1.1312261535110593,0.9340336266837503,1.1689728818602192,2.3493925517646885,0.11106101216049927,645.709589312008,3.637017757981156,0.5294694702370428,0.0,288.10302032089334,101240.2318606049,1.2241742212005422,340.3604303144614,0.0,0.0,37.80077389010716,874.6103583015406
0.40625,7.52593572748309,38.56341010082609,38.563410102514105,98.0898646072318,-1.8862055740971392e-05,-6.532141644807255e-11,9.356541040930456e-06,6.000763357486628,1.1285732426970039,0.9338316038807817,1.1689821681670332,2.3515056428625147,0.1133020756673284,651.2442429346823,3.7856365113942942,0.5295378635336541,0.0,288.10108141777135,101236.73338608902,1.2241401567647399,340.3592553391694,0.0,0.0,38.56341010251412,910.2318145528316
0.4140625,7.830196678430676,39.32622108273566,39.32622108468179,97.1895706392865,-2.1799452366475593e-05,-8.10600467044392e-11,9.9485647284166e-06,5.998110446672572,1.1259203318829485,0.9336294023720412,1.168991656662128,2.353622542900867,0.11554367611577612,645.709589312008,3.9372897726148306,0.529607640999632,0.0,288.09910372159015,101233.16491502336,1.2241054103043865,340.3580568552836,0.0,0.0,39.326221084681805,946.5711300992464
0.421875,8.14039586051548,40.08439677666293,40.08439677888611,96.90329629628559,-2.4976513353343127e-05,-9.921795809647639e-11,1.0532096036714812e-05,5.99547263065689,1.1232825158672661,0.9334281739515569,1.1690012827086262,2.355731087570694,0.11777168153875468,643.8647047711166,4.09099607309476,0.5296783508595589,0.0,288.0970874269066,101229.52679845793,1.2240699852096708,340.35683498070546,0.0,0.0,40.08439677888612,983.3926501358651
0.4296875,8.45652207114823,40.84514285498877,40.845142857507625,97.84771428606697,-2.839722540230231e-05,-1.1998239739358858e-10,1.1105704579553727e-05,5.992827267242021,1.1206371524523973,0.9332261918629157,1.1690111412006579,2.357849493377422,0.12000726324595395,649.3993583937909,4.248207006350237,0.5297506595898938,0.0,288.09503260653753,101225.8191677803,1.2240338827314805,340.3555897595618,0.0,0.0,40.84514285750764,1021.0435890865006
0.4375,8.778611038489123,41.6096599553474,41.609659958180515,97.8685826656744,-3.206555238206111e-05,-1.4354304880556404e-10,1.1669445548061757e-05,5.990170582728372,1.1179804679387486,0.9330231658271732,1.1690212506781892,2.35998084851016,0.12225394944209031,649.3993583937909,4.409210243149542,0.5298246984344332,0.0,288.0929390282498,101222.04160395903,1.2239970987604964,340.3543210511194,0.0,0.0,41.60965995818053,1059.5921351727436
0.4453125,9.106670293373726,42.373134593666826,42.37313459683319,97.58081298008084,-3.598544190352393e-05,-1.7009198206152476e-10,1.222502925125937e-05,5.987517671914317,1.1153275571246932,0.932820248397524,1.169031545523939,2.3621129712641507,0.12449759810579308,647.5544738528995,4.573009385966986,0.5299000087964002,0.0,288.09080664309306,101218.19401867007,1.2239596324069415,340.35302882571443,0.0,0.0,42.373134596833204,1098.7990721093722
0.453125,9.440694810184336,43.137970177701774,43.13797018122024,98.21707731602135,-4.016080222614153e-05,-1.9982359842042314e-10,1.2772085939008413e-05,5.984860987400668,1.1126708726110446,0.9326168620443385,1.1690420595930593,2.3642519754872082,0.1267452712016978,651.2442429346823,4.740124390409248,0.5299768286871829,0.0,288.08863548373375,101214.27647085545,1.223921484214491,340.35171310314263,0.0,0.0,43.137970181220254,1138.7882420667738
0.4609375,9.780710886814443,43.90657251038523,43.90657251427452,98.54506872426833,-4.459551254990275e-05,-2.3293456125668834e-10,1.3310223995122528e-05,5.9821929817882395,1.1100028669986162,0.9324124271843413,1.1690528292497981,2.366404020654569,0.12900403788796502,653.0891274755738,4.911113957675308,0.5300554136728034,0.0,288.08642537923566,101210.28865208497,1.2238826511488332,340.3503737798168,0.0,0.0,43.90657251427454,1179.6925994888409
0.46875,10.126735400193278,44.67532621951231,44.675326223791494,98.25576797970793,-4.9293433789062854e-05,-2.6962373600210826e-10,1.3840820668165389e-05,5.979524976175812,1.1073348613861878,0.9322078098906703,1.1690638031243905,2.368559932337202,0.13126327624749323,651.2442429346823,5.085198563206647,0.5301354049262617,0.0,288.0841762198987,101206.23036442054,1.2238431312509062,340.3490107892586,0.0,0.0,44.67532622379151,1221.3249352258883
0.4765625,10.478766383998208,45.44543370395351,45.4454337086416,98.89172636191299,-5.425839163899595e-05,-3.1009213596550523e-10,1.4363753256246904e-05,5.9768531968637895,1.104663082074166,0.9320027201148844,1.1690749996064607,2.3707227949157628,0.13352651960941245,654.9340120164652,5.262661910884894,0.5302169317521094,0.0,288.081888018504,101202.10163092383,1.2238029247131317,340.3476241392134,0.0,0.0,45.445433708641616,1263.752407761681
0.484375,10.83682695954271,46.21809763020777,46.2180976353237,98.91015545547168,-5.949418076887351e-05,-3.5454285387017954e-10,1.487891205122267e-05,5.9741738701525815,1.101983755362958,0.9317968667702886,1.1690864383282857,2.372895715579971,0.13579730218717892,654.9340120164652,5.443807093294476,0.5303001322097193,0.0,288.07956062476296,101197.90218042055,1.2237620288619808,340.34621373860637,0.0,0.0,46.218097635323716,1307.0467134382145
0.4921875,11.200918244187804,46.988489967163154,46.988489972726434,98.31013987698181,-6.500456837195401e-05,-4.031809982674192e-10,1.5388087979928965e-05,5.97150209084056,1.0993119760509362,0.931591409347229,1.1690980450728754,2.3750663572564643,0.13806143884531763,651.2442429346823,5.627505045839134,0.5303844874607307,0.0,288.0771940314128,101193.63199980598,1.2237204435364328,340.34477958303614,0.0,0.0,46.988489972726455,1350.9373133287036
0.5,11.57102875997792,47.761434212970364,47.76143421899997,99.5636228776035,-7.079327270614082e-05,-4.5621363362017493e-10,1.588989290783311e-05,5.968822764129352,1.096632649339728,0.9313851868211235,1.1691098954007069,2.3772470857958337,0.14033310240361935,658.6237810982482,5.81491107445574,0.5304705264337018,0.0,288.07478831306014,101189.29122369725,1.2236781700135266,340.34332171771445,0.0,0.0,47.76143421899999,1395.6995424005736
0.5078125,11.947203582238139,48.53934275207294,48.53934275858759,99.58087826171467,-7.686398514701798e-05,-5.138496959885653e-10,1.63837572752353e-05,5.96612834261977,1.0939382278301468,0.9311776156849306,1.1691220305648338,2.379444148799031,0.14261938162985346,658.6237810982482,6.006658490724402,0.5305585382631512,0.0,288.07234317671544,101184.87932343637,1.2236352031102233,340.34183996508955,0.0,0.0,48.53934275858762,1441.4837477046804
0.515625,12.329446895984587,49.3137588293364,49.31375883635594,98.66946493029096,-8.322037958740795e-05,-5.762999304614205e-10,1.6872721092095808e-05,5.963445242208969,1.0912551274193454,0.9309707303060695,1.1691343143742579,2.381635840681884,0.14489542926648866,653.0891274755738,6.200671838957419,0.5306475705946627,0.0,288.0698585951761,101180.3962499401,1.2235915423132013,340.3403343086767,0.0,0.0,49.313758836355966,1487.7935948075617
0.5234375,12.717728247292628,50.08709359329272,50.08709360083669,99.30420872861164,-8.98660727629969e-05,-6.437768464625621e-10,1.7356091918955762e-05,5.9607659154977615,1.0885758007081372,0.9307639500486826,1.1691467846828978,2.3838283463421517,0.14716833015911623,656.7788965573568,6.397530524873589,0.5307378881889427,0.0,288.06733476639255,101175.84236038194,1.2235471910651856,340.3388048684339,0.0,0.0,50.08709360083672,1534.7667858480409
0.53125,13.112061199640662,50.86175922551604,50.861759233603685,99.01007956280893,-9.680463272136019e-05,-7.164946280858344e-10,1.7833247535991135e-05,5.95808281508696,1.0858927002973358,0.9305566921818461,1.1691594818501172,2.3860278966827106,0.1494451723866436,654.9340120164652,6.597853261476098,0.5308297735204257,0.0,288.0647716022023,101171.21749568502,1.2235021477805774,340.3372515909346,0.0,0.0,50.86175923360371,1582.550202458915
0.5390625,13.512434091723064,51.63291370746918,51.63291371612053,98.40532681636961,-0.00010403958897285356,-7.946690531817958e-10,1.830601436281053e-05,5.955411035774938,1.083220920985314,0.9303501232486865,1.1691723229357445,2.3882219968705796,0.15171172927616733,651.2442429346823,6.800375718364516,0.530922647825219,0.0,288.0621691784038,101166.52179261693,1.2234564137545185,340.3356745221127,0.0,0.0,51.63291371612056,1630.8415716458073
0.546875,13.918822618349994,52.40297089067061,52.40297089990532,98.7292563736495,-0.00011157441094933055,-8.785174325741057e-10,1.8773647676879937e-05,5.95274303016251,1.0805529153728857,0.9301436610428917,1.1691853477431846,2.390416867002929,0.15397509371104742,653.0891274755738,7.00570717702052,0.5310167885160988,0.0,288.0595276529807,101161.75553623679,1.223409991726011,340.3340737577063,0.0,0.0,52.40297089990535,1679.7855693800047
0.5546875,14.331243407798189,53.17798020559195,53.17798021542862,99.67312772830681,-0.00011941251995199745,-9.68258514750686e-10,1.9234155430496387e-05,5.950059929751708,1.0778698149620842,0.9299358440045803,1.1691986635367486,2.392628195321683,0.156253041211313,658.6237810982482,7.215488671008448,0.5311129451971304,0.0,288.05684691784927,101156.91853152278,1.2233628797577125,340.3324492322167,5.643339109397273e-05,2.0948633739035674e-06,53.17798021542864,1729.7724634374215
0.5625,14.749735145293366,53.95551840673053,53.95551841718817,99.37653784719583,-0.00012755731772746135,-1.0641123888686577e-09,1.9688556423509158e-05,5.94736928194172,1.0751791671520963,0.9297272540881345,1.1692122302581998,2.3948497617006526,0.1585384522688677,656.7788965573568,7.429111575275549,0.5312108379296416,0.0,288.0541267215556,101152.01032476206,1.2233150733918758,340.3308007932627,6.0299205308571935e-05,2.501782671514488e-06,53.9555184171882,1780.6561777377453
0.5703125,15.174295496997363,54.73194846987476,54.731948480973045,99.38947257837019,-0.00013601217530553335,-1.1663004336760252e-09,2.0138283990925478e-05,5.944682407831325,1.0724922930417016,0.9295187682996947,1.1692259830288887,2.3970721472919396,0.16082064068461924,656.7788965573568,7.645586663648205,0.5313100130248796,0.0,288.0513670792695,101147.03094332662,1.2232665728557954,340.3291284500373,6.62996977489929e-05,2.26956414080214e-06,54.731948480973074,1832.200222818354
0.578125,15.604928414152045,55.51090305695008,55.51090306870794,100.02287055146306,-0.00014478041564577792,-1.2750452613183543e-09,2.0582117983183414e-05,5.941987986321744,1.0697978715321204,0.9293095075337989,1.1692399888116969,2.3993048127789796,0.16311028091972954,660.4686656391395,7.865939552239019,0.5314109383927463,0.0,288.048567965308,101141.98034087502,1.2232173776582025,340.32743218697664,7.210750876177299e-05,4.219771070106497e-06,55.51090306870796,1884.647930154781
0.5859375,16.041653606518445,56.28995313784794,56.28995315028479,99.41380875625148,-0.00015386532757941397,-1.3905706247141507e-09,2.1021065508623693e-05,5.9392935648121625,1.0671034500225391,0.9291000569013129,1.1692542036649882,2.401541467636753,0.1654002362373696,656.7788965573568,8.089500980329525,0.5315133068033615,0.0,288.0457292515576,101136.85828624478,1.2231674855069266,340.3257119264439,7.71818786739434e-05,2.96496505256348e-06,56.28995315028481,1937.839065732431
0.59375,16.484452850911577,57.06666820966,57.06666822279574,99.42516337135852,-0.00016327015438150695,-1.5131013593805527e-09,2.145610951033572e-05,5.936606690701768,1.0644165759121444,0.928891003638504,1.1692685811011423,2.403775774626383,0.16768336535837672,656.7788965573568,8.315561508335275,0.5316167930187659,0.0,288.04285105646903,101131.66499316333,1.2231168984426908,340.32396774022027,8.394939001580506e-05,3.654797690579689e-06,57.06666822279577,1991.60407238836
0.6015625,16.933320522950627,57.8434699277318,57.84346994158579,99.43599002766899,-0.0001729980819228274,-1.6428633167390575e-09,2.18864428844589e-05,5.933919816591374,1.0617297018017497,0.9286817610573971,1.1692831664537264,2.4060140539632933,0.16996678442075183,656.7788965573568,8.544816022004069,0.5317217135714868,0.0,288.0399334166008,101126.40052759524,1.2230656170664322,340.3221996504601,9.0845769890479e-05,4.645934668839216e-06,57.843469941585816,2046.1074525901358
0.609375,17.388263611037114,58.62278406478348,58.62278407937441,100.06839516458226,-0.00018305224977999325,-1.780083265212018e-09,2.231121860247051e-05,5.931225395081793,1.0590352802921685,0.9284717403408835,1.1692980076812316,2.4082626734034807,0.1722576218325774,660.4686656391395,8.778000402003821,0.5318284033008032,0.0,288.0369762865282,101121.06480757827,1.223013640537562,340.32040762963607,9.801035752468525e-05,2.9317907233492808e-06,58.62278407937443,2101.523181028016
0.6171875,17.849311225702678,59.40582361036539,59.405823625711605,100.3896669331824,-0.00019343576383190896,-1.9249887949553907e-09,2.2730088857624076e-05,5.928519652473431,1.0563295376838076,0.9282606450771259,1.1693131310602471,2.410524859831212,0.17455944252960415,662.3135501800311,9.01551962838622,0.5319370455757564,0.0,288.0339794770329,101115.65749169466,1.2229609654873557,340.31859156308195,0.00010244289281088218,6.626145996651144e-06,59.40582362571163,2157.9463476068318
0.625,18.316476638754867,60.18772397754059,60.1877239936616,99.7766865493381,-0.000204151700183349,-2.0778082414823646e-09,2.3144995680620334e-05,5.925817683564664,1.0536275687750398,0.9280496518578555,1.1693284411287745,2.4127878927091904,0.1768579529109932,658.6237810982482,9.25591476933581,0.5320469730651296,0.0,288.03094290184805,101110.17842428834,1.222907590355878,340.31675139851995,0.00011331889203574268,5.551377269680161e-06,60.18772399366163,2215.0293562588545
0.6328125,18.789735098369817,60.966047631310616,60.96604764822651,99.4740556497008,-0.0002152030814917412,-2.238770651493959e-09,2.3556916723951317e-05,5.923127035754676,1.0509369209650519,0.9278393513978379,1.1693438870916766,2.4150453569383865,0.17914599077296714,656.7788965573568,9.498408965147421,0.5321578303869757,0.0,288.02786672186056,101104.62789565675,1.2228535179269444,340.3148872334475,0.00012284357801017515,9.355460604083418e-06,60.96604764822654,2272.5870310114383
0.640625,19.269071306642495,61.74443806016604,61.744438077895865,99.79383211605571,-0.00022659286492561462,-2.4081057176134477e-09,2.296676969313971e-05,5.9204363879446875,1.048246273155064,0.9276288597882377,1.1693601335922306,2.417312738039928,0.18143426268195528,658.6237810982482,9.744120627601358,0.5322701267849617,0.0,288.0247510365068,101099.00608521866,1.2227987499038349,340.3129991281231,0.0001328727867979407,1.0767236018110943e-05,61.74443807789591,2330.884079437522
0.6484375,19.754488933496244,62.52167266263569,62.521672681230484,99.17808830213708,-0.00023832827625755722,-2.2698903824678122e-09,2.2332277366729904e-05,5.917749513834293,1.0455593990446692,0.9274184723905914,1.1693765873649098,2.419581149743184,0.18371917653309042,654.9340120164652,9.992659476252843,0.5323836831535753,0.0,288.02159582193224,101093.31294993202,1.222743285822108,340.31108706809096,0.00013843029287839324,9.395512725615085e-06,62.521672681230505,2389.8270251269632
0.65625,20.245959903349803,63.29409242277251,63.294092442283095,98.56123448333537,-0.0002504225802364518,-1.0905590321609961e-09,2.1647735968889786e-05,5.915077734522272,1.0428876197326475,0.927209077418878,1.1693931739413543,2.4218409652247628,0.18598998065671118,651.2442429346823,10.2428195461088,0.5324979489509792,0.0,288.0184012606282,101087.54881907636,1.222687128844088,340.30915116394067,0.00015011112236389563,9.856699554346176e-06,63.29409244228313,2449.129214282684
0.6640625,20.74345608801231,64.06534511857338,64.0653451390532,98.87939365504626,-0.0002628881278896198,1.727041300826506e-09,2.088863251083556e-05,5.912409728909843,1.0402196141202191,0.9269997893550977,1.1694099820131678,2.4241019265807005,0.18825739430214247,653.0891274755738,10.495750623959067,0.5326134473815709,0.0,288.0151675354279,101081.71402254821,1.2226302821378252,340.3071915264693,0.00015951673806848733,7.2660846529843865e-06,64.06534513905325,2509.062576657101
0.671875,21.246987391304874,64.83908247001219,64.8390824915182,99.19730550776102,-0.0002757380905428939,6.6904244207020406e-09,2.0063327609485043e-05,5.909734175898228,1.0375440611086042,0.926789719473098,1.1694270846839796,2.426373652108816,0.19053214862726894,654.9340120164652,10.752663795619029,0.5327307288439007,0.0,288.0118945819565,101075.80844419236,1.2225727445251926,340.30520811666565,0.00017128151726164976,1.0691172515746182e-05,64.83908249151823,2569.913083331395
0.6796875,21.756566863592504,65.6128627236258,65.61286274621992,98.89032830212855,-0.0002889864265163014,1.4341149543347426e-08,1.9181742221365337e-05,5.907058622886613,1.0348685080969893,0.9265794592922909,1.1694444247899756,2.4286496549768466,0.1928070690371038,653.0891274755738,11.012765481908415,0.532849430512212,0.0,288.0085823153866,101069.83193094986,1.2225145144678313,340.3032008831243,0.00017941802808651484,1.5734045760198113e-05,65.61286274621995,2631.4916846659103
0.6875,22.272185295738883,66.38546197892344,66.38546200267244,98.89499403981519,-0.000302647689805423,2.5258923711210963e-08,1.825576524800243e-05,5.904386843574591,1.0321967287849676,0.9263693055158507,1.169461968377397,2.4309266286154627,0.19507855947004207,653.0891274755738,11.275639622773733,0.5329693618162943,0.0,288.0052307955777,101063.7845908285,1.2224555929703775,340.3011698621201,0.00018755489042087472,1.8363868295616668e-05,66.38546200267248,2693.6989702484543
0.6953125,22.793842976084566,67.15931659627013,67.1593166212448,99.21172400812293,-0.000316737185124204,4.0282022044044234e-08,1.7287280174181455e-05,5.901711290562977,1.0295211757733527,0.9261586642301773,1.1694797680635158,2.433211038333385,0.19735377980892013,654.9340120164652,11.542120570640455,0.5330909011707177,0.0,288.00184002065544,101057.66642044649,1.2223959799516493,340.2991150525172,0.0001951236513182968,1.7874395857534027e-05,67.15931662124486,2756.7314061203383
0.703125,23.321549696804762,67.93320154761334,67.93320157388911,98.9027128216002,-0.00033127090032933435,6.035404083322502e-08,1.6277607256362098e-05,5.899035737551362,1.0268456227617377,0.9259478318685552,1.169497796452605,2.4354996458404976,0.19962913074239796,653.0891274755738,11.81179684349015,0.5332138600031204,0.0,287.99840992697074,101051.47730495804,1.2223356742437934,340.2970364157443,0.00020317724821469597,2.130597966467386e-05,67.93320157388918,2820.490599153846
0.7109375,23.855299320031616,68.70711337215874,68.70711339981594,99.21864948541419,-0.0003462652180694274,8.630291339165581e-08,1.5197182855605117e-05,5.896360184539747,1.0241700697501228,0.925736808170874,1.1695160711414931,2.437792629706191,0.20190460256650797,654.9340120164652,12.084671127040842,0.5333382475202336,0.0,287.99494055441977,101045.21731635006,1.2222746764988133,340.2949339759784,0.0002166301662764356,1.800966229176416e-05,68.70711339981598,2884.976128991296
0.71875,24.395098400543784,69.4810471037928,69.48104713291805,98.90827538909015,-0.0003617374168931766,1.1885092178897228e-07,1.4060862352455147e-05,5.8936846315281315,1.0214945167385079,0.9255255928765516,1.1695345833898976,2.44008990513346,0.20418018118285114,653.0891274755738,12.360745159229035,0.5334640557107334,0.0,287.99143186039646,101038.88637774596,1.2222129859176223,340.29280770740024,0.0,0.0,69.4810471329181,2950.1874285319595
0.7265625,24.940931172858175,70.2513296503771,70.25132968106288,98.28392514632705,-0.0003777053340797606,1.5864313343070493e-07,1.2900146187312245e-05,5.8910203996152966,1.0188302848256727,0.9253150806586431,1.169553228609563,2.442381479509198,0.2064450730491526,649.3993583937909,12.638686549486385,0.53359067628133,0.0,287.9878839473764,101032.48467404845,1.222150604251442,340.2906576721101,0.0,0.0,70.25132968106296,3015.8089704808763
0.734375,25.492769086464605,71.01917776897952,71.01917780132338,98.28510661670515,-0.0003941871312013718,2.061181672170717e-07,1.170150152314704e-05,5.888363715101648,1.016173600312024,0.9251049751058422,1.1695720409102552,2.44467065804413,0.20870285403182048,649.3993583937909,12.918900964773924,0.5337182927428492,0.0,287.98429700093794,101026.01254010717,1.2220875347123217,340.28848398256844,0.0,0.0,71.01917780132347,3081.935879564793
0.7421875,26.0506154086902,71.79070595174768,71.79070598585315,99.2260857235971,-0.0004112019995880787,2.6157790433331785e-07,1.0489951808893912e-05,5.8856957094892195,1.0135055946995957,0.9248937833279159,1.1695911501651084,2.4469736683719243,0.21097149314387903,654.9340120164652,13.203636180980595,0.5338479243402248,0.0,287.9806709998435,101019.46993760184,1.2220237768754751,340.2862866259052,0.0,0.0,71.79070598585321,3149.0975115779884
0.75,26.614508445029585,72.56591197713384,72.56591201311079,99.2265682694733,-0.00042877022481076514,3.2546981327217776e-07,9.253453131887362e-06,5.8830163827780115,1.0108262679883875,0.9246815026277898,1.169610566494414,2.4492906386662425,0.21325098463510048,654.9340120164652,13.492940666027772,0.533979591022828,0.0,287.97700569510727,101012.85641727321,1.221959326310753,340.28406545123505,0.0,0.0,72.56591201311085,3217.3037892339203
0.7578125,27.184457787603385,73.34111963519872,73.34111967316268,99.2265035909867,-0.00044691220687262655,3.9813907395919e-07,7.996552345596264e-06,5.880337056066804,1.0081469412771793,0.9244690284797901,1.1696302002772145,2.4516117179742447,0.21553052579321738,654.9340120164652,13.78546570931433,0.5341126790845173,0.0,287.97330102438053,101006.17186662178,1.221894181868934,340.2818204207746,0.0,0.0,73.34111967316272,3286.2354255099085
0.765625,27.76046023991648,74.11509867086423,74.11509871095016,98.91202010908755,-0.0004656501452575818,4.799161899661485e-07,6.712654744749705e-06,5.877661503055188,1.0054713882655644,0.9242566602879141,1.169650025122919,2.4539336483500485,0.21780650166599358,653.0891274755738,14.080741820648178,0.5342469743070031,0.0,287.9695570084405,100999.41632313708,1.2218283438618918,340.2795515471149,0.0,0.0,74.11509871095024,3355.780782895829
0.7734375,28.342496603931316,74.88539110634372,74.8853911486934,98.28271464503146,-0.00048500796574964125,5.711207732381816e-07,5.459501583678276e-06,5.8749972711423535,1.0028071563527292,0.9240449984873423,1.1696699445051275,2.4562494601778515,0.22007168915571648,649.3993583937909,14.377801705313257,0.5343820372392054,0.0,287.96577377207444,100992.5900119799,1.2217618144300397,340.27725890587715,0.0,0.0,74.88539114869346,3425.711273261384
0.78125,28.93053485731012,75.6519900181853,75.65199006291805,97.96649985849423,-0.0005050062266894964,6.716881139987133e-07,4.1939291046174365e-06,5.872344360328298,1.0001542455386738,0.9238340452636931,1.1696899810639272,2.4585593580023413,0.22232606808985997,647.5544738528995,14.676600166925722,0.5345178467584336,0.0,287.96195152342744,100985.69330871863,1.2216945971793889,340.27494262319703,0.0,0.0,75.6519900629181,3496.015675577907
0.7890625,29.524562097044484,76.41979828523,76.41979833250237,98.5923690398026,-0.0005256662138636053,7.81339841974948e-07,2.935566575151491e-06,5.8696876758146495,0.9974975610250252,0.9236226008690677,1.169710245619642,2.460876447505743,0.22458404736355142,651.2442429346823,14.9790414126659,0.5346552643397429,0.0,287.9580903463692,100978.72636468393,1.2216266935302,340.27260274989976,0.0,0.0,76.41979833250241,3567.1411354574366
0.796875,30.124600541988045,77.1900396709955,77.19003972095649,98.58933785931276,-0.0005470124125985499,8.995447279388413e-07,1.6926433579902067e-06,5.867023443901814,0.99483332911219,0.9234103634723694,1.169730765965385,2.4632040249301568,0.22684922402495172,651.2442429346823,15.285635185306743,0.5347945190051617,0.0,287.9541900964771,100971.68891928585,1.221558100887368,340.2702391984651,0.0,0.0,77.19003972095652,3639.206179592474
0.8046875,30.730662799208048,77.96271272946439,77.96271278229278,99.21491579931767,-0.00056906957296582,1.0246539261698645e-06,6.314998895054294e-07,5.864351664589792,0.9921615498001684,0.9231973311733458,1.1697514455885702,2.4655411441522443,0.22912159448080355,654.9340120164652,15.596415143191418,0.5349356240084386,0.0,287.95025069180514,100964.58082466463,1.221488817753752,340.2678519192339,0.0,0.0,77.96271278229283,3712.2172510282126
0.8125,31.342777454223608,78.73904366187851,78.73904371772095,99.5257329732612,-0.0005918625002098825,1.1547322354630755e-06,9.996002811938e-07,5.8616685641789905,0.9894784493893669,0.9229832007565267,1.1697715792842174,2.467883785276906,0.23140476309521155,656.7788965573568,15.911918044325883,0.5350788200479597,0.0,287.94627194654754,100957.40174556007,1.2214188408048086,340.2654407996078,0.0,0.0,78.73904371772097,3786.298864267857
0.8203125,31.960957068936064,79.51411207835065,79.51411213736625,98.89165407545046,-0.0006154111328186171,1.2900945963091552e-06,2.0863754300105943e-06,5.8589892374677826,0.9867991226781587,0.92276917580091,1.169791460703656,2.470222849027459,0.2336842700625978,653.0891274755738,16.23015752801029,0.5352232070186164,0.0,287.9422537790519,100950.15153464208,1.2213481685469567,340.26300579010547,0.0,0.0,79.51411213736628,3860.9832514802383
0.828125,32.58517574841308,80.28545302566782,80.28545308802302,98.57152134317292,-0.0006397361538735769,1.4318559370093535e-06,3.175695815266077e-06,5.856321231855354,0.9841311170657303,0.9225558605783639,1.169811447148311,2.4725558656994706,0.2359528714028052,651.2442429346823,16.550090848199268,0.5353683126100793,0.0,287.9381963576353,100942.83049561483,1.221276803882576,340.260546992727,0.0,0.0,80.28545308802306,3936.0249081573147
0.8359375,33.21541395678316,81.05552078140396,81.05552084723794,98.56573595139423,-0.0006648554002325729,1.5800973371415412e-06,4.267641577006378e-06,5.853656999942519,0.9814668851528952,0.9223426530355168,1.1698316024381652,2.4748894940264843,0.23821778028996107,651.2442429346823,16.8727112872617,0.5355145847352073,0.0,287.9340998092809,100935.43885760137,1.2212047489867686,340.25806448442427,0.0,0.0,81.05552084723799,4011.656049379783
0.84375,33.85166813732657,81.82554118353589,81.825541253028,98.55939876857427,-0.0006907873686987038,1.73493721944931e-06,5.317293078154111e-06,5.850992768029684,0.97880265324006,0.9221292513258462,1.1698519859230858,2.4772273459723957,0.24048259980483136,651.2442429346823,17.198529525938827,0.5356622527016471,0.0,287.92996415710735,100927.97666231605,1.2211320042073548,340.2555582792071,0.0,0.0,81.82554125302804,4087.9953341770724
0.8515625,34.493944320238576,82.59797411222159,82.59797418555777,99.18337795293048,-0.000717554270435525,1.8966359065999223e-06,6.32422204403471e-06,5.848320988717662,0.9761308739280383,0.9219150498193395,1.1698726659888874,2.479576161695479,0.2427545599970006,654.9340120164652,17.528608554025475,0.5358117945946604,0.0,287.9257893619184,100920.44383903478,1.2210585687954878,340.2530283533226,0.0,0.0,82.59797418555779,4165.290460417424
0.859375,35.14227096713372,83.37404896861115,83.37404904598475,99.49171331523199,-0.0007451790694166646,2.065428623032324e-06,7.285448812950317e-06,5.845637888306861,0.9734477735172369,0.921699743629223,1.1698936808474767,2.4819393721825365,0.2450372748055917,656.7788965573568,17.863517849871627,0.535963465091213,0.0,287.9215752387136,100912.84005395052,1.22098443943684,340.25047459466043,0.0,0.0,83.3740490459848,4243.673086621042
0.8671875,35.796660470961946,84.1488317802907,84.14883186189358,98.8525619275226,-0.0007736839839712632,2.241696230927397e-06,8.192617227925341e-06,5.842958561595653,0.9707684468060287,0.9214845429395012,1.1699148994477249,2.4843035650822363,0.24731624387724008,653.0891274755738,18.201140435953022,0.536116307420873,0.0,287.9173217069387,100905.16516171476,1.220909614653498,340.24789695440484,0.0,0.0,84.14883186189364,4322.646303731872
0.875,36.45708344947253,84.91861712444363,84.9186172104663,98.21236388964653,-0.0008030887574335386,2.4255840774125206e-06,9.057749002103165e-06,5.840294329682817,0.9681042148931935,0.9212703588601284,1.16993620836324,2.4866584950311164,0.24958057707638007,649.3993583937909,18.539820345197498,0.5362695742057144,0.0,287.91302895757843,100897.41950693201,1.2208340977437138,340.2452955482926,0.0,0.0,84.91861721046635,4401.822055811255
0.8828125,37.12351047120182,85.68709990475469,85.68709999539657,98.51915626147088,-0.0008334127639763037,2.6172235381457025e-06,9.866031706831032e-06,5.837633871469576,0.9654437566799516,0.9210562830702982,1.16995771867685,2.4890143560655176,0.2518411340688893,651.2442429346823,18.88115417082365,0.5364240270125862,0.0,287.90869718193716,100889.60343478408,1.2207578920112,340.2426704922539,0.0,0.0,85.68709999539665,4481.5725817679495
0.890625,37.79594740816573,86.45674335347103,86.45674344893857,98.50947811656772,-0.0008646769424864371,2.816943029620054e-06,1.0634899343900241e-05,5.83496963955674,0.9627795247671165,0.920841707995324,1.169979490585724,2.4913778259039985,0.2541051549459431,651.2442429346823,19.226241783031462,0.5365801267213322,0.0,287.9043263418469,100881.716876402,1.2206809967223806,340.24002176315923,0.0,0.0,86.45674344893862,4562.153923975682
0.8984375,38.474403318098226,87.22877994337419,87.22878004387971,99.13183220553347,-0.0008969021885634434,3.0248500923357997e-06,1.1374955390624811e-05,5.832297860244719,0.9601077454550948,0.9206263281865327,1.1700015549937721,2.4937522680723943,0.2563762626791243,654.9340120164652,19.575664170938257,0.5367381231566161,0.0,287.89991637843235,100873.75972555377,1.2206034107787203,340.23734932533,0.0,0.0,87.22878004387977,4643.700275534955
0.90625,39.1589065369688,88.00444229136397,88.00444239712724,99.4376549342365,-0.0009301103082477403,3.2404980097679417e-06,1.2002624036697128e-05,5.829614759833917,0.9574246450442934,0.9204098370727856,1.1700239998987154,2.4961416282592985,0.2586580808385741,656.7788965573568,19.930023937987418,0.5368982851271721,0.0,287.89546710750966,100865.73164990595,1.2205251308762943,340.2346530671509,-0.0002024277423093954,2.7526638051371185e-05,88.00444239712733,4726.350459841979
0.9140625,39.84946928680953,88.7787827750978,88.7787828863292,98.79338752205483,-0.0009643216755543734,3.462787698635152e-06,1.2522757137290597e-05,5.826935433122709,0.9547453183330852,0.9201934514944599,1.1700466781241008,2.4985322662964093,0.2609360682845146,653.0891274755738,20.287071810798018,0.5370595985477569,0.0,287.8909784496357,100857.63250611459,1.220446155553085,340.2319329404793,-0.00019533084943261739,2.6827315100883678e-05,88.7787828863293,4809.57832330464
0.921875,40.54606512136173,89.54932303990145,89.54932315680502,98.464816032137,-0.000999553256756714,3.6900048625273863e-06,1.2959796122026143e-05,5.82426742751028,0.9520773127206568,0.9199777823945405,1.1700694998139634,2.500917174194228,0.26320294095572144,651.2442429346823,20.64563225302334,0.5372215337929614,0.0,287.8864505767111,100849.46260434996,1.2203664877687834,340.229189049487,-0.0001812925914452675,2.2052796574214425e-05,89.54932315680512,4893.109027086171
0.9296875,41.24867398961285,90.31853096343362,90.31853108621557,98.45232370212786,-0.0010358214683919263,3.920231856557873e-06,1.326625199687465e-05,5.821603195597445,0.9494130808078216,0.9197622210823666,1.170092565081109,2.503303439987423,0.26546595262984923,651.2442429346823,21.00682926146266,0.5373845952373741,0.0,287.8818836190675,100841.22217977686,1.2202861297514487,340.2264214731549,-0.0001609629204606845,2.148130191821871e-05,90.31853108621566,4977.20364783761
0.9375,41.95729190779924,91.0876390895547,91.08763921841995,98.43926784667664,-0.0010731424409844402,4.151397976679022e-06,1.3439583547252882e-05,5.8189389636846105,0.9467488488949865,0.9195464623784239,1.1701159122544695,2.5056944987604566,0.26772872641914597,651.2442429346823,21.371238910472336,0.5375490402769183,0.0,287.8772776025993,100832.91127911814,1.220205081891148,340.22363022717514,-0.00015452825427129127,1.2041873950930327e-05,91.08763921842005,5061.995169135476
0.9453125,42.671914852933185,91.85540415714267,91.85540429228848,98.10848669441843,-0.0011115310939938759,4.381891387782132e-06,1.3565778507703982e-05,5.816278505471368,0.9440883906817445,0.9193308120385809,1.1701394521254214,2.5080864008684043,0.26998760850036824,649.3993583937909,21.73826493507127,0.537714599681903,0.0,287.8726325534559,100824.52994955673,1.2201233445819293,340.2208153273943,-0.00014304151754549314,2.5830028997533165e-06,91.85540429228861,5147.343686328103
0.953125,43.39253231516897,92.62306075809992,92.6230608997243,98.41152859983379,-0.0011510010939946773,4.610678964376945e-06,1.3600418065478153e-05,5.813618047258126,0.9414279324685026,0.9191149643246711,1.1701632485491271,2.51048284224456,0.2722462280411263,651.2442429346823,22.108494880403413,0.5378815357323546,0.0,287.8679485399514,100816.07831435549,1.220040918959324,340.21797681521053,-0.00013728061630533732,6.594592117695614e-07,92.62306089972442,5233.384682883438
0.9609375,44.11914988111866,93.39060357061217,93.39060371889693,98.07932911228882,-0.001191566203501825,4.8370612863032465e-06,1.3576650684172357e-05,5.810957589044884,0.9387674742552607,0.9188989189656007,1.1701872818155152,2.512883628499145,0.27450456988033245,649.3993583937909,22.48192911310739,0.5380498469498189,0.0,287.8632255257727,100807.55630799283,1.2199578043172232,340.2151146686183,-0.00012271658079212913,9.498060871747611e-07,93.39060371889705,5320.116955162222
0.96875,44.85175695989812,94.15678855371252,94.15678870884801,98.06393819593083,-0.0012332365603713047,5.060695379112454e-06,1.2524937895749246e-05,5.808300904531236,0.9361107897416121,0.9186829825581253,1.1702120870296135,2.5152910447148824,0.2767589777862021,649.3993583937909,22.857954860242543,0.538219257081874,0.0,287.85846357976067,100798.96405468206,1.219874001799434,340.21222892933497,-0.00010380542596332955,1.8697616063402698e-06,94.15678870884813,5407.397005999494
0.9765625,45.590352615426376,94.92409220457168,94.92409236666995,98.36572073021658,-0.001276018804873422,5.281279433365353e-06,1.1488920905705482e-05,5.8056404463179945,0.9334503315283702,0.9184665413747749,1.1702371240579112,2.5177058268313632,0.2790167314581048,651.2442429346823,23.23779544991593,0.538390312770163,0.0,287.8536627079997,100790.30156540185,1.2197895114448993,340.2093196010478,-8.19634053565267e-05,-6.4318938110257505e-06,94.92409236667011,5495.507507767093
0.984375,46.33494233641005,95.6900271245395,95.69002729370403,97.71350468470352,-0.0013199141985871863,5.49880793826698e-06,1.0468635785421103e-05,5.802983761804345,0.9307936470147216,0.9182502091613413,1.1702623138758346,2.520121047144933,0.28127052002917013,647.5544738528995,23.620217228348498,0.5385624596889723,0.0,287.8488228748133,100781.56877577887,1.219704332557023,340.2063866621369,-6.904984824682162e-05,-1.0395584814166589e-05,95.69002729370418,5584.160955823448
0.9921875,47.0855057146215,96.45458945340145,96.4545896297328,98.01437545422323,-0.0013649221030820804,5.7132793399831195e-06,9.463832938499814e-06,5.80033085099029,0.9281407362006662,0.9180339864897942,1.170287655611582,2.522536691217878,0.2835203324523104,649.3993583937909,24.005205078784318,0.5387356897921538,0.0,287.8439442128549,100772.76592516743,1.2196184674012458,340.2034301929901,0.0,0.0,96.45458962973292,5673.352803040037
1.0,47.84205141429737,97.22150095977169,97.22150114337673,98.31489322201475,-0.0014110438244944348,5.924688234385623e-06,8.473914492826824e-06,5.797670392777048,0.9254802779874243,0.9178169499509811,1.1703132705430463,2.5249632059206526,0.28577710904791986,651.2442429346823,24.394652012089068,0.5389108483708965,0.0,287.83902666580707,100763.89291195056,1.2195319149166752,340.2004501594791,0.0,0.0,97.22150114337688,5763.52019873745
1.0078125,48.60458806382975,97.98702872444454,97.98702891541859,97.66010185183951,-0.001458280597581679,6.133029433825791e-06,7.499015847975112e-06,5.795013708263399,0.9228235934737756,0.9176000224087058,1.1703390374755411,2.527390150668354,0.288029877694759,647.5544738528995,24.78666488357838,0.5390870867140172,0.0,287.8340701775851,100754.94963493166,1.219444674045825,340.19744652761653,0.0,0.0,97.9870289154187,5854.223310392338
1.015625,49.37309512448107,98.75116891275366,98.75116911118926,97.95970904804655,-0.0015066315301174504,6.338302168915089e-06,6.538995598465475e-06,5.792360797449344,0.9201706826597202,0.9173832044369248,1.1703649554763331,2.5298175103940834,0.29027862741444804,649.3993583937909,25.181228369783295,0.5392643966853752,0.0,287.8290748816909,100745.93633499573,1.2193567470676558,340.1944193783047,0.0,0.0,98.7511691111894,5945.457539653956
1.0234375,50.147581169982935,99.517648376322,99.51764858231817,98.25895540752036,-0.001556097678300991,6.540501811210333e-06,5.59347593294529e-06,5.789700339236102,0.9175102244464783,0.9171655700828382,1.170391148837985,2.532255787551468,0.2925343137573289,651.2442429346823,25.580286360771773,0.5394436449617867,0.0,287.82404072239507,100736.85291158725,1.2192681329298847,340.1913686777714,0.0,0.0,99.51764858231833,6037.670932627973
1.03125,50.92805798014962,100.28397410538615,100.2839743190334,97.92033055405994,-0.0016066802550227255,6.7396234838480015e-06,4.662635008623802e-06,5.78703988102286,0.9148497662332364,0.9169477356239943,1.170417535262042,2.534697996380477,0.2947896090955047,649.3993583937909,25.98255380116146,0.5396242554646198,0.0,287.818967623129,100727.69922654874,1.219178830212679,340.1882943796162,0.0,0.0,100.28397431903355,6130.564857024686
1.0390625,51.71451136814935,101.04765129030879,101.0476515116889,97.58092906094379,-0.00165837857718449,6.9356662503130275e-06,3.7468643144643566e-06,5.784386970208805,0.912196855419181,0.9167303196065204,1.1704440296121552,2.537137100056348,0.297037180158104,647.5544738528995,26.386701425530546,0.5398056335662437,0.0,287.813855676107,100718.47544626796,1.2190888404667353,340.18519653972083,0.0,0.0,101.04765151168907,6223.831248912002
1.046875,52.5069303545389,101.81241254957037,101.81241277877159,98.1978844200386,-0.0017111920931305292,7.128629015965785e-06,2.8467848514700345e-06,5.781730285695156,0.9095401709055324,0.9165123943742918,1.1704707577718467,2.5395836339755493,0.2992879995764475,651.2442429346823,26.79470851250866,0.5399886607676239,0.0,287.80870495269545,100709.18169951538,1.2189981648753927,340.1820752013334,0.0,0.0,101.81241277877172,6317.925716524021
1.0546875,53.30533312409485,102.5782527231742,102.57825296028241,97.8570995343243,-0.0017651222169535988,7.318506781834131e-06,1.965089749668565e-06,5.779069827481914,0.9068797126922905,0.9162939587981259,1.170497719075664,2.542037602775381,0.3015420528014,649.3993583937909,27.20659787265602,0.540173475740906,0.0,287.8035153346934,100699.81777301406,1.218906801284202,340.1789302928242,0.0,0.0,102.57825296028257,6412.850286714369
1.0625,54.10970861218076,103.34142748496792,103.34142773005729,97.51554031481503,-0.0018201682446130432,7.505298914054952e-06,1.1132075009119943e-06,5.776416916667859,0.9042268018782351,0.9160759425419641,1.1705247771895828,2.5444883464761867,0.3037883333183017,647.5544738528995,27.62033690701663,0.5403591000044947,0.0,287.7982868940208,100690.38379653363,1.2188147508851312,340.1757618577766,0.0,0.0,103.34142773005745,6508.1360132888685
1.0703125,54.92003922148545,104.10317874438604,104.10317899753669,97.49269280005406,-0.0018763291182779694,7.689709384625862e-06,4.1079666471750495e-07,5.773767779553397,0.901577664763773,0.9158580364890709,1.1705519029597682,2.5469386647069725,0.3060304921354854,647.5544738528995,28.036577241188002,0.5405457626986274,0.0,287.79301974506035,100680.87997646104,1.2187220156173904,340.17256996550657,0.0,0.0,104.10317899753682,6603.932785306706
1.078125,55.73632030944,104.86474927495688,104.86474953627736,97.46927364163224,-0.001933606174363572,7.87314426413515e-06,7.685301875011887e-07,5.7711186424389345,0.8989285276493109,0.9156399303837973,1.1705786003081802,2.5493866992438283,0.3082721829807752,647.5544738528995,28.455995703032155,0.5407337639255826,0.0,287.78771391798864,100671.3063672459,1.218628595937288,340.16935463430116,0.0,0.0,104.86474953627749,6700.395172416474
1.0859375,56.55854394114745,105.6236364636318,105.62363673316288,96.8057407184042,-0.0019920008280995037,8.05488963424764e-06,1.5607854947535273e-06,5.768477052723659,0.8962869379340352,0.9154222461909899,1.1706051503507187,2.5518290415972875,0.3105060492434145,643.8647047711166,28.877193034954075,0.5409224792401753,0.0,287.7823694643825,100661.6630619512,1.218534492677465,340.1661158954158,0.0,0.0,105.62363673316304,6797.200250169943
1.09375,57.38668913687809,106.38233466204916,106.38233493984828,97.42092554511662,-0.002051507167753842,8.233520461524371e-06,2.3737320604019824e-06,5.765835463008384,0.8936453482187596,0.9152043625362556,1.1706318860325957,2.5542752349634013,0.31273942390120063,647.5544738528995,29.301546951168532,0.5411125206377144,0.0,287.77698652061025,100651.95030663403,1.2184397081632012,340.1628538314898,0.0,0.0,106.38233493984845,6894.66365591106
1.1015625,58.22077717855139,107.1445880230015,107.14458830914573,97.71585292043171,-0.0021121263279754118,8.409032827310528e-06,3.1823661685354852e-06,5.763182552194328,0.8909924374047042,0.9149853440719825,1.1706589578063438,2.5567361373436124,0.3149833145253857,649.3993583937909,29.731189610286023,0.5413048341519359,0.0,287.7715649483394,100642.16785169313,1.2183442398822963,340.1595683586937,0.0,0.0,107.14458830914586,6993.273278119437
1.109375,59.06082280668747,107.90664241123035,107.90664270578536,97.36997246567638,-0.0021738589294156186,8.581423949667804e-06,3.982068730136663e-06,5.7605296413802725,0.8883395265906489,0.9147661238774906,1.1706862345465274,2.5592011066903684,0.31722668543599775,647.5544738528995,30.164020635532168,0.5414984833375691,0.0,287.7661046517565,100632.31552424692,1.2182480860703877,340.15625941896445,0.0,0.0,107.90664270578549,7092.545053574763
1.1171875,59.9068114215368,108.66599163008793,108.66599193311086,97.02333055239174,-0.0022367034661962813,8.750695458576696e-06,4.7714672247455945e-06,5.757884277965404,0.88569416317578,0.9145473262059851,1.1707136249403338,2.561662987343487,0.31946216917548137,645.709589312008,30.598594671756537,0.5416928246443139,0.0,287.76060572576,100622.39349552599,1.2181512483208532,340.1529270698106,0.0,0.0,108.665991933111,7192.1463545168335
1.125,60.75872512598732,109.42388168403924,109.42388199558786,96.99643383721035,-0.002300658113684988,8.916849748952942e-06,5.550097468289534e-06,5.755242688250128,0.8830525734605044,0.9143286399487611,1.1707411734815085,2.564125335327474,0.3216934290144625,645.709589312008,31.035606291322896,0.5418881655565275,0.0,287.7550682866811,100612.40197543346,1.2180537286042294,340.1495713817287,0.0,0.0,109.423881995588,7292.235506179864
1.1328125,61.616562281525724,110.18281187153443,110.1828121916703,97.28961105469442,-0.002365722102777119,9.079887163721398e-06,6.317635454456606e-06,5.752597324835259,0.8804072100456355,0.9141094400107868,1.170768972629111,2.566595326183243,0.32392781299952483,647.5544738528995,31.476506919240048,0.5420851485290941,0.0,287.74949234517004,100602.34098318635,1.2179555270295628,340.146192361173,0.0,0.0,110.18281219167045,7393.1435738647115
1.140625,62.48033099580698,110.9415248042052,110.94152513298461,96.94080332149832,-0.002431895277747201,9.239806884900911e-06,7.074129122032452e-06,5.749951961420391,0.8777618466307666,0.9138900383794762,1.1707969761756771,2.5690693779620086,0.32616162506559365,645.709589312008,31.92057232768117,0.5422834502272467,0.0,287.74387784852723,100592.21042369548,1.2178566425896085,340.1427899762075,0.0,0.0,110.94152513298475,7494.703174208708
1.1484375,63.350013237766134,111.69625608849438,111.69625642596216,96.27030456549801,-0.0024991755808103067,9.396612048667522e-06,7.819859079180746e-06,5.747317919104301,0.8751278043146775,0.9136713750227551,1.1708250415152457,2.571536664924906,0.3283837983778646,642.019820230225,32.36556388819132,0.5424820771752965,0.0,287.7382249139545,100582.01050843498,1.2177570772689652,340.13936429785645,0.0,0.0,111.69625642596232,7596.401344522147
1.15625,64.22557787888356,112.44825395669153,112.44825430289315,96.24106116756084,-0.0025675599465278666,9.550307958739435e-06,8.554901862262741e-06,5.7446914241873985,0.8725013093977749,0.9134531385476128,1.170853213219342,2.574000746717293,0.3305980027264759,642.019820230225,32.81218265349162,0.5426813396149033,0.0,287.73253374378726,100571.74160249025,1.217656834551551,340.1359154487351,0.0,0.0,112.44825430289329,7698.397829910137
1.1640625,65.10702314044167,113.20253072077391,113.20253107576471,96.8537117153733,-0.002637047277456657,9.700896029247602e-06,9.278985500427192e-06,5.74205738187131,0.8698672670816858,0.9132340744461371,1.1708816818771601,2.57647607431023,0.33281897466836413,645.709589312008,33.263425238346706,0.5428825627974292,0.0,287.7268043495871,100561.40372672265,1.2175559145608619,340.1324434358498,9.227299196216191e-05,1.5221918721412952e-05,113.20253107576488,7801.375706614737
1.171875,65.99437661432452,113.9603375463762,113.9603379102125,97.14475044680908,-0.0027076384715548807,9.848373690426191e-06,9.992059166275307e-06,5.739412018456441,0.867221903666817,0.9130138664359321,1.1709104979449079,2.5789663150897577,0.3350503934754244,647.5544738528995,33.72008804497107,0.5430860959856714,0.0,287.72103655200686,100550.99655752564,1.2174543140569276,340.1289481505162,0.00010702292089466786,6.655444784772195e-06,113.96033791021267,7905.514397135229
1.1796875,66.88765279035152,114.71790462855616,114.71790500128317,96.79232727793931,-0.0027793334591651835,9.992740396242322e-06,1.069456037832969e-05,5.736766655041572,0.8645765402519481,0.9127934553391281,1.1709395175225517,2.581460621834235,0.337281176411587,645.709589312008,34.17991246394161,0.5432909374641439,0.0,287.7152302568627,100540.5199249579,1.2173520312989778,340.1254295356588,0.0001207610555863966,-6.786793446711852e-06,114.71790500128333,8010.296718167565
1.1875,67.78683669650448,115.47271548751523,115.47271586919523,96.43915833320703,-0.0028521300410094706,1.0134000012160932e-05,1.1389557099039647e-05,5.73412883902589,0.8619387242362657,0.9125734705920598,1.1709686401962276,2.5839516960416775,0.3395039250985695,643.8647047711166,34.64134689133063,0.5434964000915984,0.0,287.7093855614727,100529.97400461612,1.2172490679190922,340.12188765025246,0.00013176548234391548,-2.9560408845168636e-06,115.4727158691954,8115.367954416071
1.1953125,68.69191005075065,116.22602141264673,116.22602180331836,96.40706887631912,-0.0029260281266816754,1.0272136330413048e-05,1.102215636015372e-05,5.7314947967098,0.8593046819201766,0.9123535985048823,1.1709985377161907,2.586449392113084,0.34172231865179475,643.8647047711166,35.105137894872044,0.5437028127741529,0.0,287.7035025846701,100519.3590109179,1.2171454259281214,340.1183225663101,0.00014089401102196193,-6.2414952301637985e-06,116.22602180331853,8220.897277974145
1.203125,69.60286762239424,116.97907439238652,116.97907479224357,96.37440431343293,-0.0030010333105874253,1.040706078164093e-05,1.054014653620858e-05,5.728860754393711,0.8566706396040875,0.9121335242300773,1.1710286978271665,2.588951735970891,0.34394003844460386,643.8647047711166,35.57205466190846,0.543910513621641,0.0,287.6975813604544,100508.67500521056,1.2170411058420798,340.1147343044354,0.00015844287933671795,3.163987464165617e-06,116.97907479224374,8327.058495340996
1.2109375,70.5197074177421,117.7318699312766,117.73187034053242,96.34116403282206,-0.00307715956737646,1.0539082565402166e-05,9.9322806606292e-06,5.726226712077622,0.8540365972879984,0.9119132474886283,1.1710591270460031,2.5914587955737476,0.34615707168352167,643.8647047711166,36.042096153918,0.5441195003642101,0.0,287.69162190178463,100497.92201087676,1.2169361078058172,340.1111228724815,0.00017559924545338347,-1.3952840662650301e-05,117.73187034053261,8433.849921077639
1.21875,71.44242740796172,118.48440352910657,118.48440394800213,96.30734743145015,-0.0031544225869747826,1.0667858298967223e-05,9.2206285603519e-06,5.723592669761533,0.8514025549719093,0.9116927680010052,1.171089812136952,2.5939704413594677,0.348373405559954,643.8647047711166,36.515261270756646,0.5443297707005786,0.0,287.68562422184823,100487.1000517113,1.2168304319676972,340.10748827844003,0.0001859164448455584,-1.57416631957749e-05,118.4844039480023,8541.269851181503
1.2265625,72.37102224938434,119.23541128458875,119.23541171337801,95.95054491173968,-0.0032328399844364533,1.0792945407500744e-05,8.411688995750066e-06,5.720962401145037,0.8487722863554135,0.9114724017965823,1.1711206980466187,2.596482962500364,0.35058532426078304,642.019820230225,36.99075380617672,0.5445411215318021,0.0,287.679588355379,100476.20919038648,1.2167240788552367,340.10383054335966,0.00019883859348989775,3.6188061408171333e-07,119.23541171337816,8649.133855865824
1.234375,73.30547344265909,119.98362864929575,119.98362908825351,95.59300977908484,-0.0033124295034990176,1.091379579099381e-05,7.567281499865349e-06,5.718339679927728,0.8461495651381041,0.9112524660675965,1.1711516955360561,2.5989922946845967,0.3527891098546715,640.1749356893337,37.46776330647207,0.544753458297478,0.0,287.6735144226227,100465.24964386866,1.216617050502339,340.1001497401094,0.0,0.0,119.98362908825366,8757.25287100409
1.2421875,74.24576573094673,120.73157103450602,120.73157148392141,95.88015424133954,-0.0033932105738305263,1.1031193134601709e-05,6.643528599692003e-06,5.715716958710418,0.8435268439207948,0.9110323284986293,1.1711829319486133,2.601506034499841,0.35499215863373673,642.019820230225,37.94786044522377,0.5449670579863493,0.0,287.66740252274883,100454.22159109502,1.2165093485713125,340.0964459287858,0.0,0.0,120.73157148392158,8865.988471611317
1.25,75.19191007776402,121.48175507984817,121.48175554004077,96.16687399494583,-0.0034752052754671438,1.1145792961561982e-05,5.660833268491154e-06,5.713086690093923,0.840896575304299,0.9108113544487391,1.1712144992993954,2.604031448506563,0.3572018709297709,643.8647047711166,38.432690110528284,0.545182643670032,0.0,287.6612525844945,100443.12490348185,1.2164009717207271,340.0927190662037,0.0,0.0,121.48175554004094,8975.711426510998
1.2578125,76.14391084038985,122.2291306515678,122.22913112285947,95.1611805333867,-0.0035584366576328816,1.1257904884555425e-05,4.568974013064983e-06,5.7104639688766134,0.8382738540869896,0.910590811782528,1.171246219141521,2.6065540735899293,0.3594033979804514,638.3300511484423,38.91896720865251,0.5453987654532673,0.0,287.65506457953745,100431.9595299256,1.2162919193651596,340.0889691351997,0.0,0.0,122.22913112285963,9085.676612881532
1.265625,77.10172634743084,122.97116986241983,122.97117034514963,94.80077006441641,-0.003642925507645615,1.1367871471104972e-05,3.435420620679056e-06,5.707856342457677,0.8356662276680532,0.9103713374972737,1.1712779435226224,2.6090660602534865,0.3615893066886182,636.4851666075507,39.40498625678267,0.5456146722270778,0.0,287.64883877874166,100420.72595916188,1.2161821961915167,340.08519629991747,0.0,0.0,122.97117034514979,9195.498088612041
1.2734375,78.06534118438981,123.71544198524826,123.71544247984791,95.7328072199394,-0.0037286986066835215,1.1476061290814727e-05,2.324724422221432e-06,5.705241168639554,0.8330510538499303,0.9101510264784642,1.1713099494787815,2.611589230003173,0.3637818541499547,642.019820230225,39.8957252535076,0.5458325544236353,0.0,287.64257528230144,100409.42437197689,1.2160718038789207,340.08140062107464,0.0,0.0,123.71544247984808,9306.300007973483
1.28125,79.03478592863729,124.46194136410332,124.46194187090322,95.37094565407126,-0.0038157840137115636,1.1583037796268145e-05,1.2683505677383e-06,5.702618447422244,0.830428332632621,0.9099298767001994,1.171342220120457,2.6141234342025763,0.36598102452655,640.1749356893337,40.391215417630434,0.5460524226362412,0.0,287.6362738914638,100398.05440974933,1.2159607388370643,340.07758197822704,0.0,0.0,124.46194187090333,9418.08709143975
1.2890625,80.01004835720819,125.2043469121738,125.20434743154507,94.68478858426008,-0.0039042037764260556,1.1690435521378066e-05,3.4466485697687966e-07,5.700007047303715,0.8278169325140913,0.909709479327603,1.1713744412879719,2.616649619603688,0.3681682310345131,636.4851666075507,40.88722312582374,0.5462724139438037,0.0,287.6299346856781,100386.6162158341,1.2158490023782604,340.07374041952096,0.0,0.0,125.20434743154524,9529.902669311994
1.296875,80.9910931739026,125.94265315931791,125.9426536917158,94.32152599344164,-0.003993985327509915,1.179895018483201e-05,6.085806446272865e-07,5.697406968283965,0.8252168534943414,0.9094898367090977,1.171405985321215,2.619161486121174,0.3703434574740503,634.6402820666593,41.38369520006946,0.5464925052876474,0.0,287.6235578943696,100375.11020419646,1.2157365984582202,340.069876083988,0.0,0.0,125.94265369171596,9641.73464886979
1.3046875,81.97790150450749,126.6806489973036,126.68064954299074,94.60532183853925,-0.004085149232338963,1.1908680268355784e-05,1.5969985385620901e-06,5.694806889264215,0.8226167744745915,0.9092699935260515,1.1714372873507752,2.621672938247237,0.3725178454287143,636.4851666075507,41.883174637945764,0.5467138126337018,0.0,287.61714364022066,100363.53659619931,1.2156235291511537,340.06598904597377,0.0,0.0,126.6806495429909,9754.155277291344
1.3125,82.97047419544717,127.41706312174648,127.41706368110924,93.9166122629517,-0.0041777156483770155,1.201962028352184e-05,2.6003273465432893e-06,5.692210583944059,0.8200204691544348,0.9090502690165234,1.171468711782738,2.624184427662146,0.37468765686132177,632.7953975257678,42.38478695923005,0.5469359508461871,0.0,287.6106919177296,100351.8953819155,1.2155097942713682,340.0620793021441,0.0,0.0,127.41706368110937,9866.966463704472
1.3203125,83.96878569099721,128.15062611045573,128.15062668389248,93.87542869682026,-0.0042717073402731955,1.2130532928905593e-05,3.5398334911606297e-06,5.689621826023089,0.8174317112334647,0.9088309835838982,1.1715002485123842,2.6266926492848595,0.3768491589808698,632.7953975257678,42.88763644596941,0.5471585264157607,0.0,287.6042028930085,100340.18686107086,1.2153953966581459,340.05814695316315,0.0,0.0,128.15062668389257,9979.965962322478
1.328125,84.9728202865912,128.88133143469892,128.8813320225942,93.18505612661964,-0.004367148231987604,1.2238890995204217e-05,4.340818491248827e-06,5.687040615501305,0.8148505007116811,0.9086121387008393,1.1715319394429236,2.629198007420842,0.3790023326620731,629.1056284439849,43.39168575150152,0.547381522702612,0.0,287.5976766681371,100328.41121785365,1.2152803380218402,340.05419206089107,0.0,0.0,128.88133202259434,10093.144892453061
1.3359375,85.9825457415781,129.6079075593178,129.60790816203826,92.81835274280631,-0.004464058357345162,1.2342515291113284e-05,5.112662020556077e-06,5.684470726078301,0.8122806112886772,0.9083940562227555,1.1715636614558715,2.6316960523311606,0.3811434386431384,627.2607439030935,43.896009497455154,0.5476045344982748,0.0,287.59111345267974,100316.56883039266,1.215164621967712,340.05021475232394,0.0,0.0,129.6079081620384,10206.295166000116
1.34375,86.99793637486528,130.33161621500315,130.33161683292573,92.45098539036279,-0.004562457723264893,1.2438345740883118e-05,5.883600420483383e-06,5.681908384054484,0.8097182692648599,0.9081764178155339,1.171595451035937,2.6341903322040303,0.38327618727833557,625.4158593622021,44.401449391810715,0.5478279303677474,0.0,287.58451341356334,100304.65999988405,1.2150482513493928,340.0462151286194,0.0,0.0,130.3316168329259,10319.605492048124
1.3515625,88.01897306775203,131.05372081261416,131.05372144612136,92.4077107865373,-0.004662367058857963,1.2523347250151787e-05,6.564194068145513e-06,5.6793498157302595,0.8071597009406358,0.9079589039867247,1.1716274157259574,2.6366851173923265,0.3854042940605202,625.4158593622021,44.908870636084615,0.5480520882074215,0.0,287.5778766750596,100292.68495055818,1.2149312282683957,340.0421932650861,0.0,0.0,131.05372144612147,10433.269247289163
1.359375,89.04564657155629,131.7742160605681,131.77421671003898,92.03899676986937,-0.004763806792927266,1.2593693413314386e-05,7.202149122195477e-06,5.676795021105629,0.804604906316005,0.907741515338556,1.1716595260355667,2.639180106970107,0.38752774363928405,623.5709748213105,45.418253282202066,0.5482769983971088,0.0,287.57120329728485,100280.64379088656,1.2148135536948284,340.03814919815466,0.0,0.0,131.7742167100391,10547.281076917941
1.3671875,90.07793768561203,132.49182819288805,132.49182885868584,91.66963449262173,-0.004866795978145013,1.2645319478310574e-05,7.7317644044451e-06,5.674247773880184,0.8020576590905606,0.9075245740128892,1.1716917619844804,2.641671879715912,0.38964279018271,621.7260902804192,45.9286645244341,0.5485022529089798,0.0,287.5644934050435,100268.53674606085,1.2146952297392368,340.0340830034564,-0.00017759543023365795,-7.411566872601025e-07,132.49182885868595,10661.43148246107
1.375,91.11582055784181,133.20528190230033,133.20528258476358,90.97444763278918,-0.004971351273828048,1.2674769520805542e-05,8.139976678899014e-06,5.67171184775352,0.799521732963896,0.9073084033051254,1.1717240709916876,2.644156676865622,0.3917456831119914,618.0363211986363,46.439148106915674,0.5487274345203071,0.0,287.557747166374,100256.36411928257,1.2145762592745302,340.02999478282265,-0.00016780957569645426,1.4469724722265069e-05,133.20528258476375,10775.50638691422
1.3828125,92.1592593737944,133.91457243949463,133.91457313893653,90.60385867367586,-0.005077486258132339,1.2677141295811057e-05,8.368895955195451e-06,5.669187242725635,0.7969971279360111,0.9070930055444449,1.1717564840445922,2.6466347850014724,0.39383640826643884,616.1914366577448,46.949650998267465,0.5489525207499244,0.0,287.5509648140703,100244.12633059523,1.2144566463157216,340.02588467732664,-0.00013255798139805524,1.5213409564212607e-05,133.91457313893667,10889.494074650429
1.390625,93.20822820624755,134.6209653169213,134.62096603359237,90.23264793385562,-0.005185212671026688,1.264693822412191e-05,7.418189569121821e-06,5.666670185096937,0.7944800703073127,0.9068780606557909,1.1717896480394585,2.649115873836676,0.3959186873467284,614.3465521168533,47.461050890254235,0.5491778946192302,0.0,287.5441465166594,100231.8236840817,1.2143363937446163,340.02175278909556,0.0,0.0,134.6209660335925,11003.590527994973
1.3984375,94.26271433559226,135.32827157108375,135.3282723050593,90.83766288218806,-0.005294530805669954,1.2582081911597216e-05,6.489827790591798e-06,5.664149353768645,0.7919592389790211,0.9066626020449406,1.1718230271078602,2.651604250629196,0.3980037287367071,618.0363211986363,47.97612369267626,0.5494047645231639,0.0,287.5372923568186,100219.45632892167,1.2142155029288815,340.0175991682321,0.0,0.0,135.32827230505944,11118.414292481753
1.40625,95.32273812738445,136.03775812614958,136.03775887750848,90.79081695029689,-0.00540543852721688,1.2482616716854361e-05,5.587379109987602e-06,5.661620975041167,0.789430860251543,0.9064463056204164,1.1718566792943126,2.654103736738962,0.4000952591322613,618.0363211986363,48.49583122825013,0.5496336099748065,0.0,287.53040220217196,100207.0240262613,1.214093971442675,340.0134237345162,0.0,0.0,136.03775887750862,11234.176537663701
1.4140625,96.38830334764393,136.7468765404276,136.74687730922892,90.74341939562058,-0.005517931819169431,1.2348624543504447e-05,4.7171531614723405e-06,5.659092596313688,0.7869024815240648,0.9062298159213458,1.1718904831464159,2.656606672250701,0.40218578397913674,618.0363211986363,49.01842363853487,0.5498649300118751,0.0,287.5234760282403,100194.52673193149,1.213971798762492,340.0092264731136,0.0,0.0,136.74687730922903,11350.459354012264
1.421875,97.45940046997272,137.45307528436285,137.4530760706457,90.04339741198115,-0.005632005134024976,1.2180217903523076e-05,3.890487442382866e-06,5.656571764985397,0.7843816501957732,0.9060137797924288,1.1719243113817013,2.6591053158927247,0.4042677992098725,614.3465521168533,49.541865813484954,0.5500965057605272,0.0,287.5165138969451,100181.96455766092,1.213848985888408,340.0050074215487,0.0,0.0,137.45307607064586,11466.835728527867
1.4296875,98.53599339992824,138.15380239099372,138.153803194777,89.34268280667425,-0.005747649913504618,1.1977569580254866e-05,3.129563145016601e-06,5.654066028455478,0.7818759136658546,0.9057988463830267,1.1719580276492945,2.661591812662678,0.4063337989697502,610.6567830350704,50.06419828067833,0.5503274814463481,0.0,287.50951604290043,100169.3379267769,1.2137255368667565,340.0007667219977,0.0,0.0,138.15380319477714,11582.870049031651
1.4375,99.61805264844762,138.85415160641458,138.85415242774363,89.94662316607395,-0.005864858236849981,1.174084004382565e-05,2.4799131885232886e-06,5.65156029192556,0.779370177135936,0.9055837223832501,1.1719918442346315,2.664081218513814,0.4083987646748746,614.3465521168533,50.58922106949329,0.550559517531608,0.0,287.5024826577851,100156.64718513675,1.213601454986722,339.9965044906178,0.0,0.0,138.85415242774377,11699.406648669994
1.4453125,100.70559848111698,139.55794236165374,139.55794320059326,90.22372449245465,-0.005983627609995371,1.147008195528045e-05,2.0323566962560617e-06,5.649043234296862,0.7768531195072377,0.905367434297995,1.1720258908440049,2.666584565460098,0.4104739306528176,616.1914366577448,51.11985002948098,0.550793884403501,0.0,287.49541360987274,100143.8920950591,1.213476737831786,339.9922206475829,0.0,0.0,139.5579432005934,11817.091006049666
1.453125,101.79864448555162,140.26134441670933,140.2613452732968,89.84713381112347,-0.006103954763791216,1.1165363356679176e-05,1.914146814084296e-06,5.646526176668163,0.7743360618785393,0.9051509533828271,1.172059910137576,2.6690895675474877,0.4125480319375457,614.3465521168533,51.65319403365817,0.5510293178042442,0.0,287.4883088108439,100131.07249718397,1.2133513837503618,339.98791513937135,0.0,0.0,140.26134527329694,11935.279508382253
1.4609375,102.8971676714109,140.95924907276472,140.95924994700235,88.81641184116111,-0.006225832336267356,1.0826834101717374e-05,2.1641596178853154e-06,5.644024213837838,0.771834099048214,0.9049355793500926,1.1720936313703845,2.6715805202029186,0.4146060424644959,608.811898494179,52.185307560600705,0.5512640975903587,0.0,287.4811684101358,100118.18866114954,1.2132253952852627,339.9835880565423,0.0,0.0,140.95924994700246,12053.097150273099
1.46875,104.00111842611344,141.65165241996993,141.65165331185543,88.4387811598017,-0.00634924994364927,1.0454704333241982e-05,2.66863946867402e-06,5.641537345805886,0.7693472310162617,0.9047213154012628,1.1721271173542789,2.674058019530161,0.4166479502713113,606.9670139532875,52.71612051280102,0.5514981951467177,0.0,287.47399273023024,100105.24116882826,1.2130987780328495,339.9792395945195,0.0,0.0,141.6516533118556,12170.529272390395
1.4765625,105.11046372463109,142.33982569467804,142.33982660421265,87.7335257711588,-0.006474198946303452,1.0049149930531853e-05,3.303859974865694e-06,5.639061798872713,0.766871684083089,0.9045078391619057,1.172160499728029,2.6765266056612336,0.4186774941719527,603.2772448715046,53.24655880012265,0.5517320152073135,0.0,287.46678198578985,100092.23040754836,1.2129715356874968,339.9748698833887,0.0,0.0,142.33982660421285,12287.781460777222
1.484375,106.22516717632169,143.02376484920651,143.02376577638736,87.3548369767513,-0.00660067025712158,9.610355849388252e-06,4.0002610593751966e-06,5.63659757303832,0.7644074582486962,0.904295152956188,1.1721938162387042,2.678986632825162,0.420694661986856,601.4323603306132,53.77656914740772,0.5519655357461442,0.0,287.4595364133539,100079.15680411106,1.2128436723299374,339.97047906649243,0.0,0.0,143.02376577638753,12404.84232677773
1.4921875,107.34520234033431,143.70474332707067,143.70474427189868,86.97559367084735,-0.0067286558138405315,9.138487116176772e-06,4.724584642478645e-06,5.634140894603114,0.7619507798134898,0.9040829329701404,1.1722271466775522,2.681442137074118,0.42270319927863936,599.5874757897218,54.30710696243638,0.5521991729798322,0.0,287.4522561847878,100066.02066862327,1.2127151908998934,339.9660672479814,0.0,0.0,143.7047442718988,12521.923159686201
1.5,108.47054940097051,144.38403607122117,144.38403703370116,86.92327746700664,-0.006858148221224357,8.633695660083185e-06,5.4604572737653705e-06,5.6316879898675,0.7594978750778767,0.9038708542502758,1.1722605622423559,2.6838970799208006,0.42470685624142535,599.5874757897218,54.839150779461775,0.5524333520530685,0.0,287.4449414288937,100052.82223348992,1.2125860935772022,339.9616345059096,0.0,0.0,144.38403703370133,12639.239664174707
1.5078125,109.6012018346139,145.06291817776938,145.06291915791036,86.870470419688,-0.0069891414958951435,8.096105577965881e-06,6.199151701572011e-06,5.629235085131888,0.7570449703422636,0.9036585907064026,1.1722941308602723,2.686355401538697,0.42670938377707307,599.5874757897218,55.37370109061299,0.5526685065226276,0.0,287.437592188075,100039.56157522206,1.2124563810167535,339.95718086597344,0.0,0.0,145.0629191579105,12757.011681889202
1.515625,110.73715641817931,145.7413858121756,145.74138680998308,86.81717257526896,-0.0071216299725913946,7.525834800042498e-06,6.935814268562201e-06,5.626782180396274,0.7545920656066505,0.9034461420968082,1.1723278551300713,2.688817130332631,0.4287107709148494,599.5874757897218,55.91075402280689,0.5529046333742296,0.0,287.43020848328183,100026.23873162112,1.21232605349446,339.95270634086876,0.00011721882847569946,6.245768943124066e-05,145.74138680998325,12875.23718662818
1.5234375,111.87840989862573,146.41943514027932,146.41943615578737,86.76338403528801,-0.007255607938700125,6.92300235133435e-06,6.69558106026141e-06,5.624329275660661,0.7521391608710374,0.9032335081793573,1.172362310800885,2.691288026215276,0.4307110066837849,599.5874757897218,56.4503056327208,0.5531417295705868,0.0,287.42279033565893,100012.85374083981,1.212195111289295,339.9482109434093,0.0,0.0,146.4194361557875,12993.914139658713
1.53125,113.02495565573352,147.09578086125603,147.09578189469119,86.38106343392207,-0.007391078873438632,6.29687015782805e-06,6.454903712365282e-06,5.621880144624641,0.7496900298350175,0.9030210162686945,1.172396855442529,2.6937583917383456,0.4327063104513385,597.7425912488302,56.9913126108892,0.5533793420971835,0.0,287.4153377882377,99999.4066805222,1.2120635550662218,339.94369469967205,0.0,0.0,147.09578189469133,13112.812020889574
1.5390625,114.17677035219603,147.76785560265506,147.76785665424208,85.6700293551218,-0.007528051176493948,5.663044113930278e-06,6.291343667313991e-06,5.619442334687402,0.7472522198977775,0.9028093226619532,1.172431310949708,2.696219882877547,0.4346891298235227,594.0528221670475,57.53166428008953,0.5536165573469989,0.0,287.4078509927107,99985.8978243758,1.2119313874082007,339.93915770158264,0.0,0.0,147.76785665424222,13231.46662325775
1.546875,115.33381058771495,148.43309063002584,148.43309170000663,84.63011498131274,-0.007666531343336098,5.0368922850239624e-06,6.103785557067999e-06,5.617023393248127,0.7448332784585037,0.9025990859267637,1.1724656020819932,2.6986651615522947,0.43665190788924424,588.518168544373,58.069205075251475,0.553852444710379,0.0,287.40033023117985,99972.32768141337,1.211798613200657,339.93460012009496,0.0,0.0,148.43309170000677,13349.405407725211
1.5546875,116.49602625492679,149.09404842510477,149.09404951376422,84.57501382296998,-0.007806528176226388,4.433630094009534e-06,6.005944398242852e-06,5.614615772907634,0.7424256581180095,0.9023896532562837,1.172499788981903,2.7011013572561935,0.4386021822069061,588.518168544373,58.60596335214733,0.554087883697742,0.0,287.39277582934295,99958.6968393103,1.2116652380993356,339.93002215258184,0.0,0.0,149.09404951376433,13467.074856746398
1.5625,117.66340396861332,149.7545739204826,149.75457502814527,84.51944646147608,-0.007948055136686614,3.868974272779107e-06,5.955153572806178e-06,5.612208152567139,0.7400180377775154,0.9021800408938381,1.1725340932344075,2.703540523405694,0.4405512636602589,588.518168544373,59.14507284125178,0.554324228825912,0.0,287.385187874204,99945.0054550528,1.2115312635462128,339.9254238517676,0.0,0.0,149.75457502814533,13585.162198290149
1.5703125,118.83594033720709,150.41466347449676,150.4146646015316,84.46341306442439,-0.008091128104333576,3.3574529823786758e-06,5.965491499569864e-06,5.609800532226645,0.7376104174370213,0.9019702486080656,1.1725685062204134,2.705982576123478,0.4424991418201342,588.518168544373,59.68652924266383,0.5545614770430998,0.0,287.37756638780814,99931.25356841825,1.211396689836143,339.92080523101174,0.0,0.0,150.41466460153168,13703.665407360608
1.578125,120.01362524907964,151.07174393312974,151.07174507991914,83.74915256700027,-0.008235764962208956,2.914025805115937e-06,6.016711736443484e-06,5.607400459285337,0.7352103444957137,0.9017609346697564,1.1726029051074456,2.708419704376892,0.444438246968197,584.82839946259,60.22817881162229,0.5547986984727569,0.0,287.36991143588097,99917.44129799912,1.2112615180349657,339.9161663301439,0.0,0.0,151.07174507991922,13822.112263971636
1.5859375,121.19642849381285,151.72581285084073,151.72581401779723,83.69242593761734,-0.008381982890854104,2.552752067949268e-06,6.12046036454729e-06,5.605007933743217,0.7328178189535925,0.9015521005389501,1.1726372808105214,2.7108518027157134,0.44636857174152045,584.82839946259,60.76998568289514,0.5550358782476528,0.0,287.3622232147902,99903.56899811297,1.2111257515154144,339.91150726816284,0.0,0.0,151.7258140177973,13940.49500351334
1.59375,122.3843332188501,152.3768651115856,152.37686629915004,82.97692487377489,-0.00852980160297621,2.285989959574093e-06,6.273034905812976e-06,5.602622955600282,0.730432840810658,0.901343747674306,1.1726716332721872,2.7132788559788112,0.4482901009837547,581.1386303808073,61.31191168089112,0.5552730005815751,0.0,287.35450183407744,99889.63686641205,1.210989392117152,339.9068281114509,0.0,0.0,152.3768662991501,14058.805380822248
1.6015625,123.57730914948384,153.0248983892504,153.0248995978476,82.91952731186082,-0.008679239356144758,2.123626959932273e-06,6.444127715464915e-06,5.6002455248565335,0.7280554100669099,0.9011358775330809,1.1727059781909979,2.71570100657917,0.45020282767097586,581.1386303808073,61.853957821320385,0.5555103809444124,0.0,287.34674749052834,99875.64525796796,1.2108524432206869,339.90212897926017,0.0,0.0,153.02489959784768,14177.035707084744
1.609375,124.77534273178145,153.67119432793436,153.6711955580131,82.53218965182072,-0.00883031652399499,2.0739895994377746e-06,6.4930260351132805e-06,5.597871867812379,0.7256817530227551,0.900928161198654,1.17274046506425,2.7181230386559583,0.45211052238359434,579.2937458399157,62.39745935064314,0.5557509212198439,0.0,287.3389602722434,99861.59433174561,1.2107149062872256,339.8974099249795,0.0,0.0,153.67119555801318,14295.41718574577
1.6171875,125.97841367582397,154.3144624012039,154.31446365324354,82.14439524189574,-0.008983053662561117,2.143091664236685e-06,6.471016904268464e-06,5.595505758167411,0.7233156433777868,0.9007209299393845,1.1727749933034959,2.720540633641114,0.4540093882762487,577.4488612990243,62.9409838880507,0.5559913480103189,0.0,287.3311403111071,99847.48432571173,1.2105767835512673,339.8926710285309,0.0,0.0,154.31446365324356,14413.704444014365
1.625,127.1865016668474,154.9559870811376,154.9559883556346,82.08586242560591,-0.009137471967000986,2.3333196521212344e-06,6.353209290068127e-06,5.5931434222220355,0.7209533074324117,0.9005138542785195,1.172809644811644,2.7229579053312456,0.45590320430983866,577.4488612990243,63.48560500296846,0.5562321289918464,0.0,287.3232877391655,99833.31547812448,1.2104380772502579,339.88791236993427,0.0,0.0,154.95598835563467,14532.131202914794
1.6328125,128.39958971154206,155.59318709512402,155.59318839254024,81.03734255452711,-0.00929359282017975,2.643210687179974e-06,6.262442355487352e-06,5.5907924073754405,0.7186022925858164,0.9003075972532866,1.1728442062890105,2.7253660903572396,0.4577843759236313,571.91420767635,64.02906863146127,0.5564722848391794,0.0,287.31540266687495,99819.08798828689,1.2102987892403627,339.88313401612623,0.0,0.0,155.5931883925403,14650.207096120343
1.640625,129.6176272357352,156.22348294266908,156.223484263452,80.31837905004751,-0.009451433180794546,3.069349031854343e-06,6.222836244079601e-06,5.588460261026811,0.7162701462371873,0.9001028241240319,1.1728785203611194,2.7277569623708753,0.45964531315995544,568.224438594567,64.5690796932136,0.5567108210961796,0.0,287.3074854229677,99804.80244934927,1.2101589252338754,339.87833616631843,0.0,0.0,156.22348426345204,14767.434453336524
1.6484375,130.8405905104268,156.85718760336906,156.85718894803614,81.90985143360365,-0.009611012411148335,3.6073694101440534e-06,6.12606291650001e-06,5.586116793579403,0.7139266787897786,0.8998968847220823,1.1729132090749275,2.7301632435284517,0.46151635893626686,577.4488612990243,65.1145762015619,0.5569516194119811,0.0,287.2995361616822,99790.459139613,1.210018487861155,339.8735189139794,0.0,0.0,156.8571889480362,14885.754962742161
1.65625,132.06853972647946,157.49816323581774,157.49816460486323,82.17983009716738,-0.009772358079566843,4.252778633583488e-06,5.982217730563977e-06,5.583750683934434,0.7115605691448103,0.8996887801910051,1.1729484809161161,2.7325970072511105,0.46340887800500613,579.2937458399157,65.66899803634163,0.5571961671214372,0.0,287.29155449177784,99776.05735314015,1.2098774701151411,339.86868202201737,0.0,0.0,157.49816460486326,15005.911753551813
1.6640625,133.30148799256722,158.1347927903045,158.13479418409275,80.7973633447093,-0.009935488997630236,4.998828198751964e-06,5.748759067721744e-06,5.581395895388246,0.7092057805986217,0.8994814961970535,1.172983726813169,2.7350223061611554,0.46528869019797964,571.91420767635,66.22218267538803,0.5574400545168983,0.0,287.2835403280483,99761.59693618793,1.209735870394207,339.8638254387972,0.0,0.0,158.13479418409275,15125.698451211112
1.671875,134.53936437069774,158.75932902438285,158.75933044320396,79.08396978651405,-0.010100411049680642,5.836707702309153e-06,5.47988050285145e-06,5.579075070138396,0.7068849553487724,0.8992770306646753,1.1730184831929689,2.737414525282935,0.46713299944888786,562.6897849718927,66.76720728756051,0.5576802866828598,0.0,287.27549413159045,99747.07872074012,1.2095936967492573,339.8589494437438,0.0,0.0,158.759330443204,15243.617286457507
1.6796875,135.78207101023506,159.3717698503364,159.37177129442296,77.70092359722398,-0.01026712541843457,6.7572305068352115e-06,5.110098988576961e-06,5.576788208184886,0.7045980933952624,0.8990753908483041,1.173052780025634,2.739773891773299,0.46894179787066265,555.310246808327,67.30392533410998,0.5579168083231776,0.0,287.26741653843345,99732.50385442069,1.2094509603238783,339.8540544222907,0.0,0.0,159.371771294423,15359.641070138881
1.6875,137.02953359524267,159.97857360342647,159.97857507304485,77.64078685081166,-0.01043563291711443,7.748733539318513e-06,4.8250548993591536e-06,5.574516441029749,0.7023263262401254,0.8988749181827919,1.1730868595171733,2.742119413343814,0.47073408736295774,555.310246808327,67.83797528605257,0.5581520650608773,0.0,287.2593080316309,99717.87320883105,1.209307669560391,339.8491406671683,0.0,0.0,159.9785750730449,15474.99295536789
1.6953125,138.28173499535052,160.58490600530467,160.58490750078025,77.58025791228273,-0.010605942146694046,8.800784659828476e-06,4.645005302537779e-06,5.5722446738746125,0.7000545590849884,0.8986742820545305,1.1731209954377357,2.7444671338320523,0.4725250676763291,555.310246808327,68.37393748522194,0.5583880388406268,0.0,287.2511687225302,99703.18698488172,1.20916382633345,339.84420824585334,0.0,0.0,160.58490750078033,15590.66365335939
1.703125,139.53867825254946,161.19335066910054,161.19335219079878,78.18147631317478,-0.010778065189224134,9.901658333485964e-06,4.428553909577645e-06,5.569965359320289,0.6977752445306649,0.8984728148815788,1.173155416412666,2.7468260153108726,0.4743223415221141,559.0000158901098,68.91414296722111,0.5586257352104986,0.0,287.2429985913584,99688.44514689523,1.2090194302003476,339.8392571463632,0.0,0.0,161.19335219079883,15707.155340192594
1.7109375,140.80037647893548,161.80002124282524,161.80002279097187,77.12621543457222,-0.010952014241573505,1.1041591427771721e-05,3.5634967252785647e-06,5.567689818465558,0.6954997036759346,0.8982715167187241,1.173190265965823,2.7491874924709903,0.4761144735228558,553.4653622674355,69.45509492847921,0.5588636427812432,0.0,287.2347975528869,99673.6475410887,1.208874479560987,339.8342873170495,0.0,0.0,161.80002279097192,15823.712022971855
1.71875,142.0667753703764,162.39585770063542,162.39585927509646,75.40799980857004,-0.011127778427683034,1.2216593547573153e-05,2.752926517490256e-06,5.565444467207574,0.6932543524179503,0.8980727278301998,1.173224613954284,2.751518861240841,0.4778748029273511,544.2409395629782,69.98852064894183,0.5590981950460775,0.0,287.22656596009256,99658.79480435858,1.2087289805603636,339.8292989718161,0.0,0.0,162.3958592750965,15938.551215229363
1.7265625,143.33779028571374,162.98344954420457,162.98345114486585,75.01549315922007,-0.011305336523580583,1.3426277274188532e-05,2.042600824082569e-06,5.563221758147149,0.6910316433575255,0.8978757854896616,1.173258573444777,2.7538278795511526,0.47961094827172535,542.3960550220868,70.51666482580984,0.5593303662130813,0.0,287.21830436314286,99643.88792940382,1.2085829428303185,339.82429244406455,0.0,0.0,162.9834511448659,16052.160161285148
1.734375,144.6133837807329,163.56797368607425,163.5679753128682,74.62266925396351,-0.01148467393292194,1.4670369182824656e-05,1.550437000628813e-06,5.561006596485911,0.6888164816962873,0.8976793552507725,1.1732923655462613,2.756130102954888,0.4813381428683705,540.5511704811953,71.04419125102673,0.559562169528925,0.0,287.2100130054252,99628.9273553823,1.2084363705812504,339.8192678812877,0.0,0.0,163.56797531286833,16165.544893512717
1.7421875,145.89352175462113,164.1455399236429,164.14554157645807,73.23435549337346,-0.01166577651113883,1.5948604543228012e-05,1.4830211771188024e-06,5.558810303322639,0.6866201885330152,0.8974844436239597,1.1733256428591747,2.75841199235215,0.48304493837666107,533.1716323176295,71.56747758303874,0.559792047613614,0.0,287.20169210859495,99613.91348223941,1.2082892676399992,339.81422541780853,0.0,0.0,164.14554157645813,16277.927305698164
1.75,147.1781431004576,164.7174451624379,164.71744684117053,73.1733433188169,-0.011848626254172287,1.7260650817556637e-05,1.8677641146510395e-06,5.55662910495774,0.6844389901681162,0.8972907191006406,1.1733584595345758,2.760677404339352,0.48473515038506926,533.1716323176295,72.08764847993258,0.5600204882040966,0.0,287.193342069847,99598.84702665692,1.208141640937564,339.8091652943273,0.0,0.0,164.71744684117058,16389.55121493588
1.7578125,148.46722721296499,165.28757547210517,165.28757717668591,72.78000280750642,-0.012033210864234565,1.860627382694109e-05,2.4906790584896183e-06,5.554451680292434,0.6822615655028104,0.8970971779866662,1.1733911631824798,2.762939851958136,0.48642021450648787,531.326747776738,72.6082575724541,0.560249021675466,0.0,287.1849630231157,99583.72823030021,1.207993492751452,339.80408759200816,0.0,0.0,165.287577176686,16501.18094507871
1.765625,149.7607500830024,165.85333429079455,165.85333602112368,72.05427249968058,-0.012219517556806524,1.998523130398022e-05,3.2058628454082062e-06,5.552285576725908,0.6800954619362843,0.8969044925331721,1.1734236879435913,2.7651919541041923,0.4880924891714799,527.6369786949551,73.1268618632012,0.5604765992056612,0.0,287.17655512446044,99568.55737475627,1.2078448257506191,339.79899240542306,0.0,0.0,165.85333602112374,16612.29254330841
1.7734375,151.0586741744084,166.41472048842488,166.41472224439815,71.66058383228017,-0.012407531618904339,2.1397247200843866e-05,3.955718057912152e-06,5.550130794258162,0.6779406794685381,0.8967126649211123,1.1734560650601884,2.7674340013907606,0.4897519705239537,525.7920941540636,73.64341361851764,0.560703202574226,0.0,287.1681186178663,99553.33490026137,1.2076956441591655,339.79387988242695,0.0,0.0,166.41472224439823,16722.876912937252
1.78125,152.3609720784211,166.97302998254318,166.97303176406515,71.26663745954427,-0.012597239758387724,2.284207016640144e-05,4.717176697283389e-06,5.5479835591896025,0.6757934443999783,0.8965213609836541,1.1734883812236592,2.7696702024000506,0.49140247197619047,523.9472096131723,74.15908666100502,0.5609293375608436,0.0,287.1596536814902,99538.06112827435,1.2075459510377538,339.7887501309831,0.0,0.0,166.9730317640652,16833.18653421512
1.7890625,153.66761636772324,167.5269618615972,167.52696366855528,70.53994678350391,-0.012788628676395505,2.4319448526258678e-05,5.4800223209185874e-06,5.545847645219823,0.6736575304301984,0.8963309187103718,1.1735205641675486,2.7718964545717673,0.49304016456849165,520.2574405313893,74.67261932526769,0.5611544647057057,0.0,287.1511604936098,99522.73638047167,1.2073957494496068,339.7836032591275,0.0,0.0,167.5269636685553,16942.952036309463
1.796875,154.97857283947215,168.07781467884448,168.0778165112083,70.4783363717496,-0.012981684107755282,2.5829113780613545e-05,5.247896187380212e-06,5.543719278649228,0.6715291638596048,0.8961410034056453,1.173553275646705,2.7741227224105978,0.49466886953517547,520.2574405313893,75.18519795737102,0.5613790945285662,0.0,287.14263927654343,99507.36105799537,1.2072450432373119,339.77843940158533,0.0,0.0,168.07781651120834,17052.42822971608
1.8046875,156.29382080934505,168.6242851787637,168.62428703678077,69.41817062951712,-0.01317640725792532,2.7365798130029735e-05,4.891940242935097e-06,5.541602233177414,0.669412118387791,0.8959519535688212,1.173585922576628,2.776339690078069,0.49628475093011,514.722786908715,75.69554924850478,0.5616026832991892,0.0,287.13409016473923,99491.93540343789,1.2070938346898687,339.77325863983197,0.0,0.0,168.62428703678086,17161.343687654764
1.8125,157.61330572577302,169.1624729369149,169.1624748208633,68.35795883313465,-0.013372801715838462,2.892118837179647e-05,4.41386379900353e-06,5.539507829903161,0.6673177151135368,0.8957647834661341,1.1736182695837691,2.7785348611763503,0.49787632842538176,509.1881332860406,76.1998971698606,0.5618236176659008,0.0,287.12551351278245,99476.4600565977,1.2069421299904621,339.7680611887462,0.0,0.0,169.1624748208634,17268.893530173944
1.8203125,158.93696965452202,169.69497948067976,169.6949813909062,67.96371638172337,-0.013570874418182527,3.0485145642518188e-05,3.7380239296637256e-06,5.537428521427279,0.6652384066376555,0.8955788222786789,1.1736505111980549,2.7807168891937595,0.4994512576967918,507.34324874514914,76.70065172498308,0.5620429332574939,0.0,287.1169096972456,99460.9356969463,1.206789935712427,339.7628472765308,0.0,0.0,169.6949813909063,17375.594832809053
1.828125,160.26478175690298,170.22440501806184,170.22440695507913,67.56919087383821,-0.013770639381208058,3.204664915492497e-05,3.0439975958480505e-06,5.535356760350584,0.6631666455609608,0.8953933971368118,1.173682927291926,2.7828953015511426,0.5010171911546119,505.49836420425765,77.2007497444302,0.562265248872458,0.0,287.1082789185801,99445.36268616983,1.2066372553146898,339.75761702465957,0.0,0.0,170.22440695507927,17481.970946206773
1.8359375,161.5967145630089,170.74944542153617,170.7494473858634,66.8411900469205,-0.013972116568413493,3.3594861110707205e-05,2.5331097475488475e-06,5.53329632037267,0.6611062055830459,0.8952088475304407,1.1737154023781236,2.7850655484768283,0.5025702899844494,501.8085951224748,77.69867483608374,0.56248832501848,0.0,287.09962135534045,99429.74134644424,1.206484091869344,339.7523705413363,0.0,0.0,170.74944738586348,17587.747330592305
1.84375,162.93273720468162,171.272705024645,171.27270701680328,67.11320293949709,-0.014175323827412555,3.512193815613265e-05,2.1078165242607326e-06,5.531239654094348,0.6590495393047241,0.8950244988115024,1.1737483009214722,2.7872380210996983,0.504118219140048,503.6534796633662,78.19665134273717,0.5627113251935112,0.0,287.0909372081695,99414.07203980132,1.206330448839777,339.74710794815076,0.0,0.0,171.2727070168034,17693.45387116207
1.8515625,164.27284253751796,171.79287695103412,171.79287897153262,66.05088653721657,-0.014380281497485376,3.662304968804921e-05,1.7958835949295117e-06,5.529190535215212,0.6570004204255888,0.8948406902130102,1.173781514763139,2.789408245501288,0.5056571318845895,498.1188260406919,78.69338731321048,0.5629336861672827,0.0,287.0822265235061,99398.35485003293,1.2061763269614667,339.7418292732447,0.0,0.0,171.7928789715328,17798.816289573046
1.859375,165.61698268890527,172.30605303281928,172.30605508218315,65.3222346971682,-0.01458700537182422,3.809585772451506e-05,1.8255594965162655e-06,5.527160284834044,0.6549701700444198,0.8946584397306822,1.1738146433943761,2.7915620366369396,0.5071755242093833,494.429056958909,79.18502546818114,0.5631537268908635,0.0,287.0734896125221,99382.59033860461,1.2060217316542843,339.73653470518843,0.0,0.0,172.3060550821833,17903.016700278873
1.8671875,166.96511318674428,172.8148401364465,172.81484221527293,64.92727403833305,-0.014795513860255011,3.9535929247861113e-05,2.33106747472651e-06,5.525141355551654,0.6529512407620306,0.8944770726948709,1.173847754440627,2.7937068174575606,0.5086810684261852,492.5841724180175,79.67405628035627,0.5633725381441678,0.0,287.06472676428615,99366.77902709953,1.2058666679480257,339.7312244191574,0.0,0.0,172.8148422152731,18006.58574415806
1.875,168.31720652911002,173.3205410455174,173.32054315443497,64.53217043753,-0.015005829765457914,4.093942663819612e-05,2.9465515602446074e-06,5.523129973668452,0.6509398588788279,0.8942962518151636,1.1738811345283704,2.795848827132068,0.5101775987869093,490.7392878771261,80.16172082183661,0.5635906635359318,0.0,287.0559381575608,99350.9212380692,1.2057111389213584,339.7258985234819,0.0,0.0,173.3205431544352,18109.787744703484
1.8828125,169.67323860081706,173.8231546708881,173.82315681055243,64.13693096303675,-0.015217976586575395,4.2303588829646905e-05,3.572520377338588e-06,5.521126139184435,0.6489360243948117,0.8941159784300132,1.1739148303503157,2.797988519203025,0.5116651117249199,488.89440333623463,80.64798807012714,0.5638080913766547,0.0,287.04712394909467,99335.01725434435,1.205555147263858,339.72055711315136,0.0,0.0,173.82315681055263,18212.61687644331
1.890625,171.0331886774732,174.3239851534555,174.3239873244973,64.0756492688398,-0.01543197781306551,4.362968930494416e-05,4.221133653680678e-06,5.519126078400013,0.6469359636103887,0.8939359140082493,1.173948912792349,2.8001299878409966,0.5131474458194707,488.89440333623463,81.13412316742325,0.5640253740128129,0.0,287.0382842735964,99319.06731898732,1.2053986952754232,339.7152002697994,0.0,0.0,174.32398732449752,18315.34161138867
1.8984375,172.39703941859312,174.82041895067033,174.82042115364249,63.01149574289007,-0.01564785534030884,4.491937203931229e-05,4.556930046931252e-06,5.517137338714369,0.6449472239247455,0.8937567393723048,1.1739833890844755,2.802266497121707,0.5146169074680856,483.3597497135603,81.6175055397612,0.5642413726442286,0.0,287.0294192437791,99303.071635373,1.205241784866956,339.70982806173015,0.0,0.0,174.82042115364266,18417.4079768036
1.90625,173.76474287790762,175.31115184745843,175.3111540827631,62.61614420243359,-0.01586562025382461,4.6174100037651626e-05,4.627884221551153e-06,5.515163693827099,0.6429735790374752,0.8935787969442016,1.17401812285739,2.804393259131884,0.5160696567079585,481.5148651726688,82.09678845770308,0.5644555047907084,0.0,287.02052917129356,99287.03076583073,1.205084421471106,339.7044406778039,0.0,0.0,175.3111540827633,18518.532754140768
1.9140625,175.13626471901205,175.79748908323012,175.79749135107426,61.886247438145226,-0.016085279087712658,4.739472670497681e-05,3.767342445573519e-06,5.513201370038608,0.6410112552489847,0.893401748910919,1.174053581944689,2.8065183303376995,0.5175095350726422,477.82509609088595,82.57322553582156,0.5646683188199229,0.0,287.0116142793264,99270.94511306901,1.2049266089555877,339.69903825327185,0.0,0.0,175.7974913510744,18618.98260787978
1.921875,176.51156039162848,176.2768171547923,176.27681945497284,60.82184089422515,-0.016306819124670906,4.8581303399472024e-05,2.9652561964243086e-06,5.511257914748084,0.6390677999584605,0.8932262789966828,1.1740889770558331,2.808626980591503,0.5189288481630129,472.29044246821155,83.04414435948676,0.5648786575254529,0.0,287.0026748574544,99254.81519958796,1.2047683523642108,339.6936209636174,0.0,0.0,176.27681945497304,18718.194985606307
1.9296875,177.89057514404385,176.75044533928812,176.7504476716142,60.426997728273335,-0.01653021872119219,4.973417015375657e-05,2.2661526035790975e-06,5.509329554255933,0.6371394394663094,0.8930520495975951,1.1741243563646575,2.810723067670624,0.5203314492010859,470.4455579273202,83.51079950200364,0.5650870699234293,0.0,286.9937112615637,99238.6416675334,1.2046096579158208,339.6881890245076,0.0,0.0,176.75044767161444,18816.436969125138
1.9375,179.27328147256608,177.22229647246465,177.2222988367934,60.366875243823436,-0.01675546072910578,5.085364285732119e-05,1.7727372319395762e-06,5.507404967463375,0.6352148526737514,0.8928780395049312,1.1741599345708928,2.812818950659617,0.5217288859285859,470.4455579273202,83.97711043927782,0.5652952591222513,0.0,286.9847236704283,99222.42483947755,1.2044505286946576,339.68274254427956,0.0,0.0,177.22229883679364,18914.536454182813
1.9453125,180.6596688935842,177.6923686590584,177.69237105524263,59.971629010494546,-0.016982530841872925,5.1940022151493504e-05,1.655303725838709e-06,5.505484154370411,0.6332940395807868,0.8927042493065065,1.1741956043470476,2.8149135504054112,0.5231211526333525,468.6006733864287,84.443059470215,0.5655032183104419,0.0,286.9757121521917,99206.16483837561,1.2042909658265797,339.67728156422817,0.0,0.0,177.69237105524283,19012.48995790265
1.953125,182.04971669097915,178.159352746807,178.15935517475387,59.576322847567134,-0.01721141312944024,5.299361569564975e-05,1.96565464166565e-06,5.503570888676633,0.6313807738870085,0.8925310213815025,1.1742312279442628,2.817002065627603,0.5245043949503138,466.7557888455372,84.90729633096707,0.5657103635970524,0.0,286.9666768415086,99189.86190719291,1.2041309716153175,339.6718061659542,0.0,0.0,178.15935517475407,19110.01358247471
1.9609375,183.44339732739053,178.6219390032783,178.6219414627931,58.84582793403329,-0.017442094170319774,5.401599218805098e-05,1.3258684464122865e-06,5.501668944081634,0.62947882929201,0.89235869905726,1.1742675060014456,2.819088069441856,0.5258747565124499,463.0660197637543,85.36845340664998,0.5659161049075425,0.0,286.9576179173719,99173.51636889658,1.203970549150174,339.6663164579274,0.0,0.0,178.6219414627933,19206.820552674086
1.96875,184.84066621618402,179.07750899044584,179.0775114818125,57.78020386376519,-0.017674566109201276,5.5014190062758763e-05,8.693904963621664e-07,5.499785867984602,0.6275957531949778,0.89218796886206,1.1743035507940405,2.821155819319805,0.5272245276183385,457.53136614107996,85.82380427223416,0.5661192656870722,0.0,286.9485356695948,99157.1287464131,1.2038097034837076,339.66081261577443,0.0,0.0,179.07751148181265,19302.33929515784
1.9765625,186.24146855259838,179.52737533243,179.5273778557803,57.3856105096777,-0.017908829064900236,5.600559068741634e-05,1.0901296829088204e-06,5.497917886685943,0.6257277718963187,0.8920184916954461,1.174339154901546,2.8232066320609994,0.5285575716763817,455.68648160018853,86.27463482755816,0.5663204064496601,0.0,286.93943045440807,99140.69968251047,1.2036484408459238,339.65529485537127,0.0,0.0,179.52737785578046,19396.84240893805
1.984375,187.64577684084867,179.975469449622,179.97547200518136,57.32647105725711,-0.01814488134624725,5.700482164004764e-05,1.8520051328972982e-06,5.496053679086876,0.6238635642972528,0.8918492420530866,1.1743746971790783,2.825254551259917,0.5298854627911269,455.68648160018853,86.72495037834209,0.5665212614381456,0.0,286.93030245053444,99124.22949966817,1.2034867643240628,339.6497632850239,0.0,0.0,179.9754720051816,19491.172502990707
1.9921875,189.05357381432336,180.419167616291,180.41917020385208,56.260381302628716,-0.018382716378097037,5.802064432405943e-05,2.6590119048298774e-06,5.49420079258659,0.6220106777969666,0.8916809064323252,1.1744102513050034,2.827293448726782,0.5312004758412522,450.15182797751413,87.17201999073785,0.5667206522399566,0.0,286.92115177020685,99107.71840039465,1.2033246758281773,339.64421797274537,0.0,0.0,180.4191702038523,19584.757075631336
2.0,190.46481147994945,180.8571613116724,180.85716393100554,55.86603892512666,-0.01862231337331207,5.9052870925921296e-05,3.470403344158397e-06,5.492363000884677,0.6201728860950534,0.891513829986974,1.1744457211349841,2.829318911480101,0.53249875737414,448.30694343662276,87.61444621994328,0.5669179783812545,0.0,286.9119787253803,99091.16694756817,1.2031621808066886,339.63865910758045,0.0,0.0,180.85716393100572,19677.304629162463
2.0078125,191.87945893697156,181.29207421848912,181.29207686939736,55.47170025943424,-0.01886365444283969,6.0101336959383796e-05,4.276165953305498e-06,5.490532756581951,0.6183426417923267,0.8913473285275554,1.1744813137863708,2.8313398525881537,0.5337880315828932,446.4620588957313,88.05490999994934,0.5671143999345016,0.0,286.90278351690966,99074.57550360286,1.202999282740971,339.63308681124727,0.0,0.0,181.29207686939756,19769.378720064487
2.015625,193.2974921169082,181.72390639096935,181.72390907332874,55.07737177890677,-0.019106722899056783,6.116588762147377e-05,5.075327627670781e-06,5.48871005967841,0.6165199448887865,0.8911814033161239,1.174517020783447,2.8333561746732303,0.5350682981876421,444.6171743548398,88.49338474788566,0.5673099072083561,0.0,286.89356630124007,99057.94435078163,1.2028359843262937,339.6275011785515,0.0,0.0,181.72390907332897,19860.974653738747
2.0234375,194.71889037087033,182.15397072818612,182.15397344183265,55.01908867428947,-0.019351506130035095,6.224814278191553e-05,5.8647192044965686e-06,5.486891136474464,0.6147010216848395,0.8910157117394805,1.1745529457361434,2.8353723399666295,0.5363434225330044,444.6171743548398,88.93121873462006,0.5675050829494243,0.0,286.8843272125893,99041.27373128138,1.2026722878646101,339.6219022908291,0.00012006453156552853,2.6900101905502703e-05,182.15397344183287,19952.375373647043
2.03125,196.14364330197625,182.58226583647846,182.58226858122893,54.624496083327564,-0.019597990792794333,6.334770021957491e-05,5.576220789689219e-06,5.485075986970109,0.6128858721804858,0.8908502543720392,1.1745897125992895,2.837394582272502,0.5376134003454375,442.77228981394836,89.36839574883608,0.5676999210734957,0.0,286.8750663185371,99024.56376704009,1.2025081944774998,339.6162901890335,0.00016344015143788417,4.036392413792518e-05,182.58226858122916,20043.577822879055
2.0390625,197.5717234044049,183.00485097268196,183.0048537488557,53.55743210457465,-0.019846172278348687,6.446558957369285e-05,5.0312993490674624e-06,5.483275932264129,0.6110858174745052,0.8906860647681537,1.1746264922356697,2.83940427467516,0.5388666276390924,437.237636191274,89.80075124447207,0.5678926297804543,0.0,286.86578379787136,99007.81478065495,1.2023437072573426,339.61066498151,0.0,0.0,183.00485374885594,20133.712185347526
2.046875,199.0030758156995,183.42041543716692,183.42041824520192,52.827159911422854,-0.02009605739200814,6.56052191444312e-05,4.187915616298767e-06,5.481494746056114,0.6093046312664908,0.8905234900832555,1.1746631805410854,2.8413969045782994,0.5400992439009397,433.5478671094911,90.22685209356393,0.5680825959424455,0.0,286.85648000719794,98991.02741557066,1.202178832448412,339.60502688436196,0.0,0.0,183.42041824520217,20222.481181862684
2.0546875,200.43765938761544,183.83290462801685,183.83290746860243,52.770067472244264,-0.02034766169370303,6.677004009474972e-05,3.087058858976451e-06,5.479721107247286,0.6075309924576628,0.8903614992549775,1.174700081313895,2.843385820589175,0.5413228657884835,433.5478671094911,90.65081607651665,0.5682715946233017,0.0,286.8471552139805,98974.20215438712,1.202013574716568,339.5993760596722,0.0,0.0,183.83290746860268,20310.746634520816
2.0625,201.87545693839786,184.24231734056335,184.2423202149061,52.03968013075425,-0.020601021867322905,6.79641129886307e-05,1.865206388034954e-06,5.4779550158376455,0.6057649010480214,0.8902000935200005,1.1747371055994404,2.8453701207943993,0.5425374893363232,429.8580980277082,91.07261639040898,0.5684596160540925,0.0,286.83780952990037,98957.33919861757,1.2018479359676206,339.59371257511964,0.0,0.0,184.24232021490636,20398.50384299
2.0703125,203.3164375902977,184.6486556329725,184.64865854211322,51.98291992662614,-0.020856178594433294,6.918999440455507e-05,1.2903063387150028e-06,5.4761964718271905,0.6040063570375664,0.8900392741117656,1.1747737925743185,2.847345184625528,0.5437431200956292,429.8580980277082,91.49222996172287,0.5686466520042553,0.0,286.828443155663,98940.43891040623,1.2016819196856947,339.5880365523318,0.0,0.0,184.64865854211348,20485.748893570264
2.078125,204.7605807462876,185.05060263123235,185.05060557616346,50.91565913680438,-0.021113169552580614,7.044763847858731e-05,2.0827004962817038e-06,5.474449248915515,0.6022591341258913,0.8898793876979324,1.1748095911301233,2.8493020343219086,0.5449358796962213,424.32344440503385,91.90822599380913,0.5688320898371224,0.0,286.8190562251491,98923.50153132173,1.2015155281711056,339.58234807244037,0.0,0.0,185.0506055761637,20572.18464065418
2.0859375,206.20784868707705,185.45079450290083,185.4507974845702,51.53336005234109,-0.02137202674014708,7.174010965643778e-05,3.259712030853624e-06,5.472705799703434,0.6005156849138094,0.8897197448505636,1.1748453085257347,2.8512556367517106,0.5461235304837071,428.0132134868167,92.32338973367568,0.5690171274181748,0.0,286.809648983534,98906.52750374813,1.2013487656976083,339.5766472840216,0.0,0.0,185.45079748457042,20658.39234637919
2.09375,207.6582585428975,185.854493334782,185.85449635421662,51.81349093789426,-0.021632789056830703,7.306899794330658e-05,4.272945322514475e-06,5.470951029392571,0.5987609146029477,0.8895589626201194,1.1748817440620194,2.853227814419,0.5473215687204764,429.8580980277082,92.74335329005272,0.5692041817609783,0.0,286.8002213194711,98889.51662677653,1.2011816302192317,339.57093411959954,0.0,0.0,185.85449635421676,20745.54416182844
2.1015625,209.1118205511401,186.2564282349216,186.25643129282864,51.081944956829126,-0.021895487267543173,7.443308475705134e-05,5.2313475851899305e-06,5.469200032781303,0.5970099179916792,0.8893984233178557,1.1749183546684776,2.855199313506219,0.5485144726525173,426.16832894592534,93.1624764687171,0.5693908320568941,0.0,286.7907731664176,98872.46878033949,1.2010141204836806,339.56520853884905,0.0,0.0,186.25643129282884,20832.465577947805
2.109375,210.5684969227258,186.6513316654114,186.65133476253015,50.01348886329418,-0.02216014276672805,7.582776369365591e-05,6.295912538538621e-06,5.467467904668001,0.5952777898783771,0.8892395127933136,1.1749545511497146,2.8571503835640097,0.5496867290519241,420.63367532325094,93.57506374491777,0.5695746382303156,0.0,286.78130477000224,98855.38440763956,1.2008462407733391,339.55947069062137,-0.00024784987233250866,2.3644274675069594e-05,186.65133476253033,20917.973434183197
2.1171875,212.02822587501674,187.03788937509952,187.0378925121727,48.945401129211746,-0.022426774045404798,7.725360941863086e-05,7.2073267558503645e-06,5.465758418752258,0.5935683039626344,0.8890825807776188,1.1749903470377896,2.859077662601708,0.5508344660792907,415.0990217005766,93.98060594702866,0.5697608467532823,0.0,286.77181653181236,98838.26423328357,1.2006779981370683,339.5537208182783,-0.00021147775725664084,2.6618925333231484e-05,187.03789251217285,21001.763204378243
2.125,213.49094908477466,187.41874092901665,187.41874410654384,48.55265543741803,-0.022695394514466876,7.871341419866365e-05,7.628841538448844e-06,5.464064027634889,0.5918739128452647,0.8889269375764259,1.175026171010064,2.860992334336381,0.5519654559987823,413.2541371596851,94.38128179419598,0.5699468712270427,0.0,286.76230883094894,98821.10894130534,1.2005093992266958,339.54795915155506,-0.00015141103154656945,2.340317443733005e-05,187.418744106544,21084.417909506214
2.1328125,214.95663227855394,187.7952059546753,187.79520917311805,47.822504450727216,-0.022966014081983413,8.020973808282698e-05,7.791212882723843e-06,5.462380957616299,0.5901908428266748,0.8887722387143246,1.1750619995273428,2.8628976081301816,0.5530835843462948,409.5643680779022,94.77812218822125,0.5701311309484756,0.0,286.7527818901894,98803.91893367497,1.2003404479233322,339.5421858254548,-0.0001495276430032134,5.385743577518847e-06,187.79520917311822,21166.227648390326
2.140625,216.42523432658012,188.165968091189,188.16597135074346,47.092717945814286,-0.023238636667506453,8.174697344029673e-05,6.815746172339129e-06,5.460712982396082,0.5885228676064579,0.8886188332041962,1.1750982147946147,2.8647938159041852,0.5541849733797529,405.8745989961193,95.16965448112647,0.5703129730961453,0.0,286.7432359768772,98786.69469277577,1.200171148899402,339.5364010019876,-5.636364857096461e-05,-2.33848401601005e-05,188.1659713507436,21246.88955062186
2.1484375,217.89671412263436,188.5323496869262,188.5323529872928,46.701033395622936,-0.023513246023390996,8.332575946762339e-05,5.862011512193268e-06,5.459056328274644,0.5868662134850208,0.8884663761162938,1.1751342482264804,2.866678721101866,0.5552735167259267,404.0297144552279,95.55728308698035,0.5704930269010502,0.0,286.73367135820286,98769.43670071482,1.2000015068257297,339.53060484307093,-1.346765909816588e-05,-2.160300876700879e-05,188.53235298729297,21326.69565339963
2.15625,219.37104088569592,188.8943519518833,188.89435529275775,45.971664614809185,-0.023789819412084766,8.494562557447888e-05,4.933049612238676e-06,5.457410995251987,0.5852208804623634,0.888314869263119,1.1751700885825,2.8685521931938105,0.5563492172010663,400.33994537344495,95.94097599547759,0.5706712811597408,0.0,286.72408823424297,98752.1453185019,1.1998315251837814,339.52479746995124,0.0,0.0,188.89435529275795,21405.640795396102
2.1640625,220.84818041371062,189.25329804883486,189.253301429933,45.91854564166483,-0.02406833355012773,8.660609444041273e-05,4.0349141846798065e-06,5.455773209628516,0.5835830948388925,0.8881639666415071,1.1752058521409892,2.8704188549948206,0.5574159712004252,400.33994537344495,96.32215640670353,0.5708483717539203,0.0,286.71448682731085,98734.82094726979,1.1996612078502962,339.5189790173504,0.0,0.0,189.25330142993315,21484.020033893674
2.171875,222.32812258602064,189.61182875979398,189.61183218087683,45.86532554059789,-0.024348769919505076,8.830675608245595e-05,3.1799929870212446e-06,5.454135424005045,0.5819453092154215,0.8880129733928295,1.1752417843596141,2.8722881096678465,0.5584815564465797,400.33994537344495,96.70371443288838,0.5710255853580103,0.0,286.7048672031908,98717.46370571684,1.1994905559260165,339.5131495251336,0.0,0.0,189.61183218087695,21562.43021033905
2.1796875,223.81085727345234,189.96730125225244,189.9673047130284,45.13575287233245,-0.02463111013896129,9.004720367036379e-05,2.397327785113529e-06,5.452505185780761,0.5803150709911371,0.8878625858830234,1.1752776052357825,2.8741501935275915,0.5595381886003872,396.65017629166204,97.08272564166776,0.571201622913613,0.0,286.69522942772255,98700.07371264129,1.1993195705128428,339.5073090331999,0.0,0.0,189.9673047130285,21640.2685902518
2.1875,225.29635371212257,190.31971842020187,190.3197219203756,45.0830515554698,-0.024915331975424997,9.182697791471481e-05,7.169611289334099e-07,5.450882494955663,0.5786923801660392,0.8877128052802666,1.175313880345219,2.8760107506495234,0.5605858756266247,396.65017629166204,97.45917081813147,0.5713764778605104,0.0,286.6855737008712,98682.65132885193,1.1991482550926393,339.50145766272794,0.0,0.0,190.31972192037577,21717.532150909745
2.1953125,226.78459147320243,190.667758083838,190.6677616226758,44.015280871071425,-0.025201408547442707,9.363525896963589e-05,1.2247993104479194e-06,5.449271125229345,0.577081010439721,0.887563981386102,1.175348651587083,2.8778467020098097,0.5616207224872249,391.1155226689877,97.83155927508278,0.5715494906168584,0.0,286.6759001554242,98665.19679394469,1.198976611956078,339.49559549418706,0.0,0.0,190.667761622676,21793.91496890139
2.203125,228.27551915902683,191.0087807311102,191.00878430781418,43.28664082179441,-0.02548929571942615,9.544884639680944e-05,2.0701354726332853e-06,5.447678624000993,0.5754885092113692,0.8874168136595576,1.1753827352379858,2.8796592157842813,0.5626349533405683,387.4257535872048,98.1969216104943,0.571719346731874,0.0,286.6662091254663,98647.71071072806,1.1988046469664315,339.48972273003255,0.0,0.0,191.00878430781435,21868.807567027907
2.2109375,229.7690922970449,191.3454352196306,191.34543883394588,42.89697611328762,-0.025778960851380435,9.725726164051403e-05,2.9099262892420564e-06,5.446097443871421,0.5739073290817971,0.8872706069976249,1.1754165886376116,2.881459816399866,0.5636363695254287,385.58086904631335,98.55816203473236,0.5718873385097407,0.0,286.6565009000692,98630.1936007905,1.1986323651896156,339.4838395454419,0.0,0.0,191.34543883394605,21942.809518248596
2.21875,231.2652871040429,191.6803691466275,191.6803727982689,42.84611959789094,-0.02607038678840842,9.906400001200456e-05,3.7379942287453728e-06,5.444520037441442,0.5723299226518183,0.8871246646596361,1.1754504768848297,2.883258122251936,0.5646327693375897,385.58086904631335,98.91820915488266,0.5720547666758011,0.0,286.6467756338237,98612.64574306928,1.1984597693060817,339.47794603409716,0.0,0.0,191.6803727982691,22016.524100351904
2.2265625,232.76409358305236,192.01358211634752,192.013585805034,42.45646906846277,-0.026363556126462937,0.00010086478876324342,4.554078637205175e-06,5.442946404711057,0.5707562899214327,0.886978987178954,1.1754843964717008,2.885054092927468,0.565624151375328,383.7359845054219,99.27705069822832,0.5722216268324688,0.0,286.63703339171013,98595.06725481208,1.1982868604064083,339.4720422353763,0.0,0.0,192.0135858050342,22089.9492223961
2.234375,234.2654913992152,192.34375171724966,192.34375544267058,42.06701773205236,-0.026658449815450964,0.0001026640263634099,5.357687589039891e-06,5.441380319379857,0.5691902045902335,0.8868339247373556,1.1755182077255002,2.8868428298814464,0.5666066197706282,381.8910999645305,99.63319055514714,0.5723872575110253,0.0,286.6272743059051,98577.4583745127,1.1981136407741135,339.46612822937846,-8.274561717447241e-07,-0.00010938052930719901,192.34375544267075,22162.77816828882
2.2421875,235.7694567823455,192.67087952628336,192.67088328812594,41.6777708979372,-0.026955048173976263,0.00010446173615840701,6.148855426754145e-06,5.4398217814478445,0.5676316666582208,0.8866894784698307,1.1755519049473138,2.8886242647748306,0.5675801786351459,380.046215423639,99.98660959765377,0.5725516520936395,0.0,286.61749853091476,98559.81938095561,1.1979401130896181,339.4602041097344,6.130882706054761e-05,-5.773432136552022e-05,192.6708832881261,22235.007927931307
2.25,237.27596252532732,192.9936427037457,192.99364650167104,40.949732135210795,-0.027253330988811365,0.00010625793777218084,6.927758016249762e-06,5.438274564614612,0.566084449824988,0.8865459995559184,1.1755853444147522,2.8903934485883376,0.5685409304498896,376.3564463418561,100.33579611188858,0.572714143625457,0.0,286.60770624358537,98542.15059323465,1.1977662804305687,339.45426998361273,4.604729498563091e-05,-6.673542930453598e-05,192.99364650167124,22306.32938288444
2.2578125,238.7849710931469,193.31204487397315,193.31204870764032,40.56129458119744,-0.027553276189812327,0.00010805264033015464,7.69452736773985e-06,5.436738668880158,0.5645485540905348,0.8864034897178156,1.1756185185279797,2.892150288101641,0.5694888850572425,374.5115618009646,100.68072473832245,0.5728747234871587,0.0,286.59789768789454,98524.45245157265,1.1975921470671924,339.4483259988641,8.601593963856476e-05,-1.9133186625913014e-05,193.31204870764049,22376.738717241013
2.265625,240.29645187466699,193.62608804752193,193.62609191658842,39.83388995707325,-0.027854863153178294,0.00010984585947980733,8.449313179040122e-06,5.435214094244485,0.5630239794548615,0.8862619506675616,1.175651419656539,2.893894689889774,0.5704240475880074,370.82179271918176,101.02136864881159,0.5730333824054038,0.0,286.58807306281466,98506.72531498695,1.1974177164717217,339.4423722760657,0.00013168432818976271,-2.6957365511741008e-05,193.62609191658862,22446.231804705476
2.2734375,241.810370829781,193.9371015503561,193.93710545465854,39.785578985700404,-0.028158070720651393,0.00011163760717280336,7.792338526252003e-06,5.433697067007999,0.5615069522183747,0.8861210334690712,1.1756850061942745,2.895639727252033,0.5713503334983295,370.82179271918176,101.3592064265631,0.5731907761909958,0.0,286.5782325896064,98488.96958271095,1.197242992513006,339.4364089493015,0.0002246505419731689,-4.4859702431485155e-05,193.93710545465876,22515.11279067771
2.28125,243.32671119639213,194.24508551358016,194.24508945394442,39.05845071683422,-0.028462908437496156,0.00011342378970109808,6.702342868978085e-06,5.432187587170699,0.5599974723810743,0.8859807392306955,1.1757186957627883,2.8973795653209278,0.5722677426768302,367.13202363739885,101.6942185195005,0.5733468979537312,0.0,286.56837637722344,98471.18545133596,1.1970679770665769,339.43043608459743,0.0002363796641033759,-7.066233806351197e-05,194.24508945394467,22583.378560627272
2.2890625,244.84543550298787,194.5473908909124,194.54739486796717,38.33186360372282,-0.02876939656023554,0.0001151959229189154,5.458972832178003e-06,5.430693202131771,0.5585030873421469,0.885841771110131,1.1757520350328121,2.8991026392268116,0.5731684699584488,363.44225455561593,102.02337037433826,0.5735004096555556,0.0,286.55850466923056,98453.37336034002,1.1968926743989137,339.4244538295537,0.0002902306239332497,-0.00014603125760089333,194.54739486796745,22650.409210032267
2.296875,246.3664994022502,194.84402195666894,194.84402597196902,37.605829953488495,-0.029077568246849716,0.00011694227369847313,3.8751614974215795e-06,5.429213911891217,0.5570237971015926,0.8857041313615301,1.1757851254044551,2.90080994042925,0.5740525268362331,359.7524854738331,102.34663082871155,0.5736513006817267,0.0,286.54861775388537,98435.53382984285,1.1967170895713262,339.4184623588545,0.0,0.0,194.8440259719693,22716.20014922978
2.3046875,247.88985858063066,195.13498308136906,195.1349871361798,36.88036178638742,-0.029387469161466603,0.00011864957717975707,2.430077420162599e-06,5.427749716449035,0.5555596016594112,0.8855678222193508,1.1758176758394485,2.902498536200977,0.5749199250795736,356.0627163920501,102.66396956195646,0.5737995607071646,0.0,286.53871591922587,98417.66737956813,1.1965412276425385,339.41246184705085,0.0,0.0,195.1349871361801,22780.746938317836
2.3125,249.41547221608602,195.4216060916237,195.42161018745878,36.49521270316759,-0.02969914243566468,0.00012031491087730601,2.085044680535351e-06,5.426296842105634,0.5541067273160096,0.885432494303316,1.1758492550088095,2.904167607054935,0.5757745875895007,354.2178318511587,102.97687613356918,0.5739458495654125,0.0,286.5287994305954,98399.77448829,1.1963650932694807,339.40645245494085,0.0,0.0,195.42161018745907,22844.35560950676
2.3203125,250.94330642688402,195.70256574432656,195.70256988291922,35.430672211160164,-0.030012641692779188,0.000121936326588489,3.654614210947638e-06,5.424859062560605,0.5526689477709811,0.8852985010308756,1.1758792315876534,2.905807305567778,0.576612608871086,348.68317822848434,103.28380520597294,0.5740894882752865,0.0,286.51886850822524,98381.85555338439,1.1961886903089423,339.4004343159845,0.0,0.0,195.7025698829195,22906.7118954028
2.328125,252.47330661586818,195.97654030782843,195.97654449078306,34.7069703897289,-0.030328018359322913,0.0001235171083344042,5.589127413466197e-06,5.423440151513542,0.5512500367239187,0.8851661965482304,1.1759083662377197,2.9074216968948927,0.5774300933550809,344.9934091467014,103.58320568549618,0.5742297960991308,0.0,286.50892350699684,98363.91121518447,1.1960120250107504,339.3944076452401,-0.00039051311780363896,-0.00012115142732737094,195.97654449078337,22967.50090347516
2.3359375,254.0054251516772,196.2448633287785,196.24486755774072,33.983881015213356,-0.030645322399299655,0.00012506138620277607,7.85593683954978e-06,5.4220363352648535,0.5498462204752294,0.8850352314147428,1.1759368145820355,2.909015831672926,0.5782309689539572,341.3036400649185,103.87657138338655,0.5743674344590318,0.0,286.4989647365141,98345.94203232629,1.1958351028219887,339.3883726303276,-0.0004262400606417961,-0.00011620037079562785,196.244867557741,23027.029465546828
2.34375,255.53961443985236,196.50621089833902,196.50621517504868,32.92132423001859,-0.030964605841949062,0.00012657405859808042,1.0197643168020762e-05,5.4206513875141304,0.5484612727245063,0.8849059600932534,1.1759645743851983,2.910586142919449,0.5790113335849141,335.76898644224417,104.16234531012151,0.5745017203099545,0.0,286.48899250614096,98327.94856301307,1.1956579291869265,339.3823294587214,-0.00043404005215800004,-0.00011035151490645047,196.50621517504896,23084.981696601193
2.3515625,257.07581655051473,196.7605900884318,196.76059441456465,32.199915021882305,-0.031285919256701454,0.0001280668477627036,1.217450403702643e-05,5.419285308261373,0.5470951934717495,0.8847783852326336,1.1759918961532179,2.9121351092058423,0.5797712066565084,332.07921736046126,104.44049758080625,0.5746326435844041,0.0,286.47900719242165,98309.93148666521,1.1954805107449804,339.3762783586075,-0.00035920619025667407,-8.900098976579114e-05,196.76059441456496,23141.353502078673
2.359375,258.6139839894935,197.00933579378454,197.00934017065765,31.479155668609494,-0.03160930578183987,0.00012955295499705624,1.3491666379396733e-05,5.417934323806989,0.5457442090173656,0.8846521567678444,1.1760190927885463,2.9136693602070194,0.5805145202516842,328.3894482786784,104.71253387564798,0.5747608699478736,0.0,286.4690091040683,98291.89136030976,1.1953028529319945,339.3702195170654,-0.00027316101482071763,-8.674006790726892e-05,197.00934017065794,23196.453635386228
2.3671875,260.15407276513827,197.2524531354512,197.25245756400636,30.759057020643915,-0.03193479383127664,0.00013104777545333628,1.4365863210524111e-05,5.416598434150979,0.5444083193613548,0.88452727676163,1.1760460297561368,2.915187529945068,0.5812412883266257,324.69967919689543,104.97843097281354,0.5748863914966703,0.0,286.45899852702655,98273.82869989505,1.1951249607806895,339.3641531073781,-0.00022307224745367584,-7.206702501200855e-05,197.2524575640067,23250.278899254597
2.375,261.6960493181639,197.49393746403356,197.49394194467092,31.060904897184393,-0.03226239489671865,0.00013256506502486778,1.4544144015829513e-05,5.415266318194561,0.5430762034049372,0.8844026881714346,1.176073296185422,2.9167060801398725,0.5819632830734839,326.5445637377869,105.24279127250306,0.575011234904964,0.0,286.4489756794319,98255.74389901526,1.1949468381199935,339.3580792617357,-0.00010998830157719482,-4.194847089968864e-05,197.4939419446713,23303.767860959404
2.3828125,263.23990781602106,197.73245705383115,197.73246158678734,30.000352963795738,-0.0325921145115774,0.00013411669415161245,1.3437352934274622e-05,5.41394174963733,0.5417516348477062,0.884278744674911,1.1761010876919522,2.9182234301704124,0.5826765799238758,321.0099101151125,105.50406069409246,0.5751347174946694,0.0,286.43894059919586,98237.6370260764,1.1947684855766398,339.3519980031127,-6.013771520461995e-05,-6.732302898981583e-05,197.73246158678765,23356.604613099396
2.390625,264.78559046180897,197.96003373238642,197.96003831700884,28.259659250338682,-0.032923926715940195,0.00013570751995373842,1.2348999642634836e-05,5.412647370676845,0.5404572558872212,0.8841575674973107,1.176127732767327,2.9197016527001627,0.5833576676205415,311.78548741065526,105.75295115275516,0.5752527570093591,0.0,286.42889366199825,98219.50875893926,1.1945899097812414,339.34590955917093,-2.9748001191553997e-05,-3.83042630402718e-05,197.96003831700918,23406.900276364588
2.3984375,266.3330014131483,198.17534916867803,198.1753538042738,26.861411704635014,-0.03325778751185844,0.000137336847799517,1.1278958519208332e-05,5.411386955012699,0.5391968402230753,0.8840395141874123,1.1761530696957738,2.9211355550836147,0.5840026588354649,304.4059492470895,105.98787692048529,0.5753646602605982,0.0,286.4188354908145,98201.36022167436,1.194411121762154,339.3398143074336,2.518579885025914e-05,-5.2751134794711014e-05,198.17535380427412,23454.335189975187
2.40625,267.8820483926554,198.37841516213516,198.37841984800602,25.123876500205757,-0.03359365387425142,0.00013900399498052179,1.0227137096736926e-05,5.410160502644892,0.5379703878552689,0.8839245891518418,1.1761770864523977,2.922524973005559,0.5846115858084439,295.18152654263224,106.20879749697566,0.5754704133187373,0.0,286.40876668544774,98183.19249654075,1.194232132138843,339.3337126113813,8.413968239920536e-05,-6.576564261325645e-05,198.3784198480064,23498.904148252328
2.4140625,269.4326218826726,198.56525074847698,198.5652554838161,22.706576915694207,-0.03393147901885489,0.00014070823833203314,9.193678336550757e-06,5.408979334672205,0.5367892198825813,0.8838138582360863,1.1761993175975018,2.9238545936141556,0.5851727139645089,282.2673347563921,106.41101823855797,0.5755679569406872,0.0,286.3986879577626,98165.00686799703,1.1940529535260131,339.3276049024041,0.00011015595189123564,-3.553348049537763e-05,198.5652554838164,23539.65585922216
2.421875,270.9845916890259,198.7372072233951,198.73721200727238,21.314616715465295,-0.0342712116007533,0.0001424488050958888,6.996630744893702e-06,5.407839677395043,0.5356495626054195,0.8837069729710232,1.1762205987722614,2.925136258012382,0.5856900222131589,274.88779659282625,106.59605599148924,0.5756579611786902,0.0,286.38860015402133,98146.80486300266,1.1938736009314412,339.32149169333695,0.0001938134670558747,-2.013919369631735e-05,198.73721200727275,23576.902064438877
2.4296875,272.53786591145445,198.8996272545138,198.89963208542122,20.265176762435964,-0.03461278917947884,0.0001442243555818909,4.235155385728594e-06,5.406726436015035,0.5345363212254105,0.8836025216738913,1.176241174213854,2.9263865253996277,0.5861792530175197,269.3531429701519,106.77010410761784,0.5757431492324782,0.0,286.3785038715755,98128.58755939372,1.1936940849412185,339.31537334617474,0.0,0.0,198.89963208542153,23611.903832743465
2.4375,274.09235620520917,199.04585882187942,199.0458636971206,17.17081507326648,-0.03495612290022025,0.00014603686299592453,1.813784128988388e-06,5.405658479030144,0.5334683642405205,0.8835022788111215,1.176259740856019,2.927574620448974,0.5866207996822115,252.74918210212883,106.92535066416191,0.5758200917111951,0.0,286.36839968466614,98110.35599330605,1.1935144157334328,339.30925020890766,0.0,0.0,199.04586369712098,23643.07650174679
2.4453125,275.64789453797033,199.16793004577005,199.16793496273218,14.08014459568427,-0.03530109095847226,0.00014789043273690493,3.043632848666123e-06,5.4046584486379325,0.5324683338483089,0.8834083759031043,1.1762734196544862,2.9286504375138187,0.5869911636385015,236.14522123410578,107.05241862130529,0.5758846721949293,0.0,286.35828868550317,98092.11213547715,1.1933346127003517,339.3031229434149,0.0,0.0,199.16793496273263,23668.518944213774
2.453125,277.20428532816567,199.2632045176212,199.2632094737182,10.311019785532629,-0.03564757475294548,0.00014978659802757972,5.825229661905966e-06,5.403733892237586,0.5315437774479624,0.883321529086777,1.1762831305825212,2.929616014957442,0.5872825695010403,215.8514912842998,107.14816588683475,0.5759355117117437,0.0,286.3481721453669,98073.85827975113,1.1931546984244294,339.2969923200924,-0.00026725683719890824,-9.32192303920682e-05,199.2632094737186,23687.596810997748
2.4609375,278.76131241823805,199.33171761247314,199.3317226054786,7.229101875984271,-0.035995460147403305,0.0001517240093722121,8.532421034291589e-06,5.4028848098291045,0.530694695039481,0.8832417456240548,1.1762898235667327,2.9304807794267793,0.5874951157868626,199.24753041627676,107.21259019836572,0.5759726081438716,0.0,286.3380514692814,98055.59696129388,1.1929746978732685,339.29085919038454,-0.0002379381529209982,-8.066519672531692e-05,199.3317226054791,23700.3127409749
2.46875,280.3187807552705,199.37616904343216,199.37617407129673,4.151266930727617,-0.03634464685652065,0.00015370027336861927,1.095067063208486e-05,5.402103654013302,0.529913539223678,0.8831683226875784,1.1762939261926642,2.9312560350508576,0.5876367539663314,182.64356954825368,107.2488275382823,0.5759973357603373,0.0,286.3279279250907,98037.33046774924,1.1927946335814588,339.284724322605,-0.0001924316131744748,-0.00010567881851005407,199.37617407129719,23707.3055208778
2.4765625,281.8765163745542,199.4019248028225,199.40192986360188,2.4427331029861232,-0.03669504088172219,0.00015570630654389178,1.2975848687416556e-05,5.401375329991804,0.5291852152021805,0.8830998464223927,1.1762961118158088,2.9319626539341614,0.5877232948969278,173.41914684379643,107.26315418668769,0.5760124470975527,0.0,286.31780264356536,98019.06083943171,1.1926145256516216,339.27858840200065,-0.0001375247960431328,-9.823784756165546e-05,199.4019298636024,23709.850378512656
2.484375,283.43440109364866,199.41434166850175,199.41434676077574,0.7366748393813403,-0.037046565707569874,0.00015772697228786113,1.4370684799861422e-05,5.40068474296624,0.5284946281766156,0.8830349010917472,1.1762971344181083,2.932622333263611,0.5877705238002222,164.1947241393392,107.26184564505546,0.576020694852489,0.0,286.30767639289127,98000.78946242327,1.1924343877417456,339.2724518940921,-5.481123191874499e-05,-8.506057919042474e-05,199.41434676077623,23709.221638852723
2.4921875,284.99233424857323,199.414771970308,199.41477709293227,0.6262048985853363,-0.03739916565199238,0.0001597478939977852,1.5042498964572648e-05,5.400028119237014,0.5278380044473899,0.8829731343879086,1.176297203246353,2.933240688584444,0.587782423899299,156.81518597577337,107.2464900605878,0.5760227731084737,0.0,286.2975498273843,97982.51751734372,1.1922542314878117,339.2663151953949,-2.9209350315356148e-05,-9.569683878727702e-05,199.4147770929328,23705.741897395856
2.5,286.55022573221237,199.4032318054348,199.40323695784005,2.3279435170376215,-0.03775279660769017,0.00016175617430279568,1.570667213901655e-05,5.399405458804127,0.5272153440145035,0.8829145486361119,1.1762958979751255,2.933813493390136,0.5877590401117615,147.59076327131612,107.21711322388893,0.5760186893568224,0.0,286.2874235327406,97964.2460609985,1.1920740673081902,339.2601786608408,9.694355041125677e-05,-7.115090578955226e-05,199.40323695784048,23699.416461147775
2.5078125,288.10798209407295,199.38107313616285,199.38107831788963,3.344518612583792,-0.038107425346151004,0.00016375576088146425,1.5185650475370258e-05,5.398812987967987,0.5266228731783631,0.8828587908588241,1.1762940689757218,2.9343527811689762,0.5877043549885496,142.05610964864175,107.17530831655901,0.5760091397279137,0.0,286.2772981163885,97945.97618940531,1.1918939060108895,339.2540426585315,0.0002039883985588158,-0.0001184653106796747,199.38107831789011,23690.56860982939
2.515625,289.66553433235646,199.35097808702866,199.35098329866415,4.35963036268099,-0.03846304391613781,0.00016573462599410536,1.39834913457009e-05,5.398243159329406,0.5260530445397822,0.8828051524055599,1.1762917285855956,2.934865761800357,0.5876262724539104,136.5214560259674,107.12422622218472,0.5759955056742343,0.0,286.26717402683965,97927.7087118396,1.1917137555790789,339.24790746026486,0.00027875070005671027,-0.00013193937984920049,199.35098329866457,23679.837673895312
2.5234375,291.22281701385856,199.31162386124996,199.3116291039236,5.71476735705089,-0.038819672794055404,0.00016767231962426217,1.2357600449145212e-05,5.397699746587978,0.5255096317983541,0.882753989953353,1.1762885738189202,2.935345838655672,0.5875208915197337,129.14191786240158,107.06232958666796,0.5759771077304425,0.0,286.2570516894099,97909.44439572321,1.1915336235853888,339.24177332378235,0.00031843669692629235,-0.00015758655237826073,199.31162910392405,23666.91136485245
2.53125,292.7797578562837,199.26435930467852,199.2643645795863,6.3848376240852875,-0.039177339517827224,0.00016955019928323634,1.0397967925824038e-05,5.397178976044109,0.5249888612544854,0.8827049496024132,1.1762847081967207,2.935797585943075,0.5873921863458521,125.4521487806187,106.99120973533311,0.575954641936875,0.0,286.24693157393415,97891.18408880633,1.1913535183969142,339.2356405338041,0.000368419399972021,-0.0001396819422827723,199.26436457958675,23652.112354785295
2.5390625,294.3363090054739,199.21186368123298,199.21186898992977,7.053919079272846,-0.03953608224675319,0.0001713581063529933,8.141954114383985e-06,5.396673300298613,0.5244831855089898,0.882657321653816,1.1762804191385297,2.936230974847136,0.587248053429778,121.7623796988358,106.91401153882694,0.575929488696645,0.0,286.2368139914644,97872.92835233803,1.1911734455569958,339.22950927882744,0.0003801504714776198,-0.00013865195547637553,199.21186898993025,23636.07871396101
2.546875,295.89242614769427,199.15281002092027,199.15281536500765,8.063607057831343,-0.03989594457224638,0.00017309677296286477,5.785105965564828e-06,5.3961864930510846,0.5239963782614604,0.8826114624344643,1.176275440203984,2.936639777695196,0.5870845798468326,116.22772607616145,106.82919428128113,0.5759009672713127,0.0,286.22669923003997,97854.67770604417,1.190993410200914,339.2233797334042,0.00041208166888283146,-0.00020473711332697777,199.15281536500817,23618.497341489045
2.5546875,297.4480511352813,199.08587406245866,199.08587944367335,9.071784727787026,-0.040256973019204896,0.00017477005231712837,3.2450336429648808e-06,5.395722328001114,0.5235322132114906,0.8825677284955035,1.176269669778307,2.9370194128280356,0.5868978602815443,110.69307245348709,106.73522474596444,0.5758683992413349,0.0,286.2165876676207,97836.4328318994,1.1908134190660882,339.21725212657816,0.0,0.0,199.08587944367386,23599.05650790439
2.5625,299.0031293876213,199.01373750328733,199.01374292362812,9.395135028659285,-0.04061921819686242,0.0001763886014476208,1.936348418742157e-06,5.395273257749517,0.5230831429598937,0.8825254096365361,1.17626258336844,2.9373717373190376,0.5866957987945879,108.84818791259563,106.63524876116473,0.5758331662315154,0.0,286.2064796589804,97818.19437004282,1.1906334784790735,339.21112667334216,0.0,0.0,199.01374292362863,23578.39449726907
2.5703125,300.5576307330314,198.9377416108754,198.93774707260775,10.059689564056068,-0.04098274387796194,0.00017796970409329174,4.471887879720543e-06,5.3948355085967,0.5226453938070765,0.8824841508584315,1.17625279549927,2.937686446408386,0.5864823485039835,105.15841883081274,106.53084195753516,0.5757959597903074,0.0,286.1963754002353,97799.96267433774,1.1904535919435117,339.2050034925426,0.0,0.0,198.9377470726083,23556.830919052012
2.578125,302.111518090147,198.8565578037961,198.8565633091516,10.723242395549033,-0.04134761492568781,0.0001795305213647078,7.397507345628556e-06,5.3944128542422565,0.5222227394526324,0.8824443084430007,1.176242192414719,2.9379788397171835,0.5862535917233495,101.46864974902982,106.42046529667213,0.5757560994332727,0.0,286.18627513241404,97781.73817968644,1.1902737637637013,339.1988827302429,-0.0004668396828478576,-0.0001168426160521341,198.8565633091521,23534.052846753944
2.5859375,303.6647544366152,198.77152916008166,198.77153471097645,11.044056716146388,-0.04171389055037108,0.00018109119534339587,9.871825292808493e-06,5.394001520986592,0.5218114061969681,0.8824055272399401,1.1762314256021966,2.9382589836225645,0.5860134870066305,99.62376520813838,106.30569542631056,0.5757142774736869,0.0,286.176179096162,97763.52132029903,1.1900939982383183,339.19276453227417,-0.00041932438644272656,-6.499591012483937e-05,198.7715347109769,23510.38013273688
2.59375,305.21730279957535,198.67865464252685,198.67866024040057,12.73143304037358,-0.04208161554749436,0.0001826679787091265,1.1814967114370572e-05,5.393612829928487,0.5214227151388633,0.8823688753463028,1.176220087222458,2.9385121187615515,0.5857502375173629,90.39934250368113,106.18188676006358,0.5756684426455378,0.0,286.16608753180276,97745.31252980523,1.1899142996615162,339.1866490442725,-0.00035256185449972005,-6.334609240576728e-05,198.678660240401,23484.868537047296
2.6015625,306.7690741121496,198.57260765875574,198.57261330439806,14.416200438655135,-0.04245080857771498,0.0001842788299252573,1.3173418727941046e-05,5.3932618758663144,0.521071761076691,0.8823357773504233,1.1762076053760069,2.938718280255835,0.5854481371039956,81.17491979922386,106.0428684534328,0.5756158673086939,0.0,286.156001018271,97727.11285281026,1.1897346783588745,339.1805366170722,-0.0002940657172335469,-3.2108427222298674e-05,198.5726133043985,23456.26327915632
2.609375,308.3199655443205,198.45340868797237,198.4534143817079,16.09833492007225,-0.042821467265363865,0.00018593699889819345,1.4160494374383595e-05,5.392948658800075,0.5207585440104511,0.8823062346409337,1.176193863121636,2.9388762848070225,0.5851072433537013,71.9504970947666,105.88870431597796,0.575556571328187,0.0,286.14592022396187,97708.92349533788,1.1895551462521583,339.17442765572093,-0.00025225740385817307,-2.3116532897438613e-05,198.45341438170828,23424.575813352058
2.6171875,309.86987442678793,198.32107839357326,198.32108413551632,17.777813350553835,-0.04319357880921948,0.00018764943615064679,1.5021553068826741e-05,5.392673178729767,0.5204830639401438,0.8822802484575324,1.176178725499494,2.9389847704196157,0.5847276144066316,62.72607439030935,105.71946224188949,0.5754905759069642,0.0,286.13584581622587,97690.74566152695,1.1893757152478752,339.1683225646329,-0.0002449914664198193,1.6016551682376936e-05,198.32108413551668,23389.818234966973
2.625,311.4186947737133,198.17430198526117,198.1743077756581,19.796443414164877,-0.043567128628049866,0.00018942451623561783,1.570190018992059e-05,5.392439209354986,0.5202490945653622,0.8822581759152954,1.1761620840236078,2.9390390810831235,0.5843053708827872,51.65676714496064,105.53366622389645,0.5754172196491186,0.0,286.12577848397086,97672.58059441372,1.1891963976398627,339.16222176128633,-0.00020310448703386355,-1.9149531668604063e-05,198.17430777565855,23351.688515753936
2.6328125,312.9663068593737,198.01176776315634,198.01177360204272,21.8118070415451,-0.0439420994507447,0.00019126823864543647,1.59172094652773e-05,5.392250524375323,0.5200604095856997,0.8822403740827774,1.176143968160102,2.9390359407732456,0.5838366421460566,40.58745989961193,105.32985527186177,0.5753358459440227,0.0,286.11571900541406,97654.4296981803,1.189017207316329,339.15612571728093,-0.000135006047992431,-2.1656582702256805e-05,198.01177360204312,23309.88718527753
2.640625,314.5125946336525,197.83617280181574,197.83617868886986,23.140172006031033,-0.04431846586787088,0.00019318581701672182,1.4828534762098696e-05,5.392099576391593,0.5199094616019696,0.8822261317197336,1.176125188911939,2.938990571922054,0.5833293773747932,33.207921736046124,105.11121533186021,0.5752478514353498,0.0,286.1056681348812,97636.29433390006,1.1888381577437397,339.15003488973804,-6.528584249272396e-06,-6.098843860848011e-05,197.83617868887026,23265.059629675354
2.6484375,316.0574665768745,197.64887271237882,197.64887864663137,24.808223458377586,-0.044696186495739545,0.00019517836463490867,1.375859000266028e-05,5.391982591704203,0.5197924769145789,0.8822150933398945,1.176105129841902,2.9389003650200762,0.582787571050371,23.98349903158887,104.87937158140694,0.5751539445505951,0.0,286.09562646725027,97618.17557494543,1.1886592595515613,339.1439496391537,6.448629399246222e-05,-5.151150368403449e-05,197.64887864663174,23217.534076088476
2.65625,317.60083131935806,197.45122327629278,197.45122925669793,25.7897885818189,-0.04507521165616986,0.00019724418280469677,1.2709773336435018e-05,5.391895796613558,0.5197056818239341,0.8822069032646855,1.1760839521849955,2.9387704892030997,0.5822152184514996,18.448845408914515,104.63594393239575,0.5750548325150494,0.0,286.08559459642413,97600.07449292966,1.1884805233548408,339.137870325433,0.00013776849736965403,-8.323109692305394e-05,197.45122925669833,23167.637912497685
2.6640625,319.14263242415416,197.2499189704065,197.249924996212,25.74414945932052,-0.045455497213171034,0.0001993830385115895,1.0390747558935951e-05,5.391820322621693,0.519630207832069,0.8821997812458224,1.1760631757360744,2.93863394490252,0.5816320576298611,18.448845408914515,104.38869018563803,0.5749539431008839,0.0,286.07557288924295,97581.99174976358,1.1883019557256014,339.1317971708812,0.00019974573151155866,-6.619599523167488e-05,197.24992499621237,23116.948725306527
2.671875,320.6828761468675,197.05431386246033,197.05431993228473,24.331164561113933,-0.04583700291583373,0.0002015945613521177,7.684391719598801e-06,5.391729753831455,0.519539639041831,0.8821912345599927,1.176043326443499,2.9385209188350636,0.5810656709670099,25.82838357248032,104.14837941660683,0.5748560467410767,0.0,286.0655613050453,97563.92727207941,1.1881235559760073,339.12573015085746,0.00024909208058269657,-9.180346102442032e-05,197.05431993228513,23067.65943665589
2.6796875,322.2216208837695,196.86439478352506,196.86440089529685,24.288151700391072,-0.046219676039777655,0.00020387695869288804,4.869260813443532e-06,5.391624090242844,0.51943397545322,0.8821812630636174,1.1760242333252606,2.938429702616432,0.5805160209530119,25.82838357248032,103.91496699204909,0.574761128984768,0.0,286.05555946425545,97545.88037498677,1.1879453173781287,339.1196690353388,0.0,0.0,196.8644008952972,23019.76222117873
2.6875,323.7588866683948,196.67614707158876,196.67615322333452,23.903385301594096,-0.04660344881617894,0.00020622249348014148,2.5057444589319947e-06,5.39151465295464,0.5193245381650158,0.8821709350303387,1.1760051157345064,2.9383418070416765,0.5799712699561156,27.673268113371773,103.68382330566293,0.57466714059043,0.0,286.0455672366554,97527.85082352586,1.1877672376462804,339.1136137454132,0.0,0.0,196.67615322333495,22972.314692988017
2.6953125,325.2946830646308,196.486894903752,196.48690109376403,24.545013610372,-0.0469882603931478,0.0002086174596138082,2.669512980014929e-06,5.391408989366028,0.5192188745764048,0.8821609627382904,1.1759844524254692,2.9382348968717884,0.5794235275528324,23.98349903158887,103.45187730846963,0.5745727197446457,0.0,286.0355845600799,97509.83850552833,1.1875893157070523,339.10756424340843,0.0,0.0,196.48690109376446,22924.69110179417
2.703125,326.8289709194353,196.28862623612025,196.28863246209136,26.21132932586064,-0.047374038112697386,0.00021104624753215116,5.065342850030201e-06,5.3913297416745705,0.5191396268849465,0.8821534832627325,1.1759615351713582,2.938080519086257,0.5788491660739838,14.759076327131611,103.20997731386466,0.5744738003625365,0.0,286.02561168902366,97491.84388019373,1.187411556131142,339.10152068354836,0.0,0.0,196.28863246209175,22875.024833131065
2.7109375,328.3616624558147,196.07868616583005,196.0786924256255,27.532983287147093,-0.04776069627751868,0.0002134903272407367,7.548169928346482e-06,5.391284457279451,0.5190943424898276,0.8821492091779756,1.1759373458113351,2.9378813663335954,0.5782403541707748,7.3795381635658055,102.95513987371736,0.5743690484640459,0.0,286.01564919403717,97473.8679769991,1.1872339691245493,339.09548341158654,-0.00021007266848906258,-0.00010516445111796616,196.0786924256259,22822.705313796156
2.72265625,330.6575618685242,195.75420366280318,195.75420997046467,27.845265013014522,-0.048342187445810834,0.00021715450590415277,1.0850542234439006e-05,5.391256154532502,0.5190660397428781,0.8821465378385411,1.17590039465756,2.9375385681901878,0.5772988446518037,5.304043055062923,102.56277662048095,0.574207256818714,0.0,286.0007258478546,97446.94092442011,1.186967929042997,339.0864398637999,-0.00016812658224103373,-2.4556802849979176e-05,195.754209970465,22742.133838111546
2.740234375,334.09422768505334,195.26062672841073,195.2606331026232,28.312599568778474,-0.04921748265571818,0.0002225745794225336,1.3875997788576186e-05,5.391213700412078,0.5190235856224541,0.8821425307767993,1.175845675662997,2.937031448861976,0.5758662266102821,2.1908003923085984,101.96832983191958,0.5739615471372763,0.0,285.97838752004714,97406.63459365237,1.1865696494071625,339.0729028371486,1.526175414339835e-05,-3.7031078048586556e-06,195.2606331026236,22620.001330157695
2.7421875,334.47554206167183,195.20527805147387,195.20528443284994,28.364445867206054,-0.049314947708827044,0.0002231667467496391,1.4054773342330628e-05,5.391208983287586,0.5190188684979625,0.8821420855438212,1.1758396576643022,2.9369757212048095,0.5757055415153322,1.8448845408914514,101.90184751570268,0.5739340236685251,0.0,285.9759089765991,97402.16241503187,1.186525454557165,339.07140083981903,2.52508231548956e-05,2.1558216012494127e-06,195.20528443285028,22606.337370842237
2.7451171875,335.0473108241817,195.1222061825691,195.12221257463906,28.345956115121858,-0.04946122169578025,0.00022405185752185147,1.4321977268293718e-05,5.391206153012892,0.5190160382232676,0.8821418184036603,1.1758306351780234,2.9368881677436307,0.5754643657665058,1.8448845408914516,101.80212272681416,0.5738927266423495,0.0,285.9721924796428,97395.45652563362,1.1864591843516563,339.06914864266355,4.920069300448109e-05,-1.590704470142316e-05,195.12221257463946,22585.839148078412
2.75,335.9997181837511,194.98387333067103,194.98387974043465,28.315191813838474,-0.049705213388904865,0.00022551872092171373,1.4764652228358402e-05,5.3912014358884,0.519011321098776,0.8821413731694357,1.1758156369056718,2.9367426373623604,0.5750627501429627,1.8448845408914514,101.63619504557268,0.5738239932419804,0.0,285.9660018318056,97384.28638337662,1.1863487928398868,339.0653971100742,9.514352064214174e-05,-2.2881647870290978e-05,194.98387974043501,22551.72734916963
2.7578125,337.5221660828509,194.76285274953077,194.7628591873909,28.266103821006542,-0.050096116324070815,0.00022784428459157383,1.4254913745384391e-05,5.391193888489213,0.5190037736995895,0.8821406607930558,1.175792455443655,2.936517946505992,0.5744210574298049,1.8448845408914514,101.37143723207403,0.5737142660727657,0.0,285.9561059204614,97366.43062088071,1.1861723192143365,339.0594001877996,0.0001891942929612126,-3.497099059784766e-06,194.76285918739123,22497.283047520334
2.765625,339.0428852755099,194.5408790700248,194.5408855363884,28.559092033386772,-0.05048765660990053,0.00023014337160727372,1.3244014256202212e-05,5.39119011478962,0.5189999999999962,0.8821403046041179,1.1757695458624144,2.936292412582966,0.5737765194380822,0.0,101.10606275816494,0.5736041682254304,0.0,285.9462212457092,97348.59513321433,1.1859960337768856,339.0534100748998,0.000259037481526991,3.261735283558247e-05,194.54088553638877,22442.695541002766
2.77734375,341.320701899586,194.20663585813938,194.20664236974312,28.48514277637108,-0.0510762108553903,0.00023355404825364288,1.0369184775574043e-05,5.39119011478962,0.5189999999999962,0.8821403046041179,1.1757359947340829,2.93595690129965,0.5728058647874245,0.0,100.70742296277007,0.573438583289708,0.0,285.9314154376527,97321.88016144236,1.1857319609777364,339.04443775521753,0.00040372058404796927,0.00011267382277151181,194.2066423697435,22360.66371537579
2.794921875,344.7300952885676,193.7068904030702,193.70689698983014,28.374919152100365,-0.05196213533462971,0.00023866394657719216,4.8156809100712786e-06,5.39119011478962,0.5189999999999962,0.8821403046041179,1.1756869113907602,2.9354660678664235,0.5713545142793125,0.0,100.11323587176446,0.5731914871295252,0.0,285.9092543806243,97281.89369054587,1.1853366506376746,339.03100815465837,0.0,0.0,193.70689698983045,22238.315413833876
2.814921875,348.5985664238098,193.1406377477175,193.14064443104243,28.2505207629968,-0.052975315539759774,0.0002447290020908347,5.345572210014121e-06,5.39119011478962,0.5189999999999962,0.8821403046041179,1.1756277692279504,2.9348746462383257,0.5697099114014846,0.0,99.44263506416719,0.5729122005890583,0.0,285.88410931824524,97236.523007021,1.1848880371998525,339.0157702468566,-0.00034903305404933055,0.0003570445996685764,193.14064443104274,22100.122013319837
2.834921875,352.4557373147082,192.5768624210792,192.5768692133504,28.12718624694662,-0.05399481374863186,0.0002513783215885309,1.0219991577560588e-05,5.39119011478962,0.5189999999999962,0.8821403046041179,1.175566848985737,2.934265443816191,0.5680723938654361,0.0,98.77777174504509,0.5726348680294188,0.0,285.8590377074544,97191.284856425,1.184440655635498,339.0005768507174,-0.00023227232885218453,7.226887873644175e-05,192.57686921335076,21962.99457368385
2.854921875,356.3016572958846,192.01554327143216,192.01555017758346,28.004902172262565,-0.055021253229293195,0.0002589306162166745,1.168332763053302e-05,5.39119011478962,0.5189999999999962,0.8821403046041179,1.1755087168162581,2.9336841221214027,0.5664419011745325,0.0,98.11857812040171,0.572359469408481,0.0,285.83403922757674,97146.17866014547,1.183994500889987,338.98542777191153,-9.317499318753947e-05,9.36808361635653e-06,192.01555017758375,21826.921757905355
2.874921875,360.13637528144056,191.45665939510272,191.45666641431384,27.883656894309926,-0.0560546553491369,0.00026759046004684237,1.1363188214130927e-05,5.39119011478962,0.5189999999999962,0.8821403046041179,1.1754524068863366,2.933121022822187,0.5648183735460613,0.0,97.4649875545158,0.5720859849592738,0.0,285.8091135606706,97101.20384450193,1.1835495679518317,338.9703228177664,-5.417598177394027e-05,7.252269127019378e-05,191.45666641431416,21691.892386868243
2.894921875,363.95993976979963,190.90019012825675,190.9001972588938,27.76343847230883,-0.05709483694822309,0.000277363351599194,9.16240885642108e-06,5.39119011478962,0.5189999999999962,0.8821403046041179,1.1753979703033797,2.932576656992618,0.5632017518969364,0.0,96.81693442495661,0.5718143951847009,0.0,285.7842603914963,97056.35984068918,1.1831058518521858,338.95526179724675,8.435998529029947e-05,4.296164613445952e-05,190.9001972588941,21557.8954363809
2.914921875,367.7723988485385,190.34611504985523,190.34612228838333,27.64423484467859,-0.05814153988319876,0.00028806561137584427,4.815934501037065e-06,5.39119011478962,0.5189999999999962,0.8821403046041179,1.175345557276511,2.9320525267239317,0.5615919778349789,0.0,96.1743541272987,0.5715446808532691,0.0,285.7594794074845,97011.64608472053,1.1826633476643489,338.9402445209356,0.0,0.0,190.3461222883836,21424.920034666986
2.934921875,371.57380019921175,189.79441397774724,189.79442131737622,27.52603456516741,-0.05919431412791946,0.00029934665910230743,2.8175806572110577e-06,5.39119011478962,0.5189999999999962,0.8821403046041179,1.1752925125072746,2.9315220790315677,0.5599889936469381,0.0,95.53718307314209,0.5712768229943246,0.0,285.7347702987051,96967.06201737124,1.1822220505032723,338.9252708010153,0.0,0.0,189.79442131737653,21292.955459644712
2.954921875,375.36419110204065,189.24506695873646,189.245074394318,27.408826537642586,-0.06025261042638693,0.0003106985373414667,5.706288731681877e-06,5.39119011478962,0.5189999999999962,0.8821403046041179,1.1752373332413,2.930970286371821,0.5583927422879578,0.0,94.90535856812357,0.5710108028935957,0.0,285.71013275783673,96922.60708412353,1.1817819555250764,338.91034045124906,-5.772203423995751e-05,-0.00015725530606184495,189.24507439431835,21161.991136356413
2.974921875,379.14361844047056,188.6980542703647,188.6980617987458,27.29259901807924,-0.06131611173509348,0.00032177805985297907,8.931589952417853e-06,5.39119011478962,0.5189999999999962,0.8821403046041179,1.1751826963558665,2.930423917517486,0.5568031673737571,0.0,94.27881885016758,0.5707466020892451,0.0,285.6855664801369,96878.28073511319,1.181343057926587,338.89545328696295,-0.00010784789472860334,-0.00012071550878829947,188.69806179874612,21032.016634641415
2.994921875,382.91212870580284,188.15335641837615,188.15336403767228,27.177340874320755,-0.062384557491788485,0.00033217035196914015,1.1140439373448233e-05,5.39119011478962,0.5189999999999962,0.8821403046041179,1.1751293937411673,2.9298908913704946,0.5552202131702811,0.0,93.65750307560127,0.5704842023675516,0.0,285.66107116341226,96834.08242507516,1.180905352944857,338.88060912502783,9.697720160719252e-06,-0.0001833782407809271,188.15336403767267,20903.021666651188
3.014921875,386.6697680016758,187.6109541311845,187.610961842469,27.063040936784265,-0.06345787789644844,0.0003415333997534551,1.117581129064018e-05,5.39119011478962,0.5189999999999962,0.8821403046041179,1.1750781017539795,2.929377971498617,0.553643824584817,0.0,93.04135129597361,0.5702235857588935,0.0,285.6366465079891,96790.011613291,1.1804688358567095,338.86580778384143,0.000129365876445333,-0.00019593510569764305,187.6109618424694,20774.996084511302
3.034921875,390.41658204851257,187.07082835748156,187.0708361655516,26.949688417026422,-0.06453620625504752,0.0003497806308565488,8.567804867925602e-06,5.39119011478962,0.5189999999999962,0.8821403046041179,1.1750290917618542,2.9288878715773636,0.5520739471565225,0.0,92.43030448640923,0.5699647345336847,0.0,285.61229221668464,96746.06776353679,1.1800335019782802,338.8510490833109,0.0001851302550281784,-0.0002880152932930804,187.07083616555198,20647.92987797314
3.0549218750000002,394.1526161878769,186.53296026300757,186.53296817621506,26.837272426251385,-0.0656199554734539,0.000357042298376473,5.490284259714017e-06,5.39119011478962,0.5189999999999962,0.8821403046041179,1.1749810766264517,2.9284077202233383,0.5505105270444386,0.0,91.82430456235728,0.5697076311979522,0.0,285.58800799477876,96702.25034403196,1.1795993466645704,338.83633284483597,3.7771351205510584e-05,-0.00047521999029428086,186.53296817621546,20521.813171912236
3.0749218750000002,397.8779153792971,185.99732974917134,185.99733777700135,26.72600064695266,-0.06670969922767223,0.0003637138700075976,6.912709547803343e-06,5.39119011478962,0.5189999999999962,0.8821403046041179,1.1749311209801852,2.927908163760673,0.5489535066489404,0.0,91.22447313002516,0.5694596263468091,0.0,285.5637935500345,96658.55882747658,1.1791663653098767,338.8216588913209,-0.0003654063204892459,-0.0002429888182454946,185.99733777700175,20396.63589939901
3.0949218750000003,401.5925241398702,185.46391379241376,185.46392194185933,26.615744568723066,-0.06780593669867128,0.0003704505869124179,1.0946573951333554e-05,5.39119011478962,0.5189999999999962,0.8821403046041179,1.1748803322436985,2.9274002763958062,0.5474028197057014,0.0,90.63011935278962,0.569216882280757,0.0,285.5396485930908,96614.99269175972,1.1787345533548705,338.80702704741304,-0.0002489080169913758,-0.00010322798521002645,185.46392194185972,20272.387442255418
3.1149218750000003,405.2964865725866,184.9326939708264,184.9327022443539,26.506385706921836,-0.06890893079351125,0.0003778179527813731,1.181769185793435e-05,5.39119011478962,0.5189999999999962,0.8821403046041179,1.174832109158989,2.926918045548712,0.5458584135048644,0.0,90.04060839612117,0.5689757877490562,0.0,285.51557283727817,96571.55141962721,1.1783039062833693,338.7924371393906,-8.032506991541944e-05,-0.00015261934654899116,184.93270224435426,20149.05828098936
3.1349218750000003,408.9898464212513,184.40365242610983,184.40366081918498,26.39791432350931,-0.0700184689300514,0.00038618457166631794,1.1419297578237686e-05,5.39119011478962,0.5189999999999962,0.8821403046041179,1.1747853302746525,2.9264502567053463,0.5443202369737179,0.0,89.4558861179607,0.5687363266069905,0.0,285.4915659982618,96528.23449803752,1.1778744196160098,338.7778889949467,-2.1069124700312086e-05,-0.00014498155399165577,184.4036608191853,20026.6391004742
3.1549218750000003,412.6726470744348,183.8767714961384,183.87678000011928,26.290320867406088,-0.07113408400000835,0.0003957571829231803,9.28092361476682e-06,5.39119011478962,0.5189999999999962,0.8821403046041179,1.174740267717314,2.9259996311319614,0.5427882396084066,0.0,88.87589913542752,0.568498482920744,0.0,285.46762779401615,96485.04141811543,1.177446088909845,338.7633824431738,0.00011858632360416974,-0.00023999061433106102,183.8767800001197,19905.12070887101
3.1749218750000003,416.3449315694395,183.35203371266255,183.35204231735375,26.183596277614928,-0.0722550443579539,0.0004063517917649451,8.718567415744812e-06,5.39119011478962,0.5189999999999962,0.8821403046041179,1.1746949613552322,2.9255465675111436,0.5412623714664191,0.0,88.30059490591029,0.5682622409640855,0.0,285.4437579447986,96441.97167510551,1.1770189097579378,338.74891731454795,3.784179652311631e-05,-0.0002689847172563436,183.35204231735415,19784.494035665506
3.1949218750000004,420.0067425960853,182.82942179615893,182.82943049428098,26.077731362718794,-0.07338070742976566,0.00041747387589536103,1.0571153035505676e-05,5.39119011478962,0.5189999999999962,0.8821403046041179,1.1746489114178225,2.925086068137046,0.5397425831573086,0.0,87.7299215919047,0.5680275852148213,0.0,285.4199561731254,96399.02476832771,1.1765928777889736,338.734493440914,2.4009294292309496e-06,-0.0002771508317604658,182.82943049428133,19664.750129604166
3.2149218750000004,423.6581225004916,182.30891865594717,182.30892744565773,25.972716773903127,-0.0745107236255583,0.0004284775277982188,1.1362846246807684e-05,5.39119011478962,0.5189999999999962,0.8821403046041179,1.1746041620381538,2.924638574340359,0.5382288258375477,0.0,87.16382803376676,0.5677945003519301,0.0,285.3962222037468,96356.20020113302,1.176167988666874,338.72011065547053,0.0001290548785854311,-0.00022758390201729815,182.30892744565813,19545.88015696035
3.2349218750000004,427.29911328885186,181.79050739093063,181.7905162749229,25.868542622022744,-0.07564511260971646,0.0004389114412366366,1.0846581743537314e-05,5.39119011478962,0.5189999999999962,0.8821403046041179,1.174560853858202,2.924205492540841,0.5367210512028684,0.0,86.60226385362888,0.5675629712523486,0.0,285.3725557636224,96313.49748085918,1.1757442380904113,338.7057687927552,8.848934684624943e-05,-0.00016593698126523063,181.79051627492325,19427.875399641653
3.2549218750000004,430.9297566312394,181.27417128881663,181.274180270893,25.765199680309404,-0.07678404362120994,0.0004485655688627418,9.850512888911094e-06,5.39119011478962,0.5189999999999962,0.8821403046041179,1.1745184936742967,2.9237818907017887,0.5352192114787634,0.0,86.04517941953841,0.5673329829875158,0.0,285.3489565818969,96270.91611878606,1.1753216217928155,338.69146768862953,8.542717763016117e-05,-0.0003139764127718835,181.27418027089337,19310.727253191097
3.2749218750000004,434.5500938652967,180.75989381778214,180.75990290536419,25.66267889635186,-0.07792780516180019,0.0004572613890552482,7.898163664001757e-06,5.39119011478962,0.5189999999999962,0.8821403046041179,1.1744773575237997,2.923370529196818,0.533723259413655,0.0,85.49252578442554,0.5671045208203703,0.0,285.32542438987554,96228.45563009237,1.1749001355413977,338.6772071802646,0.00017380227262451487,-0.00027611599953496555,180.75990290536453,19194.42722500918
3.2949218750000004,438.16016599986193,180.24765863046852,180.24766783048497,25.560970846532467,-0.07907683463217789,0.0004651068059497799,4.117792395267038e-06,5.39119011478962,0.5189999999999962,0.8821403046041179,1.1744379545710055,2.9229764996688767,0.5322331482713852,0.0,84.94425470282772,0.5668775702022815,0.0,285.3019589210009,96186.11553381321,1.1744797751371783,338.6629871061266,0.0,0.0,180.2476678304853,19078.966932552066
3.3149218750000005,441.7600137186288,179.7374495569471,179.73745887561537,25.46006678741377,-0.08023144686736197,0.0004725486212554151,4.4447443784117e-06,5.39119011478962,0.5189999999999962,0.8821403046041179,1.1743967804922135,2.9225647588809567,0.5307488318221848,0.0,84.40031865903103,0.5666521167697891,0.0,285.2785599108289,96143.895352797,1.17406053641451,338.64880730596235,0.0,0.0,179.7374588756157,18964.338101446043
3.3349218750000005,445.3496773836317,179.229250603981,179.2292600451246,25.359958010609763,-0.08139194528928133,0.0004801451666912439,9.24405397746991e-06,5.39119011478962,0.5189999999999962,0.8821403046041179,1.1743536151946823,2.9221331059056443,0.5292702643364077,0.0,83.8606707682229,0.5664281463418045,0.0,285.25522709700635,96101.79461366471,1.1736424152407219,338.6346676207859,-0.0003030530614103737,-1.4574003907266708e-05,179.2292600451249,18850.53256382648
3.3549218750000005,448.92919703879943,178.7230459501452,178.7230555161584,25.260635954246496,-0.0825583971530985,0.0004885487729953791,1.371561838550781e-05,5.39119011478962,0.5189999999999962,0.8821403046041179,1.1743112841849277,2.9217097958080984,0.5277974005781738,0.0,83.32526476953578,0.5662056449168313,0.0,285.23196021924775,96059.81284676818,1.1732254075157544,338.62056789286413,-0.00030075550089157094,5.601851040876052e-06,178.72305551615872,18737.542256692675
3.3749218750000005,452.4986124133148,178.21881994540752,178.21882963651518,25.162091609756768,-0.08373085891896205,0.0004982668581163493,1.5170889701904666e-05,5.39119011478962,0.5189999999999962,0.8821403046041179,1.174271368017482,2.9213106341336426,0.5263301957993273,0.0,82.7940549897974,0.5659845986702696,0.0,285.20875901931345,96017.94958615066,1.1728095091718151,338.60650796570394,2.4165368472043865e-06,-5.583692058162275e-05,178.21882963651544,18625.35922030801
3.3949218750000005,456.05796292510183,177.7165571115337,177.716566922958,25.064316645399337,-0.08490911316927728,0.0005095385985179696,1.2586463190804814e-05,5.39119011478962,0.5189999999999962,0.8821403046041179,1.1742344655824366,2.9209416097831875,0.5248686057346812,0.0,82.26699643265403,0.5657649939519458,0.0,285.18562324098684,95976.20436950598,1.1723947161730213,338.592487684038,0.00014674714335468782,-6.379786423963739e-05,177.71656692295824,18513.975596712386
3.4149218750000006,459.6072876841587,177.21624213223174,177.21625205736777,24.967303464702933,-0.0860927078540135,0.000522146466470567,8.732589016867658e-06,5.39119011478962,0.5189999999999962,0.8821403046041179,1.1741989390353211,2.920586344312033,0.5234125865908794,0.0,81.74404485856044,0.565546817282717,0.0,285.16255263005297,95934.57673813938,1.1719810245150566,338.5785068938121,0.0002209910559853258,-0.00015479395444011488,177.2162520573681,18403.383627805822
3.4349218750000006,463.1466254957365,176.71785985154855,176.71786988414976,24.871044458476312,-0.08728124235279008,0.0005355882491269595,6.781943936185047e-06,5.39119011478962,0.5189999999999962,0.8821403046041179,1.1741629131107003,2.9202260850658246,0.5219620950389562,0.0,81.22515660563583,0.5653300553516738,0.0,285.1395469342777,95893.0662369303,1.1715684302248488,338.5645654421723,0.00013459628670185853,-0.00018734846269606684,176.71786988415005,18293.575653719607
3.4549218750000006,466.67601486356637,176.2213952711635,176.2214054085362,24.775531522367736,-0.08847437912214692,0.0005493281281468102,7.952949497716464e-06,5.39119011478962,0.5189999999999962,0.8821403046041179,1.1741256647590543,2.919853601549365,0.5205170882095405,0.0,80.71028855970363,0.5651146950137689,0.0,285.1166059033868,95851.67241429452,1.171156929360237,338.5506631774524,-4.7490531798358856e-05,-0.00033334129811714107,176.2214054085364,18184.544111394855
3.4749218750000006,470.19549399301155,175.72683355377163,175.7268437946302,24.680756858193664,-0.08967198321476515,0.0005627515812494654,1.0986451427591693e-05,5.39119011478962,0.5189999999999962,0.8821403046041179,1.1740879320224116,2.919476274182937,0.5190775236872905,0.0,80.19939819834322,0.564900723287364,0.0,285.0937292890454,95810.39482214714,1.1707465180096526,338.53679994916155,-6.607085997671162e-05,-0.00024750689013903663,175.72684379463044,18076.281533126385
3.4949218750000006,473.70510079425776,175.23416001658754,175.2341703636274,24.586712572530523,-0.09087401461881003,0.0005752979037241304,1.2291163895227757e-05,5.39119011478962,0.5189999999999962,0.8821403046041179,1.174051828247073,2.9191152364295525,0.5176433595058513,0.0,79.69244353485685,0.5646881273518806,0.0,285.0709168448373,95769.23301586519,1.1703371922917871,338.5229756079714,6.234169543480288e-05,-0.00027820780329684586,175.23417036362764,17968.780545162255
3.5149218750000006,477.2048728853756,174.7433601328725,174.74337059167377,24.493391064102607,-0.09208070154383012,0.0005866541033413711,1.1974193368622519e-05,5.39119011478962,0.5189999999999962,0.8821403046041179,1.1740172860177414,2.918769814136235,0.5162145541417333,0.0,79.18938320407919,0.5644768945453223,0.0,285.04816832624505,95728.18655425178,1.169928948355284,338.5091900057045,4.990368784396916e-05,-0.0003066151710998419,174.74337059167405,17862.033866247766
3.5349218750000007,480.69484759544,174.25441952880007,174.2544301071261,24.40078426139484,-0.09329239414267028,0.0005967704632173826,1.0987007209613665e-05,5.39119011478962,0.5189999999999962,0.8821403046041179,1.1739837400383857,2.9184343543426783,0.514791066506425,0.0,78.69017643276342,0.5642670123615665,0.0,285.0254834906296,95687.2549994994,1.1695217823784154,338.4954429953216,5.91989210100614e-07,-0.0002865110754281313,174.2544301071264,17756.03430606691
3.5549218750000007,484.1750619676012,173.7673239846079,173.76733468850992,24.30888461530148,-0.09450942305589866,0.0006057414753154518,9.377437010671122e-06,5.39119011478962,0.5189999999999962,0.8821403046041179,1.173951157911159,2.9181085330704115,0.5133728559405598,0.0,78.19478298749613,0.5640584684479922,0.0,285.0028620972106,95646.43791715398,1.169115690568766,338.4817344309096,1.715519236262135e-05,-0.00029093814859257853,173.7673346885102,17650.77476384725
3.5749218750000007,487.6455527620828,173.2820594280243,173.28207026263019,24.217684943127708,-0.09573206378467121,0.0006138519055984963,7.97155023920703e-06,5.39119011478962,0.5189999999999962,0.8821403046041179,1.1739190483069344,2.9177874370281653,0.5119598822085325,0.0,77.70316319134866,0.563851250603203,0.0,284.98030390704645,95605.7348760797,1.1687106691629292,338.46806416767015,-0.00011752218275636732,-0.00034803683634639765,173.28207026263044,17546.248227014505
3.5949218750000007,491.1063564591214,172.79861193128622,172.79862290214092,24.12717801305031,-0.09696054427925621,0.0006215808428259708,9.47261554677088e-06,5.39119011478962,0.5189999999999962,0.8821403046041179,1.1738858127446297,2.917455081405118,0.5105521054915132,0.0,77.21527792198926,0.5636453467745439,0.0,284.9578086830157,95565.14544842452,1.1683067144262025,338.4544320619075,-0.0002651431115401976,-0.00028497524533465225,172.79862290214118,17442.447769755614
3.6149218750000007,494.55750926185937,172.31696771374925,172.31697882387095,24.037356285345947,-0.09819506245003544,0.0006295001637033983,1.2407219015734368e-05,5.39119011478962,0.5189999999999962,0.8821403046041179,1.1738523160105512,2.9171201140643332,0.5091494863826914,0.0,76.7310885409673,0.5634407450559731,0.0,284.93537618979786,95524.66920958625,1.1679038226522922,338.4408379710175,-0.00023726424620767393,-0.0001579529622740503,172.31697882387127,17339.366551753683
3.6349218750000007,497.9990470992829,171.83711313862386,171.83712438726806,23.948212459193694,-0.09943559334073364,0.0006382254929604376,1.4373960085149102e-05,5.39119011478962,0.5189999999999962,0.8821403046041179,1.1738199703943948,2.9167966579027693,0.5077519858828684,0.0,76.25055690053242,0.5632374336860111,0.0,284.91300619385464,95484.3057381781,1.1675019901630121,338.4272817534759,-0.00011997144846773618,-0.00010930908657050767,171.8371243872684,17236.997816962983
3.6549218750000008,501.4310056290491,171.35903431992446,171.35904570205878,23.859856794343237,-0.10068191768745309,0.0006481429730319685,1.3994959259298295e-05,5.39119011478962,0.5189999999999962,0.8821403046041179,1.1737895845933195,2.9164927998920165,0.506359564241292,0.0,75.77427641257218,0.5630354008783868,0.0,284.8906984634112,95444.84994594028,1.1671109386968328,338.4137632688272,2.1886496181103596e-05,-4.406813710344345e-05,171.3590457020591,17135.477602028
3.674921875000001,504.85342019050455,170.88271355961936,170.88272506970327,23.772325592627695,-0.1019336648507862,0.0006593870045282233,1.1471571625383865e-05,5.39119011478962,0.5189999999999962,0.8821403046041179,1.1737610357440853,2.9162073113996745,0.5049721704395327,0.0,75.30244071470652,0.5628346333031524,0.0,284.8684527687617,95406.61288155672,1.1667344758209288,338.4002823778696,0.00015002857514307498,-3.3144562237381983e-05,170.88272506970355,17034.851718588463
3.694921875000001,508.266325799249,170.40813687268542,170.4081485051095,23.68544729962396,-0.10319047902927385,0.000671756492088403,7.780703779870468e-06,5.39119011478962,0.5189999999999962,0.8821403046041179,1.1737337438146016,2.9159343921048375,0.5035897644174547,0.0,74.83412477159906,0.5626351193111878,0.0,284.84626888230486,95368.4820563299,1.1663590003656967,338.3868389426767,0.00023262086953512707,-0.00016837158876018034,170.40814850510978,16934.912810370788
3.714921875000001,511.66975720662185,169.93529126829137,169.9353030163607,23.599215267438915,-0.10445198079584392,0.000684804165878225,6.799339601255343e-06,5.39119011478962,0.5189999999999962,0.8821403046041179,1.173705417979081,2.9156511337496305,0.5022123090365773,0.0,74.36929293486807,0.5624368477572302,0.0,284.82414657815696,95330.45708199908,1.165984508982188,338.3734328263631,1.3571109481433945e-05,-0.0003158690459704296,169.93530301636102,16835.65452930396
3.734921875000001,515.0637489054425,169.46416388400718,169.46417574265448,23.5136236353459,-0.10571778438609547,0.0006979452915599302,9.76918582296328e-06,5.39119011478962,0.5189999999999962,0.8821403046041179,1.1736753217563678,2.9153501715224994,0.5008397675330085,0.0,73.90790998215901,0.5622398076285487,0.0,284.8020856321146,95292.53757319185,1.1656109983463991,338.36006389306147,-8.183398449851997e-05,-0.0003443910514374035,169.46417574265482,16737.07060393166
3.754921875000001,518.4483351325318,168.99474183396222,168.99475380370544,23.428710663685074,-0.10698774441951613,0.0007105553363823409,1.2725661454106383e-05,5.39119011478962,0.5189999999999962,0.8821403046041179,1.1736456312606593,2.915053266565415,0.4994721030725176,0.0,73.45018309396569,0.562045840682432,0.0,284.7800858216385,95254.72314739595,1.165238465159028,338.3467320079129,-8.184530956564505e-05,-0.00027106718452097115,168.99475380370578,16639.154808956373
3.774921875000001,521.8235498516588,168.52701076549306,168.52702284900172,23.344494537217116,-0.10826192017834227,0.0007221606454274925,1.39830546649157e-05,5.39119011478962,0.5189999999999962,0.8821403046041179,1.1736173269099963,2.9147702230587846,0.498109274462592,0.0,72.9962120680841,0.56185601299601,0.0,284.7581469259642,95217.01342514982,1.1648669061473875,338.33343703713433,8.423867825111005e-06,-0.00019542518558595353,168.52702284900204,16541.900680137827
3.794921875000001,525.1894267513518,168.06095782917416,168.06097002963946,23.26089688532973,-0.10954043625616616,0.0007325467958945191,1.2548688892581571e-05,5.39119011478962,0.5189999999999962,0.8821403046041179,1.1735907916294175,2.9145048702529963,0.49675124493574124,0.0,72.54557540115047,0.5616673666810617,0.0,284.7362687261162,95179.408030067,1.1644963180656833,338.32017884802644,0.00015943186666493288,-0.0001738248777063632,168.06097002963978,16445.302099964607
3.814921875000001,528.5459992709592,167.59657071506516,167.59658303757683,23.177911791597456,-0.11082343750976321,0.0007417630626852605,8.718503745475053e-06,5.39119011478962,0.5189999999999962,0.8821403046041179,1.1735658493232222,2.914255447191043,0.4953979793107321,0.0,72.09823988610265,0.5614798913855839,0.0,284.71445100473875,95141.90658854504,1.1641266976921796,338.3069573088717,0.00022703482834569494,-0.00028177658717529934,167.59658303757715,16349.353105223287
3.834921875000001,531.8933006048379,167.1338372354571,167.13384968670232,23.09553298700731,-0.11211120723898578,0.0007501422536415248,4.774584113185304e-06,5.39119011478962,0.5189999999999962,0.8821403046041179,1.1735411520489076,2.914008474447898,0.4940494427546336,0.0,71.65417277715409,0.5612935768788354,0.0,284.69269354606854,95104.50872971864,1.1637580418287723,338.2937722889176,0.0,0.0,167.13384968670263,16254.047803506277
3.854921875000001,535.2313637048337,166.67274532583016,166.67275791145624,23.013754449269058,-0.11340401100946433,0.0007580718833944337,4.6572744376444e-06,5.39119011478962,0.5189999999999962,0.8821403046041179,1.1735143731450857,2.913740685409678,0.4927056007789,0.0,71.21334171579882,0.5611084130496551,0.0,284.6709961359186,95067.21408543199,1.1633903473007492,338.28062365836666,0.0,0.0,166.67275791145653,16159.380372214013
3.874921875000001,538.5602212826816,166.21328303987642,166.21329576554243,22.932570381487977,-0.11470209455088427,0.000765986701802143,8.227100995239106e-06,5.39119011478962,0.5189999999999962,0.8821403046041179,1.173485593113552,2.913452885094341,0.4913664192357175,0.0,70.77571473911198,0.5609243899048351,0.0,284.64935856166255,95030.0222902119,1.1630236109565586,338.2675112883675,-0.00032187187539044464,-5.8880794991648553e-08,166.21329576554277,16065.345057587254
3.894921875000001,541.8799058123716,165.75543854832128,165.75545142054048,22.851974865347202,-0.11600570088640232,0.000774183574244107,1.1916131678618017e-05,5.39119011478962,0.5189999999999962,0.8821403046041179,1.1734569154776333,2.9131661087351546,0.49003186431405316,0.0,70.34126028479868,0.5607414975674727,0.0,284.62778061221957,94992.93298124142,1.1626578296675811,338.2544350510051,-0.0002485123657236563,2.87417466259052e-05,165.75545142054082,15971.93617373222
3.914921875000001,545.1904495324964,165.29920014211288,165.29921316474366,22.77196139163615,-0.11731506255846683,0.0007828398362128169,1.2421456384637439e-05,5.39119011478962,0.5189999999999962,0.8821403046041179,1.173430287721071,2.912899831169531,0.48870190253637236,0.0,69.90994714406594,0.5605597262754322,0.0,284.60626207803875,94955.94579833359,1.1622930003279033,338.2413948192915,-7.87176190491936e-05,6.789812413230848e-05,165.29921316474403,15879.148101701468
3.934921875000001,548.4918844486525,164.844556229147,164.8445694015995,22.692524371813327,-0.11863019846828574,0.0007920009350390748,9.97389831221964e-06,5.39119011478962,0.5189999999999962,0.8821403046041179,1.173405572234775,2.9126526763065708,0.48737650075417577,0.0,69.48174456811206,0.5603790663796633,0.0,284.5848027510837,94919.06038390457,1.1619291198540858,338.2283904671567,5.143951119388024e-05,0.00017296009282933317,164.84456940159987,15786.97528850978
3.954921875000001,551.7842423357265,164.3914953293032,164.39150864764025,22.613658347350164,-0.11995091414849035,0.0008014601534232361,5.880202877369581e-06,5.39119011478962,0.5189999999999962,0.8821403046041179,1.173381996555504,2.9124169195138605,0.48605562614202813,0.0,69.05662224316947,0.5601995083423362,0.0,284.56340242481775,94882.27638294816,1.161566185184941,338.2154218694395,0.0,0.0,164.39150864764062,15695.412246065356
3.974921875000001,555.0675547401053,163.94000607467362,163.94001953079265,22.535357777505777,-0.12127688432762058,0.000810863378399662,4.081531144622518e-06,5.39119011478962,0.5189999999999962,0.8821403046041179,1.173357233293631,2.912169286895132,0.484739246192704,0.0,68.63455023928111,0.5600210427351492,0.0,284.5420608941893,94845.5934430111,1.1612041932813228,338.2024889018787,0.0,0.0,163.94001953079302,15604.453550187513
3.994921875000001,558.3418529819214,163.4900772052358,163.4900907890202,22.457617688811197,-0.12260758407251188,0.0008198832587574857,9.007785835934841e-06,5.39119011478962,0.5189999999999962,0.8821403046041179,1.1733286663607332,2.9118836175661533,0.4834273287133154,0.0,68.21549898924503,0.5598436602377899,0.0,284.52077795561746,94809.01121416794,1.1608431411259093,338.1895914411042,-0.00019601381318586016,4.112350355005238e-05,163.4900907890205,15514.093839700046
4.014921875000001,561.6071681571578,163.04169756702342,163.04171126950567,22.380432631451786,-0.12394250125480602,0.000828218060954844,1.3761099328666924e-05,5.39119011478962,0.5189999999999962,0.8821403046041179,1.1733003650640623,2.9116006045994447,0.4821198418230343,0.0,67.7994392473942,0.5596673516366285,0.0,284.49955340697846,94772.52934899756,1.160483025722998,338.17672936462895,-0.00013436610700757903,8.52021005698429e-05,163.04171126950598,15424.32781563838
4.034921875,564.8635311398214,162.59485611543127,162.5948699273369,22.303797322159355,-0.12528113450584585,0.0008357569169246521,1.6924892119580804e-05,5.39119011478962,0.5189999999999962,0.8821403046041179,1.173273164020492,2.9113285941637423,0.48081675394934376,0.0,67.38634212528676,0.5594921078232296,0.0,284.4783870475911,94736.14750255889,1.160123844098302,338.16390255084025,-1.128844691502413e-06,8.589365259886935e-05,162.59486992733721,15335.150240372179
4.054921875,568.1109725840431,162.1495419080818,162.14955582456773,22.227706810996988,-0.1266231090716671,0.0008425183715743996,1.7449927816276165e-05,5.39119011478962,0.5189999999999962,0.8821403046041179,1.1732476811248767,2.911073765207588,0.47951803382539787,0.0,66.97617908893665,0.5593179197930266,0.0,284.4572786782037,94699.8653323674,1.1597655932987427,338.1511108789914,0.0001465402492323697,-2.6214823307963095e-06,162.14955582456807,15246.555936809584
4.074921874999999,571.3495229261518,161.70574410657224,161.70575812872931,22.152155917648546,-0.12796829784523692,0.0008486606946095863,1.4565098066368796e-05,5.39119011478962,0.5189999999999962,0.8821403046041179,1.1732243702163352,2.9108406561221734,0.4782236504857526,0.0,66.56892198705529,0.5591447786437959,0.0,284.43622810098,94663.68249837197,1.1594082703922537,338.13835422919385,0.0003072018374282476,7.301359580582894e-05,161.7057581287296,15158.539787507847
4.094921874999999,574.5792123867479,161.2634519764193,161.26346611086683,22.077139277773,-0.12931685576252416,0.000854441689491226,1.0060491143120503e-05,5.39119011478962,0.5189999999999962,0.8821403046041179,1.1732021735203015,2.910618689161837,0.47693357326069363,0.0,66.16454310286923,0.558972675573961,0.0,284.4152351194861,94627.59866293176,1.15905187246758,338.1256324824086,0.0003694763587681608,0.00018009597509912229,161.2634661108672,15071.096733706649
4.1149218749999985,577.800070972787,160.82265488818766,160.82266914383,22.00265180050528,-0.13066914142490674,0.0008601680140574562,5.5852525946458985e-06,5.39119011478962,0.5189999999999962,0.8821403046041179,1.1731801162453845,2.910398116412667,0.47564777177130874,0.0,65.76301504128116,0.558801601881016,0.0,284.3942995386769,94591.61349079285,1.1586963966340773,338.1129455204382,0.0,0.0,160.82266914383032,14984.221774421141
4.134921874999998,581.0121284796614,160.38334231381995,160.38335670139946,21.928688251787726,-0.13202557918501917,0.0008661285394382515,5.134417758595638e-06,5.39119011478962,0.5189999999999962,0.8821403046041179,1.1731558386898266,2.910155340857088,0.47436621592703454,0.0,65.3643107227348,0.5586315489602964,0.0,284.3734211648822,94555.72664906498,1.1583418400215093,338.1002932259186,0.0,0.0,160.3833567013998,14897.909965702305
4.154921874999998,584.2154144932072,159.9455038257151,159.94551835720267,21.85524366461023,-0.1333866635437144,0.0008724897225640056,9.068688042782244e-06,5.39119011478962,0.5189999999999962,0.8821403046041179,1.1731291262836292,2.9098882167951134,0.4730888759225752,0.0,64.96840338320382,0.55846250830368,0.0,284.3525998057941,94519.93780719925,1.1579881997798565,338.0876754823112,-0.0003532380604639264,0.00023046105382235825,159.945518357203,14812.15641986689
4.174921874999997,587.4099583917153,159.50912909706466,159.50914378356703,21.782312825696156,-0.13475289533066223,0.0008793337452586745,1.3500558948090831e-05,5.39119011478962,0.5189999999999962,0.8821403046041179,1.1731022725042062,2.9096196790008833,0.47181572223463586,0.0,64.57526658076668,0.5582944714982787,0.0,284.33183527045384,94484.24663696549,1.1576354730791192,338.07509217389503,-0.00031702195046250304,0.00012601521095220435,159.50914378356737,14726.956304725185
4.194921874999997,590.59578934794,159.07420790113116,159.0742227505822,21.709890805244413,-0.13612467776423973,0.0008867234188503722,1.6899276765914855e-05,5.39119011478962,0.5189999999999962,0.8821403046041179,1.1730761796722309,2.9093587506811303,0.47054672561927235,0.0,64.18487418309707,0.5581274302252249,0.0,284.31112736923836,94448.65281242995,1.157283657109127,338.06254318575844,-0.0002927367805328216,0.00014586170608158573,159.0742227505825,14642.304842856753
4.214921874999996,593.7729363310531,158.64073010509824,158.64074512464245,21.63797299431266,-0.13750229021982835,0.0008946711145681124,1.9530772973608892e-05,5.39119011478962,0.5189999999999962,0.8821403046041179,1.173050689520149,2.9091038491603105,0.4692818571077017,0.0,63.79720039828006,0.5579613762582709,0.0,284.2904759138481,94413.15600993339,1.1569327490793457,338.050028403792,-0.00025157101617380494,0.0001969100137160393,158.64074512464282,14558.197310799329
4.234921874999996,596.9414281085255,158.20868567247655,158.2087008674365,21.566554259147452,-0.13888596820883128,0.0009030459074562399,2.0232161016962156e-05,5.39119011478962,0.5189999999999962,0.8821403046041179,1.1730264873066496,2.9088618270253175,0.4680210880034321,0.0,63.41221971776493,0.5577963014625757,0.0,284.26988071729454,94377.75590807007,1.1565827462187008,338.0375477146805,-0.00013500854282905337,0.00022147997297574228,158.20870086743687,14474.629038329924
4.2549218749999955,600.1012932480658,157.77806466342676,157.7780800347966,21.49562978293371,-0.14027580588155328,0.0009115768029015719,1.8934339764559463e-05,5.39119011478962,0.5189999999999962,0.8821403046041179,1.1730036126373595,2.9086330803324167,0.46676438987897806,0.0,63.02990697675476,0.5576321977934531,0.0,284.24934159388755,94342.45218766615,1.1562336457753861,338.02510100589586,-2.6101634153806913e-05,0.00021061128990029583,157.77808003479691,14391.595407728868
4.274921874999995,603.2525601195335,157.3488572321509,157.3488727752846,21.42519489749573,-0.1416716598306072,0.0009199229152920688,1.5636921004544898e-05,5.39119011478962,0.5189999999999962,0.8821403046041179,1.1729820646053524,2.908417600012345,0.46551173457179407,0.0,62.65023733331494,0.55746905729503,0.0,284.228858359223,94307.24453175819,1.1558854450166807,338.01268816568916,6.247775056603567e-05,0.00025438117059482416,157.3488727752849,14309.091853004975
4.294921874999995,606.3952568967885,156.92105362328323,156.92106932867225,21.355245448885846,-0.1430731336223559,0.0009277437043190042,1.2730075177100254e-05,5.39119011478962,0.5189999999999962,0.8821403046041179,1.1729604308256898,2.9082012622157194,0.46426309417989314,0.0,62.27318629661974,0.5573068720988819,0.0,284.20843083017087,94272.13262557262,1.1555381412287702,338.00030908308355,-3.277910903775973e-05,0.00022945527636781128,156.92106932867262,14227.113859111325
4.314921874999994,609.529411559441,156.49464416783226,156.49466002461955,21.285777429926167,-0.14447971423640393,0.0009347569367249165,1.2642552982713155e-05,5.39119011478962,0.5189999999999962,0.8821403046041179,1.1729372759251617,2.9079697132104387,0.4630184410580483,0.0,61.89872964160361,0.5571456344227577,0.0,284.1880588248636,94237.11615650613,1.1551917317165799,337.98796364786733,-0.00010033883897539866,0.00015667287523946655,156.49466002461983,14145.656961206887
4.334921874999994,612.6550518945925,156.06961928348383,156.06963528225197,21.21678651063326,-0.14589089216258314,0.0009407420353476426,1.3966100908095117e-05,5.39119011478962,0.5189999999999962,0.8821403046041179,1.172913430090083,2.9077312548596512,0.46177774781665504,0.0,61.526843377409556,0.5569853365696649,0.0,284.1677421626851,94202.19481410622,1.1548462138036055,337.9756517505872,-6.407966199279238e-05,7.915723715230993e-05,156.06963528225228,14064.716744089566
4.354921874999993,615.7722054985768,155.64596947597823,155.64598560947226,21.148268398590687,-0.14730625380578632,0.0009456016344574547,1.4252070712971799e-05,5.39119011478962,0.5189999999999962,0.8821403046041179,1.1728903379382039,2.90750033334086,0.46054098731980303,0.0,61.157503788712035,0.5568259709268601,0.0,284.1474806642592,94167.36829005172,1.1545015848317475,337.96337328254106,3.097016283183593e-05,5.687931219293454e-06,155.6459856094726,13984.288841587371
4.374921874999993,618.8808997786931,155.22368533630828,155.22370160180913,21.080218390454913,-0.14872554418016534,0.0009493362801218023,1.3709748551972213e-05,5.39119011478962,0.5189999999999962,0.8821403046041179,1.1728678747414707,2.9072757013735284,0.45930813268197873,0.0,60.79068748789806,0.5566675299646753,0.0,284.1272741514385,94132.63627813348,1.1541578421611447,337.95112813577174,9.155403530053105e-05,2.2840763425337095e-05,155.22370160180944,13904.368935873807
4.3949218749999925,621.9811619549762,154.80275754647434,154.80277394097624,21.01263234053239,-0.15014860108567166,0.0009521112130799078,1.1859611301940967e-05,5.39119011478962,0.5189999999999962,0.8821403046041179,1.172846322529663,2.907060179255452,0.45807915726391,0.0,60.42637135903694,0.5565100062352477,0.0,284.1071224472926,94097.99847423456,1.153814983170002,337.9389162030593,0.00020356267777749265,2.3356128955403252e-05,154.80277394097652,13824.952756739744
4.414921874999992,625.0730190619213,154.38317687027245,154.38319339397248,20.94550611265431,-0.15157532384393368,0.0009541752459070436,8.842731241153889e-06,5.39119011478962,0.5189999999999962,0.8821403046041179,1.172825596910887,2.906852923067691,0.4568540346700082,0.0,60.06453257790443,0.5563533923714684,0.0,284.0870253760975,94063.45457631099,1.153473005254425,337.92673737791506,0.0002733282531986492,0.00013823060595664227,154.38319339397276,13746.036080970865
4.434921874999992,628.1564979501486,153.9649341564924,153.96495081179646,20.87883547571204,-0.1530057373961062,0.0009559138088658646,6.596116445060528e-06,5.39119011478962,0.5189999999999962,0.8821403046041179,1.1728045528358044,2.9066424823168657,0.45563273874466864,0.0,59.705148607272676,0.5561976810857968,0.0,284.066982763324,94029.00428437314,1.1531319058282583,337.9145915545744,0.00013469174047264868,0.0003280037837569867,153.9649508117968,13667.614731664056
4.454921874999991,631.2316252880978,153.54802033877974,153.5480371283609,20.812616062936026,-0.15443993289986047,0.0009577693112858807,8.26721741026256e-06,5.39119011478962,0.5189999999999962,0.8821403046041179,1.1727813302518293,2.9064102564771144,0.45441524356916074,0.0,59.34819716990957,0.5560428651691637,0.0,284.04699443562737,93994.64730046678,1.1527916823229245,337.90247862799015,-4.699205962649062e-05,0.0002572878084181673,153.54803712836127,13589.684577587632
4.474921874999991,634.2984275637253,153.1324264339943,153.13244335992073,20.74684376754361,-0.15587796906024318,0.0009601026693983706,1.0282945742045962e-05,5.39119011478962,0.5189999999999962,0.8821403046041179,1.1727580381466356,2.9061773354251774,0.4532015234600366,0.0,58.993656204500205,0.5558889374900798,0.0,284.0270602208358,93960.38332865415,1.1524523321872568,337.8903984938265,-2.1137814404300912e-05,0.00019721730740946642,153.13244335992104,13512.241532639919
4.49492187499999,637.3569310861357,152.7181435399896,152.71816060426414,20.681514492277635,-0.15731989101150648,0.0009631361570603629,1.0432153854045333e-05,5.39119011478962,0.5189999999999962,0.8821403046041179,1.1727359813167986,2.905956767126807,0.45199155296683896,0.0,58.64150391064087,0.5557358909936634,0.0,284.0071799479401,93926.21207499572,1.152113852887345,337.8783510484517,0.00010366512428380808,0.00016213816270560646,152.71816060426445,13435.281555272308
4.51492187499999,640.4071619871919,152.3051628348824,152.30518003971497,20.616624351898082,-0.1587657532344546,0.0009668959373202615,8.499110820599484e-06,5.39119011478962,0.5189999999999962,0.8821403046041179,1.1727152861691272,2.905749815650094,0.4507853068692447,0.0,58.29171876967644,0.5555837187006087,0.0,283.98735344708325,93892.13324753223,1.151776241906377,337.86633618893245,0.0001495947300416677,0.00015057354712079478,152.3051800397153,13358.80064788577
4.5349218749999896,643.4491462231096,151.89347553214546,151.89349287994182,20.552182451743104,-0.16021562436429126,0.0009712591311872107,5.704167619152036e-06,5.39119011478962,0.5189999999999962,0.8821403046041179,1.1726952309252,2.9055492632108204,0.4495827600434059,0.0,57.94435037111996,0.5554330929853941,0.0,283.9675805495498,93858.14655626677,1.1514394967444885,337.85435381302716,0.0,0.0,151.89349287994216,13282.794848505493
4.554921874999989,646.4829095700513,151.4830724192286,151.48308991059827,20.48819588301306,-0.1616695296739663,0.0009760149220578317,2.750788259143184e-06,5.39119011478962,0.5189999999999962,0.8821403046041179,1.1726753989756729,2.90535094371555,0.44838388609046487,0.0,57.599437601149226,0.5552846000714768,0.0,283.94786108779465,93824.25171321415,1.1511036149192706,337.8424038192036,0.0,0.0,151.4830899105986,13207.26014969176
4.574921874999989,649.5084776235195,151.07394476215296,151.07396239754132,20.424636196793006,-0.16312744731838721,0.0009808487787907134,4.09952583326283e-06,5.39119011478962,0.5189999999999962,0.8821403046041179,1.1726531544357959,2.90512849831678,0.4471886600247588,0.0,57.25682548207421,0.5551369546536062,0.0,283.9281948954471,93790.4484324076,1.1507685939658616,337.83048610664093,0.0,0.0,151.07396239754166,13132.19265734895
4.594921874999988,652.5258758075279,150.6660840634126,150.66610184329394,20.361499518669763,-0.1645893630531479,0.0009854243982441487,7.49242476365224e-06,5.39119011478962,0.5189999999999962,0.8821403046041179,1.1726298298614897,2.904895252573718,0.445997057553253,0.0,56.916493535506376,0.5549901500908065,0.0,283.90858180725104,93756.73642979629,1.1504344314359536,337.8186005751941,-9.935021057253383e-05,-0.0001972791069548397,150.66610184329423,13057.58854704432
4.614921874999988,655.5351293768952,150.25948190082033,150.2594998260524,20.298782015210662,-0.16605527020531324,0.0009894528942738195,1.042416905948748e-05,5.39119011478962,0.5189999999999962,0.8821403046041179,1.1726069040521838,2.9046659944806597,0.4448090545991393,0.0,56.57842151333914,0.5548441798123208,0.0,283.8890216590502,93723.11542321974,1.1501011248975586,337.8067471253844,-0.00014405711617156922,-0.0001388573420062316,150.25949982605275,12983.444035372355
4.634921874999987,658.5362634187564,149.85412992766956,149.85414799870637,20.23648012683402,-0.16752515185587347,0.0009927024238805386,1.242642488875186e-05,5.39119011478962,0.5189999999999962,0.8821403046041179,1.1725846526552837,2.904443480511658,0.44362462729902497,0.0,56.24258940008487,0.5546990373166556,0.0,283.8695142877781,93689.58513239093,1.1497686719348659,337.79492565839354,-5.3912752703478574e-05,-0.00018741543613500888,149.85414799870668,12909.755379396445
4.654921874999987,661.5293028540278,149.45001986909614,149.4500380881191,20.17459010874906,-0.1689990283566055,0.0009950301169734323,1.3066746599360631e-05,5.39119011478962,0.5189999999999962,0.8821403046041179,1.1725633301355216,2.9042302553140376,0.4424437520008932,0.0,55.90897740994288,0.5545547161707306,0.0,283.8500595314488,93656.1452788799,1.149437070148099,337.783136076058,1.6604491679253524e-05,-0.00016072921408319404,149.45003808811936,12836.518876142094
4.674921874999987,664.5142724388814,149.04714352556752,149.04716189415862,20.11310816130361,-0.1704769454007025,0.0009964045313725525,1.2079199651063254e-05,5.39119011478962,0.5189999999999962,0.8821403046041179,1.1725430926569724,2.9040278805285458,0.4412664052613227,0.0,55.57756599121698,0.5544112100089473,0.0,283.8306572291472,93622.79558609737,1.1491063171533729,337.77137828086325,4.77536346009997e-05,-0.00015464276436266754,149.04716189415893,12763.730862053117
4.694921874999986,667.4911967662242,148.64549276950635,148.64551128872364,20.05203074021402,-0.17195891489343676,0.0009968751503757452,9.757769153871106e-06,5.39119011478962,0.5189999999999962,0.8821403046041179,1.1725237656165401,2.903834610124223,0.4400925638426909,0.0,55.24833583190474,0.5542685125322651,0.0,283.81130722101955,93589.53577927806,1.1487764105825522,337.75965217593784,0.0001617022257536426,-0.00011303825520920296,148.645511288724,12691.387712453397
4.714921874999986,670.4601002671255,148.24505954431436,148.24507821502277,19.991354403409897,-0.17344492950550244,0.0009966276690610502,5.173278862295052e-06,5.39119011478962,0.5189999999999962,0.8821403046041179,1.1725058970749838,2.903655924708659,0.43892220471112686,0.0,54.9212678369622,0.5541266175073798,0.0,283.79200934826366,93556.36558546487,1.1484473480831148,337.7479576650478,0.0,0.0,148.2450782150231,12619.485841058353
4.734921874999985,673.4210072122141,147.8458358634047,147.8458546864421,19.931075802799498,-0.17493499891354877,0.0009960116342231946,4.2278352257940807e-07,5.39119011478962,0.5189999999999962,0.8821403046041179,1.1724882471607754,2.9034794255665752,0.43775530503324356,0.0,54.596343157853944,0.5539855187657619,0.0,283.7727634531206,93523.28473349323,1.1481191273180145,337.7362946525911,0.0,0.0,147.84585468644244,12548.021699422052
4.754921874999985,676.373941713086,147.44781380873502,147.44783278576318,19.87119120788449,-0.17642912290127935,0.0009954219948455436,5.6423281786701976e-06,5.39119011478962,0.5189999999999962,0.8821403046041179,1.172464826241503,2.903245216373851,0.43659184217390584,0.0,54.27354313609207,0.5538452102028326,0.0,283.75356937886494,93490.29295397535,1.1477917459655473,337.72466304359216,0.0,0.0,147.44783278576352,12476.991776450348
4.774921874999984,679.3189277236778,147.05098553312965,147.05100466468315,19.81169734386634,-0.1779273113353012,0.0009952195426984653,9.307096371722718e-06,5.39119011478962,0.5189999999999962,0.8821403046041179,1.1724424422876574,2.903021376835395,0.4354317936948925,0.0,53.9528492966601,0.5537056857772541,0.0,283.73442696979606,93457.38997928494,1.147465201719219,337.7130627436964,-0.00013760419177356005,0.0001080137356256156,147.0510046646835,12406.392597970691
4.794921874999984,682.2559890416652,146.65534325786368,146.65536254326517,19.75259068931235,-0.17942953336582723,0.0009956860324842514,1.1198170587149807e-05,5.39119011478962,0.5189999999999962,0.8821403046041179,1.172421223793738,2.9028091918962007,0.4342751373533508,0.0,53.63424337210769,0.5535669395102026,0.0,283.71533607122916,93424.57554354148,1.147139492287609,337.70149365916484,-6.025441553432267e-05,0.00012533698755730542,146.65536254326554,12336.220726294814
4.814921874999984,685.1851493098255,146.2608792702513,146.26089870899213,19.6938679248077,-0.18093571120444776,0.0009969328709227003,1.0592964987845878e-05,5.39119011478962,0.5189999999999962,0.8821403046041179,1.172401596817525,2.9026129221340713,0.43312185109907536,0.0,53.31770730349962,0.5534289654845095,0.0,283.6962965294861,93391.8493825951,1.1468146153942405,337.6899556968686,0.0001209501911154587,9.317222297199323e-05,146.26089870899247,12266.472759719689
4.834921874999983,688.1064320173383,145.86758592479345,145.86760551609177,19.635525709027934,-0.18244579902092212,0.000998917125526012,7.639748469187838e-06,5.39119011478962,0.5189999999999962,0.8821403046041179,1.172383472944943,2.902431683408251,0.43197191307258975,0.0,53.00322326145264,0.5532917578439058,0.0,283.6773081918873,93359.211234012,1.146490568777453,337.6784487642837,0.00019465964478518292,4.220925951914532e-05,145.8676055160921,12197.145332079903
4.854921874999983,691.0198605011466,145.47545564181019,145.47547538428657,19.577560828032226,-0.18395970892928337,0.0010014236397732,4.439620867305296e-06,5.39119011478962,0.5189999999999962,0.8821403046041179,1.1723656098305306,2.9022530522641277,0.43082530160152266,0.0,52.690773640718355,0.5531553107920737,0.0,283.6583709067425,93326.66083705923,1.1461673501902736,337.66697276948594,0.0,0.0,145.4754753842869,12128.235112209062
4.874921874999982,693.9254579472403,145.08448090655247,145.08450079812005,19.51997012163106,-0.1854773493899309,0.0010041174937943233,5.771579647804028e-06,5.39119011478962,0.5189999999999962,0.8821403046041179,1.1723451825757025,2.9020487797158467,0.42968199519869027,0.0,52.380341022868215,0.5530196185919096,0.0,283.6394845233429,93294.1979326904,1.1458449574002916,337.6555276211458,0.0,0.0,145.0845007981204,12059.73880350384
4.894921874999982,696.8232473919644,144.694654268488,144.69467430626167,19.46275041725617,-0.18699858752793844,0.0010065882690184968,1.0503236500084516e-05,5.39119011478962,0.5189999999999962,0.8821403046041179,1.1723228592725152,2.9018255466839737,0.4285419725601148,0.0,52.07190817011474,0.5528846755647893,0.0,283.6206488919522,93261.82226353102,1.1455233881895333,337.64411322852305,-0.00015372265177894656,-0.00019333779747288845,144.69467430626202,11991.653143489357
4.9149218749999815,699.7132517232757,144.30596833860272,144.30598852120156,19.40589870786731,-0.18852329288659925,0.001008489782718933,1.3456845885737956e-05,5.39119011478962,0.5189999999999962,0.8821403046041179,1.1723016986499342,2.901613940458163,0.4274052125641956,0.0,51.765457994328344,0.5527504760899744,0.0,283.6018638637987,93229.53357386446,1.1452026403543396,337.632729501462,-2.1900664626611806e-05,-0.00020121866360227477,144.30598852120193,11923.97490345394
4.934921874999981,702.5954936819587,143.91841578972185,143.9184361187849,19.349411978426154,-0.190051443284402,0.0010095928583767132,1.3745002647915453e-05,5.39119011478962,0.5189999999999962,0.8821403046041179,1.1722822242903497,2.901419196862318,0.42627169427040434,0.0,51.460973605169634,0.5526170146039713,0.0,283.5831292910672,93197.33160961841,1.144882711705252,337.62137635038675,6.739439925423511e-05,-0.00023693505993383835,143.9184361187852,11856.700888061263
4.954921874999981,705.4699958628775,143.53198935665688,143.5320098370985,19.29328693151108,-0.19158313272002706,0.001009821151747163,1.2346203315256956e-05,5.39119011478962,0.5189999999999962,0.8821403046041179,1.1722638571859196,2.901235525818018,0.42514139691606256,0.0,51.158438339576236,0.5524842855996683,0.0,283.5644450268913,93165.21611835081,1.144563600066889,337.61005368629617,0.00014357252421556396,-0.0002674515364038726,143.53200983709883,11789.827934860201
4.97492187499998,708.3367807162263,143.14668183801055,143.14670247574423,19.237520545928582,-0.19311854235788536,0.0010092328127755152,9.587099542069889e-06,5.39119011478962,0.5189999999999962,0.8821403046041179,1.1722464035022004,2.901060988980826,0.4240142999142606,0.0,50.85783571977557,0.5523522836256196,0.0,283.5458109253445,93133.186849236,1.144245303277828,337.59876142075876,9.376670529821768e-05,-0.00032818498468824823,143.14670247574452,11723.352913863922
4.99492187499998,711.1958705487831,142.76248609224487,142.76250689482097,19.182109685660762,-0.19465787834444842,0.0010079920614396044,7.762103402717286e-06,5.39119011478962,0.5189999999999962,0.8821403046041179,1.1722285064764035,2.900882018722857,0.42289038285091585,0.0,50.559149466452396,0.552221003285233,0.0,283.5272268414329,93101.24355305058,1.143927819190482,337.5874994659083,-4.43916539043872e-05,-0.0003958835515060988,142.7625068948213,11657.272727086365
5.014921874999979,714.0472875251043,142.379395039732,142.37941601454946,19.12705133122786,-0.19620139036656706,0.001006325228498803,8.378362570144902e-06,5.39119011478962,0.5189999999999962,0.8821403046041179,1.1722092744676025,2.9006896986348463,0.42176962548373087,0.0,50.262363458676546,0.5520904392361907,0.0,283.5086926310868,93069.38598216015,1.143611145670986,337.5762677344386,-0.00026099811041885247,-0.00029094133691236033,142.37941601454983,11591.58430818885
5.034921874999979,716.8910536687614,141.99740166122558,141.99742281452805,19.072342295734767,-0.19774929490083137,0.001004533961674504,1.0786495557037071e-05,5.39119011478962,0.5189999999999962,0.8821403046041179,1.1721890903379122,2.9004878573379433,0.4206520077400601,0.0,49.96746174325358,0.5519605861897477,0.0,283.490208151153,93037.61389050548,1.1432952805990764,337.56506613959874,-0.00024275041167565355,-0.00013846453522565227,141.9974228145284,11526.284622070563
5.0549218749999785,719.7271908635596,141.61649899856423,141.61652033336563,19.01797952217166,-0.19930171306762945,0.0010029255531948844,1.2319475876417094e-05,5.39119011478962,0.5189999999999962,0.8821403046041179,1.1721695295227992,2.9002922491868133,0.41953750971589165,0.0,49.67442852095914,0.5518314389101661,0.0,283.47177325938685,93005.92703358889,1.1429802218679732,337.55389459518847,-0.00020608878336499887,-5.4778000148509605e-05,141.61652033336594,11461.370664524748
5.074921874999978,722.5557208547084,141.2366801512924,141.23670166802145,18.96396031713937,-0.20085867565467583,0.0010017149143502825,1.3211911027728896e-05,5.39119011478962,0.5189999999999962,0.8821403046041179,1.1721504525716944,2.900101479675765,0.4184261116739599,0.0,49.38324818849794,0.5517029922140564,0.0,283.4533878144444,92974.32516846113,1.1426659673842672,337.54275301555333,-0.00012329073836927555,3.5205023627631033e-06,141.23670166802177,11396.83946185118
5.094921874999978,725.3766652499804,140.85793827518157,140.85795997299886,18.91028172668819,-0.20242012808993384,0.0010010343970633436,1.2639619575867872e-05,5.39119011478962,0.5189999999999962,0.8821403046041179,1.1721323458305077,2.899920412263899,0.41731779404142405,0.0,49.0939053012333,0.551575240969674,0.0,283.4350516758751,92942.80805370849,1.1423525150678087,337.5316413155803,-6.207442986467877e-05,1.18552999803086e-05,140.85795997299917,11332.688070449523
5.114921874999977,728.1900455208512,140.48026658453603,140.48028845986056,18.856940870833224,-0.20398594244104118,0.0010009445583384602,1.0587974971720623e-05,5.39119011478962,0.5189999999999962,0.8821403046041179,1.1721152172129483,2.8997491260883046,0.41621253740849945,0.0,48.80638459765356,0.5514481800963336,0.0,283.4167647041144,92911.37544944006,1.1420398628515969,337.52055941069335,3.0171422205713607e-06,3.525746957390518e-05,140.48028845986087,11268.91357646906
5.134921874999977,730.9958830036265,140.1036583486727,140.10368039625115,18.80393526992548,-0.20555592643357457,0.0010014311607318294,9.119035846405316e-06,5.39119011478962,0.5189999999999962,0.8821403046041179,1.1720978471509111,2.899575425467933,0.4151103225256269,0.0,48.520671004962914,0.551321804563661,0.0,283.3985267604764,92880.02711727511,1.1417280086816715,337.5095072168487,6.61116171517801e-05,-1.4395441650747017e-05,140.10368039625146,11205.513095383318
5.154921874999976,733.7941989005409,139.72810689040725,139.72812910542473,18.751262067257276,-0.20712985634654615,0.0010024817432432338,6.946530749467103e-06,5.39119011478962,0.5189999999999962,0.8821403046041179,1.172080995145814,2.8994069054169613,0.41401113030213815,0.0,48.23674957561588,0.5511961093910265,0.0,283.38033770714645,92848.7628203308,1.1414169505170069,337.4984846505307,0.0,0.0,139.72812910542504,11142.483771650433
5.174921874999976,736.5850142808494,139.35360558916997,139.3536279658261,18.69891852559161,-0.20870750859596063,0.0010039981740949603,6.449879449359386e-06,5.39119011478962,0.5189999999999962,0.8821403046041179,1.172063253917105,2.899229493129871,0.4129149418050788,0.0,47.95460555262126,0.5510710896469994,0.0,283.36219740717445,92817.58232321004,1.1411066863294084,337.48749162874776,0.0,0.0,139.3536279658264,11079.822778385693
5.1949218749999755,739.3683500819329,138.98014787827645,138.98017041021225,18.646902048459733,-0.21028863950289492,0.0010058452259177966,8.075824500255974e-06,5.39119011478962,0.5189999999999962,0.8821403046041179,1.1720443585415254,2.899040539374076,0.4118217382566697,0.0,47.674224321986316,0.5509467404486537,0.0,283.3441057244674,92786.4853919891,1.140797214103404,337.47652806902727,8.466764952181767e-06,-0.00013600172844982549,138.9801704102126,11017.527316964577
5.214921874999975,742.1442271103743,138.60772724348297,138.6077499253448,18.5952100237186,-0.21187299816952526,0.001007865904272225,1.0466981238610795e-05,5.39119011478962,0.5189999999999962,0.8821403046041179,1.1720251106077915,2.898848060036736,0.41073150103345646,0.0,47.39559142127069,0.5508230569610743,0.0,283.3260625237825,92755.4717942056,1.1404885318361415,337.4655938894122,1.0132296505429234e-05,-0.00014563777351622343,138.6077499253451,10955.594616720784
5.234921874999975,744.9126660429915,138.2363372231332,138.2363600513928,18.54383989496902,-0.21346039876392905,0.0010098641658421344,1.2206388766110746e-05,5.39119011478962,0.5189999999999962,0.8821403046041179,1.1720063469992048,2.8986604239508695,0.4096442116646034,0.0,47.11869253550658,0.550700034396769,0.0,283.3080676707205,92724.54129884696,1.1401806375372892,337.4546890084566,8.902047396057593e-05,-8.309440032533519e-05,138.23636005139312,10894.021934601777
5.254921874999974,747.6736874278848,137.8659714074624,137.86599438150958,18.492789037809438,-0.21505074766317314,0.0010117130207616919,1.2313968353703452e-05,5.39119011478962,0.5189999999999962,0.8821403046041179,1.1719886463615627,2.898483417574449,0.4085598518306995,0.0,46.843513500184386,0.5505776680151456,0.0,283.29012103171874,92693.69367633869,1.1398735292289353,337.44381334522154,0.00016163334251012974,-7.66329673248418e-05,137.86599438150992,10832.80655485537
5.274921874999974,750.42731168549,137.4966234393528,137.49664656114402,18.442054848032488,-0.21664404130153445,0.0010133426637696024,1.069282657844576e-05,5.39119011478962,0.5189999999999962,0.8821403046041179,1.1719720653086882,2.898317607045704,0.40747840336177815,0.0,46.57004031592821,0.5504559531219058,0.0,283.27222247404427,92662.92869853266,1.139567204945487,337.43296681927086,0.0002370512840629978,-2.800755195494552e-05,137.49664656114436,10771.945788678082
5.294921874999973,753.1735591096239,137.12828701349156,137.1283102873883,18.391634718459876,-0.2182403542763003,0.0010147743975646643,7.556358124926224e-06,5.39119011478962,0.5189999999999962,0.8821403046041179,1.171956477051544,2.898161724474262,0.4063998482354444,0.0,46.29825914338549,0.5503348850684558,0.0,283.25437186578745,92632.2461386954,1.1392616627335674,337.4221493506672,0.0003411923383886098,1.794286002076524e-05,137.12831028738862,10711.436973873155
5.314921874999973,755.9124498684963,136.76095587535588,136.76097930835797,18.341526122431244,-0.21983986282395848,0.001016098909052317,3.3057412529409144e-06,5.39119011478962,0.5189999999999962,0.8821403046041179,1.1719416437545902,2.8980133915047235,0.40532416857509646,0.0,46.02815629521886,0.5502144592513368,0.0,283.23656907585473,92601.64577149674,1.1389569006519213,337.411360859968,0.0,0.0,136.76097930835837,10651.277474517543
5.3349218749999725,758.6440040057506,136.39462382213208,136.39464742255373,18.291726295902507,-0.2214427979420934,0.001017432358975963,1.913624734482896e-06,5.39119011478962,0.5189999999999962,0.8821403046041179,1.1719252160046008,2.897849114004829,0.40425134664809087,0.0,45.75971822734761,0.5500946711116521,0.0,283.2188139739626,92571.1273729983,1.1386529167713113,337.40060126822135,0.0,0.0,136.39464742255404,10591.464680629602
5.354921874999972,761.3682414415019,136.02928470416077,136.02930847847836,18.242232803370708,-0.22304938493612417,0.0010188603638327288,4.700200408264185e-06,5.39119011478962,0.5189999999999962,0.8821403046041179,1.1719064123274892,2.897661077233713,0.40318136486466793,0.0,45.49293151960974,0.5499755161345866,0.0,283.2011064306302,92540.69072064177,1.13834970917442,337.3898704969619,0.0,0.0,136.02930847847867,10531.99600788033
5.374921874999972,764.0851819733391,135.66493241788945,135.66495637415218,18.19304337530106,-0.22465983294765549,0.001020448998737372,8.938448841944097e-06,5.39119011478962,0.5189999999999962,0.8821403046041179,1.1718868443981465,2.8974653979402865,0.40211420577656976,0.0,45.22778290591182,0.5498569898488959,0.0,283.18344631717326,92510.33559323779,1.1380472759557507,337.379168468207,-0.0003517426875491478,0.00013460015101702817,135.66495637415258,10472.86889729162
5.394921874999971,766.7948452772803,135.3015609100287,135.30158505657644,18.144155171815953,-0.2262743844058926,0.0010222187743524273,1.1948389968002267e-05,5.39119011478962,0.5189999999999962,0.8821403046041179,1.1718680959583108,2.897277913541929,0.40104985207550575,0.0,44.96425923761443,0.5497390878263846,0.0,283.16583350569766,92480.06177095528,1.1377456152215386,337.3684951044528,-0.00027151574386910846,0.00012261593856559703,135.30158505657678,10414.080814929983
5.414921874999971,769.497250908797,134.93916417877512,134.93918852102442,18.09556584641416,-0.22789323458615782,0.0010241133751531062,1.3653033934420391e-05,5.39119011478962,0.5189999999999962,0.8821403046041179,1.1718502119069187,2.897099073028009,0.3999882865911094,0.0,44.702348167572474,0.5496218137815512,0.0,283.1482678690928,92449.86903530994,1.1374447250896484,337.3578503286702,-0.00020202471178326932,8.354909462799586e-05,134.93918852102473,10355.62925157716
5.43492187499997,772.1924183030476,134.57773615911364,134.57776069955443,18.04728367866689,-0.22951647732964794,0.0010260330495997431,1.3844598216533306e-05,5.39119011478962,0.5189999999999962,0.8821403046041179,1.171833314449007,2.896930098448891,0.39892949196050576,0.0,44.442094647968,0.549505879326343,0.0,283.13074928103015,92419.75716916166,1.1371446036895654,337.3472340643043,-0.00012895519413590425,9.096011102773962e-05,134.57776069955474,10297.51170545229
5.45492187499997,774.8803667737072,134.21727084034728,134.21729557779267,17.99929515379634,-0.2311440986899852,0.0010278721767678282,1.186292476682168e-05,5.39119011478962,0.5189999999999962,0.8821403046041179,1.1718177932973317,2.8967748869321386,0.3978734509744963,0.0,44.18342650319459,0.5493905541283666,0.0,283.1132776159709,92389.72595672765,1.136845249162537,337.3366462352784,1.272538455757454e-05,7.537286300325131e-05,134.21729557779304,10239.725700068831
5.4749218749999695,777.5611155161743,133.8577623682877,133.85778729739562,17.95159802364756,-0.2327759509950135,0.0010295451058720665,8.130273465198842e-06,5.39119011478962,0.5189999999999962,0.8821403046041179,1.1718033982146348,2.896630936105169,0.3968201468813737,0.0,43.926331169994974,0.5492758339399664,0.0,283.09585274914485,92359.77518354655,1.1365466596612332,337.3260867659818,8.38866473006714e-05,8.857768877453838e-05,133.8577872973959,10182.268799593463
5.494921874999969,780.2346836092296,133.4992049341926,133.49923004617494,17.90419016811991,-0.23441174687250677,0.0010309784253729132,4.982227255879194e-06,5.39119011478962,0.5189999999999962,0.8821403046041179,1.1717887475576134,2.8964844295349557,0.3957695630612971,0.0,43.67079622628539,0.5491617145538477,0.0,283.07847455653996,92329.90463645989,1.1362488333495735,337.3155555812632,0.0,0.0,133.49923004617523,10125.138591724479
5.514921874999969,782.9010900158993,133.1415927724367,133.14161805766065,17.857069610189416,-0.23605115168124527,0.0010321268291861373,5.986076699617096e-06,5.39119011478962,0.5189999999999962,0.8821403046041179,1.1717717311089089,2.89631426504791,0.39472168302504684,0.0,43.41680936143354,0.5490481918026191,0.0,283.0611429148966,92300.11410360252,1.135951768402645,337.30505260642735,0.0,0.0,133.14161805766096,10068.332687420529
5.534921874999968,785.5603535843348,132.78492016127927,132.78494561084352,17.810234051469276,-0.23769383630573473,0.0010330100349858393,9.8778739923723e-06,5.39119011478962,0.5189999999999962,0.8821403046041179,1.171753095542841,2.8961279093872316,0.3936764904133127,0.0,43.16435838303664,0.5489352615583964,0.0,283.0438577017018,92270.4033743927,1.1356554630066187,337.2945777672313,-0.00010031010589543608,3.304042444969982e-05,132.7849456108438,10011.848720659378
5.554921874999968,788.2124930487098,132.42918142393034,132.4292070297255,17.763681312523158,-0.23933948955274406,0.0010336586752292456,1.3864471515260469e-05,5.39119011478962,0.5189999999999962,0.8821403046041179,1.17173449192019,2.895941873160721,0.3926339689954129,0.0,42.91343121745379,0.5488229197323489,0.0,283.02661879518337,92240.77223952212,1.1353599153586629,337.28413098988113,-2.841183797278136e-05,1.8140859120110934e-05,132.42920702972577,9955.684348170123
5.574921874999967,790.8575270300898,132.07437092658182,132.07439668306472,17.717409283066377,-0.24098786237036693,0.0010340868828928452,1.6428771809415735e-05,5.39119011478962,0.5189999999999962,0.8821403046041179,1.1717168167379204,2.8957651213380253,0.39159410266858696,0.0,42.66401590167356,0.5487111622743118,0.0,283.0094260743044,92211.22049094619,1.1350651236668599,337.27371220102845,6.939928282018069e-05,-8.64562579812463e-07,132.07439668306498,9899.837249197408
5.594921874999967,793.4954740373057,131.72048307946727,131.72050898387002,17.67141580830049,-0.2426387935258963,0.0010343054962863348,1.678091738906375e-05,5.39119011478962,0.5189999999999962,0.8821403046041179,1.1717005364855038,2.895602318813859,0.3905568754565476,0.0,42.41610059640115,0.5485999851723233,0.0,282.9922794187575,92181.74792187424,1.1347710861501203,337.263321327767,0.00015718477255821103,3.37308284246983e-05,131.7205089838703,9844.305125230529
5.6149218749999665,796.126352467813,131.36751233517114,131.36753838900412,17.625698651857252,-0.24429224383619938,0.0010343620646713252,1.544459891654523e-05,5.39119011478962,0.5189999999999962,0.8821403046041179,1.1716853409137924,2.8954503630967454,0.38952227150835306,0.0,42.16967361013299,0.5484893844521993,0.0,282.9751787089592,92152.35432675996,1.1344778010381036,337.25295829762933,0.00023412286136352672,5.190073494712268e-05,131.36753838900444,9789.085699751693
5.634921874999966,798.7501806085762,131.01545319116244,131.015479398337,17.58025569058293,-0.24594826726408772,0.0010343246549677815,1.2387069199100584e-05,5.39119011478962,0.5189999999999962,0.8821403046041179,1.1716712488492824,2.8953094424516457,0.3884902750959456,0.0,41.9247233714332,0.5483793561769721,0.0,282.95812382604424,92123.0395012915,1.1341852665711294,337.2426230385828,0.0003337030097448367,8.383719015576896e-05,131.0154793983373,9734.17671792002
5.654921874999966,801.3669766369138,130.66430018623595,130.6643265544941,17.535084777743304,-0.24760703144898302,0.0010342830381303997,8.037405116105382e-06,5.39119011478962,0.5189999999999962,0.8821403046041179,1.1716580060088462,2.8951770140472832,0.3874608706134525,0.0,41.681238437806094,0.5482698964465207,0.0,282.94111465186006,92093.80324238204,1.1338934810000985,337.2323154790272,0.00035638987104396344,0.00013271823148554589,130.66432655449435,9679.575946347522
5.674921874999965,803.9767586213693,130.31404790383584,130.3140744421272,17.490183704652974,-0.249268777387662,0.0010343124758744717,3.467362850016979e-06,5.39119011478962,0.5189999999999962,0.8821403046041179,1.1716449780355904,2.8950467343147257,0.3864340425750726,0.0,41.439207483615455,0.5481610013970557,0.0,282.92415106896107,92064.64534816006,1.1336024425864069,337.22203554779037,0.0,0.0,130.31407444212746,9625.28117280671
5.694921874999965,806.5795445225691,129.96469096828775,129.96471768770266,17.445550512396206,-0.2509337878610299,0.0010344527137347136,4.18213240887532e-06,5.39119011478962,0.5189999999999962,0.8821403046041179,1.1716289082194087,2.8948860361529083,0.3854097756144936,0.0,41.19861929036854,0.5480526672007717,0.0,282.90723296060327,92035.56561795973,1.133312149601864,337.21178317412557,0.0,0.0,129.964717687703,9571.290206017793
5.714921874999964,809.1753521940454,129.61622404615747,129.61625095899765,17.401182844114782,-0.2526023997601485,0.0010346965060845674,9.705335741538615e-06,5.39119011478962,0.5189999999999962,0.8821403046041179,1.171610077579857,2.8946977297573917,0.3843880544834451,0.0,40.95946274949728,0.5479448900654109,0.0,282.89036021073866,92006.56385231174,1.133022600328613,337.2015582877076,-0.0004211514637315595,8.778323844966263e-05,129.61625095899794,9517.600875395055
5.734921874999964,811.7641993831021,129.26864184869686,129.2686689649245,17.357078518398982,-0.25427493765049664,0.0010350238383194676,1.4247715489628195e-05,5.39119011478962,0.5189999999999962,0.8821403046041179,1.1715919095773708,2.8945160497325295,0.38336886405122483,0.0,40.7217268430139,0.5478376662339338,0.0,282.8735327040098,91977.63985293363,1.1327337930590469,337.19136081862996,-0.0003452649218587629,4.2669924875055855e-05,129.26866896492484,9464.211030844128
5.7549218749999635,814.3461037316933,128.92193912859145,128.92196645519454,17.31323530695631,-0.2559516236048314,0.0010354315890729936,1.6510439532448597e-05,5.39119011478962,0.5189999999999962,0.8821403046041179,1.1715751718215743,2.894348672174565,0.3823521893037453,0.0,40.48540065115094,0.5477309919841427,0.0,282.856750325744,91948.79342271996,1.132445726095722,337.1811906974009,-0.00022831601280858384,5.1268229626338354e-05,128.92196645519488,9411.118542537468
5.774921874999963,816.9210827772401,128.57611067995316,128.57613821993297,17.26965130141517,-0.25763257270425394,0.0010358986114173223,1.7087266214155206e-05,5.39119011478962,0.5189999999999962,0.8821403046041179,1.1715595126201352,2.894192080160174,0.38133801534243855,0.0,40.25047338943808,0.5476248636282931,0.0,282.84001296194793,91920.02436573317,1.1321583977512801,337.1710478549404,-0.00016379187260906803,8.82025708205827e-05,128.57613821993334,9358.321300685284
5.794921874999963,819.4891539534328,128.23115133531886,128.23117908898138,17.22632447506721,-0.2593177932894624,0.0010363481585090992,1.5856228931837987e-05,5.39119011478962,0.5189999999999962,0.8821403046041179,1.1715450035704604,2.8940469896634258,0.3803263273822296,0.0,40.01693438229572,0.5475192775126131,0.0,282.82332049930267,91891.33248719468,1.1318718063483717,337.16093222257746,-4.6590327434733535e-05,7.460260024099578e-05,128.23117908898172,9305.817215263345
5.814921874999962,822.0503345910232,127.88705596824329,127.88708393164067,17.183252885267258,-0.2610071880960872,0.001036694026715333,1.2888427714299187e-05,5.39119011478962,0.5189999999999962,0.8821403046041179,1.1715316021327844,2.8939129752866655,0.3793171107508205,0.0,39.78477307138545,0.5474142300169629,0.0,282.80667282515833,91862.71759347594,1.1315859502195764,337.1508437320459,5.672757204970159e-06,7.739431459020393e-05,127.88708393164103,9253.604215807823
5.834921874999962,824.6046419185906,127.54381948815171,127.54384765588797,17.14043480200628,-0.26270057971912614,0.001036875343809575,9.640417914722958e-06,5.39119011478962,0.5189999999999962,0.8821403046041179,1.1715184462742922,2.893781416701744,0.3783103508864079,0.0,39.55397902055485,0.5473097175543362,0.0,282.7900698275291,91834.17949208998,1.1313008277073335,337.1407823154826,1.869780706416663e-05,0.0001326216876478388,127.5438476558883,9201.680251136162
5.854921874999961,827.1520930633039,127.20143684397523,127.20146520822496,17.097868369421924,-0.26439772670132483,0.001036791031936433,7.64947884223227e-06,5.39119011478962,0.5189999999999962,0.8821403046041179,1.1715046261010988,2.89364321496981,0.37730603333727813,0.0,39.324541885283026,0.5472057365705605,0.0,282.7735113950885,91805.7179916828,1.1310164371638651,337.1307479054236,0.0,0.0,127.20146520822527,9150.043289162171
5.874921874999961,829.6927050516617,126.85990302008292,126.85993157324741,17.055551803678885,-0.2660983642185256,0.0010363491780344852,8.15357718113574e-06,5.39119011478962,0.5189999999999962,0.8821403046041179,1.1714894086992858,2.893491040951679,0.3763041437605711,0.0,39.09645141465886,0.5471022835439141,0.0,282.7569974171642,91777.33290202518,1.130732776951108,337.1207404348015,-6.44728179987821e-05,7.184966577246344e-05,126.85993157324772,9098.691316672817
5.894921874999961,832.22649481023,126.51921303870826,126.51924177347304,17.013483188355277,-0.2678022365452858,0.0010354851120201675,1.0674828288126166e-05,5.39119011478962,0.5189999999999962,0.8821403046041179,1.1714730761544003,2.8933277155028247,0.3753046679218117,0.0,38.869697457071766,0.5469993549848268,0.0,282.74052778373346,91749.02403400435,1.13044984544064,337.1107598369425,-6.454518750969684e-05,5.974282426619769e-05,126.51924177347334,9047.62233914431
5.91492187499996,834.7534791664017,126.17936195986283,126.17939086883722,16.97166070854061,-0.26950908875876245,0.0010341738799283498,1.3663414162460743e-05,5.39119011478962,0.5189999999999962,0.8821403046041179,1.1714565446833294,2.8931624007921153,0.3743075916934555,0.0,38.64426995706363,0.5468969474354806,0.0,282.72410238541835,91720.7911996156,1.13016764101361,337.10080604556356,-4.659870787516179e-05,2.1389825485871005e-05,126.17939086883754,8996.834380512571
5.93492187499996,837.2736748491313,125.84034488019375,125.84037395647324,16.93008268171111,-0.27121868353633294,0.001032401088893923,1.588040175968178e-05,5.39119011478962,0.5189999999999962,0.8821403046041179,1.1714405466480218,2.893002420439039,0.373312901054277,0.0,38.420158951625524,0.5467950574695023,0.0,282.7077211134806,91692.63421195402,1.1298861620606635,337.09087899476924,6.212831457339931e-05,6.534999096679956e-06,125.84037395647356,8946.325482986593
5.954921874999959,839.7870984896539,125.50215693058169,125.50218617042685,16.888747300721697,-0.27293083277087404,0.001030181591498959,1.6059629261247587e-05,5.39119011478962,0.5189999999999962,0.8821403046041179,1.1714258305514968,2.89285525947379,0.37232058208856383,0.0,38.19735456856721,0.5466936816916377,0.0,282.6913838598172,91664.55288520646,1.129605406981877,337.08097861904923,0.00016410379265287937,-1.9194341474791117e-05,125.50218617042715,8896.093706854394
5.974921874999959,842.293766622162,125.16479327655428,125.16482268145464,16.84765275896557,-0.2746454844456862,0.0010275708576971546,1.4452305843920902e-05,5.39119011478962,0.5189999999999962,0.8821403046041179,1.1714122473224249,2.8927194271830703,0.3713306209855583,0.0,37.97584705577262,0.546592816737455,0.0,282.67509051695595,91636.547034644,1.1293253741866915,337.0711048532753,0.00025863041006450154,-1.4170262572080257e-05,125.16482268145495,8846.137130302703
5.994921874999958,844.7936956845487,124.82824912224868,124.82827869607982,16.806797187060887,-0.2763626937419378,0.001024657151142842,1.1360461960016794e-05,5.39119011478962,0.5189999999999962,0.8821403046041179,1.171399617836116,2.8925931323199805,0.37034300403669546,0.0,37.75562676413257,0.5464924592728253,0.0,282.6588409780504,91608.61647661359,1.129046062093841,337.0612576326986,0.00029235721904333494,1.5044323839939565e-05,124.82827869608013,8796.453849133644
6.014921874999958,847.2869020191573,124.49251970861765,124.49254945637068,16.766178626459514,-0.2780825671192671,0.0010215558663389018,8.459490396372588e-06,5.39119011478962,0.5189999999999962,0.8821403046041179,1.1713869504751435,2.8924664587102566,0.36935771763498526,0.0,37.53668415014079,0.5463926059936292,0.0,282.64263513687547,91580.76102852977,1.1287674691312795,337.0514368929465,0.00029042459661246934,9.538657776288942e-05,124.492549456371,8747.041976586504
6.034921874999958,849.7734018735146,124.15760031297988,124.15763023960126,16.72579538306837,-0.27980522534090846,0.0010184008570372446,5.933600475396131e-06,5.39119011478962,0.5189999999999962,0.8821403046041179,1.171374135750016,2.892338311458982,0.3683747482740442,0.0,37.31900974266056,0.5462932536254276,0.0,282.62647288782216,91552.98050886639,1.1284895937361106,337.04164257002026,0.0,0.0,124.15763023960159,8697.899643144709
6.054921874999957,852.2532114010367,123.82348624655596,123.82351635802536,16.685645772641664,-0.281530796234305,0.001015331510618919,4.650594875728989e-06,5.39119011478962,0.5189999999999962,0.8821403046041179,1.1713606596820014,2.8922035507788357,0.3673940825474631,0.0,37.10259416413121,0.5461943989231717,0.0,282.61035412589325,91525.27473714873,1.1282124343545186,337.0318746002913,0.0,0.0,123.82351635802566,8649.024996360611
6.074921874999957,854.7263466617109,123.49017285553141,123.49020315851746,16.645727934718273,-0.2832594355854102,0.0010124629925488573,5.777712684091962e-06,5.39119011478962,0.5189999999999962,0.8821403046041179,1.1713458311545206,2.8920552655040277,0.36641570714777943,0.0,36.88742812871775,0.5460960386708743,0.0,282.5942787466989,91497.64353394597,1.1279359894417034,337.02213292049953,0.0,0.0,123.49020315851774,8600.416200663489
6.094921874999956,857.1928236228058,123.15765552179737,123.15768602224425,16.60604015533132,-0.284991296373638,0.0010098765590534427,7.492439581577836e-06,5.39119011478962,0.5189999999999962,0.8821403046041179,1.1713307279087635,2.891904233046456,0.36543960886554006,0.0,36.673502434543806,0.5459981696812942,0.0,282.57824664645176,91470.08672086314,1.1276602574618113,337.01241746774974,0.0,0.0,123.15768602224456,8552.07143717369
6.114921874999956,859.6526581595646,122.82592966101868,122.82596036441349,16.566580686933275,-0.2867265143999876,0.0010076026309446117,8.702125041765962e-06,5.39119011478962,0.5189999999999962,0.8821403046041179,1.171315995931944,2.8917569132782606,0.3644657745885925,0.0,36.46080796921591,0.5459007887956465,0.0,282.5622577219628,91442.60412053346,1.1273852368878687,337.00272817950946,-0.0001786265606483994,0.00019513787320368822,122.8259603644138,8503.988903529435
6.1349218749999554,862.1058660558957,122.49499072356002,122.49502163385615,16.52734778077717,-0.28846518924313597,0.001005623820862779,9.21282291938707e-06,5.39119011478962,0.5189999999999962,0.8821403046041179,1.1713017494803286,2.8916144487621076,0.36349419130088234,0.0,36.249335711201944,0.5458038928832656,0.0,282.54631187063666,91415.19555661058,1.1271109262017143,336.9930649936058,-0.00015147810262524337,0.00017713226050509453,122.49502163385642,8456.166813692274
6.154921874999955,864.5524630050468,122.16483419295658,122.16486531271056,16.488339888546275,-0.29020737850690864,0.0010038883787362475,9.416508184969757e-06,5.39119011478962,0.5189999999999962,0.8821403046041179,1.1712877561965607,2.891474515924428,0.362524846081552,0.0,36.03907673074001,0.5457074788413021,0.0,282.53040899046715,91387.86085376103,1.126837323893934,336.9834278482231,-0.0001626536011945355,0.00014341284344173192,122.16486531271086,8408.60339776871
6.174921874999955,866.9924646102527,121.83545558466383,121.83548691605623,16.44955532560529,-0.2919531177679724,0.0010023386619019276,9.299900535799426e-06,5.39119011478962,0.5189999999999962,0.8821403046041179,1.1712740234619134,2.891337188577956,0.3615577261038889,0.0,35.83002218203419,0.5456115435944076,0.0,282.51454898003334,91360.59983765706,1.1265644284638,336.9738166819002,-0.00013235470999487463,0.000100819890752441,121.83548691605654,8361.296901826661
6.194921874999954,869.4258863854028,121.50685044855832,121.50688199166926,16.41099233911176,-0.2937024071217671,0.0010008938679008142,7.932024012801038e-06,5.39119011478962,0.5189999999999962,0.8821403046041179,1.1712611016771093,2.8912079707299143,0.3605928186346358,0.0,35.62216329904442,0.5455160840944582,0.0,282.4987317384949,91333.41233496914,1.1262922384192045,336.9642314335279,0.0,0.0,121.50688199166959,8314.245587730551
6.214921874999954,871.8527437557167,121.1790143672656,121.17904611965496,16.3726494176894,-0.295455176331516,0.0009994871225772136,6.093973751552968e-06,5.39119011478962,0.5189999999999962,0.8821403046041179,1.1712485282200265,2.891082236159086,0.35963011103293535,0.0,35.4154914124924,0.5454210973202442,0.0,282.48295716558783,91306.29817335834,1.1260207522765955,336.95467204234626,0.0,0.0,121.1790461196553,8267.447732961171
6.234921874999953,874.273052058363,120.85194295338039,120.85197491203505,16.33452499709227,-0.2972113180483311,0.000998008465110894,4.851169090253961e-06,5.39119011478962,0.5189999999999962,0.8821403046041179,1.1712356722490422,2.890953676449244,0.35866959074913907,0.0,35.209997934277524,0.5453265802771508,0.0,282.4672251616206,91279.25718146957,1.125749968560917,336.9451384479421,0.0,0.0,120.8519749120354,8220.901630431326
6.254921874999953,876.6868265430926,120.52563185240737,120.52566401256686,16.296617549484598,-0.29897069295186485,0.0009963602353387697,5.189477806908212e-06,5.39119011478962,0.5189999999999962,0.8821403046041179,1.1712219498572236,2.8908164525310576,0.35771124532430526,0.0,35.00567435492953,0.5452325299969065,0.0,282.45153562746987,91252.28918892433,1.1254798858055468,336.9356305902468,0.0,0.0,120.52566401256726,8174.605588334887
6.2749218749999525,879.0940823728653,120.2000767395241,120.20010909637453,16.25892556463532,-0.3007331374062884,0.0009944927015348535,6.0535589088671055e-06,5.39119011478962,0.5189999999999962,0.8821403046041179,1.1712079850797266,2.890676804756087,0.3567550623891376,0.0,34.80251224060289,0.5451389435372839,0.0,282.43588846457635,91225.39402631388,1.1252105025522383,336.9261484095333,0.0,0.0,120.2001090963749,8128.557929971814
6.294921874999952,881.4948346244548,119.87527332109713,119.87530586975295,16.221447512795027,-0.30249849025314934,0.0009923827205632321,8.152474178783906e-06,5.39119011478962,0.5189999999999962,0.8821403046041179,1.1711933578418867,2.8905305323776886,0.35580102966343763,0.0,34.60050324649631,0.5450458179818478,0.0,282.42028357494104,91198.57152519234,1.1249418173510606,336.91669184641427,0.0,0.0,119.87530586975332,8082.756993598372
6.314921874999952,883.8890982890662,119.55121733344198,119.55125006982901,16.184182016027286,-0.30426659689019114,0.0009900433277315996,9.08578676697792e-06,5.39119011478962,0.5189999999999962,0.8821403046041179,1.1711794881710618,2.890391835669439,0.35484913495513104,0.0,34.3996390902973,0.5449531504396689,0.0,282.40472086112106,91171.82151806988,1.1246738287603404,336.9072608418394,0.00012781941140155124,2.9258316045444762e-05,119.5512500698294,8037.2011322594835
6.334921874999951,886.2768882729116,119.22790454123461,119.2279374644141,16.147127559038413,-0.3060373620661056,0.0009875313670083547,8.963169227325416e-06,5.39119011478962,0.5189999999999962,0.8821403046041179,1.1711663107398689,2.8902600613575102,0.3538993661598631,0.0,34.1999115787171,0.5448609380450924,0.0,282.3892002262261,91145.14383840622,1.1244065353466053,336.897855337093,0.00016312292350339856,6.56507728328516e-05,119.22793746441447,7991.8887136485055
6.354921874999951,888.6582193978145,118.90533074148307,118.90536385148766,16.110282543833225,-0.30781075563584637,0.0009849380067589904,8.626189420232322e-06,5.39119011478962,0.5189999999999962,0.8821403046041179,1.1711533271201422,2.8901302251602434,0.3529517112594982,0.0,34.00131260264147,0.544769177957404,0.0,282.37372157391417,91118.53832060397,1.1241399356845279,336.888475273792,0.00018391859145622312,0.00011372443734170957,118.90536385148803,7946.818119918972
6.37492187499995,891.0331064018391,118.5834917604637,118.58352505902549,16.07364550466278,-0.3095867728939087,0.0009823576504249022,7.91469113505746e-06,5.39119011478962,0.5189999999999962,0.8821403046041179,1.1711406316788624,2.8900032707474455,0.3520061583216417,0.0,33.80383412371592,0.5446778673605976,0.0,282.358284808388,91092.0048000015,1.1238740283568618,336.87912059388316,0.0,0.0,118.58352505902587,7901.987747544302
6.39492187499995,893.4015639398757,118.26238345453093,118.26241694466762,16.037214904800834,-0.3113654495382511,0.0009798826113416451,7.48295010917759e-06,5.39119011478962,0.5189999999999962,0.8821403046041179,1.1711278367722577,2.889875321681399,0.3510626954986862,0.0,33.607468183847466,0.5445870034630989,0.0,282.3428898343908,91065.54311286645,1.1236088119543879,336.8697912396408,0.0,0.0,118.262416944668,7857.39600715757
6.4149218749999495,895.7636065842414,117.94200171022646,117.94203539541283,16.000989274696707,-0.3131468479305415,0.000977597973299425,7.247205444858517e-06,5.39119011478962,0.5189999999999962,0.8821403046041179,1.1711149915680108,2.8897468696389295,0.3501213110269355,0.0,33.41220689531168,0.5444965834974999,0.0,282.3275365572024,91039.15309638904,1.1233442850758553,336.8604871536646,0.0,0.0,117.94203539541323,7813.041323396435
6.434921874999949,898.11924882514,117.62234242141001,117.6223763054482,15.964969570276429,-0.31493103797870137,0.0009755771137355457,7.250620849753878e-06,5.39119011478962,0.5189999999999962,0.8821403046041179,1.1711020700546957,2.8896176545057783,0.3491819931608186,0.0,33.21805555826069,0.5444068198315543,0.0,282.31222488263654,91012.83458867688,1.1230804463279378,336.8512082788777,0.0,0.0,117.62237630544857,7768.922131861362
6.454921874999949,900.4685050706776,117.30340149949674,117.30343558747829,15.929152348234956,-0.31671810862870103,0.0009738634322556302,7.769908982012953e-06,5.39119011478962,0.5189999999999962,0.8821403046041179,1.171088908082867,2.8894860347874918,0.34824473020654295,0.0,33.0249950443814,0.5443175259805746,0.0,282.2969547170406,90986.5874287548,1.1228172943252426,336.8419545585266,0.0,0.0,117.30343558747869,7725.0368805391045
6.474921874999948,902.8113896478598,116.98517491755929,116.98520921473525,15.893535593277191,-0.31850817239362933,0.0009724915130127337,8.237984024143335e-06,5.39119011478962,0.5189999999999962,0.8821403046041179,1.1710758408188757,2.8893553621475787,0.34730951064684246,0.0,32.83301572807567,0.5442286673491463,0.0,282.2817259672889,90960.4114565538,1.122554827690208,336.8327259361771,0.0,0.0,116.98520921473566,7681.384035228543
6.494921874999948,905.1479168034837,116.66765867996621,116.66769318998577,15.858117859374525,-0.3203013150112512,0.0009714669732174007,8.668045300169622e-06,5.39119011478962,0.5189999999999962,0.8821403046041179,1.171062860046074,2.889225554419561,0.3463763230490069,0.0,32.64211001636888,0.5441402412674354,0.0,282.26653854077733,90934.30651290095,1.12229304505301,336.8235223557111,-0.00010459401313079373,0.00018865638560894123,116.66769318998618,7637.962075311091
6.514921874999947,907.4781007047117,116.35084881927224,116.35088354404282,15.822897751355178,-0.3220975833448715,0.0009707815429434195,8.44130724669468e-06,5.39119011478962,0.5189999999999962,0.8821403046041179,1.1710503315963035,2.889100269921856,0.34544515606049325,0.0,32.452270383328326,0.5440522450885157,0.0,282.25139234541933,90908.27243951302,1.1220319450515086,336.81434376132415,0.0,0.0,116.35088354404324,7594.769493446257
6.534921874999947,909.801955439641,116.03474139590223,116.03477633550274,15.787873851140326,-0.3238969716201443,0.0009704163537318245,7.1149260797447526e-06,5.39119011478962,0.5189999999999962,0.8821403046041179,1.171038517181047,2.8889821257692905,0.3445159984081743,0.0,32.263489374758045,0.5439646761881294,0.0,282.2362872896423,90882.30907899022,1.1217715263311927,336.8051900975232,0.0,0.0,116.03477633550315,7551.804795430946
6.5549218749999465,912.1194950178523,115.71933249777574,115.71936765047506,15.753044841254914,-0.3256994274558567,0.0009703290106857855,4.836178695066375e-06,5.39119011478962,0.5189999999999962,0.8821403046041179,1.1710273292784943,2.8888702467437644,0.34358883889756564,0.0,32.07575961077399,0.5438775319644474,0.0,282.22122328238396,90856.41627480993,1.121511787545126,336.7960613091247,0.0,0.0,115.71936765047549,7509.066500059237
6.574921874999946,914.4307333709525,115.40461823959126,115.4046536022655,15.71840940123196,-0.32750485885541086,0.0009704352020554322,2.43582714661872e-06,5.39119011478962,0.5189999999999962,0.8821403046041179,1.1710162757978408,2.88875971193723,0.34266366641191304,0.0,31.889073781732915,0.5437908098378192,0.0,282.2062002330888,90830.59387132073,1.1212527273538966,336.7869573412518,0.0,0.0,115.4046536022659,7466.55313897749
6.594921874999946,916.7356843531103,115.09059476257187,115.09063033111248,15.683966250175525,-0.3293131417237034,0.0009706249050696715,4.1363003878717395e-06,5.39119011478962,0.5189999999999962,0.8821403046041179,1.1710028570819544,2.8886255247783654,0.34174046991143864,0.0,31.70342464618705,0.5437045072505383,0.0,282.19121805170477,90804.84171373633,1.1209943444255626,336.7778781393331,0.0,0.0,115.0906303311129,7424.263256547871
6.614921874999945,919.0343617415731,114.77725823353092,114.7772940040022,15.649714154958554,-0.33112414549307606,0.0009707922349810853,6.907230710061121e-06,5.39119011478962,0.5189999999999962,0.8821403046041179,1.1709888663566037,2.8884856175248586,0.34081923843281925,0.0,31.51880502030468,0.5436186216666344,0.0,282.17627664867973,90779.1596481299,1.120736637435606,336.7688236490999,0.0,0.0,114.77729400400263,7382.195409723321
6.634921874999945,921.3267792371852,114.46460484519018,114.46464081448737,15.615651800724908,-0.3329377523827839,0.0009708648863399521,9.388689435080456e-06,5.39119011478962,0.5189999999999962,0.8821403046041179,1.1709751081740263,2.8883480356990843,0.3398999610886762,0.0,31.335207786292422,0.5435331505716655,0.0,282.1613759349583,90753.5475214282,1.1204796050668797,336.75979381658476,2.3209370695069795e-05,-0.0001381213461672835,114.46464081448778,7340.348167924182
6.654921874999944,923.6129504649009,114.1526308157775,114.15266698243802,15.581777917484752,-0.33475387663781386,0.0009707608892494385,1.120859560441419e-05,5.39119011478962,0.5189999999999962,0.8821403046041179,1.1709618023743034,2.888214977701855,0.33898262706686344,0.0,31.15262589076066,0.5434480914724946,0.0,282.14651582197814,90728.00518140588,1.1202232460095605,336.7507885881188,7.115163713209994e-05,-0.00017000671076458716,114.15266698243845,7298.720112907287
6.674921874999944,925.8928889742995,113.84133238950814,113.84136875382075,15.548091271320262,-0.3365724759165057,0.0009703928936719552,1.1817250304222896e-05,5.39119011478962,0.5189999999999962,0.8821403046041179,1.170949273999959,2.888089693958411,0.3380672256298379,0.0,30.97105234260318,0.5433634418970762,0.0,282.131696221667,90702.53247667973,1.1199675589610982,336.74180791033024,0.00012338519825378914,-0.0001937267550453631,113.84136875382114,7257.309838639914
6.6949218749999435,928.1666082400957,113.53070583601183,113.53074240045046,15.514590529468682,-0.3383935615494009,0.0009696956398889367,1.1107603822753908e-05,5.39119011478962,0.5189999999999962,0.8821403046041179,1.1709375860373643,2.8879728143324646,0.3371537461139504,0.0,30.79048021909086,0.543279199394237,0.0,282.11691704643937,90677.12925670294,1.1197125426261674,336.7328517301423,0.00018328524656953513,-0.0002135113134021977,113.53074240045089,7216.115951171535
6.714921874999943,930.4341216626569,113.22074745078473,113.22078421973752,15.481274417871164,-0.3402171945988758,0.0009686480582422515,9.127104159649568e-06,5.39119011478962,0.5189999999999962,0.8821403046041179,1.1709267100815384,2.887864054774205,0.3362421779287204,0.0,30.610902664896347,0.5431953615334566,0.0,282.1021782091927,90651.79537175939,1.1194581957166168,336.72391999477077,0.00019714354313586177,-0.0002569250664208279,113.22078421973792,7175.137068506145
6.734921874999943,932.6954425685162,112.9114535550496,112.91149053434745,15.44814166145766,-0.34204347914131533,0.000967272539372156,6.4382673793147195e-06,5.39119011478962,0.5189999999999962,0.8821403046041179,1.1709163128247269,2.88776008220609,0.3353325105558528,0.0,30.432312891918016,0.5431119259046275,0.0,282.0874796233046,90626.53067295783,1.1192045169514195,336.7150126517226,0.0,0.0,112.91149053434786,7134.371820464902
6.754921874999942,934.9505842108854,112.60282049497246,112.6028576919907,15.415190992084545,-0.34387254927680994,0.0009656335137890467,4.8494294666755465e-06,5.39119011478962,0.5189999999999962,0.8821403046041179,1.1709053234406985,2.887650188365807,0.3344247335486388,0.0,30.25470417478717,0.5430288901178526,0.0,282.0728212026292,90601.33501222622,1.118951505056624,336.7061296487933,0.0,0.0,112.60285769199112,7093.818848566518
6.774921874999942,937.199559770153,112.29484464248057,112.29488206515998,15.382421113207707,-0.3457045685811912,0.000963842182801765,7.5228582756774925e-06,5.39119011478962,0.5189999999999962,0.8821403046041179,1.1708918695876933,2.8875156498357546,0.3335188365312021,0.0,30.078069849439963,0.5429462518032291,0.0,282.058202861494,90576.20824230617,1.1186991587653066,336.6972709340654,0.0,0.0,112.29488206516042,7053.476805902268
6.794921874999941,939.4423823544003,111.98752239447843,111.98756005092773,15.349830766949493,-0.3475397025513215,0.0009620234313074081,1.1971745363707912e-05,5.39119011478962,0.5189999999999962,0.8821403046041179,1.1708774229224295,2.887371183183116,0.33261480919792286,0.0,29.902403304548276,0.5428640086106524,0.0,282.0436245146964,90551.15021674706,1.1184474768175197,336.688436455906,-0.00039884125282998214,-5.584116977463799e-05,111.98756005092815,7013.344357019733
6.814921874999941,941.6790649998972,111.68085017349438,111.68088807084935,15.317418632072965,-0.3493781115080228,0.000960293908692851,1.5850899658836434e-05,5.39119011478962,0.5189999999999962,0.8821403046041179,1.1708633714109418,2.887230668068239,0.33171264131317546,0.0,29.72769797791349,0.5427821582096491,0.0,282.02908607750066,90526.16078990068,1.1181964579602446,336.6796261629654,-0.0003551704408288489,1.6706711871988304e-05,111.68088807084975,6973.420177820897
6.8349218749999405,943.9096206716176,111.37482442676885,111.37486257077681,15.285183418647584,-0.3512199176873709,0.000958744144261794,1.818728691903448e-05,5.39119011478962,0.5189999999999962,0.8821403046041179,1.1708502906938214,2.8870998608970355,0.3308123227108004,0.0,29.553947361566266,0.542700698289187,0.0,282.01458746563446,90501.23981691533,1.1179461009473424,336.67084000417447,-0.00025337176523473,5.194765312475233e-05,111.37486257077721,6933.702955449913
6.85492187499994,946.1340622637312,111.06944162689294,111.06948002069731,15.253123880628332,-0.35306519686136417,0.0009574202779766269,1.8778632290387452e-05,5.39119011478962,0.5189999999999962,0.8821403046041179,1.170838300177039,2.886979955729212,0.3299138432936493,0.0,29.381145012557912,0.5426196265574941,0.0,282.00012859528573,90476.38715373038,1.1176964045395041,336.66207792874314,-0.00017476377965605216,5.502007100278721e-05,111.06948002069772,6894.191388185028
6.87492187499994,948.3524026000988,110.76469827026261,110.76473691436837,15.22123890121975,-0.35491395942690745,0.0009563313163482195,1.8144603769561932e-05,5.39119011478962,0.5189999999999962,0.8821403046041179,1.1708270919188373,2.886867873147194,0.3290171930325263,0.0,29.209284558425278,0.5425389407418247,0.0,281.98570938309933,90451.60265707073,1.1174473675042047,336.65333988615816,-0.00011584353073377765,4.4034398904295425e-05,110.76473691436878,6854.884185306325
6.894921874999939,950.5646544347439,110.46059087656808,110.4606297690596,15.189527269090283,-0.3567661536801637,0.0009554766070430733,1.5910819095929455e-05,5.39119011478962,0.5189999999999962,0.8821403046041179,1.1708168872323463,2.886765826282285,0.32812236196544453,0.0,29.038359677929893,0.5424586385882557,0.0,281.97132974617415,90426.88618444152,1.117198988615656,336.64462582618154,-3.0183322361549644e-05,5.8354621700896605e-05,110.46062976905998,6815.780066978052
6.914921874999939,952.7708304523103,110.15711598799449,110.15715512528477,15.157987936003277,-0.3586216784894737,0.0009548331462430947,1.2738366395810473e-05,5.39119011478962,0.5189999999999962,0.8821403046041179,1.170807294483818,2.8866698987970008,0.32722934019685535,0.0,28.868364119771233,0.5423787178614826,0.0,281.95698960205993,90402.23759412309,1.1169512666547647,336.63593569884836,-1.5391500056047015e-05,9.233299370683903e-05,110.15715512528517,6776.8777641309725
6.934921874999938,954.9709432685029,109.85427016845419,109.85430954657885,15.126619814657202,-0.3604804095072406,0.0009543541868871292,9.138494741253073e-06,5.39119011478962,0.5189999999999962,0.8821403046041179,1.1707980106800195,2.886577060759017,0.32633811789700823,0.0,28.699291685107305,0.5422991763446297,0.0,281.9426888687547,90377.65674516595,1.1167042004090872,336.62726945446536,1.2406499873208797e-05,0.00010787294197815161,109.85430954657927,6738.1760183513525
6.954921874999938,957.1650054305338,109.55205000497975,109.55208961936962,15.095421725092145,-0.3623422152600635,0.0009539599956064484,5.073139665700692e-06,5.39119011478962,0.5189999999999962,0.8821403046041179,1.1707890580551936,2.8864875345107577,0.3254486853015937,0.0,28.53113622498769,0.5422200118390859,0.0,281.9284274647015,90353.14349738587,1.1164577886727902,336.6186270436091,0.0,0.0,109.55208961937008,6699.673581782692
6.9749218749999375,959.3530294175928,109.25045210829241,109.25049195275832,15.0643926015675,-0.36420694029849116,0.0009535473444696622,3.257736014014362e-06,5.39119011478962,0.5189999999999962,0.8821403046041179,1.1707788285796745,2.8863852397555667,0.32456103271111464,0.0,28.363891648876205,0.5421412221643187,0.0,281.9142053087856,90328.69771135859,1.1162120302466014,336.61000841712405,0.0,0.0,109.25049195275878,6661.369217017124
6.994921874999937,961.5350276412938,108.94947310965816,108.9495131782894,15.033531391644024,-0.3660744103407542,0.0009530080139515829,6.676135970916272e-06,5.39119011478962,0.5189999999999962,0.8821403046041179,1.1707655551944545,2.886252505903366,0.32367515049022555,0.0,28.197551915847146,0.5420628051576879,0.0,281.9000223203316,90304.31924841487,1.1159669239377703,336.60141352612095,0.0,0.0,108.94951317828983,6623.261696986627
7.014921874999937,963.7110124460968,108.64910966236718,108.64914994985946,15.002836994965177,-0.3679444633699265,0.0009522385661701711,1.0500403279045364e-05,5.39119011478962,0.5189999999999962,0.8821403046041179,1.1707520959965934,2.886117913924755,0.32279102906748486,0.0,28.032111031745433,0.5419847586742945,0.0,281.8858784191003,90280.00797063574,1.1157224685600247,336.5928423219748,-6.70501170080482e-05,-8.429881972548967e-05,108.6491499498599,6585.34980487214
7.034921874999936,965.8809961097431,108.34935844172114,108.34939894356069,14.972308354462143,-0.3698169606733339,0.0009511597340179851,1.3541671582480831e-05,5.39119011478962,0.5189999999999962,0.8821403046041179,1.1707391545377959,2.88598849933678,0.3219086589349114,0.0,27.867563053631685,0.5419070805868171,0.0,281.87177352528664,90255.76374084761,1.1154786629335305,336.58429475632374,-1.3554415401216713e-05,-0.00011455140882517991,108.3493989435611,6547.6323340055205
7.054921874999936,968.0449908436894,108.05021614362934,108.05025685747971,14.941944444072712,-0.37169179600990093,0.0009497062463354421,1.5105206482056857e-05,5.39119011478962,0.5189999999999962,0.8821403046041179,1.1707271418237701,2.885868372196523,0.32102803064741053,0.0,27.70390208799076,0.5418297687853355,0.0,281.857707559516,90231.58642261753,1.11523550588485,336.5757707810667,7.703554592865001e-05,-0.00013983910428554737,108.05025685748011,6510.108087767055
7.074921874999935,970.2030087935268,107.75167948558735,107.75172041157437,14.911744148095897,-0.37356891782940166,0.0009478368230137327,1.4992301098619636e-05,5.39119011478962,0.5189999999999962,0.8821403046041179,1.17071617521646,2.8857587061234224,0.32014913482242896,0.0,27.541122298004147,0.5417528211771776,0.0,281.84368044284207,90207.47588024836,1.1149929962469,336.5672703483623,0.00015068802583450013,-0.0001561126288562018,107.75172041157474,6472.775879493262
7.094921874999935,972.3550620394137,107.45374520700211,107.45378634736062,14.881706380429081,-0.3754483293456189,0.000945547662130736,1.3454510863249802e-05,5.39119011478962,0.5189999999999962,0.8821403046041179,1.1707061054821717,2.8856580087805384,0.31927196213904707,0.0,27.37921790610178,0.5416762356867173,0.0,281.82969209674377,90183.43197877407,1.1147511328589135,336.5587934106267,0.0002171254337934167,-0.00017990560583203185,107.45378634736097,6435.634532362811
7.114921874999935,974.5011625965128,107.1564100690567,107.1564514276676,14.851830020438927,-0.37733007927463486,0.0009428692140248037,1.0861433804318581e-05,5.39119011478962,0.5189999999999962,0.8821403046041179,1.1706967135356632,2.8855640893154533,0.3183965033372726,0.0,27.21818318912211,0.5416000102551928,0.0,281.81574244312264,90159.45458395475,1.1145099145663921,336.55033992053234,0.00025506809541872826,-0.00017035979906918655,107.156451427668,6398.682879291723
7.134921874999934,976.6413224154363,106.85967085518737,106.85971243642892,14.8221139702337,-0.379214236203566,0.0009398648312811385,7.207388371942797e-06,5.39119011478962,0.5189999999999962,0.8821403046041179,1.1706880024490642,2.885476978449464,0.31752274921744184,0.0,27.058012472704515,0.5415241428405351,0.0,281.80183140429966,90135.5435622717,1.1142693402210682,336.54190983100557,0.0,0.0,106.8597124364293,6361.919762833946
7.154921874999934,978.7755533826733,106.56352436958468,106.5635661785097,14.792557206080527,-0.38110088122292907,0.0009366408854883751,2.5625665154404224e-06,5.39119011478962,0.5189999999999962,0.8821403046041179,1.1706799304372777,2.8853962583315984,0.3166506906397275,0.0,26.898700134099787,0.5414486314172087,0.0,281.7879589030126,90111.69878092268,1.1140294086808604,336.5335030952257,0.0,0.0,106.56356617851009,6325.344035087195
7.174921874999933,980.903867321005,106.2679674372611,106.26800947949016,14.7631586697078,-0.3829901079216053,0.0009333357207652936,2.529601040625372e-06,5.39119011478962,0.5189999999999962,0.8821403046041179,1.170669179603075,2.885288749989572,0.3157803185235164,0.0,26.74024059984144,0.5413734739760405,0.0,281.77412486241343,90087.92010781716,1.1137901188098338,336.5251196666226,0.0,0.0,106.26800947949054,6288.954557594448
7.194921874999933,983.026275989926,105.97299690457888,105.97303918552358,14.733917337876672,-0.3848820140128954,0.0009301001590772051,7.220577495632787e-06,5.39119011478962,0.5189999999999962,0.8821403046041179,1.1706556831973576,2.8851537859323972,0.3149116238470079,0.0,26.582628338496026,0.5412986685240713,0.0,281.7603292060655,90064.20741157171,1.1135514694781594,336.5167594988757,0.0,0.0,105.97303918552396,6252.750201255237
7.214921874999932,985.1427910860571,105.67860963790041,105.67865216322741,14.704832175148917,-0.3867766973023119,0.0009270654631819492,1.1538349284989917e-05,5.39119011478962,0.5189999999999962,0.8821403046041179,1.170642459153106,2.885021545489881,0.3140445976469115,0.0,26.42585786376706,0.5412242130844147,0.0,281.7465718579406,90040.56056150538,1.1133134595620762,336.508422545912,-0.00032952184582085817,0.0001527351300249616,105.67865216322782,6216.729846241635
7.234921874999932,987.2534242435576,105.38480252440756,105.38484529949571,14.675902107658407,-0.3886742507103221,0.0009243421092472572,1.5028831309700613e-05,5.39119011478962,0.5189999999999962,0.8821403046041179,1.1706297760333886,2.8848947142927073,0.31317923101790923,0.0,26.26992373366281,0.5411501056960999,0.0,281.73285274241687,90016.97942763506,1.113076087943847,336.5001087619046,-0.00027644119556989013,0.00015979650460806754,105.38484529949609,6180.892381905675
7.254921874999932,989.3581870345349,105.09157247224661,105.09161550141832,14.647126065648298,-0.3905747566044023,0.0009220149611939746,1.7155152335158198e-05,5.39119011478962,0.5189999999999962,0.8821403046041179,1.170617951455676,2.884776468515582,0.3123155151124365,0.0,26.114820550244705,0.5410763444139401,0.0,281.7191717842755,89993.4638806709,1.1128393535117238,336.49181810127095,-0.0002195741552767833,0.00012408209341478342,105.09161550141872,6145.236706700246
7.274921874999931,991.4570909694752,104.79891641053747,104.79895969603348,14.618503007032825,-0.3924782556108244,0.0009201328531344057,1.7817589554794522e-05,5.39119011478962,0.5189999999999962,0.8821403046041179,1.170607044179365,2.8846673957524716,0.3114534411399664,0.0,25.9605429665113,0.5410029273083621,0.0,281.7055289086984,89970.01379201154,1.1126032551599008,336.4835505186712,-0.00013872927434878943,0.00012552863890162854,104.79895969603389,6109.761728081062
7.294921874999931,993.5501474976388,104.50683128774399,104.50687483014251,14.590031962289414,-0.39438474815413854,0.0009187178291205872,1.7035442566593367e-05,5.39119011478962,0.5189999999999962,0.8821403046041179,1.170597042511756,2.8845673790763815,0.3105930003664791,0.0,25.807085685978407,0.540929852465251,0.0,281.69192404126534,89946.62903373965,1.1123677917884804,336.4753059690068,-5.608647972199039e-05,0.00010220630936265277,104.50687483014289,6074.466362416966
7.31492187499993,995.6373680074591,104.21531407248953,104.21535787010293,14.561711975158673,-0.39629418988649934,0.0009177546109688739,1.4831649056879065e-05,5.39119011478962,0.5189999999999962,0.8821403046041179,1.1705879326221622,2.8844762801804436,0.30973418411386666,0.0,25.65444346121917,0.5408571179857934,0.0,281.6783571079515,89923.30947861749,1.1121329623034317,336.4670844074186,3.1146861965725633e-06,0.00011481480091569988,104.2153578701033,6039.349534898549
7.33492187499993,997.718763826922,103.92436175136397,103.9244058015644,14.53354217140204,-0.3982065017836527,0.0009172001350519349,1.1859040244143924e-05,5.39119011478962,0.5189999999999962,0.8821403046041179,1.1705793276849987,2.8843902308088087,0.30887698375916744,0.0,25.502611096834993,0.540784721986305,0.0,281.66482803512497,89900.05500008272,1.1118987656165564,336.4588857892858,5.0665207093105804e-05,0.00011925826532445855,103.9244058015648,6004.410179441045
7.354921874999929,999.7943462239334,103.63397132990961,103.6340156293494,14.505521602265485,-0.40012158907431117,0.0009169867496560891,8.342840645644847e-06,5.39119011478962,0.5189999999999962,0.8821403046041179,1.17057109407423,2.8843078947011214,0.3080213907342307,0.0,25.351583437707756,0.5407126625980977,0.0,281.6513367495444,89876.86547224417,1.1116652006454504,336.45071007022386,0.0,0.0,103.63401562934979,5969.64723860491
7.374921874999929,1001.8641264036132,103.34413935088737,103.34418389535969,14.47770119326072,-0.40203933991925983,0.000917025310710521,4.893664754600817e-06,5.39119011478962,0.5189999999999962,0.8821403046041179,1.1705628698819845,2.884225652778667,0.30716739509280955,0.0,25.20163506049928,0.5406409378471977,0.0,281.6378831783765,89854.73883557167,1.1114446117361494,336.4425572060962,0.0,0.0,103.34418389536012,5935.125532840244
7.394921874999929,1003.9281154972165,103.05486221499652,103.0549069997672,14.45003302788077,-0.40395963116060446,0.0009172266461201572,3.7401024078336985e-06,5.39119011478962,0.5189999999999962,0.8821403046041179,1.1705533350060664,2.8841303040194854,0.3063149864650567,0.0,25.052507315879687,0.5405695457357462,0.0,281.6244672492681,89832.78390785321,1.11122597725361,336.4344271530565,0.0,0.0,103.05490699976761,5900.784322092842
7.414921874999928,1005.9863245719879,102.76613698252878,102.76618200305595,14.422510459821192,-0.40588233404803137,0.0009174929359423892,6.489348773382401e-06,5.39119011478962,0.5189999999999962,0.8821403046041179,1.1705415372771515,2.8840123267303364,0.3054641564415264,0.0,24.904164165130556,0.5404984844412821,0.0,281.6110888902821,89810.89046296723,1.1110079342935595,336.426319867511,0.0,0.0,102.76618200305639,5866.615271409559
7.434921874999928,1008.0387646369401,102.4779607508198,102.47800600329295,14.395132609857617,-0.40780733171298345,0.0009177179113861621,9.85579743573878e-06,5.39119011478962,0.5189999999999962,0.8821403046041179,1.1705294221967337,2.8838911759261587,0.30461489672238556,0.0,24.75660067632074,0.5404277521604821,0.0,281.5977480298599,89789.05838380939,1.1107904818611372,336.4182353060951,1.5515515520994494e-06,-0.00015865103305778432,102.47800600329336,5832.617369665916
7.454921874999927,1010.0854466432114,102.19033063534606,102.19037611678444,14.367898562377007,-0.40973452781294606,0.0009178062027561581,1.3086053496891892e-05,5.39119011478962,0.5189999999999962,0.8821403046041179,1.1705174356800094,2.883771310758916,0.30376719905993915,0.0,24.609811960328038,0.5403573471042284,0.0,281.5844445968191,89767.28755389096,1.1105736189667326,336.4101734256724,-7.759874730113543e-06,-0.00018287137656978475,102.19037611678488,5798.789613845567
7.474921874999927,1012.1263814844312,101.90324376946603,101.90328947792118,14.340807432175037,-0.41166384421052776,0.0009176565010392371,1.5884959336785266e-05,5.39119011478962,0.5189999999999962,0.8821403046041179,1.1705057522331175,2.8836544762899963,0.3029210552581876,0.0,24.463793168473323,0.5402872674974749,0.0,281.57117852035117,89745.57785733494,1.110357344625952,336.4021341833328,2.334065881239509e-05,-0.00019710494565007152,101.90328947792159,5765.1310089625085
7.4949218749999265,1014.1615799970729,101.6166973042023,101.616743239056,14.313858315918948,-0.4135952282562063,0.0009171728235371029,1.7885434916109216e-05,5.39119011478962,0.5189999999999962,0.8821403046041179,1.1704945890122487,2.8835428440813082,0.3020764571724813,0.0,24.318539491120664,0.5402175115791212,0.0,281.557949730019,89723.92917887233,1.1101416578595886,336.3941175363915,5.452957656243685e-05,-0.00017815931071082458,101.61674323905642,5731.640567987769
7.514921874999926,1016.1910529608109,101.33068840865981,101.33073457035093,14.28705033841563,-0.4155286532539807,0.000916282938353136,1.8643853879936302e-05,5.39119011478962,0.5189999999999962,0.8821403046041179,1.1704842084735636,2.8834390386944575,0.3012333967090833,0.0,24.174046157961108,0.5401480776018814,0.0,281.5447581557547,89702.34140383829,1.1099265576935868,336.3861234423874,0.00012073725683378165,-0.00020240628962009781,101.33073457035134,5698.317311773191
7.534921874999926,1018.214811098872,101.04521426915169,101.04526065962187,14.26038262666924,-0.41746412188651505,0.0009149469249691089,1.8292782253338525e-05,5.39119011478962,0.5189999999999962,0.8821403046041179,1.1704745318707586,2.883342272666407,0.30039186582472527,0.0,24.03030844533187,0.5400789638321526,0.0,281.5316037278573,89680.81441816843,1.1097120431590137,336.3781518590815,0.00014408771868242975,-0.00021705435973869204,101.04526065962227,5665.160268975743
7.554921874999925,1020.2328650783853,100.76027208832853,100.7603187107715,14.23385459150711,-0.41940166351280544,0.0009131488506851959,1.7386066717242065e-05,5.39119011478962,0.5189999999999962,0.8821403046041179,1.1704652309486587,2.8832492634454088,0.2995518565219658,0.0,23.88732339290744,0.5400102074057733,0.0,281.5184863769905,89659.34810839506,1.1094981132920247,336.37020274445626,0.00015778674990486857,-0.00022868641621818627,100.76031871077191,5632.168475824638
7.574921874999925,1022.2452255106153,100.47585907833773,100.47590593669473,14.207465359994844,-0.42134132817329173,0.0009108900948286404,1.5574422514110494e-05,5.39119011478962,0.5189999999999962,0.8821403046041179,1.1704565123305444,2.883162077264265,0.298713360828115,0.0,23.745086099298216,0.5399418016029687,0.0,281.50540603418096,89637.94236164475,1.1092847671338455,336.36227605671365,0.0001924526182695749,-0.0002819942783322003,100.47590593669513,5599.340975276017
7.594921874999924,1024.2519029513157,100.19197247666895,100.19201957631691,14.181213765384959,-0.423283187571409,0.0009081909935501313,1.3209339398906949e-05,5.39119011478962,0.5189999999999962,0.8821403046041179,1.1704481676138963,2.883078630097784,0.2978763708459036,0.0,23.603590452065056,0.5398737107542102,0.0,281.49236263081644,89616.59706563453,1.1090720037307393,336.3543717542748,0.0001860109536188029,-0.000302323077351612,100.19201957631729,5566.676818863873
7.614921874999924,1026.25290790119,99.90860953993358,99.90865688646916,14.15509890915527,-0.4252273302876869,0.0009050917411871912,1.0723526206985819e-05,5.39119011478962,0.5189999999999962,0.8821403046041179,1.1704399402753474,2.882996356712295,0.29704087872934876,0.0,23.46283188895878,0.5398059331800313,0.0,281.47935609864226,89595.31210866701,1.1088598221339634,336.3464897957772,0.00014265364600006593,-0.0003361254592342471,99.90865688646959,5534.17506572923
7.6349218749999235,1028.248250806245,99.62576754190366,99.6258151408168,14.129119958360937,-0.4271738452200774,0.0009016502306378729,8.67504857189216e-06,5.39119011478962,0.5189999999999962,0.8821403046041179,1.1704314995415426,2.882911949374247,0.29620687668058315,0.0,23.322805884448826,0.5397384672139948,0.0,281.4663863697594,89574.08737962665,1.1086482213997373,336.3386301400742,0.0,0.0,99.62581514081722,5501.83478244515
7.654921874999923,1030.23794205813,99.34344377274124,99.3434916297262,14.103276072285881,-0.4291228189501748,0.0008979342417654644,7.731706967250154e-06,5.39119011478962,0.5189999999999962,0.8821403046041179,1.1704224495826774,2.8828214497855953,0.2953743569494777,0.0,23.183507949175908,0.539671311202574,0.0,281.4534533766221,89552.92276797605,1.1084372005892105,336.330792746233,0.0,0.0,99.34349162972663,5469.65504294766
7.674921874999923,1032.2219919944664,99.06163553992886,99.06168366016331,14.07756636589154,-0.4310743375947798,0.0008940174188218394,7.842372271887511e-06,5.39119011478962,0.5189999999999962,0.8821403046041179,1.1704128204244513,2.882725158203334,0.29454331183335486,0.0,23.044933628486138,0.5396044635050414,0.0,281.44055705203596,89531.81816375258,1.108226758768434,336.32297757353376,0.0,0.0,99.06168366016377,5437.634928470717
7.694921874999922,1034.2004108991998,98.78034016793232,98.78038855555305,14.05198997640303,-0.4330284660066907,0.0008899733025918242,8.440228692132464e-06,5.39119011478962,0.5189999999999962,0.8821403046041179,1.1704029475214377,2.8826264291731984,0.29371373367658693,0.0,22.9070785043476,0.5395379224933513,0.0,281.4276973291552,89510.77345756453,1.1080168950083273,336.3151845814681,0.0,0.0,98.78038855555349,5405.773527477455
7.714921874999922,1036.1732090029332,98.49955499822751,98.4996036556671,14.026546073269138,-0.43498524253683807,0.0008858676897673317,8.672411806185927e-06,5.39119011478962,0.5189999999999962,0.8821403046041179,1.1703933357991982,2.882530311950804,0.2928856148702792,0.0,22.769938194436374,0.539471686552027,0.0,281.41487414148094,89489.78854058759,1.107807608384648,336.30741372973745,0.0,0.0,98.49960365566753,5374.069935595183
7.734921874999921,1038.1403964832607,98.21927738828344,98.2193263164598,14.001233856087648,-0.4369446712207263,0.0008817652987614362,8.430594506005435e-06,5.39119011478962,0.5189999999999962,0.8821403046041179,1.1703840491832576,2.882437445791397,0.2920589478517971,0.0,22.633508355493284,0.5394057540780386,0.0,281.40208742285876,89468.86330456135,1.107598897977963,336.2996649782524,0.0,0.0,98.21932631646025,5342.523255545275
7.754921874999921,1040.1019834650865,97.93950471153686,97.93955390992166,13.97605255728907,-0.43890672548231713,0.000877733845692513,7.897292099058522e-06,5.39119011478962,0.5189999999999962,0.8821403046041179,1.1703749793230922,2.8823467471897435,0.29123372510434625,0.0,22.497784681603303,0.5393401234806864,0.0,281.38933710747693,89447.99764178584,1.1073907628736155,336.291938287131,0.0,0.0,97.93955390992208,5311.132597075617
7.7749218749999205,1042.0579800209355,97.66023435678447,97.66028382393411,13.951001458950383,-0.44087135708127323,0.0008738268437930766,7.575126610284503e-06,5.39119011478962,0.5189999999999962,0.8821403046041179,1.1703658282868994,2.8822552368278154,0.2904099391565571,0.0,22.362762903535486,0.5392747931814836,0.0,281.3766231298639,89427.19144511828,1.1071832021617019,336.2842336166975,0.0,0.0,97.66028382393456,5279.897076893899
7.79492187499992,1044.0083961712562,97.38146372740206,97.3815134621363,13.926079801445054,-0.44283851018296444,0.0008700825847973198,7.498423627935728e-06,5.39119011478962,0.5189999999999962,0.8821403046041179,1.1703565754644734,2.882162708603555,0.2895875825821029,0.0,22.228438785415783,0.5392097616140448,0.0,281.3639454248868,89406.44460796982,1.1069762149370415,336.2765509274814,0.0,0.0,97.38151346213675,5248.81581860271
7.81492187499992,1045.9532418847232,97.10319024268065,97.10324024382471,13.901286742572943,-0.4448081325544966,0.0008665317717670717,7.692622538838568e-06,5.39119011478962,0.5189999999999962,0.8821403046041179,1.1703472055780453,2.8820690097392743,0.2887666479994172,0.0,22.094808126338847,0.5391450272239824,0.0,281.35130392774926,89385.75702430234,1.1067698002991495,336.2688901802161,0.0,0.0,97.10324024382514,5217.887952638835
7.834921874999919,1047.8925270785621,96.82541133859242,96.82546160380934,13.876621489223249,-0.44678016317766633,0.0008632036952460685,8.367516170882153e-06,5.39119011478962,0.5189999999999962,0.8821403046041179,1.1703375941060707,2.881972895019529,0.2879471280712815,0.0,21.96186676076438,0.5390805884687928,0.0,281.33869857398935,89365.12858862495,1.106563957352208,336.2612513358375,0.0,0.0,96.82546160380979,5187.1126162083565
7.854921874999919,1049.8262616188774,96.5481244667897,96.54817499229159,13.852083324613119,-0.448754513421346,0.0008601219084318754,9.419584918640987e-06,5.39119011478962,0.5189999999999962,0.8821403046041179,1.1703278021200867,2.8818749751596884,0.28712901550447617,0.0,21.82961055652706,0.5390164438177509,0.0,281.32612929947726,89344.55919599063,1.1063586852050358,336.2536343554832,0.0,0.0,96.54817499229199,5156.488953224676
7.874921874999918,1051.7544553209377,96.27132709186054,96.27137787470178,13.827671530056495,-0.4507310883744358,0.00085729744225696,1.0382046548013604e-05,5.39119011478962,0.5189999999999962,0.8821403046041179,1.170318105913423,2.8817780130930504,0.2863123030493133,0.0,21.698035413685655,0.5389525917517931,0.0,281.31359604041387,89324.04874199303,1.1061539829710623,336.2460392004908,0.0,0.0,96.27137787470221,5126.01611424284
7.894921874999918,1053.6771179494526,95.99501669350661,95.99506773168966,13.80338536695901,-0.45270981292456236,0.0008547373474329079,1.1069607193010486e-05,5.39119011478962,0.5189999999999962,0.8821403046041179,1.1703086150168542,2.881683104127364,0.285496983499622,0.0,21.567137266585714,0.538889030763439,0.0,281.30109873332856,89303.59712276363,1.105949849768303,336.2384658323971,0.00010587492897486591,4.132650096625384e-05,95.99506773169009,5095.693256410659
7.9149218749999175,1055.5942592188806,95.71919076701276,95.71924205891781,13.77922407587695,-0.45469062711819097,0.0008524175320998054,1.1418305856415051e-05,5.39119011478962,0.5189999999999962,0.8821403046041179,1.1702993670856514,2.8815906248153356,0.28468304969214925,0.0,21.436912083294338,0.5388257593566679,0.0,281.28863731507727,89283.20423496843,1.1057462847193318,336.2309142129368,0.0001433302449169687,1.1366243085873966e-05,95.71924205891825,5065.51954339937
7.934921874999917,1057.505888793738,95.44384682265742,95.44389836693279,13.755186948767278,-0.4566734754771441,0.0008502952788596912,1.1532208798165338e-05,5.39119011478962,0.5189999999999962,0.8821403046041179,1.1702903002673402,2.881499956632223,0.28387049450619056,0.0,21.30735586574383,0.5387627760468128,0.0,281.2762117228407,89262.8699758047,1.105543286951253,336.2233843040415,0.00018409284158027054,-1.1317491833061339e-05,95.4438983669332,5035.494145343119
7.954921874999917,1059.4120162888864,95.16898238493636,95.16903418106027,13.731273254775902,-0.45865831637066734,0.0008483158109063661,1.140832550666329e-05,5.39119011478962,0.5189999999999962,0.8821403046041179,1.1702814161089135,2.881411115047956,0.2830593108632934,0.0,21.178464648051236,0.5387000793604622,0.0,281.2638218941222,89242.59424299786,1.1053408555956739,336.21587606783805,0.0002000323248499189,-3.7574027670962096e-05,95.1690341810607,5005.616238781585
7.974921874999916,1061.3126512698254,94.89459499280808,94.89464704128694,13.707482234191348,-0.460645123159136,0.0008464228414062984,1.1355897195487743e-05,5.39119011478962,0.5189999999999962,0.8821403046041179,1.1702725311995734,2.8813222659545557,0.2822494917269188,0.0,21.050234498204347,0.5386376678353595,0.0,281.2514677667461,89222.37693479842,1.1051389897886796,336.2083894666481,0.00019971869414435966,-4.6537173902049674e-05,94.8946470412874,4975.885006601648
7.994921874999916,1063.2078032529848,94.62068220053628,94.62073450211645,13.683813156599799,-0.462633883474025,0.0008445675523314112,1.1257844540126577e-05,5.39119011478962,0.5189999999999962,0.8821403046041179,1.1702637146848855,2.881234100807677,0.2814410301020277,0.0,20.92266151403026,0.5385755400202971,0.0,281.23914927885556,89202.21794997882,1.1049376886708058,336.20092446298645,0.00021755580002964607,-7.817383597999184e-05,94.62073450211692,4946.299637976905
8.014921874999915,1065.09748170602,94.34724157629608,94.3472941324961,13.660265350290327,-0.4646245934514781,0.0008427071258207547,1.0601880361168172e-05,5.39119011478962,0.5189999999999962,0.8821403046041179,1.170255269831127,2.881149652270092,0.2806339190348767,0.0,20.795741823257746,0.5385136944750266,0.0,281.22686636891086,89182.11718783039,1.1047369513870129,336.19348101955995,0.00025041669450158005,-0.00011529779210014558,94.34729413249656,4916.859328315118
8.034921874999915,1066.9816960480866,94.07427070191342,94.07432351569392,13.636838128698024,-0.46661727030825323,0.0008408014388571104,9.16999105642467e-06,5.39119011478962,0.5189999999999962,0.8821403046041179,1.1702473255862051,2.881070209820873,0.27982815161266633,0.0,20.66947158699746,0.5384521297701608,0.0,281.2146189756874,89162.07454816026,1.1045367770866596,336.1860590992666,0.0,0.0,94.07432351569437,4887.563279200909
8.054921874999915,1068.8604556501205,93.8017671737645,93.80182024914949,13.613530708131231,-0.46861195616028367,0.0008388097251228597,7.862533844601016e-06,5.39119011478962,0.5189999999999962,0.8821403046041179,1.1702393483522646,2.8809904374814677,0.27902372096311057,0.0,20.543847002014424,0.5383908444870675,0.0,281.2024070382742,89142.08993128857,1.104337164923479,336.1786586651942,0.0,0.0,93.80182024914993,4858.410698336269
8.074921874999914,1070.7337698351355,93.52972860312842,93.5297819443423,13.59034238287712,-0.47060870324977533,0.0008366974636386444,6.948640107326205e-06,5.39119011478962,0.5189999999999962,0.8821403046041179,1.170231178484314,2.8809087388019616,0.27822062025405936,0.0,20.418864292102604,0.5383298372177714,0.0,281.1902304960716,89122.16323804518,1.1041381140555502,336.17127968061936,0.0,0.0,93.52978194434279,4829.400799483429
8.094921874999914,1072.6016478785132,93.25815261553642,93.25820622670255,13.567272400272547,-0.47260756433214757,0.0008344349314709102,6.679810129026944e-06,5.39119011478962,0.5189999999999962,0.8821403046041179,1.1702226667611995,2.880823621570816,0.2774188426932458,0.0,20.294519711183735,0.5382691065648628,0.0,281.17808928878964,89102.29436976659,1.1039396236452723,336.16392210900653,0.0,0.0,93.25820622670301,4800.532802412594
8.114921874999913,1074.4640990082905,92.98703685082056,92.9870907355071,13.544320114159255,-0.47460858400986966,0.0008319996396117848,6.819524194113435e-06,5.39119011478962,0.5189999999999962,0.8821403046041179,1.1702139530687783,2.8807364846466044,0.2766183815279912,0.0,20.170809542223793,0.5382086511414077,0.0,281.1659833564461,89082.48322829296,1.103741692859339,336.1565859140063,0.0,0.0,92.98709073550754,4771.80593284866
8.134921874999913,1076.3211324054257,92.716378961398,92.71643312377094,13.521484859902188,-0.47661180752518656,0.0008293747560274926,7.538794787885896e-06,5.39119011478962,0.5189999999999962,0.8821403046041179,1.1702049359063664,2.8806463130224857,0.2758192300448945,0.0,20.047730099577898,0.5381484695708534,0.0,281.1539126393647,89062.72971596521,1.103544320868713,336.14927105945503,0.0,0.0,92.71643312377142,4743.219422417876
8.154921874999912,1078.172757204071,92.44617661408853,92.44623105812411,13.498765921220816,-0.4786172822418299,0.0008265453904021354,8.261131732548283e-06,5.39119011478962,0.5189999999999962,0.8821403046041179,1.1701959565725213,2.8805565196840344,0.2750213815694792,0.0,19.925277725097352,0.538088560486936,0.0,281.14187707817354,89043.03373562211,1.1033475068486016,336.1419775093732,0.0,0.0,92.44623105812462,4714.772508593494
8.174921874999912,1080.0189824918468,92.17642748898328,92.17648221872675,13.4761626361838,-0.4806250544476572,0.0008235051872006957,8.928320186184828e-06,5.39119011478962,0.5189999999999962,0.8821403046041179,1.1701870493752669,2.88046744771149,0.2742248294659538,0.0,19.803448791278168,0.538028922533593,0.0,281.129876613803,89023.39519059748,1.1031512499784335,336.1347052279646,0.0,0.0,92.17648221872724,4686.4644346458335
8.194921874999912,1081.8598173101107,91.90712927972038,91.90718429914526,13.45367433837107,-0.4826351699692286,0.0008202669114097467,9.433211841541077e-06,5.39119011478962,0.5189999999999962,0.8821403046041179,1.1701782775794982,2.8803797297538036,0.2734295671368563,0.0,19.682239699416705,0.5379695543648711,0.0,281.11791118748425,89003.81398471716,1.1029555494418315,336.1274541796155,0.0,0.0,91.90718429914575,4658.294449588784
8.214921874999911,1083.6952706542297,91.638279693591,91.63833500623855,13.431300297691644,-0.4846476692313601,0.0008168612113699191,9.707291665723746e-06,5.39119011478962,0.5189999999999962,0.8821403046041179,1.1701696816111113,2.880293770069935,0.2726355880227282,0.0,19.561646879669073,0.5379104546448356,0.0,281.1059807407475,88984.29002229622,1.10276040442659,336.12022432889296,0.0,0.0,91.63833500623905,4630.2618081278015
8.23492187499991,1085.5253514738556,91.36987645183876,91.36993206006314,13.409039850758132,-0.4866625781502869,0.0008133228337367411,9.516442007189288e-06,5.39119011478962,0.5189999999999962,0.8821403046041179,1.1701613999469374,2.880210953428195,0.2718428856018448,0.0,19.441666790087258,0.5378516220474838,0.0,281.0940852154199,88964.82320813605,1.102565814124649,336.11301564054446,0.0,0.0,91.36993206006359,4602.365770610287
8.25492187499991,1087.3500686731961,91.10191728844264,91.1019731937522,13.38689237393406,-0.4886799005092145,0.0008096962785012444,9.080359759965627e-06,5.39119011478962,0.5189999999999962,0.8821403046041179,1.170153302250159,2.8801299764604105,0.27105145338986825,0.0,19.322295918816774,0.5377930552566563,0.0,281.0822245536242,88945.41344752137,1.1023717777320687,336.1058280794963,0.0,0.0,91.10197319375266,4574.605602973779
8.27492187499991,1089.1694311112624,90.8343999499755,90.83445615339797,13.364857239750702,-0.49069963003816214,0.0008060375938753739,8.83387538721284e-06,5.39119011478962,0.5189999999999962,0.8821403046041179,1.1701451306988373,2.8800482609471945,0.2702612849395094,0.0,19.20353078264792,0.5377347529659462,0.0,281.0703986977768,88926.06064621772,1.1021782944490086,336.09866161085273,0.0,0.0,90.83445615339842,4546.980576694925
8.29492187499991,1090.9834476021265,90.56732219596407,90.56737869796021,13.342933796741555,-0.4927217511365287,0.0008024082920930726,8.816136992121689e-06,5.39119011478962,0.5189999999999962,0.8821403046041179,1.1701368618865966,2.8799655728247875,0.26947237384026806,0.0,19.085367924514443,0.5376767138786179,0.0,281.0586075905862,88906.76471046862,1.101985363479703,336.09151619989524,0.0,0.0,90.56737869796068,4519.48996874155
8.314921874999909,1092.7921269151798,90.3006817987801,90.30073859917432,13.32112139673932,-0.4947462372054912,0.0007988684805357853,8.694236980706522e-06,5.39119011478962,0.5189999999999962,0.8821403046041179,1.170128692871563,2.879883882674452,0.2686847137181714,0.0,18.967803913555137,0.537618936707524,0.0,281.0468511750513,88887.5255469929,1.1017929840324379,336.0843918120811,0.0,0.0,90.30073859917475,4492.1330615250645
8.334921874999909,1094.5954777753923,90.03447654383285,90.03453364146115,13.29941940549815,-0.49677304683544843,0.0007954648762204297,8.276250342254314e-06,5.39119011478962,0.5189999999999962,0.8821403046041179,1.1701207371787887,2.8798043257467087,0.26789829823551825,0.0,18.85083534665669,0.5375614201750248,0.0,281.03512939445994,88868.34306298188,1.1016011553195264,336.07728841304277,0.0,0.0,90.0345336414616,4464.909142853479
8.354921874999908,1096.3935088635617,89.76870422846115,89.76876162179896,13.277827209024464,-0.4988021266111637,0.0007922269308254348,7.740188692075703e-06,5.39119011478962,0.5189999999999962,0.8821403046041179,1.1701128891536772,2.879725845495593,0.2671131210905093,0.0,18.734458848901763,0.5375041630128996,0.0,281.0234421923868,88849.21716609674,1.1014098765572888,336.0702059685864,0.0,0.0,89.76876162179941,4437.817505881031
8.374921874999908,1098.1862288165676,89.50336266362434,89.50342034964163,13.256344185739197,-0.5008334085745699,0.0007891691586725365,7.099680104471143e-06,5.39119011478962,0.5189999999999962,0.8821403046041179,1.1701051405239802,2.8796483591986233,0.2663291760170158,0.0,18.618671071478204,0.5374471639622691,0.0,281.0117895126923,88830.14776446587,1.1012191469660262,336.06314444469155,0.0,0.0,89.50342034964206,4410.857449062878
8.394921874999907,1099.9736462276214,89.23844967128122,89.23850764678598,13.23496976888574,-0.5028668080429832,0.0007862914425177655,7.073030447611741e-06,5.39119011478962,0.5189999999999962,0.8821403046041179,1.1700970654957752,2.8795676089165734,0.265546456784197,0.0,18.503468693772696,0.5373904217735068,0.0,281.00017129952045,88811.13476668211,1.10102896577,336.05610380750943,0.0,0.0,89.23850764678643,4384.028276105158
8.414921874999907,1101.7557696464842,88.97396308455252,88.97402134731742,13.21370334546859,-0.5049022499562094,0.0007835811535377992,7.536703292551452e-06,5.39119011478962,0.5189999999999962,0.8821403046041179,1.1700887370657749,2.8794843246165702,0.264764957196349,0.0,18.388848419046866,0.5373339352061688,0.0,280.98858749729783,88792.1780818005,1.1008393321974108,336.0490840233625,0.0,0.0,88.97402134731787,4357.329295923163
8.434921874999906,1103.5326075797088,88.70990074951442,88.70995929750978,13.192544339590246,-0.5069396696379279,0.0007810095728305571,8.475722328345857e-06,5.39119011478962,0.5189999999999962,0.8821403046041179,1.1700801639149587,2.8793985931084087,0.26398467109261875,0.0,18.274806977086023,0.5372777030289136,0.0,280.9770380507319,88773.27761933574,1.1006502454803786,336.0420850587435,0.0,0.0,88.70995929751022,4330.759822595417
8.454921874999906,1105.3041684908917,88.44626052442851,88.4463193557082,13.171492152788431,-0.5089790058212045,0.0007785398538135749,9.77209471211001e-06,5.39119011478962,0.5189999999999962,0.8821403046041179,1.1700714157789696,2.879311111748517,0.2632055923466667,0.0,18.161341123219287,0.5372217240194195,0.0,280.9655229048092,88754.43328925938,1.1004617048549177,336.0351068803144,0.0,0.0,88.4463193557086,4304.319175316441
8.474921874999906,1107.070460800911,88.18304027914925,88.18309939225617,13.150546183174223,-0.5110202022576958,0.0007761325807735231,1.115696022369238e-05,5.39119011478962,0.5189999999999962,0.8821403046041179,1.1700626517662147,2.8792234716209686,0.2624277148664615,0.0,18.048447637560955,0.5371659969643113,0.0,280.9540420047941,88735.64500199744,1.1002737095609165,336.02814945490525,0.0,0.0,88.18309939225658,4278.006678354284
8.494921874999905,1108.831492888161,87.92023789550974,87.92029728940422,13.129705843514023,-0.5130632117530507,0.0007737510859271703,1.2386943719854278e-05,5.39119011478962,0.5189999999999962,0.8821403046041179,1.1700540159366744,2.879137113325565,0.2616510325940186,0.0,17.936123325088758,0.5371105206590852,0.0,280.94259529622695,88716.91266842782,1.1000862588421152,336.02121274951355,0.00017607516244377616,-7.566577963079097e-05,87.92029728940463,4251.82166100657
8.514921874999905,1110.5872730887884,87.65785126680728,87.65791094122793,13.108970556140394,-0.5151079968421689,0.0007713585492291484,1.32520341949984e-05,5.39119011478962,0.5189999999999962,0.8821403046041179,1.1700456325273736,2.8790532792325574,0.260875539505168,0.0,17.824365015548267,0.5370552939080343,0.0,280.93118272492285,88698.2361998778,1.0998993519460856,336.01429673130326,0.00018885306472718027,-9.293750327968657e-05,87.65791094122835,4225.763457557881
8.534921874999904,1112.3378096969232,87.3958782981344,87.3959382535221,13.088339736774296,-0.5171545338743171,0.0007689240743787512,1.3696193804639777e-05,5.39119011478962,0.5189999999999962,0.8821403046041179,1.1700375345793144,2.878972299751965,0.26010122960924986,0.0,17.713169564079774,0.5370003155241706,0.0,280.91980423697,88679.61550812163,1.099712988124208,336.00740136760385,0.00020942487668472627,-0.00010193470032827216,87.3959382535225,4199.831407235157
8.554921874999904,1114.0831109649132,87.13431690616913,87.13437714371129,13.067812803448563,-0.5192028114348868,0.0007664175073577142,1.3716557325766987e-05,5.39119011478962,0.5189999999999962,0.8821403046041179,1.1700297236220465,2.8788941901792864,0.25932809694885967,0.0,17.60253385077675,0.5369455843291521,0.0,280.90845977872806,88661.05050537795,1.099527166631653,336.0005266259092,0.0002167489545127558,-0.0001242229350824873,87.13437714371167,4174.0248541651035
8.574921874999903,1115.8231851035566,86.87316501912723,86.87322554075513,13.047389183423563,-0.5212528297303933,0.0007638136414696988,1.3313626741017924e-05,5.39119011478962,0.5189999999999962,0.8821403046041179,1.1700221991963184,2.878818945922006,0.2585561355995768,0.0,17.492454780255187,0.5368910991532071,0.0,280.89714929682685,88642.54110430744,1.099341886727358,335.99367247387704,0.00024373024794629595,-0.00015667457071511,86.87322554075554,4148.343147331427
8.594921874999903,1117.5580402823277,86.61242057651394,86.61248138506033,13.027068319845894,-0.5233046036084563,0.0007610885277581197,1.2216226052753342e-05,5.39119011478962,0.5189999999999962,0.8821403046041179,1.170015121810232,2.8787481720611408,0.2577853396697131,0.0,17.382929280217212,0.5368368588350629,0.0,280.88587273816484,88624.0872180103,1.0991571476740072,335.98683887932793,0.000278142897998554,-0.0001568928755196572,86.61248138506073,4122.785640533088
8.614921874999903,1119.2876846296047,86.35208152911879,86.35214262839467,13.006849649067176,-0.5253581629432712,0.0007582299804214265,1.0389582858401783e-05,5.39119011478962,0.5189999999999962,0.8821403046041179,1.1700085119304493,2.8786820732633145,0.2570157033000686,0.0,17.27395430394135,0.5367828622218737,0.0,280.8746300499075,88605.68876002388,1.0989729487380109,335.980025810244,0.0,0.0,86.35214262839507,4097.351692343131
8.634921874999902,1121.012126232894,86.09214583916432,86.09220723376558,12.986732584209967,-0.527413553475772,0.0007552364016157748,8.457429678297442e-06,5.39119011478962,0.5189999999999962,0.8821403046041179,1.1700019997787021,2.8786169517458426,0.2562472206635794,0.0,17.165526830837255,0.5367291081691422,0.0,280.8634211794862,88587.34564432029,1.0987892891894857,335.9732332347686,0.0,0.0,86.09220723376598,4072.040666064473
8.654921874999902,1122.7313731390645,85.83261148065525,85.83267317533492,12.966716538609719,-0.5294708278422088,0.0007521065689004746,6.815355222968003e-06,5.39119011478962,0.5189999999999962,0.8821403046041179,1.1699953507475707,2.878550461434528,0.255479885965075,0.0,17.057643861619344,0.5366755955406506,0.0,280.85224607459605,88569.05778530391,1.098606168302233,335.9664611212052,0.0,0.0,85.8326731753353,4046.851929689541
8.674921874999901,1124.4454333545784,85.57347643856451,85.57353843834903,12.946800955625962,-0.5315300392120479,0.0007488386411762843,5.86456775821982e-06,5.39119011478962,0.5189999999999962,0.8821403046041179,1.1699883269089875,2.878480223048696,0.2547136934410806,0.0,16.950302419365723,0.5366223232083933,0.0,280.8411046831952,88550.82509780896,1.0984235853537168,335.9597094380163,0.0,0.0,85.57353843834939,4021.784855861675
8.6949218749999,1126.1543148457097,85.31473870941892,85.31480101905859,12.926985282189515,-0.5335912420553551,0.0007454360746983041,5.619654436008553e-06,5.39119011478962,0.5189999999999962,0.8821403046041179,1.169980919444652,2.8784061484053414,0.25394863735958867,0.0,16.84349954921689,0.5365692900525096,0.0,280.82999695350287,88532.64749709709,1.098241539625045,335.95297815382276,0.0,0.0,85.31480101905895,3996.838821835904
8.7149218749999,1127.8580255387685,85.0563963001747,85.0564589246342,12.907268985046628,-0.5356544887761764,0.0007419054218367478,6.285005260704501e-06,5.39119011478962,0.5189999999999962,0.8821403046041179,1.1699730070380323,2.8783270243391446,0.25318471201981774,0.0,16.73723232003481,0.5365164949612149,0.0,280.818922833998,88514.52489885507,1.0980600304009485,335.9462672374028,0.0,0.0,85.05645892463457,3972.0132094396413
8.7349218749999,1129.5565733203182,84.79844722918521,84.7985101730806,12.887651472646361,-0.5377198300325483,0.0007382625467443452,7.337774193493396e-06,5.39119011478962,0.5189999999999962,0.8821403046041179,1.1699648993698115,2.8782459476569366,0.2524219117519671,0.0,16.631497822285265,0.5364639368307331,0.0,280.80788227341793,88496.45721919251,1.0978790569697616,335.9395766576913,0.0,0.0,84.79851017308094,3947.3074050335895
8.7549218749999,1131.2499660373996,84.54088952589574,84.54095279315847,12.868132211266339,-0.5397873072859999,0.0007345265583412349,8.409603362444878e-06,5.39119011478962,0.5189999999999962,0.8821403046041179,1.1699568145757377,2.878165099716199,0.25166023091699435,0.0,16.526293168920454,0.5364116145652305,0.0,280.7968752207569,88478.44437463935,1.0976986186234015,335.9329063837787,0.0,0.0,84.5409527931588,3922.7207994736996
8.7749218749999,1132.938211497753,84.2837212305966,84.28378482430222,12.848710664074801,-0.5418569478342772,0.0007307170102989503,9.179538614124174e-06,5.39119011478962,0.5189999999999962,0.8821403046041179,1.1699489426748126,2.878086380706948,0.2508996639063803,0.0,16.421615494769565,0.5363595270767499,0.0,280.78590162526456,88460.48628214364,1.097518714657348,335.9262563849103,0.0,0.0,84.28378482430253,3898.252788073052
8.794921874999899,1134.6213174700242,84.02694039369968,84.02700431652714,12.82938633411218,-0.5439287687391917,0.0007268537226916858,9.838163717493563e-06,5.39119011478962,0.5189999999999962,0.8821403046041179,1.1699411705875615,2.8780086598344368,0.25014020514186236,0.0,16.317461958043932,0.5363076732851427,0.0,280.7749614364448,88442.58285906925,1.0973393443706239,335.9196266304856,0.0,0.0,84.02700431652748,3873.902770563102
8.814921874999898,1136.2992916839662,83.7705450751935,83.77060932965043,12.810158786347335,-0.5460027822170769,0.000722962322991385,1.051745449312438e-05,5.39119011478962,0.5189999999999962,0.8821403046041179,1.1699334199309965,2.877931153268787,0.24938184907312544,0.0,16.213830179986893,0.536256066720779,0.0,280.7640546040542,88424.73402319377,1.0971605070657788,335.9130170900569,0.0,0.0,83.77060932965077,3849.6701509921913
8.834921874999898,1137.9721418306297,83.51453334531897,83.51459793337908,12.791027385250679,-0.5480789944871552,0.0007190679206453519,1.0595490549451524e-05,5.39119011478962,0.5189999999999962,0.8821403046041179,1.1699260591336786,2.877857545295608,0.2486245901780729,0.0,16.110717010785145,0.5362046950019929,0.0,280.7531810781009,88406.93969270645,1.0969822020488702,335.90642773332917,0.0,0.0,83.51459793337942,3825.5543377050617
8.854921874999897,1139.6398755625914,83.25890328622837,83.25896820897891,12.77199160996801,-0.5501573992785723,0.0007151853465334956,1.0141507423639561e-05,5.39119011478962,0.5189999999999962,0.8821403046041179,1.1699190470010106,2.877787423968927,0.24786842296780495,0.0,16.00811957257117,0.5361535537596632,0.0,280.74234080884315,88389.19978620582,1.0968044286294436,335.89985853015895,0.0,0.0,83.25896820897928,3801.554743466727
8.874921874999897,1141.3025004941749,83.00365299049017,83.00371824803878,12.753050924599235,-0.5522379764791172,0.0007113261716934797,8.916038544217469e-06,5.39119011478962,0.5189999999999962,0.8821403046041179,1.1699125253160234,2.8777222071190556,0.247113341982949,0.0,15.906035108835768,0.5361026419443756,0.0,280.7315337467878,88371.5142226973,1.096627186120512,335.89330945055343,0.0,0.0,83.00371824803912,3777.670785319149
8.894921874999897,1142.9600242016581,82.74878056089999,82.74884615232072,12.734204861362729,-0.554320689256687,0.0007075017782833297,7.299059684844611e-06,5.39119011478962,0.5189999999999962,0.8821403046041179,1.1699062687288933,2.877659641247754,0.24635934179322377,0.0,15.80446088635863,0.5360519585142034,0.0,280.7207598426892,88353.88292159101,1.0964504738385352,335.88678046466964,0.0,0.0,82.74884615232106,3753.9018845388414
8.914921874999896,1144.6124542234681,82.49428410943985,82.4943500336686,12.715452943663314,-0.5564054908620365,0.0007037197164140209,5.542490862206446e-06,5.39119011478962,0.5189999999999962,0.8821403046041179,1.1699001277946888,2.877598231905709,0.2456064169971757,0.0,15.703394191974258,0.5360015024346434,0.0,280.71001904754746,88336.3058026997,1.096274291103406,335.8802715428138,0.0,0.0,82.49435003366892,3730.2474666001435
8.934921874999896,1146.259798060373,82.24016175820331,82.24022801395394,12.696794677411189,-0.5584923321366373,0.0006999834916224071,3.935768759569092e-06,5.39119011478962,0.5189999999999962,0.8821403046041179,1.169893930835649,2.8775362623153122,0.24485456222202767,0.0,15.602832332689358,0.5359512726785594,0.0,280.69931131260756,88318.7827862367,1.096098637238429,335.8737826554402,0.0,0.0,82.24022801395428,3706.7069611422185
8.954921874999895,1147.9020631756775,81.98641163894675,81.98647822499747,12.678229581945615,-0.5605811641067401,0.000696297008696124,3.005716027936031e-06,5.39119011478962,0.5189999999999962,0.8821403046041179,1.1698873654173705,2.8774706081325263,0.24410377212345374,0.0,15.502772635615926,0.5359012682261208,0.0,280.68863658935805,88301.31379281382,1.095923511570305,335.86731377315095,0.0,0.0,81.98647822499778,3683.279801934082
8.974921874999895,1149.5392569954224,81.73303189339453,81.7330988084987,12.659757154745716,-0.5626719381196199,0.000692666499885605,3.1541221407975546e-06,5.39119011478962,0.5189999999999962,0.8821403046041179,1.169880193297125,2.8773988869300715,0.24335404138537933,0.0,15.403212447705611,0.5358514880647449,0.0,280.6779948295297,88283.89874343928,1.0957489134291123,335.860864866695,0.0,0.0,81.733098808499,3659.9654268406916
8.994921874999894,1151.171386908581,81.48002067304162,81.48008791596612,12.6413769131881,-0.5647646052905979,0.0006891003862859235,4.100879696825498e-06,5.39119011478962,0.5189999999999962,0.8821403046041179,1.1698725802451546,2.8773227564103676,0.24260536471978214,0.0,15.304149136030956,0.5358019311890371,0.0,280.6673859850942,88266.53755951561,1.0955748421482894,335.85443590696707,0.0,0.0,81.48008791596644,3636.7632777893336
9.014921874999894,1152.798460267251,81.22737613886703,81.22744370864167,12.623088393283322,-0.566859119753883,0.0006855984360060523,5.3044366568897865e-06,5.39119011478962,0.5189999999999962,0.8821403046041179,1.169864847129717,2.877245425255992,0.24185773686647571,0.0,15.205580087596486,0.535752596600733,0.0,280.6568100082628,88249.23016283753,1.0954012970646165,335.8480268650073,0.0,0.0,81.227443708642,3613.672800735787
9.034921874999894,1154.4204843868451,80.97509646142346,80.97516435742556,12.604891106210722,-0.5689554407382263,0.0006821603266026551,6.544273780098372e-06,5.39119011478962,0.5189999999999962,0.8821403046041179,1.169857124513908,2.8771681990979014,0.24111115259289512,0.0,15.107502709242564,0.5357034833086406,0.0,280.6462668514855,88231.97647559003,1.095228277518199,335.8416377120002,0.0,0.0,80.97516435742588,3590.693445630821
9.054921874999893,1156.0374665462843,80.72317982099626,80.72324804280872,12.586784560369106,-0.5710535325974577,0.0006787870835253916,7.721591366134043e-06,5.39119011478962,0.5189999999999962,0.8821403046041179,1.1698494707968032,2.877091661926854,0.2403656066939043,0.0,15.009914427378924,0.535654590328582,0.0,280.63575646744914,88214.77642034626,1.0950557828524499,335.83526841927414,0.0,0.0,80.72324804280903,3567.824666387639
9.074921874999893,1157.6494139881952,80.47162440770674,80.47169295478886,12.568768285454714,-0.5731533592656681,0.0006754737664299342,8.849784453377862e-06,5.39119011478962,0.5189999999999962,0.8821403046041179,1.1698418778867747,2.877015732826569,0.2396210939915548,0.0,14.912812687999915,0.5356059166833361,0.0,280.6252788090767,88197.62992006543,1.0948838124140718,335.8289189583005,0.0,0.0,80.47169295478916,3545.0659208481384
9.094921874999892,1159.2563339190942,80.22042842044179,80.22049729281798,12.550841850613775,-0.5752548884126346,0.0006722115594822336,9.432493886904468e-06,5.39119011478962,0.5189999999999962,0.8821403046041179,1.1698346398389485,2.876943352348307,0.23887760933493832,0.0,14.816194954881457,0.5355574614025848,0.0,280.6148338295259,88180.53689809087,1.0947123655530393,335.8225893006927,0.0,0.0,80.22049729281831,3522.4166707522386
9.114921874999892,1160.8582335095682,79.96959006743087,79.96965926572311,12.533004761084305,-0.5773580975818619,0.0006689860107695193,9.855256716761799e-06,5.39119011478962,0.5189999999999962,0.8821403046041179,1.1698275280003427,2.876872233962249,0.23813514759995877,0.0,14.720058713253952,0.5355092235228562,0.0,280.6044214821878,88163.49727814808,1.0945414416225838,335.8162794182058,0.0,0.0,79.96965926572344,3499.8763817050917
9.134921874999892,1162.4551198944662,79.71910756660287,79.71917709162197,12.515256548354722,-0.5794629696430604,0.0006657775934135966,1.0217612249294349e-05,5.39119011478962,0.5189999999999962,0.8821403046041179,1.1698204832480634,2.8768017864394557,0.23739370368909013,0.0,14.62440146665309,0.5354612020874663,0.0,280.59404172068594,88146.5109843427,1.0943710399791762,335.80998928273567,0.0,0.0,79.71917709162229,3477.4445231441564
9.154921874999891,1164.047000173086,79.46897914494888,79.46904899786473,12.497596774586482,-0.5815694922514877,0.0006625651756682973,1.0274888216354677e-05,5.39119011478962,0.5189999999999962,0.8821403046041179,1.169813650454798,2.8767334585068016,0.2366532725312113,0.0,14.52922073634693,0.5354133961464669,0.0,280.58369449887493,88129.5779411586,1.094201159982508,335.8037188663182,0.0,0.0,79.46904899786506,3455.1205683088006
9.17492187499989,1165.6338814093544,79.219203038245,79.21927322097233,12.480024989068557,-0.5836776602455613,0.0006593257320412383,9.987024590753429e-06,5.39119011478962,0.5189999999999962,0.8821403046041179,1.1698070532071319,2.87666748603014,0.23591384908143043,0.0,14.434514062854857,0.5353658047565928,0.0,280.57337977083915,88112.69807345579,1.0940318009954775,335.79746814112855,0.0,0.0,79.21927322097264,3432.90399420986
9.19492187499989,1167.2157706320054,78.96977749151563,78.96984800655325,12.462540734932325,-0.5857874792018584,0.0006560358718797203,9.47253350401522e-06,5.39119011478962,0.5189999999999962,0.8821403046041179,1.1698006211488776,2.8766031654475976,0.23517542832084598,0.0,14.340279005675802,0.5353184269812052,0.0,280.56309749089195,88095.87130646873,1.0938629623841718,335.79123707948054,0.0,0.0,78.96984800655358,3410.794281597602
9.21492187499989,1168.7926748347652,78.72070075898357,78.72077160923259,12.445143543009022,-0.5878989618341656,0.0006526706126046612,9.073816149050328e-06,5.39119011478962,0.5189999999999962,0.8821403046041179,1.169794151187821,2.8765384658370308,0.2344380052563431,0.0,14.246513143144462,0.5352712618902382,0.0,280.552847613574,88079.0975658042,1.0936946435178505,335.78502565382587,0.0,0.0,78.72077160923293,3388.7909149309885
9.23492187499989,1170.3646009765346,78.4719711038471,78.47204229259175,12.427832974087444,-0.5900121261393751,0.0006492045657974996,8.609325613883912e-06,5.39119011478962,0.5189999999999962,0.8821403046041179,1.1697877507861267,2.876474461820089,0.23370157492042234,0.0,14.153214070203346,0.5352243085601478,0.0,280.5426300936525,88062.37677743945,1.0935268437689292,335.7788338367534,0.0,0.0,78.47204229259206,3366.893382348142
9.254921874999889,1171.9315559815689,78.22358679831956,78.22365832910093,12.410608577661195,-0.5921269942884019,0.0006456174348257966,8.245392975155942e-06,5.39119011478962,0.5189999999999962,0.8821403046041179,1.1697813212266577,2.8764101662253982,0.2329661323710071,0.0,14.060379400677096,0.5351775660738596,0.0,280.5324448861198,88045.70886772026,1.0933595625129635,335.7726616009886,0.0,0.0,78.22365832910128,3345.1011756364373
9.274921874999889,1173.4935467396556,77.97554612328817,77.97561800005376,12.393469913190415,-0.5942435921112458,0.0006418939688099252,7.908755331622852e-06,5.39119011478962,0.5189999999999962,0.8821403046041179,1.1697749057977278,2.8763460119360995,0.23223167269125616,0.0,13.968006765572644,0.5351310335207172,0.0,280.52229194619224,88029.09376335901,1.0931927991286312,335.7665089193925,0.0,0.0,77.9756180000541,3323.413790202975
9.294921874999888,1175.050580106287,77.72784736861227,77.72791959549784,12.376416542082122,-0.5963619510221256,0.0006380250943306374,7.762217826840129e-06,5.39119011478962,0.5189999999999962,0.8821403046041179,1.1697684078503272,2.8762810324620935,0.23149819098936572,0.0,13.87609381409669,0.5350847099964313,0.0,280.5121712293091,88012.53139143295,1.0930265529977194,335.7603757649613,0.0,0.0,77.72791959549821,3301.830725045038
9.314921874999888,1176.6026629028431,77.48048883299819,77.48056141416929,12.35944800726383,-0.5984821024222967,0.0006340078957167584,7.67019089059719e-06,5.39119011478962,0.5189999999999962,0.8821403046041179,1.1697619076124648,2.8762160300834694,0.23076568239838116,0.0,13.784638212283092,0.5350385946030283,0.0,280.5020826911315,87996.02167938212,1.0928608235051047,335.7542621108257,0.0,0.0,77.48056141416963,3280.351482721036
9.334921874999887,1178.1498019167661,77.23346882398137,77.23354176343678,12.342563886842377,-0.6006040760642994,0.0006298465666201708,7.6107744618174576e-06,5.39119011478962,0.5189999999999962,0.8821403046041179,1.169755417975811,2.876151133716931,0.23003414207603967,0.0,13.693637643794773,0.534992686448802,0.0,280.492026287541,87979.5645550076,1.0926956100387388,335.7481679302499,0.0,0.0,77.23354176343713,3258.9755693225857
9.354921874999887,1179.6920039017325,76.98678565738997,76.98685895922439,12.32576376431807,-0.6027279003483319,0.0006255540310998326,7.833731910262467e-06,5.39119011478962,0.5189999999999962,0.8821403046041179,1.1697487906972255,2.8760848609310763,0.22930356520454684,0.0,13.603089810082384,0.5349469846482624,0.0,280.4820019746387,87963.15994646963,1.0925309119896338,335.74209319663106,0.0,0.0,76.98685895922473,3237.702494444959
9.374921874999886,1181.2292755778192,76.74043765743467,76.7405113259475,12.30904721583993,-0.6048536052623567,0.0006211508761126461,8.621657857558109e-06,5.39119011478962,0.5189999999999962,0.8821403046041179,1.1697418581595134,2.876015535553955,0.2285739469903941,0.0,13.512992429822054,0.5349014883220857,0.0,280.47200970874417,87946.80778228586,1.0923667287518448,335.73603788349897,0.0,0.0,76.74051132594784,3216.5317711589264
9.394921874999886,1182.761623631674,76.49442315715142,76.49449719645682,12.292413806902722,-0.6069812216678244,0.0006166596737951379,9.744185940680662e-06,5.39119011478962,0.5189999999999962,0.8821403046041179,1.16973475678718,2.8759445218306223,0.22784528266419962,0.0,13.423343237618306,0.5348561965970675,0.0,280.4620494463941,87930.50799132953,1.0922030597224572,335.7300019645148,0.0,0.0,76.49449719645717,3195.462915983503
9.414921874999886,1184.28905471669,76.24874049791806,76.24881491197655,12.27586310411515,-0.6091107762386461,0.000612105914024366,1.0905817730076105e-05,5.39119011478962,0.5189999999999962,0.8821403046041179,1.1697276615997008,2.875873569955829,0.2271175674805313,0.0,13.33413998452529,0.5348111086060747,0.0,280.4521211443415,87914.26050282759,1.0920399043015676,335.7239854134709,0.0,0.0,76.2488149119769,3174.4954488584003
9.434921874999885,1185.811575453175,76.00338802971886,76.00346282204532,12.259394680001485,-0.6112422907407349,0.000607520432695576,1.1933123044122257e-05,5.39119011478962,0.5189999999999962,0.8821403046041179,1.169720675285063,2.875803706809452,0.2263907967177389,0.0,13.245380438294863,0.5347662234879984,0.0,280.44222475955434,87898.06524635896,1.0918772618922712,335.7179882042899,0.0,0.0,76.00346282204566,3153.62889311698
9.454921874999885,1187.329192428519,75.75836411093572,75.7584392844526,12.24300814167669,-0.6133757794171502,0.000602939042377614,1.304172578550073e-05,5.39119011478962,0.5189999999999962,0.8821403046041179,1.169713669889537,2.875733652854191,0.22566496567777158,0.0,13.15706238434524,0.5347215403877068,0.0,280.4323602492146,87881.92215185268,1.0917151319006446,335.7120103110241,0.0,0.0,75.75843928445295,3132.86277545901
9.474921874999884,1188.8419121973586,75.51366710775442,75.51374266516503,12.226703070059019,-0.6155112503144807,0.00059839879033812,1.399291239025481e-05,5.39119011478962,0.5189999999999962,0.8821403046041179,1.169706786792974,2.8756648218885617,0.22494006968596614,0.0,13.069183622961038,0.5346770584559952,0.0,280.42252757071714,87865.8311495862,1.0915535137357315,335.7060517078546,-0.00031420647219847583,7.284772462329202e-06,75.51374266516537,3112.1966259228375
9.494921874999884,1190.3497412817412,75.26929539510037,75.2693713382988,12.21047903657344,-0.6176487038509746,0.0005939333233052868,1.4372500203483292e-05,5.39119011478962,0.5189999999999962,0.8821403046041179,1.1697002714151195,2.875599668110016,0.22421610409097192,0.0,12.981741969769878,0.5346327768495468,0.0,280.4127266816687,87849.79217018365,1.0913924068095282,335.70011236909124,-0.0002808886034938511,5.353104160439093e-05,75.26937133829914,3091.6299778615953
9.514921874999883,1191.8526861712921,75.02524735584547,75.02532368603624,12.194335648140354,-0.6197881298834589,0.0005895675761773824,1.421883917715968e-05,5.39119011478962,0.5189999999999962,0.8821403046041179,1.1696941008759334,2.8755379627181554,0.2234930642645097,0.0,12.894735258203983,0.5345886947308819,0.0,280.4029575398866,87833.805144614,1.091231810536968,335.69419226917125,-0.00023748531607780933,6.28460535853947e-05,75.02532368603657,3071.1623679149784
9.534921874999883,1193.3507533233765,74.78152138099735,74.78159809856395,12.17827250197372,-0.6219295068141331,0.0005853213981874747,1.364241794569418e-05,5.39119011478962,0.5189999999999962,0.8821403046041179,1.169688209578901,2.875479049747831,0.22277094560119445,0.0,12.808161338122067,0.5345448112683121,0.0,280.39322010339805,87817.8700041894,1.0910717243359056,335.68829138265926,-0.00020410403767960063,8.607814678095947e-05,74.7815980985643,3050.793335983057
9.554921874999883,1194.8439491632573,74.53811586928353,74.53819297400489,12.162289215896353,-0.6240728028646418,0.0005812117254764012,1.2678173808003219e-05,5.39119011478962,0.5189999999999962,0.8821403046041179,1.1696825766936134,2.8754227208949557,0.22204974351834025,0.0,12.722018075025519,0.5345011256358945,0.0,280.3835143304388,87801.98668056348,1.0909121476271042,335.68240968424595,0.0,0.0,74.53819297400523,3030.5224251997975
9.574921874999882,1196.3322800842504,74.29502922740262,74.29510671837141,12.146385381517458,-0.6262179784255272,0.000577251288605421,1.1315477145482693e-05,5.39119011478962,0.5189999999999962,0.8821403046041179,1.1696772083957259,2.87536903791608,0.22132945345582752,0.0,12.636303350039759,0.5344576370133887,0.0,280.3738401794524,87786.15510572967,1.09075307983422,335.6765471487481,0.0,0.0,74.29510671837174,3010.34918190853
9.594921874999882,1197.8157524478856,74.05225986990331,74.05233774549362,12.130560642223434,-0.6283649835721709,0.0005734462551334321,1.0169559443750932e-05,5.39119011478962,0.5189999999999962,0.8821403046041179,1.1696717398634175,2.875314352592997,0.22061007087589646,0.0,12.551015061542774,0.5344143445862097,0.0,280.3641976090887,87770.37521201956,1.090594520383789,335.6707037511078,0.0,0.0,74.05233774549393,2990.273155635589
9.614921874999881,1199.2943725840555,73.80980621845438,73.809884476957,12.114814630804727,-0.6305137625896061,0.000569800032831647,9.361665638119374e-06,5.39119011478962,0.5189999999999962,0.8821403046041179,1.1696660990973322,2.8752579449321436,0.2198915912629685,0.0,12.466151121406083,0.5343712475453853,0.0,280.3545865782036,87754.64693210118,1.0904364687052117,335.6648794663914,0.0,0.0,73.80988447695734,2970.2938990649495
9.63492187499988,1200.7681467911596,73.56766670217073,73.567745342074,12.099146981900164,-0.6326642617372692,0.000566310274038266,8.933553723222924e-06,5.39119011478962,0.5189999999999962,0.8821403046041179,1.1696602611909592,2.8751995658684137,0.21917401012356794,0.0,12.381709456582088,0.5343283450875164,0.0,280.3450070458574,87738.97019897765,1.0902789242307427,335.6590742697896,0.0,0.0,73.5677453420743,2950.4109680157785
9.65492187499988,1202.237081336255,73.32583975774305,73.325918777817,12.08355730984952,-0.6348164313219588,0.0005629690857939041,8.820052569910739e-06,5.39119011478962,0.5189999999999962,0.8821403046041179,1.1696542646939783,2.875139600898604,0.2184573229861297,0.0,12.297688009034525,0.5342856364147324,0.0,280.3354589713143,87723.34494598545,1.090121886395474,335.6532881366165,0.0,0.0,73.32591877781728,2930.6239214170873
9.67492187499988,1203.7011824552114,73.08432382964082,73.08440322877499,12.068045235350867,-0.6369702242459934,0.0005597611514577605,8.886178511473535e-06,5.39119011478962,0.5189999999999962,0.8821403046041179,1.1696481894744184,2.8750788487030055,0.217741525400877,0.0,12.214084735714437,0.5342431207346519,0.0,280.32594231404113,87707.77110679279,1.0899653546373238,335.64752104230894,0.0,0.0,73.0844032287753,2910.93232128446
9.69492187499988,1205.1604563528588,72.84311736948729,72.84319714708772,12.052610398751124,-0.6391255984432003,0.000556662937347002,9.131688844740076e-06,5.39119011478962,0.5189999999999962,0.8821403046041179,1.1696420355850958,2.8750173098097798,0.21702661293963119,0.0,12.1308976088316,0.5342007972603383,0.0,280.3164570337064,87692.24861539806,1.0898093283970207,335.6417729624261,0.0,0.0,72.84319714708802,2891.3357326951686
9.71492187499988,1206.6149092031358,72.60221883641077,72.6022989923939,12.037252428435043,-0.6412825180523243,0.0005536474263717825,9.569597184631897e-06,5.39119011478962,0.5189999999999962,0.8821403046041179,1.1696357951602783,2.874954905561604,0.21631258119566515,0.0,12.048124615444243,0.5341586652102592,0.0,280.3070030901796,87676.77740612825,1.0896538071180917,335.6360438726488,0.0,0.0,72.60229899239418,2871.8337237646447
9.734921874999879,1208.0645471492358,72.3616266969361,72.36170723177877,12.021970954345583,-0.6434409561500316,0.000550685155550476,1.0000866350174613e-05,5.39119011478962,0.5189999999999962,0.8821403046041179,1.16962958612496,2.8748928152084208,0.215599425783553,0.0,11.965763756789116,0.5341167238082454,0.0,280.29758044352997,87661.35741363741,1.0894987902468483,335.6303337487792,0.0,0.0,72.36170723177905,2852.4258656230627
9.754921874999878,1209.5093763037594,72.12133942506888,72.12142033971773,12.006765598383284,-0.6456008912583662,0.0005477482483045589,1.0442822643960623e-05,5.39119011478962,0.5189999999999962,0.8821403046041179,1.1696233980522415,2.874830934481236,0.21488714233900907,0.0,11.88381304913574,0.5340749722834492,0.0,280.28818905402557,87645.98857290497,1.0893442772323731,335.6246425667395,0.0,0.0,72.121420339718,2833.1117323918047
9.774921874999878,1210.9494027488593,71.88135550212749,71.88143679802658,11.991635995873432,-0.6477623095415694,0.0005448115948672808,1.0730201912456776e-05,5.39119011478962,0.5189999999999962,0.8821403046041179,1.1696173288277778,2.8747702422365995,0.21417572651874603,0.0,11.802270522717592,0.5340334098703059,0.0,280.2788288821324,87630.67081923426,1.0891902675265064,335.6189703025723,0.0,0.0,71.88143679802687,2813.8909011606493
9.794921874999877,1212.3846325363893,71.64167341687784,71.64175509580184,11.976581767747092,-0.6499252022678292,0.0005418530715715073,1.1063126257652717e-05,5.39119011478962,0.5189999999999962,0.8821403046041179,1.1696112596807773,2.8747095507665943,0.2134651740003035,0.0,11.7211342230131,0.5339920358084913,0.0,280.26949988851345,87615.40408825093,1.089036760583832,335.61331693243915,0.0,0.0,71.64175509580213,2794.762951964348
9.814921874999877,1213.8150716880532,71.40229166552822,71.40237372936427,11.96160255745442,-0.6520895632478637,0.0005388516271323773,1.1335788435365034e-05,5.39119011478962,0.5189999999999962,0.8821403046041179,1.1696052532600285,2.8746494865591066,0.21275548048188642,0.0,11.640402208917418,0.5339508493428824,0.0,280.26020203402766,87600.18831590128,1.0888837558616644,335.6076824326208,0.0,0.0,71.40237372936458,2775.7274677596706
9.834921874999877,1215.2407261955495,71.16320875131653,71.1632912022146,11.946698012658919,-0.654255388591746,0.0005357876347682316,1.1396904515893845e-05,5.39119011478962,0.5189999999999962,0.8821403046041179,1.1695993991015379,2.8745909449742,0.21204664168223927,0.0,11.560072553269633,0.5339098497235197,0.0,280.2509352797289,87585.02343845082,1.0887312528200355,335.60206677951567,0.0,0.0,71.1632912022149,2756.78403440356
9.854921874999876,1216.6616020207116,70.92442318445431,70.92450602498405,11.931867787428306,-0.6564226785637943,0.0005326466460850839,1.1087675582836897e-05,5.39119011478962,0.5189999999999962,0.8821403046041179,1.1695937912770906,2.8745348667297277,0.21133865334050522,0.0,11.480143342884794,0.5338690362055676,0.0,280.24169958686537,87569.90939248275,1.088579250921681,335.59646994964044,0.0,0.0,70.92450602498434,2737.932240631087
9.874921874999876,1218.0777050956474,70.68593348211796,70.68601671537671,11.917111526625579,-0.658591438781699,0.0005294170748255512,1.0588341964772145e-05,5.39119011478962,0.5189999999999962,0.8821403046041179,1.1695883228140072,2.874480182098893,0.21063151121606075,0.0,11.400612679388793,0.5338284080492759,0.0,280.2324949168783,87554.84611489643,1.0884277496320294,335.59089191962823,0.0,0.0,70.68601671537701,2719.171678032927
9.894921874999875,1219.4890413228777,70.44773816866342,70.44782179811155,11.902428886291485,-0.6607616822275307,0.0005260885287035836,9.951041857905585e-06,5.39119011478962,0.5189999999999962,0.8821403046041179,1.169582962692656,2.874426580885381,0.20992521108834855,0.0,11.321478677802475,0.5337879645199404,0.0,280.22332123140126,87539.83354290595,1.0882767484191878,335.5853326662292,0.0,0.0,70.44782179811183,2700.5019410330024
9.914921874999875,1220.8956165754814,70.20983577525422,70.20991980487844,11.887819510677355,-0.6629334250330263,0.000522649784287881,9.229377957140987e-06,5.39119011478962,0.5189999999999962,0.8821403046041179,1.1695776790208945,2.8743737441677664,0.2092197487567534,0.0,11.242739466763929,0.5337477048878655,0.0,280.21417849225935,87524.8716140386,1.0881262467539292,335.5797921663092,0.0,0.0,70.20991980487872,2681.9226268673992
9.934921874999874,1222.29743669723,69.97222484019812,69.97230927428583,11.87328305044945,-0.6651066898045392,0.0005190928282884309,8.523802858933294e-06,5.39119011478962,0.5189999999999962,0.8821403046041179,1.1695724121403661,2.8743210753624826,0.2085151200404518,0.0,11.164393188492056,0.5337076284283273,0.0,280.205066661468,87509.9602661334,1.0879762441096814,335.5742703968496,0.0,0.0,69.97230927428613,2663.4333355627946
9.954921874999874,1223.6945075027315,69.73490390869361,69.73498875180971,11.858819159755402,-0.6672815015257608,0.0005154130974611642,7.968624966025626e-06,5.39119011478962,0.5189999999999962,0.8821403046041179,1.1695670823118067,2.8742677770768887,0.20781132077826614,0.0,11.086437998611174,0.5336677344215361,0.0,280.19598570123225,87495.09943733958,1.0878267399625112,335.56876733494676,0.0,0.0,69.73498875180998,2645.033669915154
9.974921874999874,1225.0868347775663,69.49787153278189,69.49795678974237,11.844427493780973,-0.6694578880194679,0.0005116107159073117,7.823734031483348e-06,5.39119011478962,0.5189999999999962,0.8821403046041179,1.1695615353551503,2.8742123075103243,0.2071083468285186,0.0,11.008872066207159,0.5336280221525991,0.0,280.1869355739458,87480.28906611516,1.087677733791115,335.5632829578111,0.0,0.0,69.49795678974267,2626.723235468622
9.994921874999873,1226.4744242784238,69.2611262714568,69.26121194714479,11.830107707391914,-0.6716358791294175,0.0005076883861982087,8.155496866410546e-06,5.39119011478962,0.5189999999999962,0.8821403046041179,1.1695557317664942,2.8741542716237634,0.2064061940688939,0.0,10.931693573244111,0.5335884909114843,0.0,280.17791624219024,87465.52909122546,1.0875292250768043,335.5578172427673,0.0,0.0,69.26121194714507,2608.501640494799
10.014921874999873,1227.857281733244,69.024666690686,69.02475278979857,11.815859445656654,-0.6738155032008898,0.0005036530954386051,8.724334014062018e-06,5.39119011478962,0.5189999999999962,0.8821403046041179,1.1695498135234172,2.874095089192994,0.20570485839630387,0.0,10.854900714333414,0.533549139992985,0.0,280.1689276687339,87450.81945174161,1.0873812133034935,335.5523701672528,0.0,0.0,69.02475278979887,2590.3684959722145
10.034921874999872,1229.2354128413544,68.78849136315198,68.78857789016128,11.801682382827927,-0.6759967842462998,0.0004995142478100303,9.4576603039886e-06,5.39119011478962,0.5189999999999962,0.8821403046041179,1.1695438235512166,2.874035189470987,0.20500433572675858,0.0,10.778491697387777,0.533509968696685,0.0,280.15996981653115,87436.16008703911,1.0872336979576873,335.5469417088179,0.0,0.0,68.78857789016159,2572.323415566164
10.054921874999872,1230.608823273601,68.55259886811052,68.55268582731271,11.787576191742795,-0.67817974423404,0.0004952854736851421,1.0355856769068643e-05,5.39119011478962,0.5189999999999962,0.8821403046041179,1.1695377615021267,2.873974568980089,0.20430462199521285,0.0,10.702464743350124,0.5334709763269206,0.0,280.15104264872156,87421.55093679641,1.087086678528469,335.5415318451253,0.0,0.0,68.552685827313,2554.3660156080646
10.074921874999871,1231.9775186724814,68.31698779145198,68.31707518690989,11.773540538850865,-0.6803644015900289,0.0004909822502681153,1.127164256603976e-05,5.39119011478962,0.5189999999999962,0.8821403046041179,1.1695317146228366,2.873914100187187,0.20360571315543832,0.0,10.626818085599798,0.5334321621927481,0.0,280.14214612862884,87406.99194099351,1.0869401545074877,335.53614055394905,0.0,0.0,68.31707518691019,2536.495915075625
10.094921874999871,1233.341504652276,68.0816567255335,68.08174456113883,11.759575092699198,-0.6825507718877953,0.000486622124228562,1.2116284350359667e-05,5.39119011478962,0.5189999999999962,0.8821403046041179,1.169525735404522,2.8738543080040424,0.20290760517988446,0.0,10.551549970249038,0.5333935256079078,0.0,280.1332802197602,87392.48303991057,1.0867941253889473,335.5307678131747,0.0,0.0,68.08174456113913,2518.712735572915
10.11492187499987,1234.7007867991806,67.84660426956833,67.84669254867472,11.74567951833084,-0.6847388654967226,0.0004822226910061525,1.266370780866322e-05,5.39119011478962,0.5189999999999962,0.8821403046041179,1.169519957800261,2.8737965319614323,0.2022102940595664,0.0,10.476658655564771,0.5333550658907903,0.0,280.1244448858053,87378.02417412646,1.0866485906695935,335.52541360079806,0.0,0.0,67.84669254867501,2501.0161013112365
10.13492187499987,1236.0553706714397,67.61182902913603,67.61191775462822,11.73185351158444,-0.6869286863353564,0.0004778011246680898,1.3077159224294413e-05,5.39119011478962,0.5189999999999962,0.8821403046041179,1.1695142849062463,2.8737398030212846,0.20151377580391042,0.0,10.402142413316003,0.5333167823644028,0.0,280.1156400906356,87363.6152845174,1.0865035498487021,335.5200778949252,0.0,0.0,67.61191775462851,2483.4056390891164
10.15492187499987,1237.405261799471,67.37732961602268,67.37741879049484,11.718096742876602,-0.689120233169856,0.0004733745969111924,1.3202681092430039e-05,5.39119011478962,0.5189999999999962,0.8821403046041179,1.1695088079237232,2.873685033196054,0.20081804644060847,0.0,10.327999526833587,0.5332786743563334,0.0,280.10686579830343,87349.2563122556,1.0863590024280678,335.5147606737719,0.0,0.0,67.37741879049516,2465.88097827269
10.17492187499987,1238.750465685993,67.14310464847112,67.14319427411523,11.704408906586348,-0.6913134999338532,0.00046896129151170355,1.3176519775581207e-05,5.39119011478962,0.5189999999999962,0.8821403046041179,1.1695034459730236,2.8736314136890573,0.20012310201550546,0.0,10.25422829256495,0.5332407411987182,0.0,280.09812197304103,87334.9471988079,1.086214947911992,335.5094619156629,0.0,0.0,67.14319427411554,2448.4417507770327
10.194921874999869,1240.09098780615,66.90915275085656,66.90924282954036,11.690789688334947,-0.6935084766817212,0.0004645794623684455,1.286800471237221e-05,5.39119011478962,0.5189999999999962,0.8821403046041179,1.1694982764268769,2.87357971822759,0.19942893859220323,0.0,10.180827072169752,0.5332029850436057,0.0,280.08940857926,87320.68788593449,1.086071385807272,335.50418159903154,0.0,0.0,66.90924282954066,2431.0875910407535
10.214921874999868,1241.4268336076389,66.6754725540181,66.67556308701472,11.677238763556156,-0.6957051467958377,0.00046024560841229594,1.2213172068906293e-05,5.39119011478962,0.5189999999999962,0.8821403046041179,1.1694933371225669,2.87353032518449,0.19873555225201583,0.0,10.107794142790695,0.5331654030197752,0.0,280.0807255815503,87306.47831568743,1.0859283156231891,335.49891970241947,0.0,0.0,66.67556308701505,2413.818136009399
10.234921874999868,1242.7580085108336,66.44206269481757,66.44215368312673,11.663755842778766,-0.697903488559936,0.000455975519472631,1.1514384796651604e-05,5.39119011478962,0.5189999999999962,0.8821403046041179,1.1694884486877422,2.873481440836243,0.19804293909442294,0.0,10.03512782599337,0.5331279938659198,0.0,280.0720729446796,87292.31843040953,1.0857857368714978,335.49367620447583,0.0,0.0,66.44215368312706,2396.6330251310255
10.254921874999868,1244.0845179089076,66.20892181637115,66.20901326063407,11.650340604170289,-0.700103476656667,0.00045178331186572404,1.0706232851301372e-05,5.39119011478962,0.5189999999999962,0.8821403046041179,1.1694836498062389,2.87343345202121,0.19735109523655528,0.0,9.962826465936281,0.5330907569320606,0.0,280.0634506335921,87278.20817273288,1.085643649066414,335.4884510839568,0.0,0.0,66.20901326063438,2379.531900328267
10.274921874999867,1245.4063671679594,65.97604856803147,65.97614046841224,11.636992741293444,-0.7023050804273532,0.00044768269985965366,9.836188668704166e-06,5.39119011478962,0.5189999999999962,0.8821403046041179,1.169478912230833,2.8733860762671504,0.19666001681304646,0.0,9.89088841886715,0.5330536915726043,0.0,280.0548586134082,87264.14748557755,1.0855020517246041,335.4832443197254,0.0,0.0,65.97614046841257,2362.514405979569
10.294921874999867,1246.7235616271344,65.74344160510127,65.74353396140809,11.623711970239523,-0.7045082643246935,0.0004436844200018673,9.136611473743766e-06,5.39119011478962,0.5189999999999962,0.8821403046041179,1.1694740981001022,2.873337934959843,0.19596969997589936,0.0,9.819312053057574,0.533016797146311,0.0,280.0462968494236,87250.13631215034,1.0853609443651726,335.47805589075074,0.0,0.0,65.74353396140842,2345.580188900917
10.314921874999866,1248.0361065987418,65.5110995886783,65.51119240059637,11.610497991776514,-0.7067129901181415,0.00043979673248868337,8.818793731315878e-06,5.39119011478962,0.5189999999999962,0.8821403046041179,1.169469082021646,2.8732877741752816,0.19528014089436257,0.0,9.74809574824263,0.5329800730162628,0.0,280.03776530710815,87236.17459594352,1.0852203265096538,335.47288577610755,0.0,0.0,65.51119240059668,2328.728898327967
10.334921874999866,1249.3440073683732,65.27902118589206,65.27911445294129,11.597350507589931,-0.7089192178257498,0.000436024050197576,9.004543738300808e-06,5.39119011478962,0.5189999999999962,0.8821403046041179,1.1694637916751518,2.8732348707103395,0.19459133575482074,0.0,9.677237895541257,0.5329435185498339,0.0,280.02926395210557,87222.26228073354,1.0850801976819993,335.467733954976,0.0,0.0,65.27911445294161,2311.960185898644
10.354921874999865,1250.6472691950214,65.04720506970698,65.04729879135161,11.584269240910867,-0.7111269065885778,0.00043236808129763614,9.71939590304094e-06,5.39119011478962,0.5189999999999962,0.8821403046041179,1.1694582118016719,2.87317907197554,0.19390328076066585,0.0,9.606736897482199,0.5329071331186589,0.0,280.0207927502323,87208.3993105798,1.0849405574085673,335.46260040664083,0.0,0.0,65.04729879135193,2295.273705635422
10.374921874999865,1251.9458973111941,64.81564991863617,64.81574409464717,11.571253899496387,-0.7133360168537526,0.00042882776279769096,1.0707632692988218e-05,5.39119011478962,0.5189999999999962,0.8821403046041179,1.1694524939530357,2.873121893489179,0.19321597213220282,0.0,9.536591167536256,0.5328709160986044,0.0,280.0123516674772,87194.5856298234,1.0848014052181132,335.45748511049123,0.0,0.0,64.81574409464751,2278.6691139285685
10.394921874999865,1253.2398969230294,64.58435441719544,64.58444904751195,11.558304194043812,-0.715546512288506,0.00042539900280209864,1.1772747252045557e-05,5.39119011478962,0.5189999999999962,0.8821403046041179,1.1694467545612055,2.8730644995708765,0.19252940610651437,0.0,9.466799130483894,0.5328348668697375,0.0,280.0039406700003,87180.82118308597,1.0846627406417781,335.4523880460202,0.0,0.0,64.58444904751227,2262.1460695185456
10.414921874999864,1254.5292732104115,64.35331725559196,64.35341234046174,11.545419838687845,-0.7177583597564924,0.000422075262945289,1.2726307034850836e-05,5.39119011478962,0.5189999999999962,0.8821403046041179,1.1694411052665836,2.8730080066246577,0.19184357893737033,0.0,9.397359222184187,0.5327989848162974,0.0,279.9955597241323,87167.10591526837,1.0845245632130793,335.44730919282415,0.0,0.0,64.35341234046203,2245.704233479605
10.434921874999864,1255.814031327087,64.12253712966225,64.12263266979666,11.532600549079312,-0.7199715299539964,0.0004188463485495187,1.3558189819120821e-05,5.39119011478962,0.5189999999999962,0.8821403046041179,1.169435551996761,2.872952473926431,0.19115848689509085,0.0,9.328269889942153,0.532763269326665,0.0,279.9872087963739,87153.43977154954,1.0843868724678989,335.44224853060257,0.0,0.0,64.122632669797,2229.34326920243
10.454921874999863,1257.0941764007762,63.892012741146196,63.89210873755932,11.519846036692732,-0.722185998947332,0.0004157008077877788,1.415152224670218e-05,5.39119011478962,0.5189999999999962,0.8821403046041179,1.1694301639364277,2.872898593323099,0.19047412626642604,0.0,9.259529591801405,0.5327277197933334,0.0,279.97888785339495,87139.8226973852,1.084249667944473,335.43720603915733,0.0,0.0,63.892108737559624,2213.0628423772932
10.474921874999863,1258.3697135332916,63.66174279732762,63.66183925149975,11.507156019326777,-0.7244017464400154,0.00041262405467336024,1.4459056726286337e-05,5.39119011478962,0.5189999999999962,0.8821403046041179,1.1694249690393124,2.872846644351945,0.1897904933544579,0.0,9.191136796916563,0.5326923356128797,0.0,279.9705968620336,87126.25463850671,1.0841129491833839,335.43218169839236,0.0,0.0,63.661839251500055,2196.862620977884
10.494921874999863,1259.640647800648,63.431726011316734,63.43182292502457,11.494530204353406,-0.7266187573350683,0.00040959713804385574,1.4730949111584201e-05,5.39119011478962,0.5189999999999962,0.8821403046041179,1.1694198188661376,2.872795142620197,0.18910758447845238,0.0,9.123089986140307,0.5326571161859337,0.0,279.96233578929576,87112.7355409198,1.083976715727546,335.4271754883132,0.0,0.0,63.43182292502486,2180.7422752440943
10.514921874999862,1260.9069842531808,63.20196110193425,63.202058477154424,11.48196830710177,-0.7288370182674799,0.0004065992627015447,1.5101457549424042e-05,5.39119011478962,0.5189999999999962,0.8821403046041179,1.1694146337264821,2.872743291223643,0.18842539597373806,0.0,9.055387650816844,0.5326220609171506,0.0,279.9541046023543,87099.26535090341,1.0838409671221987,335.4221873890267,0.0,0.0,63.20205847715472,2164.7014776655756
10.534921874999862,1262.1687279156572,62.972446793549125,62.97254463249144,11.469470064670173,-0.7310565185700135,0.00040361052856159027,1.528322399153952e-05,5.39119011478962,0.5189999999999962,0.8821403046041179,1.1694095839313907,2.8726927932727286,0.18774392419161381,0.0,8.988028291809515,0.5325871692151823,0.0,279.9459032685482,87085.8440150084,1.083705702914893,335.4172173807402,0.0,0.0,62.97254463249175,2148.7399029660783
10.554921874999861,1263.425883787384,62.743181815761226,62.743280121189116,11.457035207849012,-0.7332772517318776,0.0004006131390171427,1.5121911000174258e-05,5.39119011478962,0.5189999999999962,0.8821403046041179,1.1694047609056257,2.8726445630150788,0.187063165499264,0.0,8.921010420959432,0.5325524404926516,0.0,279.937731755382,87072.4714800565,1.0835709226554846,335.4122654437615,0.0,0.0,62.74328012118942,2132.8572280880976
10.57492187499986,1264.6784568423168,62.514164903899584,62.5142636788979,11.44466344070161,-0.7354992163645095,0.00039759016014155667,1.494821183470929e-05,5.39119011478962,0.5189999999999962,0.8821403046041179,1.1693999684789635,2.872596638748457,0.18638311627960086,0.0,8.854332562006839,0.5325178741661218,0.0,279.92959003052493,87059.14769313904,1.0834366258961219,335.40733155849813,0.0,0.0,62.514263678898196,2117.053132175973
10.59492187499986,1265.9264520291747,62.28539479888847,62.28549404672752,11.432354495967209,-0.7377224129840024,0.0003945260569584947,1.4649228423877574e-05,5.39119011478962,0.5189999999999962,0.8821403046041179,1.169395273507906,2.872549689037882,0.18570377293115728,0.0,8.787993247907606,0.5324834696560692,0.0,279.9214780618103,87045.87260161585,1.0833028121912365,335.4024157054571,0.0,0.0,62.28549404672782,2101.327296560268
10.61492187499986,1267.1698742715478,62.056870246929726,62.05696997121687,11.420108116484524,-0.7399468450180285,0.0003914083193372721,1.3955404851936807e-05,5.39119011478962,0.5189999999999962,0.8821403046041179,1.1693908357603615,2.8725053115624366,0.18502513186800132,0.0,8.721991021636681,0.5324492263868578,0.0,279.9133958172349,87032.64615311405,1.083169481097533,335.39751786524437,0.0,0.0,62.056969971217164,2085.6794047427807
10.63492187499986,1268.4087284680024,61.82858999953097,61.82869020429278,11.407924023029922,-0.7421725199042487,0.00038822725446741236,1.3068173942274073e-05,5.39119011478962,0.5189999999999962,0.8821403046041179,1.1693865357038309,2.8724623109971303,0.1843471895196184,0.0,8.656324437742613,0.5324151437867104,0.0,279.90534326495793,87019.46829552694,1.08303663217398,335.3926380185645,0.0,0.0,61.82869020429309,2070.109142380927
10.654921874999859,1269.6430194921916,61.60055281368906,61.6006535032249,11.395801946741633,-0.7443994479785037,0.0003849756584540439,1.1947089042221412e-05,5.39119011478962,0.5189999999999962,0.8821403046041179,1.1693823972505044,2.8724209264638656,0.18366994233078118,0.0,8.590992060372391,0.5323812212876826,0.0,279.8973203733007,87006.33897701281,1.082904264981799,335.38777614622023,0.0,0.0,61.60065350322522,2054.6161972719774
10.674921874999859,1270.8727521929613,61.37275745178347,61.37285863059242,11.383741620910714,-0.7466276419676019,0.00038164945394763417,1.0593143159233354e-05,5.39119011478962,0.5189999999999962,0.8821403046041179,1.169378419718955,2.872381151148371,0.182993386761455,0.0,8.525992463946057,0.5323474583256353,0.0,279.88932711074574,86993.25814599384,1.082772379084456,335.38293222911193,0.0,0.0,61.372858630592724,2039.2002593382256
10.694921874999858,1272.0979313944579,61.145202681443685,61.14530435424454,11.371742781853962,-0.7488571164203704,0.00037824902000730326,9.139551631045083e-06,5.39119011478962,0.5189999999999962,0.8821403046041179,1.1693745240431797,2.872342194390618,0.18231751928668485,0.0,8.46132423317777,0.5323138543402088,0.0,279.881363445936,86980.22575115494,1.0826409740476504,335.37810624823726,0.0,0.0,61.145304354244836,2023.8610206118537
10.714921874999858,1273.3185618962325,60.91788727557107,60.91798944726059,11.359805167193219,-0.7510878876030076,0.00037477559229286947,7.750337319705837e-06,5.39119011478962,0.5189999999999962,0.8821403046041179,1.169370612850372,2.8723030824625417,0.18164233639648086,0.0,8.396985962678928,0.5322804087747965,0.0,279.87342934767446,86967.24174144266,1.082510049439307,335.3732981846907,0.0,0.0,60.91798944726088,2008.5981752198893
10.734921874999857,1274.5346484733477,60.69081001236909,60.69091268791628,11.347928509311203,-0.7533199725158196,0.00037123114155852057,6.408382925951758e-06,5.39119011478962,0.5189999999999962,0.8821403046041179,1.169366696240264,2.8722639163614616,0.18096783459572213,0.0,8.332976256614034,0.5322471210765191,0.0,279.8655247849232,86954.306066064,1.0823796048295644,335.36850801966347,0.0,0.0,60.69091268791657,1993.4114193696912
10.754921874999857,1275.746195876483,60.46396967530178,60.464072859648134,11.336112551135841,-0.7555533877663353,0.0003676197282304896,5.1546172961717535e-06,5.39119011478962,0.5189999999999962,0.8821403046041179,1.1693627498300974,2.872224452259795,0.1802940104040553,0.0,8.269293729058527,0.5322139906961991,0.0,279.85764972680283,86941.41867448537,1.0822496397907664,335.3637357344425,0.0,0.0,60.46407285964843,1978.3004513344276
10.774921874999857,1276.9532088320382,60.23736505289387,60.2374687510166,11.324357041318581,-0.7577881491555974,0.0003639482288473148,4.326343718682637e-06,5.39119011478962,0.5189999999999962,0.8821403046041179,1.1693585735270793,2.8721826892296143,0.17962086035578892,0.0,8.205937004032794,0.5321810170883361,0.0,279.8498041425917,86928.57951643139,1.0821201538974534,335.3589813104106,0.0,0.0,60.23746875101689,1963.2649714385848
10.794921874999856,1278.155692042233,60.01099493870476,60.01109915566842,11.312661723003558,-0.7600242730777649,0.0003602256635801878,4.1722453058674456e-06,5.39119011478962,0.5189999999999962,0.8821403046041179,1.169354019717021,2.8721371511290306,0.1789483809997859,0.0,8.142904715061293,0.5321481997110805,0.0,279.84198800172544,86915.78854188394,1.0819911467263514,335.3542447290456,0.0,0.0,60.011099155668695,1948.304682043537
10.814921874999856,1279.3536501852116,59.784858131475225,59.784962872302565,11.301026341230978,-0.7622617751561928,0.0003564632795377035,4.853388493507732e-06,5.39119011478962,0.5189999999999962,0.8821403046041179,1.1693489928375693,2.8720868823345147,0.1782765688993661,0.0,8.08019550537808,0.5321155380262095,0.0,279.8342012737961,86903.04570108099,1.081862617856364,335.34952597192046,0.0,0.0,59.78496287230284,1933.4192875334697
10.834921874999855,1280.5470879151417,59.55895343499474,59.55905870463359,11.28945063826161,-0.7645006701112852,0.0003526748218130415,6.065230241010015e-06,5.39119011478962,0.5189999999999962,0.8821403046041179,1.1693436734063902,2.8720336880227237,0.1776054206322016,0.0,8.017808027663754,0.5320830314991017,0.0,279.82644392855156,86890.35094451552,1.081734566868563,335.3448250207023,0.0,0.0,59.55905870463388,1918.608494301238
10.854921874999855,1281.7360098623199,59.3332796582215,59.333385461357885,11.277934362567903,-0.7667409702210339,0.0003488751763838611,7.42725356467743e-06,5.39119011478962,0.5189999999999962,0.8821403046041179,1.169338286987036,2.8719798238291805,0.1769349327902203,0.0,7.955740943957449,0.5320506795987135,0.0,279.8187159358949,86877.70422293444,1.0816069933461776,335.3401418571523,0.0,0.0,59.333385461358176,1903.8720107345237
10.874921874999854,1282.9204206332706,59.10783561502329,59.10794195611777,11.266477265081015,-0.7689826844584821,0.0003450798187171102,8.708119269213436e-06,5.39119011478962,0.5189999999999962,0.8821403046041179,1.1693329707328795,2.871926661287616,0.17626510197950307,0.0,7.893992925644488,0.532018481797554,0.0,279.8110172658837,86865.10548733754,1.0814798968745882,335.33547646312553,0.0,0.0,59.107941956118076,1889.2095472019757
10.894921874999854,1284.1003248108461,58.882620124325996,58.88272700746989,11.255079097180271,-0.7712258184249804,0.00034130289191538864,9.72371274671933e-06,5.39119011478962,0.5189999999999962,0.8821403046041179,1.1693278337336455,2.871875291295276,0.175595924820194,0.0,7.832562653353987,0.5319864375716619,0.0,279.8033478887295,86852.55468897642,1.0813532770413135,335.3308288205701,0.0,0.0,58.88272700747017,1874.6208160397111
10.914921874999854,1285.2757269543254,58.65763200978906,58.657739438844985,11.2437396248589,-0.7734703736134415,0.00033755665676542083,1.064156804974904e-05,5.39119011478962,0.5189999999999962,0.8821403046041179,1.1693227765691332,2.8718247196501534,0.17492739794638484,0.0,7.771448817492766,0.5319545464005812,0.0,279.7957077747969,86840.05177935341,1.0812271334360046,335.32619891152694,0.0,0.0,58.657739438845276,1860.1055315374015
10.934921874999853,1286.4466315995082,58.43287009992294,58.43297807851557,11.232458598833913,-0.7757163490796039,0.0003338542480391996,1.1339597647300954e-05,5.39119011478962,0.5189999999999962,0.8821403046041179,1.1693178715626484,2.871775669585306,0.1742595180060222,0.0,7.7106501172602995,0.5319228077673365,0.0,279.7880968946032,86827.5967102206,1.081101465650435,335.32158671812954,0.0,0.0,58.43297807851583,1845.6634099249425
10.954921874999853,1287.6130432588152,58.20833322815692,58.208441759563655,11.221235781741456,-0.777963740018135,0.0003302085184295937,1.184587020010321e-05,5.39119011478962,0.5189999999999962,0.8821403046041179,1.1693131020047831,2.8717279740066526,0.17359228166081628,0.0,7.650165261248565,0.5318912211584115,0.0,279.7805152188177,86815.18943357878,1.0809762732784916,335.3169922226035,0.0,0.0,58.20844175956393,1831.2941693592613
10.974921874999852,1288.7749664213804,57.984020232558606,57.98412931984193,11.210070944704691,-0.780212538750184,0.00032663178157066883,1.223992301408952e-05,5.39119011478962,0.5189999999999962,0.8821403046041179,1.1693084206282829,2.8716811602416503,0.17292568558612847,0.0,7.589992967252378,0.5318597860637243,0.0,279.772962718261,86802.82990167642,1.0808515559161662,335.31241540726614,0.0,0.0,57.984129319842204,1816.9975299107837
10.994921874999852,1289.9324055531474,57.7599299558846,57.7600396019451,11.198963848260691,-0.7824627351696938,0.00032313484862679317,1.2402278624610831e-05,5.39119011478962,0.5189999999999962,0.8821403046041179,1.1693038982417208,2.871635936376029,0.17225972647089058,0.0,7.530131961721765,0.5318285019766048,0.0,279.76543936390453,86790.51806700868,1.0807273131615471,335.30785625452614,0.0,0.0,57.76003960194537,1802.7732135506762
11.014921874999851,1291.0853650969616,57.536061245635835,57.53617145317577,11.187914258013782,-0.7847143170266396,0.0003197262441579502,1.2335848692383782e-05,5.39119011478962,0.5189999999999962,0.8821403046041179,1.1692995330281342,2.871592284240163,0.17159440101750706,0.0,7.470580980298211,0.5317973683937728,0.0,279.75794512686974,86778.25388231644,1.080603544614811,335.3033147468831,0.0,0.0,57.536171453176046,1788.6209441378285
11.034921874999851,1292.2338494726655,57.31241295398471,57.312523725508754,11.17692194078643,-0.7869672697969778,0.0003164114888326465,1.1988907942835866e-05,5.39119011478962,0.5189999999999962,0.8821403046041179,1.169295355604107,2.8715505099998917,0.1709297059417525,0.0,7.4113387674305375,0.5317663848153136,0.0,279.7504799784277,86766.03730058522,1.0804802498782133,335.2987908669272,0.0,0.0,57.31252372550904,1774.5404474058425
11.05492187499985,1293.3778630771915,57.08898393773404,57.0890952755617,11.165986667155558,-0.7892215767015389,0.00031319392068125315,1.1414522910718806e-05,5.39119011478962,0.5189999999999962,0.8821403046041179,1.1692913344206302,2.871510298165123,0.17026563797268815,0.0,7.3524040766114584,0.531735550744658,0.0,279.7430438899982,86753.86827504427,1.0803574285560806,335.2942845973389,0.0,0.0,57.089095275561974,1760.53145095052
11.07492187499985,1294.5174102846534,56.865773058247505,56.86588496455573,11.155108213296737,-0.7914772192642074,0.00031007369307365897,1.0790117983734727e-05,5.39119011478962,0.5189999999999962,0.8821403046041179,1.1692873641817065,2.871470595775887,0.16960219385254852,0.0,7.293775670292231,0.531704865688557,0.0,279.7356368331497,86741.74675916557,1.0802350802548015,335.28979592088876,0.0,0.0,56.86588496455601,1746.593684216832
11.09492187499985,1295.6524954464378,56.642779181353745,56.642891658286985,11.144286356461311,-0.7937341775674399,0.00030705008025621493,1.0082813216845132e-05,5.39119011478962,0.5189999999999962,0.8821403046041179,1.169283464317906,2.871431597137881,0.1689393703366606,0.0,7.235452319232547,0.5316743291570627,0.0,279.72825877959815,86729.67270666282,1.0801132045828188,335.2853248204365,0.0,0.0,56.642891658287255,1732.726878486658
11.11492187499985,1296.783122891292,56.420001177350606,56.42011422709604,11.133520870317662,-0.7959924318654696,0.0003041200429588254,9.390403919752651e-06,5.39119011478962,0.5189999999999962,0.8821403046041179,1.1692795767600483,2.871392721559305,0.16827716419335648,0.0,7.177432803020156,0.5316439406635047,0.0,279.7209097012066,86717.64607149057,1.079991801150622,335.2808712789312,0.0,0.0,56.42011422709633,1718.9307668665028
11.134921874999849,1297.9092969254145,56.197437921128,56.19755154583623,11.122811529351347,-0.7982519623551875,0.0003012786701128962,8.625095368881969e-06,5.39119011478962,0.5189999999999962,0.8821403046041179,1.1692757535063332,2.871354489022153,0.1676155722038828,0.0,7.119715909534524,0.53161369972447,0.0,279.7135895699848,86705.66680784321,1.0798708695707384,335.27643527941075,0.0,0.0,56.19755154583651,1705.205084275219
11.154921874999848,1299.0310218325471,55.97508829199445,55.97520249383981,11.112158106721257,-0.800512748827399,0.0002985189923938555,7.984005457012893e-06,5.39119011478962,0.5189999999999962,0.8821403046041179,1.1692718775549704,2.8713157295085256,0.16695459116230377,0.0,7.062300435531292,0.5315836058597803,0.0,279.7062983580884,86693.73487015399,1.0797504094577242,335.2720168050016,0.0,0.0,55.97520249384008,1691.5495674317178
11.174921874999848,1300.148301874063,55.75295117383542,55.7530659548881,11.101560379329573,-0.8027747705695597,0.0002958326635521587,7.613618496261394e-06,5.39119011478962,0.5189999999999962,0.8821403046041179,1.16926786198614,2.8712755738202222,0.1662942178754162,0.0,7.005185186085139,0.5315536585924717,0.0,279.6990360378186,86681.85021309415,1.079630420428158,335.26761583891806,0.0,0.0,55.753065954888385,1677.9639548430093
11.194921874999848,1301.2611412890572,55.53102545491289,55.531140817178546,11.09101812954673,-0.8050380056246439,0.00029320944972286225,7.592123349113924e-06,5.39119011478962,0.5189999999999962,0.8821403046041179,1.1692636603310251,2.871233557269073,0.16563444916265468,0.0,6.948368974574526,0.531523857448773,0.0,279.6918025816211,86670.01279157183,1.079510902100631,335.2632323644624,0.0,0.0,55.53114081717883,1664.4479867921402
11.214921874999847,1302.3695442944324,55.30931002780573,55.30942597329476,11.080531148074007,-0.8073024319664982,0.0002906370046011551,8.089917127115098e-06,5.39119011478962,0.5189999999999962,0.8821403046041179,1.1692591714635112,2.8711886685939336,0.16497528185600635,0.0,6.891850622855679,0.5314942019580855,0.0,279.6845979620862,86658.2225607313,1.07939185409574,335.25886636502423,0.0,0.0,55.30942597329504,1651.0014053264242
11.234921874999847,1303.4735150849865,55.087803789366866,55.08792032017511,11.070099211582729,-0.8095680275878692,0.00028810270581706044,9.149677000695101e-06,5.39119011478962,0.5189999999999962,0.8821403046041179,1.1692543699958902,2.871140653917723,0.16431671279992102,0.0,6.8356289610261936,0.5314646916529617,0.0,279.67742215194755,86646.47947595191,1.0792732760360793,335.2545178240802,0.0,0.0,55.08792032017539,1637.623954245667
11.254921874999846,1304.5730578334985,54.86650564087524,54.86662275908388,11.059722104656224,-0.8118347707663993,0.00028559422350052697,1.0582888186520335e-05,5.39119011478962,0.5189999999999962,0.8821403046041179,1.1692493676662388,2.871090630621209,0.16365873885122867,0.0,6.779702827200197,0.5314353260690857,0.0,279.67027512408225,86634.78349284729,1.0791551675462328,335.2501867251939,0.0,0.0,54.86662275908415,1624.3153790906345
11.274921874999846,1305.668176690815,54.64541448775592,54.645532195583385,11.049399623387433,-0.8141026398536663,0.0002830985677824819,1.21306984410186e-05,5.39119011478962,0.5189999999999962,0.8821403046041179,1.1692443179411267,2.8710401333700886,0.16300135687906042,0.0,6.724071067466308,0.5314061047452526,0.0,279.66315685150965,86623.1345672643,1.079037528252766,335.2458730520149,0.0,0.0,54.64553219558366,1611.0754271316769
11.294921874999845,1306.7588757859328,54.42452923968059,54.42464753950265,11.039131557142612,-0.8163716149173929,0.0002806010800512741,1.371124661036394e-05,5.39119011478962,0.5189999999999962,0.8821403046041179,1.1692392693014209,2.87098964697303,0.1623445637647584,0.0,6.668732536153745,0.5313770272233487,0.0,279.6560673073914,86611.53265528224,1.0789203577842188,335.2415767882792,0.0,0.0,54.424647539502935,1597.9038473572227
11.314921874999845,1307.845159226084,54.20384881046128,54.20396770490985,11.028917698577992,-0.8186416776040181,0.00027808721891266376,1.5170026139857994e-05,5.39119011478962,0.5189999999999962,0.8821403046041179,1.169234313319628,2.8709400871551005,0.16168835640179738,0.0,6.613686095421947,0.5313480930483316,0.0,279.6490064650304,86599.97771321196,1.078803655771098,335.2372979178084,0.0,0.0,54.203967704910134,1584.8003904626003
11.334921874999845,1308.9270310968182,53.98337211804069,53.98349161008446,11.018757835963957,-0.8209128121425706,0.0002755432504111114,1.6507628506535353e-05,5.39119011478962,0.5189999999999962,0.8821403046041179,1.1692294495863604,2.870891449822426,0.1610327316957055,0.0,6.5589306156545195,0.531319301768211,0.0,279.64197429787066,86588.46969759492,1.0786874218458686,335.23303642450963,0.0,0.0,53.983491610084734,1571.764808838914
11.354921874999844,1310.004495462087,53.76309808469922,53.763218177480795,11.008651759742982,-0.8231850050364513,0.0002729560097661437,1.7753693952724048e-05,5.39119011478962,0.5189999999999962,0.8821403046041179,1.1692246604449317,2.870843558408138,0.16037768656395918,0.0,6.504464975244461,0.5312906529340279,0.0,279.6349707794964,86577.00856520231,1.0785716556429477,335.2287922923748,0.0,0.0,53.76321817748106,1558.7968565615179
11.374921874999844,1311.0775563643285,53.54302563671601,53.54314633370595,10.99859926757292,-0.8254582447190066,0.0002703121588962914,1.8791073268735263e-05,5.39119011478962,0.5189999999999962,0.8821403046041179,1.16922001531027,2.8707971070615224,0.15972321793592054,0.0,6.450288060122199,0.5312621460998364,0.0,279.62799588363185,86565.59427303419,1.0784563567986958,335.2245655054809,0.0003978626053916139,-0.00024631837946225923,53.54314633370619,1545.8962893794094
11.394921874999843,1312.1462178245467,53.323153704540935,53.323275009488164,10.988600150225217,-0.8277325223734565,0.0002675992169711577,1.9614456836816042e-05,5.39119011478962,0.5189999999999962,0.8821403046041179,1.1692155172811793,2.870752126770615,0.1590693227527472,0.0,6.396398764288547,0.5312337808226836,0.0,279.62104958414045,86554.2267783186,1.0783415249514092,335.2203560479891,0.0004036786167720022,-0.0002652492944763666,53.32327500948842,1533.0628647041533
11.414921874999843,1313.210483842397,53.10348122268264,53.10360313964851,10.978654211996778,-0.8300078311972184,0.00026480674674538924,2.006219872461932e-05,5.39119011478962,0.5189999999999962,0.8821403046041179,1.1692112621606878,2.8707095755656997,0.15841599796731093,0.0,6.3427959891249674,0.5312055566625915,0.0,279.6141318550244,86542.90603851066,1.0782271597413136,335.2161639041448,0.0004167346841533161,-0.00028588373570920375,53.103603139648776,1520.2963415990812
11.434921874999842,1314.2703583962634,52.88400712964798,52.884129663073644,10.968761243716544,-0.8322841676323203,0.00026192629574716666,2.0221688315025956e-05,5.39119011478962,0.5189999999999962,0.8821403046041179,1.1692071980482628,2.8706689344414493,0.15776324054411997,0.0,6.289478644395326,0.5311774731825376,0.0,279.6072426704243,86531.63201129177,1.0781132608105557,335.21198905827714,0.0004172147987117115,-0.0003029502098169728,52.884129663073885,1507.59648076864
11.454921874999842,1315.3258454433428,52.66473036813994,52.66485352267853,10.958921039389406,-0.8345615302729097,0.00025895122827589335,2.019541133437565e-05,5.39119011478962,0.5189999999999962,0.8821403046041179,1.169203264101061,2.8706295949694316,0.1571110474592117,0.0,6.236445647605496,0.5311495299484351,0.0,279.60038200461827,86520.40465456872,1.0779998278031966,335.2078314947987,0.0004204835464982456,-0.00031343374634592127,52.66485352267876,1494.9630445472578
11.474921874999842,1316.3769489197264,52.445649884890315,52.44577366538396,10.949133399654631,-0.8368399189907486,0.0002558768880256543,1.9906780196664675e-05,5.39119011478962,0.5189999999999962,0.8821403046041179,1.1691995056851479,2.8705920108103,0.15645941570008884,0.0,6.1836959234295925,0.5311217265291155,0.0,279.5935498320218,86509.22392647274,1.0778868603652032,335.2036911982052,0.0004303647580680287,-0.0003233128142028116,52.4457736653842,1482.3957968891275
11.494921874999841,1317.4236727404796,52.22676463058006,52.22688904208804,10.939398132256752,-0.8391193351595194,0.00025270098007567737,1.9267114990099545e-05,5.39119011478962,0.5189999999999962,0.8821403046041179,1.1691959753358063,2.8705567073168847,0.15580834226563758,0.0,6.13122840411117,0.5310940624963096,0.0,279.58674612718687,86498.08978535881,1.0777743581444423,335.19956815307523,0.0004393064549305272,-0.00034083491921051,52.22688904208826,1469.894503357735
11.51492187499984,1318.4660207997194,52.00807355971273,52.00819860763888,10.929715038398808,-0.8413997820936268,0.00024942331228668975,1.8324072493022232e-05,5.39119011478962,0.5189999999999962,0.8821403046041179,1.1691926447262944,2.870523401221765,0.15515782416605023,0.0,6.079042029785091,0.5310665374246296,0.0,279.5799708648018,86487.00218980464,1.077662320790672,335.1954623440699,0.0,0.0,52.0081986076391,1457.4589311155441
11.53492187499984,1319.5039969706943,51.78957563086719,51.789701320801974,10.920083919760065,-0.8436812649836892,0.00024604591320449306,1.7147889595974942e-05,5.39119011478962,0.5189999999999962,0.8821403046041179,1.1691894721470166,2.8704916754289878,0.15450785842273068,0.0,6.027135748099135,0.5310391508915506,0.0,279.5732240196905,86475.96109860999,1.077550747955535,335.19137375593243,0.0,0.0,51.789701320802216,1445.0888489134493
11.55492187499984,1320.5376051058622,51.571269806441826,51.57139614423405,10.910504586699153,-0.8459637903831652,0.00024257219062838654,1.57008324887212e-05,5.39119011478962,0.5189999999999962,0.8821403046041179,1.1691864799099911,2.870461753058733,0.1538584420682201,0.0,5.975508513874772,0.5310119024773925,0.0,279.5665055668119,86464.96647079576,1.0774396392925532,335.187302373488,0.0,0.0,51.571396144234285,1432.7840270806853
11.57492187499984,1321.5668490369674,51.35315505266245,51.3532820444579,10.90097684908181,-0.8482473668007169,0.000239006687932109,1.396277765812496e-05,5.39119011478962,0.5189999999999962,0.8821403046041179,1.1691836799104232,2.870433753063053,0.1532095721461253,0.0,5.924159289369762,0.5309847917653027,0.0,279.5598154812597,86454.01826560315,1.0773289944571176,335.1832481816434,0.0,0.0,51.35328204445812,1420.5442375148732
11.594921874999839,1322.591732575117,51.13523033961325,51.1353579918334,10.891500508368164,-0.8505320046863554,0.00023535530935323105,1.1995980816088349e-05,5.39119011478962,0.5189999999999962,0.8821403046041179,1.1691810351401144,2.8704073053599655,0.15256124571103555,0.0,5.8730870443090755,0.5309578183412382,0.0,279.5531537382617,86443.11644249292,1.0772188131064833,335.1792111653866,0.0,0.0,51.135357991833615,1408.3692536719225
11.614921874999839,1323.6122595108588,50.91749464126089,50.917622960529556,10.882075375339877,-0.8528177160455315,0.00023162567294379512,9.888467154803762e-06,5.39119011478962,0.5189999999999962,0.8821403046041179,1.1691784933623781,2.8703818875826026,0.1519134598284424,0.0,5.822290755660312,0.5309309817939483,0.0,279.54652031317937,86432.26096114451,1.0771090948997626,335.17519130978667,0.0,0.0,50.917622960529776,1396.2588505560761
11.634921874999838,1324.628433614259,50.69994693544216,50.70007592849587,10.872701250376963,-0.8551045133795016,0.00022782665431797853,7.817217901640523e-06,5.39119011478962,0.5189999999999962,0.8821403046041179,1.1691759495141782,2.870356449100604,0.1512662115746576,0.0,5.771769407595338,0.5309042817149565,0.0,279.5399151815073,86421.45178145521,1.0769998394979163,335.17118859999346,0.0,0.0,50.70007592849608,1384.212804709993
11.654921874999838,1325.6402586349793,50.48258620392704,50.48271587743872,10.863377941508922,-0.8573924087754198,0.00022396834445039993,5.9007845739024435e-06,5.39119011478962,0.5189999999999962,0.8821403046041179,1.1691733332232779,2.8703302861916002,0.1506194980367463,0.0,5.721521991228496,0.5308777176985445,0.0,279.5333383188726,86410.68886353937,1.0768910465637485,335.1672030212368,0.0,0.0,50.48271587743892,1372.2308942051923
11.674921874999837,1326.6477383023546,50.26541143217551,50.26554179279336,10.854105268806117,-0.8596814131188774,0.00022006141547744834,4.3735860041734905e-06,5.39119011478962,0.5189999999999962,0.8821403046041179,1.169170505380684,2.8703020077656616,0.14997331631244618,0.0,5.671547504941173,0.5308512893602174,0.0,279.52678970103466,86399.97216772757,1.076782715761898,335.163234558827,0.0,0.0,50.265541792793556,1360.3128986323209
11.694921874999837,1327.6508763254649,50.04842160932678,50.04855266369129,10.844883046893493,-0.861971536504275,0.00021611735872848812,3.6380506821347252e-06,5.39119011478962,0.5189999999999962,0.8821403046041179,1.1691672271903109,2.87026922586193,0.14932766351007387,0.0,5.621844958262811,0.5308249967099852,0.0,279.52026930388445,86389.3016545658,1.0766748467588327,335.15928319815396,0.0,0.0,50.04855266369149,1348.4585990912576
11.714921874999837,1328.6496763932107,49.83161572824236,49.83174748294316,10.835711088855144,-0.8642627880374177,0.00021214838472476588,4.224367503975176e-06,5.39119011478962,0.5189999999999962,0.8821403046041179,1.1691631841076882,2.870228795035703,0.14868253674847678,0.0,5.5724133588660685,0.530798838921188,0.0,279.5137771034441,86378.67728481477,1.076567439222842,335.15534892468713,0.0,0.0,49.831747482943356,1336.6677781821306
11.734921874999836,1329.6441421743866,49.61499278541727,49.61512524701974,10.826589213627413,-0.8665551755508469,0.00020816735188844727,5.694115665425201e-06,5.39119011478962,0.5189999999999962,0.8821403046041179,1.1691586360883781,2.8701833148426026,0.14803793315697986,0.0,5.523251725951788,0.5307728155989719,0.0,279.5073130758665,86368.099019449,1.0764604928240307,335.15143172397507,0.0,0.0,49.61512524701992,1324.940219996297
11.754921874999836,1330.634277317753,49.39855178099212,49.3986849560188,10.817517239397015,-0.868848706116581,0.00020418708424008647,7.452517496132105e-06,5.39119011478962,0.5189999999999962,0.8821403046041179,1.1691539359485235,2.870136313444056,0.1473938498752898,0.0,5.4743590855990325,0.5307469263511574,0.0,279.5008771974346,86357.56681965615,1.0763540072343123,335.14753158164535,0.0,0.0,49.39868495601898,1313.275710106637
11.774921874999835,1331.6200854521098,49.18229171879985,49.182425613640795,10.808494979694185,-0.8711433854610016,0.0002002196456785634,9.069165482936886e-06,5.39119011478962,0.5189999999999962,0.8821403046041179,1.1691493388984198,2.870090342943019,0.14675028405342563,0.0,5.425734470576399,0.5307211707882235,0.0,279.4944694445613,86347.08064683617,1.0762479821274018,335.14364848340415,0.0,0.0,49.18242561364099,1301.6740355583888
11.794921874999835,1332.6015701863712,48.966211606373314,48.96634622716353,10.799522250286769,-0.8734392167626608,0.00019627576729177722,1.0353444324733476e-05,5.39119011478962,0.5189999999999962,0.8821403046041179,1.169144957962848,2.8700465335873004,0.14610723285164634,0.0,5.377376920476321,0.5306955485232905,0.0,279.48808979378856,86336.64046260058,1.0761424171788094,335.1397824150359,0.0,0.0,48.96634622716374,1290.1349848600144
11.814921874999834,1333.5787351096376,48.75031045482164,48.75044580741543,10.790598874933284,-0.8757362002743911,0.00019236515669069146,1.1328499382764157e-05,5.39119011478962,0.5189999999999962,0.8821403046041179,1.1691407793677802,2.870004747636623,0.14546469344037416,0.0,5.329285481874249,0.5306700591721059,0.0,279.48173822178734,86326.24622877162,1.0760373120658335,335.13593336240314,0.0,0.0,48.75044580741564,1278.6583479740514
11.834921874999834,1334.5515837912667,48.53458727875035,48.53472336874918,10.781724684561153,-0.8780343332609281,0.00018849669028962336,1.2074685930044963e-05,5.39119011478962,0.5189999999999962,0.8821403046041179,1.1691367553773941,2.869964507732763,0.1448226630001192,0.0,5.281459208213194,0.5306447023530261,0.0,279.47541470535674,86315.89790738157,1.0759326664675553,335.13210131144615,0.0,0.0,48.53472336874937,1267.2439163080699
11.854921874999834,1335.5201197809424,48.31904109615028,48.31917792901602,10.772899505168116,-0.8803336107989158,0.00018467826215797574,1.2603061756754563e-05,5.39119011478962,0.5189999999999962,0.8821403046041179,1.1691328793874516,2.8699257478333373,0.14418113872140573,0.0,5.233897159592027,0.5306194776870021,0.0,279.46911922142385,86305.59546067198,1.0758284800648303,335.12828624818286,0.0,0.0,48.31917792901622,1255.8914827057265
11.874921874999833,1336.4843466087432,48.103670928487375,48.103808509542056,10.764123168470649,-0.882634026163472,0.00018091660270932905,1.2939211198061648e-05,5.39119011478962,0.5189999999999962,0.8821403046041179,1.1691291361603255,2.869888315562077,0.14354011780470446,0.0,5.186598402808499,0.5305943847975639,0.0,279.46285174704315,86295.3388510929,1.0757247525402844,335.1244881587081,0.0,0.0,48.10380850954225,1244.600841437993
11.894921874999833,1337.44426778521,47.88847580054165,47.888614135102806,10.755395505233807,-0.8849355714563041,0.00017721715275470967,1.3146886730293163e-05,5.39119011478962,0.5189999999999962,0.8821403046041179,1.1691254878313881,2.869851832272703,0.14289959746035985,0.0,5.139562011345548,0.530569423310804,0.0,279.45661225939614,86285.12804130226,1.0756214835783067,335.120707029194,0.0,0.0,47.88861413510301,1233.3717881943749
11.914921874999832,1338.3998868014141,47.673454740590486,47.67359383390028,10.746716344302389,-0.8872382381285545,0.00017358412413869404,1.3190903137446867e-05,5.39119011478962,0.5189999999999962,0.8821403046041179,1.1691219552059455,2.8698165060182768,0.14225957490852445,0.0,5.092787065133767,0.5305445928553636,0.0,279.45040073579077,86274.96299416506,1.0755186728650428,335.1169428458892,0.0,0.0,47.673593833900476,1222.2041200743101
11.934921874999832,1339.3512071290263,47.45860678028746,47.45874663753837,10.738085512943824,-0.8895420164386154,0.00017002065768058613,1.3015070339416898e-05,5.39119011478962,0.5189999999999962,0.8821403046041179,1.1691185715773145,2.869782669731966,0.14162004737908881,0.0,5.046272650615514,0.5305198930624166,0.0,279.4442171536613,86264.84367275269,1.0754163200883897,335.1131955951188,0.0,0.0,47.45874663753858,1211.0976355785708
11.954921874999831,1340.2982322203845,47.24393095470353,47.244071580998536,10.729502843732408,-0.8918468955441943,0.0001665284385821585,1.2653595458750545e-05,5.39119011478962,0.5189999999999962,0.8821403046041179,1.1691153165963277,2.8697501199220987,0.14098101211161168,0.0,5.000017860858475,0.5304953235656549,0.0,279.43806149056746,86254.77004034213,1.0753144249379887,335.1094652632839,0.0,0.0,47.244071580998735,1200.0521346007245
11.974921874999831,1341.2409655085617,47.02942630222304,47.029567702614486,10.720968173346664,-0.8941528634866392,0.00016310806698795926,1.2146493967381949e-05,5.39119011478962,0.5189999999999962,0.8821403046041179,1.1691121664706239,2.8697186186650603,0.14034246635524755,0.0,4.9540217953897425,0.5304708840012726,0.0,279.4319337241943,86244.74206041537,1.0752129871052196,335.10575183686177,0.0,0.0,47.029567702614706,1189.0674184186341
11.99492187499983,1342.179410407431,46.81509186453874,46.81523404405007,10.712481333393558,-0.8964599075702632,0.00015975874966899146,1.1468425831809263e-05,5.39119011478962,0.5189999999999962,0.8821403046041179,1.1691091361841093,2.8696883157999142,0.1397044073686834,0.0,4.9082835600645724,0.5304465740079527,0.0,279.42583383235166,86234.75969665857,1.075112006283195,335.1020553024051,0.0,0.0,46.81523404405028,1178.1432896861666
12.01492187499983,1343.1135703117336,46.60092668667672,46.601069650273466,10.704042158806754,-0.8987680141491874,0.00015647848866615703,1.0725503476828169e-05,5.39119011478962,0.5189999999999962,0.8821403046041179,1.1691061627451271,2.869658581410093,0.13906683242006504,0.0,4.862802267257969,0.5304223932268511,0.0,279.4197617929737,86224.8229129614,1.075011482166753,335.0983756465421,0.0,0.0,46.60106965027367,1167.2795524248013
12.03492187499983,1344.0434485971432,46.386929816954456,46.387073569534365,10.695650489183747,-0.9010771686273122,0.00015326450109791375,1.004662102485286e-05,5.39119011478962,0.5189999999999962,0.8821403046041179,1.1691031696227163,2.8696286501859847,0.13842973878693154,0.0,4.817577035659697,0.5303983413015829,0.0,279.41371758411856,86214.9316734164,1.0749114144524523,335.09471285597584,0.0,0.0,46.387073569534564,1156.4760120154383
12.05492187499983,1344.9690486203324,46.17310030683778,46.1732448533401,10.687306166951434,-0.9033873556841386,0.00015011347612185167,9.461709349496105e-06,5.39119011478962,0.5189999999999962,0.8821403046041179,1.1691001390295774,2.869598344254596,0.13779312375614705,0.0,4.7726069901144434,0.5303744178782073,0.0,279.40770118396784,86205.08594231815,1.0748118028385665,335.0910669174845,0.0,0.0,46.17324485334029,1145.7324751902283
12.074921874999829,1345.8903737190342,45.95943721098945,45.95958255643514,10.679009029613079,-0.9056985602430195,0.00014702154994694386,9.01584288004684e-06,5.39119011478962,0.5189999999999962,0.8821403046041179,1.169097044152628,2.869567395485102,0.1371569846238425,0.0,4.727891261720735,0.5303506226052143,0.0,279.40171257082625,86195.28568416278,1.0747126470250778,335.0874378179207,0.0,0.0,45.95958255643533,1135.0487500246331
12.094921874999828,1346.8074272121082,45.74593958733733,45.74608573677695,10.670758915816618,-0.9080107669950035,0.0001439839876768325,8.774051216571902e-06,5.39119011478962,0.5189999999999962,0.8821403046041179,1.1690938463901503,2.869535417860325,0.13652131869534637,0.0,4.683428987796114,0.5303269551335099,0.0,279.3957517231213,86185.53086364712,1.0746139467136704,335.08382554421155,0.0,0.0,45.74608573677715,1124.4246459293613
12.114921874999828,1347.720212399604,45.532606497012296,45.53275345551238,10.662555667366608,-0.9103239605421809,0.0001409953156534741,8.809031632743586e-06,5.39119011478962,0.5189999999999962,0.8821403046041179,1.1690905025347955,2.8695019793067766,0.13588612328511704,0.0,4.639219311834089,0.5303034151164026,0.0,279.38981861940255,86175.82144566809,1.0745157016077267,335.08023008335795,0.0,0.0,45.53275345551256,1113.8599736424012
12.134921874999828,1348.6287325628255,45.31943700423856,45.3195847769563,10.654399127702886,-0.9126381251069737,0.00013804931177824033,9.169785232851677e-06,5.39119011478962,0.5189999999999962,0.8821403046041179,1.1690869834876496,2.8694667888353176,0.13525139571668207,0.0,4.595261383454094,0.5302800022095887,0.0,279.3839132383416,86166.15739532204,1.0744179114123187,335.076651422435,0.0,0.0,45.319584776956496,1103.354545221228
12.154921874999827,1349.5329909643924,45.10643017644398,45.106578768567196,10.6462891409503,-0.9149532451412362,0.0001351388772550053,9.925392669555838e-06,5.39119011478962,0.5189999999999962,0.8821403046041179,1.169083248202802,2.869429435986841,0.13461713332256772,0.0,4.5515543584160465,0.5302567160711397,0.0,279.3780355587314,86156.53867790404,1.074320575834205,335.07308954859127,0.0,0.0,45.10657876856738,1092.9081740349131
12.174921874999827,1350.4329908483041,44.89358508410287,44.893734500926264,10.638225553604716,-0.9172693050140343,0.0001322565307055899,1.0989927129645914e-05,5.39119011478962,0.5189999999999962,0.8821403046041179,1.1690793476156616,2.869390430115437,0.13398333344423996,0.0,4.5080973984284665,0.5302335563614875,0.0,279.372185559486,86146.96525890724,1.074223694581823,335.0695444490485,0.0,0.0,44.89373450092645,1082.5206747564832
12.194921874999826,1351.3287354400004,44.68090080078014,44.681051047714995,10.630208208573395,-0.9195862893416215,0.00012939481034702067,1.235382653782394e-05,5.39119011478962,0.5189999999999962,0.8821403046041179,1.1690752873326982,2.869349827285803,0.13334999343203982,0.0,4.464889671299221,0.5302105227434118,0.0,279.36636321964,86137.4371040222,1.074127267365285,335.0660161111018,0.0,0.0,44.68105104771518,1072.1918633552496
12.214921874999826,1352.2202279464232,44.46837640315651,44.468527485692796,10.622236956783901,-0.9219041831328612,0.0001265464400840278,1.3834265659083053e-05,5.39119011478962,0.5189999999999962,0.8821403046041179,1.1690711757763232,2.869308711722054,0.13271711064511968,0.0,4.421930350612948,0.530187614882026,0.0,279.3605685183482,86127.95417913626,1.0740312938963712,335.062504522119,0.0,0.0,44.46852748569298,1061.9215570892118
12.234921874999825,1353.1074715560776,44.25601097085732,44.25616289467753,10.614311649601133,-0.9242229718140816,0.00012370397983748008,1.529847872471426e-05,5.39119011478962,0.5189999999999962,0.8821403046041179,1.1690670916550336,2.869267870509158,0.1320846824513877,0.0,4.379218615882295,0.5301648324447649,0.0,279.3548014348855,86118.51645033284,1.0739357738885247,335.0590096695406,0.0,0.0,44.256162894677715,1051.7095744976532
12.254921874999825,1353.9904694390918,44.043803586546,44.043956357522006,10.606432131646331,-0.9265426418034979,0.00012085965911298617,1.682764718875728e-05,5.39119011478962,0.5189999999999962,0.8821403046041179,1.1690629867574032,2.869226821532853,0.1314527062274406,0.0,4.336753652779163,0.5301421751013703,0.0,279.3490619486459,86109.12388389089,1.0738407070568459,335.05553154087943,0.0,0.0,44.043956357522184,1041.5557353936065
12.274921874999825,1354.869224747278,43.83175333595615,43.83190696009097,10.598598254468405,-0.9288631800734007,0.00011800565545469338,1.835426901892206e-05,5.39119011478962,0.5189999999999962,0.8821403046041179,1.1690589010823491,2.8691859647823126,0.1308211793584976,0.0,4.294534652642738,0.5301196425238792,0.0,279.34335003914265,86099.77644628416,1.0737460931180882,335.05207012372045,0.0,0.0,43.831906960091146,1031.459860856402
12.294921874999824,1355.7437406141921,43.619859307737,43.6200137912423,10.590809872224623,-0.9311845742489457,0.00011513451450800059,1.978106558113915e-05,5.39119011478962,0.5189999999999962,0.8821403046041179,1.1690548922928066,2.869145876886887,0.13019009923834687,0.0,4.252560812561346,0.5300972343866095,0.0,279.3376656860077,86090.4741041806,1.0736519317906503,335.0486254057207,0.0,0.0,43.620013791242485,1021.4217732244714
12.314921874999824,1356.6140201551923,43.408120593457625,43.408275942805695,10.583066836722802,-0.933506813231516,0.00011223904031814534,2.109008148281858e-05,5.39119011478962,0.5189999999999962,0.8821403046041179,1.1690509709899561,2.869106663858383,0.12955946326928477,0.0,4.2108313355246825,0.530074950366149,0.0,279.33200886899124,86081.2168244417,1.0735582227945717,335.04519737460873,0.0,0.0,43.408275942805886,1011.4412960880906
12.334921874999823,1357.4800664674985,43.196536287726076,43.196692509558105,10.575368999279661,-0.9358298868030932,0.00010931246112850746,2.2311437548706797e-05,5.39119011478962,0.5189999999999962,0.8821403046041179,1.169047119256301,2.8690681465218315,0.1289292688620451,0.0,4.169345430372829,0.5300527901413409,0.0,279.3263795679612,86072.00457412195,1.073464965851529,335.0417860181845,0.0,0.0,43.19669250955829,1001.5182542820323
12.354921874999823,1358.3418826302516,42.985105488009914,42.98526258920532,10.567716215463802,-0.9381537856088507,0.00010634853494480933,2.3409008096744706e-05,5.39119011478962,0.5189999999999962,0.8821403046041179,1.1690433584775362,2.869030538734183,0.12829951343574672,0.0,4.128102311555687,0.5300307533932718,0.0,279.32077776290333,86062.8373204681,1.0733721606848274,335.03839132431943,0.0006266534354533414,-0.0002505308653268215,42.98526258920549,991.6524738785598
12.374921874999822,1359.1994717045711,42.773827294727255,42.7739852823591,10.560108335632542,-0.9404785012054677,0.00010334136391313472,2.4467919942639008e-05,5.39119011478962,0.5189999999999962,0.8821403046041179,1.1690396381088972,2.8689933350477936,0.1276701944178282,0.0,4.087101199456082,0.5300088398052596,0.0,279.31520343392026,86053.71503091863,1.0732798070193985,335.0350132809557,0.0006267616427959,-0.0002666764582954451,42.77398528235927,981.8437821802726
12.394921874999822,1360.0528367336146,42.562700811239026,42.56285969251447,10.552545220404927,-0.9428040256541189,0.00010028577181176996,2.5411395432905256e-05,5.39119011478962,0.5189999999999962,0.8821403046041179,1.1690360036474252,2.8689569904330736,0.12704130924398233,0.0,4.046341319798246,0.5299870490628403,0.0,279.30965656123146,86044.63767310303,1.073187904581793,335.03165187610625,0.0006371990025285474,-0.0002898586006737622,42.56285969251464,972.0920077130141
12.414921874999822,1360.9019807426344,42.351725143628684,42.35188492603455,10.545026730503743,-0.9451303517653481,9.71769844846403e-05,2.6129877665958366e-05,5.39119011478962,0.5189999999999962,0.8821403046041179,1.1690325200407967,2.8689221543667887,0.12641285535811345,0.0,4.005821903845911,0.5299653808537567,0.0,279.3041371251729,86035.60521484133,1.073096453100175,335.02830709785474,0.0006452592585305149,-0.0003051619447157221,42.35188492603472,962.3969802191841
12.434921874999821,1361.7469067390323,42.14089940086813,42.14106009212559,10.537552721368233,-0.9474574735823669,9.401068735329596e-05,2.6693832193448186e-05,5.39119011478962,0.5189999999999962,0.8821403046041179,1.1690291454443018,2.8688884084018396,0.12578483021226577,0.0,3.9655421888350735,0.529943834867945,0.0,279.29864510619626,86026.61762414337,1.0730054523043198,335.024978934355,0.0006521067091969568,-0.0003216098428421814,42.141060092125755,952.7585306506566
12.45492187499982,1362.5876177124192,41.93022269475631,41.93038430281672,10.530123050671534,-0.9497853859352008,9.078323687608662e-05,2.7128217739404837e-05,5.39119011478962,0.5189999999999962,0.8821403046041179,1.169025865003148,2.8688556039903013,0.12515723126656542,0.0,3.925501417474935,0.5299224107975242,0.0,279.29318048486925,86017.67486920826,1.0729149019256055,335.0216673738308,0.0006594939960806167,-0.0003371872806677983,41.93038430281689,943.1764911619676
12.47492187499982,1363.4241166346694,41.71969413990517,41.719856672939706,10.522737581590091,-0.9521140845074989,8.749149441763393e-05,2.735363750612488e-05,5.39119011478962,0.5189999999999962,0.8821403046041179,1.169022725778589,2.8688242117447116,0.12453005598916235,0.0,3.8856988377774537,0.5299011083367829,0.0,279.28774324187464,86008.7769184238,1.0728248016970094,335.01837240457604,0.0006718367810459614,-0.000344972944836124,41.7198566729399,933.6506951035593
12.49492187499982,1364.2564064599771,41.50931285368198,41.50947632010922,10.515396175841929,-0.9544435658168976,8.41333119604285e-05,2.7355086450977444e-05,5.39119011478962,0.5189999999999962,0.8821403046041179,1.1690197366219768,2.8687943201785893,0.12390330185617408,0.0,3.8461337033937095,0.5298799271821678,0.0,279.28233335801013,85999.9237403658,1.0727351513531027,335.0150940149541,0.0006847891690354703,-0.00035846569838529976,41.5094763201094,924.180977015097
12.51492187499982,1365.0844901249116,41.299077956193955,41.29924236470224,10.508098695234928,-0.9567738273531097,8.070731340374409e-05,2.716544215931033e-05,5.39119011478962,0.5189999999999962,0.8821403046041179,1.16901687799112,2.8687657338700223,0.12327696635162697,0.0,3.8068052735469773,0.5298588670322723,0.0,279.27695081418807,85991.1153037976,1.0726459506300452,335.01183219339794,0.0006927571555212491,-0.00036997507481883747,41.299242364702415,914.7671726188119
12.534921874999819,1365.9083705484718,41.08898857035566,41.089153929835184,10.500845000596211,-0.9591048675501109,7.721278426615398e-05,2.6837847638286652e-05,5.39119011478962,0.5189999999999962,0.8821403046041179,1.169014118314386,2.868738137102682,0.12265104696739014,0.0,3.7677128129324657,0.5298379275878238,0.0,279.2715955914349,85982.35157766941,1.0725571992655811,335.00858692840956,0.0007016928694959198,-0.00037759472335207743,41.08915392983536,905.4091188127838
12.554921874999819,1366.7280506321426,40.87904382179728,40.87921014134572,10.49363495692238,-0.9614366852005022,7.364965038806765e-05,2.6371409749614635e-05,5.39119011478962,0.5189999999999962,0.8821403046041179,1.169011458081063,2.8687115347694525,0.12202554120312382,0.0,3.72885559152598,0.5298171085516735,0.0,279.26626767089107,85973.63253111775,1.0724688969990328,335.00535820856,0.0007115903230767942,-0.0003873016477567553,40.879210141345894,896.1066536644934
12.574921874999818,1367.5435332599486,40.6692428388659,40.66941012777239,10.486468427947575,-0.9637692796398283,7.00183637677321e-05,2.579382824722158e-05,5.39119011478962,0.5189999999999962,0.8821403046041179,1.1690088808187173,2.868685762145995,0.12140044656622108,0.0,3.690232884725259,0.5297964096287836,0.0,279.2609670338103,85964.95813346485,1.0723810435712966,335.002146022489,0.0007199988655000652,-0.0003919392066957714,40.669410127772565,886.8596164043289
12.594921874999818,1368.3548212985083,40.459584752607086,40.459753020334404,10.479345281668744,-0.9661026505120678,6.632006100271474e-05,2.5058476924432506e-05,5.39119011478962,0.5189999999999962,0.8821403046041179,1.1690064141447918,2.8686610954067393,0.12077576057174966,0.0,3.651843973115268,0.529775830526217,0.0,279.2556936615597,85956.32835421815,1.0722936387248374,334.9989503589052,0.000734688964254227,-0.0003986422496994722,40.45975302033458,877.6678474191503
12.614921874999817,1369.1619175970873,40.250068696673026,40.25023795291471,10.472265385794623,-0.968436797906315,6.255647024408746e-05,2.4153394177371605e-05,5.39119011478962,0.5189999999999962,0.8821403046041179,1.1690040651094133,2.868637605052955,0.12015148074240425,0.0,3.6136881426608882,0.5297553709531252,0.0,279.2504475356189,85947.74316306958,1.0722066822036844,334.99577120658506,0.0,0.0,40.250237952914866,868.5311882460493
12.634921874999817,1369.9648249876511,40.04069380742263,40.040864062036775,10.465228603904942,-0.9707717222901866,5.873008954310333e-05,2.3179703407083102e-05,5.39119011478962,0.5189999999999962,0.8821403046041179,1.1690017736879494,2.868614690838316,0.11952760460843953,0.0,3.5757646847961104,0.5297350306207381,0.0,279.2452286375802,85939.20252989518,1.0721201737534258,334.99260855437365,0.0,0.0,40.04086406203693,859.4494815658898
12.654921874999816,1370.7635462849196,39.831459223888245,39.83163048684498,10.458234807542212,-0.9731074240480426,5.484431091402621e-05,2.2121143934665944e-05,5.39119011478962,0.5189999999999962,0.8821403046041179,1.1689995494864365,2.868592448823186,0.11890412970761383,0.0,3.5380728959706587,0.529714809242352,0.0,279.240036949148,85930.70642475437,1.072034113121204,334.9894623911837,0.0,0.0,39.83163048684513,850.4225711970488
12.674921874999816,1371.558084286418,39.62236408759363,39.622536369088664,10.451283870937383,-0.9754439037084317,5.0902971664139484e-05,2.0939233446977854e-05,5.39119011478962,0.5189999999999962,0.8821403046041179,1.1689974152886133,2.868571106844955,0.11828105358514417,0.0,3.50061207781669,0.5296947065333188,0.0,279.23487245213823,85922.25481788954,1.0719485000557107,334.9863327059958,0.0,0.0,39.62253636908882,841.4503020893768
12.694921874999816,1372.3484417725283,39.41340754269727,39.4135808530996,10.44437566022205,-0.9777811621487397,4.690995181248438e-05,1.9755865999316873e-05,5.39119011478962,0.5189999999999962,0.8821403046041179,1.1689952987409042,2.868549941367864,0.11765837379364118,0.0,3.4633815373854295,0.529674722211036,0.0,279.2297351284785,85913.84767972535,1.0718633343071826,334.983219487858,0.0,0.0,39.41358085309974,832.5325203179129
12.714921874999815,1373.1346215065416,39.204588735931054,39.20476308577489,10.437510049488138,-0.9801192002572093,4.28691730656453e-05,1.8509167736004165e-05,5.39119011478962,0.5189999999999962,0.8821403046041179,1.1689932365155653,2.8685293191144745,0.11703608789306076,0.0,3.426380586589896,0.5296548559949346,0.0,279.22462496020745,85905.48498086834,1.0717786156273963,334.98012272588574,0.0,0.0,39.20476308577504,823.6690730768955
12.734921874999815,1373.9166262347092,38.9959068166087,38.99608221655712,10.430686907799036,-0.9824580189198737,3.878485752985019e-05,1.729739217551078e-05,5.39119011478962,0.5189999999999962,0.8821403046041179,1.1689911702732778,2.8685086566915996,0.11641419345064674,0.0,3.3896085426792766,0.5296351076064696,0.0,279.21954192947436,85897.16669210624,1.071694343769664,334.97704240926146,0.0,0.0,38.99608221655726,814.85980867369
12.754921874999814,1374.6944586862946,38.78736093662001,38.78753739741456,10.423906109415144,-0.9847976185842797,3.4661431015508826e-05,1.6155559687618375e-05,5.39119011478962,0.5189999999999962,0.8821403046041179,1.168989079202303,2.8684877459818514,0.11579268804087452,0.0,3.353064727885104,0.5296154767691085,0.0,279.21448601853905,85888.89278440752,1.071610518488828,334.97397852723464,0.0,0.0,38.78753739741468,806.1045765227833
12.774921874999814,1375.468121573624,38.57895025032099,38.57912778282418,10.417167530813334,-0.9871379992500793,3.0503408839532408e-05,1.50631872529026e-05,5.39119011478962,0.5189999999999962,0.8821403046041179,1.168986975419826,2.8684667081570825,0.11517156924540259,0.0,3.3167484694327465,0.5295959632083215,0.0,279.2094572097714,85880.66322892082,1.0715271395412571,334.9709310691215,0.0,0.0,38.5791277828243,797.4032271399363
12.794921874999813,1376.2376175921356,38.370673914542365,38.37085252975291,10.410471048784132,-0.9894791606451692,2.6315309456417435e-05,1.4002588745634285e-05,5.39119011478962,0.5189999999999962,0.8821403046041179,1.1689848693605915,2.868445647564737,0.11455083465301873,0.0,3.280659099591948,0.529576566651571,0.0,279.2044554856511,85872.47799697438,1.0714442066848413,334.9679000243046,0.0,0.0,38.37085252975302,788.7556121363087
12.814921874999813,1377.0029494204286,38.16253108861052,38.16271079763822,10.403816537417017,-0.9918211021794652,2.2101742828802312e-05,1.306260812277935e-05,5.39119011478962,0.5189999999999962,0.8821403046041179,1.1689827082871553,2.868424036830375,0.11393048185958463,0.0,3.2447959557358934,0.529557286828301,0.0,279.1994808287672,85864.3370600756,1.0713617196789882,334.9648853822329,0.0,0.0,38.16271079763833,780.161584212612
12.834921874999813,1377.764119720314,37.954520934327924,37.95470174836993,10.397203876008653,-0.9941638228779048,1.7867312967879003e-05,1.2242652932143522e-05,5.39119011478962,0.5189999999999962,0.8821403046041179,1.1689804925056275,2.8684018790150967,0.11331050846798359,0.0,3.20915838011967,0.5295381234699271,0.0,279.19453322181795,85856.24038991042,1.0712796782846161,334.9618871324217,0.0,0.0,37.95470174837003,771.6209971533509
12.854921874999812,1378.521131136863,37.746642615909806,37.746824546271995,10.390632942780961,-0.9965073211216138,1.3616575930179344e-05,1.157106590173152e-05,5.39119011478962,0.5189999999999962,0.8821403046041179,1.1689782051779032,2.8683790057378533,0.11269091208806878,0.0,3.173745719973329,0.5295190763098261,0.0,279.1896126476104,85848.1879583429,1.0711980822641534,334.9589052644519,0.0,0.0,37.74682454627211,763.1337058211241
12.874921874999812,1379.273986298455,37.53889529997027,37.539078358084694,10.384103619155152,-0.9988515949564791,9.353991492299063e-06,1.1022085851391404e-05,5.39119011478962,0.5189999999999962,0.8821403046041179,1.1689758615049048,2.86835556900787,0.11207169033661186,0.0,3.1385573274091647,0.5295001450833268,0.0,279.18471908906,85840.17973741458,1.0711169313815305,334.9559397679704,0.0,0.0,37.539078358084794,754.69956615097
12.894921874999811,1380.0226878168255,37.33127815549857,37.33146235294651,10.377615785907402,-1.0011966421236251,5.083844129873506e-06,1.0605471629871727e-05,5.39119011478962,0.5189999999999962,0.8821403046041179,1.1689734557060845,2.868331511019666,0.11145284083725168,0.0,3.103592559466504,0.5294813295276988,0.0,279.1798525291906,85832.21569934409,1.0710362254021775,334.95299063268953,0.0,0.0,37.3314623529466,746.3184351447653
12.914921874999811,1380.7672382871137,37.12379035388629,37.123975702375716,10.37116932418855,-1.0035424601398033,8.102381342022833e-07,1.034159910949531e-05,5.39119011478962,0.5189999999999962,0.8821403046041179,1.1689709756281357,2.8683067102401782,0.11083436122044121,0.0,3.0688507780614542,0.5294626293821438,0.0,279.17501295113374,85824.2958165266,1.0709559640930195,334.950057848387,0.0,0.0,37.12397570237581,737.9901708656447
12.93492187499981,1381.5076402879106,36.91643106888998,36.916617580252456,10.36476411517724,-1.0058890460954983,-3.4628303893427495e-06,1.0266121452816874e-05,5.39119011478962,0.5189999999999962,0.8821403046041179,1.1689684000760425,2.8682809547192467,0.11021624912339625,0.0,3.0343313499630984,0.5294440443877855,0.0,279.17020033812855,85816.4200615333,1.070876147222472,334.9471414049059,0.0,0.0,36.91661758025254,729.7146324324896
12.95492187499981,1382.2438963813054,36.709199476624335,36.70938716280088,10.35840004178089,-1.0082363966221761,-7.73158756247933e-06,1.0373520182416033e-05,5.39119011478962,0.5189999999999962,0.8821403046041179,1.1689657322962073,2.868254276920894,0.10959850219004459,0.0,3.0000336467329247,0.5294255742876591,0.0,279.16541467352147,85808.58840711086,1.070796774560436,334.944241292154,0.0,0.0,36.709387162800965,721.4916800144683
12.97492187499981,1382.9760091129335,36.5020947555222,36.50228362857152,10.352076988440631,-1.010584507813492,-1.1992717568158e-05,1.0638458594419149e-05,5.39119011478962,0.5189999999999962,0.8821403046041179,1.168962987285555,2.8682268268143707,0.10898111807097535,0.0,2.9659570447139343,0.5294072188267033,0.0,279.16065594076593,85800.80082618108,1.0707178458782955,334.9413575001042,0.0,0.0,36.50228362857162,713.3211748256268
12.99492187499981,1383.703981012022,36.29511608634745,36.29530615842337,10.345794839183565,-1.0129333752360552,-1.6243226078678846e-05,1.1077327193567285e-05,5.39119011478962,0.5189999999999962,0.8821403046041179,1.1689601552600366,2.8681985065591875,0.10836409442338774,0.0,2.932100925042623,0.5293889777517491,0.0,279.1559241234218,85793.05729184017,1.0706393609489118,334.93849001879363,0.0,0.0,36.295306158423465,705.2029791195125
13.014921874999809,1384.427814591436,36.0882626521304,36.0884539355066,10.339553480929453,-1.0152829938500025,-2.0480459805443392e-05,1.1653108205844413e-05,5.39119011478962,0.5189999999999962,0.8821403046041179,1.16895725816781,2.868169535636922,0.10774742891104173,0.0,2.8984646735605777,0.5293708508115114,0.0,279.15121920515566,85785.3577773585,1.0705613195466184,334.93563883832434,0.0,0.0,36.0884539355067,697.1369561838716
13.034921874999808,1385.1475123477237,35.88153363818335,35.881726145245004,10.333352801680793,-1.0176333581600892,-2.470194192446609e-05,1.2308061480175526e-05,5.39119011478962,0.5189999999999962,0.8821403046041179,1.1689543302214676,2.868140256173497,0.1071311192042077,0.0,2.865047680804537,0.5293528377565797,0.0,279.14654116973975,85777.70225617992,1.0704837214472198,334.93280394886233,0.0,0.0,35.881726145245096,689.1229703353754
13.054921874999808,1385.8630767611623,35.674928232035995,35.67512197531927,10.327192689439393,-1.0199844621862844,-2.8905678415143617e-05,1.3015164172250142e-05,5.39119011478962,0.5189999999999962,0.8821403046041179,1.1689513874172752,2.8681108281315737,0.10651516297961877,0.0,2.831849342014058,0.5293349383394083,0.0,279.14189000105245,85770.0907019214,1.0704065664279845,334.9299853406378,0.0,0.0,35.675121975319364,681.1608869144247
13.074921874999808,1386.574510295802,35.468445623474516,35.46864061564907,10.321073032273741,-1.0223362995617558,-3.3090126631442965e-05,1.3782220851457839e-05,5.39119011478962,0.5189999999999962,0.8821403046041179,1.1689484250864044,2.8680812048228654,0.10589955792041947,0.0,2.7988690571131203,0.5293171523143072,0.0,279.13726568307726,85762.52308837253,1.0703298542676432,334.92718300394483,0.0,0.0,35.468640615649186,673.250572279952
13.094921874999807,1387.2818153995104,35.262085004483495,35.262281258376305,10.314993720198245,-1.024688863469423,-3.725418673713828e-05,1.4622861086948601e-05,5.39119011478962,0.5189999999999962,0.8821403046041179,1.1689454351146915,2.8680513051057366,0.1052843017161175,0.0,2.766106230667208,0.5292994794374339,0.0,279.13266819990315,85754.99938949499,1.0702535847463823,334.9243969291413,0.0,0.0,35.26228125837641,665.3918938043067
13.114921874999807,1387.9849945040175,35.05584556926809,35.05604309784739,10.308954643433545,-1.0270421467655881,-4.1397081386618226e-05,1.5555963011349144e-05,5.39119011478962,0.5189999999999962,0.8821403046041179,1.1689424062649338,2.86802101660816,0.10466939206253363,0.0,2.733560271859512,0.5292819194667832,0.0,279.12809753572384,85747.51957942214,1.070177757645842,334.92162710664866,0.0,0.0,35.0560430978475,657.5847198681569
13.134921874999806,1388.684050024959,34.8497265141967,34.84992533059709,10.30295569395335,-1.029396141894776,-4.5518254738756775e-05,1.65529836019645e-05,5.39119011478962,0.5189999999999962,0.8821403046041179,1.168939355428118,2.8679905082400015,0.10405482666175503,0.0,2.7012305944200787,0.5292644721621785,0.0,279.12355367483775,85740.08363245855,1.0701023727491115,334.91887352695164,0.0,0.0,34.84992533059721,649.8289198554819
13.154921874999806,1389.3789843619195,34.64372703779752,34.64392715533153,10.296996764254121,-1.0317508410044522,-4.961748160560674e-05,1.760909378020077e-05,5.39119011478962,0.5189999999999962,0.8821403046041179,1.1689362854483105,2.8679598084419267,0.10344060322208677,0.0,2.6691166166592355,0.5292471372852641,0.0,279.1190366016475,85732.69152307951,1.0700274298407242,334.9161361805984,0.0,0.0,34.64392715533166,642.1243641485803
13.174921874999805,1390.0697998984754,34.43784634075283,34.43804777291122,10.291077746640289,-1.034106235981964,-5.3694763009655435e-05,1.877382508797202e-05,5.39119011478962,0.5189999999999962,0.8821403046041179,1.1689331668957457,2.867928622916278,0.10282671945800331,0.0,2.637217761479753,0.529229914599495,0.0,279.11454630065987,85725.34322593063,1.069952928706656,334.9134150581999,0.0,0.0,34.43804777291135,634.4709241231207
13.194921874999805,1390.7564990022386,34.232083625886226,34.23228638633412,10.285198534303104,-1.0364623183686306,-5.775024423063868e-05,2.0061578917681524e-05,5.39119011478962,0.5189999999999962,0.8821403046041179,1.168929991187952,2.867896865838342,0.10221317309010006,0.0,2.6055334562722066,0.5292128038701285,0.0,279.11008275648544,85718.03871582726,1.0698788691343186,334.9107101504302,0.0,0.0,34.23228638633425,626.868472143236
13.214921874999805,1391.4390840248986,34.026438098140055,34.026642200719344,10.279359022920291,-1.0388190793341958,-6.178413483441696e-05,2.1458944889323594e-05,5.39119011478962,0.5189999999999962,0.8821403046041179,1.168926766254513,2.8678646165039523,0.10159996184504659,0.0,2.57406313289126,0.5291958048642168,0.0,279.1056459538381,85710.77796775421,1.069805250912558,334.9080214480259,0.0,0.0,34.02664220071948,619.3168815566802
13.234921874999804,1392.1175573022647,33.820908964529316,33.821114423291206,10.273559108216865,-1.0411765098185963,-6.579671207957512e-05,2.2952925661748752e-05,5.39119011478962,0.5189999999999962,0.8821403046041179,1.1689234997705755,2.8678319516645767,0.10098708345554125,0.0,2.5428062276576835,0.5291789173505965,0.0,279.10123587753526,85703.56095686513,1.069732073831649,334.9053489417864,0.0,0.0,33.82111442329134,611.8160266900411
13.254921874999804,1392.791921154307,33.61549543417264,33.61570226336219,10.267798686134311,-1.0435346005303308,-6.978837544464722e-05,2.4550625179748862e-05,5.39119011478962,0.5189999999999962,0.8821403046041179,1.1689201874938,2.8677988288968215,0.10037453566026226,0.0,2.511762181359582,0.5291621410998822,0.0,279.096852512497,85696.3876584822,1.0696593376832921,334.90269262257317,0.0,0.0,33.61570226336232,604.3657828439525
13.274921874999803,1393.4621778851988,33.41019671822312,33.41040493231754,10.262077654894066,-1.0458933419176486,-7.375964311259009e-05,2.6222017539386478e-05,5.39119011478962,0.5189999999999962,0.8821403046041179,1.1689168471943578,2.8677654259024,0.09976231620382382,0.0,2.4809304392174476,0.5291454758966883,0.0,279.0924958437462,85689.25804809562,1.06958704226061,334.9000524813102,0.0,0.0,33.41040493231766,596.9660262884067
13.294921874999803,1394.128329783357,33.20501202989085,33.20522164359823,10.256395912643622,-1.0482527243214073,-7.771120891567046e-05,2.7958954678388567e-05,5.39119011478962,0.5189999999999962,0.8821403046041179,1.1689134836896224,2.867731790855046,0.09915042283672734,0.0,2.450310450846641,0.5291289215221839,0.0,279.0881658564082,85682.1721013632,1.0695151873581432,334.89742850898335,0.0,0.0,33.205221643598364,589.6166342580493
13.314921874999802,1394.790379121483,32.999940584416585,33.00015161268571,10.25075335818455,-1.0506127379736308,-8.164399526176351e-05,2.9766332980483094e-05,5.39119011478962,0.5189999999999962,0.8821403046041179,1.168910094029756,2.8676978942563824,0.09853885331531763,0.0,2.4199016701345193,0.5291124777329899,0.0,279.08386253571035,85675.1297941099,1.069443772771847,334.89482069664047,0.0,0.0,33.000151612685855,582.3174849475731
13.334921874999802,1395.4483281566029,32.79498159904387,32.79519405708592,10.24514989143083,-1.0529733729848896,-8.555908476472411e-05,3.16344106732613e-05,5.39119011478962,0.5189999999999962,0.8821403046041179,1.168906683964707,2.8676637936058924,0.09792760540173742,0.0,2.389703555393466,0.5290961443067459,0.0,279.0795858669821,85668.13110232745,1.0693727982990868,334.89222903539115,0.001053773874125661,0.00019030779718378501,32.79519405708606,575.0684575071301
13.354921874999802,1396.102179130108,32.590134293011516,32.590348196313215,10.239585412356647,-1.0553346194216753,-8.945775174925446e-05,3.35746970979984e-05,5.39119011478962,0.5189999999999962,0.8821403046041179,1.1689032466392968,2.8676294203517894,0.09731667686388143,0.0,2.3597155693001346,0.529079921022827,0.0,279.0753358356543,85661.17600217386,1.0693022637386356,334.8896535164065,0.0010693683969635742,0.00016505121434290997,32.59034819631334,567.8694320377792
13.374921874999801,1396.751934267794,32.38539788755044,32.38561325187435,10.23405982366816,-1.0576964673761775,-9.334144184224211e-05,3.554210899100593e-05,5.39119011478962,0.5189999999999962,0.8821403046041179,1.1688998087668758,2.8675950416275797,0.09670606547535034,0.0,2.3299371787496113,0.5290638076623365,0.0,279.0711124272593,85654.26446997303,1.0692321688906696,334.8870941309192,0.0010852729268019962,0.00014202993775375267,32.38561325187448,560.7202895869718
13.3949218749998,1397.397595779901,32.180771605836306,32.18098844725358,10.228573026684558,-1.0600589069834387,-9.721172792388914e-05,3.756397428611595e-05,5.39119011478962,0.5189999999999962,0.8821403046041179,1.1688963541002853,2.867560494961674,0.09609576901540837,0.0,2.3003678550410047,0.529047804008098,0.0,279.0669156274306,85647.39648221436,1.0691625135567646,334.88455087022294,0.0010989359946964,0.00012291177235874666,32.18098844725372,553.6209121441157
13.4149218749998,1398.039165861152,31.976254673011734,31.976473007895947,10.22312492473382,-1.0624219284056815,-0.00010107016593805252,3.961514270354727e-05,5.39119011478962,0.5189999999999962,0.8821403046041179,1.168892897535438,2.8675259293132016,0.09548578526893528,0.0,2.2710070736527546,0.5290319098446471,0.0,279.0627454219025,85640.57201555229,1.069093297539893,334.8820237256729,0.0011150831999740317,0.00010001039090197194,31.976473007896093,546.5711826361169
13.4349218749998,1398.6766466907923,31.77184631614213,31.77206616119287,10.217715420821728,-1.064785521892357,-0.00010491840638094098,4.171098003153582e-05,5.39119011478962,0.5189999999999962,0.8821403046041179,1.1688894299222607,2.867491253181429,0.0948761120263854,0.0,2.241854314380301,0.5290161249582234,0.0,279.05860179650983,85633.79104680588,1.0690245206444198,334.87951268868494,0.0011297860087012394,8.083191643558817e-05,31.772066161193024,539.5709849230368
13.4549218749998,1399.3100404326276,31.567545764221403,31.5677671364658,10.212344419370002,-1.0671496777873697,-0.00010875819684550415,4.385123124634982e-05,5.39119011478962,0.5189999999999962,0.8821403046041179,1.1688859513791892,2.867456467750713,0.09426674708374069,0.0,2.2129090612183315,0.5290004491367638,0.0,279.0544847371879,85627.05355295844,1.0689561826760987,334.8770177507359,0.0011417961758707314,6.173444784245853e-05,31.567767136465964,532.6202037937217
13.474921874999799,1399.939349235063,31.36335224816471,31.363575164950507,10.20701182510255,-1.0695143864749523,-0.00011259126888203219,4.604464837279558e-05,5.39119011478962,0.5189999999999962,0.8821403046041179,1.1688824566878944,2.867421520837765,0.09365768824246581,0.0,2.184170802384952,0.5289848821698939,0.0,279.0503942299721,85620.35951115712,1.0688882834420703,334.8745389033631,0.001156998626301748,4.14872075932917e-05,31.36357516495067,525.7187249614911
13.494921874999799,1400.5645752311405,31.159265000770358,31.159489479782554,10.201717544139573,-1.0718796383767863,-0.0001164194892576401,4.828410135110145e-05,5.39119011478962,0.5189999999999962,0.8821403046041179,1.1688789500465633,2.8673864544244543,0.09304893330946667,0.0,2.1556390302515083,0.5289694238489209,0.0,279.0463302609976,85613.70889871246,1.0688208227508564,334.8720761381645,0.0011714626629092254,2.173529428223337e-05,31.159489479782717,518.866435059905
13.514921874999798,1401.185720538577,30.955283256696823,30.955509315982468,10.196461483712838,-1.0742454239515986,-0.0001202448079726583,5.0547741322428264e-05,5.39119011478962,0.5189999999999962,0.8821403046041179,1.1688754443864071,2.8673513978228926,0.09244048009704803,0.0,2.127313241319144,0.5289540739668258,0.0,279.04229281649924,85607.101693098,1.0687538004123571,334.8696294467985,0.0011871168258528841,3.424320668930936e-06,30.955509315982628,512.0632216385549
13.534921874999798,1401.8027872598009,30.751406252464857,30.751633910440045,10.191243551868737,-1.0766117338159236,-0.0001240692591166965,5.281353503316325e-05,5.39119011478962,0.5189999999999962,0.8821403046041179,1.1688719527529765,2.8673164814885865,0.0918323264228686,0.0,2.0991929362264683,0.5289388323182566,0.0,279.03828188281125,85600.53787194996,1.0686872162378496,334.8671988209836,0.001203881646624941,-1.1945334077770237e-05,30.751633910440205,505.308973158866
13.554921874999797,1402.4157774819896,30.547633226418604,30.547862501900454,10.186063656704587,-1.078978558739161,-0.00012789480603880987,5.5081232823363944e-05,5.39119011478962,0.5189999999999962,0.8821403046041179,1.168868475260009,2.8672817065589107,0.09122447010990133,0.0,2.0712776197813048,0.5289236986995203,0.0,279.034297446367,85594.01741306673,1.068621070039981,334.86478425249845,0.0012199043324087042,-2.9765196292115636e-05,30.5478625019006,498.603578989991
13.574921874999797,1403.0246932771054,30.343963418737495,30.34419433094825,10.180921706732597,-1.0813458897187493,-0.00013172340825654696,5.7364011100803756e-05,5.39119011478962,0.5189999999999962,0.8821403046041179,1.168865004064661,2.8672469946054324,0.0906169089863878,0.0,2.0435668009281818,0.5289086729085758,0.0,279.0303394936988,85587.54029440858,1.0685553616327683,334.8623857331815,0.0012337463779991046,-4.4406923733163875e-05,30.344194330948394,491.9469294046765
13.594921874999796,1403.6295367019327,30.14039607143551,30.140628639991615,10.175817610923238,-1.0837137178815772,-0.00013555702714107367,5.968580830324079e-05,5.39119011478962,0.5189999999999962,0.8821403046041179,1.1688615249363745,2.8672122033225667,0.09000964088579282,0.0,2.016059992726268,0.5288937547450269,0.0,279.0264080114374,85581.10649409723,1.0684900908315944,334.8600032549311,0.0012491763884095956,-5.473771875000822e-05,30.14062863999176,485.33891557516887
13.614921874999796,1404.2303097981144,29.93693042833415,29.93716467324802,10.170751279655251,-1.08608203442543,-0.00013939742697129326,6.204573513209729e-05,5.39119011478962,0.5189999999999962,0.8821403046041179,1.1688580383728333,2.8671773376871545,0.08940266364676348,0.0,1.9887567122434526,0.5288789440101148,0.0,279.02250298631225,85574.71599041543,1.0684252574532025,334.85763680970524,0.001266217324212692,-6.311082924451482e-05,29.937164673248166,478.77942956920475
13.634921874999796,1404.8270145921874,29.733565735013507,29.73380167673128,10.16572262530997,-1.0884508306432876,-0.00014324618461376522,6.439794856459882e-05,5.39119011478962,0.5189999999999962,0.8821403046041179,1.1688545715422591,2.867142669381413,0.08879597511309255,0.0,1.9616564804775405,0.5288642405067112,0.0,279.0186244051508,85568.36876180665,1.0683608613156956,334.8552863895214,0.0012819011862203057,-7.476774168105113e-05,29.733801676731417,472.2683643460822
13.654921874999795,1405.4196530956178,29.530301238833072,29.53053889823518,10.160731559002393,-1.0908200979922895,-0.0001471047770321731,6.677382918740466e-05,5.39119011478962,0.5189999999999962,0.8821403046041179,1.168851105800469,2.8671080119635106,0.0881895731336713,0.0,1.9347588226465047,0.5288496440393117,0.0,279.01477225487844,85562.06478687466,1.0682969022385327,334.85295198645633,0.0012995907196558163,-8.735890614997392e-05,29.530538898235317,465.80561375265546
13.674921874999795,1406.0082273048367,29.32713618889621,29.327375587320006,10.155777994508037,-1.0931898280438201,-0.00015097471932243637,6.91310430758306e-05,5.39119011478962,0.5189999999999962,0.8821403046041179,1.1688476662324112,2.8670736162829336,0.08758345556245113,0.0,1.908063267785335,0.5288351544140276,0.0,279.01094652251857,85555.80404438314,1.0682333800425228,334.85063359264626,0.0013193899245308577,-9.893406915599109e-05,29.32737558732014,459.3910725194557
13.694921874999794,1406.5927392012745,29.124069836030333,29.124310995298664,10.150861845102598,-1.0955600126143579,-0.0001548575630530332,7.147147448885873e-05,5.39119011478962,0.5189999999999962,0.8821403046041179,1.1688442516919155,2.8670394708779767,0.08697762025840408,0.0,1.8815693490313685,0.528820771438581,0.0,279.0071471951917,85549.58651325536,1.0681702945498268,334.84833120028617,0.001336628377538376,-0.0001088854086900518,29.12431099529881,453.02463625683816
13.714921874999794,1407.1731907513952,28.921101432805365,28.92134437522046,10.145983024402549,-1.09793064373696,-0.0001587547914463644,7.381260380120309e-05,5.39119011478962,0.5189999999999962,0.8821403046041179,1.1688408517834463,2.8670054717932847,0.08637206508547597,0.0,1.8552766035376556,0.5288064949222959,0.0,279.0033742601159,85543.4121725738,1.0681076455839502,334.8460448016302,0.001355176643915125,-0.00011744796553256124,28.92134437522061,446.7062014510837
13.734921874999793,1407.7495839067315,28.718230233500577,28.71847498185773,10.141141447811753,-1.100301713577971,-0.00016266781668477123,7.61319648133834e-05,5.39119011478962,0.5189999999999962,0.8821403046041179,1.1688374798051322,2.8669717520101434,0.08576678791254856,0.0,1.8291845723003408,0.5287923246760928,0.0,278.9996277046062,85537.2810015797,1.0680454329697409,334.8437743889914,0.0013771829184576565,-0.00012539502267061356,28.718474981857884,440.435665460631
13.754921874999793,1408.3219206039187,28.515455494069425,28.515702071693035,10.136337031020284,-1.1026732145217923,-0.0001665979234920986,7.84241842466272e-05,5.39119011478962,0.5189999999999962,0.8821403046041179,1.1688341389164256,2.8669383431230777,0.085161786613403,0.0,1.8032928002962436,0.5287782605124818,0.0,278.9959075160745,85531.19297967285,1.0679836565333871,334.84151995474116,0.0013965843133039058,-0.00013151508129994108,28.515702071693187,434.2129265123548
13.774921874999793,1408.890202764728,28.312776472174722,28.313024902902058,10.131569689455326,-1.105045139164919,-0.0001705462753834443,8.072064513938763e-05,5.39119011478962,0.5189999999999962,0.8821403046041179,1.1688308104741651,2.866905058700473,0.08455705906667055,0.0,1.7776008365264107,0.5287643022455554,0.0,278.9922136820293,85525.14808641109,1.0679223161024136,334.83928149130975,0.0014166787621519756,-0.00013557861195179845,28.313024902902203,428.03788369774816
13.794921874999792,1409.4544322961008,28.110192427131796,28.110442735342048,10.126839340772433,-1.1074174802294807,-0.00017451386761210727,8.299670295315624e-05,5.39119011478962,0.5189999999999962,0.8821403046041179,1.168827509071622,2.8668720446750418,0.08395260315579998,0.0,1.7521082337302567,0.5287504496909825,0.0,278.98854619007534,85519.14630151005,1.0678614115056784,334.8370589911857,0.0014380053116008703,-0.0001399295501979823,28.110442735342204,421.9104369693084
13.814921874999792,1410.0146110901808,27.907702619913767,27.907954830536738,10.122145902462123,-1.1097902306334833,-0.00017850153956909163,8.526312925216527e-05,5.39119011478962,0.5189999999999962,0.8821403046041179,1.1688242282905439,2.8668392368642603,0.08334841676901414,0.0,1.72681454863189,0.5287367026660017,0.0,278.9849050279138,85513.18760484274,1.0678009425733705,334.83485244691576,0.0014584224441663623,-0.00014254280851353423,27.907954830536887,415.83048713684605
13.834921874999791,1410.570741024348,27.705306313130393,27.705560451662777,10.11748929238544,-1.1121633834296911,-0.00018250998021968534,8.754479507313972e-05,5.39119011478962,0.5189999999999962,0.8821403046041179,1.1688209533522547,2.866806487481368,0.08274449779927136,0.0,1.7017193418646108,0.5287230609894149,0.0,278.98129018334174,85507.2719764392,1.0677409091370056,334.83266185110506,0.0014792444640149794,-0.00014512846250813965,27.705560451662933,409.7979358638777
13.85492187499979,1411.122823961251,27.50300277103579,27.50325886353454,10.112869429866878,-1.1145369318051235,-0.00018653976175093923,8.983688259668135e-05,5.39119011478962,0.5189999999999962,0.8821403046041179,1.1688176870884361,2.866773824843183,0.08214084414422174,0.0,1.6768221778208456,0.528709524481581,0.0,278.97770164425185,85501.3993964862,1.0676813110294245,334.83048719641664,0.0015001668520673783,-0.00014774323187795112,27.50325886353469,403.8126856639987
13.87492187499979,1411.6708617488393,27.30079125948083,27.301049332592434,10.108286233945657,-1.1169108689919909,-0.00019059135245364116,9.217846996164192e-05,5.39119011478962,0.5189999999999962,0.8821403046041179,1.168814406293025,2.8667410168890717,0.0815374537061742,0.0,1.652122624859129,0.5286960929644094,0.0,278.97413939863253,85495.56984532686,1.0676221480847896,334.8283284755713,0.001519846100766286,-0.00015054794574397132,27.301049332592584,397.874639897397
13.89492187499979,1412.2148562203956,27.098671045933514,27.098931126887,10.103739625294269,-1.1192851883059296,-0.0001946651707142396,9.456579799598837e-05,5.39119011478962,0.5189999999999962,0.8821403046041179,1.1688111131688856,2.866708085647678,0.0809343243920505,0.0,1.6276202550213144,0.5286827662613536,0.0,278.9706034345674,85489.7833034603,1.0675634201385815,334.82618568134785,0.0015410330381503527,-0.00015029051962034838,27.098931126887145,391.98370276727087
13.91492187499979,1412.7548091945682,26.896641399436128,26.896903516067425,10.099229525323558,-1.1216598830562285,-0.00019876152983785948,9.699365107832824e-05,5.39119011478962,0.5189999999999962,0.8821403046041179,1.1688078107883288,2.86667506184211,0.08033145411335293,0.0,1.6033146441404584,0.5286695441974056,0.0,278.96709374023527,85484.03975154132,1.0675051270275966,334.82405880658257,0.001562505281090469,-0.0001503989880185225,26.89690351606757,386.13977931641216
13.93492187499979,1413.2907224754013,26.694701590594182,26.694965771367833,10.094755856241067,-1.1240349466086927,-0.00020288061866120382,9.945626079447357e-05,5.39119011478962,0.5189999999999962,0.8821403046041179,1.1688045025452334,2.8666419794111553,0.07972884078612488,0.0,1.5792053718269234,0.5286564265990893,0.0,278.9636103039099,85478.33917038006,1.0674472685899437,334.82194784416936,0.0015855799487452334,-0.00014966148615068589,26.69496577136799,380.3427754237529
13.954921874999789,1413.822597852367,26.49285089156785,26.49311716559369,10.090318540394488,-1.1264103723736578,-0.00020702254578862,0.00010197164239596765,5.39119011478962,0.5189999999999962,0.8821403046041179,1.1688011777299143,2.8666087312579647,0.07912648233091206,0.0,1.5552920215308135,0.5286434132944547,0.0,278.9601531139596,85472.68154094166,1.0673898446650425,334.8198527870595,0.0016057175726353658,-0.0001484019283864431,26.49311716559384,374.5925978009485
13.974921874999788,1414.3504371003962,26.291088576070106,26.29135697310742,10.085917500092238,-1.1287861537601462,-0.00021118729699684657,0.00010459008813204311,5.39119011478962,0.5189999999999962,0.8821403046041179,1.1687978064865208,2.866575018824029,0.07852437667272137,0.0,1.531574180557163,0.5286305041130717,0.0,278.9567221588474,85467.06684434594,1.0673328550936192,334.81777362826153,0.0016266268141043696,-0.0001460031490155725,26.291356973107565,368.8891539889717
13.994921874999788,1414.8742419799096,26.08941391935034,26.089684469815335,10.081552660026045,-1.131162284119556,-0.00021537479041952532,0.00010728763007385228,5.39119011478962,0.5189999999999962,0.8821403046041179,1.1687944030093422,2.866540984052244,0.07792252174098352,0.0,1.5080514397029035,0.5286176988860242,0.0,278.95331742713057,85461.49506186708,1.067276299717704,334.81571036084114,0.0016489538696580783,-0.00014393279642806476,26.089684469815484,363.23235235477375
14.014921874999787,1415.3940142368474,25.887826198149746,25.88809893315703,10.077223945201013,-1.1335387567669286,-0.0002195848690690603,0.00011005850890150866,5.39119011478962,0.5189999999999962,0.8821403046041179,1.1687909706910633,2.8665066608694545,0.07732091546952294,0.0,1.4847233935379978,0.5286049974459042,0.0,278.9499389074605,85455.96617493329,1.0672201783806297,334.813662977921,0.0016721142514986745,-0.00014204419449279535,25.888098933157174,357.6221020880452
14.034921874999787,1415.9097556027002,25.686324690710993,25.686599642090684,10.072931280923989,-1.1359155650155148,-0.0002238173318639506,0.00011291335112702838,5.39119011478962,0.5189999999999962,0.8821403046041179,1.1687875032047097,2.8664719860059185,0.07671955579651579,0.0,1.4615896403863229,0.5285923996268059,0.0,278.9465865885824,85450.48016512646,1.0671644909270264,334.8116314726809,0.0016957316825756375,-0.0001400629497304778,25.686599642090826,352.05831319789394
14.054921874999787,1416.4214677945379,25.48490867676397,25.48518587708022,10.06867459352599,-1.1382927021812075,-0.00022807192867474753,0.00011584573959556102,5.39119011478962,0.5189999999999962,0.8821403046041179,1.1687840043359465,2.866436997318287,0.07611844066445314,0.0,1.4386497821989441,0.5285799052643207,0.0,278.9432604593355,85445.03701418187,1.0671092372028212,334.80961583835733,0.001719059360265609,-0.00013482137610474837,25.485185877080355,346.54089650960407
14.074921874999786,1416.92915251504,25.28357743750665,25.283856920083025,10.064453809457765,-1.1406701615372972,-0.00023234833668992725,0.00011887486501914422,5.39119011478962,0.5189999999999962,0.8821403046041179,1.1687804626784721,2.866401580743543,0.07551756802010623,0.0,1.4159034246826505,0.5285675141955302,0.0,278.93996050865223,85439.63670398793,1.067054417055234,334.80761606824325,0.0017428714837992567,-0.00013121901641146,25.28385692008317,341.0697636614428
14.094921874999786,1417.4328114525242,25.082330255600304,25.082612054536426,10.060268855930055,-1.1430479363447545,-0.00023664614144402636,0.00012201983063836416,5.39119011478962,0.5189999999999962,0.8821403046041179,1.168776866880189,2.8663656227607115,0.07491693581448734,0.0,1.3933501771996717,0.5285552262590015,0.0,278.93668672555856,85434.27921658574,1.0670000303327762,334.8056321556885,0.0017659303443267665,-0.00012681402566189228,25.082612054536575,335.64482710146
14.114921874999785,1417.9324462809766,24.881166415161637,24.881450565344483,10.05611966067151,-1.1454260197919843,-0.00024096488986875708,0.00012530524675174646,5.39119011478962,0.5189999999999962,0.8821403046041179,1.1687732023217137,2.866328977175958,0.07431654200281243,0.0,1.3709896527722742,0.5285430412947811,0.0,278.93343909917365,85428.96453416892,1.0669460768852463,334.80366409409925,0.0017894541178075788,-0.00012017417826944134,24.88145056534463,330.26600008433167
14.134921874999785,1418.4280586600796,24.68008520173298,24.680371738866942,10.052006152760217,-1.1478044049613312,-0.0002453040614061865,0.00012872550757754081,5.39119011478962,0.5189999999999962,0.8821403046041179,1.1687694723080404,2.8662916770392255,0.07371638454446966,0.0,1.3488214679424386,0.52853095914439,0.0,278.93021761870943,85423.69263908318,1.066892556563729,334.80171187693793,0.0018138644705607118,-0.0001151455775078181,24.68037173886709,324.9331966682878
14.154921874999784,1418.9196502352404,24.479085902272573,24.4793748629065,10.047928262095443,-1.1501830848734023,-0.0002496630574749757,0.0001322687655572731,5.39119011478962,0.5189999999999962,0.8821403046041179,1.1687656838466474,2.866253792425295,0.07311646140298292,0.0,1.3268452428374506,0.5285189796508171,0.0,278.9270222734709,85418.46351382612,1.066839469220591,334.7997754977234,0.0018381696580638213,-0.00010892982308110879,24.47937486290664,319.64633171202325
14.174921874999784,1419.4072226376197,24.278167805138498,24.278459226696786,10.04388591832994,-1.1525620524657256,-0.00025404124137940506,0.00013596650993409338,5.39119011478962,0.5189999999999962,0.8821403046041179,1.16876181824077,2.866215136366521,0.07251677054597781,0.0,1.3050606013337664,0.5285071026585151,0.0,278.92385305285546,85413.27714104687,1.066786814709479,334.79785495003046,0.001862707171466503,-0.00010349126804669393,24.27845922669692,314.4053208716601
14.194921874999784,1419.8907774841593,24.07733020008881,24.077624120888913,10.039879051945569,-1.1549413005898446,-0.0002584379552290307,0.0001398419255839616,5.39119011478962,0.5189999999999962,0.8821403046041179,1.1687578617196872,2.8661755711556935,0.07191730994514298,0.0,1.2834671708616745,0.5284953280133943,0.0,278.92070994635293,85408.13350354579,1.066734592885319,334.79595022748987,0.0018873258955167402,-9.775805099323333e-05,24.077624120889052,309.21008059769866
14.214921874999783,1420.3703163776102,23.87657237825762,23.876868837540435,10.035907595149256,-1.1573208219971183,-0.00026285252925354864,0.0001438670883624924,5.39119011478962,0.5189999999999962,0.8821403046041179,1.1687538308269352,2.8661352622281733,0.07131807757619868,0.0,1.2620645822308625,0.5284836555628173,0.0,278.9175929435455,85403.0325842742,1.0666828036043094,334.7940613237886,0.001914285696305519,-9.044613978236672e-05,23.876868837540574,304.0605281320607
14.234921874999783,1420.845840906559,23.67589363213472,23.676192670104122,10.031971479818498,-1.159700609346229,-0.0002672842502499943,0.0001480607114529112,5.39119011478962,0.5189999999999962,0.8821403046041179,1.1687497144472268,2.866094098431089,0.0707190714188651,0.0,1.240852469972327,0.5284720851555944,0.0,278.91450203410733,85397.9743663341,1.0666314467239237,334.79218823266905,0.001939413162230505,-8.190692140239183e-05,23.676192670104253,298.9565815051576
14.254921874999782,1421.3173526454564,23.475293255565916,23.475594913414838,10.028070638276835,-1.1620806552129939,-0.00027173234548455547,0.0001524557050370033,5.39119011478962,0.5189999999999962,0.8821403046041179,1.1687454930438599,2.8660518843974203,0.07012028945682476,0.0,1.2198304722110684,0.5284606166419774,0.0,278.9114372078045,85392.95883297786,1.066580522102904,334.79033094792953,0.001964306385941094,-7.491536652608011e-05,23.475594913414977,293.8981595329364
14.274921874999782,1421.784853154643,23.27477054374771,23.275074863676757,10.024205003832892,-1.164460952046375,-0.0002761959992499662,0.00015706971148871646,5.39119011478962,0.5189999999999962,0.8821403046041179,1.1687411561368077,2.866008515326899,0.06952172967768576,0.0,1.1989982305423075,0.5284492498736555,0.0,278.9083984544948,85387.9859676079,1.0665300296012614,334.78848946342384,0.0019906028840291578,-6.816252312167444e-05,23.2750748636769,288.88518181396296
14.294921874999782,1422.248343980377,23.074324793191064,23.074631818454183,10.02037451101819,-1.1668414921658266,-0.0002806743947653591,0.0001618898370800467,5.39119011478962,0.5189999999999962,0.8821403046041179,1.168736711358474,2.8659640675435605,0.06892339007295618,0.0,1.1783553899551935,0.5284379847037495,0.0,278.9053857641275,85383.0557537765,1.06647996908027,334.78666377306126,0.002016780118640759,-6.0768373659153205e-05,23.074631818454332,283.9175687266253
14.314921874999781,1422.7078266548594,22.87395530172669,22.874265076658208,10.016579093833792,-1.1692222677637485,-0.00028516671477073994,0.00016696378437676897,5.39119011478962,0.5189999999999962,0.8821403046041179,1.1687321304050124,2.865918258008946,0.06832526863800577,0.0,1.1579015991713235,0.5284268209868067,0.0,278.9023991267434,85378.16817518542,1.0664303404024693,334.7848538708065,0.002042215580671785,-5.2728539557380194e-05,22.87426507665836,278.9952414262591
14.33492187499978,1423.1633026962616,22.67366136848499,22.673973938535987,10.01281868822401,-1.1716032708709943,-0.00028967212448729915,0.000172273499618294,5.39119011478962,0.5189999999999962,0.8821403046041179,1.168727423968415,2.8658711936429704,0.0677273633720355,0.0,1.1376365101413397,0.5284157585787966,0.0,278.8994385324743,85373.32321568564,1.0663811434316568,334.7830597506794,0.0020703909935495595,-4.5030272181072474e-05,22.673973938536136,274.11812184236476
14.35492187499978,1423.6147736087496,22.47344229387255,22.473757705660784,10.00909323039795,-1.1739844933969985,-0.00029418976641283514,0.00017782051542015138,5.39119011478962,0.5189999999999962,0.8821403046041179,1.1687225911264567,2.8658228652233886,0.06712967227804947,0.0,1.1175597783606734,0.5284047973371054,0.0,278.8965039715431,85368.52085927718,1.06633237803289,334.7812814067551,0.0020986773787304235,-3.638396448571535e-05,22.47375770566093,269.2861326758717
14.37492187499978,1424.0622408825109,22.273297379568504,22.27361568091998,10.005402657011663,-1.176365927133446,-0.0002987187697709608,0.00018361684349456965,5.39119011478962,0.5189999999999962,0.8821403046041179,1.1687176247462978,2.8657732014217996,0.06653219336282071,0.0,1.0976710628239459,0.5283939371205315,0.0,278.89359543426366,85363.76109010872,1.0662840440724808,334.7795188331638,0.0021275651463331787,-2.9133910282992007e-05,22.27361568092013,264.49919739637704
14.39492187499978,1424.5057059937787,22.073225928512848,22.073547168503953,10.0017469052975,-1.178747563765603,-0.00030325825618356356,0.00018967892857077052,5.39119011478962,0.5189999999999962,0.8821403046041179,1.1687125150629054,2.8657221045878756,0.06593492463685939,0.0,1.0779700259896632,0.5283831777892802,0.0,278.8907129110404,85359.04389247733,1.0662361414179953,334.7777720240905,0.002155992522997973,-2.2458073561390202e-05,22.0735471685041,259.75724023943326
14.414921874999779,1424.9451704048581,21.873227244895197,21.87355147389511,9.998125913149332,-1.1811293948578934,-0.0003078073618864113,0.0001960212286194701,5.39119011478962,0.5189999999999962,0.8821403046041179,1.168707253493942,2.8656694888982415,0.06533786411438185,0.0,1.0584563337415154,0.5283725192049592,0.0,278.8878563923684,85354.36925082831,1.06618866993825,334.77604097377525,0.0021854234804519475,-1.4417890610284215e-05,21.873551473895258,255.06018620386703
14.434921874999779,1425.38063556415,21.673300634142237,21.6736279038572,9.994539618918527,-1.1835114118446532,-0.00031236523568445627,0.00020266949954442928,5.39119011478962,0.5189999999999962,0.8821403046041179,1.1687018247575087,2.8656152015339087,0.06474100981328007,0.0,1.0391296554322833,0.5283619612305743,0.0,278.885025868833,85349.73714975482,1.0661416295033106,334.77432567651283,0.002213907133114823,-8.158697010099613e-06,21.673627903857337,250.40796104912866
14.454921874999778,1425.8121029061763,21.473445402906098,21.473775766424588,9.990987961730779,-1.1858936060160004,-0.00031693103546951036,0.00020964301160133426,5.39119011478962,0.5189999999999962,0.8821403046041179,1.1686962174214772,2.8655591281735937,0.06414435975509145,0.0,1.0199896637973072,0.528351503730524,0.0,278.8822213311098,85345.14757399764,1.0660950199844899,334.77262612665254,0.0022432929110361667,-1.8926163102938607e-06,21.473775766424726,245.80049129266928
14.474921874999778,1426.2395738516036,21.273660859050942,21.273994370892005,9.98747088117997,-1.1882759685104392,-0.00032150394381657286,0.00021697052847328762,5.39119011478962,0.5189999999999962,0.8821403046041179,1.1686904144252297,2.8655010982111184,0.06354791196496938,0.0,1.0010360350110223,0.5283411465705949,0.0,278.87944276996456,85340.60050844499,1.0660488412543436,334.7709423185985,0.0022716516355433245,4.010239306484707e-06,21.27399437089214,241.23770420735033
14.494921874999777,1426.6630498072686,21.07394631164197,21.074283027804075,9.983988317867414,-1.1906584902936206,-0.00032608318433315417,0.00022466010671663854,5.39119011478962,0.5189999999999962,0.8821403046041179,1.1686844109888446,2.865441063847267,0.06295166447165389,0.0,0.9822684485419626,0.528330889617958,0.0,278.87669017625274,85336.09593813212,1.066003093186671,334.7692742468092,0.002302356137264926,1.1000949394106874e-05,21.074283027804213,236.719527818878
14.514921874999777,1427.0825321662005,20.87430107092075,20.874641048947094,9.980540213255443,-1.193041162170592,-0.0003306679763281397,0.00023270653855122177,5.39119011478962,0.5189999999999962,0.8821403046041179,1.1686782101994084,2.8653790559529058,0.06235561530744839,0.0,0.9636865871675819,0.5283207327411634,0.0,278.87396354091965,85331.63384824121,1.065957775656511,334.76762190579734,0.002334260903413425,1.5945623174917337e-05,20.874641048947232,232.24589090330866
14.534921874999776,1427.4980223076452,20.674724448295954,20.675067747338925,9.977126508973287,-1.1954239748132833,-0.00033525756868765143,0.00024113142438896354,5.39119011478962,0.5189999999999962,0.8821403046041179,1.1686717992498432,2.8653149464572536,0.06175976250819118,0.0,0.9452901371436209,0.5283106758101361,0.0,278.8712628550003,85327.21422410103,1.0659128885401394,334.7659852901302,0.002365322675393079,2.1271983799875807e-05,20.67506774733906,227.81672298453807
14.554921874999776,1427.9095215970885,20.47521575634437,20.475562437217487,9.973747147247371,-1.197806918757318,-0.0003398512457234239,0.00024995886318748156,5.39119011478962,0.5189999999999962,0.8821403046041179,1.168665163854434,2.8652485925031623,0.061164104113222546,0.0,0.9270787880868104,0.5283007186961715,0.0,278.8685881096189,85322.83705118674,1.0658684317150693,334.76436439442904,0.002397537706008436,2.5068318846966148e-05,20.47556243721763,223.43195433178346
14.574921874999776,1428.317031386279,20.27577430878465,20.27612443403336,9.97040207101905,-1.2001899843821533,-0.0003444483405063395,0.0002592082361756794,5.39119011478962,0.5189999999999962,0.8821403046041179,1.1686582925274793,2.8651798792336147,0.06056863816536415,0.0,0.9090522329295927,0.5282908612719313,0.0,278.86593929598916,85318.5023151196,1.0658244050600458,334.76275921336946,0.002430309980322099,3.057929922919795e-05,20.2761244340335,219.09151595717952
14.594921874999775,1428.7205530132514,20.076399420472665,20.076753054439514,9.967091224090359,-1.2025731619273539,-0.00034904822096564863,0.0002688846471671582,5.39119011478962,0.5189999999999962,0.8821403046041179,1.1686511822509407,2.865108776468228,0.05997336271089006,0.0,0.8912101678597312,0.5282811034114387,0.0,278.86331640541385,85314.21000166674,1.0657808084550462,334.76116974168076,0.0024640779555121996,3.41847964379106e-05,20.076753054439653,214.7953396133368
14.614921874999775,1429.1200878023485,19.87709040738369,19.87744761628329,9.96381455050976,-1.2049564414922072,-0.0003536502794524109,0.0002790167812447198,5.39119011478962,0.5189999999999962,0.8821403046041179,1.1686438160287795,2.865035114246617,0.05937827579950409,0.0,0.8735522924913403,0.5282714449900748,0.0,278.8607194292847,85309.96009674098,1.0657376417812774,334.7595959741465,0.0024980690126737873,3.7939169000101325e-05,19.87744761628343,210.54335779096982
14.634921874999774,1429.5156370642437,19.67784658660359,19.678207438597184,9.960571995129081,-1.2073398130358906,-0.0003582539462531209,0.0002896226615087926,5.39119011478962,0.5189999999999962,0.8821403046041179,1.1686361831889969,2.86495878584879,0.058783375484313984,0.0,0.856078309689735,0.528261885884574,0.0,278.8581483590824,85305.75258640049,1.0656949049211732,334.75803790560394,0.0025333371717465576,4.192626947803642e-05,19.67820743859733,206.33550371652268
14.654921874999774,1429.9072020959634,19.47866727631634,19.479031841590487,9.957363503327478,-1.2097232663828765,-0.00036285868049761987,0.0003007265699665106,5.39119011478962,0.5189999999999962,0.8821403046041179,1.1686282693543448,2.8648796475022698,0.05818865982180782,0.0,0.8387879256427379,0.5282524259730197,0.0,278.85560318637624,85301.58745684863,1.0656525977583935,334.756495530944,0.002568171899314507,4.434203413887899e-05,19.47903184159063,202.1717113498355
14.674921874999773,1430.2947841809082,19.279551795793793,19.279920146640766,9.954189021046421,-1.2121067912158494,-0.00036746397780603666,0.0003123572344387821,5.39119011478962,0.5189999999999962,0.8821403046041179,1.1686200575147443,2.8647975291062644,0.05759412687183017,0.0,0.8216808498426138,0.5282430651348402,0.0,278.8530839028241,85297.4646944337,1.0656107201778204,334.7549688451114,0.002603855500565267,4.740859260236368e-05,19.279920146640904,198.0519153818299
14.694921874999773,1430.6783845888751,19.080499465383085,19.08087167628603,9.951048494738647,-1.2144903770691728,-0.00037206937126951583,0.00032455150016939225,5.39119011478962,0.5189999999999962,0.8821403046041179,1.168611525855352,2.8647122125123414,0.056999774697560186,0.0,0.8047567950965725,0.5282338032508054,0.0,278.8505905001723,85293.3842856487,1.0655692720655587,334.75345784310446,0.0026397092803360153,4.997116210617217e-05,19.080871676286165,193.97605123222985
14.714921874999773,1431.0580045760787,18.881509606495115,18.881885754216974,9.94794187155692,-1.2168740133220513,-0.0003766744271079813,0.00033734188358670294,5.39119011478962,0.5189999999999962,0.8821403046041179,1.168602655132222,2.864623505281041,0.05640560136548989,0.0,0.7880154774520433,0.5282246402030215,0.0,278.8481229702555,85289.34621713111,1.0655282533089319,334.7519625199748,0.002675808790454875,5.2482407529814883e-05,18.881885754217112,189.94405504730545
14.734921874999772,1431.4336453851724,18.68258154159116,18.682961705269978,9.944869099461819,-1.219257689190752,-0.00038127873553526397,0.00035074841458468316,5.39119011478962,0.5189999999999962,0.8821403046041179,1.1685934335076942,2.8645312890357633,0.05581160494540474,0.0,0.7714566161388018,0.528215575874928,0.0,278.84568130499633,85285.35047566265,1.0654876637964807,334.7504828708278,0.002713074274856936,5.513615333068979e-05,18.682961705270117,185.9558636976524
14.754921874999772,1431.805308245269,18.483714594166734,18.484098855421035,9.941830126878456,-1.2216413937368287,-0.00038588191622938145,0.00036480181497027675,5.39119011478962,0.5189999999999962,0.8821403046041179,1.1685838428140087,2.864435382098909,0.05521778351036706,0.0,0.7550799336824583,0.5282066101512937,0.0,278.8432654964057,85281.39704816909,1.065447503417962,334.74901889082184,0.0027509672225028334,5.7687321933679996e-05,18.484098855421173,182.0114147760105
14.774921874999771,1432.1729943719617,18.284908088744174,18.28529653177836,9.938824902779476,-1.2240251158715696,-0.00039048359992033445,0.0003795383227162854,5.39119011478962,0.5189999999999962,0.8821403046041179,1.1685738616202923,2.8643355701617446,0.05462413513669537,0.0,0.7388851558691566,0.5281977429182121,0.0,278.84087553658225,85277.48592172001,1.0654077720643464,334.7475705751689,0.0027887147039153135,6.003328233271503e-05,18.285296531778496,178.11064659507446
14.79492187499977,1432.5367049673443,18.086161350861616,18.08655406257598,9.935853376764943,-1.2264088443466563,-0.00039508344273127315,0.00039499406469614673,5.39119011478962,0.5189999999999962,0.8821403046041179,1.168563468569415,2.864231639652972,0.05403065790394682,0.0,0.7228720117048706,0.5281889740630987,0.0,278.83851141771225,85273.61708352856,1.0653684696278158,334.7461379191336,0.0028278318719653778,6.236312763084913e-05,18.08655406257611,174.25349818534383
14.81492187499977,1432.8964412200312,17.887473707054617,17.887870777169482,9.932915499243757,-1.2287925677564377,-0.0003996811139768799,0.00041119146970274885,5.39119011478962,0.5189999999999962,0.8821403046041179,1.168552650430327,2.864123458262091,0.053437349894905874,0.0,0.7070402333242295,0.5281803034746865,0.0,278.8361731320698,85269.79052095131,1.065329596001763,334.7447209180343,0.0028679477901517514,6.459664095748039e-05,17.887870777169617,170.439909293034
14.83492187499977,1433.2522043051774,17.688844484848293,17.689246006029936,9.9300112209607,-1.2311762745534685,-0.0004042762953991632,0.000428173175184606,5.39119011478962,0.5189999999999962,0.8821403046041179,1.1685413820043935,2.8640107740027565,0.052844209195567614,0.0,0.6913895561774162,0.5281717310430221,0.0,278.8338606720163,85266.00622148796,1.0652911510807879,334.7433195672419,0.0029086815568044456,6.498890258213742e-05,17.68924600603007,166.66982037796686
14.85492187499977,1433.6039953844986,17.490273012747313,17.490679080738687,9.927140493373534,-1.2335599530432466,-0.00040886870101154086,0.00044597566762084347,5.39119011478962,0.5189999999999962,0.8821403046041179,1.1685296417484747,2.863893371443569,0.05225123389512371,0.0,0.6759197188681879,0.5281632566594625,0.0,278.83157403000075,85262.2641727812,1.0652531347606975,334.7419338621805,0.00294989383186254,6.670594286431403e-05,17.490679080738825,162.94317261149897
14.87492187499977,1433.9518156062898,17.291758620219614,17.292169333984162,9.924303268415821,-1.235943591382758,-0.00041345807382856,0.00046464677936309444,5.39119011478962,0.5189999999999962,0.8821403046041179,1.1685174014084143,2.8637709680429646,0.05165842208595434,0.0,0.6606304632497273,0.5281548802166715,0.0,278.8293131985591,85258.56436261645,1.0652155469385032,334.7405637983268,0.0029915867213278517,6.752977662516714e-05,17.292169333984294,159.2599078745016
14.894921874999769,1434.2956661054452,17.09330063769109,17.09371609955649,9.921499498647986,-1.2383271775861238,-0.0004180441790370593,0.00048423405465150354,5.39119011478962,0.5189999999999962,0.8821403046041179,1.1685046329134046,2.863643283092867,0.05106577186361357,0.0,0.6455215343461933,0.5281466016086155,0.0,278.82707817031456,85254.9067789217,1.0651783875124186,334.7392093712106,0.0030335483197253318,6.77438528218117e-05,17.09371609955662,155.61996875531742
14.914921874999768,1434.635548003477,16.89489839652874,16.895318712345684,9.918729137277037,-1.2407106995123731,-0.0004226268118872117,0.00050478304932321,5.39119011478962,0.5189999999999962,0.8821403046041179,1.1684913093849647,2.8635100478084685,0.050473281326825346,0.0,0.6305926803312459,0.5281384207305606,0.0,278.8248689379774,85251.29140976726,1.0651416563818599,334.7378705764143,0.003076823687326943,6.7577181576922e-05,16.895318712345812,152.0232985477974
14.934921874999768,1434.9714624085336,16.69655122902901,16.696976508339187,9.915992138090854,-1.2430941448754544,-0.00042720579854222865,0.0005263431937579469,5.39119011478962,0.5189999999999962,0.8821403046041179,1.1684774016644526,2.863370970603347,0.04988094857747766,0.0,0.6158436525554043,0.5281303374792117,0.0,278.8226854943445,85247.71824336563,1.0651053534474415,334.7365474095728,0.0031205800694099613,6.840670741750575e-05,16.69697650833931,148.46984124933957
14.954921874999767,1435.3034104154192,16.49825846840777,16.49868882461961,9.91328845555439,-1.245477501246068,-0.0004317809883815452,0.0005489587899258999,5.39119011478962,0.5189999999999962,0.8821403046041179,1.1684628836458764,2.863225790417585,0.0492887717206172,0.0,0.6012742054773154,0.5281223517528483,0.0,278.8205278322998,85244.18726807121,1.0650694786109758,334.73523986637366,0.0031660055792384744,6.884136826916659e-05,16.498688824619734,144.95954155894526
14.974921874999767,1435.631393105611,16.300019448783715,16.300454999365304,9.910618044720527,-1.2478607560596604,-0.00043635224544811603,0.0005726761733348552,5.39119011478962,0.5189999999999962,0.8821403046041179,1.168447728036215,2.8630742343209725,0.04869674886445252,0.0,0.5868840966978773,0.528114463450046,0.0,278.8183959448135,85240.6984723802,1.0650340317754716,334.733947942557,0.0032125489103269882,6.861789089681605e-05,16.30045499936542,141.4923448753369
14.994921874999767,1435.9554115472777,16.101833505170347,16.10227437184916,9.90798086113433,-1.2502438966272218,-0.0004409194560553089,0.0005975526078329387,5.39119011478962,0.5189999999999962,0.8821403046041179,1.1684319010897193,2.8629159648560143,0.048104878120351934,0.0,0.5726730870146568,0.5281066724712342,0.0,278.81628982494266,85237.25184493033,1.0649990128451314,334.7326716339153,0.0032590373234382395,6.863930434463373e-05,16.10227437184928,138.06819729505594
15.014921874999766,1436.2754667952968,15.903699973465871,15.904146282438802,9.905376860885733,-1.252626910133103,-0.00044548252556015434,0.0006236525672051265,5.39119011478962,0.5189999999999962,0.8821403046041179,1.1684153648130033,2.862750602088855,0.04751315760284542,0.0,0.558640940390846,0.5280989787181252,0.0,278.8142094658306,85233.84737450074,1.0649644217253507,334.73141093629334,0.003306888746832625,6.797259766072882e-05,15.904146282438921,134.68704561059505
15.034921874999766,1436.591559891273,15.705618190437846,15.706070072599491,9.902806000774136,-1.2550097836400342,-0.0004500413819679561,0.0006510323915694647,5.39119011478962,0.5189999999999962,0.8821403046041179,1.168398086053577,2.8625778144945913,0.04692158542963485,0.0,0.5447874238382115,0.5280913820937096,0.0,278.8121548607067,85230.48505001173,1.0649302583227167,334.73016584558826,0.0033556117297982714,6.728720445837977e-05,15.70607007259961,131.34883730858715
15.054921874999765,1436.9036918635543,15.50758749371478,15.508045084895757,9.9002682380744,-1.2573925040986103,-0.0004545959753586349,0.0006797622860578405,5.39119011478962,0.5189999999999962,0.8821403046041179,1.1683800234758517,2.8623971887173383,0.04633015972160017,0.0,0.5311123075630381,0.5280838825022548,0.0,278.8101260028869,85227.16486052464,1.0648965225450056,334.7289363577495,0.0034055413574726754,6.68597035098183e-05,15.508045084895873,128.0535205679783
15.074921874999765,1437.2118637272504,15.309607221772051,15.310070662996115,9.897763530715103,-1.2597750583468565,-0.0004591462719947687,0.0007099093951982174,5.39119011478962,0.5189999999999962,0.8821403046041179,1.1683611375862857,2.8622083298216783,0.04573887860281508,0.0,0.5176153648373172,0.5280764798493003,0.0,278.80812288577283,85223.8867952416,1.064863214301182,334.7277224687783,0.003455785054002014,6.609231939312641e-05,15.31007066299623,124.80104425826052
15.094921874999764,1437.5160764842487,15.111676713922874,15.112146151677214,9.895291837046402,-1.262157433116822,-0.00046369225397605685,0.0007415610181725078,5.39119011478962,0.5189999999999962,0.8821403046041179,1.1683413769951971,2.862010723910793,0.04514774020056066,0.0,0.504296372162676,0.5280691740416558,0.0,278.80614550285236,85220.65084350541,1.0648303335013967,334.7265241747285,0.0035072615214598885,6.4863252260071e-05,15.11214615167733,121.59135793769823
15.114921874999764,1437.816331123231,14.913795310306208,14.914270896830324,9.892853116163868,-1.2645396150336354,-0.00046823392553036413,0.0007747931629270316,5.39119011478962,0.5189999999999962,0.8821403046041179,1.1683206970338489,2.8618039242973103,0.04455674264534628,0.0,0.49115510902843906,0.528061964987397,0.0,278.80419384769897,85217.45699479933,1.0647978800569855,334.7253414717056,0.0035597416930279236,6.396829758546001e-05,14.91427089683044,118.42441185159755
15.134921874999764,1438.1126286196902,14.715962351872768,14.716444245470218,9.890447327725566,-1.2669215906231899,-0.0004727713065062746,0.0008096883893838507,5.39119011478962,0.5189999999999962,0.8821403046041179,1.1682990491959273,2.8615874459180946,0.04396588407093754,0.0,0.4781913580336268,0.5280548525958636,0.0,278.802267913972,85214.30523874689,1.0647658538804672,334.72417435586704,0.0036129207735340757,6.308512424713879e-05,14.716444245470333,115.3001569306145
15.154921874999763,1438.4049699359462,14.518177180375659,14.518665545743742,9.888074431904556,-1.2693033463195427,-0.0004773044312811813,0.0008463412277384263,5.39119011478962,0.5189999999999962,0.8821403046041179,1.1682763779381036,2.861360733339857,0.04337516261438325,0.0,0.4654049049230411,0.5280478367776553,0.0,278.80036769541636,85211.19556511179,1.0647342548855439,334.7230228234223,0.003666919165048127,6.145638198205714e-05,14.518665545743858,112.21854478905752
15.174921874999763,1438.6933560211617,14.320439138358681,14.320934146941038,9.885734389447284,-1.2716848684638031,-0.00048183334975832374,0.0008848531423069562,5.39119011478962,0.5189999999999962,0.8821403046041179,1.1682526236670179,2.8611231906290002,0.04278457641605037,0.0,0.4527955385422391,0.5280409174446299,0.0,278.7984931858624,85208.12796379765,1.0647030829870976,334.7218868706326,0.0037222027895743416,6.02737231261496e-05,14.320934146941148,109.17952772322877
15.194921874999762,1438.9777878113582,14.122747569144392,14.123249399508785,9.883427161734089,-1.2740661433122689,-0.000486358124754267,0.0009253259456978643,5.39119011478962,0.5189999999999962,0.8821403046041179,1.1682277266410246,2.8608742203690674,0.04219412361966502,0.0,0.4403630507752667,0.5280340945098994,0.0,278.79664437922617,85205.10242484788,1.064672338101188,334.7207664938111,0.0037780114904075895,5.8878792179681405e-05,14.123249399508895,106.18305870979246
15.214921874999762,1439.2582662294315,13.925101816822142,13.92561065506563,9.881152710710595,-1.2764471570408065,-0.0004908788328185895,0.0009678697708076328,5.39119011478962,0.5189999999999962,0.8821403046041179,1.1682016222607847,2.8606131765666687,0.04160380237235992,0.0,0.42810723659948047,0.5280273678878277,0.0,278.79482126950865,85202.11893844552,1.064642020145055,334.71966168932227,0.00383480916474652,5.828228345568685e-05,13.925610655065736,103.22909140416799
15.234921874999761,1439.5347921851667,13.727501226236763,13.728017266419588,9.878910998857302,-1.2788278957498413,-0.0004953955563336603,0.001012607345484521,5.39119011478962,0.5189999999999962,0.8821403046041179,1.168174270293129,2.860339656890112,0.041013610824727806,0.0,0.4160278941147762,0.5280207374940276,0.0,278.7930238507964,85199.17749491306,1.0646121290371129,334.7185724535826,0.0038926756689148263,5.674249483018363e-05,13.728017266419695,100.31758013894259
15.254921874999761,1439.8073665752531,13.529945142977843,13.530468587587647,9.876701989237816,-1.2812083454716396,-0.0004999083859615018,0.001059669117491404,5.39119011478962,0.5189999999999962,0.8821403046041179,1.1681455338486808,2.8600522924456295,0.040423547130881365,0.0,0.40412482449609693,0.5280142032453579,0.0,278.79125211726085,85196.2780847123,1.0645826646969512,334.7174987830601,0.003951072641470427,5.464106199397114e-05,13.530468587587755,97.44847992230328
15.27492187499976,1440.0759902832992,13.332432913367441,13.33296397381894,9.874525645556567,-1.2835884921727871,-0.0005044174264014755,0.0011091867056517196,5.39119011478962,0.5189999999999962,0.8821403046041179,1.1681153648111062,2.8597506020698837,0.03983360944852388,0.0,0.39239783192649774,0.5280077650599211,0.0,278.7895060631585,85193.42069844418,1.0645536270453342,334.71644067427405,0.004010422601526144,5.276169162454094e-05,13.332963973819044,94.62174643650474
15.29492187499976,1440.3406641798474,13.134963725232545,13.13550262240028,9.872429695190442,-1.285968321760698,-0.0005089227946991607,0.0011613068964454812,5.39119011478962,0.5189999999999962,0.8821403046041179,1.168083677361468,2.8594337275735016,0.039243795463339184,0.0,0.3811042317185877,0.5283584417447272,0.0,278.787785682831,85190.60532684863,1.0645250160041968,334.7153981237956,0.004071003731040589,5.159765612641352e-05,13.135502622400377,91.83733380996594
15.31492187499976,1440.601389102133,12.937535165769145,12.938082130518168,9.870430163596476,-1.2883478199337186,-0.0005134246158264684,0.0012161704252245233,5.39119011478962,0.5189999999999962,0.8821403046041179,1.1680503892458811,2.8591008464176326,0.03865409808041351,0.0,0.3703304225892275,0.5292230795328362,0.0,278.7860909708361,85187.83196101984,1.0644968314988352,334.71437112832666,0.00413328767152863,4.9516967639376075e-05,12.938082130518266,89.09517492124199
15.33492187499976,1440.8581658512794,12.740146318473414,12.740701592328731,9.868458497690373,-1.290726972165314,-0.0005179230219475634,0.0012739469370946052,5.39119011478962,0.5189999999999962,0.8821403046041179,1.1680154013790824,2.858750967749646,0.038064514677066126,0.0,0.3597068108441182,0.5301049434067207,0.0,278.78442192196667,85185.10059243618,1.0644690734582098,334.7133596847118,0.0041957666708811155,4.768181022924278e-05,12.740701592328826,86.39522508489895
15.354921874999759,1441.1109952159566,12.54279662598611,12.543360461814254,9.866514702508505,-1.2931057638966843,-0.0005224181546238482,0.0013348125611123472,5.39119011478962,0.5189999999999962,0.8821403046041179,1.1679786108497643,2.8583830624564643,0.0374750437055559,0.0,0.3492334233803222,0.531004651995181,0.0,278.78277853109626,85182.41121270845,1.064441741812388,334.71236378984435,0.004259405087335801,4.6146300354149146e-05,12.543360461814343,83.737445292075
15.374921874999758,1441.3598779736863,12.34548553083605,12.346058193572786,9.864598784150532,-1.295484180554095,-0.0005269101612422447,0.0013989542086344344,5.39119011478962,0.5189999999999962,0.8821403046041179,1.1679399086643654,2.857996040602475,0.03688568361990476,0.0,0.33891029266829237,0.5319228565232171,0.0,278.781160793171,85179.76381356605,1.0644148364924024,334.7113834406616,0.0043240350847573855,4.427879871112085e-05,12.346058193572874,81.1217971108502
15.394921874999758,1441.6048148908394,12.14821247541962,12.148794242855232,9.862710749783023,-1.2978622075604553,-0.0005313991945073524,0.0014665741667357008,5.39119011478962,0.5189999999999962,0.8821403046041179,1.1678991768980866,2.857588722939688,0.03629643287600962,0.0,0.32873745691245754,0.532860243086536,0.0,278.7795687032095,85177.15838685699,1.0643883574302533,334.71041863414496,0.004389864468995377,4.242044915460644e-05,12.148794242855322,78.54824268562425
15.414921874999758,1441.8458067226331,11.950976901978871,11.951568065608345,9.860850607668828,-1.3002398303448621,-0.0005358854122765654,0.0015378911268223766,5.39119011478962,0.5189999999999962,0.8821403046041179,1.1678562881248797,2.857159835207619,0.03570728993177198,0.0,0.3187149601856858,0.5338175351248715,0.0,278.77800225630284,85174.59492454793,1.0643623045589072,334.7094693673195,0.0044560873183883964,4.1085948942002183e-05,11.95156806560843,76.01674473652955
15.434921874999757,1442.0828542131283,11.753778252579401,11.754379118523405,9.859018367191034,-1.3026170343519021,-0.0005403689742489535,0.0016131426348087884,5.39119011478962,0.5189999999999962,0.8821403046041179,1.1678111040955255,2.856707994914076,0.03511825324724457,0.0,0.3088428525843471,0.5347954961151103,0.0,278.7764614476146,85172.07341872419,1.0643366778122982,334.7085356372545,0.004523265667619708,3.937991151392321e-05,11.754379118523486,73.52726655886879
15.454921874999757,1442.3159580952245,11.556615969087309,11.557226859091875,9.85721403894279,-1.3049938050511025,-0.0005448500416653598,0.0016925750732923667,5.39119011478962,0.5189999999999962,0.8821403046041179,1.167763481553786,2.856231769496682,0.03452932128479869,0.0,0.2991211902628907,0.5357949325078314,0.0,278.77494627238104,85169.59386158982,1.0643114771253288,334.7076174410629,0.004591725004995442,3.7399936344645176e-05,11.557226859091951,71.07977202258337
15.474921874999756,1442.5451190906567,11.359489493144162,11.36011074567012,9.855437634725613,-1.3073701279512497,-0.0005493287798511013,0.001776450312902177,5.39119011478962,0.5189999999999962,0.8821403046041179,1.1677132684533447,2.855729638492268,0.03394049250931878,0.0,0.28955003563875464,0.5368166969338445,0.0,278.7734567259107,85167.15624546762,1.0642867024338707,334.7067147759019,0.004661363914044801,3.60325333959679e-05,11.360110745670195,68.67422557176899
15.494921874999756,1442.7703379099903,11.162398266143697,11.163030237550428,9.85368916753126,-1.3097459886150695,-0.0005538053551957722,0.0018650574393191315,5.39119011478962,0.5189999999999962,0.8821403046041179,1.1676602970354992,2.8551999243138138,0.033351765388415666,0.0,0.2801294576634681,0.5378616917107691,0.0,278.771992803585,85164.76056279923,1.0642623536747644,334.70582763897255,0.004731886334361737,3.427210184962918e-05,11.163030237550505,66.31059222419131
15.514921874999756,1442.991615252616,10.96534172920732,10.965984795041972,9.851968651622213,-1.3121213726739636,-0.0005582799338362354,0.0019587061242211713,5.39119011478962,0.5189999999999962,0.8821403046041179,1.1676043877783706,2.8546408317425276,0.032763138392669665,0.0,0.2708595319135715,0.5389308726835873,0.0,278.770554500858,85162.40680614511,1.0642384307858206,334.70495602752,0.004803379768514084,3.2733833889644016e-05,10.965984795042052,63.98883757083563
15.534921874999755,1443.2089518067435,10.768319323157979,10.768973879563786,9.850276102544491,-1.3144962658408146,-0.0005627526831217138,0.0020577343663458728,5.39119011478962,0.5189999999999962,0.8821403046041179,1.167545344938211,2.854050403340931,0.03217460999590945,0.0,0.26174034083888437,0.5400252534376598,0.0,278.76914181325617,85160.09496818471,1.064214933705822,334.7040999388332,0.004875658960679268,3.115379509507541e-05,10.768973879563859,61.70892777549929
15.554921874999755,1443.4223482493962,10.571330488494295,10.571996953748796,9.848611537201231,-1.316870653926514,-0.0005672237701302852,0.00216250307132203,5.39119011478962,0.5189999999999962,0.8821403046041179,1.1674829597955012,2.8534265519138335,0.03158617867552412,0.0,0.25277197387894196,0.5411459099279268,0.0,278.7677547363789,85157.82504171642,1.0641918623745226,334.70325937024563,0.004948810964121934,2.9921500243502753e-05,10.571996953748872,59.47082957439918
15.574921874999754,1443.631805246404,10.374374665362803,10.375053481563429,9.84697497387157,-1.3192445228546765,-0.0005716933599461189,0.0022734036233203153,5.39119011478962,0.5189999999999962,0.8821403046041179,1.1674170062175413,2.8527670161342344,0.03099784291282155,0.0,0.243954527727634,0.542293985574055,0.0,278.76639326589833,85155.59701965775,1.0641692167326495,334.7024343191344,0.0050229329089385225,2.831708644465947e-05,10.3750534815635,57.27451027582631
15.594921874999754,1443.8373234523958,10.17745129353004,10.178142928442346,9.845366432264887,-1.3216178586802168,-0.0005761616158001965,0.0023908584496457933,5.39119011478962,0.5189999999999962,0.8821403046041179,1.1673472405236565,2.852069359195386,0.030409601193432216,0.0,0.2352881065324755,0.543470696878339,0.0,278.7650573975594,85153.4108950453,1.0641469967219024,334.70162478292104,0.005097837998180979,2.6753814414650925e-05,10.178142928442417,55.11993775982245
15.614921874999753,1444.038903510792,9.980559812353633,9.981264761441553,9.843785933567451,-1.3239906476064764,-0.0005806287009273432,0.0025153239854663082,5.39119011478962,0.5189999999999962,0.8821403046041179,1.1672733997392113,2.8513309513509344,0.029821452007767733,0.0,0.22677282212986816,0.5446773396313278,0.0,278.76374712717984,85151.2666610349,1.0641252022849579,334.700830759071,0.005174084825392618,2.4964280728447433e-05,9.981264761441626,53.007080477888756
15.634921874999753,1444.2365460537953,9.783699660751854,9.784418449413547,9.84223350049527,-1.3263628760056132,-0.0005850947780793218,0.0026472929628806375,5.39119011478962,0.5189999999999962,0.8821403046041179,1.1671952004143822,2.8505489581026433,0.029233393851545282,0.0,0.21840879428326865,0.5459152957796816,0.0,278.76246245065033,85149.16431090176,1.0641038333654669,334.70005224509407,0.005251107758161943,2.3324333305968965e-05,9.784418449413618,50.93590745273891
15.654921874999753,1444.4302517023827,9.586870277172853,9.587603463205363,9.840709157332267,-1.3287345304402065,-0.0005895600092788905,0.002787303409485194,5.39119011478962,0.5189999999999962,0.8821403046041179,1.1671123334732119,2.84972028869094,0.028645425226380524,0.0,0.21019615101134692,0.547186041041954,0.0,278.7612033639345,85147.10383804046,1.0640828899080585,334.69928923854434,0.005328847312875488,2.1841798927944353e-05,9.58760346320543,48.906388278073294
15.674921874999752,1444.620021066295,9.390071099562828,9.390819275883917,9.839212929980091,-1.3311055976839183,-0.0005940245554446939,0.0029359481504851958,5.39119011478962,0.5189999999999962,0.8821403046041179,1.167024458793387,2.8488415418926905,0.028057544640462048,0.0,0.20213502893882979,0.5484911533710796,0.0,278.75996986306905,85145.0852359651,1.064062371858339,334.6985417370198,0.0054070739823174506,2.0466996746914156e-05,9.390819275883983,46.91849311838414
15.694921874999752,1444.8058547440269,9.193301565332586,9.194065362994051,9.837744846058122,-1.3334760647431836,-0.0005984885749373577,0.003093864614406869,5.39119011478962,0.5189999999999962,0.8821403046041179,1.1669312113904153,2.847909067862975,0.0274697506093234,0.0,0.19422557342487776,0.5498323223777749,0.0,278.7587619441638,85143.10849830942,1.0640422791628952,334.69780973816324,0.005486375696145093,1.909506265539251e-05,9.194065362994117,44.972192708804926
15.714921874999751,1444.9877533228148,8.99656111132264,8.997341202854205,9.836304934951993,-1.3358459188811067,-0.0006029522235469657,0.0032617449299361784,5.39119011478962,0.5189999999999962,0.8821403046041179,1.1668321956827181,2.8469189107860027,0.026882041656727747,0.0,0.18646793894106228,0.5512113598473021,0.0,278.75757960340167,85141.17361882688,1.0640226117692935,334.6970932396614,0.0055664800516365244,1.781403303026732e-05,8.997341202854269,43.067458355003424
15.73492187499975,1445.1657173786268,8.799849173767358,8.800646276893914,9.834893227867786,-1.3382151476434248,-0.000607415653922264,0.003440350667974984,5.39119011478962,0.5189999999999962,0.8821403046041179,1.1667269771327886,2.8458667252867076,0.026294416315677378,0.0,0.17886228952491912,0.5526302115036635,0.0,278.7564228370389,85139.28059139087,1.0640033696260842,334.6963922392456,0.005647341757334601,1.652578018654284e-05,8.800646276893975,41.20426193310268
15.75492187499975,1445.3397474761491,8.603165188257634,8.603980070041036,9.833509757924949,-1.3405837388851165,-0.0006118790159565165,0.003630510310480892,5.39119011478962,0.5189999999999962,0.8821403046041179,1.1666150840177272,2.8447477941360932,0.02570687312957184,0.0,0.17140879903761108,0.5540909702009952,0.0,278.755291641405,85137.42940999471,1.0639845526828005,334.69570673469144,0.005728942588114195,1.5058252146962767e-05,8.603980070041096,39.38257588964098
15.77492187499975,1445.5098441687728,8.406508589701918,8.407342071167234,9.83215456022384,-1.342951680798765,-0.0006163424565562673,0.003833134995230691,5.39119011478962,0.5189999999999962,0.8821403046041179,1.1664959985738612,2.8435569396974336,0.025119410653540078,0.0,0.16410765166057187,0.5555958907526214,0.0,278.75418601290295,85135.62006875193,1.0639661608899615,334.69503672381916,0.005811335809062775,1.3974879477515996e-05,8.40734207116729,37.60237324157446
15.79492187499975,1445.67600799858,8.209878812285629,8.210731773601204,9.830827671937953,-1.3453189619440584,-0.0006208061196190585,0.004049224065199231,5.39119011478962,0.5189999999999962,0.8821403046041179,1.1663691541714838,2.8422884956736594,0.0245320274559751,0.0,0.1569590422824916,0.5571474066450457,0.0,278.7531059480092,85133.85256189633,1.0639481941990727,334.69438220449354,0.005894193437353349,1.2727735620724706e-05,8.210731773601259,35.86362757632037
15.814921874999749,1445.838239496329,8.013275289428853,8.014148675720902,9.82952913240291,-1.3476855712789146,-0.0006252701454864687,0.0042798800180945335,5.39119011478962,0.5189999999999962,0.8821403046041179,1.1662339270782336,2.8409362247411574,0.023944722120304577,0.0,0.14996317702032497,0.5587481489284312,0.0,278.75205144327384,85132.12688378216,1.0639306525626295,334.69374317462393,0.005977568291772699,1.1692963635357059e-05,8.014148675720957,34.16631305183766
15.834921874999749,1445.9965391814385,7.816697453741997,7.81759228164021,9.828258983220435,-1.3500514981912963,-0.0006297346711758077,0.004526317458312533,5.39119011478962,0.5189999999999962,0.8821403046041179,1.1660896318400562,2.8394932723593835,0.02335749324704368,0.0,0.14312027368039779,0.5604009676286472,0.0,278.7510224953206,85130.44302888427,1.0639135359341165,334.6931196321643,0.006061519559801426,1.0639222713690044e-05,7.817592281640261,32.51040439675791
15.854921874999748,1446.1509075619708,7.6201447369794115,7.621062102006203,9.827017268364703,-1.3524167325335412,-0.0006341998298627725,0.004789876379565505,5.39119011478962,0.5189999999999962,0.8821403046041179,1.1659355142330334,2.837952096289156,0.022770339456178415,0.0,0.1364305622892345,0.5621089560909412,0.0,278.75001910084717,85128.80099179837,1.0638968442680126,334.6925115751134,0.00614607457578354,9.559136155896942e-06,7.621062102006255,30.895876910560208
15.874921874999748,1446.3013451346146,7.423616569990779,7.424557654928105,9.825804034296631,-1.3547812646580768,-0.0006386657512588626,0.0050720412203065215,5.39119011478962,0.5189999999999962,0.8821403046041179,1.1657707410070623,2.836304364029445,0.02218325938994228,0.0,0.12989428571492626,0.5638754787445421,0.0,278.749041256625,85127.20076724108,1.0638805775197895,334.69191900151475,0.006230949114992373,8.633505478347933e-06,7.424557654928153,29.32270646379382
15.894921874999747,1446.447852384666,7.227112382670119,7.228078467062923,9.824619330089606,-1.357145085454906,-0.0006431325614702552,0.005374460346692013,5.39119011478962,0.5189999999999962,0.8821403046041179,1.1655943895794283,2.8345408497531044,0.021596251716061308,0.0,0.12351170030927758,0.5657042028746128,0.0,278.7480889594996,85125.64235005029,1.0638647356459179,334.6913419094568,0.006316260482105203,7.560689491405768e-06,7.228078467062969,27.790869498350144
15.914921874999747,1446.5904297860088,7.03063160390217,7.031624074888585,9.823463207566109,-1.359508186391005,-0.0006476003831951936,0.005698969410238488,5.39119011478962,0.5189999999999962,0.8821403046041179,1.1654054356926635,2.8326513108854567,0.02100931513155914,0.0,0.11728307661377338,0.5675991351076004,0.0,278.7471622063909,85124.12573518518,1.0638493186038656,334.6907802970729,0.006401773531323456,6.636818185998037e-06,7.0316240748886285,26.300343027783917
15.934921874999747,1446.729077801094,6.834173661505941,6.835194026202841,9.822335721444393,-1.361870559551345,-0.0006520693359553503,0.006047615281853322,5.39119011478962,0.5189999999999962,0.8821403046041179,1.1652027410143027,2.830624364101848,0.02042244836723676,0.0,0.11120870008285758,0.5695646634641705,0.0,278.74626099429287,85122.65091772663,1.0638343263521024,334.6902341625415,0.006487649228170636,5.681966892930875e-06,6.835194026202886,24.851104637689584
15.954921874999746,1446.8637968809182,6.637737982175178,6.638787881894726,9.821236929499818,-1.3642321976818754,-0.0006565395360064451,0.006422689961366528,5.39119011478962,0.5189999999999962,0.8821403046041179,1.1649850353066966,2.8284473070257876,0.019835650192966625,0.0,0.105288871946579,0.5716056060184057,0.0,278.745385320274,85121.21789287732,1.0638197588501026,334.6897035040861,0.006573676593934701,4.765885403638427e-06,6.638787881894768,23.44313248613256
15.974921874999746,1446.9945874649995,6.441323991415493,6.442405218047324,9.82016689274071,-1.3665930942345441,-0.0006610110964881539,0.006826767379309663,5.39119011478962,0.5189999999999962,0.8821403046041179,1.164750897362142,2.8261059275802425,0.019248919423976683,0.0,0.09952391011361338,0.573727267433096,0.0,278.7445351814775,85119.82665596204,1.0638056160583462,334.68918831997536,0.006659740510438055,3.9566662176880935e-06,6.442405218047364,22.076405304140845
15.994921874999745,1447.121449981354,6.244931113477775,6.246045628444232,9.819125675598544,-1.3689532434141205,-0.0006654841274016285,0.007262745866591225,5.39119011478962,0.5189999999999962,0.8821403046041179,1.1644987332100807,2.8235842860596283,0.0186622549283406,0.0,0.09391415014380557,0.5759355049323429,0.0,278.74371057512116,85118.47720242792,1.0637918979383236,334.6886886085234,0.006745900574679413,3.2593671791360514e-06,6.246045628444268,20.75090239625361
16.014921874999747,1447.24438484647,6.0485587712877065,6.049708727573418,9.818113346137025,-1.3713126402271902,-0.000669958735501854,0.007733900615905161,5.39119011478962,0.5189999999999962,0.8821403046041179,1.164226749247344,2.8208644464322608,0.01807565563595421,0.0,0.0884599463388074,0.5782368056425061,0.0,278.7429114984979,85117.16952784473,1.0637786044525355,334.6882043680897,0.006832134804438639,2.595948692536338e-06,6.049708727573455,19.466603641140928
16.034921874999746,1447.3633924652797,5.852206386370773,5.853394154243646,9.817129976287836,-1.373671280533484,-0.0006744350245103106,0.008243950081144577,5.39119011478962,0.5189999999999962,0.8821403046041179,1.1639329182354508,2.817926136313329,0.017489120549342183,0.0,0.08316167299083572,0.5806383777051846,0.0,278.74213794897565,85115.90362790514,1.0637657355644996,334.68773559707927,0.0069180159976616265,1.969223572369454e-06,5.8533941542436825,18.223489492285275
16.054921874999746,1447.4784732311318,5.655873378772385,5.65710157596365,9.816175642104296,-1.3760291610988968,-0.0006789130952107819,0.008797130574295561,5.39119011478962,0.5189999999999962,0.8821403046041179,1.163614941737668,2.8147463713355014,0.016902648756743847,0.0,0.0780197256917769,0.5831482581744958,0.0,278.74138992399764,85114.67949842504,1.0637532912387508,334.6872822939426,0.007003774185980814,1.2739850812709756e-06,5.657101575963686,17.02154097873483
16.074921874999745,1447.58962752576,5.459559166972758,5.460830694277077,9.815250424039228,-1.3783862796509074,-0.0006833930457834582,0.009398286697544424,5.39119011478962,0.5189999999999962,0.8821403046041179,1.163270204944819,2.8112990034070107,0.01631623944805466,0.0,0.07303452277951519,0.585775441500762,0.0,278.74066742108255,85113.4971353439,1.0637412714408472,334.686844457176,0.007089044557149043,6.192921300326567e-07,5.460830694277109,15.860739705936247
16.094921874999745,1447.6968557192515,5.2632631677957535,5.264581251301757,9.81435440726441,-1.3807426349360983,-0.0006878749720771484,0.010052988359095216,5.39119011478962,0.5189999999999962,0.8821403046041179,1.1628957181983302,2.807554135942123,0.015729891934366202,0.0,0.0682065070309673,0.5885300334365616,0.0,278.73997043782487,85112.35653472504,1.0637296761373711,334.68642208532185,0.007173928318128004,3.772188732771616e-08,5.264581251301786,14.74106785664407
16.114921874999744,1447.8001581700123,5.066984796311151,5.068353037801193,9.813487682016,-1.3830982267800476,-0.0006923589676835012,0.01076766843772349,5.39119011478962,0.5189999999999962,0.8821403046041179,1.162488049285974,2.803477446818561,0.015143605672084276,0.0,0.06353614746977695,0.5914234365664218,0.0,278.7392989718949,85111.25769275604,1.0637185052959348,334.68601517696834,0.0072581306413134206,-5.382070537653555e-07,5.068353037801222,13.662508191917107
16.134921874999744,1447.8995352247316,4.870723465729573,4.872145903220443,9.812650343980941,-1.3854530561494072,-0.000696845124173318,0.011549794809438348,5.39119011478962,0.5189999999999962,0.8821403046041179,1.1620432395173854,2.7990293491326756,0.014557380292916462,0.0,0.05902394140484069,0.5944685754821251,0.0,278.7386530210392,85110.20060574915,1.0637077588851833,334.68562373074974,0.007341749663069175,-1.1135436367772145e-06,4.872145903220471,12.625044052205718
16.154921874999744,1447.9949872183433,4.674478587289249,4.675959768264161,9.811842494732739,-1.3878071252164808,-0.0007013335313358663,0.012408086938239747,5.39119011478962,0.5189999999999962,0.8821403046041179,1.1615566990025523,2.7941639439843446,0.013971215641455466,0.0,0.054670416739790756,0.5976801720785822,0.0,278.7380325830807,85109.1852701416,1.0636974368747991,334.68524774534694,0.007424583405167356,-1.6598374796879634e-06,4.675959768264189,11.62865935853777
16.174921874999743,1448.0865144739853,4.478249570133417,4.479794640795965,9.81106424223347,-1.3901604374261827,-0.0007058242774063861,0.013352793477219975,5.39119011478962,0.5189999999999962,0.8821403046041179,1.1610230735127123,2.7888276890859443,0.013385111822686315,0.0,0.050476134636575264,0.6010750847870496,0.0,278.73743765591905,85108.21168249614,1.0636875392355065,334.68488721948694,0.00750637753649168,-2.140350309907235e-06,4.4797946407959905,10.673338613807138
16.194921874999743,1448.1741173029561,4.282035821177172,4.2836506361244,9.810315701384747,-1.3925129975652903,-0.0007103174492791419,0.014396038152486098,5.39119011478962,0.5189999999999962,0.8821403046041179,1.1604360812371186,2.7829577663300076,0.012799069262600382,0.0,0.04644169243802209,0.6046727301698346,0.0,278.73686823753076,85107.27983950145,1.0636780659390772,334.6845421519437,0.007587108285748484,-2.638513225503512e-06,4.283650636124424,9.759066904173968
16.214921874999742,1448.2577960046694,4.085836744962581,4.0875280031498615,9.80959699466264,-1.394864811834035,-0.0007148131327219567,0.015552269303133987,5.39119011478962,0.5189999999999962,0.8821403046041179,1.1597883028914981,2.776479982873803,0.012213088786321472,0.0,0.042567727048170495,0.6084956117354218,0.0,278.73632432596963,85106.38973797264,1.063669016958334,334.6842125415376,0.0076665121976158815,-3.111608479308651e-06,4.087528003149885,8.885829900588577
16.234921874999742,1448.3375508666043,3.889651743500157,3.89142715843919,9.80890825283958,-1.3972158879201355,-0.0007193114126645256,0.01683884382277456,5.39119011478962,0.5189999999999962,0.8821403046041179,1.1590709129648382,2.7693060836072037,0.011627171719919165,0.0,0.03885491878400177,0.6125699899467393,0.0,278.73580591936707,85105.54137485172,1.0636603922671568,334.6838983871364,0.007744534766238373,-3.560533681153716e-06,3.8914271584392117,8.053613860446209
16.25492187499974,1448.4133821642536,3.693480216095018,3.6953487311727993,9.80824961581259,-1.399566235075198,-0.0007238123734264964,0.018276796870436485,5.39119011478962,0.5189999999999962,0.8821403046041179,1.1582733307948927,2.7613302619077484,0.011041320024708473,0.0,0.03530399580402344,0.616926740501336,0.0,278.7353130159323,85104.73474720826,1.063652191840489,334.68359968765503,0.00782093983551432,-3.9750642107076315e-06,3.69534873117282,7.262405629387744
16.27492187499974,1448.4852901610675,3.497321559155072,3.499293623225992,9.807621233562262,-1.401915864193571,-0.0007283160989736878,0.01989187152683102,5.39119011478962,0.5189999999999962,0.8821403046041179,1.1573827613822247,2.752424567781069,0.010455536476769231,0.0,0.031915739240360355,0.6216024671257162,0.0,278.73484561395304,85103.96985223991,1.063644415654342,334.68331644205557,0.007895559308639714,-4.3636626025668005e-06,3.4992936232260115,6.512192643256684
16.29492187499974,1448.5532751083938,3.3011751659787616,3.3032630906688625,9.807023267255662,-1.4042647878934882,-0.0007328226731699546,0.021715911745794916,5.39119011478962,0.5189999999999962,0.8821403046041179,1.1563835858775957,2.7424328127347786,0.009869824910462538,0.0,0.02869098911731588,0.6266409636620338,0.0,278.73440371179544,85103.24668727304,1.063637063685804,334.68304864934805,0.007968243909768124,-4.745381962054548e-06,3.3032630906688807,5.802962930231715
16.31492187499974,1448.617337245413,3.105040426518943,3.107258856135119,9.806455890533359,-1.4066130206005505,-0.0007373321800620874,0.02378878380492468,5.39119011478962,0.5189999999999962,0.8821403046041179,1.1552565376636643,2.7311623305954646,0.009284190554181117,0.0,0.025630651262742162,0.6320951635802036,0.0,278.7339873079048,85102.56524976347,1.0636301359130444,334.6827963085903,0.008038747807053019,-5.049175840155786e-06,3.107258856135137,5.134705113152403
16.33492187499974,1448.6774767990692,2.908916727119017,2.9112832665926143,9.80591929100317,-1.408960578633441,-0.0007418447041319772,0.026161070370402693,5.39119011478962,0.5189999999999962,0.8821403046041179,1.1539775736521174,2.7183726904799954,0.008698640501756384,0.0,0.022735705347743933,0.6380297823988471,0.0,278.73359640080605,85101.92553729714,1.0636236323153232,334.68255941888845,0.008106901121718238,-5.345386299571619e-06,2.9112832665926303,4.5074084120608555
16.35492187499974,1448.7336939839945,2.7128034502167964,2.7153395194246843,9.805413671984393,-1.4113074802917596,-0.000746360330579887,0.028897930177346997,5.39119011478962,0.5189999999999962,0.8821403046041179,1.1525162983908777,2.703759937867598,0.008113184387972863,0.0,0.02000721428259145,0.6445249657479237,0.0,278.733230989104,85101.327547591,1.0636175528729996,334.68233797939706,0.008172500303875396,-5.651922455296607e-06,2.715339519424701,3.9210626469869245
16.37492187499974,1448.7859890024286,2.5166999740107863,2.5194319939564105,9.804939254526941,-1.4136537459458658,-0.0007508791456258755,0.03208475245772171,5.39119011478962,0.5189999999999962,0.8821403046041179,1.1508337225610283,2.686934179569105,0.007527835379143656,0.0,0.017446335117400947,0.6516814313940023,0.0,278.7328910714842,85100.77127849379,1.063611897567539,334.68213198931943,0.008235306284241302,-5.924286666219801e-06,2.5194319939564256,3.375658241009157
16.39492187499974,1448.834362044129,2.320605672083109,2.3235667505508117,9.804496279732593,-1.4159993981284775,-0.0007554012368127423,0.03583566622056982,5.39119011478962,0.5189999999999962,0.8821403046041179,1.1488790012378383,2.667386966337204,0.006942611664371734,0.0,0.015054331584309334,0.6596278901580523,0.0,278.73257664671314,85100.25672798703,1.0636066663815238,334.6819414479082,0.00829507711083018,-6.162178299619724e-06,2.323566750550825,2.8711862236320402
16.414921874999738,1448.8788132862755,2.1245199129733083,2.1277523050316653,9.804085011335436,-1.4183444616277376,-0.0007599266932975692,0.040306731906024754,5.39119011478962,0.5189999999999962,0.8821403046041179,1.1465845712615252,2.644442666574074,0.006357538769465411,0.0,0.012832588080847149,0.6685320498465183,0.0,278.7322877136392,85099.78389418604,1.0636018592986645,334.68176635446537,0.008351585730566628,-6.400551498349731e-06,2.127752305031678,2.407638234528851
16.434921874999738,1448.9193428933643,1.9284420596991096,1.932000873299407,9.803705738385494,-1.4206889635812907,-0.0007644556061603548,0.045717125150149605,5.39119011478962,0.5189999999999962,0.8821403046041179,1.1438586919202833,2.617183873161655,0.0057726532757536725,0.0,0.010782624268908535,0.6786174530021335,0.0,278.7320242711931,85099.35277534106,1.0635974763038094,334.681606708343,0.008404592898328983,-6.626048686529997e-06,1.9320008732994185,1.9850065277129798
16.454921874999737,1448.9559510170923,1.7323714692260472,1.736330456135587,9.80335877755404,-1.423032933570673,-0.0007689880687097228,0.05238458867497148,5.39119011478962,0.5189999999999962,0.8821403046041179,1.1405736228912038,2.5843331828708593,0.005188009049318642,0.0,0.008906107723953803,0.690190209187345,0.0,278.73178631838886,85098.96336983846,1.0635935173829583,334.68146250894364,0.008453810826354715,-6.825245550809517e-06,1.7363304561355974,1.6032839762166018
16.474921874999737,1448.9886377962305,1.5363074919047108,1.54076850849431,9.803044473731168,-1.425376403714876,-0.000773524176786774,0.06078775126132597,5.39119011478962,0.5189999999999962,0.8821403046041179,1.1365461708305074,2.544058662263895,0.00460368820455014,0.0,0.0072048575615957094,0.70368334067753,0.0,278.7315738543245,85098.61567620211,1.0635899825232762,334.68133375572063,0.008498970842282712,-7.007930576277226e-06,1.5407685084943197,1.2624640773785498
16.494921874999736,1449.0174033564863,1.340249470939491,1.3453587985860982,9.802763195362935,-1.4277194087611549,-0.0007780640290621157,0.07168243675022393,5.39119011478962,0.5189999999999962,0.8821403046041179,1.131504236970759,2.4936393236664123,0.004019821598548337,0.0,0.005680820055155415,0.7197343609058346,0.0,278.73138687818283,85098.30969309487,1.0635868717131087,334.6812204481788,0.008539790558724803,-7.17966348012351e-06,1.3453587985861064,0.9625409588730526
16.514921874999736,1449.0422478103567,1.1441967420764825,1.15017522950187,9.802515314567522,-1.430061986169549,-0.0007826077273234833,0.08633551515767673,5.39119011478962,0.5189999999999962,0.8821403046041179,1.1250262414641707,2.428859368600529,0.00343663012904696,0.0,0.004335962950329045,0.7393301948147308,0.0,278.73122538923263,85098.04541932006,1.0635841849419962,334.68112258587496,0.008575972404036566,-7.337918449434908e-06,1.150175229501877,0.7035093856477438
16.534921874999736,1449.0631712569814,0.9481486340609786,0.9553525088954742,9.802301141736303,-1.4324041761840816,-0.0007871553767363919,0.10704209066740203,5.39119011478962,0.5189999999999962,0.8821403046041179,1.116424586975433,2.3428428237131516,0.002854516373006149,0.0,0.003171926210690046,0.7641013449124098,0.0,278.7310893868296,85097.82285382313,1.0635819222006915,334.6810401684187,0.00860722906377602,-7.48094504608207e-06,0.9553525088954798,0.48536476797388667
16.554921874999735,1449.0801737820257,0.7521044716030292,0.7611635512096312,9.802120709645653,-1.43474602187503,-0.0007917070860481458,0.13842373834044572,5.39119011478962,0.5189999999999962,0.8821403046041179,1.1045055252574105,2.2236522065329267,0.002274295858357844,0.0,0.002188866452888054,0.7969873199140951,0.0,278.73097887041683,85097.64199569286,1.0635800834811715,334.6809731954726,0.008633258574901789,-7.61527798537221e-06,0.7611635512096359,0.30810317079250027
16.574921874999735,1449.0932554576905,0.5560635872116569,0.5682537403154431,9.801972962921361,-1.4370875691122493,-0.0007962629676559231,0.19131910782484096,5.39119011478962,0.5189999999999962,0.8821403046041179,1.0870410133786697,2.049007087745518,0.0016978970222905837,0.0,0.0013811123279864445,0.8439785618115652,0.0,278.730893839525,85097.50284416122,1.0635786687766375,334.68092166675217,0.008653771097197989,-7.736122664309135e-06,0.5682537403154466,0.17172132419946923
16.594921874999734,1449.1024163432435,0.36002537199795864,0.3785779100497787,9.801851753894047,-1.439428866343335,-0.000800823137289432,0.29800228117061595,5.39119011478962,0.5189999999999962,0.8821403046041179,1.0596391295577114,1.774988249535936,0.0011311608351681586,0.0,0.000715678370969882,0.9196818068853587,0.0,278.7308342937689,85097.40539859778,1.0635776780814554,334.68088558202396,0.008668526872159002,-7.845433206218653e-06,0.37857791004978114,0.0762166326268644
16.614921874999734,1449.107656487394,0.16398936476164883,0.20147845953391838,9.801755221523912,-1.441769967526214,-0.0008053877198964977,0.6033790174015957,5.39119011478962,0.5189999999999962,0.8821403046041179,1.016355607705538,1.3421530310142016,0.000602001729526365,0.0,0.00017753648263837239,1.0684622972964966,0.0,278.73080023283194,85097.34965848441,1.0635771113909018,334.68086494109616,0.00867542500215513,-7.943803588354826e-06,0.20147845953391966,0.0215871957779727
16.634921874999733,1449.1089759268827,-0.03204531963414259,0.12135685924138015,9.801726334220675,-1.444110964744816,-0.0008099569135976868,1.8213182894704207,5.39119011478962,0.5189999999999962,0.8821403046041179,1.2641990028189998,3.820586982148819,0.0003626047194161971,0.0,-2.541800982600448e-06,1.2261253632513396,0.0,278.7307916564752,85097.3356234303,1.0635769687013144,334.680859743824,0.008675608588510526,-8.032470493025735e-06,0.12135685924138091,0.007831908141547744
16.654921874999733,1449.106374677786,-0.22807938660283433,0.2563595400041769,9.801665315132286,-1.4464519309265793,-0.0008145308776416237,2.650573105964246,5.39119011478962,0.5189999999999962,0.8821403046041179,1.3499196451065172,4.677793405023993,0.0007659820533265852,0.0,-0.00031861204473617626,1.0064002437272772,0.0,278.7308085645944,85097.36329326445,1.0635772500110319,334.6808699901442,0.008677178472085234,-8.11177730768037e-06,0.25635954000417854,0.03494926210579479
16.674921874999733,1449.099852764335,-0.42411155883647356,0.4399645986564342,9.801545447467293,-1.4487928028372612,-0.0008191095050463442,2.8552776681313627,5.39119011478962,0.5189999999999962,0.8821403046041179,1.3709620725529243,4.888217679488065,0.0013145793630155499,0.0,-0.0009347423506310723,0.8901110438655736,0.0,278.7308509570318,85097.4326677291,1.0635779553172804,334.6808956799613,0.008689698794695298,-8.182477018821152e-06,0.4399645986564372,0.10293777982219512
