time_s,altitude_m,vertical_speed_m_s,ground_speed_m_s,acceleration_m_s2,east_m,north_m,aoa_rad,mass_kg,motor_mass_kg,cg_m,cp_m,stability_cal,mach,thrust_N,drag_N,cd,wind_m_s,temperature_K,pressure_Pa,density_kg_m3,sound_speed_m_s,pitch_rate_rad_s,yaw_rate_rad_s,air_speed_m_s,q_Pa
0.0,0.0,0.0,0.0,0.0,0.0,0.0,0.0,6.136190114789624,1.264,0.9439213879763907,nan,nan,0.0,0.0,0.0,1.275721331769331,0.0,288.15,101325.0,1.2249994633486807,340.3889,0.0,0.0,0.0,0.0
0.004,0.0,0.0048541999172289334,0.0048541999172289334,7.28129985227647,0.0,0.0,0.0,6.13597564789434,1.2637855331047163,0.9439057615190233,nan,nan,1.4260746802345598e-05,104.84847822794296,1.44606201661877e-07,1.275721331781773,0.0,288.15,101325.0,1.2249994633486807,340.3889,0.0,0.0,0.004854199917228935,1.4432488489684124e-05
0.0078125,0.00011088061041670982,0.06366210948711198,0.06366210948711301,23.568930240042878,-1.4451527141734456e-11,-1.1584663517204062e-18,1.794337418495463e-07,6.135771234134773,1.2635811193451492,0.9438908665350545,nan,nan,0.0001870275721940374,204.7821840389511,2.4872168331411762e-05,1.275721333909382,0.0,288.149999279276,101324.99869955625,1.224999450690552,340.38889956324124,0.0,0.0,0.06366210948711304,0.002482378199775571
0.0118125,0.000581184339667333,0.17826602118226315,0.17826602118227322,33.73332930750964,-1.4143344610492743e-10,-2.6448994223785348e-17,3.3651559921015107e-07,6.1352147794875505,1.2630246646979268,0.94385031441682,nan,nan,0.0005237127955147809,267.12452244475503,0.00016364945868655188,1.0704876710010471,0.0,288.14999622230175,101324.99318368165,1.2249993970006852,340.3888977107149,0.0,0.0,0.17826602118227328,0.019464489682457637
0.015625,0.0015294555407915108,0.3253446763599317,0.32534467635996994,43.42295977353845,-5.379814458522823e-10,-1.4764445337937792e-16,4.849177627346855e-07,6.134684408651917,1.262494293862293,0.9438116563316443,nan,nan,0.0009558028540831637,326.5445637377869,0.00047211108178014255,0.9271736123075416,0.0,288.14999005853895,101324.98206204962,1.224999288746055,340.3888939754746,0.0,0.0,0.32534467635997005,0.06483257189909561
0.019625,0.003223818067914344,0.5332374448656139,0.5332374448657176,60.524246274431604,-1.4897783248824987e-09,-5.415244750446195e-16,6.237164001600948e-07,6.133785966252756,1.2615958514631318,0.9437461547033559,nan,nan,0.001566553623689803,431.39304196572994,0.0011425604476437365,0.8352995640638513,0.0,288.14997904518253,101324.96219001662,1.2249990953176353,340.38888730138063,0.0,0.0,0.5332374448657178,0.1741594521020636
0.0234375,0.005736145256850537,0.7950646692166319,0.7950646692168519,76.8284805340706,-3.2184910043173944e-09,-1.4344765225832483e-15,7.4401424722792e-07,6.132929638341055,1.2607395235514314,0.9436837056008994,nan,nan,0.002335753962577677,531.326747776738,0.0023528212663417834,0.7737282879785041,0.0,288.14996271505584,101324.93272462893,1.2249988085103458,340.38887740532385,0.0,0.0,0.7950646692168524,0.38717791820821923
0.0274375,0.00954093274251658,1.1098045312921383,1.1098045312925744,80.54166705918395,-6.326242021023974e-09,-3.349072912031848e-15,8.864625524125298e-07,6.131770357826008,1.2595802430363845,0.9435991353978588,nan,nan,0.0032604020102422145,553.996689015212,0.004320960394181108,0.7292759643418856,0.0,288.14993798393715,101324.8881008479,1.2249983741557182,340.38886241826594,0.0,0.0,1.1098045312925748,0.7543944835788472
0.03125,0.014365981222492075,1.42361803048667,1.4236180304874408,84.08200335221858,-1.0986990860710423e-08,-6.6903625439972005e-15,1.0407370382687457e-06,6.130665418585105,1.2584753037954808,0.9435184996531295,nan,nan,0.0041823287044771,575.6039767581328,0.006820415840462729,0.6995659969316183,0.0,288.14990662112206,101324.83151111518,1.2249978233279644,340.3888434124,0.0,0.0,1.4236180304874413,1.2413443760286065
0.035250000000000004,0.02074548686117897,1.7692294584451354,1.769229458446429,88.72400775372681,-1.8181804277155977e-08,-1.2615927445633944e-14,1.2093832364645044e-06,6.129401802823704,1.25721168803408,0.9434262484522843,nan,nan,0.005197672083848384,603.9414033062255,0.010175549117700135,0.6757632759703538,0.0,288.1498651543354,101324.75669020499,1.2249970950431268,340.38881828352726,0.0,0.0,1.76922945844643,1.917226340430116
0.0390625,0.028146204110409447,2.115926411224,2.115926411225082,93.15007150786457,-2.6338962309042204e-08,-1.9764434294836434e-14,1.0111950383975667e-06,6.128197419051118,1.2560073042614948,0.943338286115803,nan,nan,0.006216204759916196,630.9505129848765,0.01416107501043162,0.6575071187051311,0.0,288.14981704967323,101324.66989219398,1.224996250176433,340.388789132102,0.0,0.0,2.115926411225083,2.7422426596022884
0.043062500000000004,0.037369558191600864,2.499362976982342,2.499362976983258,98.56859295126162,-3.4897292047414646e-08,-2.726450705465545e-14,8.560065398422188e-07,6.126808214567254,1.2546180997776304,0.9432367824227863,nan,nan,0.007342672037234357,664.0108439576513,0.019277844322213633,0.641513104638497,0.0,288.1497570978717,101324.56171770736,1.2249951972369237,340.38875280131026,0.0,0.0,2.499362976983259,3.8261593645757923
0.046875,0.04762724958840571,2.8850040108180304,2.8850040108188235,103.73524430533293,-4.305445007930087e-08,-3.441301390385794e-14,7.414731564894326e-07,6.125484129043571,1.2532940142539473,0.9431399938617614,nan,nan,0.008475615981825639,695.5214719160772,0.025162619778337413,0.6284477217345935,0.0,288.14969042287765,101324.4414121774,1.224994026216794,340.3887123962638,0.0,0.0,2.8850040108188244,5.097964626604945
0.050875000000000004,0.05999351437727301,3.2972199546659207,3.2972199546666148,102.37260091925317,-5.1612779817673316e-08,-4.1913086663676954e-14,6.488424854599721e-07,6.124044689070722,1.2518545742810976,0.9430347255909032,nan,nan,0.009686632683257068,687.0202439516494,0.03225997224935846,0.6168432183311857,0.0,288.14961004215655,101324.29637661515,1.2249926144807775,340.3886636855469,0.0,0.0,3.2972199546666165,6.6588512541143325
0.0546875,0.0733050187338335,3.6850385902603033,3.6850385902609246,101.07312655430601,-5.976993784955954e-08,-4.906159351287945e-14,5.803806213781452e-07,6.122672722846599,1.2504826080569753,0.9429343456990016,nan,nan,0.010825974984039215,678.9175110480542,0.03968909242497794,0.607567130278304,0.0,288.1495235173782,101324.14025497684,1.2249910948350853,340.3886112515312,0.0,0.0,3.685038590260926,8.317389050788355
0.058687500000000004,0.08885011929255034,4.086601863222041,4.086601863222602,99.70838778852209,-6.832826758793198e-08,-5.6561666272698465e-14,5.236650523783498e-07,6.121268061289201,1.2490779464995772,0.9428315270356976,nan,nan,0.012005697203945115,670.4162830836264,0.04814116600311321,0.599238570637282,0.0,288.1494224742246,101323.9579369982,1.2249893202001645,340.3885500193801,0.0,0.0,4.0866018632226035,10.22885362994329
0.0625,0.1051517750063773,4.464259419319766,4.464259419320278,98.40694137001,-7.64854256198182e-08,-6.371017312190096e-14,4.796229880878697e-07,6.119929243242305,1.247739128452682,0.942733484065623,nan,nan,0.013115189277728498,662.3135501800311,0.05678866978352556,0.5923403536438623,0.0,288.14931651346245,101323.76674589544,1.2249874591952665,340.38848580715825,0.0,0.0,4.464259419320281,12.20676248314401
0.0665,0.12379818809113782,4.859477130597146,4.859477130597616,99.20195273219305,-8.504375535819065e-08,-7.121024588171998e-14,4.402782530395471e-07,6.118532310221674,1.2463421954320508,0.9426311395381445,nan,nan,0.014276270737070024,667.0364546047133,0.06655724804373805,0.5859026980408724,0.0,288.14919531177736,101323.54805471814,1.224985330510056,340.3884123589371,0.0,0.0,4.859477130597618,14.46371905799873
0.0703125,0.14304773864233356,5.239129368377877,5.239129368378314,99.9599115992243,-9.320091339007687e-08,-7.835875273092247e-14,4.0835707205667546e-07,6.1172008584363855,1.2450107436467617,0.9425335489025668,nan,nan,0.015391624230462617,671.5379728844883,0.07662835624290641,0.5803383492297337,0.0,288.1490701896988,101323.3222897491,1.224983132968447,340.3883365349575,0.0,0.0,5.2391293683783156,16.811960392735124
0.0743125,0.16480235023075365,5.63778006784495,5.637780067845356,99.3653746856894,-1.0175924312844932e-07,-8.585882549074149e-14,3.7932163659804856e-07,6.115801993281563,1.2436118784919388,0.9424309713351052,nan,nan,0.016562792792859153,667.7596493447427,0.0879232539075975,0.5750404277893069,0.0,288.14892878472347,101323.06714461216,1.2249806494450923,340.38825084354244,0.0,0.0,5.637780067845358,19.467737982727723
0.078125,0.18701715894656165,6.01552978318595,6.01552978318633,98.79835316735642,-1.0991640116033554e-07,-9.300733233994398e-14,3.5544813996185736e-07,6.114468699930872,1.2422785851412481,0.9423331584044002,nan,nan,0.017672558658240047,664.1584347209225,0.0993021071370814,0.5704564388159663,0.0,288.1487843884668,101322.80660213411,1.2249781133827604,340.3881633394109,0.0,0.0,6.0155297831863335,22.16389562448003
0.082125,0.21186684075175535,6.408604986061158,6.408604986061515,97.7391532198034,-1.1847473089870799e-07,-1.00507405099763e-13,3.3386582884800705e-07,6.113091088252158,1.2409009734625345,0.9422320493792098,nan,nan,0.018827349241714936,657.5463685263676,0.11183703919110462,0.5660717020488465,0.0,288.1486228655351,101322.51515701032,1.22497527651796,340.38806545651425,0.0,0.0,6.408604986061518,25.155000744368774
0.0859375,0.2370075275610271,6.779310207289383,6.77931020728972,96.72907379699782,-1.266318889305942e-07,-1.0765591194896549e-13,3.153981341200592e-07,6.111778052120884,1.2395879373312602,0.9421356374138704,nan,nan,0.019916421483532887,651.2442429346823,0.12430410033950653,0.562248427467951,0.0,288.14845945107083,101322.22029888551,1.224972406428498,340.38796642734894,0.0,0.0,6.779310207289724,28.14928213095765
0.0899375,0.26490236892808033,7.169052545398927,7.1690525453992455,98.14217762482222,-1.3519021866896664e-07,-1.151559847087845e-13,2.983955203667411e-07,6.110396576173787,1.2382064613841628,0.9420341554048565,nan,nan,0.021061422748949506,659.7454708991102,0.1380837143153481,0.5585137518650826,0.0,288.1482781346019,101321.89313914323,1.2249692219178023,340.38785654956877,0.0,0.0,7.169052545399249,31.478839144595398
0.09375,0.2929509013543133,7.545787789171935,7.545787789172238,99.48949989800245,-1.4334737670085286e-07,-1.22304491557987e-13,2.835139273172693e-07,6.109079856911709,1.2368897421220857,0.9419373876445,nan,nan,0.022168212212023287,667.8482038027054,0.1520554915448417,0.555148291287785,0.0,288.1480958191412,101321.56417686238,1.224966019857498,340.3877460663996,0.0,0.0,7.545787789172241,34.874117036327874
0.09775,0.3239287912239348,7.942862773077813,7.942862773078102,99.04794115222701,-1.5190570643922528e-07,-1.29804564317806e-13,2.6945980370082225e-07,6.107686788159462,1.235496673369838,0.9418349634183119,nan,nan,0.023334757823157255,665.0144611478961,0.16747235886036968,0.5518313189377774,0.0,288.14789446285704,101321.20085812782,1.2249624833728783,340.38762404449136,0.0,0.0,7.942862773078105,38.640871337530214
0.1015625,0.35492977412996457,8.31968032932437,8.319680329324646,98.6267964868202,-1.600628644711115e-07,-1.369530711670085e-13,2.5723392518806633e-07,6.106359019504976,1.2341689047153517,0.9417372968293742,nan,nan,0.024441791435092074,662.3135501800311,0.1827556140165694,0.5488782591935844,0.0,288.1476929564681,101320.83726855065,1.2249589442469735,340.3875019316197,0.0,0.0,8.31968032932465,42.394041099380885
0.1055625,0.3889955051251413,8.712683922912817,8.71268392291308,97.87492856548228,-1.6862119420948393e-07,-1.444531439268275e-13,2.45756246186356e-07,6.104981407826262,1.2327912930366378,0.9416359190355115,nan,nan,0.025596378563015623,657.590645755349,0.1993700701710996,0.5459790814885592,0.0,288.14747152921666,101320.43773461437,1.2249550552384099,340.3873677467053,0.0,0.0,8.712683922913083,46.49369655083218
0.109375,0.4229221894969129,9.084465384275552,9.084465384275804,97.15790443303409,-1.7677835224137014e-07,-1.5160165077602999e-13,2.3560804576936265e-07,6.1036683716949875,1.2314782569053637,0.9415392507307361,nan,nan,0.026688619530759256,653.0891274755738,0.21571915666867397,0.5433895699607798,0.0,288.1472510057682,101320.03983146197,1.2249511820977323,340.3872341094956,0.0,0.0,9.084465384275807,50.546086272348596
0.113375,0.4600390217914969,9.474377670084667,9.474377670084909,97.79826514933013,-1.8533668197974257e-07,-1.59101723535849e-13,2.2598729860936304e-07,6.102292692150465,1.2301025773608416,0.9414379258697325,nan,nan,0.02783412769374249,656.8674510153194,0.23352320184619282,0.5408184345673557,0.0,288.1470097463583,101319.60451322058,1.2249469447563586,340.3870879062931,0.0,0.0,9.474377670084912,54.97796602318999
0.1171875,0.4968723220354068,9.848397259447342,9.848397259447575,98.40875654116884,-1.9349384001162878e-07,-1.6625023038505148e-13,2.1747528790423948e-07,6.100981497584593,1.228791382794969,0.9413413080798154,nan,nan,0.028932946657292086,660.4686656391395,0.25123221846098115,0.5384787165289814,0.0,288.14677032990676,101319.17252033498,1.224942739776629,340.3869428199235,0.0,0.0,9.848397259447578,59.40416689406771
0.1211875,0.5370540642037287,10.242694598929207,10.24269459892943,98.73991798822897,-2.020521697500012e-07,-1.737503031448705e-13,2.0914776396182516e-07,6.09959422523492,1.2274041104452964,0.9412390391342009,nan,nan,0.03009134039281181,662.3578274090124,0.27056790651603085,0.5361345391736573,0.0,288.14650914858265,101318.70125583703,1.2249381525226029,340.3867845440411,0.0,0.0,10.242694598929434,64.25584120046369
0.125,0.5768227021190699,10.619742262593004,10.619742262593219,99.05558194979807,-2.1020932778188743e-07,-1.8089880999407298e-13,2.0102765505361653e-07,6.098271981276639,1.2260818664870148,0.9411415207363659,nan,nan,0.031199058342143163,664.1584347209225,0.28969571812444395,0.5340005263313721,0.0,288.1462506524362,101318.23483635967,1.224933612421463,340.38662789537636,0.0,0.0,10.619742262593222,69.07334844599961
0.129,0.6200921071272272,11.014457995850005,11.014457995850213,98.30221363036434,-2.1876765752025986e-07,-1.88398882753892e-13,1.9428737179048833e-07,6.096890505329542,1.2247003905399176,0.9410395886665417,nan,nan,0.032358684532082155,659.4355302962404,0.3103861890856324,0.5318699333360295,0.0,288.14596940130366,101317.727358751,1.2249286726535136,340.38645745719003,0.0,0.0,11.014457995850215,74.303122871516
0.1328125,0.6627974070219549,11.387865761261521,11.387865761261722,97.58376308835231,-2.2692481555214607e-07,-1.9554738960309448e-13,1.8789649326977893e-07,6.095573786067464,1.2233836712778403,0.9409423916574382,nan,nan,0.03345571229280166,654.9340120164652,0.33058542818563225,0.5299441111805621,0.0,288.1456918168543,101317.22649714995,1.2249237972760778,340.38628924101374,0.0,0.0,11.387865761261725,79.42619442290354
0.1368125,0.7091320753690997,11.7801022595107,11.780102259510896,98.53453403010774,-2.354831452905185e-07,-2.030474623629135e-13,1.818918528517145e-07,6.094190377986175,1.2220002631965512,0.940840226596321,nan,nan,0.03460805839792445,660.6014973260837,0.3524566209995411,0.5280079604764665,0.0,288.14539064151006,101316.68306913918,1.2249185075473832,340.38610672875507,0.0,0.0,11.7801022595109,84.99146627547847
0.140625,0.7547620179801672,12.157492671720606,12.157492671720794,99.44080025210016,-2.4364030332240474e-07,-2.1019596921211598e-13,1.7631291696726156e-07,6.092871817158697,1.2206817023690726,0.9407428073396669,nan,nan,0.03571678999523341,666.003319261814,0.3753693337358931,0.5279654719152148,0.0,288.1450940468831,101316.14790638027,1.2249132982618498,340.3859269924112,0.0,0.0,12.157492671720803,90.52392722947398
0.144625,0.8041896386867743,12.556848619556094,12.556848619556277,100.23720736342875,-2.5219863306077717e-07,-2.17696041971935e-13,1.698993779866605e-07,6.091467155601299,1.2192770408116744,0.9406389803053389,nan,nan,0.03689005568717389,670.7262236864962,0.40044198126453534,0.527977055526049,0.0,288.1447727673485,101315.56820322157,1.2249076554070295,340.3857322970132,0.0,0.0,12.556848619556282,96.56831875202538
0.1484375,0.8527929450056562,12.940450257329012,12.94045025732919,100.99646884933556,-2.603557910926634e-07,-2.2484454882113748e-13,1.659323085197815e-07,6.090128337554403,1.2179382227647793,0.9405399755837033,nan,nan,0.038017038635273205,675.2277419662713,0.4252893766456129,0.5279885347187359,0.0,288.14445684585746,101314.99816788922,1.2249021066469652,340.3855408485896,0.0,0.0,12.940450257329196,102.5581460001339
0.1524375,0.9053594647879496,13.341996277408999,13.341996277409171,99.77643439962372,-2.6891412083103584e-07,-2.3234462158095647e-13,1.5979715130870968e-07,6.08872947239958,1.2165393576099564,0.9404364839054061,nan,nan,0.0391967424944255,667.6710948867799,0.45210098146196925,0.5280009209715193,0.0,288.14411516347883,101314.38165070461,1.2248961054159084,340.38533378906817,0.0,0.0,13.341996277409176,109.02118252969063
0.15625,0.9569481405126887,13.720176308529435,13.720176308529602,98.61299377950662,-2.770712788629221e-07,-2.39493128430159e-13,1.5628469708117136e-07,6.0873961790488895,1.2152060642592657,0.9403377991274807,nan,nan,0.040307801592565785,660.4686656391395,0.47810247902752523,0.5280129326119403,0.0,288.14377983708664,101313.7766019921,1.2248902158061028,340.3851305812745,0.0,0.0,13.72017630852961,115.28865017042975
0.16025,1.0126235981733012,14.119014771110036,14.119014771110198,100.8063679486112,-2.856296086012945e-07,-2.46993201189978e-13,1.5123026915032014e-07,6.085985721088916,1.2137956062992923,0.9402333558840014,nan,nan,0.04147955536042107,673.6927980282495,0.5063127466417834,0.528025964185656,0.0,288.14341794661186,101313.12362217621,1.224883859614357,340.3849112756468,0.0,0.0,14.119014771110205,122.08820299620328
0.1640625,1.067190025905504,14.507325334519281,14.50732533451944,102.89765143567895,-2.9378676663318075e-07,-2.541417080391805e-13,1.4751396978812924e-07,6.084641378345816,1.2124512635561926,0.9401337633477829,nan,nan,0.042620380676847355,686.2970492116199,0.5345561105791345,0.5280390105744289,0.0,288.1430632648316,101312.48364942285,1.2248776300195834,340.38469633848797,0.0,0.0,14.507325334519447,128.89539697618412
0.1680625,1.1260483636688297,14.923307484669444,14.923307484669596,105.09355790338572,-3.023450963715532e-07,-2.616417807989995e-13,1.429269171748377e-07,6.0831768206284735,1.2109867058388502,0.9400252148630277,nan,nan,0.04384250470064297,699.5211816007298,0.5656635666840761,0.5280533794152505,0.0,288.14268068563615,101311.79333975732,1.2248709104202486,340.38446449549554,0.0,0.0,14.923307484669603,136.3925031434332
0.171875,1.1837123207452218,15.32796759449227,15.327967594492419,107.18727613687265,-3.105022544034394e-07,-2.68790287648202e-13,1.3978528260658483e-07,6.081780914054132,1.2095907992645083,0.9399217059276794,nan,nan,0.04503136723810344,712.1254327841002,0.5967695593097171,0.5280677469996907,0.0,288.1423058699151,101311.11703817568,1.2248643271608357,340.38423735716856,0.0,0.0,15.327967594492426,143.88884879341074
0.175875,1.2458755364266465,15.752101829678995,15.752101829679141,104.87965152000767,-3.1906058414181184e-07,-2.7629036040802104e-13,1.3575603930867175e-07,6.080318288470981,1.2081281736813576,0.939813198671708,nan,nan,0.0462774459931518,697.9567195100539,0.6302672544198554,0.5280832186820538,0.0,288.1419018090132,101310.38796783058,1.2248572302201863,340.38399249626195,0.0,0.0,15.75210182967915,151.9611234914134
0.1796875,1.3066873155370389,16.147761100563663,16.147761100563805,102.67913904560294,-3.272177421736981e-07,-2.8343886725722354e-13,1.3244441773467654e-07,6.078924223462041,1.2067341086724173,0.9397097290923703,nan,nan,0.04743987032343692,684.4521646707285,0.6623416639367068,0.5280980324399339,0.0,288.141506532449,101309.6747475717,1.2248502875487102,340.3837529586641,0.0,0.0,16.147761100563812,159.68997171858825
0.1836875,1.3720981909125347,16.557275987474675,16.557275987474814,102.07823968380401,-3.357760719120705e-07,-2.9093894001704256e-13,1.2904784139758934e-07,6.077498308428534,1.2053081936389098,0.9396038464496931,nan,nan,0.04864300477503385,680.6738411309827,0.6963787319445918,0.5281137520665886,0.0,288.14108136175906,101308.90758762091,1.2248428197929824,340.383495305226,0.0,0.0,16.55727598747482,167.8912802695648
0.1875,1.4359632790745438,16.945356927636112,16.945356927636247,101.5051458735909,-3.4393322994395675e-07,-2.9808744686624507e-13,1.264405455326822e-07,6.0761392331622215,1.203949118372598,0.9395028807996221,nan,nan,0.049783170115588395,677.0726265071627,0.7294224550543043,0.5281290123255646,0.0,288.140666238686,101308.15855716365,1.2248355284936985,340.3832437406437,0.0,0.0,16.945356927636254,175.85277326523408
0.1915,1.504559289939879,17.353284044393423,17.353284044393554,102.45845512665713,-3.524915596823292e-07,-3.055875196260641e-13,1.2287812309317777e-07,6.074709453860331,1.2025193390707072,0.9393966137854053,nan,nan,0.05098164536219234,682.7401118167813,0.7649829663189043,0.5281454342062987,0.0,288.14022036461535,101307.3540409113,1.2248276970547416,340.38297354095687,0.0,0.0,17.35328404439356,184.42014276420485
0.1953125,1.5714655117801086,17.74563934241502,17.74563934241515,103.36731315616416,-3.606487177142154e-07,-3.127360264752666e-13,1.2197126108217918e-07,6.073346695463217,1.2011565806735924,0.939295281466078,nan,nan,0.05213437351901148,688.1419337525115,0.7999858368564691,0.5281615978554534,0.0,288.1397854741734,101306.56934305243,1.2248200585115203,340.3827099973491,0.0,0.0,17.74563934241516,192.85264336698629
0.1993125,1.6432725735181446,18.15728290618562,18.15728290618575,102.45438275287962,-3.6920704745258785e-07,-3.202360992350856e-13,1.1827430029502178e-07,6.071916916161325,1.1997268013717015,0.9391889166942862,nan,nan,0.053343772938723936,682.4744484428929,0.8375525669903614,0.5281789446854094,0.0,288.1393187282721,101305.72716655451,1.2248118604240186,340.3824271493329,0.0,0.0,18.157282906185756,201.9022264739439
0.203125,1.7132397010196088,18.546230775371857,18.54623077537198,101.58376612019391,-3.773642054844741e-07,-3.273846060842881e-13,1.1542389828584848e-07,6.07055415776421,1.1983640429745868,0.9390874911354852,nan,nan,0.054486496107338,677.0726265071627,0.8738414019701798,0.5281957007151968,0.0,288.1388639419433,101304.90656940178,1.2248038723730652,340.38215154881766,0.0,0.0,18.54623077537199,210.6434087419836
0.207125,1.7882377617972713,18.952916488952482,18.952916488952603,101.75907959066394,-3.859225352228465e-07,-3.3488467884410713e-13,1.1250129990683128e-07,6.069134039133278,1.1969439243436546,0.9389817479818076,nan,nan,0.05568133596883892,678.0172073920992,0.9126096945199389,0.5282136008152843,0.0,288.1383764545483,101304.02696783269,1.224795309919361,340.3818561314563,0.0,0.0,18.95291648895261,219.9812254318783
0.2109375,1.8612357026491724,19.341191404282796,19.341191404282913,101.92611172782087,-3.9407969325473276e-07,-3.4203318569330964e-13,1.1050996910178164e-07,6.067780488563171,1.1955903737735474,0.9388809154675345,nan,nan,0.05682208788289033,678.9175110480542,0.9504096104596211,0.5282310529871502,0.0,288.13790196793275,101303.17082431848,1.224786975789527,340.38156859256725,0.0,0.0,19.34119140428292,229.08518779618532
0.2149375,1.9394171750631968,19.749869287971663,19.74986928797178,102.41283983141003,-4.026380229931052e-07,-3.4953325845312865e-13,1.0848209096909347e-07,6.066352641395472,1.1941625266058482,0.9387744994722118,nan,nan,0.05802278671594303,681.7512537028634,0.9910260639449218,0.5282498046532917,0.0,288.1373937883621,101302.25388666574,1.2247780498286542,340.3812606357474,0.0,0.0,19.749869287971787,238.86683219995345
0.21875,2.0154589689739573,20.14120265632056,20.141202656320672,102.87680456880334,-4.1079518102499143e-07,-3.5668176530233116e-13,1.0641557616804321e-07,6.064991724563759,1.192801609774135,0.9386730250888412,nan,nan,0.059172530069865004,684.4521646707285,1.0307169296930279,0.5282681280920163,0.0,288.13689951670165,101301.36204385612,1.224769368124184,340.3809611071212,0.0,0.0,20.14120265632068,248.4248972303005
0.22275,2.0968439382776447,20.550567961074556,20.55056796107467,101.80575314859786,-4.1935351076336386e-07,-3.641818380621502e-13,1.0536712127723512e-07,6.063571605932827,1.1913814911432028,0.9385670878613965,nan,nan,0.060375254976227546,677.8400984761736,1.073072458555354,0.528287680729527,0.0,288.13637051440116,101300.4075345534,1.2247600763554776,340.3806405317271,0.0,0.0,20.550567961074677,258.62391617990676
0.2265625,2.175930385898999,20.93675556331382,20.93675556331393,100.78437903689814,-4.275106687952501e-07,-3.713303449113527e-13,1.0215721428991925e-07,6.062218055362719,1.1900279405730956,0.9384660702436587,nan,nan,0.0615098869673104,671.5379728844883,1.1138133369923047,0.5283064871013793,0.0,288.1358564524916,101299.47998305806,1.2247510469776253,340.38032901020995,0.0,0.0,20.936755563313938,268.4334227831935
0.2305625,2.260480823166025,21.337747973522347,21.337747973522454,99.71173428426239,-4.3606899853362253e-07,-3.788304176711717e-13,9.996002811937589e-08,6.060824986610472,1.188634871820848,0.9383620562062516,nan,nan,0.06268801993772719,664.9259066899333,1.1569211079785529,0.52832638510687,0.0,288.1353068746494,101298.4883481209,1.224741393735043,340.37999596603754,0.0,0.0,21.33774797352246,278.81206510611725
0.234375,2.342553172489453,21.715949259426427,21.715949259426534,98.68885751028276,-4.4422615656550877e-07,-3.859789245203742e-13,9.884312124119404e-08,6.059497217955985,1.1873071031663616,0.9382628733117006,nan,nan,0.06379919543446848,658.6237810982482,1.1983304834154829,0.5283454982447712,0.0,288.1347734043788,101297.52577700245,1.2247320233840326,340.3796726830535,0.0,0.0,21.715949259426544,288.78106546091766
0.238375,2.4302069428075885,22.1110514938637,22.111051493863805,98.862249113759,-4.527844863038812e-07,-3.934789972801932e-13,9.65705618025044e-08,6.058115742008888,1.1859256272192642,0.9381596323903459,nan,nan,0.06496003051006384,659.5683619831846,1.2423699017380265,0.5283658243116566,0.0,288.1342036548717,101296.49774516925,1.2247220157536083,340.37932741485224,0.0,0.0,22.111051493863812,299.38243832144565
0.2421875,2.51522421599086,22.48827875509137,22.48827875509147,99.02745197414241,-4.6094164433576744e-07,-4.0062750412939573e-13,9.541398640621977e-08,6.0567990227468105,1.184608907957187,0.9380611870510771,nan,nan,0.06606835101020411,660.4686656391395,1.2851604487544022,0.5283855729432202,0.0,288.13365104259606,101295.50063502912,1.2247123091002514,340.3789925318132,0.0,0.0,22.48827875509148,309.68239643049014
0.2461875,2.6059687648635226,22.883799199751238,22.883799199751337,98.73273002174133,-4.6949997407413987e-07,-4.0812757688921475e-13,9.305772182939053e-08,6.0554194789339055,1.1832293641442815,0.9379579986692974,nan,nan,0.06723042177358009,658.5795038692668,1.330806201315056,0.5284066382029141,0.0,288.1330612030284,101294.43635354307,1.2247019485071693,340.37863508903524,0.0,0.0,22.883799199751348,320.66877275721896
0.25,2.693930116221836,23.25968189229594,23.259681892296037,98.45159680489314,-4.776571321060261e-07,-4.1527608373841725e-13,9.064022496787044e-08,6.0541046012372295,1.1819144864476059,0.9378596034709249,nan,nan,0.06833479887137088,656.7788965573568,1.3749258371182222,0.5284269981020806,0.0,288.13248945424453,101293.40471429973,1.2246919056400916,340.3782886092722,0.0,0.0,23.259681892296047,331.28699956369206
0.254,2.7877560853614747,23.653209846047144,23.65320984604724,98.31234988006051,-4.862154618443985e-07,-4.2277615649823627e-13,9.064022496787044e-08,6.052730853826899,1.1805407390372755,0.9377567572579869,nan,nan,0.0694910231355146,655.8343156724203,1.421889714160652,0.5284486693787932,0.0,288.1318795854451,101292.30429291789,1.2246811931443622,340.37791902877973,0.0,0.0,23.653209846047247,342.5888486860137
0.2578125,2.8786481187537665,24.02777241100807,24.027772411008165,98.17946012940756,-4.943726198762848e-07,-4.299246633474388e-13,8.940696716308596e-08,6.051421500826429,1.1792313860368044,0.9376586884984821,nan,nan,0.07059152883068862,654.9340120164652,1.4673249811474247,0.5284696341474717,0.0,288.1312887872281,101291.2382816856,1.2246708155848667,340.3775610050602,0.0,0.0,24.027772411008183,353.52195665667716
0.2618125,2.97554593724891,24.421460137486836,24.42146013748693,98.6644118119988,-5.029309496146572e-07,-4.374247361072578e-13,8.688795409866128e-08,6.050043889147714,1.1778537743580906,0.9375554614316027,nan,nan,0.07174822996638335,657.7677546712744,1.5158527700431266,0.5284920246099282,0.0,288.13065895140784,101290.10183265871,1.2246597522705276,340.37717932455314,0.0,0.0,24.421460137486942,365.1982624032278
0.265625,3.0693709251672208,24.798499386831914,24.798499386832006,99.12667748129572,-5.110881076465434e-07,-4.445732429564603e-13,8.688795409866128e-08,6.0487308530164405,1.1765407382268165,0.9374570293675651,1.1688433753866123,2.3138634601904715,0.07285601920176979,660.4686656391395,1.5630708878171313,0.5285138095238853,0.0,288.13004908898637,101289.00142278495,1.2246490397507157,340.37680974792573,0.0,0.0,24.79849938683202,376.5584985160118
0.27134375,3.212804745230827,25.363531917879868,25.363531917885528,98.48022628098202,-5.654842284803589e-07,-4.671756958370272e-13,6.680641106206271e-07,6.046761298819529,1.1745711840299053,0.937309301118153,1.1688477150038208,2.3153841388566776,0.07451616353430393,656.4172991873419,1.635192411640757,0.5285470817210505,0.0,288.129116769156,101287.31918444598,1.224632663027442,340.3762447621085,0.0,0.0,25.36353191788554,393.9084546570586
0.2734375,3.2661253254312816,25.569476972403535,25.56947697241339,98.24339450553283,-6.067154635666949e-07,-4.870905814223079e-13,8.780312456283992e-07,6.046040205206452,1.1738500904168285,0.9372551907493543,1.16884932423744,2.3159413348808577,0.07512126108561118,654.9340120164652,1.6618853196185135,0.5285593953986566,0.0,288.12877018538467,101286.69382339634,1.2246265750611434,340.3760347323431,0.0,0.0,25.569476972413405,400.3292962261148
0.276578125,3.3469135944252644,25.877657020695636,25.877657020713965,98.0105423792931,-6.903063164144067e-07,-5.367801220691173e-13,1.1902287928889415e-06,6.044966149923019,1.1727760351333958,0.9371745704451838,1.1688517598253152,2.3167718938013135,0.07602674270141438,653.4507248455884,1.702234110549052,0.5285780079365777,0.0,288.1282450616362,101285.74631238828,1.2246173508976943,340.37571650735157,0.0,0.0,25.87765702071398,410.03442280496915
0.28125,3.468879122013024,26.33474038700678,26.334740387042565,97.66388857305954,-8.635751954478271e-07,-6.71259395707466e-13,1.648583017103779e-06,6.043368425894431,1.1711783111048069,0.9370545897088651,1.1688554329651009,2.3180084325623573,0.07736973080043769,651.2442429346823,1.7629725351593655,0.5286060243907732,0.0,288.1274522857069,101284.3158611429,1.224603425174052,340.3752360851384,0.0,0.0,26.33474038704258,424.64259664304313
0.2890625,3.6776124818080427,27.102629949934812,27.10262995001284,98.91590540157176,-1.2867773453779283e-06,-1.1290377392051348e-12,2.3995959440953128e-06,6.040689099183222,1.1684989843935987,0.9368532437956336,1.1688617710549825,2.3200852725934884,0.07962593204557054,658.6237810982482,1.8674176451703297,0.5286541963743207,0.0,288.1260955188682,101281.86776863366,1.2245795923351626,340.37441388443415,0.0,0.0,27.102629950012858,449.75903124082555
0.296875,3.8923583325768205,27.870756103268487,27.870756103405263,97.7241669932584,-1.8814685021714147e-06,-1.9965138470061152e-12,3.1328960518199748e-06,6.038009772472014,1.1658196576823905,0.93665171919058,1.168868317406385,2.3221659821580496,0.08188284497861492,651.2442429346823,1.974913669037142,0.5287037692769677,0.0,288.12469967083825,101279.34915968121,1.224555072765489,340.373568000528,0.0,0.0,27.870756103405277,475.60436046116376
0.3046875,4.113078109060753,28.633146713083015,28.633146713295048,97.44771568540341,-2.6528213210380627e-06,-3.4139347970320583e-12,3.848396172941781e-06,6.035349314258772,1.1631591994691486,0.9364514367292989,1.1688750158203687,2.324235790910698,0.08412292417194848,649.3993583937909,2.084593474876328,0.528754342944719,0.0,288.12326499229107,101276.7604865914,1.2245298708485,340.3726985853284,0.0,0.0,28.63314671329506,501.96974869765904
0.3125,4.339761171019721,29.399347347537116,29.39934734783949,98.69970930326332,-3.603742189500578e-06,-5.52264130102199e-12,4.535439581814553e-06,6.0326775349467505,1.160487420157127,0.9362501242207781,1.1688819610696755,2.326318368488973,0.08637421448301362,656.7788965573568,2.1978208569305764,0.5288065454198428,0.0,288.12179155238834,101274.1018741564,1.2245039877787391,340.37180568074734,0.0,0.0,29.399347347839505,529.1826379489164
0.3203125,4.5724497196526155,30.168161945837806,30.16816194624661,98.11667772846306,-4.7377196564061656e-06,-8.466110467437539e-12,5.205946244323968e-06,6.029998208235543,1.1578080934459187,0.9360480638806226,1.1688891371186303,2.3284107323800773,0.08863320251680372,653.0891274755738,2.314458218775272,0.52886031264532,0.0,288.1202790768222,101271.37282742688,1.2244774187166287,340.37088912055424,0.0,0.0,30.168161946246627,557.2094667541855
0.328125,4.811133054715172,30.934808343668145,30.934808344199606,98.14472083085857,-6.059173768471194e-06,-1.2391696952745643e-11,5.861746356216501e-06,6.027326428923521,1.155136314133897,0.9358463938391504,1.1688964960097434,2.3305010217059308,0.0908858388935678,653.0891274755738,2.4337838159895813,0.5289153115097774,0.0,288.11872763514435,101268.57347189877,1.2244501648623711,340.36994894689747,0.0,0.0,30.93480834419962,585.8763641991092
0.3359375,5.055812895462886,31.70406432240452,31.704064323074874,98.78479940030134,-7.572488285937692e-06,-1.7449909858252548e-11,6.502935718851626e-06,6.024647102212313,1.1524569874226889,0.9356439744784806,1.168904086185054,2.3326011170657335,0.0931461610957975,656.7788965573568,2.5565457080832306,0.5289718860196133,0.0,288.11713721617946,101265.70378740807,1.2244222259975313,340.36898515300476,0.0,0.0,31.70406432307489,615.3625888402318
0.34375,5.306500270310705,32.46994468161711,32.46994468244283,97.28032120604652,-9.28202918120986e-06,-2.379436102407139e-11,7.131665235127315e-06,6.0219790965998845,1.1497889818102605,0.9354422314281884,1.168911844147653,2.334696127194645,0.0953965851733725,647.5544738528995,2.6817852748375555,0.5290295940713399,0.0,288.115507748243,101262.76364460998,1.2243936008401208,340.36799769543524,0.0,0.0,32.46994468244284,645.4374384537299
0.3515625,5.563134503209286,33.22765452974578,33.227654530743585,96.69325461306181,-1.1192113164020744e-05,-3.1581712160297627e-11,7.749764305127478e-06,6.019337506884609,1.1471473920949848,0.9352423096403177,1.1689197135500633,2.3367740390974556,0.09762302402430227,643.8647047711166,2.8086515507108887,0.5290880434125514,0.0,288.1138396257291,101259.75375513287,1.224364296295373,340.36698681319183,0.0,0.0,33.2276545307436,675.8962452611595
0.359375,5.825682892814953,33.98556450004335,33.98556450122989,97.33168670674802,-1.3306983840652563e-05,-4.0971595066604995e-11,8.356190688463916e-06,6.016695917169333,1.1445058023797092,0.9350422123038252,1.1689277830685552,2.338855707647299,0.09985007089609421,647.5544738528995,2.9385015688646767,0.5291478583978229,0.0,288.1121330611967,101256.67450250869,1.2243343160738573,340.3659526350852,0.0,0.0,33.9855645012299,707.0644504548292
0.3671875,6.094165698706742,34.74606640581624,34.746066407208154,97.35672246746242,-1.5630853078660515e-05,-5.212653475006379e-11,8.950947805523965e-06,6.014046780054871,1.141856665265247,0.9348413667264311,1.1689360803690563,2.340947136426251,0.1020847534787845,647.5544738528995,3.071763236847047,0.5292092354403515,0.0,288.1103879229584,101253.52564912653,1.224303657838098,340.3648950813128,0.0,0.0,34.74606640720817,739.0442494374664
0.375,6.368587563164137,35.50556322299632,35.50556322461053,97.07435101199292,-1.816791509459251e-05,-6.521189930157643e-11,9.53557893981741e-06,6.011401416640002,1.1392113018503782,0.9346406306124698,1.1689445643290262,2.343039337165563,0.10431650413541037,645.709589312008,3.2078167972579417,0.5292718885297948,0.0,288.1086041808394,101250.30714054023,1.224272321033345,340.3638141335887,0.0,0.0,35.50556322461055,771.6864022541017
0.3828125,6.6489499865269455,36.26884754286855,36.26884754472185,98.32648753360213,-2.0922331071795152e-05,-8.039584873813491e-11,1.0109304022486432e-05,6.008744732126353,1.1365546173367296,0.9344388575428255,1.1689532922379973,2.3451443469517175,0.10655940413544496,653.0891274755738,3.347539296175041,0.5293362205254353,0.0,288.1067818250876,101247.01895915334,1.2242403054630684,340.36270978600305,0.0,0.0,36.268847544721865,805.2007853838359
0.390625,6.935301291463206,37.037118008500535,37.03711801060976,98.35067096556347,-2.3898251701812852e-05,-9.784928016327066e-11,1.0672290292967853e-05,6.006072952814332,1.133882838024708,0.934235758009291,1.1689622816466672,2.347265236373761,0.1088169757864352,653.0891274755738,3.491203787139916,0.5294023561691488,0.0,288.10492054160545,101243.66053822191,1.2242076055832736,340.36158184821295,0.0,0.0,37.037118010609774,839.6522349287787
0.3984375,7.227642938913891,37.80077388323023,37.800773885612855,97.14502275702104,-2.7099820058620747e-05,-1.1774578874170848e-10,1.1227745621175785e-05,6.003416268300683,1.1312261535110593,0.9340336266837503,1.1689714143923002,2.349377877085499,0.11106101214729404,645.709589312008,3.6370177589513757,0.5294694702366438,0.0,288.10302032089703,101240.23186061159,1.2241742212006073,340.3604303144636,0.0,0.0,37.80077388561287,874.6103580936151
0.40625,7.525935726871124,38.56341009547155,38.56341009814496,98.0898646154835,-3.053112464775636e-05,-1.4026161748076907e-10,1.1774972627879427e-05,6.000763357486628,1.1285732426970039,0.9338316038807817,1.1689807333242697,2.35149129443488,0.11330207565449073,651.2442429346823,3.785636512511653,0.5295378635332583,0.0,288.10108141777533,101236.7333860962,1.2241401567648098,340.35925533917185,0.0,0.0,38.56341009814498,910.2318143466293
0.4140625,7.830196677777164,39.32622107745461,39.32622108043625,97.18957064743599,-3.419621290726097e-05,-1.6557558054377837e-10,1.231405851301915e-05,5.998110446672572,1.1259203318829485,0.9336294023720412,1.1689902532485088,2.353608508764676,0.11554367610330148,645.709589312008,3.937289773881713,0.52960764099924,0.0,288.0991037215944,101233.16491503103,1.224105410304461,340.35805685528624,0.0,0.0,39.32622108043626,946.571129894926
0.421875,8.140395859820995,40.08439677145499,40.08439677476277,96.90329630433907,-3.8099096146704275e-05,-1.9386899933859728e-10,1.2846823337375559e-05,5.99547263065689,1.1232825158672661,0.9334281739515569,1.1689999094303545,2.355717354787976,0.11777168152663901,643.8647047711166,4.090996074513593,0.5296783508591709,0.0,288.0970874269111,101229.52679846607,1.2240699852097503,340.35683498070813,0.0,0.0,40.08439677476279,983.3926499336128
0.4296875,8.456522070413342,40.84514284985354,40.845142853504925,97.84771429403952,-4.224372907422914e-05,-2.2532563593039642e-10,1.3371299419126348e-05,5.992827267242021,1.1206371524523973,0.9332261918629157,1.1690097970829398,2.3578360522002417,0.1200072632341926,649.3993583937909,4.248207007923169,0.5297506595895097,0.0,288.0950326065423,101225.81916778891,1.2240338827315644,340.3555897595646,0.0,0.0,40.84514285350494,1021.0435888864522
0.4375,8.778611037714398,41.60965995028447,41.6096599542969,97.86858267355261,-4.663404370846036e-05,-2.601316146970881e-10,1.3887434551191383e-05,5.990170582728372,1.1179804679387486,0.9330231658271732,1.1690199348322716,2.3599676900509845,0.12225394943067876,649.3993583937909,4.409210244878689,0.5298246984340536,0.0,288.0929390282548,101222.04160396813,1.223997098760585,340.3543210511224,0.0,0.0,41.609659954296916,1059.5921349750276
0.4453125,9.10667029255973,42.37313458867579,42.37313459306725,97.58081298785929,-5.127395589887611e-05,-2.9847537004482217e-10,1.4397074429245442e-05,5.987517671914317,1.1153275571246932,0.932820248397524,1.1690302569547895,2.3621000855726546,0.12449759809472712,647.5544738528995,4.573009387854475,0.5299000087960253,0.0,288.09080664309835,101218.19401867961,1.2239596324070345,340.3530288257176,0.0,0.0,42.37313459306726,1098.7990719141428
0.453125,9.440694809331626,43.13797017278221,43.13797017757051,98.21707732371219,-5.6167342418327524e-05,-3.405475958690603e-10,1.4899641198019956e-05,5.984860987400668,1.1126708726110446,0.9326168620443385,1.1690407974303234,2.3642393538598494,0.12674527119097312,651.2442429346823,4.740124392457064,0.529976828686813,0.0,288.0886354837393,101214.27647086546,1.2239214842145882,340.35171310314604,0.0,0.0,43.13797017757052,1138.7882418741676
0.4609375,9.780710885923577,43.90657250553672,43.906572510739494,98.54506873186615,-6.131805117261614e-05,-3.865411755205352e-10,1.5394572737749814e-05,5.9821929817882395,1.1100028669986162,0.9324124271843413,1.169051592733793,2.3663916554945175,0.12900403787757725,653.0891274755738,4.911113959885346,0.5300554136724388,0.0,288.08642537924146,101210.28865209542,1.2238826511489351,340.3503737798203,0.0,0.0,43.906572510739515,1179.692599298979
0.46875,10.12673539926481,44.67532621473443,44.675326220369804,98.2557679872025,-6.672991188595381e-05,-4.366511207571467e-10,1.5883358741676505e-05,5.979524976175812,1.1073348613861878,0.9322078098906703,1.169062591429745,2.368547815390747,0.13126327623743836,651.2442429346823,5.085198565580831,0.5301354049259026,0.0,288.08417621990475,101206.23036443144,1.2238431312510125,340.34901078926225,0.0,0.0,44.67532622036982,1221.3249350389117
0.4765625,10.478766383032687,45.44543369924583,45.44543370533183,98.89172636931765,-7.240671930896075e-05,-4.910745206049311e-10,1.6365756139809833e-05,5.9768531968637895,1.104663082074166,0.9320027201148844,1.169073811980427,2.3707109186554254,0.13352651959968628,654.9340120164652,5.262661913425045,0.5302169317517561,0.0,288.08188801851026,101202.10163093515,1.223802924713242,340.34762413921726,0.0,0.0,45.44543370533185,1263.7524075777185
0.484375,10.836826958540684,46.218097625569854,46.21809763212445,98.91015546277586,-7.83522373651609e-05,-5.500104728419759e-10,1.684154262209641e-05,5.9741738701525815,1.101983755362958,0.9317968667702886,1.1690852740837263,2.3728840731343768,0.13579730217777736,654.9340120164652,5.443807096002325,0.5303001322093719,0.0,288.07956062476944,101197.90218043231,1.2237620288620954,340.3462137386103,0.0,0.0,46.21809763212446,1307.0467132573874
0.4921875,11.200918243149815,46.98848996259456,46.98848996963641,98.3101398841745,-8.457020268674023e-05,-6.136600206427766e-10,1.7312622850554444e-05,5.97150209084056,1.0993119760509362,0.931591409347229,1.1690969034349108,2.3750549408768182,0.13806143883623687,651.2442429346823,5.627505048716383,0.5303844874603896,0.0,288.0771940314195,101193.63199981814,1.2237204435365516,340.34477958304024,0.0,0.0,46.988489969636426,1350.9373131511556
0.5,11.571028758904509,47.76143420847063,47.7614342160178,99.56362288471476,-9.106430332225103e-05,-6.822260969786769e-10,1.777739756414069e-05,5.968822764129352,1.096632649339728,0.9313851868211235,1.169108775747783,2.3772358892665943,0.14033310239485536,658.6237810982482,5.814911077504,0.5304705264333671,0.0,288.0747883130671,101189.29122370984,1.2236781700136494,340.34332171771865,0.0,0.0,47.76143421601781,1395.6995422264215
0.5078125,11.94720358112984,48.53934274764162,48.53934275571178,99.58087826872284,-9.783820061474535e-05,-7.559134373537218e-10,1.8235143422085844e-05,5.96612834261977,1.0939382278301468,0.9311776156849306,1.169120932356228,2.379433166712973,0.14261938162140186,658.6237810982482,6.00665849394513,0.5305585382628233,0.0,288.07234317672265,101184.87932344936,1.22363520311035,340.3418399650939,0.0,0.0,48.539342755711814,1441.4837475340225
0.515625,12.329446894841933,49.31375882497303,49.31375883358531,98.66946493717896,-0.00010489553851843043,-8.349285160280838e-10,1.868917513926291e-05,5.963445242208969,1.0912551274193454,0.9309707303060695,1.169133236903058,2.3816250659698857,0.14489542925834598,653.0891274755738,6.20067184235218,0.5306475705943416,0.0,288.0698585951835,101180.3962499535,1.2235915423133317,340.34033430868124,0.0,0.0,49.31375883358534,1487.793594640541
0.5234375,12.717728246116149,50.08709358899684,50.08709359817,99.30420873540633,-0.00011223990424335102,-9.194795094032398e-10,1.9138666491001822e-05,5.9607659154977615,1.0885758007081372,0.9307639500486826,1.1691457273295351,2.3838177728085252,0.14716833015127886,656.7788965573568,6.397530528443837,0.5307378881886289,0.0,288.0673347664002,101175.84236039573,1.2235471910653197,340.3388048684385,0.0,0.0,50.08709359817003,1534.766785684784
0.53125,13.112061198430883,50.86175922128717,50.8617592310396,99.01007956949269,-0.00011987483666626157,-1.0097762060421464e-09,1.9582830285072273e-05,5.95808281508696,1.0858927002973358,0.9305566921818461,1.1691584440734886,2.3860175189164243,0.14944517237910754,654.9340120164652,6.59785326522308,0.5308297735201193,0.0,288.06477160221016,101171.21749569921,1.2235021477807158,340.33725159093933,0.0,0.0,50.86175923103962,1582.550202299532
0.5390625,13.512434090480507,51.632913703306855,51.63291371365788,98.40532682293568,-0.00012780383640136837,-1.1060299248524563e-09,2.002366233608503e-05,5.955411035774938,1.083220920985314,0.9303501232486865,1.1691713041214056,2.3882118087271906,0.1517117292689292,651.2442429346823,6.800375722289604,0.5309226478249203,0.0,288.06216917841186,101166.5217926315,1.2234564137546602,340.3356745221176,6.721048820520185e-05,2.1688760641071112e-06,51.632913713657906,1630.8415714904286
0.546875,13.918822617075177,52.40297088657435,52.40297089754288,98.72925638011527,-0.00013603034441936687,-1.2084534596641248e-09,2.0460260213203538e-05,5.95274303016251,1.0805529153728857,0.9301436610428917,1.1691843473531127,2.39040686310221,0.1539750937041036,653.0891274755738,7.005707181124887,0.5310167885158078,0.0,288.059527652989,101161.75553625175,1.2234099917261567,340.33407375771134,7.035992588218274e-05,3.1619180098002502e-06,52.40297089754291,1679.7855692287478
0.5546875,14.331243406491627,53.17798020156127,53.17798021316496,99.67312773468399,-0.00014455775390380846,-1.3172609826993218e-09,2.089041826196873e-05,5.950059929751708,1.0778698149620842,0.9299358440045803,1.169197681169005,2.392618371644247,0.15625304120465933,658.6237810982482,7.21548867529311,0.5311129451968474,0.0,288.0568469178578,101156.91853153812,1.2233628797578615,340.33244923222185,7.721232824801582e-05,6.6802644184765455e-06,53.177980213164986,1729.7724632903678
0.5625,14.749735143955569,53.955518402764945,53.955518415021956,99.37653785345914,-0.00015338943860201864,-1.4326679421888594e-09,2.1315198300920855e-05,5.94736928194172,1.0751791671520963,0.9297272540881345,1.1692112654797036,2.3948401139156905,0.15853845226250024,656.7788965573568,7.429111579741489,0.531210837929367,0.0,288.0541267215643,101152.01032477774,1.2233150733920286,340.33080079326794,8.022325026142364e-05,8.903019991084012e-06,53.95551841502199,1780.6561775949879
0.5703125,15.174295495628837,54.731948465973765,54.73194847890305,99.38947258452542,-0.00016252874174526317,-1.5548910142425723e-09,2.1736105785712875e-05,5.944682407831325,1.0724922930417016,0.9295187682996947,1.1692250353590967,2.39706267059402,0.16082064067853433,656.7788965573568,7.645586668296371,0.5313100130246132,0.0,288.0513670792784,101147.03094334267,1.2232665728559518,340.32912845004273,8.796336948602432e-05,7.658604671666123e-06,54.73194847890308,1832.2002226799984
0.578125,15.604928412753292,55.51090305311318,55.51090306673283,100.0228705575228,-0.00017197895883779807,-1.684148051527809e-09,2.215178777242168e-05,5.941987986321744,1.0697978715321204,0.9293095075337989,1.1692390578518141,2.399295503180152,0.16311028091392335,660.4686656391395,7.8659395570702255,0.5314109383924885,0.0,288.0485679653171,101141.98034089142,1.2232173776583624,340.32743218698215,9.200637330429224e-05,5.262165196086572e-06,55.51090306673286,1884.6479300209141
0.5859375,16.041653605089966,56.28995313407464,56.28995314840333,99.41380876218889,-0.00018174335149887005,-1.8206579884402063e-09,2.2563305608236706e-05,5.9392935648121625,1.0671034500225391,0.9291000569013129,1.169253288990726,2.4015323208941295,0.16540023623183844,656.7788965573568,8.089500985344607,0.5315133068031125,0.0,288.0457292515669,101136.85828626153,1.2231674855070895,340.32571192644957,9.91401776163377e-05,1.0356672676576335e-06,56.289953148403356,1937.8390656031474
0.59375,16.484452849453866,57.0666682059498,57.06666822100678,99.42516337718658,-0.00019182513610782167,-1.964640786405644e-09,2.2971670887576603e-05,5.936606690701768,1.0644165759121444,0.928891003638504,1.169267682266605,2.4037667862810106,0.1676833653531173,656.7788965573568,8.315561513534993,0.5316167930185258,0.0,288.0428510564785,101131.66499318043,1.2231168984428573,340.32396774022595,0.00010391194185674788,-2.1763113142518983e-06,57.06666822100681,1991.6040722637633
0.6015625,16.933320521464175,57.84346992408419,57.843469939888074,99.43599003338747,-0.00020222747206356998,-2.1163173714712512e-09,2.337597547960384e-05,5.933919816591374,1.0617297018017497,0.9286817610573971,1.1692822830694338,2.406005220120367,0.16996678441576038,656.7788965573568,8.54481602738904,0.5317217135712557,0.0,288.03993341661044,101126.40052761268,1.223065617066602,340.3221996504659,0.00010962088918742536,-1.705289992202811e-06,57.8434699398881,2046.1074524703129
0.609375,17.388263609522408,58.62278406119794,58.62278407776664,100.06839517020492,-0.00021295347280555682,-2.275909533785598e-09,2.3775301175560577e-05,5.931225395081793,1.0590352802921685,0.9284717403408835,1.1692971394087086,2.4082539906782507,0.1722576218278501,660.4686656391395,8.778000407574607,0.5318284033005816,0.0,288.0369762865381,101121.06480759603,1.223013640537735,340.3204076296421,0.00011779883397267893,-1.9734776058089514e-06,58.622784077766674,2101.523180913043
0.6171875,17.8493112241602,59.4058236068414,59.40582362419242,100.38966693870195,-0.00022400621829676774,-2.443639829725308e-09,2.416923788797124e-05,5.928519652473431,1.0563295376838076,0.9282606450771259,1.1693122775896612,2.4105163251253523,0.17455944252513703,662.3135501800311,9.01551963414322,0.5319370455755443,0.0,288.0339794770429,101115.65749171274,1.2229609654875317,340.31859156308803,0.00012576358867977147,2.6891907381719783e-07,59.40582362419245,2157.946347496772
0.625,18.316476637185097,60.187723974079546,60.18772399223633,99.7766865641147,-0.00023538875892448343,-2.619731505286609e-09,2.3544683471844415e-05,5.925817683564664,1.0536275687750398,0.9280496518578555,1.1693282040443254,2.4127855218646985,0.17685795290680192,658.6237810982482,9.255914770660983,0.5320469730649278,0.0,288.0309429018583,101110.17842430675,1.2229075903560571,340.3167513985261,0.00013283589061596077,-1.1759429897435848e-06,60.18772399223634,2215.0293561542726
0.6328125,18.789735096773292,60.96604762792409,60.966047646934435,99.47405567474584,-0.00024710990921778425,-2.8342519413100318e-09,2.2875864508081933e-05,5.923127035754676,1.0509369209650519,0.9278393513978379,1.1693442909906895,2.4150493959285155,0.17914599076916715,656.7788965573568,9.498408961672409,0.5321578303867905,0.0,288.02786672187096,101104.62789567547,1.2228535179271267,340.3148872334538,0.00014148211352335533,-4.542438805101545e-07,60.96604764693448,2272.5870309154507
0.640625,19.269071305019843,61.74443805686634,61.74443807678027,99.79383214277429,-0.0002591816964892355,-3.132156299325328e-09,2.2171886353430615e-05,5.9204363879446875,1.048246273155064,0.9276288597882377,1.1693606049606229,2.4173174517238514,0.18143426267867369,658.6237810982482,9.744120623673776,0.5322701267847996,0.0,288.02475103651733,101099.00608523769,1.2227987499040205,340.3129991281295,0.00014986721812432913,6.993479447597058e-07,61.7444380767803,2330.884079353646
0.6484375,19.754488931848147,62.52167265942156,62.521672680292276,99.17808833068494,-0.0002716166803210427,-3.50855450748737e-09,2.141344044902655e-05,5.917749513834293,1.0455593990446692,0.9274184723905914,1.1693771322330073,2.4195865984241594,0.18371917653033001,654.9340120164652,9.992659471845947,0.5323836831534373,0.0,288.021595821943,101093.31294995136,1.2227432858222962,340.31108706809744,0.00015812393589164107,-1.271975608794517e-06,62.5216726802923,2389.827025055607
0.65625,20.24595990167693,63.294092419644144,63.29409244152949,98.56123451367131,-0.0002844277789923242,-3.969846306814408e-09,2.061705837037653e-05,5.915077734522272,1.0428876197326475,0.927209077418878,1.1693937851206027,2.421847077017246,0.1859899806544931,651.2442429346823,10.242819541303119,0.5324979489508669,0.0,288.01840126063905,101087.54881909599,1.2226871288442793,340.30915116394726,0.00016278640939231277,2.9861297509685993e-06,63.29409244152952,2449.1292142247466
0.6640625,20.74345608631533,64.06534511553038,64.065345138491,98.87939368685137,-0.00029762842384222887,-4.5083407827743815e-09,1.9781632440989972e-05,5.912409728909843,1.0402196141202191,0.9269997893550977,1.1694106384401952,2.4241084908509745,0.18825739430048663,653.0891274755738,10.495750618944273,0.5326134473814861,0.0,288.01516753543893,101081.71402256812,1.2226302821380193,340.307191526476,0.0001742573567710254,1.997303485988415e-06,64.06534513849101,2509.0625766134604
0.671875,21.246987389584454,64.83908246705343,64.83908249115319,99.19730554117257,-0.00031123277484666794,-4.935388715729967e-09,1.8871877965540665e-05,5.909734175898228,1.0375440611086042,0.926789719473098,1.1694277911710098,2.4263807169791183,0.19053214862619253,654.9340120164652,10.752663790399437,0.532730728843845,0.0,288.0118945819677,101075.80844421253,1.2225727445253889,340.3052081166724,0.00018362114057958055,6.61512003195147e-06,64.8390824911532,2569.913083302872
0.6796875,21.75656686184929,65.61286272074963,65.61286274605786,98.89032833716777,-0.000325255745563049,-5.014748227152314e-09,1.7911722618835444e-05,5.907058622886613,1.0348685080969893,0.9265794592922909,1.1694451778523918,2.4286571856010086,0.1928070690366236,653.0891274755738,11.012765476551719,0.5328494305121868,0.0,288.008582315398,101069.83193097031,1.2225145144680303,340.3032008831312,0.00019296267326491016,8.258604727459099e-06,65.61286274605786,2631.491684653337
0.6875,22.272185293973514,66.38546197612769,66.38546200271854,98.89499407640035,-0.0003397127787273813,-4.31648102859364e-09,1.691773396751065e-05,5.904386843574591,1.0321967287849676,0.9263693055158507,1.1694627617590057,2.430934562431549,0.19507855947017347,653.0891274755738,11.275639617366549,0.5329693618163012,0.0,288.00523079558917,101063.7845908492,1.2224555929705794,340.30116986212704,0.00019708091820193905,6.780672264241434e-06,66.38546200271855,2693.6989702526384
0.6953125,22.79384297429766,67.15931659355199,67.15931662150399,99.21172404623562,-0.00035461997578733903,-2.463509716322256e-09,1.588573511306509e-05,5.901711290562977,1.0295211757733527,0.9261586642301773,1.1694805990916988,2.4332193486152143,0.19735377980967753,654.9340120164652,11.54212056524649,0.5330909011707583,0.0,288.00184002066703,101057.66642046745,1.2223959799518536,340.29911505252426,0.0002078902272937263,7.387674392413717e-06,67.15931662150399,2756.731406142073
0.703125,23.321549694996914,67.93320154496948,67.93320157436625,98.9027128615504,-0.0003699941248832035,9.301945687879661e-10,1.4791427327893355e-05,5.899035737551362,1.0268456227617377,0.9259478318685552,1.169498677652529,2.435508457839737,0.19962913074379574,653.0891274755738,11.811796838084247,0.5332138600031964,0.0,287.9984099269825,101051.47730497924,1.222335674244,340.2970364157514,0.00021589413308155183,4.507990137163124e-06,67.93320157436625,2820.4905991939368
0.7109375,23.85529931820339,68.70711336958509,68.70711340051612,99.21864952699319,-0.00038585253181654426,6.134226880322533e-09,1.364707210060164e-05,5.896360184539747,1.0241700697501228,0.925736808170874,1.1695169902275449,2.4378018205667082,0.20190460256856113,654.9340120164652,12.08467112176811,0.5333382475203464,0.0,287.99494055443165,101045.21731637149,1.2222746764990222,340.2949339759856,0.0,0.0,68.70711340051612,2884.976129050586
0.71875,24.395098398695712,69.48104710128469,69.48104713384534,98.90827543219352,-0.0004022133945342113,1.3456985333877723e-08,1.2464445018612206e-05,5.8936846315281315,1.0214945167385079,0.9255255928765516,1.1695355299255172,2.4400993704896567,0.20418018118557163,653.0891274755738,12.360745154213754,0.5334640557108847,0.0,287.99143186040845,101038.88637776763,1.2222129859178337,340.2928077074075,0.0,0.0,69.48104713384535,2950.187428611212
0.7265625,24.940931170990748,70.25132964792937,70.25132968222077,98.28392519102056,-0.00041909517114787015,2.3252413499032053e-08,1.1258682759589454e-05,5.8910203996152966,1.0188302848256727,0.9253150806586431,1.1695542018201153,2.4423912116147215,0.20644507305255058,649.3993583937909,12.63868654478604,0.5335906762815209,0.0,287.9878839473885,101032.48467407035,1.2221506042516554,340.29065767211745,0.0,0.0,70.25132968222077,3015.80897058081
0.734375,25.492769084578274,71.01917776658635,71.01917780271508,98.28510666277398,-0.0004365166142975187,3.616469034936931e-08,1.0034004241716854e-05,5.888363715101648,1.016173600312024,0.9251049751058422,1.169573029543773,2.4446805443793074,0.20870285403590547,649.3993583937909,12.918900960501428,0.5337182927430812,0.0,287.9842970009502,101026.01254012929,1.2220875347125373,340.2884839825758,0.0,0.0,71.01917780271508,3081.935879686117
0.7421875,26.050615406785365,71.79070594940245,71.79070598748162,99.22608577104673,-0.0004544975140259836,5.296513039627279e-08,8.792177586610353e-06,5.8856957094892195,1.0135055946995957,0.9248937833279159,1.1695921567404959,2.446983734125799,0.21097149314865973,654.9340120164652,13.203636177169924,0.5338479243404993,0.0,287.9806709998559,101019.46993762419,1.222023776875693,340.2862866259127,0.0,0.0,71.7907059874816,3149.097511721409
0.75,26.614508443106594,72.56591197482952,72.56591201497868,99.22656831869726,-0.0004730588841654923,7.432263312276855e-08,7.501828254706851e-06,5.8830163827780115,1.0108262679883875,0.9246815026277898,1.1696116049720384,2.449301023442486,0.2132509846405848,654.9340120164652,13.492940662684514,0.5339795910231464,0.0,287.9770056951198,101012.85641729577,1.2219593263109727,340.28406545124255,0.0,0.0,72.56591201497868,3217.303789400124
0.7578125,27.184457785662453,73.34111963290945,73.34111967528314,99.22650364214903,-0.0004922249717436982,1.0079619421875337e-07,6.194224693434069e-06,5.880337056066804,1.0081469412771793,0.9244690284797901,1.1696312687978714,2.451622403180813,0.21553052579944393,654.9340120164652,13.785465706518929,0.5341126790848827,0.0,287.97330102439315,101006.17186664455,1.221894181869156,340.28182042078225,0.0,0.0,73.34111967528315,3286.235425700528
0.765625,27.760460237957716,74.11509866858742,74.11509871332015,98.9120201617254,-0.0005120204379704585,1.3287445804258879e-07,4.89625038324061e-06,5.877661503055188,1.0054713882655644,0.9242566602879141,1.169651101971536,2.45394441683622,0.21780650167295335,653.0891274755738,14.080741818526784,0.5342469743074161,0.0,287.96955700845325,100999.41632316005,1.2218283438621156,340.27955154712265,0.0,0.0,74.11509871332018,3355.780783111056
0.7734375,28.342496601954817,74.88539110407875,74.88539115131022,98.28271469958275,-0.0005324666723263378,1.7072619393141194e-07,3.596153762015413e-06,5.8749972711423535,1.0028071563527292,0.9240449984873423,1.1696710491626214,2.4562605067527907,0.2200716891634016,649.3993583937909,14.377801703852917,0.5343820372396659,0.0,287.9657737720873,100992.59001200309,1.2217618144302658,340.2772589058849,0.0,0.0,74.88539115131023,3425.7112735014316
0.78125,28.9305348553159,75.6519900159123,75.65199006578756,97.96649991458861,-0.0005535848931520211,2.1435839089313457e-07,2.3319722166486903e-06,5.872344360328298,1.0001542455386738,0.9238340452636931,1.1696910848693398,2.4585703960564675,0.2223260680982877,647.5544738528995,14.676600166232701,0.534517846758944,0.0,287.9619515234404,100985.69330874202,1.2216945971796167,340.2749426232049,0.0,0.0,75.65199006578759,3496.0156758437665
0.7890625,29.524562095032486,76.41979828294554,76.4197983356232,98.59236910607106,-0.0005753968636345494,2.6398360226537675e-07,1.1367935611463594e-06,5.8696876758146495,0.9974975610250252,0.9236226008690677,1.1697113119509455,2.4608871108187778,0.2245840473727178,651.2442429346823,14.979041412786117,0.5346552643403035,0.0,287.9580903463823,100978.72636470752,1.2216266935304299,340.27260274990766,0.0,0.0,76.41979833562326,3567.141135749459
0.796875,30.124600539958063,77.19003966867825,77.19003972433109,98.58933791983671,-0.0005979290535055624,3.185496318338804e-07,6.622220886733942e-07,5.867023443901814,0.99483332911219,0.9234103634723694,1.1697313768388442,2.4632101336647483,0.22684922403486385,651.2442429346823,15.285635186284484,0.5347945190057741,0.0,287.95419009649027,100971.68891930966,1.2215581008875998,340.27023919847306,0.0,0.0,77.19003972433113,3639.2061799113635
0.8046875,30.730662797159926,77.96271272713895,77.96271278592165,99.21491585516557,-0.0006212030530673515,3.7771158166507394e-07,1.651005623873009e-06,5.864351664589792,0.9921615498001684,0.9231973311733458,1.1697508412404236,2.465535100670778,0.22912159449146285,654.9340120164652,15.59641514503675,0.5349356240091038,0.0,287.95025069181844,100964.58082468866,1.2214888177539864,340.267851919242,0.0,0.0,77.9627127859217,3712.2172513745045
0.8125,31.342777452157208,78.73904365952096,78.73904372160558,99.5257330343072,-0.000645241254564251,4.43136570956864e-07,2.8402645196419183e-06,5.8616685641789905,0.9894784493893669,0.9229832007565267,1.169770488202483,2.4678728744595633,0.2314047631066225,656.7788965573568,15.911918047070133,0.5350788200486789,0.0,287.94627194656096,100957.4017455843,1.2214188408050446,340.26544079961593,0.0,0.0,78.73904372160561,3786.2988646421873
0.8203125,31.960957066851062,79.51411207594377,79.5141121415082,98.89165413886084,-0.0006700668675452572,5.163403364153191e-07,4.007692165982018e-06,5.8589892374677826,0.9867991226781587,0.92276917580091,1.1697903218145067,2.470211460135967,0.23368427007476497,653.0891274755738,16.230157531670567,0.5352232070193909,0.0,287.9422537790654,100950.15153466654,1.2213481685471954,340.26300579011365,0.0,0.0,79.51411214150824,3860.983251883236
0.828125,32.58517574630904,80.28545302320109,80.28545309242422,98.57152140821908,-0.0006957015994656088,5.983644534343432e-07,5.131346352165557e-06,5.856321231855354,0.9841311170657303,0.9225558605783639,1.1698102879540162,2.472544273756523,0.23595287141573415,651.2442429346823,16.550090852791403,0.5353683126109103,0.0,287.93819635764896,100942.83049563951,1.2212768038828168,340.26054699273527,0.0,0.0,80.28545309242423,3936.0249085896294
0.8359375,33.21541395465952,81.0555207788496,81.05552085189963,98.56573601740808,-0.0007221652077240171,6.902038175903751e-07,6.203877948090512e-06,5.853656999942519,0.9814668851528952,0.9223426530355168,1.1698304547898275,2.4748780175431073,0.2382177803036557,651.2442429346823,16.87271129273116,0.535514584736096,0.0,287.9340998092947,100935.43885762629,1.2212047489870115,340.25806448443257,0.0,0.0,81.05552085189967,4011.65604984202
0.84375,33.851668135182685,81.82554118090859,81.82554125795687,98.55939883517443,-0.0007494763946916779,7.932965753090705e-07,7.219885550562207e-06,5.850992768029684,0.97880265324006,0.9221292513258462,1.1698508582371507,2.477216069113045,0.2404825998193111,651.2442429346823,17.19852953223856,0.5356622527025956,0.0,287.9299641571213,100927.9766623412,1.2211320042075997,340.2555582792155,0.0,0.0,81.82554125795687,4087.99533467038
0.8515625,34.49394431807386,82.59797410951303,82.59797419075625,99.18337801967115,-0.0007776554266508133,9.094270736226051e-07,8.179312396886746e-06,5.848320988717662,0.9761308739280383,0.9219150498193395,1.1698715665066588,2.479565166873193,0.24275456001227277,654.9340120164652,17.528608561089776,0.5358117945956704,0.0,287.9257893619325,100920.44383906017,1.2210585687957352,340.2530283533311,0.0,0.0,82.59797419075626,4165.29046094257
0.859375,35.14227096494751,83.37404896581705,83.37404905145627,99.49171338137496,-0.000806725160166964,1.04118957800053e-06,9.054365393231087e-06,5.845637888306861,0.9734477735172369,0.921699743629223,1.1698926324608616,2.4819288883163857,0.24503727482166618,656.7788965573568,17.863517857534017,0.535963465092286,0.0,287.9215752387278,100912.84005397616,1.2209844394370901,340.2504745946691,0.0,0.0,83.37404905145627,4243.673087178897
0.8671875,35.796660468753565,84.14883177741059,84.14883186764222,98.85256199270319,-0.000836706914617807,1.191691241840902e-06,9.851200378405884e-06,5.842958561595653,0.9707684468060287,0.9214845429395012,1.169913916482359,2.4842937354285786,0.247316243894129,653.0891274755738,18.201140444050765,0.536116307422011,0.0,287.9173217069531,100905.16516174066,1.2209096146537504,340.2478969544136,0.0,0.0,84.14883186764223,4322.646304323365
0.875,36.457083447241324,84.91861712148052,84.91861721649698,98.21236395359792,-0.0008676191456257371,1.36410774495588e-06,1.0599670550582377e-05,5.840294329682817,0.9681042148931935,0.9212703588601284,1.169935294564259,2.486649357041305,0.2495805770940981,649.3993583937909,18.539820353621046,0.5362695742069192,0.0,287.9130289575929,100897.41950695819,1.2208340977439691,340.2452955483013,0.0,0.0,84.91861721649701,4401.822056437384
0.8828125,37.12351046894715,85.68709990171276,85.68710000171457,98.51915632361796,-0.0008994797584565808,1.5615549247955202e-06,1.1267623171625331e-05,5.837633871469576,0.9654437566799516,0.9210562830702982,1.1699568880611726,2.489006049908744,0.2518411340874517,651.2442429346823,18.88115417937421,0.5364240270138603,0.0,287.9086971819518,100889.60343481052,1.220757892011458,340.24267049226285,0.0,0.0,85.68710000171461,4481.572582429775
0.890625,37.79594740588701,86.456743350359,86.45674345555068,98.50947817612693,-0.0009323081221533084,1.7872942246885612e-06,1.1859817250465302e-05,5.83496963955674,0.9627795247671165,0.920841707995324,1.169978764698758,2.49137056703434,0.25410515496536995,651.2442429346823,19.226241791440273,0.5365801267226775,0.0,287.9043263418617,100881.71687642873,1.2206809967226413,340.2400217631682,-0.00019941566258675298,7.2471363016111045e-06,86.45674345555071,4562.1539246744705
0.8984375,38.47440331579495,87.22877994020267,87.22878005079298,99.13183226143937,-0.0009661229894403513,2.0444197006022724e-06,1.2376273334044048e-05,5.832297860244719,0.9601077454550948,0.9206263281865327,1.1700009616264064,2.4937463343987374,0.2563762626994363,654.9340120164652,19.575664178856506,0.5367381231580354,0.0,287.8999163784473,100873.75972558079,1.220603410778984,340.2373493253391,-0.0001889146718117194,1.0495977442739567e-05,87.22878005079302,4643.700276272026
0.90625,39.15890653464057,88.00444228814996,88.00444240435054,99.4376549868329,-0.0010009438601660619,2.33618165278172e-06,1.2809305465143725e-05,5.829614759833917,0.9574246450442934,0.9204098370727856,1.1700235218776167,2.4961368480483115,0.2586580808597973,656.7788965573568,19.93002394539689,0.5368982851286683,0.0,287.89546710752484,100865.73164993327,1.2205251308765606,340.23465306716,-0.00018298554289866573,1.696335397967492e-05,88.00444240435056,4726.350460618868
0.9140625,39.84946928445608,88.77878277185773,88.7787828938708,98.79338757198073,-0.0010367885572218308,2.665411307763094e-06,1.317437945660554e-05,5.826935433122709,0.9547453183330852,0.9201934514944599,1.1700462920056856,2.498528405112257,0.2609360683066734,653.0891274755738,20.287071817781424,0.5370595985493329,0.0,287.890978449651,100857.63250614218,1.2204461555533541,340.2319329404885,-0.0001683992315682798,1.558714764864122e-05,88.77878289387083,4809.578324122824
0.921875,40.5460651189829,89.54932303664965,89.54932316467219,98.46481607923879,-0.0010736717869801458,3.034644209553792e-06,1.34590897658439e-05,5.82426742751028,0.9520773127206568,0.9199777823945405,1.1700692039663334,2.5009142157179287,0.2632029409788371,651.2442429346823,20.645632259503188,0.5372215337946199,0.0,287.8864505767266,100849.46260437786,1.2203664877690554,340.2291890494963,-0.0001655583860152613,1.725580250318863e-05,89.54932316467219,4893.109027946999
0.9296875,41.24867398720862,90.3185309601824,90.31853109441478,98.45232374777146,-0.0011116079000157548,3.4464737911609658e-06,1.3685538284019829e-05,5.821603195597445,0.9494130808078216,0.9197622210823666,1.170092316643976,2.5033009556160946,0.26546595265394085,651.2442429346823,21.006829267776304,0.5373845952391174,0.0,287.8818836190831,100841.22217980506,1.2202861297517236,340.22642147316435,-0.00015759464902906234,2.360108057926975e-05,90.31853109441477,4977.203648742391
0.9375,41.957291905369644,91.08763908631171,91.08763922695643,98.43926789271111,-0.0011506117224344037,3.903170266386974e-06,1.3867874363238408e-05,5.8189389636846105,0.9467488488949865,0.9195464623784239,1.1701156584937455,2.5056919611532167,0.26772872644422896,651.2442429346823,21.37123891711082,0.5375490402787488,0.0,287.8772776026151,100832.91127914663,1.2202050818914258,340.22363022718474,-0.0001493172152690945,3.2929730542755246e-05,91.08763922695645,5061.9951700854135
0.9453125,42.67191485047828,91.855404153907,91.85540430116505,98.10848673974243,-0.0011906976042153185,4.406229565842108e-06,1.3917381423318105e-05,5.816278505471368,0.9440883906817445,0.9193308120385809,1.1701392438028504,2.5080843176426946,0.2699876085264508,649.3993583937909,21.738264941502642,0.5377145996838228,0.0,287.8726325534719,100824.52994958551,1.22012334458221,340.22081532740395,-0.00012730013790962594,4.222467216983995e-05,91.85540430116505,5147.3436873241135
0.953125,43.392532312688836,92.62306075487625,92.62306090894597,98.41152864397279,-0.001231878717737636,4.956200879380032e-06,1.3841719032116877e-05,5.813618047258126,0.9414279324685026,0.9191149643246711,1.1701631055855224,2.5104814126085127,0.2722462280682234,651.2442429346823,22.108494886390083,0.5378815357343657,0.0,287.8679485399675,100816.07831438458,1.220040918959608,340.21797681522025,-0.00011772971820035368,4.3880974655825794e-05,92.623060908946,5233.384683926731
0.9609375,44.11914987861341,93.39060356740929,93.39060372846963,98.07932913707403,-0.0012741681434089258,5.552722277776268e-06,1.2816176803987657e-05,5.810957589044884,0.9387674742552607,0.9188989189656007,1.1701877323588485,2.5128881339324782,0.27450456990846145,649.3993583937909,22.48192911319655,0.5380498469519241,0.0,287.863225525789,100807.5563080222,1.2199578043175097,340.21511466862813,-0.0001001920498545537,4.363045936426972e-05,93.39060372846966,5320.116956254102
0.96875,44.8517569573684,94.15678855064992,94.15678871880672,98.06393822063612,-0.0013175698502691027,6.195574168588723e-06,1.1810803620146853e-05,5.808300904531236,0.9361107897416121,0.9186829825581253,1.170212510114003,2.5152952755587776,0.2767589778154659,649.3993583937909,22.85795486111594,0.538219257084082,0.0,287.8584635797771,100798.96405471172,1.2198740017997234,340.2122289293449,-7.703370225766862e-05,4.7267690698428376e-05,94.15678871880677,5407.397007144618
0.9765625,45.590352612873275,94.92409220164905,94.92409237701148,98.3657207548749,-0.001362084708464113,6.884773604031625e-06,1.0826019212856759e-05,5.8056404463179945,0.9334503315283702,0.9184665413747749,1.1702375167757997,2.5177097540102475,0.27901673148849376,651.2442429346823,23.23779545157042,0.5383903127724747,0.0,287.8536627080163,100790.30156543179,1.219789511445191,340.2093196010579,-7.035937381541406e-05,4.0439507704544466e-05,94.92409237701153,5495.507508965814
0.984375,46.33494233383467,95.69002712175673,95.6900273044252,97.7135047092248,-0.0014077139682650848,7.620364500672634e-06,9.863251828011788e-06,5.802983761804345,0.9307936470147216,0.9182502091613413,1.1702626725082783,2.5201246334693703,0.28127052006067516,647.5544738528995,23.620217230780828,0.5385624596913883,0.0,287.84882287483003,100781.56877580908,1.2197043325573176,340.206386662147,0.0,0.0,95.69002730442523,5584.160957076088
0.9921875,47.085505712024926,96.45458945075845,96.45458964083049,98.0143754787026,-0.001454456952365905,8.402272150754278e-06,8.924165980582697e-06,5.80033085099029,0.9281407362006662,0.9180339864897942,1.1702879753057447,2.522539888159505,0.2835203324849224,649.3993583937909,24.005205081991118,0.5387356897946749,0.0,287.8439442128718,100772.76592519789,1.219618467401543,340.2034301930003,0.0,0.0,96.45458964083055,5673.35280434692
1.0,47.8420514116807,97.22150095726803,97.22150115484791,98.31489324645473,-0.0015023149605004433,9.230550113809638e-06,8.010881442934424e-06,5.797670392777048,0.9254802779874243,0.9178169499509811,1.1703135448326991,2.5249659488171803,0.2857771090816298,651.2442429346823,24.394652016067003,0.5389108483735232,0.0,287.83902666582406,100763.89291198125,1.2195319149169748,340.2004501594894,0.0,0.0,97.22150115484796,5763.52020009893
1.0078125,48.604588061194065,97.98702872208017,97.98702892726028,97.66010187614866,-0.0015512892214766523,1.0105250001139133e-05,7.127414036575853e-06,5.795013708263399,0.9228235934737756,0.9176000224087058,1.1703392575849672,2.527392351762614,0.2880298777295583,647.5544738528995,24.786664888323816,0.5390870867167503,0.0,287.8340701776022,100754.94963496258,1.2194446740461267,340.19744652762694,0.0,0.0,97.98702892726033,5854.22331180874
1.015625,49.373095121827454,98.75116891052849,98.75116912339848,97.95970907232177,-0.001601378805982324,1.1026290149298236e-05,6.2795445172529005e-06,5.792360797449344,0.9201706826597202,0.9173832044369248,1.1703651091665102,2.5298190472958537,0.2902786274503279,649.3993583937909,25.181228375292623,0.5392643966882154,0.0,287.8290748817081,100745.93633502685,1.2193567470679596,340.1944193783151,0.0,0.0,98.75116912339854,5945.4575411255755
1.0234375,50.147581167312474,99.51764837423566,99.51764859489202,98.25895543176377,-0.0016525847656514196,1.1993717390787715e-05,5.4757661811596236e-06,5.789700339236102,0.9175102244464783,0.9171655700828382,1.1703912185496321,2.5322564846679394,0.2925343137942806,651.2442429346823,25.580286367041193,0.5394436449647345,0.0,287.82404072241246,100736.85291161857,1.21926813293019,340.19136867778195,0.0,0.0,99.51764859489205,6037.670934155165
1.03125,50.9280579774634,100.2839741034385,100.28397433196903,97.92033057821148,-0.0017049083127391633,1.3007591176778457e-05,4.730479176550877e-06,5.78703988102286,0.9148497662332364,0.9169477356239943,1.170417495082089,2.534697594580946,0.2947896091335202,649.3993583937909,25.982553808187355,0.5396242554676759,0.0,287.8189676231465,100727.69922658024,1.2191788302129862,340.18829437962677,0.0,0.0,100.28397433196908,6130.564858607782
1.0390625,51.714511365448466,101.04765128849989,101.0476515249835,97.58092908500515,-0.0017583487358784418,1.4067852294982073e-05,4.066406488386259e-06,5.784386970208805,0.912196855419181,0.9167303196065204,1.1704438403407433,2.5371352073422293,0.29703718019717473,647.5544738528995,26.386701433308627,0.5398056335694086,0.0,287.81385567612455,100718.47544629964,1.2190888404670444,340.18519653973146,0.0,0.0,101.04765152498352,6223.83125055127
1.046875,52.50693035182443,101.81241254789997,101.81241279242238,98.19788444410864,-0.0018129054593947016,1.5174453494719639e-05,3.5189463660976597e-06,5.781730285695156,0.9095401709055324,0.9165123943742918,1.170470359680567,2.539579653062752,0.2992879996165657,651.2442429346823,26.794708521035147,0.5399886607708986,0.0,287.80870495271313,100709.18169954722,1.2189981648757031,340.18207520134416,0.0,0.0,101.81241279242242,6317.925718219806
1.0546875,53.30533312136787,102.57825272164207,102.57825297428668,97.85709955830951,-0.001868579905840582,1.6327476617922902e-05,3.1379949162830785e-06,5.779069827481914,0.9068797126922905,0.9162939587981259,1.1704970244290611,2.5420306563093518,0.30154205284255753,649.3993583937909,27.206597881927003,0.5401734757442944,0.0,287.8035153347111,100699.81777304604,1.218906801284514,340.17893029283493,0.0,0.0,102.57825297428673,6412.850288466997
1.0625,54.10970860944235,103.34142748357417,103.34142774441239,97.51554033871781,-0.0019253713482098385,1.75268703650045e-05,2.976355415284873e-06,5.776416916667859,0.9042268018782351,0.9160759425419641,1.170523673759605,2.5444773121764084,0.30378833336049077,647.5544738528995,27.62033691702749,0.5403591000079941,0.0,287.7982868940386,100690.38379656574,1.2188147508854446,340.1757618577874,0.0,0.0,103.34142774441244,6508.136015098611
1.0703125,54.920039218736704,104.10317874313606,104.10317901223988,97.4926928213829,-0.001983278504328028,1.8772551569737074e-05,3.0580072819444005e-06,5.773767779553397,0.901577664763773,0.9158580364890709,1.1705503352860962,2.5469229879702526,0.3060304921786982,647.5544738528995,28.03657725193403,0.5405457627022381,0.0,287.7930197450782,100680.87997649329,1.2187220156177052,340.17256996551737,0.0,0.0,104.10317901223993,6603.932787173839
1.078125,55.73632030668214,104.86474927388325,104.86474955132537,97.46927364909696,-0.0020423009267438105,2.0064493031381935e-05,3.3554754926752372e-06,5.7711186424389345,0.8989285276493109,0.9156399303837973,1.1705770682917733,2.54937137907976,0.30827218302500203,647.5544738528995,28.455995714505846,0.5407337639293053,0.0,287.78771391800655,100671.30636727824,1.218628595937604,340.16935463431196,0.0,0.0,104.86474955132545,6700.395174341209
1.0859375,56.55854393838183,105.62363646270812,105.62363674855251,96.80574074211195,-0.002102437855410807,2.1402650733760045e-05,3.8106205509988685e-06,5.768477052723659,0.8962869379340352,0.9154222461909899,1.170603818030004,2.551815718390141,0.3105060492886458,643.8647047711166,28.877193047148825,0.5409224792440104,0.0,287.7823694644005,100661.66306198362,1.218534492677781,340.16611589542674,0.0,0.0,105.62363674855257,6797.200252152432
1.09375,57.386689134105794,106.38233466126276,106.38233495557718,97.42092556885159,-0.0021636875148425996,2.278691979344012e-05,4.367514839737237e-06,5.765835463008384,0.8936453482187596,0.9152043625362556,1.1706307053615561,2.5542634282530052,0.31273942394742954,647.5544738528995,29.30154696408065,0.5411125206416623,0.0,287.77698652062827,100651.95030666653,1.2184397081635183,340.16285383150074,0.0,0.0,106.38233495557722,6894.663657951624
1.1015625,58.22077717577348,107.144588022352,107.14458832521144,97.71585294416296,-0.002226051055655826,2.4217383101914973e-05,4.986236702976724e-06,5.763182552194328,0.8909924374047042,0.9149853440719825,1.1706578896604092,2.5567254558842665,0.3149833145726053,649.3993583937909,29.731189623911536,0.5413048341559974,0.0,287.7715649483574,100642.16785172571,1.2183442398826143,340.15956835870463,0.0,0.0,107.1445883252115,6993.273280218455
1.109375,59.06082280390502,107.9066424107177,107.90664272218551,97.36997248934266,-0.002289529107647235,2.569409273385023e-05,5.6415607358446145e-06,5.7605296413802725,0.8883395265906489,0.9147661238774906,1.1706852519212674,2.559191280437768,0.31722668548420085,647.5544738528995,30.164020649866323,0.5414984833417449,0.0,287.7661046517746,100632.31552427955,1.2182480860707061,340.1562594189754,0.0,0.0,107.90664272218555,7092.545055732522
1.1171875,59.906811418750884,108.66599162971232,108.66599194984315,97.02333057599505,-0.002354120142644693,2.721696709773822e-05,6.317951767645572e-06,5.757884277965404,0.88569416317578,0.9145473262059851,1.170712709270368,2.5616538306438286,0.3194621692246612,645.709589312008,30.598594686794524,0.5416928246486044,0.0,287.7606057257781,100622.39349555866,1.218151248321172,340.15292706982154,0.0,0.0,108.66599194984317,7192.146356733581
1.125,60.758725123199,109.42388168380076,109.42388201264997,96.9964338607862,-0.002419822310827048,2.8785907471197548e-05,7.005558713833296e-06,5.755242688250128,0.8830525734605044,0.9143286399487611,1.170740311739647,2.5641167179088598,0.32169342906461246,645.709589312008,31.035606307059904,0.5418881655609332,0.0,287.75506828669916,100612.40197546616,1.218053728604549,340.1495713817397,0.0,0.0,109.42388201265001,7292.235508455872
1.1328125,61.616562278736076,110.18281187143293,110.18281220905993,97.28961107827844,-0.002486634836388217,3.0400886054692237e-05,7.697888529060782e-06,5.752597324835259,0.8804072100456355,0.9141094400107868,1.1707681554367502,2.566587154259634,0.32392781305063806,647.5544738528995,31.47650693567131,0.5420851485336159,0.0,287.7494923451882,100602.34098321907,1.217955527029882,340.14619236118403,0.0,0.0,110.18281220905999,7393.143576200287
1.140625,62.48033099301708,110.9415248042407,110.94152515069958,96.94080334502779,-0.0025545575680305057,3.206191706285001e-05,8.390915185024605e-06,5.749951961420391,0.8777618466307666,0.9138900383794762,1.1707961965796663,2.5690615820019,0.3261616251176637,645.709589312008,31.920572344801897,0.5422834502318852,0.0,287.74387784854537,100592.21042372819,1.2178566425899278,340.1427899762185,0.0,0.0,110.94152515069962,7494.7031766041455
1.1484375,63.35001323497704,111.69625608865879,111.69625644400409,96.27030458893815,-0.0026235884245690766,3.3768895386014335e-05,9.084173671123896e-06,5.747317919104301,0.8751278043146775,0.9136713750227551,1.1708242930341375,2.571529180113824,0.32838379843089655,642.019820230225,32.36556390601077,0.5424820771800531,0.0,287.7382249139726,100582.01050846769,1.2177570772692847,340.13936429786736,9.709131692861716e-05,-9.041589265667023e-05,111.69625644400416,7596.401346978172
1.15625,64.2255778760963,112.44825395698386,112.44825432126076,96.24106120706777,-0.002693725544126873,3.5519698221682074e-05,9.000461719864216e-06,5.7446914241873985,0.8725013093977749,0.9134531385476128,1.1708529494574005,2.573998109097877,0.3305980027804658,642.019820230225,32.812182667137975,0.5426813396197783,0.0,287.73253374380533,100571.74160252293,1.2176568345518701,340.135915448746,0.00010885656414981831,-0.0001060761061035072,112.44825432126082,7698.397832427099
1.1640625,65.10702313765702,113.20253072114014,113.20253109448305,96.85371177670797,-0.002764971903967532,3.7308255795541e-05,8.824029319485869e-06,5.74205738187131,0.8698672670816858,0.9132340744461371,1.1708819511993958,2.576478767532586,0.3328189747233855,645.709589312008,33.263425246861516,0.5428825628024311,0.0,287.72680434960523,100561.4037267553,1.2175559145611803,340.13244343586075,0.0,0.0,113.20253109448309,7801.375709196716
1.171875,65.99437661154279,113.96033754674028,113.96033792931334,97.14475053439047,-0.0028373378544142673,3.912182490616426e-05,8.618373561092424e-06,5.739412018456441,0.867221903666817,0.9130138664359321,1.1709113111025333,2.5789744466660123,0.33505039353157084,647.5544738528995,33.72008804778979,0.5430860959908099,0.0,287.72103655202494,100550.99655755826,1.2174543140572462,340.1289481505271,0.0,0.0,113.96033792931335,7905.514399787356
1.1796875,66.88765278757234,114.71790462882271,114.71790502080414,96.79232739610738,-0.002910834936447085,4.094752054436656e-05,8.399022025515659e-06,5.736766655041572,0.8645765402519481,0.9127934553391281,1.170940876329644,2.581474209905159,0.3372811764689691,645.709589312008,34.179912460600434,0.5432909374694306,0.0,287.7152302568808,100540.51992499048,1.2173520312992958,340.12542953566975,0.0,0.0,114.71790502080414,8010.29672089578
1.1875,67.78683669372664,115.47271548759379,115.47271588917147,96.43915848491336,-0.0029854745354502927,4.277240616405833e-05,8.212865259595501e-06,5.73412883902589,0.8619387242362657,0.9125734705920598,1.1709705205057155,2.5839704991365564,0.3395039251572909,643.8647047711166,34.641346881619945,0.5434964000970444,0.0,287.70938556149076,100529.9740046487,1.21724906791941,340.1218876502634,0.0,0.0,115.47271588917151,8115.367957226014
1.1953125,68.69191004797223,116.22602141241681,116.2260218237955,96.40706903163043,-0.003061268764450833,4.458396260420634e-05,8.100984453741822e-06,5.7314947967098,0.8593046819201766,0.9123535985048823,1.1710002667170838,2.586466682122015,0.3417223187119893,643.8647047711166,35.10513788756625,0.5437028127797721,0.0,287.7035025846882,100519.35901095049,1.2171454259284393,340.118322566321,0.0,0.0,116.22602182379553,8220.897280873052
1.203125,69.60286761961275,116.97907439182892,116.97907481322346,96.37440447070034,-0.0031382312600091154,4.6370981579849396e-05,7.991288663951117e-06,5.728860754393711,0.8566706396040875,0.9121335242300773,1.1710302064117046,2.588966821816273,0.34394003850627713,643.8647047711166,35.572054657879484,0.5439105136274358,0.0,287.6975813604725,100508.67500524319,1.2170411058423987,340.1147343044463,0.0,0.0,116.97907481322348,8327.05849833003
1.2109375,70.51970741495494,117.73186993037412,117.7318703620132,96.34116419140906,-0.0032163766283298204,4.8122797284566314e-05,7.852035361359208e-06,5.726226712077622,0.8540365972879984,0.9119132474886283,1.171060358226588,2.5914711073795957,0.34615707174666804,643.8647047711166,36.04209615384369,0.5441195003701818,0.0,287.69162190180276,100497.92201090945,1.2169361078061363,340.1111228724925,0.0,0.0,117.73187036201321,8433.849924157423
1.21875,71.44242740516613,118.48440352784868,118.48440396997704,96.30734759295346,-0.0032957207887959338,4.982960297950412e-05,7.68885478359171e-06,5.723592669761533,0.8514025549719093,0.9116927680010052,1.1710907186921298,2.593979506911246,0.348373405624554,643.8647047711166,36.51526127505446,0.5443297707067272,0.0,287.6856242218664,100487.10005174408,1.2168304319680172,340.10748827845106,0.0,0.0,118.48440396997707,8541.269854351971
1.2265625,72.37102224657745,119.23541128294721,119.2354117358397,95.9505450748209,-0.0033762809211747213,5.1481741910769064e-05,7.604572239880345e-06,5.720962401145037,0.8487722863554135,0.9114724017965823,1.171121175703155,2.596487739065727,0.3505853243268149,642.019820230225,36.99075381566555,0.5445411215381444,0.0,287.67958835539724,100476.2091904194,1.2167240788555582,340.10383054337075,0.0,0.0,119.23541173583972,8649.133859126758
1.234375,73.30547343983783,119.98362864725395,119.98362911118925,95.59300994367489,-0.0034580750889523777,5.3069194848105244e-05,7.6059006705719696e-06,5.718339679927728,0.8461495651381041,0.9112524660675965,1.1711516726919358,2.598992066243393,0.3527891099220978,640.1749356893337,37.46776332147909,0.5447534583039949,0.0,287.673514422641,100465.24964390174,1.2166170505026621,340.10014974012046,0.0,0.0,119.98362911118927,8757.25287435442
1.2421875,74.24576572810787,120.73157103204291,120.73157150731815,95.88015440487108,-0.003541121832369516,5.4582044828196555e-05,7.65136539164087e-06,5.715716958710418,0.8435268439207948,0.9110323284986293,1.1711823355474655,2.601500070488363,0.35499215870251893,642.019820230225,37.94786046599663,0.544967057993039,0.0,287.6674025227673,100454.22159112831,1.2165093485716376,340.096445928797,0.0,0.0,120.73157150731815,8865.988475049968
1.25,75.19191007490421,121.48175507694644,121.4817555638835,96.1668741578068,-0.0036254422572508807,5.6011157975359854e-05,7.710699414425768e-06,5.713086690093923,0.840896575304299,0.9108113544487391,1.1712132863140132,2.6040193186527416,0.3572018709998652,643.8647047711166,38.432690136877504,0.545182643676892,0.0,287.6612525845131,100443.12490351539,1.2164009717210547,340.09271906621495,0.0,0.0,121.48175556388352,8975.711430036647
1.2578125,76.14391083750562,122.22913064821469,122.22913114713518,95.16118069484254,-0.003711058284348118,5.7348023339540445e-05,7.815868568768346e-06,5.7104639688766134,0.8382738540869896,0.910590811782528,1.1712442978859212,2.606534861033932,0.3594033980518195,638.3300511484423,38.91896724062304,0.545398765460295,0.0,287.6550645795562,100431.95952995944,1.2162919193654897,340.0889691352111,0.0,0.0,122.22913114713522,9085.676616492961
1.265625,77.10172634451862,122.97116985860936,122.97117036984397,94.80077022041525,-0.003797988801190808,5.858593611711973e-05,7.936193938653506e-06,5.707856342457677,0.8356662276680532,0.9103713374972737,1.1712752804202904,2.6090394292301666,0.36158930676121775,636.4851666075507,39.40498629375675,0.5456146722342704,0.0,287.6488387787606,100420.72595919603,1.2161821961918502,340.08519629992895,0.0,0.0,122.97117036984396,9195.49809230771
1.2734375,78.06534118144627,123.71544198103916,123.71544250494551,95.73280736718672,-0.0038862552747277027,5.971868221982856e-05,8.099463079033061e-06,5.705241168639554,0.8330510538499303,0.9101510264784642,1.1713065326741454,2.6115550619568118,0.3637818542237406,642.019820230225,39.895725294794815,0.5458325544309899,0.0,287.6425752823206,100409.42437201142,1.2160718038792577,340.0814006210863,-3.5196052081711495e-05,-0.00021347552654594484,123.71544250494554,9306.300011751897
1.28125,79.03478592565921,124.46194135946527,124.46194189639913,95.3709457967554,-0.003975882385023005,6.074144364697709e-05,8.244086789212799e-06,5.702618447422244,0.830428332632621,0.9099298767001994,1.17133809291178,2.614082162115806,0.3659810246015078,640.1749356893337,40.39121546214589,0.5460524226437581,0.0,287.6362738914832,100398.05440978426,1.2159607388374054,340.0775819782388,-4.5324922352636896e-05,-0.0002218158248787401,124.4619418963991,9418.087095300942
1.2890625,80.01004835419225,125.2043469071314,125.2043474574359,94.68478871370458,-0.004066891179890522,6.165029576368566e-05,8.38825528204084e-06,5.700007047303715,0.8278169325140913,0.909709479327603,1.1713696823829123,2.6166020305530924,0.3681682311106329,636.4851666075507,40.8872231726816,0.546272413951483,0.0,287.6299346856977,100386.61621586946,1.2158490023786057,340.0737404195328,-5.026627112231231e-05,-0.00021589745075100778,125.20434745743593,9529.902673256029
1.296875,80.9910931708461,125.94265315396916,125.94265371800037,94.32152613353882,-0.004159301055849139,6.24430839050393e-05,8.444463200126032e-06,5.697406968283965,0.8252168534943414,0.9094898367090977,1.171401349568143,2.6191151285904533,0.3703434575513284,634.6402820666593,41.38369524796081,0.5464925052954895,0.0,287.6235578943895,100375.1102042323,1.2157365984585704,340.06987608400004,-5.3389091037311085e-05,-0.00020883375370989534,125.94265371800039,9641.734652897056
1.3046875,81.9779015014076,126.68064899154953,126.680649569676,94.60532197270243,-0.004253132732741797,6.311944867450939e-05,8.465118717527475e-06,5.694806889264215,0.8226167744745915,0.9092699935260515,1.1714332242823249,2.6216323075627335,0.37251784550717143,636.4851666075507,41.88317468580703,0.5467138126417105,0.0,287.61714364024084,100363.53659623566,1.2156235291515087,340.06598904598593,-6.131669547962057e-05,-0.00020579257314762677,126.68064956967604,9754.155281403595
1.3125,82.97047419230084,127.41706311561545,127.4170637082055,93.91661238878396,-0.00434840844054041,6.368101088303308e-05,8.49032807177201e-06,5.692210583944059,0.8200204691544348,0.9090502690165234,1.1714652274713213,2.624149584547979,0.37468765694098816,632.7953975257678,42.38478700620841,0.5469359508543669,0.0,287.61069191775005,100351.8953819524,1.2155097942717288,340.0620793021565,-6.797338207102072e-05,-0.00018552324811544694,127.41706370820553,9866.966467903963
1.3203125,83.96878568780168,128.15062610400665,128.15062671141501,93.87542881183893,-0.004445147468205268,6.413023567205252e-05,8.531510158469988e-06,5.689621826023089,0.8174317112334647,0.9088309835838982,1.171497295755983,2.626663121720848,0.37684915906179034,632.7953975257678,42.88763649147791,0.5471585264241173,0.0,287.60420289302925,100340.18686110835,1.2153953966585123,340.05814695317576,-8.089982429838524e-05,-0.00017979714153522222,128.15062671141501,9979.96596661221
1.328125,84.97282028334423,128.88133142798173,128.88133205055826,93.18505623697456,-0.0045433685589346545,6.447026696330907e-05,8.630126856705872e-06,5.687040615501305,0.8148505007116811,0.9086121387008393,1.1715294022570522,2.629172635562128,0.37900233274429257,629.1056284439849,43.39168579570153,0.5473815227111514,0.0,287.5976766681582,100328.41121789173,1.2152803380222124,340.0541920609039,-0.00010174346030129809,-0.0001808128599973704,128.88133205055829,10093.14489683606
1.3359375,85.98254573827771,129.60790755236502,129.6079081904581,92.81835284927188,-0.004643089003710308,6.470456311020772e-05,8.802942165122803e-06,5.684470726078301,0.8122806112886772,0.9083940562227555,1.1715614786981319,2.631674224753764,0.38114343872669887,627.2607439030935,43.89600954046344,0.547604534507003,0.0,287.59111345270117,100316.56883043137,1.21516462196809,340.0502147523369,-0.00011337619276755086,-0.00015475087868239436,129.60790819045812,10206.295170479254
1.34375,86.99793637150974,130.3316162078493,130.3316168618166,92.45098548930022,-0.004744326550131545,6.483599555750056e-05,8.965150848394117e-06,5.681908384054484,0.8097182692648599,0.9081764178155339,1.1715936284027941,2.6341721058726018,0.38327618736328184,625.4158593622021,44.40144943300291,0.54782793037667,0.0,287.58451341358517,100304.6599999234,1.2150482513497773,340.04621512863264,-0.00011150510320946456,-0.00015514625120449787,130.33161686181666,10319.605496626506
1.3515625,88.01897306433995,131.053720805304,131.0537214754994,92.40771087639679,-0.0048470987867529946,6.486789993314363e-05,9.058741777868495e-06,5.6793498157302595,0.8071597009406358,0.9079589039867247,1.171625940357504,2.6366703637077924,0.38540429414690003,625.4158593622021,44.90887067487319,0.5480520882165454,0.0,287.57787667508177,100292.6849505982,1.214931228268787,340.04219326509957,-0.00010121277657365075,-0.00013295014811081426,131.05372147549946,10433.269251970123
1.359375,89.04564656808665,131.77421605316192,131.77421673992242,92.03899684530968,-0.004951422800390966,6.480355943651844e-05,8.998487874857232e-06,5.676795021105629,0.804604906316005,0.907741515338556,1.171658463667031,2.639169483284751,0.38752774372715093,623.5709748213105,45.41825331710194,0.5482769984064411,0.0,287.5712032973074,100280.64379092725,1.2148135536952258,340.0381491981683,-8.020577022960093e-05,-0.00012629394077094601,131.77421673992248,10547.281081705158
1.3671875,90.07793768208442,132.49182818547501,132.4918288890996,91.669634549668,-0.005057312647646193,6.464674708664356e-05,8.72612813785211e-06,5.674247773880184,0.8020576590905606,0.9075245740128892,1.1716911739221778,2.641665999092886,0.3896427902721372,621.7260902804192,45.92866455401894,0.5485022529185299,0.0,287.5644934050664,100268.53674610223,1.2146952297396412,340.03408300347024,-6.213701937168837e-05,-0.00012145950549582638,132.49182888909965,10661.431487359316
1.375,91.11582055425664,133.20528189499254,133.2052826157363,90.97444767286457,-0.005164778786482386,6.440430146595233e-05,8.383648081484053e-06,5.67171184775352,0.799521732963896,0.9073084033051254,1.1717239268925657,2.6441552358744023,0.3917456832030631,618.0363211986363,46.43914813126629,0.5487274345300857,0.0,287.5577471663973,100256.36411932461,1.214576259274941,340.02999478283675,-6.662506630232616e-05,-0.0001267212195306767,133.20528261573637,10775.50639192886
1.3828125,92.1592593701529,133.91457243238702,133.91457317049375,90.60385870319669,-0.0052738283971811425,6.408364910025302e-05,8.0191509601636e-06,5.669187242725635,0.7969971279360111,0.9070930055444449,1.171756690869629,2.646636853251841,0.3938364083592304,616.1914366577448,46.94965101851679,0.548952520759941,0.0,287.55096481409396,100244.12633063794,1.214456646316139,340.02588467734097,-5.511648283440327e-05,-0.00010295145215458206,133.91457317049384,10889.49407978642
1.390625,93.20822820255154,134.62096531007555,134.62096606575142,90.23264796328031,-0.005384469016030251,6.369278002580209e-05,7.174224371500599e-06,5.666670185096937,0.7944800703073127,0.9068780606557909,1.1717897923105685,2.6491173165477755,0.3959186874412907,614.3465521168533,47.46105091210585,0.5491778946294921,0.0,287.5441465166834,100231.82368412505,1.2143363937450402,340.0217527891101,0.0,0.0,134.6209660657515,11003.59053325601
1.3984375,94.26271433184378,135.32827156449864,135.32827233781418,90.83766291183501,-0.005496699471641145,6.323469104876636e-05,6.374963365051704e-06,5.664149353768645,0.7919592389790211,0.9066626020449406,1.1718230950264528,2.651604929815121,0.3980037288330223,618.0363211986363,47.97612371611024,0.5494047645336715,0.0,287.537292356843,100219.45632896564,1.214215502929311,340.0175991682469,0.0,0.0,135.3282723378142,11118.414297867874
1.40625,95.32273812358554,136.03775811982376,136.03775891085334,90.79081697996382,-0.005610517694956367,6.270946161427972e-05,5.6336046644962085e-06,5.661620975041167,0.789430860251543,0.9064463056204164,1.1718566519708162,2.6541034635039984,0.4000952592303127,618.0363211986363,48.49583125325356,0.5496336099856278,0.0,287.5304022021967,100207.02402630585,1.2140939714431107,340.0134237345312,0.0,0.0,136.03775891085343,11234.17654317505
1.4140625,96.38830334379661,136.74687653436018,136.74687734315802,90.74341942531443,-0.0057259197095731644,6.211724714853483e-05,4.968146362932281e-06,5.659092596313688,0.7869024815240648,0.9062298159213458,1.1718903347454537,2.656605188241079,0.40218578407890737,618.0363211986363,49.018423665082054,0.5498649300229437,0.0,287.5234760282653,100194.5267319766,1.213971798762933,340.00922647312876,0.0,0.0,136.74687734315808,11350.459359648838
1.421875,97.45940046607902,137.45307527855348,137.4530761051534,90.04339744150612,-0.005842899987610169,6.145826511251372e-05,4.404295254212879e-06,5.656571764985397,0.7843816501957732,0.9060137797924288,1.1719240075812394,2.6591022778881057,0.40426779931134565,614.3465521168533,49.54186584155577,0.5500965057718428,0.0,287.5165138969705,100181.96455770658,1.2138489858888541,340.00500742156413,0.0,0.0,137.45307610515349,11466.835734289583
1.4296875,98.53599339599016,138.1538023854425,138.1538032298578,89.34268283603922,-0.005961449949287915,6.073285500154438e-05,3.976125736276842e-06,5.654066028455478,0.7818759136658546,0.9057988463830267,1.1719575271682516,2.6615868078522498,0.40633379907290995,610.6567830350704,50.06419831025267,0.5503274814579107,0.0,287.50951604292607,100169.3379268231,1.213725536867208,340.00076672201317,0.0,0.0,138.15380322985783,11582.870054918318
1.4375,99.61805264446717,138.8541516011207,138.85415246339207,89.94662319569358,-0.00608156166405567,5.994133091992087e-05,3.7205785518185568e-06,5.65156029192556,0.779370177135936,0.9055837223832501,1.1719911108214616,2.6640738843821143,0.40839876477970505,614.3465521168533,50.589221100551825,0.5505595175434175,0.0,287.50248265781096,100156.64718518344,1.2136014549871785,339.99650449063347,0.0,0.0,138.85415246339215,11699.406654681634
1.4453125,100.70559847709619,139.55794235661745,139.55794323680672,90.22372452978168,-0.006203232707801955,5.9083787783897106e-05,2.6220963267779865e-06,5.649043234296862,0.7768531195072377,0.905367434297995,1.1720255421753667,2.6665810787737163,0.4104739307593109,616.1914366577448,51.11985005858383,0.5507938844155587,0.0,287.49541360989883,100143.89209510625,1.213476737832247,339.9922206475987,0.0,0.0,139.55794323680678,11817.091012186907
1.453125,101.79864448149239,140.26134441190533,140.261345310086,89.84713385396567,-0.006326461421331756,5.817184141835206e-05,1.8039638937024603e-06,5.646526176668163,0.7743360618785393,0.9051509533828271,1.1720599753409278,2.669090219581006,0.4125480320457334,614.3465521168533,51.65319406171195,0.5510293178165556,0.0,287.48830881087025,100131.07249723158,1.2133513837508272,339.9879151393874,0.0,0.0,140.26134531008609,11935.279514647842
1.4609375,102.89716766731497,140.9592490681674,140.95924998437434,88.8164118848733,-0.006451242959704376,5.722337743699369e-05,1.8540422133396516e-06,5.644024213837838,0.771834099048214,0.9049355793500926,1.1720938146715651,2.6715823532147254,0.41460604257439904,608.811898494179,52.18530758881732,0.5512640976029277,0.0,287.4811684101624,100118.18866119758,1.2132253952857324,339.98358805655846,0.0,0.0,140.95924998437442,12053.097156668944
1.46875,104.00111842198245,141.6516524155837,141.65165334981154,88.43878120930147,-0.006577568761494056,5.625685828157899e-05,2.626115645658148e-06,5.641537345805886,0.7693472310162617,0.9047213154012628,1.1721271425044524,2.674058271031896,0.41664795038293356,606.9670139532875,52.71612054217745,0.5514981951595463,0.0,287.47399273025707,100105.2411688767,1.2130987780333233,339.9792395945358,0.0,0.0,141.65165334981162,12170.529278917416
1.4765625,105.1104637204666,142.3398256904732,142.33982664274998,87.7335258376986,-0.006705431180939148,5.529056044606318e-05,3.5076333273175234e-06,5.639061798872713,0.766871684083089,0.9045078391619057,1.1721603792448572,2.6765254008295147,0.4186774942852855,603.2772448715046,53.246558830994324,0.551732015220402,0.0,287.46678198581697,100092.23040759719,1.2129715356879742,339.97486988340506,0.0,0.0,142.33982664275,12287.78146743566
1.484375,106.22516717212478,143.0237648450911,143.0237658155035,87.35483706645425,-0.006834825212579306,5.434386354852593e-05,4.425419093647484e-06,5.63659757303832,0.7644074582486962,0.904295152956188,1.1721935649541062,2.678984119979182,0.42069466210189266,601.4323603306132,53.77656918011414,0.5519655357594937,0.0,287.45953641338116,100079.15680416029,1.2128436723304188,339.97047906650903,0.0,0.0,143.0237658155036,12404.842333567938
1.4921875,107.34520233610525,143.7047433229298,143.70474431159204,86.97559378733486,-0.006965750107834791,5.34351440043375e-05,5.266311545001424e-06,5.634140894603114,0.7619507798134898,0.9040829329701404,1.1722268265245865,2.681438935544461,0.4227031993953753,599.5874757897218,54.3071069968024,0.5521991729934437,0.0,287.45225618481527,100066.02066867288,1.2127151909003786,339.96606724799807,0.0,0.0,143.7047443115921,12521.92316660868
1.5,108.4705493967086,144.38403606695297,144.38403707397316,86.92327758377117,-0.007098206793811218,5.25808002612988e-05,5.8218552643360294e-06,5.6316879898675,0.7594978750778767,0.9038708542502758,1.1722603486495973,2.6838949439932147,0.42470685635986455,599.5874757897218,54.83915081373889,0.552433352066944,0.0,287.44494142892137,100052.82223353989,1.212586093577691,339.9616345059263,0.0,0.0,144.38403707397322,12639.239671230529
1.5078125,109.60120183031817,145.0629181733819,145.06291919876935,86.87047053671961,-0.007232191862375083,5.1786179644306926e-05,6.421466923293655e-06,5.629235085131888,0.7570449703422636,0.9036585907064026,1.1722939994917185,2.6863540878531587,0.4267093838972403,599.5874757897218,55.37370112483447,0.5526685065367718,0.0,287.4375921881029,100039.56157527244,1.2124563810172464,339.9571808659904,0.0,0.0,145.06291919876944,12757.011689080759
1.515625,110.73715641384887,145.74138580767683,145.74138685143723,86.81717269256251,-0.007367699578412957,5.105104521117378e-05,7.049729754277189e-06,5.626782180396274,0.7545920656066505,0.9034461420968082,1.1723277877916471,2.6888164569483894,0.42871077103676847,599.5874757897218,55.9107540570044,0.5529046333886474,0.0,287.43020848330997,100026.23873167191,1.212326053494957,339.9527063408858,8.058345009907669e-05,0.00011708066008771345,145.74138685143728,12875.237193957808
1.5234375,111.87840989425973,146.41943513566224,146.41943619784288,86.76338416473686,-0.0075047241590210844,5.0375157749515834e-05,7.109259520417268e-06,5.624329275660661,0.7521391608710374,0.9032335081793573,1.1723620663617509,2.6912855818239354,0.43071100680747443,599.5874757897218,56.45030566996744,0.5531417295852823,0.0,287.4227903356873,100012.85374089102,1.212195111289796,339.9482109434265,6.704668598663045e-05,0.00015674187557281944,146.4194361978429,12993.914147128451
1.53125,113.02495565133079,147.0957808564644,147.09578193734174,86.38106357726112,-0.007643271605724,4.976530800744374e-05,7.153581754538805e-06,5.621880144624641,0.7496900298350175,0.9030210162686945,1.1723964426242734,2.69375426355579,0.43270631057677983,597.7425912488302,56.99131265104386,0.5533793421121562,0.0,287.4153377882663,99999.40668057384,1.2120635550667271,339.9436946996894,7.130705130351143e-05,0.00015522046048524265,147.09578193734183,13112.812028499175
1.5390625,114.17677034775491,147.76785559760398,147.76785669748728,85.670029513268,-0.007783353269814896,4.923204132810394e-05,7.05575883176488e-06,5.619442334687402,0.7472522198977775,0.9028093226619532,1.1724308592763972,2.6962153661444397,0.4346891299507146,594.0528221670475,57.53166432137328,0.5536165573622502,0.0,287.40785099273955,99985.89782442788,1.21193138740871,339.93915770160015,7.232268465012106e-05,0.00014881442545852482,147.76785669748733,13231.466631007837
1.546875,115.33381058323315,148.43309062466926,148.43309174384922,84.63011515059482,-0.007924980609016136,4.8783274403386505e-05,6.904626337175193e-06,5.617023393248127,0.7448332784585037,0.9025990859267637,1.1724651289326582,2.6986604300589443,0.4366519080181949,588.518168544373,58.0692051173927,0.5538524447259113,0.0,287.40033023120895,99972.32768146593,1.2117986132011713,339.93460012011263,8.65274129782555e-05,0.00015468528511634346,148.4330917438493,13349.405415616877
1.5546875,116.49602625040174,149.09404841937575,149.094049558215,84.57501400579804,-0.008068164209505799,4.842544955643284e-05,6.612657865642661e-06,5.614615772907634,0.7424256581180095,0.9023896532562837,1.1724994305328047,2.7010977727652095,0.4386021823376476,588.518168544373,58.605963393377905,0.5540878837135605,0.0,287.39277582937234,99958.69683936337,1.211665238099855,339.93002215259963,0.0,0.0,149.0940495582151,13467.074864782291
1.5625,117.66340396404188,149.75457391431686,149.75457507322065,84.51944666562537,-0.00821292231381293,4.816223808410898e-05,6.153800718326338e-06,5.612208152567139,0.7400180377775154,0.9021800408938381,1.1725339758785254,2.703539349846873,0.4405512637928395,588.518168544373,59.14507288005579,0.5543242288420245,0.0,287.3851878742337,99945.00545510642,1.211531263546738,339.9254238517856,0.0,0.0,149.75457507322076,13585.16220647418
1.5703125,118.83594033258548,150.41466346779836,150.4146646472568,84.46341329103598,-0.008359276304192571,4.799567439084976e-05,5.704946100672614e-06,5.609800532226645,0.7376104174370213,0.9019702486080656,1.172568660134896,2.705984115268303,0.44249914195462764,588.518168544373,59.686529278890255,0.554561477059517,0.0,287.37756638783816,99931.25356847246,1.2113966898366735,339.92080523102993,0.0,0.0,150.41466464725684,13703.665415698275
1.578125,120.01362524440331,151.07174392581123,151.07174512632022,83.74915280938868,-0.00850725081171831,4.7925853115346405e-05,5.367252640711814e-06,5.607400459285337,0.7352103444957137,0.9017609346697564,1.1726032887459197,2.708423540761633,0.4444382471046803,584.82839946259,60.228178845910946,0.5547986984894903,0.0,287.3699114359114,99917.44129805396,1.2112615180355024,339.9161663301623,0.0,0.0,151.07174512632028,13822.112272468568
1.5859375,121.19642848907674,151.72581284283677,151.72581406490056,83.69242619729948,-0.008656867763588977,4.795252521003514e-05,5.057775479363691e-06,5.605007933743217,0.7328178189535925,0.9015521005389501,1.1726379085385912,2.710858079996411,0.44636857188007123,584.82839946259,60.76998571514265,0.5550358782647136,0.0,287.362223214821,99903.56899816851,1.211125751515958,339.9115072681815,0.0,0.0,151.72581406490062,13940.49501217526
1.59375,122.38433321404857,152.3768651028231,152.37686634697985,82.97692515551348,-0.008808151768863076,4.807269940368927e-05,4.911464322368029e-06,5.602622955600282,0.730432840810658,0.901343747674306,1.1726724375042958,2.713286898299898,0.4482901011244442,581.1386303808073,61.31191171178558,0.555273000598974,0.0,287.35450183410865,99889.63686646837,1.2109893921177033,339.90682811146985,0.0,0.0,152.37686634697988,14058.805389654524
1.6015625,123.5773091446106,153.02489837965234,153.02489964642686,82.91952761159317,-0.008961126304118739,4.8283371629626695e-05,4.899129257348638e-06,5.6002455248565335,0.7280554100669099,0.9011358775330809,1.1727068907399243,2.715710132068434,0.45020282781387166,581.1386303808073,61.85395785154134,0.5555103809623924,0.0,287.34674749056,99875.64525802512,1.2108524432212464,339.9021289792794,0.0,0.0,153.02489964642692,14177.03571609257
1.609375,124.77534272682968,153.67119431741162,153.67119560736384,82.53218996614848,-0.009115816161251091,4.858037341228471e-05,5.044323691183776e-06,5.597871867812379,0.7256817530227551,0.900928161198654,1.1727413206891666,2.7181315949051252,0.45211052252876144,579.2937458399157,62.39745938214724,0.5557509212381861,0.0,287.3389602722756,99861.59433180369,1.2107149062877944,339.897409924999,0.0,0.0,153.67119560736393,14295.417194934293
1.6171875,125.97841367078578,154.31446238958029,154.31446370337588,82.14439557208986,-0.00927224966532358,4.895666282955003e-05,5.307470651324449e-06,5.595505758167411,0.7233156433777868,0.9007209299393845,1.1727756804965737,2.7205475055718917,0.45400938842371685,577.4488612990243,62.94098392227598,0.5559913480290294,0.0,287.33114031113985,99847.48432577083,1.2105767835518457,339.89267102855075,0.0,0.0,154.3144637033759,14413.70445338645
1.625,127.18650166171433,154.9559870684574,154.95598840656024,82.08586277085288,-0.009430451752808447,4.940451250841887e-05,5.666694330077209e-06,5.5931434222220355,0.7209533074324117,0.9005138542785195,1.1728100502505747,2.722961959720552,0.45590320445964194,577.4488612990243,63.485605041550606,0.5562321290109317,0.0,287.32328773919886,99833.31547818468,1.2104380772508472,339.8879123699545,0.0,0.0,154.95598840656024,14532.131212473705
1.6328125,128.39958970630556,155.59318708133074,155.59318844426247,81.03734290484081,-0.009590443322117833,4.991599464008568e-05,6.085733474544365e-06,5.5907924073754405,0.7186022925858164,0.9003075972532866,1.1728443106453832,2.725367133920966,0.45778437607577976,571.91420767635,64.02906867487323,0.5564722848586425,0.0,287.315402666909,99819.08798834831,1.210298789240964,339.88313401614687,0.0,0.0,155.59318844426244,14650.207105867636
1.640625,129.61762723038652,156.2234829277482,156.22348431597135,80.31837940593074,-0.009752241521120437,5.04821439828626e-05,6.510153441463593e-06,5.588460261026811,0.7162701462371873,0.9001028241240319,1.1728783507145486,2.7277552659051674,0.45964531331445085,568.224438594567,64.56907974137647,0.5567108211160227,0.0,287.30748542300245,99804.80244941199,1.2101589252344895,339.8783361663395,-0.00016517336698023668,0.00014265659373846756,156.22348431597138,14767.434463273075
1.6484375,130.84059050495702,156.85718758728382,156.8571890013525,81.9098517911302,-0.009915865514043653,5.109398765563115e-05,6.7744913652845895e-06,5.586116793579403,0.7139266787897786,0.8998968847220823,1.1729128261796042,2.7301594145752195,0.46151635909310873,577.4488612990243,65.11457625379411,0.5569516194322067,0.0,287.29953616171775,99790.45913967716,1.2100184878617837,339.87351891400095,-0.00015352826134895853,0.00011461308326442949,156.85718900135254,14885.754972869341
1.65625,132.06853972087933,157.49816321852995,157.49816465897877,82.17983045245883,-0.010081344053300776,5.174146530986079e-05,6.926924628740856e-06,5.583750683934434,0.7115605691448103,0.8996887801910051,1.1729479231013116,2.732591429103065,0.4634088781642006,579.2937458399157,65.66899809212002,0.5571961671420496,0.0,287.2915544918143,99776.05735320583,1.2098774701157842,339.8686820220395,-0.00012587781533126064,8.175149088871168e-05,157.49816465897874,15005.91176387168
1.6640625,133.30148798682737,158.13479277182958,158.1347942390134,80.79736369107616,-0.01024869565817499,5.2413276231441666e-05,6.93366898481106e-06,5.581395895388246,0.7092057805986217,0.8994814961970535,1.172983027198748,2.7350153100169448,0.4652886903595447,571.91420767635,66.22218273409109,0.5574400545379018,0.0,287.2835403280856,99761.59693625526,1.209735870394866,339.8638254388199,-0.0001218921746913924,7.867862923049898e-05,158.13479423901342,15125.698461725746
1.671875,134.5393643648092,158.75932900479685,158.75933049893837,79.08397012637259,-0.010417922670353064,5.309773065966313e-05,6.903886644795574e-06,5.579075070138396,0.7068849553487724,0.8992770306646753,1.173017642445406,2.737406117807306,0.467132999612849,562.6897849718927,66.76720734907546,0.5576802867042587,0.0,287.2754941316287,99747.07872080918,1.2095936967499337,339.85894944376696,-0.00012473552278443584,8.512410102196764e-05,158.75933049893845,15243.61729716896
1.6796875,135.78207100418936,159.3717698296907,159.3717713509768,77.70092393431435,-0.010589021418160208,5.3782954460648966e-05,6.8631940279986555e-06,5.576788208184886,0.7045980933952624,0.8990753908483041,1.1730517449926579,2.739763541443537,0.46894179803703606,555.310246808327,67.30392539898672,0.5579168083449744,0.0,287.26741653847273,99732.5038544916,1.2094509603245727,339.85405442231445,-0.00010836141683017248,3.725278841020938e-05,159.37177135097684,15359.641081048581
1.6875,137.0295335890317,159.97857358182176,159.9785751304305,77.64078711138593,-0.010761989725099612,5.44579347091128e-05,5.89965557565096e-06,5.574516441029749,0.7023263262401254,0.8988749181827919,1.1730862251252498,2.7421130694245797,0.47073408753178014,555.310246808327,67.83797534545171,0.558152065083079,0.0,287.25930803167125,99717.8732089039,1.2093076695611047,339.8491406671928,0.0,0.0,159.97857513043058,15474.992966479047
1.6953125,138.28173498896828,160.58490598312386,160.58490755903574,77.58025809151474,-0.010936821396424093,5.511896490094509e-05,4.9534203267516055e-06,5.5722446738746125,0.7000545590849884,0.8986742820545305,1.1731208133761446,2.744465313216141,0.4725250678477124,555.310246808327,68.37393753971097,0.5583880388632501,0.0,287.25116872257166,99703.18698495657,1.2091638263341837,339.84420824587846,0.0,0.0,160.58490755903583,15590.663664680522
1.703125,139.538678245993,161.19335064673803,161.19335224995558,78.18147642190097,-0.011113507714839562,5.576613223125329e-05,4.025961746108559e-06,5.569965359320289,0.6977752445306649,0.8984728148815788,1.173155654072963,2.7468283919138425,0.47432234169615095,559.0000158901098,68.91414301829286,0.558625735233559,0.0,287.24299859140103,99688.44514697214,1.2090194302011008,339.83925714638906,0.0,0.0,161.19335224995567,15707.155351731211
1.7109375,140.8003764722047,161.8000212205674,161.8000228510475,77.12621554344152,-0.011292041425904663,5.639952069209249e-05,3.121073023507946e-06,5.567689818465558,0.6954997036759346,0.8982715167187241,1.1731905271613774,2.749190104426533,0.4761144736995979,553.4653622674355,69.4550949809219,0.5588636428047498,0.0,287.2347975529307,99673.64754116765,1.2088744795617603,339.834287317076,0.0,0.0,161.8000228510476,15823.712034732536
1.71875,142.06677536347217,162.39585767849283,162.3958593360914,75.40799991753353,-0.011472405480643577,5.701923611195839e-05,2.2480514247000313e-06,5.565444467207574,0.6932543524179503,0.8980727278301998,1.1732249119949425,2.751521841647427,0.4778748031067999,544.2409395629782,69.98852070275439,0.5590981950700317,0.0,287.2265659601374,99658.79480443956,1.208728980561157,339.8292989718433,0.0,0.0,162.39585933609146,15938.55122721268
1.7265625,143.33779027863702,162.98344952218653,162.98345120678053,75.01549326835183,-0.011654578362813814,5.76253951260447e-05,1.4378655418561649e-06,5.563221758147149,0.6910316433575255,0.8978757854896616,1.1732589304482417,2.7538314495858005,0.47961094845388225,542.3960550220868,70.51666488099278,0.5593303662374846,0.0,287.21830436318885,99643.88792948682,1.2085829428311317,339.8242924440924,0.0,0.0,162.98345120678061,16052.160173491846
1.734375,144.61338377348468,163.56797366418752,163.5679753757031,74.62266936325773,-0.011838545346434233,5.8218099963149816e-05,8.405628666979593e-07,5.561006596485911,0.6888164816962873,0.8976793552507725,1.173292784591419,2.7561342934064648,0.48133814305323674,540.5511704811953,71.04419130758203,0.5595621695537798,0.0,287.2100130054723,99628.92735546731,1.2084363705820833,339.81926788131625,0.0,0.0,163.56797537570318,16165.54490594389
1.7421875,145.89352174720247,164.1455399018961,164.14554164021357,73.23435560276927,-0.012024292168546086,5.879745235347572e-05,9.473670318873481e-07,5.558810303322639,0.6866201885330152,0.8974844436239597,1.173325958967461,2.758415153435012,0.4830449385642382,533.1716323176295,71.56747764096704,0.559792047638922,0.0,287.20169210864316,99613.91348232642,1.2082892676408516,339.81422541783775,0.0,0.0,164.14554164021362,16277.927318354612
1.75,147.1781430928696,164.71744514077815,164.71744690584748,73.17334342827246,-0.012211800615190577,5.9363563376842974e-05,1.6051116942274427e-06,5.55662910495774,0.6844389901681162,0.8972907191006406,1.1733586145694137,2.7606789546877306,0.4847351505753598,533.1716323176295,72.08764853923975,0.56002048822986,0.0,287.19334206989635,99598.84702674592,1.208141640938436,339.8091652943572,0.0,0.0,164.71744690584757,16389.55122781856
1.7578125,148.46722720520836,165.28757545060037,165.28757724228495,72.78000291712087,-0.012401061573231405,5.9915019851387235e-05,2.3807374036879887e-06,5.554451680292434,0.6822615655028104,0.8970971779866662,1.173391228047865,2.7629405006119887,0.48642021469949376,531.326747776738,72.60825763314168,0.5602490217016871,0.0,287.1849630231661,99583.72823039119,1.2079934927523437,339.8040875920387,0.0,0.0,165.28757724228504,16501.18095818881
1.765625,149.7607500750784,165.85333426945198,165.8533360876451,72.05427269640757,-0.01259205888063371,6.045344896828444e-05,2.201794690549091e-06,5.552285576725908,0.6800954619362843,0.8969044925331721,1.1734242804975483,2.7651978796437624,0.48809248936720234,527.6369786949551,73.1268619213387,0.5604765992323422,0.0,287.176555124512,99568.55737484922,1.2078448257515297,339.79899240545427,0.0,0.0,165.85333608764526,16612.292556646862
1.7734375,151.05867416631682,166.41472046687488,166.4147223118648,71.6605841203561,-0.012784788188276636,6.097838895531531e-05,1.981013969523256e-06,5.550130794258162,0.6779406794685381,0.8967126649211123,1.1734572303263495,2.7674456540523718,0.48975197072245946,525.7920941540636,73.64341367302639,0.5607032026013778,0.0,287.16811861791894,99553.33490035628,1.2076956441600954,339.7938798824589,0.0,0.0,166.41472231186492,16722.87692650947
1.78125,152.36097207015885,166.97302996034085,166.97303183251142,71.26663784409851,-0.012979257409071441,6.148923616693015e-05,1.808082608265487e-06,5.5479835591896025,0.6757934443999783,0.8965213609836541,1.1734900977603824,2.7696873677672826,0.4914024721775814,523.9472096131723,74.15908671112518,0.5609293375884823,0.0,287.15965368154394,99538.06112837125,1.2075459510387037,339.7887501310156,0.0,0.0,166.97303183251154,16833.186548029033
1.7890625,153.6676163592837,167.52696183833189,167.52696373802272,70.53994726570052,-0.013175478662466893,6.198310150215434e-05,1.6858080846988927e-06,5.545847645219823,0.6736575304301984,0.8963309187103718,1.173522802927059,2.7719188421668717,0.4930401647728897,520.2574405313893,74.6726193702455,0.56115446473385,0.0,287.15116049366463,99522.73638057066,1.2073957494505771,339.78360325916077,0.0,0.0,167.5269637380228,16942.952050374362
1.796875,154.9785728308455,168.0778146542104,168.07781658173846,70.47833686226649,-0.013373460685208487,6.245746943143867e-05,1.5296025634443448e-06,5.543719278649228,0.6715291638596048,0.8961410034056453,1.1735554695667245,2.774144661610792,0.49466886974270313,520.2574405313893,75.18519800500208,0.5613790945572352,0.0,287.1426392765995,99507.36105809655,1.2072450432383035,339.77843940161927,0.0,0.0,168.07781658173855,17052.42824404145
1.8046875,156.29382080052048,168.62428515280442,168.6242871083858,69.41817102711323,-0.013573211488084989,6.291181429687707e-05,2.2154674431978965e-06,5.541602233177414,0.669412118387791,0.8959519535688212,1.1735875017368602,2.7763554816803904,0.49628475114080284,514.722786908715,75.6955493020706,0.5616026833283899,0.0,287.1340901647966,99491.93540354139,1.2070938346908833,339.77325863986675,0.0,0.0,168.62428710838591,17161.343702244063
1.8125,157.61330571674182,169.16247290999956,169.16247489353833,68.35795911993075,-0.013774719692153405,6.334610782449761e-05,2.9780707865868727e-06,5.539507829903161,0.6673177151135368,0.8957647834661341,1.1736191166967538,2.7785433323061968,0.49787632863922576,509.1881332860406,76.19989723116447,0.5618236176956328,0.0,287.12551351284117,99476.46005670363,1.2069421299915004,339.76806118878176,0.0,0.0,169.16247489353847,17268.89354502682
1.8203125,158.93696964527862,169.69497945335607,169.69498146462962,67.96371652890201,-0.01397797024267284,6.37606689116144e-05,3.7587865284944624e-06,5.537428521427279,0.6652384066376555,0.8955788222786789,1.1736504989457441,2.7807167666706523,0.49945125791372313,507.34324874514914,76.70065179594633,0.5620429332877499,0.0,287.1169096973057,99460.93569705471,1.2067899357134897,339.76284727656724,0.0,0.0,169.6949814646297,17375.59484792189
1.828125,160.26478174744645,170.22440499086227,170.22440702981987,67.56919086707735,-0.014182944460500753,6.415552839221517e-05,4.545586949045675e-06,5.535356760350584,0.6631666455609608,0.8953933971368118,1.1736820414586397,2.78288644321828,0.5010171913745394,505.49836420425765,77.2007498256183,0.5622652489039994,0.0,287.1082789186416,99445.36268628073,1.206637255315777,339.7576170246968,0.0,0.0,170.22440702982,17481.970961574203
1.8359375,161.59671455334268,170.74944539505347,170.74944746158107,66.84119000486392,-0.0143896315980808,6.453182769432268e-05,4.093265170234086e-06,5.53329632037267,0.6611062055830459,0.8952088475304407,1.1737144820760264,2.7850563454558563,0.5025702902072544,501.8085951224748,77.69867491770431,0.5624883250505301,0.0,287.09962135540326,99429.74134655761,1.2064840918704558,339.7523705413744,0.0,0.0,170.74944746158116,17587.747346206845
1.84375,162.9327371948118,171.27270499901198,171.27270709349517,67.11320288010884,-0.01459803068123776,6.489301233537819e-05,3.531197938205665e-06,5.531239654094348,0.6590495393047241,0.8950244988115024,1.1737474613311198,2.787229625196175,0.5041182193657224,503.6534796633662,78.19665142378106,0.5627113252260711,0.0,287.0909372082337,99414.07203991707,1.206330448840912,339.74710794818964,0.0,0.0,171.27270709349523,17693.453887024127
1.8515625,164.27284252745144,171.7928769263119,171.79287904919963,66.050886458408,-0.014808156828185598,6.524518452311574e-05,2.8405772121834918e-06,5.529190535215212,0.6570004204255888,0.8948406902130102,1.1737808985275824,2.7894020831457222,0.5056571321131361,498.1188260406919,78.69338739295992,0.5629336862003547,0.0,287.08222652357153,99398.354850151,1.2061763269626247,339.74182927328434,0.0,0.0,171.79287904919968,17798.816305683686
1.859375,165.61698267864944,172.306053009092,172.30605516082903,65.32223461478124,-0.015020022806632788,6.55935187205695e-05,1.938182299507158e-06,5.527160284834044,0.6549701700444198,0.8946584397306822,1.1738145769714208,2.791561372407386,0.5071755244408137,494.429056958909,79.1850255456094,0.5631537269244505,0.0,287.07348961258873,99382.59033872488,1.206021731655464,339.7365347052288,0.0,0.0,172.30605516082912,17903.01671663937
1.8671875,166.96511317630635,172.81484011357335,172.8148422949113,64.92727395426493,-0.015233648107745155,6.59429216561557e-05,1.0209198673344482e-06,5.525141355551654,0.6529512407620306,0.8944770726948709,1.1738485271469645,2.7937145445209364,0.5086810686605393,492.5841724180175,79.67405635511479,0.563372538178277,0.0,287.06472676435396,99366.77902722196,1.2058666679492263,339.7312244191985,0.0,0.0,172.8148422949114,18006.58576077194
1.875,168.31720651849665,173.32054102350435,173.3205432350739,64.53217033590016,-0.015449059480614823,6.629937271435794e-05,8.361928371547823e-07,5.523129973668452,0.6509398588788279,0.8942962518151636,1.1738823792809698,2.7958612746580624,0.5101775990242109,490.7392878771261,80.16172089489406,0.5635906635705688,0.0,287.0559381576297,99350.92123819368,1.2057111389225796,339.7258985235236,0.0,0.0,173.32054323507398,18109.78776157328
1.8828125,169.67323859003574,173.82315464992647,173.8231568921942,64.136930860777,-0.015666275093133994,6.667177628294904e-05,1.5459909855537687e-06,5.521126139184435,0.6489360243948117,0.8941159784300132,1.1739160255818528,2.798000471518396,0.5116651119651758,488.89440333623463,80.64798814244621,0.5638080914118222,0.0,287.04712394916476,99335.01725447079,1.2055551472650983,339.7205571131939,0.0,0.0,173.82315689219425,18212.616893570328
1.890625,171.0331886665321,174.32398513350014,174.3239874071412,64.07564916848428,-0.01588531421429758,6.707056930236486e-05,2.492728670398223e-06,5.519126078400013,0.6469359636103887,0.8939359140082493,1.1739499321509625,2.800140181427132,0.5131474460626791,488.89440333623463,81.13412323994656,0.5640253740485127,0.0,287.0382842736675,99319.06731911565,1.205398695276682,339.7152002698425,0.0,0.0,174.32398740714126,18315.341628773716
1.8984375,172.39703940750007,174.82041893168096,174.8204212372824,63.01149567598943,-0.0161062009051089,6.750616752688783e-05,3.4479367957806237e-06,5.517137338714369,0.6449472239247455,0.8937567393723048,1.1739840431146567,2.802273037423518,0.5146169077142289,483.3597497135603,81.61750561577831,0.5642413726804598,0.0,287.02941924385124,99303.07163550309,1.2052417848682322,339.70982806177386,0.0,0.0,174.82042123728243,18417.407994446075
1.90625,173.76474286666894,175.31115182912566,175.3111541673747,62.61614420519559,-0.016328954463693854,6.799311184894387e-05,4.377797841417521e-06,5.515163693827099,0.6429735790374752,0.8935787969442016,1.1740182703306432,2.8043947338644157,0.5160696569569648,481.5148651726688,82.09678854049218,0.5644555048274618,0.0,287.0205291713666,99287.03076596254,1.205084421472399,339.7044406778482,0.0,0.0,175.31115416737472,18518.53277203605
1.9140625,175.13626470763228,175.7974890653309,175.79749143663346,61.886247594921876,-0.016553591257560063,6.854487380276363e-05,4.990821339892557e-06,5.513201370038608,0.6410112552489847,0.893401748910919,1.174052860455773,2.80651111544854,0.5175095353244412,477.82509609088595,82.5732256307817,0.5646683188571893,0.0,287.01161427940036,99270.94511320248,1.2049266089568973,339.69903825331664,0.0,0.0,175.79749143663346,18618.982626023404
1.921875,176.51156038010853,176.27681713672203,176.27681954143844,60.82184118789126,-0.01678011922283825,6.917224593886702e-05,5.355324753625172e-06,5.511257914748084,0.6390677999584605,0.8932262789966828,1.1740875676210278,2.80861288624345,0.518928848417483,472.29044246821155,83.04414446348078,0.5648786575632148,0.0,287.00267485752926,99254.81519972307,1.2047683523655366,339.69362096366274,0.0,0.0,176.27681954143847,18718.195003989807
1.9296875,177.8905751323803,176.75044532051638,176.7504477589631,60.42699815088172,-0.017008541819608734,6.98834719292522e-05,5.578350748033809e-06,5.509329554255933,0.6371394394663094,0.8930520495975951,1.174122403159597,2.8107035356200183,0.5203314494581593,470.4455579273202,83.5107996124724,0.5650870699616779,0.0,286.99371126163953,99238.64166767019,1.2046096579171628,339.6881890245536,0.0,0.0,176.7504477589632,18816.436987743986
1.9375,179.2732814607515,177.222296452492,177.2222989250196,60.366875663007,-0.017238865152671378,7.068346616918543e-05,4.931811637069813e-06,5.507404967463375,0.6352148526737514,0.8928780395049312,1.174158071710703,2.812800322057718,0.521728886188245,470.4455579273202,83.97711054692228,0.5652952591609857,0.0,286.9847236705051,99222.42483961611,1.2044505286960174,339.68274254432606,0.0,0.0,177.2222989250196,18914.536473036485
1.9453125,180.65966888160932,177.69236863792608,177.69237114437908,59.97162954773667,-0.017471086211332424,7.15719547047405e-05,4.505377853616831e-06,5.505484154370411,0.6332940395807868,0.8927042493065065,1.1741939237336232,2.814896744271167,0.5231211528956945,468.6006733864287,84.4430595760471,0.565503218349678,0.0,286.9757121522695,99206.16483851605,1.2042909658279581,339.67728156427535,0.0,0.0,177.69237114437917,19012.48997699899
1.953125,182.04971667883322,178.15935272418045,178.15935526483185,59.57632348213659,-0.017705199210564536,7.254128154149342e-05,3.8074143558526838e-06,5.503570888676633,0.6313807738870085,0.8925310213815025,1.1742301419384866,2.816991205569841,0.5245043952154308,466.7557888455372,84.90729643212029,0.5657103636368057,0.0,286.96667684158757,99189.86190733538,1.2041309716167155,339.67180616600206,0.0,0.0,178.15935526483196,19110.01360182105
1.9609375,183.44339731506057,178.62193897881548,178.62194155385822,58.84582849985954,-0.017941205366029448,7.357496238028619e-05,2.895698605827239e-06,5.501668944081634,0.62947882929201,0.89235869905726,1.1742665803663397,2.819078813090797,0.525874756780476,463.0660197637543,85.36845350565741,0.5659161049478341,0.0,286.95761791745207,99173.5163690412,1.2039705491515933,339.666316457976,0.0,0.0,178.62194155385833,19206.82057228077
1.96875,184.8406662036569,179.07750896446396,179.07751157389657,57.78020439037544,-0.018179098765853455,7.465110820265826e-05,2.1779666882244362e-06,5.499785867984602,0.6275957531949778,0.89218796886206,1.1743027791953824,2.821148103333224,0.5272245278893676,457.53136614107996,85.82380437029131,0.566119265727917,0.0,286.94853566967623,99157.12874656002,1.2038097034851496,339.66081261582383,0.0,0.0,179.07751157389666,19302.339315031993
1.9765625,186.24146853986298,179.52737530504882,179.52737794890936,57.38561101726556,-0.018418868000159554,7.574724226737919e-05,1.9403005634450264e-06,5.497917886685943,0.6257277718963187,0.8920184916954461,1.1743386536007616,2.823201619053155,0.5285575719504904,455.68648160018853,86.27463492575338,0.5663204064910707,0.0,286.9394304544909,99140.69968265983,1.2036484408473898,339.6552948554215,0.0,0.0,179.52737794890947,19396.842429085722
1.984375,187.64577682789445,179.9754694209249,179.97547209937497,57.32647165015891,-0.018660508661558436,7.684371680064717e-05,2.0319742686811704e-06,5.496053679086876,0.6238635642972528,0.8918492420530866,1.1743745910554888,2.8252534900240223,0.5298854630683726,455.68648160018853,86.72495047627504,0.5665212614801327,0.0,286.9303024506187,99124.22949982011,1.2034867643255545,339.6497632850749,0.0,0.0,179.97547209937505,19491.17252341699
1.9921875,189.05357380113884,180.41916758604262,180.41917029913859,56.260381896914005,-0.018904019786347155,7.792314745703568e-05,1.370339820574183e-06,5.49420079258659,0.6220106777969666,0.8916809064323252,1.1744110111529429,2.8273010472061766,0.5312004761217186,450.15182797751413,87.17202008484745,0.5667206522825341,0.0,286.92115177029257,99107.71840054927,1.2033246758296952,339.64421797279726,0.0,0.0,180.41917029913867,19584.757096342986
2.0,190.46481146652272,180.8571612799247,180.85716402742506,55.86603951618467,-0.019149384431693676,7.898031581679105e-05,1.11340694685123e-06,5.492363000884677,0.6201728860950534,0.891513829986974,1.1744471108197974,2.829332808328233,0.5324987576579454,448.30694343662276,87.61444631047195,0.5669179784244414,0.0,286.9119787254676,99091.16694772565,1.203162180808235,339.6386591076333,0.0,0.0,180.85716402742517,19677.304650168677
2.0078125,191.87945892329108,181.2920741852901,181.29207696698887,55.47170084724769,-0.019396583795117495,8.00154468356335e-05,1.4634275569710683e-06,5.490532756581951,0.6183426417923267,0.8913473285275554,1.1744829722233563,2.831356436958009,0.5337880318701521,446.4620588957313,88.05491008713678,0.5671143999783173,0.0,286.90278351699857,99074.5755037633,1.2029992827425466,339.63308681130115,0.0,0.0,181.29207696698896,19769.378741374505
2.015625,193.29749210296285,181.72390635643777,181.72390917212502,55.07737236369635,-0.019645600329366165,8.10287614129939e-05,2.124186530576648e-06,5.48871005967841,0.6165199448887865,0.8911814033161239,1.174518760761197,2.8333735744507313,0.5350682984784512,444.6171743548398,88.49338483193834,0.5673099072528169,0.0,286.89356630133074,99057.9443509452,1.2028359843278995,339.6275011786064,0.0,0.0,181.7239091721251,19860.97467536052
2.0234375,194.71889035664987,182.1539706923852,182.1539735418672,55.01908925388443,-0.019896417151474062,8.202047889521323e-05,2.8779693974952607e-06,5.486891136474464,0.6147010216848395,0.8910157117394805,1.1745547066782953,2.8353899493881483,0.5363434228274623,444.6171743548398,88.93121881574982,0.5675050829945474,0.0,286.88432721268174,99041.27373144816,1.202672287866248,339.62190229088515,0.0,0.0,182.1539735418673,19952.375395588908
2.03125,196.14364328747092,182.5822657994554,182.58226868253496,54.62449651836028,-0.02014901924052505,8.299081353773657e-05,3.6588040650382125e-06,5.485075986970109,0.6128858721804858,0.8908502543720392,1.17459084305867,2.8374058868663075,0.5376134006436422,442.77228981394836,89.36839583916499,0.5676999211192987,0.0,286.8750663186314,99024.56376721022,1.2025081944791707,339.61629018909065,0.0,0.0,182.58226868253502,20043.577845149284
2.0390625,197.57172338960723,183.00485093499225,183.00485385140897,53.55743235720004,-0.02040338867066071,8.393998468584916e-05,4.445393767615022e-06,5.483275932264129,0.6110858174745052,0.8906860647681537,1.1746268376661604,2.8394077289800665,0.5388666279409724,437.237636191274,89.80075134749663,0.5678926298269272,0.0,286.86578379796754,99007.81478082851,1.2023437072590473,339.61066498156833,0.0,0.0,183.004853851409,20133.712207941306
2.046875,199.0030758006069,183.42041539943682,183.4204183489593,52.82715993102997,-0.020659502807935104,8.486822112905435e-05,5.2304349378479705e-06,5.481494746056114,0.6093046312664908,0.8905234900832555,1.1746625659130085,2.8413907582975306,0.5400992442063683,433.5478671094911,90.22685221231485,0.5680825959895694,0.0,286.85648000729606,98991.02741574767,1.2021788324501503,339.6050268844214,0.0,0.0,183.4204183489594,20222.481204770826
2.0546875,200.43765937223074,183.83290459114727,183.8329075734947,52.77006731901902,-0.020917343752541052,8.577256208425759e-05,5.4046862917077575e-06,5.479721107247286,0.6075309924576628,0.8903614992549775,1.174698714904484,2.8433721564950654,0.5413228660972572,433.5478671094911,90.65081620595325,0.568271594671047,0.0,286.8471552140805,98974.20215456755,1.20201357471834,339.5993760597328,0.0,0.0,183.83290757349482,20310.746657728738
2.0625,201.87545692273153,184.2423173054345,184.24232032087363,52.03967976357487,-0.021176902035179225,8.664914676360657e-05,5.595202489013848e-06,5.4779550158376455,0.6057649010480214,0.8902000935200005,1.1747349065190442,2.845348129990437,0.5425374896482661,429.8580980277082,91.07261652896018,0.5684596161024335,0.0,286.83780953000223,98957.3391988013,1.2018479359694254,339.59371257518137,6.416931257836348e-05,-0.0001520538537880762,184.24232032087372,20398.50386648512
2.0703125,203.31643757436632,184.6486556003438,184.64865864911192,51.98291936430691,-0.021438182090353437,8.748027611178456e-05,5.7235590975457746e-06,5.4761964718271905,0.6040063570375664,0.8900392741117656,1.1747711789378248,2.8473190482605912,0.543743120410612,429.8580980277082,91.49223010485102,0.5686466520531732,0.0,286.8284431557666,98940.43891059307,1.2016819196875304,339.58803655239456,8.891877352984745e-05,-0.00015605199995713992,184.64865864911198,20485.748917343342
2.078125,204.76058073011316,185.05060260174167,185.05060568416727,50.91565841225116,-0.021701189742386585,8.824849833212063e-05,5.654652000176888e-06,5.474449248915515,0.6022591341258913,0.8898793876979324,1.1748074852530728,2.8492809755514035,0.5449358800141674,424.32344440503385,91.90822613519808,0.5688320898866062,0.0,286.81905622525426,98923.50153151143,1.201515528172969,339.5823480725041,9.671470867292729e-05,-0.00015663505675370015,185.05060568416732,20572.184664699736
2.0859375,206.20784867068605,185.45079447700974,185.45079759357102,51.533359217430764,-0.021965932557110025,8.893950106937079e-05,5.3260969294845205e-06,5.472705799703434,0.6005156849138094,0.8897197448505636,1.1748440902793837,2.8512434542882015,0.5461235308045933,428.0132134868167,92.32338986721433,0.5690171274682223,0.0,286.8096489836405,98906.52750394038,1.2013487656994972,339.5766472840861,0.0,0.0,185.4507975935711,20658.392370696056
2.09375,207.65825852631949,185.85449331280336,185.85449646422865,51.81349005935342,-0.022232433100615484,8.954388783709828e-05,4.7438379677840175e-06,5.470951029392571,0.5987609146029477,0.8895589626201194,1.1748814664671448,2.8532250384702538,0.5473215690443447,429.8580980277082,92.74335341226809,0.5692041818115992,0.0,286.8002213195789,98889.51662697097,1.2011816302211422,339.5709341196648,0.0,0.0,185.85449646422873,20745.54418642106
2.1015625,209.11182053440552,186.25642821683056,186.25643140386765,51.08194404473999,-0.022500719049685244,9.005942430503441e-05,3.848367323854106e-06,5.469200032781303,0.5970099179916792,0.8893984233178557,1.1749191700199821,2.8552074670212644,0.548514472979414,426.16832894592534,93.16247657636471,0.5693908321080972,0.0,286.7907731665263,98872.46878053575,1.2010141204856093,339.56520853891493,0.0,0.0,186.25643140386774,20832.465602820284
2.109375,210.56849690586375,186.651331650838,186.651334874649,50.01348793883999,-0.022770821242575758,9.049322482545284e-05,2.9627091111511155e-06,5.467467904668001,0.5952777898783771,0.8892395127933136,1.1749565162634399,2.8571700347012627,0.5496867293820054,420.63367532325094,93.57506383647696,0.5695746382821253,0.0,286.7813047701119,98855.38440783732,1.2008462407752822,339.5594706906878,0.0,0.0,186.65133487464908,20917.97345934729
2.1171875,212.02822585805447,187.0378893639485,187.0378926254055,48.94540025179538,-0.02304277105404811,9.085939680777742e-05,2.6717578406611168e-06,5.465758418752258,0.5935683039626344,0.8890825807776188,1.1749930209539796,2.859104401763608,0.5508344664126573,415.0990217005766,93.98060602695953,0.5697608468080617,0.0,286.77181653192264,98838.2642334825,1.2006779981390232,339.55372081834514,0.0,0.0,187.03789262540556,21001.763229841366
2.125,213.4909490677371,187.41874092078197,187.41874422088958,48.552654697634374,-0.023316595709680244,9.11686167950147e-05,3.152608215598246e-06,5.464064027634889,0.5918739128452647,0.8889269375764259,1.1750288099462687,2.8610187236984275,0.5519654563354316,413.2541371596851,94.3812818721293,0.5699468712824676,0.0,286.76230883105967,98821.10894150515,1.2005093992286597,339.5479591516222,0.0,0.0,187.41874422088964,21084.417935268237
2.1328125,214.9566322614619,187.79520594887506,187.79520928856178,47.82250387058699,-0.023592327676370737,9.143529549062708e-05,3.880372243637859e-06,5.462380957616299,0.5901908428266748,0.8887722387143246,1.1750643051352603,2.8629206642093563,0.5530835846861828,409.5643680779022,94.77812226999583,0.5701311310045397,0.0,286.75278189030047,98803.91893387542,1.2003404479253024,339.5421858255221,0.0,0.0,187.79520928856178,21166.227674448146
2.140625,216.42523430945047,188.1659680871546,188.1659714672384,47.09271771939321,-0.023869991418753258,9.167408988454819e-05,4.740935048445443e-06,5.460712982396082,0.5885228676064579,0.8886188332041962,1.1750994379843396,2.8648060478014337,0.5541849737227423,405.8745989961193,95.16965458525317,0.5703129731528265,0.0,286.74323597698856,98786.69469297667,1.2001711489013767,339.5364010020551,0.0,0.0,188.1659714672384,21246.889576964993
2.1484375,217.89671410547618,188.53234968345507,188.5323531047397,46.70103355513231,-0.02414960954122214,9.189714529818159e-05,5.80374882583723e-06,5.459056328274644,0.5868662134850208,0.8884663761162938,1.1751342825721995,2.8666790645590576,0.5552735170717255,404.0297144552279,95.55728321511872,0.5704930269583006,0.0,286.7336713583144,98769.43670091606,1.200001506827708,339.5306048431385,-0.00025840406629349457,-0.00011179670566975763,188.53235310473974,21326.695680005843
2.15625,219.37104086850857,188.89435194770599,188.89435541105874,45.97166514734483,-0.02443120670606638,9.212346870840885e-05,6.850370277499926e-06,5.457410995251987,0.5852208804623634,0.888314869263119,1.1751689582604903,2.868540889973713,0.5563492175493862,400.33994537344495,95.94097614767975,0.5706712812175132,0.0,286.72408823435467,98752.14531870348,1.199831525185763,339.52479747001894,-0.00023630145515082357,-7.465530954193785e-05,188.89435541105885,21405.64082224334
2.1640625,220.84818039648562,189.25329804322007,189.25330154904296,45.9185464571968,-0.02471479780505525,9.237066794750262e-05,7.502405407781574e-06,5.455773209628516,0.5835830948388925,0.8881639666415071,1.1752038079000435,2.8703984125853643,0.5574159715511332,400.33994537344495,96.32215657733343,0.5708483718121932,0.0,286.71448682742283,98734.8209474718,1.1996612078522821,339.51897901741825,-0.00018431568467173803,-5.924904496743103e-05,189.253301549043,21484.020060971914
2.171875,222.32812256874323,189.6118287518628,189.61183230074428,45.865326584499456,-0.02500039480409653,9.265588991484194e-05,7.977397567519821e-06,5.454135424005045,0.5819453092154215,0.8880129733928295,1.1752389560656737,2.8722598267284427,0.5584815567995244,400.33994537344495,96.7037146181819,0.5710255854167596,0.0,286.70486720330314,98717.46370591948,1.199490555928009,339.5131495252017,-0.0001910705015747768,-6.0663059113407174e-05,189.61183230074434,21562.43023763722
2.1796875,223.8108572561016,189.96730124132924,189.96730483362688,45.13575408967986,-0.025288008945300713,9.300157368948216e-05,8.19947142280479e-06,5.452505185780761,0.5803150709911371,0.8878625858830234,1.1752741845866108,2.8741159870358746,0.5595381889554905,396.65017629166204,97.08272583617936,0.5712016229728265,0.0,286.69522942783533,98700.07371284478,1.1993195705148436,339.50730903326826,-0.00010130383225619274,-7.91814786400034e-05,189.96730483362694,21640.26861776402
2.1875,225.2963536946732,190.31971840584671,190.31972204170506,45.083052863769154,-0.025577639142054194,9.342891215364252e-05,7.2964734427041075e-06,5.450882494955663,0.5786923801660392,0.8877128052802666,1.175310001382184,2.8759719610191734,0.5605858759838862,396.65017629166204,97.45917100526644,0.5713764779201882,0.0,286.6855737009846,98682.65132905659,1.199148255094652,339.50145766279667,-5.2987457781443015e-05,-7.324132765533243e-05,190.31972204170512,21717.532178636164
2.1953125,226.78459145562664,190.6677580657723,190.66776174481407,44.01528232004363,-0.025869271919827033,9.394808277535614e-05,6.43669797244672e-06,5.449271125229345,0.577081010439721,0.887563981386102,1.1753455788494735,2.877815974633715,0.561620722846874,391.1155226689877,97.83155945082396,0.571549490677039,0.0,286.6759001555384,98665.19679415083,1.1989766119581056,339.49559549425624,9.250037486408473e-06,-5.91910769680882e-05,190.66776174481413,21793.91499685977
2.203125,228.2755191412944,191.00878070902704,191.00878443085307,43.2866422664146,-0.026162878039683462,9.455423273366447e-05,5.628794065537613e-06,5.447678624000993,0.5754885092113692,0.8874168136595576,1.1753806371984514,2.879638235388938,0.5626349537028752,387.4257535872048,98.19692177510406,0.5717193467926018,0.0,286.6662091255816,98647.71071093602,1.1988046469684768,339.48972273010247,2.6725409555789103e-05,-3.074445105707124e-05,191.00878443085315,21868.807595238915
2.2109375,229.76909227912486,191.3454351937084,191.34543895796892,42.89697754473204,-0.026458431228733315,9.524628595345071e-05,4.889034427268577e-06,5.446097443871421,0.5739073290817971,0.8872706069976249,1.1754154218276383,2.881448148300133,0.5636363698906394,385.58086904631335,98.55816218878482,0.5718873385710574,0.0,286.6565009001857,98630.19360100068,1.1986323651916826,339.4838395455125,0.0,0.0,191.34543895796895,21942.809546731438
2.21875,231.2652870859057,191.68036911696555,191.68037292336103,42.84612100728103,-0.026755909517944678,9.6023254909464e-05,4.242986268907631e-06,5.444520037441442,0.5723299226518183,0.8871246646596361,1.1754501791841054,2.883255145244693,0.5646327697059542,385.58086904631335,98.91820929895248,0.5720547667377498,0.0,286.6467756339416,98612.645743282,1.1984597693081738,339.4779460341686,0.0,0.0,191.6803729233611,22016.52412912662
2.2265625,232.76409356466914,192.0135820830473,192.01358593127497,42.45647046501135,-0.02705529386669276,9.688421460624729e-05,3.7282097820687624e-06,5.442946404711057,0.5707562899214327,0.886978987178954,1.1754848833893539,2.885058962103999,0.5656241517470812,383.7359845054219,99.2770508328673,0.5722216268950903,0.0,286.6370333918296,98595.0672550277,1.1982868604085293,339.4720422354487,0.0,0.0,192.01358593127503,22089.949251481616
2.234375,234.26549138055793,192.34375168041197,192.34375557013902,42.06701911586735,-0.027356563295404878,9.782820616369094e-05,3.3929521934377763e-06,5.441380319379857,0.5691902045902335,0.8868339247373556,1.1755193660855976,2.8868544134824203,0.5666066201460019,381.8910999645305,99.63319068089471,0.5723872575743596,0.0,286.6272743060263,98577.45837473153,1.1981136407762663,339.46612822945195,0.0,0.0,192.34375557013908,22162.778197703676
2.2421875,235.76945676338696,192.67087948609296,192.67088341689998,41.67777209379006,-0.02765969627155771,9.885426438080979e-05,2.687915057261858e-06,5.4398217814478445,0.5676316666582208,0.8866894784698307,1.1755539454428416,2.8886446697301094,0.5675801790143703,380.046215423639,99.986609711421,0.5725516521577266,0.0,286.61749853103794,98559.81938117796,1.1979401130918061,339.46020410980896,0.0,0.0,192.67088341690004,22235.007957693997
2.25,237.27596250604375,192.9936426608126,192.99364663183215,40.94973314627213,-0.027964657597856577,9.994935395199583e-05,3.100480137176673e-06,5.438274564614612,0.566084449824988,0.8865459995559184,1.175587600870008,2.890416013140895,0.5685409308332041,376.3564463418561,100.3357962194121,0.5727141436903382,0.0,286.6077062437107,98542.15059346081,1.197766280432794,339.45426998368873,0.0,0.0,192.99364663183218,22306.329413014053
2.2578125,238.78497107351933,193.31204482891903,193.3120488392398,40.561295467388526,-0.02827140370391181,0.00010108946581119235,4.159212795773291e-06,5.436738668880158,0.5645485540905348,0.8864034897178156,1.1756206028594747,2.8921711314165908,0.5694888854447985,374.5115618009646,100.68072484400565,0.5728747235528607,0.0,286.5978976880221,98524.45245180285,1.1975921470694575,339.4483259989414,0.0,0.0,193.31204883923976,22376.738747749747
2.265625,240.2964518546804,193.62608800074824,193.6260920496567,39.83389073302311,-0.02857989530326537,0.00010224601455963624,5.545514736522282e-06,5.435214094244485,0.5630239794548615,0.8862619506675616,1.17565313168369,2.8939118101612835,0.5704240479798948,370.82179271918176,101.02136875761991,0.5730333824719424,0.0,286.58807306294455,98506.72531522135,1.1974177164740283,339.4423722761444,-9.002441080623915e-05,-0.00011102586183447534,193.6260920496567,22446.231835600724
2.2734375,241.81037080942343,193.9371015023635,193.937105589184,39.78557937222064,-0.02889009707260599,0.000103394541468829,7.043663992230483e-06,5.433697067007999,0.5615069522183747,0.8861210334690712,1.1756854475968537,2.8956441412778244,0.5713503338945137,370.82179271918176,101.35920656778238,0.5731907762583665,0.0,286.5782325897387,98488.9695829497,1.1972429925153556,339.43640894938164,-8.644674073326862e-05,-0.00014283353746787964,193.93710558918391,22515.112821957275
2.28125,243.32671117565914,194.24508546566403,194.2450895897814,39.0584507214076,-0.02920197773536805,0.0001045096366518009,7.78519719471785e-06,5.432187587170699,0.5599974723810743,0.8859807392306955,1.1757180573519868,2.897373181212912,0.5722677430768828,367.13202363739885,101.6942186903283,0.5733468980218621,0.0,286.5683763773582,98471.18545157912,1.1970679770689696,339.43043608467906,-1.168738143224576e-05,-9.189659072400003e-05,194.2450895897814,22583.37859225779
2.2890625,244.84543548188353,194.5473908439922,194.54739500501304,38.331863158287376,-0.02951551076471862,0.00010558342254378216,8.520350541946825e-06,5.430693202131771,0.5585030873421469,0.885841771110131,1.1757502300900642,2.8990845897993323,0.5731684703620671,363.44225455561593,102.02337057516513,0.5735004097243953,0.0,286.5585046693677,98453.37336058753,1.19689267440135,339.42445382963683,-1.667313618622818e-05,-0.00010151443277909693,194.54739500501302,22650.409241989753
2.296875,246.36649938078907,194.84402191251942,194.84402611004884,37.60582892968973,-0.029830672418306253,0.00010661642169446839,9.24788441576501e-06,5.429213911891217,0.5570237971015926,0.8857041313615301,1.1757819577222974,2.900778263607673,0.5740525272429021,359.7524854738331,102.34663106014588,0.5736513007511872,0.0,286.54861775402486,98435.53383009456,1.1967170895738035,339.4184623589391,3.376883713412212e-05,-5.319245265317059e-05,194.84402611004884,22716.200181473254
2.3046875,247.88985855884027,195.13498304151048,195.13498727515227,36.88036013264106,-0.03014743908278984,0.00010760915306059998,9.966972248292463e-06,5.427749716449035,0.5555596016594112,0.8855678222193508,1.1758132321227615,2.9024540990341063,0.5749199254888773,356.0627163920501,102.66396981899358,0.5737995607771744,0.0,286.5387159193675,98417.66737982369,1.196541227645054,339.4124618471367,8.94504084957579e-05,-6.059876080998026e-05,195.1349872751522,22780.74697081392
2.3125,249.41547219400664,195.42160605768711,195.42161032720833,36.495210554648615,-0.03046578796189066,0.00010856212835101411,9.571209666296095e-06,5.426296842105634,0.5541067273160096,0.885432494303316,1.1758448411602411,2.9041234685692507,0.5757745880010993,354.2178318511587,102.97687638558124,0.5739458496359132,0.0,286.52879943073896,98399.77448854895,1.1963650932720296,339.4064524550278,0.0001905282647453143,-7.930656371937291e-05,195.42161032720833,22844.35564222819
2.3203125,250.9433064045671,195.70256571759535,195.7025700234501,35.430669582452445,-0.030785717438761344,0.00010947064710957263,8.657228406322292e-06,5.424859062560605,0.5526689477709811,0.8852985010308756,1.1758762820231254,2.9057778099224985,0.5766126092849921,348.68317822848434,103.28380543233312,0.5740894883462795,0.0,286.5188685083703,98381.85555364614,1.196188690311519,339.4004343160724,0.00021171352617701825,-0.00010401743910130897,195.70257002345008,22906.71192834996
2.328125,252.4733065933737,195.97654028921636,195.97654463217077,34.70696741652854,-0.03110724064269028,0.00011032567509584633,7.509076442514907e-06,5.423440151513542,0.5512500367239187,0.8851661965482304,1.175907234233502,2.9074103768527157,0.5774300937715173,344.9934091467014,103.58320587471302,0.5742297961706527,0.0,286.50892350714304,98363.9112154483,1.1960120250133481,339.39440764532867,0.00027596788552128836,-0.00017392959509841664,195.97654463217071,22967.50093666487
2.3359375,254.00542512906952,196.2448633184814,196.24486770016247,33.98387774243448,-0.03143039291072803,0.00011111666731936349,5.904959990541738e-06,5.4220363352648535,0.5498462204752294,0.8850352314147428,1.175937964917193,2.909027335024502,0.578230969373447,341.3036400649185,103.87657151892367,0.5743674345311722,0.0,286.49896473666104,98345.94203259144,1.1958351028245995,339.3883726304166,0.0003037582013505905,-0.00019786728697155026,196.24486770016244,23027.02949902007
2.34375,255.53961441719875,196.50621089694388,196.50621531868543,32.921320615710734,-0.0317552205786127,0.00011183422567751476,4.228937995513593e-06,5.4206513875141304,0.5484612727245063,0.8849059600932534,1.1759680936431334,2.9106213354987998,0.5790113340079909,335.76898644224417,104.16234538414058,0.5745017203828041,0.0,286.4889925062882,98327.94856327875,1.1956579291895428,339.38232945881066,0.0,0.0,196.5062153186854,23084.981730399697
2.3515625,257.0758165278861,196.76059009620212,196.76059455961214,32.199911338900556,-0.03208176578568432,0.00011248070224193154,2.8883278642917514e-06,5.419285308261373,0.5470951934717495,0.8847783852326336,1.175997371473964,2.9121898624133036,0.5797712070837494,332.07921736046126,104.4404975990592,0.5746326436580614,0.0,286.4790071925687,98309.93148693061,1.195480510747594,339.37627835869665,0.0,0.0,196.7605945596121,23141.353536247752
2.359375,258.61398396696,197.00933581023202,197.00934031724083,31.47915222483179,-0.0324100834380069,0.00011305879018966054,3.370265830012631e-06,5.417934323806989,0.5457442090173656,0.8846521567678444,1.1760250606139098,2.913729038460654,0.5805145206834583,328.3894482786784,104.71253386258125,0.5747608700224023,0.0,286.46900910421476,98291.89136057405,1.195302852934597,339.37021951715417,0.0,0.0,197.0093403172408,23196.453669954924
2.3671875,260.15407274276436,197.2524531596307,197.2524577121531,30.759053958031632,-0.032740233918439055,0.00011357596321481724,5.210976763098582e-06,5.416598434150979,0.5444083193613548,0.88452727676163,1.176051427713319,2.915241509516889,0.5812412887630157,324.69967919689543,104.97843095215944,0.5748863915720845,0.0,286.458998527172,98273.82870015746,1.195124960783274,339.3641531074662,-0.00040173781196139254,-0.00021139126938050793,197.25245771215305,23250.278934229093
2.375,261.69604929600325,197.49393749417095,197.49394209423951,31.060902662893774,-0.033072278399596144,0.00011404135638401815,7.702113143487912e-06,5.415266318194561,0.5430762034049372,0.8844026881714346,1.176077330446577,2.916746422751424,0.5819632835140726,326.5445637377869,105.24279128232769,0.5750112349811927,0.0,286.44897567957594,98255.74389927516,1.1949468381225534,339.35807926182304,-0.0004623179968854161,-0.00016915142313665525,197.49394209423943,23303.767896306625
2.3828125,263.2399077941127,197.73245708778921,197.73246173755288,30.000351996478198,-0.03340628665390179,0.00011446461034652969,1.0369291844482236e-05,5.41394174963733,0.5417516348477062,0.884278744674911,1.1761028967296534,2.9182415205474244,0.5826765803680014,321.0099101151125,105.5040607905378,0.5751347175715986,0.0,286.43894059933825,98237.63702633335,1.1947684855791711,339.351998003199,-0.000479407728403197,-0.000143786603946188,197.73246173755285,23356.604648766337
2.390625,264.7855904401711,197.96003376724144,197.9600384685806,28.259659519909793,-0.033742318057476794,0.00011486192568698629,1.2697109735329907e-05,5.412647370676845,0.5404572558872212,0.8841575674973107,1.1761275275235437,2.9196996002623297,0.5833576680670524,311.78548741065526,105.75295133857935,0.5752527570867866,0.0,286.4288936621389,98219.50875919305,1.1945899097837416,339.34590955925614,-0.0004050751418441383,-0.0001123500353144188,197.9600384685805,23406.900312257327
2.3984375,266.33300139177805,198.17534920197986,198.17535395630625,26.861413077565608,-0.03408041298373901,0.00011525096956940902,1.434769043999411e-05,5.411386955012699,0.5391968402230753,0.8840395141874123,1.1761512602821895,2.9211174609477717,0.5840026592833432,304.4059492470895,105.98787718285259,0.5753646603383435,0.0,286.4188354909534,98201.360221925,1.1944111217646232,339.33981430751777,-0.0003156918798258244,-0.00010470154423893219,198.17535395630622,23454.335226010106
2.40625,267.88204837153273,198.37841519192938,198.3784200002265,25.12387890672675,-0.03442059581557294,0.00011565149463698199,1.551968636123852e-05,5.410160502644892,0.5379703878552689,0.8839245891518418,1.1761739657695045,2.922493766176627,0.5846115862568857,295.18152654263224,106.20879782251787,0.5754704133966568,0.0,286.408766685585,98183.19249678848,1.1942321321412837,339.33371261146453,-0.00026048409306530075,-8.626922632111803e-05,198.37842000022647,23498.904184362793
2.4140625,269.43262186176474,198.56525077347172,198.56525563606704,22.706580220750446,-0.03476286901890056,0.0001160823276983154,1.593408695690028e-05,5.408979334672205,0.5367892198825813,0.8838138582360863,1.17619534316314,2.923814849270537,0.5851727144130497,282.2673347563921,106.41101860062305,0.5755679570186943,0.0,286.3986879578985,98165.00686824224,1.1940529535284292,339.32760490248654,-0.00013843709150902458,-5.332173650373585e-05,198.56525563606692,23539.655895367996
2.421875,270.9845916682922,198.7372072427163,198.73721215949297,21.314620704484856,-0.035107212244884,0.00011655804429450877,1.4806258966406848e-05,5.407839677395043,0.5356495626054195,0.8837069729710232,1.176215993822051,2.9250902085102792,0.5856900226616195,274.88779659282625,106.59605635499814,0.5756579612567484,0.0,286.38860015415605,98146.80486324584,1.1938736009338375,339.3214916934186,-7.895651460633477e-05,-7.768918681830562e-05,198.73721215949286,23576.902100603027
2.4296875,272.53786589084774,198.8996272675169,198.89963223767882,20.26518174937201,-0.03545359115284843,0.0001170857216146062,1.3699768115009393e-05,5.406726436015035,0.5345363212254105,0.8836025216738913,1.176235593326671,2.926330716527797,0.5861792534660983,269.3531429701519,106.77010447106585,0.5757431493106182,0.0,286.3785038717095,98128.5875596354,1.1936940849436,339.3153733462559,-4.062026382827971e-05,-4.8181224292985706e-05,198.89963223767873,23611.903868940288
2.4375,274.09235618467346,199.04585882679524,199.04586384946265,17.170821992578176,-0.035801957539650535,0.00011766152096157882,1.2612237554173622e-05,5.405658479030144,0.5334683642405205,0.8835022788111215,1.1762533734102347,2.927510945991132,0.5866208001310471,252.74918210212883,106.92535101285682,0.5758200917894354,0.0,286.3683996847996,98110.3559935469,1.1935144157358064,339.3092502089886,2.2375619416625788e-05,-6.270788476676912e-05,199.04586384946256,23643.076537984707
2.4453125,275.6478945174371,199.1679300412649,199.16793511532708,14.080154215138453,-0.03615224826004723,0.00011828443521159604,1.154401526743321e-05,5.4046584486379325,0.5324683338483089,0.8834083759031043,1.1762684072415288,2.928600313384245,0.5869911640880903,236.14522123410578,107.05241893583973,0.5758846722733475,0.0,286.35828868563664,98092.11213571797,1.1933346127027251,339.3031229434958,8.92658865454434e-05,-7.588105002874247e-05,199.167935115327,23668.518980528563
2.453125,277.2042853075567,199.26320450268446,199.26320962683548,10.311034207227317,-0.03650439374876825,0.00011895339536606111,1.0497474108899781e-05,5.403733892237586,0.5315437774479624,0.883321529086777,1.1762803755125182,2.929588464257412,0.5872825699521762,215.8514912842998,107.14816614990043,0.5759355117904688,0.0,286.3481721455009,98073.85827999284,1.1931546984268118,339.29699232017356,0.00012177380489512589,-4.533596959529418e-05,199.26320962683533,23687.59684744882
2.4609375,278.7613123974688,199.33171758644409,199.33172275943045,7.229122034631347,-0.03685831578418824,0.000119668222816511,8.16714144115615e-06,5.4028848098291045,0.530694695039481,0.8832417456240548,1.176290038982118,2.9304829335806324,0.5874951162404652,199.24753041627676,107.21259037224328,0.5759726082230539,0.0,286.3380514694164,98055.59696153746,1.1929746978756695,339.29085919046634,0.00021271268051228294,-3.161770178920934e-05,199.33172275943033,23700.31277763185
2.46875,280.31878073425696,199.37616900705186,199.37617422653858,4.151299014213753,-0.03721392351715066,0.00012042677431082302,5.232684432218597e-06,5.402103654013302,0.529913539223678,0.8831683226875784,1.1762972979390214,2.93128975251443,0.5876367544237427,182.64356954825368,107.24882761892985,0.5759973358402026,0.0,286.3279279252273,98037.3304679957,1.192794633583888,339.28472432268774,0.00028645355677771355,-0.00013652769946021664,199.37617422653852,23707.305557844767
2.4765625,281.87651635322015,199.40192475741054,199.4019300205917,2.4427802387751,-0.03757110249570676,0.0001212303714124352,2.4875122121205833e-06,5.401375329991804,0.5291852152021805,0.8830998464223927,1.1763022965199113,2.9320245009751855,0.5877232953594967,173.41914684379643,107.26315419300462,0.5760124471783298,0.0,286.31780264370406,98019.06083968193,1.1926145256540883,339.27858840208467,0.0,0.0,199.40193002059152,23709.850415895224
2.484375,283.43440107192896,199.4143416155527,199.4143469198225,0.7368010557520465,-0.03792973987188259,0.00012208164134344513,2.983322627410021e-06,5.40068474296624,0.5284946281766156,0.8830349010917472,1.176303849237992,2.932689481462448,0.58777052426886,164.1947241393392,107.2618456149261,0.5760206949343321,0.0,286.30767639303247,98000.78946267802,1.1924343877442571,339.2724518941777,0.0,0.0,199.41434691982244,23709.221676722023
2.4921875,284.99233422641544,199.41477191137037,199.41477725421487,0.6263155795731076,-0.03828973121218977,0.0001229807146493298,5.869941708275349e-06,5.400028119237014,0.5278380044473899,0.8829731343879086,1.1763026120426898,2.9332947765478123,0.5877824243745325,156.81518597577337,107.24649003944175,0.5760227731914702,0.0,286.29754982752826,97982.5175176036,1.1922542314903743,339.2663151954821,-0.0002971858926805685,-0.0001290371408228088,199.41477725421478,23705.741935792103
2.5,286.55022570957664,199.40323174228106,199.40323712132667,2.3279645194412493,-0.038650979012667626,0.00012392372686385623,8.82718679008115e-06,5.399405458804127,0.5272153440145035,0.8829145486361119,1.1762999545774762,2.933854059413643,0.587759040593497,147.59076327131612,107.21711323059945,0.5760186894409514,0.0,286.2874235328877,97964.24606126398,1.1920740673108081,339.26017866092997,-0.00027197844560659327,-0.00010422353525619215,199.40323712132658,23699.416500061026
2.5078125,288.1079820709324,199.38107307039593,199.3810784834556,3.3445260767164475,-0.03901339105470765,0.00012490447151784545,1.1491848549856991e-05,5.398812987967987,0.5266228731783631,0.8828587908588241,1.1762962470933755,2.934374562345514,0.5877043554764195,142.05610964864175,107.17530840268195,0.5760091398131063,0.0,286.27729811653893,97945.97618967672,1.191893906013566,339.2540426586226,-0.0002231164539570868,-0.00012273907133168545,199.38107848345552,23690.568649227742
2.515625,289.6655343086973,199.35097802038996,199.3509834660024,4.359630486243567,-0.03937689443057559,0.00012591258325568802,1.3750179212758073e-05,5.398243159329406,0.5260530445397822,0.8828051524055599,1.1762918661867119,2.9348671378115196,0.5876262729470099,136.5214560259674,107.12422641119963,0.5759955057603294,0.0,286.2671740269935,97927.70871211709,1.1917137555818154,339.2479074603581,-0.00016653510403072418,-0.00011235227141566591,199.35098346600233,23679.837713704
2.5234375,291.2228169896831,199.31162379600988,199.31162927256767,5.714763504709882,-0.03974142616443055,0.00012693279238773072,1.5352528328843604e-05,5.397699746587978,0.5255096317983541,0.882753989953353,1.1762868078526123,2.9353281789925934,0.5875208920166878,129.14191786240158,107.06232987505257,0.575977107817196,0.0,286.25705168956705,97909.44439600674,1.191533623588185,339.2417733238776,-8.019800170088579e-05,-9.751427559392453e-05,199.3116292725676,23666.91140495856
2.53125,292.7797578316104,199.26435924276998,199.264364749119,6.384831192418356,-0.0401069290712214,0.0001279457904801962,1.6016218351757547e-05,5.397178976044109,0.5249888612544854,0.8827049496024132,1.1762813953618598,2.935764457594466,0.5873921868454315,125.4521487806187,106.9912100961553,0.5759546420240687,0.0,286.2469315740945,97891.18408909571,1.1913535183997688,339.23564053390123,-4.881105194253693e-05,-0.00010812695241588268,199.26436474911895,23652.112395087945
2.5390625,294.33630898033545,199.21186362432206,199.21186916003833,7.053910231569956,-0.040473368109286645,0.00012894056329287997,1.6672601551966675e-05,5.396673300298613,0.5244831855089898,0.882657321653816,1.1762753889712176,2.936180673174016,0.5872480539310607,121.7623796988358,106.9140119692778,0.5759294887841158,0.0,286.2368139916278,97872.92835263287,1.191173445559904,339.22950927892646,8.271362187708559e-05,-8.36332551865548e-05,199.21186916003828,23636.07875438465
2.546875,295.89242612213656,199.1528099707264,199.15281553540953,8.06359735636574,-0.04084072081115121,0.00012992157100143336,1.62372614213856e-05,5.3961864930510846,0.5239963782614604,0.8826114624344643,1.1762692769689496,2.9365781453448525,0.5870845803489861,116.22772607616145,106.82919473198976,0.5759009673589125,0.0,286.22669923020607,97854.67770634392,1.1909934102038713,339.2233797335049,0.00019421037566383874,-0.00013079119430889073,199.15281553540947,23618.49738196512
2.5546875,297.44805110936153,199.0858740201291,199.08587961431306,9.071774536920945,-0.04120897962936907,0.0001308756499320512,1.508194807790999e-05,5.395722328001114,0.5235322132114906,0.8825677284955035,1.1762626899698962,2.9369496147439276,0.5868978607844054,110.69307245348709,106.73522518216329,0.5758683993290319,0.0,286.2165876677891,97836.43283220338,1.1908134190690873,339.2172521266802,0.000273890539567345,-0.00014411993505676033,199.08587961431292,23599.056548417935
2.5625,299.00312936140426,199.01373746969264,199.01374309460172,9.395123682509146,-0.04157816524301699,0.00013178083012228777,1.346106934943237e-05,5.395273257749517,0.5230831429598937,0.8825254096365361,1.1762557876457385,2.937303780092023,0.5866957992984408,108.84818791259563,106.6352491543686,0.575833166319357,0.0,286.20647965915083,97818.1943703503,1.190633478482107,339.2111266734454,0.0003188077447296645,-0.00016941241260743197,199.01374309460172,23578.394537841632
2.5703125,300.55763070658963,198.937741587107,198.937747244074,10.059677515548067,-0.041948313536723444,0.00013261737378172567,1.146489183459271e-05,5.3948355085967,0.5226453938070765,0.8824841508584315,1.1762486719847411,2.9376452112630966,0.5864823490092961,105.15841883081274,106.5308422791133,0.5757959598783732,0.0,286.19637540040713,97799.96267464786,1.190453591946572,339.2050034926467,0.00037385678932927164,-0.00015164011354265982,198.93774724407393,23556.83095972012
2.578125,302.1115180635608,198.85655779073176,198.85656348138377,10.723230161692541,-0.04231946522157944,0.00013337445884673604,9.133402949965867e-06,5.3944128542422565,0.5222227394526324,0.8824443084430007,1.1762411688392171,2.9379686039621644,0.5862535922309283,101.46864974902982,106.42046552885486,0.5757560995217009,0.0,286.18627513258684,97781.73817999824,1.1902737637667784,339.19888273034763,0.00039036236806864083,-0.00015104193261410018,198.8565634813837,23534.052887580925
2.5859375,303.6647544099706,198.77152915815898,198.77153488426538,11.044044483209916,-0.042691666464165307,0.0001340523835970806,6.666433791577765e-06,5.394001520986592,0.5218114061969681,0.8824055272399401,1.1762333157154627,2.9382778847552258,0.586013487517334,99.62376520813838,106.30569557075144,0.575714277562625,0.0,286.17617909633515,97763.52132061151,1.1900939982414023,339.1927645323791,0.000426700044923776,-0.00021662360735338792,198.77153488426532,23510.380173790352
2.59375,305.21730277295893,198.67865465159954,198.67866041501603,12.73142282262874,-0.04306497020590535,0.00013465495119970603,3.973332532042907e-06,5.393612829928487,0.5214227151388633,0.8823688753463028,1.1762247111346897,2.938558357883869,0.5857502380319869,90.39934250368113,106.18188682911384,0.5756684427351211,0.0,286.16608753197573,97745.31253011739,1.189914299664597,339.1866490443773,0.0,0.0,198.678660415016,23484.868578388938
2.6015625,306.76907408564415,198.57260767787955,198.57261348051983,14.41619242224857,-0.04343942094878385,0.0001351932277161345,2.19259839944158e-06,5.3932618758663144,0.521071761076691,0.8823357773504233,1.1762140803195427,2.938783029691193,0.5854481376230706,81.17491979922386,106.04286847553378,0.5756158673990079,0.0,286.1560010184433,97727.11285312111,1.1897346783619425,339.18053661717664,0.0,0.0,198.57261348051975,23456.26332082523
2.609375,308.31996551799773,198.45340871536945,198.45341455936833,16.09832907420572,-0.04381506743711033,0.00013568462409381977,4.40273209732056e-06,5.392948658800075,0.5207585440104511,0.8823062346409337,1.1761996168224307,2.9389338218149694,0.5851072438773239,71.9504970947666,105.88870432651139,0.5755565714192423,0.0,286.14592022413296,97708.9234956466,1.1895551462552054,339.1744276558246,0.0,0.0,198.45341455936833,23424.575855352494
2.6171875,309.8698744007044,198.32107842714285,198.3210843146194,17.777809222459478,-0.0441919602190096,0.000136146038610328,7.41616885337454e-06,5.392673178729767,0.5204830639401438,0.8822802484575324,1.1761832099965779,2.9390296153904547,0.5847276149345187,62.72607439030935,105.71946226553194,0.575490575998705,0.0,286.1358458163954,97690.74566183286,1.189375715250895,339.1683225647356,-0.0004841494092583725,-0.0001504199743249655,198.32108431461936,23389.818277272792
2.625,311.41869474791093,198.17430202344832,198.17430795609135,19.796440635551566,-0.04457014301149824,0.0001365971554550191,1.004355951152032e-05,5.392439209354986,0.5202490945653622,0.8822581759152954,1.1761654204192136,2.9390724450391814,0.5843053714146077,51.65676714496064,105.53366627610914,0.5754172197414802,0.0,286.12577848413855,97672.58059471635,1.1891963976428503,339.16222176138797,-0.00044086471246380883,-8.813275209988846e-05,198.17430795609133,23351.688558334867
2.6328125,312.9663068338832,198.01176780456908,198.01177378364696,21.811805373106907,-0.0449496409538088,0.0001370547114597158,1.2154900112143338e-05,5.392250524375323,0.5200604095856997,0.8822403740827774,1.1761461865609444,2.939058124781669,0.5838366426813415,40.58745989961193,105.32985536860983,0.5753358460369158,0.0,286.11571900557976,97654.42969847926,1.1890172073192804,339.1561257173813,-0.00037507921895109267,-8.106311559521312e-05,198.0117737836469,23309.887228092077
2.640625,314.5125946084941,197.83617284508156,197.83617887144334,23.140171555361757,-0.04533046665647939,0.00013753752494536042,1.3679825975556132e-05,5.392099576391593,0.5199094616019696,0.8822261317197336,1.1761258662477558,2.938997345280222,0.5833293779129483,33.207921736046124,105.11121550798389,0.5752478515286648,0.0,286.10566813504477,97636.29433419513,1.188838157746653,339.1500348898371,-0.0003156844382195097,-4.6926157178928094e-05,197.8361788714434,23265.059672672687
2.6484375,316.0574665520552,197.64887275560932,197.64887882987114,24.80822391019328,-0.045712624670708815,0.00013806106442605057,1.4806873817180575e-05,5.391982591704203,0.5197924769145789,0.8822150933398945,1.1761045117788276,2.9388941843893313,0.5827875715905031,23.98349903158887,104.87937182529606,0.5751539446441709,0.0,286.0956264674116,97618.17557523653,1.1886592595544354,339.14394963925145,-0.00026967793058426065,-3.5998465792701213e-05,197.64887882987122,23217.534119194384
2.65625,317.60083129487106,197.4512233177342,197.4512294403341,25.789789775155025,-0.04609611207601996,0.00013863551229779245,1.5757088447432434e-05,5.391895796613558,0.5197056818239341,0.8822069032646855,1.1760821554449399,2.9387525218025434,0.5822152189928123,18.448845408914515,104.63594423711432,0.5750548326087431,0.0,286.0855945965833,97600.07449321685,1.1884805233576765,339.1378703255295,-0.00025526069634203356,4.236556370115111e-06,197.45122944033412,23167.637955646213
2.6640625,319.1426323999816,197.24991900901856,197.24992518010623,25.744151840273716,-0.04648092296650127,0.00013926976720386226,1.6492987293072164e-05,5.391820322621693,0.519630207832069,0.8821997812458224,1.1760595777617386,2.938597965159162,0.5816320581719469,18.448845408914515,104.38869057261023,0.5749539431946228,0.0,286.0755728894001,97581.99175004708,1.188301955728401,339.1317971709765,-0.0002099342680935757,-2.959055959853749e-05,197.2499251801063,23116.94876846434
2.671875,320.68287612297775,197.05431389582728,197.054320116157,24.33116823391564,-0.04686706496315037,0.0001399698730795604,1.673627951100624e-05,5.391729753831455,0.519539639041831,0.8821912345599927,1.176037989304618,2.938467547446253,0.5810656715090426,25.82838357248032,104.14837986353085,0.5748560468347207,0.0,286.0655613052006,97563.9272723596,1.1881235559787744,339.12573015095154,-0.00013848451469729005,-3.149248620884242e-05,197.05432011615704,23067.659479758604
2.6796875,322.22162086011076,196.8643948090865,196.86440107896286,24.288156003501626,-0.04725455774732449,0.00014074320121907854,1.5633377697878196e-05,5.391624090242844,0.51943397545322,0.8821812630636174,1.1760178866207287,2.9383662355711127,0.5805160214944478,25.82838357248032,103.91496743752607,0.5747611290782257,0.0,286.05555946440927,97545.88037526424,1.1879453173808692,339.119669035432,-7.016439468764626e-06,-7.046560121867017e-05,196.86440107896289,23019.76226418465
2.6875,323.7588866449008,196.67614708800483,196.67615340687954,23.903390261963867,-0.04764338874089757,0.00014159184880406007,1.4547906830311409e-05,5.39151465295464,0.5193245381650158,0.8821709350303387,1.1759980154367438,2.93827080406405,0.5799712704972054,27.673268113371773,103.683823733934,0.5746671406837455,0.0,286.0455672368081,97527.85082380142,1.1877672376490023,339.11361374550575,6.749355295719824e-05,-6.106345749880882e-05,196.67615340687956,22972.314735917687
2.6953125,325.2946830412267,196.4868949102697,196.48690127737262,24.54501848975772,-0.048033534346075296,0.00014251460882030921,1.2606091741244217e-05,5.391408989366028,0.5192188745764048,0.8821609627382904,1.1759785936437626,2.9381763090547217,0.5794235280941202,23.98349903158887,103.45187767936882,0.5745727198379125,0.0,286.035584560232,97509.83850580282,1.1875893157097637,339.10756424350063,0.00014002081087057737,-9.84772280916696e-05,196.48690127737268,22924.691144690707
2.703125,326.82897089604205,196.2886262324154,196.28863264609035,26.211333748060433,-0.04842494394469805,0.0001435147272601177,1.0293855459906378e-05,5.3913297416745705,0.5191396268849465,0.8821534832627325,1.1759584523868505,2.93804969124118,0.578849166616433,14.759076327131611,103.20997760910427,0.5744738004559161,0.0,286.0256116891757,97491.84388046809,1.1874115561338523,339.1015206836405,0.0001982179151803895,-8.454663625693867e-05,196.28863264609043,22875.024876068837
2.7109375,328.3616624323534,196.07868615221432,196.07869261040514,27.53298715265028,-0.04881754169921648,0.00014459510400680097,7.640184422551967e-06,5.391284457279451,0.5190943424898276,0.8821492091779756,1.1759372915791042,2.937880824011286,0.5782403547155354,7.3795381635658055,102.95514008626127,0.5743690485577309,0.0,286.0156491941897,97473.86797727426,1.1872339691272678,339.09548341167897,0.00024180150190157302,-0.00011565672635300637,196.0786926104052,22822.705356863422
2.72265625,330.6575618448293,195.75420363678037,195.75421015716574,27.84526814439449,-0.04940847782471092,0.00014636155199117606,3.848540415136311e-06,5.391256154532502,0.5190660397428781,0.8821465378385411,1.1759045231173164,2.937579852787753,0.5772988452022442,5.304043055062923,102.56277672532447,0.5742072569132309,0.0,286.0007258480086,97446.940924698,1.186967929045743,339.08643986389325,0.0,0.0,195.75421015716577,22742.13388154482
2.740234375,334.094227660772,195.26062668823835,195.2606332933744,28.312601495323793,-0.050298972743998444,0.00014927736326871054,5.1104031443247454e-06,5.391213700412078,0.5190235856224541,0.8821425307767993,1.1758508438161226,2.937083130393233,0.5758662271726858,2.1908003923085984,101.96832987501848,0.5739615472336221,0.0,285.97838752020493,97406.63459393715,1.1865696494099767,339.0729028372442,0.0,0.0,195.2606332933745,22620.001374406485
2.7421875,334.47554203731084,195.20527801009692,195.20528462408407,28.364447770844368,-0.05039819417895464,0.00014961525505166322,5.2989710892842575e-06,5.391208983287586,0.5190188684979625,0.8821420855438212,1.1758448200537897,2.937027345099684,0.5757055420791621,1.8448845408914514,101.90184755621789,0.5739340237650901,0.0,285.97590897675747,97402.16241531758,1.1865254545599884,339.07140083991504,-0.0001812808078663174,-9.856903136149246e-05,195.20528462408416,22606.337415188864
2.7451171875,335.04731079969685,195.12220613940468,195.12221276660765,28.345957992548236,-0.050547124104623156,0.0001501271572696985,5.583682030901256e-06,5.391206153012892,0.5190160382232676,0.8821418184036603,1.1758357872170788,2.9369396881341845,0.5754643663325048,1.8448845408914516,101.80212276353619,0.5738927267392476,0.0,285.97219247980195,97395.45652592079,1.1864591843544943,339.06914864275996,-0.00017759119167222207,-0.00010672051629313529,195.12221276660773,22585.839192573963
2.75,335.99971815904826,194.98387328457795,194.98387993365392,28.315193648246492,-0.050795598928032426,0.00015099373637106458,6.061916182443529e-06,5.3912014358884,0.519011321098776,0.8821413731694357,1.175820767946499,2.9367939477706315,0.5750627507126552,1.8448845408914514,101.63619507619416,0.5738239933394469,0.0,285.96600183196614,97384.28638366635,1.1863487928427505,339.0653971101715,-0.00015583247540775232,-9.495087471930787e-05,194.983879933654,22551.727393919267
2.7578125,337.52216605777005,194.7628526991384,194.7628593826413,28.266105066098433,-0.051193820262018117,0.00015241472919496994,7.972121238729608e-06,5.391193888489213,0.5190037736995895,0.8821406607930558,1.1757961596887663,2.936554988957105,0.5744210580054957,1.8448845408914514,101.37143730823917,0.573714266171155,0.0,285.95610592062445,97366.43062117486,1.1861723192172438,339.0594001878984,-0.00014424694810618886,-3.426840876493321e-05,194.76285938264138,22497.28309268261
2.765625,339.04288525002363,194.540879016909,194.54088573350893,28.5590928846351,-0.05159282149077452,0.0001538754159774857,8.742258683078862e-06,5.39119011478962,0.5189999999999962,0.8821403046041179,1.1757722000347737,2.936318954306558,0.5737765200192964,0.0,101.10606287849845,0.5736041683246591,0.0,285.9462212458748,97348.59513351324,1.1859960337798399,339.05341007500016,-8.610902508966178e-05,-2.2873626161856e-05,194.54088573350901,22442.695586539186
2.77734375,341.3207018734659,194.20663580390993,194.20664256919102,28.48514278800313,-0.05219272071641811,0.0001561355227970736,9.887310659493063e-06,5.39119011478962,0.5189999999999962,0.8821403046041179,1.1757362788591033,2.935959742549854,0.5728058653755147,0.0,100.70742317743309,0.5734385833899511,0.0,285.93141543782247,97321.8801617487,1.1857319609807648,339.0444377553204,-6.332204876330209e-05,1.44924294772623e-05,194.20664256919113,22360.663761361113
2.794921875,344.73009526153186,193.7068903550217,193.70689719172717,28.37491745635123,-0.05309559658682553,0.00015967346697096611,1.1583101142673364e-05,5.39119011478962,0.5189999999999962,0.8821403046041179,1.175682921505487,2.9354261690136907,0.5713545148746444,0.0,100.11323621198349,0.5731914872307613,0.0,285.9092543808,97281.89369086295,1.1853366506408096,339.0310081547648,3.627994212220028e-05,-9.122285804376323e-05,193.70689719172722,22238.31546024978
2.814921875,348.59856639598223,193.14063771855473,193.140644634793,28.250517246830974,-0.05412713775473569,0.00016389137064502692,1.1411662988604034e-05,5.39119011478962,0.5189999999999962,0.8821403046041179,1.1756241928776028,2.9348388827348493,0.569709912002306,0.0,99.44263539527292,0.572912200690952,0.0,285.8841093184261,97236.52300734736,1.18488803720308,339.0157702469662,0.0001571072767009987,-0.00014001966564822847,193.14064463479312,22100.122060008314
2.834921875,352.45573728657024,192.57686242010553,192.57686941955114,28.12718208885118,-0.05516319364931631,0.00016805627956439388,8.080538512897812e-06,5.39119011478962,0.5189999999999962,0.8821403046041179,1.1755681103464046,2.9342780574228677,0.5680723944735103,0.0,98.77777193505224,0.5726348681322642,0.0,285.8590377076373,97191.28485675501,1.1844406556387619,339.0005768508282,0.00029166434011577736,-0.00016368006058083677,192.57686941955123,21962.994620777845
2.854921875,356.3016572679949,192.01554329661684,192.0155503870658,28.004898890884462,-0.05620419302782631,0.00017190693111302806,4.15739726841077e-06,5.39119011478962,0.5189999999999962,0.8821403046041179,1.175513153820418,2.9337284921630014,0.5664419017923169,0.0,98.11857823303997,0.5723594695126873,0.0,285.834039227758,97146.17866047256,1.1839945008932227,338.98542777202135,0.0,0.0,192.01555038706584,21826.921805589784
2.874921875,360.1363752542247,191.4566594357788,191.4566666270612,27.88365514072044,-0.05725071199243523,0.00017539769062493424,1.8395542337910104e-06,5.39119011478962,0.5189999999999962,0.8821403046041179,1.1754580216130404,2.933177170089225,0.5648183741735103,0.0,97.46498766408163,0.5720859850648257,0.0,285.8091135608475,97101.20384482112,1.1835495679549897,338.9703228178736,0.0,0.0,191.4566666270613,21691.892435134298
2.894921875,363.95993974346885,190.90019017459284,190.90019747446541,27.763438613472182,-0.058303355727240845,0.0001787880188444081,6.183676683418339e-06,5.39119011478962,0.5189999999999962,0.8821403046041179,1.1753997264416804,2.932594218375626,0.5632017525327521,0.0,96.81693461668262,0.5718143952913733,0.0,285.78426039166743,97056.359840998,1.1831058518552418,338.95526179735043,-0.0003622895720260192,-2.962455499508571e-06,190.90019747446556,21557.895485124507
2.914921875,367.7723988230804,190.3461150885026,190.34612250568227,27.644237121174083,-0.05936262645043204,0.00018230886260467273,1.0116615517352774e-05,5.39119011478962,0.5189999999999962,0.8821403046041179,1.1753424323068278,2.9320212770270992,0.561591978475925,0.0,96.17435444299237,0.5715446809605143,0.0,285.75947940764996,97011.6460850191,1.182663347667304,338.9402445210359,-0.00028835452706315256,2.943890522125782e-05,190.34612250568233,21424.92008363781
2.934921875,371.5738001743419,189.7944139957354,189.7944215356206,27.526038101812798,-0.06042896968831641,0.0001861783592266224,1.1212606453821949e-05,5.39119011478962,0.5189999999999962,0.8821403046041179,1.1752875632886552,2.931472586845374,0.5599889942907063,0.0,95.53718342609389,0.5712768231017538,0.0,285.73477029886675,96967.06201766292,1.1822220505061596,338.92527080111324,-5.9383415633918115e-05,-0.00011582960968995379,189.79442153562067,21292.95550866615
2.954921875,375.36419107729876,189.2450669538856,189.24507461404318,27.408829620351476,-0.06150243194405278,0.0001905931223349469,9.512346231076064e-06,5.39119011478962,0.5189999999999962,0.8821403046041179,1.1752350894386003,2.930947848344825,0.558392742936125,0.0,94.90535886286338,0.5710108030014704,0.0,285.71013275799754,96922.60708441371,1.1817819555279494,338.91034045134654,7.518561223065638e-06,-0.00017638972953097878,189.24507461404335,21161.99118554857
2.974921875,379.143618415452,188.69805424812498,188.6980620209548,27.29260119624377,-0.06258252948163444,0.00019587921189908298,9.044599779349996e-06,5.39119011478962,0.5189999999999962,0.8821403046041179,1.1751826297602488,2.9304232515613093,0.5568031680292806,0.0,94.27881909237439,0.5707466021980533,0.0,285.68556648029954,96878.28073540662,1.1813430579294923,338.8954532870615,-7.776443765951977e-05,-9.899400466822697e-05,188.69806202095495,21032.016684227303
2.994921875,382.9121286802178,188.15335638489168,188.15336426310736,27.177341877673086,-0.06366864358445389,0.00020221800590773098,9.658010342272728e-06,5.39119011478962,0.5189999999999962,0.8821403046041179,1.1751302677004525,2.9298996309633463,0.5552202138353499,0.0,93.65750328882208,0.5704842024776504,0.0,285.6610711635786,96834.08242537522,1.1809053529478286,338.8806091251286,-2.0986933652034414e-05,-0.00010969396650145234,188.15336426310753,20903.021716793457
3.014921875,386.6697679753773,187.61095409506564,187.61096207139244,27.063040618346786,-0.06476022995374145,0.0002096318058140286,9.839856300929707e-06,5.39119011478962,0.5189999999999962,0.8821403046041179,1.1750788893730941,2.9293858476897627,0.5536438252602047,0.0,93.04135151476292,0.5702235858704036,0.0,285.63664650816,96790.01161359943,1.1804688358597646,338.865807783945,7.016137313223727e-05,-0.00016373686664884006,187.61096207139258,20774.99613526443
3.034921875,390.41658202154827,187.07082832920145,187.07083639757926,26.94968662463804,-0.0658567387975076,0.00021791515968601157,1.0180645195594995e-05,5.39119011478962,0.5189999999999962,0.8821403046041179,1.175028140958533,2.9288783635441518,0.5520739478410969,0.0,92.43030476279392,0.5699647346464118,0.0,285.61229221685994,96746.06776385303,1.180033501981413,338.85104908341714,6.794383323259659e-05,-0.00016973998546436923,187.0708363975794,20647.92992924798
3.0549218750000002,394.1526161605085,186.53296025235358,186.53296841070758,26.83726948848585,-0.06695781786009063,0.0002265753036225994,9.54273666981963e-06,5.39119011478962,0.5189999999999962,0.8821403046041179,1.1749786875666342,2.928383829625163,0.5505105277363151,0.0,91.82430486897286,0.56970763131158,0.0,285.5880079949567,96702.25034435294,1.1795993466677508,338.83633284494374,0.000143097003388799,-0.00023202192282519306,186.53296841070772,20521.813223563877
3.0749218750000002,397.87791535195026,185.99732976321906,185.99733801359687,26.72599693713954,-0.06806346488358635,0.0002351781579777821,9.406894282630473e-06,5.39119011478962,0.5189999999999962,0.8821403046041179,1.1749296505608742,2.927893459567563,0.5489535073470543,0.0,91.22447341784346,0.5694596264562427,0.0,285.5637935502123,96658.55882779731,1.1791663653130553,338.8216588914287,2.899126512017208e-05,-0.00026211325119699193,185.99733801359702,20396.635951344495
3.0949218750000003,401.5925241130825,185.46391383418532,185.46392218055513,26.615740829460588,-0.06917381296688606,0.0002431960984524172,1.0128515583356265e-05,5.39119011478962,0.5189999999999962,0.8821403046041179,1.1748808145343659,2.9274050993024803,0.5474028204100484,0.0,90.63011958787182,0.569216882390863,0.0,285.53964859326493,96614.9926920739,1.178734553357985,338.80702704751855,6.911498423952924e-06,-0.0003444329306797325,185.46392218055522,20272.387494490857
3.1149218750000003,405.29648654688907,184.93269403616776,184.93270248509344,26.50638326145444,-0.0702891823881996,0.000250169110687704,1.087281481381366e-05,5.39119011478962,0.5189999999999962,0.8821403046041179,1.1748326662239383,2.926923616198205,0.545858414215282,0.0,90.04060862856468,0.5689757878598053,0.0,285.5155728374452,96571.5514199286,1.1783039062863574,338.79243713949177,2.208934138072901e-06,-0.00034265194407871567,184.93270248509359,20149.058333499222
3.1349218750000003,408.9898463969886,184.40365250198286,184.4036610617176,26.397914179199322,-0.07140999118368287,0.00025588673525014477,1.0490047061589429e-05,5.39119011478962,0.5189999999999962,0.8821403046041179,1.1747858781407097,2.926455735365918,0.5443202376894684,0.0,89.45588635236793,0.568736326718264,0.0,285.49156599841956,96528.23449832208,1.1778744196188313,338.77788899504225,-3.937494822120799e-05,-0.00038167065846621555,184.4036610617177,20026.639153201268
3.1549218750000003,412.6726470516427,183.87677156393633,183.87678024424312,26.290323368026392,-0.07253679304716308,0.00026045282042968,1.0111653938130751e-05,5.39119011478962,0.5189999999999962,0.8821403046041179,1.1747397779794606,2.9259947337534276,0.5427882403288944,0.0,88.87589940371947,0.5684984830324463,0.0,285.4676277941643,96485.04141838275,1.1774460889124962,338.7633824432636,-8.884058833061244e-05,-0.0004309347725565785,183.87678024424332,19905.120761769813
3.1749218750000003,416.34493154777425,183.3520337553663,183.35204256307,26.183600592968098,-0.07367008129331563,0.00026432496503023213,1.0171011317093265e-05,5.39119011478962,0.5189999999999962,0.8821403046041179,1.1746941050704944,2.925538004663766,0.5412623721916461,0.0,88.30059518495807,0.5682622410762144,0.0,285.4437579449394,96441.97167535961,1.1770189097604584,338.74891731463333,-0.00021125136507918224,-0.00031116629961508695,183.3520425630702,19784.494088735566
3.1949218750000004,420.00674257493944,182.82942180489846,182.82943074201293,26.077736235173862,-0.07481006007155282,0.000268238264363768,1.1386749407362252e-05,5.39119011478962,0.5189999999999962,0.8821403046041179,1.1746484305933909,2.92508125989273,0.5397425838885207,0.0,87.72992186330872,0.5680275853275658,0.0,285.41995617326285,96399.02476857572,1.1765928777914338,338.7344934409973,-0.0001418713759535547,-0.00021217932454528345,182.82943074201305,19664.750182936295
3.2149218750000004,423.65812247917864,182.30891863271418,182.3089276960297,25.97272040930869,-0.07595662945525104,0.00027284141650810677,1.1131755862512524e-05,5.39119011478962,0.5189999999999962,0.8821403046041179,1.1746042982975915,2.9246399369347365,0.5382288265765843,0.0,87.16382828617444,0.5677945004655693,0.0,285.3962222038853,96356.20020138299,1.1761679886693543,338.7201106555545,-6.0431654142351104e-05,-0.0002587412359952661,182.30892769602988,19545.880210687763
3.2349218750000004,427.2991132668633,181.79050734848525,181.79051652829835,25.8685442334961,-0.07710924375420826,0.0002785502847943986,1.224166442747819e-05,5.39119011478962,0.5189999999999962,0.8821403046041179,1.174560031379098,2.924197267749802,0.5367210519508,0.0,86.60226414124257,0.5675629713670416,0.0,285.3725557637654,96313.49748111707,1.1757442380929706,338.7057687928418,-9.467399305845535e-05,-0.00021880248148731075,181.7905165282985,19427.875453840155
3.2549218750000004,430.92975660833923,181.27417124264304,181.2741805270756,25.7651991440887,-0.07826718497973843,0.0002856013198516825,1.2798796366775447e-05,5.39119011478962,0.5189999999999962,0.8821403046041179,1.17451675546014,2.9237645085602204,0.5352192122350093,0.0,86.04517973921617,0.5673329831031675,0.0,285.3489565820458,96270.91611905463,1.1753216217954814,338.69146768871974,4.8046085342469766e-05,-0.00025997527208270865,181.2741805270757,19310.72730781595
3.2749218750000004,434.5500938415759,180.7598937843458,180.75990316400416,25.66267650276035,-0.07942969482147602,0.0002937731398117766,1.2925415302725074e-05,5.39119011478962,0.5189999999999962,0.8821403046041179,1.1744743935553454,2.923340889512276,0.5337232601771841,0.0,85.49252613832788,0.5671045209368176,0.0,285.32542439002975,96228.45563037059,1.1749001355441597,338.67720718035804,8.868995757406449e-05,-0.00025682098720377066,180.7599031640043,19194.427279982883
3.2949218750000004,438.16016597569615,180.2476586201331,180.24766809087814,25.560967544847976,-0.08059629338764397,0.0003025315715855419,1.2825555043670105e-05,5.39119011478962,0.5189999999999962,0.8821403046041179,1.1744328205181425,2.922925159140246,0.5322331490401209,0.0,84.94425509409906,0.5668775703192037,0.0,285.30195892115796,96186.11553409664,1.1744797751399925,338.66298710622175,0.00012365790333527618,-0.00030531857365118,180.24766809087825,19078.966987722248
3.3149218750000005,441.76001369452075,179.73744957329362,179.73745913743508,25.460063541815042,-0.08176688739515386,0.00031119984793055586,1.1382078136276487e-05,5.39119011478962,0.5189999999999962,0.8821403046041179,1.1743926902064825,2.9225238560236466,0.530748832595166,0.0,84.4003190173191,0.5666521168870378,0.0,285.2785599109856,96143.89535307974,1.1740605364173178,338.6488073060573,0.0002139658604831989,-0.0003146295647644536,179.73745913743522,18964.33815674125
3.3349218750000005,445.34967736009884,179.2292506440813,179.2292603086706,25.359955229257267,-0.08294176325974624,0.0003192797572838807,9.879514822171415e-06,5.39119011478962,0.5189999999999962,0.8821403046041179,1.1743532405388433,2.922129359347254,0.5292702651145229,0.0,83.86067104288786,0.5664281464595117,0.0,285.2552270971593,96101.79461394071,1.1736424152434632,338.63466762087853,8.33633508127416e-05,-0.0002947171461231703,179.22926030867072,18850.532619307654
3.3549218750000005,448.9291970162643,178.7230460091155,178.72305578198626,25.26063399461611,-0.08412133073887777,0.00032649733136587314,9.579070973656124e-06,5.39119011478962,0.5189999999999962,0.8821403046041179,1.174313723187432,2.9217341858331425,0.5277974013630665,0.0,83.32526495293807,0.566205645035242,0.0,285.23196021939424,96059.81284703247,1.1732254075183801,338.6205678929529,-5.4881743734932254e-05,-0.00042797153910030603,178.72305578198637,18737.542312473997
3.3749218750000005,452.49861239207024,178.21882001352546,178.21882990520473,25.162091200870307,-0.08530609522205417,0.00033263819329161677,1.0063459248167696e-05,5.39119011478962,0.5189999999999962,0.8821403046041179,1.1742743795110524,2.9213407490693455,0.5263301965927123,0.0,82.79405514799554,0.5659845987896376,0.0,285.2087590194515,96017.94958639983,1.172809509174291,338.6065079657876,-3.2407825961880085e-05,-0.0003104729252053023,178.21882990520479,18625.359276507897
3.3949218750000005,456.05796290521545,177.71655717755775,177.7165671944459,25.06431772012017,-0.08649654621175192,0.0003377779832750442,8.45167801246522e-06,5.39119011478962,0.5189999999999962,0.8821403046041179,1.1742369036467712,2.920965990426534,0.5248686065363725,0.0,82.2669966284998,0.5657649940722373,0.0,285.1856232411161,95976.20436973921,1.1723947161753387,338.59248768411635,-1.9193767374762615e-05,-0.0002668610698715355,177.71656719444601,18513.975653314537
3.4149218750000006,459.60728766547857,177.2162421854611,177.21625233122526,24.967305709838357,-0.08769287051200766,0.00034226293127322224,6.669597287125061e-06,5.39119011478962,0.5189999999999962,0.8821403046041179,1.1742001555244241,2.920598509203063,0.5234125873996098,0.0,81.7440451022942,0.5655468174037372,0.0,285.1625526301744,95934.57673835846,1.171981024517234,338.5785068938857,-9.202078369371916e-05,-0.0003261751038861416,177.21625233122535,18403.38368471854
3.4349218750000006,463.14662547792364,176.717859884622,176.71787016016202,24.871047235223667,-0.08889518418575071,0.0003465914921800251,7.678292341201873e-06,5.39119011478962,0.5189999999999962,0.8821403046041179,1.1741623845758837,2.920220799717659,0.5219620958540901,0.0,81.22515688774867,0.5653300554733232,0.0,285.1395469343935,95893.06623713922,1.1715684302269256,338.56456544224244,-0.0002260698050580028,-0.00017707073294637897,176.71787016016214,18293.57571089677
3.4549218750000006,466.67601484620036,176.22139528248894,176.22140568659034,24.775534399186782,-0.09010336398770935,0.00035142795345269025,1.1485170885574304e-05,5.39119011478962,0.5189999999999962,0.8821403046041179,1.1741235819123435,2.919832773082256,0.5205170890307422,0.0,80.71028888865064,0.5651146951359938,0.0,285.1166059034997,95851.6724144982,1.1711569293622621,338.55066317752085,-0.0003098927172069011,-8.126325239821939e-05,176.22140568659043,18184.5441688119
3.4749218750000006,470.1954939756627,175.72683354474765,175.72684407467528,24.680758961571563,-0.09131726571434377,0.00035734602896564616,1.3933398483264184e-05,5.39119011478962,0.5189999999999962,0.8821403046041179,1.1740861942753202,2.919458896712024,0.5190775245144075,0.0,80.19939853173861,0.564900723410138,0.0,285.09372928915815,95810.3948223506,1.1707465180116758,338.5367999492298,-5.836988220518497e-05,-0.00010825494561883237,175.7268440746754,18076.28159077172
3.4949218750000006,473.7051007765985,175.23415999699094,175.2341706461655,24.586713181972144,-0.09253654422408603,0.0003646893194447359,1.3391866812791793e-05,5.39119011478962,0.5189999999999962,0.8821403046041179,1.174051179187614,2.919108745834962,0.5176433603403646,0.0,79.69244383244579,0.5646881274754197,0.0,285.0709168449521,95769.2330160723,1.170337192293847,338.52297560804095,5.9132448352987965e-05,-9.427246396649751e-05,175.2341706461656,17968.780603137635
3.5149218750000006,477.20487286733095,174.7433601156259,174.74337087702636,24.49338986308918,-0.09376071318125753,0.00037337786030112183,1.1647180736678379e-05,5.39119011478962,0.5189999999999962,0.8821403046041179,1.1740174788878392,2.918771742837214,0.516214554984593,0.0,79.18938347405522,0.5644768946697623,0.0,285.0481683263623,95728.18655446342,1.1699289483573894,338.50919000577557,0.00015414985707441447,-0.00013919547887450125,174.74337087702648,17862.0339246166
3.5349218750000007,480.69484757719096,174.25441952724427,174.25443039540633,24.400781838920384,-0.09498940197986919,0.0003830712875407198,1.0026112073953572e-05,5.39119011478962,0.5189999999999962,0.8821403046041179,1.173984306729372,2.918440021252542,0.5147910673579671,0.0,78.69017669451371,0.5642670124869513,0.0,285.02548349074823,95687.25499971343,1.1695217823805444,338.49544299539343,0.00017057967620151814,-0.00011573833443796232,174.2544303954065,17756.03436484909
3.5549218750000007,484.1750619495377,173.76732400593835,173.76733497953336,24.30888146411081,-0.09622235377312345,0.0003933341601327126,8.909922526091455e-06,5.39119011478962,0.5189999999999962,0.8821403046041179,1.1739514336465746,2.9181112904245676,0.5133728568002421,0.0,78.19478326022305,0.5640584685742367,0.0,285.002862097328,95646.43791736584,1.1691156905708742,338.48173443098074,0.00011771874300709099,-0.0003054790487292482,173.76733497953347,17650.77482300165
3.5749218750000007,487.64555274471167,173.28205947670867,173.2820705558032,24.217681532827473,-0.09745951382524404,0.0004036163006089763,9.423450040717848e-06,5.39119011478962,0.5189999999999962,0.8821403046041179,1.173918192041872,2.9177788743775412,0.5119598830746047,0.0,77.70316349195468,0.5638512507300457,0.0,284.98030390715934,95605.73487628344,1.168710669164957,338.4680641677386,3.904181237148518e-05,-0.0003032969571073568,173.28207055580324,17546.248286417307
3.5949218750000007,491.1063564430073,172.79861200781778,172.79862319700007,24.12717476062331,-0.09870093851866094,0.00041336841833647283,1.0099920877237166e-05,5.39119011478962,0.5189999999999962,0.8821403046041179,1.1738854427835679,2.9174513817945003,0.51055210636261,0.0,77.21527821275222,0.5636453469017816,0.0,284.95780868312045,95565.14544861352,1.1683067144280834,338.45443206197103,5.321335042478108e-05,-0.0003531722702978012,172.79862319700018,17442.447829310364
3.6149218750000007,494.5575092475244,172.3169678134588,172.3169791204106,24.03735397849311,-0.09994695664896051,0.0004221876847426693,1.1063316927588157e-05,5.39119011478962,0.5189999999999962,0.8821403046041179,1.1738531086647686,2.917128040606507,0.5091494872587994,0.0,76.73108879780841,0.5634407451836013,0.0,284.9353761898911,95524.66920975437,1.1679038226539655,338.440837971074,-6.630653155333582e-05,-0.000354579608356704,172.31697912041074,17339.366611456993
3.6349218750000007,497.99904708709073,171.83711325140777,171.8371246855269,23.94821156605084,-0.10119800798290599,0.00042988756232261,1.2377627816924951e-05,5.39119011478962,0.5189999999999962,0.8821403046041179,1.1738211478726217,2.9168084326850385,0.5077519867641042,0.0,76.25055714102645,0.563237433814044,0.0,284.9130061939339,95484.30573832108,1.167501990164436,338.42728175352397,-0.00013731622011327015,-0.0002914071374224472,171.83712468552704,17236.997876820707
3.6549218750000008,501.43100561914457,171.35903443347433,171.3590460019782,23.859857434382032,-0.10245448636925439,0.0004363943263492385,1.2777465509398518e-05,5.39119011478962,0.5189999999999962,0.8821403046041179,1.173790302721001,2.916499981168832,0.5063595651274836,0.0,75.77427666992152,0.5630354010067969,0.0,284.89069846347553,95444.84994605095,1.1671109386979222,338.4137632688662,-7.332467797521662e-05,-0.0002619162201543219,171.35904600197827,17135.477662026336
3.674921875000001,504.85342018278595,170.882713662788,170.88272537108043,23.772327580115412,-0.10371669187682972,0.0004418362006898327,1.1898434919013767e-05,5.39119011478962,0.5189999999999962,0.8821403046041179,1.1737607839804798,2.9162047937636193,0.5049721713300805,0.0,75.30244100527348,0.5628346334318505,0.0,284.8684527688119,95406.61288164296,1.1667344758217777,338.4002823779,-7.418265150134002e-05,-0.000314834747089839,170.88272537108057,17034.85177868783
3.694921875000001,508.2663257934011,170.40813695479198,170.4081488077075,23.68545048583436,-0.10498482848984604,0.0004465719068009371,1.1307988459331737e-05,5.39119011478962,0.5189999999999962,0.8821403046041179,1.1737316631649393,2.915913585608214,0.5035897653116568,0.0,74.83412510606216,0.5626351194400707,0.0,284.8462688823429,95368.48205639524,1.16635900036634,338.3868389426998,-0.00012375187161709357,-0.00034886996764447623,170.4081488077076,16934.912870523585
3.714921875000001,511.6697572021265,169.93529132046683,169.93530332010735,23.599219241300986,-0.10625903292160542,0.0004511061889498774,1.1590201341376867e-05,5.39119011478962,0.5189999999999962,0.8821403046041179,1.1737025918834003,2.9156228727928246,0.5022123099342174,0.0,74.36929328480187,0.5624368478862652,0.0,284.8241465781862,95330.4570820493,1.1659845089826826,338.37343282638085,-0.0001567295226485283,-0.00026786504794406446,169.93530332010747,16835.654589496007
3.734921875000001,515.0637489016615,169.46416390391775,169.46417604803258,23.51362721549936,-0.10753922606774644,0.00045607081397923063,1.259836560313048e-05,5.39119011478962,0.5189999999999962,0.8821403046041179,1.17367365280073,2.9153334819661225,0.50083976843551,0.0,73.90791031337389,0.5622398077579387,0.0,284.80208563213915,95292.53757323409,1.1656109983468155,338.36006389307636,-0.0001372892642512863,-0.00020015528911514037,169.46417604803275,16737.070664258732
3.754921875000001,518.4483351288844,168.99474182913906,168.994754111283,23.42871303190154,-0.10882511181343352,0.0004619509728868015,1.3146168906101097e-05,5.39119011478962,0.5189999999999962,0.8821403046041179,1.1736453832104405,2.915050786063227,0.49947210398155595,0.0,73.45018338609414,0.5620458408092235,0.0,284.7800858216622,95254.72314743671,1.1652384651594296,338.3467320079273,-5.717935456923251e-05,-0.00010784325238379877,168.9947541112831,16639.154869529986
3.774921875000001,521.8235498477547,168.52701074649,168.52702315946883,23.34449557387276,-0.11011625705430642,0.0004690464539303648,1.2594011506875217e-05,5.39119011478962,0.5189999999999962,0.8821403046041179,1.1736181463897641,2.914778417856463,0.49810927538020544,0.0,72.99621232609866,0.5618560131236503,0.0,284.7581469259896,95217.01342519344,1.1648669061478172,338.3334370371497,4.852654830440954e-05,-7.52045157782642e-05,168.527023159469,16541.90074109218
3.794921875000001,525.1894267470094,168.06095780600654,168.06097034331648,23.260896659517915,-0.11141225307796326,0.0004773618684857049,1.0995794933991419e-05,5.39119011478962,0.5189999999999962,0.8821403046041179,1.1735917078150535,2.9145140321093566,0.49675124586287595,0.0,72.54557566148193,0.5616673668096769,0.0,284.73626872614443,95179.40803011552,1.1644963180661616,338.3201788480435,0.00014835207782099325,-0.00016580255556354395,168.06097034331663,16445.302161359923
3.814921875000001,528.5459992662157,167.5965707004438,167.59658335426576,23.17791010449469,-0.11271268035307686,0.00048662337950206854,9.903904081119457e-06,5.39119011478962,0.5189999999999962,0.8821403046041179,1.1735651499467785,2.9142484534266067,0.4953979802468035,0.0,72.09824019150686,0.5614798915150871,0.0,284.71445100476956,95141.90658859804,1.1641266976927023,338.30695730889033,9.938360100118746e-05,-0.0002575497593494879,167.59658335426585,16349.353167017749
3.834921875000001,531.8933005999884,167.13383724082414,167.133850005726,23.095530382799105,-0.1140171351508882,0.0004963558494265413,1.0265959235011255e-05,5.39119011478962,0.5189999999999962,0.8821403046041179,1.173537912022278,2.913976074181601,0.49404944369764253,0.0,71.65417312784358,0.5612935770089456,0.0,284.69269354610003,95104.50872977283,1.1637580418293068,338.2937722889366,4.9582660549071184e-05,-0.0003784692658727264,167.1338500057261,16254.047865564875
3.854921875000001,535.2313637003305,166.67274535586932,166.67275823220197,23.013751533024525,-0.1153254617486559,0.0005059396413205639,1.1978596663069736e-05,5.39119011478962,0.5189999999999962,0.8821403046041179,1.1735100532902,2.9136974868608223,0.4927056017270385,0.0,71.2133420951428,0.5611084131801194,0.0,284.6709961359478,95067.21408548231,1.1633903473012455,338.28062365838434,-3.618087590318659e-05,-0.00034157550405044726,166.6727582322021,16159.38043441523
3.874921875000001,538.5602212790415,166.21328309635126,166.21329608755966,22.93256730909787,-0.11663773288966636,0.0005148049183410029,1.3533954532010519e-05,5.39119011478962,0.5189999999999962,0.8821403046041179,1.1734824617754178,2.9134215717129996,0.4913664201876561,0.0,70.7757151134126,0.5609243900354685,0.0,284.6493585616862,95030.02229025257,1.1630236109569598,338.26751128838185,-1.5379713468905066e-05,-0.0002683445600068556,166.21329608755974,16065.345119841895
3.894921875000001,541.8799058101382,165.75543863308008,165.755451743793,22.851971624919038,-0.1179541289608535,0.0005225975986457286,1.320035998438863e-05,5.39119011478962,0.5189999999999962,0.8821403046041179,1.173456157708777,2.9131585310465913,0.4900318652696887,0.0,70.34126059876996,0.5607414976982596,0.0,284.62778061223406,94992.93298126638,1.1626578296678274,338.25443505101384,9.423799074945037e-05,-0.00024838493496451877,165.7554517437931,15971.936236031768
3.914921875000001,545.1904495322269,165.29920025250448,165.2992134895671,22.771958842693188,-0.11927487232131972,0.0005292060920430289,1.087712300191397e-05,5.39119011478962,0.5189999999999962,0.8821403046041179,1.1734311990360662,2.9129089443194833,0.48870190349670006,0.0,69.90994740945456,0.5605597264065068,0.0,284.6062620780405,94955.9457983366,1.162293000327933,338.24139481929257,0.0001305237204846961,-0.00034562123846182657,165.29921348956714,15879.148164108878
3.934921875000001,548.4918844507795,164.84455635619577,164.84456972797318,22.692523030900446,-0.12060032161856397,0.0005348030787950713,8.488157124011184e-06,5.39119011478962,0.5189999999999962,0.8821403046041179,1.1734064490229912,2.9126614441887333,0.48737650171913754,0.0,69.48174484003269,0.5603790665110158,0.0,284.5848027510699,94919.0603838808,1.1619291198538513,338.22839046714836,4.856995493678121e-05,-0.0003171711405784038,164.84456972797327,15786.975351019408
3.954921875000001,551.7842423404699,164.391495461756,164.39150897519258,22.61365848319083,-0.12193080720534967,0.0005396541808291328,7.8576890469149e-06,5.39119011478962,0.5189999999999962,0.8821403046041179,1.1733808295685149,2.91240524964397,0.48605562711052663,0.0,69.05662255371699,0.5601995084738153,0.0,284.56340242478694,94882.27638289516,1.161566185184418,338.2154218694209,-0.00014239898602985885,-0.0003006204317031241,164.3915089751927,15695.412308604886
3.974921875000001,555.0675547474323,163.94000619801437,163.94001985914178,22.535359726236926,-0.12326661090901078,0.0005441012492767052,9.244041967330759e-06,5.39119011478962,0.5189999999999962,0.8821403046041179,1.1733541865751544,2.912138819710366,0.4847392471636101,0.0,68.63455057854357,0.5600210428666007,0.0,284.5420608941417,94845.59344292924,1.1612041932805153,338.20248890184985,-0.00023081552013829975,-0.00014023593121825198,163.9400198591419,15604.453612683725
3.994921875000001,558.3418529914975,163.49007730451945,163.49009111830583,22.457621156600613,-0.12460793614423045,0.0005483977643232268,1.1095893314685605e-05,5.39119011478962,0.5189999999999962,0.8821403046041179,1.1733274340177022,2.911871294135844,0.48342732968704033,0.0,68.21549930926335,0.5598436603692687,0.0,284.5207779555552,94809.01121406094,1.1608431411248532,338.18959144106645,-0.00018255198793568495,-8.667090141374555e-05,163.4900911183059,15514.09390217981
4.014921875000001,561.6071681683986,163.0416976328931,163.04171160060804,22.38043680519898,-0.12595489359984186,0.0005527033613096765,1.0320686670000325e-05,5.39119011478962,0.5189999999999962,0.8821403046041179,1.1733023955822741,2.9116209097815626,0.4821198428021777,0.0,67.79943948124226,0.559667351768484,0.0,284.49955340690536,94772.52934887198,1.1604830257217582,338.1767293645846,-4.128462379608318e-05,-3.772730007890045e-05,163.04171160060812,15424.327878268788
4.034921875,564.8635311519944,162.59485614319232,162.5948702617587,22.303801571377114,-0.12730738364622693,0.0005571420714394496,7.566650605135174e-06,5.39119011478962,0.5189999999999962,0.8821403046041179,1.1732786873655974,2.911383827614795,0.48081675493834536,0.0,67.3863422605145,0.5594921079560553,0.0,284.478387047512,94736.14750242289,1.160123844096959,338.1639025507923,7.517738323203134e-05,6.028772444860699e-05,162.59487026175879,15335.15030343643
4.054921875,568.1109725963978,162.1495418993669,162.14955616352907,22.2277102290063,-0.12866512633720434,0.0005617105887790598,2.7052482573192e-06,5.39119011478962,0.5189999999999962,0.8821403046041179,1.1732563839671417,2.9111607936302386,0.47951803482786226,0.0,66.97617918147684,0.5593179199272994,0.0,284.4572786781234,94699.86533222935,1.1597655932973796,338.15111087894275,0.0,0.0,162.14955616352918,15246.556000535156
4.074921874999999,571.3495229380588,161.7057440727671,161.70575847250205,22.152157767096746,-0.1300277238610037,0.000566276574788935,3.400763627118386e-06,5.39119011478962,0.5189999999999962,0.8821403046041179,1.1732309600468418,2.9109065544272394,0.4782236515024813,0.0,66.568922149691,0.5591447787796147,0.0,284.4362281009026,94663.68249823895,1.1594082703909399,338.138354229147,0.0,0.0,161.70575847250217,15158.53985194218
4.094921874999999,574.5792123978628,161.26345193426909,161.26346645853914,22.077139357106095,-0.13139462411965322,0.0005707406926654931,9.2202914161668e-06,5.39119011478962,0.5189999999999962,0.8821403046041179,1.1732026694770936,2.9106236487297577,0.47693357428898864,0.0,66.16454339334945,0.5589726757109572,0.0,284.41523511941386,94627.59866280759,1.1590518724663537,338.12563248236484,-0.00014273678440155952,5.2857898433431356e-06,161.26346645853923,15071.09679867503
4.1149218749999985,577.800070983109,160.8226548537386,160.8226694941794,22.002650069169352,-0.13276530895530245,0.0005750340030562159,1.3677626425427906e-05,5.39119011478962,0.5189999999999962,0.8821403046041179,1.173175339415829,2.9103503481171122,0.4756477728075556,0.0,65.76301544874536,0.5588016020187023,0.0,284.39429953860974,94591.61349067753,1.1586963966329382,338.1129455203975,-7.409345033896304e-05,7.977601980278255e-05,160.82266949417945,14984.221839692093
4.134921874999998,581.0121284895174,160.3833423038453,160.38335705326125,21.928684953756022,-0.13413937435854342,0.0005792022762792332,1.6108975414016785e-05,5.39119011478962,0.5189999999999962,0.8821403046041179,1.1731493603485057,2.9100905574438785,0.47436621696779074,0.0,65.36431118139798,0.5586315490982122,0.0,284.3734211648181,94555.72664895486,1.1583418400204213,338.1002932258798,5.677932973413089e-05,9.440829547479022e-05,160.38335705326136,14897.910031056714
4.154921874999998,584.2154145032221,159.94550385333898,159.94551871019843,21.85523911893288,-0.1355165874609715,0.0005833450645577761,1.5939806327892152e-05,5.39119011478962,0.5189999999999962,0.8821403046041179,1.1731250701399543,2.909847655358364,0.47308887696672497,0.0,64.96840380008952,0.5584625084416759,0.0,284.352599805729,94519.93780708735,1.1579881997787507,338.08767548227183,0.00018719110577712937,4.421277594745757e-06,159.94551871019854,14812.15648523282
4.174921874999997,587.4099584027293,159.50912917034856,159.50914413818242,21.7823077248647,-0.1368969634405611,0.0005875630930921683,1.2651454428250898e-05,5.39119011478962,0.5189999999999962,0.8821403046041179,1.173102773780689,2.909624691765711,0.47181572328362054,0.0,64.57526686915529,0.5582944716365436,0.0,284.3318352703822,94484.24663684244,1.1576354730779033,338.07509217385166,0.0003306133931788023,6.574281020933694e-05,159.5091441381825,14726.956370190625
4.194921874999997,590.5957893608806,159.07420802020894,159.07422310773646,21.709885733485443,-0.13828075927518715,0.0005919027849926488,7.872722188814613e-06,5.39119011478962,0.5189999999999962,0.8821403046041179,1.17308150859564,2.9094120399152223,0.4705467266758167,0.0,64.18487434048733,0.5581274303641148,0.0,284.31112736915424,94448.65281228538,1.1572836571076979,338.06254318570745,0.00038485014459872395,0.0001483027302787967,159.07422310773657,14642.304908588594
4.214921874999996,593.7729363468095,158.64073026729628,158.64074548508103,21.637968291339156,-0.13966840511802137,0.0005964051845241507,2.93341005907219e-06,5.39119011478962,0.5189999999999962,0.8821403046041179,1.1730604882483449,2.90920183644227,0.4692818581740155,0.0,63.79720046090316,0.5579613763980715,0.0,284.2904759137457,94413.15600975735,1.1569327490776056,338.0500284037299,0.0,0.0,158.6407454850811,14558.197376931077
4.234921874999996,596.9414281279095,158.20868587235108,158.2087012313397,21.56655036099934,-0.14106035694543062,0.00060109100894488,3.9872789860571965e-06,5.39119011478962,0.5189999999999962,0.8821403046041179,1.1730360782064055,2.908957736022877,0.46802108908005424,0.0,63.41221977031731,0.557796301603352,0.0,284.2698807171686,94377.75590785351,1.1565827462165594,338.03754771460416,0.0,0.0,158.20870123133983,14474.629104890615
4.2549218749999955,600.101293271743,157.77806489100942,157.7780804015446,21.495627267538087,-0.1424570506611406,0.0006058894421769803,8.342641030845676e-06,5.39119011478962,0.5189999999999962,0.8821403046041179,1.1730098660936827,2.908695614895649,0.46676439096407885,0.0,63.02990709947083,0.5576321979349603,0.0,284.2493415937337,94342.4521874016,1.1562336457727698,338.02510100580264,-0.0003686055575195425,6.63043011085485e-05,157.7780804015447,14391.595474601489
4.274921874999995,603.2525601479201,157.34885747237897,157.34887314357007,21.42519434937079,-0.1438588770796472,0.000610664548390334,1.2348738918620489e-05,5.39119011478962,0.5189999999999962,0.8821403046041179,1.1729840060523598,2.908437014482419,0.4655117356615087,0.0,62.650237583410686,0.5574690574367609,0.0,284.2288583590385,94307.24453144103,1.1558854450135436,338.01268816557734,-0.00031003914626569375,4.57401218046741e-08,157.34887314357022,14309.09191994887
4.294921874999995,606.3952569299578,156.92105385846622,156.92106969717474,21.355246971633132,-0.14526615404210758,0.00061532507697453,1.539574821333715e-05,5.39119011478962,0.5189999999999962,0.8821403046041179,1.1729588569127454,2.908185523086275,0.4642630952703152,0.0,62.27318665243212,0.5573068722403276,0.0,284.20843082995526,94272.13262520204,1.1555381412251045,338.00030908295287,-0.00028794727216017296,3.6195245639059354e-05,156.92106969717491,14227.11392588608
4.314921874999994,609.5294115971196,156.49464438096206,156.4946603926482,21.28578064804739,-0.1466790953574576,0.0006198036351361582,1.7834262276599462e-05,5.39119011478962,0.5189999999999962,0.8821403046041179,1.1729342104667164,2.9079390586259857,0.46301844214713217,0.0,61.89873004829048,0.5571456345636546,0.0,284.1880588246187,94237.11615608516,1.1551917317124152,337.9879636477189,-0.0002462910125238145,9.44655344963388e-05,156.49466039264834,14145.657027688576
4.334921874999994,612.6550519362089,156.0696194626194,156.06963564988405,21.21679058418827,-0.14809783058761936,0.0006239312780501527,1.8519385904677063e-05,5.39119011478962,0.5189999999999962,0.8821403046041179,1.172910741526865,2.9077043692274707,0.46177774890462586,0.0,61.52684377556675,0.5569853367100441,0.0,284.16774216241464,94202.19481364125,1.1548462137990045,337.97565175042325,-0.0001284709125924397,0.00012261668956450037,156.06963564988422,14064.7168102942
4.354921874999993,615.7722055433854,155.64596961615638,155.6459859773278,21.148272369726445,-0.1495223296463071,0.0006274803899829883,1.73633570881454e-05,5.39119011478962,0.5189999999999962,0.8821403046041179,1.1728885007740248,2.90748196169907,0.4605409884084909,0.0,61.15750415441477,0.5568259710669592,0.0,284.147480663968,94167.36828955109,1.154501584826793,337.9633732823646,-1.5332260518180313e-05,0.00011507978313713868,155.64598597732797,13984.28890762859
4.374921874999993,618.8808998259498,155.22368544219805,155.22370197070535,21.08022166739303,-0.1509523534472334,0.0006302591939893709,1.4281812703141039e-05,5.39119011478962,0.5189999999999962,0.8821403046041179,1.1728675369521409,2.90727232348023,0.4593081337737978,0.0,60.79068780182041,0.5566675301048047,0.0,284.1272741511313,94132.63627760549,1.1541578421559189,337.9511281355856,8.699951553010467e-05,0.00016186791295018247,155.22370197070543,13904.369001899548
4.3949218749999925,621.9811620040714,154.8027576259803,154.8027743116573,21.01263453115424,-0.15238746553824337,0.0006321697423486116,1.1401345748824983e-05,5.39119011478962,0.5189999999999962,0.8821403046041179,1.1728465931677001,2.9070628856358227,0.4580791583610594,0.0,60.4263716568032,0.556510006375688,0.0,284.1071224469735,94097.99847368605,1.1538149831645723,337.9389162028659,2.4399575072356286e-05,0.00015563296727135484,154.8027743116574,13824.952822883393
4.414921874999992,625.0730191124348,154.38317693452512,154.3831937665251,20.945507177778335,-0.1538271636498423,0.00063319685806919,1.1010879297983471e-05,5.39119011478962,0.5189999999999962,0.8821403046041179,1.17282431651796,2.9068401191384208,0.4568540357727426,0.0,60.06453290913549,0.5563533925122498,0.0,284.08702537576914,94063.45457574663,1.1534730052488376,337.9267373777161,-2.5581359025661175e-05,0.00011885969793676885,154.3831937665253,13746.03614724726
4.434921874999992,628.1564980018807,153.96493421591197,153.96495118589735,20.87883553013551,-0.15527098503598938,0.0006333597475674407,1.199363908306867e-05,5.39119011478962,0.5189999999999962,0.8821403046041179,1.17280136522931,2.9066106062519226,0.45563273985202996,0.0,59.70514897349527,0.5561976812267946,0.0,284.0669827629878,94029.00428379516,1.1531319058225353,337.9145915543706,2.157432047121759e-06,6.970142923602612e-05,153.9649511858975,13667.61479801477
4.454921874999991,631.2316253410456,153.5480204019532,153.54803750386526,20.812615400069507,-0.15671858495575922,0.0006327226926732484,1.247965800219835e-05,5.39119011478962,0.5189999999999962,0.8821403046041179,1.1727788424657335,2.9063853786161564,0.45441524468072064,0.0,59.34819752797161,0.5560428653103218,0.0,284.0469944352832,93994.64729987521,1.1527916823170663,337.90247862778165,7.911619751019758e-05,1.4567129138560432e-05,153.54803750386537,13589.68464398614
4.474921874999991,634.2984276180276,153.13242650667206,153.13244373689562,20.7468426784024,-0.15816972059192283,0.0006313679837422953,1.21405239002535e-05,5.39119011478962,0.5189999999999962,0.8821403046041179,1.1727569410804055,2.9061663647628766,0.4532015245759953,0.0,58.993656534769016,0.5558889376314218,0.0,284.0270602204828,93960.38332804745,1.1524523321812479,337.89039849361257,0.0001245888057644685,3.867148139331519e-05,153.1324437368958,13512.241599097153
4.49492187499999,637.3569311420054,152.71814362434105,152.7181609829826,20.681513293281107,-0.15962429340752238,0.0006294940206909818,1.0666171659488584e-05,5.39119011478962,0.5189999999999962,0.8821403046041179,1.172735843128328,2.9059553852421005,0.4519915540880052,0.0,58.64150421907491,0.5557358911352895,0.0,284.00717994757696,93926.21207437152,1.1521138528811614,337.87835104823165,0.0002168734261516868,4.024001517587761e-05,152.7181609829828,13435.281621835204
4.51492187499999,640.4071620448652,152.30516293059793,152.30518042016917,20.61662331271896,-0.16108231825970584,0.0006273122118347099,8.057519595656046e-06,5.39119011478962,0.5189999999999962,0.8821403046041179,1.1727155470050028,2.9057524240088495,0.45078530799559663,0.0,58.29171907110726,0.5555837188425141,0.0,283.98735344670837,93892.13324688787,1.151776241899993,337.8663361887053,0.0002763945340227976,0.00014540554302185224,152.3051804201693,13358.800714551533
4.5349218749999896,643.4491462827873,151.89347563586233,151.89349326208054,20.552181894431747,-0.1625439417039331,0.000625078453645426,5.747445674869663e-06,5.39119011478962,0.5189999999999962,0.8821403046041179,1.172695205384572,2.905549007804542,0.4495827611747937,0.0,57.94435067727638,0.5554330931257156,0.0,283.9675805491619,93858.14655560002,1.1514394967378816,337.8543538127921,0.0,0.0,151.89349326208077,13282.794915263856
4.554921874999989,646.4829096318381,151.4830725256742,151.48309029423004,20.488195890312266,-0.16400938691398903,0.0006230842155574982,6.751623887899306e-06,5.39119011478962,0.5189999999999962,0.8821403046041179,1.1726730357897597,2.9053273118564182,0.448383887226322,0.0,57.59943792950893,0.5552846002119761,0.0,283.94786108739305,93824.25171252384,1.1511036149124294,337.8424038189602,-4.9327229050875e-05,0.0002605250419499347,151.48309029423018,13207.260216508153
4.574921874999989,649.5084776874271,151.07394486750962,151.07396278247472,20.42463650022705,-0.16547881512088408,0.0006215669769818343,8.218743527779301e-06,5.39119011478962,0.5189999999999962,0.8821403046041179,1.17265072128865,2.9051041668453226,0.44718866116451916,0.0,57.256825817703586,0.5551369547942118,0.0,283.9281948950317,93790.44843169359,1.1507685939587848,337.83048610638923,-4.386879269734445e-05,0.00019829739788285996,151.0739627824749,13132.192724189286
4.594921874999988,652.5258758735115,150.66608416553288,150.66610222964428,20.361499847185325,-0.16695232520110964,0.0006206632960620831,8.165224493579793e-06,5.39119011478962,0.5189999999999962,0.8821403046041179,1.1726294324600846,2.904891278559667,0.4459970586972577,0.0,56.9164938476088,0.5549901502315586,0.0,283.90858180682216,93756.73642905908,1.1504344314286454,337.81860057493424,6.17315256837674e-05,0.00016160765198346431,150.6661022296444,13057.588613928014
4.614921874999988,655.5351294448915,150.25948199980644,150.25950021423154,20.298782306963755,-0.16842995727311735,0.000620357752559517,6.409699455949898e-06,5.39119011478962,0.5189999999999962,0.8821403046041179,1.1726092754965354,2.904689708924175,0.4448090557486075,0.0,56.578421780592016,0.5548441799533677,0.0,283.88902165860816,93723.11542246005,1.150101124890027,337.80674712511654,0.0,0.0,150.25950021423174,12983.444102369947
4.634921874999987,658.5362634887009,149.85413002398582,149.85414838921972,20.23648015524996,-0.1699117146419075,0.0006205238177219265,4.124365780834783e-06,5.39119011478962,0.5189999999999962,0.8821403046041179,1.172589556981437,2.9044925237731922,0.44362462845545275,0.0,56.24258962818296,0.5546990374581776,0.0,283.8695142873234,93689.58513160946,1.1497686719271174,337.794925658118,0.0,0.0,149.8541483892199,12909.755446593934
4.654921874999987,661.5293029259049,149.4500199668551,149.45003848125143,20.174589621773002,-0.17139753371710473,0.0006209904268848051,2.4606324973670505e-06,5.39119011478962,0.5189999999999962,0.8821403046041179,1.172569595726009,2.904292911218911,0.44244375316512385,0.0,55.90897762389475,0.5545547163128276,0.0,283.8500595309816,93656.14527807686,1.149437070140135,337.78313607577485,0.0,0.0,149.45003848125157,12836.518943586749
4.674921874999987,664.5142725127625,149.0471436285247,149.04716228985643,20.11310738868469,-0.1728872890757656,0.000621518760378447,4.445643507435087e-06,5.39119011478962,0.5189999999999962,0.8821403046041179,1.1725476023268235,2.904072977227057,0.4412664064331983,0.0,55.57756622855041,0.5544112101515959,0.0,283.830657228667,93622.79558527193,1.1491063171451856,337.7713782805722,0.0,0.0,149.04716228985654,12763.730929733714
4.694921874999986,667.4911968422441,148.6454928804706,148.64551168658215,20.052029852974474,-0.17438085945965584,0.0006218609803298432,7.172042041381134e-06,5.39119011478962,0.5189999999999962,0.8821403046041179,1.1725252932205448,2.903849886164269,0.44009256502101407,0.0,55.24833611678455,0.5542685126753163,0.0,283.8113072205254,93589.53577842872,1.148776410574127,337.7596521756384,-1.4561925998665467e-05,-0.0001595613173191486,148.64551168658224,12691.387780298772
4.714921874999986,670.4601003454534,148.24505966454223,148.24507861438315,19.991353411165147,-0.17587815068262241,0.0006218067883056502,9.435483043074263e-06,5.39119011478962,0.5189999999999962,0.8821403046041179,1.1725033789850567,2.903630743809389,0.4389222058939484,0.0,54.92126818160795,0.5541266176505943,0.0,283.7920093477545,93556.36558458974,1.1484473480744328,337.74795766473926,-5.8905886734408326e-05,-0.00010946623187338295,148.24507861438326,12619.485908954683
4.734921874999985,673.421007293056,147.84583599421856,147.8458550866817,19.931074696176612,-0.1773790750405586,0.0006211966920440942,1.0949991338073083e-05,5.39119011478962,0.5189999999999962,0.8821403046041179,1.1724820275658445,2.9034172296172667,0.4377553062187211,0.0,54.59634353395817,0.553985518908916,0.0,283.7727634525951,93523.28473259002,1.1481191273090525,337.7362946522726,2.105141443822913e-05,-0.00016304442225815937,147.8458550866818,12548.021767262597
4.754921874999985,676.3739417966559,147.44781395044222,147.4478331866914,19.871190218667916,-0.17888360463162659,0.0006199225167433928,1.1367212884739826e-05,5.39119011478962,0.5189999999999962,0.8821403046041179,1.1724614438468697,2.9032113924275182,0.436591843361476,0.0,54.27354349885053,0.5538452103458577,0.0,283.7535693783217,93490.29295304167,1.1477917459562819,337.7246630432629,7.824201544651311e-05,-0.00014238784653368717,147.4478331866915,12476.99184420244
4.774921874999984,679.3189278101829,147.050985684949,147.0510050665303,19.811696429000303,-0.1803917683865642,0.0006179473516602399,1.045386288018635e-05,5.39119011478962,0.5189999999999962,0.8821403046041179,1.1724417647551595,2.9030146015104163,0.43543179488523825,0.0,53.952849617514076,0.5537056859202318,0.0,283.73442696923377,93457.38997831846,1.1474652017096267,337.71306274335564,9.657808575506511e-05,-0.00013791152018641478,147.05100506653042,12406.392665672985
4.794921874999984,682.255989131293,146.6553434176958,146.6553629463439,19.752589950764,-0.181903589168843,0.0006153010448243756,8.478263126406049e-06,5.39119011478962,0.5189999999999962,0.8821403046041179,1.172422830889277,2.9028252628515916,0.4342751385473989,0.0,53.63424365098274,0.5535669396532434,0.0,283.7153360706466,93424.5755425401,1.147139492277669,337.70149365881184,0.00019710533555642302,-9.626150153283929e-05,146.65536294634407,12336.220793999499
4.814921874999984,685.1851494027048,146.26087943482793,146.26089911364386,19.69386759330407,-0.18341911945900619,0.0006121231162992466,4.484234541373202e-06,5.39119011478962,0.5189999999999962,0.8821403046041179,1.17240520629367,2.902649016895522,0.4331218522978376,0.0,53.31770756163884,0.553428965627733,0.0,283.6962965288824,93391.8493815574,1.1468146153839383,337.6899556965027,0.0,0.0,146.26089911364397,12266.472827483365
4.834921874999983,688.1064321135138,145.86758608890744,145.86760592230127,19.635526083773982,-0.18493848631512558,0.0006086752278331971,4.3926843920301775e-07,5.39119011478962,0.5189999999999962,0.8821403046041179,1.1723877277111685,2.9024742310705065,0.43197191427602144,0.0,53.003223538379864,0.553291757987305,0.0,283.6773081912621,93359.21123293746,1.146490568766784,337.67844876390484,0.0,0.0,145.8676059223014,12197.14539989915
4.854921874999983,691.0198606005445,145.47545579904957,145.4754757917971,19.577561801305933,-0.18646182426363278,0.0006052597483697327,4.93183414848291e-06,5.39119011478962,0.5189999999999962,0.8821403046041179,1.1723653190067647,2.902250144026468,0.43082530280886305,0.0,52.69077395156148,0.5531553109355563,0.0,283.6583709060964,93326.6608359487,1.1461673501792453,337.6669727690944,0.0,0.0,145.4754757917972,12128.235180040323
4.874921874999982,693.9254580496681,145.0844810511713,145.08450120671344,19.5199715937171,-0.18798925576177827,0.0006021437828605682,8.026609755304456e-06,5.39119011478962,0.5189999999999962,0.8821403046041179,1.1723438500618846,2.902035454577667,0.4296819964092924,0.0,52.38034134763275,0.5530196187353977,0.0,283.63948452267715,93294.19793154602,1.1458449573889258,337.65552762074236,-0.00016482344458014744,0.00010198945380041386,145.08450120671355,12059.738871310521
4.894921874999982,696.8232474971254,144.6946543968053,144.69467471617367,19.462752143848395,-0.1895208414829826,0.0005995488090685312,9.586462599743745e-06,5.39119011478962,0.5189999999999962,0.8821403046041179,1.172323401027028,2.901830964229102,0.4285419737746754,0.0,52.07190846833565,0.5528846757083641,0.0,283.6206488912687,93261.8222623561,1.1455233881778626,337.64411322810884,-0.00010012179921795215,0.00012093724366056924,144.69467471617375,11991.65321131052
4.9149218749999815,699.7132518308291,144.30596844970879,144.30598893298432,19.405900275546166,-0.19105654488737056,0.0005975707315741995,8.961373004733076e-06,5.39119011478962,0.5189999999999962,0.8821403046041179,1.1723043552126002,2.901640506084824,0.4274052137843484,0.0,51.76545824935774,0.5527504762338273,0.0,283.6018638630996,93229.53357266283,1.1452026403424023,337.6327295010384,6.409414438180667e-05,9.330398548466608e-05,144.3059889329844,11923.974971380654
4.934921874999981,702.5954937915889,143.91841588755216,143.91843653294296,19.34941283197187,-0.19259631095685617,0.0005961798320204685,6.29467803549816e-06,5.39119011478962,0.5189999999999962,0.8821403046041179,1.1722866271121715,2.901463225080536,0.4262716954976428,0.0,51.46097383569675,0.5526170147482754,0.0,283.58312929035463,93197.33160839356,1.1448827116930824,337.6213763499549,0.0,0.0,143.91843653294305,11856.70095617591
4.954921874999981,705.4699959744006,143.53198944981105,143.5320102538477,19.293286839694975,-0.19413999426040798,0.0005952297846330723,3.7202801392103545e-06,5.39119011478962,0.5189999999999962,0.8821403046041179,1.1722689548724503,2.9012865026833246,0.4251413981510248,0.0,51.158438577032655,0.5524842857444954,0.0,283.56444502616637,93165.21611710482,1.1445636000545076,337.6100536858568,0.0,0.0,143.53201025384772,11789.828003196802
4.97492187499998,708.3367808296541,143.14668193723094,143.146702894806,19.237519309105156,-0.1956874080091245,0.0005944751370621833,5.637249308638459e-06,5.39119011478962,0.5189999999999962,0.8821403046041179,1.1722487378327469,2.90108433228629,0.42401430115612226,0.0,50.857835999097134,0.5523522837708692,0.0,283.5458109246072,93133.18684796873,1.1442453032652335,337.598761420312,0.0,0.0,143.14670289480603,11723.352982375043
4.99492187499998,711.1958706643624,142.76248621038692,142.76250731559244,19.182107328518256,-0.19723830624802705,0.0005936163647365072,1.0130784330717488e-05,5.39119011478962,0.5189999999999962,0.8821403046041179,1.1722271066128798,2.900868020087619,0.42289038409789237,0.0,50.55914979914006,0.552221003430694,0.0,283.52722684068164,93101.24355175927,1.143927819177647,337.5874994654531,-0.00010478689144470387,-0.0001404654692517795,142.7625073155925,11657.272795671714
5.014921874999979,714.0472876433297,142.37939518740788,142.37941643632837,19.127048131950755,-0.19879246089506125,0.0005924087573099492,1.282672359567623e-05,5.39119011478962,0.5189999999999962,0.8821403046041179,1.1722066454619164,2.900663408577986,0.4217696267337446,0.0,50.26236381759758,0.5520904393816194,0.0,283.5086926303183,93069.38598083927,1.1436111456578553,337.57626773397294,2.8151528675130036e-05,-0.00015499374250355823,142.3794164363284,11591.584376732564
5.034921874999979,716.8910537902926,141.99740184417539,141.99742323703222,19.07233887335515,-0.20034977556921574,0.0005906723529225554,1.2973897756218277e-05,5.39119011478962,0.5189999999999962,0.8821403046041179,1.1721877975613522,2.900474929572343,0.42065200899227867,0.0,49.9674620797154,0.5519605863350465,0.0,283.49020815036306,93037.61388914767,1.1432952805855767,337.56506613912,0.00011772059073307056,-0.0001964837351268306,141.99742323703225,11526.284690525847
5.0549218749999785,719.727190989097,141.61649921573087,141.61652075660095,19.01797643024696,-0.2019103031378013,0.0005883180041841072,1.1540138843139813e-05,5.39119011478962,0.5189999999999962,0.8821403046041179,1.1721699901680867,2.900296855639688,0.4195375109703358,0.0,49.674428820892224,0.5518314390553374,0.0,283.47177325857086,93005.92703218632,1.1429802218540266,337.55389459469393,0.0001932916044166512,-0.00023427660167605333,141.61652075660098,11461.370732891786
5.074921874999978,722.5557209848839,141.2366803968345,141.23670209213867,18.96395794742863,-0.20347421556491524,0.0005853386414544788,8.838850831434835e-06,5.39119011478962,0.5189999999999962,0.8821403046041179,1.1721530372912752,2.9001273268715733,0.4184261129310793,0.0,49.38324844876313,0.5517029923591518,0.0,283.4533878135982,92974.32516700674,1.1426659673698039,337.5427530150405,0.0001458769523806022,-0.0003100171496132663,141.23670209213873,11396.83953015362
5.094921874999978,725.3766653852778,140.85793853999817,140.85796039803,18.910280398877788,-0.20504174069762207,0.0005818048329925227,7.089414385193698e-06,5.39119011478962,0.5189999999999962,0.8821403046041179,1.1721356263767353,2.8999532177261744,0.4173177953013156,0.0,49.09390555481563,0.5515752411147039,0.0,283.4350516749957,92942.80805219688,1.1423525150527742,337.5316413150474,0.0,0.0,140.85796039803003,11332.688138691854
5.114921874999977,728.1900456615257,140.48026685566555,140.48028888557226,18.856940959003794,-0.2066131652083548,0.0005778195594257827,7.774451477315454e-06,5.39119011478962,0.5189999999999962,0.8821403046041179,1.172116880260325,2.8997657565620716,0.41621253867047325,0.0,48.80638487983722,0.5514481802412182,0.0,283.41676470320004,92911.37544786837,1.1420398628359627,337.52055941013924,-0.0002429188139028775,-0.00031989758034189496,140.48028888557235,11268.913644613425
5.134921874999977,730.9958831496621,140.10365861179864,140.1036808222867,18.803936564331195,-0.20818877493617235,0.0005735578551796204,1.0164066648920821e-05,5.39119011478962,0.5189999999999962,0.8821403046041179,1.1720972294677876,2.8995692486366975,0.4151103237886256,0.0,48.5206713220851,0.5513218047082793,0.0,283.39852675952716,92880.02711564352,1.1417280086654393,337.5095072162735,-0.0002461845127414719,-0.00017386675445339982,140.10368082228678,11205.513163372741
5.154921874999976,733.794199051673,139.7281071351783,139.72812953155082,18.751264230932552,-0.20976877784858664,0.0005692294510045159,1.1667609214848895e-05,5.39119011478962,0.5189999999999962,0.8821403046041179,1.1720782045018976,2.8993789989777974,0.4140111315654691,0.0,48.23674992507974,0.5511961095352998,0.0,283.3803377061641,92848.76281864227,1.141416950500206,337.49848464993545,-0.00022270897138515868,-9.164750217862446e-05,139.72812953155088,11142.483839448405
5.174921874999976,736.5850144366227,139.35360580744376,139.35362839197268,18.698921428946637,-0.21135327583275262,0.0005649933200190824,1.2565540574913533e-05,5.39119011478962,0.5189999999999962,0.8821403046041179,1.1720596388448674,2.8991933424074956,0.41291494306853216,0.0,47.95460591471912,0.5510710897909046,0.0,283.36219740616195,92817.58232146966,1.1411066863120893,337.48749162813414,-0.00015182117702459115,-3.31788650144835e-05,139.35362839197273,11079.822845982193
5.1949218749999755,739.3683502417495,138.98014806336587,138.98017083664394,18.646905341470106,-0.21294227202214364,0.0005609671038656949,1.2074667540765498e-05,5.39119011478962,0.5189999999999962,0.8821403046041179,1.1720419947161693,2.8990169011205147,0.4118217395210264,0.0,47.67422466550019,0.5509467405922805,0.0,283.3441057234286,92786.48539020354,1.140797214085633,337.4765280683977,-0.0001006085845991425,-2.211032368417265e-05,138.98017083664405,11017.527384402885
5.214921874999975,742.144227273541,138.60772739317207,138.60775035268233,18.595213405829046,-0.21453568804011858,0.0005572311424332934,1.0723526206985819e-05,5.39119011478962,0.5189999999999962,0.8821403046041179,1.1720249589650062,2.898846543608884,0.41073150230055233,0.0,47.39559172775076,0.5508230571046313,0.0,283.32606252272194,92755.47179238261,1.1404885318179958,337.4655938887695,-4.650936473425035e-05,4.649511782395599e-06,138.6077503526824,10955.594684100188
5.234921874999975,744.9126662087978,138.23633733793886,138.236360480341,18.543842900939797,-0.21613338084501396,0.0005538133757114632,8.105163337297377e-06,5.39119011478962,0.5189999999999962,0.8821403046041179,1.172008771488254,2.8986846688413626,0.40964421293652387,0.0,47.11869279933464,0.5507000345404911,0.0,283.3080676696428,92724.54129699447,1.1401806375188475,337.45468900780355,8.39970683073789e-06,-3.1698232918344057e-05,138.23636048034112,10894.022002033964
5.254921874999974,747.6736875956803,137.86597149257676,137.8659948126752,18.49279146899947,-0.21773516400841522,0.000550730743551503,5.975031189355209e-06,5.39119011478962,0.5189999999999962,0.8821403046041179,1.1719923937890413,2.8985208918492344,0.4085598531092395,0.0,46.84351374915771,0.5505776681592335,0.0,283.29012103062803,92693.69367446398,1.1398735292102704,337.44381334456057,0.0,0.0,137.8659948126753,10832.806622435539
5.274921874999974,750.4273118547496,137.49662350184266,137.49664699478268,18.442056510802256,-0.21934082324297513,0.0005479633595412855,4.8754358735677865e-06,5.39119011478962,0.5189999999999962,0.8821403046041179,1.1719755045039741,2.898351998998563,0.4074784046476931,0.0,46.57004057801551,0.5504559532664413,0.0,283.2722224729441,92662.92869664161,1.1395672049266568,337.43296681860414,0.0,0.0,137.49664699478276,10771.945856445443
5.294921874999973,753.1735592799794,137.12828706296293,137.1283107234313,18.391635456867682,-0.2209501588970619,0.0005455020874497801,5.363445226896751e-06,5.39119011478962,0.5189999999999962,0.8821403046041179,1.1719577735452698,2.898174689411519,0.40639984952852937,0.0,46.29825943584015,0.5503348852134127,0.0,283.25437186468014,92632.24613679209,1.1392616627146128,337.4221493499962,0.0,0.0,137.1283107234314,10711.437041815741
5.314921874999973,755.9124500397996,136.7609559230334,136.7609797465326,18.341525585614075,-0.22256295870227918,0.0005433423978065026,7.616636386216263e-06,5.39119011478962,0.5189999999999962,0.8821403046041179,1.1719390951030983,2.897987904989805,0.4053241698745423,0.0,46.02815662370129,0.5502144593966213,0.0,283.2365690747413,92601.64576958284,1.1389569006328588,337.4113608592932,-2.1501728410557267e-05,-5.2957079925667336e-05,136.76097974653266,10651.277542591431
5.3349218749999725,758.6440041781087,136.39462388208094,136.39464786249084,18.291724743608,-0.22417900696044382,0.0005414464783042339,9.985468137830277e-06,5.39119011478962,0.5189999999999962,0.8821403046041179,1.1719204436907924,2.8978013908667455,0.40425134795280504,0.0,45.75971857880375,0.5500946712571397,0.0,283.21881397284227,92571.12737107261,1.1386529167521289,337.4006012675424,5.7523836833634016e-05,1.2565263682115167e-05,136.39464786249093,10591.464748776083
5.354921874999972,761.3682416152603,136.02928478586185,136.02930891989502,18.242230510647634,-0.22579811611920156,0.0005398000067695471,1.073934451039022e-05,5.39119011478962,0.5189999999999962,0.8821403046041179,1.1719028417910036,2.897625371868857,0.4031813661738135,0.0,45.49293186949451,0.5499755162801822,0.0,283.2011064295008,92540.69071870044,1.1383497091550792,337.38987049627747,0.0001236328934207287,2.1416755336835257e-05,136.02930891989516,10531.99607605426
5.374921874999972,764.0851821490135,135.66493252891655,135.66495681702358,18.193040386886974,-0.22742020880420297,0.0005383711388928493,9.969444804026266e-06,5.39119011478962,0.5189999999999962,0.8821403046041179,1.1718862348415864,2.8974593023746853,0.4021142070900751,0.0,45.227783221419166,0.54985698999459,0.0,283.1834463160314,92510.33559127507,1.1380472759361944,337.379168467515,0.00019141615760100554,7.185074705434731e-05,135.66495681702366,10472.868965487907
5.394921874999971,766.7948454555199,135.30156105573232,135.30158550109144,18.144151936151015,-0.22904531362294603,0.000537151782059282,7.808137371946047e-06,5.39119011478962,0.5189999999999962,0.8821403046041179,1.171870543936957,2.8973023933283915,0.4010498533939345,0.0,44.96425950660824,0.5497390879722379,0.0,283.1658335045391,92480.06176896389,1.1377456152016943,337.36849510375066,0.00028323559217604313,0.00011766877287724808,135.30158550109152,10414.0808831764
5.414921874999971,769.4972510902969,134.9391643587691,134.93918896736466,18.095562826772767,-0.23067356604802638,0.000536130808614873,4.521710652124008e-06,5.39119011478962,0.5189999999999962,0.8821403046041179,1.171855611039101,2.897153064349831,0.39998828791500335,0.0,44.70234839846749,0.5496218139267063,0.0,283.14826786791303,92449.86903328211,1.1374447250694388,337.3578503279553,0.0,0.0,134.9391889673648,10355.62931990006
5.43492187499997,772.1924184884508,134.5777363684284,134.5777611477199,18.04728118153864,-0.23230515985805533,0.0005352824144000463,2.152482921271965e-06,5.39119011478962,0.5189999999999962,0.8821403046041179,1.1718402278457591,2.896999232416413,0.3989294932898679,0.0,44.44209486993865,0.5495058794717097,0.0,283.13074927982507,92419.75716709024,1.1371446036689183,337.347234063574,0.0,0.0,134.57776114772003,10297.511773850012
5.45492187499997,774.8803669635324,134.2172710712662,134.21729602749122,17.999293681966794,-0.23394029144979003,0.0005345415873112147,3.3156674191561035e-06,5.39119011478962,0.5189999999999962,0.8821403046041179,1.171822847303195,2.8968254269907723,0.39787345230846277,0.0,44.18342675154854,0.5493905542738486,0.0,283.113277614737,92389.72595460682,1.1368452491413954,337.33664623453063,0.0,0.0,134.2172960274913,10239.7257684953
5.4749218749999695,777.5611157107236,133.85776260691213,133.85778774806676,17.951598113310848,-0.23557916157926806,0.0005338393387414466,7.725098841384364e-06,5.39119011478962,0.5189999999999962,0.8821403046041179,1.1718036378182437,2.8966333321412585,0.39682014821828493,0.0,43.92633147368299,0.5492758340853814,0.0,283.09585274788026,92359.77518137293,1.1365466596395626,337.32608676521545,-0.0003759117965138524,5.943595721097999e-05,133.85778774806684,10182.268867962419
5.494921874999969,780.2346838084794,133.49920516327808,133.499230497229,17.904191764041943,-0.23722199912371214,0.0005330643490085122,1.1170057930814247e-05,5.39119011478962,0.5189999999999962,0.8821403046041179,1.1717850885519496,2.8964478394783177,0.3957695643994046,0.0,43.670796576697825,0.5491617146990055,0.0,283.07847455524484,92329.90463423377,1.1362488333273764,337.3155555804784,-0.0002919267202713526,3.956629212683735e-05,133.4992304972291,10125.138659946293
5.514921874999969,782.9010902195116,133.14159297778508,133.1416185088799,17.857072329405785,-0.23886896621045717,0.0005320672020383004,1.3415589158888198e-05,5.39119011478962,0.5189999999999962,0.8821403046041179,1.1717673378125115,2.8962703320839367,0.3947216843637035,0.0,43.416809730277976,0.5490481919474501,0.0,283.0611429135732,92300.11410132765,1.135951768379959,337.30505260562535,-0.00021643159255973465,2.6776129905723117e-07,133.14161850888004,10068.332755462936
5.534921874999968,785.5603537917258,132.7849203322593,132.78494606244945,17.810237501638035,-0.24052012535754735,0.0005307085763263685,1.4168559730100479e-05,5.39119011478962,0.5189999999999962,0.8821403046041179,1.171750558318091,2.896102537139731,0.39367649175317243,0.0,43.16435873266095,0.5489352617029717,0.0,283.0438577003538,92270.40337207561,1.1356554629835087,337.29457776641436,-0.00013375787957469094,8.426150867783134e-06,132.7849460624496,10011.84878855687
5.554921874999968,788.2124932591255,132.42918155495116,132.42920748247337,17.76368495836815,-0.2421754461530343,0.0005289013668251187,1.269764310224186e-05,5.39119011478962,0.5189999999999962,0.8821403046041179,1.171735181950443,2.8959487734632505,0.3926339703387111,0.0,42.91343150769831,0.5488229198769095,0.0,283.02661879381566,92240.77223717124,1.1353599153352134,337.2841309890523,1.955419463372585e-05,-3.486520320733504e-06,132.42920748247352,9955.684416037304
5.574921874999967,790.8575272427215,132.07437101799368,132.0743971379265,17.717412579972383,-0.2438347854242991,0.0005266159861678552,9.260637104561869e-06,5.39119011478962,0.5189999999999962,0.8821403046041179,1.1717210557066855,2.8958075110256765,0.3915941040182016,0.0,42.664016125599375,0.5487111624191655,0.0,283.0094260729223,92211.22048857056,1.1350651236431606,337.2737122001909,0.00011670004710678385,4.478773934471719e-06,132.07439713792655,9899.837317180389
5.594921874999967,793.4954742514124,131.72048313667162,131.7205094417331,17.671418309148404,-0.24549789472088587,0.0005239028950204333,5.413163431267176e-06,5.39119011478962,0.5189999999999962,0.8821403046041179,1.1717072591113697,2.895669545072519,0.3905568768151071,0.0,42.41610079223183,0.5485999853177488,0.0,282.9922794173658,92181.74791948212,1.1347710861262537,337.2633213269237,0.0,0.0,131.7205094417332,9844.305193461454
5.6149218749999665,796.1263526828084,131.36751236812242,131.3675388501619,17.625700264543802,-0.24716449818390543,0.0005208819442125103,4.483021217483045e-06,5.39119011478962,0.5189999999999962,0.8821403046041179,1.171691823507563,2.895515189034452,0.38952227287672486,0.0,42.16967382237382,0.5484893845982853,0.0,282.9751787075617,92152.35432435792,1.1344778010141352,337.2529582967824,0.0,0.0,131.367538850162,9789.085768272827
5.634921874999966,798.7501808240769,131.01545321106897,131.01547986259527,17.580256211094095,-0.24883432419064802,0.0005177246804802778,8.313058546119802e-06,5.39119011478962,0.5189999999999962,0.8821403046041179,1.1716736582476717,2.895333536435538,0.3884902764735529,0.0,41.924723642738336,0.5483793563236525,0.0,282.95812382464345,92123.03949888381,1.134185266547102,337.24262303773395,-0.00010168257715491092,0.00011414209050119334,131.01547986259544,9734.176786700626
5.654921874999966,801.3669768528024,130.66430020760356,130.6643270211305,17.535084077293728,-0.2505071018945247,0.0005146046268217615,1.2784371330057216e-05,5.39119011478962,0.5189999999999962,0.8821403046041179,1.1716551986311836,2.8951489402706576,0.3874608719981531,0.0,41.68123878792509,0.5482698965935637,0.0,282.94111465045677,92093.80323997002,1.1338934809760244,337.2323154781768,-5.385395618345287e-05,9.503387362299206e-05,130.66432702113065,9679.576015278579
5.674921874999965,803.9767588378154,130.31404794060165,130.31407491034005,17.49018191138591,-0.25218259691676465,0.0005116490307132333,1.55986121218007e-05,5.39119011478962,0.5189999999999962,0.8821403046041179,1.1716378033133579,2.8949749870924,0.38643404396448994,0.0,41.43920788961853,0.5481610015442069,0.0,282.9241510675542,92064.64534574181,1.133602442562268,337.22203554693783,3.366224513323427e-05,7.733256088740388e-05,130.31407491034017,9625.281241768169
5.694921874999965,806.5795447400118,129.96469103317762,129.96471815694886,17.44554761225813,-0.2538606521056314,0.0005089463584770867,1.6733161413976966e-05,5.39119011478962,0.5189999999999962,0.8821403046041179,1.171621485103771,2.894811804996531,0.3854097770070192,0.0,41.19861970860457,0.5480526673478594,0.0,282.9072329591899,92035.56561553034,1.1333121495776108,337.21178317326905,0.00011031493238465058,0.00011016188567893604,129.96471815694895,9571.290274928479
5.714921874999964,809.1753524131624,129.61622415059,129.6162514291843,17.401179100503096,-0.2555412296010599,0.0005065638257339544,1.6227316648504826e-05,5.39119011478962,0.5189999999999962,0.8821403046041179,1.1716062202383781,2.8946591563426027,0.3843880558788072,0.0,40.95946312758409,0.5479448902124058,0.0,282.8903602093144,92006.56384986365,1.1330226003041703,337.2015582868445,0.00018275696812543622,0.00012397123964207358,129.61625142918444,9517.600944240448
5.734921874999964,811.7641996047671,129.268641999461,129.268669436299,17.357074357461308,-0.25722436222959943,0.000504547486268497,1.3924583008491625e-05,5.39119011478962,0.5189999999999962,0.8821403046041179,1.171592100713715,2.8945179610959704,0.3833688654501606,0.0,40.721727146241506,0.5478376663809126,0.0,282.873532702569,91977.63985045707,1.1327337930343166,337.19136081775684,0.00028136432114482263,0.00014545512374964612,129.26866943629918,9464.211099659427
5.7549218749999635,814.3461039568471,128.92193932621922,128.92196692820502,17.313231307054764,-0.2589101924370298,0.0005028973610290116,1.0106360366864988e-05,5.39119011478962,0.5189999999999962,0.8821403046041179,1.1715789596299535,2.8943865502583566,0.38235219070758825,0.0,40.485400887657484,0.547730992131244,0.0,282.8567503242805,91948.79342020441,1.1324457260705996,337.18119069651397,0.0003134738634118267,0.00016843172234830666,128.9219669282052,9411.11861138684
5.774921874999963,816.9210830067788,128.57611091954863,128.57613869475327,17.2696478566199,-0.26059892594635725,0.0005015626721805792,5.47495511274151e-06,5.39119011478962,0.5189999999999962,0.8821403046041179,1.1715663810526276,2.894260764485097,0.381338016751708,0.0,40.25047358882887,0.5476248637755695,0.0,282.8400129604559,91920.02436316865,1.132158397725666,337.17104785403626,0.0,0.0,128.5761386947534,9358.32136959243
5.794921874999963,819.4891541881087,128.2311516073157,128.23117956552463,17.226322163806582,-0.26229080321402953,0.0005004406207652747,2.360176477248438e-06,5.39119011478962,0.5189999999999962,0.8821403046041179,1.1715529864069725,2.894126818028546,0.3803263287966716,0.0,40.01693458899848,0.5475192776600362,0.0,282.8233204977773,91891.33248457275,1.1318718063221807,337.16093222165307,0.0,0.0,128.23117956552474,9305.817284214067
5.814921874999962,822.0503348313329,127.88705625698982,127.88708440931865,17.183252036824218,-0.2639861147057364,0.0004993829019833473,7.522194136600544e-06,5.39119011478962,0.5189999999999962,0.8821403046041179,1.1715347762938308,2.89394471689713,0.37931711216869274,0.0,39.78477333381165,0.5474142301643496,0.0,282.80667282359633,91862.71759079107,1.1315859501927537,337.15084373109937,0.0,0.0,127.88708440931882,9253.60428471573
5.834921874999962,824.6046421647125,127.54381977798897,127.54384813398406,17.14043543506886,-0.26568514800192006,0.0004982444289011272,1.2413579557021667e-05,5.39119011478962,0.5189999999999962,0.8821403046041179,1.171516805931307,2.8937650132718917,0.37831035230558563,0.0,39.55397935149222,0.5473097177014655,0.0,282.7900698259293,91834.17948934018,1.1313008276798588,337.1407823145132,-0.0003649760597671731,-1.0197887038334384e-05,127.54384813398424,9201.680319897374
5.854921874999961,827.1520933150995,127.20143711925401,127.20146568614254,17.097870216248968,-0.267388118996045,0.0004969254096998518,1.529250498056726e-05,5.39119011478962,0.5189999999999962,0.8821403046041179,1.171500105106521,2.8935980050240317,0.3773060347559908,0.0,39.324542260836054,0.5472057367172495,0.0,282.7735113934518,91805.71798886961,1.1310164371357538,337.1307479044318,-0.0002575582344523077,-6.136126650783716e-06,127.20146568614271,9150.043357691271
5.874921874999961,829.6927053087219,126.8599032696553,126.85993205085211,17.05555450439626,-0.2690951529607802,0.0004953464919341889,1.665651904913892e-05,5.39119011478962,0.5189999999999962,0.8821403046041179,1.171484378972024,2.893440743679061,0.376304145178418,0.0,39.09645180281191,0.5471022836901226,0.0,282.7569974154933,91777.33289915316,1.1307327769224051,337.1207404337889,-0.00019471732778274082,2.5919865806493808e-05,126.85993205085227,9098.691384951686
5.894921874999961,832.2264950719594,126.51921325490594,126.51924225098409,17.013486383331852,-0.2708062670914929,0.0004934164896950885,1.6289729687749462e-05,5.39119011478962,0.5189999999999962,0.8821403046041179,1.1714697547463813,2.893294501422634,0.37530466933944023,0.0,38.86969781999351,0.5469993551306228,0.0,282.74052778203225,91749.02403108017,1.130449845411413,337.11075983591155,-7.36652397959478e-05,9.706596548338476e-06,126.51924225098423,9047.622407205747
5.91492187499996,834.7534794320917,126.17936213920554,126.17939134699557,16.971663927781677,-0.2725213810845459,0.0004910721370503325,1.3347897607804802e-05,5.39119011478962,0.5189999999999962,0.8821403046041179,1.1714567313514508,2.8931642674733293,0.3743075931130604,0.0,38.644270255856874,0.5468969475810904,0.0,282.7241023836914,91720.79119664717,1.1301676409839367,337.10080604451696,-1.000970240452277e-05,1.0386532586546979e-05,126.17939134699574,8996.834448463562
5.93492187499996,837.273675118035,125.84034502247823,125.8403744362404,16.93008572095899,-0.2742403303234199,0.0004883119690381853,1.0723308788578651e-05,5.39119011478962,0.5189999999999962,0.8821403046041179,1.1714435973983266,2.8930329279420874,0.37331290247870724,0.0,38.42015919991075,0.5467950576152172,0.0,282.7077211117327,91692.63420894969,1.1298861620306282,337.09087899371,3.23040678668781e-05,6.075869165456617e-05,125.84037443624057,8946.325550964591
5.954921874999959,839.7870987610455,125.50215703798456,125.50218665253949,16.888749738943773,-0.27596291300987025,0.00048515109067719006,8.302661723121195e-06,5.39119011478962,0.5189999999999962,0.8821403046041179,1.1714304193814367,2.892901147773188,0.3723205835200018,0.0,38.1973547974207,0.5466936818376787,0.0,282.6913838580532,91664.55288217434,1.1296054069515602,337.08097861798024,2.0012503342200416e-05,5.31227492773552e-05,125.50218665253965,8896.093774963736
5.974921874999959,842.2937668954311,125.16479335854757,125.1648231661137,16.847654386455496,-0.2776889138895324,0.00048159444997226085,7.304001422475573e-06,5.39119011478962,0.5189999999999962,0.8821403046041179,1.1714164761892356,2.8927617158511776,0.3713306224245977,0.0,37.97584729864005,0.5465928168838795,0.0,282.67509051517965,91636.54703159089,1.1293253741561617,337.0711048521989,0.0,0.0,125.16482316611385,8846.137198570972
5.994921874999958,844.7936959592924,124.82824918971116,124.82827918316825,16.806797844449637,-0.2794180796785345,0.000477653094171684,8.50445183326043e-06,5.39119011478962,0.5189999999999962,0.8821403046041179,1.171401307470376,2.892610028662581,0.37034300548298754,0.0,37.75562704599789,0.5464924594195949,0.0,282.65884097626457,91608.61647354401,1.1290460620631428,337.06125763161634,6.079558099260485e-07,8.902535741029064e-05,124.82827918316836,8796.453917543167
6.014921874999958,847.2869022952057,124.49251977336337,124.49254994554092,16.766178385056598,-0.2811501691865396,0.00047338985585505735,1.0982287220501957e-05,5.39119011478962,0.5189999999999962,0.8821403046041179,1.171385457987736,2.8924515338361823,0.3693577190874985,0.0,37.53668447302222,0.5463926061406363,0.0,282.64263513508115,91580.76102544561,1.128767469100432,337.05143689185917,-1.1080374401439416e-05,6.470022705627591e-05,124.49254994554104,8747.042045087172
6.034921874999958,849.773402150921,124.1576003856119,124.15763073041367,16.725794391458273,-0.2828849675733478,0.0004688653664021921,1.3146734723735386e-05,5.39119011478962,0.5189999999999962,0.8821403046041179,1.1713698683287195,2.8922956372460162,0.36837474973147455,0.0,37.31901009924605,0.5462932537725385,0.0,282.626472886019,91552.98050576705,1.1284895937051078,337.0416425689275,7.383600427073122e-05,5.588966310938569e-05,124.15763073041377,8697.89971167374
6.054921874999957,852.2532116800513,123.82348633581047,123.82351685012588,16.685644161120493,-0.2846223095420723,0.00046415465890396604,1.3775234986231021e-05,5.39119011478962,0.5189999999999962,0.8821403046041179,1.171355261281284,2.8921495667716624,0.36739408400876133,0.0,37.102594531776155,0.5461943990702788,0.0,282.61035412407966,91525.27473403142,1.1282124343233322,337.0318745991923,0.000152940717752245,3.517651256409517e-05,123.82351685012597,8649.025064867566
6.074921874999957,854.7263469427263,123.49017296724169,123.49020365179415,16.64572594903247,-0.28636214390505377,0.0004593297589811269,1.2929013784406978e-05,5.39119011478962,0.5189999999999962,0.8821403046041179,1.1713416001692039,2.89201295565086,0.3664157086126153,0.0,36.887428482762346,0.5460960388179433,0.0,282.59427874487227,91497.64353080631,1.1279359894102898,337.02213291939256,0.00023138981442631873,4.2576534382943976e-05,123.49020365179425,8600.416269131976
6.094921874999956,857.1928239063022,123.15765565871152,123.15768651676481,16.606038005991728,-0.2881045026295631,0.0004544539010931612,1.080316716091031e-05,5.39119011478962,0.5189999999999962,0.8821403046041179,1.1713287691329801,2.8918846452886227,0.3654396103341163,0.0,36.67350276061255,0.5459981698283446,0.0,282.578246644609,91470.08671769577,1.127660257430117,337.01241746663305,0.00025294622378889566,7.232870053064863e-05,123.15768651676491,8552.071505612324
6.114921874999956,859.6526584460626,122.82592982423493,122.82596086024589,16.566578467640742,-0.2898494724645768,0.00044959618768384825,8.9181426799645e-06,5.39119011478962,0.5189999999999962,0.8821403046041179,1.1713158681394253,2.891755635353075,0.36446577606111313,0.0,36.46080827379514,0.5459007889426976,0.0,282.56225772010055,91442.60411733255,1.1273852368558352,337.00272817838095,0.00024098776434522726,0.00014173942323973728,122.82596086024597,8503.988971946761
6.1349218749999554,862.1058663459174,122.49499091243285,122.49502213099423,16.527345724897973,-0.29159715759522487,0.0004448372065929239,7.172413548719616e-06,5.39119011478962,0.5189999999999962,0.8821403046041179,1.171302956756425,2.891626521523072,0.36349419277733164,0.0,36.24933600176681,0.5458038930303144,0.0,282.5463118687515,91415.19555337029,1.1271109261692827,336.9930649924634,0.0,0.0,122.49502213099434,8456.16688208654
6.154921874999955,864.5524632990765,122.16483440426889,122.1648658110931,16.488338156684073,-0.29334767388993643,0.0004402596080401183,5.599169564681177e-06,5.39119011478962,0.5189999999999962,0.8821403046041179,1.1712900148811038,2.89149710276986,0.36252484756175013,0.0,36.03907701232913,0.5457074789883298,0.0,282.53040898855596,91387.86085047598,1.1268373238610507,336.98342784706495,0.0,0.0,122.16486581109324,8408.603466130615
6.174921874999955,866.9924649087,121.8354558140743,121.83548741559852,16.449553993799924,-0.295101165347775,0.00043591451249711286,5.1255662590944545e-06,5.39119011478962,0.5189999999999962,0.8821403046041179,1.1712764934231654,2.8913618881904757,0.36155772758758614,0.0,35.83002246238379,0.5456115437413884,0.0,282.51454897809344,91360.59983432265,1.1265644284304188,336.97381668072467,0.0,0.0,121.83548741559864,8361.296970143823
6.194921874999954,869.4258866885748,121.50685069018293,121.50688249220505,16.410991617418077,-0.2968577753073478,0.00043181707432616656,5.552737324542207e-06,5.39119011478962,0.5189999999999962,0.8821403046041179,1.1712625095289455,2.8912220492482765,0.36059282012134014,0.0,35.62216358936333,0.5455160842413425,0.0,282.49873173652423,91333.41233158193,1.1262922383852914,336.9642314323337,0.0,0.0,121.50688249220514,8314.245655979626
6.214921874999954,871.8527440637739,121.17901461290798,121.17904662099399,16.37264937564328,-0.2986176345836847,0.00042793866084674776,6.4923591515770865e-06,5.39119011478962,0.5189999999999962,0.8821403046041179,1.1712482925208159,2.89107987916698,0.35963011252208277,0.0,35.41549171579159,0.5454210974669758,0.0,282.48295716358547,91306.29816991657,1.1260207522421322,336.95467204113277,0.0,0.0,121.17904662099407,8267.447801115872
6.234921874999953,874.2730523713117,120.85194319567242,120.85197541406187,16.334525595051637,-0.30038084576302476,0.000424217546525289,7.411796235537235e-06,5.39119011478962,0.5189999999999962,0.8821403046041179,1.1712341570743123,2.890938524701945,0.3586695922403869,0.0,35.209998246476175,0.5453265804236955,0.0,282.46722515958646,91279.25717797314,1.1257499685259023,336.9451384467094,0.0,0.0,120.85197541406197,8220.901698475895
6.254921874999953,876.6868268607891,120.52563208351468,120.52566451524667,16.296618786183604,-0.3021474730483717,0.00042057628634173486,8.418496705312976e-06,5.39119011478962,0.5189999999999962,0.8821403046041179,1.1712200391582142,2.890797345540963,0.3577112468175495,0.0,35.005674670942675,0.5452325301432542,0.0,282.45153562540486,91252.28918537486,1.125479885769997,336.9356305889953,-0.00022361362750433268,8.509083062493621e-05,120.52566451524679,8174.605656264763
6.2749218749999525,879.0940826950086,120.20007695213116,120.20010959979368,16.258927360442403,-0.30391756569491063,0.0004169398352608203,9.28411703139573e-06,5.39119011478962,0.5189999999999962,0.8821403046041179,1.1712060734371719,2.89065768833054,0.35675506388463335,0.0,34.802512557966736,0.545138943683459,0.0,282.4358884624824,91225.39402271472,1.125210502516187,336.92614840826434,-0.0001878812661661378,3.086539552781426e-05,120.2001095997938,8128.557997798998
6.294921874999952,881.4948349506158,119.87527350965753,119.87530637412368,16.22144962709053,-0.3056911373811738,0.0004132266302952247,8.90718078899647e-06,5.39119011478962,0.5189999999999962,0.8821403046041179,1.1711929112699886,2.8905260666587074,0.35580103116181283,0.0,34.60050355036048,0.5450458181279114,0.0,282.42028357282095,91198.57152154829,1.1249418173145558,336.9166918451295,-0.00012482883259042768,2.2855262885143813e-05,119.87530637412381,8082.757061351828
6.314921874999952,883.8890986187391,119.55121749621475,119.55125057551305,16.184184106871875,-0.307468139804939,0.00040939004566380193,7.804112415642543e-06,5.39119011478962,0.5189999999999962,0.8821403046041179,1.1711802466329977,2.8903994202887984,0.35484913645745725,0.0,34.39963938178618,0.5449531505857248,0.0,282.4047208589782,91171.8215143866,1.1246738287234384,336.90726084054074,0.0,0.0,119.55125057551318,8037.201199988073
6.334921874999951,886.2768886055994,119.22790468076853,119.22793797167988,16.147129306714955,-0.3092484693154524,0.0004053776521810322,6.424699198256347e-06,5.39119011478962,0.5189999999999962,0.8821403046041179,1.171167812958142,2.8902750835402413,0.353899367666935,0.0,34.1999118641122,0.5448609381912163,0.0,282.3892002240636,91145.14383468925,1.1244065353093617,336.89785533578254,0.0,0.0,119.22793797167999,7991.888781388148
6.354921874999951,888.6582197330961,118.90533086225253,118.90536436053587,16.110283779392,-0.31103199437072826,0.0004011491428842306,5.019126075584519e-06,5.39119011478962,0.5189999999999962,0.8821403046041179,1.1711554617449156,2.8901515714079773,0.35295171277191,0.0,34.00131288465277,0.5447691781036518,0.0,282.37372157173485,91118.53831685802,1.1241399356469897,336.8884752724713,0.0,0.0,118.905364360536,7946.818187696148
6.37492187499995,891.033106739407,118.58349186936115,118.58352556995372,16.073646136584404,-0.31281855809743947,0.00039669067529844027,5.581375085768572e-06,5.39119011478962,0.5189999999999962,0.8821403046041179,1.171142012544537,2.8900170794041924,0.3520061598396818,0.0,33.80383441207612,0.5446778675069952,0.0,282.3582848061938,91092.00479623,1.1238740283190634,336.8791205925535,0.0,0.0,118.58352556995382,7901.987815371412
6.39492187499995,893.4015642795686,118.26238355941479,118.26241745744504,16.037214936420035,-0.31460799990425325,0.00039201651241572077,6.431072558080312e-06,5.39119011478962,0.5189999999999962,0.8821403046041179,1.1711284593056024,2.8898815470148453,0.3510626970222626,0.0,33.607468478163284,0.5445870036096354,0.0,282.3428898321828,91065.54310907122,1.1236088119163476,336.8697912383028,0.0,0.0,118.26241745744515,7857.396075029738
6.4149218749999495,895.7636069260531,117.94200181829987,117.94203590998704,16.000988776654577,-0.3164001736107425,0.0003871795360984003,7.739170228260051e-06,5.39119011478962,0.5189999999999962,0.8821403046041179,1.1711147004343616,2.8897439583024376,0.35012131255589296,0.0,33.41220719724173,0.5444965836441584,0.0,282.3275365549806,91039.15309257014,1.1233442850375734,336.8604871523182,0.0,0.0,117.94203590998717,7813.041391305828
6.434921874999949,898.1192491691887,117.62234253774767,117.62237682173031,15.964968706671344,-0.31819498332871043,0.0003822967468596381,8.568089940947051e-06,5.39119011478962,0.5189999999999962,0.8821403046041179,1.1711012903778957,2.8896098577377782,0.34918199469489386,0.0,33.218055864737096,0.5444068199779044,0.0,282.31222488040027,91012.83458483298,1.1230804462894008,336.8512082775226,0.00011083010201328071,0.00014196419216634502,117.62237682173047,7768.922199795306
6.454921874999949,900.468505417181,117.3034016295348,117.30343610533956,15.929151071800597,-0.31999238676374525,0.0003774840490525053,9.3830471613352e-06,5.39119011478962,0.5189999999999962,0.8821403046041179,1.1710879534054335,2.8894764880131563,0.34824473174535453,0.0,33.02499535305606,0.5443175261269804,0.0,282.2969547147883,90986.58742488349,1.1228172942864272,336.84195455716167,0.00011410729157276543,0.00017736459195410802,117.30343610533967,7725.036948479692
6.474921874999948,902.811389997134,116.98517506520712,116.98520973406454,15.893534123650355,-0.32179236638219694,0.0003728458058009193,9.722102719649543e-06,5.39119011478962,0.5189999999999962,0.8821403046041179,1.17107496248106,2.8893465787694206,0.347309512190062,0.0,32.83301603622116,0.5442286674955752,0.0,282.2817259650186,90960.41145265152,1.1225548276510775,336.83272593480126,0.00011300631811518854,0.00019638821946655973,116.98520973406467,7681.384103160268
6.494921874999948,905.1479171558952,116.66765884631315,116.66769371068095,15.858116400950648,-0.32359494329840366,0.0003684679516304903,9.947091548168453e-06,5.39119011478962,0.5189999999999962,0.8821403046041179,1.1710621030735988,2.8892179846948096,0.34637632459633266,0.0,32.64211032331664,0.5441402414138572,0.0,282.26653853848666,90934.30650896361,1.1222930450135238,336.8235223543229,9.68444531423005e-05,0.00023721745668358986,116.66769371068106,7637.962143219723
6.514921874999947,907.4781010606263,116.35084900283316,116.35088406597188,15.822896495094692,-0.32540016644092434,0.00036441644446668573,9.764229626337035e-06,5.39119011478962,0.5189999999999962,0.8821403046041179,1.1710495486429662,2.8890924403884832,0.3454451576115348,0.0,32.45227069004614,0.5440522452348923,0.0,282.2513923431059,90908.27243553655,1.1220319450116254,336.81434375992217,0.00010098492310545745,0.00021899483771973288,116.35088406597198,7594.769561313786
6.534921874999947,909.8019557993717,116.03474159310821,116.0347768585491,15.787872994660056,-0.32720809804753787,0.00036073729392346383,9.276867468174037e-06,5.39119011478962,0.5189999999999962,0.8821403046041179,1.1710372376249945,2.888969330208766,0.3445159999625868,0.0,32.26348968483032,0.5439646763344274,0.0,282.23628728730404,90882.30907497113,1.1217715262908778,336.80519009610623,7.569064883146744e-05,0.0002788389353795426,116.03477685854918,7551.804863241574
6.5549218749999465,912.1194953816092,115.71933270184869,115.71936817451491,15.753044635357337,-0.3290188185608936,0.0003574403661248912,8.770051804628616e-06,5.39119011478962,0.5189999999999962,0.8821403046041179,1.1710250009249799,2.88884696320862,0.34358884045498234,0.0,32.075759926293415,0.5438775321106317,0.0,282.2212232800195,90856.41627074585,1.1215117875043559,336.79606130769184,2.339864963335462e-05,0.0003118160052111881,115.71936817451498,7509.066567796441
6.574921874999946,914.4307337387899,115.40461844213486,115.4046541272293,15.718409846919238,-0.3308324343257173,0.00035452114496851056,8.038882992874334e-06,5.39119011478962,0.5189999999999962,0.8821403046041179,1.1710129594369927,2.8887265483287483,0.3426636679721278,0.0,31.889074098378284,0.5437908099838695,0.0,282.20620023069785,90830.59386721105,1.1212527273126645,336.78695733980294,0.0,0.0,115.40465412722939,7466.553206632033
6.594921874999946,916.7356847249189,115.09059495578367,115.09063085706674,15.683967241313205,-0.3326490296793979,0.00035194224479331545,7.4469885512015656e-06,5.39119011478962,0.5189999999999962,0.8821403046041179,1.1710008975199917,2.8886059291587385,0.34174047147464826,0.0,31.703424955710346,0.5437045073964728,0.0,282.191218049288,90804.84170958228,1.120994344383881,336.7778781378685,0.0,0.0,115.09063085706683,7424.263324128259
6.614921874999945,919.0343621171032,114.77725841156014,114.77729453115701,15.64971549323467,-0.3344686540292854,0.00034965186246500634,6.49904199044698e-06,5.39119011478962,0.5189999999999962,0.8821403046041179,1.1709891079841797,2.888488033800618,0.34081923999964664,0.0,31.518805315337207,0.5436186218125101,0.0,282.1762766462388,90779.15964393428,1.1207366373935028,336.7688236476207,0.0,0.0,114.77729453115711,7382.1954772565705
6.634921874999945,921.3267796160958,114.46460500477681,114.46464134314346,15.615653249242058,-0.33629130885116737,0.0003475923638803193,4.723268523604097e-06,5.39119011478962,0.5189999999999962,0.8821403046041179,1.170977869696527,2.888375650924091,0.3398999626600131,0.0,31.335208061868574,0.5435331507175644,0.0,282.16137593249533,90753.5475171948,1.120479605024393,336.75979381509217,0.0,0.0,114.46464134314354,7340.34823544875
6.654921874999944,923.6129508468184,114.15263095709192,114.15266751293014,15.581779243327212,-0.3381169538388057,0.0003456945033131446,2.153462693863321e-06,5.39119011478962,0.5189999999999962,0.8821403046041179,1.1709671622826967,2.8882685767857885,0.33898262864370243,0.0,31.15262614895169,0.5434480916185072,0.0,282.1465158194957,90728.0051771389,1.120223245966732,336.75078858661436,0.0,0.0,114.15266751293025,7298.720180465662
6.674921874999944,925.8928893588798,113.84133251549187,113.84136928639917,15.548092223747634,-0.3399455136524309,0.00034385836552131016,1.0840018677398026e-06,5.39119011478962,0.5189999999999962,0.8821403046041179,1.1709556273478066,2.888153227436887,0.338067227212921,0.0,30.971052595681083,0.5433634420432691,0.0,282.1316962191673,90702.532472383,1.1199675589179667,336.7418079088154,0.0,0.0,113.8413692863993,7257.3099062634155
6.6949218749999435,928.1666086270886,113.53070595248272,113.5307429351871,15.514590983060897,-0.3417768830964146,0.0003419929331419785,4.114960452665597e-06,5.39119011478962,0.5189999999999962,0.8821403046041179,1.170941725255508,2.8880142065139025,0.33715374770349016,0.0,30.790480482737756,0.5432791995406275,0.0,282.1169170439239,90677.12925237925,1.119712542582761,336.7328517286179,0.0,0.0,113.5307429351872,7216.116018868439
6.714921874999943,930.4341220519472,113.22074756565456,113.22078475648907,15.481274258296716,-0.34361095244864737,0.0003400249705060642,6.694586100591709e-06,5.39119011478962,0.5189999999999962,0.8821403046041179,1.1709281500148065,2.887878454106887,0.3362421795242912,0.0,30.61090295015403,0.5431953616800032,0.0,282.1021782066623,90651.79536741003,1.1194581956729477,336.72391999323736,0.0,0.0,113.22078475648918,7175.13713625729
6.734921874999943,932.6954429601549,112.91145367647766,112.91149107286166,15.448140846146396,-0.34544761375047955,0.0003379031043635596,8.878941643660057e-06,5.39119011478962,0.5189999999999962,0.8821403046041179,1.1709148680772092,2.887745634730914,0.3353325121567057,0.0,30.432313200854647,0.5431119260512596,0.0,282.087479620759,90626.53066858223,1.1192045169074822,336.7150126501799,2.903197588074765e-05,-0.00012258947354597298,112.91149107286176,7134.371888237391
6.754921874999942,934.9505846050871,112.6028206312168,112.60285823198961,15.415189533639126,-0.347286793099141,0.00033556838151376753,1.0343574254039129e-05,5.39119011478962,0.5189999999999962,0.8821403046041179,1.1709020711490956,2.8876176654497776,0.33442473515394927,0.0,30.25470449775796,0.5430288902644929,0.0,282.0728212000669,90601.335007822,1.118951505012395,336.7061296472406,8.28912822913394e-05,-0.00015100119168905902,112.60285823198973,7093.818916324398
6.774921874999942,937.1995601672933,112.2948448009537,112.29488260647999,15.38241913636408,-0.3491284532828949,0.0003329664642885856,1.0592682003600199e-05,5.39119011478962,0.5189999999999962,0.8821403046041179,1.1708900523748096,2.8874974777069173,0.3335188381404857,0.0,30.078070163446945,0.542946251949832,0.0,282.0582028589126,90576.2082378691,1.1186991587207433,336.69727093250106,0.00013895514332031583,-0.00017118584255650405,112.29488260648009,7053.4768736241385
6.794921874999941,939.4423827549841,111.98752258102527,111.98756059362209,15.349828379605555,-0.35097260335434444,0.00033006448162204176,9.548052028239716e-06,5.39119011478962,0.5189999999999962,0.8821403046041179,1.1708788576990339,2.8873855309491603,0.3326148108113399,0.0,29.90240358529174,0.5428640087572316,0.0,282.0436245120926,90551.15021227152,1.1184474767725652,336.6884364543281,0.0002008950963350797,-0.00018667910959523792,111.98756059362218,7013.344424711464
6.814921874999941,941.6790654045261,111.68085039149415,111.68088861514423,15.317416049820604,-0.3528192949182119,0.0003268697731052053,7.280326738468797e-06,5.39119011478962,0.5189999999999962,0.8821403046041179,1.1708684450287812,2.8872814042466333,0.3317126429314,0.0,29.727698214253554,0.5427821583562643,0.0,282.0290860748706,90526.16078537995,1.1181964579148316,336.6796261613716,0.0,0.0,111.6808886151443,6973.42024550983
6.8349218749999405,943.9096210809304,111.37482467694245,111.37486311690589,15.285180934145314,-0.35466861651853926,0.00032342629620935227,4.334496528612186e-06,5.39119011478962,0.5189999999999962,0.8821403046041179,1.170858491383367,2.887181867792492,0.33081232433452895,0.0,29.553947563918047,0.5427006984358997,0.0,282.0145874629739,90501.23981234228,1.1179461009013991,336.67084000256216,0.0,0.0,111.3748631169059,6933.703023164046
6.85492187499994,946.1340626783422,111.06944190574293,111.06948056869935,15.253121814185334,-0.356520683212435,0.00031981140410160155,3.3702328881467233e-06,5.39119011478962,0.5189999999999962,0.8821403046041179,1.1708474219131604,2.8870711730904253,0.3299138449229996,0.0,29.38114520670342,0.5426196267043131,0.0,282.0001285925907,90476.38714909813,1.1176964044929611,336.66207792711,0.0,0.0,111.06948056869936,6894.191455927938
6.87492187499994,948.3524030205183,110.76469857098053,110.76473746401372,15.221237455675608,-0.3583756340815581,0.0003161409465567202,7.1520761735451745e-06,5.39119011478962,0.5189999999999962,0.8821403046041179,1.1708335995159909,2.88693294911873,0.32901719466681817,0.0,29.209284771953932,0.5425389408886868,0.0,281.9857093803666,90451.60265237358,1.1174473674570047,336.65333988450215,0.0,0.0,110.76473746401375,6854.884253048406
6.894921874999939,950.5646548613169,110.46059118940163,110.46063031984659,15.18952667475257,-0.3602336113010858,0.0003125409598750589,1.1811640196158736e-05,5.39119011478962,0.5189999999999962,0.8821403046041179,1.1708193139917982,2.886790093876803,0.32812236360318925,0.0,29.03835994039383,0.5424586387350259,0.0,281.97132974340144,90426.88617967562,1.1171989885677605,336.6446258245013,-0.00039165688574247805,2.489265205815906e-05,110.46063031984662,6815.780134656506
6.914921874999939,952.7708308851699,110.1571163021741,110.15715567659224,15.157988213153011,-0.36209475466481233,0.00030913054959278135,1.5702734501914324e-05,5.39119011478962,0.5189999999999962,0.8821403046041179,1.1708055395587462,2.8866523495462837,0.32722934183620817,0.0,28.868364440151183,0.5423787180079953,0.0,281.95698959924636,90402.23758928695,1.1169512666061583,336.6359356971433,-0.00034498089677515895,7.715961943760338e-05,110.1571556765923,6776.877831668988
6.934921874999938,954.9709437075734,109.85427047387806,109.85431009786484,15.126620851536993,-0.363959174471235,0.000305997763733053,1.8063797059177343e-05,5.39119011478962,0.5189999999999962,0.8821403046041179,1.1707927267134233,2.886524221093054,0.3263381195363586,0.0,28.699292050848758,0.5422991764907412,0.0,281.9426888659008,90377.65674026041,1.1167042003597782,336.62726945273585,-0.0002483293812960559,0.00010226271599338813,109.85431009786491,6738.176085682661
6.954921874999938,957.165005875555,109.55205029336605,109.55209017034556,15.095423383714104,-0.3658269457485956,0.00030318264241600184,1.8740691095456548e-05,5.39119011478962,0.5189999999999962,0.8821403046041179,1.1707809664051056,2.886406618009878,0.325448686940083,0.0,28.531136613290904,0.5422200119847205,0.0,281.9284274618089,90353.14349241384,1.1164577886228078,336.6186270418562,-0.00017436010914772366,9.988957469750044e-05,109.55209017034562,6699.673648872731
6.9749218749999375,959.3530298681502,109.25045237248398,109.250492503444,15.064394731858133,-0.3676980881350313,0.00030068171600655533,1.8232604394978294e-05,5.39119011478962,0.5189999999999962,0.8821403046041179,1.1707699627860684,2.886296581819505,0.3245610343488,0.0,28.36389203443894,0.5421412223094833,0.0,281.914205305857,90328.69770632472,1.1162120301959924,336.6100084153494,-0.00011892650311061321,8.543141352681597e-05,109.25049250344408,6661.3692838693605
6.994921874999937,961.5350280968523,108.94947334498276,108.94951372903706,15.033533734865602,-0.36957256855007475,0.0002984746422340117,1.6149648617228677e-05,5.39119011478962,0.5189999999999962,0.8821403046041179,1.17075994639884,2.886196417947222,0.32367515212815134,0.0,28.197552269500274,0.5420628053024756,0.0,281.90002231737043,90304.31924332512,1.1159669238865944,336.6014135243265,-3.649869134396321e-05,9.672590367595037e-05,108.94951372903716,6623.26176364499
7.014921874999937,963.7110129060534,108.64910986683934,108.6491505012797,15.002839384972173,-0.3714503105352776,0.00029651003968902143,1.3134653025916512e-05,5.39119011478962,0.5189999999999962,0.8821403046041179,1.170750536381235,2.886102317771171,0.3227910307074624,0.0,28.032111340305534,0.541984758818866,0.0,281.88587841611064,90280.00796549686,1.1157224685083493,336.5928423201631,-2.4480616729754393e-05,0.00012779274384833495,108.6491505012798,6585.349871411523
7.034921874999936,965.8809965734731,108.34935861482053,108.34939949631756,14.972310635870258,-0.3733312099749207,0.00029471082921667666,9.734165728958311e-06,5.39119011478962,0.5189999999999962,0.8821403046041179,1.1707414088469013,2.886011042427834,0.32190866057891143,0.0,27.86756331885385,0.5419070807313451,0.0,281.8717735222724,90255.76373566658,1.1154786628814262,336.5842947544971,-3.942009107693912e-06,0.00013795086690487364,108.34939949631767,6547.632400506635
7.054921874999936,968.0449913105896,108.0502162881752,108.05025741218826,14.941946355924605,-0.37521514558763214,0.0002929803803177602,6.0358716444752365e-06,5.39119011478962,0.5189999999999962,0.8821403046041179,1.170732511597262,2.8859220699314414,0.32102803229725796,0.0,27.703902324233457,0.5418297689299791,0.0,281.85770755648116,90231.58641740106,1.115235505832384,336.5757707792276,0.0,0.0,108.05025741218836,6510.108154303955
7.074921874999935,970.2030092630799,107.75167960762806,107.75172096859201,14.91174552398229,-0.3771019726419804,0.0002912109579319066,4.463712416114071e-06,5.39119011478962,0.5189999999999962,0.8821403046041179,1.1707224090903794,2.8858210448626154,0.32014913647918397,0.0,27.541122531135493,0.5417528213220274,0.0,281.84368043979,90207.47587500226,1.114992996194131,336.5672703465127,0.0,0.0,107.75172096859211,6472.775946108337
7.094921874999935,972.355062511245,107.45374531428446,107.45378690671618,14.881707147068958,-0.37899153187344625,0.0002892887501559214,7.256666612559227e-06,5.39119011478962,0.5189999999999962,0.8821403046041179,1.170709775219036,2.885694706149182,0.319271963802794,0.0,27.379218161250186,0.5416762358317782,0.0,281.8296920936769,90183.4319735025,1.1147511328058826,336.5587934087682,0.0,0.0,107.45378690671627,6435.6345990586
7.114921874999935,974.501163070416,107.15641017020475,107.15645198912651,14.851830157105665,-0.38088367387099614,0.00028710230773602987,1.077383838669034e-05,5.39119011478962,0.5189999999999962,0.8821403046041179,1.170696765416041,2.885564608119231,0.318396505007314,0.0,27.218183479817004,0.5416000104004013,0.0,281.8157424400423,90159.45457866004,1.1145099145131234,336.5503399186656,-8.348575231320935e-05,-7.873070043579408e-05,107.15645198912664,6398.682946039174
7.134921874999934,976.6413228913742,106.85967095861082,106.85971299962648,14.822113544800192,-0.38277826700142503,0.0002845694845790882,1.3673616003044964e-05,5.39119011478962,0.5189999999999962,0.8821403046041179,1.1706841737592626,2.8854386915514474,0.317522750892694,0.0,27.058012801226933,0.5415241429857953,0.0,281.8018314012061,90135.54355695428,1.1142693401675656,336.5419098291309,-2.7693174308428423e-05,-0.00011164755510156363,106.85971299962661,6361.919829588658
7.154921874999934,978.7755538607636,106.56352448234942,106.56356674304928,14.79255632964818,-0.3846752073613314,0.00028162580966488443,1.5175309199114754e-05,5.39119011478962,0.5189999999999962,0.8821403046041179,1.1706724621790356,2.885321575749178,0.31665069231901244,0.0,26.89870048653715,0.541448631562417,0.0,281.787958899905,90111.6987755812,1.1140294086271105,336.53350309334246,6.42951538852951e-05,-0.00013576135480224247,106.5635667430494,6325.344101801264
7.174921874999933,980.9038678014932,106.26796756499371,106.26801004516636,14.76315744083264,-0.38657443893457044,0.00027823596893104867,1.5048793278770806e-05,5.39119011478962,0.5189999999999962,0.8821403046041179,1.1706617666498034,2.885214620456855,0.31578032020622476,0.0,26.74024095055214,0.5413734741211431,0.0,281.7741248592903,90087.92010244889,1.113790118755809,336.5251196647299,0.00013978136692502157,-0.00014871036622696702,106.26801004516652,6288.954624242955
7.194921874999933,983.0262764731515,105.97299705106646,105.97303975237392,14.733915844947907,-0.38847595372644594,0.0002744067095222525,1.3522399434670761e-05,5.39119011478962,0.5189999999999962,0.8821403046041179,1.1706519517124505,2.8851164710833266,0.31491162553325236,0.0,26.582628664224075,0.5412986686690772,0.0,281.7603292029245,90064.20740617286,1.113551469423822,336.5167594969722,0.0002095390129456836,-0.0001663718128477315,105.97303975237406,6252.750267842083
7.214921874999932,985.1427915724232,105.67860980586164,105.67865273146582,14.704830472968533,-0.39037978383112026,0.00027018066810609087,1.0930923496723097e-05,5.39119011478962,0.5189999999999962,0.8821403046041179,1.1706428188550662,2.885025142509483,0.3140445993373292,0.0,26.42585815004534,0.5412242132293776,0.0,281.74657185477923,90040.56055607145,1.11331345950738,336.50842254399623,0.0002539932946256183,-0.00014779732030410962,105.67865273146597,6216.729912791399
7.234921874999932,987.2534247335153,105.38480271593855,105.38484586943464,14.675900278472152,-0.3922859786784011,0.0002656327577832995,7.282888226005631e-06,5.39119011478962,0.5189999999999962,0.8821403046041179,1.1706343627774094,2.8849405817329155,0.31317923271343057,0.0,26.269923977132397,0.541150105841098,0.0,281.7328527392321,90016.97942216099,1.1130760878887418,336.50010875997464,0.0,0.0,105.3848458694348,6180.892448454258
7.254921874999932,989.3581875285637,105.09157268763653,105.09161607330566,14.647124289458445,-0.3941945995500291,0.000260878477522811,2.71932923306886e-06,5.39119011478962,0.5189999999999962,0.8821403046041179,1.1706264997129976,2.8848619510887974,0.3123155168137999,0.0,26.11482076357221,0.541076344559035,0.0,281.7191717810643,89993.46387515134,1.112839353456155,336.491818099325,0.0,0.0,105.09161607330581,6145.236773275633
7.274921874999931,991.4570914680127,104.79891664537942,104.79896026994045,14.618501490785663,-0.39610574086092215,0.00025605548131915607,2.6703862056211302e-06,5.39119011478962,0.5189999999999962,0.8821403046041179,1.1706160138010682,2.884757091969503,0.31145344284738524,0.0,25.96054317414401,0.5410029274535698,0.0,281.70552890545787,89970.0137864416,1.1126032551038194,336.4835505167075,0.0,0.0,104.79896026994062,6109.761794690427
7.294921874999931,993.5501480010515,104.50683153928705,104.50687540588225,14.590030924928994,-0.3980194841328822,0.00025131945513874766,7.372853028275288e-06,5.39119011478962,0.5189999999999962,0.8821403046041179,1.1706027643925545,2.8846245978843665,0.3105930020793995,0.0,25.807085913721572,0.5409298526105226,0.0,281.69192403799315,89946.62902811525,1.1123677917318449,336.4753059670238,0.0,0.0,104.50687540588241,6074.466429037455
7.31492187499993,995.6373685160069,104.21531433311249,104.21535844726228,14.561711589024734,-0.39993589827856857,0.0002468174991840324,1.1883813852071455e-05,5.39119011478962,0.5189999999999962,0.8821403046041179,1.1705896782674239,2.8844937366330603,0.3097341858310616,0.0,25.654443730289934,0.5408571181310231,0.0,281.67835710464595,89923.30947293573,1.112132962246213,336.46708440541545,-0.0003161083543948496,0.00019820737909811653,104.21535844726243,6039.349601481341
7.33492187499993,997.7187643407029,103.9243620126133,103.92440637962834,14.533542451701877,-0.401855072010715,0.00024267019124338488,1.5601900036017004e-05,5.39119011478962,0.5189999999999962,0.8821403046041179,1.1705771112788466,2.884368066747287,0.30887698547910664,0.0,25.5026114128547,0.5407847221313626,0.0,281.6648280317854,89900.05499434248,1.1118987655587433,336.458885787262,-0.0002693856681546227,0.0001964084662606982,103.92440637962852,6004.410245926085
7.354921874999929,999.7943467428739,103.63397158344058,103.63401620787332,14.505522491054602,-0.40377708695697395,0.0002389720668663232,1.7976044695288942e-05,5.39119011478962,0.5189999999999962,0.8821403046041179,1.170565389447673,2.8842508484355522,0.30802139245559224,0.0,25.351583791914962,0.5407126627428716,0.0,281.6513367461713,89876.86546644628,1.111665200587051,336.4507100681798,-0.0002156081270966481,0.00015724901800691094,103.63401620787349,5969.647304940898
7.374921874999929,1001.8641269274851,103.34413958961532,103.3441844740964,14.4777025794457,-0.40570198958736386,0.0002357772719415391,1.8869707032358426e-05,5.39119011478962,0.5189999999999962,0.8821403046041179,1.1705545933618546,2.884142887577368,0.30716739681485766,0.0,25.2016354338003,0.5406409379916263,0.0,281.6378831749713,89854.73882999917,1.1114446116806593,336.4425572040326,-0.0001360514041623841,0.0001558250581096767,103.34418447409652,5935.1255990183645
7.394921874999929,1003.928116025663,103.05486243305607,103.05490757873825,14.45003474958501,-0.407629790305743,0.00023310850793629499,1.828051231288331e-05,5.39119011478962,0.5189999999999962,0.8821403046041179,1.170544724138361,2.8840441953424323,0.3063149881878543,0.0,25.052507684792207,0.5405695458798351,0.0,281.62446724583316,89832.78390223205,1.11122597719763,336.4344271509749,-5.34411627207179e-05,0.00013147643103779947,103.05490757873841,5900.784388097746
7.414921874999928,1005.98632510456,102.76613717665906,102.766182582572,14.42251233065729,-0.4095604595863518,0.0002309469345763844,1.6202770618081058e-05,5.39119011478962,0.5189999999999962,0.8821403046041179,1.170535784904088,2.883954802999702,0.30546415816599504,0.0,24.904164507486975,0.5404984845851086,0.0,281.6110888868203,89810.8904573022,1.1110079342371373,336.4263198654131,6.941338324128465e-06,0.0001431826130852166,102.76618258257218,5866.615337277286
7.434921874999928,1008.0387651731415,102.47796091955848,102.47800658384264,14.395134490307596,-0.4114939357234271,0.00022924218266015648,1.3254957709194247e-05,5.39119011478962,0.5189999999999962,0.8821403046041179,1.1705274091801698,2.88387104576052,0.3046148984499758,0.0,24.756600982016046,0.5404277523041667,0.0,281.5977480263746,89789.05837810575,1.110790481804325,336.418235303983,5.528566438286884e-05,0.00014821803810432873,102.47800658384286,5832.617435452478
7.454921874999927,1010.0854471825345,102.1903307788773,102.1903766989504,14.367900327599669,-0.41343014185632415,0.00022791725803747486,9.622447195564539e-06,5.39119011478962,0.5189999999999962,0.8821403046041179,1.1705194869328732,2.8837918232875537,0.303767200792381,0.0,24.609812226215784,0.5403573472479142,0.0,281.5844445933135,89767.2875481541,1.110573618909584,336.410173423548,0.0,0.0,102.19037669895062,5798.789679617122
7.474921874999927,1012.1263820263912,101.9032438899144,101.90329006226865,14.340808937571706,-0.4153689838630808,0.00022687216383359912,5.661441219019142e-06,5.39119011478962,0.5189999999999962,0.8821403046041179,1.1705118069763991,2.8837150237228126,0.30292105699715977,0.0,24.463793399197314,0.5402872676412991,0.0,281.5711785168284,89745.57785157004,1.1103573445685189,336.402134181198,0.0,0.0,101.90329006226887,5765.1310747826565
7.4949218749999265,1014.1615805412436,101.61669740551993,101.61674382603651,14.313859482473639,-0.417310354494519,0.00022600491002389438,2.7164698333458634e-06,5.39119011478962,0.5189999999999962,0.8821403046041179,1.1705035727282587,2.883632681241408,0.3020764589193246,0.0,24.31853969959928,0.5402175117231921,0.0,281.5579497264819,89723.92917308392,1.1101416578019154,336.39411753424804,0.0,0.0,101.61674382603672,5731.640633906653
7.514921874999926,1016.1910535068554,101.33068849568947,101.33073516021577,14.287051116676283,-0.4192541377467515,0.00022520553471433238,4.9596696843893055e-06,5.39119011478962,0.5189999999999962,0.8821403046041179,1.170492312887816,2.883520082836981,0.3012333984645438,0.0,24.1740463647843,0.5401480777462573,0.0,281.5447581522054,89702.34139802995,1.10992655763571,336.3861234402365,0.0,0.0,101.33073516021597,5698.317377817936
7.534921874999926,1018.2148116465602,101.04521434747743,101.0452612523713,14.260382994838233,-0.42120022461732703,0.00022435741818109317,8.732512735168961e-06,5.39119011478962,0.5189999999999962,0.8821403046041179,1.170480193955052,2.8833988935093413,0.3003918675888032,0.0,24.03030866897389,0.5400789639768304,0.0,281.5316037242973,89680.8144123426,1.1097120431009573,336.3781518569242,0.0,0.0,101.04526125237152,5665.16033514501
7.554921874999925,1020.232865627602,100.76027216393908,100.76031930621191,14.233854569852351,-0.42314852112931595,0.00022335495172005253,1.2422680822846803e-05,5.39119011478962,0.5189999999999962,0.8821403046041179,1.170468170547512,2.883278659433941,0.2995518582940854,0.0,23.887323644251822,0.5400102075505492,0.0,281.51848637342056,89659.34810255296,1.1094981132338007,336.37020274229286,-4.307495888502599e-05,-0.00019422834565696162,100.7603193062121,5632.168542095347
7.574921874999925,1022.2452260613625,100.47585915686413,100.47590653448734,14.20746494663469,-0.4250989493223067,0.0002220883989628084,1.5684496799262967e-05,5.39119011478962,0.5189999999999962,0.8821403046041179,1.1704564471566083,2.883161425524905,0.2987133626072694,0.0,23.745086387805628,0.5399418017479105,0.0,281.50540603060114,89637.94235578638,1.1092847670754538,336.3622760545443,-1.2955858923165164e-05,-0.00020447981254904363,100.47590653448754,5599.341041609058
7.594921874999924,1024.2519035037105,100.19197256391084,100.19202017604066,14.181212973084888,-0.42705145374468784,0.00022045563634384547,1.8135833480585502e-05,5.39119011478962,0.5189999999999962,0.8821403046041179,1.170445249846496,2.8830494524237804,0.29787637263084177,0.0,23.60359077698909,0.539873710899214,0.0,281.4923626272259,89616.59705975863,1.1090720036721673,336.35437175209887,1.9499156881273215e-05,-0.0001833910796091649,100.19202017604088,5566.676885211272
7.614921874999924,1026.2529084554608,99.90860964106591,99.90865748772653,14.155097807680509,-0.42900600070062245,0.00021837978739786752,1.9331136915610595e-05,5.39119011478962,0.5189999999999962,0.8821403046041179,1.1704348422460995,2.8829453764198165,0.2970408805188893,0.0,23.462832238468135,0.5398059333249992,0.0,281.47935609503946,89595.31210277116,1.1088598220751875,336.34648979359395,8.76374195506431e-05,-0.00020430911926320355,99.90865748772677,5534.175132045981
7.6349218749999235,1028.2482513627103,99.6257676607729,99.62581574333139,14.12911861817137,-0.4309625815212645,0.00021581777257197174,1.9370512295078266e-05,5.39119011478962,0.5189999999999962,0.8821403046041179,1.1704251648322699,2.8828486022815203,0.29620687847390564,0.0,23.32280624308683,0.5397384673588594,0.0,281.4663863661424,89574.08737370746,1.108648221340723,336.3386301378823,0.00011622284976537035,-0.00021508888892560774,99.6258157433316,5501.834848699986
7.654921874999923,1030.2379426171758,99.34344391232203,99.3434922333487,14.10327453954198,-0.4329212116511564,0.00021275271181506303,1.875984586909762e-05,5.39119011478962,0.5189999999999962,0.8821403046041179,1.1704159177437081,2.8827561313959027,0.2953743587461396,0.0,23.18350830512435,0.5396713113472985,0.0,281.45345337298835,89552.92276202941,1.108437200529917,336.330792744031,0.00013776437700118888,-0.0002222739075822337,99.34349223334894,5469.655109123561
7.674921874999923,1032.2219925565294,99.0616357020446,99.06168426484965,14.077564779259186,-0.43488192635124373,0.00020918741946852627,1.7128059991138426e-05,5.39119011478962,0.5189999999999962,0.8821403046041179,1.170407320544768,2.882670159406502,0.2945433136332266,0.0,23.04493396938395,0.5396044636496149,0.0,281.4405570483825,89531.81815777384,1.108226758708815,336.3229775713198,0.00018340270874075656,-0.00026816969622997413,99.06168426484989,5437.634994562331
7.694921874999922,1034.2004114647284,98.78034035203761,98.78038916136074,14.051988489777381,-0.4368447820679894,0.0002051458870136482,1.4755272474678913e-05,5.39119011478962,0.5189999999999962,0.8821403046041179,1.1703992070935463,2.8825890248942843,0.2937137354798412,0.0,22.907078824514198,0.5395379226377867,0.0,281.42769732547924,89510.77345154891,1.108016894948335,336.3151845792404,0.00019492333881696933,-0.0002806315568175085,98.78038916136099,5405.773593490602
7.714921874999922,1036.1732095723455,98.49955520183255,98.49960426268092,14.026544811362136,-0.4388098523372774,0.0002006741651348928,1.2008588698780543e-05,5.39119011478962,0.5189999999999962,0.8821403046041179,1.1703913597433135,2.882510551391957,0.2928856166771693,0.0,22.769938495990456,0.5394716866963436,0.0,281.41487413777975,89489.78853453067,1.1078076083242387,336.3074137274945,0.00017846306044506677,-0.0003072940738611101,98.49960426268113,5374.070001538614
7.734921874999921,1038.1403970569083,98.21927760738686,98.21932692474562,14.001232945807695,-0.44077721236152617,0.00019583745202662064,9.330828244349546e-06,5.39119011478962,0.5189999999999962,0.8821403046041179,1.170383515962085,2.8824321135796716,0.29205894966252,0.0,22.633508644345135,0.5394057542222515,0.0,281.40208741913005,89468.86329845939,1.1075988979170985,336.2996649759928,0.0,0.0,98.21932692474583,5342.523321425632
7.754921874999921,1040.1019840432234,97.93950494039238,97.93955451950083,13.97605208730114,-0.4427469365984073,0.00019071211928924954,7.3041230230852906e-06,5.39119011478962,0.5189999999999962,0.8821403046041179,1.17037533069914,2.8823502609502216,0.29123372691896665,0.0,22.49778496434849,0.5393401236247994,0.0,281.389337103719,89447.99763563613,1.1073907628122694,336.2919382848537,0.0,0.0,97.93955451950107,5311.132662894723
7.7749218749999205,1042.0579806036928,97.66023458911984,97.66028443480788,13.951001393781668,-0.4447191011227214,0.00018538048094536428,6.296547331570309e-06,5.39119011478962,0.5189999999999962,0.8821403046041179,1.170366585667597,2.8822628106347925,0.29040994097507883,0.0,22.362763183965672,0.5392747933254961,0.0,281.37662312607597,89427.19143891943,1.10718320209986,336.28423361440207,0.0,0.0,97.66028443480812,5279.89714265142
7.79492187499992,1044.0083967586518,97.38146395812758,97.38151407430774,13.926080036283498,-0.44669376343651623,0.00017992728517206513,6.4156378026735764e-06,5.39119011478962,0.5189999999999962,0.8821403046041179,1.1703572168843517,2.8821691228023383,0.28958758440453514,0.0,22.2284390661431,0.5392097617579568,0.0,281.36394542106876,89406.44460172163,1.1069762148747015,336.27655092516767,0.0,0.0,97.38151407430794,5248.815884298576
7.81492187499992,1045.9532424766871,97.10319046822285,97.103240857313,13.901287222235068,-0.4486709582233978,0.0001744306420085022,6.835395070404271e-06,5.39119011478962,0.5189999999999962,0.8821403046041179,1.1703477133841889,2.88207408780071,0.28876664982581696,0.0,22.094808407350577,0.5391450273677969,0.0,281.3513039239015,89385.75701800553,1.106769800236319,336.2688901778843,0.0,0.0,97.10324085731322,5217.888018274756
7.834921874999919,1047.8925276749571,96.8254115555879,96.82546221866151,13.876622184352215,-0.4506506909700927,0.00016896651585408603,7.293673182476698e-06,5.39119011478962,0.5189999999999962,0.8821403046041179,1.1703382302322087,2.881979256280909,0.287947129901788,0.0,21.961867040507855,0.53908058861252,0.0,281.33869857011274,89365.12858228103,1.1065639572889017,336.2612513334883,0.0,0.0,96.82546221866174,5187.1126817890345
7.854921874999919,1049.8262622194966,96.54812467159272,96.54817560858386,13.852084191570539,-0.4526329413981606,0.0001636099054971149,7.711304126607434e-06,5.39119011478962,0.5189999999999962,0.8821403046041179,1.1703288140816623,2.881885094775445,0.2871290173393155,0.0,21.82961083324436,0.5390164439614072,0.0,281.32612929557325,89344.55918960177,1.1063586851412752,336.2536343531174,0.0,0.0,96.54817560858409,5156.489018757923
7.874921874999918,1051.7544559255143,96.27132728241686,96.27137849257238,13.827672545257094,-0.4546176733703767,0.0001584190931496746,8.304573683644842e-06,5.39119011478962,0.5189999999999962,0.8821403046041179,1.1703193365801103,2.881790319759925,0.28631230488889564,0.0,21.69803568811366,0.5389525918954092,0.0,281.3135960364841,89324.04873556207,1.106153982906876,336.2460391981094,0.0,0.0,96.27137849257265,5126.016179743017
7.894921874999918,1053.6771185576843,95.9950168683179,95.99506835124798,13.803386509899084,-0.45660484706622523,0.00015343634582651975,8.948925820824028e-06,5.39119011478962,0.5189999999999962,0.8821403046041179,1.170309871282233,2.881695666781152,0.28549698534427154,0.0,21.567137540104714,0.5388890309070391,0.0,281.30109872937504,89303.5971162938,1.1059498497037228,336.23846583000125,0.0,0.0,95.99506835124821,5095.693321888945
7.9149218749999175,1055.59425983044,95.71919092493215,95.71924268025911,13.779225267591466,-0.4585944264107609,0.00014869651374359218,9.568344133588763e-06,5.39119011478962,0.5189999999999962,0.8821403046041179,1.1703004629886002,2.881601583844824,0.2846830515421483,0.0,21.436912357546603,0.5388257595002721,0.0,281.2886373111021,89283.20422846319,1.1057462846543926,336.2309142105279,0.0,0.0,95.71924268025936,5065.519608865365
7.934921874999917,1057.505889408287,95.44384696399808,95.44389899014746,13.755188056712049,-0.4605863662327951,0.00014423008347840338,1.0224390246386606e-05,5.39119011478962,0.5189999999999962,0.8821403046041179,1.1702910750260622,2.8815077042194437,0.28387049636180706,0.0,21.30735614222723,0.5387627761904401,0.0,281.2762117188461,89262.86996926766,1.1055432868859905,336.22338430162074,0.0,0.0,95.44389899014769,5035.494210805812
7.954921874999917,1059.4120169061105,95.16898251155611,95.16903480622477,13.731274186887871,-0.4625806011248374,0.00014006225545124817,1.0841155467874463e-05,5.39119011478962,0.5189999999999962,0.8821403046041179,1.1702817521214788,2.8814144751736093,0.28305931272475365,0.0,21.178464927953407,0.5387000795041283,0.0,281.26382189011025,89242.59423643237,1.1053408555301216,336.2158760654068,1.0849983503669134e-06,9.195519429830865e-05,95.169034806225,5005.6163042483995
7.974921874999916,1061.3126518894628,94.8945951080244,94.89464766844846,13.707482964870358,-0.4645770531021327,0.0001361988915633471,1.1156323345006563e-05,5.39119011478962,0.5189999999999962,0.8821403046041179,1.1702726494501536,2.881323448460358,0.28224949359436236,0.0,21.050234779843457,0.5386376679790734,0.0,281.25146776271845,89222.37692820725,1.1051389897228652,336.20838946420736,6.489024486829332e-05,9.350839701023987e-05,94.89464766844868,4975.885072076836
7.994921874999916,1063.20780387483,94.62068230663843,94.62073513134271,13.6838136804408,-0.46657565526118167,0.0001326337166686609,1.1158741300762212e-05,5.39119011478962,0.5189999999999962,0.8821403046041179,1.1702637734178305,2.8812346881371265,0.2814410319756555,0.0,20.922661796160288,0.5385755401640722,0.0,281.2391492748136,89202.21794336417,1.104937688604751,336.20092446053707,0.00011437536048771237,5.828579278315333e-05,94.62073513134295,4946.2997034668015
8.014921874999915,1065.0974823299239,94.34724167672036,94.3472947638256,13.66026560387346,-0.4685763500107215,0.00012933465881924877,1.0907405709884056e-05,5.39119011478962,0.5189999999999962,0.8821403046041179,1.170255088847427,2.8811478424330916,0.28063392091480305,0.0,20.795742107273295,0.5385136946188697,0.0,281.2268663648555,89182.11718119383,1.1047369513207337,336.1934810171024,0.00015407931663669332,2.3268112704071277e-05,94.34729476382586,4916.859393822913
8.034921874999915,1066.9816966739781,94.07427080096443,94.07432414912167,13.63683806262841,-0.47057907970873963,0.00012625204145468716,1.0612650521476504e-05,5.39119011478962,0.5189999999999962,0.8821403046041179,1.1702464709413638,2.8810616633724595,0.27982815349887613,0.0,20.6694718756539,0.5384521299140685,0.0,281.21461897161913,89162.07454150257,1.1045367770201635,336.18605909680116,0.0,0.0,94.07432414912192,4887.563344725202
8.054921874999915,1068.860456278018,93.80176727607794,93.80182088462827,13.613530357001856,-0.4725838013747477,0.00012332298097883894,1.0341846023192744e-05,5.39119011478962,0.5189999999999962,0.8821403046041179,1.1702378795558088,2.8809757495169097,0.27902372285546356,0.0,20.543847294102136,0.5383908446310275,0.0,281.20240703419285,89142.08992460955,1.1043371648567641,336.17865866272086,0.0,0.0,93.80182088462851,4858.410763871251
8.074921874999914,1070.7337704651447,93.5297287126143,93.52978258181633,13.590341759930897,-0.4745904844341971,0.00012048282898652265,1.039648367412657e-05,5.39119011478962,0.5189999999999962,0.8821403046041179,1.170229135886691,2.880888312825731,0.2782206221523899,0.0,20.418864587148782,0.5383298373617688,0.0,281.19023049197654,89122.16323134369,1.104138113988605,336.1712796781378,0.0,0.0,93.52978258181658,4829.400865022406
8.094921874999914,1072.6016485108155,93.25815273582278,93.25820686609931,13.56727156941836,-0.47659911039100855,0.00011767390021304542,1.0605188979347846e-05,5.39119011478962,0.5189999999999962,0.8821403046041179,1.1702203412153525,2.880800366112346,0.27741884459733923,0.0,20.29452000774168,0.5382691067088796,0.0,281.1780892846797,89102.29436304071,1.1039396235780778,336.1639221065159,0.0,0.0,93.25820686609958,4800.532867947187
8.114921874999913,1074.4640996431272,92.98703698430445,92.98709137676008,13.544319142306648,-0.4786096677513814,0.0001148449912603045,1.0425766507625012e-05,5.39119011478962,0.5189999999999962,0.8821403046041179,1.1702118165832984,2.8807151197918057,0.2766183834376504,0.0,20.170809837414183,0.5382086512854268,0.0,281.16598335231964,89082.48322154013,1.1037416927918695,336.1565859115057,0.0,0.0,92.98709137676035,4771.805998371137
8.134921874999913,1076.3211330430795,92.71637910972369,92.71643376683627,13.521483818400421,-0.48062216394746754,0.00011194895987604564,9.596000725862136e-06,5.39119011478962,0.5189999999999962,0.8821403046041179,1.1702037171236161,2.880634125194983,0.27581923195998986,0.0,20.047730389031013,0.5381484697148637,0.0,281.15391263521997,89062.7297091824,1.103544320800938,336.1492710569433,0.0,0.0,92.71643376683654,4743.219487922864
8.154921874999912,1078.172757844844,92.44617677773691,92.44623170298287,13.498764848791582,-0.48263662972610377,0.00010894032395225353,8.909847762634463e-06,5.39119011478962,0.5189999999999962,0.8821403046041179,1.170195572251214,2.880552676470962,0.2750213834899555,0.0,19.9252780094459,0.5380885606309316,0.0,281.1418770740085,89043.03372880613,1.1033475067804894,336.1419775068492,0.0,0.0,92.44623170298316,4714.772574078216
8.174921874999912,1080.0189831360485,92.17642766824827,92.17648286534317,13.47616155803162,-0.48465310568465386,0.00010578102584133329,8.486940627437165e-06,5.39119011478962,0.5189999999999962,0.8821403046041179,1.170187310894161,2.880470062900431,0.2742248313917057,0.0,19.803449071633423,0.5380289226775644,0.0,281.1298766096157,89023.39518374501,1.1031512499099507,336.13470522542707,0.0,0.0,92.17648286534344,4686.464500105813
8.194921874999912,1081.859817958056,91.90712947482194,91.90718494746085,13.4536732239726,-0.48667163394727536,0.00010243890259338768,8.426998608493049e-06,5.39119011478962,0.5189999999999962,0.8821403046041179,1.1701788737514394,2.880385691473215,0.2734295690677108,0.0,19.682239977515295,0.5379695545088038,0.0,281.1179111832726,89003.81397782487,1.102955549372945,336.1274541770632,0.0,0.0,91.9071849474611,4658.294515017272
8.214921874999911,1083.6952713062394,91.638279904774,91.63833565617954,13.431299225412571,-0.488692250436977,9.889051689924186e-05,8.498287823480726e-06,5.39119011478962,0.5189999999999962,0.8821403046041179,1.1701703979461902,2.880300933420723,0.272635589958467,0.0,19.56164715675009,0.5379104547887117,0.0,281.1059807365094,88984.2900153607,1.1027604043572654,336.1202243263247,0.0,0.0,91.6383356561798,4630.261873516568
8.23492187499991,1085.525352130238,91.36987667751386,91.36993271154098,13.409038920607438,-0.49071499288332415,9.511921966050172e-05,8.851339921292119e-06,5.39119011478962,0.5189999999999962,0.8821403046041179,1.1701617940322242,2.8802148942810635,0.2718428875422054,0.0,19.44166706886882,0.5378516221912826,0.0,281.0940852111534,88964.82320115402,1.1025658140548538,336.11301563795894,0.0,0.0,91.36993271154121,4602.365835949689
8.25492187499991,1087.350069334219,91.10191752630374,91.10197384666476,13.38689163012957,-0.4927399017616358,9.111255301052651e-05,9.060984315227673e-06,5.39119011478962,0.5189999999999962,0.8821403046041179,1.1701533137569782,2.880130091528603,0.27105145533454766,0.0,19.32229619963732,0.537793055400354,0.0,281.0822245493276,88945.41344048998,1.102371777661774,336.1058280768925,0.0,0.0,91.10197384666499,4574.605668252911
8.27492187499991,1089.1694317771405,90.83440019702955,90.83445680766829,13.36485671826565,-0.49476701824793357,8.686756871727517e-05,9.182489207823727e-06,5.39119011478962,0.5189999999999962,0.8821403046041179,1.1701449241634927,2.8800461955937484,0.27026128688827933,0.0,19.203531064416172,0.5377347531095249,0.0,281.07039869344857,88926.06063913468,1.102178294378192,336.0986616082298,0.0,0.0,90.8344568076685,4546.980641905525
8.29492187499991,1090.9834482730082,90.56732244855058,90.5673793535456,13.342933550821705,-0.4967963866928666,8.239961506630648e-05,9.217774486100708e-06,5.39119011478962,0.5189999999999962,0.8821403046041179,1.1701366239417448,2.8799631933762693,0.2694723757930019,0.0,19.085368206088148,0.5376767140220671,0.0,281.05860758622543,88906.76470333236,1.101985363408348,336.09151619725264,0.0,0.0,90.56737935354585,4519.490033878882
8.314921874999909,1092.792127591136,90.30068205289632,90.30073925605869,13.321121418325788,-0.4988280499637737,7.774141190208847e-05,9.188085475433986e-06,5.39119011478962,0.5189999999999962,0.8821403046041179,1.170128400282677,2.879880956785592,0.26868471567482144,0.0,18.96780419504505,0.5376189368508391,0.0,281.0468511706576,88887.52553980266,1.101792983960537,336.0843918094185,0.0,0.0,90.30073925605889,4492.133126587107
8.334921874999909,1094.595478456413,90.0344767955688,90.03453429964745,13.299419683864654,-0.5008620385037713,7.293131974139761e-05,8.888427114324618e-06,5.39119011478962,0.5189999999999962,0.8821403046041179,1.1701203744801016,2.879800698759838,0.2678983001960931,0.0,18.85083562807621,0.5375614203182055,0.0,281.0351293900333,88868.34305573777,1.1016011552470808,336.0772884103602,0.0,0.0,90.03453429964765,4464.909207840154
8.354921874999908,1096.3935095495642,89.76870447426344,89.76876228131694,13.277827749120599,-0.5028983640188398,6.8019316294335e-05,8.570499724792867e-06,5.39119011478962,0.5189999999999962,0.8821403046041179,1.170112397194613,2.8797209259049517,0.26711312305509727,0.0,18.73445913051872,0.5375041631559514,0.0,281.0234421879278,88849.21715879964,1.1014098764843072,336.07020596588427,0.0,0.0,89.76876228131712,4437.81757079494
8.374921874999908,1098.1862295073872,89.50336289882932,89.50342101052703,13.25634500667477,-0.5049370305093288,6.306658436912962e-05,8.6728982601585e-06,5.39119011478962,0.5189999999999962,0.8821403046041179,1.1701042083827033,2.879639037785855,0.26632917798572286,0.0,18.618671354867182,0.5374471641051988,0.0,281.01178950820196,88830.14775711753,1.1012191468925263,336.0631444419704,0.0,0.0,89.50342101052722,4410.8575139072245
8.394921874999907,1099.973646923002,89.23844989160447,89.23850830910534,13.234970826863727,-0.506978033926493,5.813960439073324e-05,9.151181494651933e-06,5.39119011478962,0.5189999999999962,0.8821403046041179,1.1700958341459595,2.8795552954184167,0.26554645875722016,0.0,18.503468978486353,0.5373904219163272,0.0,281.0001712950005,88811.13475928525,1.1010289656960084,336.05610380477026,0.0,0.0,89.23850830910553,4384.028340886162
8.414921874999907,1101.7557703460993,88.97396328732745,88.97402201116115,13.21370458355436,-0.50902135992585,5.330348560967917e-05,9.539676379124404e-06,5.39119011478962,0.5189999999999962,0.8821403046041179,1.1700875502535137,2.879472456493959,0.2647649591739562,0.0,18.3888487035195,0.5373339353488984,0.0,280.98858749275036,88792.17807435861,1.1008393321229626,336.04908402060676,0.0,0.0,88.97402201116132,4357.329360649362
8.434921874999906,1103.5326082831912,88.70990093331102,88.70995996300171,13.192545663806793,-0.5110669794748731,4.861040008689569e-05,9.540002236234649e-06,5.39119011478962,0.5189999999999962,0.8821403046041179,1.1700795333033533,2.879392286992355,0.2639846730751775,0.0,18.274807258468485,0.5372777031715773,0.0,280.97703804615924,88773.2776118527,1.1006502454055127,336.0420850559725,0.0,0.0,88.70995996300188,4330.759887278539
8.454921874999906,1105.3041691978517,88.4462606883743,88.44632002300786,13.171493474928381,-0.5131148508528853,4.409559536483438e-05,9.241927939737735e-06,5.39119011478962,0.5189999999999962,0.8821403046041179,1.1700717299394274,2.8793142533530958,0.2632055943346506,0.0,18.16134139897084,0.5372217241620498,0.0,280.96552290021395,88754.43328173936,1.1004617047796756,336.03510687752964,0.0,0.0,88.44632002300803,4304.319239971588
8.474921874999906,1107.0704615109566,88.18304042405055,88.18310006155583,13.150547412209605,-0.5151649202933895,3.9779881073664656e-05,8.535725396009011e-06,5.39119011478962,0.5189999999999962,0.8821403046041179,1.1700642050027643,2.8792390039864646,0.26242771686044153,0.0,18.048447905560803,0.5371659971069478,0.0,280.95404200017873,88735.64499444459,1.1002737094853399,336.0281494521083,0.0,0.0,88.18310006155602,4278.006742999576
8.494921874999905,1108.8314936009317,87.92023802346233,87.92029796089773,13.12970693559175,-0.5172171144253677,3.5668463648794526e-05,8.09036999126448e-06,5.39119011478962,0.5189999999999962,0.8821403046041179,1.1700565619056673,2.8791625730154946,0.2616510345945705,0.0,17.93612358645909,0.5371105208017668,0.0,280.94259529159393,88716.91266084598,1.100086258766242,336.02121274670594,0.0,0.0,87.9202979608979,4251.821725660091
8.514921874999905,1110.5872738039632,87.6578513797419,87.6579116150741,13.10897144719803,-0.5192713627917235,3.1753305608379605e-05,7.943604841161985e-06,5.39119011478962,0.5189999999999962,0.8821403046041179,1.1700487780948494,2.8790847349073156,0.26087554151276365,0.0,17.824365272589993,0.5370552940507922,0.0,280.9311827202742,88698.23619227039,1.0998993518699502,336.01429672848616,0.0,0.0,87.65791161507427,4225.763522234146
8.534921874999904,1112.337810414233,87.39587839920758,87.39593892983763,13.088340398956888,-0.5213275973436801,2.8013068276638938e-05,8.320280555515018e-06,5.39119011478962,0.5189999999999962,0.8821403046041179,1.1700407201734744,2.8790041556935653,0.26010123162423593,0.0,17.713169820277013,0.5370003156670276,0.0,280.91980423230746,88679.6155004915,1.0997129880478393,336.00740136477833,0.0,0.0,87.39593892983781,4199.831471944472
8.554921874999904,1114.0831116841555,87.13431699888945,87.13437782255632,13.067813226730243,-0.5233857499409386,2.4416820311512315e-05,9.265646994530281e-06,5.39119011478962,0.5189999999999962,0.8821403046041179,1.1700323611115526,2.8789205650743477,0.25932809897141457,0.0,17.602534110105285,0.5369455844721178,0.0,280.908459774053,88661.05049772728,1.0995271665550725,336.0005266230761,0.0,0.0,87.13437782255649,4174.024918912211
8.574921874999903,1115.8231858246004,86.87316510718706,86.87322622212645,13.04738935295433,-0.525445759090121,2.0928362230092655e-05,1.0511847760014642e-05,5.39119011478962,0.5189999999999962,0.8821403046041179,1.170023859472361,2.8788355486824324,0.25855613762969065,0.0,17.492455046154294,0.5368910992962788,0.0,280.89714929214006,88642.54109663761,1.0993418866505797,335.9936724710369,0.0,0.0,86.87322622212662,4148.3432121149435
8.594921874999903,1117.5580410051207,86.61242066409945,86.61248206889253,13.027068211023158,-0.5275075718393332,1.751236601705414e-05,1.1772747252045557e-05,5.39119011478962,0.5189999999999962,0.8821403046041179,1.1700153846297168,2.878750800255989,0.2577853417071916,0.0,17.382929556232096,0.536836858978224,0.0,280.88587273346667,88624.08721032186,1.0991571475970363,335.9868388764808,0.00017443488212649683,-5.1503204008559366e-05,86.61248206889273,4122.7857053456855
8.614921874999903,1119.2876853541807,86.35208162060991,86.35214331456855,13.00684924751084,-0.5295711435511072,1.4131987386635072e-05,1.2796896524927615e-05,5.39119011478962,0.5189999999999962,0.8821403046041179,1.1700070854141476,2.878667808100297,0.2570157053445568,0.0,17.273954591719622,0.5367828623650969,0.0,280.8746300451978,88605.68875231646,1.098972948660844,335.9800258073899,0.00018591275503130315,-7.315257228641171e-05,86.3521433145687,4097.3517571723905
8.634921874999902,1121.0121269593762,86.09214593906309,86.09220792213918,12.986731901175983,-0.531636442665265,1.0753962557339893e-05,1.3491526486452908e-05,5.39119011478962,0.5189999999999962,0.8821403046041179,1.1699990166303882,2.8785871202627034,0.2562472227146554,0.0,17.165527128102614,0.5367291083123961,0.0,280.863421174764,88587.3456365926,1.0987892891121096,335.973233231907,0.00020481795644014961,-8.580315199680844e-05,86.09220792213932,4072.0407308959107
8.654921874999902,1122.7313738676623,85.8326115929155,85.83267386577504,12.966715613523087,-0.5337034486495107,7.344308099911279e-06,1.3825210306238428e-05,5.39119011478962,0.5189999999999962,0.8821403046041179,1.1699911967489292,2.878508921448113,0.2554798880223432,0.0,17.05764416462207,0.5366755956839052,0.0,280.8522460698602,88569.05777755372,1.098606168224625,335.96646111833525,0.00021129646307377814,-0.00011053465500011451,85.83267386577522,4046.851994509596
8.674921874999901,1124.4454340855743,85.57347656669114,85.57353913074331,12.946799834099847,-0.5357721522759147,3.872453850840279e-06,1.377264762519175e-05,5.39119011478962,0.5189999999999962,0.8821403046041179,1.1699836405785542,2.8784333597443634,0.2547136955042075,0.0,16.950302723894822,0.5366223233516237,0.0,280.84110467844374,88550.82509003325,1.0984235852758473,335.9597094351369,0.00023772646138197669,-0.0001442406430867268,85.5735391307435,4021.7849206588344
8.6949218749999,1126.1543155794466,85.314738855767,85.31480171332429,12.926984030979698,-0.5378425584094152,3.077534059001594e-07,1.3049078818171623e-05,5.39119011478962,0.5189999999999962,0.8821403046041179,1.1699765167224958,2.8783621211837795,0.25394863942832907,0.0,16.843499850529664,0.536569290195697,0.0,280.8299969487336,88532.64748929223,1.0982415395468774,335.95297815093255,0.0002724009993293004,-0.0001460105478660661,85.31480171332448,3996.838886601512
8.7149218749999,1127.8580262756288,85.0563964662924,85.0564596207306,12.90726766296539,-0.5399146876123925,-3.370466996988272e-06,1.1594051451707294e-05,5.39119011478962,0.5189999999999962,0.8821403046041179,1.1699698608378524,2.878295562337345,0.2531847140940515,0.0,16.73723261349744,0.5365164951043492,0.0,280.8189228292084,88514.52489101699,1.098060030322442,335.9462672345003,0.0,0.0,85.05645962073078,3972.0132741690254
8.7349218749999,1129.5565740607026,84.79844741546803,84.79851087098966,12.887650162701165,-0.5419885771327889,-7.173820447724962e-06,9.97945127751808e-06,5.39119011478962,0.5189999999999962,0.8821403046041179,1.1699633338814093,2.878230292772914,0.252421913831642,0.0,16.631498107065035,0.536463936973809,0.0,280.8078822686054,88496.45721131694,1.0978790568908736,335.9395766547749,0.0,0.0,84.79851087098987,3947.307469724237
8.7549218749999,1131.2499667817071,84.54088973181548,84.54095349285922,12.868130967895022,-0.5440642719350834,-1.1113426031761156e-05,8.518226346314727e-06,5.39119011478962,0.5189999999999962,0.8821403046041179,1.1699567502173525,2.878164456132346,0.25166023300204904,0.0,16.52629344600182,0.5364116147082425,0.0,280.7968752159189,88478.44436672206,1.0976986185440893,335.9329063808468,0.0,0.0,84.54095349285943,3922.720864122831
8.7749218749999,1132.9382122463608,84.2837214544178,84.28378552576042,12.848709543088416,-0.5461418186741336,-1.5199983729147845e-05,7.458414489266889e-06,5.39119011478962,0.5189999999999962,0.8821403046041179,1.1699499626871233,2.878096580830054,0.25089966599671376,0.0,16.42161576648514,0.5363595272196894,0.0,280.78590162039865,88460.4862741806,1.097518714577571,335.9262563819616,0.0,0.0,84.28378552576059,3898.2528526766923
8.794921874999899,1134.6213182232707,84.02694063341366,84.027005019701,12.829385359989482,-0.5482212674242033,-1.9438182264361596e-05,6.7316974940717e-06,5.39119011478962,0.5189999999999962,0.8821403046041179,1.169943011617347,2.878027070132292,0.2501402072373513,0.0,16.317462225713122,0.5363076734279995,0.0,280.7749614315487,88442.58285105687,1.0973393442903463,335.91962662751854,0.0,0.0,84.02700501970116,3873.9028351166307
8.814921874999898,1136.2992924421455,83.77054532827407,83.77061003449747,12.810157987626445,-0.550302667640166,-2.3828701654112073e-05,6.66596746530854e-06,5.39119011478962,0.5189999999999962,0.8821403046041179,1.1699357025159818,2.8779539791186393,0.24938185117364442,0.0,16.213830444984563,0.5362560668634935,0.0,280.76405459912604,88424.73401512891,1.0971605069849695,335.9130170870704,0.0,0.0,83.77061003449766,3849.6702154909917
8.834921874999898,1137.972142593981,83.51453360887315,83.51459863984904,12.79102679188814,-0.5523860703727399,-2.836266108551255e-05,7.101259331338421e-06,5.39119011478962,0.5189999999999962,0.8821403046041179,1.1699281299882804,2.877878253841626,0.2486245922834728,0.0,16.110717276259333,0.5362046951446033,0.0,280.7531810731391,88406.93968458658,1.0969822019675035,335.9064277303223,0.0,0.0,83.51459863984921,3825.554402143851
8.854921874999897,1139.6398763312916,83.25890355702288,83.2589689170071,12.771991234782144,-0.5544715198829154,-3.3025164824278964e-05,7.809587554338776e-06,5.39119011478962,0.5189999999999962,0.8821403046041179,1.1699204290303544,2.8778012442623657,0.2478684250778937,0.0,16.00811984104281,0.536153553902155,0.0,280.74234080384656,88389.19977802905,1.0968044285475005,335.899858527131,0.0,0.0,83.25896891700727,3801.554807838979
8.874921874999897,1141.3025012683352,83.00365326508701,83.00371895755418,12.753050802037194,-0.5565590481828061,-3.7796943088461975e-05,8.436123663078833e-06,5.39119011478962,0.5189999999999962,0.8821403046041179,1.1699128097519933,2.8777250514787545,0.2471133440975156,0.0,15.906035382437656,0.5361026420867334,0.0,280.7315337417558,88371.51421446246,1.0966271860379802,335.89330944750407,0.0,0.0,83.00371895755436,3777.6708496178535
8.894921874999897,1142.9600249813138,82.74878083511497,82.74884686325446,12.734205018949421,-0.5586486784061601,-4.265626047012141e-05,9.138482592383987e-06,5.39119011478962,0.5189999999999962,0.8821403046041179,1.1699051785870465,2.877648739829286,0.2463593439120631,0.0,15.804461165805193,0.5360519586564121,0.0,280.7207598376214,88353.88291329771,1.0964504737554115,335.8867804615986,0.0,0.0,82.74884686325461,3753.9019487572614
8.914921874999896,1144.612455008569,82.49428437901203,82.49435074597531,12.715453381553825,-0.5607404310214469,-4.7575563144857736e-05,1.0017393583931835e-05,5.39119011478962,0.5189999999999962,0.8821403046041179,1.169897475679935,2.877571710758171,0.24560641912015282,0.0,15.703394477300147,0.5360015025766929,0.0,280.7100190424443,88336.30579434847,1.096274291019695,335.8802715397212,0.0,0.0,82.49435074597551,3730.247530733772
8.934921874999896,1146.2597988507853,82.2401620192404,82.24022872762224,12.69679533419641,-0.5628343215009991,-5.252737695137415e-05,1.0398448393567535e-05,5.39119011478962,0.5189999999999962,0.8821403046041179,1.1698901005837776,2.8774979597965977,0.24485456434910788,0.0,15.60283262119466,0.5359512728204463,0.0,280.6993113074699,88318.78277782896,1.096098637154145,335.8737826523268,0.0,0.0,82.24022872762242,3706.7070251896675
8.954921874999895,1147.9020639712012,81.98641188856814,81.98647894006685,12.678230396204565,-0.5649303525603047,-5.749250785158635e-05,1.0300141369618085e-05,5.39119011478962,0.5189999999999962,0.8821403046041179,1.1698830421757578,2.8774273757163993,0.2441037742547542,0.0,15.502772924322272,0.535901268367852,0.0,280.6886365841872,88301.31378435172,1.0959235114854695,335.8673137700174,0.0,0.0,81.98647894006703,3683.2798658985816
8.974921874999895,1149.5392577958085,81.73303212969782,81.73309952505961,12.659758052883923,-0.5670285135086998,-6.245349501960912e-05,9.475416294680843e-06,5.39119011478962,0.5189999999999962,0.8821403046041179,1.1698764467422311,2.8773614213811327,0.24335404352116854,0.0,15.403212733229674,0.5358514882063369,0.0,280.67799482432724,88283.89873492547,1.0957489133437521,335.8608648635423,0.0,0.0,81.73309952505979,3659.965490730011
8.994921874999894,1151.1713877135523,81.4800208951841,81.48008863414627,12.641377849670185,-0.5691287776049797,-6.739183047423435e-05,8.280246917811874e-06,5.39119011478962,0.5189999999999962,0.8821403046041179,1.1698701031733325,2.8772979856921466,0.2426053668604394,0.0,15.304149416755441,0.5358019313305137,0.0,280.6673859798619,88266.53755095301,1.0955748420624336,335.85443590379634,0.0,0.0,81.48008863414644,3636.7633416144936
9.014921874999894,1152.7984610765195,81.22737634649192,81.22744442857855,12.623089325600729,-0.5712311079294745,-7.229212968008528e-05,6.9314910029993394e-06,5.39119011478962,0.5189999999999962,0.8821403046041179,1.169863882818516,2.877235782143981,0.24185773901240976,0.0,15.205580363046604,0.5357525967421202,0.0,280.6568100030026,88249.23015422923,1.095401296978296,335.84802686181956,0.0,0.0,81.22744442857874,3613.6728645085773
9.034921874999894,1154.420485200123,80.97509665481269,80.9751650792615,12.604892006023324,-0.5733354640064728,-7.714309233552954e-05,5.666126131404623e-06,5.39119011478962,0.5189999999999962,0.8821403046041179,1.1698576450302778,2.8771734042615993,0.24111115474452885,0.0,15.107502979720548,0.5357034834499641,0.0,280.6462668461992,88231.97646693909,1.0952282774314444,335.8416377087967,0.0,0.0,80.97516507926169,3590.693509363336
9.054921874999893,1156.0374673632919,80.72318000064766,80.72324876667648,12.586785428731442,-0.5754418042372326,-8.193371361614394e-05,4.813213464505586e-06,5.39119011478962,0.5189999999999962,0.8821403046041179,1.1698511946414316,2.8771089003731376,0.24036560885163225,0.0,15.00991469374527,0.5356545904698663,0.0,280.6357564621386,88214.77641165564,1.095055782765291,335.835268416056,0.0,0.0,80.72324876667665,3567.824730090999
9.074921874999893,1157.6494148086615,80.47162457403844,80.47169368081354,12.568769107256433,-0.5775500861512706,-8.665171018419817e-05,4.427400555428531e-06,5.39119011478962,0.5189999999999962,0.8821403046041179,1.169844499109043,2.8770419450492524,0.2396210961557489,0.0,14.912812950879426,0.5356059168246035,0.0,280.6252788037437,88197.62991133802,1.0948838123265372,335.8289189550687,0.0,0.0,80.47169368081371,3545.0659845326722
9.094921874999892,1159.2563347427629,80.22042857460235,80.22049802110722,12.550842570039023,-0.5796602663699715,-9.128351769128258e-05,4.5304431461927986e-06,5.39119011478962,0.5189999999999962,0.8821403046041179,1.1698375453839058,2.8769724077978798,0.2388776115059182,0.0,14.816195216253156,0.535557461543854,0.0,280.614833824172,88180.53688932939,1.0947123654651563,335.82258929744825,0.0,0.0,80.22049802110737,3522.4167344266198
9.114921874999892,1160.8582343362127,79.96959021113823,79.96965999635938,12.533005376807138,-0.5817722996157682,-9.582505445848766e-05,5.1010529420312885e-06,5.39119011478962,0.5189999999999962,0.8821403046041179,1.1698303459394765,2.876900413353587,0.23813514977796962,0.0,14.720058974228332,0.535509223664141,0.0,280.6044214768146,88163.49726935494,1.094541441534377,335.8162794149497,0.0,0.0,79.96965999635954,3499.8764453757003
9.134921874999892,1162.4551207238924,79.71910770134258,79.71917782466927,12.515257064718883,-0.5838861442828704,-0.00010027496384694483,5.9580798147288714e-06,5.39119011478962,0.5189999999999962,0.8821403046041179,1.1698230079948935,2.876827033907756,0.23739370587432213,0.0,14.624401727982208,0.5354612022287769,0.0,280.5940417152947,88146.51097551998,1.0943710398906656,335.8099892794686,0.0,0.0,79.71917782466943,3477.44458681567
9.154921874999891,1164.047001005131,79.46897927248402,79.4690497333702,12.497597151397716,-0.5860017637681982,-0.00010463288385536293,6.953399789556942e-06,5.39119011478962,0.5189999999999962,0.8821403046041179,1.1698156192040863,2.8767531459996842,0.2366532747238044,0.0,14.529220999446808,0.53541339628781,0.0,280.5836944934666,88129.57793230802,1.0942011598937118,335.8037188630408,0.0,0.0,79.46904973337037,3455.120631984368
9.17492187499989,1165.6338822439004,79.21920316127121,79.21927395894843,12.480025187310423,-0.5881191187362781,-0.00010890322455105044,8.078339898867612e-06,5.39119011478962,0.5189999999999962,0.8821403046041179,1.1698081845559978,2.8766787995187992,0.2359138512814216,0.0,14.434514329335938,0.5353658048979683,0.0,280.57337976541464,88112.69806457861,1.0940318009064076,335.7974681378413,0.0,0.0,79.21927395894859,3432.9040578895706
9.19492187499989,1167.2157714689906,78.96977761288217,78.96984874699169,12.462540753783937,-0.5902381718744951,-0.00011309423752664303,8.807367848501993e-06,5.39119011478962,0.5189999999999962,0.8821403046041179,1.1698010154275669,2.87660710823449,0.23517543052821038,0.0,14.340279275425129,0.535318427122609,0.0,280.5630974854515,88095.87129756561,1.093862962294835,335.7912370761836,0.0,0.0,78.96984874699184,3410.7943452797203
9.21492187499989,1168.792675674184,78.72070088146769,78.7207723521152,12.445143379337807,-0.5923588932369543,-0.00011722107502451094,9.487909967477653e-06,5.39119011478962,0.5189999999999962,0.8821403046041179,1.1697939057644335,2.876536011603157,0.2344380074710267,0.0,14.246513415747579,0.5352712620316649,0.0,280.55284760811776,88079.09755687519,1.0936946434282475,335.7850256505194,0.0,0.0,78.72077235211536,3388.790978612923
9.23492187499989,1170.3646018184404,78.47197123048193,78.47204303788261,12.427832614699675,-0.594481256582964,-0.00012130438223031474,1.0193668618386682e-05,5.39119011478962,0.5189999999999962,0.8821403046041179,1.1697868117040873,2.876465070999694,0.2337015771423186,0.0,14.153214345931799,0.535224308701588,0.0,280.5426300881801,88062.37676848398,1.0935268436790544,335.77883383343715,0.0,0.0,78.47204303788278,3366.8934460257783
9.254921874999889,1171.9315568260745,78.2235869320538,78.22365907674961,12.410608040180094,-0.5966052397404701,-0.00012536677689235524,1.0650713763685629e-05,5.39119011478962,0.5189999999999962,0.8821403046041179,1.1697798955043446,2.8763959090022673,0.232966134599966,0.0,14.060379678540235,0.5351775662153014,0.0,280.5324448806305,88045.70885873714,1.0933595624228045,335.77266159766214,0.0,0.0,78.2236590767498,3345.1012393044234
9.274921874999889,1173.493547586929,77.97554626674957,77.97561875000636,12.393469222773138,-0.5987308271565819,-0.00012943338946074505,1.0788358377226475e-05,5.39119011478962,0.5189999999999962,0.8821403046041179,1.169773198929889,2.876328943257711,0.23223167492711788,0.0,13.968007044478997,0.5351310336621486,0.0,280.52229194068497,88029.09375434645,1.0931927990381705,335.7665089160551,0.0,0.0,77.97561875000653,3323.4138538556995
9.294921874999888,1175.0505809565466,77.72784752403618,77.72792034769832,12.376415723573508,-0.6008580137071474,-0.00013353075591683767,1.0685192438701938e-05,5.39119011478962,0.5189999999999962,0.8821403046041179,1.1697666752548044,2.8762637065068652,0.23149819323196386,0.0,13.876094092827838,0.5350847101378395,0.0,280.51217122378245,88012.53138238862,1.0930265529069332,335.7603757616122,0.0,0.0,77.72792034769849,3301.830788676732
9.314921874999888,1176.602663756347,77.48048900222346,77.48056216855754,12.359447091848548,-0.6029868014924301,-0.00013768747533649906,1.0625854950403806e-05,5.39119011478962,0.5189999999999962,0.8821403046041179,1.1697601556372532,2.8761985103313537,0.23076568464753772,0.0,13.784638490824062,0.5350385947443999,0.0,280.50208268558373,87996.02167030328,1.0928608234139652,335.7542621074638,0.0,0.0,77.48056216855771,3280.3515463256354
9.334921874999887,1178.1498027738032,77.2334690082177,77.2335425199453,12.342562908463671,-0.6051171984696535,-0.00014193282917451648,1.0388257719203205e-05,5.39119011478962,0.5189999999999962,0.8821403046041179,1.1697537715898672,2.876134669857493,0.23003414433155434,0.0,13.693637921523822,0.5349926865901227,0.0,280.49202628197025,87979.56454589117,1.0926956099472156,335.748167926874,0.0,0.0,77.23354251994547,3258.975632893438
9.354921874999887,1179.6920047626124,76.98678585756926,76.98685971778708,12.325762738829932,-0.6072492182482702,-0.00014629144636698187,1.0099503157654036e-05,5.39119011478962,0.5189999999999962,0.8821403046041179,1.1697474476285206,2.876071430244027,0.2293035674662236,0.0,13.603090086246503,0.5349469847895176,0.0,280.482001969043,87963.15993731235,1.0925309118976938,335.74209319324007,0.0,0.0,76.98685971778725,3237.7025579755864
9.374921874999886,1181.2292764428676,76.74043787417695,76.74051208650982,12.309046161402422,-0.6093828797297358,-0.0001507832329518989,9.664744275454734e-06,5.39119011478962,0.5189999999999962,0.8821403046041179,1.169741239861425,2.8760093525730723,0.22857394925807153,0.0,13.512992702730587,0.5349014884632639,0.0,280.47200970312133,87946.80777308423,1.0923667286594532,335.73603788009154,0.0,0.0,76.74051208651002,3216.5318346438753
9.394921874999886,1182.761624501224,76.49442339057607,76.49449795897377,12.292412752329541,-0.6115182091333092,-0.00015542291808751785,9.232973996098627e-06,5.39119011478962,0.5189999999999962,0.8821403046041179,1.1697350598371086,2.875947552329907,0.22784528493774442,0.0,13.423343506301167,0.5348561967381584,0.0,280.462049440742,87930.50798208002,1.092203059629578,335.73000196108967,0.0,0.0,76.49449795897397,3195.4629794181556
9.414921874999886,1184.2890555910744,76.24874074782784,76.24881567640963,12.275862077419218,-0.6136552349921837,-0.0001602189677375303,8.719496948737748e-06,5.39119011478962,0.5189999999999962,0.8821403046041179,1.1697289576271224,2.875886530230045,0.22711756975982975,0.0,13.3341402484143,0.5348111087470697,0.0,280.452121138658,87914.26049352666,1.0920399042081652,335.7239854100268,0.0,0.0,76.24881567640982,3174.4955122387296
9.434921874999885,1185.8115763327162,76.00338829536976,76.00346358836528,12.259393729739186,-0.6157939870249585,-0.00016517242810381363,8.179963901320209e-06,5.39119011478962,0.5189999999999962,0.8821403046041179,1.169722900126486,2.875825955223681,0.22639079900270478,0.0,13.245380697521522,0.5347662236288904,0.0,280.4422247538373,87898.06523700316,1.0918772617983115,335.7179882008254,0.0,0.0,76.00346358836548,3153.6289564397634
9.454921874999885,1187.3291933135172,75.75836439071675,75.75844005263029,12.2430073042742,-0.6179344967369942,-0.0001702759784457748,7.951902437018389e-06,5.39119011478962,0.5189999999999962,0.8821403046041179,1.1697166870946587,2.8757638249054085,0.22566496796831878,0.0,13.157062639118253,0.5347215405284889,0.0,280.43236024346214,87881.92214243884,1.0917151318060951,335.7120103075381,0.0,0.0,75.75844005263049,3132.862838721064
9.474921874999884,1188.8419130880766,75.51366739953382,75.5137434351754,12.22670238559452,-0.6200767996317522,-0.0001755162803324732,8.421924861612494e-06,5.39119011478962,0.5189999999999962,0.8821403046041179,1.1697100892590298,2.875697846549119,0.22494007198202087,0.0,13.069183875108092,0.5346770585966613,0.0,280.42252756492746,87865.83114011152,1.0915535136405645,335.706051704346,0.0,0.0,75.51374343517561,3112.19668912136
9.494921874999884,1190.3497421783914,75.26929569605359,75.26937211009907,12.210478557581906,-0.6222209325265442,-0.00018087890759878016,9.405914646772892e-06,5.39119011478962,0.5189999999999962,0.8821403046041179,1.1697032155994243,2.875629109953064,0.2242161063924071,0.0,12.981742222595477,0.5346327769900874,0.0,280.4127266758404,87849.79216064587,1.0913924067137208,335.70011236555933,0.0,0.0,75.26937211009927,3091.6300409923597
9.514921874999883,1191.8526870740243,75.02524766246066,75.02532445956848,12.194335406040345,-0.6243669294130175,-0.00018634588914941832,1.0591958787290263e-05,5.39119011478962,0.5189999999999962,0.8821403046041179,1.1696962509080875,2.8755594630396963,0.22349306657115317,0.0,12.894735514485406,0.534588694871285,0.0,280.4029575340188,87833.80513501153,1.0912318104405039,335.6941922656154,0.0,0.0,75.02532445956868,3071.162430972579
9.534921874999883,1193.3507542322648,74.78152168923573,74.78159887376346,12.178272518648436,-0.6265148214850015,-0.00019189354623568537,1.1763199765385136e-05,5.39119011478962,0.5189999999999962,0.8821403046041179,1.16968932359863,2.8754901899451224,0.22277094791285365,0.0,12.808161599634584,0.5345448114085647,0.0,280.39322009749026,87817.86999452145,1.091071724238777,335.6882913790791,0.0,0.0,74.78159887376367,3050.7933989616067
9.554921874999883,1194.8439500782924,74.53811617495904,74.53819375081594,12.162289511800438,-0.6286646345322364,-0.00019749200036839353,1.3083151641276272e-05,5.39119011478962,0.5189999999999962,0.8821403046041179,1.1696823366316218,2.8754203202750395,0.22204974583484907,0.0,12.72201834374513,0.5345011257759852,0.0,280.3835143244911,87801.98667083014,1.0909121475293115,335.6824096806416,0.0,0.0,74.53819375081615,3030.522488094218
9.574921874999882,1196.332281005335,74.29502952586701,74.29510749673987,12.146385974527938,-0.6308163890314045,-0.0002031088946603845,1.4277964210914634e-05,5.39119011478962,0.5189999999999962,0.8821403046041179,1.1696754522211934,2.8753514761707555,0.22132945577702443,0.0,12.63630362677553,0.5344576371533061,0.0,280.3738401734653,87786.15509593199,1.0907530797357743,335.67654714511997,-0.0003476556025297029,-6.620670769412877e-05,74.29510749674009,3010.3492447139474
9.594921874999882,1197.8157533748304,74.0522601567068,74.05233852540417,12.130561490658142,-0.63297009755026,-0.00020871331370666722,1.4917550908396394e-05,5.39119011478962,0.5189999999999962,0.8821403046041179,1.169668925201067,2.8752862059694917,0.22061007320173529,0.0,12.5510153433391,0.5344143447259502,0.0,280.3641976030636,87770.37520215951,1.0905945202847098,335.6707037474565,-0.0003219821383310066,-1.6797661482560738e-05,74.05233852540438,2990.2732183503326
9.614921874999881,1199.2943735165877,73.8098064899099,73.8098852584529,12.114815680293306,-0.6351257606974083,-0.00021427990774533132,1.5019527834716586e-05,5.39119011478962,0.5189999999999962,0.8821403046041179,1.1696627450154313,2.8752244041131347,0.21989159359357716,0.0,12.466151405084258,0.5343712476849551,0.0,280.3545865721422,87754.64692218171,1.0904364686055286,335.6648794627182,-0.00028497230011315214,-3.989629889717783e-06,73.8098852584531,2970.293961692096
9.63492187499988,1200.7681477289443,73.56766695567784,73.56774612524627,12.099148160837483,-0.6372833670350021,-0.00021978543189117927,1.4671735070563517e-05,5.39119011478962,0.5189999999999962,0.8821403046041179,1.1696568594734282,2.875165548693104,0.21917401245921697,0.0,12.381709739440362,0.5343283452269305,0.0,280.34500703976187,87738.97018900231,1.090278924130491,335.6590742660957,-0.0002584785722581025,2.2655543206382713e-05,73.56774612524649,2950.4110305622285
9.65492187499988,1202.237082278916,73.32583999167663,73.32591956279528,12.083558556772022,-0.6394428946139538,-0.00022520710137359311,1.3887314634030231e-05,5.39119011478962,0.5189999999999962,0.8821403046041179,1.1696512606774925,2.8751095607337462,0.21845732532720433,0.0,12.29768828887069,0.5342856365540121,0.0,280.335458965187,87723.34493595823,1.0901218862946946,335.6532881329033,-0.00022474784753017996,4.545329618710153e-05,73.3259195627955,2930.6239838927554
9.67492187499988,1203.701183402348,73.08432404332841,73.08440401571627,12.06804647630721,-0.6416043126928075,-0.00023052432165054687,1.2627589000221376e-05,5.39119011478962,0.5189999999999962,0.8821403046041179,1.1696459714561305,2.875056668520126,0.2177415277478437,0.0,12.214085010843903,0.5342431208738234,0.0,280.3259423078847,87707.77109671796,1.0899653545360588,335.64752103857813,0.0,0.0,73.08440401571652,2910.932383701334
9.69492187499988,1205.160457304071,72.84311756357681,72.84319793616132,12.052611577739402,-0.6437675788629821,-0.0002357201313339339,1.1434299018757415e-05,5.39119011478962,0.5189999999999962,0.8821403046041179,1.1696406705209077,2.8750036591678985,0.21702661529299352,0.0,12.130897879546493,0.5342007973994298,0.0,280.31645702752354,87692.24860527988,1.089809328295313,335.64177295867927,0.0,0.0,72.84319793616156,2891.335795066089
9.71492187499988,1206.6149101580438,72.60221901222181,72.60229978375689,12.037253500186136,-0.6459326440877808,-0.00024077896006463237,1.0380977124752191e-05,5.39119011478962,0.5189999999999962,0.8821403046041179,1.1696353141633002,2.874950095591824,0.21631258355589011,0.0,12.04812488209344,0.5341586653492963,0.0,280.3070030839727,87676.77739597077,1.089653807015982,335.63604386888744,0.0,0.0,72.60229978375712,2871.8337861013374
9.734921874999879,1208.0645481074935,72.36162685641017,72.36170802557677,12.021971889671754,-0.6480994585651961,-0.0002456914627634895,9.528986749445075e-06,5.39119011478962,0.5189999999999962,0.8821403046041179,1.1696298659024607,2.874895612983428,0.2155994281510737,0.0,11.965764020176028,0.5341167239472512,0.0,280.2975804373013,87661.35740344429,1.0894987901443736,335.6303337450046,0.0,0.0,72.361708025577,2852.42592793621
9.754921874999878,1209.5093772650614,72.12133957047277,72.12142113607595,12.006766374244188,-0.6502679737431811,-0.00025045511098605397,8.899112694447653e-06,5.39119011478962,0.5189999999999962,0.8821403046041179,1.1696243132749065,2.874840086707886,0.21488714471419793,0.0,11.88381330991956,0.5340749724224434,0.0,280.28818904777705,87645.98856267947,1.0893442771295663,335.6246425629529,0.0,0.0,72.12142113607621,2833.111794690358
9.774921874999878,1210.9494037129532,71.88135563640878,71.88143759704921,11.99163658474233,-0.6524381402237943,-0.0002550749490194698,8.494001724764629e-06,5.39119011478962,0.5189999999999962,0.8821403046041179,1.169618654600527,2.874783499964091,0.2141757289019126,0.0,11.802270781869678,0.534033410009304,0.0,280.27882887586577,87630.67080897908,1.0891902674233942,335.6189702987747,0.0,0.0,71.88143759704943,2813.8909634517854
9.794921874999877,1212.3846335030823,71.64167354301138,71.64175589756697,11.976582179024629,-0.6546099095645878,-0.00025956496722982504,8.450771571202719e-06,5.39119011478962,0.5189999999999962,0.8821403046041179,1.1696128084723068,2.874725038681889,0.21346517639168036,0.0,11.721134481192967,0.5339920359475044,0.0,280.2694998822299,87615.40407796808,1.0890367604804347,335.6133169286313,0.0,0.0,71.64175589756721,2794.7630142531193
9.814921874999877,1213.8150726572105,71.40229178623818,71.40237453392729,11.961602808253149,-0.6567832371680783,-0.0002639442997255046,8.845756528023289e-06,5.39119011478962,0.5189999999999962,0.8821403046041179,1.1696067295220247,2.8746642491790686,0.21275548288163812,0.0,11.640402467188627,0.5339508494819176,0.0,280.2602020277281,87600.18830559222,1.0888837557579967,335.60768242880323,0.0,0.0,71.40237453392749,2775.7275300492747
9.834921874999877,1215.2407271670877,71.16320886909517,71.16329200960676,11.94669811617392,-0.6589580851498279,-0.000268236906008738,9.450402894046158e-06,5.39119011478962,0.5189999999999962,0.8821403046041179,1.16960055314069,2.8746024853657204,0.21204664409045912,0.0,11.560072812693958,0.5339098498625794,0.0,280.2509352734139,87585.02342811644,1.0887312527161062,335.60206677568885,0.0,0.0,71.16329200960699,2756.784096695282
9.854921874999876,1216.661602994597,70.92442330174093,70.924506835208,11.931867745146096,-0.6611344206757898,-0.00027246677827257715,1.0208774550019349e-05,5.39119011478962,0.5189999999999962,0.8821403046041179,1.1695943123771742,2.874540077730563,0.21133865575720118,0.0,11.480143604872726,0.5338690363446498,0.0,280.2416995805351,87569.9093821234,1.0885792508174936,335.5964699458043,0.0,0.0,70.92450683520825,2737.9323029239554
9.874921874999876,1218.0777060718933,70.68593360132701,70.68601752841246,11.91711134047492,-0.663312218308852,-0.00027665729017155966,1.0893217669051903e-05,5.39119011478962,0.5189999999999962,0.8821403046041179,1.1695881420733136,2.8744783746919578,0.21063151364117322,0.0,11.400612944290048,0.5338284081883744,0.0,280.2324949105327,87554.84610451196,1.0884277495275825,335.5908919157828,0.0,0.0,70.68601752841269,2719.1717403242114
9.894921874999875,1219.4890423015474,70.44773829223836,70.4478226139235,11.902428536006857,-0.665491457992337,-0.0002808302796137957,1.1656385125810417e-05,5.39119011478962,0.5189999999999962,0.8821403046041179,1.169581951647524,2.8744164704340625,0.20992521352177188,0.0,11.321478946142113,0.5337879646590463,0.0,280.2233212250399,87539.83353249572,1.0882767483144749,335.5853326623742,0.0,0.0,70.44782261392375,2700.502003318792
9.914921874999875,1220.8956175566896,70.20983590599398,70.2099206234119,11.887818991473292,-0.6676721224026495,-0.0002850071958775634,1.2361445059200169e-05,5.39119011478962,0.5189999999999962,0.8821403046041179,1.1695758220845558,2.8743551748043794,0.20921975119832484,0.0,11.242739738525481,0.5337477050269671,0.0,280.2141784858815,87524.87160360136,1.088126246648938,335.57979216244416,0.0,0.0,70.20992062341213,2681.922689142333
9.934921874999874,1222.2974376811483,69.97222498087899,69.97231009547346,11.873282369185667,-0.6698541970120824,-0.000289208682803064,1.2835869247826169e-05,5.39119011478962,0.5189999999999962,0.8821403046041179,1.1695698555783935,2.874295509742757,0.20851512248997117,0.0,11.164393462881396,0.5337076285674107,0.0,280.2050666550725,87509.96025566733,1.087976244004393,335.574270392974,0.0,0.0,69.97231009547367,2663.43339782058
9.954921874999874,1223.694508489584,69.73490406184268,69.73498957558265,11.858818335921416,-0.6720376727320502,-0.0002934514886820313,1.2908190553274202e-05,5.39119011478962,0.5189999999999962,0.8821403046041179,1.1695641536925705,2.8742384908845264,0.20781132323552912,0.0,11.086438274037073,0.533667734560587,0.0,280.1959856948177,87495.0994268423,1.0878267398569021,335.5687673310595,0.0,0.0,69.73498957558287,2645.0337321494376
9.974921874999874,1225.0868357676252,69.49787170059693,69.49795761603689,11.844426545600879,-0.6742225466900282,-0.0002977507600390128,1.2733022621950013e-05,5.39119011478962,0.5189999999999962,0.8821403046041179,1.1695586246503846,2.8741832004626677,0.20710834929333577,0.0,11.008872341139613,0.5336280222916046,0.0,280.18693556751043,87480.28905558377,1.0876777336851557,335.5632829539113,0.0,0.0,69.49795761603713,2626.723297673471
9.994921874999873,1226.4744252720016,69.26112645581344,69.26121277589937,11.830106665719107,-0.6764088238258339,-0.0003021219642221335,1.2331491936201402e-05,5.39119011478962,0.5189999999999962,0.8821403046041179,1.1695532558260846,2.8741295122196675,0.20640619654108294,0.0,10.931693846192092,0.5335884910504317,0.0,280.17791623573197,87465.52908065663,1.0875292249704616,335.55781723885354,0.0,0.0,69.2612127758996,2608.5017026644978
10.014921874999873,1227.8572827306846,69.02466689270419,69.02475362095778,11.815858358018284,-0.678596512692122,-0.00030658177840556646,1.1719183038267093e-05,5.39119011478962,0.5189999999999962,0.8821403046041179,1.1695480378833432,2.874077332792253,0.2057048608757004,0.0,10.854900984304988,0.533549140131863,0.0,280.16892766225055,87450.8194411317,1.0873812131967304,335.55237016332387,0.0,0.0,69.02475362095805,2590.368558101549
10.034921874999872,1229.2354138430162,68.78849158329733,68.78857872367338,11.8016812867648,-0.680785629478447,-0.0003111452661072324,1.0957907060215718e-05,5.39119011478962,0.5189999999999962,0.8821403046041179,1.1695429340518495,2.8740262944773165,0.20500433821320913,0.0,10.778491963710048,0.5335099688354827,0.0,280.15996981002036,87436.1600763843,1.087233697850466,335.5469417048723,0.0,0.0,68.78857872367361,2572.3234776502327
10.054921874999872,1230.6088242798462,68.55259910625317,68.55268666313138,11.787575119515909,-0.6829761943419141,-0.0003158246716986387,1.0141857731751813e-05,5.39119011478962,0.5189999999999962,0.8821403046041179,1.1695378884032575,2.873975837991396,0.20430462448858058,0.0,10.702465005568932,0.5334709764656285,0.0,280.151042642181,87421.55092609284,1.08708667842075,335.5415318411617,0.0,0.0,68.55268666313165,2554.3660776424263
10.074921874999871,1231.9775196836638,68.31698804685878,68.3170760249912,11.773539521247333,-0.6851682322179082,-0.00032062865036555464,9.512404587846949e-06,5.39119011478962,0.5189999999999962,0.8821403046041179,1.1695327577217456,2.8739245311762773,0.20360571565559285,0.0,10.626818344059963,0.5334321623313567,0.0,280.14214612205615,87406.99193023743,1.0869401543992334,335.53614054996603,0.0,0.0,68.31707602499142,2536.495977056042
10.094921874999871,1233.3415056687306,68.08165699709453,68.08174540143987,11.759574160316369,-0.6873617711544854,-0.0003255640797570867,9.204769434803442e-06,5.39119011478962,0.5189999999999962,0.8821403046041179,1.1695274617223022,2.873871571181843,0.202907607686699,0.0,10.55155022570187,0.5333935257464079,0.0,280.1332802131532,87392.4830290984,1.0867941252801214,335.53076780917087,0.0,0.0,68.08174540144013,2518.7127974952814
10.11492187499987,1234.7007878212146,67.84660455568125,67.84669339114684,11.745678698763054,-0.6895568400821007,-0.00033063345259904824,9.134861509570716e-06,5.39119011478962,0.5189999999999962,0.8821403046041179,1.1695220501536052,2.8738174554948737,0.20221029657289666,0.0,10.476658909172713,0.5333550660291722,0.0,280.12444487916207,87378.02416325494,1.0866485905601637,335.5254135967722,0.0,0.0,67.84669339114711,2501.0161631710625
10.13492187499987,1236.055371699324,67.61182932771047,67.61191859922046,11.731852819777036,-0.6917534655903564,-0.0003358352243157944,9.356659697598566e-06,5.39119011478962,0.5189999999999962,0.8821403046041179,1.169516490914077,2.873761863099591,0.20151377832360493,0.0,10.402142665965425,0.5333167825026562,0.0,280.11564008395436,87363.61527358365,1.0865035497386388,335.52007789087634,0.0,0.0,67.61191859922072,2483.4057008817877
10.15492187499987,1237.4052628334323,67.37732992473593,67.37741963715663,11.718096203848281,-0.6939516745185959,-0.0003411637779950961,9.931185163424646e-06,5.39119011478962,0.5189999999999962,0.8821403046041179,1.1695107477147304,2.8737044311061255,0.20081804896651706,0.0,10.327999780027541,0.533278674494448,0.0,280.10686579158266,87349.25630125722,1.086359002317347,335.51476066969906,0.0,0.0,67.37741963715688,2465.8810399936765
10.17492187499987,1238.7504667262085,67.14310496473077,67.14319512279589,11.7044085305289,-0.6961514915232871,-0.00034661080816513005,1.0713717285379693e-05,5.39119011478962,0.5189999999999962,0.8821403046041179,1.1695049062766774,2.873646016725595,0.2001231045474775,0.0,10.25422854722271,0.5332407413366844,0.0,280.0981219662796,87334.94718774299,1.0862149478005942,335.5094619115655,0.0,0.0,67.14319512279614,2448.4418124218546
10.194921874999869,1240.0909888527426,66.90915307181862,66.90924368019188,11.690789485694262,-0.6983529397108714,-0.00035216555776144336,1.1586627831082487e-05,5.39119011478962,0.5189999999999962,0.8821403046041179,1.1694990362236235,2.8735873161950565,0.19942894113009596,0.0,10.180827329356891,0.5332029851814013,0.0,280.08940857245716,87320.68787480173,1.0860713856951845,335.504181594909,0.0,0.0,66.90924368019213,2431.087652605178
10.214921874999868,1241.4268346606734,66.67547287673548,66.67556393959592,11.67723873716495,-0.70055603780978,-0.0003578156880709859,1.228068150216554e-05,5.39119011478962,0.5189999999999962,0.8821403046041179,1.1694932971160528,2.873529925119349,0.19873555479570645,0.0,10.107794403017891,0.5331654031574045,0.0,280.0807255747056,87306.47830448617,1.085928315510405,335.4989196982716,0.0,0.0,66.67556393959617,2413.8181974897366
10.234921874999868,1242.758009570317,66.44206301649749,66.44215453761343,11.663755990439325,-0.7027607988530583,-0.00036354722544449026,1.2919238006824316e-05,5.39119011478962,0.5189999999999962,0.8821403046041179,1.1694876157123444,2.8734731110822653,0.1980429416438394,0.0,10.035128089169023,0.5331279940033771,0.0,280.07207293779294,87292.31841913967,1.0857857367580157,335.4936762003025,0.0,0.0,66.44215453761366,2396.6330865248624
10.254921874999868,1244.08451897479,66.20892213410193,66.20901411701783,11.650340927800931,-0.7049672313440811,-0.0003693447144835606,1.3328870041438902e-05,5.39119011478962,0.5189999999999962,0.8821403046041179,1.1694820947399698,2.8734179013585193,0.1973510977916724,0.0,9.962826731603549,0.533090757069343,0.0,280.06345062666384,87278.20816139494,1.0856436489522396,335.4884510797583,0.0,0.0,66.20901411701809,2379.531961634361
10.274921874999867,1245.4063682401322,65.97604887879554,65.97614132670516,11.636993250295571,-0.7071753397556316,-0.00037519050982902434,1.3617851551420436e-05,5.39119011478962,0.5189999999999962,0.8821403046041179,1.1694766699060162,2.873363653018983,0.19666001937389968,0.0,9.890888686676819,0.5330536917097121,0.0,280.0548586064391,87264.1474741727,1.0855020516097484,335.48324431550213,0.0,0.0,65.97614132670537,2362.514467198153
10.294921874999867,1246.7235627054272,65.74344190589703,65.74353482164685,11.623712646390254,-0.7093851249428087,-0.0003810658694668437,1.3636964380671169e-05,5.39119011478962,0.5189999999999962,0.8821403046041179,1.1694714296125415,2.873311250084236,0.19596970254259796,0.0,9.819312321789962,0.5330167972832481,0.0,280.0462968424147,87250.1363006804,1.0853609442496548,335.4780558865033,0.0,0.0,65.7435348216471,2345.5802500340023
10.314921874999866,1248.0361076829295,65.51109987696547,65.51119326285105,11.610498808189039,-0.7115965810026725,-0.00038695172744813153,1.3301237565009662e-05,5.39119011478962,0.5189999999999962,0.8821403046041179,1.1694664241239512,2.8732611951983333,0.1952801434671147,0.0,9.748096016189466,0.532980073153039,0.0,280.0377653000609,87236.17458441088,1.0852203263934974,335.4728857718369,0.0,0.0,65.5111932628513,2328.7289593799082
10.334921874999866,1249.3440084581819,65.27902145932973,65.2791153173081,11.597351455805185,-0.7138096968720028,-0.0003928282680814435,1.2878138362683774e-05,5.39119011478962,0.5189999999999962,0.8821403046041179,1.169461494782002,2.8732119017788404,0.1945913383339124,0.0,9.677238161640883,0.5329435186864624,0.0,280.0292639450218,87222.26226914111,1.0850801975652333,335.4677339506832,0.0,0.0,65.27911531730831,2311.9602468756034
10.354921874999865,1250.647270290133,65.04720532630282,65.04729965795435,11.584270281938208,-0.7160244572643342,-0.00039867624011496707,1.2272144394953002e-05,5.39119011478962,0.5189999999999962,0.8821403046041179,1.1694566981165868,2.8731639351246896,0.19390328334646545,0.0,9.606737160391623,0.5329071332551574,0.0,280.0207927431141,87208.39929893095,1.084940557291226,335.46260040232715,0.0,0.0,65.04729965795455,2295.27376654545
10.374921874999865,1251.9458984112591,64.81565015722906,64.81574496363,11.571254987252091,-0.718240841488339,-0.0004044752772039744,1.1479504873136068e-05,5.39119011478962,0.5189999999999962,0.8821403046041179,1.1694520362768077,2.8731173167268986,0.19321597472513924,0.0,9.536591426324057,0.5328709162349935,0.0,280.0123516603268,87194.58561812187,1.0848014051002344,335.45748510615806,0.0,0.0,64.81574496363021,2278.6691747810532
10.394921874999865,1253.2398980276812,64.58435463726373,64.58444991903328,11.558305292927624,-0.7204588229180752,-0.00041020624173664343,1.0676055462780262e-05,5.39119011478962,0.5189999999999962,0.8821403046041179,1.169447404891052,2.8730710028693407,0.1925294087070591,0.0,9.4667993849852,0.5328348670060397,0.0,280.00394066282007,87180.82117133564,1.0846627405234006,335.452388041669,0.0,0.0,64.58444991903347,2262.1461303237656
10.414921874999864,1254.529274319279,64.35331745717073,64.35341321467776,11.54542091251505,-0.7226783711126814,-0.0004158515413086729,1.00356084813282e-05,5.39119011478962,0.5189999999999962,0.8821403046041179,1.1694427008093478,2.873023962052299,0.19184358154598824,0.0,9.397359472992552,0.5327989849525345,0.0,279.9955597169247,87167.1059034732,1.0845245630942426,335.44730918845636,0.0,0.0,64.35341321467796,2245.7042942475596
10.434921874999864,1255.814032439807,64.12253731354048,64.12263354685523,11.532601558043975,-0.72489945212549,-0.0004213964606542547,9.69819498785787e-06,5.39119011478962,0.5189999999999962,0.8821403046041179,1.1694378409070758,2.8729753630295796,0.1911584895122217,0.0,9.328270137921288,0.5327632694628577,0.0,279.9872087891412,87153.43975971338,1.0843868723486423,335.4422485262196,0.0,0.0,64.12263354685541,2229.3433299424087
10.454921874999863,1257.094177517007,63.89201290855677,63.89210961759215,11.519846961881374,-0.7271220297470298,-0.0004268284971711154,9.801170102843862e-06,5.39119011478962,0.5189999999999962,0.8821403046041179,1.1694327436369747,2.8729243903285684,0.19047412889246212,0.0,9.259529838359267,0.5327277199294994,0.0,279.97888784613946,87139.82268551171,1.0842496678248332,335.4372060347605,0.0,0.0,63.89210961759235,2213.0629030973614
10.474921874999863,1258.3697146527188,63.661742949863545,63.66184013461709,11.507156840474002,-0.7293460672788394,-0.0004321383024389559,1.0229894062262058e-05,5.39119011478962,0.5189999999999962,0.8821403046041179,1.1694274768844788,2.8728717228036094,0.18979049598972705,0.0,9.19113704343679,0.5326923357490329,0.0,279.97059685475733,87126.25462659921,1.084112949063394,335.43218169398295,0.0,0.0,63.66184013461727,2196.8626816845044
10.494921874999863,1259.6406489229923,63.431726150772896,63.431823811315454,11.494530914631984,-0.7315715289906036,-0.0004373206240132343,1.0868923726892542e-05,5.39119011478962,0.5189999999999962,0.8821403046041179,1.16942210902147,2.872818044173522,0.18910758712321957,0.0,9.123090233180703,0.532657116322085,0.0,279.96233578200054,87112.73552898128,1.0839767156072366,335.42717548389237,0.0,0.0,63.43182381131564,2180.7423359421864
10.514921874999862,1260.9069853781994,63.20196123023989,63.202059366698,11.481968906783537,-0.7337983805256667,-0.00044237363300051656,1.1561649551200623e-05,5.39119011478962,0.5189999999999962,0.8821403046041179,1.1694167328177867,2.8727642821366883,0.1884253986282389,0.0,9.055387898288865,0.5326220610533091,0.0,279.95410459504166,87099.26533893644,1.0838409670015954,335.42218738459525,0.0,0.0,63.2020593666982,2164.701538359301
10.534921874999862,1262.1687290431455,62.9724469125368,62.97254552535552,11.469470548340812,-0.7360265888545842,-0.00044730000496554797,1.2290197359140446e-05,5.39119011478962,0.5189999999999962,0.8821403046041179,1.1694113587922044,2.872710541880865,0.18774392685605001,0.0,8.988028540397911,0.5325871693513552,0.0,279.94590326121954,87085.84400301517,1.083705702794018,335.41721737629905,0.0,0.0,62.97254552535572,2148.7399636587575
10.554921874999861,1263.4258849171772,62.74318192763103,62.743281017419605,11.457035557243671,-0.7382561247168706,-0.00045210549589457297,1.292575028721783e-05,5.39119011478962,0.5189999999999962,0.8821403046041179,1.1694060632423826,2.8726575863826476,0.18706316817377228,0.0,8.921010671483021,0.5325524406288427,0.0,279.93773174803835,87072.47146803873,1.0835709225343553,335.4122654393112,0.0,0.0,62.743281017419825,2132.857288781504
10.57492187499986,1264.6784579742953,62.514165010905884,62.51426457852826,11.44466365986003,-0.7404869605527654,-0.00045679969902541695,1.3415456748333231e-05,5.39119011478962,0.5189999999999962,0.8821403046041179,1.169400877422679,2.872605728185611,0.18638311896428075,0.0,8.85433281418648,0.5325178743023328,0.0,279.92959002316707,87059.14768109802,1.0834366257747512,335.4073315540393,0.0,0.0,62.51426457852846,2117.0531928709893
10.59492187499986,1265.9264531632634,62.2853949033374,62.28549494977797,11.432354578593591,-0.742719071525455,-0.00046139766292445817,1.3991674603240926e-05,5.39119011478962,0.5189999999999962,0.8821403046041179,1.169395663462608,2.8725535885849007,0.18570377562606905,0.0,8.787993502304149,0.5324834697923002,0.0,279.92147805443875,87045.8725895524,1.0833028120696326,335.4024157009899,0.0,0.0,62.28549494977816,2101.3273572568532
10.61492187499986,1267.16987540772,62.05687035128092,62.05697087768369,11.420108045330958,-0.744952433491295,-0.0004659165556106534,1.475668696516073e-05,5.39119011478962,0.5189999999999962,0.8821403046041179,1.1693903606151366,2.872500560110187,0.1850251345731339,0.0,8.721991279743207,0.5324492265231046,0.0,279.9133958098498,87032.64614102844,1.0831694809756987,335.39751786076897,0.0,0.0,62.05697087768386,2085.6794654392593
10.63492187499986,1268.408729606283,61.82859010638989,61.82869111414759,11.407923805698493,-0.7471870248232985,-0.0004703735815119582,1.540007434434764e-05,5.39119011478962,0.5189999999999962,0.8821403046041179,1.1693851528912456,2.872448482871277,0.1843471922348874,0.0,8.656324699625195,0.5324151439229657,0.0,279.90534325755914,87019.46828341889,1.0830366320519123,335.39263801408083,0.0,0.0,61.828691114147766,2070.109203073967
10.654921874999859,1269.6430206326545,61.60055292540952,61.60065441643031,11.395801601569548,-0.7494228281617721,-0.0004747852961217639,1.574427385586386e-05,5.39119011478962,0.5189999999999962,0.8821403046041179,1.1693801454898771,2.8723984088575927,0.18366994505607545,0.0,8.590992325551548,0.5323812214239376,0.0,279.8973203658877,87006.33896488155,1.0829042648594904,335.38777614172795,0.0,0.0,61.60065441643051,2054.616257957662
10.674921874999859,1270.8727533357255,61.37275757056706,61.37285954709939,11.383741147940631,-0.7516598310413597,-0.00047916898758988604,1.6083751793942585e-05,5.39119011478962,0.5189999999999962,0.8821403046041179,1.1693751637143976,2.872348591102798,0.18299338949662863,0.0,8.525992732574014,0.5323474584618797,0.0,279.8893271033178,86993.2581338381,1.0827723789618935,335.3829322246106,0.0,0.0,61.37285954709957,2039.200320011882
10.694921874999858,1272.0979325396866,61.14520280946144,61.14530527399271,11.371742188501946,-0.7538980233236143,-0.0004835413371062436,1.6288809572165793e-05,5.39119011478962,0.5189999999999962,0.8821403046041179,1.1693702843932503,2.8722997978913245,0.18231752203155843,0.0,8.461324504658572,0.5323138544764303,0.0,279.88136343849203,86980.225738973,1.0826409739248168,335.37810624372617,0.0,0.0,61.14530527399289,2023.8610812680927
10.714921874999858,1273.3185630441303,60.9178874147548,60.91799037018986,11.359804476912743,-0.756137398644219,-0.0004879172104992651,1.608204672147586e-05,5.39119011478962,0.5189999999999962,0.8821403046041179,1.1693656719464112,2.872253673422933,0.18164233915087571,0.0,8.396986235351887,0.5322804089109834,0.0,279.87342934021314,86967.24172923232,1.0825100493161801,335.3732981801692,0.0,0.0,60.91799037019006,2008.5982358533797
10.734921874999857,1274.5346496241534,60.690810164229525,60.69091361397279,11.347927742495514,-0.7583779554602447,-0.0004923101075151051,1.564137917558027e-05,5.39119011478962,0.5189999999999962,0.8821403046041179,1.169361220796293,2.8722091619217505,0.18096783735947816,0.0,8.3329765294365,0.5322471212126605,0.0,279.865524777443,86954.30605382273,1.0823796047061185,335.3685080151305,0.0,0.0,60.69091361397298,1993.4114799755491
10.754921874999857,1275.746197030462,60.4639698409638,60.46407378878154,11.336111729081324,-0.7606196960879972,-0.0004967321331588472,1.491320391650691e-05,5.39119011478962,0.5189999999999962,0.8821403046041179,1.1693569626482403,2.8721665804412244,0.18029401317702312,0.0,8.269294000925624,0.5322139908322848,0.0,279.85764971930195,86941.41866221033,1.0822496396669734,335.363735729897,0.0,0.0,60.46407378878175,1978.3005119080426
10.774921874999857,1276.9532099894755,60.23736523316211,60.237469683182525,11.324356180042122,-0.7628626265288683,-0.0005011932791182329,1.3887490512178892e-05,5.39119011478962,0.5189999999999962,0.8821403046041179,1.1693529033658123,2.8721259876169447,0.17962086313783684,0.0,8.205937273768653,0.5321810172243567,0.0,279.8498041350684,86928.57950411957,1.082120153773282,335.35898130585144,0.0,0.0,60.237469683182724,1963.2650319757686
10.794921874999856,1278.1556932034268,60.0109951341273,60.011100090830105,11.312660837372581,-0.7651067564232257,-0.000505700082964291,1.2679066986795275e-05,5.39119011478962,0.5189999999999962,0.8821403046041179,1.1693489747953225,2.8720867019120466,0.17894838379080505,0.0,8.142904981921301,0.532148199847028,0.0,279.8419879941777,86915.78852953218,1.0819911466017702,335.3542447244717,0.0,0.0,60.01110009083032,1948.3047425406346
10.814921874999856,1279.3536513504675,59.7848583423214,59.784963810426646,11.301025445761098,-0.7673520979551639,-0.0005102587532156292,1.1411176535976851e-05,5.39119011478962,0.5189999999999962,0.8821403046041179,1.169345103760304,2.8720479915618613,0.17827657169925765,0.0,8.080195768900932,0.5321155381620764,0.0,279.83420126622195,86903.045688686,1.0818626177313402,335.3495259673305,0.0,0.0,59.784963810426866,1933.4193479870708
10.834921874999855,1280.5470890847694,59.55895366127685,59.55905964569046,11.28944975360379,-0.769598664998787,-0.0005148749713313202,1.0020939501313032e-05,5.39119011478962,0.5189999999999962,0.8821403046041179,1.1693413274666713,2.8720102286255345,0.1776054234408779,0.0,8.01780828736435,0.5320830316348808,0.0,279.826443920949,86890.35093207403,1.081734566743063,335.3448250160951,0.0,0.0,59.55905964569068,1918.6085547082
10.854921874999855,1281.7360110366244,59.33327989953899,59.333386405321846,11.277933513843195,-0.771846472685359,-0.0005195523526557011,8.491544083061577e-06,5.39119011478962,0.5189999999999962,0.8821403046041179,1.1693376558213608,2.87197351217243,0.1769349356076053,0.0,7.955741199580976,0.5320506797343983,0.0,279.8187159282619,86877.7042104432,1.0816069932201693,335.3401418525267,0.0,0.0,59.33338640532203,1903.8720710919833
10.874921874999854,1282.920421812545,59.10783587052727,59.1079429029676,11.266476478118463,-0.7740955373379478,-0.000524291721339299,7.019775562522631e-06,5.39119011478962,0.5189999999999962,0.8821403046041179,1.1693339720386966,2.8719366743457875,0.17626510480553423,0.0,7.893993177497277,0.532018481933139,0.0,279.81101725821844,86865.10547479344,1.0814798967480392,335.33547645848034,0.0,0.0,59.10794290296779,1889.2096075073805
10.894921874999854,1284.1003259953613,58.88262039260586,58.88272795718329,11.255078405683069,-0.7763458771949624,-0.0005290925530549072,5.695870190382154e-06,5.39119011478962,0.5189999999999962,0.8821403046041179,1.1693302225337308,2.871899179296129,0.17559592765480553,0.0,7.8325629021159955,0.5319864377071416,0.0,279.8033478810301,86852.55467637657,1.0813532769141954,335.3308288159043,0.0,0.0,58.882727957183505,1874.6208762904664
10.914921874999854,1285.2757281443191,58.657632289001256,58.65774039140179,11.243739050008266,-0.7785975118157116,-0.0005339526807719829,4.9658888205858705e-06,5.39119011478962,0.5189999999999962,0.8821403046041179,1.1693261426524557,2.8718583804833786,0.174927400789517,0.0,7.7714490639195075,0.5319545465359498,0.0,279.7957077670619,86840.0517666953,1.0812271333082917,335.3261989068395,0.0,0.0,58.65774039140201,1860.1055917310657
10.934921874999853,1286.4466327951777,58.43287038786176,58.432979033896906,11.232458158992788,-0.7808504620016868,-0.0005388684017099513,5.2195558049836544e-06,5.39119011478962,0.5189999999999962,0.8821403046041179,1.1693215012064104,2.8718119660229258,0.17425952085761914,0.0,7.710650362456019,0.531922807902589,0.0,279.78809688683134,86827.59669750211,1.081101465522106,335.32158671341983,0.0,0.0,58.432979033897126,1845.6634700591853
10.954921874999853,1287.6130444603102,58.20833352236628,58.20844271775134,11.221235490162812,-0.7831047478922282,-0.0005438342766022854,6.268148260737641e-06,5.39119011478962,0.5189999999999962,0.8821403046041179,1.169316409997119,2.871761053930011,0.173592284520824,0.0,7.650165506241409,0.5318912212935426,0.0,279.780515211008,86815.18942079831,1.08097627314953,335.31699221787085,0.0,0.0,58.208442717751566,1831.294229431816
10.974921874999852,1288.774967628801,57.98402053049101,57.984130280822605,11.210070794462093,-0.7853603879380332,-0.0005488428560646474,7.649827163294435e-06,5.39119011478962,0.5189999999999962,0.8821403046041179,1.169311142905782,2.8717083830166423,0.17292568845450737,0.0,7.589993212765495,0.5318597861987295,0.0,279.7729627104128,86802.82988883293,1.0808515557865617,335.31241540251017,0.0,0.0,57.98413028082283,1816.9975899197138
10.994921874999852,1289.9324067665443,57.759930255226024,57.760040565712096,11.198963830611977,-0.7876173974032878,-0.0005538862712741497,8.960604854832802e-06,5.39119011478962,0.5189999999999962,0.8821403046041179,1.1693059394261622,2.871656348220444,0.17225972934762085,0.0,7.5301322083551545,0.531828502111481,0.0,279.76543935601745,86790.51805410162,1.0807273130312942,335.3078562497466,0.0,0.0,57.7600405657123,1802.7732734944811
11.014921874999851,1291.08536631634,57.53606154405401,57.53617241972737,11.18791437709175,-0.7898757874025167,-0.0005589562156009031,1.026720283935599e-05,5.39119011478962,0.5189999999999962,0.8821403046041179,1.169300759906991,2.8716045530287304,0.1715944039025836,0.0,7.47058122871211,0.5317973685285169,0.0,279.7579451189438,86778.25386934575,1.080603544483909,335.3033147420799,0.0,0.0,57.53617241972758,1788.621004015332
11.034921874999851,1292.233850697983,57.31241324910749,57.312524694851156,11.176922192772562,-0.7921355675085482,-0.0005640428370016487,1.1404432165785908e-05,5.39119011478962,0.5189999999999962,0.8821403046041179,1.169295702262864,2.871553976587462,0.17092970883519368,0.0,7.411339018068376,0.5317663849499241,0.0,279.75047997046306,86766.03728755136,1.0804802497466668,335.29879086210065,0.0,0.0,57.31252469485136,1774.5405072163678
11.05492187499985,1293.3778643083597,57.088984227329554,57.089096247709975,11.165987045878897,-0.7943967439449082,-0.0005691349492028316,1.2361759401994397e-05,5.39119011478962,0.5189999999999962,0.8821403046041179,1.1692907726571329,2.8715046805301503,0.1702656408745387,0.0,7.352404329666624,0.5317355508791342,0.0,279.7430438819956,86753.86826194817,1.0803574284238988,335.29428459248936,0.0,0.0,57.08909624771017,1760.531510693942
11.07492187499985,1294.51741152154,56.86577334014389,56.86588593953691,11.155108710807092,-0.7966593201464065,-0.000574220708117486,1.3185119678558767e-05,5.39119011478962,0.5189999999999962,0.8821403046041179,1.1692859437724896,2.8714563916837177,0.16960219676288887,0.0,7.293775925627448,0.5317048658229004,0.0,279.73563682510996,86741.74674600863,1.0802350801219984,335.2897959160166,0.0,0.0,56.8658859395371,1746.5937438937572
11.09492187499985,1295.6524966888692,56.64277945363719,56.64289263614352,11.144286953449834,-0.7989232965591038,-0.0005792885966225364,1.3737100791927651e-05,5.39119011478962,0.5189999999999962,0.8821403046041179,1.1692812970334536,2.8714099242933577,0.16893937325561698,0.0,7.2354525764227775,0.5316743292912764,0.0,279.72825877152235,86729.6726934469,1.0801132044494133,335.28532481554254,0.0,0.0,56.64289263614372,1732.726938098626
11.11492187499985,1296.7831241390595,56.42000143848266,56.42011520788672,11.133521547455652,-0.8011886704166544,-0.0005843281826215665,1.400163726950431e-05,5.39119011478962,0.5189999999999962,0.8821403046041179,1.1692768419051875,2.871365373010697,0.16827716712110374,0.0,7.177433061395285,0.5316439407975941,0.0,279.7209096930961,86717.6460582179,1.079991801016637,335.28087127401625,0.0,0.0,56.4201152078869,1718.9308264160186
11.134921874999849,1297.9092981782824,56.19743816983081,56.1975525296338,11.122812265440968,-0.8034554352126384,-0.0005893306101113509,1.3912857592569663e-05,5.39119011478962,0.5189999999999962,0.8821403046041179,1.1692726173816996,2.8713231277758178,0.16761557514063757,0.0,7.119716168392075,0.5316136998584423,0.0,279.71358956184116,86705.66679451628,1.0798708694361983,335.2764352744757,0.0,0.0,56.197552529633995,1705.2051437656007
11.154921874999848,1299.0310230902576,55.97508852740663,55.97520348073449,11.11215888638757,-0.8057235810608036,-0.0005942879410491131,1.3504949601161383e-05,5.39119011478962,0.5189999999999962,0.8821403046041179,1.169268603125938,2.871282985218202,0.1669545941083347,0.0,7.062300694021515,0.531583605993645,0.0,279.7062983499133,86693.73485677555,1.0797504093226573,335.2720168000475,0.0,0.0,55.97520348073469,1691.549626867289
11.174921874999848,1300.1483031363425,55.752951395229715,55.75306694498163,11.101561196915867,-0.8079930945735758,-0.0005991941967750616,1.2929202698492053e-05,5.39119011478962,0.5189999999999962,0.8821403046041179,1.1692647093265562,2.871244047224384,0.1662942208310261,0.0,7.005185443592212,0.5315536587262396,0.0,279.69903602961375,86681.85019966711,1.0796304202925935,335.2676158339459,0.0,0.0,55.753066944981825,1677.9640142287187
11.194921874999848,1301.2611425556188,55.53102566167571,55.53114181058439,11.091018977251526,-0.8102639602523154,-0.0006040437162238542,1.2134276414663501e-05,5.39119011478962,0.5189999999999962,0.8821403046041179,1.1692609663825035,2.871206617783857,0.16563445212818148,0.0,6.948369230412122,0.5315238575824565,0.0,279.69180257338843,86670.01277809925,1.0795109019645996,335.26323235947336,0.0,0.0,55.53114181058457,1664.4480461335695
11.214921874999847,1302.369545564979,55.30931021947306,55.30942697013789,11.080532012142417,-0.8125361608642616,-0.0006088330675097383,1.1201134578058646e-05,5.39119011478962,0.5189999999999962,0.8821403046041179,1.1692573261971417,2.871170215930239,0.16497528483182233,0.0,6.891850876369469,0.5314942020916982,0.0,279.6845979538276,86658.22254721633,1.0793918539592735,335.2588663600195,0.0,0.0,55.30942697013808,1651.0014646297616
11.234921874999847,1303.473516359214,55.08780396577448,55.08792132059258,11.070100079510368,-0.814809677516156,-0.0006135605577673633,1.0025857384461654e-05,5.39119011478962,0.5189999999999962,0.8821403046041179,1.1692538503456222,2.871135457415044,0.1643167157864344,0.0,6.835629211326387,0.5314646917865187,0.0,279.67742214366507,86646.4794623978,1.0792732758992105,335.25451781906105,0.0,0.0,55.087921320592756,1637.6240135177256
11.254921874999846,1304.573059111101,54.86650580195836,54.86662376322118,11.059722966415611,-0.8170844892858147,-0.0006182260561634573,8.778769696755062e-06,5.39119011478962,0.5189999999999962,0.8821403046041179,1.1692504377354056,2.8711013313128775,0.163658741848873,0.0,6.779703073776741,0.5314353262026028,0.0,279.6702751157778,86634.78347925725,1.079155167408994,335.25018672016137,0.0,0.0,54.86662376322136,1624.3154383386293
11.274921874999846,1305.668177971488,54.64541463381848,54.64553320359026,11.049400457966083,-0.8193605736694517,-0.0006228303426051326,7.590470730317326e-06,5.39119011478962,0.5189999999999962,0.8821403046041179,1.1692470108482498,2.8710670624413193,0.16300135988828185,0.0,6.724071310211488,0.5314061048787462,0.0,279.66315684318533,86623.1345536416,1.0790375281151907,335.24587304697036,0.0,0.0,54.64553320359046,1611.0754863629656
11.294921874999845,1306.758877069382,54.42452937138138,54.42464855152827,11.03913233878019,-0.8216379058078909,-0.0006273747573879296,6.624768694286827e-06,5.39119011478962,0.5189999999999962,0.8821403046041179,1.1692434724485674,2.8710316784444956,0.1623445667860014,0.0,6.668732775162145,0.5313770273568347,0.0,279.65606729904897,86611.53264163002,1.0789203576463384,335.24157678322365,0.0,0.0,54.42464855152847,1597.9039065790175
11.314921874999845,1307.8451605120322,54.20384892886137,54.203968721096146,11.028918412670338,-0.8239164590320801,-0.0006318619742225133,6.3056918295030905e-06,5.39119011478962,0.5189999999999962,0.8821403046041179,1.1692395709499597,2.870992663458418,0.16168835943548487,0.0,6.6136863313451135,0.5313480931818247,0.0,279.64900645667177,86599.97769953316,1.0788036556329421,335.2372979127431,0.0,0.0,54.20396872109633,1584.8004496815784
11.334921874999845,1308.927032385012,53.98337222443525,53.98349263055823,11.018758470433106,-0.8261962062893492,-0.0006362948563012071,6.900910994374238e-06,5.39119011478962,0.5189999999999962,0.8821403046041179,1.16923514754011,2.870948429359921,0.1610327347422155,0.0,6.55893084935546,0.531319301901724,0.0,279.6419742894974,86588.46968389224,1.0786874217074647,335.2330364194354,0.0,0.0,53.98349263055841,1571.7648680607674
11.354921874999844,1310.0044967523008,53.76309818059148,53.763219202354755,11.008652297913903,-0.8284771206541438,-0.0006406763228193491,8.243022835361049e-06,5.39119011478962,0.5189999999999962,0.8821403046041179,1.169230301435149,2.870899968310312,0.16037768962362756,0.0,6.504465207588792,0.5312906530675714,0.0,279.63497077111003,86577.00855147814,1.0785716555043197,335.22879228729266,0.0,0.0,53.76321920235493,1558.7969157910243
11.374921874999844,1311.07755765637,53.54302572392513,53.543147363073636,10.998599695079601,-0.8307591746232902,-0.0006450097181832649,9.963752551494227e-06,5.39119011478962,0.5189999999999962,0.8821403046041179,1.1692252509940637,2.8708494638994586,0.15972322100902614,0.0,6.450288292190083,0.5312621462334182,0.0,279.6279958752336,86565.59425929058,1.0784563566598642,335.2245655003916,0.0,0.0,53.5431473630738,1545.8963486201521
11.394921874999843,1312.1462191182627,53.32315378509893,53.32327604342054,10.988600461336057,-0.8330423408342545,-0.0006493005138190084,1.1881104272552093e-05,5.39119011478962,0.5189999999999962,0.8821403046041179,1.1692201041071655,2.8707979950304763,0.1590693258395016,0.0,6.396398997197311,0.5312337809563086,0.0,279.62104957573126,86554.22676455717,1.0783415248123909,335.2203560428932,0.0,0.0,53.32327604342071,1533.062923958346
11.414921874999843,1313.2104851376753,53.10348129872378,53.10360417819262,10.978654401728832,-0.8353265929122791,-0.0006535548645549705,1.3775895854117349e-05,5.39119011478962,0.5189999999999962,0.8821403046041179,1.1692149907022031,2.870746860980853,0.15841600106785433,0.0,6.342796224200967,0.5312055567962615,0.0,279.61413184660506,86542.90602473261,1.0782271596021207,335.21616389904267,0.0,0.0,53.103604178192775,1520.29640086751
11.434921874999842,1314.2703596930355,52.88400720335039,52.88413070625214,10.968761310070631,-0.8376119066372875,-0.0006577795138300974,1.5610052781817292e-05,5.39119011478962,0.5189999999999962,0.8821403046041179,1.1692099333168586,2.8706962871274078,0.15776324365852012,0.0,6.28947888267046,0.531177473316251,0.0,279.60724266199526,86531.63199749784,1.0781132606711954,335.21198905316913,0.0,0.0,52.8841307062523,1507.5965400506661
11.454921874999842,1315.3258467415842,52.66473044174969,52.66485457049231,10.958920983121832,-0.8398982597014104,-0.000661981876983857,1.7392483167286757e-05,5.39119011478962,0.5189999999999962,0.8821403046041179,1.1692049265945228,2.8706462199040494,0.15711105058747135,0.0,6.236445889811175,0.5311495300821876,0.0,279.6003819961797,86520.40464075914,1.0779998276636713,335.2078314896849,0.0,0.0,52.66485457049246,1494.9631038409814
11.474921874999842,1316.3769502194568,52.445649960555365,52.44577471781496,10.949133227714858,-0.8421856312048821,-0.000666170504017664,1.8996140324131945e-05,5.39119011478962,0.5189999999999962,0.8821403046041179,1.1692000458264722,2.8705974122235434,0.1564594188421543,0.0,6.183696170123207,0.5311217266629003,0.0,279.5935498235735,86509.22391264734,1.0778868602255114,335.20369119308555,0.0,0.0,52.44577471781512,1482.3958561915747
11.494921874999841,1317.4236740417607,52.22676471034055,52.22689009910095,10.939397846025855,-0.8444740028326257,-0.0006703545601623121,2.040323233860629e-05,5.39119011478962,0.5189999999999962,0.8821403046041179,1.1691953014968162,2.870549968926983,0.15580834542140382,0.0,6.131228655863306,0.5310940626301178,0.0,279.5867461187285,86498.0897715169,1.0777743580045767,335.1995681479495,0.00044344334077299713,-5.297287289622186e-05,52.226890099101105,1469.8945626649702
11.51492187499984,1318.4660221026538,52.00807364558223,52.00819966918325,10.92971464838461,-0.8467633588016449,-0.0006745425463555358,2.1448289580324382e-05,5.39119011478962,0.5189999999999962,0.8821403046041179,1.169190791695094,2.8705048709097625,0.15515782733536707,0.0,6.079042286408525,0.5310665375584506,0.0,279.57997085633275,86487.00217594515,1.0776623206506217,335.19546233893766,0.0004666239262090525,-7.511972537335921e-05,52.008199669183426,1457.458990422805
11.53492187499984,1319.503998275422,51.789575724604795,51.78970238682082,10.920083434805578,-0.8490536869384713,-0.0006787428309654548,2.2205610216942028e-05,5.39119011478962,0.5189999999999962,0.8821403046041179,1.1691864722834486,2.8704616767933078,0.1545078616054285,0.0,6.027136009217266,0.5310391510253729,0.0,279.57322401120973,86475.96108473143,1.0775507478152857,335.1913737507931,0.00047709188868932695,-9.36417288546968e-05,51.789702386821006,1445.0889082156414
11.55492187499984,1320.5376064125578,51.57126990978622,51.57139721466265,10.91050400620304,-0.8513449777849357,-0.0006829633426293426,2.2764751267250864e-05,5.39119011478962,0.5189999999999962,0.8821403046041179,1.1691822900886972,2.8704198548457938,0.15385844526410627,0.0,5.975508779257709,0.5310119026112038,0.0,279.56650555831834,86464.96645689626,1.0774396391520855,335.1873023683409,0.0004899225037938918,-0.00010577746036865814,51.57139721466282,1432.784086372324
11.57492187499984,1321.5668503458403,51.3531551673389,51.35328311922602,10.90097617273615,-0.8536372240130795,-0.0006872110729428527,2.3044692759370026e-05,5.39119011478962,0.5189999999999962,0.8821403046041179,1.1691782931018684,2.8703798849775053,0.15320957535499083,0.0,5.924159558415319,0.53098479189909,0.0,279.559815472752,86454.01825168049,1.077328994316409,335.1832481764877,0.0005080714728107718,-0.0001172913870657117,51.35328311922619,1420.544296790215
11.594921874999839,1322.5917338864108,51.135230467282106,51.13535907086923,10.891499747693045,-0.8559304208299257,-0.0006914918333526027,2.2953244898656284e-05,5.39119011478962,0.5189999999999962,0.8821403046041179,1.1691745359444718,2.87034231340354,0.15256124893266662,0.0,5.873087315874128,0.5309578184749886,0.0,279.5531537297383,86443.11642854451,1.0772188129655076,335.1792111602214,0.0005255047085745163,-0.00013621373059666264,51.13535907086937,1408.3693129251824
11.614921874999839,1323.6122608248484,50.91749478336237,50.9176240437653,10.882074539060653,-0.8582245662941358,-0.0006958106250650122,2.252908724318256e-05,5.39119011478962,0.5189999999999962,0.8821403046041179,1.1691709956220768,2.8703069101795897,0.15191346306263742,0.0,5.822291028482688,0.5309309819276494,0.0,279.5465203046385,86432.26094716742,1.0771090947584903,335.17519130461096,0.000542758086453085,-0.0001479558186579378,50.91762404376545,1396.2589097817433
11.634921874999838,1324.6284349312455,50.69994709321504,50.700077015869866,10.872700355175164,-0.8605196613639228,-0.0007001714938270849,2.1833587976579635e-05,5.39119011478962,0.5189999999999962,0.8821403046041179,1.1691676356740037,2.8702733106988587,0.15126621482123334,0.0,5.771769680387317,0.530904281848597,0.0,279.5399151729469,86421.45176744624,1.0769998393563152,335.1711885948058,0.0005570905539900201,-0.00016870026813819907,50.70007701587001,1384.2128639029384
11.654921874999838,1325.6402599552855,50.48258637822482,50.48271696889572,10.863377011844596,-0.8628157091744362,-0.0007045779926677156,2.082474462806766e-05,5.39119011478962,0.5189999999999962,0.8821403046041179,1.1691644809592092,2.8702417635509136,0.1506195012955385,0.0,5.721522262645753,0.5308777178321136,0.0,279.5333383102906,86410.6888494951,1.0768910464217838,335.1672030160361,0.0005740554695466601,-0.00019494427548503852,50.48271696889587,1372.2309533606797
11.674921874999837,1326.6477396263158,50.265411623453026,50.26554288828853,10.8541043254107,-0.8651127154581449,-0.0007090336019014447,1.947660433664069e-05,5.39119011478962,0.5189999999999962,0.8821403046041179,1.169161546813944,2.8702124220982617,0.14997331958332183,0.0,5.67154777371533,0.5308512894937036,0.0,279.5267896924289,86399.97215364441,1.0767827156195338,335.1632345536119,0.0,0.0,50.26554288828869,1360.312957746218
11.694921874999837,1327.6508776534224,50.04842181765785,50.04855376318952,10.844882107988349,-0.8674106886484787,-0.0007135415195881559,1.7840175260496422e-05,5.39119011478962,0.5189999999999962,0.8821403046041179,1.16915880293391,2.870184983297921,0.14932766679292878,0.0,5.621845223469271,0.5308249968433828,0.0,279.5202692952527,86389.30164044014,1.0766748466160319,335.1592831929231,0.0,0.0,50.04855376318967,1348.458658159989
11.714921874999837,1328.6496777255031,49.83161595332603,49.83174858641856,10.835710174157077,-0.8697096397262547,-0.0007181042058585583,1.598477225804647e-05,5.39119011478962,0.5189999999999962,0.8821403046041179,1.1691562081442621,2.870159035401443,0.1486825400432344,0.0,5.572413619854214,0.5307988390544901,0.0,279.5137770947842,86378.677270643,1.0765674390795688,335.15534891943923,0.0,0.0,49.83174858641872,1336.6678372026472
11.734921874999836,1329.644143511344,49.61499302672385,49.61512635445256,10.82658833329193,-0.8720095811677451,-0.0007227232890343529,1.4048871356247917e-05,5.39119011478962,0.5189999999999962,0.8821403046041179,1.1691536802661155,2.870133756619977,0.1480379364635819,0.0,5.523251982476841,0.5307728157321726,0.0,279.50731306717626,86368.0990052276,1.0764604926802488,335.1514317187088,0.0,0.0,49.61512635445272,1324.9402789658975
11.754921874999836,1330.634278659693,49.39855203783351,49.39868606739494,10.817516400312245,-0.8743105262469086,-0.0007273991974025527,1.209703578704393e-05,5.39119011478962,0.5189999999999962,0.8821403046041179,1.1691511809235235,2.870108763194057,0.14739385319369472,0.0,5.4743593376444775,0.5307469264842513,0.0,279.50087718871197,86357.56680538175,1.076354007089988,335.1475315763595,0.0,0.0,49.3986860673951,1313.2757690229382
11.774921874999835,1331.6200867993352,49.18229199029645,49.18242672894759,10.808494198543444,-0.8766124880298761,-0.0007321312609565228,1.0189954008296638e-05,5.39119011478962,0.5189999999999962,0.8821403046041179,1.16914867407506,2.870083694709422,0.1467502873835962,0.0,5.425734718480777,0.5307211709212052,0.0,279.4944694358043,86347.08063250556,1.0762479819825024,335.1436484780974,0.0,0.0,49.18242672894774,1301.6740944190994
11.794921874999835,1332.6015715391627,48.96621189124417,48.966347346389945,10.799521552435733,-0.8789154798912409,-0.0007369178867050501,8.311696207243913e-06,5.39119011478962,0.5189999999999962,0.8821403046041179,1.1691461691193716,2.870058645152538,0.14610723619355015,0.0,5.377377164822525,0.5306955486561554,0.0,279.4880897849954,86336.64044821076,1.076142417033305,335.1397824097072,0.0,0.0,48.966347346390094,1290.1350436629432
11.814921874999834,1333.5787364682465,48.75031075139251,48.75044693055112,10.790598279124096,-0.8812195153475209,-0.0007417565434821934,6.738917323179526e-06,5.39119011478962,0.5189999999999962,0.8821403046041179,1.1691435018680347,2.8700319726391688,0.14546469679398077,0.0,5.329285723523041,0.530670059304849,0.0,279.4817382129564,86326.24621431992,1.0760373119196966,335.13593335705156,0.0,0.0,48.75044693055125,1278.6584067170575
11.834921874999834,1334.5515851559076,48.53458758503332,48.534724495784445,10.781724202049222,-0.8835246079388722,-0.0007466438007530211,5.797873122076289e-06,5.39119011478962,0.5189999999999962,0.8821403046041179,1.1691404787566277,2.870001741525099,0.14482266636540012,0.0,5.281459448039365,0.5306447024856427,0.0,279.47541469648655,86315.89789286572,1.0759326663207631,335.13210130607087,0.0,0.0,48.53472449578457,1267.243974989062
11.854921874999834,1335.5201211517888,48.31904141005118,48.31917905994365,10.772899140368676,-0.885830770498259,-0.0007515762706020047,5.7318745518907126e-06,5.39119011478962,0.5189999999999962,0.8821403046041179,1.1691369553544304,2.8699665075031255,0.14418114209833968,0.0,5.23389739844305,0.5306194778194878,0.0,279.46911921251336,86305.5954460901,1.0758284799173636,335.12828624278313,0.0,0.0,48.31917905994377,1255.8915413227526
11.874921874999833,1336.4843479859262,48.103671247908665,48.10380964435913,10.764122916080202,-0.8881380144014932,-0.0007565502615711856,6.270007759333762e-06,5.39119011478962,0.5189999999999962,0.8821403046041179,1.1691330923215568,2.8699278771743897,0.14354012119328308,0.0,5.186598641309326,0.5305943849299146,0.0,279.46285173809144,86295.33883644363,1.0757247523921296,335.12448815328344,0.0,0.0,48.103809644359266,1244.600899989341
11.894921874999833,1337.4442691688205,47.88847612355136,47.88861527381332,10.755395356864822,-0.8904463488913021,-0.000761560955552282,7.037734981085304e-06,5.39119011478962,0.5189999999999962,0.8821403046041179,1.1691291117675047,2.869888071633868,0.1428996008605951,0.0,5.139562249856335,0.5305694234430167,0.0,279.45661225040266,86285.12802658461,1.0756214834294537,335.120707023744,0.0,0.0,47.88861527381345,1233.3718466786916
11.914921874999832,1338.3998881915054,47.673455065349835,47.673594976515325,10.746716293150644,-0.8927557811139997,-0.0007666022358669008,7.882348071952883e-06,5.39119011478962,0.5189999999999962,0.8821403046041179,1.1691251042460866,2.8698479964196877,0.14225957832044958,0.0,5.0927873039915,0.530544592987436,0.0,279.4504007267552,86274.96297937847,1.0755186727154857,335.1169428404137,0.0,0.0,47.67359497651545,1222.2041784906141
11.934921874999832,1339.351208525616,47.45860710507284,47.45874778407598,10.738085555986693,-0.8950663161132904,-0.0007716667589049208,8.76069162183146e-06,5.39119011478962,0.5189999999999962,0.8821403046041179,1.1691210952926352,2.8698079068851734,0.14162005080275764,0.0,5.046272890208055,0.5305198931943471,0.0,279.4442171445835,86264.84365789697,1.075416319938127,335.1131955896176,0.0,0.0,47.4587477840761,1211.0976939262305
11.954921874999831,1340.298233623456,47.24393127784401,47.24407273148339,10.72950297723293,-0.8973779570286354,-0.0007767467699200799,9.585281249216577e-06,5.39119011478962,0.5189999999999962,0.8821403046041179,1.169117136737591,2.8697683213347314,0.14098101554709785,0.0,5.0000181014310545,0.5304953236974428,0.0,279.4380614814475,86254.77002541749,1.075314424787022,335.10946525775717,0.0,0.0,47.24407273148351,1200.0521928794406
11.974921874999831,1341.2409669180663,47.02942662214267,47.02956885707953,10.720968390529052,-0.8996907050803407,-0.0007818345639548025,1.0319040678075084e-05,5.39119011478962,0.5189999999999962,0.8821403046041179,1.1691132505400592,2.8697294593594136,0.14034246980264925,0.0,4.954022037060278,0.5304708841329179,0.0,279.4319337150325,86244.74204542229,1.0752129869535543,335.1057518313097,0.0,0.0,47.02956885707965,1189.06747662851
11.99492187499983,1342.1794118232892,46.81509217971995,46.815235202535796,10.712481633073237,-0.9020045598893488,-0.0007869229955874295,1.097160669595821e-05,5.39119011478962,0.5189999999999962,0.8821403046041179,1.169109430915916,2.8696912631179816,0.13970441082812138,0.0,4.908283802946331,0.5304465741394564,0.0,279.4258338231486,86234.7596815979,1.075112006130839,335.10205529682804,0.0,0.0,46.81523520253591,1178.1433478276695
12.01492187499983,1343.1135717338357,46.60092699564875,46.60107081283033,10.704042538815244,-0.9043195198078687,-0.0007920057658677149,1.147735763275068e-05,5.39119011478962,0.5189999999999962,0.8821403046041179,1.1691057167583911,2.869654121542733,0.13906683589168975,0.0,4.862802511224534,0.5304223933582153,0.0,279.41976178373005,86224.82289783432,1.0750114820137184,335.0983756409404,0.0,0.0,46.601070812830464,1167.279610498874
12.03492187499983,1344.0434500253507,46.386930118306985,46.38707473622439,10.695650941213808,-0.9066355816269244,-0.0007970769872058666,1.1757044511183176e-05,5.39119011478962,0.5189999999999962,0.8821403046041179,1.1691021550008767,2.869618503967588,0.13842974227092777,0.0,4.81757728033503,0.5303983414328104,0.0,279.4137175748352,86214.93165822436,1.0749114142987541,335.0947128503501,0.0,0.0,46.38707473622451,1156.4760700235663
12.05492187499983,1344.9690500544805,46.17310059936063,46.173246024238516,10.687306678802752,-0.9089527403608334,-0.0008021315020965641,1.1821740230347339e-05,5.39119011478962,0.5189999999999962,0.8821403046041179,1.1690987390437353,2.8695843443961744,0.1377931272527391,0.0,4.772607235114697,0.530374418009303,0.0,279.40770117464587,86205.08592706293,1.0748118026842226,335.0910669118354,0.0,0.0,46.17324602423865,1145.7325331345164
12.074921874999829,1345.890375158936,45.95943749366994,45.95958373162832,10.679009592382195,-0.9112709894219517,-0.0008071646129766034,1.1688277450571785e-05,5.39119011478962,0.5189999999999962,0.8821403046041179,1.1690954588441296,2.8695515424001172,0.13715698813328786,0.0,4.727891506666533,0.5303506227361837,0.0,279.40171256146687,86195.28566884635,1.0747126468701078,335.08743781224894,0.0,0.0,45.95958373162846,1135.048807907683
12.094921874999828,1346.807428657558,45.745939859341206,45.74608691636258,10.670759519518171,-0.9135903206593592,-0.0008121725111699168,1.131075680823215e-05,5.39119011478962,0.5189999999999962,0.8821403046041179,1.1690923415809895,2.8695203697687166,0.13652132221793611,0.0,4.683429232242105,0.53032695526436,0.0,279.3957517137259,86185.53084827168,1.0746139465580968,335.0838255385179,0.0,0.0,45.74608691636269,1124.4247037542732
12.114921874999828,1347.720213850381,45.53260675763679,45.53275463959833,10.662556303148678,-0.9159107242968977,-0.0008171520060683732,1.076115601217914e-05,5.39119011478962,0.5189999999999962,0.8821403046041179,1.1690893445134465,2.8694903990932863,0.13588612682117296,0.0,4.639219555402635,0.5303034152471411,0.0,279.3898186099725,86175.82143023598,1.074515701451573,335.08023007764336,0.0,0.0,45.53275463959846,1113.8600314127127
12.134921874999828,1348.6287340186968,45.319437252987825,45.31958596565887,10.654399789004964,-0.9182321891613928,-0.0008221002198732887,1.012476610433076e-05,5.39119011478962,0.5189999999999962,0.8821403046041179,1.1690864169862356,2.8694611238211776,0.13525139926655078,0.0,4.595261625842791,0.5302800023402242,0.0,279.38391322887844,86166.15737983574,1.07441791125561,335.0766514167003,0.0,0.0,45.31958596565899,1103.3546029408074
12.154921874999827,1349.5329924251162,45.10643041286681,45.10657996201046,10.646289821974829,-0.9205547029736869,-0.0008270145437483221,9.393501022653756e-06,5.39119011478962,0.5189999999999962,0.8821403046041179,1.1690835637557362,2.8694325915161834,0.13461713688661925,0.0,4.551554599245031,0.5302567162016815,0.0,279.3780355492367,86156.53866236613,1.0743205756769674,335.07308954283747,0.0,0.0,45.10657996201058,1092.908231707931
12.174921874999827,1350.4329923136304,44.893585307888664,44.89373569924197,10.638226245645146,-0.9228782529159999,-0.0008318932578458608,8.584685574887145e-06,5.39119011478962,0.5189999999999962,0.8821403046041179,1.1690807744894482,2.869404698853304,0.13398333702286713,0.0,4.508097637368557,0.5302335564919454,0.0,279.3721855499614,86146.96524332036,1.0742236944240835,335.06954444327664,0.0,0.0,44.89373569924209,1082.5207323873924
12.194921874999826,1351.328736909675,44.6809010118081,44.68105225104133,10.630208904231893,-0.9252028251230769,-0.0008367353576146304,7.742182198128734e-06,5.39119011478962,0.5189999999999962,0.8821403046041179,1.1690780231176554,2.8693771851353755,0.13334999702565484,0.0,4.464889908001487,0.5302105228737961,0.0,279.3663632100871,86137.43708838907,1.0741272672070705,335.06601610531277,0.0,0.0,44.68105225104147,1072.1919209487226
12.214921874999826,1352.2202294201904,44.46837660143188,44.46852869417264,10.622237644441718,-0.9275284048368054,-0.0008415405320711762,6.970463138176848e-06,5.39119011478962,0.5189999999999962,0.8821403046041179,1.1690752476363666,2.8693494303224876,0.13271711425414848,0.0,4.421930584932769,0.5301876150123477,0.0,279.3605685087687,86127.9541634596,1.07403129373771,335.0625045163139,0.0,0.0,44.46852869417277,1061.9216146500478
12.234921874999825,1353.107473033685,44.25601115664004,44.25616410845514,10.614312314557143,-0.929854976248131,-0.0008463088775692758,6.441715281548335e-06,5.39119011478962,0.5189999999999962,0.8821403046041179,1.1690723458082974,2.869320412041796,0.1320846860762606,0.0,4.379218847900111,0.5301648325750341,0.0,279.35480142528104,86118.51643461533,1.073935773729443,335.0590096637203,0.0,0.0,44.25616410845526,1051.7096320306196
12.254921874999825,1353.9904709202938,44.04380376031379,44.043957576739714,10.606432767474416,-0.9321825227202524,-0.0008510413492933109,6.429225106851253e-06,5.39119011478962,0.5189999999999962,0.8821403046041179,1.169069155475426,2.8692885087130815,0.13145270986858212,0.0,4.336753882577553,0.5301421752315976,0.0,279.34906193901804,86109.12386813515,1.0738407068973712,335.0555315350449,0.0,0.0,44.04395757673983,1041.5557929032805
12.274921874999825,1354.8692262318398,43.83175349828519,43.83190818488861,10.598598855180487,-0.9345110270250931,-0.0008557392053689805,7.007301748855087e-06,5.39119011478962,0.5189999999999962,0.8821403046041179,1.1690656325062947,2.8692532790217684,0.13082118301632478,0.0,4.294534880428984,0.5301196426540741,0.0,279.343350029493,86099.77643049268,1.073746092958245,335.05207011787274,0.0,0.0,43.83190818488871,1031.459918347142
12.294921874999824,1355.7437421018917,43.61985945933075,43.620015021753964,10.590810428329734,-0.9368404717617018,-0.0008604039697368668,8.170756585822446e-06,5.39119011478962,0.5189999999999962,0.8821403046041179,1.1690617799267229,2.8692147532260504,0.13019010291325975,0.0,4.252561038790626,0.530097234516781,0.0,279.3376656763377,86090.47408835574,1.0736519316304627,335.0486253998606,0.0,0.0,43.620015021754064,1021.4218307002717
12.314921874999824,1356.6140216458239,43.40812073521818,43.408277179156364,10.583067341024329,-0.9391708395651464,-0.0008650373575148457,9.668947731544467e-06,5.39119011478962,0.5189999999999962,0.8821403046041179,1.169057746389947,2.869174417858291,0.12955946696165618,0.0,4.210831560671847,0.5300749504963048,0.0,279.3320088593021,86081.21680858565,1.073558222634062,335.0451973687371,0.0,0.0,43.40827717915647,1011.4413535524278
12.334921874999823,1357.480067960875,43.19653642061828,43.196693751864956,10.575369448003503,-0.9415021130117384,-0.0008696414950589838,1.1316801626414006e-05,5.39119011478962,0.5189999999999962,0.8821403046041179,1.1690536416357153,2.869133370315975,0.1289292725722246,0.0,4.169345654828305,0.5300527902714877,0.0,279.3263795582543,86072.0045582367,1.073464965690717,335.0417860123021,0.0,0.0,43.19669375186505,1001.5183117379325
12.354921874999823,1358.3418841262062,42.98510561311626,42.98526383757527,10.567716602295324,-0.9438342749762633,-0.0008742193252761746,1.3149006194195677e-05,5.39119011478962,0.5189999999999962,0.8821403046041179,1.169049445037956,2.869091404338382,0.12829951716405344,0.0,4.1281025358962555,0.5300307535234151,0.0,279.32077775317964,86062.83730455543,1.0733721605237314,335.0383913184269,0.0,0.0,42.98526383757536,991.6525313284967
12.374921874999822,1359.1994732029598,42.773827413211656,42.77398653688748,10.560108661172864,-0.9461673084329697,-0.0008787742080676228,1.5071093658958563e-05,5.39119011478962,0.5189999999999962,0.8821403046041179,1.1690452125970208,2.869049079929029,0.12767019816454656,0.0,4.087101424065042,0.5300088399354035,0.0,279.31520342418077,86053.71501498006,1.0732798068580338,335.03501327505353,0.0,0.0,42.77398653688757,981.8438396261114
12.394921874999822,1360.0528382343161,42.56270092422382,42.56286095328757,10.55254548402884,-0.9485011967460055,-0.0008833096053957129,1.6971807703364943e-05,5.39119011478962,0.5189999999999962,0.8821403046041179,1.1690410102616708,2.86900705657553,0.1270413130093698,0.0,4.046341545103686,0.5299870491929878,0.0,279.3096565514769,86044.63765713987,1.0731879044201729,335.031651870195,0.0,0.0,42.562860953287654,972.0920651561415
12.414921874999822,1360.90198224555,42.351725252288645,42.35188619312695,10.545026928880466,-0.9508359241843125,-0.000887829389827798,1.882206010834885e-05,5.39119011478962,0.5189999999999962,0.8821403046041179,1.1690368552531882,2.868965506490704,0.12641285914239275,0.0,4.005822130467524,0.5299653809839094,0.0,279.3041371154039,86035.60519885461,1.0730964529383102,335.0283070919347,0.0,0.0,42.351886193127044,962.3970376603959
12.434921874999821,1361.7469082440882,42.14089950643438,42.141061365599406,10.537552852774214,-0.9531714756856273,-0.0008923375713234552,2.0640249176068653e-05,5.39119011478962,0.5189999999999962,0.8821403046041179,1.1690327366072428,2.8689243200312498,0.12578483401562235,0.0,3.9655424172661897,0.5299438349981035,0.0,279.2986450964134,86026.61760813389,1.073005452142218,335.02497892842655,0.0,0.0,42.141061365599505,952.7585880901321
12.45492187499982,1362.5876192195658,41.93022279847302,41.93038558272281,10.53012311632608,-0.9555078369230395,-0.000896838197783714,2.2384549938312304e-05,5.39119011478962,0.5189999999999962,0.8821403046041179,1.169028679087759,2.8688837448364124,0.1251572350891511,0.0,3.9255016480685527,0.5299224109276875,0.0,279.2931804750728,86017.67485317655,1.0729149017632722,335.0216673678941,0.0,0.0,41.930385582722906,943.1765485993366
12.47492187499982,1363.4241181438822,41.71969424302504,41.719857959317295,10.52273757702019,-0.9578449943265269,-0.0009013355233667105,2.4128251748360165e-05,5.39119011478962,0.5189999999999962,0.8821403046041179,1.1690246391786578,2.8688433457454,0.12453005983109432,0.0,3.8856990711684443,0.5299011084669489,0.0,279.28774323206477,86008.7769023701,1.072824801534447,335.01837239863124,0.0006662113411406458,-2.3489735252609242e-05,41.71985795931739,933.650752537895
12.49492187499982,1364.2564079712577,41.509312957548396,41.509477612983424,10.515396099105649,-0.9601829349011578,-0.0009058335541696634,2.5791103532269276e-05,5.39119011478962,0.5189999999999962,0.8821403046041179,1.1690206644357302,2.868803598316123,0.12390330571752751,0.0,3.846133940073928,0.5298799273123327,0.0,279.2823333481868,85999.9237242901,1.0727351511903114,335.01509400900125,0.0006821772269540372,-5.043265440813941e-05,41.5094776129835,924.18103444482
12.51492187499982,1365.084491638288,41.29907806213765,41.299243664087165,10.508098549309778,-0.9625216463785998,-0.00091033638514698,2.7262504157759676e-05,5.39119011478962,0.5189999999999962,0.8821403046041179,1.1690168204291471,2.8687651582502927,0.12327697023244416,0.0,3.8068055136537158,0.5298588671624314,0.0,279.2769508043511,85991.1152876996,1.072645950467022,335.01183218743677,0.000695561145310728,-6.968059698608425e-05,41.29924366408722,914.7672300418361
12.534921874999819,1365.9083720639985,41.088988679652566,41.08915523573611,10.500844788620997,-0.9648611176866828,-0.000914848290438709,2.8602599391630962e-05,5.39119011478962,0.5189999999999962,0.8821403046041179,1.1690130714347693,2.8687276683065144,0.12265105086768717,0.0,3.7677130565445554,0.5298379277179717,0.0,279.271595581584,85982.35156154855,1.07255719910232,335.0085869224399,0.0007075658411848275,-8.991806719980215e-05,41.08915523573618,905.4091762266263
12.554921874999819,1366.728052149899,40.879043935672605,40.879211453759886,10.493634680631937,-0.9672013386751483,-0.0009193733956753122,2.9828198197774473e-05,5.39119011478962,0.5189999999999962,0.8821403046041179,1.1690094074332684,2.8686910282915057,0.12202554512289271,0.0,3.728855838705882,0.5298171086818034,0.0,279.2662676610256,85973.63251497317,1.0724688968355254,335.00535820258153,0.000719626700895327,-0.00010932161195256801,40.87921145375995,896.1067110663139
12.574921874999818,1367.543534780038,40.66924295847171,40.66941144669065,10.486468093776452,-0.9695423001616673,-0.000923915825253826,3.08570380614624e-05,5.39119011478962,0.5189999999999962,0.8821403046041179,1.169005877188749,2.868655725846312,0.12140045050543478,0.0,3.6902331352383086,0.5297964097588886,0.0,279.2609670239297,85964.95811729546,1.0723810434075316,335.0021460165014,0.0007360781682255477,-0.00012145725929023289,40.66941144669072,886.8596737910113
12.594921874999818,1368.354822821056,40.45958487897545,40.45975434574408,10.479344895102773,-0.9718839940950454,-0.0009284792654246265,3.1667859984493225e-05,5.39119011478962,0.5189999999999962,0.8821403046041179,1.1690024932651928,2.8686218866107493,0.1207757645303707,0.0,3.65184422670875,0.5297758306562895,0.0,279.25569365166314,85956.3283380226,1.072293638560801,334.99895035290785,0.0007528216951137992,-0.00013927442318380286,40.459754345744145,877.667904787432
12.614921874999817,1369.161919122238,40.25006883075093,40.25023928479942,10.472264951154168,-0.9742264136423247,-0.0009330671737239802,3.228542132111975e-05,5.39119011478962,0.5189999999999962,0.8821403046041179,1.1689992409297365,2.8685893632561865,0.12015148472038407,0.0,3.613688399102858,0.5297553710831577,0.0,279.25044752570545,85947.74314684635,1.0722066820393614,334.9957712005775,0.0007648606877434351,-0.0001555188354308461,40.25023928479947,868.5312455925185
12.634921874999817,1369.964826515568,40.04069395006628,40.040865400377115,10.465228128397793,-0.9765695531642368,-0.0009376828458285175,3.275389461758711e-05,5.39119011478962,0.5189999999999962,0.8821403046041179,1.1689960939453472,2.8685578934122935,0.11952760860572056,0.0,3.575764943734319,0.5297350307507226,0.0,279.24522862764877,85939.20251364252,1.0721201735887989,334.9926085483552,0.0007775156807903038,-0.00016851475694827645,40.04086540037716,859.4495388870164
12.654921874999816,1370.7635478157808,39.83145937580249,39.83163183162127,10.45823429658535,-0.9789134077356956,-0.0009423292473074122,3.3066113179651515e-05,5.39119011478962,0.5189999999999962,0.8821403046041179,1.1689930565149103,2.868527519107924,0.11890413372413774,0.0,3.5380731570413526,0.5297148093722804,0.0,279.2400369391974,85930.7064084704,1.0720341129562536,334.9894623851536,0.0007909953661279392,-0.0001839729516112931,39.831631831621316,850.4226284893068
12.674921874999816,1371.558085820416,39.62236424945362,39.62253772027975,10.451283324979007,-0.9812579732970322,-0.0009470091438426241,3.324256697704897e-05,5.39119011478962,0.5189999999999962,0.8821403046041179,1.168990116444753,2.8684981184063507,0.11828105762084813,0.0,3.500612340742396,0.5296947066631831,0.0,279.2348724421673,85922.2548015722,1.0719484998904163,334.9863326999534,0.0008025837362096396,-0.00019531477488847503,39.62253772027979,841.4503593491904
12.694921874999816,1372.3484433098681,39.41340771511256,39.41358221068459,10.444375086607453,-0.9836032465164268,-0.0009517248798845902,3.323294706704906e-05,5.39119011478962,0.5189999999999962,0.8821403046041179,1.1689873035376783,2.8684699893356047,0.1176583778484633,0.0,3.4633818015715043,0.5296747223408279,0.0,279.22973511848585,85913.84766337246,1.0718633341415218,334.9832194818024,0.0008195836670886018,-0.00020950547304206187,39.413582210684616,832.5325775417356
12.714921874999815,1373.1346230474392,39.20458891937426,39.204764449735926,10.437509454185562,-0.9859492248992622,-0.0009564784718699089,3.302025705594908e-05,5.39119011478962,0.5189999999999962,0.8821403046041179,1.168984627837538,2.8684432323342013,0.11703609196694809,0.0,3.426380851500887,0.5296548561246466,0.0,279.22462495019164,85905.4849644776,1.071778615461346,334.9801227198161,0.0008307272284516694,-0.00021699247755067102,39.204764449735954,823.669130261323
12.734921874999815,1373.9166277793888,38.99590701143253,38.996083586878946,10.430686296965296,-0.9882959067904178,-0.0009612714175734026,3.269361629008934e-05,5.39119011478962,0.5189999999999962,0.8821403046041179,1.1689820364381536,2.868417318340357,0.11641419754355421,0.0,3.3896088078730173,0.5296351077360942,0.0,279.21954191943394,85897.16667567528,1.0716943436032003,334.97704240317694,0.0008434061247473742,-0.00022075714108338358,38.996083586878974,814.8598658154424
12.754921874999814,1374.6944602349868,38.78736114305589,38.78753877408469,10.42390549050733,-0.9906432910127476,-0.000966104449551533,3.2229520340960646e-05,5.39119011478962,0.5189999999999962,0.8821403046041179,1.1689795432376642,2.8683923863354632,0.11579269215276526,0.0,3.3530649928589473,0.5296154768986385,0.0,279.2144860084726,85888.89276793388,1.0716105183219256,334.9739785211344,0.0008601915429808483,-0.0002327649317562524,38.78753877408472,806.1046336187076
12.774921874999814,1375.4681231265617,38.57895046843404,38.5791291658353,10.417166912512233,-0.9929913769612725,-0.0009709779514698806,3.1587562198735124e-05,5.39119011478962,0.5189999999999962,0.8821403046041179,1.168977172175028,2.868368675709101,0.1151715733762551,0.0,3.316748733664115,0.5295959633377503,0.0,279.20945719967733,85880.66321240201,1.0715271393738912,334.97093106300446,0.0008697702725036572,-0.00024743415312575084,38.579129165835305,797.4032841871023
12.794921874999813,1376.237619149552,38.370674144303464,38.37085391910077,10.410470434499878,-0.9953401646931012,-0.0009758923358872036,3.088084016218093e-05,5.39119011478962,0.5189999999999962,0.8821403046041179,1.1689748561103521,2.8683455150623427,0.11455083880282078,0.0,3.2806593628597,0.5295765667808924,0.0,279.2044554755279,85872.47798040794,1.0714442065169874,334.96790001816987,0.0008813476043318067,-0.00025825036758939834,38.37085391910077,788.755669131923
12.814921874999813,1377.0029509825556,38.16253132986655,38.16271219332312,10.403815935447277,-0.997689654631084,-0.000980847947079924,3.0046110375771772e-05,5.39119011478962,0.5189999999999962,0.8821403046041179,1.1689726325362015,2.868323279320837,0.11393048602833754,0.0,3.2447962176396223,0.5295572869575088,0.0,279.1994808186134,85864.33704345905,1.0713617195106198,334.9648853760797,0.0008922360812343646,-0.0002683011343103205,38.16271219332313,780.1616411540706
12.834921874999813,1377.7641212873789,37.95452118680707,37.95470315039674,10.397203289614197,-1.0000398476009422,-0.0009858448073846752,2.9169756668310543e-05,5.39119011478962,0.5189999999999962,0.8821403046041179,1.168970450152521,2.8683014554840325,0.11331051265570223,0.0,3.209158640481783,0.5295381235990159,0.0,279.194533211632,85856.24037324135,1.07127967811571,334.961887126249,0.0008984599952210716,-0.000275037455877212,37.95470315039674,771.6210540382395
12.854921874999812,1378.5211327090872,37.74664287929252,37.74682595464879,10.390632375474642,-1.0023907444226394,-0.0009908826065438997,2.827697839886052e-05,5.39119011478962,0.5189999999999962,0.8821403046041179,1.1689682939749468,2.86827989370829,0.11269091629477758,0.0,3.173745978674025,0.5295190764387908,0.0,279.1896126373909,85848.18794161893,1.0711980820946851,334.9589052582589,0.0009075661711819361,-0.0002842518378653246,37.746825954648784,763.1337626471558
12.874921874999812,1379.2739878760526,37.53889557387158,37.539079772823506,10.3841030738893,-1.0047423458722713,-0.0009959607797109047,2.7341779249445615e-05,5.39119011478962,0.5189999999999962,0.8821403046041179,1.168966179395833,2.8682587479171517,0.11207169456234718,0.0,3.1385575843281823,0.5295001452121623,0.0,279.18471907880564,85840.17972063346,1.071116931211477,334.9559397617562,0.0009172915504600548,-0.00029207196174423826,37.539079772823506,754.6996229160172
12.894921874999811,1380.0226894000025,37.33127843947663,37.331463774063856,10.377615266170318,-1.007094652808108,-0.0010010785902596444,2.6339133364993948e-05,5.39119011478962,0.5189999999999962,0.8821403046041179,1.168964121219644,2.8682381661552614,0.11145284508206317,0.0,3.1035928144606437,0.5294813296564008,0.0,279.17985251889996,85832.21568250364,1.0710362252315166,334.95299062645336,0.0,0.0,37.33146377406386,746.3184918468734
12.914921874999811,1380.767239876067,37.123790647445425,37.12397712989215,10.371168831056965,-1.0094476661197593,-0.0010062350309326667,2.534179812625678e-05,5.39119011478962,0.5189999999999962,0.8821403046041179,1.1689620762392745,2.8682177163515665,0.11083436548439045,0.0,3.0688510311188324,0.5294626295107082,0.0,279.1750129408055,85824.2957996247,1.07095596392173,334.95005784212816,0.0,0.0,37.123977129892154,737.9902275030104
12.93492187499981,1381.5076418828262,36.91643137150044,36.91661901419247,10.364763652143976,-1.0118013866374076,-0.0010114288830978175,2.4335745077993284e-05,5.39119011478962,0.5189999999999962,0.8821403046041179,1.1689600527472117,2.8681974814309386,0.11021625340655673,0.0,3.0343316010360706,0.5294440445162083,0.0,279.1702003277616,85816.42004456796,1.0708761470505337,334.94714139862356,0.0,0.0,36.916619014192484,729.7146890034561
12.95492187499981,1382.243897982359,36.70919978769178,36.70938860319329,10.358399611958053,-1.0141558148826575,-0.0010166587405204808,2.333819181209912e-05,5.39119011478962,0.5189999999999962,0.8821403046041179,1.1689580404878068,2.8681773588368897,0.10959850649250258,0.0,3.000033895809092,0.5294255744159372,0.0,279.16541466311463,85808.58839008024,1.0707967743878304,334.9442412858475,0.0,0.0,36.70938860319331,721.4917365175344
12.97492187499981,1382.9760107202876,36.50209507438351,36.50228507545016,10.352076596108116,-1.01651095130571,-0.0010219230329307299,2.2314607052403872e-05,5.39119011478962,0.5189999999999962,0.8821403046041179,1.1689560599075797,2.868157553034618,0.1089811223928321,0.0,2.9659572917472143,0.5294072189548333,0.0,279.1606559303181,85800.80080908343,1.0707178457050046,334.9413574937728,0.0,0.0,36.50228507545018,713.3212312594703
12.99492187499981,1383.703982625825,36.29511641222751,36.2953076118281,10.345794489644687,-1.0188667962967195,-0.0010272200605208304,2.1271046163574845e-05,5.39119011478962,0.5189999999999962,0.8821403046041179,1.1689541073754806,2.868138027713627,0.10836409876476248,0.0,2.932101169984243,0.5293889778797285,0.0,279.1559241129321,85793.05727467393,1.0706393607749194,334.9384900124369,0.0,0.0,36.29530761182812,705.2030354830274
13.014921874999809,1384.4278162118196,36.0882629841986,36.08845539548327,10.339553177690439,-1.0212233502204842,-0.0010325479600305242,2.022557504473865e-05,5.39119011478962,0.5189999999999962,0.8821403046041179,1.1689521721460197,2.868118675419018,0.10774743327207158,0.0,2.898464916402466,0.5293708509393382,0.0,279.15121919462314,85785.35776012226,1.070561319371911,334.9356388319416,0.0,0.0,36.088455395483294,697.1370124761594
13.034921874999808,1385.1475139748031,35.88153397554873,35.881727611845726,10.333352546301304,-1.0235806131895286,-0.0010379046716148253,1.9221475624208673e-05,5.39119011478962,0.5189999999999962,0.8821403046041179,1.1689502284982205,2.8680992389410265,0.10713112358504841,0.0,2.865047921617528,0.5293528378842522,0.0,279.14654115916375,85777.70223887246,1.0704837212717844,334.93280394245323,0.0,0.0,35.88172761184575,689.1230265557499
13.054921874999808,1385.8630783950343,35.67492857378803,35.675123448601994,10.327192482966003,-1.0259385850298,-0.0010432880435181945,1.8277007705979373e-05,5.39119011478962,0.5189999999999962,0.8821403046041179,1.1689482655675707,2.8680796096345285,0.10651516738044353,0.0,2.831849580891695,0.5293349384669254,0.0,279.1418899904323,85770.09068454169,1.070406566251811,334.929985334202,0.0,0.0,35.67512344860202,681.1609430623918
13.074921874999808,1386.574511936545,35.468445968665165,35.46864209567825,10.321072876061777,-1.0282972652721774,-0.0010486960489251684,1.7399828851590315e-05,5.39119011478962,0.5189999999999962,0.8821403046041179,1.1689462787577807,2.8680597415366282,0.10589956234142076,0.0,2.7988692941329174,0.5293171524416681,0.0,279.1372656724124,85762.52307091972,1.070329854090723,334.92718299748196,0.0,0.0,35.46864209567828,673.2506283552271
13.094921874999807,1387.2818170471837,35.262085352172654,35.262282745222606,10.314993613603166,-1.0306566530724728,-0.0010541266760643745,1.663689122288185e-05,5.39119011478962,0.5189999999999962,0.8821403046041179,1.16894424019666,2.8680393559254225,0.10528430615750654,0.0,2.7661064659206978,0.5292994795646384,0.0,279.1326681891933,85754.99937196846,1.070253584568709,334.9243969226511,0.0,0.0,35.26228274522264,665.3919498068024
13.114921874999807,1387.9849961586617,35.055845918505646,35.056044591588666,10.308954586124258,-1.0330167471270746,-0.001059577985383196,1.5983452557775945e-05,5.39119011478962,0.5189999999999962,0.8821403046041179,1.1689421526479622,2.8680184804384434,0.10466939652454292,0.0,2.733560505391186,0.5292819195938313,0.0,279.12809752496867,85747.51956182146,1.070177757467411,334.921627100131,0.0,0.0,35.05604459158871,657.5847757980091
13.134921874999806,1388.6840516865957,34.84972686404837,34.84992683131822,10.3029556860802,-1.0353775456592242,-0.0010650479243643378,1.541223867919786e-05,5.39119011478962,0.5189999999999962,0.8821403046041179,1.1689400322623442,2.8679972765822637,0.10405483114463795,0.0,2.7012308262513507,0.5292644722890711,0.0,279.1235536640371,85740.08361478349,1.0701023725699206,334.91887352040646,0.0,0.0,34.84992683131825,649.8289757130393
13.154921874999806,1389.3789860305515,34.6437273873182,34.64392866312519,10.29699680589418,-1.0377390465348593,-0.0010705345741120493,1.4921331165948437e-05,5.39119011478962,0.5189999999999962,0.8821403046041179,1.1689378801423556,2.867975755382377,0.10344060772612015,0.0,2.6691168467975985,0.5292471374120025,0.0,279.1190365908014,85732.69150533006,1.0700274296607732,334.9161361740256,0.0,0.0,34.64392866312522,642.1244199344281
13.174921874999805,1390.0698015740866,34.43784668900374,34.43804928787807,10.291077837907217,-1.0401012472845088,-0.0010760360953381458,1.4534919857723005e-05,5.39119011478962,0.5189999999999962,0.8821403046041179,1.1689356819022496,2.8679537729813176,0.10282672398348774,0.0,2.63721798988675,0.5292299147260805,0.0,279.11454628976844,85725.34320810693,1.0699529285259464,334.9134150515997,0.0,0.0,34.438049287878115,634.4709798380799
13.194921874999805,1390.7565006847942,34.23208397191611,34.232287908583714,10.28519867489447,-1.0424641450260632,-0.001081550782392166,1.4277357687225405e-05,5.39119011478962,0.5189999999999962,0.8821403046041179,1.1689334230458708,2.8679311844175293,0.10221317763736264,0.0,2.605533682889294,0.529212803996564,0.0,279.1100827455488,85718.0386979297,1.0698788689528544,334.9107101438026,0.0,0.0,34.232287908583764,626.8685277883876
13.214921874999805,1391.4390857143449,34.02643844102806,34.02664373036998,10.279359210659186,-1.0448277364635163,-0.0010870769372980096,1.417774033837571e-05,5.39119011478962,0.5189999999999962,0.8821403046041179,1.1689310862956555,2.867907816915376,0.1015999664144405,0.0,2.5740633576707013,0.5291958049905048,0.0,279.1056459428567,85710.77794978334,1.0698052507303448,334.90802144137115,0.0,0.0,34.026643730370026,619.3169371333536
13.234921874999804,1392.1175589985298,33.82090930339248,33.821115960469925,10.273559341546056,-1.0471920177505267,-0.0010926128769609231,1.421639502773425e-05,5.39119011478962,0.5189999999999962,0.8821403046041179,1.1689286832716435,2.867883786675256,0.10098708804744577,0.0,2.5428064505302803,0.5291789174767408,0.0,279.1012358665095,85703.56093882173,1.0697320736486946,334.90534893510477,0.0,0.0,33.821115960469974,611.8160821998065
13.254921874999804,1392.7919228573019,33.61549576814039,33.61570380820533,10.267798963962681,-1.0495569846099637,-0.001098156986061973,1.4392215396530353e-05,5.39119011478962,0.5189999999999962,0.8821403046041179,1.1689262146088857,2.8678591000476783,0.10037454027508447,0.0,2.5117624022297855,0.5291621412258867,0.0,279.0968525014275,85696.38764036722,1.069659337499606,334.9026926158651,0.0,0.0,33.61570380820538,604.3658382886321
13.274921874999803,1393.4621795948171,33.41019704648442,33.41040648497009,10.26207797342194,-1.0519226323027158,-0.0011037076523637667,1.4756243070512681e-05,5.39119011478962,0.5189999999999962,0.8821403046041179,1.1689236499771614,2.867833453730435,0.09976232084199657,0.0,2.480930658052071,0.5291454760225572,0.0,279.0924958326337,85689.25802991018,1.0695870420762037,334.900052474576,0.0,0.0,33.41040648497014,596.9660816700441
13.294921874999803,1394.1283314994773,33.205012351705406,33.20522320421338,10.256396267496067,-1.0542889555176302,-0.0011092632639453565,1.5325545465031656e-05,5.39119011478962,0.5189999999999962,0.8821403046041179,1.1689209792222326,2.8678067461811474,0.09915042749870796,0.0,2.450310667632334,0.5291289216479225,0.0,279.0881658452534,85682.1720831086,1.06951518717303,334.89742850222353,0.0,0.0,33.205223204213446,589.6166895788851
13.314921874999802,1394.7903808439696,32.99994089911898,33.000153181424444,10.250753745335986,-1.0566559483126015,-0.0011148221799240556,1.608920405138333e-05,5.39119011478962,0.5189999999999962,0.8821403046041179,1.1689182087914738,2.8677790418735594,0.09853885800158665,0.0,2.4199018848452742,0.5291124778586036,0.0,279.0838625245142,85675.12977578759,1.0694437725860413,334.8948206898556,0.0,0.0,33.0001531814245,582.3175402100233
13.334921874999802,1395.4483298853077,32.79498190604056,32.79519563411658,10.24515030686822,-1.0590236042362275,-0.0011203827134692085,1.703758656954456e-05,5.39119011478962,0.5189999999999962,0.8821403046041179,1.1689153443681377,2.8677503976401986,0.09792761011279753,0.0,2.3897037680166697,0.5290961444322403,0.0,279.07958585574545,85668.13108393899,1.0693727981126049,334.8922290285817,0.0,0.0,32.795195634116645,575.0685127137662
13.354921874999802,1396.1021808648713,32.590134591802475,32.59034978181072,10.239585852266112,-1.0613919163358472,-0.0011259432033531671,1.81752023153007e-05,5.39119011478962,0.5189999999999962,0.8821403046041179,1.1689123832424877,2.8677207863836984,0.09731668160025479,0.0,2.3597157798201187,0.5290799211482081,0.0,279.0753358243783,85661.17598372094,1.0693022635514942,334.88965350957324,0.0,0.0,32.59034978181079,567.8694871912907
13.374921874999801,1396.7519360084475,32.385398177694434,32.38561484602015,10.234060283597302,-1.0637608771328029,-0.0011315020403376312,1.9471296642978164e-05,5.39119011478962,0.5189999999999962,0.8821403046041179,1.1689093436297995,2.8676903902568163,0.09670607023757859,0.0,2.3299373872121127,0.5290638077876108,0.0,279.0711124159451,85654.26445145746,1.069232168702887,334.88709412406274,0.0,0.0,32.385614846020204,560.7203446901601
13.3949218749998,1397.3975975262679,32.18077188698043,32.180990050234406,10.2285735030588,-1.0661304787663115,-0.0011370577059087036,2.0914394194111892e-05,5.39119011478962,0.5189999999999962,0.8821403046041179,1.1689062323113737,2.8676592770725584,0.09609577380404906,0.0,2.300368061454037,0.5290478041332718,0.0,279.06691561607926,85647.39646363803,1.06916251336836,334.88455086334403,0.0,0.0,32.18099005023447,553.6209671998479
13.4149218749998,1398.0391676130494,31.976254944875734,31.976474619903808,10.223125413362737,-1.0685007130013842,-0.0011426088435745217,2.2505894209945882e-05,5.39119011478962,0.5189999999999962,0.8821403046041179,1.1689030484208989,2.86762743816781,0.09548579008456161,0.0,2.2710072780880726,0.5290319099697267,0.0,279.06274541051516,85640.57199691712,1.069093297350886,334.8820237187722,0.0,0.0,31.97647461990386,546.5712376473172
13.4349218749998,1398.6766484480322,31.77184657852133,31.772067782423917,10.217715918355568,-1.0708715712112602,-0.0011481542190431497,2.423485019697661e-05,5.39119011478962,0.5189999999999962,0.8821403046041179,1.168899798429028,2.8675949382491006,0.09487611686958303,0.0,2.2418545168915505,0.5290161250832156,0.0,279.0586017850878,85633.79102811388,1.0690245204548308,334.87951268176323,0.0,0.0,31.77206778242398,539.571039892647
13.4549218749998,1399.3100421950192,31.567546016975403,31.56776876712009,10.212344922025084,-1.0732430444507375,-0.0011536927578770827,2.6110176753404128e-05,5.39119011478962,0.5189999999999962,0.8821403046041179,1.1688964770098937,2.867561724057759,0.09426675195510692,0.0,2.212909261889571,0.529000449261675,0.0,279.0544847257324,85627.05353421165,1.0689561824859484,334.87701774379383,0.0,0.0,31.567768767120153,532.6202587246863
13.474921874999799,1399.9393510024126,31.36335249120769,31.36357680523193,10.207012330884297,-1.0756151235191198,-0.0011592235435234808,2.8087763936437845e-05,5.39119011478962,0.5189999999999962,0.8821403046041179,1.168893110312646,2.8675280570852824,0.0936576931426094,0.0,2.1841710012495352,0.5289848822947308,0.0,279.0503942184843,85620.35949235759,1.0688882832513795,334.87453889640153,0.0,0.0,31.36357680523199,525.7187798567538
13.494921874999799,1400.5645770032536,31.159265234056143,31.159491129898573,10.201718050249832,-1.0779877989823279,-0.0011647457977407552,3.0193371006327884e-05,5.39119011478962,0.5189999999999962,0.8821403046041179,1.1688896830177324,2.867493784136146,0.09304893823900708,0.0,2.1556392274040523,0.5289694239736901,0.0,279.04633024947884,85613.70887986226,1.0688208225596458,334.87207613118414,0.0,0.0,31.15949112989863,518.8664899223957
13.514921874999798,1401.1857223152583,30.955283480245743,30.95551097614268,10.196461987347753,-1.0803610611663557,-0.0011702587657287835,3.2404372940503454e-05,5.39119011478962,0.5189999999999962,0.8821403046041179,1.1688862085220288,2.86745903917911,0.09244048505661107,0.0,2.1273134368900215,0.5289540740915337,0.0,279.0422928049508,85607.1016741992,1.0687538002206485,334.8696294398002,0.001183540012924462,0.0001766826536554444,30.955510976142733,512.0632764711397
13.534921874999798,1401.8027890408564,30.75140646634678,30.75163558085617,10.191244049179595,-1.0827349002178772,-0.0011757618284463024,3.473406017261602e-05,5.39119011478962,0.5189999999999962,0.8821403046041179,1.1688826789123918,2.86742374308274,0.09183233141308644,0.0,2.0991931304351543,0.5289388324429093,0.0,279.0382818712344,85600.53785300463,1.068687216045663,334.86719881396806,0.0011942371356555759,0.00017389318947914995,30.751635580856224,505.309027964344
13.554921874999797,1402.4157792672272,30.547633430778014,30.547864182784554,10.18606414412799,-1.085109306121772,-0.0011812545170445281,3.718189386200068e-05,5.39119011478962,0.5189999999999962,0.8821403046041179,1.1688790944806096,2.867387898764917,0.09122447513140727,0.0,2.0712778128740066,0.5289236988241238,0.0,279.034297434763,85594.01739407692,1.0686210698473377,334.86478424546635,0.0012030061424809135,0.00016924397013800033,30.547864182784608,498.60363377103585
13.574921874999797,1403.0246950663368,30.34396361380039,30.344196022511717,10.180922180824519,-1.0874842686686341,-0.0011867364227525967,3.9755387679091156e-05,5.39119011478962,0.5189999999999962,0.8821403046041179,1.168875450742888,2.8673514613877016,0.09061691403981303,0.0,2.043566993158789,0.5289086730331359,0.0,279.03033948206877,85587.54027537629,1.068555361439689,334.86238572613365,0.0012154378108589585,0.00016151276011828545,30.344196022511767,491.9469841638018
13.594921874999796,1403.6295384949747,30.14039625748019,30.14063034244561,10.175818069319337,-1.0898597774582672,-0.001192207338443566,4.2446576906301275e-05,5.39119011478962,0.5189999999999962,0.8821403046041179,1.1688717523893772,2.867314477852594,0.09000964597176786,0.0,2.016060184302172,0.5288937548695488,0.0,279.02640799978263,85581.1064750244,1.068490090638098,334.8600032478683,0.0012277253892959165,0.00015257854981599653,30.14063034244566,485.33897031474373
13.614921874999796,1404.2303115947896,29.936930605667417,29.937166386803803,10.170751720667601,-1.092235821914394,-0.001197667219784243,4.523374068924141e-05,5.39119011478962,0.5189999999999962,0.8821403046041179,1.1688680122870265,2.8672770768290867,0.08940266876591926,0.0,1.9887569033541792,0.5288789441346036,0.0,279.0225029746338,85574.71597130396,1.068425257259309,334.8576368026281,0.00124167306868122,0.00014345530869863904,29.93716638680386,478.77948429146556
13.634921874999796,1404.827016392325,29.73356590399461,29.733803401598383,10.165723046870342,-1.094612391403555,-0.001203116200096817,4.8095108464380983e-05,5.39119011478962,0.5189999999999962,0.8821403046041179,1.1688642433225638,2.8672393871844593,0.08879598026605476,0.0,1.9616566714029295,0.5288642406311713,0.0,279.01862439344984,85568.36874265835,1.068360861121423,334.8552863824306,0.0012569841003208539,0.00013591755807135968,29.733803401598426,472.2684190530727
13.654921874999795,1405.4196548990546,29.53030139984111,29.53054063462228,10.160731959884105,-1.0969894752560372,-0.0012085544613982078,5.1029441521159506e-05,5.39119011478962,0.5189999999999962,0.8821403046041179,1.1688604462033538,2.86720141599236,0.08818957832106318,0.0,1.9347590135971175,0.5288496441637474,0.0,279.01477224315613,85562.06476769125,1.068296902043898,334.8529519793526,0.0012719427254522994,0.00012497683463852252,29.530540634622326,465.80566844625764
13.674921874999795,1406.0082291114174,29.32713634234514,29.327377335433997,10.15577837217772,-1.0993670628407717,-0.0012139823030851882,5.404739290094772e-05,5.39119011478962,0.5189999999999962,0.8821403046041179,1.1688566145803447,2.867163099762269,0.08758346078489061,0.0,1.9080634591180206,0.5288351545384427,0.0,279.01094651077574,85555.8040251663,1.068233379847544,334.8506335855301,0.001285138172713021,0.00011602188927545386,29.32737733543405,459.39112720136166
13.694921874999794,1406.5927410108525,29.124069982397074,29.124312755342412,10.150862196721263,-1.1017451434940444,-0.0012194001428479425,5.716975317510897e-05,5.39119011478962,0.5189999999999962,0.8821403046041179,1.1688527360948313,2.8671243149071346,0.08697762551649696,0.0,1.8815695411622366,0.5288207715629786,0.0,279.0071471834294,85549.58649400664,1.0681702943545193,334.84833119315823,0.0012999970565632935,0.00011021636759824782,29.124312755342466,453.0246909284795
13.714921874999794,1407.173192563834,28.921101572616287,28.92134614739279,10.145983347858847,-1.104123706501021,-0.001224808341756026,6.0394057052144345e-05,5.39119011478962,0.5189999999999962,0.8821403046041179,1.1688488121828033,2.867085075786855,0.08637207037981612,0.0,1.8552767968514405,0.5288064950466785,0.0,279.00337424833504,85543.41215329463,1.0681076453883283,334.84604479449104,0.0013164195442096891,0.00010545245561833868,28.92134614739284,446.70625611363755
13.734921874999793,1407.7495857219055,28.718230367305868,28.718476766354026,10.141141741565546,-1.10650274113168,-0.0012302072169576024,6.367549863377123e-05,5.39119011478962,0.5189999999999962,0.8821403046041179,1.1688448694006286,2.8670456479651074,0.08576679324371958,0.0,1.8291847671582537,0.5287923248004628,0.0,278.99962769280756,85537.28098227145,1.0680454327738187,334.8437743818414,0.0013317642619963066,9.680253839011732e-05,28.71847676635408,440.43572011504153
13.754921874999793,1408.321922421714,28.51545562247484,28.51570386870303,10.136337292687388,-1.108882236707322,-0.0012355971248197302,6.70407365795017e-05,5.39119011478962,0.5189999999999962,0.8821403046041179,1.1688408919044149,2.86700587300297,0.08516179198197163,0.0,1.8032929971500007,0.5287782606368403,0.0,278.9959075042588,85531.19296033672,1.067983656337177,334.8415199475809,0.0013493120373272707,8.646598632294539e-05,28.51570386870309,434.2129811592682
13.774921874999793,1408.8902045850425,28.312776595802006,28.31302671261154,10.1315699186944,-1.1112621825590654,-0.001240978575816395,7.044754955519533e-05,5.39119011478962,0.5189999999999962,0.8821403046041179,1.1688369047195601,2.866966001154423,0.08455706447319175,0.0,1.77760103564377,0.5287643023699033,0.0,278.9922136701972,85525.14806704817,1.0679223159059261,334.8392814841395,0.0013691367812327133,7.635933869545825e-05,28.313026712611585,428.03793833756896
13.794921874999792,1409.4544341188453,28.110192546614922,28.110444557932666,10.126839536755343,-1.1136425681552993,-0.0012463522454113488,7.389491246478267e-05,5.39119011478962,0.5189999999999962,0.8821403046041179,1.1688329084260258,2.8669260382190798,0.08395260860081641,0.0,1.7521084354496839,0.5287504498153203,0.0,278.98854617822747,85519.14628212128,1.0678614113089238,334.8370589840058,0.0013867903862329635,6.713189641712058e-05,28.110444557932716,421.9104916021987
13.814921874999792,1410.014612915279,27.907702735905282,27.90795666618539,10.122146064356585,-1.11602338310138,-0.0012517188797714085,7.73963171129804e-05,5.39119011478962,0.5189999999999962,0.8821403046041179,1.1688288949937984,2.8668859038968053,0.0833484222530542,0.0,1.7268147532984648,0.5287367027903289,0.0,278.9849050160507,85513.18758542891,1.0678009423763561,334.8348524397267,0.0014058293145047846,5.860437669242252e-05,27.907956666185434,415.8305417627097
13.834921874999791,1410.5707428517367,27.705306426298304,27.705562300541526,10.117489420594307,-1.1184046170817006,-0.0012570792835133624,8.092797324905519e-05,5.39119011478962,0.5189999999999962,0.8821403046041179,1.1688248785112214,2.8668457390710356,0.0827445033228491,0.0,1.7017195496844122,0.528723061113731,0.0,278.9812901714637,85507.27195700102,1.0677409089397392,334.832661843907,0.0014282482627948779,5.0082617760747355e-05,27.705562300541573,409.79799048236293
13.85492187499979,1411.1228257908801,27.50300288202148,27.503260725813288,10.112869524866857,-1.120786259951404,-0.0012624342774016565,8.448190573662931e-05,5.39119011478962,0.5189999999999962,0.8821403046041179,1.1688208636852273,2.8668055908110945,0.08214084970784481,0.0,1.676822388986705,0.5287095246058845,0.0,278.97770163235924,85501.3993770242,1.0676813108319112,334.83048718920975,0.001448408362712476,4.271675015096728e-05,27.503260725813337,403.81274027458073
13.87492187499979,1411.6708635806717,27.30079136893319,27.301051208436903,10.108286296486597,-1.123168301743143,-0.0012677847005131576,8.808424894898094e-05,5.39119011478962,0.5189999999999962,0.8821403046041179,1.1688168349841719,2.8667653038005403,0.0815374593103377,0.0,1.65212283951319,0.5286960930886984,0.0,278.9741393867256,85495.56982584142,1.0676221478870334,334.8283284683557,0.0014693134117100138,3.671536577726963e-05,27.30105120843694,397.8746944993203
13.89492187499979,1412.214858054407,27.098671154471933,27.098933016461352,10.10373965668842,-1.1255507326093186,-0.0012731313580407633,9.170895175737347e-05,5.39119011478962,0.5189999999999962,0.8821403046041179,1.1688128078399347,2.8667250323581683,0.080934330037245,0.0,1.6276204732337305,0.5286827663856263,0.0,278.9706034226463,85489.78328395168,1.067563419940585,334.8261856741237,0.0014914971110395266,2.991318369224884e-05,27.098933016461398,391.9837573596306
13.91492187499979,1412.754811030746,26.896641507659915,26.89690541953382,10.099229526620341,-1.1279335428924244,-0.0012784750353041522,9.5362878564834e-05,5.39119011478962,0.5189999999999962,0.8821403046041179,1.1688087781546421,2.8666847355052427,0.08033145980006288,0.0,1.6033148660093672,0.5286695443216592,0.0,278.96709372830014,85484.03973200965,1.067505126829361,334.8240587993499,0.0015129921770685023,2.421400459542454e-05,26.89690541953387,386.1398338981409
13.93492187499979,1413.2907243137452,26.694701699084366,26.6949676888866,10.094755827841645,-1.1303167230825621,-0.0012838164924983881,9.90660038447282e-05,5.39119011478962,0.5189999999999962,0.8821403046041179,1.1688047340540353,2.8666442944991744,0.07972884651482932,0.0,1.5792055975249495,0.5286564267233214,0.0,278.9636102919606,85478.33915082534,1.0674472683914695,334.82194783692813,0.001535024161587399,1.804829511221597e-05,26.694967688886635,380.3428299936282
13.954921874999789,1413.8225996928882,26.49285100090157,26.493119097322356,10.090318483261909,-1.1327002638235397,-0.0012891564891752574,0.00010281079252472828,5.39119011478962,0.5189999999999962,0.8821403046041179,1.1688006799857438,2.866603753816259,0.07912648810208181,0.0,1.5552922511443217,0.5286434134186617,0.0,278.9601531019962,85472.68152136379,1.0673898444663283,334.8198527798097,0.0015573218332952646,1.1389740169096721e-05,26.493119097322396,374.5926523575687
13.974921874999788,1414.350438943117,26.29108868679512,26.2913589192029,10.08591741553956,-1.1350841558445042,-0.0012944957822792348,0.00010663060741974676,5.39119011478962,0.5189999999999962,0.8821403046041179,1.168796596135139,2.8665629153102112,0.0785243824868253,0.0,1.5315744141128245,0.5286305042372503,0.0,278.9567221468697,85467.06682474467,1.0673328548946626,334.8177736210031,0.001578679534187109,4.158241176216283e-06,26.291358919202935,368.88920853081726
13.994921874999788,1414.8742438248632,26.089414031991986,26.08968643043373,10.081552548972699,-1.1374683899961122,-0.001299835171145859,0.00011051924457372496,5.39119011478962,0.5189999999999962,0.8821403046041179,1.1687924861591557,2.866521815550378,0.07792252759848813,0.0,1.5080516772809553,0.5286176990101704,0.0,278.9533174151384,85461.49504224207,1.0672762995185017,334.8157103535739,0.001601608878600746,-6.410075543575465e-07,26.089686430433765,363.23240688020377
14.014921874999787,1415.3940160840775,25.887826313221044,25.888100908453012,10.077223808564918,-1.139852957186075,-0.0013051754371663073,0.00011446905215628875,5.39119011478962,0.5189999999999962,0.8821403046041179,1.168788354574161,2.8664804997004323,0.07732092137089049,0.0,1.4847236352074382,0.528604997570014,0.0,278.9499388954535,85455.96615528406,1.0672201781811763,334.8136629706448,0.0016249468169299657,-6.2052282004565805e-06,25.888100908453055,357.62215659528135
14.034921874999787,1415.9097574522602,25.686324808705006,25.68660163221839,10.072931119994593,-1.1422378484413651,-0.0013105173276021312,0.00011847208861651158,5.39119011478962,0.5189999999999962,0.8821403046041179,1.168784206068681,2.866439014645632,0.07671956174220691,0.0,1.461589886147181,0.5285923997508752,0.0,278.94658657656026,85450.48014545243,1.0671644907273168,334.8116314653955,0.001649934739943885,-1.1371148039292112e-05,25.686601632218437,352.0583676850456
14.054921874999787,1416.421469646491,25.484908798150045,25.485187882193816,10.06867440913369,-1.1446230549001857,-0.0013158615870273718,0.00012254263980385964,5.39119011478962,0.5189999999999962,0.8821403046041179,1.168780032146042,2.8663972754192413,0.07611844665492858,0.0,1.4386500321168463,0.5285799053883447,0.0,278.9432604472978,85445.0369944824,1.067109237002848,334.8096158310625,0.0016723833294070348,-1.639603431125024e-05,25.485187882193863,346.5409509746843
14.074921874999786,1416.9291543694585,25.28357756274446,25.283858940335687,10.064453601899558,-1.1470085677813864,-0.001321208912143052,0.00012672505568082053,5.39119011478962,0.5189999999999962,0.8821403046041179,1.1687758064788465,2.8663550187472864,0.07551757405582368,0.0,1.415903678915177,0.5285675143195041,0.0,278.9399604965985,85439.63668426222,1.0670544168549905,334.8076160609387,0.0016957260129050467,-2.06689078259641e-05,25.283858940335723,341.0698181023408
14.094921874999786,1417.4328133094898,25.08233038514192,25.0826140900802,10.060268626394244,-1.1493943783363167,-0.0013265599892232994,0.00013099519197248206,5.39119011478962,0.5189999999999962,0.8821403046041179,1.168771543367926,2.8663123876380814,0.07491694189590133,0.0,1.3933504357494715,0.5285552263829202,0.0,278.9366867134883,85434.27919683295,1.0670000301322529,334.8056321483739,0.0017205505871005077,-2.5539173333042303e-05,25.08261409008024,335.64488151593986
14.114921874999785,1417.9324481405795,24.88116654942154,24.881452616333334,10.056119411009902,-1.1517804778711787,-0.0013319154838875298,0.00013534603075001446,5.39119011478962,0.5189999999999962,0.8821403046041179,1.1687672469528219,2.86626942348704,0.0743165481303831,0.0,1.3709899155238245,0.5285430414186395,0.0,278.9334390870862,85428.96451438808,1.0669460766844336,334.80366408677423,0.0017463285171904974,-3.081415477938136e-05,24.881452616333373,330.2660544701125
14.134921874999785,1418.428060522418,24.680085341094752,24.680373805456597,10.052005884480865,-1.1541668577771822,-0.0013372760647481722,0.0001397860404181116,5.39119011478962,0.5189999999999962,0.8821403046041179,1.168762912191575,2.8662260758745717,0.07371639071866246,0.0,1.3488217348231482,0.5285309592681825,0.0,278.9302176066043,85423.69261927324,1.066892556362616,334.8017118696022,0.0017727134655355688,-3.619343754346958e-05,24.680373805456643,324.9332510230386
14.154921874999784,1418.91965210042,24.479086047091855,24.479376945254675,10.047927976534618,-1.1565535095367512,-0.0013426423940008834,0.0001443082229236239,5.39119011478962,0.5189999999999962,0.8821403046041179,1.1687585432141647,2.8661823861004687,0.07311646762426924,0.0,1.3268455137819923,0.5285189797745384,0.0,278.92702226134725,85418.46349398595,1.0668394690191665,334.7997754903764,0.0017990033640245275,-3.875619996960699e-05,24.479376945254717,319.64638603336783
14.174921874999784,1419.4072245057532,24.27816795574274,24.27846132496372,10.043885617069694,-1.1589404246877397,-0.001348015099306987,0.000148929257422698,5.39119011478962,0.5189999999999962,0.8821403046041179,1.1687541301086761,2.8661382550455827,0.07251677681483655,0.0,1.3050608762208407,0.5285071027821596,0.0,278.9238530407126,85413.27712117528,1.0667868145077313,334.79785494267185,0.0018259018539234864,-4.302583317787649e-05,24.278461324963757,314.40537515718853
14.194921874999784,1419.8907793553653,24.077330356772926,24.077626235238277,10.039878736666566,-1.1613275948509603,-0.0013533947544372331,0.00015366611367947426,5.39119011478962,0.5189999999999962,0.8821403046041179,1.1687496627892122,2.8660935818509437,0.0719173162620633,0.0,1.2834674495442358,0.5284953281369565,0.0,278.9207099341901,85408.13348364152,1.0667345926832343,334.7959502201192,0.001852277848941484,-4.6677526019802064e-05,24.077626235238313,309.21013484498883
14.214921874999783,1420.370318252013,23.876572541295033,23.876870968138586,10.03590726646479,-1.1637150116761272,-0.0013587819159453095,0.00015854120563106995,5.39119011478962,0.5189999999999962,0.8821403046041179,1.1687451279469105,2.866048233427927,0.07131808394167781,0.0,1.2620648647474428,0.5284836556862916,0.0,278.91759293136187,85403.03256433592,1.0666828034018754,334.7940613164053,0.0018792456830880443,-4.838497978839682e-05,23.876870968138622,304.0605823386572
14.234921874999783,1420.8458427842884,23.675893801780603,23.676194817120162,10.031971138833878,-1.1661026668144077,-0.001364177092318949,0.00016354923904358658,5.39119011478962,0.5189999999999962,0.8821403046041179,1.168740528701458,2.866002240973402,0.07071907783340849,0.0,1.2408527562664862,0.528472085278975,0.0,278.9145020219021,85397.97434636045,1.066631446521126,334.79218822527264,0.0019071922793986232,-5.1662952300373196e-05,23.6761948171202,298.9566356685702
14.254921874999782,1421.3173545266468,23.475293432051362,23.4755970770216,10.028070286904327,-1.168490551955342,-0.0013695807326140031,0.000168679657424367,5.39119011478962,0.5189999999999962,0.8821403046041179,1.1687358712968627,2.865955666927449,0.07012029592094887,0.0,1.2198307620503854,0.5284606167652588,0.0,278.91143719557675,85392.95881296738,1.0665805218997282,334.79033094051954,0.001935208635108511,-5.38724806403521e-05,23.475597077021636,293.8982136506616
14.274921874999782,1421.784855039433,23.27477072726363,23.275077044053127,10.024204643670428,-1.1708786588052773,-0.0013749932549314877,0.00017396218068906392,5.39119011478962,0.5189999999999962,0.8821403046041179,1.1687311380913235,2.865908334872056,0.06952173619192528,0.0,1.1989985237399143,0.5284492499968318,0.0,278.90839844224365,85387.98594755915,1.066530029397692,334.78848945599964,0.0019636031018997104,-5.67567449564732e-05,23.275077044053166,288.88523588354053
14.294921874999782,1422.248345868909,23.074324983907065,23.074634015783648,10.020374142934411,-1.1732669790822132,-0.001380415056569513,0.00017941928719195836,5.39119011478962,0.5189999999999962,0.8821403046041179,1.1687263157373096,2.865860111331917,0.06892339663785947,0.0,1.178355686460023,0.528437984826815,0.0,278.90538575185207,85383.05573368794,1.0664799688762923,334.7866637656224,0.0019922286893289047,-5.931224930914938e-05,23.074634015783687,283.91762274559596
14.314921874999781,1422.707828547279,22.873955499782046,22.874267291130348,10.016578720051651,-1.1756555045009243,-0.0013858465172522118,0.00018502680495900012,5.39119011478962,0.5189999999999962,0.8821403046041179,1.1687214185536163,2.865811139494985,0.06832527525413942,0.0,1.1579018986317455,0.528426821109756,0.0,278.9023991144427,85378.1681550555,1.0664303401980668,334.7848538633523,0.002023155292639068,-6.033553036150059e-05,22.874267291130387,278.99529539219725
14.33492187499978,1423.1633045927163,22.67366157398087,22.673976170348155,10.01281831018298,-1.1780442267773708,-0.001391287968997815,0.00019080364098406793,5.39119011478962,0.5189999999999962,0.8821403046041179,1.168716435314157,2.865761307100392,0.06772737003998937,0.0,1.137636812343355,0.5284157587016244,0.0,278.8994385201473,85373.3231955128,1.0663811432268144,334.78305974320926,0.0020525458007120104,-6.018130164237964e-05,22.6739761703482,274.11817575291496
14.35492187499978,1423.6147755093891,22.473442506886446,22.47375995501718,10.009092848923775,-1.1804331376339554,-0.0013967396795676267,0.00019678197504830798,5.39119011478962,0.5189999999999962,0.8821403046041179,1.1687113469209505,2.865710423168326,0.06712967899843375,0.0,1.1175600832154033,0.5284047974598063,0.0,278.896503959189,85368.52083905983,1.066332377827591,334.78128139926855,0.0020818662936312148,-6.132754558022195e-05,22.47375995501722,269.2861865287179
14.37492187499978,1424.0622427874864,22.273297600166753,22.273617948030445,10.005402272788984,-1.182822228758512,-0.0014022018620780386,0.00020298059674553416,5.39119011478962,0.5189999999999962,0.8821403046041179,1.1687061422211407,2.865658376170228,0.06653220013626253,0.0,1.0976713702699823,0.5283939372431,0.0,278.89359542188134,85363.76106984523,1.0662840438667094,334.7795188256601,0.002112610571054302,-6.248771272259244e-05,22.273617948030488,264.49925118921004
14.39492187499978,1424.5057079032426,22.07322615674185,22.073549453585613,10.00174651943197,-1.185211491797181,-0.0014076747071106145,0.0002093907309514119,5.39119011478962,0.5189999999999962,0.8821403046041179,1.1687008264047694,2.865605218006515,0.06593493146400763,0.0,1.0779703358487336,0.5283831779117112,0.0,278.8907128986289,85359.0438721661,1.0662361412117347,334.77777201656914,0.0021433764324067083,-6.283796322837317e-05,22.073549453585656,259.7572939699836
14.414921874999779,1424.9451723189632,21.873227480786774,21.87355377717216,9.998125526135365,-1.1876009183523881,-0.001413158380646113,0.00021605940038210394,5.39119011478962,0.5189999999999962,0.8821403046041179,1.1686953715801118,2.8655506697599398,0.06533787099590649,0.0,1.0584566459810205,0.5283725193272477,0.0,278.8878563799267,85354.36923046772,1.066188669731484,334.77604096623554,0.002173588949715213,-6.237730761615689e-05,21.873553777172205,255.06023986989413
14.434921874999779,1425.3806374830497,21.673300877712837,21.673630225561432,9.994539231913913,-1.1899904999499418,-0.0014186530069719803,0.00022297380419697592,5.39119011478962,0.5189999999999962,0.8821403046041179,1.1686897853265896,2.8654948072247177,0.06474101674987376,0.0,1.039129969840858,0.5283619613527152,0.0,278.88502585636013,85349.73712934322,1.0661416292960224,334.77432566895425,0.0022064262018462737,-6.199107631396808e-05,21.67363022556146,250.40801464842673
14.454921874999778,1425.812104830024,21.473445654146015,21.47377810679756,9.990987576086589,-1.192380228068147,-0.0014241586625705494,0.00023013945809548911,5.39119011478962,0.5189999999999962,0.8821403046041179,1.1686840643672436,2.8654375976312574,0.06414436674747605,0.0,1.0199899800909151,0.5283515038525122,0.0,278.8822213186048,85345.14755353343,1.066095019776663,334.7726261190745,0.0022394771281137823,-6.0475029702012896e-05,21.473778106797596,245.8005448231113
14.474921874999778,1426.2395757805527,21.273661117922252,21.273996730186116,9.987470498435064,-1.1947700941361308,-0.0014296753821896224,0.00023757184964431766,5.39119011478962,0.5189999999999962,0.8821403046041179,1.1686781995100382,2.865378949059203,0.06354791901389913,0.0,1.0010363528349375,0.5283411466924258,0.0,278.8794427574264,85340.6004879265,1.0660488410459614,334.7709423110004,0.0022731824976963315,-5.994434912172532e-05,21.27399673018615,241.23775766690315
14.494921874999777,1426.6630517414708,21.073946578075933,21.074285406283824,9.9839879393135,-1.1971600895385357,-0.0014352031619109867,0.0002452910149750006,5.39119011478962,0.5189999999999962,0.8821403046041179,1.1686721788695837,2.865318742654659,0.06295167157791916,0.0,0.9822687675818301,0.5283308897396273,0.0,278.8766901636804,85336.09591755776,1.0660030929777176,334.76927423919034,0.0023065610585973895,-5.9586621189851146e-05,21.074285406283863,236.7195812056223
14.514921874999777,1427.0825341058062,20.874301344828627,20.87464344688838,9.98053983972126,-1.1995502055986111,-0.0014407419761262928,0.0002533155905270371,5.39119011478962,0.5189999999999962,0.8821403046041179,1.1686659913929232,2.865256867888053,0.0623556224718736,0.0,0.9636869072052326,0.5283207328626668,0.0,278.87396352831223,85331.63382760936,1.0659577754469693,334.76762189815724,0.00234094500960855,-5.7660326481294094e-05,20.87464344688842,232.2459442154124
14.534921874999776,1427.498024252803,20.674724729576774,20.675070165028682,9.977126141131519,-1.201940433565694,-0.001446291774632321,0.00026167477482086035,5.39119011478962,0.5189999999999962,0.8821403046041179,1.168659619766236,2.8651931516211815,0.0617597697316337,0.0,0.9452904579914939,0.5283106759314695,0.0,278.87126284235677,85327.21420341013,1.065912888329994,334.76598528246825,0.002374551296658411,-5.701855114235291e-05,20.675070165028714,227.8167762202392
14.554921874999776,1427.9095235479444,20.475216044880096,20.475564874954994,9.973746785761024,-1.2043307645988353,-0.0014518524787924395,0.00027039237083528847,5.39119011478962,0.5189999999999962,0.8821403046041179,1.1686530498785814,2.8651274527446358,0.06116411139657663,0.0,0.9270791095495855,0.528300718817331,0.0,278.8685880969383,85322.83703043523,1.0658684315043043,334.76436438674466,0.0024090497243020453,-5.597967291374118e-05,20.475564874955023,223.43200748940916
14.574921874999776,1428.3170333429773,20.275774604448507,20.27612689212966,9.97040171630526,-1.2067211897560308,-0.0014574239937574585,0.0002795012049569378,5.39119011478962,0.5189999999999962,0.8821403046041179,1.1686462622719034,2.8650595766778553,0.06056864550955926,0.0,0.9090525548724488,0.5282908613929133,0.0,278.8659392832706,85318.50229430593,1.0658244048486454,334.762759205662,0.0024426830194136852,-5.4894508488136864e-05,20.27612689212969,219.09156903512343
14.594921874999775,1428.7205549759333,20.076399723131228,20.076755533217664,9.967090876392,-1.2091116999722071,-0.0014630062216206404,0.0002890156676038703,5.39119011478962,0.5189999999999962,0.8821403046041179,1.1686392484203414,2.8649894381622354,0.05997337011689146,0.0,0.8912104901841253,0.5282811035322397,0.0,278.86331639265643,85314.20998078943,1.0657808082429954,334.7611697339498,0.0024785150236305196,-5.2472493440989534e-05,20.076755533217696,214.795392610054
14.614921874999775,1429.1200897711524,19.877090716894184,19.877450116079537,9.96381421046937,-1.2115022860644553,-0.0014685990235764734,0.0002989384831242345,5.39119011478962,0.5189999999999962,0.8821403046041179,1.168632006716841,2.8649170211272312,0.05937828326831648,0.0,0.8735526149579961,0.5282714451106912,0.0,278.8607194164875,85309.96007579855,1.0657376415685613,334.75959596639143,0.0025154923872231965,-5.1527841229765165e-05,19.877450116079565,210.5434107049914
14.634921874999774,1429.5156390393051,19.677846902810366,19.678209959762377,9.960571663212912,-1.2138929387506143,-0.001474202247445676,0.00030929722917487866,5.39119011478962,0.5189999999999962,0.8821403046041179,1.1686245208230095,2.8648421621889164,0.05878338301698568,0.0,0.8560786320983941,0.5282618860050026,0.0,278.8581483462445,85305.75256539149,1.0656949047077773,334.7580378978242,0.00255175549427899,-4.984996819447048e-05,19.678209959762405,206.3355565464748
14.654921874999774,1429.9072040774145,19.478667599058916,19.47903438448936,9.957363179890745,-1.2162836486423898,-0.0014798157325739629,0.00032012217722393317,5.39119011478962,0.5189999999999962,0.8821403046041179,1.1686167728083676,2.8647646820424977,0.05818866741942863,0.0,0.8387882478167,0.5282524260932575,0.0,278.8556031734968,85301.58743577167,1.065652597544303,334.75649552313905,0.0025891069062374777,-4.916435381997659e-05,19.47903438448939,202.17176409441203
14.674921874999773,1430.294786168878,19.279552124901382,19.279922711653732,9.954188706452994,-1.2186744062250712,-0.001485439321205951,0.00033143975224245696,5.39119011478962,0.5189999999999962,0.8821403046041179,1.1686087470274111,2.864684424232933,0.05759413453553674,0.0,0.8216811715850737,0.5282430652548845,0.0,278.8530838899023,85297.4646732874,1.0656107199630218,334.7549688372808,0.0026270075248921105,-4.656487125296389e-05,19.279922711653757,198.0519680398173
14.694921874999773,1430.6783865834893,19.0804998006761,19.080874263809783,9.95104818966451,-1.221065201866712,-0.001491072847219122,0.00034326389516308836,5.39119011478962,0.5189999999999962,0.8821403046041179,1.1686004352361372,2.8646013063201936,0.056999782428537794,0.0,0.8047571160751044,0.5282338033706535,0.0,278.8505904872073,85293.38426443172,1.0655692718500382,334.7534578352476,0.0026658512555242336,-4.533556841513104e-05,19.080874263809815,193.97610380250643
14.714921874999773,1431.058006577459,18.881509947781254,18.88188836466626,9.947941576594546,-1.2234560258138387,-0.0014967161280778419,0.00035563036849398376,5.39119011478962,0.5189999999999962,0.8821403046041179,1.1685918162634306,2.864515116593127,0.05640560916497769,0.0,0.78801579733817,0.5282246403226709,0.0,278.8481229572465,85289.34619584215,1.0655282530926762,334.7519625120914,0.0027049338288297454,-4.361335772234985e-05,18.88188836466629,189.94410752886273
14.734921874999772,1431.4336473934368,18.682581888665815,18.682964339078595,9.94486881506519,-1.2258468681881736,-0.0015023689765495019,0.0003685657887533683,5.39119011478962,0.5189999999999962,0.8821403046041179,1.1685828743628677,2.864425697587498,0.05581161281469886,0.0,0.7714569346235387,0.5282155759943769,0.0,278.84568129194264,85285.35045430047,1.0654876635794774,334.75048286291724,0.002745209114114395,-4.135431809560621e-05,18.682964339078623,185.95591608960066
14.754921874999772,1431.805310260531,18.483714946817226,18.48410151304211,9.941829853441263,-1.2282377189874467,-0.0015080311939608157,0.00038210292705162193,5.39119011478962,0.5189999999999962,0.8821403046041179,1.1685735901468277,2.8643328554270986,0.05521779145082137,0.0,0.7550802504539645,0.5282066102705401,0.0,278.84326548330654,85281.39702673248,1.0654475032001989,334.7490188828838,0.0027851315463765206,-4.0185038503244364e-05,18.48410151304214,182.01146707756766
14.774921874999771,1432.1729963943308,18.28490844675091,18.285299213685175,9.938824640647837,-1.230628568076568,-0.0015137025774121615,0.00039627912498646706,5.39119011478962,0.5189999999999962,0.8821403046041179,1.1685639415259892,2.8642363692187134,0.05462414314972396,0.0,0.7388854706081021,0.5281977430372544,0.0,278.8408755234368,85277.4859002078,1.065407771845812,334.74757056720273,0.0028258560630296443,-3.811489700652543e-05,18.285299213685207,178.11069880556582
14.79492187499977,1432.536706996925,18.086161713997985,18.086556769263122,9.935853126131349,-1.233019405179373,-0.0015193829216716714,0.0004111395748434875,5.39119011478962,0.5189999999999962,0.8821403046041179,1.1685539017670095,2.864135971628916,0.0540306659910274,0.0,0.7228723241318582,0.5281889741819358,0.0,278.83851140452,85273.61706193964,1.0653684694084984,334.7461379111391,0.002866771706420959,-3.6198071056348354e-05,18.08655676926315,174.2535503042073
14.81492187499977,1432.896443256924,17.887474075093813,17.887873509152424,9.932915260012466,-1.2354102198702896,-0.0015250720168494846,0.0004267261683761622,5.39119011478962,0.5189999999999962,0.8821403046041179,1.1685434461008046,2.8640314149668678,0.05343735805757854,0.0,0.7070405432628297,0.5281803035933169,0.0,278.83617311882995,85269.7904992846,1.0653295957816515,334.744720910011,0.0029079492641445786,-3.404921532847563e-05,17.887873509152456,170.43996131979404
14.83492187499977,1433.252206349478,17.68884485756483,17.689248763845658,9.930010993175088,-1.2378010015654228,-0.0015307696423273122,0.0004430702357597663,5.39119011478962,0.5189999999999962,0.8821403046041179,1.1685325560244992,2.863922514203814,0.05284421743543673,0.0,0.6913898633731044,0.528171731161445,0.0,278.8338606587284,85266.00619974246,1.0652911508598721,334.74331955918944,0.0029502176783997185,-3.151833566002976e-05,17.689248763845686,166.669872312229
14.85492187499977,1433.6039974362984,17.490273389913494,17.49068186494767,9.92714027698918,-1.2401917395270663,-0.001536475572241973,0.00046021338212016554,5.39119011478962,0.5189999999999962,0.8821403046041179,1.1685212069586814,2.863809023545636,0.05225124221386389,0.0,0.6759200230862606,0.5281632567776772,0.0,278.83157401666404,85262.26415095592,1.0652531345389677,334.7419338540984,0.0029930943856024284,-2.8841335097867058e-05,17.4906818649477,162.9432244529686
14.87492187499977,1433.9518176656754,17.291759001609943,17.29217214517044,9.924303063376623,-1.242582422864947,-0.0015421895618865772,0.00047820288141079055,5.39119011478962,0.5189999999999962,0.8821403046041179,1.1685093709738767,2.863690663697589,0.05165843048531055,0.0,0.6606307642421085,0.5281548803346774,0.0,278.8293131851731,85258.5643407105,1.06521554671595,334.7405637902149,0.003035889408605324,-2.612533528400874e-05,17.292172145170476,159.2599596229655
14.894921874999769,1434.295668172499,17.093301023080997,17.09371893832916,9.921499304876809,-1.2449730405272852,-0.0015479113607435627,0.0004970866958432944,5.39119011478962,0.5189999999999962,0.8821403046041179,1.1684970197472577,2.8635671514313987,0.051065780345405584,0.0,0.6455218318565804,0.5281466017264123,0.0,278.8270781568787,85254.90675693417,1.0651783872890332,334.73920936306854,0.0030799594608285005,-2.321466907717087e-05,17.09371893832919,155.6200204106505
14.914921874999768,1434.6355500782765,16.8948987856931,16.895321579340635,9.918728954786973,-1.2473635813009187,-0.0015536407040555003,0.0005169013727221483,5.39119011478962,0.5189999999999962,0.8821403046041179,1.168484131729846,2.8634382712572815,0.05047328989295307,0.0,0.630592974031464,0.5281384208481481,0.0,278.82486892449117,85251.29138769735,1.065141656157634,334.73787056824165,0.003124976227172324,-2.0206595936983608e-05,16.895321579340663,152.0233501099738
14.934921874999768,1434.9714644911523,16.696551621743716,16.69697940422007,9.915991966798863,-1.249754033822472,-0.001559377313341947,0.000537702400377229,5.39119011478962,0.5189999999999962,0.8821403046041179,1.1684706741672686,2.863303695631507,0.04988095722992392,0.0,0.615843942143395,0.5281303375965901,0.0,278.8226854808075,85247.71822121253,1.065105353222367,334.7365474013693,0.0031705964459900694,-1.8648368812306926e-05,16.6969794042201,148.46989271842696
14.954921874999767,1435.303412505926,16.498258864450985,16.498691750078905,9.913288295277507,-1.252144386573549,-0.0015651209136952806,0.0005595407224780259,5.39119011478962,0.5189999999999962,0.8821403046041179,1.1684566170132744,2.8631631240915656,0.04928878046145092,0.0,0.6012744906823474,0.5281223518700177,0.0,278.82052781871147,85244.18724583421,1.0650694783850454,334.73523985813915,0.0032167004694983762,-1.5739690735429723e-05,16.498691750078937,144.95959293510015
14.974921874999767,1435.63139520407,16.30001984793858,16.30045795512495,9.910617895082995,-1.2545346278788048,-0.0015708712326032684,0.0005824784060262558,5.39119011478962,0.5189999999999962,0.8821403046041179,1.1684419236522812,2.863016190481633,0.04869675769583066,0.0,0.5868843773468505,0.528114463567007,0.0,278.81839593117354,85240.69845005861,1.0650340315486782,334.73394793429117,0.003263294384214151,-1.3476624126032304e-05,16.300457955124973,141.49239615879137
14.994921874999767,1435.955413653749,16.101833907229093,16.102277358660594,9.907980721696047,-1.2569247459098472,-0.0015766279958183823,0.0006065783482706302,5.39119011478962,0.5189999999999962,0.8821403046041179,1.1684265569977381,2.8628625239362027,0.04810488704451961,0.0,0.5726733629685663,0.5281066725879875,0.0,278.8162898112506,85237.25182252351,1.0649990126174684,334.73267162561785,0.0033101926992856836,-1.1615353529038343e-05,16.102277358660622,138.06824848609395
15.014921874999766,1436.2754689098367,15.903700378228235,15.904149301084825,9.905376731230144,-1.2593147286755308,-0.001582390935186044,0.0006319028519318774,5.39119011478962,0.5189999999999962,0.8821403046041179,1.1684104803379733,2.862701757338555,0.04751316662214141,0.0,0.5586412114916337,0.5280989788346714,0.0,278.81420945208606,85233.8473520081,1.0649644214968126,334.73141092796413,0.003358324892616766,-9.959254000252267e-06,15.904149301084846,134.6870967095589
15.034921874999766,1436.5915620139335,15.70561859771325,15.706073123894944,9.902805880370385,-1.261704564029962,-0.0015881597904867713,0.0006585189151730194,5.39119011478962,0.5189999999999962,0.8821403046041179,1.1683936542050977,2.862533496009798,0.04692159454649371,0.0,0.544787690000631,0.5280913822100496,0.0,278.81215484690944,85230.48502743272,1.0649302580932973,334.7301658372271,0.003406957095447704,-7.314252791659562e-06,15.70607312389497,131.3488883158627
15.054921874999765,1436.903693994384,15.507587903322673,15.508048169688847,9.900268126460158,-1.2640942396741526,-0.0015939343047045229,0.0006864903983013525,5.39119011478962,0.5189999999999962,0.8821403046041179,1.168376041016056,2.862357364119381,0.04633016893855613,0.0,0.5311125686544662,0.5280838826183893,0.0,278.81012598903646,85227.16483785873,1.0648965223147002,334.7289363493561,0.0034571438898623077,-4.929737747721195e-06,15.50804816968887,128.05357148398988
15.074921874999765,1437.2118658662941,15.309607633540718,15.310073782170434,9.897763427429652,-1.2664837431627247,-0.0015997142185382976,0.0007158844373905013,5.39119011478962,0.5189999999999962,0.8821403046041179,1.1683576012772356,2.862172966731178,0.04573888792250806,0.0,0.5176156207223672,0.5280764799652305,0.0,278.80812287186905,85223.88677248832,1.0648632140699854,334.72772246035265,0.003508398764785055,-3.047479740059299e-06,15.310073782170454,124.8010950834758
15.094921874999764,1437.516078631548,15.111677127688537,15.112149306153768,9.89529174171903,-1.2688730619133062,-0.0016054992774894416,0.0007467794183216756,5.39119011478962,0.5189999999999962,0.8821403046041179,1.1683382888683487,2.861979842642308,0.045147749625742396,0.0,0.5042966226360819,0.5280691741573827,0.0,278.8061454888949,85220.6508206643,1.0648303332693045,334.72652416627034,0.0035596902595774727,-8.794419333454217e-07,15.112149306153785,121.59140867263146
15.114921874999764,1437.8163332788242,14.913795725913817,14.914274087569048,9.892853028318891,-1.2712621832058664,-0.0016112892306643005,0.0007792618258177725,5.39119011478962,0.5189999999999962,0.8821403046041179,1.168318052913922,2.8617774830980425,0.04455675217888484,0.0,0.4911553539610718,0.5280619651029219,0.0,278.80419383368763,85217.45697187,1.0647978798239932,334.7253414632147,0.0036122714815279866,7.404998316875403e-07,14.914274087569064,118.42446249680201
15.134921874999764,1438.1126307836128,14.715962769176254,14.716447473471794,9.890447246901017,-1.27365109418801,-0.0016170838347378939,0.0008134128277134065,5.39119011478962,0.5189999999999962,0.8821403046041179,1.1682968457253395,2.861565411212217,0.043965893715822726,0.0,0.4781915972840461,0.5280548527111877,0.0,278.8022678999065,85214.30521572896,1.0647658536465718,334.72417434734336,0.00366571207136483,2.393338504340251e-06,14.716447473471815,115.3002074866788
15.154921874999763,1438.4049721082306,14.518177599238483,14.518668812051358,9.888074357632826,-1.2760397818839095,-0.0016228828545700976,0.0008493278159460967,5.39119011478962,0.5189999999999962,0.8821403046041179,1.1682746112433386,2.861343066392208,0.043375172373731855,0.0,0.4654051383555179,0.5280478368927802,0.0,278.8003676812965,85211.1955420049,1.0647342546507415,334.72302281486566,0.003720308718104721,4.306265213824287e-06,14.518668812051379,112.21859525659791
15.174921874999763,1438.6933582018378,14.32043955865258,14.320937452643127,9.88573432132038,-1.2784282331957366,-0.0016286860598343934,0.0008871016899982163,5.39119011478962,0.5189999999999962,0.8821403046041179,1.1682512937503855,2.8611098914626765,0.04278458629311438,0.0,0.4527957659666421,0.5280409175595567,0.0,278.79849317168805,85208.12794060151,1.0647030827513846,334.721886862043,0.0037752819473707453,5.945329935217717e-06,14.320937452643147,109.17957810289599
15.194921874999762,1438.9777900004535,14.122747990750353,14.123252745740896,9.88342709923061,-1.2808164349108593,-0.0016344932257829317,0.0009268493707111587,5.39119011478962,0.5189999999999962,0.8821403046041179,1.1682268257442587,2.860865211401409,0.042194133617837214,0.0,0.4403632721073725,0.5280340946246298,0.0,278.796644364997,85205.10240156218,1.0646723378645624,334.72076648518816,0.003831437715807188,7.200253526146261e-06,14.123252745740917,106.18310900226173
15.214921874999762,1439.2582684269712,13.925102239631405,13.925614043012311,9.88115265333581,-1.283204373703593,-0.0016403041391586117,0.0009686784636146396,5.39119011478962,0.5189999999999962,0.8821403046041179,1.1682011441137483,2.8606083950963046,0.04160381249517943,0.0,0.4281074517360642,0.528027368002363,0.0,278.7948212552247,85202.11891507,1.064642019907513,334.71966168066615,0.0038885773857687254,8.757257724458078e-06,13.92561404301233,103.2291416101273
15.234921874999761,1439.5347943911738,13.727501650149678,13.728020697317577,9.878910946174821,-1.285592036143656,-0.001646118594150522,0.001012705102852579,5.39119011478962,0.5189999999999962,0.8821403046041179,1.1681742125268335,2.8603390792271566,0.04101362107588972,0.0,0.4160281028977924,0.5280207376083694,0.0,278.79302383645734,85199.17747144747,1.0646121287986527,334.71857244489314,0.003946437797213112,1.0322396974356872e-05,13.72802069731759,100.31763025909862
15.254921874999761,1439.8073687897488,13.52994556790353,13.530472062728833,9.876701940820022,-1.2879794087047414,-0.0016519363924704083,0.0010590588993548572,5.39119011478962,0.5189999999999962,0.8821403046041179,1.1681458944683445,2.8600558986422664,0.040423557514245596,0.0,0.40412502675959666,0.528014203359508,0.0,278.7912521028666,85196.27806115642,1.0645826644575707,334.7174987743372,0.004005125759088153,1.1232283669885559e-05,13.53047206272885,97.44852995738043
15.27492187499976,1440.0759925063028,13.332433339224012,13.332967494553273,9.87452560092202,-1.2903664777668886,-0.001657757345046681,0.001107878795739275,5.39119011478962,0.5189999999999962,0.8821403046041179,1.1681161376677036,2.8597583306358576,0.0398336199681238,0.0,0.3923980275687576,0.5280077651738809,0.0,278.78950604870903,85193.42067479779,1.0645536268050304,334.71644066551767,0.004065046508612602,1.2517123533287546e-05,13.332967494553289,94.62179638723995
15.29492187499976,1440.3406664113768,13.134964151954138,13.13550619014574,9.872429651822882,-1.292753229626118,-0.0016635812708596551,0.0011593076442958945,5.39119011478962,0.5189999999999962,0.8821403046041179,1.1680848584773347,2.8594455387321682,0.039243806123411454,0.0,0.38110440951533786,0.5283584263060931,0.0,278.787785668326,85190.60530311154,1.0645250157629687,334.71539811500554,0.004125541898828548,1.3597947000694053e-05,13.135506190145756,91.83738367719921
15.31492187499976,1440.6013913422053,12.937535593327082,12.938085746783802,9.87043012304924,-1.2951396503404464,-0.0016694079979621326,0.0012134996047169814,5.39119011478962,0.5189999999999962,0.8821403046041179,1.1680519668066713,2.859116622025535,0.0386541088854668,0.0,0.37033059388693823,0.5292230635706547,0.0,278.78609095627564,85187.83193719189,1.0644968312566807,334.7143711195031,0.004187015285578955,1.533926780243289e-05,12.938085746783814,89.09522470617013
15.33492187499976,1440.8581680999107,12.740146746815219,12.740705258655831,9.868458459438468,-1.297525725711146,-0.0016752373582654908,0.0012706239170273616,5.39119011478962,0.5189999999999962,0.8821403046041179,1.1680173636912399,2.85877059087122,0.038064525631705544,0.0,0.3597069756185574,0.5301049268943507,0.0,278.7844219073506,85185.10056851718,1.0644690732151272,334.71335967585446,0.004249534847033968,1.623288944238379e-05,12.740705258655838,86.39527478820743
15.354921874999759,1441.1109974731623,12.54279705506958,12.54336417981539,9.866514666012012,-1.2999114414775752,-0.0016810691905257771,0.001330861102258728,5.39119011478962,0.5189999999999962,0.8821403046041179,1.1679809437321655,2.858406391280477,0.03747505481459954,0.0,0.349233581656141,0.5310046349041786,0.0,278.7827785164244,85182.41118869824,1.0644417415683753,334.7123637809532,0.004312636454725348,1.661088342949843e-05,12.543364179815402,83.73749491443358
15.374921874999758,1441.3598802394808,12.345485960629908,12.34606196493533,9.864598748888783,-1.3022967833343142,-0.001686903345323214,0.0013943978111964589,5.39119011478962,0.5189999999999962,0.8821403046041179,1.167942598020094,2.8580229341597607,0.03688569488839416,0.0,0.3389104444775356,0.5319228388231856,0.0,278.78116077844334,85179.76378946449,1.0644148362474588,334.71138343173664,0.0043766844371281735,1.7144492100832794e-05,12.346061964935346,81.12184665289938
15.394921874999758,1441.6048171652367,12.148212905903163,12.148798069345917,9.862710715235124,-1.304681736941243,-0.0016927396843872953,0.0014614393313250194,5.39119011478962,0.5189999999999962,0.8821403046041179,1.167902206871211,2.857619022670932,0.03629644430922344,0.0,0.328737602326753,0.5328602247449601,0.0,278.7795686884259,85177.15836266392,1.0643883571843769,334.7104186251861,0.004441915402754091,1.824756589983265e-05,12.148798069345933,78.54829214797176
15.414921874999758,1441.845809005647,11.950977333141022,11.951571949078748,9.860850573403617,-1.3070662879369281,-0.00169857807788832,0.001532191787179465,5.39119011478962,0.5189999999999962,0.8821403046041179,1.1678596502791474,2.8571934567502955,0.03570730153524244,0.0,0.3187150991639926,0.5338175161069288,0.0,278.7780022414633,85174.59490026321,1.0643623043120962,334.70946935832677,0.004508729809643742,1.8521011025685103e-05,11.951571949078764,76.01679411975404
15.434921874999757,1442.082856504772,11.75377868441738,11.75438306091636,9.859018332786457,-1.3094504219523029,-0.001704418404385646,0.0016068928536966775,5.39119011478962,0.5189999999999962,0.8821403046041179,1.1678147898774478,2.8567448527332995,0.03511826502677654,0.0,0.3088429850935289,0.5347954763834624,0.0,278.776461432719,85172.07339434767,1.0643366775645517,334.7085356282277,0.004575837096570372,1.895775582620438e-05,11.754383060916378,73.52731586352887
15.454921874999757,1442.3159603955119,11.556616401606908,11.55723086244698,9.857214003966755,-1.31183412462303,-0.0017102605528601985,0.0016857931802050266,5.39119011478962,0.5189999999999962,0.8821403046041179,1.1677674799214883,2.8562717531737047,0.03452933324648615,0.0,0.29912131632098704,0.5357949120223979,0.0,278.7749462574292,85169.59383712136,1.0643114768766453,334.70761743200205,0.00464405813718927,1.9598203587805656e-05,11.557230862446996,71.07982124920908
15.474921874999756,1442.5451213996014,11.359489926360153,11.360114812129448,9.855437598730582,-1.3142173816011453,-0.0017161044205438673,0.0017691607351114833,5.39119011478962,0.5189999999999962,0.8821403046041179,1.1677175647269098,2.8557726012279194,0.03394050465956189,0.0,0.2895501553374091,0.5368166756515559,0.0,278.77345671090256,85167.15622090707,1.0642867021842486,334.70671476680695,0.004713246451058002,1.9904064332866726e-05,11.360114812129464,68.67427472084998
15.494921874999756,1442.7703402276065,11.162398700079848,11.16303436936507,9.853689130084698,-1.3166001785703587,-0.0017219499129144799,0.0018572855158340848,5.39119011478962,0.5189999999999962,0.8821403046041179,1.16766487600723,2.8552457140311205,0.03335177773394033,0.0,0.28012957111723974,0.5378616695852881,0.0,278.77199278852055,85164.76053814642,1.0642623534242017,334.7058276298435,0.004783573343865634,2.016352212794552e-05,11.163034369365086,66.31064129616902
15.514921874999756,1442.9916175789183,10.965342163895942,10.96598899457967,9.851968612294232,-1.3189825012602516,-0.0017277969439244468,0.0019504813028879769,5.39119011478962,0.5189999999999962,0.8821403046041179,1.167609231825888,2.854689272217701,0.03276315094055035,0.0,0.2708596392954086,0.5389308496649982,0.0,278.770554485737,85162.40678139993,1.0642384305343167,334.70495601835665,0.0048543538526318675,2.0807929960505903e-05,10.965988994579686,63.98888656610125
15.534921874999755,1443.2089541417474,10.768319758640096,10.768978149316398,9.850276060917874,-1.321364335460683,-0.0017336454339486858,0.0020490887311365776,5.39119011478962,0.5189999999999962,0.8821403046041179,1.1675504348716208,2.8541013026750295,0.03217462275359149,0.0,0.2617404423669802,0.5400252294721243,0.0,278.76914179807864,85160.09494334697,1.0642149334533746,334.7040999296356,0.004926057938099873,2.1080604817550367e-05,10.768978149316414,61.708976694381924
15.554921874999755,1443.4223505931182,10.57133092481918,10.572001296341274,9.848611492886498,-1.323745667036736,-0.0017394953098590858,0.002153467989976912,5.39119011478962,0.5189999999999962,0.8821403046041179,1.167488276828049,2.8534797222393116,0.03158619165085047,0.0,0.2527720697819923,0.5411458849572984,0.0,278.7677547211447,85157.82501678595,1.0641918621211301,334.7032593610137,0.004998952432025019,2.1067211377049887e-05,10.57200129634129,59.470878417162844
15.574921874999754,1443.6318075988613,10.374375102587093,10.375057899764245,9.846974926521161,-1.3261264819475393,-0.0017453465070476984,0.002264005702814672,5.39119011478962,0.5189999999999962,0.8821403046041179,1.1674225343993472,2.8528222979522933,0.03099785611406404,0.0,0.24395461819944386,0.5422939595354404,0.0,278.7663932506074,85155.59699463434,1.0641692164783096,334.70243430986807,0.005072944269903733,2.1507372439363383e-05,10.375057899764261,57.27455904267424
15.594921874999754,1443.837325813607,10.177451731717284,10.17814742517441,9.845366381546528,-1.3285067662657366,-0.0017511989675009245,0.0023811262104716587,5.39119011478962,0.5189999999999962,0.8821403046041179,1.1673529627433419,2.8521265813922403,0.030409614629324098,0.0,0.23528819180524077,0.5434706697036097,0.0,278.7650573822115,85153.41086992876,1.0641469964666141,334.7016247736202,0.005147777888567139,2.1560248631776778e-05,10.178147425174426,55.11998645089525
15.614921874999753,1444.038905880777,9.980560251573941,9.981269339793966,9.843785879166987,-1.3308865061974304,-0.0017570526390531355,0.0025052876181562347,5.39119011478962,0.5189999999999962,0.8821403046041179,1.1672792979120632,2.8513899330794534,0.02982146568753884,0.0,0.2267729024729762,0.5446773112465721,0.0,278.76374711177493,85151.26663582506,1.0641252020287186,334.7008307497356,0.005223518041231176,2.1739217491563272e-05,9.981269339793984,53.00712909326024
15.634921874999753,1444.2365484325758,9.783700101081699,9.784423112654244,9.842233442102446,-1.3332656881012637,-0.0017629074765601938,0.002636990073488442,5.39119011478962,0.5189999999999962,0.8821403046041179,1.1672012521076716,2.850609475035537,0.02923340778495977,0.0,0.21840887007177506,0.5459152661045885,0.0,278.76246243518824,85149.16428559835,1.0641038331082744,334.7000522357241,0.005300001799576224,2.1824882852059518e-05,9.78442311265426,50.935955992408964
15.654921874999753,1444.4302540899816,9.586870718694891,9.587608214794768,9.840709094662198,-1.3356442985105583,-0.0017687634409895689,0.0027767733564637003,5.39119011478962,0.5189999999999962,0.8821403046041179,1.1671185152267425,2.8497821062262463,0.02864543942377774,0.0,0.21019622266358673,0.5471860099891196,0.0,278.7612033484151,85147.10381264325,1.0640828896499102,334.6992892291396,0.0053772918200504765,2.2137687759108675e-05,9.587608214794784,48.906436741957926
15.674921874999752,1444.6200234627372,9.390071542365066,9.390824119491496,9.839212862788806,-1.338022324154719,-0.0017746204983514965,0.0029252255327148445,5.39119011478962,0.5189999999999962,0.8821403046041179,1.1670307499512846,2.848904453471668,0.02805755911280589,0.0,0.20213509683926298,0.5484911208452103,0.0,278.7599698474922,85145.08521047383,1.0640623715992323,334.6985417275803,0.005455456775553796,2.2085984830104592e-05,9.390824119491512,46.91854150631994
15.694921874999752,1444.8058571493386,9.193302009507738,9.194070302516316,9.837744774124499,-1.3403997519838098,-0.0017804786198738155,0.003082986117048404,5.39119011478962,0.5189999999999962,0.8821403046041179,1.1669375900795251,2.847972854754073,0.02746976536825618,0.0,0.19422563800456044,0.5498322882747863,0.0,278.7587619285293,85143.10847272379,1.0640422789028268,334.69780972868875,0.0055343313782023965,2.2011732039649286e-05,9.19407030251633,44.97224102055073
15.714921874999751,1444.9877557370246,8.996561556967821,8.997346242433707,9.836304858075705,-1.3427765691927078,-0.0017863377833054243,0.003250751654876305,5.39119011478962,0.5189999999999962,0.8821403046041179,1.1668386374613426,2.846983328572248,0.026882056714626942,0.0,0.18646800070741992,0.5512113240532958,0.0,278.7575795877093,85141.17359314661,1.0640226115082612,334.69709323015184,0.0056143574213914065,2.169878143521143e-05,8.997346242433723,43.067506590232725
15.73492187499975,1445.1657198017651,8.799849620983435,8.80065142094132,9.83489314588346,-1.3451527632480138,-0.0017921979726046285,0.0034292811439429758,5.39119011478962,0.5189999999999962,0.8821403046041179,1.166733459082693,2.8459315447857514,0.026294431685721563,0.0,0.17886234897710301,0.5526301738937558,0.0,278.7564228212885,85139.28056561561,1.0640033693640842,334.6963922297008,0.0056950584753041895,2.1454485810604234e-05,8.800651420941337,41.20431009140468
15.75492187499975,1445.3397499082482,8.60316563714864,8.603985323259531,9.833509670690669,-1.3475283219163627,-0.0017980591777780768,0.0036194074877204416,5.39119011478962,0.5189999999999962,0.8821403046041179,1.1666215806518396,2.8448127604772178,0.02570688882581358,0.0,0.17140885675247403,0.554090930637973,0.0,278.7552916255964,85137.42938412415,1.0639845524198295,334.69570672511145,0.005776371771915774,2.1284692579041217e-05,8.603985323259547,39.3826239705202
15.77492187499975,1445.5098466098673,8.406509040374619,8.407347438579018,9.83215446762091,-1.3499032332927345,-0.0018039213946178308,0.0038220498953734808,5.39119011478962,0.5189999999999962,0.8821403046041179,1.1665024797243708,2.8436217512025297,0.02511942669098519,0.0,0.1641077083404474,0.5555958490854064,0.0,278.75418599703585,85135.62004278568,1.0639661606260158,334.69503671420375,0.005858096216617318,2.1148988825516637e-05,8.407347438579038,37.602421244443725
15.79492187499975,1445.6760104487066,8.209879264848977,8.210737260577186,9.830827573881423,-1.352277485830104,-0.0018097846237278387,0.004038211144557154,5.39119011478962,0.5189999999999962,0.8821403046041179,1.1663755877048747,2.8423528310075685,0.024532043850671266,0.0,0.1569590986990766,0.5571473627069213,0.0,278.7531059320834,85133.85253583401,1.0639481939341486,334.69438219484255,0.005940686018151097,2.096402523010655e-05,8.210737260577206,35.863675500493706
15.814921874999749,1445.8382419555267,8.013275743993201,8.014154288015298,9.829529028846455,-1.3546510683712145,-0.0018156488704817364,0.004268992123071343,5.39119011478962,0.5189999999999962,0.8821403046041179,1.1662402818683058,2.840999772641879,0.0239447388894448,0.0,0.14996323394979832,0.5587481025349853,0.0,278.7520514272891,85132.12685762334,1.0639306522967222,334.6937431649372,0.006023902332593328,2.0801396666443866e-05,8.014154288015321,34.166360896534336
15.834921874999749,1445.9965416497485,7.816697910418379,7.817598025429121,9.828258874151956,-1.3570239701823883,-0.0018215141446130787,0.004515611053709687,5.39119011478962,0.5189999999999962,0.8821403046041179,1.1660958747094359,2.8395557010531802,0.023357510409081503,0.0,0.14312033196901827,0.5604009185753831,0.0,278.7510224792766,85130.44300262853,1.063913535667222,334.6931196224416,0.00610768696255713,2.0584239049095184e-05,7.81759802542914,32.51045216110338
15.854921874999748,1446.1509100394364,7.620145195878827,7.621067983931062,9.827017153808539,-1.3593961809884836,-0.001827380460403018,0.004779410194194725,5.39119011478962,0.5189999999999962,0.8821403046041179,1.1659416107734852,2.838013061693674,0.022770357030957745,0.0,0.13643062283515972,0.5621089041504992,0.0,278.75001908474366,85128.80096544523,1.063896844000126,334.69251156535466,0.00619200267208397,2.0179481057921834e-05,7.62106798393108,30.895924593586273
15.874921874999748,1446.3013476212814,7.423617031223454,7.424563682144922,9.825803914314113,-1.3617676910097165,-0.0018332478364672712,0.005061878524964286,5.39119011478962,0.5189999999999962,0.8821403046041179,1.165776654271402,2.8363634966728424,0.022183277398844584,0.0,0.1298943494966765,0.5638754236634471,0.0,278.7490412404616,85127.20074079008,1.0638805772509066,334.6919189917197,0.006276865483339574,2.003084842461621e-05,7.424563682144938,29.322754064439394
15.894921874999747,1446.4478548805816,7.227112846344744,7.2280846472982745,9.824619204780824,-1.3641384909999927,-0.0018391162956698896,0.005364668167843592,5.39119011478962,0.5189999999999962,0.8821403046041179,1.1656000805585431,2.834597759544253,0.02159627018217283,0.0,0.12351176837387852,0.5657041443694555,0.0,278.7480889432762,85125.6423235009,1.0638647353760329,334.6913418996254,0.006361992814407555,1.9710223100264008e-05,7.228084647298292,27.790917015462256
15.914921874999747,1446.5904322912234,7.030632070125094,7.031630416503165,9.823463077071816,-1.3665085722870678,-0.001844985864706241,0.005689620351834785,5.39119011478962,0.5189999999999962,0.8821403046041179,1.1654108622887962,2.8327055768467835,0.021009334079860817,0.0,0.1172831500986136,0.5675990728605373,0.0,278.747162190107,85124.12570853689,1.0638493183329731,334.69078028720486,0.006447398531767258,1.9511590515718274e-05,7.031630416503182,26.30039046011711
15.934921874999747,1446.7290803156595,6.834174130380324,6.835200538264357,9.822335585949295,-1.3688779268139977,-0.0018508565741616675,0.006038789330071889,5.39119011478962,0.5189999999999962,0.8821403046041179,1.1652078570389144,2.8306755243479653,0.020422467824822037,0.0,0.11120878023713451,0.5695645971175901,0.0,278.74626097794817,85122.65089097887,1.0638343260801975,334.6902341526366,0.006533097835589375,1.925698900812033e-05,6.835200538264375,24.851151983906945
15.954921874999746,1446.8637994048886,6.637738453800091,6.638794574261651,9.821236789233824,-1.3712465471830049,-0.0018567284581142939,0.006414472920887951,5.39119011478962,0.5189999999999962,0.8821403046041179,1.1649897914360425,2.828494868319247,0.019835670189291683,0.0,0.10528896010653865,0.5716055351685824,0.0,278.7453853038682,85121.21786602952,1.063819758577179,334.68970349414417,0.00661907809538214,1.8942999505006127e-05,6.638794574261667,23.443179744807395
15.974921874999746,1446.9945899984307,6.441324465884969,6.442412101465392,9.820166747980393,-1.3736144267010952,-0.0018626015542715256,0.006819251462861036,5.39119011478962,0.5189999999999962,0.8821403046041179,1.1647552408507529,2.8261493624663503,0.01924893999114877,0.0,0.09952400770508567,0.5737271916225958,0.0,278.7445351650102,85119.8266290136,1.0638056157843978,334.6891883099962,0.00670508811859699,1.870839874611237e-05,6.442412101465408,22.076452473758366
15.994921874999745,1447.1214525243038,6.244931590879861,6.246052714658574,9.81912552667059,-1.37598155942768,-0.0018684759037982388,0.0072560319893827125,5.39119011478962,0.5189999999999962,0.8821403046041179,1.164502606635789,2.8236230203167123,0.018662276101453094,0.0,0.09391425870651476,0.5759354236408902,0.0,278.743710558592,85118.47717537823,1.0637918976633438,334.68868859850676,0.00679117985050931,1.8327351399362763e-05,6.24605271465859,20.750949475215975
16.014921874999747,1447.2443873989978,6.048559251703381,6.049716029458267,9.818113193423958,-1.3783479402242997,-0.0018743515513369104,0.007728101419005806,5.39119011478962,0.5189999999999962,0.8821403046041179,1.1642300888596415,2.8208978425552367,0.01807567745347413,0.0,0.08846006755902194,0.5782367182759436,0.0,278.7429114819065,85117.16950069315,1.0637786041765187,334.68820435803536,0.0068771374934942465,1.802366198485799e-05,6.049716029458282,19.466650627768377
16.034921874999746,1447.3633950274466,5.852206869872829,5.8534016859541715,9.817129820226624,-1.3807135648063058,-0.0018802285450448765,0.008239187875452594,5.39119011478962,0.5189999999999962,0.8821403046041179,1.163935655253676,2.8179535064955807,0.017489143053563912,0.0,0.08316180866262025,0.58063828358204,0.0,278.74213793232155,85115.90360065103,1.063765735287439,334.68773558698683,0.006963038569181703,1.766470077161493e-05,5.853401685954187,18.223536384820008
16.054921874999746,1447.478475803,5.655873865424308,5.657109353114488,9.816175483188733,-1.383078429796709,-0.0018861069364508628,0.00879353907122897,5.39119011478962,0.5189999999999962,0.8821403046041179,1.163617001492469,2.814766968883511,0.016902671994322518,0.0,0.07801987772682609,0.5831481565095309,0.0,278.74138990728045,85114.67947106773,1.06375329096064,334.68728228381195,0.007048681533877989,1.7303875632704013e-05,5.657109353114503,17.0215877753472
16.074921874999745,1447.5896301073933,5.459559656827523,5.460838734152799,9.81525026282665,-1.385442532782251,-0.0018919867804461199,0.009396015017790488,5.39119011478962,0.5189999999999962,0.8821403046041179,1.1632715047466007,2.8113120014248283,0.016316263470635053,0.0,0.07303469324460339,0.5857753313846974,0.0,278.7406674043019,85113.49710788272,1.0637412711616787,334.68684444700693,0.007133934949935153,1.6991657566068023e-05,5.460838734152816,15.860786404730435
16.094921874999745,1447.6968583107143,5.26326366089453,5.2645895731066075,9.814354244373968,-1.3878058723715916,-0.0018978681351854518,0.01005220057828945,5.39119011478962,0.5189999999999962,0.8821403046041179,1.1628961678173932,2.807558632132754,0.015729916799328912,0.0,0.06820669812034566,0.5885299138109014,0.0,278.73997042098034,85112.3565071593,1.0637296758571382,334.6864220751141,0.007218790545751856,1.6731671600653396e-05,5.2645895731066235,14.741114455664395
16.114921874999744,1447.8001607713697,5.066985292682075,5.068361662957677,9.81348751812934,-1.3901684482558143,-0.001903751061950224,0.010768545388953377,5.39119011478962,0.5189999999999962,0.8821403046041179,1.1624875501868763,2.8034724558275848,0.015143631443437885,0.0,0.06353636150318903,0.5914233061919478,0.0,278.73929895498605,85111.25766508507,1.0637185050146307,334.6860151667215,0.0073031759013954724,1.6468611736181302e-05,5.068361662957693,13.66255468915756
16.134921874999744,1447.8995378360494,4.870723965386407,4.872154855727852,9.812650179851152,-1.3925302612713502,-0.0019096356251839678,0.011552539946465436,5.39119011478962,0.5189999999999962,0.8821403046041179,1.1620416818596961,2.799013772555783,0.014557407042368782,0.0,0.05902418087367394,0.5944684328991461,0.0,278.73865300406567,85110.20057797221,1.0637077586028005,334.6856237204638,0.007386731539789586,1.6205804723731538e-05,4.872154855727868,12.625090445619072
16.154921874999744,1447.9949898396872,4.67447909022983,4.675969075131928,9.811842331192704,-1.3948913134649925,-0.001915521892472106,0.012412931869924895,5.39119011478962,0.5189999999999962,0.8821403046041179,1.1615539589493113,2.794136543451935,0.013971243449708376,0.0,0.05467068433926378,0.5976800155563327,0.0,278.738032566042,85109.18524225801,1.0636974365913305,334.68524773502145,0.007469556135115886,1.5872345148158545e-05,4.675969075131944,11.628705646043453
16.174921874999743,1448.0865171054206,4.4782500763381075,4.479804332572298,9.811064080190718,-1.3972516081613713,-0.001921409934641456,0.013359998766389264,5.39119011478962,0.5189999999999962,0.8821403046041179,1.1610190133634244,2.7887870875930654,0.013385140781015277,0.0,0.05047643322352626,0.601074912258637,0.0,278.73743763881475,85108.21165450521,1.0636875389509457,334.6848872091217,0.007551332932993211,1.5545048049928166e-05,4.479804332572313,10.673384793301915
16.194921874999743,1448.1741199445478,4.282036330607289,4.28366074754612,9.810315541828812,-1.3996111500327433,-0.0019272998258299252,0.014405900522508742,5.39119011478962,0.5189999999999962,0.8821403046041179,1.160430546105429,2.782902415013111,0.012799099474796093,0.0,0.04644202506033954,0.6046725391477248,0.0,278.7368682203604,85107.27981140249,1.0636780656534173,334.6845421415384,0.007632060286102801,1.5247062266471027e-05,4.283660747546135,9.759112973544381
16.214921874999742,1448.2577986564813,4.085837257558704,4.087538573948005,9.809596838667408,-1.4019699451712184,-0.001933191643467892,0.015565128120979115,5.39119011478962,0.5189999999999962,0.8821403046041179,1.159781118046824,2.776408134427062,0.012213120371096942,0.0,0.042568096945901225,0.6084953992003974,0.0,278.73632430873283,85106.38970976496,1.0636690166715677,334.6842125310921,0.007711466056940596,1.493410869218921e-05,4.087538573948019,8.885875857724233
16.234921874999742,1448.3375535286991,3.889652259180445,3.891438234347708,9.808908101564292,-1.404328001163331,-0.0019390854683396066,0.016855088954065057,5.39119011478962,0.5189999999999962,0.8821403046041179,1.1590618807380324,2.7692157613391455,0.011627204813923644,0.0,0.03885532938485768,0.6125697522001565,0.0,278.7358059020634,85105.54134653466,1.0636603919792775,334.6838983766504,0.007789534309019624,1.4604560009260933e-05,3.891438234347721,8.053659703255281
16.25492187499974,1448.413384836692,3.693480734753446,3.6953603652046008,9.808249470503002,-1.4066853271670763,-0.0019449813846492687,0.018296879054666905,5.39119011478962,0.5189999999999962,0.8821403046041179,1.158262226537643,2.7612192193352514,0.01104135478634016,0.0,0.035304450720548386,0.616926472965872,0.0,278.7353129985615,85104.73471878118,1.06365219155149,334.68359967712826,0.007866047486659318,1.4278354622930631e-05,3.695360365204614,7.2624513558137105
16.27492187499974,1448.485292843908,3.4973220806596887,3.4993058773061985,9.807621095555211,-1.4090419339913305,-0.0019508794800867058,0.019916317149040817,5.39119011478962,0.5189999999999962,0.8821403046041179,1.1573693276413552,2.752290230372374,0.010455573091055298,0.0,0.03191624228097067,0.6216021640725833,0.0,278.73484559651456,85103.96982370218,1.0636444153642173,334.6833164314878,0.007940753936893846,1.397913017821242e-05,3.4993058773062096,6.512238251297231
16.29492187499974,1448.5532778016916,3.3011756901698157,3.303276037751705,9.807023137980817,-1.4113978341775817,-0.00195677984589206,0.021745340977338927,5.39119011478962,0.5189999999999962,0.8821403046041179,1.1563675256572719,2.74227221053154,0.009869863595384274,0.0,0.028691544282333305,0.6266406178312979,0.0,278.73440369428897,85103.24665862408,1.0636370633945473,334.68304863873914,0.008013541923932896,1.3656261194620699e-05,3.303276037751716,5.803008417958494
16.31492187499974,1448.61733994922,3.1050409532070344,3.1072725829873464,9.806455771512256,-1.4137530420839355,-0.001962682576926786,0.023823933945037807,5.39119011478962,0.5189999999999962,0.8821403046041179,1.1552375061966362,2.730972015925184,0.009284231568990515,0.0,0.02563126272695808,0.6320947656424972,0.0,278.73398729033005,85102.56522100272,1.0636301356206501,334.68279629794,0.008084148746703452,1.3337302703806248e-05,3.107272582987356,5.134750478732933
16.33492187499974,1448.6774795134331,2.908917256083254,2.9112978775115472,9.80591918384738,-1.4161075739713707,-0.0019685877717777367,0.02620282757295027,5.39119011478962,0.5189999999999962,0.8821403046041179,1.1539551676171766,2.718148630130588,0.008698684158085402,0.0,0.022736377436126932,0.6380293201763638,0.0,278.73359638316265,85101.92550842409,1.0636236320217867,334.68255940819654,0.008152431552621816,1.3022456242967614e-05,2.9112978775115557,4.507453653782355
16.35492187499974,1448.7336967089586,2.712803981203082,2.7153551412941828,9.805413578387558,-1.4184614480921067,-0.0019744955328438963,0.02894737161027335,5.39119011478962,0.5189999999999962,0.8821403046041179,1.1524900425334648,2.703497379293469,0.008113231064940251,0.0,0.020007951416696312,0.6445244230606482,0.0,278.7332309713917,85101.32751860519,1.063617552578316,334.6823379686634,0.008218136958762421,1.2718487192737822e-05,2.715355141294192,3.921107763282523
16.37492187499974,1448.7859917380301,2.5167005067302433,2.5194487832620123,9.804939176255434,-1.4208146847799747,-0.001980405966437978,0.03214320643905661,5.39119011478962,0.5189999999999962,0.8821403046041179,1.1508030513946212,2.686627467905034,0.00752788554431564,0.0,0.01744714174670981,0.6516807863054577,0.0,278.73289105370276,85100.77124939482,1.0636118972717044,334.6821319785439,0.008281046264739468,1.2420926220557536e-05,2.51944878326202,3.3757032304861405
16.39492187499974,1448.8343647903996,2.3206062062108512,2.323584903340119,9.804496218601166,-1.4231673065425334,-0.0019863191828915845,0.03590479519117529,5.39119011478962,0.5189999999999962,0.8821403046041179,1.148843236131053,2.6670293152693514,0.006942665903522868,0.0,0.015055212046303766,0.6596271122267656,0.0,278.7325766288624,85100.25669877458,1.063606666084535,334.6819414370906,0.008340944289606638,1.2120854373913272e-05,2.323584903340126,2.8712310851026284
16.414921874999738,1448.8788160432398,2.124520448147828,2.1277720714367923,9.804084969169462,-1.4255193381546523,-0.001992235296674101,0.04038865430606685,5.39119011478962,0.5189999999999962,0.8821403046041179,1.1465428893948342,2.644025847907163,0.006357597829970492,0.0,0.012833546385345038,0.6685310956677939,0.0,278.7322876957189,85099.78386485984,1.0636018590005183,334.68176634360566,0.008397560633080678,1.1854145880429419e-05,2.1277720714367985,2.407682967043666
16.434921874999738,1448.9193456610392,1.9284425955226479,1.932022579375676,9.80370571695658,-1.427870806753097,-0.001998154426505825,0.045814598418917905,5.39119011478962,0.5189999999999962,0.8821403046041179,1.1438100844962251,2.6166977989210727,0.005772718131840058,0.0,0.01078366373878502,0.6786162586777905,0.0,278.73202425320324,85099.35274590093,1.0635974760045042,334.68160669744117,0.008450658128769687,1.1586192531161558e-05,1.9320225793756816,1.9850511305970586
16.454921874999737,1448.9559537954865,1.732372005266722,1.7363545379227785,9.803358778465023,-1.430221741931404,-0.0020040766954807195,0.05250129269615752,5.39119011478962,0.5189999999999962,0.8821403046041179,1.1405168391575218,2.5837653455340392,0.005188081003838575,0.0,0.008907230369094512,0.69018867698176,0.0,278.7317863003293,85098.9633402843,1.0635935170824935,334.6814624979996,0.008499975399455812,1.131068310312146e-05,1.736354537922784,1.6033284491081528
16.474921874999737,1448.9886405853438,1.53630802770177,1.540795567514956,9.803044498208926,-1.4325721758339154,-0.002010002231191583,0.06092874749158303,5.39119011478962,0.5189999999999962,0.8821403046041179,1.1364796430025863,2.5433933839846845,0.004603769054805263,0.0,0.007206062962503689,0.7036813139666369,0.0,278.73157383619525,85098.61564653394,1.063589982221652,334.68133374473433,0.008545230914423602,1.1047498468943115e-05,1.5407955675149605,1.262508420270403
16.494921874999736,1449.017406156309,1.340250006014311,1.345389697227303,9.802763243870043,-1.4349221432470156,-0.002015931165848464,0.07185495196509584,5.39119011478962,0.5189999999999962,0.8821403046041179,1.13142598198043,2.4928567737631213,0.004019913921283066,0.0,0.00568210327745785,0.7197315736953094,0.0,278.73138685998396,85098.30966331277,1.0635868714103256,334.6812204371503,0.008586137208981754,1.0796282263888383e-05,1.3453896972273072,0.9625851721564638
16.514921874999736,1449.0422506208697,1.1441972759547372,1.1502112662265898,9.802515386021486,-1.4372716816840145,-0.0020218636363794093,0.08655036469639342,5.39119011478962,0.5189999999999962,0.8821403046041179,1.1249337454463608,2.4279344084224297,0.0034367378039659537,0.0,0.004337310365427519,0.7393261605264408,0.0,278.7312253709643,85098.04538942425,1.0635841846380567,334.68112257480436,0.008622406730647025,1.0544802072142258e-05,1.1502112662265933,0.7035534701575697
16.534921874999736,1449.0631740781564,0.9481491663183511,0.955395768801974,9.802301231797447,-1.4396208314565824,-0.0020277997845002203,0.10731647563306732,5.39119011478962,0.5189999999999962,0.8821403046041179,1.1163147216044238,2.3417441700030595,0.0028546456302183222,0.0,0.003173306343152227,0.7640950813080679,0.0,278.73108936849195,85097.82282381391,1.0635819218955984,334.68104015730614,0.008653743418918038,1.0298694307778948e-05,0.9553957688019769,0.4854087250329971
16.554921874999735,1449.0801766138272,0.7521050019660416,0.7612176918217828,9.802120806477102,-1.4419696357169969,-0.0020337397567097505,0.13878732920446138,5.39119011478962,0.5189999999999962,0.8821403046041179,1.104374733357813,2.2223442875369526,0.0022744576262557995,0.0,0.0021902073144245025,0.7969765532289976,0.0,278.7309788520101,85097.6419655706,1.0635800831749294,334.6809731843181,0.008679838672457571,1.0061608713400197e-05,0.761217691821785,0.30814700224954583
16.574921874999735,1449.0932583000808,0.5560641158092704,0.568326054633386,9.80197303461492,-1.444318140430858,-0.0020396837041072183,0.19182908347217037,5.39119011478962,0.5189999999999962,0.8821403046041179,1.0868868889173553,2.0474658431323745,0.0016981130917832618,0.0,0.0013822341702611524,0.8439568428159457,0.0,278.73089382104945,85097.50281392633,1.0635786684692499,334.68092165555595,0.008700403526359583,9.830843390086453e-06,0.5683260546333877,0.17176503244310493
16.594921874999734,1449.102419196197,0.3600259001343095,0.3786861479790706,9.801851700209763,-1.4466663941530338,-0.0020456317817024497,0.29878571292831546,5.39119011478962,0.5189999999999962,0.8821403046041179,1.0594694710937624,1.7732916648964459,0.001131484241573092,0.0,0.0007160354179883091,0.919623673104063,0.0,278.7308342752247,85097.40536825053,1.0635776777729256,334.6808855707862,0.008715198073010617,9.6059774258062e-06,0.3786861479790718,0.0762602205139768
16.614921874999734,1449.1076593509254,0.16398989458677904,0.20168122044312659,9.801755113498054,-1.4490144510285832,-0.002051584156016427,0.6046907262783091,5.39119011478962,0.5189999999999962,0.8821403046041179,1.0162440256854939,1.3410372108137603,0.0006026075631345705,0.0,0.00017744352688363378,1.0681878345628975,0.0,278.73080021421896,85097.34962802465,1.063577111081228,334.6808649298167,0.008722090490138635,9.387521088138366e-06,0.20168122044312717,0.021630666839533616
16.634921874999733,1449.108978801025,-0.03204478857342266,0.12169232006689462,9.801726290265456,-1.4513624035023396,-0.002057541088304651,1.8204673180872033,5.39119011478962,0.5189999999999962,0.8821403046041179,1.2641172255369124,3.8197692093279456,0.000363607049904673,0.0,-2.529387897755007e-06,1.225149636911116,0.0,278.7307916377933,85097.33559285768,1.0635769683904928,334.68085973250277,0.008722267322581063,9.175647120805427e-06,0.121692320066895,0.007875266704111887
16.654921874999733,1449.106377562555,-0.2280788550171906,0.2565180999200482,9.801665280202258,-1.4537103248154373,-0.002063502787646449,2.6492727436502745,5.39119011478962,0.5189999999999962,0.8821403046041179,1.349783470523501,4.676431659193831,0.0007664558178551178,0.0,-0.00031847531176048036,1.0062499589302638,0.0,278.7308085458434,85097.36326257879,1.0635772496990614,334.68086997878106,0.008723829729271949,8.970102043596089e-06,0.256518099920049,0.03499250812258134
16.674921874999733,1449.09985565975,-0.4241110253306863,0.44005676085636075,9.80154526718493,-1.4560581517162083,-0.002069469116081039,2.8544215578506655,5.39119011478962,0.5189999999999962,0.8821403046041179,1.3708758394563998,4.887355348522819,0.001314854736411852,0.0,-0.0009352134428418122,0.890071170042196,0.0,278.7308509382116,85097.43263693019,1.0635779550041586,334.6808956685562,0.008736334966461786,8.77059849227125e-06,0.440056760856362,0.10298091037975238
