time_s,altitude_m,vertical_speed_m_s,ground_speed_m_s,acceleration_m_s2,east_m,north_m,aoa_rad,mass_kg,motor_mass_kg,cg_m,cp_m,stability_cal,mach,thrust_N,drag_N,cd,wind_m_s,temperature_K,pressure_Pa,density_kg_m3,sound_speed_m_s,pitch_rate_rad_s,yaw_rate_rad_s,air_speed_m_s,q_Pa
0.0,0.0,0.0,0.0,0.0,0.0,0.0,1.5707963267948966,6.136190114789624,1.264,0.9439213879763907,nan,nan,0.008813448382129975,0.0,0.0,0.6249971946557795,3.0,288.15,101325.0,1.2249994633486807,340.3889,0.0,0.0,3.0000000000000018,5.512497585069069
0.004,0.0,0.0048541999172289334,0.0048542704298387895,7.281405646462173,0.0,0.0,1.5691782474559903,6.13597564789434,1.2637855331047163,0.9439057615190233,nan,nan,0.008813383053796718,104.84847822794296,2.8793768761667856e-10,0.6249978446676542,3.0,288.15,101325.0,1.2249994633486807,340.3889,0.0,0.0,2.9999777629605053,5.512415864287593
0.0078125,0.00011088061417841565,0.06366211396457085,0.0636623567240542,23.56896691198489,-3.8499271792496264e-07,-5.69897296842426e-14,1.5495775635184987,6.135771234134773,1.2635811193451492,0.9438908665350545,nan,nan,0.008814916216909465,204.7821840389511,6.420295033943389e-07,0.6249825923547746,3.0,288.14999927927596,101324.9986995562,1.2249994506905515,340.38889956324124,0.0,0.0,3.000499630815982,5.51433382343175
0.0118125,0.0005811844363010502,0.17826607680471399,0.17826638790187332,33.733376749045846,-1.4025482683349485e-06,-4.0404464438019855e-13,1.5114375184932893,6.1352147794875505,1.2630246646979268,0.94385031441682,nan,nan,0.008828018082580292,267.12452244475503,1.3774062543093948e-05,0.6248523923045802,3.0,288.1499962223011,101324.99318368053,1.224999397000674,340.38889771071445,0.0,0.0,3.00495934409976,5.530737931585807
0.015625,0.0015294561096542035,0.32534489344100104,0.32534525287803656,43.42304164924013,-2.9589580713448195e-06,-1.2426006161475197e-12,1.462752926590847,6.134684408651917,1.262494293862293,0.9438116563316443,nan,nan,0.008863712187203941,326.5445637377869,8.120226853751465e-05,0.6244989848360613,3.0,288.14999005853525,101324.98206204294,1.22499928874599,340.38889397547234,0.0,0.0,3.017109187919264,5.57555232198986
0.019625,0.0032238201751572364,0.533238041538,0.5332384296619698,60.5243903156786,-5.2120459055716644e-06,-2.905813024951848e-12,1.394850533224144,6.133785966252756,1.2615958514631318,0.9437461547033559,nan,nan,0.008949729652164102,431.39304196572994,0.0003417950089199011,0.6236550776287302,3.0,288.14997904516883,101324.96218999191,1.2249990953173948,340.3888873013723,0.0,0.0,3.046388517948236,5.684291640954926
0.0234375,0.005736150778799065,0.795065914026218,0.7950663157299283,76.82870134298757,-7.960461218941562e-06,-5.475639383531849e-12,1.3116640797569568,6.132929638341055,1.2607395235514314,0.9436837056008994,nan,nan,0.0091154409813043,531.326747776738,0.0010681198752378852,0.6220594324297575,3.0,288.1499627150199,101324.93272456416,1.2249988085097154,340.3888774053021,0.0,0.0,3.102794722680456,5.896737007856771
0.0274375,0.009540945103819611,1.1098067428195382,1.1098071663655023,80.54194348215793,-1.1495218969158868e-05,-9.464601717973135e-12,1.216367871486844,6.131770357826008,1.2595802430363845,0.9435991353978588,nan,nan,0.009394517090389146,553.996689015212,0.0026994255632170317,0.6194578416126489,3.0,288.14993798385683,101324.88810070291,1.224998374154307,340.3888624182173,0.0,0.0,3.1977889853660617,6.263327504063047
0.03125,0.014366003951406223,1.4236212487469335,1.4236217063763794,84.08226669581026,-1.551602523296404e-05,-1.4752481584998846e-11,1.1275756173613425,6.130665418585105,1.2584753037954808,0.9435184996531295,nan,nan,0.009752422812961594,575.6039767581328,0.005285721935370123,0.6162684109916537,3.0,288.1499066209743,101324.8315108486,1.2249978233253696,340.38884341231045,0.0,0.0,3.3196159217718284,6.749646050885809
0.035250000000000004,0.020745524242156973,1.769233491366978,1.7692339951844376,88.72414592714983,-2.046419355765517e-05,-2.2145790434440972e-11,1.037756958616268,6.129401802823704,1.25721168803408,0.9434262484522843,nan,nan,0.01022857276707785,603.9414033062255,0.009329471315115205,0.6122591645341627,3.0,288.1498651540924,101324.75668976657,1.2249970950388591,340.38881828338003,0.0,0.0,3.481691796911192,7.424816276088014
0.0390625,0.02814625740888861,2.11593058835362,2.1159310096201613,93.14998917527988,-2.5554618800303193e-05,-3.019040701174676e-11,0.9563056668669907,6.128197419051118,1.2560073042614948,0.943338286115803,nan,nan,0.010781889911910628,630.9505129848765,0.014666467803707756,0.6079012046830733,3.0,288.1498170493268,101324.66989156888,1.2249962501703484,340.38878913189205,0.0,0.0,3.670034451668621,8.24983088330177
0.043062500000000004,0.03736962665929301,2.4993661400403773,2.4993664966791154,98.56814399001848,-3.089539282537654e-05,-3.8630660469903663e-11,0.875963825639388,6.126808214567254,1.2546180997776304,0.9432367824227863,nan,nan,0.011468338221629222,664.0108439576513,0.02202938602440062,0.6028906838888455,3.0,288.1497570974267,101324.56171690434,1.224995197229107,340.3887528010406,0.0,0.0,3.9036933439608745,9.333741711472008
0.046875,0.04762732575310573,2.885004575280256,2.885004884247115,103.7343070744745,-3.5985818068024565e-05,-4.6675277047209454e-11,0.8047136769584528,6.125484129043571,1.2532940142539473,0.9431399938617614,nan,nan,0.012224725979006612,695.5214719160772,0.030904454614753208,0.5978111599886422,3.0,288.1496904223826,101324.44141128412,1.2249940262080987,340.38871239596386,0.0,0.0,4.161158735387549,10.60553401909264
0.050875000000000004,0.059993583668827746,3.297215528270589,3.2972157986110644,102.37102564802211,-4.132659209309791e-05,-5.5115530505366355e-11,0.7380136471888613,6.124044689070722,1.2518545742810976,0.9430347255909032,nan,nan,0.01309345080198215,687.0202439516494,0.04190784555553732,0.59246770873519,3.0,288.1496100417061,101324.29637580249,1.2249926144728673,340.3886636852739,0.0,0.0,4.456862221515582,12.166394426057932
0.0546875,0.07330505806637747,3.68502686001571,3.685027101905621,101.07085813574791,-4.6417017335745937e-05,-6.316014708267215e-11,0.6830648233161782,6.122672722846599,1.2504826080569753,0.9429343456990016,nan,nan,0.013957394642378081,678.9175110480542,0.053578718555373904,0.5875996218441619,3.0,288.14952351712253,101324.14025451554,1.224991094830595,340.38861125137623,0.0,0.0,4.750938179006474,13.824890317073256
0.058687500000000004,0.08885009147495362,4.086579487812298,4.086579705933792,99.70532349433223,-5.175779136081928e-05,-7.160040054082905e-11,0.6330415435122568,6.121268061289201,1.2490779464995772,0.9428315270356976,nan,nan,0.01489104065851372,670.4162830836264,0.06689937366407768,0.5827673303446251,3.0,288.1494224744054,101323.95793732445,1.22498932020334,340.3885500194897,0.0,0.0,5.068739738032752,15.736287857474101
0.0625,0.10515163768113933,4.464223835135229,4.464224034805063,98.40306979041641,-5.684821660346731e-05,-7.964501711813484e-11,0.5914861761149557,6.119929243242305,1.247739128452682,0.942733484065623,nan,nan,0.015799157632069075,662.3135501800311,0.08048330427604847,0.5784359963439034,3.0,288.14931651435506,101323.76674750604,1.224987459210944,340.38848580769917,0.0,0.0,5.377851343417147,17.714105758667177
0.0665,0.1237978751087965,4.859424290857471,4.859424474288836,99.19718809372934,-6.218899062854065e-05,-8.808527057629174e-11,0.5528854305150737,6.118532310221674,1.2463421954320508,0.9426311395381445,nan,nan,0.016775441620433106,667.0364546047133,0.0957106835553623,0.5741310289937666,3.0,288.1491953138118,101323.5480583889,1.2249853305457858,340.3884123601699,0.0,0.0,5.710165939819941,19.97093281834552
0.0703125,0.14304718743835712,5.23905667144193,5.2390568415814975,99.9542531393118,-6.727941587118867e-05,-9.612988715359753e-11,0.5198534972165433,6.1172008584363855,1.2450107436467617,0.9425335489025668,nan,nan,0.017734247217416056,671.5379728844883,0.1112431330142429,0.5702125098919115,3.0,288.1490701932816,101323.32229621381,1.2249831330313732,340.3883365371287,0.0,0.0,6.036530910074454,22.319012261140028
0.0743125,0.1648014604058344,5.637682809819198,5.637682967928632,99.35874949054465,-7.262018989626201e-05,-1.0457014061175443e-10,0.48883816249171197,6.115801993281563,1.2436118784919388,0.9424309713351052,nan,nan,0.01875965569125421,667.7596493447427,0.12844247631839503,0.5663186188641405,3.0,288.14892879050734,101323.06715504831,1.2249806495466753,340.38825084704746,0.0,0.0,6.38556638723888,24.974573565774694
0.078125,0.18701584791714132,6.015405487384601,6.015405635565939,98.79079301292785,-7.771061513891004e-05,-1.1261475718906022e-10,0.4624449146457411,6.114468699930872,1.2422785851412481,0.9423331584044002,nan,nan,0.019746252918233852,664.1584347209225,0.1455292753045951,0.5628272299878576,3.0,288.1487843969885,101322.80661751029,1.2249781135324287,340.38816334457505,0.0,0.0,6.7213907637750765,27.67047556860935
0.082125,0.21186496942930633,6.408448478340584,6.408448617433664,97.73060755431409,-8.305138916398338e-05,-1.2105501064721713e-10,0.4376588829045268,6.113091088252158,1.2409009734625345,0.9422320493792098,nan,nan,0.02078605042364532,657.5463685263676,0.1640783110843277,0.5593869621369592,3.0,288.1486228776987,101322.51517895781,1.2249752767315922,340.3880654638854,0.0,0.0,7.075323492339407,30.661255218353823
0.0859375,0.23700499517584653,6.779119333319234,6.779119464806938,96.71959223564374,-8.81418144066314e-05,-1.2909962722452292e-10,0.4164643009287607,6.111778052120884,1.2395879373312602,0.9421356374138704,nan,nan,0.02177727438416831,651.2442429346823,0.18225413907766042,0.5563111369105609,3.0,288.1484594675313,101322.22032858615,1.224972406717598,340.387966437324,0.0,0.0,7.412722142174679,33.65516724967255
0.0899375,0.26489899457485444,7.168821778083789,7.168821902423725,98.13171016921741,-9.348258843170474e-05,-1.3753988068267982e-10,0.396175695289198,6.110396576173787,1.2382064613841628,0.9420341554048565,nan,nan,0.022828998936007438,659.7454708991102,0.20204485915302972,0.5532418852025692,3.0,288.14827815653524,101321.89317871873,1.2249692223030226,340.38785656286035,0.0,0.0,7.770714015303391,36.98426849825462
0.09375,0.29294656882959774,7.545515304932954,7.545515423065488,99.47808154597699,-9.857301367435277e-05,-1.4558449725998561e-10,0.3782718059399707,6.109079856911709,1.2368897421220857,0.9419373876445,nan,nan,0.02385377146230732,667.8482038027054,0.22181195565246145,0.5504242645784192,3.0,288.14809584730256,101321.56422767564,1.2249660203521058,340.38774608346534,0.0,0.0,8.119531503644875,40.37903991660575
0.09775,0.3239232747503634,7.942542618640093,7.942542730867485,99.03552642717024,-0.0001039137876994261,-1.540247507181425e-10,0.360999764522464,6.107686788159462,1.235496673369838,0.9418349634183119,nan,nan,0.02494143851568488,665.0144611478961,0.24329845060423216,0.547601874593762,3.0,288.1478944987141,101321.20092282681,1.224962484002648,340.3876240662207,0.0,0.0,8.489756997147703,44.145181994731324
0.1015625,0.3549229445643896,8.319311053205189,8.31931116034998,98.61344472712943,-0.00010900421294207413,-1.620693672954483e-10,0.3459506113456714,6.106359019504976,1.2341689047153517,0.9417372968293742,nan,nan,0.02597992533002384,662.3135501800311,0.26428709155927715,0.5450533303533175,3.0,288.14769300086033,101320.83734865,1.2249589450266487,340.3875019585214,0.0,0.0,8.843241884155729,47.89768749124034
0.1055625,0.3889870890520651,8.712259301428825,8.712259403741074,97.86061102719512,-0.00011434498696714747,-1.705096207536052e-10,0.33148873314148075,6.104981407826262,1.2327912930366378,0.9416359190355115,nan,nan,0.027068786079099905,657.590645755349,0.286779214329735,0.5425202967577537,3.0,288.1474715839211,101320.4378333208,1.2249550561992053,340.38736777985616,0.0,0.0,9.21387284246083,51.99655705152675
0.109375,0.4229120483063354,9.083984453729657,9.083984551855194,97.14268613627058,-0.0001194354122097955,-1.78554237330911e-10,0.3188418605770967,6.1036683716949875,1.2314782569053637,0.9415392507307361,nan,nan,0.028103656398197906,653.0891274755738,0.30860743219190556,0.5402332531058255,3.0,288.147251071686,101320.03995040114,1.2249511832554725,340.3872341494417,0.0,0.0,9.566125870868847,56.048109429801904
0.113375,0.46002683264716576,9.473834004206571,9.473834098294228,97.78211753168222,-0.00012477618623486883,-1.869944907890679e-10,0.3065436729831564,6.102292692150465,1.2301025773608416,0.9414379258697325,nan,nan,0.029193463740225977,656.8674510153194,0.3320615296840329,0.5379407276914185,3.0,288.14700982558776,101319.60465617881,1.2249469461479,340.3870879543062,0.0,0.0,9.937078109835149,60.47901241844808
0.1171875,0.4968579406840851,9.847790359247076,9.847790449761884,98.39173413708545,-0.00012986661147751686,-1.950391073663737e-10,0.2955812794161552,6.100981497584593,1.228791382794969,0.9413413080798154,nan,nan,0.030242699444951372,660.4686656391395,0.3550864292659164,0.5358367126930648,3.0,288.14677042338553,101319.17268900413,1.2249427414184406,340.38694287657165,0.0,0.0,10.294220008401988,64.90418254500976
0.1211875,0.5370371167056808,10.242017845997712,10.242017933028496,98.72202593095768,-0.0001352073855025902,-2.0347936082453058e-10,0.2848204633311139,6.09959422523492,1.2274041104452964,0.9412390391342009,nan,nan,0.03135247718597215,662.3578274090124,0.3797030339345717,0.5337125319778778,3.0,288.1465092587414,101318.70145460278,1.2249381544573759,340.3867846107973,0.0,0.0,10.671968898916438,69.7546667870276
0.125,0.5768030425778955,10.618995817694975,10.618995901636136,99.03692396790979,-0.00014029781074523823,-2.1152397740183638e-10,0.27522065634625265,6.098271981276639,1.2260818664870148,0.9411415207363659,nan,nan,0.03241686586209312,664.1584347209225,0.4034780042772614,0.5317654379120551,3.0,288.1462507802232,101318.23506693314,1.2249336146658543,340.3866279728153,0.0,0.0,11.034267660244948,74.57093458846671
0.129,0.6200693105246777,11.013635416396218,11.013635497329608,98.28281515201958,-0.00014563858477031156,-2.1996423085999327e-10,0.2658248874923964,6.096890505329542,1.2247003905399176,0.9410395886665417,nan,nan,0.033534115952839734,659.4355302962404,0.42865742525132305,0.5298094057932831,3.0,288.14596954948155,101317.72762611695,1.2249286752560462,340.38645754698587,0.0,0.0,11.414558936156984,79.79929884321578
0.1328125,0.6627713317518412,11.386967971701003,11.386968049980915,97.56371580848761,-0.0001507290100129596,-2.2800884743729907e-10,0.25749571497722,6.095573786067464,1.2233836712778403,0.9409423916574382,nan,nan,0.03459359975684447,654.9340120164652,0.45278593929594396,0.5280315028031511,3.0,288.1456919863436,101317.22680296918,1.2249238002529192,340.38628934372423,0.0,0.0,11.77518705627425,84.92092326466054
0.1368125,0.7091022462033644,11.779122507252026,11.779122582925817,98.51359573749929,-0.00015606978403803293,-2.3644910089545596e-10,0.24927946575848592,6.094190377986175,1.2220002631965512,0.940840226596321,nan,nan,0.035708927510454805,660.6014973260837,0.4800593995700878,0.5279653955520489,3.0,288.14539083539967,101316.6834189853,1.2249185109527891,340.38610684625223,0.0,0.0,12.154822814938745,90.48455748390145
0.140625,0.754728299750975,12.15643185204212,12.156431925367158,99.41922064648008,-0.00016116020928068096,-2.4449371747276174e-10,0.24184502630116175,6.092871817158697,1.2206817023690726,0.9407428073396669,nan,nan,0.036784175579172775,666.003319261814,0.5068519416144814,0.5279759948067342,3.0,288.1450942660516,101316.14830183859,1.2249133021112533,340.3859271252273,0.0,0.0,12.520815708053869,96.01533507215179
0.144625,0.8041515028317907,12.555700204438681,12.555700275432,100.21499490731213,-0.0001665009833057543,-2.5293397093091865e-10,0.2344374239633534,6.091467155601299,1.2192770408116744,0.9406389803053389,nan,nan,0.03792408844619721,670.7262236864962,0.5357492648389869,0.5279875748787526,3.0,288.1447730152316,101315.56865049123,1.224907659760776,340.38573244723034,0.0,0.0,12.908818623152383,102.05783524749269
0.1484375,0.8527502679824477,12.9392160563193,12.939216125208391,100.97368362938613,-0.00017159140854840232,-2.6097858750822443e-10,0.22772993645419173,6.090128337554403,1.2179382227647793,0.9405399755837033,nan,nan,0.03902087677183059,675.2277419662713,0.5640551267628813,0.5279990504686297,3.0,288.14445712325806,101314.99866841918,1.2249021115191612,340.3855410166944,0.0,0.0,13.282142250925318,108.04573843596935
0.1524375,0.9053116671434349,13.340669790520987,13.340669857337037,99.75308331285073,-0.00017693218257347566,-2.6941884096638135e-10,0.2211013979214143,6.08872947239958,1.2165393576099564,0.9404364839054061,nan,nan,0.04017074192107654,667.6710948867799,0.5942802678469935,0.5280114327078949,3.0,288.1441154741635,101314.38221129088,1.2248961108727097,340.38533397734307,0.0,0.0,13.673531404923294,114.50663307307934
0.15625,0.9568951146901236,13.71875982434302,13.718759889317614,98.58913862383318,-0.00018202260781612369,-2.774634575436871e-10,0.21519672922851335,6.0873961790488895,1.2152060642592657,0.9403377991274807,nan,nan,0.04125521631959329,660.4686656391395,0.6233190983813821,0.528023440311279,3.0,288.1437801817545,101313.77722389613,1.224890221859791,340.3851307901432,0.0,0.0,14.042662202720411,120.77194764065001
0.16025,1.012564714218535,14.117501853400398,14.117501916539815,100.78200909920862,-0.00018736338184119702,-2.8590371100184404e-10,0.2092969915798183,6.085985721088916,1.2137956062992923,0.9402333558840014,nan,nan,0.04240040523248506,673.6927980282495,0.6545611918413654,0.5280364674050283,3.0,288.14341832935753,101313.12431278633,1.2248838663368558,340.3849115075907,0.0,0.0,14.432458182945412,127.56911255651883
0.1640625,1.067125195787049,14.505718657839004,14.50571871928862,102.87282768552934,-0.00019245380708384505,-2.939483275791498e-10,0.20385148864434197,6.084641378345816,1.2124512635561926,0.9401337633477829,nan,nan,0.04351671149163653,686.2970492116199,0.6856005631623885,0.528049509263856,3.0,288.1430636862274,101312.4844097715,1.224877637420945,340.3846965938538,0.0,0.0,14.812422637842971,134.3738932901992
0.1680625,1.1259769069831997,14.921600562749369,14.921600622486315,105.06826163339,-0.0001977945811089184,-3.0238858103730673e-10,0.19831975169445096,6.0831768206284735,1.2109867058388502,0.9400252148630277,nan,nan,0.044713927307198684,699.5211816007298,0.719546084902578,0.5280638730700574,3.0,288.1426811501046,101311.7941778245,1.2248709185781572,340.38446477696334,0.0,0.0,15.21992621453687,141.86831870280747
0.171875,1.1836341715124459,15.326163394924455,15.326163453084533,107.16154380088791,-0.00020288500635156641,-3.104331976146125e-10,0.19321573327473787,6.081780914054132,1.2095907992645083,0.9399217059276794,nan,nan,0.04587980553018789,712.1254327841002,0.7532688237910259,0.5280782355785806,3.0,288.1423063778851,101311.11795473522,1.2248643360828275,340.3842376649984,0.0,0.0,15.616762629611383,149.36196287543464
0.175875,1.2457899633580791,15.750193821968248,15.750193878562525,104.85348510987119,-0.00020822578037663975,-3.188734510727694e-10,0.18813743686349668,6.080318288470981,1.2081281736813576,0.939813198671708,nan,nan,0.04710300633101298,697.9567195100539,0.7893681907919811,0.528093701675312,3.0,288.14190236523814,101310.38897145928,1.2248572399897557,340.38399283333433,0.0,0.0,16.033109369404023,157.4312660947407
0.1796875,1.306594277073096,16.145752590408545,16.145752645616305,102.65258724753062,-0.00021331620561928778,-3.269180676500752e-10,0.18363237827907783,6.078924223462041,1.2067341086724173,0.9397097290923703,nan,nan,0.04824511954049525,684.4521646707285,0.8237488663596795,0.528108509898835,3.0,288.141507137199,101309.67583875696,1.2248502981706058,340.3837533251426,0.0,0.0,16.421854868813952,165.15717127221257
0.1836875,1.3719969049659708,16.555160502811948,16.555160556654425,102.05130762475942,-0.00021865697964436112,-3.353583211082321e-10,0.1791889309765053,6.077498308428534,1.2053081936389098,0.9396038464496931,nan,nan,0.049428205747764686,680.6738411309827,0.8600591088253158,0.5281242234873792,3.0,288.1410820201177,101308.90877553532,1.2248428313565,340.3834957041913,0.0,0.0,16.824545458810146,173.3552700640753
0.1875,1.4358537312677022,16.94313810296416,16.94313815557371,101.47786963522422,-0.00022374740488700914,-3.434029376855379e-10,0.17517008715693386,6.0761392331622215,1.203949118372598,0.9395028807996221,nan,nan,0.050550226048236814,677.0726265071627,0.8951575103808223,0.5281394777582076,3.0,288.1406669507467,101308.15984197584,1.2248355410004845,340.38324417215256,0.0,0.0,17.206449935934497,181.31358060763552
0.1915,1.5044406476936012,17.350955418722435,17.35095547009545,102.43083295087015,-0.00022908817891208248,-3.518431911436948e-10,0.1711337329505285,6.074709453860331,1.2025193390707072,0.9393966137854053,nan,nan,0.05173046588385169,682.7401118167813,0.9327804915959653,0.5281558930943657,3.0,288.14022113578994,101307.35543238603,1.224827710599858,340.38297400828867,0.0,0.0,17.608169824379754,189.8774733342224
0.1953125,1.571337790124357,17.743204796890772,17.743204847128084,103.3393726206719,-0.0002341786041547305,-3.5988780772100057e-10,0.16742154788121147,6.073346695463217,1.2011565806735924,0.939295281466078,nan,nan,0.052866414137210146,688.1419337525115,0.9696792282887543,0.5281720502381771,3.0,288.1397863043642,101306.57084101341,1.224820073093256,340.38271050044466,0.0,0.0,17.994813338462617,198.30651922689037
0.1993125,1.6431348892917947,18.1547359531553,18.15473600225383,102.4261223343625,-0.00023951937817980385,-3.683280611791575e-10,0.16369463252456973,6.071916916161325,1.1997268013717015,0.9391889166942862,nan,nan,0.054058954414994094,682.4744484428929,1.0091483123910698,0.5281893899798559,3.0,288.1393196232196,101305.72878135975,1.224811876143213,340.38242769167107,0.0,0.0,18.40071814224907,207.35233914981788
0.203125,1.7130921004393533,18.543575522522435,18.543575570591422,101.55521587792262,-0.00024460980342245185,-3.7637267775646326e-10,0.16032125023570465,6.07055415776421,1.1983640429745868,0.9390874911354852,nan,nan,0.05518640280671012,677.0726265071627,1.0471580256720918,0.5282061390228482,3.0,288.1388649013471,101304.90830050923,1.2248038892244473,340.38215213021635,0.0,0.0,18.784466555673003,216.08981311605356
0.207125,1.788079311020347,18.95014644955822,18.950146496595895,101.73023848459447,-0.0002499505774475252,-3.848129312146202e-10,0.15693839610298585,6.069134039133278,1.1969439243436546,0.9389817479818076,nan,nan,0.056365910920958086,678.0172073920992,1.0876510644718647,0.5282240315383672,3.0,288.1383774844783,101304.02882619477,1.2247953280095585,340.38185675559384,0.0,0.0,19.185933416996118,225.42360527831772
0.2109375,1.86106648083977,19.33831089646135,19.338310942554873,101.89700383225812,-0.00025504100269017324,-3.9285754779192596e-10,0.15383824079023725,6.067780488563171,1.1955903737735474,0.9388809154675345,nan,nan,0.0574926003509336,678.9175110480542,1.1270307622111002,0.5282414762256952,3.0,288.1379030678745,101303.17280900672,1.2247869951095085,340.381569259132,0.0,0.0,19.5694215282389,234.5235971897989
0.2149375,1.9392361976329773,19.746871805377026,19.74687185051688,102.38346192464157,-0.0002603817767152466,-4.012978012500829e-10,0.1507038106246402,6.066352641395472,1.1941625266058482,0.9387744994722118,nan,nan,0.058679069045100854,681.7512537028634,1.1692436368461183,0.5282602197650391,3.0,288.1373949647154,101302.25600922771,1.2247780704908426,340.3812613486175,0.0,0.0,19.973255536334044,244.3009314673284
0.21875,2.015266349527596,20.138092693713503,20.138092737976425,102.84717793491943,-0.00026547220195789463,-4.0934241782738865e-10,0.1478189740154454,6.064991724563759,1.192801609774135,0.9386730250888412,nan,nan,0.05981570415275927,684.4521646707285,1.2104030491996447,0.5282785351903136,3.0,288.136900768728,101301.36430295944,1.2247693901156167,340.3809618658492,0.0,0.0,20.36012691419927,253.85474746945334
0.22275,2.096638641291697,20.54733898689747,20.5473390302788,101.7758760286492,-0.000270812975982968,-4.1778267128554557e-10,0.14491628226637185,6.063571605932827,1.1913814911432028,0.9385670878613965,nan,nan,0.06100522530385796,677.8400984761736,1.2542353444862309,0.528298079160102,3.0,288.1363718488316,101300.40994234299,1.2247600997943953,340.38064134039195,0.0,0.0,20.76499771404228,264.0491714636329
0.2265625,2.1757125607566405,20.933412245132075,20.933412287713324,100.7542741399102,-0.000275903401225616,-4.2582728786285134e-10,0.14227985685911063,6.062218055362719,1.1900279405730956,0.9384660702436587,nan,nan,0.06212784873354316,671.5379728844883,1.2963166163914828,0.5283168770448002,3.0,288.13585786835506,101299.48253778194,1.2247510718469812,340.38032986822316,0.0,0.0,21.147097645926493,273.8541797408785
0.2305625,2.260249383296413,21.334283776014228,21.334283817795377,99.68140129294432,-0.0002812441752506894,-4.3426754132100826e-10,0.13964135951333154,6.060824986610472,1.188634871820848,0.9383620562062516,nan,nan,0.06329394697917545,664.9259066899333,1.3407648885571848,0.5283367659118956,3.0,288.13530837900856,101298.4910625227,1.2247414201589093,340.3799968776792,0.0,0.0,21.543993475147733,284.22797950378185
0.234375,2.3423083044105577,21.712369018383225,21.71236905943682,98.65831671504813,-0.0002863346004933374,-4.4231215789831403e-10,0.1372404168537343,6.059497217955985,1.1873071031663616,0.9382628733117006,nan,nan,0.06439415540720009,658.6237810982482,1.3833931756212605,0.5283558701197613,3.0,288.1347749960213,101297.52864889466,1.224732051341123,340.3796736475889,0.0,0.0,21.91846160231489,294.19224858706
0.238375,2.429947508874114,22.10734866774894,22.107348708069058,98.83149851621526,-0.0002916753745184108,-4.5075241135647095e-10,0.13481828678535546,6.058115742008888,1.1859256272192642,0.9381596323903459,nan,nan,0.06554391221106244,659.5683619831846,1.4286614087807004,0.5283761865682375,3.0,288.1342053411923,101296.50078789452,1.2247220453738292,340.37932843676253,0.0,0.0,22.309792821519554,304.7885263991533
0.2421875,2.514950441077531,22.484458321131434,22.4844583607753,98.99650764251888,-0.0002967657997610588,-4.587970279337767e-10,0.13258373913617835,6.0567990227468105,1.184608907957187,0.9380611870510771,nan,nan,0.06664200069148318,660.4686656391395,1.4725848738307723,0.5283959257752728,3.0,288.133652822133,101295.50384595005,1.2247123403579376,340.3789936102126,0.0,0.0,22.683537127538138,315.08349307056574
0.2461875,2.6056794601307676,22.879854592950675,22.87985463190944,98.70158911861424,-0.00030210657378613217,-4.672372813919336e-10,0.13031858090577825,6.0554194789339055,1.1832293641442815,0.9379579986692974,nan,nan,0.06779368621951909,658.5795038692668,1.51937825976393,0.5284169808844654,3.0,288.1330630835091,101294.43974660277,1.224701981538076,340.3786362286065,0.0,0.0,23.075522460309983,326.0644944038798
0.25,2.693625545914744,23.255618214001323,23.255618252330592,98.42027499487695,-0.0003071969990287802,-4.752818979692395e-10,0.12823609135847122,6.0541046012372295,1.1819144864476059,0.9378596034709249,nan,nan,0.06888850246032589,656.7788965573568,1.5645521778537685,0.5284373308663484,3.0,288.13249143395154,101293.40828639902,1.2246919404140586,340.3782898089746,0.0,0.0,23.448150654947067,336.6774705873782
0.254,2.787435009273318,23.649020511479723,23.649020549171382,98.2808445753393,-0.00031253777305385356,-4.837221514273963e-10,0.12612561797763497,6.052730853826899,1.1805407390372755,0.9377567572579869,nan,nan,0.07003502401170153,655.8343156724203,1.6125836702083753,0.5284589914808546,3.0,288.1318816724397,101292.30805860233,1.2246812298030132,340.3779202934985,0.0,0.0,23.838375820808196,347.97367560969684
0.2578125,2.878310841446905,24.023462638007743,24.023462675111922,98.14778550050492,-0.0003176281982965016,-4.917667680047022e-10,0.12418006334421355,6.051421500826429,1.1792313860368044,0.9376586884984821,nan,nan,0.07112657278461533,654.9340120164652,1.6590023371412337,0.5284799458392297,3.0,288.13129097953055,101291.24223738318,1.2246708540934392,340.3775623335955,0.0,0.0,24.209889461570423,358.9012736983546
0.2618125,2.9751911669896396,24.417023319193373,24.417023355699495,98.63256454870016,-0.00032296897232157495,-5.00207021462859e-10,0.1221985192661289,6.050043889147714,1.1778537743580906,0.9375554614316027,nan,nan,0.07227413952034131,657.7677546712744,1.7085309358571596,0.5285023251062569,3.0,288.13066125741454,101290.1059935193,1.2246597927765315,340.3771807219932,0.0,0.0,24.600467849041767,370.57165494775063
0.265625,3.068999007694746,24.79394084381496,24.793940879766115,99.094669779187,-0.000328059397564223,-5.082516380401648e-10,0.1203588815922353,6.0487308530164405,1.1765407382268165,0.9374570293675651,nan,nan,0.07337343836324929,660.4686656391395,1.7566774880961213,0.528524099075877,3.0,288.13005150644995,101289.00578475362,1.224649082214688,340.3768112129087,0.0,0.0,24.974616977809696,381.9261003407245
0.269625,3.1689663225928775,25.18941509732454,25.189415132711265,98.6424081989911,-0.00033340017158929635,-5.166918914983217e-10,0.11848701995543827,6.047353241337726,1.1751631265481026,0.9373537104331147,nan,nan,0.07452712161588794,657.6349229843304,1.8079453229413516,0.5285473038312801,3.0,288.1294017189031,101287.83333567787,1.2246376683415932,340.3764174416553,0.0,0.0,25.367274657854484,394.0263269730739
0.2734375,3.265716814298957,25.56466712964908,25.56466716451638,98.21107285758949,-0.0003384905968319444,-5.247365080756275e-10,0.11676368398665359,6.046040205206452,1.1738500904168285,0.9372551907493543,nan,nan,0.0756220507036947,654.9340120164652,1.8573038987533537,0.5285696617598182,3.0,288.12877284070703,101286.69861454733,1.22462662170364,340.3760363414685,0.0,0.0,25.73993387853716,405.68463028217604
0.2774375,3.368760380231649,25.95691800553603,25.956918039876424,97.91432643487636,-0.00034383137085701774,-5.331767615337844e-10,0.11501483364924554,6.044672254198697,1.1724821394090734,0.9371525051705544,nan,nan,0.07676681725959343,653.0448502465924,1.9096412364310311,0.5285933861395363,3.0,288.12810305752845,101285.49008620222,1.2246148564911152,340.37563045286225,0.0,0.0,26.12955382259378,418.05509051246906
0.28125,3.468432044567184,26.3296768706232,26.329676904477427,97.63127273140007,-0.00034892179609966577,-5.412213781110902e-10,0.11340054899530404,6.043368425894431,1.1711783111048069,0.9370545897088651,nan,nan,0.07785491270270073,651.2442429346823,1.9600826497886081,0.5286162665755426,3.0,288.1274551917103,101284.3211046121,1.2246034762203941,340.37523784617645,0.0,0.0,26.499884428675063,429.9851450763381
0.28525,3.5745335110643435,26.72148360396621,26.721483637324045,98.27211207153351,-0.00035426257012473913,-5.496616315692471e-10,0.11175171105114712,6.041996610618292,1.1698064958286682,0.9369515229101721,nan,nan,0.07899882595137463,655.022566474428,2.013843392331284,0.5286406680942886,3.0,288.12676553217807,101283.07671221788,1.2245913617541022,340.3748199124999,0.0,0.0,26.889211156498064,442.7079481395854
0.2890625,3.677124847415248,27.097310525337942,27.09731055823312,98.88301032433527,-0.00035935299536738716,-5.577062481465529e-10,0.1102143756079604,6.040689099183222,1.1684989843935987,0.9368532437956336,nan,nan,0.08009628433465703,658.6237810982482,2.0661271207894694,0.5286644133002194,3.0,288.12609868849177,101281.8734877679,1.224579648012734,340.374415805226,0.0,0.0,27.26272598857816,455.0882252347679
0.2930625,3.786303526790139,27.491622401821708,27.49162243424507,98.27287023371511,-0.0003646937693924605,-5.661465016047098e-10,0.10864607232360787,6.039317283907084,1.16712716911746,0.9367500855364326,nan,nan,0.08124792305279398,654.8454575585025,2.1217367079694047,0.5286896831626298,3.0,288.12538902707587,101280.5930048235,1.2245671820778075,340.373985750408,0.0,0.0,27.65467940342194,468.26303637989184
0.296875,3.8918281335707268,27.86517864273086,27.865178674719562,97.69100733383287,-0.00036978419463510855,-5.741911181820156e-10,0.10720078778016916,6.038009772472014,1.1658196576823905,0.93665171919058,nan,nan,0.08233912625115838,651.2442429346823,2.175132525053282,0.5287139598826004,3.0,288.1247031171318,101279.35537802703,1.2245551333036286,340.37357008898186,0.0,0.0,28.026062360114185,480.9196424546742
0.300875,4.004069998752305,28.25565955668667,28.2556595882333,97.55316827157293,-0.0003751249686601819,-5.826313716401725e-10,0.10573041197075453,6.0366476178668345,1.1644575030772106,0.9365491966247061,1.1170872577576028,1.805380611328966,0.0834799521409589,650.2996620497458,2.2316906052496357,0.5287396870257699,3.0,288.1239735450081,101278.0389690465,1.2245423174915437,340.3731279682749,0.0,0.0,28.414332432860064,494.33199061350643
0.3046875,4.112503321792464,28.627309345775085,28.627309716970682,97.4181992589773,-0.00038644901704224053,-5.923332868951295e-10,0.10424766911863255,6.035349314258772,1.1631591994691486,0.9364514367292989,1.1176890724817676,1.8123763575246876,0.08456492691300758,649.3993583937909,2.285823349929982,0.5287644832115609,3.0,288.12326872840833,101276.76722788281,1.224529936478382,340.3727008494154,0.0036633923059882813,-3.4182527311890584e-07,28.78359257051381,507.2585880890442
0.31040625,4.277813666648003,29.187018033042634,29.187019601350393,98.33463219729047,-0.000426967523674221,-6.180891252694693e-10,0.10205748503997374,6.033393571802373,1.1612034570127487,0.9363040934616824,1.118583866559675,1.822797730979926,0.08619924682921903,654.8011803295211,2.368558571661861,0.5288024388763319,3.0,288.12219421116674,101274.82841456933,1.2245110610797707,340.37204969196705,0.009250476770231447,-3.142580977262823e-07,29.339814325165076,527.0446862382411
0.3125,4.339139761521945,29.39324939563874,29.393251603793097,98.67021112937262,-0.00044891085480289655,-6.322140253547328e-10,0.10126302977975268,6.0326775349467505,1.160487420157127,0.9362501242207781,1.1189101743718355,1.8266005015105735,0.08680153217719912,656.7788965573568,2.3994107226379873,0.528816609711874,3.0,288.1217955915501,101274.10916224844,1.2245040587327276,340.37180812847936,0.011323845668194792,-3.9129991655830777e-07,29.544794455475646,534.4316613461398
0.315640625,4.431939149398941,29.702755592058054,29.7027589567879,98.43598858307467,-0.0004890014412416153,-6.597220802767524e-10,0.10008231844040831,6.031600445608845,1.1594103308192212,0.9361689175415505,1.1193968462289312,1.832279286873807,0.0877055214709862,655.29560938648,2.446081979440261,0.5288380644376889,3.0,288.1211923955289,101273.02078094443,1.224493462659717,340.37144259169054,0.014460584155290076,-5.826186707386295e-07,29.852454866336064,545.6153449942228
0.3203125,4.571779652447708,30.161803629814735,30.16180913799853,98.08730966612174,-0.0005646056702469151,-7.161549434614886e-10,0.09835458566139856,6.029998208235543,1.1578080934459187,0.9360480638806226,1.1201127093880558,1.8406464550743329,0.08904648950224606,653.0891274755738,2.516114893596283,0.5288702997503405,3.0,288.12028343225904,101271.38068619228,1.2244774952272717,340.370891759949,0.019187019809540105,-8.463232428349562e-07,30.30883303997243,562.4180400824775
0.328125,4.810412299255839,30.92819071222679,30.928200862388394,98.11549866913191,-0.0007337129009328175,-8.487587842435443e-10,0.09552800902368247,6.027326428923521,1.155136314133897,0.9358463938391504,1.1212934700341104,1.8544707619496004,0.09128578800813002,653.0891274755738,2.635194045472529,0.5289252207530598,3.0,288.1187323200548,101268.58192515244,1.224450247161664,340.3699517859532,0.02724791682232563,-1.092285943666804e-06,31.07093926306996,591.0441342542462
0.3359375,5.055039432708398,31.69718927344425,31.697205242717548,98.75573732051602,-0.0009559445923176145,-1.021498383183999e-09,0.09275886314221402,6.024647102212313,1.1524569874226889,0.9356439744784806,1.1224619350202794,1.8681796054179878,0.09353337125896144,656.7788965573568,2.7573917699112793,0.5289817171516125,3.0,288.1171422436874,101265.71285883,1.2244223143161692,340.36898819967456,0.035498591714089284,-1.7976695613361668e-06,31.835858938317227,620.4894239834335
0.34375,5.305672099378278,32.462814968647656,32.4628377419853,97.25155602827788,-0.001230534851127417,-1.1891339368875795e-09,0.09005626424311926,6.0219790965998845,1.1497889818102605,0.9354422314281884,1.123613605382023,1.8817137395383454,0.09577170702112568,647.5544738528995,2.8817286400841255,0.5290393474134241,3.0,288.115513131354,101262.77335766715,1.2243936954067376,340.36800095760054,0.04393040952115227,-1.7077038619910973e-06,32.597624467077544,650.5235053663633
0.3515625,5.562249648120692,33.220273772757885,33.2203041187896,96.66479029949626,-0.0015562804153981386,-1.3028811364149102e-09,0.08742359625968757,6.019337506884609,1.1471473920949848,0.9352423096403177,1.1247463032817169,1.8950399364139914,0.09798673367900367,643.8647047711166,3.0073374221815086,0.5290977198570634,3.0,288.1138453772872,101259.7641330002,1.2243643973357712,340.36699029863604,0.05253277199970328,-1.1038786453980297e-06,33.35144963151647,680.9420088995726
0.359375,5.824739409141179,33.97793714567189,33.97797556314492,97.30350969551931,-0.001931462892525119,-1.32512545664167e-09,0.08482982217691445,6.016695917169333,1.1445058023797092,0.9350422123038252,1.125872850021132,1.9083063771730668,0.10020292111009547,647.5544738528995,3.135576785163211,0.5291574592929359,3.0,288.11213919384056,101256.68556799107,1.2243344238102503,340.3659563514674,0.06129529711260018,-8.453003836726861e-07,34.10566307284829,712.0706074884574
0.3671875,6.093161679799112,34.73819767184616,34.738244369680245,97.32890627304549,-0.002353784676772148,-1.2424592471109923e-09,0.08226309768437129,6.014046780054871,1.141856665265247,0.9348413667264311,1.1269981091390984,1.9215674241266723,0.10242725649639707,647.5544738528995,3.266867209278912,0.5292187626413927,3.0,288.1103944490813,101253.53742458575,1.2243037724883974,340.36489903614324,0.07020691833574119,-5.592398158923056e-08,34.862642815945335,744.0117679647617
0.375,6.367521145995313,35.49745904805761,35.497513953298466,97.04695642311036,-0.0028204405282018716,-1.0722579497280773e-09,0.07972672089492013,6.011401416640002,1.1392113018503782,0.9346406306124698,1.1281203833392746,1.9347975272680473,0.10464919535534221,645.709589312008,3.400575742319424,0.5292813444553102,3.0,288.108611112551,101250.3196478265,1.2242724428104956,340.3638183342059,0.07925415281558502,2.894739234546563e-07,35.61879971674652,776.6165466222382
0.3828125,6.647819356949121,36.26051447236448,36.260577173825425,98.29948977283019,-0.0033280784166856304,-8.537765907018731e-10,0.07720497871052592,6.008744732126353,1.1365546173367296,0.9344388575428255,1.1292464773965223,1.9480761985369677,0.10688276148803437,653.0891274755738,3.537577076613621,0.5293456081647625,3.0,288.1067891741798,101247.03221954354,1.2242404345744462,340.362714239553,0.08842570580428705,-7.840774017091449e-07,36.37890680548614,810.0951130882507
0.390625,6.934104688409897,37.028563082081476,37.02863284226307,98.32417749025203,-0.0038726312909205586,-5.948301918196099e-10,0.07469186445109634,6.006072952814332,1.133882838024708,0.934235758009291,1.1303790472136022,1.9614328920431112,0.10913146004433172,653.0891274755738,3.6781382915870218,0.5294116790901542,3.0,288.1049283195253,101243.67457237042,1.2242077422302071,340.36158656163235,0.09770800210198526,5.1892137151227e-07,37.14415688447613,844.5126048546814
0.3984375,7.226378658149397,37.79200460006886,37.79208047304915,97.11914107207727,-0.004449607073623482,-3.309447817705079e-10,0.0722028979550546,6.003416268300683,1.1312261535110593,0.9340336266837503,1.1315109576613374,1.9747733097758702,0.11136715388372437,645.709589312008,3.8204536730001006,0.5294787325111489,3.0,288.103028538722,101240.24668850623,1.2241743655779491,340.36043529446556,0.10708822871674387,1.948771374195034e-06,37.90497297337016,879.4388924762361
0.40625,7.5246021238556136,38.55443415503935,38.5545148835633,98.06454655312969,-0.005054113733415135,-1.643396768588773e-10,0.06972637728110928,6.000763357486628,1.1285732426970039,0.9338316038807817,1.1326474232451083,1.9881581936432657,0.11360036256842916,651.2442429346823,3.965181402309591,0.5295470698262758,3.0,288.1010900861949,101236.74902702468,1.2241403090606093,340.35926059223414,0.11654622153812981,2.352308086643602e-06,38.66493540680026,915.030944192754
0.4140625,7.8287921680948065,39.31704621511695,39.31713028304881,97.16495380228434,-0.005680401522510982,-2.397046729906331e-10,0.06725645434379221,5.998110446672572,1.1259203318829485,0.9336294023720412,1.133791119311418,2.0016171693937688,0.11583457576267754,645.709589312008,4.112553181124936,0.5296167965274803,3.0,288.0991128509074,101233.18138757588,1.2241055706999153,340.35806238764985,0.1260635465111252,3.7143952517068153e-06,39.42523176408036,951.3435734373123
0.421875,8.138918919602784,40.07503066288183,40.075116420853625,96.87940607929448,-0.006322415023114084,-7.437416033022974e-10,0.06479799359237216,5.99547263065689,1.1232825158672661,0.9334281739515569,1.1349397532339378,2.0151157928238095,0.1180556826119931,643.8647047711166,4.261588634721987,0.5296874612743202,3.0,288.0970970270226,101229.54412049973,1.2240701538791554,340.3568407983757,0.13562063454829365,4.618214711156073e-06,40.181059172113706,988.1413522434193
0.4296875,8.454971233736089,40.835592561673614,40.83567807606841,97.82455340902148,-0.006973380416172837,-1.9278106374270962e-09,0.06233617069441238,5.992827267242021,1.1206371524523973,0.9332261918629157,1.1361003526525206,2.0287416078960496,0.12028479785046246,649.3993583937909,4.413752469836065,0.5297597312546166,3.0,288.0950426869807,101225.8373565042,1.2240340598426132,340.35559586831033,0.14519469969748203,4.488413815444954e-06,40.939604046293404,1025.7718648536695
0.4375,8.776984890622824,41.59993176435716,41.60001497186739,97.84624887673995,-0.00762552125513234,-4.0713926101643465e-09,0.059867537057018694,5.990170582728372,1.1179804679387486,0.9330231658271732,1.137274729632819,2.0425156380564577,0.1225254366236469,649.3993583937909,4.569342927558898,0.5298337382841186,3.0,288.0929495982109,101222.06067594836,1.2239972844750493,340.3543274565158,0.15476645811489825,4.533033009163038e-06,41.70206257835729,1064.3035970198498
0.4453125,9.104967467240595,42.363233970417824,42.363312882827785,97.55937613688067,-0.008270654501177331,-7.4230076484318e-09,0.05739756782267851,5.987517671914317,1.1153275571246932,0.932820248397524,1.138460409311454,2.056401609139301,0.12476347555861114,647.5544738528995,4.727374696270321,0.5299090240871142,3.0,288.09081771146293,101218.21398996696,1.2239598268814298,340.35303553314657,0.1643136899860692,3.928757804241041e-06,42.46362763003884,1103.497499685948
0.453125,9.438913975471747,43.127901088308924,43.12797372631143,98.19656183252634,-0.008900079476367827,-1.2227059573617015e-08,0.054921342664919964,5.984860987400668,1.1126708726110446,0.9326168620443385,1.1396599383357147,2.070430762913762,0.12700595526527458,651.2442429346823,4.888387991061906,0.5299858272522019,3.0,288.0886470591594,101214.29735706226,1.223921687601162,340.3517201178506,0.17381229657954816,4.799965288103867e-06,43.22669533974699,1143.477715070731
0.4609375,9.77885073644227,43.896336968903896,43.89640146551903,98.52554795206717,-0.009504077809681691,-1.8721795553080878e-08,0.05243490352106528,5.9821929817882395,1.1100028669986162,0.9324124271843413,1.140875486422868,2.084630592385268,0.12925992613016388,653.0891274755738,5.052965107569495,0.530064403923254,3.0,288.0864374702131,101210.31046853155,1.2238828635972956,340.35038110694916,0.1832357260465555,3.526745800926797e-06,43.99366512025737,1184.377497886383
0.46875,10.124794635607776,44.6649243936516,44.6649792641383,98.23732286460873,-0.01007236912870819,-2.7113888934751588e-08,0.0499420763804354,5.979524976175812,1.1073348613861878,0.9322078098906703,1.1421053875914304,2.098975777007601,0.1315147728939043,651.2442429346823,5.220351558893993,0.5301443954724374,3.0,288.08418883486854,101206.25312633674,1.2238433529098085,340.3490184339304,0.19255905266011492,3.311262361968403e-06,44.760923864001604,1226.009742377834
0.4765625,10.47674369852904,45.43486303870262,45.43490718855566,98.87438998614945,-0.010594269900045828,-3.758493616059015e-08,0.04744099355709102,5.9768531968637895,1.104663082074166,0.9320027201148844,1.1433508039628313,2.113480838479469,0.1337740141332469,654.9340120164652,5.390864193180187,0.5302259316482549,3.0,288.08190116595955,101202.1253536347,1.2238031557320639,340.3476321065715,0.20174755841735872,4.804980742989204e-06,45.52966894764162,1268.44183750602
0.484375,10.83472101331169,46.20735235505078,46.207385240114995,98.8940075247056,-0.011058036139837133,-5.0275372825489046e-08,0.044930310821239175,5.9741738701525815,1.101983755362958,0.9317968667702886,1.1446126758355462,2.128158090652575,0.13604116953199133,654.9340120164652,5.56484342606216,0.5303091509126617,3.0,288.07957431341345,101197.92687964064,1.223762269394341,340.34622203392854,0.21077995533948757,5.384453432947094e-06,46.301098091290434,1311.7456884413143
0.4921875,11.198727641792855,46.977561626476565,46.977583545713955,98.29525436363174,-0.011451640807554979,-6.539778113249053e-08,0.04241484123637062,5.97150209084056,1.0993119760509362,0.931591409347229,1.1458887709671308,2.1429736161990185,0.1383020567630948,651.2442429346823,5.7412003138346925,0.5303935342753839,3.0,288.0772082703283,101193.657691901,1.2237206937419762,340.3447882118189,0.21962141231312882,4.330570680653417e-06,47.07038421829446,1355.6506767050187
0.5,11.568752023684997,47.75030940402462,47.75032145229992,99.55001985269611,-0.011762655740082962,-8.312103517419418e-08,0.03989044288528162,5.968822764129352,1.096632649339728,0.9313851868211235,1.147181485691613,2.1579629887048943,0.14057082229103934,658.6237810982482,5.921140275953538,0.530479611290038,3.0,288.07480311184605,101189.31792599855,1.2236784300614274,340.3433306857787,0.22823750498628104,4.118875165665174e-06,47.84234185577104,1400.4324615816372
0.5078125,11.94483910621418,48.52800286230664,48.52800723785355,99.56864357949497,-0.011976823186411863,-1.0356196369867072e-07,0.03735612588515766,5.96612834261977,1.0939382278301468,0.9311776156849306,1.1484916442158137,2.173140285308831,0.1428545367523244,658.6237810982482,6.105349135581814,0.5305676714740738,3.0,288.0723585458096,101184.90705477768,1.2236354731843047,340.3418492787606,0.23659773110641402,5.167296107958414e-06,48.61937721614676,1446.2415883881545
0.515625,12.326992918127427,49.30218244401045,49.30218275698877,98.65866778720022,-0.012080117032972817,-1.2683170935588498e-07,0.03481965301321382,5.963445242208969,1.0912551274193454,0.9309707303060695,1.149815372340212,2.1884464203414256,0.1451283567684717,653.0891274755738,6.2918054773322005,0.5306567616409404,3.0,288.06987454603217,101180.42503098791,1.2235918226151539,340.3403439748955,0.2446706883534584,8.5192292895681e-06,49.393034863093014,1492.5812890612929
0.5234375,12.715182818652467,50.07525315126857,50.07525444157773,99.29488200935293,-0.012058757097972661,-1.5310975149623226e-07,0.0322801635044729,5.9607659154977615,1.0885758007081372,0.9307639500486826,1.151153344229926,2.2038939418124337,0.14739934534488866,656.7788965573568,6.4811529169294255,0.5307471467662394,3.0,288.06735131167875,101175.87221399418,1.2235474818180612,340.3388148948773,0.2524136192272696,1.097462058092463e-05,50.16571851096016,1539.5893765241287
0.53125,13.10942212524427,50.849620319730285,50.849629345822706,99.00228624952177,-0.011897266420231777,-1.8271446963101693e-07,0.029737503370766985,5.95808281508696,1.0858927002973358,0.9305566921818461,1.1525058830153296,2.219491908334835,0.14967456911865434,654.9340120164652,6.674077730604254,0.5308391094841992,3.0,288.06478875618586,101171.24844760506,1.2235024492355513,340.3372619862487,0.2597978082619515,1.0551642458126803e-05,50.93983304281435,1587.4128144151825
0.5390625,13.509698891484346,51.620437474782825,51.62046283018686,98.39911644054486,-0.011580312912297384,-2.1595788997188891e-07,0.027196343303486505,5.955411035774938,1.083220920985314,0.9303501232486865,1.1538706166991455,2.2352049345045897,0.15193978964463012,651.2442429346823,6.869384902133154,0.5309320703593295,3.0,288.0621869572053,101166.553871932,1.2234567261953553,340.33568529606646,0.26677861383967255,9.184067325772823e-06,51.710532432445376,1635.74889722445
0.546875,13.915988480935397,52.39011047244855,52.3901628778469,98.7246684600211,-0.011092441536229763,-2.53040319159348e-07,0.024657233062745365,5.95274303016251,1.0805529153728857,0.9301436610428917,1.1552474273868736,2.251037663439819,0.1542020768405048,653.0891274755738,7.067759526387718,0.5310263064961762,3.0,288.0595460748739,101161.78877591914,1.2234103154743392,340.3340849213736,0.27332377163319144,6.143387196807035e-06,52.480222714488534,1684.7423041829468
0.5546875,14.328307112691725,53.16467763387511,53.16477052662687,99.67020361674315,-0.010416370616485225,-2.9404100714757416e-07,0.02211984051759875,5.950059929751708,1.0778698149620842,0.9299358440045803,1.1566367356114675,2.267008916068872,0.1564791807866122,658.6237810982482,7.270921663838708,0.5311225681518904,3.0,288.0568660037675,101156.95296934366,1.2233632151819291,340.33246079828314,0.2793907701903977,3.864405118890571e-06,53.254944660807155,1734.7835588146843
0.5625,14.746692985805122,53.94170868318878,53.94185819284316,99.37531799138905,-0.00953347459878501,-3.388265871546856e-07,0.01958838218806714,5.94736928194172,1.0751791671520963,0.9297272540881345,1.1580363213233713,2.283090672352368,0.1587639639177695,656.7788965573568,7.478340230337902,0.5312205745951792,3.0,288.05414649559225,101152.04600419472,1.2233154209159482,340.3308127763289,0.28494459959578483,4.797046840322715e-06,54.03226887972625,1785.726171584739
0.5703125,15.17114323965783,54.71756041153672,54.71778532073621,99.38998832196317,-0.008426059272118175,-3.8715870943078715e-07,0.017067418427773068,5.944682407831325,1.0724922930417016,0.9295187682996947,1.1594436610973486,2.299248927976539,0.16104572058914599,656.7788965573568,7.689104967823715,0.5313198710285095,3.0,288.0513875689422,101147.06791402257,1.2232669329639028,340.32914086677897,0.2899478441324591,5.132309833567636e-06,54.80855172837539,1837.333075264437
0.578125,15.601661225035928,55.495853590711995,55.49617622422519,100.02514816516644,-0.007075719257795032,-4.387621906384209e-07,0.014559108451061113,5.941987986321744,1.0697978715321204,0.9293095075337989,1.1608576123271985,2.315481047933996,0.16333510064694784,660.4686656391395,7.904323121186211,0.5314209252889114,3.0,288.04858920203725,101142.0186595281,1.2232177509031585,340.3274450564346,0.2943595459566179,8.074224073890559e-06,55.58741749121136,1889.847562211198
0.5859375,16.038265965795972,56.27415191797266,56.27459774348677,99.41786890510497,-0.005462963821795776,-4.933513725656815e-07,0.012067824977304553,5.9392935648121625,1.0671034500225391,0.9291000569013129,1.162275621379026,2.33175564477713,0.1656249446877289,656.7788965573568,8.123403408391862,0.5315234290073552,3.0,288.0457512712223,101136.89801759335,1.2231678725199477,340.32572527036075,0.2981409258772114,8.30134238599337e-06,56.36642942371472,1943.1088049294867
0.59375,16.480938514116872,57.050017807489006,57.05061540516981,99.43102064444221,-0.0035695498728114798,-5.506442605498235e-07,0.00959795479713562,5.936606690701768,1.0644165759121444,0.928891003638504,1.1636950277107783,2.3480402407227428,0.16790808761585876,656.7788965573568,8.345712322609367,0.5316270556988797,3.0,288.0428738996582,101131.7062104445,1.2231172999378281,340.3239815831929,0.30125626093591723,1.0975111478778791e-05,57.143148917448656,1996.9465968636516
0.6015625,16.929672434547896,57.825860852420014,57.82664293225051,99.44365235114454,-0.001376372094142331,-6.103313090314059e-07,0.007153049918848,5.933919816591374,1.0617297018017497,0.9286817610573971,1.1651136465628293,2.3643188550543224,0.170191620124834,656.7788965573568,8.572018364847953,0.5317321213871032,3.0,288.03995712917543,101126.44331355864,1.223066033850454,340.3222140202803,0.30366675392091974,1.58287737211699e-05,57.919988968582,2051.525174885298
0.609375,17.38447381330572,58.60409372897647,58.60509766479644,100.07785942077903,0.0011365667223196944,-6.72151157906194e-07,0.004737259514051143,5.931225395081793,1.0590352802921685,0.9284717403408835,1.1665288675519392,2.3805712721105565,0.17248264544035555,660.4686656391395,8.803125408305334,0.5318389603526924,3.0,288.0370009202135,101121.1092555546,1.223014073520372,340.3204225576494,0.3053363981570164,2.1588107109371323e-05,58.69936678012302,2107.0182222979965
0.6171875,17.845370749715716,59.385917235475134,59.387185235694545,100.40092596894932,0.003990691327855295,-7.358155660565703e-07,0.0023553372946406802,5.928519652473431,1.0563295376838076,0.9282606450771259,1.1679376099140297,2.396769648369038,0.17478470341377034,662.3135501800311,9.039498878356005,0.5319477551311911,3.0,288.0340050901268,101115.70370687442,1.2229614156944602,340.3186070846168,0.3062272899304703,4.866407503180134e-05,59.48248680547219,2163.520394814819
0.625,18.312375444327646,60.16646358498028,60.168040810952895,99.78973904446714,0.007206875619450099,-8.010619937024985e-07,1.2511971870171652e-05,5.925817683564664,1.0536275687750398,0.9280496518578555,1.1693362843400779,2.4128663248222235,0.17708347543256542,658.6237810982482,9.279729269675249,0.5320578364021599,3.0,288.03096955961183,101110.22652442608,1.2229080589352572,340.3167675531248,0.0,0.0,60.26447594628385,2220.68306174649
0.6328125,18.7854620551329,60.94328973999694,60.945224616109975,99.48888860324818,0.01080404466219305,-8.677330327117674e-07,0.0022871476957792274,5.923127035754676,1.0509369209650519,0.9278393513978379,1.1680090257242097,2.401696743263718,0.17937177441520885,656.7788965573568,9.52307483082436,0.5321688471732222,3.0,288.02789449664164,101104.67801129303,1.2228540061512274,340.3149040649648,-0.3056714227923096,5.22099376530949e-05,61.04288820207431,2278.320209695005
0.640625,19.264614105806753,61.72002354170064,61.7223703454989,99.81042303889487,0.014801715304877807,-9.355556132396206e-07,0.00453741016807577,5.9204363879446875,1.048246273155064,0.9276288597882377,1.1667080645811776,2.3907920479293985,0.18166028257617048,658.6237810982482,9.770658151106796,0.5322812961406789,3.0,288.02478000831223,101099.05836071496,1.2227992591803933,340.3130166850372,-0.30404837104211274,2.7254080907736464e-05,61.82135877535288,2336.696261406045
0.6484375,19.749833980279305,62.49543532809837,62.49825233352773,99.19646045384926,0.019220593714803693,-1.0041019412059304e-06,0.006732907459565447,5.917749513834293,1.0455593990446692,0.9274184723905914,1.1654504200391869,2.3803194764859548,0.1839453842813271,654.9340120164652,10.022072601675328,0.5323950027528906,3.0,288.02162607912817,101093.36754473236,1.2227438177053616,340.3111054039517,-0.3015408561318385,1.6891542642097297e-05,62.598657058733096,2395.716988860094
0.65625,20.24109230856986,63.265865057234215,63.26921281416441,98.58139733484151,0.024079406563426217,-1.0729567440516073e-06,0.008868493428175764,5.915077734522272,1.0428876197326475,0.927209077418878,1.164238023429544,2.370289460106659,0.18621630564936734,651.2442429346823,10.276081451523664,0.532509414587457,3.0,288.01843289999425,101087.60590780588,1.2226876850364814,340.3091703373965,-0.29811875941500426,1.2757711176879555e-05,63.37111647883124,2455.0947613258195
0.6640625,20.738359606771382,64.03494511621369,64.03889054467857,98.90130813130443,0.02939675011774236,-1.1416668263157484e-06,0.010938127353613356,5.912409728909843,1.0402196141202191,0.9269997893550977,1.1630734131927916,2.360736238376938,0.1884837445293546,653.0891274755738,10.53379295844854,0.5326250542800031,3.0,288.01520066255597,101081.77379573234,1.2226308644968473,340.3072116015089,-0.29377422121022423,7.548177714875555e-06,64.14237753299582,2515.1012133260097
0.671875,21.241644278809787,64.80631110544734,64.81092833805474,99.2209688755732,0.03519362250647796,-1.2099106430623196e-06,0.012935457988610406,5.909734175898228,1.0375440611086042,0.926789719473098,1.1619592451948006,2.3516952572170267,0.19075841172744468,654.9340120164652,10.796363448633477,0.5327424716639005,3.0,288.0119293121877,101075.87110994778,1.222573355079872,340.30522916318574,-0.2884893324159916,9.081143963806472e-06,64.9160850177134,2576.022022725138
0.6796875,21.750957809070055,65.57752018156069,65.58288637426416,98.91579057556389,0.041491122123558426,-1.2773002505843931e-06,0.014855089828245738,5.907058622886613,1.0348685080969893,0.9265794592922909,1.160897453029579,2.343179937372881,0.19303311505075388,653.0891274755738,11.062928864458472,0.5328613023366995,3.0,288.00861877424103,101069.89771575961,1.2225151554263065,340.3032229771901,-0.2822602793722729,1.2085318252327805e-05,65.68979119309829,2637.667321658194
0.6875,22.26628942936869,66.34734606945342,66.35354173590807,98.92224209773288,0.048308556460447426,-1.343233294783435e-06,0.016691504654325447,5.904386843574591,1.0321967287849676,0.9263693055158507,1.159890031374711,2.3352072585886017,0.1953042428955119,653.0891274755738,11.332989834716477,0.532981354438526,3.0,288.00526911870907,101063.85373946057,1.222456266719123,340.3011930859377,-0.27507764898621345,1.2032209683465059e-05,66.46226687208848,2699.937030947068
0.6953125,22.787637804623344,67.11821392467155,67.12532604688496,99.24073178383547,0.05566562287872872,-1.4068614928183853e-06,0.018438366134987276,5.901711290562977,1.0295211757733527,0.9261586642301773,1.1589394843264273,2.3278082009625,0.19757894062662273,654.9340120164652,11.60728638590308,0.5331030057734922,3.0,288.00188035426993,101057.73919670894,1.2223966890628535,340.29913949468755,-0.26694027692807265,9.211140896009068e-06,67.23594347751168,2763.027300823588
0.703125,23.315011046002056,67.88889908314276,67.8970176007557,98.93355938715328,0.0635823753203611,-1.4672916765792e-06,0.020090302913025937,5.899035737551362,1.0268456227617377,0.9259478318685552,1.1580476794366052,2.3209984756805,0.19985359837461664,653.0891274755738,11.885299651119038,0.5332260666748725,3.0,287.99845242820095,101051.5539923743,1.2223364214819614,340.29706217148976,-0.2578494468742743,1.0415196925882816e-05,68.00959239128287,2826.839171490231
0.7109375,23.848401363134364,68.65939632614219,68.66861493537678,99.25125993068873,0.07207719377553343,-1.5236762009749275e-06,0.021641680647973748,5.896360184539747,1.0241700697501228,0.925736808170874,1.1572166530642334,2.3147984489335935,0.20212819802942358,654.9340120164652,12.166914216126976,0.5333505466709063,3.0,287.9949853911396,101045.29821782467,1.2222754648175316,340.2949611470306,-0.24780742211843365,4.966380432936187e-06,68.783207295142,2891.3718190245477
0.71875,24.387813611340313,69.42970077591833,69.44011651410366,98.94274471129086,0.08116893937769283,-1.5752959837182347e-06,0.0230870962856484,5.8936846315281315,1.0214945167385079,0.9255255928765516,1.156448320995408,2.309227281188564,0.20440272021044895,653.0891274755738,12.452004456058853,0.533476434912167,3.0,287.99147921152627,101038.97181611526,1.2222138184649483,340.2928364021849,-0.23683929392585104,4.3966541522598785e-06,69.55678142873587,2956.624352363579
0.7265625,24.93323040844191,70.1961540608624,70.20786186426861,98.3203208601986,0.090874016361513,-1.621435846312019e-06,0.024422540993324127,5.8910203996152966,1.0188302848256727,0.9253150806586431,1.155743777328715,2.304286966700718,0.20666637206693322,649.3993583937909,12.739100819731563,0.5336031232557893,3.0,287.9879340023451,101032.5749911099,1.2221514843604686,340.29068800542115,-0.22495127841159854,9.171308206391399e-07,70.32664193824105,3022.2807504597595
0.734375,25.484621657673692,70.95997290161003,70.97307102721226,98.32331316885343,0.10120699948053122,-1.661527431557237e-06,0.025642589786664723,5.888363715101648,1.016173600312024,0.9251049751058422,1.1551050330048709,2.3000005789902866,0.20892272977752613,649.3993583937909,13.028466694474352,0.5337307951153742,3.0,287.9843499592251,101026.1080957932,1.2220884658931486,340.28851607529043,-0.212171135891809,3.6711052897472236e-06,71.09400569039326,3088.4360902912467
0.7421875,26.0419890013541,71.72725415429741,71.74185171730905,99.26587192433902,0.112184367969833,-1.6951024527693629e-06,0.026740295667284458,5.8856957094892195,1.0135055946995957,0.9248937833279159,1.1545350707621655,2.296412874342496,0.21118976075500526,654.9340120164652,13.322205657905258,0.5338604703839367,3.0,287.9807270714912,101019.57111090352,1.222024762824235,340.2863206053237,-0.19853021049026376,2.2392987031045395e-06,71.86498663683932,3155.620066682936
0.75,26.60536903090802,72.49800187328132,72.51421020657416,99.26809805486828,0.12382485176363991,-1.7215237692732038e-06,0.02771111679855459,5.8830163827780115,1.0108262679883875,0.9246815026277898,1.154035483402903,2.2935398077511313,0.21346746629427965,654.9340120164652,13.620217481551464,0.5339921690626099,3.0,287.97706510129905,101012.96360728478,1.2219603709198172,340.2841014513872,-0.18404759271367763,4.336499006281544e-06,72.63958495705323,3223.842632364713
0.7578125,27.174769794617927,73.26856307466626,73.28648864871697,99.26973331609592,0.13614377441177905,-1.7401659411851204e-06,0.02855223555265111,5.880337056066804,1.0081469412771793,0.9244690284797901,1.153606924001259,2.291378955214689,0.21574505806545927,654.9340120164652,13.921002522479625,0.5341252773100482,3.0,287.97336399633497,101006.28549054409,1.2218952892074801,340.28185858177903,-0.16877181087004248,3.3684296777268472e-06,73.41412933834832,3292.784433712224
0.765625,27.750186681762234,74.03772384636049,74.0574707555383,98.95697952277942,0.1491543068383726,-1.7503772127666863e-06,0.029260316094107106,5.877661503055188,1.0054713882655644,0.9242566602879141,1.1532504651943718,2.289938049064577,0.21801893646846146,653.0891274755738,14.223942958996194,0.534259581304703,3.0,287.96962378656855,100999.53681475752,1.2218295181611132,340.2795920146606,-0.15274244968320239,7.505819435425382e-07,74.18739475295827,3362.334042705286
0.7734375,28.33159924412375,74.80305023305121,74.82471659474824,98.32943483325366,0.1628670312752418,-1.751503065026945e-06,0.029832987881664007,5.8749972711423535,1.0028071563527292,0.9240449984873423,1.1529667269625987,2.2892172847525636,0.22028189844729762,649.3993583937909,14.527927613632698,0.5343946421133482,3.0,287.9658446049132,100992.71781974836,1.2217630600644163,340.27730183057736,-0.13602265719486223,-1.8287035425987463e-06,74.95693004576368,3432.2631436978672
0.78125,28.918974378718787,75.56455096368687,75.58823229404584,98.01480815827006,0.17729011392287586,-1.7432099020309722e-06,0.03026726993734778,5.872344360328298,1.0001542455386738,0.9238340452636931,1.1527568128405703,2.2892276757687724,0.2225339436045551,647.5544738528995,14.832774901701134,0.5345304395925955,3.0,287.9620266665383,100985.82889375914,1.2216959186473277,340.2749881599222,-0.11864911405581612,-2.2343106665632344e-06,75.72273502522079,3502.561027426053
0.7890625,29.512298144777887,76.32712391005934,76.35292282244052,98.64184588885966,0.19243223035361112,-1.725327513969307e-06,0.030558762310718288,5.8696876758146495,0.9974975610250252,0.9236226008690677,1.1526228065889668,2.2900020571989907,0.2247894964126612,651.2442429346823,15.140265204343164,0.5346678368001108,3.0,287.9581700620589,100978.87020029174,1.221628095449157,340.27265105760773,-0.1007034229812921,-1.0370089986958781e-05,76.48971787424082,3573.675663944026
0.796875,30.111591701218178,77.09200527522104,77.12002407082444,98.64005581999663,0.2083040823613048,-1.6978716578129863e-06,0.030705097394660385,5.867023443901814,0.99483332911219,0.9234103634723694,1.1525657391354862,2.2915537566311683,0.22705217649119433,651.2442429346823,15.450796244551208,0.5348070641744731,3.0,287.95427465394204,100971.8414911875,1.2215595879964025,340.2702904402889,-0.08224610186517517,-1.2493416255124755e-05,77.25911003975843,3645.7263183697078
0.8046875,30.716866785140787,77.85921300607296,77.88955037637776,99.26650307608753,0.2249141114197062,-1.6613805749875563e-06,0.03070496810988513,5.864351664589792,0.9921615498001684,0.9231973311733458,1.1525861726166036,2.2938884144325775,0.22932200623717394,654.9340120164652,15.76430459949642,0.534948136447714,3.0,287.9503403658966,100964.7426287899,1.2214903948918325,340.26790626173334,-0.06334963691771064,-2.1593767471150872e-05,78.03091892206334,3718.720204094011
0.8125,31.328151195124505,78.62998839459452,78.66274141930835,99.5781288030256,0.24227089568650528,-1.6167664820709596e-06,0.030557226878698378,5.8616685641789905,0.9894784493893669,0.9229832007565267,1.1526847443994768,2.2970154364295,0.23160261581510666,656.7788965573568,16.081248743590873,0.535091296043347,3.0,287.9463670172317,100957.57328706821,1.2214205129013385,340.2654984124424,-0.044098305126821315,-2.85431414758812e-05,78.80637950395268,3792.78273376058
0.8203125,31.94545694966031,79.39945654422223,79.43470498422414,98.9450169376791,0.26037999389114697,-1.5656032536842175e-06,0.03026370976737834,5.8589892374677826,0.9867991226781587,0.92276917580091,1.1528604817203243,2.300913059194143,0.23387958050592705,653.0891274755738,16.399582264777806,0.5352356442630205,3.0,287.9423545298272,100950.33332506566,1.221349940593953,340.2630668450753,-0.024574924517290497,-3.364461663797649e-05,79.58058333538642,3867.4468724686294
0.828125,32.568757971650356,80.16518766923606,80.20299791398205,98.6255388697297,0.2792416832590722,-1.5098758642529e-06,0.029825904862355018,5.856321231855354,0.9841311170657303,0.9225558605783639,1.153112780532773,2.305569199544091,0.236145688000058,651.2442429346823,16.71822701915039,0.5353807104905959,3.0,287.9383030731843,100943.0230486229,1.2212786808933784,340.2606116623497,-0.004875145269716322,-3.4273120841686174e-05,80.35107624032612,3942.467997135873
0.8359375,33.19803469839682,80.92964833566968,80.97008473444141,98.62007536139967,0.29885527481008156,-1.4517218075858557e-06,0.02924416650786838,5.853656999942519,0.9814668851528952,0.9223426530355168,1.1534418914083107,2.310992383727939,0.23840817622174962,651.2442429346823,17.03816880921923,0.535526944733284,3.0,287.9342127744604,100935.6426871776,1.2212067359782917,340.25813294132297,0.014893117987446143,-3.3497655465613076e-05,81.12032091915843,4018.079411230592
0.84375,33.83328365864621,81.69408278709624,81.73720426221236,98.61383257275196,0.31922003274789257,-1.3932144113233344e-06,0.02852007109211653,5.850992768029684,0.97880265324006,0.9221292513258462,1.1538475077930324,2.317182564671861,0.2406706740023961,651.2442429346823,17.359937744133905,0.5356745783148311,3.0,287.93008365621876,100928.19228144175,1.2211341061872574,340.2556306956686,0.03464168743231107,-3.399267424065079e-05,81.88955197263694,4094.4008212063445
0.8515625,34.474511112471234,82.46096357481815,82.50682648784144,99.23744360519588,0.34033452991854807,-1.3364771861866616e-06,0.027655672833530882,5.848320988717662,0.9761308739280383,0.9219150498193395,1.154329220548739,2.324141707293995,0.24294043455717823,654.9340120164652,17.684646399449534,0.535824091404244,3.0,287.9259156777689,100920.67175799518,1.221060790745671,340.253104900728,0.054243485928217455,-4.002094135243609e-05,82.66123716401201,4171.681006989693
0.859375,35.1217458349988,83.23153855261674,83.28019313255443,99.54529372893496,0.362197876711531,-1.2837185452532323e-06,0.026654364655259652,5.845637888306861,0.9734477735172369,0.921699743629223,1.1548859817839832,2.331862381547601,0.24522109484223906,656.7788965573568,18.012943579884638,0.5359757406118486,3.0,287.9217086520725,100913.08077935388,1.220986786303891,340.2505554431559,0.07358835715570294,-3.964575985877091e-05,83.43661372645066,4250.052630752546
0.8671875,35.77500079640283,84.00092064560766,84.05239348972141,98.9057371547299,0.3848059673570749,-1.237226442564381e-06,0.025522346808482567,5.842958561595653,0.9707684468060287,0.9214845429395012,1.1555151541570023,2.340306112175011,0.24749818138830232,653.0891274755738,18.3428204494431,0.5361285705120541,3.0,287.9174624948234,100905.41919339944,1.2209120913185376,340.24798227186295,0.09254891686606928,-3.6260374151742766e-05,84.2107568333254,4329.019481234082
0.875,36.434247567600664,84.76544409672809,84.81974037007322,98.26487179221273,0.40814902986056495,-1.1988068032735818e-06,0.02426608519897311,5.840294329682817,0.9681042148931935,0.9212703588601284,1.1562140461003054,2.34943687240177,0.24976082536324037,649.3993583937909,18.672760940802874,0.5362818349666596,3.0,287.9131773908106,100897.68733355736,1.2208367089794072,340.2453854988312,0.11101238252254025,-4.004040304268924e-05,84.97996830822197,4408.194145033299
0.8828125,37.099457840786144,85.5288080505493,85.58593152154208,98.57044413582422,0.43221569953403327,-1.1701060353415362e-06,0.022890651417890616,5.837633871469576,0.9654437566799516,0.9210562830702982,1.15698097650978,2.3592469343948186,0.252019896981421,651.2442429346823,19.00453345700864,0.5364363013990994,3.0,287.90885352403484,100889.88553183078,1.220760642462251,340.2427652355651,0.12883347889180094,-4.157691008601494e-05,85.74794664334094,4487.94970751881
0.890625,37.77063861199599,86.29348457776562,86.35343436354917,98.55941456447891,0.45699640596483443,-1.152891203056329e-06,0.021402531479937037,5.83496963955674,0.9627795247671165,0.920841707995324,1.1578135048256426,2.3697179683031853,0.25428264466478073,651.2442429346823,19.339435864566635,0.5365924235237077,3.0,287.904490849022,100882.01370616788,1.220683890905489,340.24012145450735,0.14590122873163547,-3.869266161296713e-05,86.51715790451833,4568.542889711097
0.8984375,38.44780019956189,87.06071937578722,87.12348643216143,99.18003123834593,0.48248032582354766,-1.148522426960047e-06,0.019809522281710176,5.832297860244719,0.9601077454550948,0.9206263281865327,1.1587084529028886,2.380821247163559,0.25655269691026966,654.9340120164652,19.67827129839246,0.536750456374518,3.0,287.9000892987028,100874.07173555196,1.2206064530669547,340.2374541150139,0.16208496995009455,-3.266510313551307e-05,87.28883644309094,4650.1083765780795
0.90625,39.13097225484382,87.83175657080172,87.89732371694656,99.48401178598832,0.5086569043402189,-1.1575915941501306e-06,0.018120227693957824,5.829614759833917,0.9574246450442934,0.9204098370727856,1.1596621824246252,2.392523453518396,0.2588336783913161,656.7788965573568,20.02188364716511,0.5369106694113843,3.0,287.89564868034347,100866.05927222224,1.220528325492819,340.23476310028815,0.17727207001907186,-2.606573968337045e-05,88.0642152498456,4732.785327552601
0.9140625,39.82016850539817,88.60168344809986,88.67000829275132,98.83791875478173,0.5355126453034754,-1.179831712067021e-06,0.016345431587564633,5.826935433122709,0.9547453183330852,0.9201934514944599,1.1606696141776718,2.4047616268321192,0.26111104727603957,653.0891274755738,20.3682793880224,0.5370720482060987,3.0,287.8911689047149,100857.97615517747,1.220449506549401,340.2320483562572,0.19131498379886222,-2.657173038245702e-05,88.83834646317446,4816.047408847054
0.921875,40.51536426847743,89.36804275304902,89.43906480680006,98.50725503829418,0.563029219882501,-1.2141253829667857e-06,0.014495982286794662,5.82426742751028,0.9520773127206568,0.9199777823945405,1.1617256089426244,2.417478265480839,0.26337751180153707,651.2442429346823,20.716549798068232,0.5372340626419168,3.0,287.8866501322549,100849.82267390494,1.2203699989952037,340.22930998014647,0.20411036280945208,-3.197332347800248e-05,89.60874910452483,4899.619524437739
0.9296875,41.216541306396536,90.13330099978148,90.20695573920314,98.49244718088495,0.5911876784342602,-1.2590958961376086e-06,0.01258248257798749,5.821603195597445,0.9494130808078216,0.9197622210823666,1.1628252003411585,2.4306297925879194,0.2656403113226023,651.2442429346823,21.068089401260057,0.5373972167899569,3.0,287.8820924815084,100841.59904230214,1.220289804851381,340.2265480437941,0.21554131527627432,-3.5078509884409764e-05,90.37788614256776,4983.76259172658
0.9375,41.92369744322066,90.89869216325799,90.97490818592547,98.47694004770594,0.6199693771313215,-1.3132644703130814e-06,0.010616602541383904,5.8189389636846105,0.9467488488949865,0.9195464623784239,1.1639626506790979,2.44416188300674,0.2679030508926287,651.2442429346823,21.42373960950028,0.5375617672647144,3.0,287.87749596661905,100833.30528588912,1.2202089243017065,340.22376255577115,0.2254774401117154,-5.0350602321285544e-05,91.14698397486039,5068.609187308967
0.9453125,42.63683050112147,91.66298087560196,91.74167404169205,98.14362847932459,0.6493546630934653,-1.3754440561502994e-06,0.008611079640267852,5.816278505471368,0.9440883906817445,0.9193308120385809,1.1651313712654487,2.458005592268678,0.27016205509275304,649.3993583937909,21.78315603213777,0.5377274434020989,3.0,287.8728606017427,100824.94143020814,1.2201273575296427,340.22095352465607,0.23383488545836387,-7.213018870313418e-05,91.9147919898371,5154.01866094103
0.953125,43.35593185464547,92.42739824980075,92.50847893962948,98.44398221172237,0.6793224596017354,-1.4449090798514427e-06,0.006578819611454395,5.813618047258126,0.9414279324685026,0.9191149643246711,1.1663245541274585,2.4720958980278738,0.2724209274940142,651.2442429346823,22.147156793617583,0.5378945060442145,3.0,287.86818644294476,100816.50757642135,1.2200451054556263,340.21812098442456,0.2405083826959182,-9.613050501353798e-05,92.68253606884767,5240.125749329238
0.9609375,44.08100891604885,93.19193716260709,93.27530808260855,98.10908301860582,0.7098522718400742,-1.5209530731466608e-06,0.004533424196156053,5.810957589044884,0.9387674742552607,0.9188989189656007,1.1675347323566017,2.4863581339100094,0.2746796244921124,649.3993583937909,22.515942444248395,0.5380629518244089,3.0,287.8634734420457,100808.0036375954,1.2199621671651522,340.2152649058797,0.24542801875461806,-0.00013755525707628488,93.45020121083158,5326.928268930004
0.96875,44.81205294920028,93.95535329378137,94.04090742518366,98.090924947116,0.7409217012237386,-1.6028396952447682e-06,0.0024888710783009457,5.808300904531236,0.9361107897416121,0.9186829825581253,1.1687539390585822,2.5007095650045685,0.27693445920024046,649.3993583937909,22.889061382328286,0.5382325021898564,3.0,287.85872165583015,100799.42971619045,1.2198785435902775,340.21238532343307,0.24851530298218144,-0.0002492818187391739,94.21653294276877,5414.281529250071
0.9765625,45.5490648005145,94.7201091871308,94.80773994434875,98.38991463178277,0.7725086673749666,-1.6896207308300678e-06,0.0004593514521853853,5.8056404463179945,0.9334503315283702,0.9184665413747749,1.169973937149899,2.51507395775124,0.2791926790821138,651.2442429346823,23.267853214374902,0.5384037018104384,3.0,287.8539310787966,100790.7858022795,1.2197942345664368,340.20948223375075,0.24970472100562668,-0.0013816430403204474,94.98399679397967,5502.467180925658
0.984375,46.29205166381879,95.48371610485272,95.57330680821853,97.73493572658383,0.8045912932024255,-1.7805203034105342e-06,0.0015405732259482006,5.802983761804345,0.9307936470147216,0.9182502091613413,1.169360493945987,2.5111028478464568,0.2814469405231566,647.5544738528995,23.651141779560696,0.5385759935688859,3.0,287.8491016641851,100782.07181149098,1.2197092392023572,340.20655560849616,-0.24894853548598128,-0.00041126261866260505,95.75009422193239,5591.196272334605
0.9921875,47.04099483760692,96.24616066437983,96.33759112966983,98.03305652981115,0.837145609689638,-1.8747998511362465e-06,0.0034961379870727836,5.80033085099029,0.9281407362006662,0.9180339864897942,1.1682380570296482,2.5020407053985405,0.28369720003820625,649.3993583937909,24.038879805318896,0.5387493669202152,3.0,287.84423353355555,100773.28796316225,1.2196235595685907,340.2036055213347,-0.24621627559782777,-0.00017505470304123548,96.51481032930509,5680.462962117626
1.0,47.79590453725394,97.01114450585305,97.1043001954195,98.33090828042303,0.8701497078364158,-1.9719541526118687e-06,0.005392461475942986,5.797670392777048,0.9254802779874243,0.9178169499509811,1.1671589855918698,2.4934203564088873,0.2859543666537854,651.2442429346823,24.432855008079997,0.5389246651976791,3.0,287.83932662050785,100764.43413748406,1.2195371944271396,340.20063193202776,-0.2414914006755244,-0.00011553867039761853,97.28185623934056,5770.703387225995
1.0078125,48.55679085608024,97.77493214075962,97.86968953500237,97.67357563364222,0.9035817568690627,-2.0713975557291746e-06,0.007215201396143802,5.795013708263399,0.9228235934737756,0.9176000224087058,1.1661305757577867,2.485305533490809,0.28820743931728804,647.5544738528995,24.831010075651864,0.539101036779503,3.0,287.83438085943544,100755.51021607868,1.2194501425532533,340.1976348008179,-0.23479475353949342,-7.812035707419362e-05,98.04748918774165,5861.476207889304
1.015625,49.323634692765204,98.53750669610297,98.63374273179669,97.97080335001046,0.9374182081043254,-2.17253058003978e-06,0.00895019492935459,5.792360797449344,0.9201706826597202,0.9173832044369248,1.1651599570793363,2.477767526424115,0.2904563811819497,649.3993583937909,25.23311419338123,0.5392784713200164,3.0,287.829396374497,100746.51642297259,1.2193624060617505,340.1946142029452,-0.22614199176987462,-5.632661106177663e-05,98.81169653897699,5952.775683130664
1.0234375,50.096445887964464,99.30257323188492,99.40017393508785,98.26786484510313,0.9716379698032839,-2.2754262207184145e-06,0.010583397102379098,5.789700339236102,0.9175102244464783,0.9171655700828382,1.1642541655079883,2.4708859542515014,0.29271212548270714,651.2442429346823,25.64085064043467,0.53945783404113,3.0,287.8243731017282,100737.45264275139,1.219273983755698,340.19157009964727,-0.21557304858885484,-3.373943792895433e-05,99.57819755516711,6045.049109020641
1.03125,50.87523737475862,100.06763010258845,100.1664799385758,97.92728172224902,1.0062208206521208,-2.380925756753481e-06,0.012101875524517643,5.78703988102286,0.9148497662332364,0.9169477356239943,1.1634192809754786,2.464715453514843,0.2949673276989157,649.3993583937909,26.05263249408658,0.539638546900415,3.0,287.81931095706403,100728.31872373173,1.2191848740836047,340.1885024399808,-0.20313592698544058,-3.6935118794291655e-05,100.34449347861721,6137.996838096889
1.0390625,51.659996061451594,100.83017292608774,100.93015671781451,97.58616968125942,1.0411457694292674,-2.4898653515803318e-06,0.013493466978210005,5.784386970208805,0.912196855419181,0.9167303196065204,1.162660875792272,2.4593055618575166,0.2972146434008366,647.5544738528995,26.4667976171865,0.5398200137292969,3.0,287.8142100256005,100719.11481945726,1.2190950784711339,340.18541127551396,-0.18892642595938838,-2.769229047516286e-05,101.10808570241882,6231.3100103278275
1.046875,52.45071194418756,101.59391292870181,101.69492817291608,98.20164271966391,1.0763931365559376,-2.6029720397506247e-06,0.014746295237581426,5.781730285695156,0.9095401709055324,0.9165123943742918,1.161984544266764,2.454721498924722,0.2994650384637088,651.2442429346823,26.884975747356645,0.5400031157111214,3.0,287.8090703723628,100709.84104725643,1.2190045979902562,340.18229664565183,-0.1730387844074061,-3.086302775376897e-05,101.87270454966293,6325.444073795882
1.0546875,53.24740401930431,102.35883103002487,102.4607825746146,97.85965866494112,1.1119462865223522,-2.720817515699981e-06,0.01584980061560584,5.779069827481914,0.9068797126922905,0.9162939587981259,1.1613950262262687,2.4510106742814273,0.3017184985306972,649.3993583937909,27.30683033544305,0.5401880065181958,3.0,287.8038918738745,100700.49718433405,1.2189134303939206,340.17915847556793,-0.15558707390283197,-3.1291151735189025e-05,102.63834492668445,6420.400903763555
1.0625,54.05006197722156,103.12117561729201,103.2239709754895,97.51715812091726,1.1477883150799282,-2.8431668867660592e-06,0.016795151793165715,5.776416916667859,0.9042268018782351,0.9160759425419641,1.160896020360354,2.4482007781838986,0.3039640248709585,647.5544738528995,27.72996851594719,0.5403736768072485,3.0,287.798674597148,100691.0833516042,1.2188215767879365,340.1759968058717,-0.13668035627214647,-2.455707015458183e-05,103.40126515360309,6515.711452175919
1.0703125,54.85866888022181,103.88217310971994,103.98573177415011,97.4935912008101,1.1839036178463067,-2.9694906618574786e-06,0.017573883267124675,5.773767779553397,0.901577664763773,0.9158580364890709,1.1604912892030368,2.4463325271396585,0.3062052806816628,647.5544738528995,28.15469916029953,0.5405603719699839,3.0,287.79341865227855,100681.59974771795,1.218729039036269,340.1728117032808,-0.1164785187080529,-3.5930368241664324e-05,104.16271128787352,6611.52607704846
1.078125,55.67322062206195,104.64305155034464,104.74730584756142,97.4696711477991,1.220279172514147,-3.0984784623570096e-06,0.018178996905129568,5.7711186424389345,0.8989285276493109,0.9156399303837973,1.1601839087359895,2.445439783521922,0.30844593740581,647.5544738528995,28.581383879120747,0.5407483935032997,3.0,287.7881240659566,100672.04642083462,1.2186358175340817,340.1696031839697,-0.09515521463759578,-3.694048765801451e-05,104.92393213104194,6708.000071749489
1.0859375,56.49370971161776,105.40129988509767,105.50619033119857,96.80589579781122,1.256903765651293,-3.2279834794981385e-06,0.01860550825620825,5.768477052723659,0.8962869379340352,0.9154222461909899,1.1599758657418924,2.4455361955090247,0.31067866295511587,643.8647047711166,29.008344802929216,0.5409371184529108,3.0,287.78279088687447,100662.42345881257,1.2185419130634545,340.16637127744593,-0.07286767440681692,-2.1905704572701432e-05,105.68243341077043,6804.8112825645885
1.09375,57.320115538644785,106.15939695917046,106.26488028502826,97.42088656924662,1.2937676017253894,-3.3562040283101538e-06,0.018849052110976542,5.765835463008384,0.8936453482187596,0.9152043625362556,1.1598691671255914,2.446648045893358,0.31291081662452963,647.5544738528995,29.43673147496733,0.5411271612186676,3.0,287.7774192489988,100652.73110337541,1.2184473279075987,340.1631160648933,-0.049822332588848314,-3.099667523428698e-05,106.44071843341042,6902.276592305066
1.1015625,58.15245960198082,106.92107013498394,107.02712150285613,97.7157972275041,1.3308654232127273,-3.4811998041141203e-06,0.018906725228921534,5.763182552194328,0.8909924374047042,0.9149853440719825,1.1598652624231844,2.448799183512019,0.31515343484947067,649.3993583937909,29.86850808919999,0.5413194706846929,3.0,287.7720090125871,100642.96910237781,1.218352059529716,340.1598374616278,-0.0262311375601213,-2.4717729661301504e-05,107.20254117386965,7000.885365788357
1.109375,58.990756781062885,107.68255953279332,107.789162463544,97.37009988657394,1.3681939502967162,-3.600859166862955e-06,0.01877870834700801,5.7605296413802725,0.8883395265906489,0.9147661238774906,1.1599638422711758,2.451977183936852,0.31739551687416084,647.5544738528995,30.301471519825053,0.5415131128160214,3.0,287.76656008092306,100633.1372813089,1.2182561061497692,340.1565354090394,-0.0023170770467147725,-3.576313690033017e-05,107.96415937427585,7100.15478291841
1.1171875,59.8349925695338,108.4413512533861,108.54849981815319,97.02375371193096,1.4057507533416786,-3.7122969308395076e-06,0.018466596951688813,5.757884277965404,0.88569416317578,0.9145473262059851,1.1601640751895652,2.456167489835801,0.3196297303497446,645.709589312008,30.73414642944785,0.5417074467583032,3.0,287.761072548298,100623.23581030394,1.2181594693506623,340.1532099642686,0.021711858339641673,-3.9732388489411476e-05,108.72307877847925,7199.753606477813
1.125,60.68514907939987,109.19867800244961,109.30638221164288,96.99721638122857,1.4435357079970863,-3.811883804874506e-06,0.01797310743342307,5.755242688250128,0.8830525734605044,0.9143286399487611,1.16046485812222,2.46136218173459,0.3218597712093547,645.709589312008,31.167276101011836,0.5419027830761761,3.0,287.7555465309839,100613.26489915914,1.2180621511021021,340.14986119777626,0.04558739410526942,-3.919511443549806e-05,109.48055650201003,7299.84175277592
1.1328125,61.541224566408346,109.95702351422838,110.06531109088041,97.2908171299018,1.4815520657381633,-3.895280050962241e-06,0.017302822524044113,5.752597324835259,0.8804072100456355,0.9141094400107868,1.160864301686408,2.467548616756212,0.32409301778975463,647.5544738528995,31.602442378498434,0.5420997673366363,3.0,287.74998204031834,100603.22456833164,1.2179641515254593,340.1464891164329,0.06906621158088055,-3.580114251522466e-05,110.23910214833468,7400.751895109922
1.140625,62.403226922409075,110.71511961057816,110.82403059069856,96.94259701604308,1.519806106036129,-3.9584067311222565e-06,0.016462808809648233,5.749951961420391,0.8777618466307666,0.9138900383794762,1.1613591737807412,2.474691354012649,0.326325802970385,645.709589312008,32.03912762082531,0.5422980787649977,3.0,287.7443790250043,100593.11472526328,1.2178654696384217,340.14309368915264,0.0918711999974606,-3.5412841923004586e-05,110.99746817294363,7502.317969463923
1.1484375,63.27113783764821,111.46919417313015,111.57877689169456,96.27281248114038,1.5583051541152715,-3.9973156467939935e-06,0.015462378040989945,5.747317919104301,0.8751278043146775,0.9136713750227551,1.1619450360282302,2.4827366100547508,0.32854708527880483,642.019820230225,32.475372579862835,0.542496725869064,3.0,287.73873760405525,100582.93558469677,1.2177661074577142,340.1396749880575,0.11376272174480578,-2.7744872430041388e-05,111.75189880500628,7604.028031919742
1.15625,64.14492581741845,112.22047936371925,112.3307971683185,96.24434929606886,1.5970581958530896,-4.0084458196631056e-06,0.014311917233181527,5.7446914241873985,0.8725013093977749,0.9134531385476128,1.1626171355708288,2.49163997023216,0.33076055222108824,642.019820230225,32.91222436704757,0.5426960209113691,3.0,287.7330579821868,100572.68751601226,1.2176660685093972,340.1362331372052,0.13446777204154933,-2.3514295252814794e-05,112.5036483028628,7706.042869532579
1.1640625,65.02458855597001,112.97396417971437,113.08510075781115,96.85789596108826,1.636078141729805,-3.989398669058917e-06,0.013023078640984953,5.74205738187131,0.8698672670816858,0.9132340744461371,1.1633702142436735,2.5013613979753635,0.33298095082227896,645.709589312008,33.35307881173197,0.5428972910350286,3.0,287.7273401743862,100562.37054625234,1.2175653529775463,340.132768145678,0.1537742012471598,-1.824990272946622e-05,113.25773254296163,7809.046537376866
1.171875,65.9101529451499,113.73088095399687,113.84293431018988,97.15003191357305,1.6753817759118952,-3.937948555661096e-06,0.011609821578035247,5.739412018456441,0.867221903666817,0.9130138664359321,1.1641975810864154,2.5118371465048326,0.33521196550725785,647.5544738528995,33.79916874264544,0.5431008864346744,3.0,287.7215840058565,100551.98436002068,1.217463957702602,340.12927990754906,0.17140984887131663,-2.8931614496829822e-05,114.01540444437778,7913.21893816502
1.1796875,66.80163266185306,114.48744868331491,114.60052225946701,96.79892239280274,1.714987203909065,-3.8516518256605484e-06,0.010088239368841529,5.736766655041572,0.8645765402519481,0.9127934553391281,1.1650910875893994,2.5229763225027124,0.3374425125506397,645.709589312008,34.24869185940205,0.5433058051202999,3.0,287.71578938769795,100541.52879691026,1.2173618810371405,340.12576836894493,0.18715425091097354,-4.699112109952086e-05,114.77289386163366,8018.042741498907
1.1875,67.69901183339599,115.24113743330338,115.35534072201156,96.44727782599972,1.7549126508899375,-3.72742698994647e-06,0.00847572657962099,5.73412883902589,0.8619387242362657,0.9125734705920598,1.1660417735686106,2.5346830297655076,0.33966518468180146,643.8647047711166,34.700555760472405,0.5435113591071534,3.0,287.70995642308293,100531.00404308103,1.2172591247166378,340.1222335923883,0.2007943745127315,-5.032610234655742e-05,115.52768128754538,8123.162792747709
1.1953125,68.60227114181006,115.99317793198026,116.10863166919616,96.41694496706678,1.7951777519559255,-3.5613479981213573e-06,0.006790534922366444,5.7314947967098,0.8593046819201766,0.9123535985048823,1.1670401644718904,2.546865659670081,0.3418836446027957,643.8647047711166,35.15594693315326,0.5437178762235957,3.0,287.7040852375782,100520.4103251004,1.217155690870849,340.11867565397245,0.21213893745947043,-6.455806188400171e-05,116.28101243005625,8228.747708245772
1.203125,69.51140415201071,116.74480127480358,116.86163650032086,96.38628864529528,1.8358043299260092,-3.3494407428626025e-06,0.005052038968831861,5.728860754393711,0.8566706396040875,0.9121335242300773,1.1680759204940523,2.5594239626397495,0.34410155126536746,643.8647047711166,35.61603240374297,0.5439256928960603,3.0,287.6981758730119,100509.74771844113,1.2170515801540092,340.11509457904526,0.22103105531106812,-7.350590080649841e-05,117.03413165341665,8334.97042725697
1.2109375,70.42640751616531,117.49598484510109,117.61433948134346,96.35531308923186,1.8768155584792032,-3.0882514714815403e-06,0.0032806437490125137,5.726226712077622,0.8540365972879984,0.9119132474886283,1.1691377880602907,2.572245405716623,0.3463188644557511,643.8647047711166,36.08114562566354,0.5441348044800179,3.0,287.6922283511449,100499.01626236769,1.2169467928663653,340.11149038079384,0.22731968684811063,-0.0001314651274739392,117.78702513702964,8441.828040228336
1.21875,71.34727771320439,118.24670700467318,118.36672450848181,96.32401285740913,1.9182354875271292,-2.773595908482851e-06,0.001497467261910505,5.723592669761533,0.8514025549719093,0.9116927680010052,1.1702137907435681,2.5852102274256294,0.3485355400463447,643.8647047711166,36.55153724956342,0.5443452058614036,3.0,287.6862426948642,100488.2159981763,1.216841329327522,340.1078630730877,0.2308849845960568,-0.000279241832185923,118.53967773018687,8549.317394205418
1.2265625,72.27400778716131,118.99569141073356,119.11751662437149,95.96997171013575,1.9600885251344893,-2.4014116764273933e-06,0.0002759544444983725,5.720962401145037,0.8487722863554135,0.9114724017965823,1.1709646873010802,2.5949228550449788,0.350747828493894,642.019820230225,37.026565473549596,0.544556733390728,3.0,287.6802189493834,100477.34700744881,1.216735190250017,340.10421268332635,-0.23165595551604642,-0.0014220309354333425,119.29081406030221,8657.252366344657
1.234375,73.20657754605546,119.74166334591541,119.86544092427725,95.61544381212921,2.002398438321745,-1.9681084161812395e-06,0.0020179397503687054,5.718339679927728,0.8461495651381041,0.9112524660675965,1.1699688730317983,2.5871640696420184,0.3529519773647914,640.1749356893337,37.50543902499713,0.5447692036893649,3.0,287.6741572459506,100466.40952700333,1.216628377862002,340.10053929104606,-0.22959512489701114,-0.00019099593970490402,120.03915784560664,8765.442118898707
1.2421875,74.14496993511527,120.48712024521585,120.61300208670181,95.90579256739412,2.0451892594773162,-1.4708822374793192e-06,0.003706728386055011,5.715716958710418,0.8435268439207948,0.9110323284986293,1.1690112391550243,2.57978910656395,0.3551553493455263,642.019820230225,37.98960460988133,0.544982933431457,3.0,287.66805769542174,100455.40375686371,1.2165208940321328,340.0968429634256,-0.22467597057348027,-0.00010923827617738294,120.78721307398601,8874.246717028338
1.25,75.08919397149512,121.23456334228796,121.36270757096955,96.19590184447418,2.088486743730727,-9.078001414756768e-07,0.005320924351301431,5.713086690093923,0.840896575304299,0.9108113544487391,1.1681036241552218,2.572922697064828,0.35736531364269725,643.8647047711166,38.48046312721391,0.5451986429007809,3.0,287.66192023918524,100444.32959127388,1.2164127376423803,340.09312366494623,-0.21694034336059692,-7.234971044245308e-05,121.53748580624813,8984.035505555912
1.2578125,76.03925203382093,121.9789527188925,122.10950373635256,95.19393010745102,2.1323156711682025,-2.775579076401333e-07,0.006840096283380173,5.7104639688766134,0.8382738540869896,0.910590811782528,1.1672567286385664,2.5666591685603843,0.35956699484526355,638.3300511484423,38.97438251986338,0.5454148787807283,3.0,287.65574486178014,100433.18700233652,1.2163039083344593,340.08938138623876,-0.20646419488846257,-5.243046151452161e-05,122.28491684383458,9094.061601572097
1.265625,76.99510059485695,122.71776945635183,122.85086129583199,94.83729914703417,2.1766964423831894,4.2085698376399025e-07,0.00824496546741396,5.707856342457677,0.8356662276680532,0.9103713374972737,1.1664804835847138,2.5610914608744006,0.36175293899991534,636.4851666075507,39.46922791774667,0.5456308873819331,3.0,287.6495318461334,100421.97650055317,1.2161944110083642,340.08561629875686,-0.19336279857201724,-4.292490298283305e-05,123.0269712076728,9203.937738970344
1.2734375,77.95672233613591,123.45856580321494,123.59434615436028,95.77285604163373,2.2216502553757365,1.1879989807810614e-06,0.009516929214835995,5.705241168639554,0.8330510538499303,0.9101510264784642,1.1657847141320041,2.556336876535399,0.36394538826003053,642.019820230225,39.96948976624068,0.5458488584328011,3.0,287.6432813048151,100410.69828904042,1.2160842475618723,340.08182847071794,-0.17778169334991684,-2.3197881246753537e-05,123.77121310295655,9314.787728723342
1.28125,78.92414585361738,124.20134714516003,124.33995646874027,95.41471859124105,2.26720046225581,2.0247816372557043e-06,0.010639376481307309,5.702618447422244,0.830428332632621,0.9099298767001994,1.16517771338702,2.552478366868206,0.36614432001889097,640.1749356893337,40.47467260863527,0.5460688016047749,3.0,287.6369930519515,100399.3520324156,1.2159734146322723,340.0780177894826,-0.15991387374533114,-2.022016296588106e-05,124.51763457690241,9426.61582464572
1.2890625,79.89735719130675,124.93983036788092,125.08138231633448,94.73223436213888,2.3133651815916503,2.932734362387354e-06,0.01159810764445556,5.700007047303715,0.8278169325140913,0.909709479327603,1.1646661251459776,2.549566458183745,0.3683311499314751,636.4851666075507,40.98000372615835,0.5462888531341434,3.0,287.6306671782565,100387.93789435913,1.2158619137310351,340.07418431002344,-0.13997804381176412,-2.592715385718831e-05,125.25991536891934,9538.464920139622
1.296875,80.87631955566138,125.67403326579952,125.81862931072614,94.37227089627562,2.360158494418868,3.911972404557927e-06,0.012380530523711866,5.697406968283965,0.8252168534943414,0.9094898367090977,1.1642560107906403,2.5476617408154265,0.370505871562516,634.6402820666593,41.48491074482513,0.5465089907073785,3.0,287.6243039228882,100376.45630639761,1.2157497489860534,340.07032817727026,-0.1182190737616281,-6.835453807091162e-06,125.99805333387036,9650.323310738671
1.3046875,81.86101271917391,126.40775951553806,126.55549809281646,94.65869276183928,2.4075934166994544,4.963026236404538e-06,0.01297591009332113,5.694806889264215,0.8226167744745915,0.9092699935260515,1.1639526675907346,2.5468267406468303,0.3726796429752096,636.4851666075507,41.99146417139627,0.5467303322439053,3.0,287.61790341732535,100364.90750576579,1.2156369226272568,340.06644947089916,-0.09491662077962897,-1.2734509346163229e-05,126.73584297666186,9762.76425852166
1.3125,82.85143634169415,127.1397748074708,127.29073512309213,93.97247121992672,2.455681984157603,6.0866535777398555e-06,0.013376513527673531,5.692210583944059,0.8200204691544348,0.9090502690165234,1.16375965567618,2.547093866596566,0.3748487504073814,632.7953975257678,42.49838749002029,0.5469524947356768,3.0,287.611465663779,100353.29149645308,1.2155234346056127,340.06254819225006,-0.07039360879768641,3.763908239649312e-06,127.47202125021485,9875.590767346524
1.3203125,83.8475640455014,127.8688507181104,128.02309092297017,93.9328562034117,2.5044311554011163,7.283760079522467e-06,0.013577273191690824,5.689621826023089,0.8174317112334647,0.9088309835838982,1.1636792513333198,2.5484826774942158,0.3770094907664142,632.7953975257678,43.00447768759912,0.5471750874228359,3.0,287.6049908337042,100341.60858782593,1.2154092878552993,340.0586244452247,-0.04498474265462119,6.616369672322041e-06,128.20532883282146,9988.6020039165
1.328125,84.8493795649823,128.59502019514,128.75257955937766,93.2436277959116,2.5538457207632743,8.556195109444972e-06,0.013575811094404911,5.687040615501305,0.8148505007116811,0.9086121387008393,1.1637125197299931,2.5510038102915376,0.37916187806590773,629.1056284439849,43.50950459240031,0.5473980970100156,3.0,287.5984790328276,100329.85897065273,1.2152944841516902,340.0546782938935,-0.019061661190541163,9.314109707655015e-06,128.93577046701074,10101.790806358236
1.3359375,85.85685047561587,129.31705768874923,129.4779515767912,92.87712960533801,2.6039259215748993,9.905134375492036e-06,0.013372962750854376,5.684470726078301,0.8122806112886772,0.9083940562227555,1.163858923859603,2.554648676368476,0.38130220828263395,627.2607439030935,44.01247893605222,0.5476211217690274,3.0,287.5919304719085,100318.04302521877,1.2151790271218472,340.05070986597656,0.006979431956448917,1.1786045479194379e-06,129.66208659997412,10214.950871100966
1.34375,86.86995121371021,130.03626211931515,130.20048885519307,92.50914938457937,2.6546693738021636,1.133184317984476e-05,0.012972182674602553,5.681908384054484,0.8097182692648599,0.9081764178155339,1.1641168247708211,2.5594040695528717,0.3834342259874092,625.4158593622021,44.51431268157166,0.5478445340480005,3.0,287.58534531711086,100306.16105134331,1.215062919606688,340.0467192621692,0.03278241452801109,2.1181673751488312e-05,130.38555059984768,10328.272850657417
1.3515625,87.88866307942381,130.75393356916035,130.92147398271675,92.46430424708558,2.7060710589175314,1.2837337153130991e-05,0.012379844578656462,5.6793498157302595,0.8071597009406358,0.9079589039867247,1.1644831819446078,2.56524277957883,0.38556167857449675,625.4158593622021,45.01607414451959,0.5480687153590101,3.0,287.57872368998375,100294.21326834416,1.2149461636604668,340.04270655613016,0.057925144967815055,1.6570968666236e-05,131.10743672679658,10441.951978054529
1.359375,88.91297752357441,131.47010639539727,131.64091982301747,92.0934051671991,2.758123643692576,1.4423271953889259e-05,0.011605611823695152,5.676795021105629,0.804604906316005,0.907741515338556,1.164953249366602,2.57211734028046,0.38768457856182525,623.5709748213105,45.51807387550723,0.5482936591794796,3.0,287.57206564609675,100282.19977648891,1.214828760173869,340.0386717815346,0.08200532792549838,2.5714062729081283e-05,131.82774916434707,10555.98448530903
1.3671875,89.94287638056262,132.18354821881996,132.35756888672174,91.72116791802625,2.810815871832776,1.6090899433274577e-05,0.01066207567764232,5.674247773880184,0.8020576590905606,0.9075245740128892,1.1655207230942797,2.5799614908139046,0.38979920211493685,621.7260902804192,46.01981828743801,0.5485189598557557,3.0,287.5653713035263,100270.12078882959,1.2147107111395383,340.03461500993694,0.10465851675782953,2.869083390436699e-05,132.54522162233314,10670.162085806072
1.375,90.97833512916415,132.89302094348812,133.07015875970046,91.02263194267614,2.8641330032890338,1.7840799670502737e-05,0.00956464443820698,5.67171184775352,0.799521732963896,0.9073084033051254,1.1661777928239165,2.588693895187911,0.39190181300525834,618.0363211986363,46.520877977754736,0.5487442017691884,3.0,287.5586408216604,100257.97659295905,1.214592019278554,340.0305363379262,0.12546437094120882,5.138328028083713e-05,133.25858366798366,10784.27151837529
1.3828125,92.01931955731578,133.5985475127618,133.77869312170796,90.64812228421329,2.9180567535403297,1.9675279599621258e-05,0.008331164801526672,5.669187242725635,0.7969971279360111,0.9070930055444449,1.1669153382875044,2.598223327430594,0.3939924026730952,616.1914366577448,47.02178384583577,0.5489693632903688,3.0,287.5518744228774,100245.76759012749,1.2144726884229398,340.0264359002637,0.1441090678230745,6.430385652137597e-05,133.9678324527141,10898.301499576904
1.390625,93.06580550057231,134.30141122153645,134.4844413765199,90.27269356523661,2.972567215305928,2.159737731605464e-05,0.0069817359060825625,5.666670185096937,0.7944800703073127,0.9068780606557909,1.1677229547902754,2.6084489413448453,0.39607468940590623,614.3465521168533,47.52401958199166,0.5491948274845058,3.0,287.54507226424624,100233.49406374335,1.2143527212531013,340.0223137921332,0.16023333168136217,8.821913492217858e-05,134.67423232629676,11012.448032510654
1.3984375,94.11778210891246,135.00542700900658,135.1912136357699,90.87318399618663,3.0276433947560695,2.361106549151762e-05,0.005538674127371404,5.664149353768645,0.7919592389790211,0.9066626020449406,1.1685889496097106,2.6192634756476996,0.398159869426913,618.0363211986363,48.030952632242986,0.54942180214788,3.0,287.538234416292,100221.15614105917,1.2142321189230347,340.018170056273,0.1735465257600886,8.25509379684197e-05,135.38159019238356,11127.329360669022
1.40625,95.17527161591013,135.71186856748156,135.90027344158287,90.82200867919788,3.08326510265323,2.57189916496698e-05,0.004026114674192716,5.661620975041167,0.789430860251543,0.9064463056204164,1.169500252971468,2.630539473510516,0.40025164960743725,618.0363211986363,48.54408753969174,0.5496508731547138,3.0,287.53136073449656,100208.7535613124,1.2141108787933987,340.0140046051049,0.18380505151195006,0.0001101616958729423,136.091166232824,11243.155736937135
1.4140625,96.23827977050215,136.41820033630682,136.609066937122,90.77047334149074,3.1394092840485874,2.7922209614396002e-05,0.0024697955153236985,5.659092596313688,0.7869024815240648,0.9062298159213458,1.1704424064115206,2.6421259049017487,0.40234250898102186,618.0363211986363,49.06209391914277,0.5498823204323932,3.0,287.5244511814917,100196.28625707768,1.213989000113963,340.009817415984,0.19079364156399264,0.00018709471750427906,136.80040301732615,11359.507683421545
1.421875,97.3067990826871,137.12187690125708,137.31503391469707,90.0666545330202,3.1960507353256995,3.02214492754793e-05,0.0008962738819728666,5.656571764985397,0.7843816501957732,0.9060137797924288,1.1714001118020416,2.653863320096128,0.4044249119821037,614.3465521168533,49.583256563284266,0.5501140293910791,3.0,287.5175058059625,100183.75431620012,1.2138664836518984,340.0056085184133,0.19438498009220406,0.000523662471754577,137.50673829848088,11475.956297598337
1.4296875,98.38079553763697,137.82034629514308,138.0156112481821,89.36251279189995,3.253161582652549,3.2617926880602824e-05,0.0006676301621797227,5.654066028455478,0.7818759136658546,0.9057988463830267,1.1715682019123117,2.6576935552928505,0.4064913183390503,610.6567830350704,50.105772086294266,0.5503451401602031,3.0,287.51052482900536,100171.15813761669,1.2137433332156145,340.0013780463772,-0.19450793600774857,0.0006889227585646499,138.2076083991657,11592.063872641083
1.4375,99.46024163286934,138.5186769091242,138.7158785403913,89.96346876980652,3.3107142566249284,3.511293766669692e-05,0.0021947615088885814,5.65156029192556,0.779370177135936,0.9055837223832501,1.1707038248895079,2.6512010250625773,0.40855667449466804,614.3465521168533,50.63340718782757,0.55057730993986,3.0,287.50350842938633,100158.4980438854,1.2136195518669999,339.99712610820814,-0.19108641172375995,0.00020855830066809374,138.90809518051378,11708.673095695744
1.4453125,100.5451593885435,139.2206644894272,139.41964140627488,90.238136210774,3.368684958885734,3.770589383927748e-05,0.0036582190027618817,5.649043234296862,0.7768531195072377,0.905367434297995,1.1698822307379684,2.645147964399733,0.41063218156713055,616.1914366577448,51.16884693975428,0.5508118058183139,3.0,287.4964564639744,100145.77377674669,1.2134951369888451,339.9928526171685,-0.18418739446965435,0.00012850785361518823,139.6120067874198,11826.427778769796
1.453125,101.63556404766805,139.92247212474322,140.12305740755826,89.8596791948207,3.4270498579132083,4.039475202975942e-05,0.005032255491503826,5.646526176668163,0.7743360618785393,0.9051509533828271,1.1691175066250707,2.639665532422436,0.4127065455683894,614.3465521168533,51.70881200717361,0.551047359659705,3.0,287.48936883369015,100132.9851574256,1.2133700867402066,339.9885575132163,-0.173913690886311,6.687238568574236e-05,140.3155031040592,11944.682324846684
1.4609375,102.73143422437812,140.61898373568573,140.82100637494705,88.82766295720282,3.485783492309407,4.317816327475442e-05,0.006292664900181721,5.644024213837838,0.771834099048214,0.9049355793500926,1.168422508457572,2.634869291074793,0.41476471784468444,608.811898494179,52.24884147427019,0.551282247943631,3.0,287.4822456775415,100120.13243674253,1.2132444034803156,339.98424088059016,-0.16042463734693174,4.2561240109783714e-05,141.0134677404772,12062.559994992605
1.46875,103.83272180902647,141.31017310245457,141.51347362876555,88.44926029943035,3.5448600575587244,4.6056120964082935e-05,0.007417242832060763,5.641537345805886,0.7693472310162617,0.9047213154012628,1.1678090023920806,2.6308768699081786,0.41680667163092266,606.9670139532875,52.7882627837225,0.5515164401782124,3.0,287.4750873082413,100107.21617894295,1.2131180926335356,339.9799029087942,-0.14398321522779198,3.397681354453937e-05,141.70589175281876,12180.045175992766
1.4765625,104.93939506128328,141.99728507464974,142.20172152603323,87.74369442959714,3.6042568606790493,4.9028531345460664e-05,0.008386052889879331,5.639061798872713,0.766871684083089,0.9045078391619057,1.1672874208437556,2.627795816818499,0.41883613979986534,603.2772448715046,53.32735337589466,0.551750340378228,3.0,287.4678939321016,100094.23675628779,1.2129911577472587,339.97554372285356,-0.12483368589981118,4.113893122055874e-05,142.39404435924033,12297.343093496496
1.484375,106.05141869774565,142.68029174185946,142.8857395856843,87.36502109015095,3.663953356135391,5.209415877045407e-05,0.009181987284143638,5.63659757303832,0.7644074582486962,0.904295152956188,1.16686650846122,2.6257135550503197,0.4208531136529256,601.4323603306132,53.8654112118564,0.5519839267173557,3.0,287.46066577846466,100081.19458259223,1.2128636027755564,339.9711634617496,-0.10337402466380086,6.753930184922875e-05,143.07792269508505,12414.442461700008
1.4921875,107.16876717558878,143.36043976091273,143.56679704298966,86.98600506396438,3.7239323918162173,5.524768371804006e-05,0.009790976321223143,5.634140894603114,0.7619507798134898,0.9040829329701404,1.1665534171966692,2.624704842265287,0.42286135114911744,599.5874757897218,54.402790267378016,0.5522176168260094,3.0,287.45340301335864,100068.08995743078,1.212735430555474,339.96676222609534,-0.07994612282805595,5.359755524163296e-05,143.7588044207174,12531.555294472162
1.5,108.29142137576339,144.03897748883566,144.24616680757805,86.93396356849861,3.784180296357874,5.8482607690514134e-05,0.010202259130041316,5.6316879898675,0.7594978750778767,0.9038708542502758,1.166353568186895,2.6248271393661926,0.4248646229739466,599.5874757897218,54.93995727278296,0.5524518382396852,3.0,287.44610576105754,100054.92310503786,1.212606643187257,339.9623400912009,-0.05501087634176674,3.8671703356649984e-05,144.43797144818868,12648.898517670306
1.5078125,109.4193752574546,144.7171536584766,144.9251237216384,86.88139684959688,3.8446875666089664,6.179300409142431e-05,0.01040896547661222,5.629235085131888,0.7570449703422636,0.9036585907064026,1.166270384582069,2.6261179387566633,0.426866707012246,599.5874757897218,55.477532013039514,0.5526870277151239,3.0,287.4387740608265,100041.69409626212,1.212477241270736,339.9578970808609,-0.02901871031301503,3.5068252614376564e-05,145.11670804971513,12766.693605146884
1.515625,110.55262588854278,145.3949407407627,145.60366500027754,86.82822693062278,3.905448422113278,6.517354543943954e-05,0.010408031667351611,5.626782180396274,0.7545920656066505,0.9034461420968082,1.1663053191593533,2.628591770625451,0.4288676239657679,599.5874757897218,56.01528602762813,0.5529231858880352,3.0,287.43140793172444,100028.40296549237,1.2123472250487637,339.95343320662505,-0.002481174692725465,4.015992205825572e-05,145.79502115833066,12884.940386393391
1.5234375,111.69117012135266,146.0723110787299,146.2817884311255,86.77441525013775,3.966460740407416,6.861839385576044e-05,0.010200455174252863,5.624329275660661,0.7521391608710374,0.9032335081793573,1.1664577935447633,2.6322428536540596,0.4308673965248099,599.5874757897218,56.55316841435426,0.5531603136775527,3.0,287.4240073942112,100015.0497496456,1.2122165947885446,339.948948480892,0.024066430012786428,6.378573546278251e-05,146.47291838330867,13003.638833251553
1.53125,112.83500126068046,146.74795786043126,146.95821027732407,86.3919655985299,4.027725912795155,7.212038838892106e-05,0.009791595470561514,5.621880144624641,0.7496900298350175,0.9030210162686945,1.1667249572731113,2.6370394100441685,0.4328622772632011,597.7425912488302,57.09027422304613,0.5533979618832296,3.0,287.41657249180554,100001.63452724532,1.2120853511639618,339.94444293003414,0.05009547059507387,5.440747114204535e-05,147.14912570966487,13122.560358077808
1.5390625,113.98409573856556,147.41929452929244,147.63036400022634,85.68073215560649,4.089247978334523,7.567113951559617e-05,0.00919093237222681,5.619442334687402,0.7472522198977775,0.9028093226619532,1.1671017923990998,2.6429246973714657,0.4348447437707582,594.0528221670475,57.624806805577215,0.5536352202380559,3.0,287.4091033776993,99988.15757470421,1.2119534967847436,339.93991664688576,0.07508118237764325,6.725518755106331e-05,147.82108595176794,13241.242439301579
1.546875,115.13840977340027,148.08373298192697,148.29568032684676,84.64061692980484,4.151033288553266,7.926284832058193e-05,0.008411701699900354,5.617023393248127,0.7448332784585037,0.9025990859267637,1.1675813310437055,2.6498224511694177,0.4368072632640573,588.518168544373,58.15507822983069,0.5538711608339612,3.0,287.4016003364729,99974.61940550715,1.2118210365803581,339.9353698039026,0.09848694727394948,7.09281324006406e-05,148.48623857069794,13359.213897866111
1.5546875,116.29789269648707,148.74380532443263,148.95671900735948,84.58534172366879,4.213091161064728,8.288819682300203e-05,0.007470827145640717,5.614615772907634,0.7424256581180095,0.9023896532562837,1.16815488693183,2.6576523367554614,0.4387573890515116,588.518168544373,58.68371004669351,0.5541066655682101,3.0,287.3940636974728,99961.02061391308,1.2116879762712514,339.9308026006685,0.1197907973991396,8.149727925607165e-05,149.1471514072541,13476.922436302351
1.5625,117.46253028665326,149.40332290492637,149.6173199363911,84.52987941231864,4.275436447871667,8.654070768391126e-05,0.006388501037059698,5.612208152567139,0.7400180377775154,0.9021800408938381,1.1688120117859402,2.666319708921021,0.44070643875783316,588.518168544373,59.21450327643141,0.5543430904414556,3.0,287.38649355313675,99947.36136671249,1.21155431739567,339.9262150932009,0.13859645068284254,8.916737453268097e-05,149.80767169415375,13595.056050109937
1.5703125,118.6323180962764,150.0622567246604,150.27747247461917,84.47438356528367,4.3380874949572314,9.021520108109263e-05,0.005188270821465582,5.609800532226645,0.7376104174370213,0.9019702486080656,1.169540080132175,2.675698315241093,0.44265439961112235,588.518168544373,59.74814235163739,0.554580432304163,3.0,287.3788899323742,99933.64171606855,1.211420060370031,339.9216072990188,0.15442305742092993,0.00014094797815794065,150.46779499379485,13713.612663938362
1.578125,119.8072447779872,150.71801517671565,150.934594789792,83.76123199213738,4.401064637990259,9.390542631321543e-05,0.0038963482761041218,5.607400459285337,0.7352103444957137,0.9017609346697564,1.1703246487244614,2.6856371405470503,0.4445936902858801,584.82839946259,60.28312669041614,0.5548177597156965,3.0,287.37125290894306,99919.8617950669,1.2112852064023811,339.9169792628195,0.16694422354986693,0.00016102145051563382,151.1249442012859,13832.119252768536
1.5859375,120.98727874842204,151.37057316884275,151.58867400003294,83.70628917038576,4.464388802493502,9.760590026120179e-05,0.002541012898628502,5.605007933743217,0.7328178189535925,0.9015521005389501,1.1711499773576035,2.695978768186534,0.446524283354072,584.82839946259,60.819984097915814,0.5550550555008564,3.0,287.36358268813524,99906.02197412743,1.2111497590234184,339.91233110901,0.1758626756331671,0.00024225394715846974,151.7791100516627,13950.566880901366
1.59375,122.17240158292019,152.01990569304132,152.2396937578825,82.99332373640891,4.528083282979973,0.00010131396265557155,0.0011520183205715945,5.602622955600282,0.730432840810658,0.901343747674306,1.1719991633227467,2.7065541564844064,0.44844613703442054,581.1386303808073,61.359097589101026,0.5552923007094989,3.0,287.355879389711,99892.12246934058,1.211013720253682,339.90766291016485,0.1809721212786463,0.0005082756327898887,152.4302783804614,14068.945698983223
1.6015625,123.36258132560502,152.66599395645014,152.88764046635075,82.9392088530888,4.59217132152406,0.00010502979672209023,0.00024007233156108206,5.6002455248565335,0.7280554100669099,0.9011358775330809,1.1725708695211772,2.714349919880963,0.45035921351036184,581.1386303808073,61.900734925298245,0.5555300616796326,3.0,287.34814322138357,99878.1636554952,1.2108770936671,339.9029747921585,-0.18212798121134385,0.002482371918955161,153.07843639722884,14187.246123664287
1.609375,124.55780258555339,153.31010394927335,153.53378507485002,82.55590454487758,4.6566777220182285,0.00010875433164911035,0.0016043580022377826,5.597871867812379,0.7256817530227551,0.900928161198654,1.1718024649822663,2.708743037836122,0.45226725103916654,579.2937458399157,62.446193766178425,0.5557707278072654,3.0,287.34037428319385,99864.14571310104,1.2107398809362506,339.89826681561544,-0.1793292520424427,0.0003665766206987691,153.72485476567556,14305.697424142942
1.6171875,125.75804317531806,153.95094105298625,154.17682850705015,82.17281313823268,4.72162667396249,0.0001124878106112302,0.0029105293486294476,5.595505758167411,0.7233156433777868,0.9007209299393845,1.1710722599619432,2.703513300225587,0.45416642202160123,577.4488612990243,62.99384665667314,0.5560112756516165,3.0,287.3325727193604,99850.06890237966,1.2106020845139924,339.89353906793247,-0.1725752388860011,0.00018431477584565116,154.36823250674223,14424.052182268295
1.625,126.96328084764735,154.58978497598434,154.8180488657229,82.11943654193573,4.78704173079463,0.00011623047068899061,0.004129367167400309,5.5931434222220355,0.7209533074324117,0.9005138542785195,1.1703967634215244,2.6988290914300492,0.456060478649214,577.4488612990243,63.54434964304822,0.5562521695797801,3.0,287.3247386744903,99835.93348425404,1.2104637068601958,339.8887916367411,-0.16206157854443543,0.00013421408987512922,155.0098450013551,14542.542474928947
1.6328125,128.1734966884024,155.2240688171247,155.454863147442,81.07659849404551,4.852945476582298,0.00011998328704847531,0.0052338093436921345,5.5907924073754405,0.7186022925858164,0.9003075972532866,1.1697907555969993,2.6948315834371273,0.45794180625841163,571.91420767635,64.0948777065397,0.5564924272606927,3.0,287.31687227152537,99821.73968055534,1.2103247500521641,339.88402459654435,-0.14800189381421577,0.00012092668497208211,155.64710414211993,14660.676422632154
1.640625,129.38863838870827,155.8512360218628,156.08469438462762,80.36332308164899,4.91935606902035,0.00012374939155123966,0.0061993349823248715,5.588460261026811,0.7162701462371873,0.9001028241240319,1.169267366241824,2.6916454211779217,0.45980280327593037,568.224438594567,64.6424638606007,0.5567310522810314,3.0,287.30897385047336,99807.48810477901,1.2101852200019692,339.87923815338684,-0.13069503763709703,6.757923703324016e-05,156.2774264782148,14777.955366286826
1.6484375,130.60868054819386,156.48158936991896,156.7178583539925,81.95925528448707,4.986291442938003,0.00012753196764750507,0.007004039744805993,5.586116793579403,0.7139266787897786,0.8998968847220823,1.1688388388538722,2.689419541317899,0.46167380965993704,577.4488612990243,65.19533920189696,0.556971927080739,3.0,287.3010435764367,99793.17905482883,1.2100451195325503,339.8744324073207,-0.11057404854426893,4.3163678808900454e-05,156.9111240154965,14896.321454363333
1.65625,131.83368161943272,157.1190078069249,157.35822608538962,82.23345986192085,5.053773506609114,0.0001313323980454052,0.007629970251151975,5.583750683934434,0.7115605691448103,0.8996887801910051,1.1685148149801978,2.6882603478919274,0.4635661970057751,579.2937458399157,65.75626020972805,0.5572165402217726,3.0,287.29308106947366,99778.81184515406,1.2099044418372606,339.86960712810105,-0.08805256850114147,4.7696623996099595e-05,157.5520612542207,15016.518459789513
1.6640625,133.0636533853991,157.75194956262771,157.994198711276,80.85509567884074,5.121817210289507,0.00013515263404575205,0.008063999344760112,5.581395895388246,0.7092057805986217,0.8994814961970535,1.1683014227265438,2.6881992652949025,0.46544580235049077,571.91420767635,66.31446107664344,0.55746048260005,3.0,287.28508625299486,99764.38633756016,1.2097631854674962,339.8647622693149,-0.06369761004513173,4.499098363351025e-05,158.18862696510007,15136.340248162174
1.671875,134.29852417881887,158.37273708414722,158.6180492145834,79.14490054196679,5.190427045562795,0.00013899539235897424,0.008297543112267422,5.579075070138396,0.7068849553487724,0.8992770306646753,1.1682025785058292,2.6892554784115386,0.4672898541854086,562.6897849718927,66.86256001266284,0.557700761400737,3.0,287.27705959283765,99749.90337258417,1.2096213585586164,339.85989811325965,-0.038086884499370297,1.7411547084673733e-05,158.81308223281292,15254.29005785404
1.6796875,135.5381958694879,158.9814160914607,159.22979500686853,77.76352291248912,5.259601379788828,0.00014286359780962257,0.008326308559228807,5.576788208184886,0.7045980933952624,0.8990753908483041,1.1682204093745485,2.6914501852624437,0.46909837350218647,555.310246808327,67.40013834648369,0.5579373250415213,3.0,287.26900172684833,99735.36410112891,1.2094789722869912,339.8550150464701,-0.011819257647285412,2.819548443444597e-05,159.42543478486024,15370.34255766205
1.6875,136.78259416277623,159.5844722196707,159.83591232372117,77.70271959075815,5.329336472724523,0.00014676056269596194,0.008150823622177275,5.574516441029749,0.7023263262401254,0.8988749181827919,1.1683549157298436,2.6947999754705174,0.47089039250899717,555.310246808327,67.93277891997901,0.558172623930165,3.0,287.26091313794194,99720.76939454592,1.2093360350932034,339.85011336159283,0.014431124303860596,3.532959670451872e-05,160.03215327506763,15485.7233325885
1.6953125,138.03170213983344,160.18710273142634,160.44158489691685,77.64001769723285,5.3996292532099,0.00015069064726047144,0.007776538274962541,5.5722446738746125,0.7000545590849884,0.8986742820545305,1.1686034828638265,2.6992920080929603,0.4726811406011281,555.310246808327,68.46522245119641,0.5584086445992273,3.0,287.25279393609105,99706.11945126491,1.2091925488283894,339.8451931252712,0.04005059979554316,2.897923757503402e-05,160.63841351426385,15601.425419727479
1.703125,139.285523364352,160.79192993119213,161.04941377452784,78.2373554069515,5.470474303206572,0.00015466063082729528,0.007213888615257837,5.569965359320289,0.6977752445306649,0.8984728148815788,1.168960737623932,2.704879227423531,0.4744782467608342,559.0000158901098,69.0001629818574,0.558646396464445,3.0,287.2446440981317,99691.41422948979,1.209048512990714,339.8402543234678,0.06437997598746129,1.437705521775663e-05,161.246808050155,15717.952944607332
1.7109375,140.54407179367624,161.39512444604534,161.65552948663046,77.17793392075974,5.541863157694619,0.00015867549502516953,0.0064784772020665335,5.567689818465558,0.6954997036759346,0.8982715167187241,1.1694181593148305,2.7114664259610644,0.47627029612876914,553.4653622674355,69.53463753631353,0.5588843704682407,3.0,287.23646353334107,99676.65356552428,1.2089039258837884,339.8352969012047,0.08680992746860663,1.5216482464012295e-05,161.85345749014493,15834.551053769419
1.71875,141.80729451695245,161.9876944833565,162.25088655749047,75.45487532004519,5.613778200237593,0.00016273951757596523,0.005590354711375993,5.565444467207574,0.6932543524179503,0.8980727278301998,1.169964472266785,2.7189174443658524,0.47803064031926734,544.2409395629782,70.06102647228238,0.5591190007305131,3.0,287.2282525856398,99661.83807992401,1.2087587934932404,339.8303210668977,0.10676974002425246,1.4932049450032463e-05,162.4493059795113,15949.437511530683
1.7265625,143.07510865408125,162.57225130597246,162.8380808758526,75.05640479599634,5.686196132983544,0.00016685884282875544,0.0045733003420618335,5.563221758147149,0.6910316433575255,0.8978757854896616,1.1705869164565033,2.727111309668416,0.4797668997514192,542.3960550220868,70.58229284385392,0.5593512621827061,3.0,287.2200117937484,99646.96874473369,1.2086131252492087,339.82532714701154,0.12367944787450072,4.5921742029735355e-05,163.0369436623335,16063.099934167509
1.734375,144.34747857396002,163.15397756643824,163.42229066543385,74.6575089506991,5.759094731172612,0.00017104106460245208,0.003454350120146893,5.561006596485911,0.6888164816962873,0.8976793552507725,1.1712709061797295,2.7359155092895704,0.48149429990476816,540.5511704811953,71.10380454274808,0.5595831678183054,3.0,287.21174138926926,99632.0459778464,1.2084669251544244,339.82031528189714,0.13712408552980476,3.6385373637822665e-05,163.62154480007464,16176.544255782472
1.7421875,145.62437212167418,163.72900945444084,163.99962506314276,73.26354410454566,5.832449802900261,0.00017529388702356121,0.0022634689154526935,5.558810303322639,0.6866201885330152,0.8974844436239597,1.1719994486473846,2.7451500502342485,0.483201376145558,533.1716323176295,71.62255320158302,0.5598131576914693,3.0,287.2034415812091,99617.07015638544,1.2083201968127606,339.81528559821277,0.14674853471314644,2.980213136484355e-05,164.19921363635223,16288.991056566445
1.75,146.90573029687906,164.29864545671825,164.57137513814874,73.19721868731673,5.906233387591758,0.0001796224839642727,0.0010323490177710259,5.55662910495774,0.6844389901681162,0.8972907191006406,1.1727545694087715,2.754638503081309,0.4848919205172592,533.1716323176295,72.14012769334018,0.5600417166180043,3.0,287.19511275307025,99602.04197232594,1.2081729469136937,339.8102383283606,0.15230750503101215,7.598004610523894e-05,164.77123907446634,16400.682696996602
1.7578125,148.19153449036165,164.86675776081347,165.14141761326263,72.79946112121988,5.980419665891649,0.00018403266043742593,0.000206236098007914,5.554451680292434,0.6822615655028104,0.8970971779866662,1.1732740594943865,2.761768815077202,0.4865773404656242,531.326747776738,72.66034424139195,0.5602703717113768,3.0,287.1867550258126,99586.96164392283,1.2080251775059099,339.80517354564245,-0.15362889641512192,0.0004055461587998678,165.34149762029858,16512.38189348215
1.765625,149.48176265480524,165.4307485139783,165.70714584571084,72.0703052529226,6.054982165938448,0.0001885336553590126,0.001419289335039557,5.552285576725908,0.6800954619362843,0.8969044925331721,1.1725934026595735,2.7568891012640138,0.4882499647012042,527.6369786949551,73.18077732465339,0.5604980697942965,3.0,287.1783685427437,99571.82942975414,1.2078768910334217,339.8000913369027,-0.15072328189474452,2.8929540068349817e-05,165.9073826007087,16623.56249612427
1.7734375,150.7763791640896,165.99060236747007,166.26854732241247,71.67424332435203,6.129893588659815,0.00019313902127193947,0.002574300450328221,5.550130794258162,0.6779406794685381,0.8967126649211123,1.1719498944516435,2.752372295305312,0.4899097610736298,525.7920941540636,73.70113808116336,0.5607247887622283,3.0,287.1699535354334,99556.64574765458,1.2077280915012671,339.79499184247265,-0.14359879024752337,2.3182940909450528e-05,166.46888326756178,16734.213465114244
1.78125,152.0753583602492,166.54759246734125,166.82690644456136,71.27896317201056,6.205128204289385,0.0001978627772912474,0.0036403595832272813,5.5479835591896025,0.6757934443999783,0.8965213609836541,1.1713611202313228,2.7483975924766866,0.49156051909019816,523.9472096131723,74.2221481378254,0.5609510312291572,3.0,287.16151017065835,99541.41089854909,1.2075787817693142,339.78987516341897,-0.13251823972516144,2.819683440006682e-05,167.02728741692385,16844.58570681532
1.7890625,153.37867439970796,167.10039792134836,167.38091200399168,70.55185254178697,6.280661754254315,0.00020271601617560862,0.004589013668830174,5.545847645219823,0.6736575304301984,0.8963309187103718,1.1708428413275482,2.745119226171764,0.4931983928981972,520.2574405313893,74.74193523673188,0.5611762551580156,3.0,287.1530386164019,99526.12518553951,1.2074289647191463,339.7847414015396,-0.11772521554034285,3.73552848158924e-05,167.58128839056886,16954.408552769233
1.796875,154.68629448528384,167.65028746411392,167.93185363079243,70.4904890285098,6.356471605311288,0.0002077052285016469,0.005394930598194815,5.543719278649228,0.6715291638596048,0.8961410034056453,1.1704090127982907,2.7426800939264537,0.4948271954857458,520.2574405313893,75.26098543670578,0.5614009699921165,3.0,287.1445390858456,99510.7889932818,1.207278644032131,339.77959068602246,-0.09968778229118135,2.587144988991311e-05,168.1321819424591,17063.936284698728
1.8046875,155.99819908786705,168.1959323823327,168.4784214315111,69.43104365836683,6.4325387847305056,0.0002128344290236727,0.006037135150091072,5.541602233177414,0.669412118387791,0.8959519535688212,1.1700708700931177,2.7411891652429654,0.49644309230254163,514.722786908715,75.77731293520849,0.5616246319119352,3.0,287.13601170592887,99495.40255081972,1.2071278218648218,339.7744230937929,-0.0789111206406018,1.0516798774973485e-05,168.67866528599467,17172.89742132907
1.8125,157.31433466426344,168.7334115548162,169.01671068413762,68.37170886612542,6.5088451596475645,0.00021810625491068,0.00649918914320396,5.539507829903161,0.6673177151135368,0.8957647834661341,1.1698369300320441,2.7407214656591004,0.4980346138882485,509.1881332860406,76.28649105952479,0.5618456284618503,3.0,287.12745682468227,99479.9664861252,1.2069765042847571,339.76923883575745,-0.05593560798905898,2.2682504419383572e-05,169.21684167467055,17280.487499938932
1.8203125,158.63464405660278,169.26528915828914,169.54932014860356,67.97812624628493,6.585376021294775,0.00022352239213508537,0.006769449309338261,5.537428521427279,0.6652384066376555,0.8955788222786789,1.1697134764184898,2.7413465413981086,0.49960943439533495,507.34324874514914,76.79041542161869,0.5620649980908359,3.0,287.11887481363203,99464.48146956426,1.2068246977762653,339.764038137061,-0.03146072406303637,6.134817119308918e-06,169.74931892153205,17387.22502205507
1.828125,159.9590968938177,169.79412784715208,170.07884872583372,67.58388934060751,6.662122491649526,0.0002290831974970303,0.006841909413706206,5.535356760350584,0.6631666455609608,0.8953933971368118,1.1697040261627611,2.743106290259494,0.5011752301708867,505.49836420425765,77.29177741694023,0.5622879178673899,3.0,287.1102658701902,99448.94785733861,1.2066724057447857,339.7588211173353,-0.0061918229090966006,3.2002361413198125e-05,170.27870537606964,17493.63516289744
1.8359375,161.28766592056672,170.31859529173116,170.6039922027573,66.85578597923626,6.739080065344935,0.0002347863263952562,0.006716408772471021,5.53329632037267,0.6611062055830459,0.8952088475304407,1.1698085474393056,2.745996999088649,0.5027281900136583,501.8085951224748,77.78881017812466,0.5625110421780225,3.0,287.1016301715163,99433.36596910778,1.2065196312380193,339.7535878839389,0.019161194141810677,3.7918410882785666e-05,170.803706287539,17599.445203648123
1.84375,162.62032024683197,170.84125834245512,171.1273545741262,67.12712190060724,6.816248211339649,0.0002406240700291897,0.006398023770990417,5.531239654094348,0.6590495393047241,0.8950244988115024,1.1700245610762228,2.750000622647204,0.5042760058476613,503.6534796633662,78.2839493248217,0.5627340938840931,3.0,287.0929679183956,99417.73616715986,1.206366377722133,339.74833855854774,0.04390305883930416,4.974852194508736e-05,171.32693516168342,17705.187111020903
1.8515625,163.9570524057716,171.36078201086124,171.6476280932259,66.06400945658372,6.893632184164746,0.0002465862085725594,0.005897697911659884,5.529190535215212,0.6570004204255888,0.8948406902130102,1.1703460566083617,2.755053663953515,0.5058148548613753,498.1188260406919,78.77625879558465,0.5629565130835047,3.0,287.08427915936244,99402.05853906843,1.2062126459699962,339.74307317057367,0.06724571236485964,5.160465161761265e-05,171.84709324593135,17810.58821370992
1.859375,165.29781405712373,171.8732368127517,172.16090251413726,65.33445230675149,6.971238401861733,0.0002526603078659833,0.005231891368353406,5.527160284834044,0.6549701700444198,0.8946584397306822,1.1707638409359082,2.7610540120522606,0.5073332510529291,494.429056958909,79.26241807439192,0.5631766209012752,3.0,287.0755642086287,99386.33365178373,1.206058441455511,339.737791910429,0.08852290204953217,4.4183198903483745e-05,172.36027847546148,17914.831645768525
1.8671875,166.64256001731232,172.38119367166928,172.66978039576367,64.9388256008006,7.049077160459966,0.0002588358927360503,0.00442172107536746,5.525141355551654,0.6529512407620306,0.8944770726948709,1.1712665369046393,2.7678946420976844,0.5088388762500993,492.5841724180175,79.7455766883836,0.563395509924328,3.0,287.06682335988745,99370.5620352334,1.205903769290569,339.73249495609184,0.10712106427092395,2.800581685937758e-05,172.86910095910028,18018.44895196388
1.875,167.99126180493195,172.8859239206508,173.17555832580908,64.5436754551789,7.127163162091007,0.0002651041188321709,0.0034923183332661615,5.523129973668452,0.6509398588788279,0.8942962518151636,1.1718403625951266,2.77544110779963,0.5103355652645739,490.7392878771261,80.22767581151594,0.5636137241071879,3.0,287.0580567982679,99354.74402345659,1.205748632666807,339.72718241975036,0.12245811242518388,3.890230147720449e-05,173.37486367592433,18121.704637204683
1.8828125,169.34389410466162,173.3874005375754,173.67822736218383,64.14932940932708,7.205514053641474,0.00027145706359838867,0.002472733483109858,5.521126139184435,0.6489360243948117,0.8941159784300132,1.172469073124035,2.783530946940218,0.5118233061199656,488.89440333623463,80.7093486563043,0.5638312506244704,3.0,287.0492646883197,99338.87991335957,1.2055930344121844,339.72185440112173,0.13407133902689808,3.466614536676145e-05,173.87756268078772,18224.5923246124
1.890625,170.70043479295248,173.88690166251098,174.179082423581,64.09012167648454,7.2841498297817955,0.0002778886496521071,0.0013946915946717311,5.519126078400013,0.6469359636103887,0.8939359140082493,1.1731347568704293,2.7919884286217997,0.5133059210403106,488.89440333623463,81.19240736196949,0.5640486396744178,3.0,287.0404471738458,99322.96996441454,1.205436976987922,339.71651098735055,0.14161652950486342,0.0001139190652552587,174.37849656496277,18327.379456264698
1.8984375,172.06086496227928,174.38180291167282,174.67550080437246,63.02938042650218,7.3630921609837845,0.00028439190832230354,0.00029133438928712004,5.517137338714369,0.6449472239247455,0.8937567393723048,1.1738181302833737,2.8006139091106883,0.5147756942963151,483.3597497135603,81.67459196750434,0.5642647489234054,3.0,287.03160437774517,99307.01439837505,1.2052804624856022,339.71115225291356,0.14492063216722773,0.0006054748423557743,174.87504426119477,18429.510317032138
1.90625,173.42513506550168,174.87079168749972,175.16616957180042,62.63874914352054,7.442361161408381,0.0002909557594780444,0.0008032231354520586,5.515163693827099,0.6429735790374752,0.8935787969442016,1.1735517038707655,2.7997290692656382,0.5162287607173282,481.5148651726688,82.15468689257348,0.5644789920337974,3.0,287.0227366220742,99291.01379634603,1.2051234965224382,339.705778392977,-0.14379841381674724,0.00023942705777559874,175.3658929883218,18530.699801619987
1.9140625,174.79320905804965,175.3551638354208,175.65238635095264,61.91482855379691,7.521977956185299,0.0002975729648735692,0.0018549255553477822,5.513201370038608,0.6410112552489847,0.893401748910919,1.172969673037364,2.7956792412644504,0.5176689366535462,477.82509609088595,82.63381253624443,0.5646919138174427,3.0,287.01384414112266,99274.96858106989,1.2049660831631228,339.7003895495203,-0.13831656982724463,8.632997408153844e-05,175.8523394388956,18631.21286199509
1.921875,176.16504069507616,175.83231548543466,176.1315332381372,60.85747389749486,7.60196222287855,0.0003042354762521091,0.0028315374890381887,5.511257914748084,0.6390677999584605,0.8932262789966828,1.1724338901668445,2.7920761117016166,0.5190885057504142,472.29044246821155,83.10892438317283,0.5649023534402802,3.0,287.004927235482,99258.87929492118,1.204808227646908,339.6949859047021,-0.12872573720397779,6.0506733055517085e-05,176.33176264417983,18730.485158225576
1.9296875,177.5405736103191,176.30356276075588,176.60491792948324,60.47000508942012,7.682331460195811,0.00031093621268746307,0.0037034706683329315,5.509329554255933,0.6371394394663094,0.8930520495975951,1.171961144061856,2.7890909446426093,0.5204913050741664,470.4455579273202,83.58073025629731,0.5651108576314346,3.0,286.9959862715329,99242.74659898168,1.2046499363789025,339.689567680549,-0.11533709936475303,3.963582996023473e-05,176.8054664021283,18828.78267750921
1.9375,178.91977872045337,176.77283576816296,177.07646506545362,60.416970894445925,7.763103230465017,0.0003176682743974257,0.0044443887927963,5.507404967463375,0.6352148526737514,0.8928780395049312,1.1715663573817061,2.7868831787677495,0.5218888738660135,470.4455579273202,84.05249730865927,0.5653191286742865,3.0,286.987021438317,99226.57083435009,1.2044912126256857,339.6841349916201,-0.0985706585251336,2.1574785739804568e-05,177.2773706809275,18926.932960600065
1.9453125,180.30264409376204,177.24016048493743,177.54617950374342,60.028269566667575,7.8442937869276195,0.00032442454213803853,0.005031955210914306,5.505484154370411,0.6332940395807868,0.8927042493065065,1.1712617891362813,2.7855753982977483,0.5232812067437957,468.6006733864287,84.5235266243536,0.5655271597286302,3.0,286.97803281339054,99210.35214096543,1.2043320576803938,339.67868788491467,-0.07891872419709328,2.0528162703350725e-05,177.7474737015673,19024.932515661723
1.953125,181.68914784832756,177.70426786440748,178.01276312320587,59.63822476425048,7.925915369470415,0.00033119913651066937,0.005448709734874364,5.503570888676633,0.6313807738870085,0.8925310213815025,1.1710568120149425,2.7852579063343996,0.5246644583875207,466.7557888455372,84.99184330823552,0.5657343680116362,3.0,286.96902053898583,99194.09077546593,1.2041724739815658,339.67322644662545,-0.05703886338935559,-8.217934426067236e-06,178.21446938236042,19122.497973607977
1.9609375,183.0792616107153,178.16389497794285,178.47492053573927,58.91150187843935,8.007976007514959,0.00033798536790256986,0.005683037917219818,5.501668944081634,0.62947882929201,0.89235869905726,1.1709575401571497,2.7859884109988973,0.5260347889034488,463.0660197637543,85.4555930011733,0.5659401656883342,3.0,286.95998479953033,99177.78707062443,1.2040124647153814,339.6677507885154,-0.033674877507924424,4.4425901023934116e-06,178.67705358334595,19219.343636359852
1.96875,184.47294036568755,178.61647913475454,178.93005021105597,57.84785719125461,8.090478353813133,0.0003447781399188127,0.005729512576296903,5.499785867984602,0.6275957531949778,0.89218796886206,1.1709665987698274,2.7877862990776747,0.5273845103447212,457.53136614107996,85.91175931688235,0.5661433790940639,3.0,286.950925887623,99161.44155439422,1.2038520349843616,339.66226108789954,-0.00962537960037305,5.3742945092019016e-05,179.13261524642274,19314.899307457006
1.9765625,185.8701292915832,179.0633777709363,179.37948160879492,57.45233403602239,8.173420045098418,0.0003515801878437961,0.005588401530437063,5.497917886685943,0.6257277718963187,0.8920184916954461,1.171083856050952,2.790653643555059,0.5287175099469064,455.68648160018853,86.36156691460148,0.5663445724950913,3.0,286.94184415960467,99145.05486974152,1.2036911910210684,339.6567575607204,0.01440822051895301,2.0248061042891438e-05,179.58247509414414,19409.439423288823
1.984375,187.27080116913396,179.5085580592257,179.8271619315064,57.38973805876891,8.256796727306266,0.0003583968598561603,0.005266133742300488,5.496053679086876,0.6238635642972528,0.8918492420530866,1.1713060670451738,2.7945682499208724,0.5300453847110633,455.68648160018853,86.80919795634068,0.566545484124154,3.0,286.9327397924006,99128.62733590274,1.2035299358815716,339.65124031419475,0.03756319787263437,-3.211519275475913e-05,180.03057233992718,19503.808574468116
1.9921875,188.67493934654408,179.94945103349048,180.2704830954235,56.319072513987614,8.340600765577951,0.00036523024775408057,0.0047751788975430925,5.49420079258659,0.6220106777969666,0.8916809064323252,1.171626174240833,2.799452678085077,0.5313604289800951,450.15182797751413,87.25230682465025,0.566744938211601,3.0,286.9236128942474,99112.15914817552,1.2033682714058136,339.64570941391395,0.05914915337266384,-5.3967492803363336e-05,180.47428985542604,19597.435511566622
2.0,190.08249688899082,180.38479359085088,180.70814900864312,55.91808976086487,8.42481815910913,0.0003720790826681622,0.0041334327911945155,5.492363000884677,0.6201728860950534,0.891513829986974,1.1720342155801111,2.805203855931371,0.5326588024350869,448.30694343662276,87.69004360719642,0.5669423361627761,3.0,286.9144637702215,99095.65085702669,1.2032062029209696,339.6401650447542,0.07838493057908803,-3.963894236981859e-05,180.91232357159404,19690.029630689944
2.0078125,191.49344419292373,180.81723503035727,181.1427911845043,55.516228412857245,8.509432802155766,0.00037894399032583926,0.0033637211090417718,5.490532756581951,0.6183426417923267,0.8913473285275554,1.1725177465169765,2.811704179894211,0.5339482342884505,446.4620588957313,88.12572987888774,0.567138839224856,3.0,286.905292612746,99079.1028096563,1.2030437337596525,339.6346073233241,0.09470515724827869,-4.7668480524480387e-05,181.34729888354013,19782.1550842718
2.015625,192.90775870119148,181.24680151188704,181.57441402324218,55.114154950647546,8.594426141540065,0.0003858279901096989,0.0024933523456093076,5.48871005967841,0.6165199448887865,0.8911814033161239,1.1730614654186569,2.818800621025329,0.5352287209259583,444.6171743548398,88.55998637754868,0.5673344372660638,3.0,286.89609956844225,99062.5152706219,1.202880866443687,339.629036338476,0.10746404217350415,-7.124258717816654e-05,181.77921470875833,19873.806958701127
2.0234375,194.32542143451553,181.67481893875996,182.0043304264565,55.04845393515238,8.679777491722122,0.00039273857870873984,0.001552827815552287,5.486891136474464,0.6147010216848395,0.8910157117394805,1.1736481858065322,2.826324740670517,0.5365041163715415,444.6171743548398,88.99472911523058,0.5675297115357083,3.0,286.8868847606756,99045.88846251863,1.2027176030833169,339.6234521649694,0.11631865139074171,-0.00015983621926807395,182.2093801028194,19965.267480494393
2.03125,195.74642373186202,182.10129391800652,182.43253557964255,54.6475054181864,8.765465244083186,0.00039968158588210215,0.0005747591016463827,5.485075986970109,0.6128858721804858,0.8908502543720392,1.1742591552038697,2.8340890083183043,0.5377743987385991,442.77228981394836,89.43035345323374,0.5677246532965388,3.0,286.8776482457429,99029.22248692594,1.202553944600755,339.6178548369202,0.12099240051383633,-0.0004242205988490512,182.63778768581759,20056.53229952142
2.0390625,197.17073990241713,182.5222965772612,182.85508294931986,53.57543422157498,8.851465464268932,0.00040666344181240885,0.00040711504802722504,5.483275932264129,0.6110858174745052,0.8906860647681537,1.1743943294563652,2.837082646882115,0.5390279426090563,437.237636191274,89.86289437935419,0.5679174669607125,3.0,286.8683901906343,99012.51764515397,1.2023898938798097,339.6122444555244,-0.1212767696938161,-0.0005959022958422064,183.0604894137052,20146.72970815408
2.046875,198.59831694038022,182.93651119462416,183.27065371309763,52.84157390692925,8.937751891772782,0.0004136931241586899,0.0013586753613830404,5.481494746056114,0.6093046312664908,0.8905234900832555,1.1738714464940672,2.8334795641081167,0.5402608650661471,433.5478671094911,90.2908712884843,0.568107535776836,3.0,286.8591109398875,98995.77455887197,1.2022254569512738,339.60662122957183,-0.11723079065858487,-0.00019606906180800397,183.47616696767983,20235.56064640937
2.0546875,200.02911542021042,183.3478567616333,183.68318379042037,52.78240556198602,9.024299807822244,0.0004207798346840994,0.0022473560567483875,5.479721107247286,0.6075309924576628,0.8903614992549775,1.173387400863468,2.830259016084904,0.5414847623791771,433.5478671094911,90.71811505746763,0.5682966321631167,3.0,286.8498107497686,98978.99369047544,1.2020606382829286,339.6009853143598,-0.1090078904824863,-0.00010343875942520775,183.88875883668052,20323.88569558495
2.0625,201.46311967473792,183.75631141953252,184.09266312573843,52.05129786129155,9.111087500864832,0.0004279334560667798,0.0030428128506369647,5.4779550158376455,0.6057649010480214,0.8902000935200005,1.1729594870648423,2.827593935448418,0.5426996150485303,429.8580980277082,91.14412400050487,0.5684847439088079,3.0,286.84048972211417,98962.17522371405,1.2018954396064794,339.5953367716012,-0.09692428108240893,-7.631356522915882e-05,184.29825853822396,20411.698967011638
2.0703125,202.9003001988142,184.16185198183246,184.49908585077085,51.99481925575712,9.198094154323657,0.0004351629427977355,0.003718354474357006,5.4761964718271905,0.6040063570375664,0.8900392741117656,1.1726027087969828,2.8256343468521714,0.5439054199498408,429.8580980277082,91.56828459506254,0.5686718613870214,3.0,286.8311480487077,98945.31950463372,1.2017298642482288,339.58967571751685,-0.08146166643012838,-8.170551701077804e-05,184.70466518176625,20498.995866843
2.078125,204.34063752824025,184.56313633201887,184.9011287034933,50.92847741611127,9.28530228887848,0.00044247876734039793,0.0042517627949350345,5.474449248915515,0.6022591341258913,0.8898793876979324,1.1723292842209159,2.8244989652298345,0.5450982979765803,424.32344440503385,91.98854262183563,0.5688573716140306,3.0,286.8217858560664,98928.42676151691,1.2015639143782773,339.5840022287763,-0.06313847171709681,-7.891177598107954e-05,185.1066616349812,20585.479062470764
2.0859375,205.78409488780534,184.96276259065647,185.30142284366272,51.54706645055496,9.372696321962698,0.00044989403909788666,0.004625631801892651,5.472705799703434,0.6005156849138094,0.8897197448505636,1.1721490193555124,2.824292745049488,0.5462860184721424,428.0132134868167,92.40711271886592,0.5690424738416424,3.0,286.81240338322925,98911.49742567519,1.2013975941618396,339.5783164502369,-0.04265415944400579,-7.509424138587903e-05,185.50688645307315,20671.730520533438
2.09375,207.2306899590231,185.36594663102207,185.70522673648665,51.82780664248596,9.460268233386149,0.0004574235464427402,0.004828092290893737,5.470951029392571,0.5987609146029477,0.8895589626201194,1.172068865759517,2.825099031393977,0.5474840912566848,429.8580980277082,92.82918635950426,0.5692295878564886,3.0,286.8030005152663,98894.53128973406,1.201230901489761,339.5726183122514,-0.02068723230275645,-5.4752348444058173e-05,185.91060635233606,20758.92380499607
2.1015625,208.68043329058972,185.7673977358328,186.10726768868858,51.09648504240291,9.548013420183443,0.0004650788689258778,0.004854053380126574,5.469200032781303,0.5970099179916792,0.8893984233178557,1.1720910613517488,2.826926380338931,0.5486770132944816,426.16832894592534,93.24887001483651,0.5694162950445356,3.0,286.79357718361115,98877.52822997498,1.2010638350741873,339.5669077732683,0.0018924737348006285,-4.911492359753239e-05,186.31255677067955,20845.88540398094
2.109375,210.13328726511003,186.16182805232486,186.5022768554409,50.02769948087723,9.635927944871192,0.00047286685926700836,0.004704844522587269,5.467467904668001,0.5952777898783771,0.8892395127933136,1.1722143117077553,2.8297479891444164,0.5498492920744835,420.63367532325094,93.66043723397291,0.5696001578631307,3.0,286.7841336327768,98860.48868758694,1.2008963991779176,339.5611849814627,0.024291732232165034,-9.38511648838054e-05,186.70747717803002,20931.433315669718
2.1171875,211.58919006923657,186.5478930593261,186.88893806939146,48.95872396267479,9.724010288670671,0.0004807990820511058,0.004387609338532856,5.465758418752258,0.5935683039626344,0.8890825807776188,1.1724345085345234,2.8335192775690454,0.5509970745793241,415.0990217005766,94.06375944872637,0.5697875705330664,3.0,286.7746702645499,98843.41338753696,1.2007286008534939,339.5554501803173,0.04574243366135492,-9.885040459624137e-05,187.09405970682025,21015.264346874254
2.125,213.04808308156495,186.92819318230084,187.26988836112747,48.5648234291265,9.812263171595502,0.0004888878590545941,0.0039153597518702685,5.464064027634889,0.5918739128452647,0.8889269375764259,1.1727446772080785,2.8381773963165258,0.552128149149646,413.2541371596851,94.46102489798825,0.5699736602403133,3.0,286.7651874599698,98826.30301735582,1.2005604467872555,339.54970360074174,0.06544873213508026,-0.00011352839461294847,187.47494939338844,21097.962961477962
2.1328125,214.5099314213022,187.30401374395694,187.64644354944667,47.83376860630327,9.900694745744557,0.0004971443882595814,0.0033073091772543883,5.462380957616299,0.5901908428266748,0.8887722387143246,1.1731342301365935,2.843619914222688,0.5532464111052473,409.5643680779022,94.85398194326544,0.5701579927475715,3.0,286.7556854457615,98809.15798613681,1.200391940930527,339.5439453801315,0.08261330399390422,-0.00015612882387956674,187.85146919407387,21179.82012699408
2.140625,215.97469313700853,187.6740134407594,188.01728222224966,47.103803278850094,9.989315930291411,0.0005055804845186981,0.0025872910565899513,5.460712982396082,0.5885228676064579,0.8886188332041962,1.1735896677012,2.849708344970039,0.5543479851745884,405.8745989961193,95.24174532025306,0.5703399155096667,3.0,286.74616449460945,98791.97878589999,1.200223088050654,339.53817568373336,0.09676590116165097,-0.00023055428913015965,188.222303580133,21260.53308008579
2.1484375,217.4423260910659,188.0394859750015,188.38372020885495,46.713166118224606,10.0781403537838,0.0005142057138056942,0.0017829691541490257,5.459056328274644,0.5868662134850208,0.8884663761162938,1.1740954456943455,2.8562906957805176,0.5554367599346609,404.0297144552279,95.62628434555695,0.5705200571432859,3.0,286.73662488040804,98774.76591084902,1.2000538929375835,339.5323946775273,0.10726311820566999,-0.0003248473054638043,188.58877319254228,21340.393595269743
2.15625,218.91279826376308,188.400411962229,188.74575152158647,45.986461751896776,10.167184463136733,0.0005230283785970264,0.0009252042848632864,5.457410995251987,0.5852208804623634,0.888314869263119,1.1746338558553895,2.863189865922705,0.5565127266083095,400.33994537344495,96.0080270839563,0.570698404561329,3.0,286.7270668112855,98757.51973652144,1.199884359215858,339.526602487639,0.1137989398408985,-0.0005935725517975567,188.95087530645165,21419.395638754457
2.1640625,220.38607408393946,188.75809577620862,189.10469190162024,45.937755415436875,10.256465786439716,0.0005320530705579202,4.690954416649707e-05,5.455773209628516,0.5835830948388925,0.8881639666415071,1.1751860080846768,2.8702204144316967,0.5575797652488315,400.33994537344495,96.3886844519834,0.5708755911358518,3.0,286.7174905184544,98740.24068010737,1.199714490920359,339.5207992541834,0.11556787204142842,-0.011076657576233728,189.3099275452432,21497.833127614682
2.171875,221.86214190056117,189.11516204261883,189.4631753251315,45.89060311451431,10.34600425339746,0.000541276193479368,0.0008191934626384242,5.454135424005045,0.5819453092154215,0.8880129733928295,1.1747669043546984,2.8675393096186896,0.5586456349979203,400.33994537344495,96.77121712087641,0.5710529008179964,3.0,286.70789607764635,98722.9288782539,1.199544289328666,339.51498502305367,-0.11414028177263742,-0.0006103017813092706,189.66856439951323,21576.301687536594
2.1796875,223.34099001403774,189.46897414662521,189.81855443385726,45.16870852637911,10.43581965090271,0.0005506886868400643,0.0016398739369321016,5.452505185780761,0.5803150709911371,0.8878625858830234,1.1743207462189678,2.864581603359444,0.5597025336057591,396.65017629166204,97.15253373338311,0.5712290312044442,3.0,286.6982835649087,98705.5844681776,1.1993737557241815,339.5091598403347,-0.10802290697363728,-0.0002739993278542323,190.02413694499796,21654.196991685363
2.1875,224.8225861718089,189.81954195263458,190.17082989529152,45.12430995765243,10.525929302068203,0.0005602841430199189,0.002384631264672364,5.450882494955663,0.5786923801660392,0.8877128052802666,1.1739203393826887,2.8620753410242203,0.5607504543628731,396.65017629166204,97.53225156582396,0.5714039732653898,3.0,286.6886531898832,98688.20782814699,1.1992028937608423,339.5033238330692,-0.09801059644945968,-0.00016909422074784007,190.3766430970992,21731.51487532972
2.1953125,226.30690851499466,190.1655634157533,190.51868082761567,44.06571281903938,10.616349698939109,0.0005700551084339952,0.003026333795576734,5.449271125229345,0.577081010439721,0.887563981386102,1.1735809944486968,2.8601701306259475,0.5617854930236068,391.1155226689877,97.90838251021475,0.5715770656681176,3.0,286.6790050946525,98670.79921453008,1.1990317058947035,339.4974770873594,-0.08458781894120178,-0.00015371128773737275,190.72475754579287,21807.948583723384
2.203125,227.79390447181422,190.50443205012564,190.85947280527742,43.3455358135042,10.707092561160914,0.0005799907280336599,0.00354164421980049,5.447678624000993,0.5754885092113692,0.8874168136595576,1.173315568037691,2.8589875437813337,0.5627998713142895,387.4257535872048,98.27739966072038,0.5717469931575,3.0,286.66933962093316,98653.35924390577,1.198860198124864,339.4916198102855,-0.06813484437256846,-0.0001509502486252536,191.0658399415084,21882.88822346122
2.2109375,229.28352859878098,190.83882091047707,191.19586230871764,42.962554971270606,10.798167219439888,0.0005900715242757248,0.003912084859730842,5.446097443871421,0.5739073290817971,0.8872706069976249,1.1731346155026536,2.8586400850502867,0.563801395018494,385.58086904631335,98.64167726624657,0.5719150491031579,3.0,286.6596570641079,98635.88844925,1.1986883756296838,339.4857521808494,-0.04944576414780341,-0.00013051725895567203,191.40254066846563,21956.933909421485
2.21875,230.77575635519943,191.1714077545655,191.53050738388234,42.915713054796356,10.889581249394325,0.0006002754261141061,0.0041250090674729185,5.444520037441442,0.5723299226518183,0.8871246646596361,1.173045384274838,2.859207196152019,0.5647978730331322,385.58086904631335,99.00371966097838,0.5720825363384587,3.0,286.64995758369116,98618.38711838398,1.1985162411775132,339.47987429571685,-0.02918845411845683,-0.00011796914576183512,191.73751093977597,22030.689945424594
2.2265625,232.27057726236075,191.50223517865373,191.86342056956136,42.52778316261165,10.981339596541662,0.0006105778628785124,0.004174340489984727,5.442946404711057,0.5707562899214327,0.886978987178954,1.17305117706393,2.8607218988497607,0.5657893190854393,383.7359845054219,99.36325880265022,0.572249452990057,3.0,286.6402412477946,98600.85537420542,1.198343795915079,339.47398619616354,-0.00824600841150183,-8.47347276358108e-05,192.0707554971472,22104.15541288358
2.234375,233.7679708827988,191.8300301277726,192.1932935084502,42.137150745444615,11.07344243927301,0.0006209607339431799,0.004060230307696462,5.441380319379857,0.5691902045902335,0.8868339247373556,1.173151715212203,2.863177904748475,0.5667718545223273,381.8910999645305,99.7187432778819,0.572415140302714,3.0,286.6305081892618,98583.29345641156,1.198171042138294,339.4680879626926,0.012655656010013679,-0.00012627653934386897,192.40095776576382,22177.024830892104
2.2421875,235.26791370681016,192.15483881413036,192.52014123235082,41.74393738804612,11.165885706244136,0.0006314049589963374,0.0037887203610441956,5.4398217814478445,0.5676316666582208,0.8866894784698307,1.1733436074238934,2.8665412895406273,0.5677455000017454,380.046215423639,100.07030337855893,0.5725795944576906,3.0,286.6207585609057,98565.7016407318,1.1979979824980747,339.4621796879089,0.0327078485608954,-7.920449053514851e-05,192.72812493859416,22249.29648608843
2.25,236.77037913820644,192.4753844590702,192.84265306253104,41.009961104199306,11.258661193505398,0.000641894209946538,0.003372508080959635,5.438274564614612,0.566084449824988,0.8865459995559184,1.1736196039841194,2.8707360442820096,0.5687063714220724,376.3564463418561,100.41676255404631,0.5727421506069414,3.0,286.6109925356016,98548.08023909488,1.1978246200021065,339.4562614765746,0.05100032261452001,-9.748411033643552e-05,193.05093872084493,22320.662210469232
2.2578125,238.2753305930674,192.79170707765334,193.16084195519872,40.613482572127744,11.351756301150349,0.0006524169595563573,0.002829991920496996,5.436738668880158,0.5645485540905348,0.8864034897178156,1.173969367092407,2.8756587737459136,0.5696544867314158,374.5115618009646,100.75856025980904,0.5729028015312669,3.0,286.601210351145,98530.42968056886,1.1976509588113553,339.4503334727939,0.06695095491025792,-6.3793563702831e-05,193.36940548525234,22391.118833239354
2.265625,239.78273864701043,193.10383810688427,193.47471606423488,39.87744819034243,11.445155858944013,0.0006629679734123605,0.00218398960273013,5.435214094244485,0.5630239794548615,0.8862619506675616,1.174380004743665,2.8811805407610334,0.5705898527906554,370.82179271918176,101.0961868895309,0.5730615382821858,3.0,286.5914121987944,98512.75031025245,1.1974770022615824,339.44439579246944,0.07989266221688018,-9.469119203705457e-05,193.68352782583813,22460.66237381528
2.2734375,241.29257065660875,193.41312400838382,193.78560722117933,39.820056529018736,11.538841841858162,0.000673545471267541,0.0014611517334241744,5.433697067007999,0.5615069522183747,0.8861210334690712,1.1748364722280344,2.887154387589632,0.5715163802239772,370.82179271918176,101.4316140474657,0.5732190160615349,3.0,286.581598290732,98495.04251099833,1.1973027540608892,339.4384485641836,0.08937448822465012,-0.00015746662503888048,193.99463343224488,22529.596714326508
2.28125,242.80481133462288,193.7195774343784,194.09351494558723,39.08503778859336,11.63279566011108,0.0006841518471946606,0.0006914886980920998,5.432187587170699,0.5599974723810743,0.8859807392306955,1.1753214766762863,2.8934073744559075,0.5724340584308623,367.13202363739885,101.76521450997713,0.5733752262198919,3.0,286.57176872632493,98477.30646210021,1.1971282159150383,339.43249184815295,0.09492544380867542,-0.0003587303614903546,194.30271887193877,22597.91791953419
2.2890625,244.31942481131307,194.02056101423346,194.39578706705487,38.351899555583586,11.726995890064108,0.0006947871084130815,9.33649886803118e-05,5.430693202131771,0.5585030873421469,0.885841771110131,1.1757062630382609,2.898644919281299,0.5733350678753495,363.44225455561593,102.09418024914424,0.573528827923128,3.0,286.5619237387264,98459.54258425001,1.196953391905986,339.4265257856682,-0.09642957213655563,-0.0028612116997583335,194.60513020002014,22665.004733833877
2.296875,245.83636835632075,194.31607424602146,194.69242231532849,37.62103510680636,11.821420147151962,0.0007054501997849577,0.0008615128625367809,5.429213911891217,0.5570237971015926,0.8857041313615301,1.175286352323939,2.895822209624088,0.57421940405596,359.7524854738331,102.41850571548193,0.5736798078301681,3.0,286.5520636056839,98441.75137860325,1.1967782869086931,339.4205505450444,-0.09389473865301713,-0.00029798447265872135,194.90186625832123,22730.851297882782
2.3046875,247.35559920834882,194.60610985569537,194.98341844608632,36.89258531992979,11.91604636329369,0.0007161376762245703,0.0015820813153191724,5.427749716449035,0.5555596016594112,0.8855678222193508,1.1748952210809323,2.8932739886158143,0.5750870637184572,356.0627163920501,102.73797797179235,0.5738281530398508,3.0,286.5421886051457,98423.93334667828,1.1966029058029515,339.4145662947183,-0.08738976168665696,-0.0001667966830466679,195.1929263137032,22795.451972273953
2.3125,248.87707797140772,194.89197788367923,195.27010023885046,36.50616016765828,12.01085377756513,0.0007268436728305157,0.002226207713780031,5.426296842105634,0.5541067273160096,0.885432494303316,1.1745495773996824,2.891170830963663,0.5759419580374194,354.2178318511587,103.0537368212347,0.5739745215433193,3.0,286.5322989931858,98406.08895052402,1.196427253081286,339.4085731898706,-0.0772459790223078,-0.00016184048133762444,195.47963821766086,22859.111955809218
2.3203125,250.40077200875362,195.17233374156024,195.55113605433098,35.44166355547974,12.1058239138605,0.0007375735434511386,0.0027685904821266897,5.424859062560605,0.5526689477709811,0.8852985010308756,1.174263723351995,2.8896522232111943,0.5767801749596101,348.68317822848434,103.36378034587867,0.5741182330274213,3.0,286.5223949819431,98388.2185729148,1.1962513324569581,339.4025713590575,-0.06388367777057677,-0.0001384956675114232,195.76067449021875,22921.51633434389
2.328125,251.92662782953283,195.44583222258,195.82519864450143,34.71877731118793,12.200939151253401,0.0007483419830322693,0.0031884122153132853,5.423440151513542,0.5512500367239187,0.8851661965482304,1.1740492647424947,2.8888306819426433,0.5775978184252928,344.9934091467014,103.66607118360636,0.5742586064592409,3.0,286.512476919108,98370.32284120868,1.1960751500521785,339.3965610129794,-0.04799872969089154,-9.75136863037819e-05,196.0347132221437,22982.350048829507
2.3359375,253.454598665333,195.7137732527143,196.0936169534358,33.99668827842199,12.296185349020623,0.0007591638844765843,0.003470531373206801,5.4220363352648535,0.5498462204752294,0.8850352314147428,1.1739148086445903,2.8887957722984745,0.5783988217173007,341.3036400649185,103.96167018814863,0.5743963043409157,3.0,286.5025451086753,98352.40230392075,1.195898711214497,339.3905423358572,-0.030196562865688933,-0.00012782772714650217,196.3030897890555,23041.92045355128
2.34375,254.98463754373236,195.97480497530324,196.35506371349302,32.934864805306994,12.391551735351777,0.0007700568844108822,0.0036049838068280154,5.4206513875141304,0.5484612727245063,0.8849059600932534,1.1738657412689824,2.8895978117572896,0.5791792931321553,335.76898644224417,104.24869855812608,0.5745306452088981,3.0,286.4925998559657,98334.45751195884,1.1957220213164397,339.3845155127152,-0.01120102863245054,-0.0001548490744190836,196.5644837946534,23099.91236701998
2.3515625,256.51668693457935,196.22890201978174,196.60954327171848,32.21349329422223,12.487030409624314,0.0007810467827794461,0.003587759649264771,5.419285308261373,0.5470951934717495,0.8847783852326336,1.1739042578626302,2.8912587262999656,0.5799392655649455,332.07921736046126,104.52696863369329,0.5746616213066195,3.0,286.4826415349252,98316.48914005519,1.1955450869512998,339.3784807701647,0.008241029752147425,-0.00015661229101197684,196.81890688639626,23156.32276202399
2.359375,258.0506994610836,196.4773632149887,196.8583879782673,31.492069947480406,12.582617994038714,0.0007921602412876207,0.0034212873905582644,5.417934323806989,0.5457442090173656,0.8846521567678444,1.1740291040511093,2.893769472832649,0.5806826854216075,328.3894482786784,104.79801750100671,0.5747899009508087,3.0,286.47267045350293,98298.49774386013,1.1953679135414232,339.3724382948228,0.02725013523948807,-0.00017422290017917054,197.0676988271165,23211.461643705265
2.3671875,259.58663098904816,196.72016213580127,197.10160028347903,30.770856185486252,12.678315070640911,0.00080342428847888,0.003114689314345784,5.416598434150979,0.5444083193613548,0.88452727676163,1.1742351244273719,2.8970784766574185,0.5814095795005348,324.69967919689543,105.06203535657319,0.5749154784610133,3.0,286.4626868985712,98280.48384099388,1.1951905061360597,339.3663882605341,0.04499183696300393,-0.00018697607816413212,197.3108690951724,23265.32684254663
2.375,261.1244475475466,196.9612532241518,197.34317194240458,31.07161520591318,12.774126482573047,0.0008148654590631237,0.002682312499037483,5.415266318194561,0.5430762034049372,0.8844026881714346,1.1745146720106114,2.901119838391768,0.5821317291024226,326.5445637377869,105.32397810257785,0.5750403826524935,3.0,286.4526910909409,98262.44782987845,1.1950128686117822,339.3603308011102,0.06083121094245559,-0.00018744302980651126,197.5524161580204,23318.857996478506
2.3828125,262.66414259098303,197.1992809781821,197.58176715965595,30.01081617363571,12.870062272211992,0.0008265042781771775,0.002144092859483561,5.41394174963733,0.5417516348477062,0.884278744674911,1.174856298139922,2.90577553465011,0.5828452139385556,321.0099101151125,105.58272653343079,0.5751639314203776,3.0,286.4426830731586,98244.38978728272,1.1948350016778828,339.3542659423341,0.07399443308229901,-0.0002582754958849952,197.79100973412122,23371.739437085937
2.390625,264.2056575541294,197.42626606825516,197.80940349148509,28.271363940036416,12.966131240794194,0.0008383558850456174,0.0015244834948524371,5.412647370676845,0.5404572558872212,0.8841575674973107,1.1752451448060077,2.9108757730869703,0.5835265215837561,311.78548741065526,105.82943302628176,0.5752820412135031,3.0,286.4326632258981,98226.31040007866,1.194656912053786,339.3481939148943,0.08400015147742053,-0.00031844466291429776,198.0186712008882,23422.081522796318
2.3984375,265.7488957689738,197.64087542970796,198.02475739240555,26.876642758945145,13.062341320131342,0.0008504274322767181,0.0008505899846698332,5.411386955012699,0.5391968402230753,0.8840395141874123,1.1756654351123275,2.916259209249151,0.5841717581370264,304.4059492470895,106.0628885125279,0.5753940175302894,3.0,286.42263217750167,98208.21080202005,1.1944786108631826,339.34211509956606,0.09049763545332368,-0.0005793283581590155,198.23407998765066,23469.563955555528
2.40625,267.2937639999294,197.8431081252481,198.22783540080437,25.14569863909522,13.158701987968781,0.000862720534410528,0.00015160427572364867,5.410160502644892,0.5379703878552689,0.8839245891518418,1.1761002652406265,2.9217567608878467,0.5847809452981989,295.18152654263224,106.28330359492506,0.5754998446167414,3.0,286.41259053400046,98190.09208660408,1.1943001088362215,339.33602986360427,0.09317578890302017,-0.0031680723309282007,198.43724431737635,23514.180683397935
2.4140625,268.84015174851413,198.0289890902151,198.41465249693763,22.739188343472307,13.255221933705403,0.0008752356017181316,0.0005428032485879986,5.408979334672205,0.5367892198825813,0.8838138582360863,1.1758915307101745,2.920776724740882,0.5853423359872857,282.2673347563921,106.48606522757811,0.5755974604968817,3.0,286.4025390136346,98171.95554979278,1.1941214187008755,339.3299386422626,-0.09211196496295215,-0.0008489393239537277,198.62417895528432,23554.97906485197
2.421875,270.3879278824132,198.19986657248592,198.58655671826418,21.36132255131489,13.35190804299415,0.0008879711803189017,0.0012027463616147444,5.407839677395043,0.5356495626054195,0.8837069729710232,1.1755236841419818,2.9181671117095864,0.5858598966482692,274.88779659282625,106.67259010490335,0.5756875332319841,3.0,286.3924784687643,98153.80272954844,1.1939425555732122,339.3238419520712,-0.08718936214037347,-0.0003585261245508984,198.79623097633404,23592.269945694734
2.4296875,271.93699948310046,198.3610751791269,198.74888898238675,20.32843983458043,13.448769299974199,0.0009009285290252479,0.0018003567828693843,5.406726436015035,0.5345363212254105,0.8836025216738913,1.17519225557982,2.9158973390592866,0.5863493594141297,269.3531429701519,106.84881263275204,0.5757727849571933,3.0,286.38240950335984,98135.63471564963,1.1937635301570155,339.3177401590361,-0.07874515670186262,-0.00028734375115140005,198.9587395801009,23627.314013300398
2.4375,273.4872772722472,198.50599991263488,198.89499971812253,17.26037500961125,13.5458134212305,0.0009140988237287738,0.0023111554672219036,5.405658479030144,0.5334683642405205,0.8835022788111215,1.1749105418214545,2.9140826301033296,0.5867911114843382,252.74918210212883,107.00654852919479,0.5758497842686391,3.0,286.37233269773037,98117.45255518158,1.1935843527383152,339.3116336148246,-0.06723715883968148,-0.00021953080699778252,199.10505062840943,23658.525532852007
2.4453125,275.0385926924843,198.62671811276118,199.0169225448901,14.20495708453128,13.6430396153126,0.0009274598422319679,0.002714596204410623,5.4046584486379325,0.5324683338483089,0.8834083759031043,1.1746893118817223,2.91280935978618,0.5871616531915728,236.14522123410578,107.13600454292343,0.5759144134152965,3.0,286.3622491474988,98099.25822503972,1.193405042769865,339.3055229833843,-0.05315701886493255,-0.00017723517247186064,199.22719181195512,23684.002587791903
2.453125,276.5907499389172,198.72063234947763,199.1120283923885,10.495092237095161,13.740442157159734,0.0009409840359793889,0.0029950571865762607,5.403733892237586,0.5315437774479624,0.883321529086777,1.1745370688622947,2.912155397755177,0.5874532129815717,215.8514912842998,107.2336533341032,0.5759652937030781,3.0,286.352160125397,98081.05402168735,1.1932256228596407,339.2994090359906,-0.037161918569371774,-0.0001727824195954415,199.32252800094122,23703.110893956935
2.4609375,278.143532953481,198.7878126645707,199.18036150029158,7.4987381205207315,13.838010557299048,0.000954641275069177,0.003142339125350388,5.4028848098291045,0.530694695039481,0.8832417456240548,1.174459519604232,2.912177739801772,0.5876658973531125,199.24753041627676,107.2992002481772,0.5760024243962754,3.0,286.34206703580236,98062.84247912347,1.1930461179633711,339.29329262369623,-0.01994589843011634,-0.00017807636769589188,199.39109727559662,23715.8537213513
2.46875,279.69674699578127,198.83098693245918,199.22463115348205,4.5981657981935475,13.935732721399983,0.0009683994549247363,0.0031520040856096577,5.402103654013302,0.529913539223678,0.8831683226875784,1.1744594226404357,2.912910999528573,0.587807668410488,182.64356954825368,107.33562800173408,0.5760271819892322,3.0,286.3319711445274,98044.62588132657,1.1928665505791882,339.28717451358364,-0.002274855992090901,-0.00021521850341900737,199.43560297241197,23722.870934736624
2.4765625,281.2502186348329,198.85554055023198,199.25021269256305,3.106288955139412,14.03359491897651,0.000982220492518007,0.0030255612121604944,5.401375329991804,0.5291852152021805,0.8830998464223927,1.1745365024336238,2.9143665601123114,0.5878943484000044,173.41914684379643,107.34922117057984,0.5760423217558422,3.0,286.3218735788736,98026.40626235148,1.1926869407477234,339.2810553887974,0.015072934442575948,-0.00022132789940921613,199.46141498226288,23725.439135156255
2.484375,282.80383032169937,198.86684780612825,199.26247157014433,1.954129499716292,14.131584696529266,0.0009960642950274424,0.0027702334968655474,5.40068474296624,0.5284946281766156,0.8830349010917472,1.1746872728291804,2.9165237173743317,0.587941732817382,164.1947241393392,107.34641730099112,0.5760505989380774,3.0,286.31177510290894,98008.18500085021,1.1925073020535866,339.27493571236283,0.031371129685376246,-0.00022652152106970893,199.4738936042325,23724.83393316935
2.4921875,284.35748222928686,198.86628797584552,199.26276795194187,1.7717574643290839,14.229688004740275,0.0010098951468301648,0.002399203461283406,5.400028119237014,0.5278380044473899,0.8829731343879086,1.1749044035723302,2.919312691844216,0.5879538124672278,156.81518597577337,107.32909046189302,0.576052709130231,3.0,286.3016763655096,97989.96326762727,1.1923276460358896,339.2688158774988,0.0458384184898372,-0.0002665500504153052,199.47439374641738,23721.378644673223
2.5,285.91108527756813,198.85390304906878,199.25112381817516,2.748661395108205,14.327888985746121,0.0010236816886381702,0.0019301138334745832,5.399405458804127,0.5272153440145035,0.8829145486361119,1.1751778533625354,2.922633047264236,0.5879306358278931,147.59076327131612,107.29762117198798,0.5760486604426971,3.0,286.2915779456958,97971.74210744213,1.1921479829941364,339.26269623509165,0.05803978236528372,-0.0002981020240790796,199.46293271018277,23715.078854966563
2.5078125,287.4645472324943,198.83106022329244,199.22889436300102,3.5663434791298996,14.426169300905407,0.0010374021429599813,0.0013843660393410737,5.398812987967987,0.5266228731783631,0.8828587908588241,1.1754955302902617,2.9263673943143753,0.5878761844807189,142.05610964864175,107.2539679337909,0.5760391490213413,3.0,286.28148044298877,97953.5226020456,1.1919683235955163,339.2565771484512,0.067365795475857,-0.00045704515981207996,199.44086213402014,23706.25787255588
2.515625,289.01780035588865,198.80044557852148,199.19876225576039,4.4703716109757075,14.524510884948032,0.0010510383859272593,0.0007868301599062161,5.398243159329406,0.5260530445397822,0.8828051524055599,1.1758433828968586,2.930382304912987,0.5877983571096861,136.5214560259674,107.20159795096541,0.5760255557767581,3.0,286.2713842976867,97935.30554589296,1.1917886756769567,339.2504588843982,0.07344495365116721,-0.0007940837255310513,199.41086238095636,23695.554829855246
2.5234375,290.57078053625884,198.76074569661003,199.15940351597752,5.758847237632115,14.622894861956539,0.0010645765692318386,0.00016440956144981987,5.397699746587978,0.5255096317983541,0.882753989953353,1.17620566825663,2.93451678303277,0.5876932443577705,129.14191786240158,107.13918329644099,0.5760071995876901,3.0,286.2612899265143,97917.09169090459,1.1916090466580926,339.24434169546765,0.07597997020503232,-0.003806612183697542,199.37160780102545,23682.656636689586
2.53125,292.12341684731473,198.71330352266736,199.11216368588194,6.398033502265282,14.721301353508533,0.001078009854517834,0.0004562458272347706,5.397178976044109,0.5249888612544854,0.8827049496024132,1.1760287581260653,2.933238085236521,0.5875648102438329,125.4521487806187,107.06838787282872,0.5759847749087743,3.0,286.2511977904924,97898.88186892701,1.191429444748983,339.2382258610384,-0.0752101061199589,-0.0013382385230736081,199.32444380549555,23667.885256641188
2.5390625,293.6756626791361,198.66078262400129,199.05971750824045,7.05060742811139,14.819712532500317,0.0010913414246828054,0.001047692671799324,5.396673300298613,0.5244831855089898,0.882657321653816,1.175675376379492,2.93018054725676,0.5874209411321144,121.7623796988358,106.99228038124062,0.575959660750923,3.0,286.2411081925856,97880.67662661649,1.1912498753488971,339.2321115647069,-0.07099392270564701,-0.0005503098708228202,199.27204623757456,23651.878172817764
2.546875,295.22747487253883,198.60184738309755,199.00073342574882,8.053664239124227,14.918111548361951,0.0011045751892410243,0.0015852495476510193,5.3961864930510846,0.5239963782614604,0.8826114624344643,1.1753536034244498,2.927421409899855,0.5872577157727371,116.22772607616145,106.90911269035908,0.5759311747308788,3.0,286.23102141332845,97862.4764701579,1.1910703434593877,339.22599897647706,-0.06355952781416249,-0.00037211702891835587,199.21308528965076,23634.321490401922
2.5546875,296.77879635820466,198.53516021834469,198.9338825508846,9.061310842574601,15.016481752054217,0.0011177224107798585,0.0020461495754225826,5.395722328001114,0.5235322132114906,0.8825677284955035,1.1750764208080473,2.925086923125438,0.5870712236089186,110.69307245348709,106.81705496720353,0.5758986373234689,3.0,286.22093782367165,97844.28206887873,1.190890855692872,339.21988832114505,-0.05332315570883438,-0.0002672149278485315,199.14623490917535,23614.90293494586
2.5625,298.3295734745571,198.4633742994623,198.8618420067492,9.386774414291434,15.114808551475804,0.0011307983486829622,0.0024116394584743446,5.395273257749517,0.5230831429598937,0.8825254096365361,1.1748548590389631,2.9232944940242698,0.5868693672207111,108.84818791259563,106.71892470914645,0.57586343027807,3.0,286.21085777241535,97826.09405213933,1.1907114182693104,339.2137798100837,-0.04076140378951036,-0.00025676236414706255,199.07417630968945,23594.260906366515
2.5703125,299.8797767267853,198.38780405645906,198.785949255169,10.053814938112499,15.213081414549565,0.0011438271331485966,0.0026677315114898813,5.3948355085967,0.5226453938070765,0.8824841508584315,1.1746970057623944,2.9221285490396296,0.5866561022180544,105.15841883081274,106.6159930053299,0.5758262457709249,3.0,286.2007814512759,97807.91276586443,1.190532034613826,339.20767355947316,-0.02653296956891951,-0.00024357543487850213,198.99825161285472,23572.715332520536
2.578125,301.42936954500664,198.30710036613658,198.7048727743791,10.71883012340907,15.311291788894142,0.0011568398231102805,0.002804912594448853,5.3944128542422565,0.5222227394526324,0.8824443084430007,1.1746080741114087,2.9216376566840796,0.5864275168664206,101.46864974902982,106.50648533985168,0.5757864041659485,3.0,286.19070909795744,97789.73863895742,1.190352708971287,339.20156971336223,-0.01115946431784068,-0.0002329857857260218,198.91713424419908,23549.953645000554
2.5859375,302.97831522466214,198.22257741479476,198.61995298231034,11.03967966282392,15.409433832529343,0.0011698744873298375,0.002819015801225391,5.394001520986592,0.5218114061969681,0.8824055272399401,1.1745905419278482,2.92185014687908,0.5861875778740754,99.62376520813838,106.39185428249212,0.5757445993902018,3.0,286.18064095103966,97771.57210190131,1.1901734456033388,339.1954684163301,0.00459212436645669,-0.00021541385706162378,198.83217005683096,23526.296469805424
2.59375,304.52657691488815,198.1302206959825,198.52718682672884,12.72524352850175,15.50750449464596,0.0011829668451155682,0.002711458933773188,5.393612829928487,0.5214227151388633,0.8823688753463028,1.1746431147767602,2.922742394304574,0.5859244975435722,90.39934250368113,106.26745479538907,0.5756987811934444,3.0,286.1705772500532,97753.41358689497,1.1899942487897508,339.18936981353227,0.02007083472433921,-0.0002421894923535993,198.7393610801148,23500.799938571658
2.6015625,306.0740656283066,198.02469490607768,198.4212457790571,14.407840120663963,15.605499524154897,0.0011961554358739324,0.002488849247497987,5.3932618758663144,0.521071761076691,0.8823357773504233,1.174761415758481,2.9242563840805755,0.5856225781790415,81.17491979922386,106.12723769669918,0.5756462226366719,3.0,286.16051857341597,97735.26413761119,1.1898151288464414,339.1832742554901,0.03458953073878755,-0.00024112006071529357,198.63338354470903,23472.209463644103
2.609375,307.6206784737913,197.90599846347394,198.3021477424118,16.088265753092607,15.703416171422308,0.0012094750589867447,0.0021627912242511934,5.392948658800075,0.5207585440104511,0.8823062346409337,1.174938836043204,2.926326014022703,0.585281883481779,71.9504970947666,105.97148971476058,0.5755869446424928,3.0,286.1504655899203,97717.12496079046,1.18963609770173,339.17718214749175,0.04753398540464189,-0.00027048166089671923,198.5142600013264,23440.536982436573
2.6171875,309.16631255805976,197.77413250116211,198.16991043366676,17.767180391175255,15.801253926687645,0.0012229530668612617,0.0017491502254714224,5.392673178729767,0.5204830639401438,0.8822802484575324,1.1751663152972855,2.9288606683975313,0.5849024746215461,62.72607439030935,105.80055773693502,0.5755209689319158,3.0,286.1404189683726,97698.99726319859,1.1894571672875272,339.1710938948338,0.058356171712927535,-0.0002900584910860103,198.38201213918506,23405.79482509476
2.625,310.7108615410885,197.6277698543096,198.02321590032884,19.78679996528612,15.899013854012017,0.0012366130535522344,0.001267002676354639,5.392439209354986,0.5202490945653622,0.8822581759152954,1.1754327585682294,2.9317458265293395,0.5844804718220495,51.65676714496064,105.61325034956036,0.5754476338365078,3.0,286.1303793999829,97680.8822920258,1.1892783499381336,339.16500991638964,0.06669371135995635,-0.00043577225966169814,198.23532502146153,23367.680802073824
2.6328125,312.25420527133747,197.46559034148353,197.86074914037093,21.80478686811267,15.996697319541168,0.001250471956800677,0.0007377871915771331,5.392250524375323,0.5200604095856997,0.8822403740827774,1.1757256249948413,2.9348525091206388,0.5840120008275737,40.58745989961193,105.40835075908532,0.5753662819117729,3.0,286.1203476657363,97662.78145644831,1.1890996595904648,339.1589306854362,0.07222440890319312,-0.0007407773251189035,198.07288570814197,23325.895023141722
2.640625,313.79622718209333,197.2902749423375,197.6852036837512,23.13750773954551,16.094306816486917,0.0012645432719947105,0.00018462956370074153,5.392099576391593,0.5199094616019696,0.8822261317197336,1.176031819417201,2.9380568769746738,0.5835050046143636,33.207921736046124,105.18921251589497,0.5752783090997606,3.0,286.11032452331636,97644.69612359835,1.1889211097702233,339.1528566611297,0.07474650136381715,-0.003013375487386379,197.8973891910271,23281.082613716146
2.6484375,315.33683511845055,197.10317176333683,197.49793224384752,24.811017334073373,16.19184706774927,0.0012788384778886753,0.00036906389249731345,5.391982591704203,0.5197924769145789,0.8822150933398945,1.1759024807863325,2.9368738744643808,0.582963470147395,23.98349903158887,104.9575231465754,0.5751844227089478,3.0,286.10031057173006,97626.6273742985,1.1887427111799478,339.1467882064684,-0.07425809057079831,-0.0014757366427275939,197.71018854218644,23233.57131710203
2.65625,316.8759370668997,196.90563377842108,197.30028860594228,25.799254112442522,16.289322641782874,0.0012933647821872737,0.0008989814547224814,5.391895796613558,0.5197056818239341,0.8822069032646855,1.1755689412297785,2.9336203796509297,0.5823913851601258,18.448845408914515,104.71484998876994,0.5750853288460391,3.0,286.09030640906514,97608.57628771305,1.1885644745087678,339.1407256838935,-0.07074132050227452,-0.0006198615763738375,197.512636995253,23183.688038822303
2.6640625,318.4134758675615,196.70434063504368,197.09896582312135,25.76171055318492,16.386740231881493,0.0013081209693363268,0.0013833688213997003,5.391820322621693,0.519630207832069,0.8821997812458224,1.175262432629421,2.9306265138359855,0.5818084812347672,18.448845408914515,104.46880078800497,0.5749844551335801,3.0,286.08031240686086,97590.54353423156,1.188386406412096,339.1346693185577,-0.06442917044711031,-0.00036683352538137957,197.31142689028508,23133.010462218383
2.671875,319.94945692121644,196.50862738975817,196.90331762466573,24.35902019649272,16.48411047379886,0.001323100227712308,0.0018022274799439962,5.391729753831455,0.519539639041831,0.8821912345599927,1.1749954945053982,2.928042599454055,0.5812423364010261,25.82838357248032,104.22992682200504,0.5748865726183356,3.0,286.0703285300121,97572.52905051196,1.188208506301024,339.12861908918734,-0.05564670249668301,-0.00027454090351993626,197.11591089985285,23083.732026992995
2.6796875,321.4839377040378,196.31849610182994,196.71333342859512,24.323649015201653,16.581446770081115,0.0013382915136111154,0.0021389089972676757,5.391624090242844,0.51943397545322,0.8821812630636174,1.174777696556303,2.925964334926856,0.5806929118744549,25.82838357248032,103.99793185313135,0.574791666637964,3.0,286.0603544049237,97554.53216245504,1.18803076755434,339.1225747693838,-0.044821199231675476,-0.00021294052836882735,196.92607542519605,23035.844815347802
2.6875,323.01693758871465,196.12996458083452,196.52500340306713,23.945563487261236,16.678757713510365,0.0013536790977918488,0.0023805028897284234,5.39151465295464,0.5193245381650158,0.8821709350303387,1.1746159464159835,2.924450113856448,0.5801483718666851,27.673268113371773,103.7679456340199,0.574697687693249,3.0,286.05038990567334,97536.55264285162,1.1878531879629297,339.11653628283807,-0.03244685823498656,-0.00013416999950540632,196.73790639755816,22988.40622638228
2.6953125,324.54846567877945,195.94038860535014,196.3356577383459,24.5890997391112,16.77604902968419,0.0013692483446227659,0.0025186037636154785,5.391408989366028,0.5192188745764048,0.8821609627382904,1.1745147016315831,2.9235373889329273,0.5796008303587782,23.98349903158887,103.53671046541234,0.5746032743461855,3.0,286.0404349730879,97518.59038493253,1.1876757665067104,339.11050359369125,-0.01909497666673549,-0.0001211155127946728,196.5487294662869,22940.790617176535
2.703125,326.0784827079399,195.74180738534204,196.13729212842017,26.252349323691526,16.873320293921203,0.0013849814991574053,0.002549229620233784,5.3913297416745705,0.5191396268849465,0.8821534832627325,1.174475308764062,2.9232182550132957,0.5790266660804014,14.759076327131611,103.2949645454389,0.5745043604452588,3.0,286.0304898623984,97500.64584922556,1.1874985077693128,339.1044768566134,-0.005291574166940452,-0.00015027923515306042,196.3505346872235,22891.13113984327
2.7109375,327.60690114406844,195.5316002744422,195.92725888341272,27.5694880790111,16.970564846272445,0.001400855263920119,0.002472514295701099,5.391284457279451,0.5190943424898276,0.8821492091779756,1.1744973836903896,2.92348174512414,0.5784180546438614,7.3795381635658055,103.03970945496442,0.5743996128164012,3.0,286.0205551425635,97482.7200623359,1.1873214219279853,339.0984564163935,0.008375470226287677,-0.0001412790659572208,196.14066949310657,22838.817520600387
2.72265625,329.89638750162317,195.20681482086667,195.60265570254347,27.874487213908385,17.1163653267831,0.0014248739288224776,0.0021682537969322543,5.391256154532502,0.5190660397428781,0.8821465378385411,1.1746401977284395,2.924936598898984,0.5774768651734317,5.304043055062923,102.64585552280614,0.5742378293662449,3.0,286.00567348123946,97455.86822414669,1.1870561341066461,339.0894381296311,0.027301225061929925,-8.534558429155264e-05,195.81630574451967,22758.25539469943
2.740234375,333.32342931131893,194.71309007396277,195.10897131931623,28.326314645695017,17.3348736131627,0.0014612250197651026,0.0013607274524631903,5.391213700412078,0.5190235856224541,0.8821425307767993,1.175060198943246,2.929176681664468,0.5760447945114303,2.1908003923085984,102.04845147394235,0.5739921421876487,3.0,285.9833977094764,97415.67476685092,1.186658983637821,339.0759390119427,0.04902936005720103,-0.00010413679210242747,195.3229296119048,22636.141229295103
2.7421875,333.7036742917674,194.6577540921477,195.0536174640912,28.376387638609923,17.359134697364865,0.0014652791884758826,0.0012513034283023032,5.391208983287586,0.5190188684979625,0.8821420855438212,1.1751184828980887,2.929763973542675,0.5758841754504571,1.8448845408914514,101.98167573358367,0.573964622010832,3.0,285.9809261171035,97411.21513045538,1.1866149142775158,339.0744412269647,0.05076927440180225,-0.00010693654302001024,195.26760500231507,22622.479642836373
2.7451171875,334.2738390218069,194.5747129408964,194.97054051315035,28.355372463717586,17.39551864884236,0.001471365570565061,0.0010818651171411904,5.391206153012892,0.5190160382232676,0.8821418184036603,1.1752090758966174,2.93067257492957,0.5756431004565227,1.8448845408914516,101.88154655246804,0.5739233301960606,3.0,285.97722004635824,97404.52805366993,1.186548832306678,339.0721953480931,0.053105651534649315,-0.00014262692134065158,195.18456980877602,22601.985097486504
2.75,335.22357325960553,194.43646245537445,194.83220633660906,28.320579865100722,17.456136890773013,0.0014815216210473901,0.0007877858760253719,5.3912014358884,0.519011321098776,0.8821413731694357,1.1753670917213335,2.932257185518977,0.5752416567494331,1.8448845408914514,101.71506064892873,0.5738546061521042,3.0,285.97104677381253,97393.38926265159,1.1864387545080037,339.0684543449304,0.05622561077485251,-0.00020316857048364463,195.04629942884725,22567.879721886206
2.7578125,336.7417452839383,194.21565678557195,194.61120188288248,28.265770559068176,17.553064542724098,0.0014977958495045421,0.00029780625810805014,5.391193888489213,0.5190037736995895,0.8821406607930558,1.1756319167994569,2.9349125600640114,0.574600246724419,1.8448845408914514,101.44977520769685,0.5737448952221513,3.0,285.96117865565435,97375.58364900107,1.1862627827440526,339.0624742653265,0.059131450772546224,-0.0004958320624599843,194.82538136784856,22513.446243509483
2.765625,338.25819069345874,193.9940047839596,194.38926563136798,28.554116599825182,17.649907601751078,0.0015140907237495992,0.0001978060919489289,5.39119011478962,0.5189999999999962,0.8821403046041179,1.1756673067020498,2.935270020979319,0.5739559957096302,0.0,101.1843745500666,0.5736348141043474,3.0,285.9513217604925,97357.79828564878,1.1860869989877467,339.05650098685845,-0.0593681223988471,-0.0007304683999955584,194.60351162573556,22458.869703826986
2.77734375,340.5296023691201,193.66043382646734,194.05511323378136,28.475860252986966,17.794989993176543,0.001538564247491385,0.0009068553107269699,5.39119011478962,0.5189999999999962,0.8821403046041179,1.1752148404545217,2.930745358504039,0.5729857664689166,0.0,100.78657428138368,0.5734692530173516,3.0,285.9365575846007,97331.15843318813,1.1858236781623275,339.047553896268,-0.05485682816962056,-0.00011160262216390467,194.26942253866446,22376.853613643394
2.794921875,343.92940597908085,193.1620488049466,193.55556175854647,28.36371534641966,18.012142313543478,0.0015753242167328774,0.001770779817503169,5.39119011478962,0.5189999999999962,0.8821403046041179,1.1746557055935982,2.9251540098948037,0.5715350125536264,0.0,100.19477511394095,0.5732221853766796,3.0,285.9144588611359,97291.28443432873,1.1854294939968388,339.0341620698484,-0.03865990115255845,-1.8355402214323794e-05,193.76989407469898,22254.525377514205
2.814921875,347.7869987453048,192.59767957691759,192.98957649352963,28.239872178426463,18.258434849738855,0.0016171186708904787,0.00228358006586043,5.39119011478962,0.5189999999999962,0.8821403046041179,1.1742968319972178,2.9215652739309994,0.5698910155264734,0.0,99.52626354296615,0.5729429186750257,3.0,285.8893845081555,97246.04133584216,1.1849821584839038,339.0189670119422,-0.010812225871340241,7.17821245999175e-06,193.20386339317173,22116.348710129998
2.834921875,351.63333028590324,192.0358752056899,192.4260799537977,28.116322219238345,18.503842456338283,0.0016588524926314367,0.0021917882731373553,5.39119011478962,0.5189999999999962,0.8821403046041179,1.174292422217098,2.921521176129802,0.5682540777182613,0.0,98.86095127469713,0.5726656013504161,3.0,285.8643833531416,97200.9303126603,1.1845360507171123,339.0038163120038,0.019825423616860106,-0.00016933964311101153,192.6403009813486,21979.235550407193
2.854921875,355.4684488132057,191.4763316205278,191.86501631324748,27.993892397332083,18.74838232328488,0.001700715648392708,0.0015424193384259428,5.39119011478962,0.5189999999999962,0.8821403046041179,1.1746152717430614,2.924749671389435,0.5666242152462828,0.0,98.19932247806418,0.572390226323789,3.0,285.83945508271415,97155.95079933334,1.1840911657680815,338.9887097801248,0.04509047955948448,-0.0003309940689391085,192.07921165651314,21843.1804961783
2.874921875,359.2923969053736,190.918798189057,191.3063265969218,27.8765585867395,18.99214212628924,0.0017433080566734336,0.000524584919584267,5.39119011478962,0.5189999999999962,0.8821403046041179,1.1751564687579394,2.930161641538216,0.5650013962719128,0.0,97.54366969532032,0.5721167784620984,3.0,285.81459942011503,97111.10229649076,1.1836474993566324,338.9736472485897,0.05882641860467593,-0.0008876357975222227,191.52058399483602,21708.174498050612
2.894921875,363.10521308570856,190.36312727763328,190.74995302397798,27.76625792453457,19.235254505776588,0.001787133272143826,0.0005910611277392211,5.39119011478962,0.5189999999999962,0.8821403046041179,1.1750615917965626,2.929212871924447,0.563385519842373,0.0,96.89574381376563,0.5718452311359205,3.0,285.7898161149429,97066.38435231883,1.1832050476680964,338.95862856565543,-0.058356905449181526,-0.0007781110166711772,190.9643831595196,21574.20329561408
2.914921875,366.90693424053734,189.8093054511021,190.1958579520253,27.65976113706488,19.477862124826515,0.001832484995977527,0.001520715984386942,5.39119011478962,0.5189999999999962,0.8821403046041179,1.1744607012696469,2.92320396665529,0.5617764614388628,0.0,96.25512894272546,0.5715755539975993,3.0,285.7651049274365,97021.79653420273,1.1827638070730908,338.94365358602647,-0.04423356641290399,-0.0003233111697072088,190.41056633871767,21441.250974902556
2.934921875,370.69759842310333,189.25746172064967,189.64404302949262,27.550357411461484,19.72008307490165,0.001879305110290202,0.0020405094844480184,5.39119011478962,0.5189999999999962,0.8821403046041179,1.1741020654176675,2.9196176081354963,0.5601741365140891,0.0,95.61976233229338,0.5713077236380547,3.0,285.7404656102498,96977.33839584168,1.1823237738021866,338.9287221598114,-0.020747828264957836,-0.0002073515878337352,189.85910427569596,21309.30482339218
2.954921875,374.47724742722204,188.70783080646675,189.09454791101487,27.43298028845034,19.96198341323863,0.0019272161676345604,0.0020371168300947397,5.39119011478962,0.5189999999999962,0.8821403046041179,1.1740505402615204,2.919102356574026,0.5585785223049584,0.0,94.98790933961018,0.5710417271267214,3.0,285.71589789172305,96933.00944706428,1.1818849436469745,338.9138341223842,0.006020282083334244,-0.00020360984347264982,189.30998865278914,21178.35692557178
2.974921875,378.24592817947627,188.1606767851401,188.5474253551019,27.308112070064862,20.203564112822853,0.0019758059874793767,0.0015331855496269922,5.39119011478962,0.5189999999999962,0.8821403046041179,1.1742928544583562,2.9215254985423833,0.5569896219999151,0.0,94.35964237205248,0.5707775559232802,3.0,285.6914014668334,96888.80913750036,1.1814473117980304,338.898989288901,0.029141551783828473,-0.00023440279887415835,188.76321994017826,21048.40137295446
2.994921875,382.0036924364804,187.6162064021727,188.00270874508806,27.180959725752643,20.4447650514866,0.0020245251615754038,0.0006715689333360816,5.39119011478962,0.5189999999999962,0.8821403046041179,1.1747466487147196,2.926063441106017,0.5554074085744847,0.0,93.73654559597236,0.570515196519213,3.0,285.66697599916284,96844.73686013154,1.181010872879587,338.8841874554927,0.043377589939858206,-0.000635854872365472,188.21878836152507,20919.430001605553
3.014921875,385.75059499952386,187.07451112365246,187.46039418825995,27.057202762464648,20.685483736555014,0.002072843745994636,0.00032529913151645694,5.39119011478962,0.5189999999999962,0.8821403046041179,1.1748991107336169,2.92758806129499,0.5538318012890517,0.0,93.12012338686183,0.5702546266226539,3.0,285.64262113250305,96800.79197223057,1.1805756211564906,338.86942840629683,-0.045527288762850435,-0.0012667941819513035,187.67666593605074,20791.43066975068
3.034921875,389.48669119723985,186.53555393613973,186.92044499511744,26.939187322539574,20.925603057832948,0.0021204478836087536,0.001211413644854556,5.39119011478962,0.5189999999999962,0.8821403046041179,1.1743276429105676,2.921873383064497,0.5522626921235989,0.0,92.51041410017116,0.5699958196297064,3.0,285.6183365072179,96756.97382488527,1.1801415508264206,338.85471192337405,-0.035678036849151065,-0.00036962100032618547,187.1368154455691,20664.38930836913
3.0549218750000002,393.2120345130141,185.99919279329177,186.3828093792658,26.825606565382934,21.1650204975886,0.002167429899875731,0.001778021698321899,5.39119011478962,0.5189999999999962,0.8821403046041179,1.1739456236715342,2.9180531906741636,0.5506999944985492,0.0,91.90602425720076,0.5697387526863852,3.0,285.59412177566537,96713.28179082516,1.1797086562955863,338.84003779605325,-0.016634804386660464,-0.0003387534503562678,186.59920695017473,20538.29359363177
3.0749218750000002,396.9266748544692,185.46521887750694,185.84743434707042,26.714224061319968,21.40367268546685,0.0022142785602424697,0.0019013034845503662,5.39119011478962,0.5189999999999962,0.8821403046041179,1.1738242904816993,2.916839858775815,0.5491436673256386,0.0,91.30640417071287,0.5694894401937526,3.0,285.56997661344593,96669.71528471749,1.1792769323800796,338.8254058277482,0.006577823021078878,-0.0002882468395325967,186.06382593934745,20413.134711531184
3.0949218750000003,400.6306576308761,184.93339935771976,185.31426653262798,26.604333522324925,21.64154954672302,0.0022616806286046014,0.0015700778512338204,5.39119011478962,0.5189999999999962,0.8821403046041179,1.1739698264106242,2.9182952180650634,0.5475936873339288,0.0,90.71099735236176,0.5692467244588486,3.0,285.5459007253993,96626.27377398757,1.1788463744135007,338.810815839592,0.0283594831704607,-0.000349629390169627,185.53066395421888,20288.905252730794
3.1149218750000003,404.32402379464895,184.4035277513031,184.78325833625314,26.497311754439753,21.878694681851062,0.002310208609644176,0.0008787159742272464,5.39119011478962,0.5189999999999962,0.8821403046041179,1.1743277534972152,2.9218744889309733,0.5460500345624847,0.0,90.11996224380819,0.569005665242117,3.0,285.5218938453348,96582.95677833226,1.1784169782425982,338.79626767027287,0.04360754618991594,-0.0007280194586249274,184.99971367099332,20165.598118456644
3.1349218750000003,408.00681069597437,183.87545580383326,184.25436359908096,26.394754156845462,22.11519313798483,0.0023603361498516153,1.3500057303210775e-05,5.39119011478962,0.5189999999999962,0.8821403046041179,1.174789957110029,2.9264965250591124,0.5445126521301968,0.0,89.53458678831585,0.5687662454367084,3.0,285.4979557304761,96539.76385969641,1.1779887401283389,338.78176117266855,0.014680469631252541,-0.04675119825681092,184.4709552694687,20043.203552010822
3.1549218750000003,411.6790535579742,183.34912179824678,183.7275455198114,26.295971969854563,22.35114981973776,0.0024123004699306257,0.0008423739638487405,5.39119011478962,0.5189999999999962,0.8821403046041179,1.1742556909907222,2.921153863866044,0.542981453469524,0.0,88.95530041582205,0.5685284434647527,3.0,285.47408615187317,96496.69460497187,1.1775616565746998,338.76729620803513,-0.04370281446067611,-0.0007352784874154106,183.94435888297969,19921.70970967154
3.1749218750000003,415.3407873461922,182.82456235314837,183.20278851804164,26.197646387219496,22.586665027114858,0.002465980395033864,0.0014655111842739313,5.39119011478962,0.5189999999999962,0.8821403046041179,1.1738442585837865,2.9170395397966864,0.5414563565796425,0.0,88.38133175794044,0.568292238637187,3.0,285.4502848822497,96453.74860407138,1.1771357241114169,338.75287263864334,-0.029575993536604017,-0.0003652652631333913,183.4198961998075,19801.105195992128
3.1949218750000004,418.992048680021,182.30190263420246,182.68010381332465,26.09581512738249,22.82181242436474,0.0025209045401285005,0.0017317993916043067,5.39119011478962,0.5189999999999962,0.8821403046041179,1.1736432086527722,2.915029040486543,0.5399373115853825,0.0,87.81144050896768,0.5680576153932945,3.0,285.4265516835798,96410.92542751087,1.1767109390716313,338.7384903202494,-0.010192273245825806,-0.0002933709429893128,182.89754979400658,19681.381061797463
3.2149218750000004,422.6328772862469,181.78132006251056,182.15952161048332,25.988565077663154,23.05662403683156,0.0025764319464609015,0.001592976496960311,5.39119011478962,0.5189999999999962,0.8821403046041179,1.1736802051326123,2.9153990052849443,0.5384242989565808,0.0,87.24495394920137,0.5678245629576285,3.0,285.4028862976394,96368.22460936167,1.176287297422599,338.7241490963695,0.009922317326332331,-0.00022194820677999658,182.3773125168771,19562.530632406528
3.2349218750000004,426.26331652054887,181.2629909126321,181.64107297439847,25.877291247024292,23.291085590820938,0.002632013769096312,0.0010968451047777457,5.39119011478962,0.5189999999999962,0.8821403046041179,1.1739275587514557,2.9178725414733786,0.5369173025655261,0.0,86.6822421328448,0.5675930711423951,3.0,285.3792884426164,96325.64564113434,1.1758647947047147,338.7098487962256,0.025863471024214765,-0.00019823082915240223,181.85917836804663,19444.547518748182
3.2549218750000004,429.8834128028809,180.74703827385122,181.12477182051597,25.76548201054682,23.52514280382099,0.002687357912588822,0.0003699703984830194,5.39119011478962,0.5189999999999962,0.8821403046041179,1.174311924673725,2.9217162006960717,0.5354162821857721,0.0,86.12427149024464,0.5673631261327443,3.0,285.35575781678125,96283.18797840062,1.1754434260969047,338.69558923696945,0.03448861235421934,-0.0007824238149771858,181.34313318197758,19327.423629147168
3.2749218750000004,433.49321421297054,180.23350281315996,180.6106077073365,25.656291965654013,23.758716473773635,0.0027422627952807927,0.0004158661528542102,5.39119011478962,0.5189999999999962,0.8821403046041179,1.174242572700578,2.9210226809646023,0.533921168926461,0.0,85.57171061711958,0.5671347098400599,3.0,285.33229410761567,96240.85105726586,1.1750231865798733,338.6813702292151,-0.03407429815632868,-0.0006536004865377722,180.82915308639804,19211.148872096728
3.2949218750000004,437.09276876988537,179.72233911599292,180.09855031903828,25.550882935092094,23.991721994563893,0.002796554372999668,0.0010829138637477632,5.39119011478962,0.5189999999999962,0.8821403046041179,1.1738087242322346,2.9166841962811674,0.5324318849142993,0.0,85.02436162277849,0.5669078029553314,3.0,285.3088970029957,96198.63431454687,1.1746040711363035,338.6671915838154,-0.025235418549471575,-0.0002168114468833599,180.31721117360294,19095.71260492525
3.3149218750000005,440.6821228713004,179.2134346432939,179.58856009028057,25.448595995539517,24.2240888292008,0.002850121612128504,0.0014897574179714326,5.39119011478962,0.5189999999999962,0.8821403046041179,1.1735289819455876,2.913886773414698,0.5309483688901401,0.0,84.48136467543944,0.5666823888505222,3.0,285.2855662013365,96156.5372060767,1.1741860749326516,338.6530531180099,-0.010202031961858085,-0.00023334728673616678,179.80728617267332,18981.10547708482
3.3349218750000005,444.26132020273536,178.70663478969487,179.08059597694475,25.348333753617197,24.45577576311274,0.0029031663354502427,0.0015562349475431408,5.39119011478962,0.5189999999999962,0.8821403046041179,1.173449618911709,2.913093143075911,0.529470586660318,0.0,83.94191623308981,0.5664584551246481,3.0,285.26230141868217,96114.55921949739,1.17376919344638,338.63895465972143,0.007475890128187518,-0.00022765718610385813,179.29936598971952,18867.32015736023
3.3549218750000005,447.83040118865915,178.2017737474038,178.5746184512685,25.24984459405205,24.686779447370554,0.0029562125690666533,0.0012814500304872381,5.39119011478962,0.5189999999999962,0.8821403046041179,1.1735710139172828,2.9143070931316495,0.5279985191834082,0.0,83.40587627150985,0.566235991749364,3.0,285.2391023922737,96072.69988069768,1.1733534225301814,338.6248960497179,0.023667182640673946,-0.000321715304294596,178.7934436728866,18754.350456877426
3.3749218750000005,451.38940307364317,177.6987031000091,178.0705893276545,25.15382949286172,24.917133649007035,0.0030098053724267413,0.0007366428537655742,5.39119011478962,0.5189999999999962,0.8821403046041179,1.1738518922734817,2.917115876693639,0.5265321401410435,0.0,82.87377869627772,0.5660149876616385,3.0,285.2159688800213,96030.95875286116,1.1729387584028514,338.6108771412929,0.035324058846915606,-0.0006841758782195923,178.28950981624092,18642.189722721036
3.3949218750000005,454.9383604987739,177.19731461816957,177.56847284042325,25.060893343144667,25.14690081563534,0.0030645798532485174,4.9807928729801607e-05,5.39119011478962,0.5189999999999962,0.8821403046041179,1.1742178228458544,2.9207751824173656,0.5250714021301713,0.0,82.34631998103647,0.5657954287056125,3.0,285.19290065675796,95989.33542970593,1.1725251975824307,338.5968977979953,0.038473877255130615,-0.010009810544648228,177.78754788371972,18530.82986977984
3.4149218750000006,458.4773065185451,176.69756047603144,177.06824115644218,24.970393236278518,25.37615781942835,0.0031210622639806524,0.000628234290967237,5.39119011478962,0.5189999999999962,0.8821403046041179,1.1738393255383777,2.916990209342598,0.5236162410772822,0.0,81.82375322536781,0.565577298335632,3.0,285.16989750762946,95947.82952355816,1.172112736767939,338.58295788962346,-0.03639825930531628,-0.0007646870486995133,177.28753570299236,18420.261712331365
3.4349218750000006,462.00627390408823,176.19945960612617,176.56988068838916,24.880335918237733,25.604979249431356,0.0031795121735419666,0.0011501253137466453,5.39119011478962,0.5189999999999962,0.8821403046041179,1.173495400831648,2.913550962275302,0.5221665943170256,0.0,81.3056832177373,0.5653605803481283,3.0,285.1469592196234,95906.44065006744,1.1717013726876118,338.5690572870918,-0.02645521624887948,-0.00034331854241822834,176.7894515847267,18310.476247104987
3.4549218750000006,465.5252964274761,175.70309139006662,176.0733950782748,24.788297733944788,25.833422532605773,0.0032399181269857588,0.0014124993318136592,5.39119011478962,0.5189999999999962,0.8821403046041179,1.1733048165741409,2.91164511970023,0.5207224162498738,0.0,80.79140568181383,0.5651452612090723,3.0,285.1240855732214,95865.1684131439,1.171291101949197,338.55519585737215,-0.012181071230946765,-0.0003546048606685456,176.2932796208001,18201.465742682252
3.4749218750000006,469.03440988956845,175.20857424122687,175.57880110982663,24.692870670684176,26.061517054214814,0.0033019275007237655,0.0013684724148343387,5.39119011478962,0.5189999999999962,0.8821403046041179,1.173294632722669,2.9115432811855113,0.5192836795468744,0.0,80.28044779581771,0.5649313301977164,3.0,285.1012763357178,95824.01239290349,1.1708819209200134,338.54137345944497,0.003245662266969337,-0.0002822820069783748,175.79901008887313,18093.223801467346
3.4949218750000006,472.53365257779177,174.71603296571527,175.08611845911352,24.59448982182622,26.28925978921449,0.0033649037740899152,0.0010380244495193328,5.39119011478962,0.5189999999999962,0.8821403046041179,1.1734532115196532,2.9131290691553535,0.5178503622064198,0.0,79.7728854367791,0.564718777452616,3.0,285.0785312582443,95782.97214029884,1.1704738256733842,338.5275899424961,0.016548259404891897,-0.00037638505437323256,175.30663506858795,17985.744438880392
3.5149218750000006,476.02306504807495,174.2255643608083,174.59535821897384,24.495057584449675,26.516617903001855,0.0034280752960083836,0.0005009088839671548,5.39119011478962,0.5189999999999962,0.8821403046041179,1.1737342402605808,2.9159393565646297,0.5164224314703908,0.0,79.26920716727196,0.5645075915850526,3.0,285.0558500771875,95742.04717967688,1.17006681201386,338.5138451467756,0.02489640943060379,-0.0007442534573988469,174.81614299708923,17879.020964058127
3.5349218750000007,479.5026893002375,173.73721341842005,174.10651626277442,24.396730911177716,26.74353768193938,0.0034907237527690084,0.0001245730169654253,5.39119011478962,0.5189999999999962,0.8821403046041179,1.173921744822428,2.917814402183101,0.514999837629759,0.0,78.7698702240706,0.5642977587874927,3.0,285.03323251954845,95701.2370184501,1.1696608755732312,338.50013890684636,-0.02674960528867211,-0.0027464814886084413,174.32751657467674,17773.045565785735
3.5549218750000007,482.97256763926214,173.2509660407749,173.6195737159903,24.30080634228932,26.96995725167017,0.003552370574533374,0.0007045090329336797,5.39119011478962,0.5189999999999962,0.8821403046041179,1.173546662209509,2.9140635760539113,0.5135825216369105,0.0,78.2749199841051,0.5640892639847687,3.0,285.01067831034476,95660.54116045196,1.169256011943292,338.4864710560689,-0.022385673172063747,-0.0004644753523699424,173.84073534495502,17667.809856981745
3.5749218750000007,486.43274155167234,172.76675622217127,173.1345022067081,24.207458725034076,27.19581999123648,0.003612959614153741,0.0011242231278086401,5.39119011478962,0.5189999999999962,0.8821403046041179,1.1732670016182225,2.9112669701410465,0.5121704294312049,0.0,77.78395946714839,0.5638820929505486,3.0,284.9881871799141,95619.95911911507,1.1688522168069628,338.472841431028,-0.012588451709865046,-0.00035033758288339323,173.35578054652973,17563.305869274023
3.5949218750000007,489.8832508039132,172.2844811278425,172.65126949390162,24.116234356869814,27.42108625628471,0.003672793691273294,0.0013038802390487251,5.39119011478962,0.5189999999999962,0.8821403046041179,1.1731291120534801,2.909888074493623,0.510763521582444,0.0,77.29645885121809,0.5636762337058263,3.0,284.96575886977456,95579.49042804564,1.1684494860436268,338.4592498750834,0.00036438913655010614,-0.0003970981719630075,172.87263837834996,17459.526708104237
3.6149218750000007,493.3241328958384,171.80401995376567,172.1698428978116,24.026786181318503,27.645741127251657,0.0037324958707958943,0.0012150010379398933,5.39119011478962,0.5189999999999962,0.8821403046041179,1.1731494443594404,2.910091397553225,0.5093617716887825,0.0,76.812132221045,0.5634716762561174,3.0,284.943393136177,95539.13464743327,1.1680478157931078,338.44569624052326,0.013714402889638735,-0.00044065466040070256,172.39129945751645,17356.466428175114
3.6349218750000007,496.7554229016213,171.3252543660985,171.69019064793903,23.93922614409105,27.8697969227666,0.0037928881371998907,0.000884818669193561,5.39119011478962,0.5189999999999962,0.8821403046041179,1.1733121357464562,2.9117183114233836,0.5079651555166398,0.0,76.33110378234935,0.563268410987092,3.0,284.92108975113945,95498.89136591664,1.1676472024744682,338.43218038919053,0.024782746651931774,-0.0006517915899454214,171.91175514323066,17254.11928138307
3.6549218750000008,500.1771537099453,170.84808687049284,171.21228277391688,23.85386828243995,28.093289915939426,0.0038546701139491307,0.0003874769874482747,5.39119011478962,0.5189999999999962,0.8821403046041179,1.1735741248141551,2.9143382021003728,0.5065736397556454,0.0,75.85383167607932,0.5630664270298834,3.0,284.8988485008853,95458.85865695332,1.1672488466943636,338.4187021915365,0.03140983485984982,-0.001418683488388779,171.43399373054845,17152.496643609684
3.674921875000001,503.5893565731061,170.37245243254287,170.7360905450565,23.770837476234792,28.316272431878442,0.003918327510347602,0.00017323977170692286,5.39119011478962,0.5189999999999962,0.8821403046041179,1.1736702702603803,2.9152996565626244,0.5051871704356108,0.0,75.38196227711336,0.5628657106035728,3.0,284.8766691822748,95420.73568317981,1.1668735286596301,338.4052615244585,-0.03238146796823239,-0.003022313510121308,170.95799653006407,17051.894277062842
3.694921875000001,506.99206187036833,169.89833132930048,170.261593706198,23.688975032485704,28.538802205155278,0.003983941255110517,0.0006814519245715968,5.39119011478962,0.5189999999999962,0.8821403046041179,1.173341432306622,2.9120112770250417,0.5038056894759365,0.0,74.91403655121411,0.5626662474406092,3.0,284.8545515978426,95382.71882134341,1.1664991970874001,338.3918582682926,-0.028053628823892063,-0.0007745109383537206,170.48374346790055,16951.978565208323
3.714921875000001,510.3853000815066,169.42575181180277,169.7887855322842,23.60680721315032,28.760931271872607,0.004051209501975997,0.0010411169180650512,5.39119011478962,0.5189999999999962,0.8821403046041179,1.1731010034019678,2.909606987978499,0.5024291512068493,0.0,74.44972693623224,0.5624680251697829,3.0,284.8324955494702,95344.80773090763,1.1661258490970103,338.37849230297894,-0.019215217703918656,-0.00047914129688101325,170.01121867443908,16852.742598498837
3.734921875000001,513.7691026419601,168.95477937078792,169.31767023352026,23.5229526007295,28.982696597011365,0.00411951941198276,0.0011859847701919544,5.39119011478962,0.5189999999999962,0.8821403046041179,1.172987486112203,2.908471815080851,0.5010575209986174,0.0,73.98863304483218,0.562271033095134,3.0,284.81050083282724,95307.00206065875,1.1657534816994157,338.3651635046933,-0.007750494976387516,-0.0004314871613677371,169.5404100179535,16754.180261808946
3.754921875000001,517.1435025403024,168.4854999843446,168.8482587956698,23.436882791155952,29.20411385459587,0.00418807058599,0.0010954093937097784,5.39119011478962,0.5189999999999962,0.8821403046041179,1.1730126821416091,2.908723775374913,0.4996907729305856,0.0,73.53069601375101,0.5620763471014711,3.0,284.78856723348804,95269.30144203061,1.1653820917313562,338.35187174349375,0.003810939616513021,-0.0003729105294098938,169.07130831401676,16656.286065913933
3.774921875000001,520.5085344796565,168.0179953798941,168.3805604190377,23.3491887215033,29.425175846724194,0.004256114905887109,0.000795884313898169,5.39119011478962,0.5189999999999962,0.8821403046041179,1.1731611563220485,2.910208517179307,0.4983288773991605,0.0,73.07635359428036,0.5618865665235783,3.0,284.7666945258822,95231.70548730118,1.1650116758374687,338.3386168826846,0.013344730854449389,-0.00038631731142771376,168.60390313193287,16559.054314273195
3.794921875000001,523.8642346026777,167.55232539121414,167.91457841972272,23.26102770802947,29.645855476889754,0.00432318721638332,0.0003518647105223479,5.39119011478962,0.5189999999999962,0.8821403046041179,1.1733951739135984,2.9125486930948052,0.4969717998615385,0.0,72.62539696043683,0.561697969538935,3.0,284.7448824750826,95194.21379266518,1.1646422305004347,338.32539877990007,0.01911228669337852,-0.0007944525097661074,168.1381823705197,16462.47902394413
3.814921875000001,527.210639912833,167.08851487149727,167.45030684569755,23.173721133718313,29.866112327067924,0.00438917917301563,0.00014840103254293188,5.39119011478962,0.5189999999999962,0.8821403046041179,1.1734879055743097,2.9134760097019186,0.4956194986834445,0.0,72.17804884033154,0.5615105448826428,3.0,284.72313084056657,95156.82594469989,1.1642737521046034,338.31221728938334,-0.020094903996173898,-0.0019577231952011983,167.67413153144872,16366.55378939746
3.834921875000001,530.5477875133208,166.62654870275514,166.9877301150692,23.088100641866014,30.085901256057312,0.004454206550132747,0.000606639116095593,5.39119011478962,0.5189999999999962,0.8821403046041179,1.1731908873982095,2.910505827940917,0.49427192793527425,0.0,71.7342969144801,0.5613242807798743,3.0,284.70143938116337,95119.54152886831,1.1639062370197542,338.299072264985,-0.016455024551638973,-0.0004409496555744527,167.2117346671288,16271.271975037478
3.854921875000001,533.8757138367878,166.1663763512164,166.5268260156148,23.004401976223257,30.305181549108287,0.004518537074519852,0.0009396961099885241,5.39119011478962,0.5189999999999962,0.8821403046041179,1.1729680760239634,2.908277714198455,0.4929290452353112,0.0,71.2938969403157,0.5611391660330105,3.0,284.67980786006086,95082.36013812527,1.1635396816859536,338.2859635631969,-0.008940556500086698,-0.0003147939150637847,166.75097703571393,16176.627235435382
3.874921875000001,537.1944540324937,165.70792195505734,166.06756912295054,22.922484375523943,30.523924701927893,0.004582585365654677,0.0010890398831103706,5.39119011478962,0.5189999999999962,0.8821403046041179,1.1728536336652693,2.9071332906115144,0.49159081674406846,0.0,70.85653967387327,0.5609551907000978,3.0,284.65823604878875,95045.28137976422,1.1631740826811428,338.272891045566,0.00092894250206053,-0.00021520304140089082,166.29184679146707,16082.613839170528
3.894921875000001,540.5040415816662,165.25109684029982,165.60993316905066,22.84218710209968,30.742119636426875,0.004646780143268479,0.001033242810231325,5.39119011478962,0.5189999999999962,0.8821403046041179,1.1728599088031015,2.907196041989837,0.49025721619357066,0.0,70.42204885470154,0.5607723459455507,3.0,284.63672372971917,95008.30487971481,1.1628094367636395,338.25985458020983,0.011217991835676441,-0.00023018973396401625,165.8343346565357,15989.226597081079
3.914921875000001,543.8045081784402,164.7958130042641,165.15389237350726,22.76352956610162,30.959774453204254,0.0047114894476770475,0.0007873620468755398,5.39119011478962,0.5189999999999962,0.8821403046041179,1.1729781385795564,2.908378339754385,0.48892821908768735,0.0,69.99046724441429,0.560590623233771,3.0,284.6152706968401,94971.43028387304,1.1624457408854123,338.2468540422851,0.02005764035749383,-0.00026684089609300407,165.37843195890738,15896.460477274151
3.934921875000001,547.0958838694137,164.34199570031333,164.69942250778712,22.686577161992936,31.17691459059923,0.004777012334157553,0.0004032815864306825,5.39119011478962,0.5189999999999962,0.8821403046041179,1.1731781263378773,2.9103782173375947,0.4876037964444448,0.0,69.56199593284279,0.5604100134733287,3.0,284.5938767548488,94934.6572565421,1.1620829921768598,338.23388931343834,0.025797799025118747,-0.0003604649614670144,164.92412851540266,15804.310197058627
3.954921875000001,550.3781974301457,163.88959419694316,164.24650263093307,22.611170567039245,31.393577799878248,0.0048434211287774215,4.432068032890233e-05,5.39119011478962,0.5189999999999962,0.8821403046041179,1.1733637992469155,2.912234946427976,0.486283912400592,0.0,69.13681994892156,0.5602305066994923,3.0,284.57254171670405,94897.98547622586,1.1617211879054532,338.22096028032263,-0.02733794987373142,-0.00290988630335903,164.47141182100052,15712.77007159485
3.974921875000001,553.6514769235059,163.43858835030883,163.79511733344333,22.536723878065636,31.609806998941366,0.0049105742921173815,0.000469651430217424,5.39119011478962,0.5189999999999962,0.8821403046041179,1.1730872003689856,2.9094689576486776,0.4849685270714732,0.0,68.71496159712935,0.5600520924737689,3.0,284.5512653999972,94861.41462939081,1.1613603254142948,338.20806683239834,-0.02500679768246628,-0.00023881826454030754,164.02026801539859,15621.834203619706
3.994921875000001,556.915750329624,162.98898970724085,163.34525853261297,22.462328414906327,31.825642676907048,0.00497828304469877,0.0007982355303960589,5.39119011478962,0.5189999999999962,0.8821403046041179,1.1728680673265417,2.9072776272242384,0.4836576022041344,0.0,68.29625783767226,0.5598747606544183,3.0,284.5300476228574,94824.94440342783,1.161000402052722,338.19520885945155,-0.01903019060005357,-0.00010713164392638875,163.57068379388878,15531.496848976989
4.014921875000001,560.1710461420611,162.54083716381498,162.8969257016719,22.387056222544643,32.04111616681399,0.005046308649366604,0.0009742732085475926,5.39119011478962,0.5189999999999962,0.8821403046041179,1.1727390052771398,2.9059870067302196,0.4823511054466995,0.0,67.88046733149352,0.5596985019681794,3.0,284.50888820007657,94788.57447999144,1.1606414151105748,338.1823862492464,-0.010749035662826204,9.267372424183697e-06,163.12264784992672,15441.752686886
4.034921875,563.4173938238577,162.09418656877193,162.45012364442553,22.310369434752204,32.25624481027385,0.005114521821843248,0.0009713131293377291,5.39119011478962,0.5189999999999962,0.8821403046041179,1.1727153998866213,2.9057509528250347,0.48104901039576753,0.0,67.46741777457265,0.5595233080054866,3.0,284.48778694014493,94752.30452990465,1.1602833617678612,338.16959888572785,-0.0016768086721249723,2.6653572350529052e-05,162.67615088991303,15352.596815979505
4.054921875,566.6548240210166,161.6490980153413,162.00485875957088,22.23235122426964,32.47102986583355,0.00518288781364211,0.0007956230014284579,5.39119011478962,0.5189999999999962,0.8821403046041179,1.1727935748286709,2.90653270224553,0.4797512929022781,0.0,67.05709575697534,0.5593491707143079,3.0,284.46674364386337,94716.13421077376,1.1599262390711382,338.1568466481812,0.006491263052971063,-7.601523254650211e-05,162.2311843832223,15264.024512737813
4.074921874999999,569.8833684984965,161.2056212031058,161.56113454280086,22.153633544855648,32.68545733480592,0.005251389368627058,0.0004834293326438501,5.39119011478962,0.5189999999999962,0.8821403046041179,1.1729523920731002,2.9081208746898235,0.47845792613086857,0.0,66.64962451040499,0.5591760817354481,3.0,284.44575810475976,94680.06316770348,1.1595700439404877,338.1441294114844,0.012391969959197831,-5.1850485288150024e-05,161.78773889154687,15176.030915769978
4.094921874999999,573.103059818846,160.76378480153778,161.11894856318628,22.07510349556689,32.899501482287235,0.005320013895238143,9.493925768456555e-05,5.39119011478962,0.5189999999999962,0.8821403046041179,1.173156608222469,2.9101630361835107,0.47716887794188095,0.0,66.24515490935154,0.5590040320580767,3.0,284.42483011117747,94644.09103688743,1.1592147732049007,338.1314470473735,0.01500636263718748,-0.00024029136078623843,161.34580318445975,15088.610863249623
4.1149218749999985,576.3139308512251,160.32359037503554,160.6782914196042,21.99751336393956,33.11313025554052,0.005388804082047206,0.0003000897353729364,5.39119011478962,0.5189999999999962,0.8821403046041179,1.1730109012326393,2.9087059662852144,0.47588411204952646,0.0,65.84374402981378,0.5588330121827885,3.0,284.40395944946704,94608.2174510936,1.1588604236564124,338.118799426377,-0.014073229941207938,-0.00013755459390048935,160.90536463227335,15001.758971734442
4.134921874999998,579.5160142294633,159.88501316560377,160.23914792592498,21.921295740230043,33.3263114759729,0.005457923557054209,0.0006327243919514522,5.39119011478962,0.5189999999999962,0.8821403046041179,1.1727903370429564,2.906500324388386,0.4746035919962598,0.0,65.44530787082333,0.5586630126554772,3.0,284.3831459075085,94572.44204571923,1.1585069921099114,338.1061864199502,-0.009826392696670233,-6.755023053648244e-05,160.4664105510654,14915.469890655031
4.154921874999998,582.7093418595931,159.44800642671694,159.8014990547274,21.846574788859463,33.5390187487871,0.005527555729782905,0.0008473118043042025,5.39119011478962,0.5189999999999962,0.8821403046041179,1.172639610996568,2.9049930639245014,0.4733272850876205,0.0,65.04966857280918,0.55849402458748,3.0,284.3623892779126,94536.76446429286,1.1581544754575384,338.09360790241504,-0.0031970537633107896,-7.476069280910273e-05,160.0289295339286,14829.738549567384
4.174921874999997,585.8939445566316,159.0125091800995,159.36532397088627,21.773301229071933,33.75123605699304,0.005597809638132699,0.0009120099602013656,5.39119011478962,0.5189999999999962,0.8821403046041179,1.1725772943819976,2.904369897778798,0.47205516381656276,0.0,64.65666121014763,0.5583260398363254,3.0,284.34168936038185,94501.1843625325,1.1578028707088617,338.0810637523914,0.004631208369219635,-0.00011300154830438659,159.59291193291293,14744.560243788508
4.194921874999997,589.0698518484816,158.57845504393794,158.93060147917072,21.701421290191526,33.96296037015705,0.0056688021235516625,0.0008210879160517226,5.39119011478962,0.5189999999999962,0.8821403046041179,1.172606703154413,2.904663985502951,0.4707872041130181,0.0,64.26621943029771,0.5581590507659974,3.0,284.32104596298484,94465.70141053645,1.1574521750126336,338.0685538535688,0.012220397888021118,-7.857966018365416e-05,159.15834926725296,14659.930520412125
4.214921874999996,592.2370919597548,158.14578164884102,158.4973111463031,21.630911446258192,34.17420192122723,0.005740589954545434,0.0005958328106913293,5.39119011478962,0.5189999999999962,0.8821403046041179,1.1727153972555677,2.9057509265144987,0.46952338176714087,0.0,63.878393435268585,0.557993049771405,3.0,284.3004589022616,94430.31529296411,1.1571023856586888,338.05607809477056,0.018367846791233978,1.4006751666557936e-05,158.72523301399335,14575.84495267188
4.234921874999996,595.3956919722481,157.71443812071624,158.06543421366476,21.56171071711978,34.38498214788292,0.0058130281886604905,0.0002775613381130081,5.39119011478962,0.5189999999999962,0.8821403046041179,1.1728792117425502,2.907389071384323,0.46826366956618726,0.0,63.49329127444674,0.5578280289037645,3.0,284.2799280021804,94395.02570724301,1.1567535000603353,338.04363636932135,0.02216582240423132,0.00018783304098442103,158.29355363979624,14492.29896228624
4.2549218749999955,598.5456781170188,157.2843910378777,157.63495480407607,21.493581133731038,34.59532996519466,0.005885816598160117,7.76927225106889e-05,5.39119011478962,0.5189999999999962,0.8821403046041179,1.1729735038553168,2.90833199251199,0.4670080367502458,0.0,63.11099355163435,0.5576639798045099,3.0,284.25945309223937,94359.8323603056,1.1564055157221842,338.03122857389707,-0.022968073549452035,0.0009445055547092099,157.86330041656927,14409.287787930143
4.274921874999995,601.6870761616385,156.85562786360725,157.20586122507612,21.42606620754881,34.80527700150757,0.0059586042361927825,0.000409857194282964,5.39119011478962,0.5189999999999962,0.8821403046041179,1.172754065696464,2.9061376109234605,0.4657564509239265,0.0,62.731488564880046,0.5575008939598803,3.0,284.2390340049493,94324.73496426267,1.156058430197439,338.0188546069993,-0.020860740295162078,0.0002579300178247718,157.4344620671267,14326.806605237778
4.294921874999995,604.819911837108,156.42815708471656,156.77814681585664,21.35856300684564,35.0148526022224,0.006031124887768616,0.0006656827477855187,5.39119011478962,0.5189999999999962,0.8821403046041179,1.1725799612780161,2.9043965667389826,0.46450888102032556,0.0,62.35467175373998,0.5573387630880547,3.0,284.2186705730588,94289.73323163354,1.1557122410407616,338.0065143672736,-0.01631884092861747,0.0001445831261887149,157.00702776632286,14244.850709110833
4.314921874999994,607.9442112267828,156.0020047346405,156.3518097403537,21.290506567172002,35.224079515614925,0.006103206489528589,0.000806324209742738,5.39119011478962,0.5189999999999962,0.8821403046041179,1.1724739310558105,2.903336264516927,0.46326529935000943,0.0,61.98040291212337,0.5571775794017029,3.0,284.1983626270259,94254.82687100091,1.1553669457652993,337.9942077519777,-0.010081669964660556,8.914719858810007e-05,156.58098783278922,14163.415636827425
4.334921874999994,611.0600010610382,155.57720816394362,155.92685160472627,21.22156199180931,35.43297078808883,0.006174785366284905,0.0008118274717869068,5.39119011478962,0.5189999999999962,0.8821403046041179,1.1724476196632951,2.903073150591773,0.46202568155341983,0.0,61.60857818039075,0.5570173355956825,3.0,284.17810999310325,94220.01558371857,1.1550225418100908,337.98193465582057,-0.00323299293000417,4.439306646779717e-05,156.1563337120989,14082.497161250183
4.354921874999993,614.1673088632631,155.1538078256846,155.5032751206863,21.151762995075707,35.64152832270532,0.006245849163827617,0.0006855321665751429,5.39119011478962,0.5189999999999962,0.8821403046041179,1.1724990608663626,2.903587562622447,0.4607900046444382,0.0,61.239177372338,0.556858024589118,3.0,284.1579124923888,94185.29906228036,1.1546790265238853,337.96969497038765,0.003083477549817681,-2.7375444001686557e-05,155.7330573150843,14002.091168380137
4.374921874999993,617.2661629146148,154.73183780943734,155.08108129891576,21.081471170761013,35.84974335341918,0.0063164199725486555,0.0004514876888863723,5.39119011478962,0.5189999999999962,0.8821403046041179,1.1726141913925345,2.904738867884167,0.459558244362115,0.0,60.8722550493422,0.5566996391827013,3.0,284.13776994105496,94150.6769907139,1.1543363971689862,337.9574885842793,0.00780524604213954,-5.1609281602406094e-05,155.31115012282092,13922.19349550682
4.3949218749999925,620.3565920598202,154.31131917821946,154.6602675536414,21.011232936496633,36.057598577514085,0.006386616490627545,0.00015080407741116303,5.39119011478962,0.5189999999999962,0.8821403046041179,1.172768916441722,2.9062861183760424,0.45833037364562423,0.0,60.50788879674772,0.5565421718652708,3.0,284.1176821516111,94116.14904675032,1.1539946509426788,337.94531538387633,0.01032662093867724,-0.00029625239077497406,154.89060267168037,13842.799840408568
4.414921874999992,623.4386253902506,153.89225525782135,154.24082671686247,20.941583175452866,36.265071631930546,0.0064566421933691005,0.00016590686358209617,5.39119011478962,0.5189999999999962,0.8821403046041179,1.1727374996552944,2.9059719505117654,0.4571063629471118,0.0,60.146116006088164,0.5563856148582371,3.0,284.09764893496333,94081.71490536511,1.1536537850122488,337.9331752545878,-0.010180985580579565,-0.00037272918475139325,154.47140465979356,13763.905783091393
4.434921874999992,626.5122918791369,153.4746311312354,153.82274741355874,20.872890145330366,36.47213918898387,0.006526709272101105,0.0004478513738496096,5.39119011478962,0.5189999999999962,0.8821403046041179,1.1725488107171687,2.904085061130508,0.45588618218178795,0.0,59.78690018203315,0.5562299603679102,3.0,284.0776701027856,94047.37424285368,1.1533137965553284,337.92106808228806,-0.00766064491813134,-0.0001612124228506311,154.05354560682633,13685.506905517586
4.454921874999991,629.5776200410878,153.0584165000424,153.40601525663223,20.80533507117767,36.67878091763736,0.006597042410042199,0.0006531138695032604,5.39119011478962,0.5189999999999962,0.8821403046041179,1.172405594831855,2.9026529022773717,0.45466980294748255,0.0,59.43014640244961,0.5560752008680914,3.0,284.0577454697329,94013.1267406354,1.1529746827975837,337.9089937546581,-0.0031934328205186656,-0.00021514988528203795,153.63701560461251,13607.598925250999
4.474921874999991,632.6346376614986,152.64356936223408,152.99061396804237,20.738975707161845,36.88498276086769,0.006667954169144034,0.0007511713891293247,5.39119011478962,0.5189999999999962,0.8821403046041179,1.172325726407374,2.9018542180325624,0.4534571997618833,0.0,59.07574703579907,0.555921329253704,3.0,284.03787485520024,93978.97208827686,1.1526364410427024,337.89695216225135,0.0025453889971424415,-0.0002627367489455191,153.22180573556955,13530.17776793224
4.49492187499999,635.6833716139591,152.23004154687138,152.57652650041402,20.67380533344057,37.090739224481176,0.006739794759971068,0.0007292837369147511,5.39119011478962,0.5189999999999962,0.8821403046041179,1.1723166442804478,2.9017633967632994,0.4522483496836913,0.0,58.723633034944655,0.5557683387877148,3.0,284.0180580845092,93944.90998553176,1.1522990686926677,337.88494319921256,0.008599522703419628,-0.0003338304183398926,152.80790794481166,13453.23954212766
4.51492187499999,638.7238477950111,151.81778464305037,152.1637359281229,20.609791887354568,37.29605422807979,0.006812878732259923,0.0005946360002517829,5.39119011478962,0.5189999999999962,0.8821403046041179,1.1723741360420685,2.9023383143795067,0.4510432306605896,0.0,58.37379999456063,0.5556162228883643,3.0,283.9982949893324,93910.94014306998,1.151962563255059,337.87296676353543,0.013904368604517773,-0.00044456116069758675,152.39531448190303,13376.780438903525
4.5349218749999896,641.7560911862232,151.4067563192566,151.7522263619269,20.546868915358036,37.50094034698837,0.006887406292015339,0.00037246106815980575,5.39119011478962,0.5189999999999962,0.8821403046041179,1.1724834222495402,2.903431176454223,0.4498418195637625,0.0,58.026320205411636,0.5554652324090755,3.0,283.97858540728953,93877.0622817839,1.1516269223362647,337.8610227568174,0.017753899314108524,-0.0008018802520449914,151.98401723660052,13300.79661446447
4.554921874999989,644.7801260180646,150.9969243647708,151.34198332196547,20.484916760513514,37.705416733200124,0.006963463830993873,9.991531603649426e-05,5.39119011478962,0.5189999999999962,0.8821403046041179,1.172622693772637,2.904823891685191,0.4486440900574047,0.0,57.68139344194972,0.5553167952447722,3.0,283.95892918088254,93843.27613095766,1.1512921436234187,337.84911108361484,0.019444797565949364,-0.0031199503232307553,151.57400701881141,13225.284065024778
4.574921874999989,647.7959760032096,150.58826990729514,150.93299505787346,20.423635661124507,37.909506213760345,0.007041043187373233,0.00018377869023389462,5.39119011478962,0.5189999999999962,0.8821403046041179,1.1725517393210843,2.904114347169664,0.44745001476822105,0.0,57.33885785640088,0.5551692058706429,3.0,283.93932615597913,93809.58142566044,1.1509582248586323,337.83723165052334,-0.0192945513784617,-0.0016087543574759165,151.16527429128158,13150.238756594248
4.594921874999988,650.803664629275,150.18078902398784,150.52525340766258,20.36264403550228,38.113231950777866,0.007120010309484432,0.0004299348930702872,5.39119011478962,0.5189999999999962,0.8821403046041179,1.1723851810280943,2.9024487642397645,0.44625956707796116,0.0,56.998676021969196,0.5550224573549212,3.0,283.9197761799097,93775.9779034759,1.1506251638066236,337.8253843650253,-0.016897254928518287,-0.0006167199116526617,150.75780977468202,13075.656730253253
4.614921874999988,653.8032154495655,149.77449189587318,150.11875379731376,20.30153683341536,38.316614196754735,0.007200073523574757,0.0006053499203404235,5.39119011478962,0.5189999999999962,0.8821403046041179,1.172260564402613,2.901202597984951,0.4450727217727716,0.0,56.66077005095217,0.5548765429850164,3.0,283.9002790995778,93742.46530125377,1.1502929582225394,337.81356913434416,-0.012949204322450461,-0.00034213137041359495,150.3516046663969,13001.534138746176
4.634921874999987,656.7946523287749,149.36939897761437,149.71349456330995,20.239992112444046,38.51966765294561,0.00728086779912278,0.0006857495444073856,5.39119011478962,0.5189999999999962,0.8821403046041179,1.1721921121150856,2.900518075109677,0.44388945572233024,0.0,56.32505760345806,0.5547314563480985,3.0,283.8808347598629,93709.04335236485,1.149961605824742,337.8017858644769,-0.007908263635323997,-0.00029485824236442394,149.94665086941382,12927.86728421657
4.654921874999987,659.7779996112592,148.9655367262205,149.3094758768861,20.1778686151312,38.722399739598316,0.007361960192801026,0.0006617827981850128,5.39119011478962,0.5189999999999962,0.8821403046041179,1.1721852874910756,2.900449828869578,0.44270974744960206,0.0,55.99148704087926,0.5545871912748903,3.0,283.8614430025268,93675.7117848208,1.1496311042761471,337.7900344595313,-0.0027109740530988228,-0.00022458248364220064,149.54294084657147,12854.652590948692
4.674921874999987,662.753282180906,148.5629316496612,148.90669805570312,20.115248789580118,38.92481003944776,0.007442924085750544,0.0005400485786214236,5.39119011478962,0.5189999999999962,0.8821403046041179,1.1722362202528336,2.9009591564871573,0.4415335758446445,0.0,55.66005334234124,0.5544437416800791,3.0,283.8421036658241,93642.4703206054,1.1493014511775674,337.7783148214894,0.0018465645629336818,-0.0002157463418116214,149.1404671859103,12781.886529198297
4.694921874999986,665.7205254028279,148.16160473902679,148.50515994443032,20.05240263275917,39.126890978184946,0.007523450221682252,0.0003416589422258961,5.39119011478962,0.5189999999999962,0.8821403046041179,1.1723325352746408,2.901922306705229,0.4403609188336088,0.0,55.33078677853152,0.5543011013998131,3.0,283.8228165848816,93609.3186763259,1.1489726440741377,337.76662685043823,0.005241235290643032,-0.00024316213492798057,148.73922215118765,12709.56553798153
4.714921874999986,668.6797549762906,147.76156778638367,148.10485790904016,19.98967981913553,39.32862942611623,0.007603375471663354,9.717326568242529e-05,5.39119011478962,0.5189999999999962,0.8821403046041179,1.1724562866547574,2.9031598205063958,0.4391917527731246,0.0,55.00372238588492,0.5541592641196673,3.0,283.8035815926541,93576.25656485624,1.1486446804715893,337.7549704451484,0.006921664856868951,-0.0008908383933909185,148.33919747763963,12637.685991132212
4.734921874999985,671.6309967198674,147.36282060654025,147.70578527625892,19.92742916910981,39.53000903991671,0.007682671891368202,0.00015896535730964886,5.39119011478962,0.5189999999999962,0.8821403046041179,1.1723993450640842,2.902590404599663,0.43802605278105056,0.0,54.67887109909484,0.5540182234169101,3.0,283.78439852132084,93543.28369773735,1.148317557860048,337.7433455039204,-0.0067535433242848905,-0.0005730037773635096,147.94038448414884,12566.244217800362
4.754921874999985,674.5742763235512,146.96535071241988,147.3079325313928,19.865924152621755,39.73101301731489,0.007761433248515482,0.0003850415395599687,5.39119011478962,0.5189999999999962,0.8821403046041179,1.1722455737726694,2.901052691685515,0.4368637938438029,0.0,54.356203511519624,0.5538779728956953,3.0,283.7652672038969,93510.39978794676,1.147991273741518,337.7317519255615,-0.004745560210825588,-0.0002888171742750013,147.5427744477149,12495.236567058088
4.774921874999984,677.5096191124208,146.5691344663077,146.91128788452818,19.805329426113143,39.93162679742021,0.00783987274984271,0.0005501451984293365,5.39119011478962,0.5189999999999962,0.8821403046041179,1.1721279749632814,2.899876703591635,0.43570495205109955,0.0,54.03565787352641,0.5537385063354267,3.0,283.74618747576926,93477.60455253902,1.1476658256561036,337.7201896103162,-0.0011890614588758207,-0.00027383456034193657,147.14635902085107,12424.659478591524
4.794921874999984,680.4370498514792,146.1741399472592,146.51583808629454,19.74570971658799,40.13184035822768,0.007918323745051553,0.0006324471790204886,5.39119011478962,0.5189999999999962,0.8821403046041179,1.1720593508156771,2.899190462115593,0.434549505275116,0.0,53.71716717099453,0.5535998177701561,3.0,283.72715917596537,93444.89771482612,1.1473412112036874,337.708658460635,0.0031955861711276106,-0.00026946113618978783,146.75113046119205,12354.50952046115
4.814921874999984,683.356592618662,145.7803312436612,146.12156933465522,19.687077188901288,40.331649754142916,0.007997184609062763,0.0006221732897072681,5.39119011478962,0.5189999999999962,0.8821403046041179,1.1720454207975235,2.8990511619340564,0.43339743291902544,0.0,53.40068538102424,0.5534619014554473,3.0,283.7081821479787,93412.27900579634,1.147017428058065,337.6971583816751,0.007914175301148785,-0.00035105112568157334,146.35708154666753,12284.783373311695
4.834921874999983,686.2682707631269,145.3876719130631,145.72846783939798,19.629405729396545,40.53105764201919,0.00807681409702716,0.0005234655453053495,5.39119011478962,0.5189999999999962,0.8821403046041179,1.172083751634553,2.8994344703043518,0.43224871505021967,0.0,53.08620165428325,0.5533247517623772,3.0,283.68925624003964,93379.74816458032,1.1466944739716312,337.685689281464,0.012108192710776839,-0.0004891308153122631,145.96420528276056,12215.477779946994
4.854921874999983,689.1721069383404,144.9961294329059,145.33652056895474,19.57262445941543,40.73007288914915,0.008157561007398726,0.00035381907961319414,5.39119011478962,0.5189999999999962,0.8821403046041179,1.1721640793843098,2.9002377478019192,0.4311033313171245,0.0,52.77373431860064,0.5531883630474714,3.0,283.6703813049008,93347.30493808127,1.1463723467717706,337.67425107076986,0.015323562111092145,-0.0008632513760725312,145.572494536624,12146.589483495623
4.874921874999982,692.0681232101898,144.6056781018565,144.94571577877684,19.516611317214476,40.928709275486916,0.008239687217613157,0.00013955222760434575,5.39119011478962,0.5189999999999962,0.8821403046041179,1.172270941191949,2.901306365878311,0.42996126036285215,0.0,52.463308524087374,0.5530527295836263,3.0,283.6515571991337,93314.94907976718,1.1460510443489225,337.6628436626751,0.016944832368314504,-0.002251370643597872,145.18194183890847,12078.11519448738
4.894921874999982,694.9563412235163,144.2163017394724,144.55604367720775,19.461163272364157,41.126983529056886,0.008323362123779567,9.111353002105986e-05,5.39119011478962,0.5189999999999962,0.8821403046041179,1.1722800316693855,2.901397270652677,0.428822479924481,0.0,52.15493380708693,0.5529178455732358,3.0,283.6327837820471,93282.68034781016,1.1457305646381488,337.65146697192057,-0.01689607201787466,-0.0033620864777832438,144.79253941703797,12010.051596844969
4.9149218749999815,697.8367823988247,143.8279940567573,144.16749671429068,19.406024837375337,41.32491306788337,0.008408550174751356,0.0002982733686154909,5.39119011478962,0.5189999999999962,0.8821403046041179,1.1721382891950387,2.8999798459092085,0.4276869675483259,0.0,51.84859046859565,0.5527837052337893,3.0,283.6140609144076,93250.49850288882,1.1454109055973445,337.640120914131,-0.015737202801581116,-0.0009601938823159954,144.40427943641478,11942.395388133722
4.934921874999981,700.709468130592,143.44075870749938,143.7800698292611,19.350920199800527,41.52251380008463,0.008495023259959296,0.00045902565887537717,5.39119011478962,0.5189999999999962,0.8821403046041179,1.1720241231280584,2.898838185239405,0.42655470143918367,0.0,51.544233807363305,0.5526503028978821,3.0,283.5953884571511,93218.40330597246,1.1450920651852463,337.6288054050336,-0.013030303443539459,-0.0005570837950313085,144.01715428681234,11875.143326554135
4.954921874999981,703.574419967134,143.05460690598298,143.3937600386384,19.29562071856655,41.71979819876644,0.008582390080754813,0.0005525430770295942,5.39119011478962,0.5189999999999962,0.8821403046041179,1.1719497677541297,2.898094631500119,0.4254256609605256,0.0,51.24181112810826,0.5525176330706725,3.0,283.5767662702136,93186.39451631166,1.144774041341475,337.61752035974945,-0.0094246550777335,-0.0003886145330463981,143.63115675090012,11808.292257743953
4.97492187499998,706.4316597384727,142.66955506169313,143.00856588184692,19.23998907543941,41.916773987740974,0.00867015473499931,0.0005678039361200409,5.39119011478962,0.5189999999999962,0.8821403046041179,1.171921683181942,2.8978137857782404,0.42429982659010795,0.0,50.9412803084515,0.5523856904226813,3.0,283.5581942116999,93154.47189000963,1.1444568319723358,337.60626569229015,-0.0055138095263204435,-0.000305581329739245,143.24627998897262,11741.839111029874
4.99492187499998,709.2812096200962,142.28562072251978,142.62448632660232,19.18402945090727,42.113443524793055,0.008757820242018806,0.0005059187247947467,5.39119011478962,0.5189999999999962,0.8821403046041179,1.1719392088579628,2.897989042538449,0.42317717932858345,0.0,50.64262298782488,0.5522544697188372,3.0,283.5396721374693,93122.63517930983,1.1441404349437228,337.5950413153064,-0.0017592238577755293,-0.0003040934128438989,142.86251733912795,11675.78086564578
5.014921874999979,712.1230921254493,141.90281967000277,142.24151990848668,19.12785812284381,42.30980392943442,0.008844898855396261,0.00037690086470358955,5.39119011478962,0.5189999999999962,0.8821403046041179,1.1719964688719728,2.89856164267855,0.4220576999936298,0.0,50.34584257594146,0.5521239657353089,3.0,283.52119990118456,93090.88413267992,1.1438248480819362,337.5838471401179,0.0012926440790754113,-0.0003106297521514857,142.47986207895926,11610.114511350204
5.034921874999979,714.957330035718,141.52116240189335,141.859663761762,19.071684411956472,42.50584785462359,0.008931012246792536,0.00020017375630846694,5.39119011478962,0.5189999999999962,0.8821403046041179,1.1720820508401024,2.8994174623598457,0.4209413686606274,0.0,50.050953884051864,0.5519941731946656,3.0,283.50277735476783,93059.21849559613,1.1435100691814641,337.5726830769893,0.0033298573510522848,-0.00044775075463775524,142.0983072368681,11544.837017869986
5.0549218749999785,717.7839462739713,141.1406522380016,141.47891315560864,19.015748592270025,42.70156484271723,0.009015949808545734,2.1419614538746777e-05,5.39119011478962,0.5189999999999962,0.8821403046041179,1.1721690110633238,2.9002870645920598,0.4198281646070807,0.0,49.75796646314088,0.551865086760403,3.0,283.4844043492192,93027.63801194959,1.1431960960189516,337.56154903562685,-0.00026485726743904667,-0.004017271149458833,141.7178455735503,11479.945332515641
5.074921874999978,720.6029637445217,140.76128412218648,141.0992613070479,18.96027731362823,42.89694306812732,0.009099763997147337,0.00019908749297821478,5.39119011478962,0.5189999999999962,0.8821403046041179,1.1720454984661115,2.8990519386199365,0.41871806671017364,0.0,49.46687211554118,0.551736701083902,3.0,283.46608073566057,92996.14242584094,1.1428829263710443,337.5504449258103,-0.003291488766515014,-0.000505556088250862,141.33846971649425,11415.436402595393
5.094921874999978,723.4144051706986,140.38304503813026,140.72069963846744,18.90543666398696,43.0919711266285,0.009182678667300805,0.0003646447209731423,5.39119011478962,0.5189999999999962,0.8821403046041179,1.1719293040208298,2.89788999416712,0.41761105411184,0.0,49.17764197510335,0.5516090108814623,3.0,283.4478063663904,92964.73148339285,1.1425705580324221,337.53937065803257,-0.0014242657198629707,-0.0003610345439640523,140.96017238474806,11351.307211973972
5.114921874999977,726.218292944764,140.00591518983657,140.34321818940103,18.85132892410821,43.28663972701764,0.009265061890672529,0.00047999355320969383,5.39119011478962,0.5189999999999962,0.8821403046041179,1.1718428914008365,2.8970258679671868,0.41650710678851316,0.0,48.89023513882726,0.5514820109991674,3.0,283.429581095859,92933.4049344269,1.1422589888324997,337.52832614409056,0.001405136840555234,-0.0003377634823138018,140.58294658144482,11287.554811792495
5.134921874999977,729.0146490140286,139.6298703084726,139.96680619808487,18.79800535996791,43.48094300423804,0.009347352977578997,0.000531188066774554,5.39119011478962,0.5189999999999962,0.8821403046041179,1.1717944503074988,2.89654145703381,0.4154062057475254,0.0,48.60461186002638,0.5513556964339356,3.0,283.4114047814088,92902.16253373586,1.1419482166481134,337.51731129753375,0.004794127184618831,-0.0004277389199038233,140.20678566021488,11224.176330408478
5.154921874999976,731.8034948125987,139.2548836042738,139.5914525029904,18.745475695476426,43.674879323193444,0.009430053521290878,0.0005131643199521534,5.39119011478962,0.5189999999999962,0.8821403046041179,1.1717869483461587,2.8964664374204085,0.4143083328340755,0.0,48.32074555033785,0.551230062309719,3.0,283.3932772837181,92871.00404184632,1.141638239411148,337.5063260339332,0.008246630132591411,-0.0005171598246859929,139.8316832600728,11161.168962105807
5.174921874999976,734.5848512376568,138.88092879003713,139.21714611686667,18.69370943146323,43.86845156291519,0.009513637217183693,0.0004308322779794309,5.39119011478962,0.5189999999999962,0.8821403046041179,1.1718174979857612,2.8967719338164333,0.4132134702082724,0.0,48.0386280374325,0.5511051038164647,3.0,283.3751984669552,92839.92922528366,1.1413290551112147,337.49537027097483,0.011334610584001616,-0.0007137344650300353,139.45763312889534,11098.529938214566
5.1949218749999755,737.3587386861936,138.50798245119907,138.8438766556418,18.642645421277386,44.06166669505032,0.009598502504484801,0.00029658172158303635,5.39119011478962,0.5189999999999962,0.8821403046041179,1.1718788199449883,2.8973851534087047,0.41212159983082153,0.0,47.758264363878276,0.5509808161510114,3.0,283.35716819853974,92808.93785616169,1.141020661791615,337.48444392831505,0.013670614406852438,-0.00112491745654575,139.08462894975239,11036.256499121817
5.214921874999975,740.1251771295912,138.13602559274764,138.47163464187895,18.592183831761552,44.25453492052768,0.009684931864078962,0.00012934556415480529,5.39119011478962,0.5189999999999962,0.8821403046041179,1.1719597744613262,2.898194698572083,0.41103270319663715,0.0,47.47966273465872,0.550857194487032,3.0,283.3391863486576,92778.02971134934,1.1407130575410869,337.4735469272865,0.014859569127667813,-0.0026542953641492755,138.71266425087975,10974.345879968136
5.234921874999975,742.8841862181102,137.76504537841623,138.100411936814,18.542180159096663,44.44706847589567,0.009773055756505455,5.658701788868539e-05,5.39119011478962,0.5189999999999962,0.8821403046041179,1.1719850435677701,2.8984473896365226,0.4099467613781335,0.0,47.202823607607975,0.5507342339804676,3.0,283.3212527895823,92747.20457130329,1.1404062404822215,337.4626791904868,-0.01418720289531048,-0.005784064374628311,138.34173242012812,10912.795313048588
5.254921874999974,745.6357854121916,137.39503567490036,137.7302019689324,18.492459748948995,44.63928016876771,0.009862784997383016,0.00022181286999268686,5.39119011478962,0.5189999999999962,0.8821403046041179,1.1718697852228968,2.897294806187789,0.40886375537024866,0.0,46.927733062998094,0.5506119298089119,3.0,283.3033673948207,92716.46221860095,1.1401002087568881,337.45184064126136,-0.014367121660653409,-0.001330646682723229,137.9718268211888,10851.602046155751
5.274921874999974,748.3799941141804,137.02599670101523,137.36099977046192,18.44283678363105,44.83118194824823,0.009953854041785677,0.0003576289217093858,5.39119011478962,0.5189999999999962,0.8821403046041179,1.1717720436824244,2.8963173907830653,0.4077836665166454,0.0,46.6543636783748,0.5504902772195042,3.0,283.28553003825783,92685.80243646886,1.1397949605116002,337.44103120318425,-0.012535033206737298,-0.000665879342724923,137.60294093719222,10790.763364894949
5.294921874999973,751.1168317884088,136.65793427723074,136.99280188479378,18.393150010931368,45.022783640260364,0.010045923788216863,0.0004453567003217491,5.39119011478962,0.5189999999999962,0.8821403046041179,1.171702816914615,2.8956251231049723,0.4067064768114603,0.0,46.38268193715373,0.5503692715621011,3.0,283.2677405933753,92655.225007441,1.1394904938841666,337.43025079958545,-0.009923304923769588,-0.00041250007466462187,137.23506847230684,10730.276608051381
5.314921874999973,753.8463180591039,136.2908580925588,136.6256059669865,18.34329447077599,45.21409194675726,0.010138613623007359,0.00047517147728418145,5.39119011478962,0.5189999999999962,0.8821403046041179,1.171667876168319,2.8952757156420117,0.4056321689263294,0.0,46.11265799097145,0.5502489082911802,3.0,283.2499989326158,92624.72971226489,1.139186806992797,337.4194993531652,-0.007006413778516714,-0.0002875349740042459,136.8682033606606,10670.139168257465
5.3349218749999725,756.5684727620904,135.92477939576588,136.25941017217625,18.293251133614312,45.40510994474308,0.01023152548529671,0.0004458168946884751,5.39119011478962,0.5189999999999962,0.8821403046041179,1.1716679530161902,2.8952764841207235,0.4045607259579487,0.0,45.84427346369307,0.5501291829365165,3.0,283.2323049270464,92594.31632932396,1.138883897930346,337.4087767857901,-0.004095619560953357,-0.0002468245311871858,136.5023396810427,10610.348478045018
5.354921874999972,759.2833159548763,135.55970852021056,135.8942124644423,18.243071142124943,45.595837016703776,0.010324259356074476,0.0003622770332324029,5.39119011478962,0.5189999999999962,0.8821403046041179,1.1717001176624628,2.89559813058345,0.40349213103336373,0.0,45.57752205822685,0.5500100910584796,3.0,283.2146584462933,92563.98463452492,1.1385817647631804,337.39808301845375,-0.0016075647502862731,-0.0001553763261459584,136.13747152368768,10550.90198875411
5.374921874999972,761.9908678745957,135.19565302369156,135.53001008944892,18.192881259742812,45.7862693169434,0.010416494340559555,0.00023739449495885717,5.39119011478962,0.5189999999999962,0.8821403046041179,1.171756814758328,2.896165101542101,0.40242636699272144,0.0,45.312406183950536,0.5498916282126328,3.0,283.1970593588151,92533.73440176758,1.1382804055358522,337.387417971442,0.00023447949159959196,-8.661846226224339e-05,135.77359288330223,10491.79715391913
5.394921874999971,764.6911488693991,134.8326161532742,135.16679917181693,18.142821165868533,45.97640050532762,0.010508060722891404,8.639302220626229e-05,5.39119011478962,0.5189999999999962,0.8821403046041179,1.1718290807378968,2.8968877613377897,0.401363416264856,0.0,45.0489280453794,0.5497737899362386,3.0,283.1795075323489,92503.5654037114,1.137979818278729,337.37678156460345,0.0012672271195819443,-0.00016420153003636587,135.41069761721133,10433.031423007244
5.414921874999971,767.3841793042814,134.47059624517135,134.80457459678132,18.093050522791994,46.16622274997508,0.010598976769298355,7.562546012588468e-05,5.39119011478962,0.5189999999999962,0.8821403046041179,1.1718185766642295,2.8967827206011165,0.40030326098696856,0.0,44.78708395402863,0.5496565717619342,3.0,283.1620028345221,92473.47741282765,1.1376800010184804,337.3661737177204,-0.0012555191231643863,-0.0003764934244819351,135.04877948589962,10374.602247952229
5.43492187499997,770.0699794544247,134.10958605221506,134.44332987174081,18.04371783326902,46.355727868719924,0.010689381081914556,0.0002222025897168577,5.39119011478962,0.5189999999999962,0.8821403046041179,1.1717151770956233,2.895748724915055,0.3992458831196096,0.0,44.52690188714373,0.5495404907280297,3.0,283.1445451335462,92443.47020259104,1.1373809517899558,337.355594350929,-0.00037365347109947095,-0.00020875144419639217,134.68783219197744,10316.507089344575
5.45492187499997,772.7485693970583,133.74957302081427,134.08305724878412,17.994928864244674,46.54490848211796,0.010779486003126644,0.00033955533758603124,5.39119011478962,0.5189999999999962,0.8821403046041179,1.1716291708039424,2.894888661998245,0.3981912646967521,0.0,44.26833204422857,0.5494252287210172,3.0,283.1271342989191,92413.54354868793,1.1370826686482431,337.345043385145,0.0014188204115073105,-0.0002242432223643319,134.3278494647116,10258.743429473
5.4749218749999695,775.4199689156779,133.39054064261975,133.72374828157336,17.946746561589233,46.733759082696835,0.010869557747980806,0.00041398881965942243,5.39119011478962,0.5189999999999962,0.8821403046041179,1.1715686206921843,2.894283160880664,0.3971393887621861,0.0,44.011330100363644,0.5493105717524671,3.0,283.1097702020481,92383.6972300864,1.1367851496793546,337.33452074244116,0.00374161410483955,-0.0002639317728835228,133.96882537603807,10201.308820375703
5.494921874999969,778.0841974358893,133.03246999377873,133.36539409209234,17.899198461671695,46.92227677421636,0.010959882154578274,0.00043831498702839985,5.39119011478962,0.5189999999999962,0.8821403046041179,1.1715377499069708,2.8939744530285294,0.3960902389916259,0.0,43.755872356253846,0.5491965156440892,3.0,283.0924527166667,92353.9310297531,1.1364883930074008,337.3240263463,0.006296280748792281,-0.00030290801475955844,133.61075421312347,10144.200863674896
5.514921874999969,780.7412739948851,132.67534120322514,133.00798566847655,17.852284905545993,47.11046162242429,0.011050751691288122,0.00041099352717407725,5.39119011478962,0.5189999999999962,0.8821403046041179,1.1715374609453704,2.893971563412525,0.39504379949040164,0.0,43.50194309458003,0.5490830562895415,3.0,283.0751817190332,92324.24473499425,1.136192396798021,337.3135601217341,0.008903705850017976,-0.00038790484789814097,133.25363041012386,10087.417199687103
5.534921874999968,783.3912172353714,132.31913515754997,132.65151420383756,17.805972065640272,47.298316726384265,0.01114241116407531,0.0003374474127179222,5.39119011478962,0.5189999999999962,0.8821403046041179,1.1715645614965902,2.894242568924723,0.39400005451515263,0.0,43.24953593712551,0.5489701896236283,3.0,283.05795708797007,92294.63813752343,1.1358971592590907,337.3031219953099,0.01105719423877017,-0.0006007784657897741,132.89744845428328,10030.955492821928
5.554921874999968,786.0340454410066,131.96383519392973,132.2959714422636,17.76020137355567,47.48584782477648,0.01123505921559169,0.0002279199461620214,5.39119011478962,0.5189999999999962,0.8821403046041179,1.1716130226566779,2.8947271805256003,0.3929589882200723,0.0,42.998650097174014,0.5488579115946282,3.0,283.04077870463345,92265.11103306575,1.135602678636808,337.29271189500787,0.012720723557870822,-0.0009495681601070186,132.54220280026664,9974.81341843258
5.574921874999967,788.669776591638,131.60942776036396,131.94134981986966,17.714897188479558,47.67306268099447,0.011328836746650332,9.550140611290945e-05,5.39119011478962,0.5189999999999962,0.8821403046041179,1.1716751325168888,2.8953482791277096,0.3919205845660737,0.0,42.74928503418242,0.5487462181545585,3.0,283.0236464521543,92235.66322074065,1.135308953209566,337.2823297500055,0.013512430801885005,-0.0023502503622207832,132.18788783942938,9918.98865812141
5.594921874999967,791.2984284348896,131.25590322769273,131.58764267804705,17.6699493633268,47.85997029607141,0.011423801868934982,4.8835120246071275e-05,5.39119011478962,0.5189999999999962,0.8821403046041179,1.171686658782798,2.8954635417868024,0.39088482736347485,0.0,42.50143611925212,0.5486351052639027,3.0,283.0065602151732,92206.29450226206,1.1350159812799976,337.271975490395,-0.013084450006154675,-0.004413055494725913,131.83449791410118,9863.478901848104
5.6149218749999665,793.9200185722237,130.90325666356418,131.23484450169133,17.625234053314973,48.046579980961525,0.011519909240566704,0.0001779415738329053,5.39119011478962,0.5189999999999962,0.8821403046041179,1.1715943588345366,2.894540542304187,0.38985170044428963,0.0,42.25509127626906,0.548524568910109,3.0,282.9895198792805,92177.00468097696,1.1347237611654073,337.261649046844,-0.01312416045882102,-0.0010889645422972295,131.48202737555738,9808.281856506057
5.634921874999966,796.5345645465127,130.5514871443747,130.88295081303875,17.580631423651383,48.23290043355089,0.011617029219434742,0.00028512779142290874,5.39119011478962,0.5189999999999962,0.8821403046041179,1.1715151281956946,2.8937482359157674,0.3888211878748301,0.0,42.01023187745175,0.5484146051300924,3.0,282.97252533044764,92147.79356088689,1.1344322911880194,337.2513503502513,-0.01178299661015095,-0.0005825350438455073,131.1304706555752,9753.395256368349
5.654921874999966,799.1420839225665,130.20059752171085,130.53195815699956,17.536036680822534,48.41893891105259,0.011714953014575613,0.00035738617710943965,5.39119011478962,0.5189999999999962,0.8821403046041179,1.1714566339450823,2.893163293409644,0.38779327410050585,0.0,41.76683626616158,0.5483052100251693,3.0,282.9555764545033,92118.6609457483,1.13414156966601,337.241079331429,-0.00995287145006872,-0.0003721232390482835,130.77982231512328,9698.816869965218
5.674921874999965,801.7425943465223,129.8505929218202,130.1818637411446,17.491381458623586,48.60470063785524,0.011813406126438738,0.00038763202211482376,5.39119011478962,0.5189999999999962,0.8821403046041179,1.171423043911041,2.8928273930692305,0.3867679439500336,0.0,41.52488442377196,0.5481963797608478,3.0,282.9386731367476,92089.60663840904,1.1338515949068886,337.230835920869,-0.007768732674653001,-0.0002637665545166965,130.43007704566566,9644.544499851525
5.694921874999965,804.3361135842209,129.50148000705846,129.83266523306614,17.44663568712287,48.79018843704676,0.01191207721909529,0.00037279659325936264,5.39119011478962,0.5189999999999962,0.8821403046041179,1.1714161629332907,2.892758583291728,0.3857451825378055,0.0,41.284361222228455,0.5480881105558499,3.0,282.92181526170253,92060.6304403795,1.1335623652032158,337.22062004859174,-0.005586230577021918,-0.00013553090664599355,130.08122963615597,9590.575977336382
5.714921874999964,806.9226595347219,129.1532651121669,129.48436025445957,17.401828440542616,48.97540261630686,0.012010682574406448,0.0003161365561590347,5.39119011478962,0.5189999999999962,0.8821403046041179,1.1714340724797863,2.892937678756684,0.38472497505806036,0.0,41.045258423965315,0.5479803986598943,3.0,282.90500271302426,92031.73215168173,1.1332738788310959,337.2104316440927,-0.003608698440565905,-7.094696981419031e-05,129.73327490359134,9536.90915196837
5.734921874999964,809.5022502097682,128.80595309017426,129.1369460542302,17.357029988739587,49.160341199049924,0.012109002369797261,0.00022542392188163517,5.39119011478962,0.5189999999999962,0.8821403046041179,1.1714721960342223,2.893318914301044,0.38370730661137287,0.0,40.80757262495485,0.5478732403352276,3.0,282.88823537363646,92002.91157107883,1.1329861340524618,337.20027063642374,-0.0020692281083057942,-1.6222205348139244e-05,129.38620763452815,9483.541882841646
5.7549218749999635,812.0749036940737,128.45954613149505,128.79041919358139,17.3123309031484,49.34500034599915,0.012206849751273409,0.00011120803193502229,5.39119011478962,0.5189999999999962,0.8821403046041179,1.1715243174338386,2.893840128297207,0.3826921621095651,0.0,40.57130158320032,0.5477666318466731,3.0,282.8715131259885,91974.16849651859,1.1326991291195052,337.190136954349,-0.0010888936290142216,0.00011256473488897689,129.04002255308018,9430.472033941727
5.774921874999963,814.6406380841809,128.1140431703905,128.4447754059284,17.267844172110618,49.529374995633155,0.012304134640653329,2.0563494468159634e-05,5.39119011478962,0.5189999999999962,0.8821403046041179,1.1715626098862562,2.894223052821383,0.3816795263092254,0.0,40.33644087926238,0.5476605694652905,3.0,282.8548358524528,91945.50272581664,1.1324128622814982,337.1800305265864,0.0006707917527221855,0.0005497094311701376,128.69471433231766,9377.697475917039
5.794921874999963,817.1994714170826,127.76943929105164,128.10000948131287,17.22367192236659,49.71345961322212,0.012400901845433044,0.00013565136959236865,5.39119011478962,0.5189999999999962,0.8821403046041179,1.1714793256643845,2.8933902106026665,0.38066938394647615,0.0,40.10298093948747,0.5475550494825411,3.0,282.83820343578896,91916.91405745399,1.1321273317927643,337.1699512820881,0.0013276875102332553,-4.897051225076561e-05,128.35027763981586,9325.216092790477
5.814921874999962,819.7514215962708,127.4257262024798,127.7561154250105,17.179895370018734,49.89724897293615,0.01249728634573383,0.0002390615652767472,5.39119011478962,0.5189999999999962,0.8821403046041179,1.171403049947799,2.8926274534368113,0.3796617199230004,0.0,39.87090714733489,0.5474500682295594,3.0,282.8216157596242,91888.40229140312,1.1318425359209399,337.1598991503323,0.002341019610476923,-0.0001369935724406443,128.00670720048052,9273.02579105768
5.834921874999962,822.2965063323495,127.08289293732925,127.41308666001169,17.136570524879687,50.08073879379621,0.012593507694499724,0.0003161663566346472,5.39119011478962,0.5189999999999962,0.8821403046041179,1.1713424167529716,2.892021121488537,0.3786565194465629,0.0,39.64020206853216,0.5473456220913971,3.0,282.8050727088397,91859.96722979163,1.1315584729536177,337.14987406155683,0.0038442451846853122,-0.00015017438910693414,127.66399784399613,9221.124506389162
5.854921874999961,824.8347430930422,126.74092635272326,127.07091616251496,17.09373605530734,50.26392628060671,0.012689786292291113,0.0003592006520459349,5.39119011478962,0.5189999999999962,0.8821403046041179,1.1713019999765355,2.8916169537241765,0.3776537680960591,0.0,39.41084815380837,0.547241707513224,3.0,282.7885741698952,91831.60867746065,1.131275141203946,337.1398759469565,0.005641297140851626,-0.00022847793741797036,127.32214452680606,9169.510206535198
5.874921874999961,827.3661490698182,126.3998121628196,126.72959670332685,17.051407290710465,50.44681048884654,0.012786348120130435,0.00036440751848514135,5.39119011478962,0.5189999999999962,0.8821403046041179,1.1712840097698574,2.891437051657395,0.3766534517843504,0.0,39.18283067917401,0.5471383209958751,3.0,282.77212003104614,91803.32644233781,1.1309925390143742,337.12990473881393,0.007591204247712244,-0.0003074476788415577,126.98114231960349,9118.180889208134
5.894921874999961,829.8907411650476,126.05953579353314,126.38912102958864,17.009576133985053,50.629392467874204,0.012883404487828062,0.000332386117452221,5.39119011478962,0.5189999999999962,0.8821403046041179,1.1712880915008317,2.8914778689671383,0.3756555566512763,0.0,38.95613943386963,0.5470354590842781,3.0,282.75571018242715,91775.1203355807,1.1307106647581113,337.11996037055087,0.009445499184734514,-0.0003863576631508818,126.6409863712555,9067.13457660524
5.91492187499996,832.4085359949729,125.72008346312886,126.04948209531075,16.96821666829471,50.811675230075615,0.012981134731545179,0.000267225797102675,5.39119011478962,0.5189999999999962,0.8821403046041179,1.1713118370351014,2.891715324309836,0.374660068922138,0.0,38.73076830157341,0.5469331183525125,3.0,282.73934451603265,91746.99017154366,1.1304295168388168,337.1100427767158,0.01101145974780144,-0.0005629647039984768,126.30167186106922,9016.369308346155
5.93492187499996,834.9195499156621,125.38144302671654,125.71067324403593,16.927282887332428,50.99366347203926,0.013079678679153973,0.00017653331604675887,5.39119011478962,0.5189999999999962,0.8821403046041179,1.1713507641809138,2.892104595767959,0.37366697479882444,0.0,38.50671361349016,0.546831295392449,3.0,282.72302292554815,91718.93576748788,1.1301490936877272,337.1001518928822,0.012199333429641164,-0.00094648659639391,125.96319396203751,8965.88313607473
5.954921874999959,837.4237990611107,125.04360447407467,125.37268832515625,16.886714342176433,51.175363166486676,0.013179120607077079,7.028208937366484e-05,5.39119011478962,0.5189999999999962,0.8821403046041179,1.1713989898946187,2.892586852905008,0.37267626042150054,0.0,38.2839714736221,0.5467299868097723,3.0,282.70674530610273,91690.95694315566,1.1298693937594197,337.0902876554983,0.01265965404680682,-0.0024884569807499743,125.62554782785901,8915.67412151851
5.974921874999959,839.921299391172,124.70656054618814,125.03552185780471,16.846431796167664,51.35678105497041,0.013279514489324571,4.4663769250834394e-05,5.39119011478962,0.5189999999999962,0.8821403046041179,1.1713996167943015,2.8925931219018364,0.3716879118984945,0.0,38.06253561340111,0.5466291892270136,3.0,282.6905115539574,91663.05352023488,1.1295904155264782,337.0804500016982,-0.012358414968467827,-0.003895657516408176,125.28872860293608,8865.740337825364
5.994921874999958,842.4120667513727,124.37030700145827,124.69916912390988,16.80634799825069,51.53792402569425,0.013380858307983952,0.00014736623069219016,5.39119011478962,0.5189999999999962,0.8821403046041179,1.1713244281644741,2.8918412356035628,0.3707019153964922,0.0,37.842395947935906,0.5465288992926607,3.0,282.6743215661161,91635.22532169076,1.129312157472826,337.07063886906633,-0.012444730197079413,-0.001098118007165676,124.95273145268222,8816.079873732311
6.014921874999958,844.8961169294245,124.03484227961694,124.36362611517373,16.766388687500736,51.71879853715922,0.013483086266563925,0.00023467165753525372,5.39119011478962,0.5189999999999962,0.8821403046041179,1.1712584368888541,2.8911813228473626,0.3697182572444045,0.0,37.62353926385202,0.5464291136915065,3.0,282.6581752399587,91607.47217113445,1.1290346180874236,337.060854195415,-0.01152207639313158,-0.0005993138673697479,124.61755159843916,8766.690838312665
6.034921874999958,847.3734657054497,123.70016708389258,124.02888944939912,16.726478472955765,51.89941011730299,0.013586093025438803,0.0002964239969180958,5.39119011478962,0.5189999999999962,0.8821403046041179,1.1712076358570698,2.890673312529519,0.3687369240000806,0.0,37.4059505844656,0.5463298291510765,3.0,282.64207247291455,91579.7938922619,1.1287577958586634,337.0510959185862,-0.010174126864911395,-0.00039393385369224055,124.2831843398756,8717.571363888545
6.054921874999957,849.8441288939822,123.3662840890809,123.69495630495942,16.68656292610371,52.079762954272596,0.013689738183002143,0.00032627650851046845,5.39119011478962,0.5189999999999962,0.8821403046041179,1.1711757652098094,2.890354606056915,0.3677579024682281,0.0,37.18961539129984,0.5462310424430346,3.0,282.6260131621891,91552.19030838461,1.128481689269682,337.0413639762866,-0.008529789608043967,-0.00029190860598320384,123.94962506094978,8668.719606599127
6.074921874999957,852.3081223752268,123.03319700089988,123.36182417419099,16.646623507493675,52.25985959978218,0.013793841247210918,0.0003222971193711444,5.39119011478962,0.5189999999999962,0.8821403046041179,1.1711639608129436,2.8902365620882575,0.3667811796440919,0.0,36.97452192054128,0.5461327503771004,3.0,282.609997204561,91524.66124208033,1.1282062967948685,337.031658305964,-0.006889327467253914,-0.00019866485689987263,123.61686921086599,8620.133743478886
6.094921874999956,854.7654621043106,122.70090942705544,123.02949055623354,16.606668761363547,52.439700894706974,0.013898187130640782,0.00028556400698925957,5.39119011478962,0.5189999999999962,0.8821403046041179,1.1711715868667278,2.8903128226261,0.3658067426089999,0.0,36.7606617001437,0.5460349497902367,3.0,282.59402449632194,91497.20651508977,1.1279316168988291,337.02197884477107,-0.005302927965112254,-0.00010585501391316959,123.28491226884499,8571.811967353158
6.114921874999956,857.2161641038388,122.36942441742744,122.6979528198263,16.566734169970577,52.619286059259565,0.01400257341225259,0.00022025062378287874,5.39119011478962,0.5189999999999962,0.8821403046041179,1.1711961845944063,2.890558799902885,0.36483457844293266,0.0,36.54802915308096,0.5459376375377074,3.0,282.578094933325,91469.82594839974,1.1276576480372213,337.01232552959493,-0.004028871571363236,-2.472080961285765e-05,122.95374971466215,8523.752482635366
6.1349218749999554,859.6602444418633,122.03874334568044,122.36720790382643,16.52688130033831,52.798612925756565,0.014106818470951174,0.00013399564206508535,5.39119011478962,0.5189999999999962,0.8821403046041179,1.1712332493389466,2.890929447348287,0.3638646741492571,0.0,36.33662021537502,0.5458408104854906,3.0,282.56220841112787,91442.51936248926,1.127384388659216,337.0026982971435,-0.0031239788594501303,0.00014399932720753417,122.62337700331054,8475.95350177926
6.154921874999955,862.0977191939771,121.70886546908788,122.03725220539965,16.487184041357985,52.97767832865131,0.01421078486344809,3.757519779825096e-05,5.39119011478962,0.5189999999999962,0.8821403046041179,1.1712764178637698,2.8913611325965194,0.3628970166563637,0.0,36.12643015299264,0.5457444655104589,3.0,282.54636482523915,91415.28657775313,1.1271118372117386,336.9930970840949,-0.0025884734684121246,0.0008675616660147433,122.29378956560639,8428.413245381664
6.174921874999955,864.5286043956276,121.3797875746734,121.70808150337064,16.447713371539688,53.15647859298533,0.01431438075903991,6.597770266973312e-05,5.39119011478962,0.5189999999999962,0.8821403046041179,1.1712458222552218,2.8910551765110393,0.3619315928757863,0.0,35.91745197606311,0.5456485995061566,3.0,282.5305640714284,91388.12741503469,1.126839992144807,336.9835218272856,0.0027595934082208138,0.0005299789983386264,121.96498282784178,8381.12994490861
6.194921874999954,866.9529159962111,121.05150425728415,121.37969104829342,16.408534918338376,53.335010006302525,0.014417597425317867,0.00015712366692090206,5.39119011478962,0.5189999999999962,0.8821403046041179,1.1711781895890112,2.8903788498489336,0.36096838979547435,0.0,35.70967596761691,0.5455532093919636,3.0,282.5148060460246,91361.04169613862,1.12656885191667,336.9739724638909,0.003379677290134212,0.00017944446303993426,121.63695224327522,8334.101846993424
6.214921874999954,869.3706698138996,120.72400787940724,121.05207557231579,16.36969979067645,53.513269285864226,0.01452049656356279,0.00023250394268592753,5.39119011478962,0.5189999999999962,0.8821403046041179,1.171119964335956,2.8897965973183815,0.3600073945710631,0.0,35.503090254551125,0.5454582921219111,3.0,282.49909064620965,91334.02924433582,1.1262984149988757,336.96444893160304,0.0043474357923048434,9.970949769311674e-05,121.30969332294046,8287.327217564403
6.234921874999953,871.781881497337,120.39728916318131,120.72522944986277,16.331247399914073,53.69125397795951,0.01462316039121186,0.00028462721237542635,5.39119011478962,0.5189999999999962,0.8821403046041179,1.1710755666438142,2.8893526203969633,0.3590485945856241,0.0,35.29768203493686,0.545363844690257,3.0,282.4834177702673,91307.08988479113,1.126028679880564,336.954951168782,0.005652622230006845,2.162168435316012e-06,120.98320165581876,8240.804344443482
6.254921874999953,874.1865664954602,120.07133751974412,120.39914678231432,16.293199328152664,53.868962774705444,0.014725708421447709,0.0003090747723438821,5.39119011478962,0.5189999999999962,0.8821403046041179,1.1710476003323704,2.8890729572825258,0.35809197746664573,0.0,35.09343923099753,0.5452698641327698,3.0,282.4677873177795,91280.22344490071,1.1257596450718614,336.94547911457437,0.007096269715771575,-9.131946366464196e-05,120.65747291458432,8194.531537930841
6.2749218749999525,876.5847400392614,119.74614190045293,120.07382159998292,16.25556296212994,54.046395706987724,0.014828294673501297,0.00030395661897207973,5.39119011478962,0.5189999999999962,0.8821403046041179,1.1710371783743525,2.8889687377023465,0.35713753104434015,0.0,34.890351667208776,0.545176347522249,3.0,282.45219918974476,91253.4297544957,1.1254913091059373,336.9360327089853,0.008613791010226317,-0.00015726950160235845,120.33250284156205,8148.507128687143
6.294921874999952,878.9764171375706,119.42169120926538,119.74924794990906,16.218326725634903,54.223554190736614,0.01493108765621611,0.0002707062116643578,5.39119011478962,0.5189999999999962,0.8821403046041179,1.1710434547756512,2.8890315017153334,0.3561852432902629,0.0,34.68841174190018,0.5450832919621923,3.0,282.4366532886058,91226.7086458893,1.1252236705394938,336.9266118928951,0.00999256078984533,-0.0002703809878998469,120.00828722803483,8102.729464741249
6.314921874999952,881.3616125846835,119.09797513240167,119.42542008547191,16.181465253142925,54.40044094863422,0.01503425221563098,0.0002132446159082531,5.39119011478962,0.5189999999999962,0.8821403046041179,1.1710641176012548,2.88923812997137,0.3552351022380488,0.0,34.48761387939018,0.5449906945788199,3.0,282.4211495181995,91200.05995379167,1.1249567279519301,336.9172166080289,0.011189145080789852,-0.0004492723037121466,119.684821887512,8057.196907726005
6.334921874999951,883.7403409790502,118.77498452188203,119.10233255263611,16.144942729894915,54.577059816725296,0.015137926843945512,0.00013727730244334648,5.39119011478962,0.5189999999999962,0.8821403046041179,1.1710958016923245,2.8895549708820667,0.35428709593577723,0.0,34.28795342293084,0.5448985525162953,3.0,282.40568778363615,91173.48351510105,1.1246904799432684,336.9078467968835,0.012003674453416543,-0.0008213932513879036,119.36210263964361,8011.907830599127
6.354921874999951,886.1126167528924,118.4527120504109,118.7799803528522,16.108704613477123,54.75341544025272,0.015242224003696124,5.157364220808928e-05,5.39119011478962,0.5189999999999962,0.8821403046041179,1.171133327784804,2.889930231806861,0.3533412124270459,0.0,34.08942548144697,0.5448068629348002,3.0,282.39026799110616,91146.97916857286,1.124424925130854,336.89850240261035,0.012231532529079676,-0.0024184906486831186,119.04012530379438,7966.860616687634
6.37492187499995,888.4784542107158,118.1311521685561,118.4583589416926,16.072697386081334,54.92951288280661,0.01534721670823691,3.955547411486052e-05,5.39119011478962,0.5189999999999962,0.8821403046041179,1.17112733142,2.8898702681588206,0.3523974397781595,0.0,33.892023557203835,0.5447156230130917,3.0,282.37489004763034,91120.5467543894,1.1241600621450565,336.889183368864,-0.01207725590190962,-0.0032540173787579904,118.7188857081426,7922.053660813576
6.39492187499995,890.8378675652326,117.81030124511547,118.13746427837171,16.036863688905065,55.10535726714144,0.015452941921342375,0.00012180507041122842,5.39119011478962,0.5189999999999962,0.8821403046041179,1.1710656283937873,2.889253237896694,0.35145576612347834,0.0,33.69573933713854,0.544624829952767,3.0,282.35955386082594,91094.18611375862,1.123895889625262,336.8798896396605,-0.012102643165140361,-0.0010289575821576982,118.39837970489972,7877.485371216293
6.4149218749999495,893.1908709742606,117.49015745959551,117.8172928134511,16.001145828175453,55.2809534123166,0.01555938945246805,0.00019148230406500978,5.39119011478962,0.5189999999999962,0.8821403046041179,1.171011439702999,2.8887113509888107,0.35051617971505966,0.0,33.500562852554225,0.5445344809828685,3.0,282.34425933866726,91067.8970885017,1.1236324062157477,336.87062115923237,-0.011398682041878255,-0.000636668446936827,118.07860318697327,7833.154171631107
6.434921874999949,895.5374785764352,117.1707206277745,117.49784145208822,15.965499577060658,55.45630548865774,0.01566651251189505,0.00024220280539460716,5.39119011478962,0.5189999999999962,0.8821403046041179,1.1709685344100682,2.8882822980595035,0.3495786689442791,0.0,33.30649016893919,0.5444446841623591,3.0,282.32900638925315,91041.67952065417,1.123369610561691,336.8613778718874,-0.010427803833144572,-0.00039031732272415084,117.75955209519022,7789.058502082987
6.454921874999949,897.8777045181007,116.85199161168947,117.17910737902415,15.929890920995142,55.63141675951517,0.015774226439422216,0.00026972023723016453,5.39119011478962,0.5189999999999962,0.8821403046041179,1.170939416782571,2.887991121784532,0.3486432222353992,0.0,33.113512180284516,0.5443554611687234,3.0,282.31379492063235,91015.53325216545,1.1231075013061635,336.8521597219032,-0.009254140224734546,-0.00027753745845984063,117.44122238239768,7745.196813984213
6.474921874999948,900.2115629707145,116.53397202538204,116.86108803717553,15.894299148619734,55.806289423427856,0.015882444872356828,0.0002716698941456787,5.39119011478962,0.5189999999999962,0.8821403046041179,1.17092548089307,2.8878517628895217,0.3477098282542987,0.0,32.921611222751594,0.5442666735771073,3.0,282.2986248406903,90989.45812470432,1.1228460770881823,336.84296665345835,-0.008016285076927412,-0.0002497375198579604,117.12361008374246,7701.567579288279
6.494921874999948,902.5390681410713,116.21666362818962,116.54378093801972,15.858732002992184,55.98092453273076,0.01599104061955168,0.0002492035922869092,5.39119011478962,0.5189999999999962,0.8821403046041179,1.1709260456251815,2.887857410210637,0.34677847576692866,0.0,32.73077990023479,0.5441783187311541,3.0,282.283496057083,90963.45397954485,1.1225853365415688,336.83379861059234,-0.006868085049045816,-0.00017333559122836468,116.80671126896583,7658.16928401654
6.514921874999947,904.8602342669201,115.90006773496333,116.22718349274454,15.823206693804448,56.155322048458444,0.016099847234502578,0.00020456599161748659,5.39119011478962,0.5189999999999962,0.8821403046041179,1.1709397873764167,2.8879948277229883,0.34584915356619955,0.0,32.54101217883967,0.5440903939922028,3.0,282.268408477265,90937.52065761517,1.1223252782954412,336.8246555372226,-0.0058265279395081655,-7.07470629328155e-05,116.49052201777516,7615.000424925149
6.534921874999947,907.1750756052431,115.58418487018638,115.91129291475191,15.787754472883917,56.329480964417144,0.01620866676660682,0.0001419226716652751,5.39119011478962,0.5189999999999962,0.8821403046041179,1.170964248746224,2.888239441421061,0.34492185043799845,0.0,32.352303001957885,0.5440028967359856,3.0,282.2533620085659,90911.6579996286,1.12206590097553,336.81553737719094,-0.005037283198401813,0.0001357824559910444,116.17503840840952,7572.05950795497
6.5549218749999465,909.4836064127735,115.2690144562186,115.5961061360746,15.752418762587459,56.503399505152736,0.016317299338935335,6.773330812621302e-05,5.39119011478962,0.5189999999999962,0.8821403046041179,1.170995614894994,2.888553102908762,0.34399655514971794,0.0,32.1646474729165,0.5439158243514932,3.0,282.2383565583169,90885.8658463012,1.1218072032063633,336.80644407434005,-0.004465833413227038,0.0007437180042674443,115.86025651379911,7529.345047700774
6.574921874999946,911.785840920856,114.95455446462825,115.28161972051652,15.717246200809063,56.677075378115134,0.016425573559689717,2.26092751125754e-05,5.39119011478962,0.5189999999999962,0.8821403046041179,1.1710098539423224,2.8886954933820452,0.3430732564653405,0.0,31.978039948246582,0.543829174242347,3.0,282.2233920340144,90860.1440386327,1.1215491836140894,336.79737557261274,0.002774510389455352,0.00339048055275003,115.54617240667658,7486.855568053384
6.594921874999946,914.0817933045169,114.64080126682587,114.96782983402247,15.68228716893866,56.8505060825324,0.01653335812115554,9.61121212505252e-05,5.39119011478962,0.5189999999999962,0.8821403046041179,1.1709539542107024,2.888136496065845,0.3421519431873009,0.0,31.7924735044946,0.5437429438306512,3.0,282.2084683435206,90834.49241825206,1.1212918408299495,336.78833181617347,0.00451100310966951,0.0009828555233185323,115.23278217371323,7444.5896040001635
6.614921874999945,916.3714776500078,114.32774966357721,114.65473226349259,15.647587768372178,57.023689233950435,0.016640574740942132,0.00016575758232871207,5.39119011478962,0.5189999999999962,0.8821403046041179,1.1709004086873793,2.8876010408326147,0.3412326042097557,0.0,31.607939785385913,0.5436571305618455,3.0,282.1935853952749,90808.91082778006,1.121035173493921,336.7793127495366,0.005160029007378353,0.0006307910757388534,114.92008193349615,7402.5457038887735
6.634921874999945,918.654907925221,114.01539307027626,114.34232247403638,15.613178936905822,57.196622861361206,0.016747193110032595,0.00022132714279454835,5.39119011478962,0.5189999999999962,0.8821403046041179,1.1708552586990912,2.887149540949734,0.34031522856565793,0.0,31.424429592932665,0.5435717319089015,3.0,282.17874309848605,90783.39911115984,1.1207791802580458,336.77031831768255,0.006000967436775867,0.00039420552556196695,114.60806785241152,7360.722431378774
6.654921874999944,920.9320979569014,113.70372398388255,114.03059573245412,15.579085490905314,57.36930563766412,0.016853269247947115,0.00025806763645016656,5.39119011478962,0.5189999999999962,0.8821403046041179,1.170821309789061,2.886810051849431,0.33939980544816994,0.0,31.241933563131997,0.543486745374071,3.0,282.1639413632801,90757.95711391159,1.120523859788997,336.76134846614775,0.007065216511340067,0.00020984653622122844,114.29673615187392,7319.118366243971
6.674921874999944,923.2030614133712,113.3927341206429,113.7195471418257,15.54532306878161,57.54173705516761,0.016958943849203524,0.00027287635678106684,5.39119011478962,0.5189999999999962,0.8821403046041179,1.170800392159241,2.8866008755512307,0.3384863242127977,0.0,31.0604428850924,0.5434021684888203,3.0,282.14918010081306,90732.58468332537,1.1202692107700247,336.7524031410927,0.008237248950779912,3.43544328991711e-05,113.98608310905465,7277.732104324737
6.6949218749999435,925.4678117933455,113.08241489517353,113.40917175757042,15.511894356064365,57.713917539503804,0.01706442943904177,0.0002648947261827853,5.39119011478962,0.5189999999999962,0.8821403046041179,1.1707930115586282,2.886527069545104,0.33757477435242933,0.0,30.879949954675062,0.5433179988112642,3.0,282.13445922334324,90707.28166858628,1.1200152319022258,336.74348228934605,0.009422216197026602,-0.00014919632644676641,113.67610504847727,7236.562256312272
6.714921874999943,927.7263624235551,112.77275777374646,113.09946466900776,15.478790294625668,57.88584847468586,0.017169972261982486,0.000235300877540489,5.39119011478962,0.5189999999999962,0.8821403046041179,1.170798472634083,2.8865816802996513,0.33666514546090487,0.0,30.700448522049072,0.5432342339225855,3.0,282.1197786442469,90682.04792080088,1.1197619219048254,336.73458585841365,0.01049198663498972,-0.00039963177780792696,113.36679832974039,7195.607446054713
6.734921874999943,929.9787264658213,112.4637548475213,112.79042113670161,15.445991458431617,58.057532133292305,0.017275833584004162,0.0001871334819647138,5.39119011478962,0.5189999999999962,0.8821403046041179,1.1708149823215046,2.8867467771738675,0.33575742718970003,0.0,30.521933419288764,0.5431508714228777,3.0,282.1051382779721,90656.88329291818,1.1195092795143937,336.72571379645115,0.011401562143092302,-0.0008087699302958766,113.05815933291171,7154.866308590204
6.754921874999942,932.2249169310581,112.15539896835828,112.48203662273067,15.41347022385598,58.2289715376608,0.017382270497808192,0.00012497918905895246,5.39119011478962,0.5189999999999962,0.8821403046041179,1.1708398327942806,2.8869952819016276,0.334851609224959,0.0,30.344399970637475,0.5430679089289151,3.0,282.0905380399481,90631.78763957322,1.1192573034832896,336.71686605220856,0.011998971774815704,-0.001677818935259331,112.750184450767,7114.33748907256
6.774921874999942,934.4649466980329,111.8476841477013,112.174306892231,15.381186972351532,58.40017027490711,0.017489532218906388,5.6445799232246254e-05,5.39119011478962,0.5189999999999962,0.8821403046041179,1.170868527072888,2.8872822246877017,0.33394768127625046,0.0,30.16784335975985,0.5429853440730281,3.0,282.07597784646276,90606.76081687746,1.1190059925775704,336.70804257495644,0.011632427579359391,-0.004476720843758709,112.44287008497173,7074.019642207921
6.794921874999941,936.6988285405166,111.54060589888086,111.8672281063116,15.349096893799748,58.5711322322016,0.01759782206602899,3.0164234773229176e-05,5.39119011478962,0.5189999999999962,0.8821403046041179,1.170872279417575,2.8873197481345714,0.3330456330870477,0.0,29.99225791607036,0.5429031745039704,3.0,282.06145761448664,90581.80268211543,1.118755345573952,336.6992433143789,-0.008272177074689694,-0.009356137995586955,112.13621264956724,7033.911432611217
6.814921874999941,938.9265751558966,111.23416101385214,111.56079677286381,15.317160516485503,58.74186132137562,0.017707282763717542,9.172457072114113e-05,5.39119011478962,0.5189999999999962,0.8821403046041179,1.1708240986522027,2.8868379404808486,0.33214545446173266,0.0,29.817636916175854,0.542821397889271,3.0,282.04697726148663,90556.91309342507,1.118505361256612,336.6904682204609,-0.011831929611593565,-0.0032197174294493576,111.83020858001855,6994.011535850636
6.8349218749999405,941.1481991895619,110.92834746474227,111.25500972862251,15.28533846406126,58.91236124839347,0.0178179932346177,0.00014946184698894205,5.39119011478962,0.5189999999999962,0.8821403046041179,1.1707782449011777,2.886379402970598,0.3312471352896827,0.0,29.64397279755381,0.5427400119172835,3.0,282.03253670526783,90532.09190952525,1.1182560384144569,336.6817172433923,-0.011571070492829306,-0.001979875074443992,111.52485434128467,6954.318639354143
6.85492187499994,943.36371325734,110.62316433962529,110.94986412831662,15.253598902053131,59.082635304925596,0.01792997117608265,0.000193823161569586,5.39119011478962,0.5189999999999962,0.8821403046041179,1.1707403676748174,2.886000630706995,0.33035066556313064,0.0,29.471257556854223,0.5426590142986379,3.0,282.01813586382724,90507.33898946512,1.1180073758386129,336.67299033347933,-0.010945518674039372,-0.0014560419231966933,111.22014643379434,6914.831443040228
6.87492187499994,945.5731299649487,110.31861146025565,110.64535734666666,15.221920912586095,59.25268619117629,0.018043162656956938,0.00022169464012580412,5.39119011478962,0.5189999999999962,0.8821403046041179,1.1707123049248824,2.8857200032076458,0.3294560353779419,0.0,29.29948334223381,0.5425784027661306,3.0,282.0037746552278,90482.6541924068,1.1177593723202452,336.66428744106804,-0.010156582790301802,-0.0011479583500260187,110.9160813936741,6875.548659226099
6.894921874999939,947.7764619195979,110.01468912733252,110.34148690980948,15.190286714208844,59.42251591519088,0.018157430824661317,0.00023067680202095903,5.39119011478962,0.5189999999999962,0.8821403046041179,1.1706954729668708,2.8855516836275297,0.32856323492141193,0.0,29.128642719389827,0.5424981750734486,3.0,281.9894529975226,90458.03737749573,1.1175120266492615,336.6556085164987,-0.009248878744681891,-0.0009004664159506209,110.61265578861726,6836.469012003174
6.914921874999939,949.9737217378213,109.7113978931064,110.03825043127517,15.158696277081908,59.59212572814159,0.018272588044085162,0.00022088690539353364,5.39119011478962,0.5189999999999962,0.8821403046041179,1.170689801424602,2.8854949682048425,0.3276722544512761,0.0,28.958729196274696,0.5424183289931276,3.0,281.97517080870415,90433.48840377318,1.117265337613435,336.6469535100747,-0.008397140973341979,-0.0006766431204045342,110.30986621080012,6797.591236261268
6.934921874999938,952.1649220453004,109.40873807549441,109.73564547817854,15.127159238477045,59.761516135063836,0.018388415466152695,0.00019370682206298445,5.39119011478962,0.5189999999999962,0.8821403046041179,1.1706944741076655,2.885541695035476,0.32678308426649744,0.0,28.789737102895906,0.5423388623138068,3.0,281.9609280067055,90409.00713017822,1.1170193039984255,336.6383223720635,-0.007587870410018301,-0.0004803721550546293,110.00770926704236,6758.914076395926
6.954921874999938,954.3500754711819,109.1067096730243,109.43366954430331,15.095689918405082,59.930686956526976,0.018504683188926545,0.00015114549565052504,5.39119011478962,0.5189999999999962,0.8821403046041179,1.1707083055328755,2.8856800092875767,0.3258957146896883,0.0,28.621661331932746,0.5422597728385634,3.0,281.9467245094373,90384.5934156112,1.1167739245884234,336.629715052719,-0.00691245747004965,-0.00022906476834798795,109.70618157289199,6720.436285522379
6.9749218749999375,956.5291946384064,108.80531204572567,109.1323199628918,15.064315020891382,60.09963742672777,0.018621161185746908,9.712918186978696e-05,5.39119011478962,0.5189999999999962,0.8821403046041179,1.170728976358084,2.8858867175396608,0.32501013605332524,0.0,28.45449715632404,0.54218105838361,3.0,281.9325602348503,90360.2471190418,1.116529198167236,336.62113150231926,-0.006430568069815023,0.00015243546980690359,109.40527974799306,6682.156624862027
6.994921874999937,958.7022921485362,108.50454360522603,108.8315938250686,15.033067688973277,60.268366342577394,0.018737637429580734,3.761303693004938e-05,5.39119011478962,0.5189999999999962,0.8821403046041179,1.1707529652447408,2.8861266064062296,0.32412633870089075,0.0,28.288239703206006,0.5421027167783331,3.0,281.9184351010345,90335.96809967856,1.116285123519998,336.6125716712269,-0.005982394148307275,0.0016388815596825822,109.10500041648595,6644.073863755755
7.014921874999937,960.8693805614207,108.20440184935137,108.53148799219863,15.001975406422444,60.43687226098842,0.01885391878810415,3.172648988841863e-05,5.39119011478962,0.5189999999999962,0.8821403046041179,1.1707452650278685,2.886049604237506,0.32324431300466694,0.0,28.12288357225939,0.5420247458668015,3.0,281.90434902635076,90311.75621719606,1.1160416994354578,336.6040355099685,0.005318040406864614,0.0031084276048964753,108.8053402130183,6606.1867803610585
7.034921874999936,963.0304723783285,107.90488334722005,108.23199909655928,14.971068380358517,60.60515366298195,0.01896985495147404,9.109205864947279e-05,5.39119011478962,0.5189999999999962,0.8821403046041179,1.1706989926347764,2.8855868803065854,0.3223640493887123,0.0,27.95842279000709,0.5419471435097046,3.0,281.89030192954084,90287.61133192338,1.1157989247078803,336.5955229693018,0.006242552402243596,0.0013202545652386353,108.50629579049546,6568.494162544375
7.054921874999936,965.185580022415,107.60598375315489,107.93312355007356,14.94037730286877,60.77320914303495,0.019085355772210034,0.00014475053880983217,5.39119011478962,0.5189999999999962,0.8821403046041179,1.1706561583400263,2.885158537359085,0.3214855383540763,0.0,27.79485074876786,0.5418699075864553,3.0,281.8762937298543,90263.53330506232,1.1155567981392467,336.58703400029174,0.006807667641905709,0.0008377736161760616,108.20786382858557,6530.994808849558
7.074921874999935,967.3347158203104,107.30769779951952,107.63485754693156,14.909925558887272,60.94103758778733,0.01920040504851176,0.0001872761419571478,5.39119011478962,0.5189999999999962,0.8821403046041179,1.1706199702430116,2.884796656388937,0.3206087705018524,0.0,27.632160474774345,0.5417930359970664,3.0,281.86232434716794,90239.52199889308,1.1153153185413311,336.57856855438376,0.0074864196138028785,0.0005686281603101596,107.91004104149441,6493.687529359523
7.094921874999935,969.4778919868025,107.0100195948487,107.337197143385,14.879727581520198,61.108638325124275,0.019315059986118467,0.000215773187046407,5.39119011478962,0.5189999999999962,0.8821403046041179,1.170592138280672,2.8845183367655425,0.31973373654396703,0.0,27.47034502525615,0.541716526662926,3.0,281.8483937020858,90215.57727694548,1.1150744847374312,336.570126583464,0.008284106177958545,0.00035122899682650614,107.61282418160691,6456.571146043442
7.114921874999935,971.6151206146101,106.71294288137432,107.04013832412228,14.84979096866697,61.27601122440258,0.019429436077452795,0.00022860347043652857,5.39119011478962,0.5189999999999962,0.8821403046041179,1.170573628962371,2.884333243582531,0.31886042730107444,0.0,27.309397808724302,0.541640377526434,3.0,281.83450171600504,90191.6990041131,1.1148342955635269,336.56170803989903,0.009132124216870723,0.00019242174575800886,107.31621003878166,6419.644492573149
7.134921874999934,973.7464136696361,106.41646123522263,106.74367705163579,14.820118644723385,61.44315674384909,0.019543679279669532,0.00022495567741892894,5.39119011478962,0.5189999999999962,0.8821403046041179,1.1705649209901081,2.8842461638599026,0.3179888336912195,0.0,27.149312748711537,0.5415645865498411,3.0,281.82064831114735,90167.88704670646,1.114594749868823,336.5533128765553,0.010013921877361925,4.622394284067548e-05,107.0201954365319,6382.906413766649
7.154921874999934,975.8717829885699,106.12056823620794,106.44780930686989,14.790706171997023,61.61007595471801,0.01965794485046131,0.00020527746888722223,5.39119011478962,0.5189999999999962,0.8821403046041179,1.1705657499658695,2.8842544536175163,0.31711894671417257,0.0,26.990084415327743,0.5414891517137311,3.0,281.80683341057426,90144.14127247964,1.1143558465160293,336.544941046808,0.01083322012245885,-0.00014836511248887246,106.72477722674705,6346.355764865334
7.174921874999933,977.9912402827301,105.82525778349475,106.15253116739005,14.761538901368233,61.77677050557378,0.019772393497901972,0.00017177976758607087,5.39119011478962,0.5189999999999962,0.8821403046041179,1.170574809727435,2.8843450512331725,0.3162507574306975,0.0,26.831708000474844,0.5414140710150883,3.0,281.79305693816224,90120.46155058745,1.1141175843809383,336.5365925045263,0.011520108436677855,-0.0004340415985941043,106.42995228270244,6309.991410616077
7.194921874999933,980.1047971467891,105.53052434729331,105.85783887043064,14.732599055348542,61.94324254014536,0.019887185222401512,0.00012725789447230818,5.39119011478962,0.5189999999999962,0.8821403046041179,1.1705904489232455,2.8845014431912763,0.3153842569469088,0.0,26.674178952220416,0.5413393424658338,3.0,281.77931881854585,90096.84775148796,1.1138799623514566,336.5282672040388,0.012065782781725883,-0.0008240987938382119,106.13571749377655,6273.8122245675895
7.214921874999932,982.212465070972,105.23636304133079,105.5637288314356,14.703861688484748,62.10949458278145,0.02000245821541822,7.576583148247648e-05,5.39119011478962,0.5189999999999962,0.8821403046041179,1.1706102708613166,2.884699662571988,0.31451943640882846,0.0,26.51749275808689,0.5412649640922605,3.0,281.7656189770387,90073.29974680618,1.1136429793262386,336.5199651000854,0.01232439257472999,-0.0017492527419749248,105.8420697635975,6237.8170887806355
7.234921874999932,984.3142554560628,104.94276984050585,105.27019770255795,14.675302231349601,62.27552939861506,0.020118318639067174,2.2994476205103647e-05,5.39119011478962,0.5189999999999962,0.8821403046041179,1.170630908106138,2.8849060350202005,0.3136562870024373,0.0,26.36164461544965,0.5411909339349477,3.0,281.7519573395356,90049.81740916638,1.1134066342130113,336.51168614775855,0.010781113213329524,-0.006566086773457961,105.54900601003547,6202.004893758032
7.254921874999932,986.4101796297307,104.6497414070153,104.97724232983708,14.646896120833182,62.44134984296479,0.02023483584709993,3.753551631248829e-05,5.39119011478962,0.5189999999999962,0.8821403046041179,1.1706117431287077,2.884714385245899,0.31279479996256715,0.0,26.20662934184891,0.54111725004943,3.0,281.73833383240674,90026.40061200972,1.1131709259267435,336.50343030243846,-0.011909525755546333,-0.004160392914255809,105.2565231681689,6166.374538722951
7.274921874999931,988.500248860125,104.3572751542137,104.68485977319946,14.618616922239477,62.60695873800722,0.020352026595713755,8.714596050457686e-05,5.39119011478962,0.5189999999999962,0.8821403046041179,1.17057186694597,2.8843156234185208,0.3119349665818697,0.0,26.052441360168405,0.5410439105068621,3.0,281.7247483824092,90003.04922944235,1.1129358533881248,336.49519751974,-0.012259873712524903,-0.0017035466576490544,104.96461819327973,6130.924931896845
7.294921874999931,990.584474371864,104.06536930887854,104.39304732611436,14.590438668757153,62.77235872899709,0.02046986422478139,0.0001296256903692005,5.39119011478962,0.5189999999999962,0.8821403046041179,1.170536266369057,2.883959617649392,0.3110767782198576,0.0,25.899074750104138,0.5409709133946766,3.0,281.71120091658287,89979.76313605676,1.1127014155217732,336.48698775544926,-0.011931341729443755,-0.001020250393036119,104.67328806386982,6095.654990772772
7.31492187499993,992.662867361266,103.77402275779484,104.10180247695037,14.562340880997185,62.93755214929868,0.020588283095216403,0.00016132990666689064,5.39119011478962,0.5189999999999962,0.8821403046041179,1.1705070963464983,2.8836679174238045,0.3102202263078643,0.0,25.746523463794087,0.5408982568168847,3.0,281.6976913621518,89956.54220676165,1.1124676112545262,336.47880096546396,-0.011439619409229971,-0.0006359866468425534,104.38252978330505,6060.56364222433
7.33492187499993,994.7354390063558,103.4832347734782,103.81112283601796,14.534312125394804,63.1025409348756,0.020707186147389173,0.00018060820763031736,5.39119011478962,0.5189999999999962,0.8821403046041179,1.1704853312432604,2.883450266391425,0.3093653023460094,0.0,25.59478161331285,0.5408259388936946,3.0,281.68421964645864,89933.38631667008,1.1122344395143202,336.47063710575395,-0.010849491043207595,-0.00038515337403202796,104.09234037877597,6025.649822304447
7.354921874999929,996.802200473682,103.19300494374134,103.52100611561586,14.506344212036383,63.26732656866472,0.020826463741105715,0.00018630982172943442,5.39119011478962,0.5189999999999962,0.8821403046041179,1.1704716504616066,2.8833134585748876,0.3085119978968341,0.0,25.443843575913796,0.5407539577608546,3.0,281.67078569692103,89910.29534102335,1.1120018992294258,336.46249613233414,-0.010223303997514477,-0.00021543685175744572,103.80271689914221,5990.9124759201295
7.374921874999929,998.8631629228919,102.90333289222251,103.23145005261557,14.478435661218391,63.431910045551355,0.02094599650562011,0.00017828798329660599,5.39119011478962,0.5189999999999962,0.8821403046041179,1.1704661403557708,2.8832583575165294,0.30766030457216037,0.0,25.293704132149838,0.5406823115684372,3.0,281.65738944100116,89887.26915513982,1.1117699893279382,336.4543780012467,-0.009587080760841487,-1.1938079215349253e-05,103.51365641050033,5956.35055625166
7.394921874999929,1000.9183375055875,102.61421812090855,102.94245230147818,14.45061671227109,63.59629188927303,0.02106565459875125,0.0001573189747098351,5.39119011478962,0.5189999999999962,0.8821403046041179,1.1704683422201765,2.8832803761605863,0.30681021377002465,0.0,25.14449600389725,0.5406109984587043,3.0,281.64403080621366,89864.79931842859,1.1115447904160936,336.44628266856546,-0.008993893625607532,0.0002217449688470529,103.22515590767271,5921.995415994433
7.414921874999928,1002.9677353527186,102.32565909477438,102.65400964731724,14.422903432294808,63.760472176120814,0.021185309956226656,0.00012508181967551274,5.39119011478962,0.5189999999999962,0.8821403046041179,1.1704772639398306,2.883369593357128,0.3059617144783286,0.0,24.996243609170264,0.5405400163828353,3.0,281.6307097202073,89842.99959974812,1.1113277111071551,336.43821009044564,-0.008472210683410739,0.0005471887028672078,102.93721157529286,5887.852847029141
7.434921874999928,1005.0113675671316,102.0376546382741,102.36611954991432,14.39527942682719,63.92445059878481,0.02130485032249897,8.405247475323964e-05,5.39119011478962,0.5189999999999962,0.8821403046041179,1.1704914420139505,2.8835113740983265,0.30511479801736724,0.0,24.84877133239281,0.540469363498773,3.0,281.6174261108136,89821.2612108731,1.1111112220639614,336.43016022315305,-0.008058274893756304,0.0011184691678667227,102.64982038343784,5853.881487194322
7.454921874999927,1007.0492452255755,101.7502031665534,102.07877947475426,14.36776615526713,64.08822655809118,0.021424195880333743,3.867784908603367e-05,5.39119011478962,0.5189999999999962,0.8821403046041179,1.1705082454745526,2.883679408704347,0.3042694561649196,0.0,24.702074903089336,0.5403990380127119,3.0,281.6041799060337,89799.5840339787,1.110895322282912,336.4221330230564,-0.0073977711373018,0.0029078909019478343,102.36297945676762,5820.080331436652
7.474921874999927,1009.0813793666482,101.46330248541254,101.79198673353285,14.340383534087183,64.25179928018119,0.021543281817350744,2.1130534873806137e-05,5.39119011478962,0.5189999999999962,0.8821403046041179,1.1705086214872167,2.8836831688309883,0.3034256807295937,0.0,24.556149827972177,0.5403290381431846,3.0,281.59097103411676,89777.96795164583,1.110680010763568,336.4141284466748,0.005169116638296592,0.0059808798510832765,102.07668593098526,5786.448381924344
7.4949218749999265,1011.1077809796084,101.1769498536074,101.50573850304444,14.313150209415427,64.4151679217012,0.02166206592654289,6.51132509793778e-05,5.39119011478962,0.5189999999999962,0.8821403046041179,1.1704726087561614,2.883323041520436,0.30258346356260973,0.0,24.41099134897045,0.5402593621219617,3.0,281.57779942363254,89756.41284698033,1.1104652865098443,336.40614645072134,0.007768160724241449,0.0020435464434680026,101.79093695680979,5752.984648455234
7.514921874999926,1013.1284609928555,100.8911418988561,101.22003180511977,14.286086630278954,64.57833167773111,0.02178053334439339,0.00010912867618470751,5.39119011478962,0.5189999999999962,0.8821403046041179,1.1704366275206557,2.8829632291653784,0.3017427965705336,0.0,24.266594427414034,0.5401900081950157,3.0,281.5646650035464,89734.9186037353,1.1102511485312343,336.39818699214914,0.008250634851656821,0.0011596050283047214,101.50572970426838,5719.688148893043
7.534921874999926,1015.1434302615705,100.60587472194725,100.93486353678445,14.259207170995396,64.74128989706904,0.021898703687540547,0.00014684546395953683,5.39119011478962,0.5189999999999962,0.8821403046041179,1.1704044253011052,2.8826412069698737,0.30090367172744586,0.0,24.12295384593307,0.5401209746234202,3.0,281.5515677032998,89713.4851064428,1.1100375958441246,336.39025002819966,0.008699704189302094,0.0007375314930271755,101.22106136679882,5686.55790957423
7.554921874999925,1017.1526995593491,100.32114406700795,100.65023051687757,14.232521376708858,64.90404216098052,0.022016634034727933,0.0001761053735996131,5.39119011478962,0.5189999999999962,0.8821403046041179,1.1703772778078472,2.882369732037293,0.3000660810813161,0.0,23.980064369109563,0.5400522596837596,3.0,281.5385074528642,89692.11224050258,1.10982462747269,336.3823355164357,0.009225492219560346,0.00045698137994020795,100.93692916339728,5653.592965485596
7.574921874999925,1019.1562795712964,100.03694535415798,100.36612949126504,14.206041139868363,65.0665883480018,0.022134415482598757,0.00019466035612118173,5.39119011478962,0.5189999999999962,0.8821403046041179,1.170356513807446,2.8821620920332824,0.29923001674153,0.0,23.83792372059718,0.5399839284283035,3.0,281.52548418278656,89670.7998922558,1.109612242449631,336.3744434147686,0.009853136311035366,0.00018219958970620273,100.65333033442404,5620.792359728762
7.594921874999924,1021.1541808881574,99.7532737550742,100.08255715538299,14.179769671426163,65.22892868811874,0.022252169126220963,0.0002016099513115348,5.39119011478962,0.5189999999999962,0.8821403046041179,1.1703426648620936,2.8820236025797574,0.29839547088955165,0.0,23.6965241935215,0.5399159179997194,3.0,281.51249782422695,89649.54794904726,1.109400439816802,336.36657368148155,0.010494541975992193,-4.071113394812787e-05,100.37026214519076,5588.155143859325
7.614921874999924,1023.1464140034454,99.47012439814327,99.79951021305213,14.15370566304417,65.39106379126996,0.022370035638119935,0.00019692028711914674,5.39119011478962,0.5189999999999962,0.8821403046041179,1.1703357504635232,2.8819544585940537,0.29756243579489533,0.0,23.555860871232554,0.5398482209915298,3.0,281.4995483089776,89628.35629925609,1.1091892186255252,336.35872627524043,0.011121502023115485,-0.0002730183529697151,100.087721891329,5555.68037841532
7.6349218749999235,1025.1329893142038,99.18749251421988,99.51698540888276,14.127843798565939,65.55299464207353,0.022488154878702146,0.00018127660160813784,5.39119011478962,0.5189999999999962,0.8821403046041179,1.1703353653694517,2.8819506076533385,0.29673090378742356,0.0,23.41592939074975,0.539780835740742,3.0,281.48663556945763,89607.22483228752,1.1089785779365147,336.3509011550913,0.011700743708818425,-0.0005397092864206688,99.80570688946462,5523.367131806994
7.654921874999923,1027.1139171241105,98.90537356914888,99.2349795618713,14.10217569624752,65.71472257262668,0.022606659902081695,0.00015594149571278995,5.39119011478962,0.5189999999999962,0.8821403046041179,1.170340763282156,2.8820045867803823,0.2959008672480841,0.0,23.276725624709567,0.5397137605974449,3.0,281.4737595386933,89586.15343853997,1.108768516819556,336.34309828044815,0.012213653884417842,-0.000897770618250709,99.5242144740922,5491.2144799087055
7.674921874999923,1029.0892076485623,98.62376328760777,98.95348957075053,14.076692418167584,65.87624921741049,0.02272567688351686,0.00012230408807015268,5.39119011478962,0.5189999999999962,0.8821403046041179,1.1703511233700137,2.8821081876589583,0.29507231860342653,0.0,23.138245566955373,0.5396469939242783,3.0,281.4609201502843,89565.1420093509,1.108559034352973,336.3353176110723,0.012621611123255733,-0.0013777304843578867,99.24324199571898,5459.221505796127
7.694921874999922,1031.0588710210598,98.34265776997998,98.67251244478084,14.051379336922663,66.03757645673849,0.022845298614990534,8.274536724732816e-05,5.39119011478962,0.5189999999999962,0.8821403046041179,1.1703650375338492,2.882247329297314,0.2942452503210843,0.0,23.000485296576336,0.5395805340959845,3.0,281.4481173383631,89544.19043692888,1.1083501296229574,336.32755910704805,0.01283633563668137,-0.002202909928331126,98.96278681933262,5427.387299522447
7.714921874999922,1033.0229173013502,98.06205352723738,98.392045313405,14.026221497122409,66.19870634491211,0.02296557352635328,4.0280956090592846e-05,5.39119011478962,0.5189999999999962,0.8821403046041179,1.1703807212209192,2.8824041661680133,0.29341965490881294,0.0,22.8634408175486,0.5395143794992536,3.0,281.4353510375412,89523.29861426707,1.1081418017227123,336.31982272874995,0.012397195919547592,-0.004622305904117765,98.68284632406295,5395.710958027712
7.734921874999921,1034.981356483993,97.78194754484177,98.11208544435397,14.001201812068178,66.35964103531943,0.023086512475350658,1.528543945001497e-05,5.39119011478962,0.5189999999999962,0.8821403046041179,1.1703861065668206,2.8824580196270277,0.2925955249156909,0.0,22.727107999766208,0.5394485285327416,3.0,281.422621182854,89502.46643505199,1.1079340497515473,336.3121084368096,-0.006179782503105475,-0.011774239976463296,98.40341790357105,5364.191585128371
7.754921874999921,1036.934198508686,97.50233735936266,97.83263026578501,13.976299248294506,66.52038269079863,0.023208099707154026,5.119909532375034e-05,5.39119011478962,0.5189999999999962,0.8821403046041179,1.1703554610906939,2.8821515648657603,0.29177285293562727,0.0,22.591482511061717,0.5393829796072721,3.0,281.40992770969353,89481.69379355376,1.1077268728137906,336.3044161920743,-0.01281238232826428,-0.0031807971016137547,98.12449896721209,5332.828291589722
7.7749218749999205,1038.8814532712781,97.22322106581615,97.55367736993803,13.951498121477053,66.68093338905167,0.023330288874330196,8.824681916921206e-05,5.39119011478962,0.5189999999999962,0.8821403046041179,1.1703241903776769,2.8818388577355902,0.290951631611579,0.0,22.456559839815675,0.5393177311460883,3.0,281.3972705537367,89460.9805845089,1.107520270017624,336.29674595556446,-0.012899613432941435,-0.0015840548420747273,97.84608694143616,5301.6201952219835
7.79492187499992,1040.8231306336645,96.94459710859103,97.27522445740372,13.926784925052416,66.84129503905312,0.02345302003283266,0.0001190598220215681,5.39119011478962,0.5189999999999962,0.8821403046041179,1.1702966574172402,2.8815635281312235,0.29013185363724825,0.0,22.322335388583006,0.5392527815849018,3.0,281.38464965088116,89440.32670301512,1.1073142404740386,336.289097688434,-0.012653411078785492,-0.0009678415858865468,97.56817927034302,5270.566420883273
7.81492187499992,1042.7592404299942,96.66646427555908,96.99726933601988,13.902148544794292,67.0014693307756,0.02357622357494612,0.00014156851635044345,5.39119011478962,0.5189999999999962,0.8821403046041179,1.170274086108812,2.8813378150469404,0.28931351175774705,0.0,22.18880456220979,0.5391881293718579,3.0,281.37206493720504,89419.73204446524,1.1071087832961777,336.28147135194627,-0.012296994344292213,-0.0006081721608293942,97.29077341589378,5239.666100446878
7.834921874999919,1044.689792472853,96.38882161724915,96.7198098986061,13.877580411258755,67.16145768564337,0.023699809700757215,0.00015446066306610187,5.39119011478962,0.5189999999999962,0.8821403046041179,1.1702572520090064,2.881169474048886,0.28849659876709627,0.0,22.055962858464135,0.5391237729672507,3.0,281.35951634892643,89399.19650448152,1.1069038975986871,336.2738669074494,-0.011854820239217412,-0.0002948650564392224,97.01386685705836,5208.918372654304
7.854921874999919,1046.614796557733,96.11166837216346,96.44284410178125,13.853075407329792,67.32126122228951,0.02382366120110408,0.0001570066774697565,5.39119011478962,0.5189999999999962,0.8821403046041179,1.1702465861764537,2.8810628157233586,0.287681107503578,0.0,21.923805941703055,0.5390597108430746,3.0,281.3470038223747,89378.71997886796,1.1066995824972412,336.2662843163591,-0.011393068450883868,4.1658580655845265e-06,96.73745708824322,5178.322382894182
7.874921874999918,1048.5342624659656,95.83500381142429,96.1663699221375,13.828632159428839,67.48088073580122,0.023947651477602895,0.00014903718921461897,5.39119011478962,0.5189999999999962,0.8821403046041179,1.1702421886811838,2.8810188407706594,0.28686703084285226,0.0,21.792329684337595,0.5389959414824061,3.0,281.3345272939712,89358.30236357925,1.1064958371082367,336.25872354014655,-0.010910636248071792,0.0003225262112166136,96.46154161696936,5147.877282905394
7.894921874999918,1050.448199963695,95.55882720254318,95.89038534513423,13.804255005468507,67.64031671130171,0.0240716646242192,0.0001313012883356801,5.39119011478962,0.5189999999999962,0.8821403046041179,1.1702436165235997,2.881033119194818,0.2860543616929407,0.0,21.66153019217488,0.5389324633789434,3.0,281.32208670023596,89337.94355473161,1.1062926605489039,336.251184540343,-0.01046990184203387,0.0006618519211209479,96.18611796218302,5117.58223055432
7.9149218749999175,1052.3566188009272,95.283137579306,95.61488830061927,13.779951087964164,67.799569336525,0.024195594276935777,0.00010507955926675769,5.39119011478962,0.5189999999999962,0.8821403046041179,1.1702501125065359,2.8810980790241802,0.28524309298742806,0.0,21.53140373119647,0.5388692750364114,3.0,281.30968197779396,89317.64344861293,1.1060900519374097,336.24366727854317,-0.01006941646657296,0.0011846281096508401,95.9111836519673,5087.436389552014
7.934921874999917,1054.259528706009,95.00793375801426,95.33987666684844,13.755731604138372,67.95863855367084,0.024319346820279763,7.243487104900981e-05,5.39119011478962,0.5189999999999962,0.8821403046041179,1.170260456334388,2.8812015173027006,0.28443321768482926,0.0,21.40194666105141,0.5388063749684566,3.0,281.2973130634109,89297.40194174147,1.1058880103934488,336.236171716427,-0.009643574820228956,0.0021129368115407284,95.63673622333212,5057.438929398096
7.954921874999917,1056.1569393801794,94.73321418516711,95.06534822864104,13.731609412913514,68.11752411014305,0.024442854695390884,3.676258710570719e-05,5.39119011478962,0.5189999999999962,0.8821403046041179,1.1702726381205506,2.8813233351643275,0.28362472876870165,0.0,21.273155333674932,0.5387437616985997,3.0,281.2849798940288,89277.21893092385,1.1056865350388223,336.22869781578146,-0.00858621964192063,0.0045866236376734945,95.36277322225476,5027.589025351539
7.974921874999916,1058.0488604894956,94.45897692179892,94.79130067384304,13.707600621889997,68.276225631633,0.02456608182976269,1.9291289829693908e-05,5.39119011478962,0.5189999999999962,0.8821403046041179,1.1702740825995253,2.881337779954074,0.28281761925240245,0.0,21.145026019964078,0.5386814337605463,3.0,281.27268240681826,89257.09431334095,1.1054856249983032,336.2212455385319,0.003942448760633685,0.008890362746029343,95.08929220528503,4997.88585856728
7.994921874999916,1059.935301656973,94.18521957406965,94.51773157544072,13.683717019320698,68.43474269295558,0.024689023080001815,5.0796611652689394e-05,5.39119011478962,0.5189999999999962,0.8821403046041179,1.1702465572236858,2.881062526195679,0.2820118821855282,0.0,21.017554856636682,0.5386193896986224,3.0,281.26042053922964,89237.02798663145,1.1052852794004708,336.2138148467732,0.00924545125787993,0.0032547452904417963,94.81629074171519,4968.328616288864
8.014921874999915,1061.8162724548044,93.91193947285251,94.24463844198172,13.65996973374512,68.59307488790076,0.02481169931410065,8.699161989069166e-05,5.39119011478962,0.5189999999999962,0.8821403046041179,1.170216297418942,2.880759928148242,0.281207510661008,0.0,20.890737865721974,0.5385576280682496,3.0,281.24819422904375,89217.01984897467,1.1050854973785433,336.2064057028005,0.009867942866675538,0.0016736100767439823,94.54376641596946,4938.9164920599715
8.034921874999915,1063.691782397881,93.63913357050158,93.97201869047609,13.636372212915306,68.7512218875366,0.024934157287532586,0.00011938754001850465,5.39119011478962,0.5189999999999962,0.8821403046041179,1.1701883307520822,2.880480261479643,0.28040449782136156,0.0,20.764570961538233,0.5384961474363494,3.0,281.23600341441374,89197.06979915944,1.1048862780710706,336.1990180691347,0.010276645260546622,0.0009683911580665305,94.27171682971057,4909.648685901392
8.054921874999915,1065.5618409371464,93.3667985299709,93.69986967154892,13.612929445439619,68.90918349970137,0.025056474564116762,0.0001463248931830924,5.39119011478962,0.5189999999999962,0.8821403046041179,1.1701636388540435,2.8802333424992566,0.27960283686351334,0.0,20.639050066439776,0.5384349463816289,3.0,281.22384803390855,89177.1777366548,1.104687620622645,336.1916519085486,0.010660318035597903,0.0005247076013542728,94.00013960346097,4880.524404433832
8.074921874999914,1067.4264574553931,93.09493086724822,93.42818870855477,13.589648350159884,69.06695970713493,0.02517874476537445,0.00016624148175723818,5.39119011478962,0.5189999999999962,0.8821403046041179,1.1701431455683555,2.8800284096423767,0.2788025210401959,0.0,20.514171105128813,0.5383740234946008,3.0,281.2117280265399,89157.34356165475,1.104489524184352,336.1843071840832,0.011110045166783525,0.00019797643693913685,93.72903237707405,4851.542860877625
8.094921874999914,1069.2856412639692,92.82352694143604,93.1569730948075,13.566532652858983,69.22455069750471,0.02530107186329879,0.00017823395036883221,5.39119011478962,0.5189999999999962,0.8821403046041179,1.170127384709811,2.879870801056932,0.27800354366059904,0.0,20.38993009288529,0.5383133773775459,3.0,281.19964333178416,89137.56717511322,1.104291987914127,336.17698385906124,0.011576318709223318,-2.582977285637254e-05,93.45839280995104,4822.70327502514
8.114921874999913,1071.1394016003312,92.55258302649241,92.88622011270482,13.543584184735485,69.38195688584757,0.025423557102090957,0.00018172875788221492,5.39119011478962,0.5189999999999962,0.8821403046041179,1.170116695144052,2.879763905399342,0.2772058980887356,0.0,20.266323162474574,0.5382530066443012,3.0,281.18759388959785,89117.84847877015,1.1040950109770191,336.1696818970963,0.012073503711675973,-0.00030035033967849503,93.18821858048915,4794.004873133536
8.134921874999913,1072.9877476270333,92.28209536048631,92.61592704650757,13.52080160694067,69.53917892440063,0.02554630334505358,0.0001767704525057768,5.39119011478962,0.5189999999999962,0.8821403046041179,1.1701110502437748,2.8797074563965697,0.27640957774060726,0.0,20.143346609019865,0.538192909919962,3.0,281.17557964042425,89098.18737516225,1.1038985925453062,336.1624012620971,0.012543658622663186,-0.000555181564238039,92.91850738512484,4765.446887776689
8.154921874999912,1074.8306884322956,92.01206027902022,92.34609121776829,13.498183213298399,69.6962176986832,0.02566941180573853,0.00016349278789285312,5.39119011478962,0.5189999999999962,0.8821403046041179,1.1701103710387684,2.879700664346505,0.2756145760790995,0.0,20.02099685255737,0.5381330858404155,3.0,281.1636005251901,89078.58376761687,1.1037027317984367,336.1551419182652,0.01300317148600195,-0.0008704121376046182,92.64925693661219,4737.0285576202405
8.174921874999912,1076.668233031762,91.7424741912355,92.07670997812679,13.475722757986127,69.85307431326702,0.025792976325369588,0.00014286932323371378,5.39119011478962,0.5189999999999962,0.8821403046041179,1.1701140817130113,2.879737771088935,0.27482088661109527,0.0,19.899270472574553,0.5380735330520497,3.0,281.15165648529353,89059.03756023344,1.1035074279228523,336.1479038300879,0.013398275264976523,-0.0012756709373516802,92.38046496304594,4708.7491272756315
8.194921874999912,1078.5003903710087,91.47333370763329,91.80778074358547,13.453412852978428,70.00975007112096,0.025917083857757404,0.00011615061163366963,5.39119011478962,0.5189999999999962,0.8821403046041179,1.170121442600339,2.8798113799622116,0.2740285028830672,0.0,19.778164125003332,0.538014250211351,3.0,281.13974746258845,89039.54865785665,1.1033126801117226,336.1406869623286,0.013683514887363761,-0.0018930034567862307,92.11212920637264,4680.607847103877
8.214921874999911,1080.3271693302636,91.20463570761056,91.53930101274621,13.43124346341172,70.16624643427645,0.026041809914885132,8.502895845025718e-05,5.39119011478962,0.5189999999999962,0.8821403046041179,1.1701314523435131,2.8799114773939527,0.2732374184784871,0.0,19.657674501193856,0.5379552359846443,3.0,281.1278733993533,89020.11696602634,1.1031184875644513,336.1334912800081,0.013810116489735196,-0.0028222445256041377,91.84424742151047,4652.60397308316
8.23492187499991,1082.1485787305,90.9363773468361,91.27126836890444,13.409204094022257,70.32256497319926,0.026167202294333353,5.1675181728119744e-05,5.39119011478962,0.5189999999999962,0.8821403046041179,1.1701428257817748,2.880025211776569,0.27244762701686936,0.0,19.537798270452015,0.537896489047958,3.0,281.1160342382517,89000.74239091262,1.102924849486032,336.12631674838053,0.013429593744981809,-0.004845468755749073,91.57681737601688,4624.736766733085
8.25492187499991,1083.9646273384692,90.66855608709584,91.00368048868133,13.387283115711687,70.47870732559207,0.026293280590822574,2.1801656680973298e-05,5.39119011478962,0.5189999999999962,0.8821403046041179,1.170152178885101,2.880118742809832,0.2716591221539832,0.0,19.41853204980901,0.537838008086977,3.0,281.1042299222999,88981.42483926241,1.1027317650865185,336.1191633329138,0.008498084140607626,-0.011582169111534955,91.30983685015066,4597.005495080106
8.27492187499991,1085.7753238737616,90.40116974690461,90.73653515652113,13.365468526715741,70.63467513860536,0.026420047864080993,2.7681432780665412e-05,5.39119011478962,0.5189999999999962,0.8821403046041179,1.1701403894243856,2.8800008482026773,0.27087189758254887,0.0,19.29987237400832,0.5377797917970314,3.0,281.09246039482053,88962.16421832425,1.102539233580277,336.11203099926126,-0.011310861349325643,-0.008860137732152579,91.04330363709438,4569.4094306383195
8.29492187499991,1087.5806770151437,90.13421640698175,90.46983023919098,13.343749085972728,70.79047001779587,0.026547485898094775,5.599331164138422e-05,5.39119011478962,0.5189999999999962,0.8821403046041179,1.1701153491370857,2.8797504453296785,0.270085947033593,0.0,19.18181570109159,0.5377218388831331,3.0,281.08072559940155,88942.96043578094,1.102347254185319,336.10491971323734,-0.013671288876707498,-0.004043186048821777,90.77721554339945,4541.947851412803
8.314921874999909,1089.3806954063457,89.86769449032839,90.20356370847713,13.322112509654115,70.94609348127531,0.026675556671993075,8.197501769616176e-05,5.39119011478962,0.5189999999999962,0.8821403046041179,1.1700917286713926,2.879514240672747,0.2693012642773592,0.0,19.064358430134064,0.5376641480599793,3.0,281.06902547985874,88923.81339968796,1.1021558261226856,336.0978294407944,-0.013842682896726561,-0.0024426275415395226,90.51157038928216,4514.6200408878
8.334921874999909,1091.1753876625796,89.60160271378625,89.93773362807056,13.300549953501214,71.10154690831236,0.026804203761535816,0.0001022085387020976,5.39119011478962,0.5189999999999962,0.8821403046041179,1.1700715519403502,2.879312473362323,0.26851784312329186,0.0,18.94749695090617,0.5376067180518852,3.0,281.0573599801932,88904.72301840417,1.101964948615761,336.0907601479971,-0.01370764724801135,-0.0016126453538368097,90.2463660086078,4487.425287983362
8.354921874999908,1092.9647623749777,89.33593992841166,89.67233810902725,13.279056273366097,71.25683150571655,0.026933357404283466,0.0001155687231589499,5.39119011478962,0.5189999999999962,0.8821403046041179,1.1700554844680842,2.879151798639663,0.26773567741801774,0.0,18.831227707241677,0.5375495475925735,3.0,281.0457290445626,88885.68920054454,1.1017746208898023,336.08371180100494,-0.013454023788028223,-0.0010683944673607684,89.9816002482039,4460.36288694671
8.374921874999908,1094.748828113354,89.07070515120428,89.40737531829346,13.257626131937224,71.41194828842387,0.02706293302291984,0.00012112816007650125,5.39119011478962,0.5189999999999962,0.8821403046041179,1.1700440748399474,2.879037702358296,0.2669547610437465,0.0,18.71554720886074,0.5374926354249949,3.0,281.0341326172632,88866.7118549508,1.101584842171648,336.0766843660615,-0.013153021388948046,-0.0006103062700601073,89.71727096731657,4433.432137260037
8.394921874999907,1096.5275934284884,88.80589743786818,89.14284344255279,13.236260830709227,71.5668980641092,0.027192829605104978,0.00011916848791596911,5.39119011478962,0.5189999999999962,0.8821403046041179,1.1700371559017901,2.878968512976723,0.26617508791444694,0.0,18.600452105614977,0.5374359803009914,3.0,281.0225706427148,88847.79089066717,1.1013956116894799,336.06967780948514,-0.012864859436663264,-0.0001898920843253275,89.45337603631957,4406.632343476159
8.414921874999907,1098.3010668516147,88.54151578183134,88.87874065935576,13.214960668960138,71.72168144086599,0.02732294513303189,0.00010979690367069698,5.39119011478962,0.5189999999999962,0.8821403046041179,1.1700346642005521,2.878943595964343,0.26539665197269546,0.0,18.485939130809786,0.5373795809810122,3.0,281.0110430654645,88828.92621694578,1.101206928672878,336.0626920976715,-0.012552747962633394,0.0002756590623056034,89.18991333565285,4379.962815080487
8.434921874999906,1100.0692568937243,88.27755914392891,88.6150651448743,13.193729136330516,71.8762988362239,0.027453175358239712,9.370844349544366e-05,5.39119011478962,0.5189999999999962,0.8821403046041179,1.1700361884404036,2.8789588383628573,0.2646194471879246,0.0,18.372005123308742,0.5373234362339362,3.0,280.99954983019074,88810.11774325407,1.101018792352899,336.0557271970956,-0.012262106220658346,0.0008857519039946098,88.92688075523144,4353.422866401296
8.454921874999906,1101.8321720435904,88.01402634740545,88.35181504408827,13.172572961406871,72.03075049647674,0.027583422772199516,7.221461091518825e-05,5.39119011478962,0.5189999999999962,0.8821403046041179,1.1700409523408493,2.879006477367314,0.26384346755436955,0.0,18.258646997514468,0.5372675448368728,3.0,280.98809088171663,88791.36537929584,1.1008312019622872,336.0487830743203,-0.011967971423505138,0.0017794961995045854,88.66427619375479,4327.0118165120575
8.474921874999906,1103.589820764394,87.75091599484661,88.08898844741454,13.151499224269063,72.18503652723437,0.027713603037407664,4.701034147549874e-05,5.39119011478962,0.5189999999999962,0.8821403046041179,1.1700479524054666,2.879076478013487,0.26306870709090824,0.0,18.145861691119343,0.5372119055751049,3.0,280.9766661650314,88772.66903504709,1.10064415673584,336.04185969600906,-0.011441051855338091,0.0034884380785160153,88.4020975586535,4300.728989197798
8.494921874999905,1105.3422114895093,87.4882264986493,87.82658339939931,13.130515080033662,72.33915693057206,0.027843651024520837,2.22072400727324e-05,5.39119011478962,0.5189999999999962,0.8821403046041179,1.1700547529028011,2.879144482986833,0.26229515984287566,0.0,18.03364613856802,0.5371565172421701,3.0,280.96527562531816,88754.0286208009,1.1004576559108559,336.0349570289428,-0.008229412436587629,0.008568560366145617,88.14034276670041,4274.573712986454
8.514921874999905,1107.089352618609,87.22595607153285,87.56459789640628,13.10962805593077,72.49311163928395,0.027973519296923276,2.352201040340675e-05,5.39119011478962,0.5189999999999962,0.8821403046041179,1.1700461150369188,2.8790581043280095,0.2615228198842889,0.0,17.921997251570634,0.5371013786399712,3.0,280.953919207979,88735.44404720882,1.1002716987275531,336.02807504003533,0.008020784132591958,0.008770075671200844,87.87900974475947,4248.545321192419
8.534921874999904,1108.8312525134313,86.96410272588595,87.30302988686772,13.088845918423553,72.64690055366121,0.0281031819231524,5.053943610832577e-05,5.39119011478962,0.5189999999999962,0.8821403046041179,1.1700222844353925,2.878819798312746,0.26075168132059295,0.0,17.810911904817647,0.5370464885789207,3.0,280.9425968586627,88716.91522532592,1.100086284429526,336.0212136963496,0.01119924219235696,0.0042031831052118445,87.61809643070941,4222.643151975852
8.554921874999904,1110.5679194939764,86.70266426607789,87.04187726968065,13.068175645383409,72.80052357454232,0.028232630295918916,7.944448967646082e-05,5.39119011478962,0.5189999999999962,0.8821403046041179,1.1699973728156077,2.878570682114898,0.25998173829180643,0.0,17.700386933824266,0.5369918458781098,3.0,280.93130852328915,88698.44206665127,1.0999014122641493,336.01437296511324,0.011811174123564807,0.0026090253727727663,87.3576007745015,4196.866548413098
8.574921874999903,1112.2993618343337,86.44163829341922,86.7811378961201,13.047624145999348,72.95398063914863,0.028361874805070564,0.00010636245115215402,5.39119011478962,0.5189999999999962,0.8821403046041179,1.1699736755399646,2.878333709358467,0.25921298497567596,0.0,17.590419141036925,0.5369374493654746,3.0,280.9200541480768,88680.02448317227,1.0997170814830288,336.00755281373455,0.012193286071322655,0.001777659380932853,87.09752073922022,4171.214858565802
8.594921874999903,1114.0255877587404,86.18102221707055,86.52080957336368,13.027199364603891,73.10727175482958,0.0284909492289786,0.0001293472027129958,5.39119011478962,0.5189999999999962,0.8821403046041179,1.169952344804127,2.8781204020000906,0.2584454155905402,0.0,17.48100529985816,0.5368832978779391,3.0,280.90883367956815,88661.66238740658,1.0995332913424247,336.0007532098183,0.012558916697506176,0.0012811636537218723,86.83785430204603,4145.687435538779
8.614921874999903,1115.746605437465,85.92081324459245,86.26089006219999,13.006906352694797,73.26039703398492,0.028619901292356097,0.00014718665562023746,5.39119011478962,0.5189999999999962,0.8821403046041179,1.1699340977815653,2.8779379317744747,0.2576790243977907,0.0,17.372142199800187,0.5368293902615249,3.0,280.89764706465644,88643.355692446,1.099350041103692,335.99397412118185,0.012923819518405289,0.000880818415499397,86.57859945508268,4120.283637523467
8.634921874999902,1117.4624229840513,85.6610085293618,86.00137711816734,12.986745714327014,73.4133567177065,0.02874879289035321,0.00015954621117536118,5.39119011478962,0.5189999999999962,0.8821403046041179,1.1699191319330546,2.877788273289368,0.25691380570173455,0.0,17.26382670228014,0.5367757253712773,3.0,280.8864942506036,88625.10431198565,1.09916733003358,335.9872155158658,0.013296164700828915,0.0005242420926025007,86.31975420530996,4095.002827756552
8.654921874999902,1119.173048454898,85.40160519765695,85.74226849882459,12.96671857280756,73.56615118030848,0.028877701473555843,0.0001660721414328407,5.39119011478962,0.5189999999999962,0.8821403046041179,1.1699076562136543,2.877673516095365,0.25614975384858596,0.0,17.156055719677273,0.5367223020711311,3.0,280.87537518504314,88606.90816032856,1.0989851574042802,335.9804773621362,0.013674222236459697,0.00020563724057536263,86.06131657424159,4069.8443744500337
8.674921874999901,1120.878489848842,85.14260034408336,85.4835619622321,12.946825077563398,73.71878093371306,0.029006713137787767,0.00016657403542826317,5.39119011478962,0.5189999999999962,0.8821403046041179,1.1698997830607059,2.87759478456588,0.2553868632256582,0.0,17.0488262313917,0.5366691192337912,3.0,280.8642898159825,88588.76715239004,1.098803522493476,335.97375962848537,0.01406674867620554,-0.00010841946953896612,85.80328459765015,4044.8076507284527
8.6949218749999,1122.5787551061594,84.88399106831135,85.22525527689479,12.92706529915254,73.87124663640382,0.029135917571580867,0.00016089109325486032,5.39119011478962,0.5189999999999962,0.8821403046041179,1.1698956076193165,2.877553030151987,0.2546251282599929,0.0,16.942135280407523,0.5366161757405761,3.0,280.85323809180994,88570.68120370829,1.0986224245844514,335.96706228363684,0.014436115639303318,-0.000448752079798397,85.54565632510405,4019.8920345493593
8.7149218749999,1124.273852109907,84.62577450782642,84.9673462304813,12.907436264076745,74.02354908343015,0.02926540284560933,0.0001494476221730891,5.39119011478962,0.5189999999999962,0.8821403046041179,1.1698948787402454,2.877545741361276,0.25386454341623205,0.0,16.835980003493084,0.5365634704812106,3.0,280.8422199612856,88552.65023043018,1.0984418629659536,335.9603852965391,0.014796786066134236,-0.000833334806857847,85.28842981924728,3995.096908599831
8.7349218749999,1125.9637886863875,84.36794789110238,84.70983264435502,12.887934261748883,74.17568920342175,0.02939525423345677,0.00013280014852933337,5.39119011478962,0.5189999999999962,0.8821403046041179,1.1698972671395123,2.877569625353944,0.2531051031946911,0.0,16.73035759404185,0.5365110023536354,3.0,280.83123537353845,88534.67414930632,1.0982618369321482,335.9537286363643,0.015091878793520506,-0.0012686134587774629,85.03160315514823,3970.421660201266
8.7549218749999,1127.6485726078483,84.11050857974789,84.4527123850499,12.868553190379703,74.32766803772583,0.029525545068154718,0.00011196763760997146,5.39119011478962,0.5189999999999962,0.8821403046041179,1.1699021696907501,2.8776186508663226,0.2523468021293066,0.0,16.625265300276325,0.5364587702638115,3.0,280.820284278049,88516.75287766223,1.098082345782333,335.9470922724977,0.015323623695012868,-0.0017936170997368142,84.77517441960389,3945.8656812105387
8.7749218749999,1129.3282115951945,83.85345408846217,84.19598336973739,12.849287028056406,74.47948671957205,0.02965633044684641,8.800024665607398e-05,5.39119011478962,0.5189999999999962,0.8821403046041179,1.169908964716032,2.8776866011191404,0.25158963478639856,0.0,16.520700382661847,0.5364067731255817,3.0,280.8093666246312,88498.88633336965,1.0979033888206564,335.9404761745265,0.015434100462223698,-0.00257109809609955,84.51914171071795,3921.4283679480377
8.794921874999899,1131.002713321789,83.59678213957127,83.93964358146934,12.83012783862062,74.63114644478934,0.02978764888133471,6.249453917178083e-05,5.39119011478962,0.5189999999999962,0.8821403046041179,1.169916706620559,2.8777640201644106,0.2508335957633471,0.0,16.416660110639366,0.5363550098605295,3.0,280.79848236340837,88481.07443480597,1.0977249653557135,335.9338803122255,0.015294609854361998,-0.003954603047042927,84.26350313744939,3897.1091211235157
8.814921874999898,1132.6720854174212,83.34049065702126,83.6836910676347,12.811067361220124,74.78264844146739,0.029919529544990612,3.7464444237943725e-05,5.39119011478962,0.5189999999999962,0.8821403046041179,1.1699242021276615,2.877838975235436,0.25007867968840064,0.0,16.313141728336863,0.5363034793979161,3.0,280.7876314447867,88463.31710081211,1.0975470747001286,335.92730465554075,0.014335218271419353,-0.006868547143168894,84.00825681954075,3872.9073457979225
8.834921874999898,1134.3363354722371,83.0845777554297,83.42812393647552,12.792099987173296,74.93399394021618,0.03005198651075472,1.7375424874936688e-05,5.39119011478962,0.5189999999999962,0.8821403046041179,1.1699288046240008,2.87788500019883,0.24932488121836985,0.0,16.210142928847016,0.5362521966231744,3.0,280.77681381943046,88445.61425065067,1.0973697161701375,335.9207491745749,0.006959109946350692,-0.014343065500031558,83.7534008867367,3848.82245128037
8.854921874999897,1135.9954710402,82.82904168829255,83.1729403429939,12.773219242327666,75.08518414836963,0.030185008321201807,2.2291325337132204e-05,5.39119011478962,0.5189999999999962,0.8821403046041179,1.1699186225699556,2.8777831796583775,0.24857219504015943,0.0,16.10766048351377,0.5362011463642842,3.0,280.76602943823866,88427.96580396913,1.0971928890852258,335.91421383957265,-0.01216044699838318,-0.010285406541594561,83.49893347929208,3824.8538511450206
8.874921874999897,1137.6494996419908,82.57388089370593,82.91813850301564,12.754418295531693,75.23622022913294,0.030318562831441794,4.0737262034098073e-05,5.39119011478962,0.5189999999999962,0.8821403046041179,1.1699004559084052,2.8776015130428734,0.2478206158748495,0.0,16.00569152542608,0.536150325714696,3.0,280.75527825232706,88410.371680769,1.0970165927678186,335.9076986209102,-0.015116145402768353,-0.004776038099356845,83.2448527493373,3801.0009633257623
8.894921874999897,1139.2984287687639,82.31909396762534,82.66371668487648,12.735691878229279,75.38710327422474,0.030452597221964573,5.78339809394936e-05,5.39119011478962,0.5189999999999962,0.8821403046041179,1.1698831223822694,2.877428177781516,0.24707013847397832,0.0,15.904233247688351,0.536099733634008,3.0,280.744560213003,88392.83180136589,1.0968408265428855,335.9012034890798,-0.015532513138744817,-0.002628140322572298,82.99115685962292,3777.2632099698303
8.914921874999896,1140.942265884606,82.0646795906257,82.40967318857147,12.71703636421769,75.53783428685408,0.030587049592660485,7.123710626343514e-05,5.39119011478962,0.5189999999999962,0.8821403046041179,1.1698680107957617,2.877277061916439,0.24632075761857927,0.0,15.803282860615006,0.5360493690891597,3.0,280.73387527175004,88375.34608636328,1.0966655897376811,335.8947284146805,-0.015532665994035463,-0.00152240866961592,82.73784398319103,3753.6400173784077
8.934921874999896,1142.5810184281484,81.81063653295583,82.15600634707017,12.698449349959718,75.68841417145609,0.03072185414509081,8.020098433858956e-05,5.39119011478962,0.5189999999999962,0.8821403046041179,1.1698555625225244,2.8771525791840658,0.2455724681185237,0.0,15.702837606657056,0.5359992310543414,3.0,280.723223380217,88357.9144566355,1.0964908816815755,335.88827336841155,-0.015439213653336382,-0.0007401393658476179,82.48491230315022,3730.1308159576724
8.954921874999895,1144.21469381379,81.55696360828917,81.9027145129576,12.67992927909982,75.83884372652341,0.030856940894661244,8.442897997159037e-05,5.39119011478962,0.5189999999999962,0.8821403046041179,1.1698459529632386,2.877056483591207,0.2448252648112691,0.0,15.60289477051324,0.5359493185108656,3.0,280.71260449021037,88340.53683331455,1.0963167017059257,335.88183832106745,-0.015289289167524723,-9.872687574480698e-05,82.2323600122512,3706.735040152578
8.974921874999895,1145.843299432636,81.30365965409655,81.64979605257354,12.661473895597776,75.9891236396972,0.030992236644789922,8.352741404142346e-05,5.39119011478962,0.5189999999999962,0.8821403046041179,1.169839415162404,2.8769911055828623,0.24407914256060467,0.0,15.503451674115254,0.5358996304470379,3.0,280.7020185536878,88323.21313778029,1.09614304914398,335.8754232435348,-0.01509638604745862,0.0005159260827380662,81.98018531246215,3683.452128381636
8.994921874999894,1147.4668426528378,81.05072356816872,81.39724935621985,12.643082549192426,76.13925448746949,0.031127667546867084,7.743072944867251e-05,5.39119011478962,0.5189999999999962,0.8821403046041179,1.1698359879197961,2.876956833156783,0.2433340962558389,0.0,15.404505691705843,0.5358501658580623,3.0,280.6914655227565,88305.94329165669,1.0959699233308424,335.86902810679044,-0.014860763489867297,0.0011980069465883647,81.7283864146928,3660.281522986115
9.014921874999894,1149.0853308206974,80.79815422431243,81.14507281375121,12.624757246724684,76.28923672896244,0.03126316604757061,6.65704269017528e-05,5.39119011478962,0.5189999999999962,0.8821403046041179,1.1698354156891984,2.876951110850805,0.24259012080991912,0.0,15.306054252497933,0.5358009237458734,3.0,280.6809453496654,88288.72721680015,1.095797323603358,335.86265288189725,-0.014625315081200038,0.002042738840127562,81.47696153815939,3637.2226701475442
9.034921874999894,1150.6987712588998,80.54595038845564,80.89326479049876,12.60650158690227,76.43907072179279,0.031398675818798225,5.1777017439827213e-05,5.39119011478962,0.5189999999999962,0.8821403046041179,1.169837206580234,2.876969019761162,0.24184721115879979,0.0,15.20809482668263,0.5357519031190564,3.0,280.67045798681715,88271.56483531832,1.0956252493003042,335.8562975400112,-0.014275676031333109,0.0032659927900133908,81.22590891017178,3614.2750198450544
9.054921874999893,1152.307171264767,80.29411076564155,80.64182364060339,12.58831869718683,76.58875673759364,0.031534154092371064,3.4243131042504055e-05,5.39119011478962,0.5189999999999962,0.8821403046041179,1.1698406540946789,2.87700349490561,0.2411053622617519,0.0,15.110624906892221,0.5357031029928278,3.0,280.660003386779,88254.4560695886,1.0954536997625803,335.8499620523881,-0.013393786931002714,0.005747161952299162,80.97522676623666,3591.438025841222
9.074921874999893,1153.910538108485,80.04263392997026,80.39074768701951,12.570213034253316,76.73829497758494,0.03166956331987383,1.7952349814765124e-05,5.39119011478962,0.5189999999999962,0.8821403046041179,1.169843397428263,2.877030928241451,0.24036456910157267,0.0,15.013642000659056,0.5356545223890103,3.0,280.64958150229484,88237.40084227704,1.0952826743333959,335.8436463903907,-0.007902165771007759,0.01217534070722804,80.7249133501272,3568.711145664885
9.094921874999892,1155.5088790310338,79.79151839121687,80.14003524067486,12.552187160000761,76.88768559026693,0.03180487660317002,2.1075231224496497e-05,5.39119011478962,0.5189999999999962,0.8821403046041179,1.1698346666094745,2.876943620053567,0.23962482668571672,0.0,14.917143617194789,0.5356061603360682,3.0,280.6391922862983,88220.39907636037,1.0951121723584982,335.83735052549673,0.00966622121609255,0.010825970040277447,80.47496691426245,3546.0938406213654
9.114921874999892,1157.102201242436,79.54076253878422,79.88968458458513,12.534245909348483,77.03692868651147,0.0319400823875897,4.194138494367469e-05,5.39119011478962,0.5189999999999962,0.8821403046041179,1.1698154515437007,2.8767514693958285,0.23888613004713563,0.0,14.821127269046304,0.5355580158691213,3.0,280.62883569192417,88203.45069514462,1.0949421931863597,335.83107442930606,0.013505634074026425,0.005399975979892531,80.2253857199885,3523.585575793381
9.134921874999892,1158.690511919499,79.29036465288073,79.63969397725313,12.516393808019792,77.18602435840012,0.03207518479691855,6.564387047435424e-05,5.39119011478962,0.5189999999999962,0.8821403046041179,1.1697945877716023,2.8765428316748443,0.23814847424568092,0.0,14.72559045975151,0.5355100880299961,3.0,280.61851167252325,88186.55562228913,1.0947727361684219,335.82481807354907,0.014280450044839754,0.0032721765623085586,79.97616803804908,3501.1858200583692
9.154921874999891,1160.2738182030453,79.04032287092744,79.39006164338572,12.49863678971404,77.33497270178405,0.03221020038966942,8.8863214425036e-05,5.39119011478962,0.5189999999999962,0.8821403046041179,1.1697740424795358,2.876337378754179,0.2374118543699428,0.0,14.63053067572855,0.5354623758673018,3.0,280.60822018168017,88169.71378183602,1.0946038006593932,335.8185814300982,0.014639988957465103,0.002158184198208435,79.72731214920326,3478.894046118096
9.17492187499989,1161.8521271952925,78.79063517865674,79.14078577167618,12.480979260458026,77.48377383754115,0.032345159458594924,0.00011025030019763803,5.39119011478962,0.5189999999999962,0.8821403046041179,1.1697546148036875,2.8761431019956962,0.23667626553924156,0.0,14.535945398064898,0.5354148784365161,3.0,280.5979611732306,88152.92509823805,1.094435386017533,335.81236447097774,0.014934255778869653,0.0014304447929610188,79.4788163448937,3456.709730531683
9.19492187499989,1163.4254459572037,78.5412994807239,78.89186453515671,12.463424489211445,77.63242793288404,0.032480104968988996,0.00012893998899070677,5.39119011478962,0.5189999999999962,0.8821403046041179,1.1697368169273787,2.875965123232609,0.2359417029048395,0.0,14.441832114648564,0.5353675948000177,3.0,280.58773460127816,88136.18949638681,1.0942674916049362,335.8061671683746,0.015206520377278742,0.0008730653885163835,79.23067892765351,3434.6323537249323
9.21492187499989,1164.9937815071316,78.2923136168599,78.64329609587953,12.445974098937201,77.78093521271121,0.032615091687146616,0.00014445658648111492,5.39119011478962,0.5189999999999962,0.8821403046041179,1.1697209302273086,2.8758062562319076,0.23520816165055927,0.0,14.348188336826556,0.5353205240270789,3.0,280.5775404202036,88119.50690162714,1.094100116787681,335.7999894946434,0.015493498412149894,0.0004271326028407905,78.98289821131219,3412.6613999812844
9.23492187499989,1166.5571408194937,78.04367534964636,78.39507860149287,12.428631449646007,77.92929597060765,0.03275018308557917,0.00015599631464982084,5.39119011478962,0.5189999999999962,0.8821403046041179,1.1697074304418273,2.875671258377095,0.23447563699346283,0.0,14.255011580943993,0.5352736651938628,3.0,280.5673785846733,88102.87723977125,1.0939332609359733,335.793831422312,0.015793043176484382,4.66181191308974e-05,78.73547252122208,3390.796357434314
9.254921874999889,1168.1155308234302,77.7953823951984,78.14721019397777,12.411397019022338,78.07751057986019,0.03288544448473493,0.00016331413001896864,5.39119011478962,0.5189999999999962,0.8821403046041179,1.169696462344456,2.8755615774033805,0.2337441241839344,0.0,14.162299411822763,0.5352270173833815,3.0,280.5572490496477,88086.30043711294,1.093766923424295,335.7876929240865,0.01610467359062776,-0.000296709454030279,78.48840019428451,3369.0367180427893
9.274921874999889,1169.668958402194,77.54743243988628,77.89968901432454,12.394271731234195,78.2255794988398,0.03302094135007598,0.00016608592437583272,5.39119011478962,0.5189999999999962,0.8821403046041179,1.1696882176504326,2.8754791304631477,0.23301361850536753,0.0,14.070049423084766,0.5351805796854285,3.0,280.5471517703857,88069.77642043411,1.0936011036314695,335.7815739728537,0.0164183845186104,-0.0006303837919065893,78.24167957884238,3347.38197755414
9.294921874999888,1171.2174303927402,77.29982318757024,77.65251321583332,12.377254567780732,78.373503274805,0.03315673939546305,0.00016438290535661433,5.39119011478962,0.5189999999999962,0.8821403046041179,1.1696826540185734,2.8754234941445556,0.2322841152732244,0.0,13.978259262090393,0.5351343511964735,3.0,280.53708670244714,88053.30511700918,1.0934358009407104,335.77547454168297,0.016720868802084878,-0.00095637397904721,77.99530903436191,3325.831635450221
9.314921874999888,1172.7609535863578,77.05255237442705,77.40568096814728,12.360344589408934,78.52128253984223,0.03329289907782926,0.00015825331365107312,5.39119011478962,0.5189999999999962,0.8821403046041179,1.1696797428484447,2.875394382443268,0.23155560983405243,0.0,13.886926610409368,0.5350883310195539,3.0,280.5270538016886,88036.8864545983,1.0932710147395568,335.76939460382334,0.01702037793672493,-0.0012859305905614338,77.74928693109891,3304.3851948920933
9.334921874999887,1174.2995347292706,76.80561775194998,77.15919045224487,12.343539520914392,78.66891800701998,0.033429473360750084,0.00014803775172653901,5.39119011478962,0.5189999999999962,0.8821403046041179,1.1696792824603819,2.8753897785626403,0.23082809756491673,0.0,13.796049195681155,0.535042518264196,3.0,280.5170530242597,88020.52036144095,1.093106744419813,335.7633341327014,0.017282323338882823,-0.0016607934082852225,77.50361164990494,3283.0421626773937
9.354921874999887,1175.8331805236548,76.55901716456056,76.91303988238813,12.326835572412426,78.81641046346097,0.03356650714114131,0.00013440804206747104,5.39119011478962,0.5189999999999962,0.8821403046041179,1.1696808750143282,2.875405704102103,0.23010157387167376,0.0,13.705624785373857,0.5349969120462623,3.0,280.5070843265962,88004.20676624525,1.0929429893774423,335.7572931019173,0.0174925025606475,-0.0021291834397708514,77.25828158164404,3261.8020491651455
9.374921874999886,1177.361897629465,76.31274856835469,76.66722751136238,12.31022803690502,78.96376075744661,0.03370404088406668,0.0001182121139745041,5.39119011478962,0.5189999999999962,0.8821403046041179,1.1696840183182469,2.87543713714129,0.22937603418798683,0.0,13.615651169269139,0.5349515114878495,3.0,280.4971476654085,87987.94559816833,1.0927797490123747,335.75127148523757,0.017640986959555682,-0.002674122047234318,77.0132951268579,3240.664368222373
9.394921874999886,1178.8856926669894,76.0668100180871,76.42175162664405,12.293713265619093,79.11096978025458,0.03384210732874395,0.00010010532774801687,5.39119011478962,0.5189999999999962,0.8821403046041179,1.1696883242067564,2.8754801960263854,0.22865147397463023,0.0,13.526126138706639,0.534906315717203,3.0,280.48724299766457,87971.73678678929,1.0926170227282381,335.7452692565847,0.017710025529922922,-0.003395713503318438,76.7686506955272,3219.628637179257
9.414921874999886,1180.4045722184758,75.82119966233779,76.17661054900448,12.277287972052676,79.25803845503081,0.0339807283971784,8.07201238652022e-05,5.39119011478962,0.5189999999999962,0.8821403046041179,1.1696934180134473,2.8755311340932943,0.2279278887190752,0.0,13.437047490713589,0.5348613238686539,3.0,280.47737028057986,87955.58026209191,1.092454809932187,335.7392863900314,0.01766677863601323,-0.0044031185317975246,76.5243467069288,3198.6943767931584
9.434921874999885,1181.918542830002,75.57591574206783,75.93180263208355,12.260948247637778,79.40496772396351,0.03411991796565265,6.089236773413607e-05,5.39119011478962,0.5189999999999962,0.8821403046041179,1.169698804401923,2.8755849979780512,0.22720527393515877,0.0,13.348413029722373,0.5348165350825577,3.0,280.46752947160496,87939.47595444469,1.0922931100347044,335.7333228597926,0.01733689509444802,-0.005953257435837759,76.28038158952029,3177.861111215226
9.454921874999885,1183.4276110135088,75.33095659802105,75.68732626449952,12.244688383316426,79.55175853442066,0.03425968131033239,4.203712652097191e-05,5.39119011478962,0.5189999999999962,0.8821403046041179,1.16970364457586,2.875633399717421,0.22648362516263712,0.0,13.260220564869678,0.5347719485052287,3.0,280.45772052841215,87923.42379457921,1.0921319224493895,335.7273786402178,0.016279132993942153,-0.008565587687584152,76.03675378078583,3157.1283679540848
9.474921874999884,1184.9317832493189,75.08632072442822,75.4431798853109,12.228504307069347,79.69841182169588,0.034400013589202534,2.587007241851043e-05,5.39119011478962,0.5189999999999962,0.8821403046041179,1.169706921292533,2.875666166884152,0.22576293796660735,0.0,13.172467894867356,0.5347275632888673,3.0,280.4479434088794,87907.42371356345,1.09197124659269,335.7214537057809,0.012763175705524949,-0.013325248730547747,75.79346172703745,3136.4956778360856
9.494921874999884,1186.4310659881687,74.84200667239793,75.19936195620147,12.212393137553775,79.8449284954942,0.034540896905329535,1.7003452493452507e-05,5.39119011478962,0.5189999999999962,0.8821403046041179,1.1697059000369672,2.875655954328493,0.22504320793753022,0.0,13.085152821163241,0.5346833785915234,3.0,280.4381980710769,87891.47564278005,1.0918110818836875,335.7155480310726,0.00017256978073256347,-0.018454545842696565,75.55050388341859,3115.962574982867
9.514921874999883,1187.9254656529765,74.59801310132016,74.95587097625888,12.196350537932574,79.99130942849479,0.03468229749744379,2.1056606220664552e-05,5.39119011478962,0.5189999999999962,0.8821403046041179,1.1696972490989848,2.875569444948669,0.22432443069060493,0.0,12.998273153884421,0.5346393935770213,3.0,280.42848447325565,87875.57951390755,1.0916514277439107,335.70966159079296,-0.013308721383103603,-0.012774698210558101,75.30787871369027,3095.5285967712634
9.534921874999883,1189.414988640344,74.35433871989964,74.71270546488748,12.180375081922056,80.13755544695596,0.034824167747992976,3.021470134832276e-05,5.39119011478962,0.5189999999999962,0.8821403046041179,1.1696856007868308,2.8754529618271296,0.22360660186539497,0.0,12.911826714870736,0.5345956074149011,3.0,280.41880257383775,87859.73525890447,1.0914922835971794,335.70379435974564,-0.017032231804795586,-0.006981495186471675,75.06558469010207,3075.1932838007338
9.554921874999883,1190.899641321751,74.11098230190034,74.46986396627649,12.164462898640888,80.28366732363618,0.03496644865275937,3.822716546321851e-05,5.39119011478962,0.5189999999999962,0.8821403046041179,1.1696746601793402,2.8753435557522233,0.2228897171252762,0.0,12.825811340075573,0.534552019280349,3.0,280.4091523314086,87843.94280999653,1.091333648869476,335.69794631283366,-0.01794127014027264,-0.0038126599192915864,74.82362029320365,3054.956179856361
9.574921874999882,1192.3794300448533,73.86794270449451,74.2273450546292,12.148611766389692,80.42964577004147,0.03510907372212103,4.327502199767259e-05,5.39119011478962,0.5189999999999962,0.8821403046041179,1.1696655052820728,2.8752520067795495,0.22217377215688267,0.0,12.74022488439805,0.534508628354129,3.0,280.3995337047084,87828.20209966284,1.0911755229888116,335.6921174250533,-0.018185194088442637,-0.0016445218674204125,74.5819840116553,3034.816831872198
9.594921874999882,1193.854361134887,73.6252188078521,73.98514731645909,12.13282219067566,80.57549142799101,0.03525196950009678,4.5235424385547276e-05,5.39119011478962,0.5189999999999962,0.8821403046041179,1.1696582087239806,2.8751790411986278,0.22145876266913492,0.0,12.655065233550625,0.5344654338224899,3.0,280.3899466526232,87812.51306062104,1.0910179053850766,335.68630767148966,-0.018191428288976668,0.0001822395644807993,74.34067434189863,3014.774789883658
9.614921874999881,1195.324440894442,73.38280946735935,73.74326933661817,12.117093143899703,80.72120487290981,0.03539505876261576,4.386465529741618e-05,5.39119011478962,0.5189999999999962,0.8821403046041179,1.1696529148448487,2.8751261024073083,0.22074468439274744,0.0,12.57033029416834,0.5344224348771024,3.0,280.3803911341861,87796.87562582963,1.090860795490068,335.6805170273168,-0.0179943232482891,0.0019514963100409493,74.09968978798933,2994.829606994152
9.63492187499988,1196.7896756035818,73.14071357486324,73.50170971599162,12.101424854085478,80.86678661459345,0.03553826974662697,3.924226671144524e-05,5.39119011478962,0.5189999999999962,0.8821403046041179,1.169649576443539,2.875092718394212,0.2200315330799689,0.0,12.486017999637188,0.534379630715011,3.0,280.3708671085767,87781.28972848675,1.0907041927374779,335.6747454677975,-0.017612141381715476,0.003902191527538675,73.85902886150782,2974.9808393482845
9.65492187499988,1198.250071519706,72.89892997899315,73.26046704820378,12.085817778695434,81.01223709979598,0.03568154014198283,3.1755021311323464e-05,5.39119011478962,0.5189999999999962,0.8821403046041179,1.169647964280685,2.875076596765671,0.21931930450398546,0.0,12.40212630820508,0.5343370205385657,3.0,280.3613745351219,87765.7553020316,1.0905480965629113,335.6689929682839,-0.016675194843929327,0.006664993446771516,73.6186900813572,2955.2280460963207
9.67492187499988,1199.7056348775018,72.65745754873431,73.01953993800458,12.070272404587675,81.15755671413143,0.035824815683713845,2.259398854353821e-05,5.39119011478962,0.5189999999999962,0.8821403046041179,1.1696473723409269,2.87507067736809,0.21860799445870663,0.0,12.318653200692305,0.5342946035553785,3.0,280.3519133732962,87750.27228014497,1.0903925064038926,335.66325950421754,-0.013677321648138901,0.011564075422530858,73.37867197368939,2935.5707893693098
9.69492187499988,1201.1563718884408,72.41629508386643,72.77892697515664,12.054791339687615,81.30274578716684,0.03596805309804231,1.673202017791512e-05,5.39119011478962,0.5189999999999962,0.8821403046041179,1.1696448525917784,2.8750454798766056,0.21789759875849987,0.0,12.235596678343011,0.5342523789782757,3.0,280.3424835827251,87734.8405967546,1.0902374216999209,335.6575450511314,-0.002378322541319743,0.017731974193539758,73.13897307181453,2916.008634253227
9.71492187499988,1202.602288739213,72.17544131172328,72.5386267335293,12.03937869837619,81.44780460494316,0.036111221058953535,2.3126895010054464e-05,5.39119011478962,0.5189999999999962,0.8821403046041179,1.1696350943689813,2.8749478976486342,0.21718811323869175,0.0,12.152954754094036,0.5342103460252973,3.0,280.3330851231951,87719.46018605186,1.0900828418926414,335.65184958465625,0.011387518649987346,0.013829428868503853,72.89959191636865,2896.5411487841843
9.734921874999879,1204.0433915901936,71.93489487837468,72.29863776862338,12.02403651464014,81.59273342213999,0.03625430131990541,3.782296027863309e-05,5.39119011478962,0.5189999999999962,0.8821403046041179,1.1696204427534016,2.8748013814928375,0.21647953375627013,0.0,12.070725446822287,0.5341685039197068,3.0,280.3237179546637,87704.13098250801,1.0899287664260098,335.6461730805262,0.01567225006242244,0.008760670832688265,72.66052705554866,2877.167903948763
9.754921874999878,1205.4796865742514,71.69465437624127,72.05895862568434,12.008767066094865,81.73753247172398,0.03639728431621402,5.543871436104245e-05,5.39119011478962,0.5189999999999962,0.8821403046041179,1.1696040882074077,2.8746378360328984,0.2157718561905031,0.0,11.988906783246472,0.5341268518899963,3.0,280.31438203726736,87688.8529208869,1.0897751947464227,335.640515514584,0.016975950527318595,0.00609335542179896,72.42177704531915,2857.8884736817226
9.774921874999878,1206.9111797952994,71.45471832949696,71.81958783558068,11.993572515448818,81.8822019763007,0.036540168693288334,7.400561159220943e-05,5.39119011478962,0.5189999999999962,0.8821403046041179,1.1695871976956342,2.874468930915164,0.21506507644375206,0.0,11.90749679279169,0.534085389169902,3.0,280.30507733133055,87673.6259362604,1.089622126302875,335.6348768627863,0.017562397892505795,0.004501022565727396,72.18334044968445,2838.7024348686687
9.794921874999877,1208.337877327382,71.21508522539794,71.58052392402,11.978454093981103,82.02674215559732,0.03668296045291144,9.282361150321836e-05,5.39119011478962,0.5189999999999962,0.8821403046041179,1.1695701861070715,2.8742988150295368,0.21435919044202964,0.0,11.826493514605223,0.5340441149984032,3.0,280.295803797372,87658.44996401809,1.0894695605470583,335.62925710120743,0.017923717790969504,0.0034250258261563,71.94521584087465,2819.6093673414593
9.814921874999877,1209.7597852138763,70.97575350596149,71.341765409184,11.96341466535312,82.17115323308524,0.036825674147849936,0.00011111441207910976,5.39119011478962,0.5189999999999962,0.8821403046041179,1.1695535146088298,2.87413210004712,0.2136541941354922,0.0,11.745894987717849,0.5340030286197184,3.0,280.2865613961098,87643.32493987575,1.0893174969334511,335.62365620604254,0.018210710085812307,0.002639401647859761,71.7074017995095,2800.6088538716544
9.834921874999877,1211.176909466327,70.73672154227744,71.10331079438821,11.948456984261627,82.31543544506833,0.036968332321621944,0.0001281472911222167,5.39119011478962,0.5189999999999962,0.8821403046041179,1.169537616058291,2.8739731145417324,0.21295008349934233,0.0,11.66569925395504,0.5339621292833241,3.0,280.27735008846884,87628.25079988777,1.0891659349194436,335.61807415361216,0.018487311162961234,0.002052542461205557,71.46989691490018,2781.700480174614
9.854921874999876,1212.5892560628474,70.49798762959679,70.86515856679858,11.93358343886243,82.45958905271085,0.037110962518861285,0.00014327762040663148,5.39119011478962,0.5189999999999962,0.8821403046041179,1.1695228722039228,2.8738256759980496,0.2122468545347973,0.0,11.58590436218655,0.5339214162439765,3.0,280.2681698355915,87613.2274804642,1.089014873965512,335.61251092036844,0.018752231393741204,0.0015502012390703204,71.23269978537351,2762.88383491506
9.874921874999876,1213.996830947184,70.25955002396498,70.62730720816289,11.918794710262357,82.6036143493318,0.037253599257948314,0.00015623091681584388,5.39119011478962,0.5189999999999962,0.8821403046041179,1.1695094454058146,2.8736914080169673,0.211544503269427,0.0,11.5065083830042,0.5338808887616955,3.0,280.2590205988433,87598.25491838055,1.0888643135353206,335.606966482899,0.019019925217553774,0.0010811039233758182,70.99580901838411,2744.1585096956237
9.894921874999875,1215.399640027831,70.02140697293738,70.3897552037657,11.904092062215945,82.74751166726806,0.03739628594962007,0.00016663828804271483,5.39119011478962,0.5189999999999962,0.8821403046041179,1.169497553972147,2.873572493680292,0.21084302575719874,0.0,11.427509398007768,0.5338405461017321,3.0,280.2499023398191,87583.33305078743,1.0887142530958196,335.6014408179303,0.01928758078032442,0.0006249912946809158,70.7592232305279,2725.5240990377065
9.914921874999875,1216.797689178122,69.78355668201517,70.15250103263674,11.889476498924369,82.89128137793112,0.03753907313353186,0.00017419901873679466,5.39119011478962,0.5189999999999962,0.8821403046041179,1.1694873758228277,2.8734707121870984,0.21014241807874146,0.0,11.348905507058884,0.5338003875345493,3.0,280.2408150203422,87568.46181520939,1.0885646921172367,335.5959339023274,0.01957621556321103,0.00019281171536831058,70.52294104762856,2706.980200367739
9.934921874999874,1218.1909842350915,69.54599734353192,69.91554317597901,11.874948266272515,83.03492390028471,0.037682016740177494,0.00017875764774468993,5.39119011478962,0.5189999999999962,0.8821403046041179,1.1694790028514697,2.873386982473518,0.2094426763414031,0.0,11.27069483388804,0.5337604123357885,3.0,280.23175860247187,87553.64114955712,1.0884156300732029,335.59044571309795,0.019845647666152242,-0.0002325538390714842,70.28696110475558,2688.526413998507
9.954921874999874,1219.5795309997377,69.30872714674088,69.67888012002872,11.860507142880541,83.17843969962588,0.03782517393224256,0.00018025767871662218,5.39119011478962,0.5189999999999962,0.8821403046041179,1.1694724683682656,2.873321637641477,0.20874379667890225,0.0,11.192875525984629,0.5337206197862161,3.0,280.2227330485017,87538.8709921246,1.0882670664407235,335.5849762273921,0.020116843778875584,-0.0006560979449402816,70.05128204610497,2670.1623430996956
9.974921874999874,1220.9633352368965,69.07174430014436,69.44251036250068,11.846151935770402,83.32182928900824,0.037968602274605294,0.0001788571532641201,5.39119011478962,0.5189999999999962,0.8821403046041179,1.1694676786302598,2.8732737402614195,0.20804577525092244,0.0,11.115445759703496,0.5336810091716647,3.0,280.21373832096015,87524.15128159054,1.088119000700199,335.5795254225019,0.02036944545556398,-0.0010852586513625485,69.81590252486104,2651.887593667404
9.994921874999873,1222.342402675954,68.83504703939052,69.20643241477526,11.83188154827892,83.46509322490333,0.03811235890764169,0.0001746933031984193,5.39119011478962,0.5189999999999962,0.8821403046041179,1.1694645522808556,2.873242476767377,0.20734860824254364,0.0,11.038403729637858,0.5336415797829674,3.0,280.2047743826063,87509.48195701068,1.087971432335347,335.5740932758594,0.020610570375966097,-0.0015223567049455688,69.58082120300297,2633.7017744895684
10.014921874999873,1223.7167390111765,68.59863363395154,68.97064480379021,11.81769502528335,83.60823210550319,0.03825649665634115,0.00016785791094157108,5.39119011478962,0.5189999999999962,0.8821403046041179,1.169463034938599,2.873227303344812,0.20665229186389644,0.0,10.961747646545678,0.5336023309159048,3.0,280.19584119642735,87494.86295781433,1.087824360833171,335.568679765035,0.020836572467797937,-0.001958396823252299,69.3460367511864,2615.604497117572
10.034921874999872,1225.086349902529,68.36250237576787,68.73514606864455,11.803590159168888,83.75124656570442,0.03840106061071984,0.00015873811527618496,5.39119011478962,0.5189999999999962,0.8821403046041179,1.1694628972465915,2.873225926424736,0.20595682234981605,0.0,10.885475748781083,0.5335632618711524,3.0,280.1869387256335,87480.2942237957,1.0876777856838755,335.56328486773396,0.021017164409046114,-0.0024238448203838196,69.1115478486246,2597.595375837976
10.054921874999872,1226.4512409764973,68.126651625535,68.49993477401335,11.789564418358612,83.89413727211185,0.03854609010631909,0.0001477965415134875,5.39119011478962,0.5189999999999962,0.8821403046041179,1.1694638651176716,2.873235605135538,0.2052621959589541,0.0,10.809586290187346,0.5335243719541986,3.0,280.17806693365276,87465.77569510513,1.0875317063807786,335.55790856179357,0.02117989016490567,-0.0029204351000230873,68.87735318278767,2579.6740276309233
10.074921874999871,1227.8114178272722,67.89107979610796,68.26500950524597,11.775615735861463,84.03690491564019,0.038691616365522756,0.0001353944828676327,5.39119011478962,0.5189999999999962,0.8821403046041179,1.1694657244890447,2.873254198849269,0.20456840897350645,0.0,10.734077531813297,0.5334856604752974,3.0,280.1692257841227,87451.30731223641,1.0873861224201897,335.5525508251784,0.021299653151706094,-0.003457179662874317,68.6434514493084,2561.8400721444464
10.094921874999871,1229.1668860179195,67.65578536192989,68.0303688710599,11.761741674298072,84.17955020429676,0.03883766303020896,0.00012195436150593458,5.39119011478962,0.5189999999999962,0.8821403046041179,1.1694682250419597,2.8732792043784183,0.20387545769870896,0.0,10.65894774613328,0.5334471267494101,3.0,280.1604152408835,87436.88901601454,1.0872410333012859,335.5472116359754,0.021392551650011978,-0.004014970915319737,68.40984135181004,2544.0931316632323
10.11492187499987,1230.5176510813726,67.42076683653754,67.79601149693102,11.74794025943994,84.32207385722167,0.0389842434397115,0.00010779278161648788,5.39119011478962,0.5189999999999962,0.8821403046041179,1.169471179132255,2.873308745281371,0.2031833384627786,0.0,10.584195211147811,0.5334087700961705,3.0,280.1516352679711,87422.5207475849,1.0870964385260053,335.54189097239043,0.0214385488640369,-0.004589497624527395,68.17652160188396,2526.4328310889045
10.13492187499987,1231.863718521484,67.18602279611905,67.56193603193807,11.734208263791254,84.4644765984113,0.03913136006197414,9.356999881304361e-05,5.39119011478962,0.5189999999999962,0.8821403046041179,1.1694741953764896,2.873338907723717,0.2024920476163505,0.0,10.509818220370876,0.5333705898398242,3.0,280.14288582961035,87408.20244840231,1.086952337598941,335.53658881274384,0.021427115947602823,-0.00522451461118973,67.94349091889795,2508.8587979079302
10.15492187499987,1233.2050938143382,66.95155188680194,67.32814115085594,11.720543973176667,84.60675914876374,0.039279006127066494,7.958203662892464e-05,5.39119011478962,0.5189999999999962,0.8821403046041179,1.1694770982064333,2.8733679360231545,0.2018015815320558,0.0,10.43581506500643,0.5333325853091748,3.0,280.13416689020676,87393.93406021692,1.0868087300271996,335.5313051354653,0.0213650438129034,-0.005932681500427403,67.71074802985169,2491.370662163323
10.17492187499987,1234.54178240935,66.7173528007595,67.09462554711669,11.706944421246725,84.74892221963673,0.03942716778113047,6.63767337320863e-05,5.39119011478962,0.5189999999999962,0.8821403046041179,1.1694795627374561,2.8733925813333827,0.20111193660440754,0.0,10.362184048395294,0.5332947558375492,3.0,280.1254784143392,87379.7155250626,1.0866656153202854,335.5260399190896,0.02124329982533437,-0.0066615610617544755,67.47829166933586,2473.968056434327
10.194921874999869,1235.8737897304893,66.48342428984436,66.8613879367514,11.693408277781844,84.89096650566411,0.03957582432142555,5.418518529345898e-05,5.39119011478962,0.5189999999999962,0.8821403046041179,1.1694814517899428,2.8734114718582493,0.20042310924933726,0.0,10.288923476390226,0.5332571007627427,3.0,280.1168203667518,87365.54678524382,1.0865229929899738,335.5207931422516,0.021074097564103625,-0.00744700160479928,67.24612057937378,2456.6506158076545
10.214921874999868,1237.2011211768313,66.2497651226156,66.62842704571956,11.679934058525534,85.0328926820875,0.039724947376822764,4.321950219781385e-05,5.39119011478962,0.5189999999999962,0.8821403046041179,1.169482639417462,2.8734233481334415,0.1997350959041374,0.0,10.216031690022042,0.5332196207330004,3.0,280.10819271235056,87351.42778332991,1.0863808625502516,335.51556478368445,0.02085741527444419,-0.008183166561093837,67.01423350940004,2439.417977859187
10.234921874999868,1238.5237821235542,66.01637413675515,66.39574162516861,11.666518857031189,85.17470139917448,0.039874503400566884,3.4008899660612505e-05,5.39119011478962,0.5189999999999962,0.8821403046041179,1.1694828116540816,2.873425070499638,0.1990478930264721,0.0,10.143507032656135,0.5331823158708865,3.0,280.09959541619685,87337.35846214439,1.086239223517213,335.5103548222153,0.02069315662716526,-0.00871280178100385,66.78262921592601,2422.269782612989
10.254921874999868,1239.841777922878,65.78325019344943,66.16333043813758,11.653162360662977,85.31639327708902,0.040024454295744964,2.6605863701331308e-05,5.39119011478962,0.5189999999999962,0.8821403046041179,1.1694819371537761,2.8734163254965828,0.19836149709500603,0.0,10.071347800046139,0.5331451834413814,3.0,280.0910284435013,87323.33876475497,1.0860980754089615,335.50516323676175,0.020673812073652507,-0.008867963721070344,66.55130646274844,2405.205672540202
10.274921874999867,1241.155113904348,65.5503921655339,65.93119225594454,11.639863892182905,85.45796890512504,0.04017476061550097,2.109320291948706e-05,5.39119011478962,0.5189999999999962,0.8821403046041179,1.169479966618109,2.873396620139912,0.19767590460895698,0.0,9.99955234191867,0.533108222799761,3.0,280.0824917596217,87309.36863447058,1.0859574177455813,335.4999900063308,0.021003271368797472,-0.008143844197739584,66.32026402079747,2388.225292531878
10.294921874999867,1242.4637953751778,65.31779894967683,65.69932586169699,11.626621880244077,85.59942884053648,0.04032538072130559,1.7872264141157593e-05,5.39119011478962,0.5189999999999962,0.8821403046041179,1.1694766618788244,2.873363572747065,0.19699111208770761,0.0,9.928119022658496,0.5330714333055626,3.0,280.0739853300613,87295.44801483766,1.085817250049101,335.49483511001716,0.02180998671884324,-0.005711735337443258,66.08950066800438,2371.328289873538
10.314921874999866,1243.767827620897,65.08546947413384,65.46773005250093,11.613435712602167,85.74077360541142,0.040476272102722005,1.747570804477648e-05,5.39119011478962,0.5189999999999962,0.8821403046041179,1.169471706928479,2.8733140232436116,0.19630711607039486,0.0,9.85704622046641,0.5330348143225362,3.0,280.0655091204641,87281.57684963333,1.085677571843428,335.4896985270013,0.022492498831888624,-0.0018412210252829932,65.85901518916182,2354.514314219408
10.334921874999866,1245.0672159055355,64.85340266511524,65.23640362946097,11.600305225787066,85.8820036865555,0.04062739214292445,2.0110976140026427e-05,5.39119011478962,0.5189999999999962,0.8821403046041179,1.16946497864621,2.8732467404209205,0.19562391311572816,0.0,9.786332327692996,0.5329983652186088,3.0,280.057063096614,87267.75508286341,1.0855383826543283,335.4845802365481,0.022515412192317112,0.0017891300963955362,65.62880637586102,2337.783017572544
10.354921874999865,1246.3619654717968,64.62159745884968,65.00534540118718,11.58723029561526,86.02311953545704,0.04077869948171216,2.559421815717215e-05,5.39119011478962,0.5189999999999962,0.8821403046041179,1.1694565859658899,2.87316281361772,0.19494149980175404,0.0,9.715975751566559,0.5329620853658457,3.0,280.0486472244333,87253.98265876056,1.0853996820094118,335.4794802180066,0.022237745150605802,0.00412546106266279,65.39887302641108,2321.134054263867
10.374921874999865,1247.6520815409206,64.39005276806449,64.77455417382795,11.574211562172712,86.16412157023797,0.0409301537301178,3.347944070793107e-05,5.39119011478962,0.5189999999999962,0.8821403046041179,1.1694467933011046,2.873064886969867,0.19425987272581544,0.0,9.645974912817653,0.5329259741404223,3.0,280.040261469984,87240.25952178576,1.0852614694381477,335.4743984508103,0.02203712481151292,0.005216138693916519,65.16921394582391,2304.567080936097
10.394921874999865,1248.9375693123911,64.15876751040629,64.54402875948045,11.561249754456261,86.30501017856717,0.04108171535780842,4.3389847913551005e-05,5.39119011478962,0.5189999999999962,0.8821403046041179,1.1694358240747749,2.87295519470657,0.19357902850452807,0.0,9.576328244729902,0.5328900309225979,3.0,280.0319057994694,87226.58561663138,1.085123744471897,335.4693349144785,0.022020816575569847,0.005522966616967433,64.93982794580491,2288.0817565282414
10.414921874999864,1250.2184339636542,63.9277405610788,64.31376796214981,11.548345989208437,86.44578572047895,0.041233347602790876,5.4965392807855395e-05,5.39119011478962,0.5189999999999962,0.8821403046041179,1.1694238917654631,2.8728358716134528,0.1928989637739394,0.0,9.507034191343047,0.5328542550966979,3.0,280.0235801792362,87212.96088822426,1.0849865066439461,335.46428958861713,0.02210461888389305,0.005433749579931025,64.71071384480497,2271.677742264448
10.434921874999864,1251.4946806495068,63.696970774547076,64.08377058419512,11.535500992665725,86.58644853323608,0.04138501821242086,6.801709092927719e-05,5.39119011478962,0.5189999999999962,0.8821403046041179,1.1694111084379182,2.8727080383380033,0.19221967518972835,0.0,9.438091208294523,0.5328186460510993,3.0,280.0152845757782,87199.38528173213,1.0848497554895715,335.4592624529216,0.022236139792800806,0.00519104150085915,64.48187046808643,2255.3547016439134
10.454921874999863,1252.7663145016227,63.46645699315481,63.85403542892246,11.522715901622883,86.72699893527968,0.04153669809481793,8.219202263471081e-05,5.39119011478962,0.5189999999999962,0.8821403046041179,1.1693976833333617,2.8725737872924384,0.19154115942741282,0.0,9.369497758746183,0.5327832031782159,3.0,280.00701895573945,87185.85874256869,1.0847134905460953,335.4542534871781,0.022417909029865013,0.00481441281998893,64.25329664779133,2239.1123004308765
10.474921874999863,1254.033340628188,63.236198014730974,63.624561291007225,11.509992011317774,86.86743722941989,0.04168836501824295,9.713456428450372e-05,5.39119011478962,0.5189999999999962,0.8821403046041179,1.1693838272721768,2.8724352266805897,0.1908634131827048,0.0,9.301252313583472,0.5327479258744902,3.0,279.9987832859168,87172.38121639748,1.0845777113529238,335.44926267126556,0.02262563372293551,0.004357003268101437,64.02499122305943,2222.950206648004
10.494921874999863,1255.295764113073,63.0061926253234,63.39534696626333,11.497329658067077,87.00776370893163,0.04184000531853357,0.00011275092787945584,5.39119011478962,0.5189999999999962,0.8821403046041179,1.1693695958257324,2.8722929122161456,0.1901864331718096,0.0,9.233353356431671,0.532712813540384,3.0,279.990577533265,87158.9526491407,1.0844424174516387,335.4442899851586,0.022829792527621656,0.0038858369701503938,63.79695304012749,2206.868090568471
10.514921874999862,1256.5535900158536,62.7764395936014,63.16639124995946,11.484729644580293,87.14797865821232,0.04199161252751697,0.00012885247002133594,5.39119011478962,0.5189999999999962,0.8821403046041179,1.1693551007876315,2.8721479618351364,0.18951021613148053,0.0,9.165799378403685,0.5326778655803546,3.0,279.98240166489694,87145.57298697895,1.0843076083859968,335.43933540892755,0.02303712293610291,0.003453354522235261,63.56918095234605,2190.8656247020817
10.534921874999862,1257.8068233710853,62.54693765427397,62.93769293198603,11.472194264834025,87.28808235813054,0.04214318496596845,0.00014483828048570687,5.39119011478962,0.5189999999999962,0.8821403046041179,1.169340698270039,2.872003936659211,0.1888347588195709,0.0,9.098588868072152,0.5326430814028571,3.0,279.97425564808793,87132.242176359,1.084173283702009,335.43439892274125,0.023275083014569407,0.0030578205420095893,63.34167382036358,2174.9424837930856
10.554921874999861,1259.0554691874408,62.31768548381556,62.70925078977615,11.459725255012513,87.42807509216745,0.0422947250722866,0.00016024079603294437,5.39119011478962,0.5189999999999962,0.8821403046041179,1.1693266652841332,2.8718636068001535,0.18816005801584532,0.0,9.031720321967477,0.5326084604203597,3.0,279.9661394502816,87118.96016400293,1.0840394429480356,335.4294805068707,0.023502272502638952,0.0026937239472035832,63.11443051239764,2159.098344823766
10.57492187499986,1260.2995324469764,62.08868175163793,62.48106360352437,11.447322194604029,87.56795715167912,0.04244624081513577,0.00017508713637416358,5.39119011478962,0.5189999999999962,0.8821403046041179,1.1693129856158484,2.8717268101173055,0.1874861105220329,0.0,8.965192258388264,0.532574002049319,3.0,279.95805303909464,87105.72689691593,1.0839060856748655,335.42458014169137,0.02373181855713299,0.002352317974826854,62.88744990425163,2143.3328870003047
10.59492187499986,1261.5390181051,61.85992511236788,62.25313015390832,11.434986501360976,87.70772883671755,0.04259774455114393,0.00018897392451911764,5.39119011478962,0.5189999999999962,0.8821403046041179,1.1692998981739666,2.8715959356984877,0.18681291316201085,0.0,8.899003191979299,0.5325397057101626,3.0,279.94999638231684,87092.5423223867,1.083773211435722,335.419697807684,0.023985691352823444,0.0020357171401507728,62.66073087937479,2127.6457917414727
10.61492187499986,1262.77393108984,61.63141418146973,62.025449214951784,11.42272006830242,87.84739046118571,0.04274925173764758,0.00020137418189793187,5.39119011478962,0.5189999999999962,0.8821403046041179,1.1692877150680796,2.8714741046396175,0.18614046278251137,0.0,8.83315164034022,0.5325055708272975,3.0,279.941969447916,87079.4063879951,1.0836408197863427,335.4148334854371,0.024247718503930052,0.0017366951171066654,62.43427232909825,2112.036742679368
10.63492187499986,1264.004276301257,61.40314754912246,61.79801955819674,11.410522674399369,87.98694235703843,0.04290078135896867,0.0002122556209095475,5.39119011478962,0.5189999999999962,0.8821403046041179,1.169276455236215,2.8713615063209708,0.185468756253397,0.0,8.76763614742012,0.5324715968290962,3.0,279.9339722040418,87066.31904161855,1.0835089102850455,335.40998715564933,0.02451148126789534,0.0014482136414359912,62.20807315272615,2096.5054256500557
10.654921874999859,1265.2300586112794,61.17512380473467,61.5708399599678,11.39839502102482,88.12638487580884,0.043052355456509254,0.0002213772149404231,5.39119011478962,0.5189999999999962,0.8821403046041179,1.1692662613173852,2.8712595671326735,0.18479779046752076,0.0,8.702455260645221,0.5324377831478622,3.0,279.9260046190267,87053.2802314337,1.0833774824927458,335.40515879913016,0.024786164105692222,0.0011852008102684252,61.98213225748718,2081.051528674674
10.674921874999859,1266.4512828634543,60.94734152365894,61.343909197452994,11.38633736092035,88.26571839063126,0.043203998111145,0.00022859289117982995,5.39119011478962,0.5189999999999962,0.8821403046041179,1.1692572196894242,2.8711691508530635,0.1841275623410299,0.0,8.637607542116525,0.5324041292198172,3.0,279.9180666613875,87040.28990591908,1.0832465359729877,335.40034839680084,0.0250683864983562,0.0009332617840107389,61.75644855863509,2065.674741950678
10.694921874999858,1267.6679538727335,60.71979927964362,61.11722605241464,11.374349253996323,88.40494329800737,0.04335573371228831,0.00023391880105591207,5.39119011478962,0.5189999999999962,0.8821403046041179,1.1692493206255383,2.8710901602142047,0.18345806881336527,0.0,8.573091572353086,0.5323706344850736,3.0,279.91015829982723,87027.34801385742,1.0831160702919667,335.3955559296953,0.02534234774143838,0.000665872229644849,61.53102097944694,2050.3747578361676
10.714921874999858,1268.8800764257505,60.492495662394575,60.89078931635288,11.362430228258146,88.54406001654667,0.04350758953282784,0.00023738843574791597,5.39119011478962,0.5189999999999962,0.8821403046041179,1.1692425441505507,2.871022395464329,0.18278930684690886,0.0,8.50890594487047,0.5323372983875896,3.0,279.9022795032326,87014.45450433265,1.0829860850185031,335.390781378959,0.025615026379667016,0.00038575161830939326,61.30584845110306,2035.1512708263476
10.734921874999857,1270.087655280967,60.26542926522252,60.66459778681894,11.350580432997623,88.6830689864919,0.04365959480514356,0.00023889031773582494,5.39119011478962,0.5189999999999962,0.8821403046041179,1.1692369562090936,2.8709665160497577,0.18212127342707005,0.0,8.445049259289357,0.532304120375145,3.0,279.89443024067367,87001.60932672839,1.0828565797240264,335.38602472584824,0.025893120387085047,0.0001289770497847291,61.08092991271428,2020.003977539996
10.754921874999857,1271.2906951687269,60.038598684971085,60.43865026738401,11.33879954004636,88.82197066981988,0.04381177859325325,0.0002384187654650337,5.39119011478962,0.5189999999999962,0.8821403046041179,1.169232560086088,2.8709225548197015,0.18145396556228718,0.0,8.381520131591687,0.532271099899315,3.0,279.88661048140324,86988.81243072732,1.0827275539825738,335.3812859517304,0.026174158750052714,-0.00013034005193133356,60.85626431132087,2004.9325767041319
10.774921874999857,1272.4892007913961,59.81200252503076,60.212945568519594,11.32708636028496,88.96076554979888,0.04396416867131477,0.00023618417074119737,5.39119011478962,0.5189999999999962,0.8821403046041179,1.1692292310641261,2.8708892646000828,0.18078738028394475,0.0,8.318317198381457,0.5322382364154388,3.0,279.8788201948559,86976.06376630976,1.0825990073707743,335.3765650380827,0.02643967754844339,-0.00040427504155478875,60.631850601862986,1989.9367691368554
10.794921874999856,1273.683176823689,59.58563941933716,59.98748251468425,11.315440568101273,89.0994541294203,0.04411679304322912,0.00023218906321264329,5.39119011478962,0.5189999999999962,0.8821403046041179,1.169226967607452,2.870866630033342,0.18012151464591225,0.0,8.255439099035824,0.5322055293825699,3.0,279.871059350646,86963.36328375014,1.0824709394678178,335.3718619664915,0.026705167588667728,-0.0007003872593394707,60.40768774702426,1975.0162577219826
10.814921874999856,1274.8726279130633,59.35950801190133,59.7622599382167,11.30386084931495,89.238036929426,0.04426967957748742,0.0002266833013454161,5.39119011478962,0.5189999999999962,0.8821403046041179,1.1692256216468278,2.870853170427099,0.17945636572468002,0.0,8.19288449353745,0.5321729782634566,3.0,279.86332791856506,86950.71093361283,1.082343349855413,335.3671767186504,0.02695077455932469,-0.001012757093943604,60.18377471727552,1960.1707473969986
10.834921874999855,1276.0575586802292,59.13360698144504,59.53727668661061,11.29234593314543,89.37651448566045,0.044422855889241976,0.00021990474743230655,5.39119011478962,0.5189999999999962,0.8821403046041179,1.1692250522226264,2.8708474761850855,0.17879193061884624,0.0,8.130652051012714,0.5321405825244894,3.0,279.8556258685785,86938.10666674672,1.082216238117734,335.36250927635854,0.027190899924715024,-0.0013255090002981713,59.96011049070088,1945.399945126881
10.854921874999855,1277.237973719731,58.90793503196119,59.312531619674594,11.280894473837362,89.51488734603139,0.0445763477658627,0.00021211470690764945,5.39119011478962,0.5189999999999962,0.8821403046041179,1.169225104479286,2.870847998751682,0.1781282064490601,0.0,8.068740450407306,0.5321083416356739,3.0,279.8479531708217,86925.55043427905,1.0820896038413623,335.35785962151795,0.027405727494907814,-0.001658451783619081,59.73669405297667,1930.7035598881173
10.874921874999854,1278.413877600522,58.68249090280414,59.08802361250374,11.26950523764181,89.65315606752938,0.04473017854337533,0.0002035372907889711,5.39119011478962,0.5189999999999962,0.8821403046041179,1.1692256455907242,2.870853409866063,0.1774651903577199,0.0,8.007148377733243,0.5320762550705892,3.0,279.84030979559657,86913.04218760923,1.0819634466152235,335.35322773613154,0.02761885150094476,-0.0019625087926698685,59.51352439726838,1916.0813026475446
10.894921874999854,1279.5852748665773,58.45727335227276,58.86375155055795,11.25817702177777,89.79132121306898,0.04488436744445884,0.0001943962607980737,5.39119011478962,0.5189999999999962,0.8821403046041179,1.1692265429217885,2.8708623831767066,0.176802879509005,0.0,7.945874527144582,0.5320443223063646,3.0,279.83269571336723,86900.58187840239,1.081837766030524,335.3486136023006,0.02781301603431361,-0.0022596284937297395,59.29060052423942,1901.5328863485806
10.914921874999854,1280.752170037422,58.23228118715828,58.63971433844688,11.24690765307927,89.92938334885783,0.0450389290593598,0.00018518110466967324,5.39119011478962,0.5189999999999962,0.8821403046041179,1.1692275063348672,2.870872017307493,0.1761412710883851,0.0,7.884917608552216,0.53201254282363,3.0,279.82511089475673,86888.16945858375,1.0817125616806995,335.3440172022226,0.027978448218028938,-0.0025620804055763386,59.067921441884764,1887.0580258863401
10.934921874999853,1281.9145676091518,58.00751324772114,58.415910895385466,11.235696276753188,90.06734303889844,0.04519387587722057,0.00017604432531025813,5.39119011478962,0.5189999999999962,0.8821403046041179,1.169228445372205,2.870881407680872,0.175480362302445,0.0,7.824276328200245,0.5319809161064837,3.0,279.8175553105405,86875.80488032773,1.0815878331613007,335.33943851818754,0.028147532452835942,-0.002863724491599128,58.84548616547002,1872.6564380896775
10.954921874999853,1283.0724720547753,57.78296839204056,58.19234015051989,11.224541468210594,90.20520084354465,0.045349217742112764,0.0001672764104306847,5.39119011478962,0.5189999999999962,0.8821403046041179,1.1692291877784209,2.8708888317430303,0.1748201503790259,0.0,7.7639494041002,0.5319494416424738,3.0,279.81002893164396,86863.48809605434,1.0814635800699632,335.33487753257623,0.028286305554352024,-0.0031470392299299916,58.62329371757721,1858.3278417102886
10.974921874999852,1284.2258878249513,57.55864552058498,57.969001050216455,11.213441628241421,90.34295731576742,0.045504961279550005,0.00015920538991689954,5.39119011478962,0.5189999999999962,0.8821403046041179,1.169229539017991,2.8708923441387313,0.17416063256673253,0.0,7.703935562435457,0.5319181189225503,3.0,279.8025317291378,86851.21905842134,1.081339802006329,335.3303342278575,0.02842805794143454,-0.003366973147851152,58.40134312793751,1844.0719573982813
10.994921874999852,1285.3748193485203,57.33454355418037,57.74589255145321,11.20239599595255,90.48061299866882,0.04566110912313536,0.00015195660045194605,5.39119011478962,0.5189999999999962,0.8821403046041179,1.1692294246805748,2.8708912007645693,0.1735018061350307,0.0,7.644233531846909,0.5318869474410454,3.0,279.7950636742346,86838.99772031854,1.0812164985719883,335.32580858658616,0.028570675650921737,-0.0035195368384335524,58.17963343346228,1829.8885076905653
11.014921874999851,1286.519271032989,57.110661433499,57.52301362163159,11.191403555428783,90.61816842330134,0.04581765938588023,0.00014573588124797254,5.39119011478962,0.5189999999999962,0.8821403046041179,1.169228722627687,2.870884180235691,0.17284366837407833,0.0,7.584842051383733,0.531855926695642,3.0,279.78762473828556,86826.82403486272,1.0810936693704325,335.32130059140104,0.028714121921539926,-0.0035771790384524563,57.95816367818476,1815.777216993681
11.034921874999851,1287.6592472648556,56.88699812410959,57.300363240072556,11.180463621109961,90.75562410744025,0.0459746055465561,0.0001406661662131748,5.39119011478962,0.5189999999999962,0.8821403046041179,1.1692273598617375,2.870870552576197,0.17218621659460612,0.0,7.525759866685735,0.5318250561873433,3.0,279.7802148927784,86814.6979553941,1.0809713140070183,335.3168102250237,0.028862339439939006,-0.003534293019234649,57.73693291321836,1801.7378115678337
11.05492187499985,1288.794752410066,56.663552598360845,57.07794039254677,11.16957529525512,90.89298055360672,0.046131937629561214,0.00013693994137623568,5.39119011478962,0.5189999999999962,0.8821403046041179,1.169225222154094,2.870849175499761,0.1715294481279219,0.0,7.466985733776317,0.5317943354204506,3.0,279.77283410933455,86802.61943547156,1.0808494320889215,335.31233747025675,0.02902024437291289,-0.0033790008881605504,57.515940196756645,1787.7700195136244
11.07492187499985,1289.9257908142656,56.44032385985643,56.85574407859796,11.158737378272814,91.03023824830275,0.04628964155363073,0.00013483656334249206,5.39119011478962,0.5189999999999962,0.8821403046041179,1.1692221437841765,2.870818391800587,0.17087336032563763,0.0,7.408518419368736,0.5317637639025252,3.0,279.7654823597073,86790.58842886984,1.0807280232251102,335.3078823099826,0.02917136467811173,-0.003108261483524353,57.295184593980146,1773.8735707531057
11.09492187499985,1291.0523668033745,56.2173109257353,56.63377330617097,11.147949623633826,91.16739765939263,0.04644770105220212,0.00013438516131227188,5.39119011478962,0.5189999999999962,0.8821403046041179,1.169218107374804,2.8707780277068617,0.17021795055958847,0.0,7.3503566942962895,0.5317333411443633,3.0,279.758159615778,86778.60488957359,1.080607087026286,335.3034447271615,0.029343919129939177,-0.002706177935316753,57.074665177027676,1760.04819701496
11.11492187499985,1292.174484683702,55.9945128202224,56.41202708966308,11.13721142808698,91.30445923615353,0.046606096092603896,0.00013573123877172222,5.39119011478962,0.5189999999999962,0.8821403046041179,1.1692130265795435,2.8707272197542566,0.1695632162218598,0.0,7.292499341486525,0.5317030666599724,3.0,279.7508658495559,86766.668771776,1.0804866231048715,335.2990247048309,0.02951209915063341,-0.002212758444691395,56.85438102500395,1746.293631822084
11.134921874999849,1293.2921487420851,55.77192856705797,56.19050444763026,11.126523154836848,91.44142340918762,0.04676480392993101,0.00013876374243047718,5.39119011478962,0.5189999999999962,0.8821403046041179,1.1692069671598815,2.8706666255576363,0.16890915472479834,0.0,7.234945148440368,0.5316729399665496,3.0,279.74360103317645,86754.78002987744,1.0803666310749982,335.29462222610493,0.02967965224180852,-0.0016503163401977933,56.63433122398197,1732.6096104789049
11.154921874999848,1294.4053632458647,55.549557199254885,55.96920440571886,11.11588430406802,91.57829059125181,0.04692380017660681,0.00014359774427161884,5.39119011478962,0.5189999999999962,0.8821403046041179,1.1691998608515248,2.8705955624740698,0.16825576350100327,0.0,7.1776929169531964,0.531642960584458,3.0,279.7363651389019,86742.93861848561,1.0802471105525093,335.2902372741745,0.02983833802367111,-0.0010933889078675266,56.41451486699878,1718.9958700583638
11.174921874999848,1295.5141324430192,55.327397742344026,55.7481259916123,11.105294964625957,91.71506117718258,0.047083059809107236,0.0001501770069060028,5.39119011478962,0.5189999999999962,0.8821403046041179,1.1691917409639239,2.87051436359806,0.16760304000342682,0.0,7.120741454939213,0.5316131280372083,3.0,279.72915813912033,86731.1444924142,1.0801280611549475,335.28586983230696,0.029990520322890006,-0.0005713958606453339,56.1949310540879,1705.452149391165
11.194921874999848,1296.618460562028,55.1054492196253,55.52726823662163,11.09475566287082,91.85173554534622,0.04724255880710242,0.00015831858554989976,5.39119011478962,0.5189999999999962,0.8821403046041179,1.1691827159342443,2.8704241133012642,0.16695098170547698,0.0,7.0640895767459515,0.5315834418514404,3.0,279.72198000634677,86719.3976066843,1.08000948250157,335.28151988384616,0.030143498343185523,-0.00011265616261363306,55.97557889231252,1691.9781890551221
11.214921874999847,1297.7183518117051,54.88371064786775,55.3066301744103,11.084266242034749,91.98831405923637,0.04740227421711873,0.00016801418475786598,5.39119011478962,0.5189999999999962,0.8821403046041179,1.1691727906822764,2.8703248607815857,0.16629958610121243,0.0,7.007736109410434,0.5315539015569092,3.0,279.7148307132239,86707.69791652623,1.0798913742133698,335.27718741221366,0.030286433261415953,0.00033160654937933594,55.756457495829764,1678.5737313663933
11.234921874999847,1298.8138103813344,54.66218105227403,55.086210845477005,11.073826301616034,92.12479706735063,0.04756218352044008,0.00017932621730560767,5.39119011478962,0.5189999999999962,0.8821403046041179,1.1691619282349568,2.8702162363083894,0.16564885070522292,0.0,6.951679890748413,0.5315245066864562,3.0,279.7077102325213,86696.04537737797,1.0797737359130595,335.2728724009079,0.030428162064224034,0.0007012699442698511,55.53756598584925,1665.2385203642718
11.254921874999846,1299.9048404406499,54.44085945229015,54.86600929290138,11.06343648965745,92.26118490394272,0.04772226455502486,0.00019202953015128157,5.39119011478962,0.5189999999999962,0.8821403046041179,1.1691502620815224,2.8700995747740454,0.16499877305284447,0.0,6.895919760122194,0.5314952567759966,3.0,279.70061853713577,86684.43994488555,1.079656567225078,335.2685748335043,0.03058872450565121,0.0009892705576221683,55.31890349070398,1651.972301802843
11.274921874999846,1300.9914461395867,54.219744842778034,54.646024556714984,11.0530978282376,92.39747789102539,0.047882497243958475,0.00020579470363468765,5.39119011478962,0.5189999999999962,0.8821403046041179,1.1691379874992727,2.869976828951548,0.16434935070060155,0.0,6.840454561242758,0.5314661513645155,3.0,279.6935556000927,86672.88157490552,1.0795398677756152,335.2642946936562,0.030763219397382163,0.001196923776342716,55.100469145997536,1638.774823147154
11.294921874999845,1302.0736316077925,53.99883620917568,54.426255678526374,11.042810823671612,92.53367634168482,0.04804286473973077,0.0002204328729503208,5.39119011478962,0.5189999999999962,0.8821403046041179,1.169125216439969,2.8698491183585118,0.1637005812264614,0.0,6.7852831483021525,0.5314371899940561,3.0,279.68652139454935,86661.37022351027,1.079423637192669,335.2600319650969,0.030948913922775913,0.0013449112752016972,54.882262094688386,1625.6458335655473
11.314921874999845,1303.1514009544771,53.778132517866176,54.20670169865461,11.032576256714872,92.66978056147046,0.048203352150201335,0.00023568684685580895,5.39119011478962,0.5189999999999962,0.8821403046041179,1.1691121013285974,2.869717967244796,0.1630524622301813,0.0,6.730404380131012,0.5314083722097116,3.0,279.6795158937959,86649.9058469896,1.0793078751060607,335.2557866316403,0.03115055686370261,0.0014650600425961406,54.66428148720525,1612.5850839236896
11.334921874999845,1304.2247582679884,53.557632716688225,53.987361656352455,11.022394370448128,92.80579085127819,0.04836394632740534,0.0002514318168702521,5.39119011478962,0.5189999999999962,0.8821403046041179,1.1690987161169781,2.869584115128603,0.16240499133372016,0.0,6.6758171262561,0.53137969755962,3.0,279.67253907125803,86638.48840185521,1.0791925811474834,335.2515586771824,0.03135872345230957,0.0015282516107066831,54.44652648158399,1599.592326779804
11.354921874999844,1305.2937076156688,53.33733575904532,53.76823459709989,11.012265463994769,92.94170750864825,0.04852463640784976,0.00026752779401106094,5.39119011478962,0.5189999999999962,0.8821403046041179,1.1690851437365783,2.869448391324605,0.1617581661812045,0.0,6.621520262645835,0.531351165594938,3.0,279.6655909004981,86627.11784484221,1.079077754950516,335.24734808570184,0.03158937796782273,0.0015401740915617465,54.22899624345507,1586.6673163709565
11.374921874999844,1306.358253043721,53.117240574013806,53.54931956365267,11.002190432711739,93.07753082899173,0.04868541484024246,0.0002836771038814419,5.39119011478962,0.5189999999999962,0.8821403046041179,1.169071560531732,2.8693125592761404,0.16111198443957156,0.0,6.567512666098714,0.5313227758698459,3.0,279.6586713552158,86615.79413291063,1.0789633961506422,335.2431548412608,0.031831913465150095,0.0015250798251021153,54.01168994625809,1573.8098086126572
11.394921874999843,1307.4183985767681,52.89734607786175,53.33061559957625,10.992169705065118,93.21326110847075,0.04884627689219052,0.0002997123348810804,5.39119011478962,0.5189999999999962,0.8821403046041179,1.169058065630437,2.8691776102631916,0.16046644379886052,0.0,6.5137932242364025,0.5312945279415353,3.0,279.651780409251,86604.51722325,1.0788495043852981,335.2389789280061,0.032089951057545835,0.0014940159079728762,53.79460677133827,1561.019561091395
11.414921874999843,1308.4741482176637,52.677651172803486,53.11212174892787,10.982204222449946,93.34889864546746,0.04900721942884128,0.0003153100200279687,5.39119011478962,0.5189999999999962,0.8821403046041179,1.1690448505921927,2.869045459880748,0.15982154197256554,0.0,6.460360824817293,0.5312664213702007,3.0,279.6449180365852,86593.28707328143,1.0787360792938927,335.23482033017063,0.03236784712840373,0.0014370718014821537,53.57774590806383,1548.2963330582504
11.434921874999842,1309.525505947076,52.45815474472239,52.893837055651744,10.97229403380787,93.48444374326318,0.04916824173209323,0.00033039909144858454,5.39119011478962,0.5189999999999962,0.8821403046041179,1.169031957412224,2.8689165280810625,0.1591772766981241,0.0,6.407214372197789,0.5312384557190352,3.0,279.638084211344,86582.10364066204,1.0786231205178554,335.2306790320745,0.03264359781292913,0.001369482018085765,53.36110655398855,1535.6398854250383
11.454921874999842,1310.5724757234846,52.23885568673182,52.67576057068541,10.962439077870668,93.61989671044654,0.049329345158770896,0.000344934451568548,5.39119011478962,0.5189999999999962,0.8821403046041179,1.1690194126943112,2.8687910809019335,0.1585336457367507,0.0,6.354352779349585,0.5312106305541981,3.0,279.6312789077973,86570.96688328494,1.0785106277006367,335.22655501812517,0.03293259989759464,0.0012951564437913977,53.14468791479482,1523.0499807476156
11.474921874999842,1311.6150614831245,52.01975288037617,52.45789134634427,10.95263989466041,93.75525786159656,0.04949053257408377,0.0003587055320912877,5.39119011478962,0.5189999999999962,0.8821403046041179,1.1690073410563353,2.8686703645221745,0.15789064687397666,0.0,6.301774959249469,0.5311829454448138,3.0,279.6245021003597,86559.87675927987,1.0783986004877157,335.2224482728179,0.03323635795410945,0.0012159606938498017,52.9284892044734,1510.5263832228475
11.494921874999841,1312.6532671397579,51.80084519834247,52.24022843719854,10.942896998017353,93.89052751887183,0.0496518081574554,0.00037149889589451125,5.39119011478962,0.5189999999999962,0.8821403046041179,1.1689958687950919,2.86855564190974,0.15724827791996415,0.0,6.249479831537447,0.5311553999629594,3.0,279.61775376359157,86548.83322701561,1.0782870385266268,335.2183587807365,0.03354870311355852,0.001117654280515671,52.7125096454275,1498.0688586810984
11.51492187499984,1313.687096584513,51.58213150297524,52.02277089968186,10.933210382479192,94.02570601321867,0.04981317785296494,0.0003832493408336357,5.39119011478962,0.5189999999999962,0.8821403046041179,1.1689850343913268,2.86844729787209,0.15660653670985936,0.0,6.197466330071452,0.5311279936836545,3.0,279.61103387220066,86537.83624510173,1.0781759414669776,335.2142865265536,0.03386952436890506,0.0010169035927647529,52.496748468590035,1485.6771745793571
11.53492187499984,1314.7165536857772,51.36361066117275,51.80551779659902,10.923579878426105,94.1607936852662,0.04997464916606483,0.0003939381560856661,5.39119011478962,0.5189999999999962,0.8821403046041179,1.1689748487906517,2.8683454418653387,0.15596542110377312,0.0,6.145733398833195,0.5311007261848344,3.0,279.6043424010424,86526.88577238967,1.0780653089604615,335.21023149503173,0.03419512226886917,0.0008980309629893468,52.2812049134159,1473.3510999872021
11.55492187499984,1315.7416422893189,51.14528154130728,51.588468196227375,10.91400566140112,94.29579088499281,0.05013623141327895,0.0004034460619837137,5.39119011478962,0.5189999999999962,0.8821403046041179,1.1689653825085904,2.8682507790447254,0.15532492898699793,0.0,6.094279984759084,0.5310735970473338,3.0,279.59767932511943,86515.98176797146,1.077955140660846,335.2061936710224,0.034531828808515984,0.0007610539167285977,52.06587822795343,1461.0904055772367
11.57492187499984,1316.762366218206,50.92714300660312,51.37162117036422,10.904487800977991,94.43069797246442,0.050297936216762804,0.00041168519904420854,5.39119011478962,0.5189999999999962,0.8821403046041179,1.1689566874521697,2.868163828480519,0.15468505827039478,0.0,6.043105044115372,0.5310466058548775,3.0,279.5910446195816,86505.12419118064,1.0778454362239844,335.20217303946646,0.03487036662990077,0.0006053938120391532,51.85076766897282,1448.8948636187004
11.594921874999839,1317.7787292727858,50.709193921332776,51.15497579622213,10.89502603279719,94.56551531823455,0.05045977720784504,0.00041866666943668186,5.39119011478962,0.5189999999999962,0.8821403046041179,1.1689487569247514,2.8680845232063357,0.1540458068905059,0.0,5.992207546144603,0.5310197521940585,3.0,279.5844382597269,86494.31300159241,1.0777361953078162,335.19816958539445,0.035217388593327105,0.0004490285540108771,51.63587250200272,1436.7642479658207
11.614921874999839,1318.7907352307293,50.49143315628291,50.938531158099075,10.885619950997588,94.70024330339545,0.05062176940254386,0.0004244377495663214,5.39119011478962,0.5189999999999962,0.8821403046041179,1.168941562819074,2.8680125821495617,0.15340717280964047,0.0,5.941586470024576,0.5309930356543161,3.0,279.57786022100026,86483.54815902315,1.077627417572366,335.19418329392613,0.03555324000209047,0.00028212467085034047,51.42119200135763,1424.6983340456627
11.634921874999838,1319.7983878473092,50.27385959952216,50.722286350618106,10.876268865560172,94.83488231840487,0.05078392855313063,0.00042913208189746937,5.39119011478962,0.5189999999999962,0.8821403046041179,1.1689350258924267,2.8679472128830885,0.15276915401571906,0.0,5.891240807357662,0.5309664558279032,3.0,279.5713104789925,86472.82962352755,1.0775191026797142,335.1902141502694,0.035896542518028325,0.00012858708285648135,51.20672545008436,1412.6968988414828
11.654921874999838,1320.8016908555933,50.056472145568264,50.506240475482215,10.866972234579647,94.9694327623601,0.05094627038000621,0.0004328394023888232,5.39119011478962,0.5189999999999962,0.8821403046041179,1.1689290929173013,2.8678878831318344,0.15213174852262148,0.0,5.841169555310843,0.5309400123098751,3.0,279.56478900943864,86462.15735539646,1.077411250293978,335.1862621397198,0.036229145609382896,-2.295170280937827e-05,50.99247214007734,1400.7597208855154
11.674921874999837,1321.8006479667927,49.83926970880092,50.29039264551188,10.857729587062119,95.1038950414808,0.051108809962633596,0.00043562972847589846,5.39119011478962,0.5189999999999962,0.8821403046041179,1.1689237223528677,2.8678341774874982,0.15149495436995158,0.0,5.791371717611873,0.5309137046980532,3.0,279.55829578821584,86451.53131515323,1.0773038600812739,335.1823272476588,0.03657079479218978,-0.000178699724933411,50.77843137199825,1388.8865802409155
11.694921874999837,1322.7952628703404,49.622251202033496,50.07474197823179,10.848540831551343,95.2382695689953,0.051271562225891285,0.0004374648433611093,5.39119011478962,0.5189999999999962,0.8821403046041179,1.1689189367627135,2.8677863215859567,0.150858769623698,0.0,5.741846299896882,0.530887532593027,3.0,279.55183079134275,86440.95146355288,1.0771969317097119,335.1784094595537,0.03690928376886197,-0.0003346999533985559,50.564602455496335,1377.0772585002928
11.714921874999837,1323.7855392340934,49.40541555031679,49.859287600038044,10.839405004288109,95.37255676439656,0.05143454173809367,0.0004385624413417283,5.39119011478962,0.5189999999999962,0.8821403046041179,1.1689146071644987,2.8677430256038083,0.1502231923760841,0.0,5.692592328277635,0.5308614955981216,3.0,279.5453939949784,86430.4177615799,1.0770904648493733,335.1745087609569,0.0372422202168722,-0.0004928877835283874,50.35098470915671,1365.3315387692166
11.734921874999836,1324.7714807045686,49.18876170121726,49.644028649308254,10.83032136202256,95.5067570525281,0.051597762678572925,0.00043907922589307507,5.39119011478962,0.5189999999999962,0.8821403046041179,1.1689106407001215,2.8677033609600366,0.14958822074546754,0.0,5.643608835779806,0.5308355936045981,3.0,279.5389853754203,86419.93017044582,1.07698445917229,335.17062513750466,0.03756891967928545,-0.000642436993746938,50.1375774604654,1353.6492056507514
11.754921874999836,1325.7530909074385,48.97228861850915,49.428964274483775,10.821289173411305,95.64087086135247,0.05176123872412027,0.00043916859486794915,5.39119011478962,0.5189999999999962,0.8821403046041179,1.1689069464712432,2.867666418671253,0.14895385287645385,0.0,5.59489485761895,0.5308098260901224,3.0,279.5326049091016,86409.48865158387,1.0768789143523874,335.16675857491555,0.037894013247488735,-0.0007794721092292143,49.9243800458459,1342.0300452339009
11.774921874999835,1326.73037344775,48.75599527284921,49.214093631297885,10.81230827446434,95.77489862116323,0.05192498198532728,0.00043881772426663347,5.39119011478962,0.5189999999999962,0.8821403046041179,1.1689035320182641,2.867632274141463,0.14832008694031829,0.0,5.546449427280384,0.5307841925114838,3.0,279.5262525725896,86399.09316664671,1.0767738300654663,335.16290905898927,0.038226337952411066,-0.0008996105964491708,49.71139181079928,1330.4738450876414
11.794921874999835,1327.7033319099737,48.539880640472234,48.99941588241934,10.803378297781823,95.90884076466168,0.05208900283912537,0.0004380778848295095,5.39119011478962,0.5189999999999962,0.8821403046041179,1.1689003669255058,2.8676006232138795,0.1476869211352596,0.0,5.498271590010748,0.5307586924827321,3.0,279.51992834258516,86388.7436775058,1.0766692059891971,335.1590765756066,0.038551624948029065,-0.0010123595493245789,49.498612109988045,1318.980394251836
11.814921874999834,1328.6719698582624,48.32394371267718,48.78493020032752,10.794498370526894,96.04269772597299,0.05225331044871568,0.0004371539131852401,5.39119011478962,0.5189999999999962,0.8821403046041179,1.1688973298334715,2.8675702522935365,0.14705435368634312,0.0,5.450360405268867,0.5307333256205474,3.0,279.5136321959213,86378.44014624882,1.0765650418030932,335.1552611107283,0.03887582202368681,-0.0011271236957502689,49.28604030721572,1307.5494832225206
11.834921874999834,1329.6362908367662,48.10818349894083,48.57063576826526,10.785667488152338,96.17646993939445,0.05241791307241897,0.0004362891688541529,5.39119011478962,0.5189999999999962,0.8821403046041179,1.1688942765660595,2.8675397196194163,0.14642238284556092,0.0,5.402714940692565,0.5307080915442166,3.0,279.507364109561,86368.18253517614,1.0764613371884781,335.151462650394,0.039184298558311764,-0.001214781567051273,49.07367577544571,1296.1809039393436
11.854921874999834,1330.596298370059,47.892599030911484,48.356531781444716,10.776884899402958,96.31015783760009,0.05258281760460747,0.0004356581874312084,5.39119011478962,0.5189999999999962,0.8821403046041179,1.1688911037017935,2.8675079909767565,0.1457910068918176,0.0,5.3553342668153485,0.5306829898756065,3.0,279.5011240605946,86357.9708067964,1.0763580918284412,335.1476811807203,0.039491940027595235,-0.0012951491516941876,48.861517896795085,1284.8744497717007
11.874921874999833,1331.5519959634803,47.67718935442587,48.14261744465202,10.768149853013668,96.44376185029869,0.052748029313149404,0.0004354344539918017,5.39119011478962,0.5189999999999962,0.8821403046041179,1.1688877084403224,2.8674740383620456,0.14516022413121185,0.0,5.308217460429055,0.5306580202391487,3.0,279.49491202623733,86347.80492382284,1.0762553054078017,335.14391668789983,0.03979746286864333,-0.0013365279414052046,48.649566062627734,1273.6299155101417
11.894921874999833,1332.5033871034823,47.46195353529533,47.92889197400417,10.75946148375634,96.57728240287844,0.05291355139647668,0.0004358336119688842,5.39119011478962,0.5189999999999962,0.8821403046041179,1.1688839630125356,2.8674365840841776,0.1445300328970399,0.0,5.261363606611219,0.5306331822618138,3.0,279.48872798382735,86337.68484916961,1.076152977613073,335.14016915819934,0.040093811520747154,-0.001359823667402419,48.43781967355407,1262.4470973528369
11.914921874999832,1333.4504752579764,47.246890650509414,47.71535459430385,10.750819343135767,96.71071991507937,0.05307938474738336,0.0004369478744457884,5.39119011478962,0.5189999999999962,0.8821403046041179,1.1688798127499778,2.867395081458599,0.14390043155008275,0.0,5.214771791011606,0.5306084755730964,3.0,279.48257191082314,86327.61054594808,1.0760511081324255,335.13643857795887,0.04039790801486604,-0.0013507816107894077,48.22627813952608,1251.3257928970388
11.934921874999832,1334.3932638765016,47.03199978647762,47.50200453853874,10.74222311067743,96.84407480056205,0.05324552859422777,0.000438834697166753,5.39119011478962,0.5189999999999962,0.8821403046041179,1.168875223571882,2.8673491896776415,0.14327141847887828,0.0,5.168441104201512,0.5305838998049989,3.0,279.4764437848027,86317.581977465,1.0759496966556712,335.13272493359045,0.04069704311477313,-0.0013237972076417367,48.014940879927245,1240.2658011302246
11.954921874999831,1335.331756390393,46.817280037802384,47.28884104754304,10.733672241307785,96.97734746647883,0.05341198030668857,0.00044162135667640375,5.39119011478962,0.5189999999999962,0.8821403046041179,1.168870120052983,2.867298154488651,0.14264299209997167,0.0,5.122370646546508,0.5305594545920151,3.0,279.4703435834624,86307.59910722086,1.0758487428742447,335.1290282115782,0.04099614598059662,-0.0012702204559833616,47.803807323655334,1229.266922420797
11.974921874999831,1336.2659562130216,46.602730512075105,47.07586337147058,10.72516622542289,97.11053831270304,0.05357873581539511,0.0004454248994378445,5.39119011478962,0.5189999999999962,0.8821403046041179,1.168864432833477,2.867241282293591,0.1420151508580123,0.0,5.076559524484258,0.5305351395711077,3.0,279.46427128461534,86297.66189890713,1.0757482464811796,335.1253483984769,0.04129901435037551,-0.0011901692353594516,47.59287690915363,1218.3289585060784
11.99492187499983,1337.1958667399476,46.38835032053757,46.86307076700396,10.71670483758546,97.24364773149567,0.05374578931134422,0.00045028036681065385,5.39119011478962,0.5189999999999962,0.8821403046041179,1.1688581411279517,2.8671783652383387,0.14138789322619924,0.0,5.0310068472805645,0.5305109543816974,3.0,279.45822686619033,86287.77031640479,1.075648207171093,335.1216854809113,0.041597709834506856,-0.0010956486213645118,47.38214908455901,1207.4517124862723
12.01492187499983,1338.1214913490735,46.174138586669336,46.65046249999004,10.70828756184391,97.37667610716976,0.053913133754249505,0.000456314710758799,5.39119011478962,0.5189999999999962,0.8821403046041179,1.1688511697306425,2.8671086512652466,0.14076121770635297,0.0,4.985711735076035,0.5304868986656404,3.0,279.452210306231,86277.92432378266,1.0755486246401706,335.11803944557596,0.04189851650329143,-0.0009907943599844536,47.1716233077249,1196.6349888119316
12.03492187499983,1339.0428334008398,45.960094440112236,46.43803784363097,10.699913919616247,97.50962381555746,0.05408076131554511,0.0004636427716856638,5.39119011478962,0.5189999999999962,0.8821403046041179,1.1688434506222727,2.8670314601815483,0.14013512282928114,0.0,4.940673314147091,0.5304629720672137,3.0,279.4462215828945,86268.12388529527,1.0754494985861447,335.1144102792341,0.04219524769402752,-0.0008674731179855906,46.96129904634259,1185.878593276402
12.05492187499983,1339.9598962383866,45.7462170214624,46.225796079969264,10.691583801262112,97.64249122364714,0.05424866346942578,0.0004722647793815585,5.39119011478962,0.5189999999999962,0.8821403046041179,1.1688349836708223,2.8669467906670443,0.13950960715494387,0.0,4.895890712117436,0.5304391742330962,3.0,279.4402606744505,86258.3689653812,1.0753508287082805,335.110797968717,0.04249921849847748,-0.0007218515568338016,46.75117577799547,1175.1823330047866
12.074921874999829,1340.872683187662,45.53250546946955,46.01373649605515,10.68329706500211,97.77527868948407,0.05441683028168025,0.00048219483366114855,5.39119011478962,0.5189999999999962,0.8821403046041179,1.1688257605427865,2.8668545593866868,0.13888466927302873,0.0,4.851363063867156,0.5304155048123609,3.0,279.4343275592802,86248.65952866188,1.0752526147073629,335.1072025009238,0.04280853752027041,-0.0005735886269465109,46.541252990350664,1164.5460164497665
12.094921874999828,1341.7811975573995,45.31895892403559,45.80185838491961,10.67505368241076,97.90798656269081,0.054585251140556026,0.0004934108575517091,5.39119011478962,0.5189999999999962,0.8821403046041179,1.168815794337761,2.866754897336432,0.1382603078032856,0.0,4.807089509093597,0.5303919634564611,3.0,279.4284222158769,86238.9955399419,1.0751548562857023,335.1036238628214,0.043119032741640084,-0.0004192041479962768,46.331530181270125,1153.969453383214
12.114921874999828,1342.6854426391676,45.10557653086184,45.59016104703699,10.666853580316861,98.04061518463874,0.05475391493248527,0.000505903764876858,5.39119011478962,0.5189999999999962,0.8821403046041179,1.1688050904747975,2.8666478587067967,0.1376365213957943,0.0,4.7630691945384696,0.530368549819213,3.0,279.4225446228454,86229.37696420838,1.0750575531471287,335.1000620414443,0.04343872101060573,-0.00027186771606491317,46.12200685889924,1143.4524548865784
12.134921874999828,1343.5854217074175,44.89235742831078,45.37864378640273,10.658696753490936,98.17316488862151,0.05492281072371564,0.0005196419771687573,5.39119011478962,0.5189999999999962,0.8821403046041179,1.168793667699454,2.8665336309533607,0.13701330873164452,0.0,4.719301272206707,0.5303452635567919,3.0,279.41669475890177,86219.80376663056,1.0749607049969878,335.0965170238945,0.043756390650815546,-0.0001300815303007045,45.91268254189363,1132.9948333480222
12.154921874999827,1344.4811380194171,44.67930076410189,45.16730591566809,10.650582949395242,98.30563600056409,0.05509192753400407,0.0005346729271653824,5.39119011478962,0.5189999999999962,0.8821403046041179,1.1687814979873754,2.8664119338325755,0.13639066852302392,0.0,4.6757849043481015,0.5303221043277077,3.0,279.4108726028738,86210.27591256042,1.074864311542149,335.0929887973415,0.04408179976828284,9.304139076705594e-06,45.70355675944757,1122.5964024495656
12.174921874999827,1345.3725948153788,44.466405683402,44.95614675258235,10.642512234107254,98.43802883880987,0.05526125472052847,0.0005509423490280085,5.39119011478962,0.5189999999999962,0.8821403046041179,1.1687686135377204,2.866283089336026,0.1357685995138498,0.0,4.632519254393301,0.5302990717927988,3.0,279.4050781337,86200.79336753143,1.0747683724909947,335.0894773490222,0.04441191143604761,0.00014675103099368142,45.494629051504646,1112.2569771631343
12.194921874999826,1346.259795318462,44.25367133243708,44.745165621158776,10.634484366932773,98.5703437144929,0.05543078159581271,0.0005684951188119268,5.39119011478962,0.5189999999999962,0.8821403046041179,1.1687549878645005,2.8661468326038264,0.13514710048013845,0.0,4.589503497044121,0.5302761656152185,3.0,279.39931133042995,86191.35609725837,1.0746728875534164,335.08598266624057,0.04474757356782416,0.0002788623672615644,45.285898968880346,1101.9763737420915
12.214921874999826,1347.1427427347382,44.04109685966567,44.53436185211098,10.626499721437291,98.7025809320823,0.05560049748986868,0.0005871760968716095,5.39119011478962,0.5189999999999962,0.8821403046041179,1.168740712894244,2.866004082901261,0.13452617023046282,0.0,4.546736802487731,0.5302533854604206,3.0,279.3935721722242,86181.96406763786,1.0745778564408246,335.08250473636787,0.04509688374150231,0.0003908117568575983,45.07736607341449,1091.7544097141142
12.234921874999825,1348.0214402531444,43.82868140146659,44.323734778607665,10.61855864620225,98.83474078996214,0.05577039243314471,0.0006068348061098428,5.39119011478962,0.5189999999999962,0.8821403046041179,1.1687258777787302,2.865855731746123,0.1339058076068428,0.0,4.5042183465148975,0.5302307309961631,3.0,279.38786063835454,86172.61724474873,1.0744832788661516,335.07904354684285,0.04545491768190099,0.0004893523523944725,44.86902993826845,1081.5909038808861
12.254921874999825,1348.895891045319,43.61642409355434,44.11328373983351,10.610660849419428,98.96682358155063,0.055940457394795744,0.0006275306915506416,5.39119011478962,0.5189999999999962,0.8821403046041179,1.1687104474117604,2.865701428076426,0.13328601148508104,0.0,4.461947322112841,0.5302082018924908,3.0,279.3821767082054,86163.31559485386,1.0743891545438715,335.0755990851725,0.04581240283079066,0.0005760698534807143,44.66089014803671,1071.4856763085459
12.274921874999825,1349.7660982656705,43.40432407519613,43.90300808233774,10.602806524777778,99.09882959532897,0.05611068420224207,0.0006491634793379557,5.39119011478962,0.5189999999999962,0.8821403046041179,1.16869448122582,2.8655417662170213,0.13266678077512237,0.0,4.4199229191641125,0.5301857978217168,3.0,279.3765203612731,86154.05908439937,1.0742954831899925,335.0721713389315,0.046185459802250785,0.0006492925676383735,44.452946298866266,1061.4385483183803
12.294921874999824,1350.6320650513137,43.19238047692623,43.69290715641882,10.59499599454799,99.2307591154702,0.05628106530052752,0.0006715883537659708,5.39119011478962,0.5189999999999962,0.8821403046041179,1.168678064998343,2.865377603942252,0.13204811442197834,0.0,4.378144330205896,0.530163518458426,3.0,279.37089157716645,86144.84768001536,1.0742022645220652,335.0687602957629,0.04657242846327567,0.0007051344736736441,44.24519799876533,1051.4493424864258
12.314921874999824,1351.4937945218805,42.980592422832984,43.48298031693892,10.587229365951437,99.36261242303438,0.056451594094763635,0.000694730749019225,5.39119011478962,0.5189999999999962,0.8821403046041179,1.1686612429181742,2.8652093831405634,0.13143001140636873,0.0,4.3366107570755545,0.530141363479466,3.0,279.36529033560777,86135.68134851787,1.0741094982592059,335.0653659433783,0.04696058057993902,0.0007572946584752365,44.03764486781732,1041.5178826382344
12.334921874999823,1352.3512897795479,42.76895904118979,43.273226926626535,10.579506596330251,99.49438979615451,0.056622264824752105,0.000718564931178895,5.39119011478962,0.5189999999999962,0.8821403046041179,1.1686440302714558,2.8650372566733795,0.1308124707449745,0.0,4.2953214099839565,0.5301193325639253,3.0,279.35971661643293,86126.56005690865,1.0740171841220916,335.06198826955836,0.047363107676169955,0.000791932122567556,43.830286538264595,1031.6439938372428
12.354921874999823,1353.204553908985,42.557479453667995,43.063646352929524,10.571827879281066,99.62609151058038,0.056793072567416336,0.0007429848795463578,5.39119011478962,0.5189999999999962,0.8821403046041179,1.1686264898401935,2.864861852360756,0.13019549149139675,0.0,4.254275499531307,0.530097425393134,3.0,279.35417039959157,86117.48377237566,1.073925321832968,335.0586272621525,0.0477733608311453,0.0008150954489847324,43.623122654828656,1021.8275023841767
12.374921874999822,1354.0535899772942,42.34615278117891,42.85423796988698,10.564193035760088,99.75771784024633,0.05696401351781281,0.0007680117257677191,5.39119011478962,0.5189999999999962,0.8821403046041179,1.168608609171686,2.864683045675682,0.12957907273663644,0.0,4.213472249733756,0.5300756416506498,3.0,279.34865166514754,86108.45246229372,1.0738339111156565,335.05528290907944,0.04818811368280315,0.0008329192697143719,43.4161528748699,1012.0682358085904
12.394921874999822,1354.898401034021,42.134978147996996,42.64500115948127,10.556602372090302,99.88926905751534,0.057135084536967015,0.0007934980486507586,5.39119011478962,0.5189999999999962,0.8821403046041179,1.1685904755159995,2.8645017091188163,0.1289632136095869,0.0,4.172910878975415,0.5300539810222409,3.0,279.3431603932788,86099.4660942244,1.0737429516955548,335.05195519832694,0.04862363803309433,0.0008280613000264552,43.20937686855158,1002.3660228604383
12.414921874999822,1355.73899011107,41.92395466482802,42.43593530665428,10.549056307625248,100.02074543383232,0.05730628361479574,0.0008192581812412084,5.39119011478962,0.5189999999999962,0.8821403046041179,1.1685721987125832,2.8643189410846537,0.12834791327831313,0.0,4.132590607724599,0.5300324431958985,3.0,279.337696564278,86090.52463591693,1.0736524432996462,335.04864411795245,0.049066367490430814,0.0008187392176893098,43.00279431926736,992.7206935136568
12.434921874999821,1356.575360222544,41.71308144306607,42.22703980374676,10.541554698451014,100.15214724071745,0.057477610008173335,0.000845296659387139,5.39119011478962,0.5189999999999962,0.8821403046041179,1.1685537760801477,2.864134714760298,0.1277331709503741,0.0,4.092510674314335,0.5300110278618129,3.0,279.3322601585534,86081.62805530989,1.0735623856565177,335.0453496560834,0.04951744097693198,0.0007968222103351014,42.79640492374836,983.132078954508
12.45492187499982,1357.4075143647756,41.502357592704044,42.018314049982614,10.534097529752076,100.28347474987845,0.0576490638679641,0.0008715744325280829,5.39119011478962,0.5189999999999962,0.8821403046041179,1.1685352307128074,2.8639492610868955,0.12711898587356962,0.0,4.052670319515979,0.5299897347123658,3.0,279.32685115662895,86072.7763205309,1.0734727784963582,335.04207180091714,0.04997804854776529,0.0007666957587447621,42.590208392312285,973.6000115763123
12.47492187499982,1358.2354555162874,41.291782221773914,41.809757451427316,10.526685083734636,100.41472823363839,0.05782064642876629,0.0008979479642785282,5.39119011478962,0.5189999999999962,0.8821403046041179,1.1685166474739916,2.863763428698738,0.12650535733670357,0.0,4.013068781719975,0.5299685634421211,3.0,279.3214695391441,86063.96939989702,1.073383621550963,335.03881054072133,0.05045276265741788,0.0007361336786829609,42.38420444911808,964.124324974164
12.49492187499982,1359.059186637714,41.081354434757706,41.601369420649775,10.519317430947012,100.54590796552425,0.05799235952041208,0.0009243453878925404,5.39119011478962,0.5189999999999962,0.8821403046041179,1.168498068823962,2.8635776421984405,0.12589228467044083,0.0,3.9737053093704215,0.5299475137478189,3.0,279.3161152868548,86055.20726191557,1.0732949145537436,335.035565863834,0.05093693276480308,0.0006921256344136672,42.17839283245202,954.704853940786
12.51492187499982,1359.8787106717646,40.871073334109475,41.39314937731812,10.511994486614338,100.6770142206605,0.058164205817690134,0.0009507477749040096,5.39119011478962,0.5189999999999962,0.8821403046041179,1.1684795059128756,2.863392013087578,0.12527976724804357,0.0,3.934579160046808,0.5299265853283643,3.0,279.3107883806335,86046.48987528456,1.0732066572397325,335.03233775866386,0.05142517098290369,0.0006422761534083719,41.97277329497333,945.341434460234
12.534921874999819,1360.694030543221,40.660938027758476,41.18509675059017,10.504716093007122,100.80804727600699,0.05833618889900826,0.0009771630896795538,5.39119011478962,0.5189999999999962,0.8821403046041179,1.1684609539909572,2.863206493868393,0.12466780448585373,0.0,3.895689598775548,0.5299057778848083,3.0,279.30548880146904,86037.81720889271,1.0731188493455839,335.02912621369023,0.051922818035754305,0.0005905074614207835,41.767345603874745,936.033903697514
12.554921874999819,1361.505149159053,40.45094762316236,40.97721097744295,10.497482229436603,100.93900741007849,0.058508312934779434,0.0010035502409864484,5.39119011478962,0.5189999999999962,0.8821403046041179,1.1684424684629164,2.863021638587986,0.12405639584423811,0.0,3.8570358922013264,0.5298850911203407,3.0,279.3002165304661,86029.18923181818,1.0730314906095635,335.02593121746247,0.052430086707032794,0.000530473499972837,41.56210954119801,926.782099994945
12.574921874999818,1362.3120694083896,40.24110122941716,40.769491503452834,10.490292775710017,101.0698949032868,0.05868058282967777,0.0010299038977988116,5.39119011478962,0.5189999999999962,0.8821403046041179,1.1684239917777575,2.862836871736396,0.12344554082834026,0.0,3.8186173150384524,0.5298645247402797,3.0,279.29497154884547,86020.60591332892,1.0729445807715507,335.02275275860035,0.05294350289761104,0.00047130035183963546,41.357064904084744,917.5858628653042
12.594921874999818,1363.1147941625584,40.031397958385725,40.56193778327403,10.483147804044833,101.20071003798913,0.058853003892063285,0.0010561495427497062,5.39119011478962,0.5189999999999962,0.8821403046041179,1.1684055974500445,2.862652928459266,0.12283523898884373,0.0,3.780433141733727,0.5298440784520587,3.0,279.28975383794335,86012.06722288225,1.0728581195730367,335.01959082579367,0.05347078602524579,0.0004060518643921467,41.152211505031005,908.4450329848574
12.614921874999817,1363.913326275083,39.821836917351305,40.35454927858233,10.476047264680313,101.33145309870416,0.05902558192568973,0.0010822553742809086,5.39119011478962,0.5189999999999962,0.8821403046041179,1.1683873041821295,2.862469995780117,0.12222548992315337,0.0,3.742482655287848,0.5298237519652267,3.0,279.28456337921193,86003.57313012485,1.0727721067571248,335.0164454078024,0.053999353390326944,0.00034598334257030395,40.94754917228201,899.3594521922712
12.634921874999817,1364.7076685817015,39.612417220042296,40.147325461537754,10.468990765476208,101.46212437223724,0.05919832295255947,0.0011083136274190027,5.39119011478962,0.5189999999999962,0.8821403046041179,1.1683690574931784,2.862287528890606,0.12161629327579979,0.0,3.7047651542708597,0.529803544991422,3.0,279.27940015421893,85995.12360489258,1.0726865420685288,335.01331649345667,0.05453636283945211,0.0002903327990449513,40.74307774996656,890.3289634756818
12.654921874999816,1365.4978239004863,39.403137987173736,39.94026581508538,10.461978235746352,101.59272414737605,0.05937123277438636,0.0011343005870056906,5.39119011478962,0.5189999999999962,0.8821403046041179,1.1683508712756712,2.862105666715533,0.1210076487392258,0.0,3.667279933139164,0.5297834572443592,3.0,279.2742641446468,85986.71861720925,1.0726014252535636,335.01020407165595,0.05508492666917042,0.00022442700377579605,40.5387970983593,881.353410965204
12.674921874999816,1366.283795031894,39.19399833627492,39.733369830061584,10.455009643117926,101.72325271487713,0.05954431742930789,0.0011601784650897091,5.39119011478962,0.5189999999999962,0.8821403046041179,1.1683327678124686,2.861924632083508,0.12039955605514267,0.0,3.6300262903270974,0.5297634884398321,3.0,279.26915533229266,85978.35813728602,1.0725167560601374,335.00710813136936,0.05563355314418365,0.00015197214061539409,40.33470709433405,872.4326399334221
12.694921874999816,1367.0655847588241,38.98499739456213,39.52663700921195,10.448084483518121,101.8537103674178,0.059717583596048174,0.0011860835969677336,5.39119011478962,0.5189999999999962,0.8821403046041179,1.1683146665263775,2.8617436192225965,0.11979201501486018,0.0,3.5930035444507835,0.5297436382956849,3.0,279.26407369906764,85970.04213552081,1.0724325342377476,335.004028661635,0.05619157408528077,8.246244082430747e-05,40.13080763147323,863.5664967805433
12.714921874999815,1367.8431958467563,38.776134291291584,39.320066865044986,10.441202759654004,101.9840973992185,0.05989103833253931,0.0012119678463153312,5.39119011478962,0.5189999999999962,0.8821403046041179,1.1682965958384324,2.861562912343145,0.1191850254605163,0.0,3.556211003687201,0.5297239065318087,3.0,279.2590192269961,85961.77058249684,1.0723487595374679,335.0009656515596,0.056755681893331446,1.362164240954598e-05,39.92709862047868,854.7548290323737
12.734921874999815,1368.6166310437939,38.567408161842614,39.11365892122757,10.43436401067355,102.11441410605946,0.0600646887361112,0.001237954318157084,5.39119011478962,0.5189999999999962,0.8821403046041179,1.1682784829725092,2.861381783683914,0.1185785872858643,0.0,3.519647996370458,0.5297042928701257,3.0,279.2539918982153,85953.5434489822,1.0722654317119427,334.9979190903185,0.057320621446261495,-5.013488513694062e-05,39.723579989434235,845.9974853315067
12.754921874999814,1369.3858930808533,38.35881815104627,38.90741271373337,10.427567945963705,102.24466078469352,0.060238541734171695,0.0012641052518813979,5.39119011478962,0.5189999999999962,0.8821403046041179,1.16826029117643,2.861199865723121,0.11797270043700318,0.0,3.4833138509444788,0.5296847970345698,3.0,279.24899169497445,85945.36070592771,1.0721825505153681,334.9948889671545,0.05789491051332529,-0.0001157742148215052,39.52025168404926,837.294315427414
12.774921874999814,1370.1509846717672,38.150363405945335,38.701327788845376,10.420814414906976,102.37483773262171,0.06041260410368258,0.001290432162373576,5.39119011478962,0.5189999999999962,0.8821403046041179,1.1682420136814005,2.861017090772826,0.11736736491371558,0.0,3.4472078965649873,0.5296654187510854,3.0,279.2440185996335,85937.22232446603,1.0721001157034835,334.9918752713779,0.05847609827394552,-0.0001789568946338204,39.317113668105705,828.6451701748705
12.794921874999813,1370.911908513349,37.94204307682696,38.49540370364797,10.414103249900622,102.50494524803004,0.06058688255484996,0.001316953473232496,5.39119011478962,0.5189999999999962,0.8821403046041179,1.1682236395569403,2.8608333495282245,0.11676258077047268,0.0,3.411329468098993,0.5296461577476151,3.0,279.2390725946632,85929.12827591076,1.0720181270335611,334.98887799236593,0.059060908940315966,-0.0002410458214975396,39.11416592379364,820.0499015271836
12.814921874999813,1371.6686672854955,37.73385632198182,38.28964002763401,10.407433986706602,102.63498362957051,0.06076138354512355,0.0013438005172995745,5.39119011478962,0.5189999999999962,0.8821403046041179,1.1682050912968363,2.860647866927184,0.116158348117243,0.0,3.375677915894037,0.5296270137540807,3.0,279.23415366264425,85921.07853175548,1.0719365842644009,334.9858971195624,0.05965208452404434,-0.00029481461650271803,38.91140845198108,811.508362526309
12.834921874999813,1372.4212636513184,37.52580230689276,38.08403634264314,10.400806408248577,102.76495317602539,0.06093611326416336,0.0013710139405418873,5.39119011478962,0.5189999999999962,0.8821403046041179,1.1681863449593288,2.8604604035521097,0.11555466712058496,0.0,3.3402525872599167,0.5296079865023712,3.0,279.2292617862664,85913.07306367233,1.071855487156313,334.98293264247746,0.06024827878729738,-0.00035103286036032946,38.708841272578816,803.02040729662
12.854921874999812,1373.1697002573228,37.317880202040776,37.87859224238782,10.394220199707862,102.8948541857928,0.061111077519330786,0.0013986726782777195,5.39119011478962,0.5189999999999962,0.8821403046041179,1.1681673539576665,2.860270493535486,0.11495153800481583,0.0,3.3050528381694835,0.5295890757263335,3.0,279.22439694832735,85905.11184351008,1.0717748354711023,334.97998455068637,0.06085220048341166,-0.0004010307498941376,38.50646442493085,794.5858910393242
12.874921874999812,1373.9139797334524,37.11008918234786,37.67330733249589,10.387675189612315,103.02468695690969,0.06128628180833318,0.001426802711382672,5.39119011478962,0.5189999999999962,0.8821403046041179,1.1681481030127157,2.860077984085978,0.1143489610532313,0.0,3.2700780247329395,0.5295702811617633,3.0,279.2195591317325,85897.19484329366,1.071694628972062,334.97705283382993,0.06146229428316582,-0.0004472738170484454,38.30427796822182,786.204670027149
12.894921874999811,1374.6541046932016,36.902428427213735,37.468181230727865,10.381171084326065,103.15445178680926,0.06146173132317554,0.0014554781281550927,5.39119011478962,0.5189999999999962,0.8821403046041179,1.1681285485082227,2.859882439041048,0.1137469366092813,0.0,3.235327512617658,0.5295516025463927,3.0,279.21474831949416,85889.32203522298,1.0716148674239638,334.97413748161347,0.06207777159946274,-0.0004887815953768044,38.102281981869766,777.8766015979614
12.914921874999811,1375.3900777337165,36.69489712424305,37.26321356830231,10.37470755366428,103.28414897212595,0.06163743088666071,0.001484788845223968,5.39119011478962,0.5189999999999962,0.8821403046041179,1.1681086374212206,2.8596833281710277,0.11314546507758311,0.0,3.2008006740944657,0.5295330396198731,3.0,279.2099644947308,85881.49339167186,1.0715355505930477,334.97123848380687,0.0626959465593239,-0.0005256427827570896,37.90047656586433,769.6015441457356
12.93492187499981,1376.1219014359713,36.487494467951414,37.05840398971656,10.368284197638324,103.41377880820411,0.061813384792778564,0.0015148549507073424,5.39119011478962,0.5189999999999962,0.8821403046041179,1.168088299042632,2.8594799443851415,0.11254454692518141,0.0,3.166496889479929,0.5295145921237643,3.0,279.2052076406662,85873.7088851861,1.0714566782470027,334.9683558302437,0.06332081106691319,-0.0005604619970197867,37.69886184118773,761.3793571144929
12.95492187499981,1376.8495783649057,36.28021966026286,36.853752153115465,10.36190068802837,103.54334158877236,0.06198959688425624,0.0015457711541560482,5.39119011478962,0.5189999999999962,0.8821403046041179,1.168067477624538,2.8592717302042026,0.1119441826827765,0.0,3.132415541776046,0.5294962598015206,3.0,279.2004777406281,85865.96848848215,1.0713782501549545,334.96548951082065,0.06395068642483248,-0.0005934519718662162,37.49743795022496,753.2099009913393
12.97492187499981,1377.5731110695635,36.073071908984076,36.649257730062345,10.355556726718262,103.67283760561104,0.06216607077540943,0.001577622389589781,5.39119011478962,0.5189999999999962,0.8821403046041179,1.1680461232119694,2.859058186078516,0.11134437294610793,0.0,3.098556018093591,0.5294780423984826,3.0,279.1957747780478,85858.27217444545,1.07130026608745,334.96263951549696,0.0645838445114785,-0.0006198690796189786,37.2962050572262,745.093037301133
12.99492187499981,1378.2925020832247,35.866050430338,36.444920406529974,10.349251910335116,103.80226714826128,0.06234280967174351,0.0016105375958694107,5.39119011478962,0.5189999999999962,0.8821403046041179,1.168024159966735,2.8588385536261707,0.11074511837714698,0.0,3.064917714979709,0.5294599396618599,3.0,279.191098736459,85850.61991612917,1.0712227258164428,334.9598058342942,0.06522438453786611,-0.0006410152503485464,37.09516334870508,737.0286285980812
13.014921874999809,1379.0077539235513,35.65915444575369,36.24073988218392,10.342985985382938,103.93163050367714,0.06251981638691334,0.0016445889520957148,5.39119011478962,0.5189999999999962,0.8821403046041179,1.1680015455196366,2.858612409155188,0.11014641970565528,0.0,3.0315000284163056,0.5294419513407247,3.0,279.1864495994969,85843.01168675261,1.0711456291152814,334.9569884572951,0.06587163033078353,-0.0006571094098716485,36.894313033959556,729.0165384617488
13.034921874999808,1379.718869092693,35.452383183320585,36.03671587107268,10.336758767772048,104.0609279560446,0.06269709310148598,0.001679823102094773,5.39119011478962,0.5189999999999962,0.8821403046041179,1.1679782526222338,2.858379480181159,0.1095482777305426,0.0,2.9983023567240785,0.5294240771859987,3.0,279.1818273508975,85835.44745970005,1.0710689757586958,334.9541873746439,0.06652687565360825,-0.0006703964243586516,36.693654345525694,721.0566314898331
13.054921874999808,1380.425850077386,35.24573587361349,35.83284810065172,10.330570001733303,104.19015978662726,0.06287464167605528,0.0017163170191821745,5.39119011478962,0.5189999999999962,0.8821403046041179,1.167954236127909,2.858139315237911,0.1089506933216222,0.0,2.965324106207244,0.529406316950449,3.0,279.177231974497,85827.92720851977,1.0709927655227889,334.9514025765452,0.06718864717913198,-0.0006804017660588939,36.49318753976439,713.1487732956357
13.074921874999808,1381.1286993490537,35.039211754942734,35.6291363136204,10.324419363267582,104.31932627360898,0.06305246358441279,0.0017541774134924941,5.39119011478962,0.5189999999999962,0.8821403046041179,1.1679294334640662,2.8578912885994834,0.1083536674208319,0.0,2.9325646912180225,0.5293886703886689,3.0,279.17266345423116,85820.45090692291,1.0709169981850253,334.9486340532641,0.06785609665093169,-0.0006873507052577007,36.292912897269304,705.2928304979072
13.094921874999807,1381.8274193639445,34.832810069907985,35.4255802671737,10.318306533355603,104.44842769179856,0.06323055995060824,0.0017935109660580193,5.39119011478962,0.5189999999999962,0.8821403046041179,1.1679037820628073,2.8576347745868946,0.10775720104400878,0.0,2.9000235311794182,0.5293711372570709,3.0,279.16812177413436,85813.018528782,1.0708416735242183,334.9458817951254,0.06852873872459295,-0.0006842053578369263,36.092830723460125,697.4886707174163
13.114921874999807,1382.5220125632336,34.62653007020035,35.22217973472017,10.31223119570587,104.57746431247634,0.06340893139072641,0.001834426437129659,5.39119011478962,0.5189999999999962,0.8821403046041179,1.1678772182220303,2.8573691361791242,0.10716129528221552,0.0,2.8677000507965573,0.5293537173138685,3.0,279.163606918339,85805.63004812995,1.070766791320519,334.9431457925134,0.0692102336294667,-0.0006788240168376372,35.89294134902569,689.73616256707
13.134921874999806,1383.2124813731712,34.42037101087241,35.01893450447406,10.306193169630076,104.70643640306864,0.06358757798777262,0.001876979792803478,5.39119011478962,0.5189999999999962,0.8821403046041179,1.1678497093786413,2.8570940477452345,0.10656595130375604,0.0,2.835593674158801,0.5293364103190741,3.0,279.1591188710744,85798.28543915843,1.0706923513554014,334.94042603587104,0.0698987840932059,-0.0006686953957589312,35.69324513059794,682.0351756503736
13.154921874999806,1383.8988282051503,34.21433215156651,34.81584438013973,10.300192225178495,104.83534422713156,0.06376649938079965,0.0019212488390119434,5.39119011478962,0.5189999999999962,0.8821403046041179,1.1678212101576866,2.8568090555356873,0.10597117035586884,0.0,2.8037038325705086,0.5293192160344875,3.0,279.1546576166665,85790.9846762171,1.0706183534116551,334.9377225156999,0.07059646672590421,-0.0006531369747710058,35.49374245131796,674.3855805550195
13.174921874999805,1384.5810554558154,34.008412758103255,34.612909181703955,10.294228001119084,104.96418804418127,0.06394569468630472,0.0019673679186593767,5.39119011478962,0.5189999999999962,0.8821403046041179,1.1677916419291747,2.8565133732505688,0.10537695376640988,0.0,2.772029968515546,0.5293021342236816,3.0,279.15022313953716,85783.72773381253,1.0705447972733748,334.9350352225595,0.07129814582367773,-0.0006308704394100289,35.29443372139852,666.7872488457057
13.194921874999805,1385.2591655071972,33.802612102651366,34.41012874581271,10.288300236711954,105.09296810943498,0.06412516249913128,0.0020154333801255496,5.39119011478962,0.5189999999999962,0.8821403046041179,1.167760948541407,2.8562064393728925,0.1047833029456599,0.0,2.7405715254388996,0.5292851646519907,3.0,279.1458154242032,85776.51458660678,1.0704716827259473,334.9323641470671,0.07200925440323436,-0.0006033344183488755,35.09531937872821,659.2400530578909
13.214921874999805,1385.9331607268255,33.596929462036506,34.207502925613156,10.2824087483741,105.22168467363029,0.06430490087029846,0.002065510863919507,5.39119011478962,0.5189999999999962,0.8821403046041179,1.1677290919429233,2.8558878733880544,0.10419021938833686,0.0,2.709327948326797,0.5292683070865039,3.0,279.1414344552756,85769.34520941609,1.0703990095560374,334.929709279897,0.07273042847246672,-0.0005710922044363894,34.896399889544355,651.7438666934419
13.234921874999804,1386.6030434677843,33.391364115743244,34.005031590529754,10.276553357541866,105.35033798307038,0.06448490730562796,0.0021176663206008643,5.39119011478962,0.5189999999999962,0.8821403046041179,1.1676960339724043,2.8555572936828644,0.10359770467575516,0.0,2.678298687057207,0.5292515612960582,3.0,279.13708021745936,85762.21957721039,1.0703267775515857,334.9270706117804,0.07346035807833569,-0.0005353802036540907,34.69767574915502,644.2985642173485
13.254921874999804,1387.2688160687967,33.18591534885091,33.80271462750589,10.27073384818189,105.47892827955508,0.06466517887862727,0.0021719835957683827,5.39119011478962,0.5189999999999962,0.8821403046041179,1.16766172601998,2.855214214158621,0.103005760477664,0.0,2.6474831984277496,0.5292349270512245,3.0,279.1327526955528,85755.13766511237,1.0702549865017983,334.92444813350505,0.07420032058633427,-0.0004976445970084186,34.49914748255362,636.9040210496474
13.274921874999803,1387.9304808543172,32.9805824478741,33.60055194016162,10.264950102787939,105.60745580028244,0.06484571229312004,0.0022285060998503484,5.39119011478962,0.5189999999999962,0.8821403046041179,1.1676261433004664,2.854858386963486,0.10241438855467067,0.0,2.6168809393981642,0.5292184041243049,3.0,279.1284518744469,85748.09944839652,1.0701836361971382,334.92184183591485,0.07495164284623915,-0.0004589714961818671,34.300815645229335,629.560113563854
13.294921874999803,1388.588040134566,32.77536470349871,33.398543450012674,10.259201959399684,105.73592077797151,0.06502650394945028,0.0022872979640092793,5.39119011478962,0.5189999999999962,0.8821403046041179,1.1675892489304958,2.854489443263779,0.10182359076027163,0.0,2.5864913740737916,0.5292019922893189,3.0,279.1241777391253,85741.10490248869,1.0701127264293213,334.91925170990993,0.07571381879256928,-0.0004175495922870481,34.10268082384627,622.2667190796801
13.314921874999802,1389.2414962056016,32.57026140986552,33.19668909667614,10.253489230708217,105.86432344083852,0.06520755006347581,0.002348435905932547,5.39119011478962,0.5189999999999962,0.8821403046041179,1.1675509986752957,2.854106940711778,0.10123336904317758,0.0,2.5563139728673665,0.5291856913219959,3.0,279.11993027466355,85734.15400296541,1.0700422569913104,334.9166777464461,0.07648508410440981,-0.00037582090677733265,33.90474363702096,615.0237158585647
13.334921874999802,1389.890851349404,32.365271863565155,32.99498883800609,10.247811771137387,105.99266401253982,0.06538884665436079,0.002411980574770622,5.39119011478962,0.5189999999999962,0.8821403046041179,1.1675113578241116,2.853710532199938,0.10064372544973486,0.0,2.5263482090546705,0.5291695009997676,3.0,279.11570946622885,85727.24672555296,1.0699722276773067,334.9141199365347,0.0772685401153009,-0.0003332780224044084,33.70700473613217,607.8309830994908
13.354921874999802,1390.536107833921,32.160395364228215,32.793442650721026,10.242169391499989,106.12094271224885,0.065570389616773,0.00247801363128454,5.39119011478962,0.5189999999999962,0.8821403046041179,1.1674702793910772,2.853299747869593,0.1000546621263291,0.0,2.4965935632603236,0.5291534211017578,3.0,279.1115152990795,85720.38304612688,1.069902638282745,334.9115782712422,0.07806414304503402,-0.00029187542311667,33.50946480612476,600.6884009336758
13.374921874999801,1391.1772679131147,31.955631215121247,32.592050531047796,10.236562044843001,106.24915975472487,0.06575217474389086,0.002546555648545382,5.39119011478962,0.5189999999999962,0.8821403046041179,1.1674277523956438,2.8528744779152593,0.09946618132185897,0.0,2.46704951330533,0.5291374514362455,3.0,279.10734775856474,85713.56294071146,1.0698334886042886,334.90905274169023,0.07887216415205307,-0.00024865281211857603,33.31212456633699,593.5958504191995
13.3949218749998,1391.8143338270231,31.750978720784968,32.39081249451363,10.230989511329465,106.37731535033706,0.06593419773625528,0.00261770503702367,5.39119011478962,0.5189999999999962,0.8821403046041179,1.1673837201752204,2.8524341557110255,0.09887828539053975,0.0,2.437715551191642,0.5291215917610271,3.0,279.10320683012435,85706.78638547912,1.069764778439825,334.90654333905536,0.07969030241662291,-0.00020222718977946357,33.11498477143829,586.5532135386176
13.4149218749998,1392.4473078018323,31.54643719014041,32.18972857735487,10.225451700664898,106.50540970504527,0.06611645409610335,0.002691505017404729,5.39119011478962,0.5189999999999962,0.8821403046041179,1.1673381585599063,2.8519785395578845,0.09829097679431548,0.0,2.4085911667066866,0.5291058418574393,3.0,279.0990924992881,85700.05335674962,1.0696965075884581,334.9040500545686,0.08052372631420622,-0.00016110370694876136,32.91804621223587,579.5603731908918
13.4349218749998,1393.0761920499126,31.34200593327394,31.988798836102728,10.219948436079337,106.63344302051155,0.06629893929750166,0.0027680390468178087,5.39119011478962,0.5189999999999962,0.8821403046041179,1.1672910198857702,2.8515071528165237,0.09770425810593547,0.0,2.379675859495949,0.5290902015112933,3.0,279.09500475167556,85693.36383098969,1.069628675850504,334.90157287951536,0.0813685386066454,-0.00011772017555369734,32.72130971670393,572.6172131902239
13.4549218749998,1393.7009887698719,31.13768426384164,31.788023348824748,10.214479579424722,106.76141549414828,0.0664816488396862,0.0028473751576726792,5.39119011478962,0.5189999999999962,0.8821403046041179,1.1672422656105788,2.851019610064609,0.0971181320116194,0.0,2.3509691318837858,0.5290746705100492,3.0,279.0909435729958,85686.71778481244,1.0695612830274872,334.89911180523546,0.08222375851032106,-7.618249922562748e-05,32.52477615087494,565.7236182589251
13.474921874999799,1394.3217001466305,30.933471499356738,31.587402215763177,10.209044976417662,106.88932731909175,0.06666457817559604,0.002929590855928841,5.39119011478962,0.5189999999999962,0.8821403046041179,1.1671918517273963,2.850515471232784,0.09653260131397444,0.0,2.322470492111999,0.5290592486428062,3.0,279.08690894904686,85680.11519497658,1.0694943289221317,334.89666682312236,0.08309589597767555,-3.823476195127337e-05,32.3284464198154,558.8794740222131
13.494921874999799,1394.9383283514717,30.729366959275804,31.38693555935836,10.203644513934902,107.01717868426427,0.06684772292957189,0.003014746681672467,5.39119011478962,0.5189999999999962,0.8821403046041179,1.1671397443757172,2.8499943977159936,0.09594766893524617,0.0,2.294179450724282,0.5290439357002985,3.0,279.08290086571543,85673.55603838587,1.0694278133383575,334.89423792462355,0.08398110326716328,-2.3399997767556996e-06,32.13232146871334,552.0846670057708
13.514921874999798,1395.550875542095,30.52536996424341,31.186623524634207,10.198278114421116,107.14496977442226,0.06703107888034576,0.0031028884351636337,5.39119011478962,0.5189999999999962,0.8821403046041179,1.1670859183221065,2.8494561371798866,0.09536333792057781,0.0,2.2660955206662923,0.5290287314748898,3.0,279.07891930897637,85667.0402920886,1.0693617360812757,334.89182510123965,0.08488174543678363,3.22303007265478e-05,31.93640228396856,545.3390846321662
13.534921874999798,1396.1593438626278,30.321479837691214,30.986466280295428,10.192945699743783,107.2727007703463,0.0672146419950905,0.0031940634833279575,5.39119011478962,0.5189999999999962,0.8821403046041179,1.167030347576407,2.8489004297228915,0.09477961144117894,0.0,2.238218219428842,0.5290136357605622,3.0,279.0749642648929,85660.56793327736,1.0692960969571852,334.8894283445251,0.08579799799886972,6.713274982335371e-05,31.740689894252622,538.6426152150324
13.554921874999797,1396.7637354436788,30.11769590364912,30.786464018745058,10.18764713996999,107.40037184889034,0.06739840829222689,0.0032883449231444575,5.39119011478962,0.5189999999999962,0.8821403046041179,1.166972991170027,2.848326865659092,0.09419649279795264,0.0,2.210547072583244,0.5289986483529132,3.0,279.0710357196161,85654.13893928862,1.0692308957735712,334.88704764608735,0.08672817199995525,9.643708032966806e-05,31.54518537172229,531.9951479572469
13.574921874999797,1397.364052402361,29.91401748910823,30.58661695744867,10.18238227718107,107.52798318312801,0.06758237395032261,0.0033858211146353657,5.39119011478962,0.5189999999999962,0.8821403046041179,1.1669137993169612,2.847734947128433,0.09361398542480054,0.0,2.183081612473821,0.5289837690491435,3.0,279.06713365938464,85647.75328760233,1.0691661323391002,334.8846829975871,0.08767099041038608,0.00012609235780724,31.34988983312507,525.3965729441296
13.594921874999796,1397.9602968423737,29.710443925342148,30.386925340003422,10.177150928305132,107.65553494230602,0.0677665353480231,0.003486594871335711,5.39119011478962,0.5189999999999962,0.8821403046041179,1.1668527139174645,2.8471240931334663,0.09303209289208178,0.0,2.1558213782397924,0.5289689976480436,3.0,279.06325807052457,85641.4109558412,1.069101806463614,334.8823343907379,0.08863070817382619,0.00015732044233204652,31.154804440956323,518.8467811371428
13.614921874999796,1398.5524708540709,29.506974546819794,30.187389436543995,10.171952964967756,107.7830272918419,0.06795088886357364,0.003590745693278145,5.39119011478962,0.5189999999999962,0.8821403046041179,1.1667896906776603,2.846493860735424,0.09245081891045995,0.0,2.1287659101402943,0.5289543339499891,3.0,279.05940893944853,85635.11192176983,1.069037917958121,334.8800018173058,0.08960754600346692,0.00018773878774380775,30.95993040474624,512.3456643706104
13.634921874999796,1399.1405765145018,29.30360868819273,29.988009543634476,10.166788357257936,107.91046039341332,0.06813543091069726,0.0036983076705315644,5.39119011478962,0.5189999999999962,0.8821403046041179,1.166724712013303,2.8458440740918522,0.09187016733514355,0.0,2.1019147457776572,0.5289397777569413,3.0,279.0555862526557,85628.85616329436,1.0689744666347945,334.87768526910935,0.09059865489425697,0.00021150137776470716,30.765268982478613,505.89311535134567
13.654921874999795,1399.7246158874398,29.10034568767896,29.788785986027495,10.161656903126596,108.03783440508991,0.06832015806258934,0.0038093993527509155,5.39119011478962,0.5189999999999962,0.8821403046041179,1.1666577110767389,2.8451740647262103,0.09129014216955962,0.0,2.075267440170412,0.528925328872431,3.0,279.0517899967316,85622.64365846217,1.0689114523069672,334.87538473801936,0.09160801614140128,0.00023078565949188884,30.570821481819763,499.4890276504851
13.674921874999795,1400.3045910234503,28.897184885189752,29.58971911693535,10.156558562015558,108.16514948132864,0.06850506722864554,0.0039240636972907245,5.39119011478962,0.5189999999999962,0.8821403046041179,1.1665886653806308,2.844483607765129,0.09071074756971845,0.0,2.0488235408607753,0.5289109871015553,3.0,279.0480201583475,85616.47438546113,1.0688488747891285,334.87310021595863,0.09263602152600747,0.0002476991179456461,30.37658926157885,493.13329570149574
13.694921874999794,1400.8805039598992,28.69412562186282,29.39080931875149,10.151493190647395,108.2924057731707,0.06869015567619761,0.0040423954993806235,5.39119011478962,0.5189999999999962,0.8821403046041179,1.1665175223034618,2.84377217699344,0.09013198784863269,0.0,2.022582607886913,0.528896752250973,3.0,279.0442767242606,85610.34832261951,1.06878673389692,334.87083169490194,0.09367785959278804,0.0002630928702644248,30.182573733186423,486.8258147971496
13.714921874999794,1401.4523567210133,28.491167243136083,29.192057004798162,10.146460607364016,108.41960342826276,0.06887542092203301,0.004164511189848351,5.39119011478962,0.5189999999999962,0.8821403046041179,1.166444216775533,2.8430391217141504,0.08955386748039602,0.0,1.9965442093495562,0.5288826241288879,3.0,279.04055968131337,85604.2654484053,1.0687250294471318,334.8685791668759,0.0947379038008402,0.0002768377234129341,29.98877636205891,480.5664810812084
13.734921874999793,1402.0201513179652,28.28830909715762,28.99346261977526,10.141460713318512,108.54674259080689,0.06906086073528923,0.004290489047804589,5.39119011478962,0.5189999999999962,0.8821403046041179,1.166368706207322,2.8422840160320417,0.08897639110495845,0.0,1.9707079114912531,0.5288686025450445,3.0,279.03686901643323,85598.22574142544,1.0686637612576941,334.86634262395853,0.09581871632829912,0.0002881616167380054,29.795198669196353,474.3551915460524
13.754921874999793,1402.5838897488977,28.085550533081665,28.795026640231512,10.136493366886802,108.67382340169735,0.06924647308655743,0.0044204309715285585,5.39119011478962,0.5189999999999962,0.8821403046041179,1.1662909344239665,2.841506298198486,0.08839956353315849,0.0,1.945073288832995,0.5288546873107274,3.0,279.03320471663216,85592.22918042539,1.0686029291476746,334.8641220582791,0.09691402192535942,0.00029843014469064415,29.601842232866186,468.1918440312719
13.774921874999793,1403.1435739989859,27.88289090559544,28.596749576820645,10.131558343091276,108.80084599854642,0.06943225616043004,0.004554483965122682,5.39119011478962,0.5189999999999962,0.8821403046041179,1.1662108191739702,2.8407051456985233,0.08782338975106663,0.0,1.91963992820998,0.5288408782387386,3.0,279.0295667690066,85586.27574428858,1.0685425329372715,334.861917462018,0.09802755019013026,0.0003080950268263817,29.40870869005631,462.0763372131494
13.794921874999792,1403.6992060405257,27.680329571240833,28.398631974275325,10.126655531566417,108.92781051561835,0.06961820829687711,0.004692740544729603,5.39119011478962,0.5189999999999962,0.8821403046041179,1.1661283102457203,2.8398800564160243,0.08724787492555265,0.0,1.8944074115788796,0.5288271751434014,3.0,279.02595516073654,85580.36541203543,1.0684825724478055,334.85972882740634,0.09916015454970496,0.000314640623770237,29.215799738338028,456.0085706053776
13.814921874999792,1404.2507878329739,27.47786589033366,28.200674413010148,10.12178474067566,109.05471708392822,0.06980432801322671,0.004835337463154027,5.39119011478962,0.5189999999999962,0.8821403046041179,1.1660433318864645,2.839030272823466,0.08667302440934144,0.0,1.8693753331249303,0.5288135778405468,3.0,279.02236987908566,85574.49816282296,1.0684230475017156,334.8575561467259,0.1003097898686137,0.0003202890537344793,29.0231171375576,449.9884445524096
13.834921874999791,1404.7983213230336,27.2754992265698,28.002877510105055,10.116945744049968,109.18156583118743,0.06999061400357649,0.004982433229065549,5.39119011478962,0.5189999999999962,0.8821403046041179,1.1659557959893718,2.8381549138525397,0.08609884374652105,0.0,1.844543295704367,0.5288000861475068,3.0,279.01881091140024,85568.67397594379,1.068363957922551,334.85539941230854,0.10147812631308858,0.0003232704857168476,28.83066271167925,444.01586022564135
13.85492187499979,1405.341808444726,27.073228949060486,27.805241921010584,10.112138372358595,109.3083568818082,0.0701770651751823,0.005134161045730459,5.39119011478962,0.5189999999999962,0.8821403046041179,1.1658656294943437,2.8372532489022584,0.08552533867789992,0.0,1.8199109022770872,0.5287866998830993,3.0,279.01527824510924,85562.89283082551,1.0683053035349628,334.8532586165362,0.1026650901271088,0.0003235939171303742,28.63843835057767,438.09071961604576
13.87492187499979,1405.8812511194926,26.87105442954444,27.60776833995036,10.107362358442737,109.43509035680306,0.0703636806497131,0.005290708999258269,5.39119011478962,0.5189999999999962,0.8821403046041179,1.165772727766941,2.836324231628231,0.08495251514724779,0.0,1.7954777707921186,0.5287734188676291,3.0,279.01177186772327,85557.15470702949,1.0682470841646952,334.8511337518403,0.10386952511165337,0.0003210909983451891,28.446446012126305,432.212925533868
13.89492187499979,1406.416651256259,26.668975045652477,27.41045750206042,10.102617519116434,109.56176637381776,0.07055045982451545,0.005452226258937696,5.39119011478962,0.5189999999999962,0.8821403046041179,1.1656770091849618,2.835367045808439,0.08438037930687808,0.0,1.7712435167752942,0.5287602429228684,3.0,279.0082917668343,85551.4595842502,1.0681892996385765,334.8490248107016,0.1050946125598698,0.0003195016402064739,28.25468772406523,426.3823815993892
13.91492187499979,1406.9480107515421,26.466990178187526,27.213310183908707,10.09790366668998,109.68838504702322,0.07073740228949743,0.005618868478905992,5.39119011478962,0.5189999999999962,0.8821403046041179,1.165578388739105,2.8343808413498706,0.08380893752431552,0.0,1.7472077616421997,0.5287471718720588,3.0,279.00483793011495,85545.80744231418,1.068131949784511,334.84693178564964,0.10633922910184766,0.00031529107340650883,28.06316558623225,420.5989922425897
13.93492187499979,1407.4753314895077,26.265099211822395,27.016327205030056,10.093220606839303,109.81494648717111,0.07092450780118928,0.005790799022981906,5.39119011478962,0.5189999999999962,0.8821403046041179,1.1654767773417116,2.8333647273759377,0.08323819638873103,0.0,1.7233701329830295,0.5287342055398998,3.0,279.00141034531816,85540.19826117929,1.0680750344314713,334.8448546692628,0.10760508488071237,0.00030984873925334847,27.8718817727162,414.8626626980731
13.954921874999789,1407.9986153420584,26.063301535595667,26.819509429448644,10.088568089540605,109.9414508015511,0.07111177632326361,0.005968215852771666,5.39119011478962,0.5189999999999962,0.8821403046041179,1.1653720662787455,2.832317616746276,0.08266816271760401,0.0,1.6997302700833175,0.5287213437525402,3.0,278.9980090002766,85534.63202093383,1.0680185534094888,334.84279345416763,0.1088874977134482,0.0003029195691133969,27.6808385340862,409.17329899992876
13.974921874999788,1408.5178641689379,25.861596544351812,26.62285776751006,10.083945793698755,110.0678980939116,0.07129920795848944,0.006151361162811026,5.39119011478962,0.5189999999999962,0.8821403046041179,1.1652641217114852,2.8312381710736734,0.08209884356344295,0.0,1.6762878263934586,0.5287085863375631,3.0,278.9946338829019,85529.1087017955,1.067962506549647,334.8407481330386,0.11019077243865318,0.00029531087481873835,27.490038199640537,403.53080797478685
13.994921874999788,1409.0330798178431,25.659983638564654,26.426373177324134,10.079353541668947,110.19428846435201,0.07148680299570154,0.006340405381533833,5.39119011478962,0.5189999999999962,0.8821403046041179,1.1651528519501901,2.830125473460723,0.08153024622100845,0.0,1.6530424458740758,0.5286959331239782,3.0,278.991284981184,85523.62828411006,1.0679068936840632,334.8387186985975,0.11151585699020143,0.0002855746195470732,27.299483179823643,397.93509723738316
14.014921874999787,1409.5442641245106,25.45846222167534,26.23005666560966,10.074791110143947,110.32062200930494,0.07167456188927221,0.006535548729075618,5.39119011478962,0.5189999999999962,0.8821403046041179,1.165038148577273,2.828978439731551,0.08096237823529401,0.0,1.6299937834147054,0.5286833839422233,3.0,278.98796228319065,85518.19074835055,1.067851714645886,334.83670514361353,0.11286239389551375,0.0002739695332989277,27.109175968896853,392.38607519090135
14.034921874999787,1410.0514189127996,25.257031702399885,26.033909289954483,10.070258235376697,110.44689882152394,0.07186248528588488,0.006737019508900465,5.39119011478962,0.5189999999999962,0.8821403046041179,1.1649198875238598,2.8277958291974192,0.08039524740891595,0.0,1.6071415048652966,0.5286709386241479,3.0,278.98466577706677,85512.79607511635,1.0677969692692832,334.83470746090245,0.11423024270392258,0.0002609232002521387,26.919119147411248,386.8836510187589
14.054921874999787,1410.55454599479,25.05569149488414,25.837932160553017,10.065754679707403,110.5731189900349,0.07205057400391358,0.0069450378355429025,5.39119011478962,0.5189999999999962,0.8821403046041179,1.1647979501061771,2.826576455020593,0.07982886181013907,0.0,1.5844852794673978,0.5286585970030038,3.0,278.98139545103385,85507.44424513211,1.0677426573894326,334.8327256433265,0.11561882671352512,0.00025009067389810964,26.72931538489332,381.4277346798698
14.074921874999786,1411.0536471709033,24.854441018192308,25.642126441832314,10.06128014750461,110.69928260002536,0.07223882898426344,0.007159862697568824,5.39119011478962,0.5189999999999962,0.8821403046041179,1.1646721958839883,2.8253189127987044,0.07926322978131116,0.0,1.562024790143908,0.528646358913438,3.0,278.9781512933891,85502.1352392465,1.0676887788425102,334.83075968379376,0.11702925042384418,0.00023625440430569158,26.53976744266752,376.0182369049506
14.094921874999786,1411.5487242299957,24.653279697503024,25.44649335461715,10.056834336015385,110.82538973281677,0.07242725125414194,0.007381764348401478,5.39119011478962,0.5189999999999962,0.8821403046041179,1.1645424787013232,2.8240217409720536,0.07869835994730476,0.0,1.5397597278263198,0.5286342241914803,3.0,278.974933292505,85496.86903843124,1.067635333465679,334.82880957525805,0.11846044829409,0.00022220597403433168,26.35047817668122,370.6550691899164
14.114921874999785,1412.0397789494948,24.45220696478528,25.25103417821885,10.052416925089656,110.95144046571865,0.07261584196987668,0.00761103073976495,5.39119011478962,0.5189999999999962,0.8821403046041179,1.164408643047152,2.8226833844303423,0.07813426122431992,0.0,1.5176897930500541,0.5286221926745291,3.0,278.97174143682827,85491.64562377956,1.067582321097076,334.8268753107179,0.11991403354944781,0.00020969721542064682,26.161450540450428,365.3381437896965
14.134921874999785,1412.5268130955262,24.251222257285512,25.055750252030613,10.04802764563034,111.07743487191682,0.07280460236179818,0.007847928395272626,5.39119011478962,0.5189999999999962,0.8821403046041179,1.1642705466626018,2.821302420584839,0.07757094282948228,0.0,1.4958146870632416,0.52861026420135,3.0,278.9685757148791,85486.464976505,1.0675297415757992,334.8249568832167,0.12139075855653242,0.00019461231522988038,25.97268758827187,360.0673737163624
14.154921874999784,1413.0098284230126,24.050325018205694,24.860642977800897,10.043666231623979,111.20337302044759,0.07299353370866409,0.00809272944234002,5.39119011478962,0.5189999999999962,0.8821403046041179,1.164128044982409,2.819877403782911,0.07700841429038997,0.0,1.4741341177671619,0.5285984386120638,3.0,278.9654361152504,85481.32707794015,1.067477594741896,334.82305428584175,0.12288982761122483,0.0001801524541016344,25.784192478417832,354.84267273341356
14.174921874999784,1413.4888266758032,23.849514696574634,24.665713821776578,10.03933232625776,111.32925497608564,0.07318263736879196,0.008345766982957307,5.39119011478962,0.5189999999999962,0.8821403046041179,1.1639809593850028,2.8184065478088494,0.07644668545515908,0.0,1.4526478130481983,0.5285867157481375,3.0,278.96232262660726,85476.23190953549,1.0674258804363506,334.821167511724,0.12441192268298716,0.00016426138531114274,25.595968476497895,349.6639553513092
14.194921874999784,1413.9638095868013,23.6487907487208,24.470964317358224,10.035025581817369,111.45508079925214,0.07337191478501338,0.008607378272169317,5.39119011478962,0.5189999999999962,0.8821403046041179,1.1638291100232379,2.8168880541912,0.07588576650249439,0.0,1.431355507887476,0.5285750954523694,3.0,278.9592352376858,85471.1794528579,1.0673745985010705,334.8192965540376,0.12595717302443607,0.00014827501258714976,25.408018958829118,344.5311368197436
14.214921874999783,1414.4347788780965,23.448152637334758,24.276396067224116,10.030745738882562,111.58085054590659,0.07356136747924957,0.008877857380197614,5.39119011478962,0.5189999999999962,0.8821403046041179,1.1636723430289506,2.8153203842483276,0.0753256679526719,0.0,1.4102569326048795,0.5285635775688822,3.0,278.95617393729236,85466.16968958927,1.067323748778873,334.81744140599915,0.12752839950951775,0.00013374583650528437,25.220347416111473,339.4441331246787
14.234921874999783,1414.9017362610925,23.247599830980434,24.082010745685672,10.026492441878679,111.70656426746412,0.07375099699772078,0.009157564456706348,5.39119011478962,0.5189999999999962,0.8821403046041179,1.1635104678701262,2.813701632660084,0.07476640067886926,0.0,1.3893518394691045,0.5285521619431169,3.0,278.9531387143029,85461.20260152516,1.0672733311134708,334.81560206086755,0.1291212497821291,0.00012043948332024298,25.03295745721967,334.4028609846933
14.254921874999782,1415.3646834366373,23.04713180554308,23.887810101649084,10.022265301844113,111.83222201071139,0.07394080487587537,0.009446890090828343,5.39119011478962,0.5189999999999962,0.8821403046041179,1.1633432780016362,2.812029733975183,0.07420797591846445,0.0,1.3686399946916714,0.5285408484218173,3.0,278.95012955766185,85456.27817057345,1.0672233453494606,334.8137785119431,0.13073783758484703,0.00010535400701616385,24.845852812984365,329.40723784315844
14.274921874999782,1415.8236220951803,22.846748045295655,23.693795961580616,10.018063950914579,111.9578238176524,0.07413079264142668,0.009746223137817705,5.39119011478962,0.5189999999999962,0.8821403046041179,1.1631705694148373,2.8103026481071947,0.07365040528480718,0.0,1.3481211705281129,0.5285296368530126,3.0,278.9471464563813,85451.39637875257,1.0671737913323032,334.81197075256705,0.13238033681208838,9.003944677484415e-05,24.659037340131572,324.45718186073253
14.294921874999782,1416.2785539169172,22.646448040732174,23.499970231778114,10.013888068951774,112.0833697254005,0.07432096185301909,0.01005593407420829,5.39119011478962,0.5189999999999962,0.8821403046041179,1.1629921502061125,2.808518456019946,0.07309370078027498,0.0,1.327795140752028,0.5285185270860193,3.0,278.94418939954,85446.55720819009,1.0671246689083116,334.81017877612123,0.13404736546900323,7.558795801574213e-05,24.47251502565218,319.5526119151049
14.314921874999781,1416.7294805719337,22.446231290515154,23.30633490181613,10.009737217362286,112.20885976607651,0.07451131408765076,0.01037647749033768,5.39119011478962,0.5189999999999962,0.8821403046041179,1.1628077821770477,2.8066747757292987,0.07253787480880311,0.0,1.3076617075404688,0.5285075189714217,3.0,278.9412583762824,85441.76064112106,1.067075977924633,334.8084025760271,0.1357385624708349,6.213206869335426e-05,24.286289990995208,314.6934475917106
14.33492187499978,1417.1764037203704,22.246097300956833,23.11289204749586,10.005611069756679,112.33429396666038,0.07470185090394475,0.01070825062087037,5.39119011478962,0.5189999999999962,0.8821403046041179,1.1626172617422634,2.8047695713814558,0.07198294018950653,0.0,1.287720664588694,0.5284966123610628,3.0,278.93835337581754,85437.00665988636,1.0670277182292347,334.8066421457454,0.13745819490579206,4.864929225525811e-05,24.10036649662671,309.87960917965233
14.35492187499978,1417.6193250125575,22.0460455851618,22.919643833868797,10.001509254805299,112.45967234893244,0.07489257382456298,0.011051690199248518,5.39119011478962,0.5189999999999962,0.8821403046041179,1.1624203647561493,2.8028006015203144,0.07142891017098027,0.0,1.2679718224889145,0.5284858071080404,3.0,278.93547438741837,85432.29524693119,1.066979889670886,334.8048974787755,0.13920365247605201,3.667686448718182e-05,23.914748946815713,305.11101766882916
14.37492187499978,1418.0582460891683,21.84607566410745,22.72659251888779,9.997431373930358,112.5849949293673,0.07508348433662256,0.011407262652810064,5.39119011478962,0.5189999999999962,0.8821403046041179,1.1622168523191863,2.800765477150684,0.07087579844561419,0.0,1.2484150065880104,0.5284751030666901,3.0,278.9326214004204,85427.6263848035,1.0669324920991459,334.80316856865477,0.1409758484478891,2.3635599944663352e-05,23.729441894424966,300.3875947423874
14.39492187499978,1418.4931685813744,21.646187066970995,22.533740457025623,9.993377012113758,112.71026171903637,0.07527458388819709,0.011775458180156375,5.39119011478962,0.5189999999999962,0.8821403046041179,1.1620064743557865,2.7986616975166867,0.0703236191646657,0.0,1.229050055715005,0.5284645000925744,3.0,278.92979440422107,85423.00005615229,1.0668855253643437,334.80145540895796,0.14277393936976987,1.0505576294329134e-05,23.544450045955365,295.7092627707945
14.414921874999779,1418.9240941110168,21.446379331465128,22.34109010305651,9.989345749674717,112.8354727234762,0.0754658739063315,0.012156783918182387,5.39119011478962,0.5189999999999962,0.8821403046041179,1.161788973691734,2.796486690876161,0.06977238695390357,0.0,1.2098768204928663,0.528453998042469,3.0,278.9269933882784,85418.41624372583,1.0668389893175634,334.7997579932967,0.14459995850789048,-4.2267891104004734e-07,23.359778266781568,291.07594480568633
14.434921874999779,1419.351024290777,21.24665200400445,22.14864401597018,9.98533713902534,112.9606279425627,0.07565735578420064,0.012551779594034595,5.39119011478962,0.5189999999999962,0.8821403046041179,1.161564077400972,2.7942377279685404,0.0692221169299169,0.0,1.1908951680390112,0.5284435967743508,3.0,278.92421834210995,85413.87493036981,1.066792883810623,334.79807631531867,0.14645205871005113,-1.2674240150913784e-05,23.175431586610227,286.48756457406625
14.454921874999778,1419.7739607243564,21.04700464005163,21.956404863113214,9.981350735592272,113.08572737037835,0.07584903086730914,0.01296099823973163,5.39119011478962,0.5189999999999962,0.8821403046041179,1.1613315079629036,2.7919120335878578,0.06867282471700852,0.0,1.1721049766908291,0.5284332961473857,3.0,278.92146925529164,85409.37609902544,1.0667472086960585,334.79641036870674,0.14833272845129483,-2.417680076206559e-05,22.99141520513385,281.9440464719543
14.474921874999778,1420.1929050066547,20.847436804232366,21.764375424468575,9.977386069878737,113.21077099508629,0.07604090046580661,0.013385025102657919,5.39119011478962,0.5189999999999962,0.8821403046041179,1.1610909728110572,2.7895066820693937,0.06812452646482949,0.0,1.153506141715732,0.5284230960219158,3.0,278.91874611745675,85404.91973272756,1.0667019638271018,334.7947601471788,0.1502401456489802,-3.5297150161107396e-05,22.80773449793272,277.4453155585635
14.494921874999777,1420.6078587239615,20.647948070685903,21.57255859719299,9.97344269976928,113.33575879878573,0.0762329658688811,0.013824443546780038,5.39119011478962,0.5189999999999962,0.8821403046041179,1.160842183816486,2.787018792123681,0.06757723886662911,0.0,1.1350985653095458,0.5284129962594459,3.0,278.9160489182942,85400.50581460261,1.0666571490576633,334.7931256444863,0.15217858057791736,-4.431113289811244e-05,22.62439502258282,272.9912975497252
14.514921874999777,1421.018823454134,20.448538022019427,21.38095740005407,9.969520195972908,113.46069075741065,0.07642522827673634,0.014279844471479286,5.39119011478962,0.5189999999999962,0.8821403046041179,1.1605848521533977,2.7844454754927983,0.06703097917872287,0.0,1.116882159167338,0.5284029967226387,3.0,278.9133776475481,85396.13432786669,1.0666127642423109,334.79150685441414,0.1541471138896345,-5.481770359308478e-05,22.44140252517149,268.58191881518997
14.534921874999776,1421.4258007667709,20.24920624985499,21.189574978475264,9.965618072989761,113.58556684064698,0.07661768884084713,0.014751873520642842,5.39119011478962,0.5189999999999962,0.8821403046041179,1.160318662049131,2.781783574450132,0.06648576524023148,0.0,1.0988568591283827,0.5283930972752997,3.0,278.910732295016,85391.80525582377,1.0665688092362524,334.7899037707797,0.15614378506246,-6.399815442396296e-05,22.258762946903744,264.21710637180513
14.554921874999776,1421.8287922234058,20.049952356467013,20.99841461005828,9.961735831922491,113.7103870118097,0.07681034866658894,0.015241203576434808,5.39119011478962,0.5189999999999962,0.8821403046041179,1.1600432866333141,2.7790298202919628,0.06594161549318593,0.0,1.0810226172387463,0.5283832977823567,3.0,278.90811285054787,85387.51858186362,1.0665252838953165,334.788316387432,0.15817131022487263,-7.405535016690703e-05,22.07648243083112,259.896787873287
14.574921874999776,1422.227799377716,19.850775953538484,20.807479709699503,9.957872971901338,113.83515122769751,0.07700320882710868,0.015748527553556095,5.39119011478962,0.5189999999999962,0.8821403046041179,1.1597583923082118,2.776180877040939,0.06539854900444109,0.0,1.0633793996474825,0.5283735981098538,3.0,278.90551930404484,85383.27428945957,1.0664821880759279,334.78674469825114,0.16022941708033775,-8.119100498293582e-05,21.894567329185886,255.62089160779186
14.594921874999775,1422.6228237757152,19.651676663219483,20.616773835505825,9.954029005716151,113.95985943849453,0.0771962703402687,0.016274547844657577,5.39119011478962,0.5189999999999962,0.8821403046041179,1.1594636449554934,2.773233403513755,0.06485658548767241,0.0,1.0459271831480514,0.528363998124934,3.0,278.90295164545785,85379.07236216647,1.066439521635088,334.7851886971474,0.1623190313092722,-8.961442140758451e-05,21.713024210743082,251.38934648919346
14.614921874999775,1423.0138669559594,19.452654117778398,20.426300694677067,9.950203395702811,114.08451158764971,0.07738953415075292,0.016820021713588373,5.39119011478962,0.5189999999999962,0.8821403046041179,1.1591586849782831,2.7701838037416526,0.06431574532676355,0.0,1.0286659700196457,0.5283544976958281,3.0,278.90040986478624,85374.91278361846,1.0663972844303535,334.78364837806043,0.16443967104101448,-9.69374170503459e-05,21.531859868648095,247.2020820521889
14.634921874999774,1423.4009304497595,19.253707960225793,20.23606414990577,9.946395611158358,114.20910761175632,0.07758300114624989,0.01738572213019548,5.39119011478962,0.5189999999999962,0.8821403046041179,1.1588431495967606,2.7670284499264275,0.06377604959977226,0.0,1.0115957755579321,0.5283450966918389,3.0,278.8978939520765,85370.79553752682,1.066355476319814,334.78212373495836,0.16659300122032827,-0.00010304677547905538,21.3510813284378,243.05902844452734
14.654921874999774,1423.7840157813941,19.054837844551628,20.04606822600925,9.942605099599982,114.33364744043801,0.07777667214240387,0.01797245866822765,5.39119011478962,0.5189999999999962,0.8821403046041179,1.1585166616398643,2.763763570357465,0.06323752010400892,0.0,0.9947166350239076,0.5283357949833272,3.0,278.8954038974209,85366.72060767758,1.0663140971620673,334.7806147618371,0.16877743403803208,-0.00011008300794087438,21.17069585643414,238.9601164202628
14.674921874999773,1424.1631244683363,18.856043436213348,19.856317116949576,9.938831289626467,114.45813099621756,0.07797054789230873,0.018581076445773927,5.39119011478962,0.5189999999999962,0.8821403046041179,1.158178830641482,2.760385260373641,0.06270017938201566,0.0,0.9780286035184648,0.528326592441694,3.0,278.8929396909558,85362.68797792918,1.0662731468161981,334.7791214527192,0.17099490965264225,-0.0001154376316322011,20.990710968439103,234.90527733207173
14.694921874999773,1424.5382580214844,18.657324412381353,19.66681519315627,9.935073584733495,114.58255819438531,0.07816462908702301,0.019212461620368826,5.39119011478962,0.5189999999999962,0.8821403046041179,1.1578292503461995,2.756889457420817,0.06216405074869098,0.0,0.9615317580910476,0.5283174889393675,3.0,278.8905013228603,85358.69763220998,1.0662326251417515,334.7776438016533,0.17324506064448675,-0.00012048769609685747,20.81113443881317,230.8944431241916
14.714921874999773,1424.9094179454007,18.458680462312017,19.477567009252827,9.931331383185459,114.70692894286637,0.07835891634895804,0.019867527772098305,5.39119011478962,0.5189999999999962,0.8821403046041179,1.1574675067948357,2.7532720219071782,0.06162915831945574,0.0,0.9452261931357689,0.5283084843497854,3.0,278.8880887833549,85354.74955451576,1.0661925319987076,334.77618180271304,0.17552841053172602,-0.00012470748476015812,20.6319743099023,226.92754632484818
14.734921874999772,1425.2766057385556,18.26011128750397,19.28857731213837,9.9276040901886,114.83124314208527,0.07855341021852967,0.020547207230892747,5.39119011478962,0.5189999999999962,0.8821403046041179,1.1570931836183314,2.749528790142135,0.06109552703965368,0.0,0.9291120171217478,0.5282995785473805,3.0,278.88570206269935,85350.84372890709,1.066152867247457,334.7747354499958,0.17784649280663442,-0.00012787553285919544,20.453238901878123,223.00452003927555
14.754921874999772,1425.6398228935695,18.061616601565643,19.099851049440975,9.923891079609188,114.9555006848526,0.07874811116235161,0.021252480041917862,5.39119011478962,0.5189999999999962,0.8821403046041179,1.156705846705306,2.745655421011881,0.060563182715295545,0.0,0.9131893628066287,0.5282907714075689,3.0,278.88334115119176,85346.98013950676,1.0661136307487726,334.7733047376222,0.18019910377641835,-0.00013030427617853596,20.27493682302793,219.12529794373805
14.774921874999771,1425.9990708974628,17.86319613106955,18.91139337861872,9.920191702184843,115.0797014562448,0.078943019546331,0.02198436899267631,5.39119011478962,0.5189999999999962,0.8821403046041179,1.1563050476572958,2.7416474305317795,0.06003215204459527,0.0,0.8974583856090601,0.5282820628067284,3.0,278.8810060391665,85343.15877049715,1.066074822363785,334.77188965973494,0.18258574823178536,-0.00013214129329649712,20.09707698030968,215.28981427617936
14.79492187499977,1426.354351231922,17.66484961603234,18.723209676453408,9.916505293987164,115.20384533346387,0.07913813565830517,0.022743934079509896,5.39119011478962,0.5189999999999962,0.8821403046041179,1.155890327543937,2.737500229398191,0.05950246265093045,0.0,0.8819192615530288,0.5282734526221815,3.0,278.87869671699247,85339.37960611735,1.066036441953954,334.7704902104974,0.1850086910728894,-0.00013318623836479384,19.9196685903838,211.49800382783795
14.81492187499977,1426.7056653735663,17.46657680952091,18.53530554888602,9.912831196538091,115.32793218571179,0.07933345969070668,0.02353225747349441,5.39119011478962,0.5189999999999962,0.8821403046041179,1.1554612257949128,2.73320921190795,0.05897414311757894,0.0,0.8665721813482301,0.5282649407321838,3.0,278.8764131750718,85335.64263066037,1.065998489381038,334.7691063840935,0.18746792387983738,-0.00013355207430985547,19.74272119123954,207.74980193788178
14.83492187499977,1427.053014794212,17.268377478515177,18.347686841634424,9.909168702784603,115.4519618740834,0.07952899174041685,0.024350485886334143,5.39119011478962,0.5189999999999962,0.8821403046041179,1.155017257964909,2.728769533607911,0.058447223023258915,0.0,0.8514173661122354,0.528256527015903,3.0,278.8741554038376,85331.9478284703,1.0659609645070671,334.7677381747256,0.1899634160160891,-0.00013543136146823028,19.566244654090134,204.04514448370503
14.85492187499977,1427.3964009611593,17.070251404545846,18.160359651325916,9.905517097962893,115.57593425142791,0.0797247318416185,0.025199799885776322,5.39119011478962,0.5189999999999962,0.8821403046041179,1.1545579333064309,2.72417628702313,0.05792173297918077,0.0,0.8364550556480269,0.5282482113533987,3.0,278.87192339375247,85328.29518393928,1.0659238671943148,334.76638557661397,0.19249542857970445,-0.00013498205079682336,19.390249195774107,200.3839678716733
14.87492187499977,1427.7358253374846,16.872198383591105,17.973330337098577,9.901875631352036,115.6998491622136,0.07992067996312067,0.026081436767694963,5.39119011478962,0.5189999999999962,0.8821403046041179,1.1540827433289245,2.719424387248066,0.05739770466798609,0.0,0.8216855169589763,0.5282399936256084,3.0,278.8697171353063,85324.68468150435,1.0658871973052615,334.7650485839956,0.19506439557466182,-0.00013494590494044078,19.214745391788195,196.76620903047396
14.894921874999769,1428.0712893823375,16.674218227344042,17.786605533089602,9.898243533812465,115.82370644240113,0.08011683600012413,0.026996677612201477,5.39119011478962,0.5189999999999962,0.8821403046041179,1.1535911698062749,2.71450865202157,0.05687517088351673,0.0,0.8071090389199258,0.5282318737143212,3.0,278.8675366190148,85321.11630564438,1.065850954702567,334.76372719112294,0.19767047842311686,-0.00013502421229682113,19.039744189598093,193.19180539933387
14.914921874999768,1428.402794551259,16.476310763051462,17.60019216134381,9.894620019130276,115.947505919288,0.08031319979010366,0.027946846648508522,5.39119011478962,0.5189999999999962,0.8821403046041179,1.1530826861346384,2.7094238153052053,0.056354165572937244,0.0,0.7927259314606661,0.5282238515021643,3.0,278.86538183541677,85317.59004087654,1.0658151392490354,334.7624213922626,0.20031539462143436,-0.00013498480868405407,18.865256922736954,189.6606949212817
14.934921874999768,1428.7303422964944,16.278475834033948,17.41409744557315,9.89100427375297,116.0712474113845,0.08050977111716567,0.028933320019737863,5.39119011478962,0.5189999999999962,0.8821403046041179,1.1525567537383485,2.704164491342307,0.05583472388019253,0.0,0.7785365284582538,0.5282159268725821,3.0,278.86325277507274,85314.10587175313,1.0657797508075801,334.76113118169405,0.20299853433022635,-0.00013312381249710363,18.691295325350797,186.1728160339446
14.954921874999767,1429.0539340673233,16.0807133004486,17.228328925719698,9.887395469509755,116.19493072827441,0.08070654970273594,0.02995751584892888,5.39119011478962,0.5189999999999962,0.8821403046041179,1.1520128285231186,2.6987252391900074,0.05531688219103833,0.0,0.7645411829381569,0.5282080997098137,3.0,278.8611494285624,85310.66378285797,1.0657447892411909,334.7598565537088,0.20572180235898438,-0.00013120247065202367,18.5178715472704,182.72810765919965
14.974921874999767,1429.373571310394,15.883023039185987,17.04289447319721,9.883792750944327,116.3185556704831,0.08090353519447041,0.031020904870381873,5.39119011478962,0.5189999999999962,0.8821403046041179,1.1514503564246332,2.6931005182051537,0.054800678180384074,0.0,0.7507402705155315,0.5282003698988785,3.0,278.8590717864824,85307.26375880284,1.0657102544128954,334.7585975026083,0.20848492307042502,-0.00012959741911155873,18.344998169857163,179.32650919618618
14.994921874999767,1429.689255470069,15.685404944939142,16.8578023071914,9.880195220933796,116.44212202934783,0.08110072718205723,0.03212502299858581,5.39119011478962,0.5189999999999962,0.8821403046041179,1.1508687681283267,2.6872846352420887,0.05428615086079722,0.0,0.7371341937969677,0.5281927373255498,3.0,278.85701983944455,85303.90578422391,1.065676146185724,334.7573540227034,0.21128681240196662,-0.000127208335576032,18.17268822223778,175.96796050959654
15.014921874999766,1430.0009879887905,15.48785893104625,16.67306101183387,9.876601945368302,116.56562958686392,0.08129812519534188,0.033271468120400535,5.39119011478962,0.5189999999999962,0.8821403046041179,1.1502674822593395,2.6812717765522165,0.05377334063300839,0.0,0.723723380152866,0.5281852018763307,3.0,278.8549935780728,85300.5898437777,1.0656424644226712,334.7561261083122,0.21412966978809744,-0.0001252572433329348,18.000955198208583,172.65240191853488
15.034921874999766,1430.308770307456,15.290384929628267,16.48867955425389,9.873011974315064,116.68907811553959,0.08149572871408933,0.034461882243711155,5.39119011478962,0.5189999999999962,0.8821403046041179,1.149645916217131,2.6750561161301323,0.053262289338845796,0.0,0.7105082727922103,0.5281777634384354,3.0,278.8529929930015,85297.31592213719,1.0656092089866518,334.75491375375896,0.21701325929519055,-0.00012293096685970538,17.82981307395308,169.3797741882391
15.054921874999765,1430.6126038658006,15.092982892746088,16.304667303824218,9.869424307647584,116.81246737825488,0.08169353717055555,0.035697980909380714,5.39119011478962,0.5189999999999962,0.8821403046041179,1.149003472355672,2.6686316775155405,0.05275304031554538,0.0,0.6974893419843148,0.5281704218997626,3.0,278.8510180748723,85294.08400398774,1.065576379740464,334.75371695337265,0.2199384026666547,-0.00011989237719906969,17.659276326219935,166.150018517449
15.074921874999765,1430.9124901028047,14.895652792780268,16.12103405240088,9.8658379186504,116.9357971281001,0.08189154994290367,0.03698153300262199,5.39119011478962,0.5189999999999962,0.8821403046041179,1.1483395502057374,2.6619924560161956,0.05224563845264554,0.0,0.6846670747410044,0.5281631771488733,3.0,278.84906881433176,85290.89407402271,1.0655439765467436,334.75253570148504,0.22290431533335864,-0.00011694561705866718,17.489359951366108,162.96307652886506
15.094921874999764,1431.2084304571085,14.698394623573366,15.937790035849009,9.862251718062046,117.05906710822246,0.08208976635823244,0.03831439217790171,5.39119011478962,0.5189999999999962,0.8821403046041179,1.147653532012244,2.655132274081262,0.05174013025050944,0.0,0.6720419869808093,0.5281560290749631,3.0,278.8471452020288,85287.74611693909,1.0655119992679187,334.75136999242943,0.22591256422032097,-0.00011429864465546414,17.320079484944777,159.81889025621328
15.114921874999764,1431.5004263674512,14.501208401199694,15.754945956767104,9.858664598785824,117.18227705165556,0.08228818570791074,0.039698457326170986,5.39119011478962,0.5189999999999962,0.8821403046041179,1.1469448050183801,2.648045004142623,0.05123656388127893,0.0,0.6596146039058501,0.5281489775678363,3.0,278.8452472286115,85284.64011743283,1.0654804477661648,334.75021982053863,0.22896321020953214,-0.00011093694539192293,17.151451022107192,156.7174021327069
15.134921874999764,1431.7884792731184,14.304094164460151,15.572513008520824,9.855075407071801,117.30542668115946,0.08248680723938279,0.04113569721758466,5.39119011478962,0.5189999999999962,0.8821403046041179,1.146212750646743,2.6407244604262514,0.05073498925230362,0.0,0.647385468590892,0.5281420225178832,3.0,278.8433748847247,85281.57606019406,1.0654493219033543,334.7490851801432,0.23205619658952484,-0.00010729872854238267,16.983491238833032,153.65855498074131
15.154921874999763,1432.0725906144087,14.10705197615281,15.390502900793408,9.851482932743064,117.42851570905599,0.08268563015769709,0.042628158885180394,5.39119011478962,0.5189999999999962,0.8821403046041179,1.1454567423461883,2.6331643774207047,0.050235458071297215,0.0,0.6353551433700843,0.5281351638160495,3.0,278.8415281610063,85278.5539299021,1.0654186215410082,334.7479660655698,0.23519201886148394,-0.00010443181656393985,16.816217413738954,150.6422919979415
15.174921874999763,1432.352761833127,13.910081924028875,15.208927886605135,9.847885914585913,117.5515438370435,0.08288465363140542,0.04417796212382364,5.39119011478962,0.5189999999999962,0.8821403046041179,1.144676150626483,2.6253584602236524,0.04973802391404343,0.0,0.623524204584303,0.5281284013541221,3.0,278.8397070480847,85275.57371122032,1.065388346540242,334.7468624711393,0.23837163450838986,-0.00010077429741047947,16.649647450740535,147.66855674440617
15.194921874999762,1432.6289943730897,13.713184121780412,15.02780079094986,9.844283047390526,117.67451075602382,0.08308387679101756,0.04578729180671059,5.39119011478962,0.5189999999999962,0.8821403046041179,1.143870349170706,2.617300445665882,0.049242742294468095,0.0,0.6118932357756299,0.5281217350240373,3.0,278.8379115365749,85272.63538879064,1.0653584967617125,334.7457743911644,0.24159433348437237,-9.723200199242664e-05,16.483799902506266,144.73729312974294
15.214921874999762,1432.9012896806541,13.516358710074902,14.847135041151722,9.840672967767839,117.79741614591704,0.08328329873431234,0.04745840942181518,5.39119011478962,0.5189999999999962,0.8821403046041179,1.1430387113601077,2.6089840675598985,0.0487496707370878,0.0,0.6004628295190914,0.5281151647179515,3.0,278.8361416170757,85269.73894722795,1.065329072065558,334.74470181994786,0.2448610446206613,-9.243691055588546e-05,16.318693994707093,141.84844539975694
15.234921874999761,1433.169649205273,13.319605857762534,14.666944699063956,9.83705424536826,117.92025967547161,0.08348291851387753,0.04919365977983185,5.39119011478962,0.5189999999999962,0.8821403046041179,1.1421806094612557,2.600403048571378,0.0482588688517544,0.0,0.5892335868135633,0.5281086903287411,3.0,278.8343972801657,85266.88437111424,1.0653000723113426,334.74364475178044,0.248172176167408,-8.88022538753189e-05,16.154349651034437,139.0019581221843
15.254921874999761,1433.434074400067,13.122925763269802,14.487244495223313,9.833425387264153,118.04304100207393,0.08368273514528331,0.05099546504464657,5.39119011478962,0.5189999999999962,0.8821403046041179,1.1412954202236603,2.591551156195424,0.04777039841068256,0.0,0.5782061100116351,0.5281023117496848,3.0,278.83267851639954,85264.07164499247,1.0652714973579922,334.7426031809381,0.2515272637349918,-8.586057736909635e-05,15.99078751898243,136.1977761713484
15.27492187499976,1433.6945667224322,12.926318655791098,14.308049865050535,9.829784844474242,118.16575977154258,0.08388274762262328,0.05286631591245118,5.39119011478962,0.5189999999999962,0.8821403046041179,1.14038253182774,2.5824222722362222,0.04728432342809855,0.0,0.5673809937398011,0.5280960288744319,3.0,278.8309853163042,85261.3007533601,1.0652433470637288,334.7415771016804,0.2549271522442099,-8.254920983685719e-05,15.828028996507644,133.43584471367126
15.29492187499976,1433.9511276346684,12.729784796646008,14.129376987265598,9.826130988405644,118.28841561792441,0.08408295491852348,0.054808791282183765,5.39119011478962,0.5189999999999962,0.8821403046041179,1.1394413369798317,2.573010323757139,0.04680071024220475,0.0,0.5567588292463314,0.5280898415969677,3.0,278.8293176703746,85258.57168066248,1.0652156212860038,334.740566508247,0.25837249448769306,-7.81680790223923e-05,15.666096259463936,130.71610919228388
15.31492187499976,1434.203758604632,12.533324480575896,13.951242824641854,9.822462138415805,118.41100816329374,0.08428335597791431,0.05682552812440903,5.39119011478962,0.5189999999999962,0.8821403046041179,1.1384712503256784,2.5633094572156057,0.04631962759964549,0.0,0.5463401838342739,0.5280837498115798,3.0,278.82767556906987,85255.88441128584,1.0651883198814278,334.73957139485634,0.2618642060765511,-7.505427387854112e-05,15.505012289874688,128.03851531191697
15.33492187499976,1434.4524611064214,12.33693803725839,13.773665167265191,9.818776507097779,118.53353701754602,0.08448394971954348,0.05891927107168063,5.39119011478962,0.5189999999999962,0.8821403046041179,1.1374716874022257,2.5533138279810785,0.04584114674217668,0.0,0.5361256191571726,0.528077753412822,3.0,278.8260590028082,85253.23892954996,1.0651614427056963,334.7385917557018,0.2654003617205773,-7.158069394821038e-05,15.3448009049427,125.40300902259511
15.354921874999759,1434.697236621096,12.140625833439353,13.596662678459872,9.815072229918064,118.65600177818081,0.08468473504393866,0.0610928394809388,5.39119011478962,0.5189999999999962,0.8821403046041179,1.1364420836358027,2.5430177903168483,0.04536534149504315,0.0,0.5261156682219901,0.5280718522954695,3.0,278.82446796196285,85250.63521970062,1.0651349896135118,334.7376275849495,0.2689825550421771,-6.76687076776172e-05,15.18548678663181,122.80953649980813
15.374921874999758,1434.938086637432,11.944388274293665,13.42025494347882,9.811347354831533,118.7784020300758,0.08488571082826145,0.06334913265920272,5.39119011478962,0.5189999999999962,0.8821403046041179,1.1353818948306353,2.532415902265175,0.04489228835835757,0.0,0.5163108305463308,0.5280660463544836,3.0,278.8229024368567,85248.07326590153,1.0651089604585038,334.73667887673514,0.2726107427300783,-6.425829415330787e-05,15.027095512253332,120.25804412873045
15.394921874999758,1435.1750126527106,11.748225805472417,13.24446252120814,9.807599831767877,118.9007373452656,0.0850868759279757,0.06569113490073349,5.39119011478962,0.5189999999999962,0.8821403046041179,1.1342905979054128,2.521502933012949,0.04442206659996178,0.0,0.5067115666747709,0.528060335484968,3.0,278.82136241775737,85245.55305222589,1.0650833550931416,334.735745625161,0.27628542229068714,-6.086722263697091e-05,14.869653585548765,117.74847848464889
15.414921874999758,1435.4080161735467,11.552138915084548,13.069306999023343,9.80382750700284,119.02300728271054,0.0852882291791648,0.06812191511600514,5.39119011478962,0.5189999999999962,0.8821403046041179,1.133167694274153,2.5102738967003524,0.043954758350358496,0.0,0.49731828933469835,0.5280547195821255,3.0,278.81984789487194,85243.07456264766,1.0650581733686477,334.73482782429244,0.28000555683833017,-5.6726792512642803e-05,14.713188468465631,115.28078631359823
15.434921874999757,1435.6370987167597,11.356128135870762,12.894811050997287,9.800028115462357,119.14521138805927,0.0854897693928416,0.07064462790092044,5.39119011478962,0.5189999999999962,0.8821403046041179,1.132012712596396,2.4987240799227806,0.043490448699290155,0.0,0.48813135461461243,0.5280491985412111,3.0,278.818358858341,85240.63778103219,1.0650334151349012,334.73392546815467,0.28377214158360786,-5.319536918122343e-05,14.557728613484795,112.85491451178528
15.454921874999757,1435.8622618102897,11.160194047420504,12.720998499652975,9.796199291080153,119.26734919340674,0.08569149535651487,0.07326249504295121,5.39119011478962,0.5189999999999962,0.8821403046041179,1.1308252204050517,2.486849158009339,0.04302922579392577,0.0,0.4791510422978056,0.5280437722574862,3.0,278.8168952982331,85238.24269112661,1.0650090802403411,334.73303855072925,0.28758582002641325,-5.0162027856001114e-05,14.403303496486188,110.47081010465043
15.474921874999756,1436.083506994152,10.96433727811886,12.547894381477217,9.792338552134645,119.38942021706066,0.0858934058431737,0.07597881174219423,5.39119011478962,0.5189999999999962,0.8821403046041179,1.1296048242210615,2.474645196169436,0.04257118093881696,0.0,0.4703775480685542,0.5280384406261737,3.0,278.815457204538,85235.88927654957,1.0649851685318623,334.7321670659501,0.2914465715273861,-4.6251776502051164e-05,14.249943650206868,108.12842022755288
15.494921874999756,1436.300835821441,10.768558507877163,12.375525016402792,9.788443279591641,119.51142396330508,0.08609549960527703,0.07879695983717103,5.39119011478962,0.5189999999999962,0.8821403046041179,1.1283511667092916,2.4621086210517373,0.042116408696123264,0.0,0.46181097864518705,0.5280332035424049,3.0,278.81404456716064,85233.57752078057,1.064961679854707,334.73131100769933,0.29535405412952676,-4.304312062629789e-05,14.097680697789409,105.82769210176448
15.514921874999756,1436.514249859387,10.572858470899975,12.20391808146084,9.784510722342066,119.63335992216183,0.08629777537305201,0.0817203919972173,5.39119011478962,0.5189999999999962,0.8821403046041179,1.1270639368776296,2.4492363227351177,0.04166500698658383,0.0,0.4534513310734403,0.5280280609011646,3.0,278.81265737591394,85231.30740714881,1.064938614052353,334.73047036980387,0.29930850697139355,-3.9577886284858225e-05,13.94654738658037,103.56857301005094
15.534921874999755,1436.7237506904696,10.377237958309118,12.033102688836854,9.780537980918197,119.75522756914407,0.08650023186059314,0.08475263750678652,5.39119011478962,0.5189999999999962,0.8821403046041179,1.1257428704583132,2.4360256585419537,0.04121707719109794,0.0,0.4452984823165697,0.5280230125972374,3.0,278.81129562051194,85229.07891882122,1.0649159709663891,334.72964514603024,0.30330972409940016,-3.628447822592661e-05,13.79657762213275,101.35101027300105
15.554921874999755,1436.9293399135852,10.181697821289928,11.863109468539173,9.776522011104142,119.87702636501933,0.08670286776329059,0.08789728579260159,5.39119011478962,0.5189999999999962,0.8821403046041179,1.1243877599268806,2.422474553227627,0.040772724251666365,0.0,0.43735216638071184,0.5280180585251467,3.0,278.80995929056166,85226.89203879013,1.0648937504363942,334.7288353300804,0.3073579193863654,-3.252134230160989e-05,13.647806501994808,99.17495122204379
15.574921874999754,1437.1310191452794,9.98623897399896,11.693970655925185,9.772459607885818,119.99875575556706,0.08690568175401259,0.09115798977656413,5.39119011478962,0.5189999999999962,0.8821403046041179,1.1229984555763861,2.4085815097226826,0.04033205677212131,0.0,0.42961196084847214,0.5280131985790973,3.0,278.80864837555566,85224.74674986012,1.064871952299801,334.72804091558675,0.31145332486567373,-2.9492392646614056e-05,13.500270349428389,97.04034317380324
15.594921874999754,1437.3287900210378,9.790862396908489,11.525720184285586,9.768347400162604,120.12041517134926,0.08710867248478447,0.09453845653898788,5.39119011478962,0.5189999999999962,0.8821403046041179,1.1215748718945269,2.39434567290409,0.03989518711723095,0.0,0.42207726589784383,0.5280084326529111,3.0,278.80736286486325,85222.64303463433,1.0648505763917573,334.72726189610717,0.3155956847805703,-2.6525623442265214e-05,13.354006746583567,94.94713340161493
15.614921874999753,1437.5226541966483,9.595569131122396,11.358393771134391,9.764184635723428,120.24200402747931,0.0873118385943979,0.09804244015214957,5.39119011478962,0.5189999999999962,0.8821403046041179,1.1201169926416101,2.379766880374923,0.03946223147529811,0.0,0.41476607832027657,0.5280276886984331,3.0,278.80610274772175,85220.5808754999,1.0648296225449803,334.7264982651194,0.31978601917500304,-2.40963868457594e-05,13.209054555454111,92.89526894317136
15.634921874999753,1437.7126133441454,9.400359553159264,11.192028100116417,9.760033559633849,120.36352171912625,0.08751517870354442,0.10167373957016547,5.39119011478962,0.5189999999999962,0.8821403046041179,1.1186248734919464,2.3648456888782854,0.039033307204030844,0.0,0.40812359684698846,0.5286502866031517,3.0,278.80486801326305,85218.56025467119,1.064809090590193,334.7257500160374,0.3240234020375051,-2.1560956376913756e-05,13.06545302947562,90.88468377898737
15.654921874999753,1437.8986691405398,9.205234237072538,11.02666200146928,9.755818671564317,120.48496761113717,0.08771869140384898,0.10543619194637502,5.39119011478962,0.5189999999999962,0.8821403046041179,1.117098646289551,2.3495834168543306,0.03860853612966659,0.0,0.40166910142376316,0.5292757236072749,3.0,278.80365865058644,85216.58115430962,1.0647889803573451,334.7250171422554,0.328307758356686,-1.8897007859935066e-05,12.923242917840037,88.91531428378558
15.674921874999752,1438.0808232843078,9.010194520371167,10.86233728493269,9.751535901297027,120.60634104914523,0.08792237527066021,0.10933366535290476,5.39119011478962,0.5189999999999962,0.8821403046041179,1.1155385231375152,2.3339821853339737,0.03818804676990381,0.0,0.39540151767144993,0.5299037692711577,3.0,278.802474648652,85214.64355634825,1.0647692916738285,334.7242996370831,0.33263870592996375,-1.618611149350503e-05,12.782467209564226,86.98710880456655
15.694921874999752,1438.2590775015094,8.81524182463576,10.699098002635655,9.747180974408753,120.72764136282761,0.08812622886251074,0.11337002621577269,5.39119011478962,0.5189999999999962,0.8821403046041179,1.113944809943327,2.3180450533920904,0.03777197184999381,0.0,0.3893194646454617,0.5305341730967486,3.0,278.8013159962402,85212.74744242677,1.0647500243638182,334.72359749372157,0.3370173591791994,-1.3620980743821057e-05,12.643170302061511,85.10001541815463
15.714921874999751,1438.4334335475116,8.620377659741743,10.536990576068005,9.74274939465575,120.84886786573415,0.08833025072197022,0.11754913456218109,5.39119011478962,0.5189999999999962,0.8821403046041179,1.1123179079039445,2.301776032998266,0.03736044837748261,0.0,0.38342122868843037,0.5311666634434461,3.0,278.8001826819411,85210.89279387309,1.064731178248085,334.72291070525637,0.3414432576471978,-1.103784375928817e-05,12.505398026164453,83.25398189754428
15.73492187499975,1438.603893208801,8.425603628546074,10.376063929142385,9.738236419638918,120.97001985514157,0.08853443937391939,0.12187484563530736,5.39119011478962,0.5189999999999962,0.8821403046041179,1.1106583121249178,2.285180075208,0.03695361770865206,0.0,0.377704739413548,0.5318009464277818,3.0,278.79907469414275,85209.07959168413,1.0647127531438008,334.7222392646505,0.34591636830817474,-8.625123584994946e-06,12.369197668369862,81.44895567482953
15.75492187499975,1438.7704583048917,8.23092143177258,10.216369627347257,9.733637066832985,121.0910966119313,0.08873879332796857,0.12635097548324253,5.39119011478962,0.5189999999999962,0.8821403046041179,1.1089666235130373,2.2682631890891947,0.03655162560564231,0.0,0.37216752657678565,0.5324367048126823,3.0,278.79799202101816,85207.30781650546,1.0646947488643308,334.721583164737,0.3504367044599212,-6.737437826844048e-06,12.234617989965335,79.68488380237523
15.77492187499975,1438.933130690332,8.03633287302382,10.057962022903196,9.72894609023689,121.2120974004998,0.08894331107805063,0.13098129826310526,5.39119011478962,0.5189999999999962,0.8821403046041179,1.1072435474686244,2.2510324286450656,0.036154622282865076,0.0,0.3668066922445387,0.533073596893537,3.0,278.7969346505128,85205.57744861001,1.0646771652190195,334.7209423982108,0.3550044479769362,-4.238852390844102e-06,12.10170924257195,77.96171291267862
15.79492187499975,1439.091912256815,7.841839864017637,9.900898405706794,9.724157976770343,121.33302146870317,0.08914799110279784,0.13576951947047164,5.39119011478962,0.5189999999999962,0.8821403046041179,1.1054899008977528,2.2334959629363493,0.03576276244090544,0.0,0.3616188702563761,0.5337112553900103,3.0,278.79590257033067,85203.88846787559,1.0646600020129597,334.7203169576204,0.35961899883560045,-2.2416238033712028e-06,11.970523179499951,76.27938917611803
15.814921874999749,1439.2468049353954,7.647444430181846,9.745239159709493,9.719266928862362,121.45386804784332,0.08935283186318736,0.14071926341668742,5.39119011478962,0.5189999999999962,0.8821403046041179,1.1037066128505708,2.2156630824645296,0.03537620528589146,0.0,0.35660019227138434,0.5343492863540733,3.0,278.7948957679199,85202.24085376131,1.064643259046756,334.7197068353595,0.3642805514727456,4.2896022711008154e-08,11.841113062241083,74.63785825547826
15.834921874999749,1439.3978106988204,7.453148716246372,9.591047924326576,9.714266860927156,121.57463635269585,0.08955783180404371,0.14583404318495755,5.39119011478962,0.5189999999999962,0.8821403046041179,1.1018947305179922,2.197544259138744,0.0349951145330077,0.0,0.35174624502552326,0.5349872681048616,3.0,278.79391423045763,85200.63458528278,1.0646269361162706,334.7191120236573,0.3689893529835686,2.12559027242638e-06,11.713533661654523,73.03706525968953
15.854921874999748,1439.5449315639735,7.258954992086686,9.438391760193117,9.709151392218638,121.69532558159602,0.0897629893512141,0.15111723323417697,5.39119011478962,0.5189999999999962,0.8821403046041179,1.1000554228792911,2.179151182751733,0.03461965839169347,0.0,0.3470520291224685,0.5356247502041339,3.0,278.79295794483414,85199.06964098617,1.064611033012361,334.71853251456946,0.37374562079994367,3.981600878910012e-06,11.587841253023337,71.47695469484988
15.874921874999748,1439.6881695944362,7.064865658701619,9.287341318437255,9.703913833732981,121.81593491658285,0.0899683029138051,0.1565720475875107,5.39119011478962,0.5189999999999962,0.8821403046041179,1.0981899811072207,2.160496765031028,0.034250009530532095,0.0,0.3425119207783045,0.53626125248682,3.0,278.79202689763616,85197.54599892086,1.064595549520602,334.71796829996754,0.3785488825790988,6.029784962794261e-06,11.464093604314227,69.95747041316966
15.894921874999747,1439.8275269031728,6.870883254368116,9.13797101236926,9.698547180220544,121.9364635236105,0.09017377088314439,0.16220151094695456,5.39119011478962,0.5189999999999962,0.8821403046041179,1.0962998201868912,2.1415951558277335,0.03388634501945199,0.0,0.3381196308294615,0.5368962641632951,3.0,278.79112107512935,85196.06363661098,1.0645804854209981,334.7174193715284,0.3833996223742093,7.554747531006878e-06,11.342349956844215,68.47855555933172
15.914921874999747,1439.9630056553387,6.677010460982264,8.990359190203057,9.693044101642297,122.05691055283582,0.09037939163409534,0.16800842946376224,5.39119011478962,0.5189999999999962,0.8821403046041179,1.0943864792610418,2.1224617465692397,0.03352884624679519,0.0,0.33386816458163276,0.5375292430117243,3.0,278.79024046324025,85194.6225310255,1.0645658404876766,334.7168857207236,0.38829752528887745,9.271273219830373e-06,11.222670997536259,67.04015251396261
15.934921874999747,1440.0946080712167,6.48325011047386,8.844588307128966,9.687396943140872,122.17727513898778,0.09058516352669115,0.17399535081398687,5.39119011478962,0.5189999999999962,0.8821403046041179,1.0924516240223485,2.1031131941823067,0.03317769880893866,0.0,0.3297497785764236,0.5381596146802038,3.0,278.78938504753705,85193.22265854693,1.0645516144885725,334.71636733880746,0.3932432972804054,1.0735049062541029e-05,11.105118821989027,65.64220283480037
15.954921874999746,1440.222336429283,6.289605191328208,8.700745094644095,9.681597715155979,122.29755640183002,0.09079108490532743,0.18016453529923626,5.39119011478962,0.5189999999999962,0.8821403046041179,1.0904970439017505,2.0835673929763265,0.03283309236981556,0.0,0.32575594418644827,0.538786772120621,3.0,278.78855481320966,85191.86399493886,1.064537807185098,334.715864216805,0.39823676484924786,1.2121204431908062e-05,10.989756887473002,64.28464719504196
15.974921874999746,1440.3461930694027,6.09607885509267,8.558920724659073,9.675638090930832,122.41775344672642,0.0909971540998265,0.18651791819514169,5.39119011478962,0.5189999999999962,0.8821403046041179,1.0885246506648267,2.063843460607089,0.03249522048792846,0.0,0.3218773098772819,0.5394100751773141,3.0,278.78774974504887,85190.54651531181,1.0645244183317963,334.71537634549964,0.40327803287389236,1.3625049019349417e-05,10.876649955046965,62.96742531951408
15.994921874999745,1440.466180396159,5.902674423090955,8.41921096530303,9.669509409718541,122.53786536531705,0.09120336942482365,0.1930570657307566,5.39119011478962,0.5189999999999962,0.8821403046041179,1.0865364773712713,2.043961727671535,0.03216428040774125,0.0,0.3181036642937779,0.5400288503564197,3.0,278.78696982742497,85189.27019408792,1.0645114476759814,334.7149037154195,0.4083677615352476,1.528548955840621e-05,10.765864019752865,61.69047591660001
16.014921874999747,1440.5823008823122,5.7093953927769325,8.281716325062133,9.663202678416743,122.65789123631846,0.09140972917790655,0.19978313363738495,5.39119011478962,0.5189999999999962,0.8821403046041179,1.0845346748539226,2.023943702498048,0.031840472813930876,0.0,0.3144239045589102,0.5406423908002513,3.0,278.78621504426496,85188.03500496408,1.064498894957365,334.7144463168246,0.41350648799812806,1.6892964409827998e-05,10.657466228380779,60.45373660998337
16.034921874999746,1440.6945570723879,5.516245444313098,8.146542180916702,9.656708567212506,122.77783012646147,0.0916162316408669,0.20669683391580165,5.39119011478962,0.5189999999999962,0.8821403046041179,1.0825215042944931,2.0038119969037527,0.031524001544753454,0.0,0.3108260119224378,0.54124995649637,3.0,278.78548537902947,85186.84092087386,1.06448675990767,334.71400413969184,0.418693566909855,1.8460676083413953e-05,10.55152478355026,59.257143865314184
16.054921874999746,1440.8029515863957,5.323228447026402,8.013798885772738,9.65001742075278,122.89768109156911,0.0918228750795296,0.21379838536401213,5.39119011478962,0.5189999999999962,0.8821403046041179,1.0804993332551276,1.9835902865100974,0.031215073262701582,0.0,0.30729702683863075,0.5418507747484718,3.0,278.7847808146884,85185.68791394786,1.0644750422502267,334.7135771737012,0.42393048081963847,1.9638830318570617e-05,10.448108833498003,58.10063291400329
16.074921874999745,1440.9074871236742,5.13034846544288,7.883601849810539,9.643119273802377,123.01744317779588,0.09202965774686778,0.2210874614830847,5.39119011478962,0.5189999999999962,0.8821403046041179,1.0784706308068377,1.9633032620271984,0.030913897080792826,0.0,0.30382303029593405,0.5424440409364512,3.0,278.78410133369607,85184.57595547284,1.064463741699559,334.7131654082198,0.42921686788714364,2.0782962946220976e-05,10.347288347016093,56.984137676126494
16.094921874999745,1441.0081664668544,4.937609765280542,7.756071589376589,9.636003854991962,123.13711542303518,0.09223657788570495,0.22856315540127697,5.39119011478962,0.5189999999999962,0.8821403046041179,1.0764379564923061,1.9429765188818826,0.030620684141620447,0.0,0.3003891378421541,0.5430289195955934,3.0,278.7834469179654,85183.50501584962,1.0644528579609556,334.71276883228705,0.4345540579330022,2.2017279273318707e-05,10.249133972580683,55.90759067897709
16.114921874999744,1441.1049924859406,4.745016819005169,7.631333736587638,9.6286606091463,123.25669685851206,0.0924436337282486,0.23622392735760672,5.39119011478962,0.5189999999999962,0.8821403046041179,1.0744039530689449,1.9226364846482702,0.030335647148226716,0.0,0.2969794965378471,0.5436045458409179,3.0,278.78281754884136,85182.47506454954,1.064442390730029,334.7123874345979,0.4399420735357968,2.3103896925883187e-05,10.153716881356514,54.870922973921665
16.134921874999744,1441.1979681424968,4.552574310964174,7.509519001924113,9.621078724146233,123.37618651057001,0.09265082349832493,0.24406755205626246,5.39119011478962,0.5189999999999962,0.8821403046041179,1.0723713379762314,1.9023103337211356,0.030058999845384918,0.0,0.2935772923888923,0.5441700271627948,3.0,278.78221320707377,85181.48607007007,1.0644323396922641,334.7120212034867,0.4453825491135932,2.401559882724935e-05,10.06110859360408,53.87406405093354
16.154921874999744,1441.2870964939307,4.360287141860321,7.390763081505578,9.613247158829598,123.4955834026711,0.0928581454139646,0.252091070842334,5.39119011478962,0.5189999999999962,0.8821403046041179,1.0703428924543708,1.882025878502529,0.0297909564509097,0.0,0.2901647705972284,0.544724445616456,3.0,278.7816338727894,85180.53799988914,1.0644227045225545,334.7116701269104,0.45087608661367756,2.486444269032427e-05,9.97138078836204,52.91694175224213
16.174921874999743,1441.3723806978614,4.16816043277303,7.275206499919626,9.605154660363484,123.61488655762024,0.09306559768986049,0.2602907625323811,5.39119011478962,0.5189999999999962,0.8821403046041179,1.0683214453369696,1.8618114073285175,0.029531731036165392,0.0,0.28672327123651553,0.5452668604268236,3.0,278.7810795254639,85179.63082041875,1.0644134848847306,334.71133419243114,0.45642313452891004,2.583072844491725e-05,9.884605096126945,51.99948218292379
16.194921874999743,1441.4538240165627,3.9761995285708402,7.1629943791394854,9.596789812075016,123.73409500002371,0.09327317853955537,0.2686620875945809,5.39119011478962,0.5189999999999962,0.8821403046041179,1.066309863252762,1.8416955864864404,0.029281536856354068,0.0,0.28323327272159743,0.5457963110243432,3.0,278.7805501438923,85178.76449695765,1.0644046804310814,334.7110133871987,0.4620253309150666,2.6527587617647397e-05,9.800852874724878,51.12160961914203
16.214921874999742,1441.5314298214641,3.7844100002621666,7.054276123947571,9.58814107377034,123.85320775899511,0.09348088617763017,0.27719964990370777,5.39119011478962,0.5189999999999962,0.8821403046041179,1.0643110360310484,1.8217073142693052,0.029040585632589037,0.0,0.27967445408714664,0.5463118205207601,3.0,278.7800457061605,85177.9389936435,1.0643962908018652,334.71070769793323,0.4676833037427585,2.715476325365542e-05,9.72019496904631,50.28324641716269
16.234921874999742,1441.6052015976904,3.592797646578284,6.9492050139101895,9.57919683374667,123.97222387112383,0.09368871882446868,0.2858971555129872,5.39119011478962,0.5189999999999962,0.8821403046041179,1.06232786287219,1.801875582680721,0.028809086786883494,0.0,0.27602577322303073,0.5468123996310144,3.0,278.77956618961497,85177.15427340457,1.0643883156248228,334.7104171109067,0.4733989335441108,2.771538666142574e-05,9.642701455022085,49.4843129203514
16.25492187499974,1441.6751429486214,3.401368494166879,6.847937692742899,9.569945467028017,124.09114238371544,0.09389667470893802,0.2947473757884961,5.39119011478962,0.5189999999999962,0.8821403046041179,1.0603632377123362,1.7822293310821835,0.028587246634127202,0.0,0.2722655639926158,0.5472970510357859,3.0,278.77911157083395,85176.41029791119,1.0643807545146817,334.71014161192534,0.47917325948232564,2.827411782079382e-05,9.568441369203752,48.72472736866052
16.27492187499974,1441.7412576003348,3.2101287645409973,6.750633493303273,9.560382044175876,124.20996235817735,0.09410475207211164,0.30374212530413824,5.39119011478962,0.5189999999999962,0.8821403046041179,1.0584200319077819,1.7627972730366404,0.02837526738123262,0.0,0.26842906220241597,0.5477647745137657,3.0,278.7786818255978,85175.70702752861,1.0643736070726793,334.70988118631226,0.4850078760911973,2.8798249686391264e-05,9.497482373802212,48.00440529105436
16.29492187499974,1441.8035494031446,3.019084629822549,6.657453297647708,9.550510941379047,124.3286828698647,0.09431294916618055,0.3128722440474752,5.39119011478962,0.5189999999999962,0.8821403046041179,1.056501077149302,1.7436077254518412,0.028173345094814575,0.0,0.2646340788652841,0.5482145747317262,3.0,278.77827692887956,85175.04442130051,1.0643668728863944,334.709635818901,0.4909047340003394,2.914681093322668e-05,9.429890076485608,47.323255573725376
16.31492187499974,1441.862022331038,2.8282423269616133,6.568558852304819,9.54032358064839,124.44730300520128,0.0945212642520305,0.32212758163393385,5.39119011478962,0.5189999999999962,0.8821403046041179,1.0546091493498007,1.724688447456828,0.027981669311737328,0.0,0.26088896050333404,0.5486454657791187,3.0,278.7778968548482,85174.42243695508,1.064360551529811,334.70940549403804,0.49686526305837386,2.9909405234714763e-05,9.36572790006237,46.68118226400855
16.33492187499974,1441.9166804844797,2.637608267901275,6.484111960871334,9.529811013447866,124.56582186328073,0.09472969559837925,0.3314969748643894,5.39119011478962,0.5189999999999962,0.8821403046041179,1.0527469553589748,1.7060665075485693,0.027800422633818316,0.0,0.2571980488717045,0.549056475951558,3.0,278.77754157685087,85173.84103087509,1.0643546425630128,334.70919019557164,0.5028916777384412,3.053817336069883e-05,9.305056946859969,46.07808630612332
16.35492187499974,1441.9675280939102,2.4471890374764516,6.404273373324437,9.518964478231105,124.68423855868468,0.09493824148415829,0.3409682490933932,5.39119011478962,0.5189999999999962,0.8821403046041179,1.0509171165033844,1.6877681189926652,0.027629779795382413,0.0,0.2535659743844483,0.5494466539287617,3.0,278.77721106738954,85173.30015806081,1.0643491455318093,334.70898990683804,0.5089862097738693,3.081636362663588e-05,9.24793568666081,45.51386551130312
16.37492187499974,1442.014569523155,2.2569891621610028,6.329202177129258,9.508430435133945,124.80255222457191,0.09514690020274616,0.3505284896363039,5.39119011478962,0.5189999999999962,0.8821403046041179,1.0491221043415309,1.66981799737413,0.02746990948580329,0.0,0.249997660946453,0.5498150687905535,3.0,278.77690529809945,85172.79977209364,1.0643440599673648,334.70880461064826,0.5151417263904617,3.121799445805957e-05,9.194420566755927,44.98842356736617
16.39492187499974,1442.0578088029101,2.0669629072846956,6.259069412370536,9.501181835957068,124.92076233356642,0.09535567048126782,0.36017192633248146,5.39119011478962,0.5189999999999962,0.8821403046041179,1.0473628183160553,1.6522251371193741,0.02732103569132612,0.0,0.24649851120154,0.5501606713543978,3.0,278.77662424278105,85172.33983009851,1.064339385436634,334.70863429112535,0.5211449566333111,3.180794737432874e-05,9.144586543662857,44.50187263777598
16.414921874999738,1442.0972490279557,1.8770849395234017,6.19403932736581,9.493560907163577,125.03886908806243,0.09556455199225995,0.3698935672293157,5.39119011478962,0.5189999999999962,0.8821403046041179,1.0456398971733551,1.634995925692373,0.027183352862482264,0.0,0.2430731501311223,0.5504824924262885,3.0,278.77636788131827,85171.92029915586,1.0643351216075312,334.7084789360789,0.5268711961198427,3.21057975470006e-05,9.098498688984145,44.05425603744286
16.434921874999738,1442.1328932396234,1.6873628521916544,6.1342611465024826,9.485557141249355,125.15687280150475,0.0957735445518169,0.37968404179176507,5.39119011478962,0.5189999999999962,0.8821403046041179,1.043954620456659,1.6181431585254114,0.027057004105085134,0.0,0.2397256870276098,0.5507797008121269,3.0,278.7761361939424,85171.5411469146,1.0643312681535266,334.7083385335291,0.5323314842420716,3.227910719307394e-05,9.056204889707923,43.64548305978913
16.454921874999737,1442.1647446331574,1.4978044423874723,6.079875862729548,9.477160275757846,125.27477376090717,0.09598264793971284,0.3895328803189661,5.39119011478962,0.5189999999999962,0.8821403046041179,1.0423082669671249,1.60167962363007,0.02694211965943597,0.0,0.2364601682048587,0.551051519752826,3.0,278.77592915988447,85171.20233938654,1.0643278247312324,334.70821307089,0.537535936343807,3.26321327500746e-05,9.01774872755191,43.2754587237532
16.474921874999737,1442.192806561734,1.308417705084889,6.031014569957585,9.468360356967505,125.39257222983542,0.09619186190208452,0.39942856926093406,5.39119011478962,0.5189999999999962,0.8821403046041179,1.0407020906589615,1.5856178605484361,0.026838816027759196,0.0,0.23328059445914548,0.551297233523413,3.0,278.7757467573487,85170.90384090345,1.0643247909799665,334.70810253495335,0.5424949654172747,3.3022216698287634e-05,8.983169186935974,42.94408371929869
16.494921874999736,1442.217082540349,1.1192108259986648,5.9877968039056135,9.45914780091617,125.51026845170843,0.09640118615301162,0.4093586216478293,5.39119011478962,0.5189999999999962,0.8821403046041179,1.0391372974928286,1.5699699288871072,0.026747195162115444,0.0,0.23019093271079374,0.5515161937071599,3.0,278.77558896348773,85170.64561407588,1.0643221665213325,334.70800691187355,0.5472187448288552,3.3268460127096723e-05,8.952500383194566,42.65125435758
16.514921874999736,1442.237576249551,0.9301921731170881,5.950328932434218,9.44951345838592,125.62786265341212,0.09661062037873797,0.41930965069981363,5.39119011478962,0.5189999999999962,0.8821403046041179,1.0376150253629437,1.5547472075882585,0.026667343724919666,0.0,0.22719512410147766,0.5517078250359655,3.0,278.7754557543779,85170.42761975333,1.064319950958819,334.707926187153,0.5517168598161166,3.3476948640928346e-05,8.92577131508785,42.39686252826889
16.534921874999736,1442.2542915389909,0.7413702870620221,5.918702638808912,9.439448676270725,125.74535504922397,0.09682016424133434,0.42926745873643013,5.39119011478962,0.5189999999999962,0.8821403046041179,1.036136325211701,1.5399602060758322,0.026599332432677078,0.0,0.2242970872835327,0.5518716306935874,3.0,278.7753471049965,85170.24981698656,1.0643181438774143,334.70786034562786,0.5559995472797034,3.3801678773416784e-05,8.90300564516341,42.18079566360346
16.554921874999735,1442.2672324307684,0.5527538700971997,5.892993542567589,9.42894536518293,125.86274584504154,0.09702981738280406,0.4392171243669014,5.39119011478962,0.5189999999999962,0.8821403046041179,1.0347021459803956,1.525618413762777,0.026543215493865215,0.0,0.22150072028096773,0.5520071969816764,3.0,278.7752629892,85170.11216299194,1.0643167448432458,334.7078093714552,0.5600762633454938,3.376687337825065e-05,8.884221511626095,42.0029367125117
16.574921874999735,1442.2764031225438,0.36435177385307904,5.873260001150154,9.417996058920238,125.98003524291033,0.09723957943099622,0.449143109661059,5.39119011478962,0.5189999999999962,0.8821403046041179,1.0333133200812503,1.5117301547713247,0.02649903014988728,0.0,0.21880989755052244,0.5521141972598194,3.0,278.77520337970344,85170.0146131184,1.0643157534032448,334.7077732481003,0.5639563061034325,3.3844467891532156e-05,8.869431374703044,41.86316412537097
16.594921874999734,1442.2818079903927,0.1761729859399301,5.859542131809406,9.406593975498794,126.09722344584411,0.09744945000481446,0.45902936979823966,5.39119011478962,0.5189999999999962,0.8821403046041179,1.031970552025053,1.498302474209352,0.026466796326282505,0.0,0.21622846550557068,0.5521923950836606,3.0,278.7751682480624,85169.95712081705,1.064315169084838,334.70775195832584,0.5676487359591961,3.393761282523863e-05,8.858641899908895,41.76135184883765
16.614921874999734,1442.283451591381,-0.011773384817348104,5.851861088069471,9.394733083818283,126.21431066292534,0.09765942871860804,0.4688594583373188,5.39119011478962,0.5189999999999962,0.8821403046041179,1.0306744108373933,1.4853410623327545,0.02644651640131795,0.0,0.21376023861274307,0.5522416464759763,3.0,278.775157564656,85169.93963761376,1.0643149913956702,334.70774548418154,0.5711625015833527,3.433985624194116e-05,8.851853880595561,41.69736933500606
16.634921874999733,1442.2813386658315,-0.19947812426996453,5.850218616638112,9.382408163491837,126.3312971146811,0.09786951518798274,0.4786166450398041,5.39119011478962,0.5189999999999962,0.8821403046041179,1.0294253236830417,1.4728501907892388,0.02643817509552559,0.0,0.21140899288998935,0.5522619012864807,3.0,278.7751712986721,85169.9621130851,1.0643152198233607,334.7077538069953,0.5745063725452612,3.4614668898790175e-05,8.849062200979413,41.67108156345154
16.654921874999733,1442.2754741392614,-0.38693193014818045,5.854596911766805,9.369614866282047,126.44818303871985,0.0980797090348784,0.4882840315398373,5.39119011478962,0.5189999999999962,0.8821403046041179,1.0282235725092086,1.4608326790509074,0.02644173948538089,0.0,0.2091784599321703,0.5522532036106089,3.0,278.7752094180948,85170.02449483768,1.0643158538352933,334.7077769073654,0.5776886478780034,3.46427819638668e-05,8.850255840715542,41.68234907950653
