ISO-10303-21;
HEADER;
FILE_DESCRIPTION(('FreeCAD Model'),'2;1');
FILE_NAME('Open CASCADE Shape Model','2026-09-30T23:32:55',('FreeCAD'),(
    'FreeCAD'),'Open CASCADE STEP processor 7.8','FreeCAD','Unknown');
FILE_SCHEMA(('AUTOMOTIVE_DESIGN { 1 0 10303 214 1 1 1 1 }'));
ENDSEC;
DATA;
#1 = APPLICATION_PROTOCOL_DEFINITION('international standard',
  'automotive_design',2000,#2);
#2 = APPLICATION_CONTEXT(
  'core data for automotive mechanical design processes');
#3 = SHAPE_DEFINITION_REPRESENTATION(#4,#10);
#4 = PRODUCT_DEFINITION_SHAPE('','',#5);
#5 = PRODUCT_DEFINITION('design','',#6,#9);
#6 = PRODUCT_DEFINITION_FORMATION('','',#7);
#7 = PRODUCT('Open CASCADE STEP translator 7.8 1',
  'Open CASCADE STEP translator 7.8 1','',(#8));
#8 = PRODUCT_CONTEXT('',#2,'mechanical');
#9 = PRODUCT_DEFINITION_CONTEXT('part definition',#2,'design');
#10 = SHAPE_REPRESENTATION('',(#11,#15,#1993,#2143,#2293,#3541,#3963,
    #5961,#6059,#6151,#6249,#6341,#6439,#6531,#6629,#6721,#6819,#6911,
    #7009,#7101,#7199,#7291,#7389,#7481,#7631,#7781,#7931,#8081,#8231,
    #8323),#8415);
#11 = AXIS2_PLACEMENT_3D('',#12,#13,#14);
#12 = CARTESIAN_POINT('',(0.,0.,0.));
#13 = DIRECTION('',(0.,0.,1.));
#14 = DIRECTION('',(1.,0.,-0.));
#15 = MANIFOLD_SOLID_BREP('',#16);
#16 = CLOSED_SHELL('',(#17,#57,#88,#584,#608,#1097,#1109,#1126,#1143,
    #1165,#1182,#1199,#1211,#1228,#1250,#1267,#1284,#1296,#1313,#1335,
    #1352,#1369,#1381,#1398,#1415,#1437,#1454,#1471,#1483,#1505,#1522,
    #1539,#1551,#1573,#1590,#1607,#1619,#1636,#1653,#1675,#1692,#1709,
    #1721,#1738,#1760,#1777,#1794,#1806,#1828,#1845,#1862,#1874,#1891,
    #1913,#1930,#1947,#1959,#1976));
#17 = ADVANCED_FACE('',(#18),#52,.F.);
#18 = FACE_BOUND('',#19,.F.);
#19 = EDGE_LOOP('',(#20,#30,#38,#46));
#20 = ORIENTED_EDGE('',*,*,#21,.F.);
#21 = EDGE_CURVE('',#22,#24,#26,.T.);
#22 = VERTEX_POINT('',#23);
#23 = CARTESIAN_POINT('',(825.,-40.,-1.5));
#24 = VERTEX_POINT('',#25);
#25 = CARTESIAN_POINT('',(825.,-40.,1.5));
#26 = LINE('',#27,#28);
#27 = CARTESIAN_POINT('',(825.,-40.,-1.5));
#28 = VECTOR('',#29,1.);
#29 = DIRECTION('',(0.,0.,1.));
#30 = ORIENTED_EDGE('',*,*,#31,.T.);
#31 = EDGE_CURVE('',#22,#32,#34,.T.);
#32 = VERTEX_POINT('',#33);
#33 = CARTESIAN_POINT('',(825.,40.,-1.5));
#34 = LINE('',#35,#36);
#35 = CARTESIAN_POINT('',(825.,-40.,-1.5));
#36 = VECTOR('',#37,1.);
#37 = DIRECTION('',(0.,1.,0.));
#38 = ORIENTED_EDGE('',*,*,#39,.T.);
#39 = EDGE_CURVE('',#32,#40,#42,.T.);
#40 = VERTEX_POINT('',#41);
#41 = CARTESIAN_POINT('',(825.,40.,1.5));
#42 = LINE('',#43,#44);
#43 = CARTESIAN_POINT('',(825.,40.,-1.5));
#44 = VECTOR('',#45,1.);
#45 = DIRECTION('',(0.,0.,1.));
#46 = ORIENTED_EDGE('',*,*,#47,.F.);
#47 = EDGE_CURVE('',#24,#40,#48,.T.);
#48 = LINE('',#49,#50);
#49 = CARTESIAN_POINT('',(825.,-40.,1.5));
#50 = VECTOR('',#51,1.);
#51 = DIRECTION('',(0.,1.,0.));
#52 = PLANE('',#53);
#53 = AXIS2_PLACEMENT_3D('',#54,#55,#56);
#54 = CARTESIAN_POINT('',(825.,-40.,-1.5));
#55 = DIRECTION('',(1.,0.,0.));
#56 = DIRECTION('',(0.,0.,1.));
#57 = ADVANCED_FACE('',(#58),#83,.F.);
#58 = FACE_BOUND('',#59,.F.);
#59 = EDGE_LOOP('',(#60,#68,#69,#77));
#60 = ORIENTED_EDGE('',*,*,#61,.F.);
#61 = EDGE_CURVE('',#22,#62,#64,.T.);
#62 = VERTEX_POINT('',#63);
#63 = CARTESIAN_POINT('',(1.065E+03,-40.,-1.5));
#64 = LINE('',#65,#66);
#65 = CARTESIAN_POINT('',(825.,-40.,-1.5));
#66 = VECTOR('',#67,1.);
#67 = DIRECTION('',(1.,0.,0.));
#68 = ORIENTED_EDGE('',*,*,#21,.T.);
#69 = ORIENTED_EDGE('',*,*,#70,.T.);
#70 = EDGE_CURVE('',#24,#71,#73,.T.);
#71 = VERTEX_POINT('',#72);
#72 = CARTESIAN_POINT('',(1.065E+03,-40.,1.5));
#73 = LINE('',#74,#75);
#74 = CARTESIAN_POINT('',(825.,-40.,1.5));
#75 = VECTOR('',#76,1.);
#76 = DIRECTION('',(1.,0.,0.));
#77 = ORIENTED_EDGE('',*,*,#78,.F.);
#78 = EDGE_CURVE('',#62,#71,#79,.T.);
#79 = LINE('',#80,#81);
#80 = CARTESIAN_POINT('',(1.065E+03,-40.,-1.5));
#81 = VECTOR('',#82,1.);
#82 = DIRECTION('',(0.,0.,1.));
#83 = PLANE('',#84);
#84 = AXIS2_PLACEMENT_3D('',#85,#86,#87);
#85 = CARTESIAN_POINT('',(825.,-40.,-1.5));
#86 = DIRECTION('',(0.,1.,0.));
#87 = DIRECTION('',(0.,0.,1.));
#88 = ADVANCED_FACE('',(#89,#107,#118,#129,#163,#174,#208,#219,#253,#264
    ,#275,#309,#343,#377,#388,#399,#433,#444,#478,#512,#523,#557,#568),
  #579,.T.);
#89 = FACE_BOUND('',#90,.T.);
#90 = EDGE_LOOP('',(#91,#92,#93,#101));
#91 = ORIENTED_EDGE('',*,*,#47,.F.);
#92 = ORIENTED_EDGE('',*,*,#70,.T.);
#93 = ORIENTED_EDGE('',*,*,#94,.T.);
#94 = EDGE_CURVE('',#71,#95,#97,.T.);
#95 = VERTEX_POINT('',#96);
#96 = CARTESIAN_POINT('',(1.065E+03,40.,1.5));
#97 = LINE('',#98,#99);
#98 = CARTESIAN_POINT('',(1.065E+03,-40.,1.5));
#99 = VECTOR('',#100,1.);
#100 = DIRECTION('',(0.,1.,0.));
#101 = ORIENTED_EDGE('',*,*,#102,.F.);
#102 = EDGE_CURVE('',#40,#95,#103,.T.);
#103 = LINE('',#104,#105);
#104 = CARTESIAN_POINT('',(825.,40.,1.5));
#105 = VECTOR('',#106,1.);
#106 = DIRECTION('',(1.,0.,0.));
#107 = FACE_BOUND('',#108,.T.);
#108 = EDGE_LOOP('',(#109));
#109 = ORIENTED_EDGE('',*,*,#110,.T.);
#110 = EDGE_CURVE('',#111,#111,#113,.T.);
#111 = VERTEX_POINT('',#112);
#112 = CARTESIAN_POINT('',(857.7,-35.5,1.5));
#113 = CIRCLE('',#114,1.7);
#114 = AXIS2_PLACEMENT_3D('',#115,#116,#117);
#115 = CARTESIAN_POINT('',(856.,-35.5,1.5));
#116 = DIRECTION('',(0.,0.,-1.));
#117 = DIRECTION('',(1.,0.,0.));
#118 = FACE_BOUND('',#119,.T.);
#119 = EDGE_LOOP('',(#120));
#120 = ORIENTED_EDGE('',*,*,#121,.T.);
#121 = EDGE_CURVE('',#122,#122,#124,.T.);
#122 = VERTEX_POINT('',#123);
#123 = CARTESIAN_POINT('',(838.7,-29.,1.5));
#124 = CIRCLE('',#125,1.7);
#125 = AXIS2_PLACEMENT_3D('',#126,#127,#128);
#126 = CARTESIAN_POINT('',(837.,-29.,1.5));
#127 = DIRECTION('',(0.,0.,-1.));
#128 = DIRECTION('',(1.,0.,0.));
#129 = FACE_BOUND('',#130,.T.);
#130 = EDGE_LOOP('',(#131,#141,#149,#157));
#131 = ORIENTED_EDGE('',*,*,#132,.T.);
#132 = EDGE_CURVE('',#133,#135,#137,.T.);
#133 = VERTEX_POINT('',#134);
#134 = CARTESIAN_POINT('',(887.,-23.,1.5));
#135 = VERTEX_POINT('',#136);
#136 = CARTESIAN_POINT('',(878.,-23.,1.5));
#137 = LINE('',#138,#139);
#138 = CARTESIAN_POINT('',(851.5,-23.,1.5));
#139 = VECTOR('',#140,1.);
#140 = DIRECTION('',(-1.,0.,0.));
#141 = ORIENTED_EDGE('',*,*,#142,.T.);
#142 = EDGE_CURVE('',#135,#143,#145,.T.);
#143 = VERTEX_POINT('',#144);
#144 = CARTESIAN_POINT('',(878.,-21.,1.5));
#145 = LINE('',#146,#147);
#146 = CARTESIAN_POINT('',(878.,-31.5,1.5));
#147 = VECTOR('',#148,1.);
#148 = DIRECTION('',(0.,1.,0.));
#149 = ORIENTED_EDGE('',*,*,#150,.F.);
#150 = EDGE_CURVE('',#151,#143,#153,.T.);
#151 = VERTEX_POINT('',#152);
#152 = CARTESIAN_POINT('',(887.,-21.,1.5));
#153 = LINE('',#154,#155);
#154 = CARTESIAN_POINT('',(851.5,-21.,1.5));
#155 = VECTOR('',#156,1.);
#156 = DIRECTION('',(-1.,0.,0.));
#157 = ORIENTED_EDGE('',*,*,#158,.F.);
#158 = EDGE_CURVE('',#133,#151,#159,.T.);
#159 = LINE('',#160,#161);
#160 = CARTESIAN_POINT('',(887.,-31.5,1.5));
#161 = VECTOR('',#162,1.);
#162 = DIRECTION('',(0.,1.,0.));
#163 = FACE_BOUND('',#164,.T.);
#164 = EDGE_LOOP('',(#165));
#165 = ORIENTED_EDGE('',*,*,#166,.T.);
#166 = EDGE_CURVE('',#167,#167,#169,.T.);
#167 = VERTEX_POINT('',#168);
#168 = CARTESIAN_POINT('',(929.7,-35.5,1.5));
#169 = CIRCLE('',#170,1.7);
#170 = AXIS2_PLACEMENT_3D('',#171,#172,#173);
#171 = CARTESIAN_POINT('',(928.,-35.5,1.5));
#172 = DIRECTION('',(0.,0.,-1.));
#173 = DIRECTION('',(1.,0.,0.));
#174 = FACE_BOUND('',#175,.T.);
#175 = EDGE_LOOP('',(#176,#186,#194,#202));
#176 = ORIENTED_EDGE('',*,*,#177,.T.);
#177 = EDGE_CURVE('',#178,#180,#182,.T.);
#178 = VERTEX_POINT('',#179);
#179 = CARTESIAN_POINT('',(915.,-23.,1.5));
#180 = VERTEX_POINT('',#181);
#181 = CARTESIAN_POINT('',(906.,-23.,1.5));
#182 = LINE('',#183,#184);
#183 = CARTESIAN_POINT('',(865.5,-23.,1.5));
#184 = VECTOR('',#185,1.);
#185 = DIRECTION('',(-1.,0.,0.));
#186 = ORIENTED_EDGE('',*,*,#187,.T.);
#187 = EDGE_CURVE('',#180,#188,#190,.T.);
#188 = VERTEX_POINT('',#189);
#189 = CARTESIAN_POINT('',(906.,-21.,1.5));
#190 = LINE('',#191,#192);
#191 = CARTESIAN_POINT('',(906.,-31.5,1.5));
#192 = VECTOR('',#193,1.);
#193 = DIRECTION('',(0.,1.,0.));
#194 = ORIENTED_EDGE('',*,*,#195,.F.);
#195 = EDGE_CURVE('',#196,#188,#198,.T.);
#196 = VERTEX_POINT('',#197);
#197 = CARTESIAN_POINT('',(915.,-21.,1.5));
#198 = LINE('',#199,#200);
#199 = CARTESIAN_POINT('',(865.5,-21.,1.5));
#200 = VECTOR('',#201,1.);
#201 = DIRECTION('',(-1.,0.,0.));
#202 = ORIENTED_EDGE('',*,*,#203,.F.);
#203 = EDGE_CURVE('',#178,#196,#204,.T.);
#204 = LINE('',#205,#206);
#205 = CARTESIAN_POINT('',(915.,-31.5,1.5));
#206 = VECTOR('',#207,1.);
#207 = DIRECTION('',(0.,1.,0.));
#208 = FACE_BOUND('',#209,.T.);
#209 = EDGE_LOOP('',(#210));
#210 = ORIENTED_EDGE('',*,*,#211,.T.);
#211 = EDGE_CURVE('',#212,#212,#214,.T.);
#212 = VERTEX_POINT('',#213);
#213 = CARTESIAN_POINT('',(975.7,-35.5,1.5));
#214 = CIRCLE('',#215,1.7);
#215 = AXIS2_PLACEMENT_3D('',#216,#217,#218);
#216 = CARTESIAN_POINT('',(974.,-35.5,1.5));
#217 = DIRECTION('',(0.,0.,-1.));
#218 = DIRECTION('',(1.,0.,0.));
#219 = FACE_BOUND('',#220,.T.);
#220 = EDGE_LOOP('',(#221,#231,#239,#247));
#221 = ORIENTED_EDGE('',*,*,#222,.T.);
#222 = EDGE_CURVE('',#223,#225,#227,.T.);
#223 = VERTEX_POINT('',#224);
#224 = CARTESIAN_POINT('',(992.,-26.,1.5));
#225 = VERTEX_POINT('',#226);
#226 = CARTESIAN_POINT('',(983.,-26.,1.5));
#227 = LINE('',#228,#229);
#228 = CARTESIAN_POINT('',(904.,-26.,1.5));
#229 = VECTOR('',#230,1.);
#230 = DIRECTION('',(-1.,0.,0.));
#231 = ORIENTED_EDGE('',*,*,#232,.T.);
#232 = EDGE_CURVE('',#225,#233,#235,.T.);
#233 = VERTEX_POINT('',#234);
#234 = CARTESIAN_POINT('',(983.,-24.,1.5));
#235 = LINE('',#236,#237);
#236 = CARTESIAN_POINT('',(983.,-33.,1.5));
#237 = VECTOR('',#238,1.);
#238 = DIRECTION('',(0.,1.,0.));
#239 = ORIENTED_EDGE('',*,*,#240,.F.);
#240 = EDGE_CURVE('',#241,#233,#243,.T.);
#241 = VERTEX_POINT('',#242);
#242 = CARTESIAN_POINT('',(992.,-24.,1.5));
#243 = LINE('',#244,#245);
#244 = CARTESIAN_POINT('',(904.,-24.,1.5));
#245 = VECTOR('',#246,1.);
#246 = DIRECTION('',(-1.,0.,0.));
#247 = ORIENTED_EDGE('',*,*,#248,.F.);
#248 = EDGE_CURVE('',#223,#241,#249,.T.);
#249 = LINE('',#250,#251);
#250 = CARTESIAN_POINT('',(992.,-33.,1.5));
#251 = VECTOR('',#252,1.);
#252 = DIRECTION('',(0.,1.,0.));
#253 = FACE_BOUND('',#254,.T.);
#254 = EDGE_LOOP('',(#255));
#255 = ORIENTED_EDGE('',*,*,#256,.T.);
#256 = EDGE_CURVE('',#257,#257,#259,.T.);
#257 = VERTEX_POINT('',#258);
#258 = CARTESIAN_POINT('',(1.0377E+03,-35.5,1.5));
#259 = CIRCLE('',#260,1.7);
#260 = AXIS2_PLACEMENT_3D('',#261,#262,#263);
#261 = CARTESIAN_POINT('',(1.036E+03,-35.5,1.5));
#262 = DIRECTION('',(0.,0.,-1.));
#263 = DIRECTION('',(1.,0.,0.));
#264 = FACE_BOUND('',#265,.T.);
#265 = EDGE_LOOP('',(#266));
#266 = ORIENTED_EDGE('',*,*,#267,.T.);
#267 = EDGE_CURVE('',#268,#268,#270,.T.);
#268 = VERTEX_POINT('',#269);
#269 = CARTESIAN_POINT('',(1.0547E+03,-29.,1.5));
#270 = CIRCLE('',#271,1.7);
#271 = AXIS2_PLACEMENT_3D('',#272,#273,#274);
#272 = CARTESIAN_POINT('',(1.053E+03,-29.,1.5));
#273 = DIRECTION('',(0.,0.,-1.));
#274 = DIRECTION('',(1.,0.,0.));
#275 = FACE_BOUND('',#276,.T.);
#276 = EDGE_LOOP('',(#277,#287,#295,#303));
#277 = ORIENTED_EDGE('',*,*,#278,.T.);
#278 = EDGE_CURVE('',#279,#281,#283,.T.);
#279 = VERTEX_POINT('',#280);
#280 = CARTESIAN_POINT('',(1.032E+03,-26.,1.5));
#281 = VERTEX_POINT('',#282);
#282 = CARTESIAN_POINT('',(1.023E+03,-26.,1.5));
#283 = LINE('',#284,#285);
#284 = CARTESIAN_POINT('',(924.,-26.,1.5));
#285 = VECTOR('',#286,1.);
#286 = DIRECTION('',(-1.,0.,0.));
#287 = ORIENTED_EDGE('',*,*,#288,.T.);
#288 = EDGE_CURVE('',#281,#289,#291,.T.);
#289 = VERTEX_POINT('',#290);
#290 = CARTESIAN_POINT('',(1.023E+03,-24.,1.5));
#291 = LINE('',#292,#293);
#292 = CARTESIAN_POINT('',(1.023E+03,-33.,1.5));
#293 = VECTOR('',#294,1.);
#294 = DIRECTION('',(0.,1.,0.));
#295 = ORIENTED_EDGE('',*,*,#296,.F.);
#296 = EDGE_CURVE('',#297,#289,#299,.T.);
#297 = VERTEX_POINT('',#298);
#298 = CARTESIAN_POINT('',(1.032E+03,-24.,1.5));
#299 = LINE('',#300,#301);
#300 = CARTESIAN_POINT('',(924.,-24.,1.5));
#301 = VECTOR('',#302,1.);
#302 = DIRECTION('',(-1.,0.,0.));
#303 = ORIENTED_EDGE('',*,*,#304,.F.);
#304 = EDGE_CURVE('',#279,#297,#305,.T.);
#305 = LINE('',#306,#307);
#306 = CARTESIAN_POINT('',(1.032E+03,-33.,1.5));
#307 = VECTOR('',#308,1.);
#308 = DIRECTION('',(0.,1.,0.));
#309 = FACE_BOUND('',#310,.T.);
#310 = EDGE_LOOP('',(#311,#321,#329,#337));
#311 = ORIENTED_EDGE('',*,*,#312,.T.);
#312 = EDGE_CURVE('',#313,#315,#317,.T.);
#313 = VERTEX_POINT('',#314);
#314 = CARTESIAN_POINT('',(916.,-12.,1.5));
#315 = VERTEX_POINT('',#316);
#316 = CARTESIAN_POINT('',(866.,-12.,1.5));
#317 = LINE('',#318,#319);
#318 = CARTESIAN_POINT('',(845.5,-12.,1.5));
#319 = VECTOR('',#320,1.);
#320 = DIRECTION('',(-1.,0.,0.));
#321 = ORIENTED_EDGE('',*,*,#322,.T.);
#322 = EDGE_CURVE('',#315,#323,#325,.T.);
#323 = VERTEX_POINT('',#324);
#324 = CARTESIAN_POINT('',(866.,12.,1.5));
#325 = LINE('',#326,#327);
#326 = CARTESIAN_POINT('',(866.,-26.,1.5));
#327 = VECTOR('',#328,1.);
#328 = DIRECTION('',(0.,1.,0.));
#329 = ORIENTED_EDGE('',*,*,#330,.F.);
#330 = EDGE_CURVE('',#331,#323,#333,.T.);
#331 = VERTEX_POINT('',#332);
#332 = CARTESIAN_POINT('',(916.,12.,1.5));
#333 = LINE('',#334,#335);
#334 = CARTESIAN_POINT('',(845.5,12.,1.5));
#335 = VECTOR('',#336,1.);
#336 = DIRECTION('',(-1.,0.,0.));
#337 = ORIENTED_EDGE('',*,*,#338,.F.);
#338 = EDGE_CURVE('',#313,#331,#339,.T.);
#339 = LINE('',#340,#341);
#340 = CARTESIAN_POINT('',(916.,-26.,1.5));
#341 = VECTOR('',#342,1.);
#342 = DIRECTION('',(0.,1.,0.));
#343 = FACE_BOUND('',#344,.T.);
#344 = EDGE_LOOP('',(#345,#355,#363,#371));
#345 = ORIENTED_EDGE('',*,*,#346,.T.);
#346 = EDGE_CURVE('',#347,#349,#351,.T.);
#347 = VERTEX_POINT('',#348);
#348 = CARTESIAN_POINT('',(887.,21.,1.5));
#349 = VERTEX_POINT('',#350);
#350 = CARTESIAN_POINT('',(878.,21.,1.5));
#351 = LINE('',#352,#353);
#352 = CARTESIAN_POINT('',(851.5,21.,1.5));
#353 = VECTOR('',#354,1.);
#354 = DIRECTION('',(-1.,0.,0.));
#355 = ORIENTED_EDGE('',*,*,#356,.T.);
#356 = EDGE_CURVE('',#349,#357,#359,.T.);
#357 = VERTEX_POINT('',#358);
#358 = CARTESIAN_POINT('',(878.,23.,1.5));
#359 = LINE('',#360,#361);
#360 = CARTESIAN_POINT('',(878.,-9.5,1.5));
#361 = VECTOR('',#362,1.);
#362 = DIRECTION('',(0.,1.,0.));
#363 = ORIENTED_EDGE('',*,*,#364,.F.);
#364 = EDGE_CURVE('',#365,#357,#367,.T.);
#365 = VERTEX_POINT('',#366);
#366 = CARTESIAN_POINT('',(887.,23.,1.5));
#367 = LINE('',#368,#369);
#368 = CARTESIAN_POINT('',(851.5,23.,1.5));
#369 = VECTOR('',#370,1.);
#370 = DIRECTION('',(-1.,0.,0.));
#371 = ORIENTED_EDGE('',*,*,#372,.F.);
#372 = EDGE_CURVE('',#347,#365,#373,.T.);
#373 = LINE('',#374,#375);
#374 = CARTESIAN_POINT('',(887.,-9.5,1.5));
#375 = VECTOR('',#376,1.);
#376 = DIRECTION('',(0.,1.,0.));
#377 = FACE_BOUND('',#378,.T.);
#378 = EDGE_LOOP('',(#379));
#379 = ORIENTED_EDGE('',*,*,#380,.T.);
#380 = EDGE_CURVE('',#381,#381,#383,.T.);
#381 = VERTEX_POINT('',#382);
#382 = CARTESIAN_POINT('',(838.7,29.,1.5));
#383 = CIRCLE('',#384,1.7);
#384 = AXIS2_PLACEMENT_3D('',#385,#386,#387);
#385 = CARTESIAN_POINT('',(837.,29.,1.5));
#386 = DIRECTION('',(0.,0.,-1.));
#387 = DIRECTION('',(1.,0.,0.));
#388 = FACE_BOUND('',#389,.T.);
#389 = EDGE_LOOP('',(#390));
#390 = ORIENTED_EDGE('',*,*,#391,.T.);
#391 = EDGE_CURVE('',#392,#392,#394,.T.);
#392 = VERTEX_POINT('',#393);
#393 = CARTESIAN_POINT('',(857.7,35.5,1.5));
#394 = CIRCLE('',#395,1.7);
#395 = AXIS2_PLACEMENT_3D('',#396,#397,#398);
#396 = CARTESIAN_POINT('',(856.,35.5,1.5));
#397 = DIRECTION('',(0.,0.,-1.));
#398 = DIRECTION('',(1.,0.,0.));
#399 = FACE_BOUND('',#400,.T.);
#400 = EDGE_LOOP('',(#401,#411,#419,#427));
#401 = ORIENTED_EDGE('',*,*,#402,.T.);
#402 = EDGE_CURVE('',#403,#405,#407,.T.);
#403 = VERTEX_POINT('',#404);
#404 = CARTESIAN_POINT('',(915.,21.,1.5));
#405 = VERTEX_POINT('',#406);
#406 = CARTESIAN_POINT('',(906.,21.,1.5));
#407 = LINE('',#408,#409);
#408 = CARTESIAN_POINT('',(865.5,21.,1.5));
#409 = VECTOR('',#410,1.);
#410 = DIRECTION('',(-1.,0.,0.));
#411 = ORIENTED_EDGE('',*,*,#412,.T.);
#412 = EDGE_CURVE('',#405,#413,#415,.T.);
#413 = VERTEX_POINT('',#414);
#414 = CARTESIAN_POINT('',(906.,23.,1.5));
#415 = LINE('',#416,#417);
#416 = CARTESIAN_POINT('',(906.,-9.5,1.5));
#417 = VECTOR('',#418,1.);
#418 = DIRECTION('',(0.,1.,0.));
#419 = ORIENTED_EDGE('',*,*,#420,.F.);
#420 = EDGE_CURVE('',#421,#413,#423,.T.);
#421 = VERTEX_POINT('',#422);
#422 = CARTESIAN_POINT('',(915.,23.,1.5));
#423 = LINE('',#424,#425);
#424 = CARTESIAN_POINT('',(865.5,23.,1.5));
#425 = VECTOR('',#426,1.);
#426 = DIRECTION('',(-1.,0.,0.));
#427 = ORIENTED_EDGE('',*,*,#428,.F.);
#428 = EDGE_CURVE('',#403,#421,#429,.T.);
#429 = LINE('',#430,#431);
#430 = CARTESIAN_POINT('',(915.,-9.5,1.5));
#431 = VECTOR('',#432,1.);
#432 = DIRECTION('',(0.,1.,0.));
#433 = FACE_BOUND('',#434,.T.);
#434 = EDGE_LOOP('',(#435));
#435 = ORIENTED_EDGE('',*,*,#436,.T.);
#436 = EDGE_CURVE('',#437,#437,#439,.T.);
#437 = VERTEX_POINT('',#438);
#438 = CARTESIAN_POINT('',(929.7,35.5,1.5));
#439 = CIRCLE('',#440,1.7);
#440 = AXIS2_PLACEMENT_3D('',#441,#442,#443);
#441 = CARTESIAN_POINT('',(928.,35.5,1.5));
#442 = DIRECTION('',(0.,0.,-1.));
#443 = DIRECTION('',(1.,0.,0.));
#444 = FACE_BOUND('',#445,.T.);
#445 = EDGE_LOOP('',(#446,#456,#464,#472));
#446 = ORIENTED_EDGE('',*,*,#447,.T.);
#447 = EDGE_CURVE('',#448,#450,#452,.T.);
#448 = VERTEX_POINT('',#449);
#449 = CARTESIAN_POINT('',(1.023E+03,-12.,1.5));
#450 = VERTEX_POINT('',#451);
#451 = CARTESIAN_POINT('',(983.,-12.,1.5));
#452 = LINE('',#453,#454);
#453 = CARTESIAN_POINT('',(904.,-12.,1.5));
#454 = VECTOR('',#455,1.);
#455 = DIRECTION('',(-1.,0.,0.));
#456 = ORIENTED_EDGE('',*,*,#457,.T.);
#457 = EDGE_CURVE('',#450,#458,#460,.T.);
#458 = VERTEX_POINT('',#459);
#459 = CARTESIAN_POINT('',(983.,12.,1.5));
#460 = LINE('',#461,#462);
#461 = CARTESIAN_POINT('',(983.,-26.,1.5));
#462 = VECTOR('',#463,1.);
#463 = DIRECTION('',(0.,1.,0.));
#464 = ORIENTED_EDGE('',*,*,#465,.F.);
#465 = EDGE_CURVE('',#466,#458,#468,.T.);
#466 = VERTEX_POINT('',#467);
#467 = CARTESIAN_POINT('',(1.023E+03,12.,1.5));
#468 = LINE('',#469,#470);
#469 = CARTESIAN_POINT('',(904.,12.,1.5));
#470 = VECTOR('',#471,1.);
#471 = DIRECTION('',(-1.,0.,0.));
#472 = ORIENTED_EDGE('',*,*,#473,.F.);
#473 = EDGE_CURVE('',#448,#466,#474,.T.);
#474 = LINE('',#475,#476);
#475 = CARTESIAN_POINT('',(1.023E+03,-26.,1.5));
#476 = VECTOR('',#477,1.);
#477 = DIRECTION('',(0.,1.,0.));
#478 = FACE_BOUND('',#479,.T.);
#479 = EDGE_LOOP('',(#480,#490,#498,#506));
#480 = ORIENTED_EDGE('',*,*,#481,.T.);
#481 = EDGE_CURVE('',#482,#484,#486,.T.);
#482 = VERTEX_POINT('',#483);
#483 = CARTESIAN_POINT('',(992.,24.,1.5));
#484 = VERTEX_POINT('',#485);
#485 = CARTESIAN_POINT('',(983.,24.,1.5));
#486 = LINE('',#487,#488);
#487 = CARTESIAN_POINT('',(904.,24.,1.5));
#488 = VECTOR('',#489,1.);
#489 = DIRECTION('',(-1.,0.,0.));
#490 = ORIENTED_EDGE('',*,*,#491,.T.);
#491 = EDGE_CURVE('',#484,#492,#494,.T.);
#492 = VERTEX_POINT('',#493);
#493 = CARTESIAN_POINT('',(983.,26.,1.5));
#494 = LINE('',#495,#496);
#495 = CARTESIAN_POINT('',(983.,-8.,1.5));
#496 = VECTOR('',#497,1.);
#497 = DIRECTION('',(0.,1.,0.));
#498 = ORIENTED_EDGE('',*,*,#499,.F.);
#499 = EDGE_CURVE('',#500,#492,#502,.T.);
#500 = VERTEX_POINT('',#501);
#501 = CARTESIAN_POINT('',(992.,26.,1.5));
#502 = LINE('',#503,#504);
#503 = CARTESIAN_POINT('',(904.,26.,1.5));
#504 = VECTOR('',#505,1.);
#505 = DIRECTION('',(-1.,0.,0.));
#506 = ORIENTED_EDGE('',*,*,#507,.F.);
#507 = EDGE_CURVE('',#482,#500,#508,.T.);
#508 = LINE('',#509,#510);
#509 = CARTESIAN_POINT('',(992.,-8.,1.5));
#510 = VECTOR('',#511,1.);
#511 = DIRECTION('',(0.,1.,0.));
#512 = FACE_BOUND('',#513,.T.);
#513 = EDGE_LOOP('',(#514));
#514 = ORIENTED_EDGE('',*,*,#515,.T.);
#515 = EDGE_CURVE('',#516,#516,#518,.T.);
#516 = VERTEX_POINT('',#517);
#517 = CARTESIAN_POINT('',(975.7,35.5,1.5));
#518 = CIRCLE('',#519,1.7);
#519 = AXIS2_PLACEMENT_3D('',#520,#521,#522);
#520 = CARTESIAN_POINT('',(974.,35.5,1.5));
#521 = DIRECTION('',(0.,0.,-1.));
#522 = DIRECTION('',(1.,0.,0.));
#523 = FACE_BOUND('',#524,.T.);
#524 = EDGE_LOOP('',(#525,#535,#543,#551));
#525 = ORIENTED_EDGE('',*,*,#526,.T.);
#526 = EDGE_CURVE('',#527,#529,#531,.T.);
#527 = VERTEX_POINT('',#528);
#528 = CARTESIAN_POINT('',(1.032E+03,24.,1.5));
#529 = VERTEX_POINT('',#530);
#530 = CARTESIAN_POINT('',(1.023E+03,24.,1.5));
#531 = LINE('',#532,#533);
#532 = CARTESIAN_POINT('',(924.,24.,1.5));
#533 = VECTOR('',#534,1.);
#534 = DIRECTION('',(-1.,0.,0.));
#535 = ORIENTED_EDGE('',*,*,#536,.T.);
#536 = EDGE_CURVE('',#529,#537,#539,.T.);
#537 = VERTEX_POINT('',#538);
#538 = CARTESIAN_POINT('',(1.023E+03,26.,1.5));
#539 = LINE('',#540,#541);
#540 = CARTESIAN_POINT('',(1.023E+03,-8.,1.5));
#541 = VECTOR('',#542,1.);
#542 = DIRECTION('',(0.,1.,0.));
#543 = ORIENTED_EDGE('',*,*,#544,.F.);
#544 = EDGE_CURVE('',#545,#537,#547,.T.);
#545 = VERTEX_POINT('',#546);
#546 = CARTESIAN_POINT('',(1.032E+03,26.,1.5));
#547 = LINE('',#548,#549);
#548 = CARTESIAN_POINT('',(924.,26.,1.5));
#549 = VECTOR('',#550,1.);
#550 = DIRECTION('',(-1.,0.,0.));
#551 = ORIENTED_EDGE('',*,*,#552,.F.);
#552 = EDGE_CURVE('',#527,#545,#553,.T.);
#553 = LINE('',#554,#555);
#554 = CARTESIAN_POINT('',(1.032E+03,-8.,1.5));
#555 = VECTOR('',#556,1.);
#556 = DIRECTION('',(0.,1.,0.));
#557 = FACE_BOUND('',#558,.T.);
#558 = EDGE_LOOP('',(#559));
#559 = ORIENTED_EDGE('',*,*,#560,.T.);
#560 = EDGE_CURVE('',#561,#561,#563,.T.);
#561 = VERTEX_POINT('',#562);
#562 = CARTESIAN_POINT('',(1.0547E+03,29.,1.5));
#563 = CIRCLE('',#564,1.7);
#564 = AXIS2_PLACEMENT_3D('',#565,#566,#567);
#565 = CARTESIAN_POINT('',(1.053E+03,29.,1.5));
#566 = DIRECTION('',(0.,0.,-1.));
#567 = DIRECTION('',(1.,0.,0.));
#568 = FACE_BOUND('',#569,.T.);
#569 = EDGE_LOOP('',(#570));
#570 = ORIENTED_EDGE('',*,*,#571,.T.);
#571 = EDGE_CURVE('',#572,#572,#574,.T.);
#572 = VERTEX_POINT('',#573);
#573 = CARTESIAN_POINT('',(1.0377E+03,35.5,1.5));
#574 = CIRCLE('',#575,1.7);
#575 = AXIS2_PLACEMENT_3D('',#576,#577,#578);
#576 = CARTESIAN_POINT('',(1.036E+03,35.5,1.5));
#577 = DIRECTION('',(0.,0.,-1.));
#578 = DIRECTION('',(1.,0.,0.));
#579 = PLANE('',#580);
#580 = AXIS2_PLACEMENT_3D('',#581,#582,#583);
#581 = CARTESIAN_POINT('',(825.,-40.,1.5));
#582 = DIRECTION('',(0.,0.,1.));
#583 = DIRECTION('',(1.,0.,0.));
#584 = ADVANCED_FACE('',(#585),#603,.T.);
#585 = FACE_BOUND('',#586,.T.);
#586 = EDGE_LOOP('',(#587,#595,#596,#597));
#587 = ORIENTED_EDGE('',*,*,#588,.F.);
#588 = EDGE_CURVE('',#32,#589,#591,.T.);
#589 = VERTEX_POINT('',#590);
#590 = CARTESIAN_POINT('',(1.065E+03,40.,-1.5));
#591 = LINE('',#592,#593);
#592 = CARTESIAN_POINT('',(825.,40.,-1.5));
#593 = VECTOR('',#594,1.);
#594 = DIRECTION('',(1.,0.,0.));
#595 = ORIENTED_EDGE('',*,*,#39,.T.);
#596 = ORIENTED_EDGE('',*,*,#102,.T.);
#597 = ORIENTED_EDGE('',*,*,#598,.F.);
#598 = EDGE_CURVE('',#589,#95,#599,.T.);
#599 = LINE('',#600,#601);
#600 = CARTESIAN_POINT('',(1.065E+03,40.,-1.5));
#601 = VECTOR('',#602,1.);
#602 = DIRECTION('',(0.,0.,1.));
#603 = PLANE('',#604);
#604 = AXIS2_PLACEMENT_3D('',#605,#606,#607);
#605 = CARTESIAN_POINT('',(825.,40.,-1.5));
#606 = DIRECTION('',(0.,1.,0.));
#607 = DIRECTION('',(0.,0.,1.));
#608 = ADVANCED_FACE('',(#609,#620,#631,#642,#676,#687,#721,#732,#766,
    #777,#788,#822,#856,#890,#901,#912,#946,#957,#991,#1025,#1036,#1070,
    #1081),#1092,.F.);
#609 = FACE_BOUND('',#610,.F.);
#610 = EDGE_LOOP('',(#611,#612,#613,#619));
#611 = ORIENTED_EDGE('',*,*,#31,.F.);
#612 = ORIENTED_EDGE('',*,*,#61,.T.);
#613 = ORIENTED_EDGE('',*,*,#614,.T.);
#614 = EDGE_CURVE('',#62,#589,#615,.T.);
#615 = LINE('',#616,#617);
#616 = CARTESIAN_POINT('',(1.065E+03,-40.,-1.5));
#617 = VECTOR('',#618,1.);
#618 = DIRECTION('',(0.,1.,0.));
#619 = ORIENTED_EDGE('',*,*,#588,.F.);
#620 = FACE_BOUND('',#621,.F.);
#621 = EDGE_LOOP('',(#622));
#622 = ORIENTED_EDGE('',*,*,#623,.T.);
#623 = EDGE_CURVE('',#624,#624,#626,.T.);
#624 = VERTEX_POINT('',#625);
#625 = CARTESIAN_POINT('',(857.7,-35.5,-1.5));
#626 = CIRCLE('',#627,1.7);
#627 = AXIS2_PLACEMENT_3D('',#628,#629,#630);
#628 = CARTESIAN_POINT('',(856.,-35.5,-1.5));
#629 = DIRECTION('',(0.,0.,-1.));
#630 = DIRECTION('',(1.,0.,0.));
#631 = FACE_BOUND('',#632,.F.);
#632 = EDGE_LOOP('',(#633));
#633 = ORIENTED_EDGE('',*,*,#634,.T.);
#634 = EDGE_CURVE('',#635,#635,#637,.T.);
#635 = VERTEX_POINT('',#636);
#636 = CARTESIAN_POINT('',(838.7,-29.,-1.5));
#637 = CIRCLE('',#638,1.7);
#638 = AXIS2_PLACEMENT_3D('',#639,#640,#641);
#639 = CARTESIAN_POINT('',(837.,-29.,-1.5));
#640 = DIRECTION('',(0.,0.,-1.));
#641 = DIRECTION('',(1.,0.,0.));
#642 = FACE_BOUND('',#643,.F.);
#643 = EDGE_LOOP('',(#644,#654,#662,#670));
#644 = ORIENTED_EDGE('',*,*,#645,.T.);
#645 = EDGE_CURVE('',#646,#648,#650,.T.);
#646 = VERTEX_POINT('',#647);
#647 = CARTESIAN_POINT('',(887.,-23.,-1.5));
#648 = VERTEX_POINT('',#649);
#649 = CARTESIAN_POINT('',(878.,-23.,-1.5));
#650 = LINE('',#651,#652);
#651 = CARTESIAN_POINT('',(851.5,-23.,-1.5));
#652 = VECTOR('',#653,1.);
#653 = DIRECTION('',(-1.,0.,0.));
#654 = ORIENTED_EDGE('',*,*,#655,.T.);
#655 = EDGE_CURVE('',#648,#656,#658,.T.);
#656 = VERTEX_POINT('',#657);
#657 = CARTESIAN_POINT('',(878.,-21.,-1.5));
#658 = LINE('',#659,#660);
#659 = CARTESIAN_POINT('',(878.,-31.5,-1.5));
#660 = VECTOR('',#661,1.);
#661 = DIRECTION('',(0.,1.,0.));
#662 = ORIENTED_EDGE('',*,*,#663,.F.);
#663 = EDGE_CURVE('',#664,#656,#666,.T.);
#664 = VERTEX_POINT('',#665);
#665 = CARTESIAN_POINT('',(887.,-21.,-1.5));
#666 = LINE('',#667,#668);
#667 = CARTESIAN_POINT('',(851.5,-21.,-1.5));
#668 = VECTOR('',#669,1.);
#669 = DIRECTION('',(-1.,0.,0.));
#670 = ORIENTED_EDGE('',*,*,#671,.F.);
#671 = EDGE_CURVE('',#646,#664,#672,.T.);
#672 = LINE('',#673,#674);
#673 = CARTESIAN_POINT('',(887.,-31.5,-1.5));
#674 = VECTOR('',#675,1.);
#675 = DIRECTION('',(0.,1.,0.));
#676 = FACE_BOUND('',#677,.F.);
#677 = EDGE_LOOP('',(#678));
#678 = ORIENTED_EDGE('',*,*,#679,.T.);
#679 = EDGE_CURVE('',#680,#680,#682,.T.);
#680 = VERTEX_POINT('',#681);
#681 = CARTESIAN_POINT('',(929.7,-35.5,-1.5));
#682 = CIRCLE('',#683,1.7);
#683 = AXIS2_PLACEMENT_3D('',#684,#685,#686);
#684 = CARTESIAN_POINT('',(928.,-35.5,-1.5));
#685 = DIRECTION('',(0.,0.,-1.));
#686 = DIRECTION('',(1.,0.,0.));
#687 = FACE_BOUND('',#688,.F.);
#688 = EDGE_LOOP('',(#689,#699,#707,#715));
#689 = ORIENTED_EDGE('',*,*,#690,.T.);
#690 = EDGE_CURVE('',#691,#693,#695,.T.);
#691 = VERTEX_POINT('',#692);
#692 = CARTESIAN_POINT('',(915.,-23.,-1.5));
#693 = VERTEX_POINT('',#694);
#694 = CARTESIAN_POINT('',(906.,-23.,-1.5));
#695 = LINE('',#696,#697);
#696 = CARTESIAN_POINT('',(865.5,-23.,-1.5));
#697 = VECTOR('',#698,1.);
#698 = DIRECTION('',(-1.,0.,0.));
#699 = ORIENTED_EDGE('',*,*,#700,.T.);
#700 = EDGE_CURVE('',#693,#701,#703,.T.);
#701 = VERTEX_POINT('',#702);
#702 = CARTESIAN_POINT('',(906.,-21.,-1.5));
#703 = LINE('',#704,#705);
#704 = CARTESIAN_POINT('',(906.,-31.5,-1.5));
#705 = VECTOR('',#706,1.);
#706 = DIRECTION('',(0.,1.,0.));
#707 = ORIENTED_EDGE('',*,*,#708,.F.);
#708 = EDGE_CURVE('',#709,#701,#711,.T.);
#709 = VERTEX_POINT('',#710);
#710 = CARTESIAN_POINT('',(915.,-21.,-1.5));
#711 = LINE('',#712,#713);
#712 = CARTESIAN_POINT('',(865.5,-21.,-1.5));
#713 = VECTOR('',#714,1.);
#714 = DIRECTION('',(-1.,0.,0.));
#715 = ORIENTED_EDGE('',*,*,#716,.F.);
#716 = EDGE_CURVE('',#691,#709,#717,.T.);
#717 = LINE('',#718,#719);
#718 = CARTESIAN_POINT('',(915.,-31.5,-1.5));
#719 = VECTOR('',#720,1.);
#720 = DIRECTION('',(0.,1.,0.));
#721 = FACE_BOUND('',#722,.F.);
#722 = EDGE_LOOP('',(#723));
#723 = ORIENTED_EDGE('',*,*,#724,.T.);
#724 = EDGE_CURVE('',#725,#725,#727,.T.);
#725 = VERTEX_POINT('',#726);
#726 = CARTESIAN_POINT('',(975.7,-35.5,-1.5));
#727 = CIRCLE('',#728,1.7);
#728 = AXIS2_PLACEMENT_3D('',#729,#730,#731);
#729 = CARTESIAN_POINT('',(974.,-35.5,-1.5));
#730 = DIRECTION('',(0.,0.,-1.));
#731 = DIRECTION('',(1.,0.,0.));
#732 = FACE_BOUND('',#733,.F.);
#733 = EDGE_LOOP('',(#734,#744,#752,#760));
#734 = ORIENTED_EDGE('',*,*,#735,.T.);
#735 = EDGE_CURVE('',#736,#738,#740,.T.);
#736 = VERTEX_POINT('',#737);
#737 = CARTESIAN_POINT('',(992.,-26.,-1.5));
#738 = VERTEX_POINT('',#739);
#739 = CARTESIAN_POINT('',(983.,-26.,-1.5));
#740 = LINE('',#741,#742);
#741 = CARTESIAN_POINT('',(904.,-26.,-1.5));
#742 = VECTOR('',#743,1.);
#743 = DIRECTION('',(-1.,0.,0.));
#744 = ORIENTED_EDGE('',*,*,#745,.T.);
#745 = EDGE_CURVE('',#738,#746,#748,.T.);
#746 = VERTEX_POINT('',#747);
#747 = CARTESIAN_POINT('',(983.,-24.,-1.5));
#748 = LINE('',#749,#750);
#749 = CARTESIAN_POINT('',(983.,-33.,-1.5));
#750 = VECTOR('',#751,1.);
#751 = DIRECTION('',(0.,1.,0.));
#752 = ORIENTED_EDGE('',*,*,#753,.F.);
#753 = EDGE_CURVE('',#754,#746,#756,.T.);
#754 = VERTEX_POINT('',#755);
#755 = CARTESIAN_POINT('',(992.,-24.,-1.5));
#756 = LINE('',#757,#758);
#757 = CARTESIAN_POINT('',(904.,-24.,-1.5));
#758 = VECTOR('',#759,1.);
#759 = DIRECTION('',(-1.,0.,0.));
#760 = ORIENTED_EDGE('',*,*,#761,.F.);
#761 = EDGE_CURVE('',#736,#754,#762,.T.);
#762 = LINE('',#763,#764);
#763 = CARTESIAN_POINT('',(992.,-33.,-1.5));
#764 = VECTOR('',#765,1.);
#765 = DIRECTION('',(0.,1.,0.));
#766 = FACE_BOUND('',#767,.F.);
#767 = EDGE_LOOP('',(#768));
#768 = ORIENTED_EDGE('',*,*,#769,.T.);
#769 = EDGE_CURVE('',#770,#770,#772,.T.);
#770 = VERTEX_POINT('',#771);
#771 = CARTESIAN_POINT('',(1.0377E+03,-35.5,-1.5));
#772 = CIRCLE('',#773,1.7);
#773 = AXIS2_PLACEMENT_3D('',#774,#775,#776);
#774 = CARTESIAN_POINT('',(1.036E+03,-35.5,-1.5));
#775 = DIRECTION('',(0.,0.,-1.));
#776 = DIRECTION('',(1.,0.,0.));
#777 = FACE_BOUND('',#778,.F.);
#778 = EDGE_LOOP('',(#779));
#779 = ORIENTED_EDGE('',*,*,#780,.T.);
#780 = EDGE_CURVE('',#781,#781,#783,.T.);
#781 = VERTEX_POINT('',#782);
#782 = CARTESIAN_POINT('',(1.0547E+03,-29.,-1.5));
#783 = CIRCLE('',#784,1.7);
#784 = AXIS2_PLACEMENT_3D('',#785,#786,#787);
#785 = CARTESIAN_POINT('',(1.053E+03,-29.,-1.5));
#786 = DIRECTION('',(0.,0.,-1.));
#787 = DIRECTION('',(1.,0.,0.));
#788 = FACE_BOUND('',#789,.F.);
#789 = EDGE_LOOP('',(#790,#800,#808,#816));
#790 = ORIENTED_EDGE('',*,*,#791,.T.);
#791 = EDGE_CURVE('',#792,#794,#796,.T.);
#792 = VERTEX_POINT('',#793);
#793 = CARTESIAN_POINT('',(1.032E+03,-26.,-1.5));
#794 = VERTEX_POINT('',#795);
#795 = CARTESIAN_POINT('',(1.023E+03,-26.,-1.5));
#796 = LINE('',#797,#798);
#797 = CARTESIAN_POINT('',(924.,-26.,-1.5));
#798 = VECTOR('',#799,1.);
#799 = DIRECTION('',(-1.,0.,0.));
#800 = ORIENTED_EDGE('',*,*,#801,.T.);
#801 = EDGE_CURVE('',#794,#802,#804,.T.);
#802 = VERTEX_POINT('',#803);
#803 = CARTESIAN_POINT('',(1.023E+03,-24.,-1.5));
#804 = LINE('',#805,#806);
#805 = CARTESIAN_POINT('',(1.023E+03,-33.,-1.5));
#806 = VECTOR('',#807,1.);
#807 = DIRECTION('',(0.,1.,0.));
#808 = ORIENTED_EDGE('',*,*,#809,.F.);
#809 = EDGE_CURVE('',#810,#802,#812,.T.);
#810 = VERTEX_POINT('',#811);
#811 = CARTESIAN_POINT('',(1.032E+03,-24.,-1.5));
#812 = LINE('',#813,#814);
#813 = CARTESIAN_POINT('',(924.,-24.,-1.5));
#814 = VECTOR('',#815,1.);
#815 = DIRECTION('',(-1.,0.,0.));
#816 = ORIENTED_EDGE('',*,*,#817,.F.);
#817 = EDGE_CURVE('',#792,#810,#818,.T.);
#818 = LINE('',#819,#820);
#819 = CARTESIAN_POINT('',(1.032E+03,-33.,-1.5));
#820 = VECTOR('',#821,1.);
#821 = DIRECTION('',(0.,1.,0.));
#822 = FACE_BOUND('',#823,.F.);
#823 = EDGE_LOOP('',(#824,#834,#842,#850));
#824 = ORIENTED_EDGE('',*,*,#825,.T.);
#825 = EDGE_CURVE('',#826,#828,#830,.T.);
#826 = VERTEX_POINT('',#827);
#827 = CARTESIAN_POINT('',(916.,-12.,-1.5));
#828 = VERTEX_POINT('',#829);
#829 = CARTESIAN_POINT('',(866.,-12.,-1.5));
#830 = LINE('',#831,#832);
#831 = CARTESIAN_POINT('',(845.5,-12.,-1.5));
#832 = VECTOR('',#833,1.);
#833 = DIRECTION('',(-1.,0.,0.));
#834 = ORIENTED_EDGE('',*,*,#835,.T.);
#835 = EDGE_CURVE('',#828,#836,#838,.T.);
#836 = VERTEX_POINT('',#837);
#837 = CARTESIAN_POINT('',(866.,12.,-1.5));
#838 = LINE('',#839,#840);
#839 = CARTESIAN_POINT('',(866.,-26.,-1.5));
#840 = VECTOR('',#841,1.);
#841 = DIRECTION('',(0.,1.,0.));
#842 = ORIENTED_EDGE('',*,*,#843,.F.);
#843 = EDGE_CURVE('',#844,#836,#846,.T.);
#844 = VERTEX_POINT('',#845);
#845 = CARTESIAN_POINT('',(916.,12.,-1.5));
#846 = LINE('',#847,#848);
#847 = CARTESIAN_POINT('',(845.5,12.,-1.5));
#848 = VECTOR('',#849,1.);
#849 = DIRECTION('',(-1.,0.,0.));
#850 = ORIENTED_EDGE('',*,*,#851,.F.);
#851 = EDGE_CURVE('',#826,#844,#852,.T.);
#852 = LINE('',#853,#854);
#853 = CARTESIAN_POINT('',(916.,-26.,-1.5));
#854 = VECTOR('',#855,1.);
#855 = DIRECTION('',(0.,1.,0.));
#856 = FACE_BOUND('',#857,.F.);
#857 = EDGE_LOOP('',(#858,#868,#876,#884));
#858 = ORIENTED_EDGE('',*,*,#859,.T.);
#859 = EDGE_CURVE('',#860,#862,#864,.T.);
#860 = VERTEX_POINT('',#861);
#861 = CARTESIAN_POINT('',(887.,21.,-1.5));
#862 = VERTEX_POINT('',#863);
#863 = CARTESIAN_POINT('',(878.,21.,-1.5));
#864 = LINE('',#865,#866);
#865 = CARTESIAN_POINT('',(851.5,21.,-1.5));
#866 = VECTOR('',#867,1.);
#867 = DIRECTION('',(-1.,0.,0.));
#868 = ORIENTED_EDGE('',*,*,#869,.T.);
#869 = EDGE_CURVE('',#862,#870,#872,.T.);
#870 = VERTEX_POINT('',#871);
#871 = CARTESIAN_POINT('',(878.,23.,-1.5));
#872 = LINE('',#873,#874);
#873 = CARTESIAN_POINT('',(878.,-9.5,-1.5));
#874 = VECTOR('',#875,1.);
#875 = DIRECTION('',(0.,1.,0.));
#876 = ORIENTED_EDGE('',*,*,#877,.F.);
#877 = EDGE_CURVE('',#878,#870,#880,.T.);
#878 = VERTEX_POINT('',#879);
#879 = CARTESIAN_POINT('',(887.,23.,-1.5));
#880 = LINE('',#881,#882);
#881 = CARTESIAN_POINT('',(851.5,23.,-1.5));
#882 = VECTOR('',#883,1.);
#883 = DIRECTION('',(-1.,0.,0.));
#884 = ORIENTED_EDGE('',*,*,#885,.F.);
#885 = EDGE_CURVE('',#860,#878,#886,.T.);
#886 = LINE('',#887,#888);
#887 = CARTESIAN_POINT('',(887.,-9.5,-1.5));
#888 = VECTOR('',#889,1.);
#889 = DIRECTION('',(0.,1.,0.));
#890 = FACE_BOUND('',#891,.F.);
#891 = EDGE_LOOP('',(#892));
#892 = ORIENTED_EDGE('',*,*,#893,.T.);
#893 = EDGE_CURVE('',#894,#894,#896,.T.);
#894 = VERTEX_POINT('',#895);
#895 = CARTESIAN_POINT('',(838.7,29.,-1.5));
#896 = CIRCLE('',#897,1.7);
#897 = AXIS2_PLACEMENT_3D('',#898,#899,#900);
#898 = CARTESIAN_POINT('',(837.,29.,-1.5));
#899 = DIRECTION('',(0.,0.,-1.));
#900 = DIRECTION('',(1.,0.,0.));
#901 = FACE_BOUND('',#902,.F.);
#902 = EDGE_LOOP('',(#903));
#903 = ORIENTED_EDGE('',*,*,#904,.T.);
#904 = EDGE_CURVE('',#905,#905,#907,.T.);
#905 = VERTEX_POINT('',#906);
#906 = CARTESIAN_POINT('',(857.7,35.5,-1.5));
#907 = CIRCLE('',#908,1.7);
#908 = AXIS2_PLACEMENT_3D('',#909,#910,#911);
#909 = CARTESIAN_POINT('',(856.,35.5,-1.5));
#910 = DIRECTION('',(0.,0.,-1.));
#911 = DIRECTION('',(1.,0.,0.));
#912 = FACE_BOUND('',#913,.F.);
#913 = EDGE_LOOP('',(#914,#924,#932,#940));
#914 = ORIENTED_EDGE('',*,*,#915,.T.);
#915 = EDGE_CURVE('',#916,#918,#920,.T.);
#916 = VERTEX_POINT('',#917);
#917 = CARTESIAN_POINT('',(915.,21.,-1.5));
#918 = VERTEX_POINT('',#919);
#919 = CARTESIAN_POINT('',(906.,21.,-1.5));
#920 = LINE('',#921,#922);
#921 = CARTESIAN_POINT('',(865.5,21.,-1.5));
#922 = VECTOR('',#923,1.);
#923 = DIRECTION('',(-1.,0.,0.));
#924 = ORIENTED_EDGE('',*,*,#925,.T.);
#925 = EDGE_CURVE('',#918,#926,#928,.T.);
#926 = VERTEX_POINT('',#927);
#927 = CARTESIAN_POINT('',(906.,23.,-1.5));
#928 = LINE('',#929,#930);
#929 = CARTESIAN_POINT('',(906.,-9.5,-1.5));
#930 = VECTOR('',#931,1.);
#931 = DIRECTION('',(0.,1.,0.));
#932 = ORIENTED_EDGE('',*,*,#933,.F.);
#933 = EDGE_CURVE('',#934,#926,#936,.T.);
#934 = VERTEX_POINT('',#935);
#935 = CARTESIAN_POINT('',(915.,23.,-1.5));
#936 = LINE('',#937,#938);
#937 = CARTESIAN_POINT('',(865.5,23.,-1.5));
#938 = VECTOR('',#939,1.);
#939 = DIRECTION('',(-1.,0.,0.));
#940 = ORIENTED_EDGE('',*,*,#941,.F.);
#941 = EDGE_CURVE('',#916,#934,#942,.T.);
#942 = LINE('',#943,#944);
#943 = CARTESIAN_POINT('',(915.,-9.5,-1.5));
#944 = VECTOR('',#945,1.);
#945 = DIRECTION('',(0.,1.,0.));
#946 = FACE_BOUND('',#947,.F.);
#947 = EDGE_LOOP('',(#948));
#948 = ORIENTED_EDGE('',*,*,#949,.T.);
#949 = EDGE_CURVE('',#950,#950,#952,.T.);
#950 = VERTEX_POINT('',#951);
#951 = CARTESIAN_POINT('',(929.7,35.5,-1.5));
#952 = CIRCLE('',#953,1.7);
#953 = AXIS2_PLACEMENT_3D('',#954,#955,#956);
#954 = CARTESIAN_POINT('',(928.,35.5,-1.5));
#955 = DIRECTION('',(0.,0.,-1.));
#956 = DIRECTION('',(1.,0.,0.));
#957 = FACE_BOUND('',#958,.F.);
#958 = EDGE_LOOP('',(#959,#969,#977,#985));
#959 = ORIENTED_EDGE('',*,*,#960,.T.);
#960 = EDGE_CURVE('',#961,#963,#965,.T.);
#961 = VERTEX_POINT('',#962);
#962 = CARTESIAN_POINT('',(1.023E+03,-12.,-1.5));
#963 = VERTEX_POINT('',#964);
#964 = CARTESIAN_POINT('',(983.,-12.,-1.5));
#965 = LINE('',#966,#967);
#966 = CARTESIAN_POINT('',(904.,-12.,-1.5));
#967 = VECTOR('',#968,1.);
#968 = DIRECTION('',(-1.,0.,0.));
#969 = ORIENTED_EDGE('',*,*,#970,.T.);
#970 = EDGE_CURVE('',#963,#971,#973,.T.);
#971 = VERTEX_POINT('',#972);
#972 = CARTESIAN_POINT('',(983.,12.,-1.5));
#973 = LINE('',#974,#975);
#974 = CARTESIAN_POINT('',(983.,-26.,-1.5));
#975 = VECTOR('',#976,1.);
#976 = DIRECTION('',(0.,1.,0.));
#977 = ORIENTED_EDGE('',*,*,#978,.F.);
#978 = EDGE_CURVE('',#979,#971,#981,.T.);
#979 = VERTEX_POINT('',#980);
#980 = CARTESIAN_POINT('',(1.023E+03,12.,-1.5));
#981 = LINE('',#982,#983);
#982 = CARTESIAN_POINT('',(904.,12.,-1.5));
#983 = VECTOR('',#984,1.);
#984 = DIRECTION('',(-1.,0.,0.));
#985 = ORIENTED_EDGE('',*,*,#986,.F.);
#986 = EDGE_CURVE('',#961,#979,#987,.T.);
#987 = LINE('',#988,#989);
#988 = CARTESIAN_POINT('',(1.023E+03,-26.,-1.5));
#989 = VECTOR('',#990,1.);
#990 = DIRECTION('',(0.,1.,0.));
#991 = FACE_BOUND('',#992,.F.);
#992 = EDGE_LOOP('',(#993,#1003,#1011,#1019));
#993 = ORIENTED_EDGE('',*,*,#994,.T.);
#994 = EDGE_CURVE('',#995,#997,#999,.T.);
#995 = VERTEX_POINT('',#996);
#996 = CARTESIAN_POINT('',(992.,24.,-1.5));
#997 = VERTEX_POINT('',#998);
#998 = CARTESIAN_POINT('',(983.,24.,-1.5));
#999 = LINE('',#1000,#1001);
#1000 = CARTESIAN_POINT('',(904.,24.,-1.5));
#1001 = VECTOR('',#1002,1.);
#1002 = DIRECTION('',(-1.,0.,0.));
#1003 = ORIENTED_EDGE('',*,*,#1004,.T.);
#1004 = EDGE_CURVE('',#997,#1005,#1007,.T.);
#1005 = VERTEX_POINT('',#1006);
#1006 = CARTESIAN_POINT('',(983.,26.,-1.5));
#1007 = LINE('',#1008,#1009);
#1008 = CARTESIAN_POINT('',(983.,-8.,-1.5));
#1009 = VECTOR('',#1010,1.);
#1010 = DIRECTION('',(0.,1.,0.));
#1011 = ORIENTED_EDGE('',*,*,#1012,.F.);
#1012 = EDGE_CURVE('',#1013,#1005,#1015,.T.);
#1013 = VERTEX_POINT('',#1014);
#1014 = CARTESIAN_POINT('',(992.,26.,-1.5));
#1015 = LINE('',#1016,#1017);
#1016 = CARTESIAN_POINT('',(904.,26.,-1.5));
#1017 = VECTOR('',#1018,1.);
#1018 = DIRECTION('',(-1.,0.,0.));
#1019 = ORIENTED_EDGE('',*,*,#1020,.F.);
#1020 = EDGE_CURVE('',#995,#1013,#1021,.T.);
#1021 = LINE('',#1022,#1023);
#1022 = CARTESIAN_POINT('',(992.,-8.,-1.5));
#1023 = VECTOR('',#1024,1.);
#1024 = DIRECTION('',(0.,1.,0.));
#1025 = FACE_BOUND('',#1026,.F.);
#1026 = EDGE_LOOP('',(#1027));
#1027 = ORIENTED_EDGE('',*,*,#1028,.T.);
#1028 = EDGE_CURVE('',#1029,#1029,#1031,.T.);
#1029 = VERTEX_POINT('',#1030);
#1030 = CARTESIAN_POINT('',(975.7,35.5,-1.5));
#1031 = CIRCLE('',#1032,1.7);
#1032 = AXIS2_PLACEMENT_3D('',#1033,#1034,#1035);
#1033 = CARTESIAN_POINT('',(974.,35.5,-1.5));
#1034 = DIRECTION('',(0.,0.,-1.));
#1035 = DIRECTION('',(1.,0.,0.));
#1036 = FACE_BOUND('',#1037,.F.);
#1037 = EDGE_LOOP('',(#1038,#1048,#1056,#1064));
#1038 = ORIENTED_EDGE('',*,*,#1039,.T.);
#1039 = EDGE_CURVE('',#1040,#1042,#1044,.T.);
#1040 = VERTEX_POINT('',#1041);
#1041 = CARTESIAN_POINT('',(1.032E+03,24.,-1.5));
#1042 = VERTEX_POINT('',#1043);
#1043 = CARTESIAN_POINT('',(1.023E+03,24.,-1.5));
#1044 = LINE('',#1045,#1046);
#1045 = CARTESIAN_POINT('',(924.,24.,-1.5));
#1046 = VECTOR('',#1047,1.);
#1047 = DIRECTION('',(-1.,0.,0.));
#1048 = ORIENTED_EDGE('',*,*,#1049,.T.);
#1049 = EDGE_CURVE('',#1042,#1050,#1052,.T.);
#1050 = VERTEX_POINT('',#1051);
#1051 = CARTESIAN_POINT('',(1.023E+03,26.,-1.5));
#1052 = LINE('',#1053,#1054);
#1053 = CARTESIAN_POINT('',(1.023E+03,-8.,-1.5));
#1054 = VECTOR('',#1055,1.);
#1055 = DIRECTION('',(0.,1.,0.));
#1056 = ORIENTED_EDGE('',*,*,#1057,.F.);
#1057 = EDGE_CURVE('',#1058,#1050,#1060,.T.);
#1058 = VERTEX_POINT('',#1059);
#1059 = CARTESIAN_POINT('',(1.032E+03,26.,-1.5));
#1060 = LINE('',#1061,#1062);
#1061 = CARTESIAN_POINT('',(924.,26.,-1.5));
#1062 = VECTOR('',#1063,1.);
#1063 = DIRECTION('',(-1.,0.,0.));
#1064 = ORIENTED_EDGE('',*,*,#1065,.F.);
#1065 = EDGE_CURVE('',#1040,#1058,#1066,.T.);
#1066 = LINE('',#1067,#1068);
#1067 = CARTESIAN_POINT('',(1.032E+03,-8.,-1.5));
#1068 = VECTOR('',#1069,1.);
#1069 = DIRECTION('',(0.,1.,0.));
#1070 = FACE_BOUND('',#1071,.F.);
#1071 = EDGE_LOOP('',(#1072));
#1072 = ORIENTED_EDGE('',*,*,#1073,.T.);
#1073 = EDGE_CURVE('',#1074,#1074,#1076,.T.);
#1074 = VERTEX_POINT('',#1075);
#1075 = CARTESIAN_POINT('',(1.0547E+03,29.,-1.5));
#1076 = CIRCLE('',#1077,1.7);
#1077 = AXIS2_PLACEMENT_3D('',#1078,#1079,#1080);
#1078 = CARTESIAN_POINT('',(1.053E+03,29.,-1.5));
#1079 = DIRECTION('',(0.,0.,-1.));
#1080 = DIRECTION('',(1.,0.,0.));
#1081 = FACE_BOUND('',#1082,.F.);
#1082 = EDGE_LOOP('',(#1083));
#1083 = ORIENTED_EDGE('',*,*,#1084,.T.);
#1084 = EDGE_CURVE('',#1085,#1085,#1087,.T.);
#1085 = VERTEX_POINT('',#1086);
#1086 = CARTESIAN_POINT('',(1.0377E+03,35.5,-1.5));
#1087 = CIRCLE('',#1088,1.7);
#1088 = AXIS2_PLACEMENT_3D('',#1089,#1090,#1091);
#1089 = CARTESIAN_POINT('',(1.036E+03,35.5,-1.5));
#1090 = DIRECTION('',(0.,0.,-1.));
#1091 = DIRECTION('',(1.,0.,0.));
#1092 = PLANE('',#1093);
#1093 = AXIS2_PLACEMENT_3D('',#1094,#1095,#1096);
#1094 = CARTESIAN_POINT('',(825.,-40.,-1.5));
#1095 = DIRECTION('',(0.,0.,1.));
#1096 = DIRECTION('',(1.,0.,0.));
#1097 = ADVANCED_FACE('',(#1098),#1104,.T.);
#1098 = FACE_BOUND('',#1099,.T.);
#1099 = EDGE_LOOP('',(#1100,#1101,#1102,#1103));
#1100 = ORIENTED_EDGE('',*,*,#78,.F.);
#1101 = ORIENTED_EDGE('',*,*,#614,.T.);
#1102 = ORIENTED_EDGE('',*,*,#598,.T.);
#1103 = ORIENTED_EDGE('',*,*,#94,.F.);
#1104 = PLANE('',#1105);
#1105 = AXIS2_PLACEMENT_3D('',#1106,#1107,#1108);
#1106 = CARTESIAN_POINT('',(1.065E+03,-40.,-1.5));
#1107 = DIRECTION('',(1.,0.,0.));
#1108 = DIRECTION('',(0.,0.,1.));
#1109 = ADVANCED_FACE('',(#1110),#1121,.F.);
#1110 = FACE_BOUND('',#1111,.T.);
#1111 = EDGE_LOOP('',(#1112,#1113,#1119,#1120));
#1112 = ORIENTED_EDGE('',*,*,#623,.T.);
#1113 = ORIENTED_EDGE('',*,*,#1114,.T.);
#1114 = EDGE_CURVE('',#624,#111,#1115,.T.);
#1115 = LINE('',#1116,#1117);
#1116 = CARTESIAN_POINT('',(857.7,-35.5,-4.5));
#1117 = VECTOR('',#1118,1.);
#1118 = DIRECTION('',(0.,0.,1.));
#1119 = ORIENTED_EDGE('',*,*,#110,.F.);
#1120 = ORIENTED_EDGE('',*,*,#1114,.F.);
#1121 = CYLINDRICAL_SURFACE('',#1122,1.7);
#1122 = AXIS2_PLACEMENT_3D('',#1123,#1124,#1125);
#1123 = CARTESIAN_POINT('',(856.,-35.5,-4.5));
#1124 = DIRECTION('',(-0.,-0.,-1.));
#1125 = DIRECTION('',(1.,0.,0.));
#1126 = ADVANCED_FACE('',(#1127),#1138,.F.);
#1127 = FACE_BOUND('',#1128,.T.);
#1128 = EDGE_LOOP('',(#1129,#1130,#1136,#1137));
#1129 = ORIENTED_EDGE('',*,*,#634,.T.);
#1130 = ORIENTED_EDGE('',*,*,#1131,.T.);
#1131 = EDGE_CURVE('',#635,#122,#1132,.T.);
#1132 = LINE('',#1133,#1134);
#1133 = CARTESIAN_POINT('',(838.7,-29.,-4.5));
#1134 = VECTOR('',#1135,1.);
#1135 = DIRECTION('',(0.,0.,1.));
#1136 = ORIENTED_EDGE('',*,*,#121,.F.);
#1137 = ORIENTED_EDGE('',*,*,#1131,.F.);
#1138 = CYLINDRICAL_SURFACE('',#1139,1.7);
#1139 = AXIS2_PLACEMENT_3D('',#1140,#1141,#1142);
#1140 = CARTESIAN_POINT('',(837.,-29.,-4.5));
#1141 = DIRECTION('',(-0.,-0.,-1.));
#1142 = DIRECTION('',(1.,0.,0.));
#1143 = ADVANCED_FACE('',(#1144),#1160,.T.);
#1144 = FACE_BOUND('',#1145,.T.);
#1145 = EDGE_LOOP('',(#1146,#1152,#1153,#1159));
#1146 = ORIENTED_EDGE('',*,*,#1147,.F.);
#1147 = EDGE_CURVE('',#646,#133,#1148,.T.);
#1148 = LINE('',#1149,#1150);
#1149 = CARTESIAN_POINT('',(887.,-23.,-4.));
#1150 = VECTOR('',#1151,1.);
#1151 = DIRECTION('',(0.,0.,1.));
#1152 = ORIENTED_EDGE('',*,*,#645,.T.);
#1153 = ORIENTED_EDGE('',*,*,#1154,.T.);
#1154 = EDGE_CURVE('',#648,#135,#1155,.T.);
#1155 = LINE('',#1156,#1157);
#1156 = CARTESIAN_POINT('',(878.,-23.,-4.));
#1157 = VECTOR('',#1158,1.);
#1158 = DIRECTION('',(0.,0.,1.));
#1159 = ORIENTED_EDGE('',*,*,#132,.F.);
#1160 = PLANE('',#1161);
#1161 = AXIS2_PLACEMENT_3D('',#1162,#1163,#1164);
#1162 = CARTESIAN_POINT('',(878.,-23.,-4.));
#1163 = DIRECTION('',(0.,1.,0.));
#1164 = DIRECTION('',(0.,0.,1.));
#1165 = ADVANCED_FACE('',(#1166),#1177,.F.);
#1166 = FACE_BOUND('',#1167,.F.);
#1167 = EDGE_LOOP('',(#1168,#1169,#1170,#1176));
#1168 = ORIENTED_EDGE('',*,*,#1147,.F.);
#1169 = ORIENTED_EDGE('',*,*,#671,.T.);
#1170 = ORIENTED_EDGE('',*,*,#1171,.T.);
#1171 = EDGE_CURVE('',#664,#151,#1172,.T.);
#1172 = LINE('',#1173,#1174);
#1173 = CARTESIAN_POINT('',(887.,-21.,-4.));
#1174 = VECTOR('',#1175,1.);
#1175 = DIRECTION('',(0.,0.,1.));
#1176 = ORIENTED_EDGE('',*,*,#158,.F.);
#1177 = PLANE('',#1178);
#1178 = AXIS2_PLACEMENT_3D('',#1179,#1180,#1181);
#1179 = CARTESIAN_POINT('',(887.,-23.,-4.));
#1180 = DIRECTION('',(1.,0.,0.));
#1181 = DIRECTION('',(0.,0.,1.));
#1182 = ADVANCED_FACE('',(#1183),#1194,.T.);
#1183 = FACE_BOUND('',#1184,.T.);
#1184 = EDGE_LOOP('',(#1185,#1186,#1187,#1193));
#1185 = ORIENTED_EDGE('',*,*,#1154,.F.);
#1186 = ORIENTED_EDGE('',*,*,#655,.T.);
#1187 = ORIENTED_EDGE('',*,*,#1188,.T.);
#1188 = EDGE_CURVE('',#656,#143,#1189,.T.);
#1189 = LINE('',#1190,#1191);
#1190 = CARTESIAN_POINT('',(878.,-21.,-4.));
#1191 = VECTOR('',#1192,1.);
#1192 = DIRECTION('',(0.,0.,1.));
#1193 = ORIENTED_EDGE('',*,*,#142,.F.);
#1194 = PLANE('',#1195);
#1195 = AXIS2_PLACEMENT_3D('',#1196,#1197,#1198);
#1196 = CARTESIAN_POINT('',(878.,-23.,-4.));
#1197 = DIRECTION('',(1.,0.,0.));
#1198 = DIRECTION('',(0.,0.,1.));
#1199 = ADVANCED_FACE('',(#1200),#1206,.F.);
#1200 = FACE_BOUND('',#1201,.F.);
#1201 = EDGE_LOOP('',(#1202,#1203,#1204,#1205));
#1202 = ORIENTED_EDGE('',*,*,#1171,.F.);
#1203 = ORIENTED_EDGE('',*,*,#663,.T.);
#1204 = ORIENTED_EDGE('',*,*,#1188,.T.);
#1205 = ORIENTED_EDGE('',*,*,#150,.F.);
#1206 = PLANE('',#1207);
#1207 = AXIS2_PLACEMENT_3D('',#1208,#1209,#1210);
#1208 = CARTESIAN_POINT('',(878.,-21.,-4.));
#1209 = DIRECTION('',(0.,1.,0.));
#1210 = DIRECTION('',(0.,0.,1.));
#1211 = ADVANCED_FACE('',(#1212),#1223,.F.);
#1212 = FACE_BOUND('',#1213,.T.);
#1213 = EDGE_LOOP('',(#1214,#1215,#1221,#1222));
#1214 = ORIENTED_EDGE('',*,*,#679,.T.);
#1215 = ORIENTED_EDGE('',*,*,#1216,.T.);
#1216 = EDGE_CURVE('',#680,#167,#1217,.T.);
#1217 = LINE('',#1218,#1219);
#1218 = CARTESIAN_POINT('',(929.7,-35.5,-4.5));
#1219 = VECTOR('',#1220,1.);
#1220 = DIRECTION('',(0.,0.,1.));
#1221 = ORIENTED_EDGE('',*,*,#166,.F.);
#1222 = ORIENTED_EDGE('',*,*,#1216,.F.);
#1223 = CYLINDRICAL_SURFACE('',#1224,1.7);
#1224 = AXIS2_PLACEMENT_3D('',#1225,#1226,#1227);
#1225 = CARTESIAN_POINT('',(928.,-35.5,-4.5));
#1226 = DIRECTION('',(-0.,-0.,-1.));
#1227 = DIRECTION('',(1.,0.,0.));
#1228 = ADVANCED_FACE('',(#1229),#1245,.T.);
#1229 = FACE_BOUND('',#1230,.T.);
#1230 = EDGE_LOOP('',(#1231,#1237,#1238,#1244));
#1231 = ORIENTED_EDGE('',*,*,#1232,.F.);
#1232 = EDGE_CURVE('',#691,#178,#1233,.T.);
#1233 = LINE('',#1234,#1235);
#1234 = CARTESIAN_POINT('',(915.,-23.,-4.));
#1235 = VECTOR('',#1236,1.);
#1236 = DIRECTION('',(0.,0.,1.));
#1237 = ORIENTED_EDGE('',*,*,#690,.T.);
#1238 = ORIENTED_EDGE('',*,*,#1239,.T.);
#1239 = EDGE_CURVE('',#693,#180,#1240,.T.);
#1240 = LINE('',#1241,#1242);
#1241 = CARTESIAN_POINT('',(906.,-23.,-4.));
#1242 = VECTOR('',#1243,1.);
#1243 = DIRECTION('',(0.,0.,1.));
#1244 = ORIENTED_EDGE('',*,*,#177,.F.);
#1245 = PLANE('',#1246);
#1246 = AXIS2_PLACEMENT_3D('',#1247,#1248,#1249);
#1247 = CARTESIAN_POINT('',(906.,-23.,-4.));
#1248 = DIRECTION('',(0.,1.,0.));
#1249 = DIRECTION('',(0.,0.,1.));
#1250 = ADVANCED_FACE('',(#1251),#1262,.F.);
#1251 = FACE_BOUND('',#1252,.F.);
#1252 = EDGE_LOOP('',(#1253,#1254,#1255,#1261));
#1253 = ORIENTED_EDGE('',*,*,#1232,.F.);
#1254 = ORIENTED_EDGE('',*,*,#716,.T.);
#1255 = ORIENTED_EDGE('',*,*,#1256,.T.);
#1256 = EDGE_CURVE('',#709,#196,#1257,.T.);
#1257 = LINE('',#1258,#1259);
#1258 = CARTESIAN_POINT('',(915.,-21.,-4.));
#1259 = VECTOR('',#1260,1.);
#1260 = DIRECTION('',(0.,0.,1.));
#1261 = ORIENTED_EDGE('',*,*,#203,.F.);
#1262 = PLANE('',#1263);
#1263 = AXIS2_PLACEMENT_3D('',#1264,#1265,#1266);
#1264 = CARTESIAN_POINT('',(915.,-23.,-4.));
#1265 = DIRECTION('',(1.,0.,0.));
#1266 = DIRECTION('',(0.,0.,1.));
#1267 = ADVANCED_FACE('',(#1268),#1279,.T.);
#1268 = FACE_BOUND('',#1269,.T.);
#1269 = EDGE_LOOP('',(#1270,#1271,#1272,#1278));
#1270 = ORIENTED_EDGE('',*,*,#1239,.F.);
#1271 = ORIENTED_EDGE('',*,*,#700,.T.);
#1272 = ORIENTED_EDGE('',*,*,#1273,.T.);
#1273 = EDGE_CURVE('',#701,#188,#1274,.T.);
#1274 = LINE('',#1275,#1276);
#1275 = CARTESIAN_POINT('',(906.,-21.,-4.));
#1276 = VECTOR('',#1277,1.);
#1277 = DIRECTION('',(0.,0.,1.));
#1278 = ORIENTED_EDGE('',*,*,#187,.F.);
#1279 = PLANE('',#1280);
#1280 = AXIS2_PLACEMENT_3D('',#1281,#1282,#1283);
#1281 = CARTESIAN_POINT('',(906.,-23.,-4.));
#1282 = DIRECTION('',(1.,0.,0.));
#1283 = DIRECTION('',(0.,0.,1.));
#1284 = ADVANCED_FACE('',(#1285),#1291,.F.);
#1285 = FACE_BOUND('',#1286,.F.);
#1286 = EDGE_LOOP('',(#1287,#1288,#1289,#1290));
#1287 = ORIENTED_EDGE('',*,*,#1256,.F.);
#1288 = ORIENTED_EDGE('',*,*,#708,.T.);
#1289 = ORIENTED_EDGE('',*,*,#1273,.T.);
#1290 = ORIENTED_EDGE('',*,*,#195,.F.);
#1291 = PLANE('',#1292);
#1292 = AXIS2_PLACEMENT_3D('',#1293,#1294,#1295);
#1293 = CARTESIAN_POINT('',(906.,-21.,-4.));
#1294 = DIRECTION('',(0.,1.,0.));
#1295 = DIRECTION('',(0.,0.,1.));
#1296 = ADVANCED_FACE('',(#1297),#1308,.F.);
#1297 = FACE_BOUND('',#1298,.T.);
#1298 = EDGE_LOOP('',(#1299,#1300,#1306,#1307));
#1299 = ORIENTED_EDGE('',*,*,#724,.T.);
#1300 = ORIENTED_EDGE('',*,*,#1301,.T.);
#1301 = EDGE_CURVE('',#725,#212,#1302,.T.);
#1302 = LINE('',#1303,#1304);
#1303 = CARTESIAN_POINT('',(975.7,-35.5,-4.5));
#1304 = VECTOR('',#1305,1.);
#1305 = DIRECTION('',(0.,0.,1.));
#1306 = ORIENTED_EDGE('',*,*,#211,.F.);
#1307 = ORIENTED_EDGE('',*,*,#1301,.F.);
#1308 = CYLINDRICAL_SURFACE('',#1309,1.7);
#1309 = AXIS2_PLACEMENT_3D('',#1310,#1311,#1312);
#1310 = CARTESIAN_POINT('',(974.,-35.5,-4.5));
#1311 = DIRECTION('',(-0.,-0.,-1.));
#1312 = DIRECTION('',(1.,0.,0.));
#1313 = ADVANCED_FACE('',(#1314),#1330,.T.);
#1314 = FACE_BOUND('',#1315,.T.);
#1315 = EDGE_LOOP('',(#1316,#1322,#1323,#1329));
#1316 = ORIENTED_EDGE('',*,*,#1317,.F.);
#1317 = EDGE_CURVE('',#736,#223,#1318,.T.);
#1318 = LINE('',#1319,#1320);
#1319 = CARTESIAN_POINT('',(992.,-26.,-4.));
#1320 = VECTOR('',#1321,1.);
#1321 = DIRECTION('',(0.,0.,1.));
#1322 = ORIENTED_EDGE('',*,*,#735,.T.);
#1323 = ORIENTED_EDGE('',*,*,#1324,.T.);
#1324 = EDGE_CURVE('',#738,#225,#1325,.T.);
#1325 = LINE('',#1326,#1327);
#1326 = CARTESIAN_POINT('',(983.,-26.,-4.));
#1327 = VECTOR('',#1328,1.);
#1328 = DIRECTION('',(0.,0.,1.));
#1329 = ORIENTED_EDGE('',*,*,#222,.F.);
#1330 = PLANE('',#1331);
#1331 = AXIS2_PLACEMENT_3D('',#1332,#1333,#1334);
#1332 = CARTESIAN_POINT('',(983.,-26.,-4.));
#1333 = DIRECTION('',(0.,1.,0.));
#1334 = DIRECTION('',(0.,0.,1.));
#1335 = ADVANCED_FACE('',(#1336),#1347,.F.);
#1336 = FACE_BOUND('',#1337,.F.);
#1337 = EDGE_LOOP('',(#1338,#1339,#1340,#1346));
#1338 = ORIENTED_EDGE('',*,*,#1317,.F.);
#1339 = ORIENTED_EDGE('',*,*,#761,.T.);
#1340 = ORIENTED_EDGE('',*,*,#1341,.T.);
#1341 = EDGE_CURVE('',#754,#241,#1342,.T.);
#1342 = LINE('',#1343,#1344);
#1343 = CARTESIAN_POINT('',(992.,-24.,-4.));
#1344 = VECTOR('',#1345,1.);
#1345 = DIRECTION('',(0.,0.,1.));
#1346 = ORIENTED_EDGE('',*,*,#248,.F.);
#1347 = PLANE('',#1348);
#1348 = AXIS2_PLACEMENT_3D('',#1349,#1350,#1351);
#1349 = CARTESIAN_POINT('',(992.,-26.,-4.));
#1350 = DIRECTION('',(1.,0.,0.));
#1351 = DIRECTION('',(0.,0.,1.));
#1352 = ADVANCED_FACE('',(#1353),#1364,.T.);
#1353 = FACE_BOUND('',#1354,.T.);
#1354 = EDGE_LOOP('',(#1355,#1356,#1357,#1363));
#1355 = ORIENTED_EDGE('',*,*,#1324,.F.);
#1356 = ORIENTED_EDGE('',*,*,#745,.T.);
#1357 = ORIENTED_EDGE('',*,*,#1358,.T.);
#1358 = EDGE_CURVE('',#746,#233,#1359,.T.);
#1359 = LINE('',#1360,#1361);
#1360 = CARTESIAN_POINT('',(983.,-24.,-4.));
#1361 = VECTOR('',#1362,1.);
#1362 = DIRECTION('',(0.,0.,1.));
#1363 = ORIENTED_EDGE('',*,*,#232,.F.);
#1364 = PLANE('',#1365);
#1365 = AXIS2_PLACEMENT_3D('',#1366,#1367,#1368);
#1366 = CARTESIAN_POINT('',(983.,-26.,-4.));
#1367 = DIRECTION('',(1.,0.,0.));
#1368 = DIRECTION('',(0.,0.,1.));
#1369 = ADVANCED_FACE('',(#1370),#1376,.F.);
#1370 = FACE_BOUND('',#1371,.F.);
#1371 = EDGE_LOOP('',(#1372,#1373,#1374,#1375));
#1372 = ORIENTED_EDGE('',*,*,#1341,.F.);
#1373 = ORIENTED_EDGE('',*,*,#753,.T.);
#1374 = ORIENTED_EDGE('',*,*,#1358,.T.);
#1375 = ORIENTED_EDGE('',*,*,#240,.F.);
#1376 = PLANE('',#1377);
#1377 = AXIS2_PLACEMENT_3D('',#1378,#1379,#1380);
#1378 = CARTESIAN_POINT('',(983.,-24.,-4.));
#1379 = DIRECTION('',(0.,1.,0.));
#1380 = DIRECTION('',(0.,0.,1.));
#1381 = ADVANCED_FACE('',(#1382),#1393,.F.);
#1382 = FACE_BOUND('',#1383,.T.);
#1383 = EDGE_LOOP('',(#1384,#1385,#1391,#1392));
#1384 = ORIENTED_EDGE('',*,*,#769,.T.);
#1385 = ORIENTED_EDGE('',*,*,#1386,.T.);
#1386 = EDGE_CURVE('',#770,#257,#1387,.T.);
#1387 = LINE('',#1388,#1389);
#1388 = CARTESIAN_POINT('',(1.0377E+03,-35.5,-4.5));
#1389 = VECTOR('',#1390,1.);
#1390 = DIRECTION('',(0.,0.,1.));
#1391 = ORIENTED_EDGE('',*,*,#256,.F.);
#1392 = ORIENTED_EDGE('',*,*,#1386,.F.);
#1393 = CYLINDRICAL_SURFACE('',#1394,1.7);
#1394 = AXIS2_PLACEMENT_3D('',#1395,#1396,#1397);
#1395 = CARTESIAN_POINT('',(1.036E+03,-35.5,-4.5));
#1396 = DIRECTION('',(-0.,-0.,-1.));
#1397 = DIRECTION('',(1.,0.,0.));
#1398 = ADVANCED_FACE('',(#1399),#1410,.F.);
#1399 = FACE_BOUND('',#1400,.T.);
#1400 = EDGE_LOOP('',(#1401,#1402,#1408,#1409));
#1401 = ORIENTED_EDGE('',*,*,#780,.T.);
#1402 = ORIENTED_EDGE('',*,*,#1403,.T.);
#1403 = EDGE_CURVE('',#781,#268,#1404,.T.);
#1404 = LINE('',#1405,#1406);
#1405 = CARTESIAN_POINT('',(1.0547E+03,-29.,-4.5));
#1406 = VECTOR('',#1407,1.);
#1407 = DIRECTION('',(0.,0.,1.));
#1408 = ORIENTED_EDGE('',*,*,#267,.F.);
#1409 = ORIENTED_EDGE('',*,*,#1403,.F.);
#1410 = CYLINDRICAL_SURFACE('',#1411,1.7);
#1411 = AXIS2_PLACEMENT_3D('',#1412,#1413,#1414);
#1412 = CARTESIAN_POINT('',(1.053E+03,-29.,-4.5));
#1413 = DIRECTION('',(-0.,-0.,-1.));
#1414 = DIRECTION('',(1.,0.,0.));
#1415 = ADVANCED_FACE('',(#1416),#1432,.T.);
#1416 = FACE_BOUND('',#1417,.T.);
#1417 = EDGE_LOOP('',(#1418,#1424,#1425,#1431));
#1418 = ORIENTED_EDGE('',*,*,#1419,.F.);
#1419 = EDGE_CURVE('',#792,#279,#1420,.T.);
#1420 = LINE('',#1421,#1422);
#1421 = CARTESIAN_POINT('',(1.032E+03,-26.,-4.));
#1422 = VECTOR('',#1423,1.);
#1423 = DIRECTION('',(0.,0.,1.));
#1424 = ORIENTED_EDGE('',*,*,#791,.T.);
#1425 = ORIENTED_EDGE('',*,*,#1426,.T.);
#1426 = EDGE_CURVE('',#794,#281,#1427,.T.);
#1427 = LINE('',#1428,#1429);
#1428 = CARTESIAN_POINT('',(1.023E+03,-26.,-4.));
#1429 = VECTOR('',#1430,1.);
#1430 = DIRECTION('',(0.,0.,1.));
#1431 = ORIENTED_EDGE('',*,*,#278,.F.);
#1432 = PLANE('',#1433);
#1433 = AXIS2_PLACEMENT_3D('',#1434,#1435,#1436);
#1434 = CARTESIAN_POINT('',(1.023E+03,-26.,-4.));
#1435 = DIRECTION('',(0.,1.,0.));
#1436 = DIRECTION('',(0.,0.,1.));
#1437 = ADVANCED_FACE('',(#1438),#1449,.F.);
#1438 = FACE_BOUND('',#1439,.F.);
#1439 = EDGE_LOOP('',(#1440,#1441,#1442,#1448));
#1440 = ORIENTED_EDGE('',*,*,#1419,.F.);
#1441 = ORIENTED_EDGE('',*,*,#817,.T.);
#1442 = ORIENTED_EDGE('',*,*,#1443,.T.);
#1443 = EDGE_CURVE('',#810,#297,#1444,.T.);
#1444 = LINE('',#1445,#1446);
#1445 = CARTESIAN_POINT('',(1.032E+03,-24.,-4.));
#1446 = VECTOR('',#1447,1.);
#1447 = DIRECTION('',(0.,0.,1.));
#1448 = ORIENTED_EDGE('',*,*,#304,.F.);
#1449 = PLANE('',#1450);
#1450 = AXIS2_PLACEMENT_3D('',#1451,#1452,#1453);
#1451 = CARTESIAN_POINT('',(1.032E+03,-26.,-4.));
#1452 = DIRECTION('',(1.,0.,0.));
#1453 = DIRECTION('',(0.,0.,1.));
#1454 = ADVANCED_FACE('',(#1455),#1466,.T.);
#1455 = FACE_BOUND('',#1456,.T.);
#1456 = EDGE_LOOP('',(#1457,#1458,#1459,#1465));
#1457 = ORIENTED_EDGE('',*,*,#1426,.F.);
#1458 = ORIENTED_EDGE('',*,*,#801,.T.);
#1459 = ORIENTED_EDGE('',*,*,#1460,.T.);
#1460 = EDGE_CURVE('',#802,#289,#1461,.T.);
#1461 = LINE('',#1462,#1463);
#1462 = CARTESIAN_POINT('',(1.023E+03,-24.,-4.));
#1463 = VECTOR('',#1464,1.);
#1464 = DIRECTION('',(0.,0.,1.));
#1465 = ORIENTED_EDGE('',*,*,#288,.F.);
#1466 = PLANE('',#1467);
#1467 = AXIS2_PLACEMENT_3D('',#1468,#1469,#1470);
#1468 = CARTESIAN_POINT('',(1.023E+03,-26.,-4.));
#1469 = DIRECTION('',(1.,0.,0.));
#1470 = DIRECTION('',(0.,0.,1.));
#1471 = ADVANCED_FACE('',(#1472),#1478,.F.);
#1472 = FACE_BOUND('',#1473,.F.);
#1473 = EDGE_LOOP('',(#1474,#1475,#1476,#1477));
#1474 = ORIENTED_EDGE('',*,*,#1443,.F.);
#1475 = ORIENTED_EDGE('',*,*,#809,.T.);
#1476 = ORIENTED_EDGE('',*,*,#1460,.T.);
#1477 = ORIENTED_EDGE('',*,*,#296,.F.);
#1478 = PLANE('',#1479);
#1479 = AXIS2_PLACEMENT_3D('',#1480,#1481,#1482);
#1480 = CARTESIAN_POINT('',(1.023E+03,-24.,-4.));
#1481 = DIRECTION('',(0.,1.,0.));
#1482 = DIRECTION('',(0.,0.,1.));
#1483 = ADVANCED_FACE('',(#1484),#1500,.T.);
#1484 = FACE_BOUND('',#1485,.T.);
#1485 = EDGE_LOOP('',(#1486,#1492,#1493,#1499));
#1486 = ORIENTED_EDGE('',*,*,#1487,.F.);
#1487 = EDGE_CURVE('',#826,#313,#1488,.T.);
#1488 = LINE('',#1489,#1490);
#1489 = CARTESIAN_POINT('',(916.,-12.,-4.));
#1490 = VECTOR('',#1491,1.);
#1491 = DIRECTION('',(0.,0.,1.));
#1492 = ORIENTED_EDGE('',*,*,#825,.T.);
#1493 = ORIENTED_EDGE('',*,*,#1494,.T.);
#1494 = EDGE_CURVE('',#828,#315,#1495,.T.);
#1495 = LINE('',#1496,#1497);
#1496 = CARTESIAN_POINT('',(866.,-12.,-4.));
#1497 = VECTOR('',#1498,1.);
#1498 = DIRECTION('',(0.,0.,1.));
#1499 = ORIENTED_EDGE('',*,*,#312,.F.);
#1500 = PLANE('',#1501);
#1501 = AXIS2_PLACEMENT_3D('',#1502,#1503,#1504);
#1502 = CARTESIAN_POINT('',(866.,-12.,-4.));
#1503 = DIRECTION('',(0.,1.,0.));
#1504 = DIRECTION('',(0.,0.,1.));
#1505 = ADVANCED_FACE('',(#1506),#1517,.F.);
#1506 = FACE_BOUND('',#1507,.F.);
#1507 = EDGE_LOOP('',(#1508,#1509,#1510,#1516));
#1508 = ORIENTED_EDGE('',*,*,#1487,.F.);
#1509 = ORIENTED_EDGE('',*,*,#851,.T.);
#1510 = ORIENTED_EDGE('',*,*,#1511,.T.);
#1511 = EDGE_CURVE('',#844,#331,#1512,.T.);
#1512 = LINE('',#1513,#1514);
#1513 = CARTESIAN_POINT('',(916.,12.,-4.));
#1514 = VECTOR('',#1515,1.);
#1515 = DIRECTION('',(0.,0.,1.));
#1516 = ORIENTED_EDGE('',*,*,#338,.F.);
#1517 = PLANE('',#1518);
#1518 = AXIS2_PLACEMENT_3D('',#1519,#1520,#1521);
#1519 = CARTESIAN_POINT('',(916.,-12.,-4.));
#1520 = DIRECTION('',(1.,0.,0.));
#1521 = DIRECTION('',(0.,0.,1.));
#1522 = ADVANCED_FACE('',(#1523),#1534,.T.);
#1523 = FACE_BOUND('',#1524,.T.);
#1524 = EDGE_LOOP('',(#1525,#1526,#1527,#1533));
#1525 = ORIENTED_EDGE('',*,*,#1494,.F.);
#1526 = ORIENTED_EDGE('',*,*,#835,.T.);
#1527 = ORIENTED_EDGE('',*,*,#1528,.T.);
#1528 = EDGE_CURVE('',#836,#323,#1529,.T.);
#1529 = LINE('',#1530,#1531);
#1530 = CARTESIAN_POINT('',(866.,12.,-4.));
#1531 = VECTOR('',#1532,1.);
#1532 = DIRECTION('',(0.,0.,1.));
#1533 = ORIENTED_EDGE('',*,*,#322,.F.);
#1534 = PLANE('',#1535);
#1535 = AXIS2_PLACEMENT_3D('',#1536,#1537,#1538);
#1536 = CARTESIAN_POINT('',(866.,-12.,-4.));
#1537 = DIRECTION('',(1.,0.,0.));
#1538 = DIRECTION('',(0.,0.,1.));
#1539 = ADVANCED_FACE('',(#1540),#1546,.F.);
#1540 = FACE_BOUND('',#1541,.F.);
#1541 = EDGE_LOOP('',(#1542,#1543,#1544,#1545));
#1542 = ORIENTED_EDGE('',*,*,#1511,.F.);
#1543 = ORIENTED_EDGE('',*,*,#843,.T.);
#1544 = ORIENTED_EDGE('',*,*,#1528,.T.);
#1545 = ORIENTED_EDGE('',*,*,#330,.F.);
#1546 = PLANE('',#1547);
#1547 = AXIS2_PLACEMENT_3D('',#1548,#1549,#1550);
#1548 = CARTESIAN_POINT('',(866.,12.,-4.));
#1549 = DIRECTION('',(0.,1.,0.));
#1550 = DIRECTION('',(0.,0.,1.));
#1551 = ADVANCED_FACE('',(#1552),#1568,.T.);
#1552 = FACE_BOUND('',#1553,.T.);
#1553 = EDGE_LOOP('',(#1554,#1560,#1561,#1567));
#1554 = ORIENTED_EDGE('',*,*,#1555,.F.);
#1555 = EDGE_CURVE('',#860,#347,#1556,.T.);
#1556 = LINE('',#1557,#1558);
#1557 = CARTESIAN_POINT('',(887.,21.,-4.));
#1558 = VECTOR('',#1559,1.);
#1559 = DIRECTION('',(0.,0.,1.));
#1560 = ORIENTED_EDGE('',*,*,#859,.T.);
#1561 = ORIENTED_EDGE('',*,*,#1562,.T.);
#1562 = EDGE_CURVE('',#862,#349,#1563,.T.);
#1563 = LINE('',#1564,#1565);
#1564 = CARTESIAN_POINT('',(878.,21.,-4.));
#1565 = VECTOR('',#1566,1.);
#1566 = DIRECTION('',(0.,0.,1.));
#1567 = ORIENTED_EDGE('',*,*,#346,.F.);
#1568 = PLANE('',#1569);
#1569 = AXIS2_PLACEMENT_3D('',#1570,#1571,#1572);
#1570 = CARTESIAN_POINT('',(878.,21.,-4.));
#1571 = DIRECTION('',(0.,1.,0.));
#1572 = DIRECTION('',(0.,0.,1.));
#1573 = ADVANCED_FACE('',(#1574),#1585,.F.);
#1574 = FACE_BOUND('',#1575,.F.);
#1575 = EDGE_LOOP('',(#1576,#1577,#1578,#1584));
#1576 = ORIENTED_EDGE('',*,*,#1555,.F.);
#1577 = ORIENTED_EDGE('',*,*,#885,.T.);
#1578 = ORIENTED_EDGE('',*,*,#1579,.T.);
#1579 = EDGE_CURVE('',#878,#365,#1580,.T.);
#1580 = LINE('',#1581,#1582);
#1581 = CARTESIAN_POINT('',(887.,23.,-4.));
#1582 = VECTOR('',#1583,1.);
#1583 = DIRECTION('',(0.,0.,1.));
#1584 = ORIENTED_EDGE('',*,*,#372,.F.);
#1585 = PLANE('',#1586);
#1586 = AXIS2_PLACEMENT_3D('',#1587,#1588,#1589);
#1587 = CARTESIAN_POINT('',(887.,21.,-4.));
#1588 = DIRECTION('',(1.,0.,0.));
#1589 = DIRECTION('',(0.,0.,1.));
#1590 = ADVANCED_FACE('',(#1591),#1602,.T.);
#1591 = FACE_BOUND('',#1592,.T.);
#1592 = EDGE_LOOP('',(#1593,#1594,#1595,#1601));
#1593 = ORIENTED_EDGE('',*,*,#1562,.F.);
#1594 = ORIENTED_EDGE('',*,*,#869,.T.);
#1595 = ORIENTED_EDGE('',*,*,#1596,.T.);
#1596 = EDGE_CURVE('',#870,#357,#1597,.T.);
#1597 = LINE('',#1598,#1599);
#1598 = CARTESIAN_POINT('',(878.,23.,-4.));
#1599 = VECTOR('',#1600,1.);
#1600 = DIRECTION('',(0.,0.,1.));
#1601 = ORIENTED_EDGE('',*,*,#356,.F.);
#1602 = PLANE('',#1603);
#1603 = AXIS2_PLACEMENT_3D('',#1604,#1605,#1606);
#1604 = CARTESIAN_POINT('',(878.,21.,-4.));
#1605 = DIRECTION('',(1.,0.,0.));
#1606 = DIRECTION('',(0.,0.,1.));
#1607 = ADVANCED_FACE('',(#1608),#1614,.F.);
#1608 = FACE_BOUND('',#1609,.F.);
#1609 = EDGE_LOOP('',(#1610,#1611,#1612,#1613));
#1610 = ORIENTED_EDGE('',*,*,#1579,.F.);
#1611 = ORIENTED_EDGE('',*,*,#877,.T.);
#1612 = ORIENTED_EDGE('',*,*,#1596,.T.);
#1613 = ORIENTED_EDGE('',*,*,#364,.F.);
#1614 = PLANE('',#1615);
#1615 = AXIS2_PLACEMENT_3D('',#1616,#1617,#1618);
#1616 = CARTESIAN_POINT('',(878.,23.,-4.));
#1617 = DIRECTION('',(0.,1.,0.));
#1618 = DIRECTION('',(0.,0.,1.));
#1619 = ADVANCED_FACE('',(#1620),#1631,.F.);
#1620 = FACE_BOUND('',#1621,.T.);
#1621 = EDGE_LOOP('',(#1622,#1623,#1629,#1630));
#1622 = ORIENTED_EDGE('',*,*,#893,.T.);
#1623 = ORIENTED_EDGE('',*,*,#1624,.T.);
#1624 = EDGE_CURVE('',#894,#381,#1625,.T.);
#1625 = LINE('',#1626,#1627);
#1626 = CARTESIAN_POINT('',(838.7,29.,-4.5));
#1627 = VECTOR('',#1628,1.);
#1628 = DIRECTION('',(0.,0.,1.));
#1629 = ORIENTED_EDGE('',*,*,#380,.F.);
#1630 = ORIENTED_EDGE('',*,*,#1624,.F.);
#1631 = CYLINDRICAL_SURFACE('',#1632,1.7);
#1632 = AXIS2_PLACEMENT_3D('',#1633,#1634,#1635);
#1633 = CARTESIAN_POINT('',(837.,29.,-4.5));
#1634 = DIRECTION('',(-0.,-0.,-1.));
#1635 = DIRECTION('',(1.,0.,0.));
#1636 = ADVANCED_FACE('',(#1637),#1648,.F.);
#1637 = FACE_BOUND('',#1638,.T.);
#1638 = EDGE_LOOP('',(#1639,#1640,#1646,#1647));
#1639 = ORIENTED_EDGE('',*,*,#904,.T.);
#1640 = ORIENTED_EDGE('',*,*,#1641,.T.);
#1641 = EDGE_CURVE('',#905,#392,#1642,.T.);
#1642 = LINE('',#1643,#1644);
#1643 = CARTESIAN_POINT('',(857.7,35.5,-4.5));
#1644 = VECTOR('',#1645,1.);
#1645 = DIRECTION('',(0.,0.,1.));
#1646 = ORIENTED_EDGE('',*,*,#391,.F.);
#1647 = ORIENTED_EDGE('',*,*,#1641,.F.);
#1648 = CYLINDRICAL_SURFACE('',#1649,1.7);
#1649 = AXIS2_PLACEMENT_3D('',#1650,#1651,#1652);
#1650 = CARTESIAN_POINT('',(856.,35.5,-4.5));
#1651 = DIRECTION('',(-0.,-0.,-1.));
#1652 = DIRECTION('',(1.,0.,0.));
#1653 = ADVANCED_FACE('',(#1654),#1670,.T.);
#1654 = FACE_BOUND('',#1655,.T.);
#1655 = EDGE_LOOP('',(#1656,#1662,#1663,#1669));
#1656 = ORIENTED_EDGE('',*,*,#1657,.F.);
#1657 = EDGE_CURVE('',#916,#403,#1658,.T.);
#1658 = LINE('',#1659,#1660);
#1659 = CARTESIAN_POINT('',(915.,21.,-4.));
#1660 = VECTOR('',#1661,1.);
#1661 = DIRECTION('',(0.,0.,1.));
#1662 = ORIENTED_EDGE('',*,*,#915,.T.);
#1663 = ORIENTED_EDGE('',*,*,#1664,.T.);
#1664 = EDGE_CURVE('',#918,#405,#1665,.T.);
#1665 = LINE('',#1666,#1667);
#1666 = CARTESIAN_POINT('',(906.,21.,-4.));
#1667 = VECTOR('',#1668,1.);
#1668 = DIRECTION('',(0.,0.,1.));
#1669 = ORIENTED_EDGE('',*,*,#402,.F.);
#1670 = PLANE('',#1671);
#1671 = AXIS2_PLACEMENT_3D('',#1672,#1673,#1674);
#1672 = CARTESIAN_POINT('',(906.,21.,-4.));
#1673 = DIRECTION('',(0.,1.,0.));
#1674 = DIRECTION('',(0.,0.,1.));
#1675 = ADVANCED_FACE('',(#1676),#1687,.F.);
#1676 = FACE_BOUND('',#1677,.F.);
#1677 = EDGE_LOOP('',(#1678,#1679,#1680,#1686));
#1678 = ORIENTED_EDGE('',*,*,#1657,.F.);
#1679 = ORIENTED_EDGE('',*,*,#941,.T.);
#1680 = ORIENTED_EDGE('',*,*,#1681,.T.);
#1681 = EDGE_CURVE('',#934,#421,#1682,.T.);
#1682 = LINE('',#1683,#1684);
#1683 = CARTESIAN_POINT('',(915.,23.,-4.));
#1684 = VECTOR('',#1685,1.);
#1685 = DIRECTION('',(0.,0.,1.));
#1686 = ORIENTED_EDGE('',*,*,#428,.F.);
#1687 = PLANE('',#1688);
#1688 = AXIS2_PLACEMENT_3D('',#1689,#1690,#1691);
#1689 = CARTESIAN_POINT('',(915.,21.,-4.));
#1690 = DIRECTION('',(1.,0.,0.));
#1691 = DIRECTION('',(0.,0.,1.));
#1692 = ADVANCED_FACE('',(#1693),#1704,.T.);
#1693 = FACE_BOUND('',#1694,.T.);
#1694 = EDGE_LOOP('',(#1695,#1696,#1697,#1703));
#1695 = ORIENTED_EDGE('',*,*,#1664,.F.);
#1696 = ORIENTED_EDGE('',*,*,#925,.T.);
#1697 = ORIENTED_EDGE('',*,*,#1698,.T.);
#1698 = EDGE_CURVE('',#926,#413,#1699,.T.);
#1699 = LINE('',#1700,#1701);
#1700 = CARTESIAN_POINT('',(906.,23.,-4.));
#1701 = VECTOR('',#1702,1.);
#1702 = DIRECTION('',(0.,0.,1.));
#1703 = ORIENTED_EDGE('',*,*,#412,.F.);
#1704 = PLANE('',#1705);
#1705 = AXIS2_PLACEMENT_3D('',#1706,#1707,#1708);
#1706 = CARTESIAN_POINT('',(906.,21.,-4.));
#1707 = DIRECTION('',(1.,0.,0.));
#1708 = DIRECTION('',(0.,0.,1.));
#1709 = ADVANCED_FACE('',(#1710),#1716,.F.);
#1710 = FACE_BOUND('',#1711,.F.);
#1711 = EDGE_LOOP('',(#1712,#1713,#1714,#1715));
#1712 = ORIENTED_EDGE('',*,*,#1681,.F.);
#1713 = ORIENTED_EDGE('',*,*,#933,.T.);
#1714 = ORIENTED_EDGE('',*,*,#1698,.T.);
#1715 = ORIENTED_EDGE('',*,*,#420,.F.);
#1716 = PLANE('',#1717);
#1717 = AXIS2_PLACEMENT_3D('',#1718,#1719,#1720);
#1718 = CARTESIAN_POINT('',(906.,23.,-4.));
#1719 = DIRECTION('',(0.,1.,0.));
#1720 = DIRECTION('',(0.,0.,1.));
#1721 = ADVANCED_FACE('',(#1722),#1733,.F.);
#1722 = FACE_BOUND('',#1723,.T.);
#1723 = EDGE_LOOP('',(#1724,#1725,#1731,#1732));
#1724 = ORIENTED_EDGE('',*,*,#949,.T.);
#1725 = ORIENTED_EDGE('',*,*,#1726,.T.);
#1726 = EDGE_CURVE('',#950,#437,#1727,.T.);
#1727 = LINE('',#1728,#1729);
#1728 = CARTESIAN_POINT('',(929.7,35.5,-4.5));
#1729 = VECTOR('',#1730,1.);
#1730 = DIRECTION('',(0.,0.,1.));
#1731 = ORIENTED_EDGE('',*,*,#436,.F.);
#1732 = ORIENTED_EDGE('',*,*,#1726,.F.);
#1733 = CYLINDRICAL_SURFACE('',#1734,1.7);
#1734 = AXIS2_PLACEMENT_3D('',#1735,#1736,#1737);
#1735 = CARTESIAN_POINT('',(928.,35.5,-4.5));
#1736 = DIRECTION('',(-0.,-0.,-1.));
#1737 = DIRECTION('',(1.,0.,0.));
#1738 = ADVANCED_FACE('',(#1739),#1755,.T.);
#1739 = FACE_BOUND('',#1740,.T.);
#1740 = EDGE_LOOP('',(#1741,#1747,#1748,#1754));
#1741 = ORIENTED_EDGE('',*,*,#1742,.F.);
#1742 = EDGE_CURVE('',#961,#448,#1743,.T.);
#1743 = LINE('',#1744,#1745);
#1744 = CARTESIAN_POINT('',(1.023E+03,-12.,-4.));
#1745 = VECTOR('',#1746,1.);
#1746 = DIRECTION('',(0.,0.,1.));
#1747 = ORIENTED_EDGE('',*,*,#960,.T.);
#1748 = ORIENTED_EDGE('',*,*,#1749,.T.);
#1749 = EDGE_CURVE('',#963,#450,#1750,.T.);
#1750 = LINE('',#1751,#1752);
#1751 = CARTESIAN_POINT('',(983.,-12.,-4.));
#1752 = VECTOR('',#1753,1.);
#1753 = DIRECTION('',(0.,0.,1.));
#1754 = ORIENTED_EDGE('',*,*,#447,.F.);
#1755 = PLANE('',#1756);
#1756 = AXIS2_PLACEMENT_3D('',#1757,#1758,#1759);
#1757 = CARTESIAN_POINT('',(983.,-12.,-4.));
#1758 = DIRECTION('',(0.,1.,0.));
#1759 = DIRECTION('',(0.,0.,1.));
#1760 = ADVANCED_FACE('',(#1761),#1772,.F.);
#1761 = FACE_BOUND('',#1762,.F.);
#1762 = EDGE_LOOP('',(#1763,#1764,#1765,#1771));
#1763 = ORIENTED_EDGE('',*,*,#1742,.F.);
#1764 = ORIENTED_EDGE('',*,*,#986,.T.);
#1765 = ORIENTED_EDGE('',*,*,#1766,.T.);
#1766 = EDGE_CURVE('',#979,#466,#1767,.T.);
#1767 = LINE('',#1768,#1769);
#1768 = CARTESIAN_POINT('',(1.023E+03,12.,-4.));
#1769 = VECTOR('',#1770,1.);
#1770 = DIRECTION('',(0.,0.,1.));
#1771 = ORIENTED_EDGE('',*,*,#473,.F.);
#1772 = PLANE('',#1773);
#1773 = AXIS2_PLACEMENT_3D('',#1774,#1775,#1776);
#1774 = CARTESIAN_POINT('',(1.023E+03,-12.,-4.));
#1775 = DIRECTION('',(1.,0.,0.));
#1776 = DIRECTION('',(0.,0.,1.));
#1777 = ADVANCED_FACE('',(#1778),#1789,.T.);
#1778 = FACE_BOUND('',#1779,.T.);
#1779 = EDGE_LOOP('',(#1780,#1781,#1782,#1788));
#1780 = ORIENTED_EDGE('',*,*,#1749,.F.);
#1781 = ORIENTED_EDGE('',*,*,#970,.T.);
#1782 = ORIENTED_EDGE('',*,*,#1783,.T.);
#1783 = EDGE_CURVE('',#971,#458,#1784,.T.);
#1784 = LINE('',#1785,#1786);
#1785 = CARTESIAN_POINT('',(983.,12.,-4.));
#1786 = VECTOR('',#1787,1.);
#1787 = DIRECTION('',(0.,0.,1.));
#1788 = ORIENTED_EDGE('',*,*,#457,.F.);
#1789 = PLANE('',#1790);
#1790 = AXIS2_PLACEMENT_3D('',#1791,#1792,#1793);
#1791 = CARTESIAN_POINT('',(983.,-12.,-4.));
#1792 = DIRECTION('',(1.,0.,0.));
#1793 = DIRECTION('',(0.,0.,1.));
#1794 = ADVANCED_FACE('',(#1795),#1801,.F.);
#1795 = FACE_BOUND('',#1796,.F.);
#1796 = EDGE_LOOP('',(#1797,#1798,#1799,#1800));
#1797 = ORIENTED_EDGE('',*,*,#1766,.F.);
#1798 = ORIENTED_EDGE('',*,*,#978,.T.);
#1799 = ORIENTED_EDGE('',*,*,#1783,.T.);
#1800 = ORIENTED_EDGE('',*,*,#465,.F.);
#1801 = PLANE('',#1802);
#1802 = AXIS2_PLACEMENT_3D('',#1803,#1804,#1805);
#1803 = CARTESIAN_POINT('',(983.,12.,-4.));
#1804 = DIRECTION('',(0.,1.,0.));
#1805 = DIRECTION('',(0.,0.,1.));
#1806 = ADVANCED_FACE('',(#1807),#1823,.T.);
#1807 = FACE_BOUND('',#1808,.T.);
#1808 = EDGE_LOOP('',(#1809,#1815,#1816,#1822));
#1809 = ORIENTED_EDGE('',*,*,#1810,.F.);
#1810 = EDGE_CURVE('',#995,#482,#1811,.T.);
#1811 = LINE('',#1812,#1813);
#1812 = CARTESIAN_POINT('',(992.,24.,-4.));
#1813 = VECTOR('',#1814,1.);
#1814 = DIRECTION('',(0.,0.,1.));
#1815 = ORIENTED_EDGE('',*,*,#994,.T.);
#1816 = ORIENTED_EDGE('',*,*,#1817,.T.);
#1817 = EDGE_CURVE('',#997,#484,#1818,.T.);
#1818 = LINE('',#1819,#1820);
#1819 = CARTESIAN_POINT('',(983.,24.,-4.));
#1820 = VECTOR('',#1821,1.);
#1821 = DIRECTION('',(0.,0.,1.));
#1822 = ORIENTED_EDGE('',*,*,#481,.F.);
#1823 = PLANE('',#1824);
#1824 = AXIS2_PLACEMENT_3D('',#1825,#1826,#1827);
#1825 = CARTESIAN_POINT('',(983.,24.,-4.));
#1826 = DIRECTION('',(0.,1.,0.));
#1827 = DIRECTION('',(0.,0.,1.));
#1828 = ADVANCED_FACE('',(#1829),#1840,.F.);
#1829 = FACE_BOUND('',#1830,.F.);
#1830 = EDGE_LOOP('',(#1831,#1832,#1833,#1839));
#1831 = ORIENTED_EDGE('',*,*,#1810,.F.);
#1832 = ORIENTED_EDGE('',*,*,#1020,.T.);
#1833 = ORIENTED_EDGE('',*,*,#1834,.T.);
#1834 = EDGE_CURVE('',#1013,#500,#1835,.T.);
#1835 = LINE('',#1836,#1837);
#1836 = CARTESIAN_POINT('',(992.,26.,-4.));
#1837 = VECTOR('',#1838,1.);
#1838 = DIRECTION('',(0.,0.,1.));
#1839 = ORIENTED_EDGE('',*,*,#507,.F.);
#1840 = PLANE('',#1841);
#1841 = AXIS2_PLACEMENT_3D('',#1842,#1843,#1844);
#1842 = CARTESIAN_POINT('',(992.,24.,-4.));
#1843 = DIRECTION('',(1.,0.,0.));
#1844 = DIRECTION('',(0.,0.,1.));
#1845 = ADVANCED_FACE('',(#1846),#1857,.T.);
#1846 = FACE_BOUND('',#1847,.T.);
#1847 = EDGE_LOOP('',(#1848,#1849,#1850,#1856));
#1848 = ORIENTED_EDGE('',*,*,#1817,.F.);
#1849 = ORIENTED_EDGE('',*,*,#1004,.T.);
#1850 = ORIENTED_EDGE('',*,*,#1851,.T.);
#1851 = EDGE_CURVE('',#1005,#492,#1852,.T.);
#1852 = LINE('',#1853,#1854);
#1853 = CARTESIAN_POINT('',(983.,26.,-4.));
#1854 = VECTOR('',#1855,1.);
#1855 = DIRECTION('',(0.,0.,1.));
#1856 = ORIENTED_EDGE('',*,*,#491,.F.);
#1857 = PLANE('',#1858);
#1858 = AXIS2_PLACEMENT_3D('',#1859,#1860,#1861);
#1859 = CARTESIAN_POINT('',(983.,24.,-4.));
#1860 = DIRECTION('',(1.,0.,0.));
#1861 = DIRECTION('',(0.,0.,1.));
#1862 = ADVANCED_FACE('',(#1863),#1869,.F.);
#1863 = FACE_BOUND('',#1864,.F.);
#1864 = EDGE_LOOP('',(#1865,#1866,#1867,#1868));
#1865 = ORIENTED_EDGE('',*,*,#1834,.F.);
#1866 = ORIENTED_EDGE('',*,*,#1012,.T.);
#1867 = ORIENTED_EDGE('',*,*,#1851,.T.);
#1868 = ORIENTED_EDGE('',*,*,#499,.F.);
#1869 = PLANE('',#1870);
#1870 = AXIS2_PLACEMENT_3D('',#1871,#1872,#1873);
#1871 = CARTESIAN_POINT('',(983.,26.,-4.));
#1872 = DIRECTION('',(0.,1.,0.));
#1873 = DIRECTION('',(0.,0.,1.));
#1874 = ADVANCED_FACE('',(#1875),#1886,.F.);
#1875 = FACE_BOUND('',#1876,.T.);
#1876 = EDGE_LOOP('',(#1877,#1878,#1884,#1885));
#1877 = ORIENTED_EDGE('',*,*,#1028,.T.);
#1878 = ORIENTED_EDGE('',*,*,#1879,.T.);
#1879 = EDGE_CURVE('',#1029,#516,#1880,.T.);
#1880 = LINE('',#1881,#1882);
#1881 = CARTESIAN_POINT('',(975.7,35.5,-4.5));
#1882 = VECTOR('',#1883,1.);
#1883 = DIRECTION('',(0.,0.,1.));
#1884 = ORIENTED_EDGE('',*,*,#515,.F.);
#1885 = ORIENTED_EDGE('',*,*,#1879,.F.);
#1886 = CYLINDRICAL_SURFACE('',#1887,1.7);
#1887 = AXIS2_PLACEMENT_3D('',#1888,#1889,#1890);
#1888 = CARTESIAN_POINT('',(974.,35.5,-4.5));
#1889 = DIRECTION('',(-0.,-0.,-1.));
#1890 = DIRECTION('',(1.,0.,0.));
#1891 = ADVANCED_FACE('',(#1892),#1908,.T.);
#1892 = FACE_BOUND('',#1893,.T.);
#1893 = EDGE_LOOP('',(#1894,#1900,#1901,#1907));
#1894 = ORIENTED_EDGE('',*,*,#1895,.F.);
#1895 = EDGE_CURVE('',#1040,#527,#1896,.T.);
#1896 = LINE('',#1897,#1898);
#1897 = CARTESIAN_POINT('',(1.032E+03,24.,-4.));
#1898 = VECTOR('',#1899,1.);
#1899 = DIRECTION('',(0.,0.,1.));
#1900 = ORIENTED_EDGE('',*,*,#1039,.T.);
#1901 = ORIENTED_EDGE('',*,*,#1902,.T.);
#1902 = EDGE_CURVE('',#1042,#529,#1903,.T.);
#1903 = LINE('',#1904,#1905);
#1904 = CARTESIAN_POINT('',(1.023E+03,24.,-4.));
#1905 = VECTOR('',#1906,1.);
#1906 = DIRECTION('',(0.,0.,1.));
#1907 = ORIENTED_EDGE('',*,*,#526,.F.);
#1908 = PLANE('',#1909);
#1909 = AXIS2_PLACEMENT_3D('',#1910,#1911,#1912);
#1910 = CARTESIAN_POINT('',(1.023E+03,24.,-4.));
#1911 = DIRECTION('',(0.,1.,0.));
#1912 = DIRECTION('',(0.,0.,1.));
#1913 = ADVANCED_FACE('',(#1914),#1925,.F.);
#1914 = FACE_BOUND('',#1915,.F.);
#1915 = EDGE_LOOP('',(#1916,#1917,#1918,#1924));
#1916 = ORIENTED_EDGE('',*,*,#1895,.F.);
#1917 = ORIENTED_EDGE('',*,*,#1065,.T.);
#1918 = ORIENTED_EDGE('',*,*,#1919,.T.);
#1919 = EDGE_CURVE('',#1058,#545,#1920,.T.);
#1920 = LINE('',#1921,#1922);
#1921 = CARTESIAN_POINT('',(1.032E+03,26.,-4.));
#1922 = VECTOR('',#1923,1.);
#1923 = DIRECTION('',(0.,0.,1.));
#1924 = ORIENTED_EDGE('',*,*,#552,.F.);
#1925 = PLANE('',#1926);
#1926 = AXIS2_PLACEMENT_3D('',#1927,#1928,#1929);
#1927 = CARTESIAN_POINT('',(1.032E+03,24.,-4.));
#1928 = DIRECTION('',(1.,0.,0.));
#1929 = DIRECTION('',(0.,0.,1.));
#1930 = ADVANCED_FACE('',(#1931),#1942,.F.);
#1931 = FACE_BOUND('',#1932,.F.);
#1932 = EDGE_LOOP('',(#1933,#1934,#1935,#1941));
#1933 = ORIENTED_EDGE('',*,*,#1919,.F.);
#1934 = ORIENTED_EDGE('',*,*,#1057,.T.);
#1935 = ORIENTED_EDGE('',*,*,#1936,.T.);
#1936 = EDGE_CURVE('',#1050,#537,#1937,.T.);
#1937 = LINE('',#1938,#1939);
#1938 = CARTESIAN_POINT('',(1.023E+03,26.,-4.));
#1939 = VECTOR('',#1940,1.);
#1940 = DIRECTION('',(0.,0.,1.));
#1941 = ORIENTED_EDGE('',*,*,#544,.F.);
#1942 = PLANE('',#1943);
#1943 = AXIS2_PLACEMENT_3D('',#1944,#1945,#1946);
#1944 = CARTESIAN_POINT('',(1.023E+03,26.,-4.));
#1945 = DIRECTION('',(0.,1.,0.));
#1946 = DIRECTION('',(0.,0.,1.));
#1947 = ADVANCED_FACE('',(#1948),#1954,.T.);
#1948 = FACE_BOUND('',#1949,.T.);
#1949 = EDGE_LOOP('',(#1950,#1951,#1952,#1953));
#1950 = ORIENTED_EDGE('',*,*,#1902,.F.);
#1951 = ORIENTED_EDGE('',*,*,#1049,.T.);
#1952 = ORIENTED_EDGE('',*,*,#1936,.T.);
#1953 = ORIENTED_EDGE('',*,*,#536,.F.);
#1954 = PLANE('',#1955);
#1955 = AXIS2_PLACEMENT_3D('',#1956,#1957,#1958);
#1956 = CARTESIAN_POINT('',(1.023E+03,24.,-4.));
#1957 = DIRECTION('',(1.,0.,0.));
#1958 = DIRECTION('',(0.,0.,1.));
#1959 = ADVANCED_FACE('',(#1960),#1971,.F.);
#1960 = FACE_BOUND('',#1961,.T.);
#1961 = EDGE_LOOP('',(#1962,#1963,#1969,#1970));
#1962 = ORIENTED_EDGE('',*,*,#1073,.T.);
#1963 = ORIENTED_EDGE('',*,*,#1964,.T.);
#1964 = EDGE_CURVE('',#1074,#561,#1965,.T.);
#1965 = LINE('',#1966,#1967);
#1966 = CARTESIAN_POINT('',(1.0547E+03,29.,-4.5));
#1967 = VECTOR('',#1968,1.);
#1968 = DIRECTION('',(0.,0.,1.));
#1969 = ORIENTED_EDGE('',*,*,#560,.F.);
#1970 = ORIENTED_EDGE('',*,*,#1964,.F.);
#1971 = CYLINDRICAL_SURFACE('',#1972,1.7);
#1972 = AXIS2_PLACEMENT_3D('',#1973,#1974,#1975);
#1973 = CARTESIAN_POINT('',(1.053E+03,29.,-4.5));
#1974 = DIRECTION('',(-0.,-0.,-1.));
#1975 = DIRECTION('',(1.,0.,0.));
#1976 = ADVANCED_FACE('',(#1977),#1988,.F.);
#1977 = FACE_BOUND('',#1978,.T.);
#1978 = EDGE_LOOP('',(#1979,#1980,#1986,#1987));
#1979 = ORIENTED_EDGE('',*,*,#1084,.T.);
#1980 = ORIENTED_EDGE('',*,*,#1981,.T.);
#1981 = EDGE_CURVE('',#1085,#572,#1982,.T.);
#1982 = LINE('',#1983,#1984);
#1983 = CARTESIAN_POINT('',(1.0377E+03,35.5,-4.5));
#1984 = VECTOR('',#1985,1.);
#1985 = DIRECTION('',(0.,0.,1.));
#1986 = ORIENTED_EDGE('',*,*,#571,.F.);
#1987 = ORIENTED_EDGE('',*,*,#1981,.F.);
#1988 = CYLINDRICAL_SURFACE('',#1989,1.7);
#1989 = AXIS2_PLACEMENT_3D('',#1990,#1991,#1992);
#1990 = CARTESIAN_POINT('',(1.036E+03,35.5,-4.5));
#1991 = DIRECTION('',(-0.,-0.,-1.));
#1992 = DIRECTION('',(1.,0.,0.));
#1993 = MANIFOLD_SOLID_BREP('',#1994);
#1994 = CLOSED_SHELL('',(#1995,#2035,#2075,#2097,#2119,#2131));
#1995 = ADVANCED_FACE('',(#1996),#2030,.F.);
#1996 = FACE_BOUND('',#1997,.F.);
#1997 = EDGE_LOOP('',(#1998,#2008,#2016,#2024));
#1998 = ORIENTED_EDGE('',*,*,#1999,.F.);
#1999 = EDGE_CURVE('',#2000,#2002,#2004,.T.);
#2000 = VERTEX_POINT('',#2001);
#2001 = CARTESIAN_POINT('',(825.,-44.,-4.));
#2002 = VERTEX_POINT('',#2003);
#2003 = CARTESIAN_POINT('',(825.,-44.,4.));
#2004 = LINE('',#2005,#2006);
#2005 = CARTESIAN_POINT('',(825.,-44.,-4.));
#2006 = VECTOR('',#2007,1.);
#2007 = DIRECTION('',(0.,0.,1.));
#2008 = ORIENTED_EDGE('',*,*,#2009,.T.);
#2009 = EDGE_CURVE('',#2000,#2010,#2012,.T.);
#2010 = VERTEX_POINT('',#2011);
#2011 = CARTESIAN_POINT('',(825.,-40.,-4.));
#2012 = LINE('',#2013,#2014);
#2013 = CARTESIAN_POINT('',(825.,-44.,-4.));
#2014 = VECTOR('',#2015,1.);
#2015 = DIRECTION('',(0.,1.,0.));
#2016 = ORIENTED_EDGE('',*,*,#2017,.T.);
#2017 = EDGE_CURVE('',#2010,#2018,#2020,.T.);
#2018 = VERTEX_POINT('',#2019);
#2019 = CARTESIAN_POINT('',(825.,-40.,4.));
#2020 = LINE('',#2021,#2022);
#2021 = CARTESIAN_POINT('',(825.,-40.,-4.));
#2022 = VECTOR('',#2023,1.);
#2023 = DIRECTION('',(0.,0.,1.));
#2024 = ORIENTED_EDGE('',*,*,#2025,.F.);
#2025 = EDGE_CURVE('',#2002,#2018,#2026,.T.);
#2026 = LINE('',#2027,#2028);
#2027 = CARTESIAN_POINT('',(825.,-44.,4.));
#2028 = VECTOR('',#2029,1.);
#2029 = DIRECTION('',(0.,1.,0.));
#2030 = PLANE('',#2031);
#2031 = AXIS2_PLACEMENT_3D('',#2032,#2033,#2034);
#2032 = CARTESIAN_POINT('',(825.,-44.,-4.));
#2033 = DIRECTION('',(1.,0.,0.));
#2034 = DIRECTION('',(0.,0.,1.));
#2035 = ADVANCED_FACE('',(#2036),#2070,.T.);
#2036 = FACE_BOUND('',#2037,.T.);
#2037 = EDGE_LOOP('',(#2038,#2048,#2056,#2064));
#2038 = ORIENTED_EDGE('',*,*,#2039,.F.);
#2039 = EDGE_CURVE('',#2040,#2042,#2044,.T.);
#2040 = VERTEX_POINT('',#2041);
#2041 = CARTESIAN_POINT('',(1.065E+03,-44.,-4.));
#2042 = VERTEX_POINT('',#2043);
#2043 = CARTESIAN_POINT('',(1.065E+03,-44.,4.));
#2044 = LINE('',#2045,#2046);
#2045 = CARTESIAN_POINT('',(1.065E+03,-44.,-4.));
#2046 = VECTOR('',#2047,1.);
#2047 = DIRECTION('',(0.,0.,1.));
#2048 = ORIENTED_EDGE('',*,*,#2049,.T.);
#2049 = EDGE_CURVE('',#2040,#2050,#2052,.T.);
#2050 = VERTEX_POINT('',#2051);
#2051 = CARTESIAN_POINT('',(1.065E+03,-40.,-4.));
#2052 = LINE('',#2053,#2054);
#2053 = CARTESIAN_POINT('',(1.065E+03,-44.,-4.));
#2054 = VECTOR('',#2055,1.);
#2055 = DIRECTION('',(0.,1.,0.));
#2056 = ORIENTED_EDGE('',*,*,#2057,.T.);
#2057 = EDGE_CURVE('',#2050,#2058,#2060,.T.);
#2058 = VERTEX_POINT('',#2059);
#2059 = CARTESIAN_POINT('',(1.065E+03,-40.,4.));
#2060 = LINE('',#2061,#2062);
#2061 = CARTESIAN_POINT('',(1.065E+03,-40.,-4.));
#2062 = VECTOR('',#2063,1.);
#2063 = DIRECTION('',(0.,0.,1.));
#2064 = ORIENTED_EDGE('',*,*,#2065,.F.);
#2065 = EDGE_CURVE('',#2042,#2058,#2066,.T.);
#2066 = LINE('',#2067,#2068);
#2067 = CARTESIAN_POINT('',(1.065E+03,-44.,4.));
#2068 = VECTOR('',#2069,1.);
#2069 = DIRECTION('',(0.,1.,0.));
#2070 = PLANE('',#2071);
#2071 = AXIS2_PLACEMENT_3D('',#2072,#2073,#2074);
#2072 = CARTESIAN_POINT('',(1.065E+03,-44.,-4.));
#2073 = DIRECTION('',(1.,0.,0.));
#2074 = DIRECTION('',(0.,0.,1.));
#2075 = ADVANCED_FACE('',(#2076),#2092,.F.);
#2076 = FACE_BOUND('',#2077,.F.);
#2077 = EDGE_LOOP('',(#2078,#2084,#2085,#2091));
#2078 = ORIENTED_EDGE('',*,*,#2079,.F.);
#2079 = EDGE_CURVE('',#2000,#2040,#2080,.T.);
#2080 = LINE('',#2081,#2082);
#2081 = CARTESIAN_POINT('',(825.,-44.,-4.));
#2082 = VECTOR('',#2083,1.);
#2083 = DIRECTION('',(1.,0.,0.));
#2084 = ORIENTED_EDGE('',*,*,#1999,.T.);
#2085 = ORIENTED_EDGE('',*,*,#2086,.T.);
#2086 = EDGE_CURVE('',#2002,#2042,#2087,.T.);
#2087 = LINE('',#2088,#2089);
#2088 = CARTESIAN_POINT('',(825.,-44.,4.));
#2089 = VECTOR('',#2090,1.);
#2090 = DIRECTION('',(1.,0.,0.));
#2091 = ORIENTED_EDGE('',*,*,#2039,.F.);
#2092 = PLANE('',#2093);
#2093 = AXIS2_PLACEMENT_3D('',#2094,#2095,#2096);
#2094 = CARTESIAN_POINT('',(825.,-44.,-4.));
#2095 = DIRECTION('',(0.,1.,0.));
#2096 = DIRECTION('',(0.,0.,1.));
#2097 = ADVANCED_FACE('',(#2098),#2114,.T.);
#2098 = FACE_BOUND('',#2099,.T.);
#2099 = EDGE_LOOP('',(#2100,#2106,#2107,#2113));
#2100 = ORIENTED_EDGE('',*,*,#2101,.F.);
#2101 = EDGE_CURVE('',#2010,#2050,#2102,.T.);
#2102 = LINE('',#2103,#2104);
#2103 = CARTESIAN_POINT('',(825.,-40.,-4.));
#2104 = VECTOR('',#2105,1.);
#2105 = DIRECTION('',(1.,0.,0.));
#2106 = ORIENTED_EDGE('',*,*,#2017,.T.);
#2107 = ORIENTED_EDGE('',*,*,#2108,.T.);
#2108 = EDGE_CURVE('',#2018,#2058,#2109,.T.);
#2109 = LINE('',#2110,#2111);
#2110 = CARTESIAN_POINT('',(825.,-40.,4.));
#2111 = VECTOR('',#2112,1.);
#2112 = DIRECTION('',(1.,0.,0.));
#2113 = ORIENTED_EDGE('',*,*,#2057,.F.);
#2114 = PLANE('',#2115);
#2115 = AXIS2_PLACEMENT_3D('',#2116,#2117,#2118);
#2116 = CARTESIAN_POINT('',(825.,-40.,-4.));
#2117 = DIRECTION('',(0.,1.,0.));
#2118 = DIRECTION('',(0.,0.,1.));
#2119 = ADVANCED_FACE('',(#2120),#2126,.F.);
#2120 = FACE_BOUND('',#2121,.F.);
#2121 = EDGE_LOOP('',(#2122,#2123,#2124,#2125));
#2122 = ORIENTED_EDGE('',*,*,#2009,.F.);
#2123 = ORIENTED_EDGE('',*,*,#2079,.T.);
#2124 = ORIENTED_EDGE('',*,*,#2049,.T.);
#2125 = ORIENTED_EDGE('',*,*,#2101,.F.);
#2126 = PLANE('',#2127);
#2127 = AXIS2_PLACEMENT_3D('',#2128,#2129,#2130);
#2128 = CARTESIAN_POINT('',(825.,-44.,-4.));
#2129 = DIRECTION('',(0.,0.,1.));
#2130 = DIRECTION('',(1.,0.,0.));
#2131 = ADVANCED_FACE('',(#2132),#2138,.T.);
#2132 = FACE_BOUND('',#2133,.T.);
#2133 = EDGE_LOOP('',(#2134,#2135,#2136,#2137));
#2134 = ORIENTED_EDGE('',*,*,#2025,.F.);
#2135 = ORIENTED_EDGE('',*,*,#2086,.T.);
#2136 = ORIENTED_EDGE('',*,*,#2065,.T.);
#2137 = ORIENTED_EDGE('',*,*,#2108,.F.);
#2138 = PLANE('',#2139);
#2139 = AXIS2_PLACEMENT_3D('',#2140,#2141,#2142);
#2140 = CARTESIAN_POINT('',(825.,-44.,4.));
#2141 = DIRECTION('',(0.,0.,1.));
#2142 = DIRECTION('',(1.,0.,0.));
#2143 = MANIFOLD_SOLID_BREP('',#2144);
#2144 = CLOSED_SHELL('',(#2145,#2185,#2225,#2247,#2269,#2281));
#2145 = ADVANCED_FACE('',(#2146),#2180,.F.);
#2146 = FACE_BOUND('',#2147,.F.);
#2147 = EDGE_LOOP('',(#2148,#2158,#2166,#2174));
#2148 = ORIENTED_EDGE('',*,*,#2149,.F.);
#2149 = EDGE_CURVE('',#2150,#2152,#2154,.T.);
#2150 = VERTEX_POINT('',#2151);
#2151 = CARTESIAN_POINT('',(825.,40.,-4.));
#2152 = VERTEX_POINT('',#2153);
#2153 = CARTESIAN_POINT('',(825.,40.,4.));
#2154 = LINE('',#2155,#2156);
#2155 = CARTESIAN_POINT('',(825.,40.,-4.));
#2156 = VECTOR('',#2157,1.);
#2157 = DIRECTION('',(0.,0.,1.));
#2158 = ORIENTED_EDGE('',*,*,#2159,.T.);
#2159 = EDGE_CURVE('',#2150,#2160,#2162,.T.);
#2160 = VERTEX_POINT('',#2161);
#2161 = CARTESIAN_POINT('',(825.,44.,-4.));
#2162 = LINE('',#2163,#2164);
#2163 = CARTESIAN_POINT('',(825.,40.,-4.));
#2164 = VECTOR('',#2165,1.);
#2165 = DIRECTION('',(0.,1.,0.));
#2166 = ORIENTED_EDGE('',*,*,#2167,.T.);
#2167 = EDGE_CURVE('',#2160,#2168,#2170,.T.);
#2168 = VERTEX_POINT('',#2169);
#2169 = CARTESIAN_POINT('',(825.,44.,4.));
#2170 = LINE('',#2171,#2172);
#2171 = CARTESIAN_POINT('',(825.,44.,-4.));
#2172 = VECTOR('',#2173,1.);
#2173 = DIRECTION('',(0.,0.,1.));
#2174 = ORIENTED_EDGE('',*,*,#2175,.F.);
#2175 = EDGE_CURVE('',#2152,#2168,#2176,.T.);
#2176 = LINE('',#2177,#2178);
#2177 = CARTESIAN_POINT('',(825.,40.,4.));
#2178 = VECTOR('',#2179,1.);
#2179 = DIRECTION('',(0.,1.,0.));
#2180 = PLANE('',#2181);
#2181 = AXIS2_PLACEMENT_3D('',#2182,#2183,#2184);
#2182 = CARTESIAN_POINT('',(825.,40.,-4.));
#2183 = DIRECTION('',(1.,0.,0.));
#2184 = DIRECTION('',(0.,0.,1.));
#2185 = ADVANCED_FACE('',(#2186),#2220,.T.);
#2186 = FACE_BOUND('',#2187,.T.);
#2187 = EDGE_LOOP('',(#2188,#2198,#2206,#2214));
#2188 = ORIENTED_EDGE('',*,*,#2189,.F.);
#2189 = EDGE_CURVE('',#2190,#2192,#2194,.T.);
#2190 = VERTEX_POINT('',#2191);
#2191 = CARTESIAN_POINT('',(1.065E+03,40.,-4.));
#2192 = VERTEX_POINT('',#2193);
#2193 = CARTESIAN_POINT('',(1.065E+03,40.,4.));
#2194 = LINE('',#2195,#2196);
#2195 = CARTESIAN_POINT('',(1.065E+03,40.,-4.));
#2196 = VECTOR('',#2197,1.);
#2197 = DIRECTION('',(0.,0.,1.));
#2198 = ORIENTED_EDGE('',*,*,#2199,.T.);
#2199 = EDGE_CURVE('',#2190,#2200,#2202,.T.);
#2200 = VERTEX_POINT('',#2201);
#2201 = CARTESIAN_POINT('',(1.065E+03,44.,-4.));
#2202 = LINE('',#2203,#2204);
#2203 = CARTESIAN_POINT('',(1.065E+03,40.,-4.));
#2204 = VECTOR('',#2205,1.);
#2205 = DIRECTION('',(0.,1.,0.));
#2206 = ORIENTED_EDGE('',*,*,#2207,.T.);
#2207 = EDGE_CURVE('',#2200,#2208,#2210,.T.);
#2208 = VERTEX_POINT('',#2209);
#2209 = CARTESIAN_POINT('',(1.065E+03,44.,4.));
#2210 = LINE('',#2211,#2212);
#2211 = CARTESIAN_POINT('',(1.065E+03,44.,-4.));
#2212 = VECTOR('',#2213,1.);
#2213 = DIRECTION('',(0.,0.,1.));
#2214 = ORIENTED_EDGE('',*,*,#2215,.F.);
#2215 = EDGE_CURVE('',#2192,#2208,#2216,.T.);
#2216 = LINE('',#2217,#2218);
#2217 = CARTESIAN_POINT('',(1.065E+03,40.,4.));
#2218 = VECTOR('',#2219,1.);
#2219 = DIRECTION('',(0.,1.,0.));
#2220 = PLANE('',#2221);
#2221 = AXIS2_PLACEMENT_3D('',#2222,#2223,#2224);
#2222 = CARTESIAN_POINT('',(1.065E+03,40.,-4.));
#2223 = DIRECTION('',(1.,0.,0.));
#2224 = DIRECTION('',(0.,0.,1.));
#2225 = ADVANCED_FACE('',(#2226),#2242,.F.);
#2226 = FACE_BOUND('',#2227,.F.);
#2227 = EDGE_LOOP('',(#2228,#2234,#2235,#2241));
#2228 = ORIENTED_EDGE('',*,*,#2229,.F.);
#2229 = EDGE_CURVE('',#2150,#2190,#2230,.T.);
#2230 = LINE('',#2231,#2232);
#2231 = CARTESIAN_POINT('',(825.,40.,-4.));
#2232 = VECTOR('',#2233,1.);
#2233 = DIRECTION('',(1.,0.,0.));
#2234 = ORIENTED_EDGE('',*,*,#2149,.T.);
#2235 = ORIENTED_EDGE('',*,*,#2236,.T.);
#2236 = EDGE_CURVE('',#2152,#2192,#2237,.T.);
#2237 = LINE('',#2238,#2239);
#2238 = CARTESIAN_POINT('',(825.,40.,4.));
#2239 = VECTOR('',#2240,1.);
#2240 = DIRECTION('',(1.,0.,0.));
#2241 = ORIENTED_EDGE('',*,*,#2189,.F.);
#2242 = PLANE('',#2243);
#2243 = AXIS2_PLACEMENT_3D('',#2244,#2245,#2246);
#2244 = CARTESIAN_POINT('',(825.,40.,-4.));
#2245 = DIRECTION('',(0.,1.,0.));
#2246 = DIRECTION('',(0.,0.,1.));
#2247 = ADVANCED_FACE('',(#2248),#2264,.T.);
#2248 = FACE_BOUND('',#2249,.T.);
#2249 = EDGE_LOOP('',(#2250,#2256,#2257,#2263));
#2250 = ORIENTED_EDGE('',*,*,#2251,.F.);
#2251 = EDGE_CURVE('',#2160,#2200,#2252,.T.);
#2252 = LINE('',#2253,#2254);
#2253 = CARTESIAN_POINT('',(825.,44.,-4.));
#2254 = VECTOR('',#2255,1.);
#2255 = DIRECTION('',(1.,0.,0.));
#2256 = ORIENTED_EDGE('',*,*,#2167,.T.);
#2257 = ORIENTED_EDGE('',*,*,#2258,.T.);
#2258 = EDGE_CURVE('',#2168,#2208,#2259,.T.);
#2259 = LINE('',#2260,#2261);
#2260 = CARTESIAN_POINT('',(825.,44.,4.));
#2261 = VECTOR('',#2262,1.);
#2262 = DIRECTION('',(1.,0.,0.));
#2263 = ORIENTED_EDGE('',*,*,#2207,.F.);
#2264 = PLANE('',#2265);
#2265 = AXIS2_PLACEMENT_3D('',#2266,#2267,#2268);
#2266 = CARTESIAN_POINT('',(825.,44.,-4.));
#2267 = DIRECTION('',(0.,1.,0.));
#2268 = DIRECTION('',(0.,0.,1.));
#2269 = ADVANCED_FACE('',(#2270),#2276,.F.);
#2270 = FACE_BOUND('',#2271,.F.);
#2271 = EDGE_LOOP('',(#2272,#2273,#2274,#2275));
#2272 = ORIENTED_EDGE('',*,*,#2159,.F.);
#2273 = ORIENTED_EDGE('',*,*,#2229,.T.);
#2274 = ORIENTED_EDGE('',*,*,#2199,.T.);
#2275 = ORIENTED_EDGE('',*,*,#2251,.F.);
#2276 = PLANE('',#2277);
#2277 = AXIS2_PLACEMENT_3D('',#2278,#2279,#2280);
#2278 = CARTESIAN_POINT('',(825.,40.,-4.));
#2279 = DIRECTION('',(0.,0.,1.));
#2280 = DIRECTION('',(1.,0.,0.));
#2281 = ADVANCED_FACE('',(#2282),#2288,.T.);
#2282 = FACE_BOUND('',#2283,.T.);
#2283 = EDGE_LOOP('',(#2284,#2285,#2286,#2287));
#2284 = ORIENTED_EDGE('',*,*,#2175,.F.);
#2285 = ORIENTED_EDGE('',*,*,#2236,.T.);
#2286 = ORIENTED_EDGE('',*,*,#2215,.T.);
#2287 = ORIENTED_EDGE('',*,*,#2258,.F.);
#2288 = PLANE('',#2289);
#2289 = AXIS2_PLACEMENT_3D('',#2290,#2291,#2292);
#2290 = CARTESIAN_POINT('',(825.,40.,4.));
#2291 = DIRECTION('',(0.,0.,1.));
#2292 = DIRECTION('',(1.,0.,0.));
#2293 = MANIFOLD_SOLID_BREP('',#2294);
#2294 = CLOSED_SHELL('',(#2295,#2335,#2538,#2642,#2677,#2694,#2805,#2822
    ,#2846,#2870,#2887,#2899,#2923,#2947,#2971,#2988,#3012,#3029,#3046,
    #3063,#3088,#3113,#3138,#3184,#3199,#3230,#3254,#3278,#3295,#3310,
    #3325,#3356,#3380,#3404,#3421,#3458,#3482,#3512,#3529));
#2295 = ADVANCED_FACE('',(#2296),#2330,.F.);
#2296 = FACE_BOUND('',#2297,.F.);
#2297 = EDGE_LOOP('',(#2298,#2308,#2316,#2324));
#2298 = ORIENTED_EDGE('',*,*,#2299,.F.);
#2299 = EDGE_CURVE('',#2300,#2302,#2304,.T.);
#2300 = VERTEX_POINT('',#2301);
#2301 = CARTESIAN_POINT('',(851.,-39.5,-1.5));
#2302 = VERTEX_POINT('',#2303);
#2303 = CARTESIAN_POINT('',(851.,-19.5,-1.5));
#2304 = LINE('',#2305,#2306);
#2305 = CARTESIAN_POINT('',(851.,-39.5,-1.5));
#2306 = VECTOR('',#2307,1.);
#2307 = DIRECTION('',(0.,1.,0.));
#2308 = ORIENTED_EDGE('',*,*,#2309,.F.);
#2309 = EDGE_CURVE('',#2310,#2300,#2312,.T.);
#2310 = VERTEX_POINT('',#2311);
#2311 = CARTESIAN_POINT('',(851.,-39.5,-4.));
#2312 = LINE('',#2313,#2314);
#2313 = CARTESIAN_POINT('',(851.,-39.5,-4.));
#2314 = VECTOR('',#2315,1.);
#2315 = DIRECTION('',(0.,0.,1.));
#2316 = ORIENTED_EDGE('',*,*,#2317,.T.);
#2317 = EDGE_CURVE('',#2310,#2318,#2320,.T.);
#2318 = VERTEX_POINT('',#2319);
#2319 = CARTESIAN_POINT('',(851.,-19.5,-4.));
#2320 = LINE('',#2321,#2322);
#2321 = CARTESIAN_POINT('',(851.,-39.5,-4.));
#2322 = VECTOR('',#2323,1.);
#2323 = DIRECTION('',(0.,1.,0.));
#2324 = ORIENTED_EDGE('',*,*,#2325,.F.);
#2325 = EDGE_CURVE('',#2302,#2318,#2326,.T.);
#2326 = LINE('',#2327,#2328);
#2327 = CARTESIAN_POINT('',(851.,-19.5,-4.));
#2328 = VECTOR('',#2329,1.);
#2329 = DIRECTION('',(0.,0.,-1.));
#2330 = PLANE('',#2331);
#2331 = AXIS2_PLACEMENT_3D('',#2332,#2333,#2334);
#2332 = CARTESIAN_POINT('',(851.,-39.5,-4.));
#2333 = DIRECTION('',(1.,0.,0.));
#2334 = DIRECTION('',(0.,0.,1.));
#2335 = ADVANCED_FACE('',(#2336,#2489,#2500,#2511,#2522),#2533,.T.);
#2336 = FACE_BOUND('',#2337,.T.);
#2337 = EDGE_LOOP('',(#2338,#2348,#2356,#2362,#2363,#2371,#2379,#2387,
    #2395,#2403,#2411,#2419,#2427,#2435,#2443,#2451,#2459,#2467,#2475,
    #2483));
#2338 = ORIENTED_EDGE('',*,*,#2339,.F.);
#2339 = EDGE_CURVE('',#2340,#2342,#2344,.T.);
#2340 = VERTEX_POINT('',#2341);
#2341 = CARTESIAN_POINT('',(845.5,19.5,-1.5));
#2342 = VERTEX_POINT('',#2343);
#2343 = CARTESIAN_POINT('',(851.,19.5,-1.5));
#2344 = LINE('',#2345,#2346);
#2345 = CARTESIAN_POINT('',(845.5,19.5,-1.5));
#2346 = VECTOR('',#2347,1.);
#2347 = DIRECTION('',(1.,0.,0.));
#2348 = ORIENTED_EDGE('',*,*,#2349,.F.);
#2349 = EDGE_CURVE('',#2350,#2340,#2352,.T.);
#2350 = VERTEX_POINT('',#2351);
#2351 = CARTESIAN_POINT('',(845.5,-19.5,-1.5));
#2352 = LINE('',#2353,#2354);
#2353 = CARTESIAN_POINT('',(845.5,-19.5,-1.5));
#2354 = VECTOR('',#2355,1.);
#2355 = DIRECTION('',(0.,1.,0.));
#2356 = ORIENTED_EDGE('',*,*,#2357,.T.);
#2357 = EDGE_CURVE('',#2350,#2302,#2358,.T.);
#2358 = LINE('',#2359,#2360);
#2359 = CARTESIAN_POINT('',(845.5,-19.5,-1.5));
#2360 = VECTOR('',#2361,1.);
#2361 = DIRECTION('',(1.,0.,0.));
#2362 = ORIENTED_EDGE('',*,*,#2299,.F.);
#2363 = ORIENTED_EDGE('',*,*,#2364,.T.);
#2364 = EDGE_CURVE('',#2300,#2365,#2367,.T.);
#2365 = VERTEX_POINT('',#2366);
#2366 = CARTESIAN_POINT('',(861.,-39.5,-1.5));
#2367 = LINE('',#2368,#2369);
#2368 = CARTESIAN_POINT('',(851.,-39.5,-1.5));
#2369 = VECTOR('',#2370,1.);
#2370 = DIRECTION('',(1.,0.,0.));
#2371 = ORIENTED_EDGE('',*,*,#2372,.T.);
#2372 = EDGE_CURVE('',#2365,#2373,#2375,.T.);
#2373 = VERTEX_POINT('',#2374);
#2374 = CARTESIAN_POINT('',(861.,-19.5,-1.5));
#2375 = LINE('',#2376,#2377);
#2376 = CARTESIAN_POINT('',(861.,-39.5,-1.5));
#2377 = VECTOR('',#2378,1.);
#2378 = DIRECTION('',(0.,1.,0.));
#2379 = ORIENTED_EDGE('',*,*,#2380,.T.);
#2380 = EDGE_CURVE('',#2373,#2381,#2383,.T.);
#2381 = VERTEX_POINT('',#2382);
#2382 = CARTESIAN_POINT('',(923.,-19.5,-1.5));
#2383 = LINE('',#2384,#2385);
#2384 = CARTESIAN_POINT('',(845.5,-19.5,-1.5));
#2385 = VECTOR('',#2386,1.);
#2386 = DIRECTION('',(1.,0.,0.));
#2387 = ORIENTED_EDGE('',*,*,#2388,.F.);
#2388 = EDGE_CURVE('',#2389,#2381,#2391,.T.);
#2389 = VERTEX_POINT('',#2390);
#2390 = CARTESIAN_POINT('',(923.,-39.5,-1.5));
#2391 = LINE('',#2392,#2393);
#2392 = CARTESIAN_POINT('',(923.,-39.5,-1.5));
#2393 = VECTOR('',#2394,1.);
#2394 = DIRECTION('',(0.,1.,0.));
#2395 = ORIENTED_EDGE('',*,*,#2396,.T.);
#2396 = EDGE_CURVE('',#2389,#2397,#2399,.T.);
#2397 = VERTEX_POINT('',#2398);
#2398 = CARTESIAN_POINT('',(933.,-39.5,-1.5));
#2399 = LINE('',#2400,#2401);
#2400 = CARTESIAN_POINT('',(923.,-39.5,-1.5));
#2401 = VECTOR('',#2402,1.);
#2402 = DIRECTION('',(1.,0.,0.));
#2403 = ORIENTED_EDGE('',*,*,#2404,.T.);
#2404 = EDGE_CURVE('',#2397,#2405,#2407,.T.);
#2405 = VERTEX_POINT('',#2406);
#2406 = CARTESIAN_POINT('',(933.,-19.5,-1.5));
#2407 = LINE('',#2408,#2409);
#2408 = CARTESIAN_POINT('',(933.,-39.5,-1.5));
#2409 = VECTOR('',#2410,1.);
#2410 = DIRECTION('',(0.,1.,0.));
#2411 = ORIENTED_EDGE('',*,*,#2412,.T.);
#2412 = EDGE_CURVE('',#2405,#2413,#2415,.T.);
#2413 = VERTEX_POINT('',#2414);
#2414 = CARTESIAN_POINT('',(938.5,-19.5,-1.5));
#2415 = LINE('',#2416,#2417);
#2416 = CARTESIAN_POINT('',(845.5,-19.5,-1.5));
#2417 = VECTOR('',#2418,1.);
#2418 = DIRECTION('',(1.,0.,0.));
#2419 = ORIENTED_EDGE('',*,*,#2420,.T.);
#2420 = EDGE_CURVE('',#2413,#2421,#2423,.T.);
#2421 = VERTEX_POINT('',#2422);
#2422 = CARTESIAN_POINT('',(938.5,19.5,-1.5));
#2423 = LINE('',#2424,#2425);
#2424 = CARTESIAN_POINT('',(938.5,-19.5,-1.5));
#2425 = VECTOR('',#2426,1.);
#2426 = DIRECTION('',(0.,1.,0.));
#2427 = ORIENTED_EDGE('',*,*,#2428,.F.);
#2428 = EDGE_CURVE('',#2429,#2421,#2431,.T.);
#2429 = VERTEX_POINT('',#2430);
#2430 = CARTESIAN_POINT('',(933.,19.5,-1.5));
#2431 = LINE('',#2432,#2433);
#2432 = CARTESIAN_POINT('',(845.5,19.5,-1.5));
#2433 = VECTOR('',#2434,1.);
#2434 = DIRECTION('',(1.,0.,0.));
#2435 = ORIENTED_EDGE('',*,*,#2436,.T.);
#2436 = EDGE_CURVE('',#2429,#2437,#2439,.T.);
#2437 = VERTEX_POINT('',#2438);
#2438 = CARTESIAN_POINT('',(933.,39.5,-1.5));
#2439 = LINE('',#2440,#2441);
#2440 = CARTESIAN_POINT('',(933.,17.5,-1.5));
#2441 = VECTOR('',#2442,1.);
#2442 = DIRECTION('',(0.,1.,0.));
#2443 = ORIENTED_EDGE('',*,*,#2444,.F.);
#2444 = EDGE_CURVE('',#2445,#2437,#2447,.T.);
#2445 = VERTEX_POINT('',#2446);
#2446 = CARTESIAN_POINT('',(923.,39.5,-1.5));
#2447 = LINE('',#2448,#2449);
#2448 = CARTESIAN_POINT('',(923.,39.5,-1.5));
#2449 = VECTOR('',#2450,1.);
#2450 = DIRECTION('',(1.,0.,0.));
#2451 = ORIENTED_EDGE('',*,*,#2452,.F.);
#2452 = EDGE_CURVE('',#2453,#2445,#2455,.T.);
#2453 = VERTEX_POINT('',#2454);
#2454 = CARTESIAN_POINT('',(923.,19.5,-1.5));
#2455 = LINE('',#2456,#2457);
#2456 = CARTESIAN_POINT('',(923.,17.5,-1.5));
#2457 = VECTOR('',#2458,1.);
#2458 = DIRECTION('',(0.,1.,0.));
#2459 = ORIENTED_EDGE('',*,*,#2460,.F.);
#2460 = EDGE_CURVE('',#2461,#2453,#2463,.T.);
#2461 = VERTEX_POINT('',#2462);
#2462 = CARTESIAN_POINT('',(861.,19.5,-1.5));
#2463 = LINE('',#2464,#2465);
#2464 = CARTESIAN_POINT('',(845.5,19.5,-1.5));
#2465 = VECTOR('',#2466,1.);
#2466 = DIRECTION('',(1.,0.,0.));
#2467 = ORIENTED_EDGE('',*,*,#2468,.T.);
#2468 = EDGE_CURVE('',#2461,#2469,#2471,.T.);
#2469 = VERTEX_POINT('',#2470);
#2470 = CARTESIAN_POINT('',(861.,39.5,-1.5));
#2471 = LINE('',#2472,#2473);
#2472 = CARTESIAN_POINT('',(861.,17.5,-1.5));
#2473 = VECTOR('',#2474,1.);
#2474 = DIRECTION('',(0.,1.,0.));
#2475 = ORIENTED_EDGE('',*,*,#2476,.F.);
#2476 = EDGE_CURVE('',#2477,#2469,#2479,.T.);
#2477 = VERTEX_POINT('',#2478);
#2478 = CARTESIAN_POINT('',(851.,39.5,-1.5));
#2479 = LINE('',#2480,#2481);
#2480 = CARTESIAN_POINT('',(851.,39.5,-1.5));
#2481 = VECTOR('',#2482,1.);
#2482 = DIRECTION('',(1.,0.,0.));
#2483 = ORIENTED_EDGE('',*,*,#2484,.F.);
#2484 = EDGE_CURVE('',#2342,#2477,#2485,.T.);
#2485 = LINE('',#2486,#2487);
#2486 = CARTESIAN_POINT('',(851.,17.5,-1.5));
#2487 = VECTOR('',#2488,1.);
#2488 = DIRECTION('',(0.,1.,0.));
#2489 = FACE_BOUND('',#2490,.T.);
#2490 = EDGE_LOOP('',(#2491));
#2491 = ORIENTED_EDGE('',*,*,#2492,.T.);
#2492 = EDGE_CURVE('',#2493,#2493,#2495,.T.);
#2493 = VERTEX_POINT('',#2494);
#2494 = CARTESIAN_POINT('',(857.7,-35.5,-1.5));
#2495 = CIRCLE('',#2496,1.7);
#2496 = AXIS2_PLACEMENT_3D('',#2497,#2498,#2499);
#2497 = CARTESIAN_POINT('',(856.,-35.5,-1.5));
#2498 = DIRECTION('',(0.,0.,-1.));
#2499 = DIRECTION('',(1.,0.,0.));
#2500 = FACE_BOUND('',#2501,.T.);
#2501 = EDGE_LOOP('',(#2502));
#2502 = ORIENTED_EDGE('',*,*,#2503,.T.);
#2503 = EDGE_CURVE('',#2504,#2504,#2506,.T.);
#2504 = VERTEX_POINT('',#2505);
#2505 = CARTESIAN_POINT('',(929.7,-35.5,-1.5));
#2506 = CIRCLE('',#2507,1.7);
#2507 = AXIS2_PLACEMENT_3D('',#2508,#2509,#2510);
#2508 = CARTESIAN_POINT('',(928.,-35.5,-1.5));
#2509 = DIRECTION('',(0.,0.,-1.));
#2510 = DIRECTION('',(1.,0.,0.));
#2511 = FACE_BOUND('',#2512,.T.);
#2512 = EDGE_LOOP('',(#2513));
#2513 = ORIENTED_EDGE('',*,*,#2514,.T.);
#2514 = EDGE_CURVE('',#2515,#2515,#2517,.T.);
#2515 = VERTEX_POINT('',#2516);
#2516 = CARTESIAN_POINT('',(857.7,35.5,-1.5));
#2517 = CIRCLE('',#2518,1.7);
#2518 = AXIS2_PLACEMENT_3D('',#2519,#2520,#2521);
#2519 = CARTESIAN_POINT('',(856.,35.5,-1.5));
#2520 = DIRECTION('',(0.,0.,-1.));
#2521 = DIRECTION('',(1.,0.,0.));
#2522 = FACE_BOUND('',#2523,.T.);
#2523 = EDGE_LOOP('',(#2524));
#2524 = ORIENTED_EDGE('',*,*,#2525,.T.);
#2525 = EDGE_CURVE('',#2526,#2526,#2528,.T.);
#2526 = VERTEX_POINT('',#2527);
#2527 = CARTESIAN_POINT('',(929.7,35.5,-1.5));
#2528 = CIRCLE('',#2529,1.7);
#2529 = AXIS2_PLACEMENT_3D('',#2530,#2531,#2532);
#2530 = CARTESIAN_POINT('',(928.,35.5,-1.5));
#2531 = DIRECTION('',(0.,0.,-1.));
#2532 = DIRECTION('',(1.,0.,0.));
#2533 = PLANE('',#2534);
#2534 = AXIS2_PLACEMENT_3D('',#2535,#2536,#2537);
#2535 = CARTESIAN_POINT('',(892.,0.,-1.5));
#2536 = DIRECTION('',(0.,0.,1.));
#2537 = DIRECTION('',(1.,0.,0.));
#2538 = ADVANCED_FACE('',(#2539,#2603),#2637,.T.);
#2539 = FACE_BOUND('',#2540,.T.);
#2540 = EDGE_LOOP('',(#2541,#2542,#2543,#2551,#2559,#2565,#2566,#2574,
    #2582,#2588,#2589,#2597));
#2541 = ORIENTED_EDGE('',*,*,#2325,.F.);
#2542 = ORIENTED_EDGE('',*,*,#2357,.F.);
#2543 = ORIENTED_EDGE('',*,*,#2544,.F.);
#2544 = EDGE_CURVE('',#2545,#2350,#2547,.T.);
#2545 = VERTEX_POINT('',#2546);
#2546 = CARTESIAN_POINT('',(845.5,-19.5,-25.));
#2547 = LINE('',#2548,#2549);
#2548 = CARTESIAN_POINT('',(845.5,-19.5,-4.));
#2549 = VECTOR('',#2550,1.);
#2550 = DIRECTION('',(0.,0.,1.));
#2551 = ORIENTED_EDGE('',*,*,#2552,.T.);
#2552 = EDGE_CURVE('',#2545,#2553,#2555,.T.);
#2553 = VERTEX_POINT('',#2554);
#2554 = CARTESIAN_POINT('',(938.5,-19.5,-25.));
#2555 = LINE('',#2556,#2557);
#2556 = CARTESIAN_POINT('',(845.5,-19.5,-25.));
#2557 = VECTOR('',#2558,1.);
#2558 = DIRECTION('',(1.,0.,0.));
#2559 = ORIENTED_EDGE('',*,*,#2560,.T.);
#2560 = EDGE_CURVE('',#2553,#2413,#2561,.T.);
#2561 = LINE('',#2562,#2563);
#2562 = CARTESIAN_POINT('',(938.5,-19.5,-25.));
#2563 = VECTOR('',#2564,1.);
#2564 = DIRECTION('',(0.,0.,1.));
#2565 = ORIENTED_EDGE('',*,*,#2412,.F.);
#2566 = ORIENTED_EDGE('',*,*,#2567,.T.);
#2567 = EDGE_CURVE('',#2405,#2568,#2570,.T.);
#2568 = VERTEX_POINT('',#2569);
#2569 = CARTESIAN_POINT('',(933.,-19.5,-4.));
#2570 = LINE('',#2571,#2572);
#2571 = CARTESIAN_POINT('',(933.,-19.5,-4.));
#2572 = VECTOR('',#2573,1.);
#2573 = DIRECTION('',(0.,0.,-1.));
#2574 = ORIENTED_EDGE('',*,*,#2575,.F.);
#2575 = EDGE_CURVE('',#2576,#2568,#2578,.T.);
#2576 = VERTEX_POINT('',#2577);
#2577 = CARTESIAN_POINT('',(923.,-19.5,-4.));
#2578 = LINE('',#2579,#2580);
#2579 = CARTESIAN_POINT('',(845.5,-19.5,-4.));
#2580 = VECTOR('',#2581,1.);
#2581 = DIRECTION('',(1.,0.,0.));
#2582 = ORIENTED_EDGE('',*,*,#2583,.F.);
#2583 = EDGE_CURVE('',#2381,#2576,#2584,.T.);
#2584 = LINE('',#2585,#2586);
#2585 = CARTESIAN_POINT('',(923.,-19.5,-4.));
#2586 = VECTOR('',#2587,1.);
#2587 = DIRECTION('',(0.,0.,-1.));
#2588 = ORIENTED_EDGE('',*,*,#2380,.F.);
#2589 = ORIENTED_EDGE('',*,*,#2590,.T.);
#2590 = EDGE_CURVE('',#2373,#2591,#2593,.T.);
#2591 = VERTEX_POINT('',#2592);
#2592 = CARTESIAN_POINT('',(861.,-19.5,-4.));
#2593 = LINE('',#2594,#2595);
#2594 = CARTESIAN_POINT('',(861.,-19.5,-4.));
#2595 = VECTOR('',#2596,1.);
#2596 = DIRECTION('',(0.,0.,-1.));
#2597 = ORIENTED_EDGE('',*,*,#2598,.F.);
#2598 = EDGE_CURVE('',#2318,#2591,#2599,.T.);
#2599 = LINE('',#2600,#2601);
#2600 = CARTESIAN_POINT('',(845.5,-19.5,-4.));
#2601 = VECTOR('',#2602,1.);
#2602 = DIRECTION('',(1.,0.,0.));
#2603 = FACE_BOUND('',#2604,.T.);
#2604 = EDGE_LOOP('',(#2605,#2615,#2623,#2631));
#2605 = ORIENTED_EDGE('',*,*,#2606,.T.);
#2606 = EDGE_CURVE('',#2607,#2609,#2611,.T.);
#2607 = VERTEX_POINT('',#2608);
#2608 = CARTESIAN_POINT('',(871.,-19.5,-11.));
#2609 = VERTEX_POINT('',#2610);
#2610 = CARTESIAN_POINT('',(913.,-19.5,-11.));
#2611 = LINE('',#2612,#2613);
#2612 = CARTESIAN_POINT('',(858.25,-19.5,-11.));
#2613 = VECTOR('',#2614,1.);
#2614 = DIRECTION('',(1.,0.,0.));
#2615 = ORIENTED_EDGE('',*,*,#2616,.T.);
#2616 = EDGE_CURVE('',#2609,#2617,#2619,.T.);
#2617 = VERTEX_POINT('',#2618);
#2618 = CARTESIAN_POINT('',(913.,-19.5,-21.));
#2619 = LINE('',#2620,#2621);
#2620 = CARTESIAN_POINT('',(913.,-19.5,-23.));
#2621 = VECTOR('',#2622,1.);
#2622 = DIRECTION('',(0.,0.,-1.));
#2623 = ORIENTED_EDGE('',*,*,#2624,.F.);
#2624 = EDGE_CURVE('',#2625,#2617,#2627,.T.);
#2625 = VERTEX_POINT('',#2626);
#2626 = CARTESIAN_POINT('',(871.,-19.5,-21.));
#2627 = LINE('',#2628,#2629);
#2628 = CARTESIAN_POINT('',(858.25,-19.5,-21.));
#2629 = VECTOR('',#2630,1.);
#2630 = DIRECTION('',(1.,0.,0.));
#2631 = ORIENTED_EDGE('',*,*,#2632,.F.);
#2632 = EDGE_CURVE('',#2607,#2625,#2633,.T.);
#2633 = LINE('',#2634,#2635);
#2634 = CARTESIAN_POINT('',(871.,-19.5,-23.));
#2635 = VECTOR('',#2636,1.);
#2636 = DIRECTION('',(0.,0.,-1.));
#2637 = PLANE('',#2638);
#2638 = AXIS2_PLACEMENT_3D('',#2639,#2640,#2641);
#2639 = CARTESIAN_POINT('',(892.,-19.5,-13.02366255144));
#2640 = DIRECTION('',(-0.,-1.,-0.));
#2641 = DIRECTION('',(0.,0.,-1.));
#2642 = ADVANCED_FACE('',(#2643,#2661),#2672,.F.);
#2643 = FACE_BOUND('',#2644,.F.);
#2644 = EDGE_LOOP('',(#2645,#2646,#2654,#2660));
#2645 = ORIENTED_EDGE('',*,*,#2317,.F.);
#2646 = ORIENTED_EDGE('',*,*,#2647,.T.);
#2647 = EDGE_CURVE('',#2310,#2648,#2650,.T.);
#2648 = VERTEX_POINT('',#2649);
#2649 = CARTESIAN_POINT('',(861.,-39.5,-4.));
#2650 = LINE('',#2651,#2652);
#2651 = CARTESIAN_POINT('',(851.,-39.5,-4.));
#2652 = VECTOR('',#2653,1.);
#2653 = DIRECTION('',(1.,0.,0.));
#2654 = ORIENTED_EDGE('',*,*,#2655,.T.);
#2655 = EDGE_CURVE('',#2648,#2591,#2656,.T.);
#2656 = LINE('',#2657,#2658);
#2657 = CARTESIAN_POINT('',(861.,-39.5,-4.));
#2658 = VECTOR('',#2659,1.);
#2659 = DIRECTION('',(0.,1.,0.));
#2660 = ORIENTED_EDGE('',*,*,#2598,.F.);
#2661 = FACE_BOUND('',#2662,.F.);
#2662 = EDGE_LOOP('',(#2663));
#2663 = ORIENTED_EDGE('',*,*,#2664,.T.);
#2664 = EDGE_CURVE('',#2665,#2665,#2667,.T.);
#2665 = VERTEX_POINT('',#2666);
#2666 = CARTESIAN_POINT('',(857.7,-35.5,-4.));
#2667 = CIRCLE('',#2668,1.7);
#2668 = AXIS2_PLACEMENT_3D('',#2669,#2670,#2671);
#2669 = CARTESIAN_POINT('',(856.,-35.5,-4.));
#2670 = DIRECTION('',(0.,0.,-1.));
#2671 = DIRECTION('',(1.,0.,0.));
#2672 = PLANE('',#2673);
#2673 = AXIS2_PLACEMENT_3D('',#2674,#2675,#2676);
#2674 = CARTESIAN_POINT('',(851.,-39.5,-4.));
#2675 = DIRECTION('',(0.,0.,1.));
#2676 = DIRECTION('',(1.,0.,0.));
#2677 = ADVANCED_FACE('',(#2678),#2689,.F.);
#2678 = FACE_BOUND('',#2679,.F.);
#2679 = EDGE_LOOP('',(#2680,#2681,#2682,#2683));
#2680 = ORIENTED_EDGE('',*,*,#2647,.F.);
#2681 = ORIENTED_EDGE('',*,*,#2309,.T.);
#2682 = ORIENTED_EDGE('',*,*,#2364,.T.);
#2683 = ORIENTED_EDGE('',*,*,#2684,.F.);
#2684 = EDGE_CURVE('',#2648,#2365,#2685,.T.);
#2685 = LINE('',#2686,#2687);
#2686 = CARTESIAN_POINT('',(861.,-39.5,-4.));
#2687 = VECTOR('',#2688,1.);
#2688 = DIRECTION('',(0.,0.,1.));
#2689 = PLANE('',#2690);
#2690 = AXIS2_PLACEMENT_3D('',#2691,#2692,#2693);
#2691 = CARTESIAN_POINT('',(851.,-39.5,-4.));
#2692 = DIRECTION('',(0.,1.,0.));
#2693 = DIRECTION('',(0.,0.,1.));
#2694 = ADVANCED_FACE('',(#2695,#2766),#2800,.T.);
#2695 = FACE_BOUND('',#2696,.T.);
#2696 = EDGE_LOOP('',(#2697,#2705,#2713,#2719,#2720,#2728,#2736,#2742,
    #2743,#2751,#2759,#2765));
#2697 = ORIENTED_EDGE('',*,*,#2698,.T.);
#2698 = EDGE_CURVE('',#2342,#2699,#2701,.T.);
#2699 = VERTEX_POINT('',#2700);
#2700 = CARTESIAN_POINT('',(851.,19.5,-4.));
#2701 = LINE('',#2702,#2703);
#2702 = CARTESIAN_POINT('',(851.,19.5,-4.));
#2703 = VECTOR('',#2704,1.);
#2704 = DIRECTION('',(0.,0.,-1.));
#2705 = ORIENTED_EDGE('',*,*,#2706,.T.);
#2706 = EDGE_CURVE('',#2699,#2707,#2709,.T.);
#2707 = VERTEX_POINT('',#2708);
#2708 = CARTESIAN_POINT('',(861.,19.5,-4.));
#2709 = LINE('',#2710,#2711);
#2710 = CARTESIAN_POINT('',(845.5,19.5,-4.));
#2711 = VECTOR('',#2712,1.);
#2712 = DIRECTION('',(1.,0.,0.));
#2713 = ORIENTED_EDGE('',*,*,#2714,.F.);
#2714 = EDGE_CURVE('',#2461,#2707,#2715,.T.);
#2715 = LINE('',#2716,#2717);
#2716 = CARTESIAN_POINT('',(861.,19.5,-4.));
#2717 = VECTOR('',#2718,1.);
#2718 = DIRECTION('',(0.,0.,-1.));
#2719 = ORIENTED_EDGE('',*,*,#2460,.T.);
#2720 = ORIENTED_EDGE('',*,*,#2721,.T.);
#2721 = EDGE_CURVE('',#2453,#2722,#2724,.T.);
#2722 = VERTEX_POINT('',#2723);
#2723 = CARTESIAN_POINT('',(923.,19.5,-4.));
#2724 = LINE('',#2725,#2726);
#2725 = CARTESIAN_POINT('',(923.,19.5,-4.));
#2726 = VECTOR('',#2727,1.);
#2727 = DIRECTION('',(0.,0.,-1.));
#2728 = ORIENTED_EDGE('',*,*,#2729,.T.);
#2729 = EDGE_CURVE('',#2722,#2730,#2732,.T.);
#2730 = VERTEX_POINT('',#2731);
#2731 = CARTESIAN_POINT('',(933.,19.5,-4.));
#2732 = LINE('',#2733,#2734);
#2733 = CARTESIAN_POINT('',(845.5,19.5,-4.));
#2734 = VECTOR('',#2735,1.);
#2735 = DIRECTION('',(1.,0.,0.));
#2736 = ORIENTED_EDGE('',*,*,#2737,.F.);
#2737 = EDGE_CURVE('',#2429,#2730,#2738,.T.);
#2738 = LINE('',#2739,#2740);
#2739 = CARTESIAN_POINT('',(933.,19.5,-4.));
#2740 = VECTOR('',#2741,1.);
#2741 = DIRECTION('',(0.,0.,-1.));
#2742 = ORIENTED_EDGE('',*,*,#2428,.T.);
#2743 = ORIENTED_EDGE('',*,*,#2744,.F.);
#2744 = EDGE_CURVE('',#2745,#2421,#2747,.T.);
#2745 = VERTEX_POINT('',#2746);
#2746 = CARTESIAN_POINT('',(938.5,19.5,-25.));
#2747 = LINE('',#2748,#2749);
#2748 = CARTESIAN_POINT('',(938.5,19.5,-4.));
#2749 = VECTOR('',#2750,1.);
#2750 = DIRECTION('',(0.,0.,1.));
#2751 = ORIENTED_EDGE('',*,*,#2752,.F.);
#2752 = EDGE_CURVE('',#2753,#2745,#2755,.T.);
#2753 = VERTEX_POINT('',#2754);
#2754 = CARTESIAN_POINT('',(845.5,19.5,-25.));
#2755 = LINE('',#2756,#2757);
#2756 = CARTESIAN_POINT('',(845.5,19.5,-25.));
#2757 = VECTOR('',#2758,1.);
#2758 = DIRECTION('',(1.,0.,0.));
#2759 = ORIENTED_EDGE('',*,*,#2760,.T.);
#2760 = EDGE_CURVE('',#2753,#2340,#2761,.T.);
#2761 = LINE('',#2762,#2763);
#2762 = CARTESIAN_POINT('',(845.5,19.5,-4.));
#2763 = VECTOR('',#2764,1.);
#2764 = DIRECTION('',(0.,0.,1.));
#2765 = ORIENTED_EDGE('',*,*,#2339,.T.);
#2766 = FACE_BOUND('',#2767,.T.);
#2767 = EDGE_LOOP('',(#2768,#2778,#2786,#2794));
#2768 = ORIENTED_EDGE('',*,*,#2769,.F.);
#2769 = EDGE_CURVE('',#2770,#2772,#2774,.T.);
#2770 = VERTEX_POINT('',#2771);
#2771 = CARTESIAN_POINT('',(871.,19.5,-11.));
#2772 = VERTEX_POINT('',#2773);
#2773 = CARTESIAN_POINT('',(913.,19.5,-11.));
#2774 = LINE('',#2775,#2776);
#2775 = CARTESIAN_POINT('',(858.25,19.5,-11.));
#2776 = VECTOR('',#2777,1.);
#2777 = DIRECTION('',(1.,0.,0.));
#2778 = ORIENTED_EDGE('',*,*,#2779,.T.);
#2779 = EDGE_CURVE('',#2770,#2780,#2782,.T.);
#2780 = VERTEX_POINT('',#2781);
#2781 = CARTESIAN_POINT('',(871.,19.5,-21.));
#2782 = LINE('',#2783,#2784);
#2783 = CARTESIAN_POINT('',(871.,19.5,-23.));
#2784 = VECTOR('',#2785,1.);
#2785 = DIRECTION('',(0.,0.,-1.));
#2786 = ORIENTED_EDGE('',*,*,#2787,.T.);
#2787 = EDGE_CURVE('',#2780,#2788,#2790,.T.);
#2788 = VERTEX_POINT('',#2789);
#2789 = CARTESIAN_POINT('',(913.,19.5,-21.));
#2790 = LINE('',#2791,#2792);
#2791 = CARTESIAN_POINT('',(858.25,19.5,-21.));
#2792 = VECTOR('',#2793,1.);
#2793 = DIRECTION('',(1.,0.,0.));
#2794 = ORIENTED_EDGE('',*,*,#2795,.F.);
#2795 = EDGE_CURVE('',#2772,#2788,#2796,.T.);
#2796 = LINE('',#2797,#2798);
#2797 = CARTESIAN_POINT('',(913.,19.5,-23.));
#2798 = VECTOR('',#2799,1.);
#2799 = DIRECTION('',(0.,0.,-1.));
#2800 = PLANE('',#2801);
#2801 = AXIS2_PLACEMENT_3D('',#2802,#2803,#2804);
#2802 = CARTESIAN_POINT('',(892.,19.5,-13.02366255144));
#2803 = DIRECTION('',(0.,1.,0.));
#2804 = DIRECTION('',(0.,0.,1.));
#2805 = ADVANCED_FACE('',(#2806),#2817,.T.);
#2806 = FACE_BOUND('',#2807,.T.);
#2807 = EDGE_LOOP('',(#2808,#2809,#2810,#2811));
#2808 = ORIENTED_EDGE('',*,*,#2544,.T.);
#2809 = ORIENTED_EDGE('',*,*,#2349,.T.);
#2810 = ORIENTED_EDGE('',*,*,#2760,.F.);
#2811 = ORIENTED_EDGE('',*,*,#2812,.F.);
#2812 = EDGE_CURVE('',#2545,#2753,#2813,.T.);
#2813 = LINE('',#2814,#2815);
#2814 = CARTESIAN_POINT('',(845.5,-19.5,-25.));
#2815 = VECTOR('',#2816,1.);
#2816 = DIRECTION('',(0.,1.,0.));
#2817 = PLANE('',#2818);
#2818 = AXIS2_PLACEMENT_3D('',#2819,#2820,#2821);
#2819 = CARTESIAN_POINT('',(845.5,0.,-13.25));
#2820 = DIRECTION('',(-1.,-0.,-0.));
#2821 = DIRECTION('',(0.,0.,-1.));
#2822 = ADVANCED_FACE('',(#2823),#2841,.F.);
#2823 = FACE_BOUND('',#2824,.F.);
#2824 = EDGE_LOOP('',(#2825,#2826,#2834,#2840));
#2825 = ORIENTED_EDGE('',*,*,#2698,.T.);
#2826 = ORIENTED_EDGE('',*,*,#2827,.T.);
#2827 = EDGE_CURVE('',#2699,#2828,#2830,.T.);
#2828 = VERTEX_POINT('',#2829);
#2829 = CARTESIAN_POINT('',(851.,39.5,-4.));
#2830 = LINE('',#2831,#2832);
#2831 = CARTESIAN_POINT('',(851.,17.5,-4.));
#2832 = VECTOR('',#2833,1.);
#2833 = DIRECTION('',(0.,1.,0.));
#2834 = ORIENTED_EDGE('',*,*,#2835,.T.);
#2835 = EDGE_CURVE('',#2828,#2477,#2836,.T.);
#2836 = LINE('',#2837,#2838);
#2837 = CARTESIAN_POINT('',(851.,39.5,-4.));
#2838 = VECTOR('',#2839,1.);
#2839 = DIRECTION('',(0.,0.,1.));
#2840 = ORIENTED_EDGE('',*,*,#2484,.F.);
#2841 = PLANE('',#2842);
#2842 = AXIS2_PLACEMENT_3D('',#2843,#2844,#2845);
#2843 = CARTESIAN_POINT('',(851.,17.5,-4.));
#2844 = DIRECTION('',(1.,0.,0.));
#2845 = DIRECTION('',(0.,0.,1.));
#2846 = ADVANCED_FACE('',(#2847),#2865,.T.);
#2847 = FACE_BOUND('',#2848,.T.);
#2848 = EDGE_LOOP('',(#2849,#2857,#2858,#2859));
#2849 = ORIENTED_EDGE('',*,*,#2850,.F.);
#2850 = EDGE_CURVE('',#2828,#2851,#2853,.T.);
#2851 = VERTEX_POINT('',#2852);
#2852 = CARTESIAN_POINT('',(861.,39.5,-4.));
#2853 = LINE('',#2854,#2855);
#2854 = CARTESIAN_POINT('',(851.,39.5,-4.));
#2855 = VECTOR('',#2856,1.);
#2856 = DIRECTION('',(1.,0.,0.));
#2857 = ORIENTED_EDGE('',*,*,#2835,.T.);
#2858 = ORIENTED_EDGE('',*,*,#2476,.T.);
#2859 = ORIENTED_EDGE('',*,*,#2860,.F.);
#2860 = EDGE_CURVE('',#2851,#2469,#2861,.T.);
#2861 = LINE('',#2862,#2863);
#2862 = CARTESIAN_POINT('',(861.,39.5,-4.));
#2863 = VECTOR('',#2864,1.);
#2864 = DIRECTION('',(0.,0.,1.));
#2865 = PLANE('',#2866);
#2866 = AXIS2_PLACEMENT_3D('',#2867,#2868,#2869);
#2867 = CARTESIAN_POINT('',(851.,39.5,-4.));
#2868 = DIRECTION('',(0.,1.,0.));
#2869 = DIRECTION('',(0.,0.,1.));
#2870 = ADVANCED_FACE('',(#2871),#2882,.T.);
#2871 = FACE_BOUND('',#2872,.T.);
#2872 = EDGE_LOOP('',(#2873,#2874,#2880,#2881));
#2873 = ORIENTED_EDGE('',*,*,#2714,.T.);
#2874 = ORIENTED_EDGE('',*,*,#2875,.T.);
#2875 = EDGE_CURVE('',#2707,#2851,#2876,.T.);
#2876 = LINE('',#2877,#2878);
#2877 = CARTESIAN_POINT('',(861.,17.5,-4.));
#2878 = VECTOR('',#2879,1.);
#2879 = DIRECTION('',(0.,1.,0.));
#2880 = ORIENTED_EDGE('',*,*,#2860,.T.);
#2881 = ORIENTED_EDGE('',*,*,#2468,.F.);
#2882 = PLANE('',#2883);
#2883 = AXIS2_PLACEMENT_3D('',#2884,#2885,#2886);
#2884 = CARTESIAN_POINT('',(861.,17.5,-4.));
#2885 = DIRECTION('',(1.,0.,0.));
#2886 = DIRECTION('',(0.,0.,1.));
#2887 = ADVANCED_FACE('',(#2888),#2894,.T.);
#2888 = FACE_BOUND('',#2889,.T.);
#2889 = EDGE_LOOP('',(#2890,#2891,#2892,#2893));
#2890 = ORIENTED_EDGE('',*,*,#2372,.F.);
#2891 = ORIENTED_EDGE('',*,*,#2684,.F.);
#2892 = ORIENTED_EDGE('',*,*,#2655,.T.);
#2893 = ORIENTED_EDGE('',*,*,#2590,.F.);
#2894 = PLANE('',#2895);
#2895 = AXIS2_PLACEMENT_3D('',#2896,#2897,#2898);
#2896 = CARTESIAN_POINT('',(861.,-39.5,-4.));
#2897 = DIRECTION('',(1.,0.,0.));
#2898 = DIRECTION('',(0.,0.,1.));
#2899 = ADVANCED_FACE('',(#2900),#2918,.F.);
#2900 = FACE_BOUND('',#2901,.F.);
#2901 = EDGE_LOOP('',(#2902,#2903,#2911,#2917));
#2902 = ORIENTED_EDGE('',*,*,#2721,.T.);
#2903 = ORIENTED_EDGE('',*,*,#2904,.T.);
#2904 = EDGE_CURVE('',#2722,#2905,#2907,.T.);
#2905 = VERTEX_POINT('',#2906);
#2906 = CARTESIAN_POINT('',(923.,39.5,-4.));
#2907 = LINE('',#2908,#2909);
#2908 = CARTESIAN_POINT('',(923.,17.5,-4.));
#2909 = VECTOR('',#2910,1.);
#2910 = DIRECTION('',(0.,1.,0.));
#2911 = ORIENTED_EDGE('',*,*,#2912,.T.);
#2912 = EDGE_CURVE('',#2905,#2445,#2913,.T.);
#2913 = LINE('',#2914,#2915);
#2914 = CARTESIAN_POINT('',(923.,39.5,-4.));
#2915 = VECTOR('',#2916,1.);
#2916 = DIRECTION('',(0.,0.,1.));
#2917 = ORIENTED_EDGE('',*,*,#2452,.F.);
#2918 = PLANE('',#2919);
#2919 = AXIS2_PLACEMENT_3D('',#2920,#2921,#2922);
#2920 = CARTESIAN_POINT('',(923.,17.5,-4.));
#2921 = DIRECTION('',(1.,0.,0.));
#2922 = DIRECTION('',(0.,0.,1.));
#2923 = ADVANCED_FACE('',(#2924),#2942,.T.);
#2924 = FACE_BOUND('',#2925,.T.);
#2925 = EDGE_LOOP('',(#2926,#2934,#2935,#2936));
#2926 = ORIENTED_EDGE('',*,*,#2927,.F.);
#2927 = EDGE_CURVE('',#2905,#2928,#2930,.T.);
#2928 = VERTEX_POINT('',#2929);
#2929 = CARTESIAN_POINT('',(933.,39.5,-4.));
#2930 = LINE('',#2931,#2932);
#2931 = CARTESIAN_POINT('',(923.,39.5,-4.));
#2932 = VECTOR('',#2933,1.);
#2933 = DIRECTION('',(1.,0.,0.));
#2934 = ORIENTED_EDGE('',*,*,#2912,.T.);
#2935 = ORIENTED_EDGE('',*,*,#2444,.T.);
#2936 = ORIENTED_EDGE('',*,*,#2937,.F.);
#2937 = EDGE_CURVE('',#2928,#2437,#2938,.T.);
#2938 = LINE('',#2939,#2940);
#2939 = CARTESIAN_POINT('',(933.,39.5,-4.));
#2940 = VECTOR('',#2941,1.);
#2941 = DIRECTION('',(0.,0.,1.));
#2942 = PLANE('',#2943);
#2943 = AXIS2_PLACEMENT_3D('',#2944,#2945,#2946);
#2944 = CARTESIAN_POINT('',(923.,39.5,-4.));
#2945 = DIRECTION('',(0.,1.,0.));
#2946 = DIRECTION('',(0.,0.,1.));
#2947 = ADVANCED_FACE('',(#2948),#2966,.F.);
#2948 = FACE_BOUND('',#2949,.F.);
#2949 = EDGE_LOOP('',(#2950,#2951,#2959,#2965));
#2950 = ORIENTED_EDGE('',*,*,#2388,.F.);
#2951 = ORIENTED_EDGE('',*,*,#2952,.F.);
#2952 = EDGE_CURVE('',#2953,#2389,#2955,.T.);
#2953 = VERTEX_POINT('',#2954);
#2954 = CARTESIAN_POINT('',(923.,-39.5,-4.));
#2955 = LINE('',#2956,#2957);
#2956 = CARTESIAN_POINT('',(923.,-39.5,-4.));
#2957 = VECTOR('',#2958,1.);
#2958 = DIRECTION('',(0.,0.,1.));
#2959 = ORIENTED_EDGE('',*,*,#2960,.T.);
#2960 = EDGE_CURVE('',#2953,#2576,#2961,.T.);
#2961 = LINE('',#2962,#2963);
#2962 = CARTESIAN_POINT('',(923.,-39.5,-4.));
#2963 = VECTOR('',#2964,1.);
#2964 = DIRECTION('',(0.,1.,0.));
#2965 = ORIENTED_EDGE('',*,*,#2583,.F.);
#2966 = PLANE('',#2967);
#2967 = AXIS2_PLACEMENT_3D('',#2968,#2969,#2970);
#2968 = CARTESIAN_POINT('',(923.,-39.5,-4.));
#2969 = DIRECTION('',(1.,0.,0.));
#2970 = DIRECTION('',(0.,0.,1.));
#2971 = ADVANCED_FACE('',(#2972),#2983,.T.);
#2972 = FACE_BOUND('',#2973,.T.);
#2973 = EDGE_LOOP('',(#2974,#2975,#2981,#2982));
#2974 = ORIENTED_EDGE('',*,*,#2737,.T.);
#2975 = ORIENTED_EDGE('',*,*,#2976,.T.);
#2976 = EDGE_CURVE('',#2730,#2928,#2977,.T.);
#2977 = LINE('',#2978,#2979);
#2978 = CARTESIAN_POINT('',(933.,17.5,-4.));
#2979 = VECTOR('',#2980,1.);
#2980 = DIRECTION('',(0.,1.,0.));
#2981 = ORIENTED_EDGE('',*,*,#2937,.T.);
#2982 = ORIENTED_EDGE('',*,*,#2436,.F.);
#2983 = PLANE('',#2984);
#2984 = AXIS2_PLACEMENT_3D('',#2985,#2986,#2987);
#2985 = CARTESIAN_POINT('',(933.,17.5,-4.));
#2986 = DIRECTION('',(1.,0.,0.));
#2987 = DIRECTION('',(0.,0.,1.));
#2988 = ADVANCED_FACE('',(#2989),#3007,.F.);
#2989 = FACE_BOUND('',#2990,.F.);
#2990 = EDGE_LOOP('',(#2991,#2999,#3000,#3001));
#2991 = ORIENTED_EDGE('',*,*,#2992,.F.);
#2992 = EDGE_CURVE('',#2953,#2993,#2995,.T.);
#2993 = VERTEX_POINT('',#2994);
#2994 = CARTESIAN_POINT('',(933.,-39.5,-4.));
#2995 = LINE('',#2996,#2997);
#2996 = CARTESIAN_POINT('',(923.,-39.5,-4.));
#2997 = VECTOR('',#2998,1.);
#2998 = DIRECTION('',(1.,0.,0.));
#2999 = ORIENTED_EDGE('',*,*,#2952,.T.);
#3000 = ORIENTED_EDGE('',*,*,#2396,.T.);
#3001 = ORIENTED_EDGE('',*,*,#3002,.F.);
#3002 = EDGE_CURVE('',#2993,#2397,#3003,.T.);
#3003 = LINE('',#3004,#3005);
#3004 = CARTESIAN_POINT('',(933.,-39.5,-4.));
#3005 = VECTOR('',#3006,1.);
#3006 = DIRECTION('',(0.,0.,1.));
#3007 = PLANE('',#3008);
#3008 = AXIS2_PLACEMENT_3D('',#3009,#3010,#3011);
#3009 = CARTESIAN_POINT('',(923.,-39.5,-4.));
#3010 = DIRECTION('',(0.,1.,0.));
#3011 = DIRECTION('',(0.,0.,1.));
#3012 = ADVANCED_FACE('',(#3013),#3024,.T.);
#3013 = FACE_BOUND('',#3014,.T.);
#3014 = EDGE_LOOP('',(#3015,#3016,#3017,#3023));
#3015 = ORIENTED_EDGE('',*,*,#2404,.F.);
#3016 = ORIENTED_EDGE('',*,*,#3002,.F.);
#3017 = ORIENTED_EDGE('',*,*,#3018,.T.);
#3018 = EDGE_CURVE('',#2993,#2568,#3019,.T.);
#3019 = LINE('',#3020,#3021);
#3020 = CARTESIAN_POINT('',(933.,-39.5,-4.));
#3021 = VECTOR('',#3022,1.);
#3022 = DIRECTION('',(0.,1.,0.));
#3023 = ORIENTED_EDGE('',*,*,#2567,.F.);
#3024 = PLANE('',#3025);
#3025 = AXIS2_PLACEMENT_3D('',#3026,#3027,#3028);
#3026 = CARTESIAN_POINT('',(933.,-39.5,-4.));
#3027 = DIRECTION('',(1.,0.,0.));
#3028 = DIRECTION('',(0.,0.,1.));
#3029 = ADVANCED_FACE('',(#3030),#3041,.T.);
#3030 = FACE_BOUND('',#3031,.T.);
#3031 = EDGE_LOOP('',(#3032,#3033,#3039,#3040));
#3032 = ORIENTED_EDGE('',*,*,#2560,.F.);
#3033 = ORIENTED_EDGE('',*,*,#3034,.T.);
#3034 = EDGE_CURVE('',#2553,#2745,#3035,.T.);
#3035 = LINE('',#3036,#3037);
#3036 = CARTESIAN_POINT('',(938.5,-19.5,-25.));
#3037 = VECTOR('',#3038,1.);
#3038 = DIRECTION('',(0.,1.,0.));
#3039 = ORIENTED_EDGE('',*,*,#2744,.T.);
#3040 = ORIENTED_EDGE('',*,*,#2420,.F.);
#3041 = PLANE('',#3042);
#3042 = AXIS2_PLACEMENT_3D('',#3043,#3044,#3045);
#3043 = CARTESIAN_POINT('',(938.5,0.,-13.25));
#3044 = DIRECTION('',(1.,0.,0.));
#3045 = DIRECTION('',(0.,0.,1.));
#3046 = ADVANCED_FACE('',(#3047),#3058,.F.);
#3047 = FACE_BOUND('',#3048,.T.);
#3048 = EDGE_LOOP('',(#3049,#3050,#3056,#3057));
#3049 = ORIENTED_EDGE('',*,*,#2664,.T.);
#3050 = ORIENTED_EDGE('',*,*,#3051,.T.);
#3051 = EDGE_CURVE('',#2665,#2493,#3052,.T.);
#3052 = LINE('',#3053,#3054);
#3053 = CARTESIAN_POINT('',(857.7,-35.5,-6.));
#3054 = VECTOR('',#3055,1.);
#3055 = DIRECTION('',(0.,0.,1.));
#3056 = ORIENTED_EDGE('',*,*,#2492,.F.);
#3057 = ORIENTED_EDGE('',*,*,#3051,.F.);
#3058 = CYLINDRICAL_SURFACE('',#3059,1.7);
#3059 = AXIS2_PLACEMENT_3D('',#3060,#3061,#3062);
#3060 = CARTESIAN_POINT('',(856.,-35.5,-6.));
#3061 = DIRECTION('',(-0.,-0.,-1.));
#3062 = DIRECTION('',(1.,0.,0.));
#3063 = ADVANCED_FACE('',(#3064),#3083,.F.);
#3064 = FACE_BOUND('',#3065,.T.);
#3065 = EDGE_LOOP('',(#3066,#3075,#3081,#3082));
#3066 = ORIENTED_EDGE('',*,*,#3067,.T.);
#3067 = EDGE_CURVE('',#3068,#3068,#3070,.T.);
#3068 = VERTEX_POINT('',#3069);
#3069 = CARTESIAN_POINT('',(929.7,-35.5,-4.));
#3070 = CIRCLE('',#3071,1.7);
#3071 = AXIS2_PLACEMENT_3D('',#3072,#3073,#3074);
#3072 = CARTESIAN_POINT('',(928.,-35.5,-4.));
#3073 = DIRECTION('',(0.,0.,-1.));
#3074 = DIRECTION('',(1.,0.,0.));
#3075 = ORIENTED_EDGE('',*,*,#3076,.T.);
#3076 = EDGE_CURVE('',#3068,#2504,#3077,.T.);
#3077 = LINE('',#3078,#3079);
#3078 = CARTESIAN_POINT('',(929.7,-35.5,-6.));
#3079 = VECTOR('',#3080,1.);
#3080 = DIRECTION('',(0.,0.,1.));
#3081 = ORIENTED_EDGE('',*,*,#2503,.F.);
#3082 = ORIENTED_EDGE('',*,*,#3076,.F.);
#3083 = CYLINDRICAL_SURFACE('',#3084,1.7);
#3084 = AXIS2_PLACEMENT_3D('',#3085,#3086,#3087);
#3085 = CARTESIAN_POINT('',(928.,-35.5,-6.));
#3086 = DIRECTION('',(-0.,-0.,-1.));
#3087 = DIRECTION('',(1.,0.,0.));
#3088 = ADVANCED_FACE('',(#3089),#3108,.F.);
#3089 = FACE_BOUND('',#3090,.T.);
#3090 = EDGE_LOOP('',(#3091,#3100,#3106,#3107));
#3091 = ORIENTED_EDGE('',*,*,#3092,.T.);
#3092 = EDGE_CURVE('',#3093,#3093,#3095,.T.);
#3093 = VERTEX_POINT('',#3094);
#3094 = CARTESIAN_POINT('',(857.7,35.5,-4.));
#3095 = CIRCLE('',#3096,1.7);
#3096 = AXIS2_PLACEMENT_3D('',#3097,#3098,#3099);
#3097 = CARTESIAN_POINT('',(856.,35.5,-4.));
#3098 = DIRECTION('',(0.,0.,-1.));
#3099 = DIRECTION('',(1.,0.,0.));
#3100 = ORIENTED_EDGE('',*,*,#3101,.T.);
#3101 = EDGE_CURVE('',#3093,#2515,#3102,.T.);
#3102 = LINE('',#3103,#3104);
#3103 = CARTESIAN_POINT('',(857.7,35.5,-6.));
#3104 = VECTOR('',#3105,1.);
#3105 = DIRECTION('',(0.,0.,1.));
#3106 = ORIENTED_EDGE('',*,*,#2514,.F.);
#3107 = ORIENTED_EDGE('',*,*,#3101,.F.);
#3108 = CYLINDRICAL_SURFACE('',#3109,1.7);
#3109 = AXIS2_PLACEMENT_3D('',#3110,#3111,#3112);
#3110 = CARTESIAN_POINT('',(856.,35.5,-6.));
#3111 = DIRECTION('',(-0.,-0.,-1.));
#3112 = DIRECTION('',(1.,0.,0.));
#3113 = ADVANCED_FACE('',(#3114),#3133,.F.);
#3114 = FACE_BOUND('',#3115,.T.);
#3115 = EDGE_LOOP('',(#3116,#3125,#3131,#3132));
#3116 = ORIENTED_EDGE('',*,*,#3117,.T.);
#3117 = EDGE_CURVE('',#3118,#3118,#3120,.T.);
#3118 = VERTEX_POINT('',#3119);
#3119 = CARTESIAN_POINT('',(929.7,35.5,-4.));
#3120 = CIRCLE('',#3121,1.7);
#3121 = AXIS2_PLACEMENT_3D('',#3122,#3123,#3124);
#3122 = CARTESIAN_POINT('',(928.,35.5,-4.));
#3123 = DIRECTION('',(0.,0.,-1.));
#3124 = DIRECTION('',(1.,0.,0.));
#3125 = ORIENTED_EDGE('',*,*,#3126,.T.);
#3126 = EDGE_CURVE('',#3118,#2526,#3127,.T.);
#3127 = LINE('',#3128,#3129);
#3128 = CARTESIAN_POINT('',(929.7,35.5,-6.));
#3129 = VECTOR('',#3130,1.);
#3130 = DIRECTION('',(0.,0.,1.));
#3131 = ORIENTED_EDGE('',*,*,#2525,.F.);
#3132 = ORIENTED_EDGE('',*,*,#3126,.F.);
#3133 = CYLINDRICAL_SURFACE('',#3134,1.7);
#3134 = AXIS2_PLACEMENT_3D('',#3135,#3136,#3137);
#3135 = CARTESIAN_POINT('',(928.,35.5,-6.));
#3136 = DIRECTION('',(-0.,-0.,-1.));
#3137 = DIRECTION('',(1.,0.,0.));
#3138 = ADVANCED_FACE('',(#3139,#3145),#3179,.F.);
#3139 = FACE_BOUND('',#3140,.F.);
#3140 = EDGE_LOOP('',(#3141,#3142,#3143,#3144));
#3141 = ORIENTED_EDGE('',*,*,#2812,.F.);
#3142 = ORIENTED_EDGE('',*,*,#2552,.T.);
#3143 = ORIENTED_EDGE('',*,*,#3034,.T.);
#3144 = ORIENTED_EDGE('',*,*,#2752,.F.);
#3145 = FACE_BOUND('',#3146,.F.);
#3146 = EDGE_LOOP('',(#3147,#3157,#3165,#3173));
#3147 = ORIENTED_EDGE('',*,*,#3148,.T.);
#3148 = EDGE_CURVE('',#3149,#3151,#3153,.T.);
#3149 = VERTEX_POINT('',#3150);
#3150 = CARTESIAN_POINT('',(935.5,-16.5,-25.));
#3151 = VERTEX_POINT('',#3152);
#3152 = CARTESIAN_POINT('',(848.5,-16.5,-25.));
#3153 = LINE('',#3154,#3155);
#3154 = CARTESIAN_POINT('',(847.,-16.5,-25.));
#3155 = VECTOR('',#3156,1.);
#3156 = DIRECTION('',(-1.,0.,0.));
#3157 = ORIENTED_EDGE('',*,*,#3158,.T.);
#3158 = EDGE_CURVE('',#3151,#3159,#3161,.T.);
#3159 = VERTEX_POINT('',#3160);
#3160 = CARTESIAN_POINT('',(848.5,16.5,-25.));
#3161 = LINE('',#3162,#3163);
#3162 = CARTESIAN_POINT('',(848.5,-18.,-25.));
#3163 = VECTOR('',#3164,1.);
#3164 = DIRECTION('',(0.,1.,0.));
#3165 = ORIENTED_EDGE('',*,*,#3166,.F.);
#3166 = EDGE_CURVE('',#3167,#3159,#3169,.T.);
#3167 = VERTEX_POINT('',#3168);
#3168 = CARTESIAN_POINT('',(935.5,16.5,-25.));
#3169 = LINE('',#3170,#3171);
#3170 = CARTESIAN_POINT('',(847.,16.5,-25.));
#3171 = VECTOR('',#3172,1.);
#3172 = DIRECTION('',(-1.,0.,0.));
#3173 = ORIENTED_EDGE('',*,*,#3174,.F.);
#3174 = EDGE_CURVE('',#3149,#3167,#3175,.T.);
#3175 = LINE('',#3176,#3177);
#3176 = CARTESIAN_POINT('',(935.5,-18.,-25.));
#3177 = VECTOR('',#3178,1.);
#3178 = DIRECTION('',(0.,1.,0.));
#3179 = PLANE('',#3180);
#3180 = AXIS2_PLACEMENT_3D('',#3181,#3182,#3183);
#3181 = CARTESIAN_POINT('',(845.5,-19.5,-25.));
#3182 = DIRECTION('',(0.,0.,1.));
#3183 = DIRECTION('',(1.,0.,0.));
#3184 = ADVANCED_FACE('',(#3185,#3191),#3194,.F.);
#3185 = FACE_BOUND('',#3186,.F.);
#3186 = EDGE_LOOP('',(#3187,#3188,#3189,#3190));
#3187 = ORIENTED_EDGE('',*,*,#2960,.F.);
#3188 = ORIENTED_EDGE('',*,*,#2992,.T.);
#3189 = ORIENTED_EDGE('',*,*,#3018,.T.);
#3190 = ORIENTED_EDGE('',*,*,#2575,.F.);
#3191 = FACE_BOUND('',#3192,.F.);
#3192 = EDGE_LOOP('',(#3193));
#3193 = ORIENTED_EDGE('',*,*,#3067,.T.);
#3194 = PLANE('',#3195);
#3195 = AXIS2_PLACEMENT_3D('',#3196,#3197,#3198);
#3196 = CARTESIAN_POINT('',(923.,-39.5,-4.));
#3197 = DIRECTION('',(0.,0.,1.));
#3198 = DIRECTION('',(1.,0.,0.));
#3199 = ADVANCED_FACE('',(#3200),#3225,.F.);
#3200 = FACE_BOUND('',#3201,.F.);
#3201 = EDGE_LOOP('',(#3202,#3210,#3211,#3219));
#3202 = ORIENTED_EDGE('',*,*,#3203,.F.);
#3203 = EDGE_CURVE('',#2607,#3204,#3206,.T.);
#3204 = VERTEX_POINT('',#3205);
#3205 = CARTESIAN_POINT('',(871.,-16.5,-11.));
#3206 = LINE('',#3207,#3208);
#3207 = CARTESIAN_POINT('',(871.,-20.,-11.));
#3208 = VECTOR('',#3209,1.);
#3209 = DIRECTION('',(0.,1.,0.));
#3210 = ORIENTED_EDGE('',*,*,#2606,.T.);
#3211 = ORIENTED_EDGE('',*,*,#3212,.T.);
#3212 = EDGE_CURVE('',#2609,#3213,#3215,.T.);
#3213 = VERTEX_POINT('',#3214);
#3214 = CARTESIAN_POINT('',(913.,-16.5,-11.));
#3215 = LINE('',#3216,#3217);
#3216 = CARTESIAN_POINT('',(913.,-20.,-11.));
#3217 = VECTOR('',#3218,1.);
#3218 = DIRECTION('',(0.,1.,0.));
#3219 = ORIENTED_EDGE('',*,*,#3220,.F.);
#3220 = EDGE_CURVE('',#3204,#3213,#3221,.T.);
#3221 = LINE('',#3222,#3223);
#3222 = CARTESIAN_POINT('',(859.75,-16.5,-11.));
#3223 = VECTOR('',#3224,1.);
#3224 = DIRECTION('',(1.,0.,0.));
#3225 = PLANE('',#3226);
#3226 = AXIS2_PLACEMENT_3D('',#3227,#3228,#3229);
#3227 = CARTESIAN_POINT('',(871.,-20.,-11.));
#3228 = DIRECTION('',(0.,0.,1.));
#3229 = DIRECTION('',(1.,0.,0.));
#3230 = ADVANCED_FACE('',(#3231),#3249,.F.);
#3231 = FACE_BOUND('',#3232,.F.);
#3232 = EDGE_LOOP('',(#3233,#3234,#3235,#3243));
#3233 = ORIENTED_EDGE('',*,*,#3212,.F.);
#3234 = ORIENTED_EDGE('',*,*,#2616,.T.);
#3235 = ORIENTED_EDGE('',*,*,#3236,.T.);
#3236 = EDGE_CURVE('',#2617,#3237,#3239,.T.);
#3237 = VERTEX_POINT('',#3238);
#3238 = CARTESIAN_POINT('',(913.,-16.5,-21.));
#3239 = LINE('',#3240,#3241);
#3240 = CARTESIAN_POINT('',(913.,-20.,-21.));
#3241 = VECTOR('',#3242,1.);
#3242 = DIRECTION('',(0.,1.,0.));
#3243 = ORIENTED_EDGE('',*,*,#3244,.F.);
#3244 = EDGE_CURVE('',#3213,#3237,#3245,.T.);
#3245 = LINE('',#3246,#3247);
#3246 = CARTESIAN_POINT('',(913.,-16.5,-23.5));
#3247 = VECTOR('',#3248,1.);
#3248 = DIRECTION('',(0.,0.,-1.));
#3249 = PLANE('',#3250);
#3250 = AXIS2_PLACEMENT_3D('',#3251,#3252,#3253);
#3251 = CARTESIAN_POINT('',(913.,-20.,-21.));
#3252 = DIRECTION('',(1.,0.,0.));
#3253 = DIRECTION('',(0.,0.,1.));
#3254 = ADVANCED_FACE('',(#3255),#3273,.T.);
#3255 = FACE_BOUND('',#3256,.T.);
#3256 = EDGE_LOOP('',(#3257,#3265,#3266,#3267));
#3257 = ORIENTED_EDGE('',*,*,#3258,.F.);
#3258 = EDGE_CURVE('',#2625,#3259,#3261,.T.);
#3259 = VERTEX_POINT('',#3260);
#3260 = CARTESIAN_POINT('',(871.,-16.5,-21.));
#3261 = LINE('',#3262,#3263);
#3262 = CARTESIAN_POINT('',(871.,-20.,-21.));
#3263 = VECTOR('',#3264,1.);
#3264 = DIRECTION('',(0.,1.,0.));
#3265 = ORIENTED_EDGE('',*,*,#2624,.T.);
#3266 = ORIENTED_EDGE('',*,*,#3236,.T.);
#3267 = ORIENTED_EDGE('',*,*,#3268,.F.);
#3268 = EDGE_CURVE('',#3259,#3237,#3269,.T.);
#3269 = LINE('',#3270,#3271);
#3270 = CARTESIAN_POINT('',(859.75,-16.5,-21.));
#3271 = VECTOR('',#3272,1.);
#3272 = DIRECTION('',(1.,0.,0.));
#3273 = PLANE('',#3274);
#3274 = AXIS2_PLACEMENT_3D('',#3275,#3276,#3277);
#3275 = CARTESIAN_POINT('',(871.,-20.,-21.));
#3276 = DIRECTION('',(0.,0.,1.));
#3277 = DIRECTION('',(1.,0.,0.));
#3278 = ADVANCED_FACE('',(#3279),#3290,.T.);
#3279 = FACE_BOUND('',#3280,.T.);
#3280 = EDGE_LOOP('',(#3281,#3282,#3283,#3284));
#3281 = ORIENTED_EDGE('',*,*,#3203,.F.);
#3282 = ORIENTED_EDGE('',*,*,#2632,.T.);
#3283 = ORIENTED_EDGE('',*,*,#3258,.T.);
#3284 = ORIENTED_EDGE('',*,*,#3285,.F.);
#3285 = EDGE_CURVE('',#3204,#3259,#3286,.T.);
#3286 = LINE('',#3287,#3288);
#3287 = CARTESIAN_POINT('',(871.,-16.5,-23.5));
#3288 = VECTOR('',#3289,1.);
#3289 = DIRECTION('',(0.,0.,-1.));
#3290 = PLANE('',#3291);
#3291 = AXIS2_PLACEMENT_3D('',#3292,#3293,#3294);
#3292 = CARTESIAN_POINT('',(871.,-20.,-21.));
#3293 = DIRECTION('',(1.,0.,0.));
#3294 = DIRECTION('',(0.,0.,1.));
#3295 = ADVANCED_FACE('',(#3296,#3302),#3305,.F.);
#3296 = FACE_BOUND('',#3297,.F.);
#3297 = EDGE_LOOP('',(#3298,#3299,#3300,#3301));
#3298 = ORIENTED_EDGE('',*,*,#2827,.F.);
#3299 = ORIENTED_EDGE('',*,*,#2706,.T.);
#3300 = ORIENTED_EDGE('',*,*,#2875,.T.);
#3301 = ORIENTED_EDGE('',*,*,#2850,.F.);
#3302 = FACE_BOUND('',#3303,.F.);
#3303 = EDGE_LOOP('',(#3304));
#3304 = ORIENTED_EDGE('',*,*,#3092,.T.);
#3305 = PLANE('',#3306);
#3306 = AXIS2_PLACEMENT_3D('',#3307,#3308,#3309);
#3307 = CARTESIAN_POINT('',(851.,17.5,-4.));
#3308 = DIRECTION('',(0.,0.,1.));
#3309 = DIRECTION('',(1.,0.,0.));
#3310 = ADVANCED_FACE('',(#3311,#3317),#3320,.F.);
#3311 = FACE_BOUND('',#3312,.F.);
#3312 = EDGE_LOOP('',(#3313,#3314,#3315,#3316));
#3313 = ORIENTED_EDGE('',*,*,#2904,.F.);
#3314 = ORIENTED_EDGE('',*,*,#2729,.T.);
#3315 = ORIENTED_EDGE('',*,*,#2976,.T.);
#3316 = ORIENTED_EDGE('',*,*,#2927,.F.);
#3317 = FACE_BOUND('',#3318,.F.);
#3318 = EDGE_LOOP('',(#3319));
#3319 = ORIENTED_EDGE('',*,*,#3117,.T.);
#3320 = PLANE('',#3321);
#3321 = AXIS2_PLACEMENT_3D('',#3322,#3323,#3324);
#3322 = CARTESIAN_POINT('',(923.,17.5,-4.));
#3323 = DIRECTION('',(0.,0.,1.));
#3324 = DIRECTION('',(1.,0.,0.));
#3325 = ADVANCED_FACE('',(#3326),#3351,.F.);
#3326 = FACE_BOUND('',#3327,.F.);
#3327 = EDGE_LOOP('',(#3328,#3336,#3344,#3350));
#3328 = ORIENTED_EDGE('',*,*,#3329,.F.);
#3329 = EDGE_CURVE('',#3330,#2770,#3332,.T.);
#3330 = VERTEX_POINT('',#3331);
#3331 = CARTESIAN_POINT('',(871.,16.5,-11.));
#3332 = LINE('',#3333,#3334);
#3333 = CARTESIAN_POINT('',(871.,16.,-11.));
#3334 = VECTOR('',#3335,1.);
#3335 = DIRECTION('',(0.,1.,0.));
#3336 = ORIENTED_EDGE('',*,*,#3337,.T.);
#3337 = EDGE_CURVE('',#3330,#3338,#3340,.T.);
#3338 = VERTEX_POINT('',#3339);
#3339 = CARTESIAN_POINT('',(913.,16.5,-11.));
#3340 = LINE('',#3341,#3342);
#3341 = CARTESIAN_POINT('',(859.75,16.5,-11.));
#3342 = VECTOR('',#3343,1.);
#3343 = DIRECTION('',(1.,0.,0.));
#3344 = ORIENTED_EDGE('',*,*,#3345,.T.);
#3345 = EDGE_CURVE('',#3338,#2772,#3346,.T.);
#3346 = LINE('',#3347,#3348);
#3347 = CARTESIAN_POINT('',(913.,16.,-11.));
#3348 = VECTOR('',#3349,1.);
#3349 = DIRECTION('',(0.,1.,0.));
#3350 = ORIENTED_EDGE('',*,*,#2769,.F.);
#3351 = PLANE('',#3352);
#3352 = AXIS2_PLACEMENT_3D('',#3353,#3354,#3355);
#3353 = CARTESIAN_POINT('',(871.,16.,-11.));
#3354 = DIRECTION('',(0.,0.,1.));
#3355 = DIRECTION('',(1.,0.,0.));
#3356 = ADVANCED_FACE('',(#3357),#3375,.T.);
#3357 = FACE_BOUND('',#3358,.T.);
#3358 = EDGE_LOOP('',(#3359,#3360,#3368,#3374));
#3359 = ORIENTED_EDGE('',*,*,#3329,.F.);
#3360 = ORIENTED_EDGE('',*,*,#3361,.T.);
#3361 = EDGE_CURVE('',#3330,#3362,#3364,.T.);
#3362 = VERTEX_POINT('',#3363);
#3363 = CARTESIAN_POINT('',(871.,16.5,-21.));
#3364 = LINE('',#3365,#3366);
#3365 = CARTESIAN_POINT('',(871.,16.5,-23.5));
#3366 = VECTOR('',#3367,1.);
#3367 = DIRECTION('',(0.,0.,-1.));
#3368 = ORIENTED_EDGE('',*,*,#3369,.T.);
#3369 = EDGE_CURVE('',#3362,#2780,#3370,.T.);
#3370 = LINE('',#3371,#3372);
#3371 = CARTESIAN_POINT('',(871.,16.,-21.));
#3372 = VECTOR('',#3373,1.);
#3373 = DIRECTION('',(0.,1.,0.));
#3374 = ORIENTED_EDGE('',*,*,#2779,.F.);
#3375 = PLANE('',#3376);
#3376 = AXIS2_PLACEMENT_3D('',#3377,#3378,#3379);
#3377 = CARTESIAN_POINT('',(871.,16.,-21.));
#3378 = DIRECTION('',(1.,0.,0.));
#3379 = DIRECTION('',(0.,0.,1.));
#3380 = ADVANCED_FACE('',(#3381),#3399,.T.);
#3381 = FACE_BOUND('',#3382,.T.);
#3382 = EDGE_LOOP('',(#3383,#3384,#3392,#3398));
#3383 = ORIENTED_EDGE('',*,*,#3369,.F.);
#3384 = ORIENTED_EDGE('',*,*,#3385,.T.);
#3385 = EDGE_CURVE('',#3362,#3386,#3388,.T.);
#3386 = VERTEX_POINT('',#3387);
#3387 = CARTESIAN_POINT('',(913.,16.5,-21.));
#3388 = LINE('',#3389,#3390);
#3389 = CARTESIAN_POINT('',(859.75,16.5,-21.));
#3390 = VECTOR('',#3391,1.);
#3391 = DIRECTION('',(1.,0.,0.));
#3392 = ORIENTED_EDGE('',*,*,#3393,.T.);
#3393 = EDGE_CURVE('',#3386,#2788,#3394,.T.);
#3394 = LINE('',#3395,#3396);
#3395 = CARTESIAN_POINT('',(913.,16.,-21.));
#3396 = VECTOR('',#3397,1.);
#3397 = DIRECTION('',(0.,1.,0.));
#3398 = ORIENTED_EDGE('',*,*,#2787,.F.);
#3399 = PLANE('',#3400);
#3400 = AXIS2_PLACEMENT_3D('',#3401,#3402,#3403);
#3401 = CARTESIAN_POINT('',(871.,16.,-21.));
#3402 = DIRECTION('',(0.,0.,1.));
#3403 = DIRECTION('',(1.,0.,0.));
#3404 = ADVANCED_FACE('',(#3405),#3416,.F.);
#3405 = FACE_BOUND('',#3406,.F.);
#3406 = EDGE_LOOP('',(#3407,#3408,#3414,#3415));
#3407 = ORIENTED_EDGE('',*,*,#3345,.F.);
#3408 = ORIENTED_EDGE('',*,*,#3409,.T.);
#3409 = EDGE_CURVE('',#3338,#3386,#3410,.T.);
#3410 = LINE('',#3411,#3412);
#3411 = CARTESIAN_POINT('',(913.,16.5,-23.5));
#3412 = VECTOR('',#3413,1.);
#3413 = DIRECTION('',(0.,0.,-1.));
#3414 = ORIENTED_EDGE('',*,*,#3393,.T.);
#3415 = ORIENTED_EDGE('',*,*,#2795,.F.);
#3416 = PLANE('',#3417);
#3417 = AXIS2_PLACEMENT_3D('',#3418,#3419,#3420);
#3418 = CARTESIAN_POINT('',(913.,16.,-21.));
#3419 = DIRECTION('',(1.,0.,0.));
#3420 = DIRECTION('',(0.,0.,1.));
#3421 = ADVANCED_FACE('',(#3422,#3447),#3453,.T.);
#3422 = FACE_BOUND('',#3423,.T.);
#3423 = EDGE_LOOP('',(#3424,#3432,#3433,#3441));
#3424 = ORIENTED_EDGE('',*,*,#3425,.F.);
#3425 = EDGE_CURVE('',#3149,#3426,#3428,.T.);
#3426 = VERTEX_POINT('',#3427);
#3427 = CARTESIAN_POINT('',(935.5,-16.5,-4.));
#3428 = LINE('',#3429,#3430);
#3429 = CARTESIAN_POINT('',(935.5,-16.5,-26.));
#3430 = VECTOR('',#3431,1.);
#3431 = DIRECTION('',(0.,0.,1.));
#3432 = ORIENTED_EDGE('',*,*,#3148,.T.);
#3433 = ORIENTED_EDGE('',*,*,#3434,.T.);
#3434 = EDGE_CURVE('',#3151,#3435,#3437,.T.);
#3435 = VERTEX_POINT('',#3436);
#3436 = CARTESIAN_POINT('',(848.5,-16.5,-4.));
#3437 = LINE('',#3438,#3439);
#3438 = CARTESIAN_POINT('',(848.5,-16.5,-26.));
#3439 = VECTOR('',#3440,1.);
#3440 = DIRECTION('',(0.,0.,1.));
#3441 = ORIENTED_EDGE('',*,*,#3442,.F.);
#3442 = EDGE_CURVE('',#3426,#3435,#3443,.T.);
#3443 = LINE('',#3444,#3445);
#3444 = CARTESIAN_POINT('',(847.,-16.5,-4.));
#3445 = VECTOR('',#3446,1.);
#3446 = DIRECTION('',(-1.,0.,0.));
#3447 = FACE_BOUND('',#3448,.T.);
#3448 = EDGE_LOOP('',(#3449,#3450,#3451,#3452));
#3449 = ORIENTED_EDGE('',*,*,#3220,.F.);
#3450 = ORIENTED_EDGE('',*,*,#3285,.T.);
#3451 = ORIENTED_EDGE('',*,*,#3268,.T.);
#3452 = ORIENTED_EDGE('',*,*,#3244,.F.);
#3453 = PLANE('',#3454);
#3454 = AXIS2_PLACEMENT_3D('',#3455,#3456,#3457);
#3455 = CARTESIAN_POINT('',(848.5,-16.5,-26.));
#3456 = DIRECTION('',(0.,1.,0.));
#3457 = DIRECTION('',(0.,0.,1.));
#3458 = ADVANCED_FACE('',(#3459),#3477,.F.);
#3459 = FACE_BOUND('',#3460,.F.);
#3460 = EDGE_LOOP('',(#3461,#3462,#3463,#3471));
#3461 = ORIENTED_EDGE('',*,*,#3425,.F.);
#3462 = ORIENTED_EDGE('',*,*,#3174,.T.);
#3463 = ORIENTED_EDGE('',*,*,#3464,.T.);
#3464 = EDGE_CURVE('',#3167,#3465,#3467,.T.);
#3465 = VERTEX_POINT('',#3466);
#3466 = CARTESIAN_POINT('',(935.5,16.5,-4.));
#3467 = LINE('',#3468,#3469);
#3468 = CARTESIAN_POINT('',(935.5,16.5,-26.));
#3469 = VECTOR('',#3470,1.);
#3470 = DIRECTION('',(0.,0.,1.));
#3471 = ORIENTED_EDGE('',*,*,#3472,.F.);
#3472 = EDGE_CURVE('',#3426,#3465,#3473,.T.);
#3473 = LINE('',#3474,#3475);
#3474 = CARTESIAN_POINT('',(935.5,-18.,-4.));
#3475 = VECTOR('',#3476,1.);
#3476 = DIRECTION('',(0.,1.,0.));
#3477 = PLANE('',#3478);
#3478 = AXIS2_PLACEMENT_3D('',#3479,#3480,#3481);
#3479 = CARTESIAN_POINT('',(935.5,-16.5,-26.));
#3480 = DIRECTION('',(1.,0.,0.));
#3481 = DIRECTION('',(0.,0.,1.));
#3482 = ADVANCED_FACE('',(#3483,#3501),#3507,.F.);
#3483 = FACE_BOUND('',#3484,.F.);
#3484 = EDGE_LOOP('',(#3485,#3486,#3487,#3495));
#3485 = ORIENTED_EDGE('',*,*,#3464,.F.);
#3486 = ORIENTED_EDGE('',*,*,#3166,.T.);
#3487 = ORIENTED_EDGE('',*,*,#3488,.T.);
#3488 = EDGE_CURVE('',#3159,#3489,#3491,.T.);
#3489 = VERTEX_POINT('',#3490);
#3490 = CARTESIAN_POINT('',(848.5,16.5,-4.));
#3491 = LINE('',#3492,#3493);
#3492 = CARTESIAN_POINT('',(848.5,16.5,-26.));
#3493 = VECTOR('',#3494,1.);
#3494 = DIRECTION('',(0.,0.,1.));
#3495 = ORIENTED_EDGE('',*,*,#3496,.F.);
#3496 = EDGE_CURVE('',#3465,#3489,#3497,.T.);
#3497 = LINE('',#3498,#3499);
#3498 = CARTESIAN_POINT('',(847.,16.5,-4.));
#3499 = VECTOR('',#3500,1.);
#3500 = DIRECTION('',(-1.,0.,0.));
#3501 = FACE_BOUND('',#3502,.F.);
#3502 = EDGE_LOOP('',(#3503,#3504,#3505,#3506));
#3503 = ORIENTED_EDGE('',*,*,#3337,.F.);
#3504 = ORIENTED_EDGE('',*,*,#3361,.T.);
#3505 = ORIENTED_EDGE('',*,*,#3385,.T.);
#3506 = ORIENTED_EDGE('',*,*,#3409,.F.);
#3507 = PLANE('',#3508);
#3508 = AXIS2_PLACEMENT_3D('',#3509,#3510,#3511);
#3509 = CARTESIAN_POINT('',(848.5,16.5,-26.));
#3510 = DIRECTION('',(0.,1.,0.));
#3511 = DIRECTION('',(0.,0.,1.));
#3512 = ADVANCED_FACE('',(#3513),#3524,.T.);
#3513 = FACE_BOUND('',#3514,.T.);
#3514 = EDGE_LOOP('',(#3515,#3516,#3517,#3518));
#3515 = ORIENTED_EDGE('',*,*,#3434,.F.);
#3516 = ORIENTED_EDGE('',*,*,#3158,.T.);
#3517 = ORIENTED_EDGE('',*,*,#3488,.T.);
#3518 = ORIENTED_EDGE('',*,*,#3519,.F.);
#3519 = EDGE_CURVE('',#3435,#3489,#3520,.T.);
#3520 = LINE('',#3521,#3522);
#3521 = CARTESIAN_POINT('',(848.5,-18.,-4.));
#3522 = VECTOR('',#3523,1.);
#3523 = DIRECTION('',(0.,1.,0.));
#3524 = PLANE('',#3525);
#3525 = AXIS2_PLACEMENT_3D('',#3526,#3527,#3528);
#3526 = CARTESIAN_POINT('',(848.5,-16.5,-26.));
#3527 = DIRECTION('',(1.,0.,0.));
#3528 = DIRECTION('',(0.,0.,1.));
#3529 = ADVANCED_FACE('',(#3530),#3536,.F.);
#3530 = FACE_BOUND('',#3531,.F.);
#3531 = EDGE_LOOP('',(#3532,#3533,#3534,#3535));
#3532 = ORIENTED_EDGE('',*,*,#3442,.F.);
#3533 = ORIENTED_EDGE('',*,*,#3472,.T.);
#3534 = ORIENTED_EDGE('',*,*,#3496,.T.);
#3535 = ORIENTED_EDGE('',*,*,#3519,.F.);
#3536 = PLANE('',#3537);
#3537 = AXIS2_PLACEMENT_3D('',#3538,#3539,#3540);
#3538 = CARTESIAN_POINT('',(845.5,-19.5,-4.));
#3539 = DIRECTION('',(0.,0.,1.));
#3540 = DIRECTION('',(1.,0.,0.));
#3541 = MANIFOLD_SOLID_BREP('',#3542);
#3542 = CLOSED_SHELL('',(#3543,#3583,#3614,#3706,#3730,#3815,#3827,#3849
    ,#3866,#3883,#3895,#3917,#3934,#3951));
#3543 = ADVANCED_FACE('',(#3544),#3578,.F.);
#3544 = FACE_BOUND('',#3545,.F.);
#3545 = EDGE_LOOP('',(#3546,#3556,#3564,#3572));
#3546 = ORIENTED_EDGE('',*,*,#3547,.F.);
#3547 = EDGE_CURVE('',#3548,#3550,#3552,.T.);
#3548 = VERTEX_POINT('',#3549);
#3549 = CARTESIAN_POINT('',(845.5,-19.5,-27.));
#3550 = VERTEX_POINT('',#3551);
#3551 = CARTESIAN_POINT('',(845.5,-19.5,-25.));
#3552 = LINE('',#3553,#3554);
#3553 = CARTESIAN_POINT('',(845.5,-19.5,-27.));
#3554 = VECTOR('',#3555,1.);
#3555 = DIRECTION('',(0.,0.,1.));
#3556 = ORIENTED_EDGE('',*,*,#3557,.T.);
#3557 = EDGE_CURVE('',#3548,#3558,#3560,.T.);
#3558 = VERTEX_POINT('',#3559);
#3559 = CARTESIAN_POINT('',(845.5,19.5,-27.));
#3560 = LINE('',#3561,#3562);
#3561 = CARTESIAN_POINT('',(845.5,-19.5,-27.));
#3562 = VECTOR('',#3563,1.);
#3563 = DIRECTION('',(0.,1.,0.));
#3564 = ORIENTED_EDGE('',*,*,#3565,.T.);
#3565 = EDGE_CURVE('',#3558,#3566,#3568,.T.);
#3566 = VERTEX_POINT('',#3567);
#3567 = CARTESIAN_POINT('',(845.5,19.5,-25.));
#3568 = LINE('',#3569,#3570);
#3569 = CARTESIAN_POINT('',(845.5,19.5,-27.));
#3570 = VECTOR('',#3571,1.);
#3571 = DIRECTION('',(0.,0.,1.));
#3572 = ORIENTED_EDGE('',*,*,#3573,.F.);
#3573 = EDGE_CURVE('',#3550,#3566,#3574,.T.);
#3574 = LINE('',#3575,#3576);
#3575 = CARTESIAN_POINT('',(845.5,-19.5,-25.));
#3576 = VECTOR('',#3577,1.);
#3577 = DIRECTION('',(0.,1.,0.));
#3578 = PLANE('',#3579);
#3579 = AXIS2_PLACEMENT_3D('',#3580,#3581,#3582);
#3580 = CARTESIAN_POINT('',(845.5,-19.5,-27.));
#3581 = DIRECTION('',(1.,0.,0.));
#3582 = DIRECTION('',(0.,0.,1.));
#3583 = ADVANCED_FACE('',(#3584),#3609,.F.);
#3584 = FACE_BOUND('',#3585,.F.);
#3585 = EDGE_LOOP('',(#3586,#3594,#3595,#3603));
#3586 = ORIENTED_EDGE('',*,*,#3587,.F.);
#3587 = EDGE_CURVE('',#3548,#3588,#3590,.T.);
#3588 = VERTEX_POINT('',#3589);
#3589 = CARTESIAN_POINT('',(938.5,-19.5,-27.));
#3590 = LINE('',#3591,#3592);
#3591 = CARTESIAN_POINT('',(845.5,-19.5,-27.));
#3592 = VECTOR('',#3593,1.);
#3593 = DIRECTION('',(1.,0.,0.));
#3594 = ORIENTED_EDGE('',*,*,#3547,.T.);
#3595 = ORIENTED_EDGE('',*,*,#3596,.T.);
#3596 = EDGE_CURVE('',#3550,#3597,#3599,.T.);
#3597 = VERTEX_POINT('',#3598);
#3598 = CARTESIAN_POINT('',(938.5,-19.5,-25.));
#3599 = LINE('',#3600,#3601);
#3600 = CARTESIAN_POINT('',(845.5,-19.5,-25.));
#3601 = VECTOR('',#3602,1.);
#3602 = DIRECTION('',(1.,0.,0.));
#3603 = ORIENTED_EDGE('',*,*,#3604,.F.);
#3604 = EDGE_CURVE('',#3588,#3597,#3605,.T.);
#3605 = LINE('',#3606,#3607);
#3606 = CARTESIAN_POINT('',(938.5,-19.5,-27.));
#3607 = VECTOR('',#3608,1.);
#3608 = DIRECTION('',(0.,0.,1.));
#3609 = PLANE('',#3610);
#3610 = AXIS2_PLACEMENT_3D('',#3611,#3612,#3613);
#3611 = CARTESIAN_POINT('',(845.5,-19.5,-27.));
#3612 = DIRECTION('',(0.,1.,0.));
#3613 = DIRECTION('',(0.,0.,1.));
#3614 = ADVANCED_FACE('',(#3615,#3633,#3667),#3701,.T.);
#3615 = FACE_BOUND('',#3616,.T.);
#3616 = EDGE_LOOP('',(#3617,#3618,#3619,#3627));
#3617 = ORIENTED_EDGE('',*,*,#3573,.F.);
#3618 = ORIENTED_EDGE('',*,*,#3596,.T.);
#3619 = ORIENTED_EDGE('',*,*,#3620,.T.);
#3620 = EDGE_CURVE('',#3597,#3621,#3623,.T.);
#3621 = VERTEX_POINT('',#3622);
#3622 = CARTESIAN_POINT('',(938.5,19.5,-25.));
#3623 = LINE('',#3624,#3625);
#3624 = CARTESIAN_POINT('',(938.5,-19.5,-25.));
#3625 = VECTOR('',#3626,1.);
#3626 = DIRECTION('',(0.,1.,0.));
#3627 = ORIENTED_EDGE('',*,*,#3628,.F.);
#3628 = EDGE_CURVE('',#3566,#3621,#3629,.T.);
#3629 = LINE('',#3630,#3631);
#3630 = CARTESIAN_POINT('',(845.5,19.5,-25.));
#3631 = VECTOR('',#3632,1.);
#3632 = DIRECTION('',(1.,0.,0.));
#3633 = FACE_BOUND('',#3634,.T.);
#3634 = EDGE_LOOP('',(#3635,#3645,#3653,#3661));
#3635 = ORIENTED_EDGE('',*,*,#3636,.T.);
#3636 = EDGE_CURVE('',#3637,#3639,#3641,.T.);
#3637 = VERTEX_POINT('',#3638);
#3638 = CARTESIAN_POINT('',(891.,-10.5,-25.));
#3639 = VERTEX_POINT('',#3640);
#3640 = CARTESIAN_POINT('',(865.,-10.5,-25.));
#3641 = LINE('',#3642,#3643);
#3642 = CARTESIAN_POINT('',(855.25,-10.5,-25.));
#3643 = VECTOR('',#3644,1.);
#3644 = DIRECTION('',(-1.,0.,0.));
#3645 = ORIENTED_EDGE('',*,*,#3646,.T.);
#3646 = EDGE_CURVE('',#3639,#3647,#3649,.T.);
#3647 = VERTEX_POINT('',#3648);
#3648 = CARTESIAN_POINT('',(865.,10.5,-25.));
#3649 = LINE('',#3650,#3651);
#3650 = CARTESIAN_POINT('',(865.,-15.,-25.));
#3651 = VECTOR('',#3652,1.);
#3652 = DIRECTION('',(0.,1.,0.));
#3653 = ORIENTED_EDGE('',*,*,#3654,.F.);
#3654 = EDGE_CURVE('',#3655,#3647,#3657,.T.);
#3655 = VERTEX_POINT('',#3656);
#3656 = CARTESIAN_POINT('',(891.,10.5,-25.));
#3657 = LINE('',#3658,#3659);
#3658 = CARTESIAN_POINT('',(855.25,10.5,-25.));
#3659 = VECTOR('',#3660,1.);
#3660 = DIRECTION('',(-1.,0.,0.));
#3661 = ORIENTED_EDGE('',*,*,#3662,.F.);
#3662 = EDGE_CURVE('',#3637,#3655,#3663,.T.);
#3663 = LINE('',#3664,#3665);
#3664 = CARTESIAN_POINT('',(891.,-15.,-25.));
#3665 = VECTOR('',#3666,1.);
#3666 = DIRECTION('',(0.,1.,0.));
#3667 = FACE_BOUND('',#3668,.T.);
#3668 = EDGE_LOOP('',(#3669,#3679,#3687,#3695));
#3669 = ORIENTED_EDGE('',*,*,#3670,.T.);
#3670 = EDGE_CURVE('',#3671,#3673,#3675,.T.);
#3671 = VERTEX_POINT('',#3672);
#3672 = CARTESIAN_POINT('',(919.,-10.5,-25.));
#3673 = VERTEX_POINT('',#3674);
#3674 = CARTESIAN_POINT('',(893.,-10.5,-25.));
#3675 = LINE('',#3676,#3677);
#3676 = CARTESIAN_POINT('',(869.25,-10.5,-25.));
#3677 = VECTOR('',#3678,1.);
#3678 = DIRECTION('',(-1.,0.,0.));
#3679 = ORIENTED_EDGE('',*,*,#3680,.T.);
#3680 = EDGE_CURVE('',#3673,#3681,#3683,.T.);
#3681 = VERTEX_POINT('',#3682);
#3682 = CARTESIAN_POINT('',(893.,10.5,-25.));
#3683 = LINE('',#3684,#3685);
#3684 = CARTESIAN_POINT('',(893.,-15.,-25.));
#3685 = VECTOR('',#3686,1.);
#3686 = DIRECTION('',(0.,1.,0.));
#3687 = ORIENTED_EDGE('',*,*,#3688,.F.);
#3688 = EDGE_CURVE('',#3689,#3681,#3691,.T.);
#3689 = VERTEX_POINT('',#3690);
#3690 = CARTESIAN_POINT('',(919.,10.5,-25.));
#3691 = LINE('',#3692,#3693);
#3692 = CARTESIAN_POINT('',(869.25,10.5,-25.));
#3693 = VECTOR('',#3694,1.);
#3694 = DIRECTION('',(-1.,0.,0.));
#3695 = ORIENTED_EDGE('',*,*,#3696,.F.);
#3696 = EDGE_CURVE('',#3671,#3689,#3697,.T.);
#3697 = LINE('',#3698,#3699);
#3698 = CARTESIAN_POINT('',(919.,-15.,-25.));
#3699 = VECTOR('',#3700,1.);
#3700 = DIRECTION('',(0.,1.,0.));
#3701 = PLANE('',#3702);
#3702 = AXIS2_PLACEMENT_3D('',#3703,#3704,#3705);
#3703 = CARTESIAN_POINT('',(845.5,-19.5,-25.));
#3704 = DIRECTION('',(0.,0.,1.));
#3705 = DIRECTION('',(1.,0.,0.));
#3706 = ADVANCED_FACE('',(#3707),#3725,.T.);
#3707 = FACE_BOUND('',#3708,.T.);
#3708 = EDGE_LOOP('',(#3709,#3717,#3718,#3719));
#3709 = ORIENTED_EDGE('',*,*,#3710,.F.);
#3710 = EDGE_CURVE('',#3558,#3711,#3713,.T.);
#3711 = VERTEX_POINT('',#3712);
#3712 = CARTESIAN_POINT('',(938.5,19.5,-27.));
#3713 = LINE('',#3714,#3715);
#3714 = CARTESIAN_POINT('',(845.5,19.5,-27.));
#3715 = VECTOR('',#3716,1.);
#3716 = DIRECTION('',(1.,0.,0.));
#3717 = ORIENTED_EDGE('',*,*,#3565,.T.);
#3718 = ORIENTED_EDGE('',*,*,#3628,.T.);
#3719 = ORIENTED_EDGE('',*,*,#3720,.F.);
#3720 = EDGE_CURVE('',#3711,#3621,#3721,.T.);
#3721 = LINE('',#3722,#3723);
#3722 = CARTESIAN_POINT('',(938.5,19.5,-27.));
#3723 = VECTOR('',#3724,1.);
#3724 = DIRECTION('',(0.,0.,1.));
#3725 = PLANE('',#3726);
#3726 = AXIS2_PLACEMENT_3D('',#3727,#3728,#3729);
#3727 = CARTESIAN_POINT('',(845.5,19.5,-27.));
#3728 = DIRECTION('',(0.,1.,0.));
#3729 = DIRECTION('',(0.,0.,1.));
#3730 = ADVANCED_FACE('',(#3731,#3742,#3776),#3810,.F.);
#3731 = FACE_BOUND('',#3732,.F.);
#3732 = EDGE_LOOP('',(#3733,#3734,#3735,#3741));
#3733 = ORIENTED_EDGE('',*,*,#3557,.F.);
#3734 = ORIENTED_EDGE('',*,*,#3587,.T.);
#3735 = ORIENTED_EDGE('',*,*,#3736,.T.);
#3736 = EDGE_CURVE('',#3588,#3711,#3737,.T.);
#3737 = LINE('',#3738,#3739);
#3738 = CARTESIAN_POINT('',(938.5,-19.5,-27.));
#3739 = VECTOR('',#3740,1.);
#3740 = DIRECTION('',(0.,1.,0.));
#3741 = ORIENTED_EDGE('',*,*,#3710,.F.);
#3742 = FACE_BOUND('',#3743,.F.);
#3743 = EDGE_LOOP('',(#3744,#3754,#3762,#3770));
#3744 = ORIENTED_EDGE('',*,*,#3745,.T.);
#3745 = EDGE_CURVE('',#3746,#3748,#3750,.T.);
#3746 = VERTEX_POINT('',#3747);
#3747 = CARTESIAN_POINT('',(891.,-10.5,-27.));
#3748 = VERTEX_POINT('',#3749);
#3749 = CARTESIAN_POINT('',(865.,-10.5,-27.));
#3750 = LINE('',#3751,#3752);
#3751 = CARTESIAN_POINT('',(855.25,-10.5,-27.));
#3752 = VECTOR('',#3753,1.);
#3753 = DIRECTION('',(-1.,0.,0.));
#3754 = ORIENTED_EDGE('',*,*,#3755,.T.);
#3755 = EDGE_CURVE('',#3748,#3756,#3758,.T.);
#3756 = VERTEX_POINT('',#3757);
#3757 = CARTESIAN_POINT('',(865.,10.5,-27.));
#3758 = LINE('',#3759,#3760);
#3759 = CARTESIAN_POINT('',(865.,-15.,-27.));
#3760 = VECTOR('',#3761,1.);
#3761 = DIRECTION('',(0.,1.,0.));
#3762 = ORIENTED_EDGE('',*,*,#3763,.F.);
#3763 = EDGE_CURVE('',#3764,#3756,#3766,.T.);
#3764 = VERTEX_POINT('',#3765);
#3765 = CARTESIAN_POINT('',(891.,10.5,-27.));
#3766 = LINE('',#3767,#3768);
#3767 = CARTESIAN_POINT('',(855.25,10.5,-27.));
#3768 = VECTOR('',#3769,1.);
#3769 = DIRECTION('',(-1.,0.,0.));
#3770 = ORIENTED_EDGE('',*,*,#3771,.F.);
#3771 = EDGE_CURVE('',#3746,#3764,#3772,.T.);
#3772 = LINE('',#3773,#3774);
#3773 = CARTESIAN_POINT('',(891.,-15.,-27.));
#3774 = VECTOR('',#3775,1.);
#3775 = DIRECTION('',(0.,1.,0.));
#3776 = FACE_BOUND('',#3777,.F.);
#3777 = EDGE_LOOP('',(#3778,#3788,#3796,#3804));
#3778 = ORIENTED_EDGE('',*,*,#3779,.T.);
#3779 = EDGE_CURVE('',#3780,#3782,#3784,.T.);
#3780 = VERTEX_POINT('',#3781);
#3781 = CARTESIAN_POINT('',(919.,-10.5,-27.));
#3782 = VERTEX_POINT('',#3783);
#3783 = CARTESIAN_POINT('',(893.,-10.5,-27.));
#3784 = LINE('',#3785,#3786);
#3785 = CARTESIAN_POINT('',(869.25,-10.5,-27.));
#3786 = VECTOR('',#3787,1.);
#3787 = DIRECTION('',(-1.,0.,0.));
#3788 = ORIENTED_EDGE('',*,*,#3789,.T.);
#3789 = EDGE_CURVE('',#3782,#3790,#3792,.T.);
#3790 = VERTEX_POINT('',#3791);
#3791 = CARTESIAN_POINT('',(893.,10.5,-27.));
#3792 = LINE('',#3793,#3794);
#3793 = CARTESIAN_POINT('',(893.,-15.,-27.));
#3794 = VECTOR('',#3795,1.);
#3795 = DIRECTION('',(0.,1.,0.));
#3796 = ORIENTED_EDGE('',*,*,#3797,.F.);
#3797 = EDGE_CURVE('',#3798,#3790,#3800,.T.);
#3798 = VERTEX_POINT('',#3799);
#3799 = CARTESIAN_POINT('',(919.,10.5,-27.));
#3800 = LINE('',#3801,#3802);
#3801 = CARTESIAN_POINT('',(869.25,10.5,-27.));
#3802 = VECTOR('',#3803,1.);
#3803 = DIRECTION('',(-1.,0.,0.));
#3804 = ORIENTED_EDGE('',*,*,#3805,.F.);
#3805 = EDGE_CURVE('',#3780,#3798,#3806,.T.);
#3806 = LINE('',#3807,#3808);
#3807 = CARTESIAN_POINT('',(919.,-15.,-27.));
#3808 = VECTOR('',#3809,1.);
#3809 = DIRECTION('',(0.,1.,0.));
#3810 = PLANE('',#3811);
#3811 = AXIS2_PLACEMENT_3D('',#3812,#3813,#3814);
#3812 = CARTESIAN_POINT('',(845.5,-19.5,-27.));
#3813 = DIRECTION('',(0.,0.,1.));
#3814 = DIRECTION('',(1.,0.,0.));
#3815 = ADVANCED_FACE('',(#3816),#3822,.T.);
#3816 = FACE_BOUND('',#3817,.T.);
#3817 = EDGE_LOOP('',(#3818,#3819,#3820,#3821));
#3818 = ORIENTED_EDGE('',*,*,#3604,.F.);
#3819 = ORIENTED_EDGE('',*,*,#3736,.T.);
#3820 = ORIENTED_EDGE('',*,*,#3720,.T.);
#3821 = ORIENTED_EDGE('',*,*,#3620,.F.);
#3822 = PLANE('',#3823);
#3823 = AXIS2_PLACEMENT_3D('',#3824,#3825,#3826);
#3824 = CARTESIAN_POINT('',(938.5,-19.5,-27.));
#3825 = DIRECTION('',(1.,0.,0.));
#3826 = DIRECTION('',(0.,0.,1.));
#3827 = ADVANCED_FACE('',(#3828),#3844,.T.);
#3828 = FACE_BOUND('',#3829,.T.);
#3829 = EDGE_LOOP('',(#3830,#3836,#3837,#3843));
#3830 = ORIENTED_EDGE('',*,*,#3831,.F.);
#3831 = EDGE_CURVE('',#3746,#3637,#3832,.T.);
#3832 = LINE('',#3833,#3834);
#3833 = CARTESIAN_POINT('',(891.,-10.5,-28.));
#3834 = VECTOR('',#3835,1.);
#3835 = DIRECTION('',(0.,0.,1.));
#3836 = ORIENTED_EDGE('',*,*,#3745,.T.);
#3837 = ORIENTED_EDGE('',*,*,#3838,.T.);
#3838 = EDGE_CURVE('',#3748,#3639,#3839,.T.);
#3839 = LINE('',#3840,#3841);
#3840 = CARTESIAN_POINT('',(865.,-10.5,-28.));
#3841 = VECTOR('',#3842,1.);
#3842 = DIRECTION('',(0.,0.,1.));
#3843 = ORIENTED_EDGE('',*,*,#3636,.F.);
#3844 = PLANE('',#3845);
#3845 = AXIS2_PLACEMENT_3D('',#3846,#3847,#3848);
#3846 = CARTESIAN_POINT('',(865.,-10.5,-28.));
#3847 = DIRECTION('',(0.,1.,0.));
#3848 = DIRECTION('',(0.,0.,1.));
#3849 = ADVANCED_FACE('',(#3850),#3861,.F.);
#3850 = FACE_BOUND('',#3851,.F.);
#3851 = EDGE_LOOP('',(#3852,#3853,#3854,#3860));
#3852 = ORIENTED_EDGE('',*,*,#3831,.F.);
#3853 = ORIENTED_EDGE('',*,*,#3771,.T.);
#3854 = ORIENTED_EDGE('',*,*,#3855,.T.);
#3855 = EDGE_CURVE('',#3764,#3655,#3856,.T.);
#3856 = LINE('',#3857,#3858);
#3857 = CARTESIAN_POINT('',(891.,10.5,-28.));
#3858 = VECTOR('',#3859,1.);
#3859 = DIRECTION('',(0.,0.,1.));
#3860 = ORIENTED_EDGE('',*,*,#3662,.F.);
#3861 = PLANE('',#3862);
#3862 = AXIS2_PLACEMENT_3D('',#3863,#3864,#3865);
#3863 = CARTESIAN_POINT('',(891.,-10.5,-28.));
#3864 = DIRECTION('',(1.,0.,0.));
#3865 = DIRECTION('',(0.,0.,1.));
#3866 = ADVANCED_FACE('',(#3867),#3878,.T.);
#3867 = FACE_BOUND('',#3868,.T.);
#3868 = EDGE_LOOP('',(#3869,#3870,#3871,#3877));
#3869 = ORIENTED_EDGE('',*,*,#3838,.F.);
#3870 = ORIENTED_EDGE('',*,*,#3755,.T.);
#3871 = ORIENTED_EDGE('',*,*,#3872,.T.);
#3872 = EDGE_CURVE('',#3756,#3647,#3873,.T.);
#3873 = LINE('',#3874,#3875);
#3874 = CARTESIAN_POINT('',(865.,10.5,-28.));
#3875 = VECTOR('',#3876,1.);
#3876 = DIRECTION('',(0.,0.,1.));
#3877 = ORIENTED_EDGE('',*,*,#3646,.F.);
#3878 = PLANE('',#3879);
#3879 = AXIS2_PLACEMENT_3D('',#3880,#3881,#3882);
#3880 = CARTESIAN_POINT('',(865.,-10.5,-28.));
#3881 = DIRECTION('',(1.,0.,0.));
#3882 = DIRECTION('',(0.,0.,1.));
#3883 = ADVANCED_FACE('',(#3884),#3890,.F.);
#3884 = FACE_BOUND('',#3885,.F.);
#3885 = EDGE_LOOP('',(#3886,#3887,#3888,#3889));
#3886 = ORIENTED_EDGE('',*,*,#3855,.F.);
#3887 = ORIENTED_EDGE('',*,*,#3763,.T.);
#3888 = ORIENTED_EDGE('',*,*,#3872,.T.);
#3889 = ORIENTED_EDGE('',*,*,#3654,.F.);
#3890 = PLANE('',#3891);
#3891 = AXIS2_PLACEMENT_3D('',#3892,#3893,#3894);
#3892 = CARTESIAN_POINT('',(865.,10.5,-28.));
#3893 = DIRECTION('',(0.,1.,0.));
#3894 = DIRECTION('',(0.,0.,1.));
#3895 = ADVANCED_FACE('',(#3896),#3912,.T.);
#3896 = FACE_BOUND('',#3897,.T.);
#3897 = EDGE_LOOP('',(#3898,#3904,#3905,#3911));
#3898 = ORIENTED_EDGE('',*,*,#3899,.F.);
#3899 = EDGE_CURVE('',#3780,#3671,#3900,.T.);
#3900 = LINE('',#3901,#3902);
#3901 = CARTESIAN_POINT('',(919.,-10.5,-28.));
#3902 = VECTOR('',#3903,1.);
#3903 = DIRECTION('',(0.,0.,1.));
#3904 = ORIENTED_EDGE('',*,*,#3779,.T.);
#3905 = ORIENTED_EDGE('',*,*,#3906,.T.);
#3906 = EDGE_CURVE('',#3782,#3673,#3907,.T.);
#3907 = LINE('',#3908,#3909);
#3908 = CARTESIAN_POINT('',(893.,-10.5,-28.));
#3909 = VECTOR('',#3910,1.);
#3910 = DIRECTION('',(0.,0.,1.));
#3911 = ORIENTED_EDGE('',*,*,#3670,.F.);
#3912 = PLANE('',#3913);
#3913 = AXIS2_PLACEMENT_3D('',#3914,#3915,#3916);
#3914 = CARTESIAN_POINT('',(893.,-10.5,-28.));
#3915 = DIRECTION('',(0.,1.,0.));
#3916 = DIRECTION('',(0.,0.,1.));
#3917 = ADVANCED_FACE('',(#3918),#3929,.F.);
#3918 = FACE_BOUND('',#3919,.F.);
#3919 = EDGE_LOOP('',(#3920,#3921,#3922,#3928));
#3920 = ORIENTED_EDGE('',*,*,#3899,.F.);
#3921 = ORIENTED_EDGE('',*,*,#3805,.T.);
#3922 = ORIENTED_EDGE('',*,*,#3923,.T.);
#3923 = EDGE_CURVE('',#3798,#3689,#3924,.T.);
#3924 = LINE('',#3925,#3926);
#3925 = CARTESIAN_POINT('',(919.,10.5,-28.));
#3926 = VECTOR('',#3927,1.);
#3927 = DIRECTION('',(0.,0.,1.));
#3928 = ORIENTED_EDGE('',*,*,#3696,.F.);
#3929 = PLANE('',#3930);
#3930 = AXIS2_PLACEMENT_3D('',#3931,#3932,#3933);
#3931 = CARTESIAN_POINT('',(919.,-10.5,-28.));
#3932 = DIRECTION('',(1.,0.,0.));
#3933 = DIRECTION('',(0.,0.,1.));
#3934 = ADVANCED_FACE('',(#3935),#3946,.F.);
#3935 = FACE_BOUND('',#3936,.F.);
#3936 = EDGE_LOOP('',(#3937,#3938,#3939,#3945));
#3937 = ORIENTED_EDGE('',*,*,#3923,.F.);
#3938 = ORIENTED_EDGE('',*,*,#3797,.T.);
#3939 = ORIENTED_EDGE('',*,*,#3940,.T.);
#3940 = EDGE_CURVE('',#3790,#3681,#3941,.T.);
#3941 = LINE('',#3942,#3943);
#3942 = CARTESIAN_POINT('',(893.,10.5,-28.));
#3943 = VECTOR('',#3944,1.);
#3944 = DIRECTION('',(0.,0.,1.));
#3945 = ORIENTED_EDGE('',*,*,#3688,.F.);
#3946 = PLANE('',#3947);
#3947 = AXIS2_PLACEMENT_3D('',#3948,#3949,#3950);
#3948 = CARTESIAN_POINT('',(893.,10.5,-28.));
#3949 = DIRECTION('',(0.,1.,0.));
#3950 = DIRECTION('',(0.,0.,1.));
#3951 = ADVANCED_FACE('',(#3952),#3958,.T.);
#3952 = FACE_BOUND('',#3953,.T.);
#3953 = EDGE_LOOP('',(#3954,#3955,#3956,#3957));
#3954 = ORIENTED_EDGE('',*,*,#3906,.F.);
#3955 = ORIENTED_EDGE('',*,*,#3789,.T.);
#3956 = ORIENTED_EDGE('',*,*,#3940,.T.);
#3957 = ORIENTED_EDGE('',*,*,#3680,.F.);
#3958 = PLANE('',#3959);
#3959 = AXIS2_PLACEMENT_3D('',#3960,#3961,#3962);
#3960 = CARTESIAN_POINT('',(893.,-10.5,-28.));
#3961 = DIRECTION('',(1.,0.,0.));
#3962 = DIRECTION('',(0.,0.,1.));
#3963 = MANIFOLD_SOLID_BREP('',#3964);
#3964 = CLOSED_SHELL('',(#3965,#4005,#4047,#4231,#4614,#4631,#4643,#4660
    ,#4716,#4740,#4787,#4804,#4821,#4838,#4862,#4936,#4953,#4970,#4987,
    #5011,#5083,#5114,#5138,#5162,#5193,#5217,#5241,#5253,#5284,#5308,
    #5332,#5349,#5373,#5390,#5414,#5426,#5443,#5455,#5467,#5498,#5522,
    #5546,#5571,#5602,#5626,#5650,#5675,#5699,#5723,#5740,#5775,#5799,
    #5823,#5840,#5860,#5886,#5917,#5929));
#3965 = ADVANCED_FACE('',(#3966),#4000,.F.);
#3966 = FACE_BOUND('',#3967,.F.);
#3967 = EDGE_LOOP('',(#3968,#3978,#3986,#3994));
#3968 = ORIENTED_EDGE('',*,*,#3969,.F.);
#3969 = EDGE_CURVE('',#3970,#3972,#3974,.T.);
#3970 = VERTEX_POINT('',#3971);
#3971 = CARTESIAN_POINT('',(969.,-39.5,4.));
#3972 = VERTEX_POINT('',#3973);
#3973 = CARTESIAN_POINT('',(969.,-24.,4.));
#3974 = LINE('',#3975,#3976);
#3975 = CARTESIAN_POINT('',(969.,-39.5,4.));
#3976 = VECTOR('',#3977,1.);
#3977 = DIRECTION('',(0.,1.,0.));
#3978 = ORIENTED_EDGE('',*,*,#3979,.F.);
#3979 = EDGE_CURVE('',#3980,#3970,#3982,.T.);
#3980 = VERTEX_POINT('',#3981);
#3981 = CARTESIAN_POINT('',(969.,-39.5,1.5));
#3982 = LINE('',#3983,#3984);
#3983 = CARTESIAN_POINT('',(969.,-39.5,1.5));
#3984 = VECTOR('',#3985,1.);
#3985 = DIRECTION('',(0.,0.,1.));
#3986 = ORIENTED_EDGE('',*,*,#3987,.T.);
#3987 = EDGE_CURVE('',#3980,#3988,#3990,.T.);
#3988 = VERTEX_POINT('',#3989);
#3989 = CARTESIAN_POINT('',(969.,-24.,1.5));
#3990 = LINE('',#3991,#3992);
#3991 = CARTESIAN_POINT('',(969.,-39.5,1.5));
#3992 = VECTOR('',#3993,1.);
#3993 = DIRECTION('',(0.,1.,0.));
#3994 = ORIENTED_EDGE('',*,*,#3995,.F.);
#3995 = EDGE_CURVE('',#3972,#3988,#3996,.T.);
#3996 = LINE('',#3997,#3998);
#3997 = CARTESIAN_POINT('',(969.,-24.,1.5));
#3998 = VECTOR('',#3999,1.);
#3999 = DIRECTION('',(0.,0.,-1.));
#4000 = PLANE('',#4001);
#4001 = AXIS2_PLACEMENT_3D('',#4002,#4003,#4004);
#4002 = CARTESIAN_POINT('',(969.,-39.5,1.5));
#4003 = DIRECTION('',(1.,0.,0.));
#4004 = DIRECTION('',(0.,0.,1.));
#4005 = ADVANCED_FACE('',(#4006,#4031),#4042,.T.);
#4006 = FACE_BOUND('',#4007,.T.);
#4007 = EDGE_LOOP('',(#4008,#4009,#4017,#4025));
#4008 = ORIENTED_EDGE('',*,*,#3969,.F.);
#4009 = ORIENTED_EDGE('',*,*,#4010,.T.);
#4010 = EDGE_CURVE('',#3970,#4011,#4013,.T.);
#4011 = VERTEX_POINT('',#4012);
#4012 = CARTESIAN_POINT('',(979.,-39.5,4.));
#4013 = LINE('',#4014,#4015);
#4014 = CARTESIAN_POINT('',(969.,-39.5,4.));
#4015 = VECTOR('',#4016,1.);
#4016 = DIRECTION('',(1.,0.,0.));
#4017 = ORIENTED_EDGE('',*,*,#4018,.T.);
#4018 = EDGE_CURVE('',#4011,#4019,#4021,.T.);
#4019 = VERTEX_POINT('',#4020);
#4020 = CARTESIAN_POINT('',(979.,-24.,4.));
#4021 = LINE('',#4022,#4023);
#4022 = CARTESIAN_POINT('',(979.,-39.5,4.));
#4023 = VECTOR('',#4024,1.);
#4024 = DIRECTION('',(0.,1.,0.));
#4025 = ORIENTED_EDGE('',*,*,#4026,.F.);
#4026 = EDGE_CURVE('',#3972,#4019,#4027,.T.);
#4027 = LINE('',#4028,#4029);
#4028 = CARTESIAN_POINT('',(965.,-24.,4.));
#4029 = VECTOR('',#4030,1.);
#4030 = DIRECTION('',(1.,0.,0.));
#4031 = FACE_BOUND('',#4032,.T.);
#4032 = EDGE_LOOP('',(#4033));
#4033 = ORIENTED_EDGE('',*,*,#4034,.T.);
#4034 = EDGE_CURVE('',#4035,#4035,#4037,.T.);
#4035 = VERTEX_POINT('',#4036);
#4036 = CARTESIAN_POINT('',(975.7,-35.5,4.));
#4037 = CIRCLE('',#4038,1.7);
#4038 = AXIS2_PLACEMENT_3D('',#4039,#4040,#4041);
#4039 = CARTESIAN_POINT('',(974.,-35.5,4.));
#4040 = DIRECTION('',(0.,0.,-1.));
#4041 = DIRECTION('',(1.,0.,0.));
#4042 = PLANE('',#4043);
#4043 = AXIS2_PLACEMENT_3D('',#4044,#4045,#4046);
#4044 = CARTESIAN_POINT('',(969.,-39.5,4.));
#4045 = DIRECTION('',(0.,0.,1.));
#4046 = DIRECTION('',(1.,0.,0.));
#4047 = ADVANCED_FACE('',(#4048),#4226,.T.);
#4048 = FACE_BOUND('',#4049,.T.);
#4049 = EDGE_LOOP('',(#4050,#4060,#4066,#4067,#4068,#4076,#4084,#4092,
    #4100,#4108,#4116,#4124,#4132,#4140,#4148,#4156,#4164,#4172,#4180,
    #4188,#4196,#4204,#4212,#4220));
#4050 = ORIENTED_EDGE('',*,*,#4051,.F.);
#4051 = EDGE_CURVE('',#4052,#4054,#4056,.T.);
#4052 = VERTEX_POINT('',#4053);
#4053 = CARTESIAN_POINT('',(965.,-24.,1.5));
#4054 = VERTEX_POINT('',#4055);
#4055 = CARTESIAN_POINT('',(965.,-24.,10.));
#4056 = LINE('',#4057,#4058);
#4057 = CARTESIAN_POINT('',(965.,-24.,4.));
#4058 = VECTOR('',#4059,1.);
#4059 = DIRECTION('',(0.,0.,1.));
#4060 = ORIENTED_EDGE('',*,*,#4061,.T.);
#4061 = EDGE_CURVE('',#4052,#3988,#4062,.T.);
#4062 = LINE('',#4063,#4064);
#4063 = CARTESIAN_POINT('',(965.,-24.,1.5));
#4064 = VECTOR('',#4065,1.);
#4065 = DIRECTION('',(1.,0.,0.));
#4066 = ORIENTED_EDGE('',*,*,#3995,.F.);
#4067 = ORIENTED_EDGE('',*,*,#4026,.T.);
#4068 = ORIENTED_EDGE('',*,*,#4069,.T.);
#4069 = EDGE_CURVE('',#4019,#4070,#4072,.T.);
#4070 = VERTEX_POINT('',#4071);
#4071 = CARTESIAN_POINT('',(979.,-24.,1.5));
#4072 = LINE('',#4073,#4074);
#4073 = CARTESIAN_POINT('',(979.,-24.,1.5));
#4074 = VECTOR('',#4075,1.);
#4075 = DIRECTION('',(0.,0.,-1.));
#4076 = ORIENTED_EDGE('',*,*,#4077,.T.);
#4077 = EDGE_CURVE('',#4070,#4078,#4080,.T.);
#4078 = VERTEX_POINT('',#4079);
#4079 = CARTESIAN_POINT('',(981.,-24.,1.5));
#4080 = LINE('',#4081,#4082);
#4081 = CARTESIAN_POINT('',(965.,-24.,1.5));
#4082 = VECTOR('',#4083,1.);
#4083 = DIRECTION('',(1.,0.,0.));
#4084 = ORIENTED_EDGE('',*,*,#4085,.F.);
#4085 = EDGE_CURVE('',#4086,#4078,#4088,.T.);
#4086 = VERTEX_POINT('',#4087);
#4087 = CARTESIAN_POINT('',(981.,-24.,4.));
#4088 = LINE('',#4089,#4090);
#4089 = CARTESIAN_POINT('',(981.,-24.,1.5));
#4090 = VECTOR('',#4091,1.);
#4091 = DIRECTION('',(0.,0.,-1.));
#4092 = ORIENTED_EDGE('',*,*,#4093,.T.);
#4093 = EDGE_CURVE('',#4086,#4094,#4096,.T.);
#4094 = VERTEX_POINT('',#4095);
#4095 = CARTESIAN_POINT('',(983.,-24.,4.));
#4096 = LINE('',#4097,#4098);
#4097 = CARTESIAN_POINT('',(965.,-24.,4.));
#4098 = VECTOR('',#4099,1.);
#4099 = DIRECTION('',(1.,0.,0.));
#4100 = ORIENTED_EDGE('',*,*,#4101,.F.);
#4101 = EDGE_CURVE('',#4102,#4094,#4104,.T.);
#4102 = VERTEX_POINT('',#4103);
#4103 = CARTESIAN_POINT('',(983.,-24.,1.5));
#4104 = LINE('',#4105,#4106);
#4105 = CARTESIAN_POINT('',(983.,-24.,1.));
#4106 = VECTOR('',#4107,1.);
#4107 = DIRECTION('',(0.,0.,1.));
#4108 = ORIENTED_EDGE('',*,*,#4109,.T.);
#4109 = EDGE_CURVE('',#4102,#4110,#4112,.T.);
#4110 = VERTEX_POINT('',#4111);
#4111 = CARTESIAN_POINT('',(992.,-24.,1.5));
#4112 = LINE('',#4113,#4114);
#4113 = CARTESIAN_POINT('',(993.54545454545,-24.,1.5));
#4114 = VECTOR('',#4115,1.);
#4115 = DIRECTION('',(1.,0.,0.));
#4116 = ORIENTED_EDGE('',*,*,#4117,.T.);
#4117 = EDGE_CURVE('',#4110,#4118,#4120,.T.);
#4118 = VERTEX_POINT('',#4119);
#4119 = CARTESIAN_POINT('',(992.,-24.,4.));
#4120 = LINE('',#4121,#4122);
#4121 = CARTESIAN_POINT('',(992.,-24.,1.));
#4122 = VECTOR('',#4123,1.);
#4123 = DIRECTION('',(0.,0.,1.));
#4124 = ORIENTED_EDGE('',*,*,#4125,.T.);
#4125 = EDGE_CURVE('',#4118,#4126,#4128,.T.);
#4126 = VERTEX_POINT('',#4127);
#4127 = CARTESIAN_POINT('',(994.,-24.,4.));
#4128 = LINE('',#4129,#4130);
#4129 = CARTESIAN_POINT('',(965.,-24.,4.));
#4130 = VECTOR('',#4131,1.);
#4131 = DIRECTION('',(1.,0.,0.));
#4132 = ORIENTED_EDGE('',*,*,#4133,.T.);
#4133 = EDGE_CURVE('',#4126,#4134,#4136,.T.);
#4134 = VERTEX_POINT('',#4135);
#4135 = CARTESIAN_POINT('',(994.,-24.,1.5));
#4136 = LINE('',#4137,#4138);
#4137 = CARTESIAN_POINT('',(994.,-24.,1.5));
#4138 = VECTOR('',#4139,1.);
#4139 = DIRECTION('',(0.,0.,-1.));
#4140 = ORIENTED_EDGE('',*,*,#4141,.T.);
#4141 = EDGE_CURVE('',#4134,#4142,#4144,.T.);
#4142 = VERTEX_POINT('',#4143);
#4143 = CARTESIAN_POINT('',(1.021E+03,-24.,1.5));
#4144 = LINE('',#4145,#4146);
#4145 = CARTESIAN_POINT('',(965.,-24.,1.5));
#4146 = VECTOR('',#4147,1.);
#4147 = DIRECTION('',(1.,0.,0.));
#4148 = ORIENTED_EDGE('',*,*,#4149,.F.);
#4149 = EDGE_CURVE('',#4150,#4142,#4152,.T.);
#4150 = VERTEX_POINT('',#4151);
#4151 = CARTESIAN_POINT('',(1.021E+03,-24.,4.));
#4152 = LINE('',#4153,#4154);
#4153 = CARTESIAN_POINT('',(1.021E+03,-24.,1.5));
#4154 = VECTOR('',#4155,1.);
#4155 = DIRECTION('',(0.,0.,-1.));
#4156 = ORIENTED_EDGE('',*,*,#4157,.T.);
#4157 = EDGE_CURVE('',#4150,#4158,#4160,.T.);
#4158 = VERTEX_POINT('',#4159);
#4159 = CARTESIAN_POINT('',(1.023E+03,-24.,4.));
#4160 = LINE('',#4161,#4162);
#4161 = CARTESIAN_POINT('',(965.,-24.,4.));
#4162 = VECTOR('',#4163,1.);
#4163 = DIRECTION('',(1.,0.,0.));
#4164 = ORIENTED_EDGE('',*,*,#4165,.F.);
#4165 = EDGE_CURVE('',#4166,#4158,#4168,.T.);
#4166 = VERTEX_POINT('',#4167);
#4167 = CARTESIAN_POINT('',(1.023E+03,-24.,1.5));
#4168 = LINE('',#4169,#4170);
#4169 = CARTESIAN_POINT('',(1.023E+03,-24.,1.));
#4170 = VECTOR('',#4171,1.);
#4171 = DIRECTION('',(0.,0.,1.));
#4172 = ORIENTED_EDGE('',*,*,#4173,.T.);
#4173 = EDGE_CURVE('',#4166,#4174,#4176,.T.);
#4174 = VERTEX_POINT('',#4175);
#4175 = CARTESIAN_POINT('',(1.032E+03,-24.,1.5));
#4176 = LINE('',#4177,#4178);
#4177 = CARTESIAN_POINT('',(1.013545454545E+03,-24.,1.5));
#4178 = VECTOR('',#4179,1.);
#4179 = DIRECTION('',(1.,0.,0.));
#4180 = ORIENTED_EDGE('',*,*,#4181,.T.);
#4181 = EDGE_CURVE('',#4174,#4182,#4184,.T.);
#4182 = VERTEX_POINT('',#4183);
#4183 = CARTESIAN_POINT('',(1.032E+03,-24.,4.));
#4184 = LINE('',#4185,#4186);
#4185 = CARTESIAN_POINT('',(1.032E+03,-24.,1.));
#4186 = VECTOR('',#4187,1.);
#4187 = DIRECTION('',(0.,0.,1.));
#4188 = ORIENTED_EDGE('',*,*,#4189,.T.);
#4189 = EDGE_CURVE('',#4182,#4190,#4192,.T.);
#4190 = VERTEX_POINT('',#4191);
#4191 = CARTESIAN_POINT('',(1.041E+03,-24.,4.));
#4192 = LINE('',#4193,#4194);
#4193 = CARTESIAN_POINT('',(965.,-24.,4.));
#4194 = VECTOR('',#4195,1.);
#4195 = DIRECTION('',(1.,0.,0.));
#4196 = ORIENTED_EDGE('',*,*,#4197,.T.);
#4197 = EDGE_CURVE('',#4190,#4198,#4200,.T.);
#4198 = VERTEX_POINT('',#4199);
#4199 = CARTESIAN_POINT('',(1.041E+03,-24.,1.5));
#4200 = LINE('',#4201,#4202);
#4201 = CARTESIAN_POINT('',(1.041E+03,-24.,1.5));
#4202 = VECTOR('',#4203,1.);
#4203 = DIRECTION('',(0.,0.,-1.));
#4204 = ORIENTED_EDGE('',*,*,#4205,.T.);
#4205 = EDGE_CURVE('',#4198,#4206,#4208,.T.);
#4206 = VERTEX_POINT('',#4207);
#4207 = CARTESIAN_POINT('',(1.045E+03,-24.,1.5));
#4208 = LINE('',#4209,#4210);
#4209 = CARTESIAN_POINT('',(965.,-24.,1.5));
#4210 = VECTOR('',#4211,1.);
#4211 = DIRECTION('',(1.,0.,0.));
#4212 = ORIENTED_EDGE('',*,*,#4213,.T.);
#4213 = EDGE_CURVE('',#4206,#4214,#4216,.T.);
#4214 = VERTEX_POINT('',#4215);
#4215 = CARTESIAN_POINT('',(1.045E+03,-24.,10.));
#4216 = LINE('',#4217,#4218);
#4217 = CARTESIAN_POINT('',(1.045E+03,-24.,1.5));
#4218 = VECTOR('',#4219,1.);
#4219 = DIRECTION('',(0.,0.,1.));
#4220 = ORIENTED_EDGE('',*,*,#4221,.F.);
#4221 = EDGE_CURVE('',#4054,#4214,#4222,.T.);
#4222 = LINE('',#4223,#4224);
#4223 = CARTESIAN_POINT('',(965.,-24.,10.));
#4224 = VECTOR('',#4225,1.);
#4225 = DIRECTION('',(1.,0.,0.));
#4226 = PLANE('',#4227);
#4227 = AXIS2_PLACEMENT_3D('',#4228,#4229,#4230);
#4228 = CARTESIAN_POINT('',(1.004566831683E+03,-24.,5.688118811881));
#4229 = DIRECTION('',(-0.,-1.,-0.));
#4230 = DIRECTION('',(0.,0.,-1.));
#4231 = ADVANCED_FACE('',(#4232,#4447,#4458,#4483,#4494,#4519,#4553,
    #4564,#4598),#4609,.T.);
#4232 = FACE_BOUND('',#4233,.T.);
#4233 = EDGE_LOOP('',(#4234,#4244,#4252,#4260,#4268,#4276,#4284,#4292,
    #4300,#4308,#4316,#4324,#4332,#4340,#4348,#4356,#4362,#4363,#4371,
    #4379,#4387,#4395,#4401,#4402,#4410,#4418,#4424,#4425,#4433,#4439,
    #4440,#4441));
#4234 = ORIENTED_EDGE('',*,*,#4235,.T.);
#4235 = EDGE_CURVE('',#4236,#4238,#4240,.T.);
#4236 = VERTEX_POINT('',#4237);
#4237 = CARTESIAN_POINT('',(965.,24.,1.5));
#4238 = VERTEX_POINT('',#4239);
#4239 = CARTESIAN_POINT('',(969.,24.,1.5));
#4240 = LINE('',#4241,#4242);
#4241 = CARTESIAN_POINT('',(965.,24.,1.5));
#4242 = VECTOR('',#4243,1.);
#4243 = DIRECTION('',(1.,0.,0.));
#4244 = ORIENTED_EDGE('',*,*,#4245,.T.);
#4245 = EDGE_CURVE('',#4238,#4246,#4248,.T.);
#4246 = VERTEX_POINT('',#4247);
#4247 = CARTESIAN_POINT('',(969.,39.5,1.5));
#4248 = LINE('',#4249,#4250);
#4249 = CARTESIAN_POINT('',(969.,21.5,1.5));
#4250 = VECTOR('',#4251,1.);
#4251 = DIRECTION('',(0.,1.,0.));
#4252 = ORIENTED_EDGE('',*,*,#4253,.T.);
#4253 = EDGE_CURVE('',#4246,#4254,#4256,.T.);
#4254 = VERTEX_POINT('',#4255);
#4255 = CARTESIAN_POINT('',(979.,39.5,1.5));
#4256 = LINE('',#4257,#4258);
#4257 = CARTESIAN_POINT('',(969.,39.5,1.5));
#4258 = VECTOR('',#4259,1.);
#4259 = DIRECTION('',(1.,0.,0.));
#4260 = ORIENTED_EDGE('',*,*,#4261,.F.);
#4261 = EDGE_CURVE('',#4262,#4254,#4264,.T.);
#4262 = VERTEX_POINT('',#4263);
#4263 = CARTESIAN_POINT('',(979.,24.,1.5));
#4264 = LINE('',#4265,#4266);
#4265 = CARTESIAN_POINT('',(979.,21.5,1.5));
#4266 = VECTOR('',#4267,1.);
#4267 = DIRECTION('',(0.,1.,0.));
#4268 = ORIENTED_EDGE('',*,*,#4269,.T.);
#4269 = EDGE_CURVE('',#4262,#4270,#4272,.T.);
#4270 = VERTEX_POINT('',#4271);
#4271 = CARTESIAN_POINT('',(981.,24.,1.5));
#4272 = LINE('',#4273,#4274);
#4273 = CARTESIAN_POINT('',(965.,24.,1.5));
#4274 = VECTOR('',#4275,1.);
#4275 = DIRECTION('',(1.,0.,0.));
#4276 = ORIENTED_EDGE('',*,*,#4277,.T.);
#4277 = EDGE_CURVE('',#4270,#4278,#4280,.T.);
#4278 = VERTEX_POINT('',#4279);
#4279 = CARTESIAN_POINT('',(981.,28.,1.5));
#4280 = LINE('',#4281,#4282);
#4281 = CARTESIAN_POINT('',(981.,21.5,1.5));
#4282 = VECTOR('',#4283,1.);
#4283 = DIRECTION('',(0.,1.,0.));
#4284 = ORIENTED_EDGE('',*,*,#4285,.T.);
#4285 = EDGE_CURVE('',#4278,#4286,#4288,.T.);
#4286 = VERTEX_POINT('',#4287);
#4287 = CARTESIAN_POINT('',(994.,28.,1.5));
#4288 = LINE('',#4289,#4290);
#4289 = CARTESIAN_POINT('',(981.,28.,1.5));
#4290 = VECTOR('',#4291,1.);
#4291 = DIRECTION('',(1.,0.,0.));
#4292 = ORIENTED_EDGE('',*,*,#4293,.F.);
#4293 = EDGE_CURVE('',#4294,#4286,#4296,.T.);
#4294 = VERTEX_POINT('',#4295);
#4295 = CARTESIAN_POINT('',(994.,24.,1.5));
#4296 = LINE('',#4297,#4298);
#4297 = CARTESIAN_POINT('',(994.,21.5,1.5));
#4298 = VECTOR('',#4299,1.);
#4299 = DIRECTION('',(0.,1.,0.));
#4300 = ORIENTED_EDGE('',*,*,#4301,.T.);
#4301 = EDGE_CURVE('',#4294,#4302,#4304,.T.);
#4302 = VERTEX_POINT('',#4303);
#4303 = CARTESIAN_POINT('',(1.021E+03,24.,1.5));
#4304 = LINE('',#4305,#4306);
#4305 = CARTESIAN_POINT('',(965.,24.,1.5));
#4306 = VECTOR('',#4307,1.);
#4307 = DIRECTION('',(1.,0.,0.));
#4308 = ORIENTED_EDGE('',*,*,#4309,.T.);
#4309 = EDGE_CURVE('',#4302,#4310,#4312,.T.);
#4310 = VERTEX_POINT('',#4311);
#4311 = CARTESIAN_POINT('',(1.021E+03,28.,1.5));
#4312 = LINE('',#4313,#4314);
#4313 = CARTESIAN_POINT('',(1.021E+03,21.5,1.5));
#4314 = VECTOR('',#4315,1.);
#4315 = DIRECTION('',(0.,1.,0.));
#4316 = ORIENTED_EDGE('',*,*,#4317,.T.);
#4317 = EDGE_CURVE('',#4310,#4318,#4320,.T.);
#4318 = VERTEX_POINT('',#4319);
#4319 = CARTESIAN_POINT('',(1.031E+03,28.,1.5));
#4320 = LINE('',#4321,#4322);
#4321 = CARTESIAN_POINT('',(1.021E+03,28.,1.5));
#4322 = VECTOR('',#4323,1.);
#4323 = DIRECTION('',(1.,0.,0.));
#4324 = ORIENTED_EDGE('',*,*,#4325,.T.);
#4325 = EDGE_CURVE('',#4318,#4326,#4328,.T.);
#4326 = VERTEX_POINT('',#4327);
#4327 = CARTESIAN_POINT('',(1.031E+03,39.5,1.5));
#4328 = LINE('',#4329,#4330);
#4329 = CARTESIAN_POINT('',(1.031E+03,21.5,1.5));
#4330 = VECTOR('',#4331,1.);
#4331 = DIRECTION('',(0.,1.,0.));
#4332 = ORIENTED_EDGE('',*,*,#4333,.T.);
#4333 = EDGE_CURVE('',#4326,#4334,#4336,.T.);
#4334 = VERTEX_POINT('',#4335);
#4335 = CARTESIAN_POINT('',(1.041E+03,39.5,1.5));
#4336 = LINE('',#4337,#4338);
#4337 = CARTESIAN_POINT('',(1.031E+03,39.5,1.5));
#4338 = VECTOR('',#4339,1.);
#4339 = DIRECTION('',(1.,0.,0.));
#4340 = ORIENTED_EDGE('',*,*,#4341,.F.);
#4341 = EDGE_CURVE('',#4342,#4334,#4344,.T.);
#4342 = VERTEX_POINT('',#4343);
#4343 = CARTESIAN_POINT('',(1.041E+03,24.,1.5));
#4344 = LINE('',#4345,#4346);
#4345 = CARTESIAN_POINT('',(1.041E+03,21.5,1.5));
#4346 = VECTOR('',#4347,1.);
#4347 = DIRECTION('',(0.,1.,0.));
#4348 = ORIENTED_EDGE('',*,*,#4349,.T.);
#4349 = EDGE_CURVE('',#4342,#4350,#4352,.T.);
#4350 = VERTEX_POINT('',#4351);
#4351 = CARTESIAN_POINT('',(1.045E+03,24.,1.5));
#4352 = LINE('',#4353,#4354);
#4353 = CARTESIAN_POINT('',(965.,24.,1.5));
#4354 = VECTOR('',#4355,1.);
#4355 = DIRECTION('',(1.,0.,0.));
#4356 = ORIENTED_EDGE('',*,*,#4357,.F.);
#4357 = EDGE_CURVE('',#4206,#4350,#4358,.T.);
#4358 = LINE('',#4359,#4360);
#4359 = CARTESIAN_POINT('',(1.045E+03,-24.,1.5));
#4360 = VECTOR('',#4361,1.);
#4361 = DIRECTION('',(0.,1.,0.));
#4362 = ORIENTED_EDGE('',*,*,#4205,.F.);
#4363 = ORIENTED_EDGE('',*,*,#4364,.F.);
#4364 = EDGE_CURVE('',#4365,#4198,#4367,.T.);
#4365 = VERTEX_POINT('',#4366);
#4366 = CARTESIAN_POINT('',(1.041E+03,-39.5,1.5));
#4367 = LINE('',#4368,#4369);
#4368 = CARTESIAN_POINT('',(1.041E+03,-39.5,1.5));
#4369 = VECTOR('',#4370,1.);
#4370 = DIRECTION('',(0.,1.,0.));
#4371 = ORIENTED_EDGE('',*,*,#4372,.F.);
#4372 = EDGE_CURVE('',#4373,#4365,#4375,.T.);
#4373 = VERTEX_POINT('',#4374);
#4374 = CARTESIAN_POINT('',(1.031E+03,-39.5,1.5));
#4375 = LINE('',#4376,#4377);
#4376 = CARTESIAN_POINT('',(1.031E+03,-39.5,1.5));
#4377 = VECTOR('',#4378,1.);
#4378 = DIRECTION('',(1.,0.,0.));
#4379 = ORIENTED_EDGE('',*,*,#4380,.T.);
#4380 = EDGE_CURVE('',#4373,#4381,#4383,.T.);
#4381 = VERTEX_POINT('',#4382);
#4382 = CARTESIAN_POINT('',(1.031E+03,-28.,1.5));
#4383 = LINE('',#4384,#4385);
#4384 = CARTESIAN_POINT('',(1.031E+03,-39.5,1.5));
#4385 = VECTOR('',#4386,1.);
#4386 = DIRECTION('',(0.,1.,0.));
#4387 = ORIENTED_EDGE('',*,*,#4388,.F.);
#4388 = EDGE_CURVE('',#4389,#4381,#4391,.T.);
#4389 = VERTEX_POINT('',#4390);
#4390 = CARTESIAN_POINT('',(1.021E+03,-28.,1.5));
#4391 = LINE('',#4392,#4393);
#4392 = CARTESIAN_POINT('',(1.021E+03,-28.,1.5));
#4393 = VECTOR('',#4394,1.);
#4394 = DIRECTION('',(1.,0.,0.));
#4395 = ORIENTED_EDGE('',*,*,#4396,.T.);
#4396 = EDGE_CURVE('',#4389,#4142,#4397,.T.);
#4397 = LINE('',#4398,#4399);
#4398 = CARTESIAN_POINT('',(1.021E+03,-28.,1.5));
#4399 = VECTOR('',#4400,1.);
#4400 = DIRECTION('',(0.,1.,0.));
#4401 = ORIENTED_EDGE('',*,*,#4141,.F.);
#4402 = ORIENTED_EDGE('',*,*,#4403,.F.);
#4403 = EDGE_CURVE('',#4404,#4134,#4406,.T.);
#4404 = VERTEX_POINT('',#4405);
#4405 = CARTESIAN_POINT('',(994.,-28.,1.5));
#4406 = LINE('',#4407,#4408);
#4407 = CARTESIAN_POINT('',(994.,-28.,1.5));
#4408 = VECTOR('',#4409,1.);
#4409 = DIRECTION('',(0.,1.,0.));
#4410 = ORIENTED_EDGE('',*,*,#4411,.F.);
#4411 = EDGE_CURVE('',#4412,#4404,#4414,.T.);
#4412 = VERTEX_POINT('',#4413);
#4413 = CARTESIAN_POINT('',(981.,-28.,1.5));
#4414 = LINE('',#4415,#4416);
#4415 = CARTESIAN_POINT('',(981.,-28.,1.5));
#4416 = VECTOR('',#4417,1.);
#4417 = DIRECTION('',(1.,0.,0.));
#4418 = ORIENTED_EDGE('',*,*,#4419,.T.);
#4419 = EDGE_CURVE('',#4412,#4078,#4420,.T.);
#4420 = LINE('',#4421,#4422);
#4421 = CARTESIAN_POINT('',(981.,-28.,1.5));
#4422 = VECTOR('',#4423,1.);
#4423 = DIRECTION('',(0.,1.,0.));
#4424 = ORIENTED_EDGE('',*,*,#4077,.F.);
#4425 = ORIENTED_EDGE('',*,*,#4426,.F.);
#4426 = EDGE_CURVE('',#4427,#4070,#4429,.T.);
#4427 = VERTEX_POINT('',#4428);
#4428 = CARTESIAN_POINT('',(979.,-39.5,1.5));
#4429 = LINE('',#4430,#4431);
#4430 = CARTESIAN_POINT('',(979.,-39.5,1.5));
#4431 = VECTOR('',#4432,1.);
#4432 = DIRECTION('',(0.,1.,0.));
#4433 = ORIENTED_EDGE('',*,*,#4434,.F.);
#4434 = EDGE_CURVE('',#3980,#4427,#4435,.T.);
#4435 = LINE('',#4436,#4437);
#4436 = CARTESIAN_POINT('',(969.,-39.5,1.5));
#4437 = VECTOR('',#4438,1.);
#4438 = DIRECTION('',(1.,0.,0.));
#4439 = ORIENTED_EDGE('',*,*,#3987,.T.);
#4440 = ORIENTED_EDGE('',*,*,#4061,.F.);
#4441 = ORIENTED_EDGE('',*,*,#4442,.T.);
#4442 = EDGE_CURVE('',#4052,#4236,#4443,.T.);
#4443 = LINE('',#4444,#4445);
#4444 = CARTESIAN_POINT('',(965.,-24.,1.5));
#4445 = VECTOR('',#4446,1.);
#4446 = DIRECTION('',(0.,1.,0.));
#4447 = FACE_BOUND('',#4448,.T.);
#4448 = EDGE_LOOP('',(#4449));
#4449 = ORIENTED_EDGE('',*,*,#4450,.F.);
#4450 = EDGE_CURVE('',#4451,#4451,#4453,.T.);
#4451 = VERTEX_POINT('',#4452);
#4452 = CARTESIAN_POINT('',(1.0377E+03,-35.5,1.5));
#4453 = CIRCLE('',#4454,1.7);
#4454 = AXIS2_PLACEMENT_3D('',#4455,#4456,#4457);
#4455 = CARTESIAN_POINT('',(1.036E+03,-35.5,1.5));
#4456 = DIRECTION('',(0.,0.,-1.));
#4457 = DIRECTION('',(1.,0.,0.));
#4458 = FACE_BOUND('',#4459,.T.);
#4459 = EDGE_LOOP('',(#4460,#4461,#4469,#4477));
#4460 = ORIENTED_EDGE('',*,*,#4173,.F.);
#4461 = ORIENTED_EDGE('',*,*,#4462,.T.);
#4462 = EDGE_CURVE('',#4166,#4463,#4465,.T.);
#4463 = VERTEX_POINT('',#4464);
#4464 = CARTESIAN_POINT('',(1.023E+03,-26.,1.5));
#4465 = LINE('',#4466,#4467);
#4466 = CARTESIAN_POINT('',(1.023E+03,-13.,1.5));
#4467 = VECTOR('',#4468,1.);
#4468 = DIRECTION('',(0.,-1.,0.));
#4469 = ORIENTED_EDGE('',*,*,#4470,.T.);
#4470 = EDGE_CURVE('',#4463,#4471,#4473,.T.);
#4471 = VERTEX_POINT('',#4472);
#4472 = CARTESIAN_POINT('',(1.032E+03,-26.,1.5));
#4473 = LINE('',#4474,#4475);
#4474 = CARTESIAN_POINT('',(1.013545454545E+03,-26.,1.5));
#4475 = VECTOR('',#4476,1.);
#4476 = DIRECTION('',(1.,0.,0.));
#4477 = ORIENTED_EDGE('',*,*,#4478,.F.);
#4478 = EDGE_CURVE('',#4174,#4471,#4479,.T.);
#4479 = LINE('',#4480,#4481);
#4480 = CARTESIAN_POINT('',(1.032E+03,-13.,1.5));
#4481 = VECTOR('',#4482,1.);
#4482 = DIRECTION('',(0.,-1.,0.));
#4483 = FACE_BOUND('',#4484,.T.);
#4484 = EDGE_LOOP('',(#4485));
#4485 = ORIENTED_EDGE('',*,*,#4486,.F.);
#4486 = EDGE_CURVE('',#4487,#4487,#4489,.T.);
#4487 = VERTEX_POINT('',#4488);
#4488 = CARTESIAN_POINT('',(975.7,-35.5,1.5));
#4489 = CIRCLE('',#4490,1.7);
#4490 = AXIS2_PLACEMENT_3D('',#4491,#4492,#4493);
#4491 = CARTESIAN_POINT('',(974.,-35.5,1.5));
#4492 = DIRECTION('',(0.,0.,-1.));
#4493 = DIRECTION('',(1.,0.,0.));
#4494 = FACE_BOUND('',#4495,.T.);
#4495 = EDGE_LOOP('',(#4496,#4497,#4505,#4513));
#4496 = ORIENTED_EDGE('',*,*,#4109,.F.);
#4497 = ORIENTED_EDGE('',*,*,#4498,.T.);
#4498 = EDGE_CURVE('',#4102,#4499,#4501,.T.);
#4499 = VERTEX_POINT('',#4500);
#4500 = CARTESIAN_POINT('',(983.,-26.,1.5));
#4501 = LINE('',#4502,#4503);
#4502 = CARTESIAN_POINT('',(983.,-13.,1.5));
#4503 = VECTOR('',#4504,1.);
#4504 = DIRECTION('',(0.,-1.,0.));
#4505 = ORIENTED_EDGE('',*,*,#4506,.T.);
#4506 = EDGE_CURVE('',#4499,#4507,#4509,.T.);
#4507 = VERTEX_POINT('',#4508);
#4508 = CARTESIAN_POINT('',(992.,-26.,1.5));
#4509 = LINE('',#4510,#4511);
#4510 = CARTESIAN_POINT('',(993.54545454545,-26.,1.5));
#4511 = VECTOR('',#4512,1.);
#4512 = DIRECTION('',(1.,0.,0.));
#4513 = ORIENTED_EDGE('',*,*,#4514,.F.);
#4514 = EDGE_CURVE('',#4110,#4507,#4515,.T.);
#4515 = LINE('',#4516,#4517);
#4516 = CARTESIAN_POINT('',(992.,-13.,1.5));
#4517 = VECTOR('',#4518,1.);
#4518 = DIRECTION('',(0.,-1.,0.));
#4519 = FACE_BOUND('',#4520,.T.);
#4520 = EDGE_LOOP('',(#4521,#4531,#4539,#4547));
#4521 = ORIENTED_EDGE('',*,*,#4522,.F.);
#4522 = EDGE_CURVE('',#4523,#4525,#4527,.T.);
#4523 = VERTEX_POINT('',#4524);
#4524 = CARTESIAN_POINT('',(1.023E+03,26.,1.5));
#4525 = VERTEX_POINT('',#4526);
#4526 = CARTESIAN_POINT('',(1.032E+03,26.,1.5));
#4527 = LINE('',#4528,#4529);
#4528 = CARTESIAN_POINT('',(1.013545454545E+03,26.,1.5));
#4529 = VECTOR('',#4530,1.);
#4530 = DIRECTION('',(1.,0.,0.));
#4531 = ORIENTED_EDGE('',*,*,#4532,.T.);
#4532 = EDGE_CURVE('',#4523,#4533,#4535,.T.);
#4533 = VERTEX_POINT('',#4534);
#4534 = CARTESIAN_POINT('',(1.023E+03,24.,1.5));
#4535 = LINE('',#4536,#4537);
#4536 = CARTESIAN_POINT('',(1.023E+03,12.,1.5));
#4537 = VECTOR('',#4538,1.);
#4538 = DIRECTION('',(0.,-1.,0.));
#4539 = ORIENTED_EDGE('',*,*,#4540,.T.);
#4540 = EDGE_CURVE('',#4533,#4541,#4543,.T.);
#4541 = VERTEX_POINT('',#4542);
#4542 = CARTESIAN_POINT('',(1.032E+03,24.,1.5));
#4543 = LINE('',#4544,#4545);
#4544 = CARTESIAN_POINT('',(1.013545454545E+03,24.,1.5));
#4545 = VECTOR('',#4546,1.);
#4546 = DIRECTION('',(1.,0.,0.));
#4547 = ORIENTED_EDGE('',*,*,#4548,.F.);
#4548 = EDGE_CURVE('',#4525,#4541,#4549,.T.);
#4549 = LINE('',#4550,#4551);
#4550 = CARTESIAN_POINT('',(1.032E+03,12.,1.5));
#4551 = VECTOR('',#4552,1.);
#4552 = DIRECTION('',(0.,-1.,0.));
#4553 = FACE_BOUND('',#4554,.T.);
#4554 = EDGE_LOOP('',(#4555));
#4555 = ORIENTED_EDGE('',*,*,#4556,.F.);
#4556 = EDGE_CURVE('',#4557,#4557,#4559,.T.);
#4557 = VERTEX_POINT('',#4558);
#4558 = CARTESIAN_POINT('',(1.0377E+03,35.5,1.5));
#4559 = CIRCLE('',#4560,1.7);
#4560 = AXIS2_PLACEMENT_3D('',#4561,#4562,#4563);
#4561 = CARTESIAN_POINT('',(1.036E+03,35.5,1.5));
#4562 = DIRECTION('',(0.,0.,-1.));
#4563 = DIRECTION('',(1.,0.,0.));
#4564 = FACE_BOUND('',#4565,.T.);
#4565 = EDGE_LOOP('',(#4566,#4576,#4584,#4592));
#4566 = ORIENTED_EDGE('',*,*,#4567,.F.);
#4567 = EDGE_CURVE('',#4568,#4570,#4572,.T.);
#4568 = VERTEX_POINT('',#4569);
#4569 = CARTESIAN_POINT('',(983.,26.,1.5));
#4570 = VERTEX_POINT('',#4571);
#4571 = CARTESIAN_POINT('',(992.,26.,1.5));
#4572 = LINE('',#4573,#4574);
#4573 = CARTESIAN_POINT('',(993.54545454545,26.,1.5));
#4574 = VECTOR('',#4575,1.);
#4575 = DIRECTION('',(1.,0.,0.));
#4576 = ORIENTED_EDGE('',*,*,#4577,.T.);
#4577 = EDGE_CURVE('',#4568,#4578,#4580,.T.);
#4578 = VERTEX_POINT('',#4579);
#4579 = CARTESIAN_POINT('',(983.,24.,1.5));
#4580 = LINE('',#4581,#4582);
#4581 = CARTESIAN_POINT('',(983.,12.,1.5));
#4582 = VECTOR('',#4583,1.);
#4583 = DIRECTION('',(0.,-1.,0.));
#4584 = ORIENTED_EDGE('',*,*,#4585,.T.);
#4585 = EDGE_CURVE('',#4578,#4586,#4588,.T.);
#4586 = VERTEX_POINT('',#4587);
#4587 = CARTESIAN_POINT('',(992.,24.,1.5));
#4588 = LINE('',#4589,#4590);
#4589 = CARTESIAN_POINT('',(993.54545454545,24.,1.5));
#4590 = VECTOR('',#4591,1.);
#4591 = DIRECTION('',(1.,0.,0.));
#4592 = ORIENTED_EDGE('',*,*,#4593,.F.);
#4593 = EDGE_CURVE('',#4570,#4586,#4594,.T.);
#4594 = LINE('',#4595,#4596);
#4595 = CARTESIAN_POINT('',(992.,12.,1.5));
#4596 = VECTOR('',#4597,1.);
#4597 = DIRECTION('',(0.,-1.,0.));
#4598 = FACE_BOUND('',#4599,.T.);
#4599 = EDGE_LOOP('',(#4600));
#4600 = ORIENTED_EDGE('',*,*,#4601,.F.);
#4601 = EDGE_CURVE('',#4602,#4602,#4604,.T.);
#4602 = VERTEX_POINT('',#4603);
#4603 = CARTESIAN_POINT('',(975.7,35.5,1.5));
#4604 = CIRCLE('',#4605,1.7);
#4605 = AXIS2_PLACEMENT_3D('',#4606,#4607,#4608);
#4606 = CARTESIAN_POINT('',(974.,35.5,1.5));
#4607 = DIRECTION('',(0.,0.,-1.));
#4608 = DIRECTION('',(1.,0.,0.));
#4609 = PLANE('',#4610);
#4610 = AXIS2_PLACEMENT_3D('',#4611,#4612,#4613);
#4611 = CARTESIAN_POINT('',(1.004090909091E+03,0.,1.5));
#4612 = DIRECTION('',(-0.,-0.,-1.));
#4613 = DIRECTION('',(-1.,0.,0.));
#4614 = ADVANCED_FACE('',(#4615),#4626,.F.);
#4615 = FACE_BOUND('',#4616,.F.);
#4616 = EDGE_LOOP('',(#4617,#4618,#4619,#4620));
#4617 = ORIENTED_EDGE('',*,*,#4434,.F.);
#4618 = ORIENTED_EDGE('',*,*,#3979,.T.);
#4619 = ORIENTED_EDGE('',*,*,#4010,.T.);
#4620 = ORIENTED_EDGE('',*,*,#4621,.F.);
#4621 = EDGE_CURVE('',#4427,#4011,#4622,.T.);
#4622 = LINE('',#4623,#4624);
#4623 = CARTESIAN_POINT('',(979.,-39.5,1.5));
#4624 = VECTOR('',#4625,1.);
#4625 = DIRECTION('',(0.,0.,1.));
#4626 = PLANE('',#4627);
#4627 = AXIS2_PLACEMENT_3D('',#4628,#4629,#4630);
#4628 = CARTESIAN_POINT('',(969.,-39.5,1.5));
#4629 = DIRECTION('',(0.,1.,0.));
#4630 = DIRECTION('',(0.,0.,1.));
#4631 = ADVANCED_FACE('',(#4632),#4638,.T.);
#4632 = FACE_BOUND('',#4633,.T.);
#4633 = EDGE_LOOP('',(#4634,#4635,#4636,#4637));
#4634 = ORIENTED_EDGE('',*,*,#4018,.F.);
#4635 = ORIENTED_EDGE('',*,*,#4621,.F.);
#4636 = ORIENTED_EDGE('',*,*,#4426,.T.);
#4637 = ORIENTED_EDGE('',*,*,#4069,.F.);
#4638 = PLANE('',#4639);
#4639 = AXIS2_PLACEMENT_3D('',#4640,#4641,#4642);
#4640 = CARTESIAN_POINT('',(979.,-39.5,1.5));
#4641 = DIRECTION('',(1.,0.,0.));
#4642 = DIRECTION('',(0.,0.,1.));
#4643 = ADVANCED_FACE('',(#4644),#4655,.F.);
#4644 = FACE_BOUND('',#4645,.T.);
#4645 = EDGE_LOOP('',(#4646,#4647,#4653,#4654));
#4646 = ORIENTED_EDGE('',*,*,#4486,.T.);
#4647 = ORIENTED_EDGE('',*,*,#4648,.T.);
#4648 = EDGE_CURVE('',#4487,#4035,#4649,.T.);
#4649 = LINE('',#4650,#4651);
#4650 = CARTESIAN_POINT('',(975.7,-35.5,-1.));
#4651 = VECTOR('',#4652,1.);
#4652 = DIRECTION('',(0.,0.,1.));
#4653 = ORIENTED_EDGE('',*,*,#4034,.F.);
#4654 = ORIENTED_EDGE('',*,*,#4648,.F.);
#4655 = CYLINDRICAL_SURFACE('',#4656,1.7);
#4656 = AXIS2_PLACEMENT_3D('',#4657,#4658,#4659);
#4657 = CARTESIAN_POINT('',(974.,-35.5,-1.));
#4658 = DIRECTION('',(-0.,-0.,-1.));
#4659 = DIRECTION('',(1.,0.,0.));
#4660 = ADVANCED_FACE('',(#4661),#4711,.T.);
#4661 = FACE_BOUND('',#4662,.T.);
#4662 = EDGE_LOOP('',(#4663,#4664,#4672,#4680,#4688,#4696,#4704,#4710));
#4663 = ORIENTED_EDGE('',*,*,#4051,.T.);
#4664 = ORIENTED_EDGE('',*,*,#4665,.T.);
#4665 = EDGE_CURVE('',#4054,#4666,#4668,.T.);
#4666 = VERTEX_POINT('',#4667);
#4667 = CARTESIAN_POINT('',(965.,-6.,10.));
#4668 = LINE('',#4669,#4670);
#4669 = CARTESIAN_POINT('',(965.,-24.,10.));
#4670 = VECTOR('',#4671,1.);
#4671 = DIRECTION('',(0.,1.,0.));
#4672 = ORIENTED_EDGE('',*,*,#4673,.F.);
#4673 = EDGE_CURVE('',#4674,#4666,#4676,.T.);
#4674 = VERTEX_POINT('',#4675);
#4675 = CARTESIAN_POINT('',(965.,-6.,6.));
#4676 = LINE('',#4677,#4678);
#4677 = CARTESIAN_POINT('',(965.,-6.,5.));
#4678 = VECTOR('',#4679,1.);
#4679 = DIRECTION('',(0.,0.,1.));
#4680 = ORIENTED_EDGE('',*,*,#4681,.F.);
#4681 = EDGE_CURVE('',#4682,#4674,#4684,.T.);
#4682 = VERTEX_POINT('',#4683);
#4683 = CARTESIAN_POINT('',(965.,6.,6.));
#4684 = LINE('',#4685,#4686);
#4685 = CARTESIAN_POINT('',(965.,-15.,6.));
#4686 = VECTOR('',#4687,1.);
#4687 = DIRECTION('',(0.,-1.,0.));
#4688 = ORIENTED_EDGE('',*,*,#4689,.T.);
#4689 = EDGE_CURVE('',#4682,#4690,#4692,.T.);
#4690 = VERTEX_POINT('',#4691);
#4691 = CARTESIAN_POINT('',(965.,6.,10.));
#4692 = LINE('',#4693,#4694);
#4693 = CARTESIAN_POINT('',(965.,6.,5.));
#4694 = VECTOR('',#4695,1.);
#4695 = DIRECTION('',(0.,0.,1.));
#4696 = ORIENTED_EDGE('',*,*,#4697,.T.);
#4697 = EDGE_CURVE('',#4690,#4698,#4700,.T.);
#4698 = VERTEX_POINT('',#4699);
#4699 = CARTESIAN_POINT('',(965.,24.,10.));
#4700 = LINE('',#4701,#4702);
#4701 = CARTESIAN_POINT('',(965.,-24.,10.));
#4702 = VECTOR('',#4703,1.);
#4703 = DIRECTION('',(0.,1.,0.));
#4704 = ORIENTED_EDGE('',*,*,#4705,.F.);
#4705 = EDGE_CURVE('',#4236,#4698,#4706,.T.);
#4706 = LINE('',#4707,#4708);
#4707 = CARTESIAN_POINT('',(965.,24.,4.));
#4708 = VECTOR('',#4709,1.);
#4709 = DIRECTION('',(0.,0.,1.));
#4710 = ORIENTED_EDGE('',*,*,#4442,.F.);
#4711 = PLANE('',#4712);
#4712 = AXIS2_PLACEMENT_3D('',#4713,#4714,#4715);
#4713 = CARTESIAN_POINT('',(965.,0.,5.502066115702));
#4714 = DIRECTION('',(-1.,-0.,-0.));
#4715 = DIRECTION('',(0.,0.,-1.));
#4716 = ADVANCED_FACE('',(#4717),#4735,.F.);
#4717 = FACE_BOUND('',#4718,.F.);
#4718 = EDGE_LOOP('',(#4719,#4727,#4733,#4734));
#4719 = ORIENTED_EDGE('',*,*,#4720,.F.);
#4720 = EDGE_CURVE('',#4721,#4086,#4723,.T.);
#4721 = VERTEX_POINT('',#4722);
#4722 = CARTESIAN_POINT('',(981.,-28.,4.));
#4723 = LINE('',#4724,#4725);
#4724 = CARTESIAN_POINT('',(981.,-28.,4.));
#4725 = VECTOR('',#4726,1.);
#4726 = DIRECTION('',(0.,1.,0.));
#4727 = ORIENTED_EDGE('',*,*,#4728,.F.);
#4728 = EDGE_CURVE('',#4412,#4721,#4729,.T.);
#4729 = LINE('',#4730,#4731);
#4730 = CARTESIAN_POINT('',(981.,-28.,1.5));
#4731 = VECTOR('',#4732,1.);
#4732 = DIRECTION('',(0.,0.,1.));
#4733 = ORIENTED_EDGE('',*,*,#4419,.T.);
#4734 = ORIENTED_EDGE('',*,*,#4085,.F.);
#4735 = PLANE('',#4736);
#4736 = AXIS2_PLACEMENT_3D('',#4737,#4738,#4739);
#4737 = CARTESIAN_POINT('',(981.,-28.,1.5));
#4738 = DIRECTION('',(1.,0.,0.));
#4739 = DIRECTION('',(0.,0.,1.));
#4740 = ADVANCED_FACE('',(#4741),#4782,.T.);
#4741 = FACE_BOUND('',#4742,.T.);
#4742 = EDGE_LOOP('',(#4743,#4744,#4752,#4758,#4759,#4767,#4775,#4781));
#4743 = ORIENTED_EDGE('',*,*,#4720,.F.);
#4744 = ORIENTED_EDGE('',*,*,#4745,.T.);
#4745 = EDGE_CURVE('',#4721,#4746,#4748,.T.);
#4746 = VERTEX_POINT('',#4747);
#4747 = CARTESIAN_POINT('',(994.,-28.,4.));
#4748 = LINE('',#4749,#4750);
#4749 = CARTESIAN_POINT('',(981.,-28.,4.));
#4750 = VECTOR('',#4751,1.);
#4751 = DIRECTION('',(1.,0.,0.));
#4752 = ORIENTED_EDGE('',*,*,#4753,.T.);
#4753 = EDGE_CURVE('',#4746,#4126,#4754,.T.);
#4754 = LINE('',#4755,#4756);
#4755 = CARTESIAN_POINT('',(994.,-28.,4.));
#4756 = VECTOR('',#4757,1.);
#4757 = DIRECTION('',(0.,1.,0.));
#4758 = ORIENTED_EDGE('',*,*,#4125,.F.);
#4759 = ORIENTED_EDGE('',*,*,#4760,.F.);
#4760 = EDGE_CURVE('',#4761,#4118,#4763,.T.);
#4761 = VERTEX_POINT('',#4762);
#4762 = CARTESIAN_POINT('',(992.,-26.,4.));
#4763 = LINE('',#4764,#4765);
#4764 = CARTESIAN_POINT('',(992.,-27.,4.));
#4765 = VECTOR('',#4766,1.);
#4766 = DIRECTION('',(0.,1.,0.));
#4767 = ORIENTED_EDGE('',*,*,#4768,.T.);
#4768 = EDGE_CURVE('',#4761,#4769,#4771,.T.);
#4769 = VERTEX_POINT('',#4770);
#4770 = CARTESIAN_POINT('',(983.,-26.,4.));
#4771 = LINE('',#4772,#4773);
#4772 = CARTESIAN_POINT('',(982.,-26.,4.));
#4773 = VECTOR('',#4774,1.);
#4774 = DIRECTION('',(-1.,0.,0.));
#4775 = ORIENTED_EDGE('',*,*,#4776,.T.);
#4776 = EDGE_CURVE('',#4769,#4094,#4777,.T.);
#4777 = LINE('',#4778,#4779);
#4778 = CARTESIAN_POINT('',(983.,-27.,4.));
#4779 = VECTOR('',#4780,1.);
#4780 = DIRECTION('',(0.,1.,0.));
#4781 = ORIENTED_EDGE('',*,*,#4093,.F.);
#4782 = PLANE('',#4783);
#4783 = AXIS2_PLACEMENT_3D('',#4784,#4785,#4786);
#4784 = CARTESIAN_POINT('',(981.,-28.,4.));
#4785 = DIRECTION('',(0.,0.,1.));
#4786 = DIRECTION('',(1.,0.,0.));
#4787 = ADVANCED_FACE('',(#4788),#4799,.T.);
#4788 = FACE_BOUND('',#4789,.T.);
#4789 = EDGE_LOOP('',(#4790,#4796,#4797,#4798));
#4790 = ORIENTED_EDGE('',*,*,#4791,.F.);
#4791 = EDGE_CURVE('',#4499,#4769,#4792,.T.);
#4792 = LINE('',#4793,#4794);
#4793 = CARTESIAN_POINT('',(983.,-26.,1.));
#4794 = VECTOR('',#4795,1.);
#4795 = DIRECTION('',(0.,0.,1.));
#4796 = ORIENTED_EDGE('',*,*,#4498,.F.);
#4797 = ORIENTED_EDGE('',*,*,#4101,.T.);
#4798 = ORIENTED_EDGE('',*,*,#4776,.F.);
#4799 = PLANE('',#4800);
#4800 = AXIS2_PLACEMENT_3D('',#4801,#4802,#4803);
#4801 = CARTESIAN_POINT('',(983.,-26.,1.));
#4802 = DIRECTION('',(1.,0.,0.));
#4803 = DIRECTION('',(0.,0.,1.));
#4804 = ADVANCED_FACE('',(#4805),#4816,.F.);
#4805 = FACE_BOUND('',#4806,.F.);
#4806 = EDGE_LOOP('',(#4807,#4813,#4814,#4815));
#4807 = ORIENTED_EDGE('',*,*,#4808,.F.);
#4808 = EDGE_CURVE('',#4507,#4761,#4809,.T.);
#4809 = LINE('',#4810,#4811);
#4810 = CARTESIAN_POINT('',(992.,-26.,1.));
#4811 = VECTOR('',#4812,1.);
#4812 = DIRECTION('',(0.,0.,1.));
#4813 = ORIENTED_EDGE('',*,*,#4514,.F.);
#4814 = ORIENTED_EDGE('',*,*,#4117,.T.);
#4815 = ORIENTED_EDGE('',*,*,#4760,.F.);
#4816 = PLANE('',#4817);
#4817 = AXIS2_PLACEMENT_3D('',#4818,#4819,#4820);
#4818 = CARTESIAN_POINT('',(992.,-26.,1.));
#4819 = DIRECTION('',(1.,0.,0.));
#4820 = DIRECTION('',(0.,0.,1.));
#4821 = ADVANCED_FACE('',(#4822),#4833,.T.);
#4822 = FACE_BOUND('',#4823,.T.);
#4823 = EDGE_LOOP('',(#4824,#4825,#4831,#4832));
#4824 = ORIENTED_EDGE('',*,*,#4753,.F.);
#4825 = ORIENTED_EDGE('',*,*,#4826,.F.);
#4826 = EDGE_CURVE('',#4404,#4746,#4827,.T.);
#4827 = LINE('',#4828,#4829);
#4828 = CARTESIAN_POINT('',(994.,-28.,1.5));
#4829 = VECTOR('',#4830,1.);
#4830 = DIRECTION('',(0.,0.,1.));
#4831 = ORIENTED_EDGE('',*,*,#4403,.T.);
#4832 = ORIENTED_EDGE('',*,*,#4133,.F.);
#4833 = PLANE('',#4834);
#4834 = AXIS2_PLACEMENT_3D('',#4835,#4836,#4837);
#4835 = CARTESIAN_POINT('',(994.,-28.,1.5));
#4836 = DIRECTION('',(1.,0.,0.));
#4837 = DIRECTION('',(0.,0.,1.));
#4838 = ADVANCED_FACE('',(#4839),#4857,.F.);
#4839 = FACE_BOUND('',#4840,.F.);
#4840 = EDGE_LOOP('',(#4841,#4849,#4855,#4856));
#4841 = ORIENTED_EDGE('',*,*,#4842,.F.);
#4842 = EDGE_CURVE('',#4843,#4150,#4845,.T.);
#4843 = VERTEX_POINT('',#4844);
#4844 = CARTESIAN_POINT('',(1.021E+03,-28.,4.));
#4845 = LINE('',#4846,#4847);
#4846 = CARTESIAN_POINT('',(1.021E+03,-28.,4.));
#4847 = VECTOR('',#4848,1.);
#4848 = DIRECTION('',(0.,1.,0.));
#4849 = ORIENTED_EDGE('',*,*,#4850,.F.);
#4850 = EDGE_CURVE('',#4389,#4843,#4851,.T.);
#4851 = LINE('',#4852,#4853);
#4852 = CARTESIAN_POINT('',(1.021E+03,-28.,1.5));
#4853 = VECTOR('',#4854,1.);
#4854 = DIRECTION('',(0.,0.,1.));
#4855 = ORIENTED_EDGE('',*,*,#4396,.T.);
#4856 = ORIENTED_EDGE('',*,*,#4149,.F.);
#4857 = PLANE('',#4858);
#4858 = AXIS2_PLACEMENT_3D('',#4859,#4860,#4861);
#4859 = CARTESIAN_POINT('',(1.021E+03,-28.,1.5));
#4860 = DIRECTION('',(1.,0.,0.));
#4861 = DIRECTION('',(0.,0.,1.));
#4862 = ADVANCED_FACE('',(#4863,#4920),#4931,.T.);
#4863 = FACE_BOUND('',#4864,.T.);
#4864 = EDGE_LOOP('',(#4865,#4866,#4874,#4882,#4890,#4896,#4897,#4905,
    #4913,#4919));
#4865 = ORIENTED_EDGE('',*,*,#4842,.F.);
#4866 = ORIENTED_EDGE('',*,*,#4867,.T.);
#4867 = EDGE_CURVE('',#4843,#4868,#4870,.T.);
#4868 = VERTEX_POINT('',#4869);
#4869 = CARTESIAN_POINT('',(1.031E+03,-28.,4.));
#4870 = LINE('',#4871,#4872);
#4871 = CARTESIAN_POINT('',(1.021E+03,-28.,4.));
#4872 = VECTOR('',#4873,1.);
#4873 = DIRECTION('',(1.,0.,0.));
#4874 = ORIENTED_EDGE('',*,*,#4875,.F.);
#4875 = EDGE_CURVE('',#4876,#4868,#4878,.T.);
#4876 = VERTEX_POINT('',#4877);
#4877 = CARTESIAN_POINT('',(1.031E+03,-39.5,4.));
#4878 = LINE('',#4879,#4880);
#4879 = CARTESIAN_POINT('',(1.031E+03,-39.5,4.));
#4880 = VECTOR('',#4881,1.);
#4881 = DIRECTION('',(0.,1.,0.));
#4882 = ORIENTED_EDGE('',*,*,#4883,.T.);
#4883 = EDGE_CURVE('',#4876,#4884,#4886,.T.);
#4884 = VERTEX_POINT('',#4885);
#4885 = CARTESIAN_POINT('',(1.041E+03,-39.5,4.));
#4886 = LINE('',#4887,#4888);
#4887 = CARTESIAN_POINT('',(1.031E+03,-39.5,4.));
#4888 = VECTOR('',#4889,1.);
#4889 = DIRECTION('',(1.,0.,0.));
#4890 = ORIENTED_EDGE('',*,*,#4891,.T.);
#4891 = EDGE_CURVE('',#4884,#4190,#4892,.T.);
#4892 = LINE('',#4893,#4894);
#4893 = CARTESIAN_POINT('',(1.041E+03,-39.5,4.));
#4894 = VECTOR('',#4895,1.);
#4895 = DIRECTION('',(0.,1.,0.));
#4896 = ORIENTED_EDGE('',*,*,#4189,.F.);
#4897 = ORIENTED_EDGE('',*,*,#4898,.F.);
#4898 = EDGE_CURVE('',#4899,#4182,#4901,.T.);
#4899 = VERTEX_POINT('',#4900);
#4900 = CARTESIAN_POINT('',(1.032E+03,-26.,4.));
#4901 = LINE('',#4902,#4903);
#4902 = CARTESIAN_POINT('',(1.032E+03,-28.06514084507,4.));
#4903 = VECTOR('',#4904,1.);
#4904 = DIRECTION('',(0.,1.,0.));
#4905 = ORIENTED_EDGE('',*,*,#4906,.T.);
#4906 = EDGE_CURVE('',#4899,#4907,#4909,.T.);
#4907 = VERTEX_POINT('',#4908);
#4908 = CARTESIAN_POINT('',(1.023E+03,-26.,4.));
#4909 = LINE('',#4910,#4911);
#4910 = CARTESIAN_POINT('',(1.027809859155E+03,-26.,4.));
#4911 = VECTOR('',#4912,1.);
#4912 = DIRECTION('',(-1.,0.,0.));
#4913 = ORIENTED_EDGE('',*,*,#4914,.T.);
#4914 = EDGE_CURVE('',#4907,#4158,#4915,.T.);
#4915 = LINE('',#4916,#4917);
#4916 = CARTESIAN_POINT('',(1.023E+03,-28.06514084507,4.));
#4917 = VECTOR('',#4918,1.);
#4918 = DIRECTION('',(0.,1.,0.));
#4919 = ORIENTED_EDGE('',*,*,#4157,.F.);
#4920 = FACE_BOUND('',#4921,.T.);
#4921 = EDGE_LOOP('',(#4922));
#4922 = ORIENTED_EDGE('',*,*,#4923,.T.);
#4923 = EDGE_CURVE('',#4924,#4924,#4926,.T.);
#4924 = VERTEX_POINT('',#4925);
#4925 = CARTESIAN_POINT('',(1.0377E+03,-35.5,4.));
#4926 = CIRCLE('',#4927,1.7);
#4927 = AXIS2_PLACEMENT_3D('',#4928,#4929,#4930);
#4928 = CARTESIAN_POINT('',(1.036E+03,-35.5,4.));
#4929 = DIRECTION('',(0.,0.,-1.));
#4930 = DIRECTION('',(1.,0.,0.));
#4931 = PLANE('',#4932);
#4932 = AXIS2_PLACEMENT_3D('',#4933,#4934,#4935);
#4933 = CARTESIAN_POINT('',(1.03261971831E+03,-30.13028169014,4.));
#4934 = DIRECTION('',(0.,0.,1.));
#4935 = DIRECTION('',(1.,0.,0.));
#4936 = ADVANCED_FACE('',(#4937),#4948,.T.);
#4937 = FACE_BOUND('',#4938,.T.);
#4938 = EDGE_LOOP('',(#4939,#4945,#4946,#4947));
#4939 = ORIENTED_EDGE('',*,*,#4940,.F.);
#4940 = EDGE_CURVE('',#4463,#4907,#4941,.T.);
#4941 = LINE('',#4942,#4943);
#4942 = CARTESIAN_POINT('',(1.023E+03,-26.,1.));
#4943 = VECTOR('',#4944,1.);
#4944 = DIRECTION('',(0.,0.,1.));
#4945 = ORIENTED_EDGE('',*,*,#4462,.F.);
#4946 = ORIENTED_EDGE('',*,*,#4165,.T.);
#4947 = ORIENTED_EDGE('',*,*,#4914,.F.);
#4948 = PLANE('',#4949);
#4949 = AXIS2_PLACEMENT_3D('',#4950,#4951,#4952);
#4950 = CARTESIAN_POINT('',(1.023E+03,-26.,1.));
#4951 = DIRECTION('',(1.,0.,0.));
#4952 = DIRECTION('',(0.,0.,1.));
#4953 = ADVANCED_FACE('',(#4954),#4965,.F.);
#4954 = FACE_BOUND('',#4955,.F.);
#4955 = EDGE_LOOP('',(#4956,#4962,#4963,#4964));
#4956 = ORIENTED_EDGE('',*,*,#4957,.F.);
#4957 = EDGE_CURVE('',#4471,#4899,#4958,.T.);
#4958 = LINE('',#4959,#4960);
#4959 = CARTESIAN_POINT('',(1.032E+03,-26.,1.));
#4960 = VECTOR('',#4961,1.);
#4961 = DIRECTION('',(0.,0.,1.));
#4962 = ORIENTED_EDGE('',*,*,#4478,.F.);
#4963 = ORIENTED_EDGE('',*,*,#4181,.T.);
#4964 = ORIENTED_EDGE('',*,*,#4898,.F.);
#4965 = PLANE('',#4966);
#4966 = AXIS2_PLACEMENT_3D('',#4967,#4968,#4969);
#4967 = CARTESIAN_POINT('',(1.032E+03,-26.,1.));
#4968 = DIRECTION('',(1.,0.,0.));
#4969 = DIRECTION('',(0.,0.,1.));
#4970 = ADVANCED_FACE('',(#4971),#4982,.T.);
#4971 = FACE_BOUND('',#4972,.T.);
#4972 = EDGE_LOOP('',(#4973,#4974,#4980,#4981));
#4973 = ORIENTED_EDGE('',*,*,#4891,.F.);
#4974 = ORIENTED_EDGE('',*,*,#4975,.F.);
#4975 = EDGE_CURVE('',#4365,#4884,#4976,.T.);
#4976 = LINE('',#4977,#4978);
#4977 = CARTESIAN_POINT('',(1.041E+03,-39.5,1.5));
#4978 = VECTOR('',#4979,1.);
#4979 = DIRECTION('',(0.,0.,1.));
#4980 = ORIENTED_EDGE('',*,*,#4364,.T.);
#4981 = ORIENTED_EDGE('',*,*,#4197,.F.);
#4982 = PLANE('',#4983);
#4983 = AXIS2_PLACEMENT_3D('',#4984,#4985,#4986);
#4984 = CARTESIAN_POINT('',(1.041E+03,-39.5,1.5));
#4985 = DIRECTION('',(1.,0.,0.));
#4986 = DIRECTION('',(0.,0.,1.));
#4987 = ADVANCED_FACE('',(#4988),#5006,.T.);
#4988 = FACE_BOUND('',#4989,.T.);
#4989 = EDGE_LOOP('',(#4990,#4991,#4992,#5000));
#4990 = ORIENTED_EDGE('',*,*,#4213,.F.);
#4991 = ORIENTED_EDGE('',*,*,#4357,.T.);
#4992 = ORIENTED_EDGE('',*,*,#4993,.T.);
#4993 = EDGE_CURVE('',#4350,#4994,#4996,.T.);
#4994 = VERTEX_POINT('',#4995);
#4995 = CARTESIAN_POINT('',(1.045E+03,24.,10.));
#4996 = LINE('',#4997,#4998);
#4997 = CARTESIAN_POINT('',(1.045E+03,24.,4.));
#4998 = VECTOR('',#4999,1.);
#4999 = DIRECTION('',(0.,0.,1.));
#5000 = ORIENTED_EDGE('',*,*,#5001,.F.);
#5001 = EDGE_CURVE('',#4214,#4994,#5002,.T.);
#5002 = LINE('',#5003,#5004);
#5003 = CARTESIAN_POINT('',(1.045E+03,-24.,10.));
#5004 = VECTOR('',#5005,1.);
#5005 = DIRECTION('',(0.,1.,0.));
#5006 = PLANE('',#5007);
#5007 = AXIS2_PLACEMENT_3D('',#5008,#5009,#5010);
#5008 = CARTESIAN_POINT('',(1.045E+03,0.,5.75));
#5009 = DIRECTION('',(1.,0.,0.));
#5010 = DIRECTION('',(0.,0.,1.));
#5011 = ADVANCED_FACE('',(#5012),#5078,.T.);
#5012 = FACE_BOUND('',#5013,.T.);
#5013 = EDGE_LOOP('',(#5014,#5015,#5016,#5017,#5023,#5024,#5032,#5040,
    #5048,#5056,#5064,#5072));
#5014 = ORIENTED_EDGE('',*,*,#4665,.F.);
#5015 = ORIENTED_EDGE('',*,*,#4221,.T.);
#5016 = ORIENTED_EDGE('',*,*,#5001,.T.);
#5017 = ORIENTED_EDGE('',*,*,#5018,.F.);
#5018 = EDGE_CURVE('',#4698,#4994,#5019,.T.);
#5019 = LINE('',#5020,#5021);
#5020 = CARTESIAN_POINT('',(965.,24.,10.));
#5021 = VECTOR('',#5022,1.);
#5022 = DIRECTION('',(1.,0.,0.));
#5023 = ORIENTED_EDGE('',*,*,#4697,.F.);
#5024 = ORIENTED_EDGE('',*,*,#5025,.F.);
#5025 = EDGE_CURVE('',#5026,#4690,#5028,.T.);
#5026 = VERTEX_POINT('',#5027);
#5027 = CARTESIAN_POINT('',(968.,6.,10.));
#5028 = LINE('',#5029,#5030);
#5029 = CARTESIAN_POINT('',(964.,6.,10.));
#5030 = VECTOR('',#5031,1.);
#5031 = DIRECTION('',(-1.,0.,0.));
#5032 = ORIENTED_EDGE('',*,*,#5033,.T.);
#5033 = EDGE_CURVE('',#5026,#5034,#5036,.T.);
#5034 = VERTEX_POINT('',#5035);
#5035 = CARTESIAN_POINT('',(968.,21.,10.));
#5036 = LINE('',#5037,#5038);
#5037 = CARTESIAN_POINT('',(968.,-22.5,10.));
#5038 = VECTOR('',#5039,1.);
#5039 = DIRECTION('',(0.,1.,0.));
#5040 = ORIENTED_EDGE('',*,*,#5041,.F.);
#5041 = EDGE_CURVE('',#5042,#5034,#5044,.T.);
#5042 = VERTEX_POINT('',#5043);
#5043 = CARTESIAN_POINT('',(1.042E+03,21.,10.));
#5044 = LINE('',#5045,#5046);
#5045 = CARTESIAN_POINT('',(966.5,21.,10.));
#5046 = VECTOR('',#5047,1.);
#5047 = DIRECTION('',(-1.,0.,0.));
#5048 = ORIENTED_EDGE('',*,*,#5049,.F.);
#5049 = EDGE_CURVE('',#5050,#5042,#5052,.T.);
#5050 = VERTEX_POINT('',#5051);
#5051 = CARTESIAN_POINT('',(1.042E+03,-21.,10.));
#5052 = LINE('',#5053,#5054);
#5053 = CARTESIAN_POINT('',(1.042E+03,-22.5,10.));
#5054 = VECTOR('',#5055,1.);
#5055 = DIRECTION('',(0.,1.,0.));
#5056 = ORIENTED_EDGE('',*,*,#5057,.T.);
#5057 = EDGE_CURVE('',#5050,#5058,#5060,.T.);
#5058 = VERTEX_POINT('',#5059);
#5059 = CARTESIAN_POINT('',(968.,-21.,10.));
#5060 = LINE('',#5061,#5062);
#5061 = CARTESIAN_POINT('',(966.5,-21.,10.));
#5062 = VECTOR('',#5063,1.);
#5063 = DIRECTION('',(-1.,0.,0.));
#5064 = ORIENTED_EDGE('',*,*,#5065,.T.);
#5065 = EDGE_CURVE('',#5058,#5066,#5068,.T.);
#5066 = VERTEX_POINT('',#5067);
#5067 = CARTESIAN_POINT('',(968.,-6.,10.));
#5068 = LINE('',#5069,#5070);
#5069 = CARTESIAN_POINT('',(968.,-22.5,10.));
#5070 = VECTOR('',#5071,1.);
#5071 = DIRECTION('',(0.,1.,0.));
#5072 = ORIENTED_EDGE('',*,*,#5073,.T.);
#5073 = EDGE_CURVE('',#5066,#4666,#5074,.T.);
#5074 = LINE('',#5075,#5076);
#5075 = CARTESIAN_POINT('',(964.,-6.,10.));
#5076 = VECTOR('',#5077,1.);
#5077 = DIRECTION('',(-1.,0.,0.));
#5078 = PLANE('',#5079);
#5079 = AXIS2_PLACEMENT_3D('',#5080,#5081,#5082);
#5080 = CARTESIAN_POINT('',(965.,-24.,10.));
#5081 = DIRECTION('',(0.,0.,1.));
#5082 = DIRECTION('',(1.,0.,0.));
#5083 = ADVANCED_FACE('',(#5084),#5109,.F.);
#5084 = FACE_BOUND('',#5085,.F.);
#5085 = EDGE_LOOP('',(#5086,#5094,#5095,#5103));
#5086 = ORIENTED_EDGE('',*,*,#5087,.T.);
#5087 = EDGE_CURVE('',#5088,#4238,#5090,.T.);
#5088 = VERTEX_POINT('',#5089);
#5089 = CARTESIAN_POINT('',(969.,24.,4.));
#5090 = LINE('',#5091,#5092);
#5091 = CARTESIAN_POINT('',(969.,24.,1.5));
#5092 = VECTOR('',#5093,1.);
#5093 = DIRECTION('',(0.,0.,-1.));
#5094 = ORIENTED_EDGE('',*,*,#4245,.T.);
#5095 = ORIENTED_EDGE('',*,*,#5096,.T.);
#5096 = EDGE_CURVE('',#4246,#5097,#5099,.T.);
#5097 = VERTEX_POINT('',#5098);
#5098 = CARTESIAN_POINT('',(969.,39.5,4.));
#5099 = LINE('',#5100,#5101);
#5100 = CARTESIAN_POINT('',(969.,39.5,1.5));
#5101 = VECTOR('',#5102,1.);
#5102 = DIRECTION('',(0.,0.,1.));
#5103 = ORIENTED_EDGE('',*,*,#5104,.F.);
#5104 = EDGE_CURVE('',#5088,#5097,#5105,.T.);
#5105 = LINE('',#5106,#5107);
#5106 = CARTESIAN_POINT('',(969.,21.5,4.));
#5107 = VECTOR('',#5108,1.);
#5108 = DIRECTION('',(0.,1.,0.));
#5109 = PLANE('',#5110);
#5110 = AXIS2_PLACEMENT_3D('',#5111,#5112,#5113);
#5111 = CARTESIAN_POINT('',(969.,21.5,1.5));
#5112 = DIRECTION('',(1.,0.,0.));
#5113 = DIRECTION('',(0.,0.,1.));
#5114 = ADVANCED_FACE('',(#5115),#5133,.T.);
#5115 = FACE_BOUND('',#5116,.T.);
#5116 = EDGE_LOOP('',(#5117,#5118,#5119,#5127));
#5117 = ORIENTED_EDGE('',*,*,#4253,.F.);
#5118 = ORIENTED_EDGE('',*,*,#5096,.T.);
#5119 = ORIENTED_EDGE('',*,*,#5120,.T.);
#5120 = EDGE_CURVE('',#5097,#5121,#5123,.T.);
#5121 = VERTEX_POINT('',#5122);
#5122 = CARTESIAN_POINT('',(979.,39.5,4.));
#5123 = LINE('',#5124,#5125);
#5124 = CARTESIAN_POINT('',(969.,39.5,4.));
#5125 = VECTOR('',#5126,1.);
#5126 = DIRECTION('',(1.,0.,0.));
#5127 = ORIENTED_EDGE('',*,*,#5128,.F.);
#5128 = EDGE_CURVE('',#4254,#5121,#5129,.T.);
#5129 = LINE('',#5130,#5131);
#5130 = CARTESIAN_POINT('',(979.,39.5,1.5));
#5131 = VECTOR('',#5132,1.);
#5132 = DIRECTION('',(0.,0.,1.));
#5133 = PLANE('',#5134);
#5134 = AXIS2_PLACEMENT_3D('',#5135,#5136,#5137);
#5135 = CARTESIAN_POINT('',(969.,39.5,1.5));
#5136 = DIRECTION('',(0.,1.,0.));
#5137 = DIRECTION('',(0.,0.,1.));
#5138 = ADVANCED_FACE('',(#5139),#5157,.T.);
#5139 = FACE_BOUND('',#5140,.T.);
#5140 = EDGE_LOOP('',(#5141,#5149,#5150,#5151));
#5141 = ORIENTED_EDGE('',*,*,#5142,.T.);
#5142 = EDGE_CURVE('',#5143,#4262,#5145,.T.);
#5143 = VERTEX_POINT('',#5144);
#5144 = CARTESIAN_POINT('',(979.,24.,4.));
#5145 = LINE('',#5146,#5147);
#5146 = CARTESIAN_POINT('',(979.,24.,1.5));
#5147 = VECTOR('',#5148,1.);
#5148 = DIRECTION('',(0.,0.,-1.));
#5149 = ORIENTED_EDGE('',*,*,#4261,.T.);
#5150 = ORIENTED_EDGE('',*,*,#5128,.T.);
#5151 = ORIENTED_EDGE('',*,*,#5152,.F.);
#5152 = EDGE_CURVE('',#5143,#5121,#5153,.T.);
#5153 = LINE('',#5154,#5155);
#5154 = CARTESIAN_POINT('',(979.,21.5,4.));
#5155 = VECTOR('',#5156,1.);
#5156 = DIRECTION('',(0.,1.,0.));
#5157 = PLANE('',#5158);
#5158 = AXIS2_PLACEMENT_3D('',#5159,#5160,#5161);
#5159 = CARTESIAN_POINT('',(979.,21.5,1.5));
#5160 = DIRECTION('',(1.,0.,0.));
#5161 = DIRECTION('',(0.,0.,1.));
#5162 = ADVANCED_FACE('',(#5163),#5188,.F.);
#5163 = FACE_BOUND('',#5164,.F.);
#5164 = EDGE_LOOP('',(#5165,#5173,#5174,#5182));
#5165 = ORIENTED_EDGE('',*,*,#5166,.T.);
#5166 = EDGE_CURVE('',#5167,#4270,#5169,.T.);
#5167 = VERTEX_POINT('',#5168);
#5168 = CARTESIAN_POINT('',(981.,24.,4.));
#5169 = LINE('',#5170,#5171);
#5170 = CARTESIAN_POINT('',(981.,24.,1.5));
#5171 = VECTOR('',#5172,1.);
#5172 = DIRECTION('',(0.,0.,-1.));
#5173 = ORIENTED_EDGE('',*,*,#4277,.T.);
#5174 = ORIENTED_EDGE('',*,*,#5175,.T.);
#5175 = EDGE_CURVE('',#4278,#5176,#5178,.T.);
#5176 = VERTEX_POINT('',#5177);
#5177 = CARTESIAN_POINT('',(981.,28.,4.));
#5178 = LINE('',#5179,#5180);
#5179 = CARTESIAN_POINT('',(981.,28.,1.5));
#5180 = VECTOR('',#5181,1.);
#5181 = DIRECTION('',(0.,0.,1.));
#5182 = ORIENTED_EDGE('',*,*,#5183,.F.);
#5183 = EDGE_CURVE('',#5167,#5176,#5184,.T.);
#5184 = LINE('',#5185,#5186);
#5185 = CARTESIAN_POINT('',(981.,21.5,4.));
#5186 = VECTOR('',#5187,1.);
#5187 = DIRECTION('',(0.,1.,0.));
#5188 = PLANE('',#5189);
#5189 = AXIS2_PLACEMENT_3D('',#5190,#5191,#5192);
#5190 = CARTESIAN_POINT('',(981.,21.5,1.5));
#5191 = DIRECTION('',(1.,0.,0.));
#5192 = DIRECTION('',(0.,0.,1.));
#5193 = ADVANCED_FACE('',(#5194),#5212,.T.);
#5194 = FACE_BOUND('',#5195,.T.);
#5195 = EDGE_LOOP('',(#5196,#5197,#5198,#5206));
#5196 = ORIENTED_EDGE('',*,*,#4285,.F.);
#5197 = ORIENTED_EDGE('',*,*,#5175,.T.);
#5198 = ORIENTED_EDGE('',*,*,#5199,.T.);
#5199 = EDGE_CURVE('',#5176,#5200,#5202,.T.);
#5200 = VERTEX_POINT('',#5201);
#5201 = CARTESIAN_POINT('',(994.,28.,4.));
#5202 = LINE('',#5203,#5204);
#5203 = CARTESIAN_POINT('',(981.,28.,4.));
#5204 = VECTOR('',#5205,1.);
#5205 = DIRECTION('',(1.,0.,0.));
#5206 = ORIENTED_EDGE('',*,*,#5207,.F.);
#5207 = EDGE_CURVE('',#4286,#5200,#5208,.T.);
#5208 = LINE('',#5209,#5210);
#5209 = CARTESIAN_POINT('',(994.,28.,1.5));
#5210 = VECTOR('',#5211,1.);
#5211 = DIRECTION('',(0.,0.,1.));
#5212 = PLANE('',#5213);
#5213 = AXIS2_PLACEMENT_3D('',#5214,#5215,#5216);
#5214 = CARTESIAN_POINT('',(981.,28.,1.5));
#5215 = DIRECTION('',(0.,1.,0.));
#5216 = DIRECTION('',(0.,0.,1.));
#5217 = ADVANCED_FACE('',(#5218),#5236,.T.);
#5218 = FACE_BOUND('',#5219,.T.);
#5219 = EDGE_LOOP('',(#5220,#5228,#5229,#5230));
#5220 = ORIENTED_EDGE('',*,*,#5221,.T.);
#5221 = EDGE_CURVE('',#5222,#4294,#5224,.T.);
#5222 = VERTEX_POINT('',#5223);
#5223 = CARTESIAN_POINT('',(994.,24.,4.));
#5224 = LINE('',#5225,#5226);
#5225 = CARTESIAN_POINT('',(994.,24.,1.5));
#5226 = VECTOR('',#5227,1.);
#5227 = DIRECTION('',(0.,0.,-1.));
#5228 = ORIENTED_EDGE('',*,*,#4293,.T.);
#5229 = ORIENTED_EDGE('',*,*,#5207,.T.);
#5230 = ORIENTED_EDGE('',*,*,#5231,.F.);
#5231 = EDGE_CURVE('',#5222,#5200,#5232,.T.);
#5232 = LINE('',#5233,#5234);
#5233 = CARTESIAN_POINT('',(994.,21.5,4.));
#5234 = VECTOR('',#5235,1.);
#5235 = DIRECTION('',(0.,1.,0.));
#5236 = PLANE('',#5237);
#5237 = AXIS2_PLACEMENT_3D('',#5238,#5239,#5240);
#5238 = CARTESIAN_POINT('',(994.,21.5,1.5));
#5239 = DIRECTION('',(1.,0.,0.));
#5240 = DIRECTION('',(0.,0.,1.));
#5241 = ADVANCED_FACE('',(#5242),#5248,.F.);
#5242 = FACE_BOUND('',#5243,.F.);
#5243 = EDGE_LOOP('',(#5244,#5245,#5246,#5247));
#5244 = ORIENTED_EDGE('',*,*,#4411,.F.);
#5245 = ORIENTED_EDGE('',*,*,#4728,.T.);
#5246 = ORIENTED_EDGE('',*,*,#4745,.T.);
#5247 = ORIENTED_EDGE('',*,*,#4826,.F.);
#5248 = PLANE('',#5249);
#5249 = AXIS2_PLACEMENT_3D('',#5250,#5251,#5252);
#5250 = CARTESIAN_POINT('',(981.,-28.,1.5));
#5251 = DIRECTION('',(0.,1.,0.));
#5252 = DIRECTION('',(0.,0.,1.));
#5253 = ADVANCED_FACE('',(#5254),#5279,.F.);
#5254 = FACE_BOUND('',#5255,.F.);
#5255 = EDGE_LOOP('',(#5256,#5264,#5265,#5273));
#5256 = ORIENTED_EDGE('',*,*,#5257,.T.);
#5257 = EDGE_CURVE('',#5258,#4302,#5260,.T.);
#5258 = VERTEX_POINT('',#5259);
#5259 = CARTESIAN_POINT('',(1.021E+03,24.,4.));
#5260 = LINE('',#5261,#5262);
#5261 = CARTESIAN_POINT('',(1.021E+03,24.,1.5));
#5262 = VECTOR('',#5263,1.);
#5263 = DIRECTION('',(0.,0.,-1.));
#5264 = ORIENTED_EDGE('',*,*,#4309,.T.);
#5265 = ORIENTED_EDGE('',*,*,#5266,.T.);
#5266 = EDGE_CURVE('',#4310,#5267,#5269,.T.);
#5267 = VERTEX_POINT('',#5268);
#5268 = CARTESIAN_POINT('',(1.021E+03,28.,4.));
#5269 = LINE('',#5270,#5271);
#5270 = CARTESIAN_POINT('',(1.021E+03,28.,1.5));
#5271 = VECTOR('',#5272,1.);
#5272 = DIRECTION('',(0.,0.,1.));
#5273 = ORIENTED_EDGE('',*,*,#5274,.F.);
#5274 = EDGE_CURVE('',#5258,#5267,#5275,.T.);
#5275 = LINE('',#5276,#5277);
#5276 = CARTESIAN_POINT('',(1.021E+03,21.5,4.));
#5277 = VECTOR('',#5278,1.);
#5278 = DIRECTION('',(0.,1.,0.));
#5279 = PLANE('',#5280);
#5280 = AXIS2_PLACEMENT_3D('',#5281,#5282,#5283);
#5281 = CARTESIAN_POINT('',(1.021E+03,21.5,1.5));
#5282 = DIRECTION('',(1.,0.,0.));
#5283 = DIRECTION('',(0.,0.,1.));
#5284 = ADVANCED_FACE('',(#5285),#5303,.T.);
#5285 = FACE_BOUND('',#5286,.T.);
#5286 = EDGE_LOOP('',(#5287,#5288,#5289,#5297));
#5287 = ORIENTED_EDGE('',*,*,#4317,.F.);
#5288 = ORIENTED_EDGE('',*,*,#5266,.T.);
#5289 = ORIENTED_EDGE('',*,*,#5290,.T.);
#5290 = EDGE_CURVE('',#5267,#5291,#5293,.T.);
#5291 = VERTEX_POINT('',#5292);
#5292 = CARTESIAN_POINT('',(1.031E+03,28.,4.));
#5293 = LINE('',#5294,#5295);
#5294 = CARTESIAN_POINT('',(1.021E+03,28.,4.));
#5295 = VECTOR('',#5296,1.);
#5296 = DIRECTION('',(1.,0.,0.));
#5297 = ORIENTED_EDGE('',*,*,#5298,.F.);
#5298 = EDGE_CURVE('',#4318,#5291,#5299,.T.);
#5299 = LINE('',#5300,#5301);
#5300 = CARTESIAN_POINT('',(1.031E+03,28.,1.5));
#5301 = VECTOR('',#5302,1.);
#5302 = DIRECTION('',(0.,0.,1.));
#5303 = PLANE('',#5304);
#5304 = AXIS2_PLACEMENT_3D('',#5305,#5306,#5307);
#5305 = CARTESIAN_POINT('',(1.021E+03,28.,1.5));
#5306 = DIRECTION('',(0.,1.,0.));
#5307 = DIRECTION('',(0.,0.,1.));
#5308 = ADVANCED_FACE('',(#5309),#5327,.F.);
#5309 = FACE_BOUND('',#5310,.F.);
#5310 = EDGE_LOOP('',(#5311,#5312,#5313,#5321));
#5311 = ORIENTED_EDGE('',*,*,#5298,.F.);
#5312 = ORIENTED_EDGE('',*,*,#4325,.T.);
#5313 = ORIENTED_EDGE('',*,*,#5314,.T.);
#5314 = EDGE_CURVE('',#4326,#5315,#5317,.T.);
#5315 = VERTEX_POINT('',#5316);
#5316 = CARTESIAN_POINT('',(1.031E+03,39.5,4.));
#5317 = LINE('',#5318,#5319);
#5318 = CARTESIAN_POINT('',(1.031E+03,39.5,1.5));
#5319 = VECTOR('',#5320,1.);
#5320 = DIRECTION('',(0.,0.,1.));
#5321 = ORIENTED_EDGE('',*,*,#5322,.F.);
#5322 = EDGE_CURVE('',#5291,#5315,#5323,.T.);
#5323 = LINE('',#5324,#5325);
#5324 = CARTESIAN_POINT('',(1.031E+03,21.5,4.));
#5325 = VECTOR('',#5326,1.);
#5326 = DIRECTION('',(0.,1.,0.));
#5327 = PLANE('',#5328);
#5328 = AXIS2_PLACEMENT_3D('',#5329,#5330,#5331);
#5329 = CARTESIAN_POINT('',(1.031E+03,21.5,1.5));
#5330 = DIRECTION('',(1.,0.,0.));
#5331 = DIRECTION('',(0.,0.,1.));
#5332 = ADVANCED_FACE('',(#5333),#5344,.F.);
#5333 = FACE_BOUND('',#5334,.F.);
#5334 = EDGE_LOOP('',(#5335,#5336,#5337,#5338));
#5335 = ORIENTED_EDGE('',*,*,#4388,.F.);
#5336 = ORIENTED_EDGE('',*,*,#4850,.T.);
#5337 = ORIENTED_EDGE('',*,*,#4867,.T.);
#5338 = ORIENTED_EDGE('',*,*,#5339,.F.);
#5339 = EDGE_CURVE('',#4381,#4868,#5340,.T.);
#5340 = LINE('',#5341,#5342);
#5341 = CARTESIAN_POINT('',(1.031E+03,-28.,1.5));
#5342 = VECTOR('',#5343,1.);
#5343 = DIRECTION('',(0.,0.,1.));
#5344 = PLANE('',#5345);
#5345 = AXIS2_PLACEMENT_3D('',#5346,#5347,#5348);
#5346 = CARTESIAN_POINT('',(1.021E+03,-28.,1.5));
#5347 = DIRECTION('',(0.,1.,0.));
#5348 = DIRECTION('',(0.,0.,1.));
#5349 = ADVANCED_FACE('',(#5350),#5368,.T.);
#5350 = FACE_BOUND('',#5351,.T.);
#5351 = EDGE_LOOP('',(#5352,#5353,#5354,#5362));
#5352 = ORIENTED_EDGE('',*,*,#4333,.F.);
#5353 = ORIENTED_EDGE('',*,*,#5314,.T.);
#5354 = ORIENTED_EDGE('',*,*,#5355,.T.);
#5355 = EDGE_CURVE('',#5315,#5356,#5358,.T.);
#5356 = VERTEX_POINT('',#5357);
#5357 = CARTESIAN_POINT('',(1.041E+03,39.5,4.));
#5358 = LINE('',#5359,#5360);
#5359 = CARTESIAN_POINT('',(1.031E+03,39.5,4.));
#5360 = VECTOR('',#5361,1.);
#5361 = DIRECTION('',(1.,0.,0.));
#5362 = ORIENTED_EDGE('',*,*,#5363,.F.);
#5363 = EDGE_CURVE('',#4334,#5356,#5364,.T.);
#5364 = LINE('',#5365,#5366);
#5365 = CARTESIAN_POINT('',(1.041E+03,39.5,1.5));
#5366 = VECTOR('',#5367,1.);
#5367 = DIRECTION('',(0.,0.,1.));
#5368 = PLANE('',#5369);
#5369 = AXIS2_PLACEMENT_3D('',#5370,#5371,#5372);
#5370 = CARTESIAN_POINT('',(1.031E+03,39.5,1.5));
#5371 = DIRECTION('',(0.,1.,0.));
#5372 = DIRECTION('',(0.,0.,1.));
#5373 = ADVANCED_FACE('',(#5374),#5385,.F.);
#5374 = FACE_BOUND('',#5375,.F.);
#5375 = EDGE_LOOP('',(#5376,#5377,#5383,#5384));
#5376 = ORIENTED_EDGE('',*,*,#4875,.F.);
#5377 = ORIENTED_EDGE('',*,*,#5378,.F.);
#5378 = EDGE_CURVE('',#4373,#4876,#5379,.T.);
#5379 = LINE('',#5380,#5381);
#5380 = CARTESIAN_POINT('',(1.031E+03,-39.5,1.5));
#5381 = VECTOR('',#5382,1.);
#5382 = DIRECTION('',(0.,0.,1.));
#5383 = ORIENTED_EDGE('',*,*,#4380,.T.);
#5384 = ORIENTED_EDGE('',*,*,#5339,.T.);
#5385 = PLANE('',#5386);
#5386 = AXIS2_PLACEMENT_3D('',#5387,#5388,#5389);
#5387 = CARTESIAN_POINT('',(1.031E+03,-39.5,1.5));
#5388 = DIRECTION('',(1.,0.,0.));
#5389 = DIRECTION('',(0.,0.,1.));
#5390 = ADVANCED_FACE('',(#5391),#5409,.T.);
#5391 = FACE_BOUND('',#5392,.T.);
#5392 = EDGE_LOOP('',(#5393,#5401,#5402,#5403));
#5393 = ORIENTED_EDGE('',*,*,#5394,.T.);
#5394 = EDGE_CURVE('',#5395,#4342,#5397,.T.);
#5395 = VERTEX_POINT('',#5396);
#5396 = CARTESIAN_POINT('',(1.041E+03,24.,4.));
#5397 = LINE('',#5398,#5399);
#5398 = CARTESIAN_POINT('',(1.041E+03,24.,1.5));
#5399 = VECTOR('',#5400,1.);
#5400 = DIRECTION('',(0.,0.,-1.));
#5401 = ORIENTED_EDGE('',*,*,#4341,.T.);
#5402 = ORIENTED_EDGE('',*,*,#5363,.T.);
#5403 = ORIENTED_EDGE('',*,*,#5404,.F.);
#5404 = EDGE_CURVE('',#5395,#5356,#5405,.T.);
#5405 = LINE('',#5406,#5407);
#5406 = CARTESIAN_POINT('',(1.041E+03,21.5,4.));
#5407 = VECTOR('',#5408,1.);
#5408 = DIRECTION('',(0.,1.,0.));
#5409 = PLANE('',#5410);
#5410 = AXIS2_PLACEMENT_3D('',#5411,#5412,#5413);
#5411 = CARTESIAN_POINT('',(1.041E+03,21.5,1.5));
#5412 = DIRECTION('',(1.,0.,0.));
#5413 = DIRECTION('',(0.,0.,1.));
#5414 = ADVANCED_FACE('',(#5415),#5421,.F.);
#5415 = FACE_BOUND('',#5416,.F.);
#5416 = EDGE_LOOP('',(#5417,#5418,#5419,#5420));
#5417 = ORIENTED_EDGE('',*,*,#4372,.F.);
#5418 = ORIENTED_EDGE('',*,*,#5378,.T.);
#5419 = ORIENTED_EDGE('',*,*,#4883,.T.);
#5420 = ORIENTED_EDGE('',*,*,#4975,.F.);
#5421 = PLANE('',#5422);
#5422 = AXIS2_PLACEMENT_3D('',#5423,#5424,#5425);
#5423 = CARTESIAN_POINT('',(1.031E+03,-39.5,1.5));
#5424 = DIRECTION('',(0.,1.,0.));
#5425 = DIRECTION('',(0.,0.,1.));
#5426 = ADVANCED_FACE('',(#5427),#5438,.F.);
#5427 = FACE_BOUND('',#5428,.T.);
#5428 = EDGE_LOOP('',(#5429,#5430,#5436,#5437));
#5429 = ORIENTED_EDGE('',*,*,#4450,.T.);
#5430 = ORIENTED_EDGE('',*,*,#5431,.T.);
#5431 = EDGE_CURVE('',#4451,#4924,#5432,.T.);
#5432 = LINE('',#5433,#5434);
#5433 = CARTESIAN_POINT('',(1.0377E+03,-35.5,-1.));
#5434 = VECTOR('',#5435,1.);
#5435 = DIRECTION('',(0.,0.,1.));
#5436 = ORIENTED_EDGE('',*,*,#4923,.F.);
#5437 = ORIENTED_EDGE('',*,*,#5431,.F.);
#5438 = CYLINDRICAL_SURFACE('',#5439,1.7);
#5439 = AXIS2_PLACEMENT_3D('',#5440,#5441,#5442);
#5440 = CARTESIAN_POINT('',(1.036E+03,-35.5,-1.));
#5441 = DIRECTION('',(-0.,-0.,-1.));
#5442 = DIRECTION('',(1.,0.,0.));
#5443 = ADVANCED_FACE('',(#5444),#5450,.T.);
#5444 = FACE_BOUND('',#5445,.T.);
#5445 = EDGE_LOOP('',(#5446,#5447,#5448,#5449));
#5446 = ORIENTED_EDGE('',*,*,#4957,.F.);
#5447 = ORIENTED_EDGE('',*,*,#4470,.F.);
#5448 = ORIENTED_EDGE('',*,*,#4940,.T.);
#5449 = ORIENTED_EDGE('',*,*,#4906,.F.);
#5450 = PLANE('',#5451);
#5451 = AXIS2_PLACEMENT_3D('',#5452,#5453,#5454);
#5452 = CARTESIAN_POINT('',(1.023E+03,-26.,1.));
#5453 = DIRECTION('',(0.,1.,0.));
#5454 = DIRECTION('',(0.,0.,1.));
#5455 = ADVANCED_FACE('',(#5456),#5462,.T.);
#5456 = FACE_BOUND('',#5457,.T.);
#5457 = EDGE_LOOP('',(#5458,#5459,#5460,#5461));
#5458 = ORIENTED_EDGE('',*,*,#4808,.F.);
#5459 = ORIENTED_EDGE('',*,*,#4506,.F.);
#5460 = ORIENTED_EDGE('',*,*,#4791,.T.);
#5461 = ORIENTED_EDGE('',*,*,#4768,.F.);
#5462 = PLANE('',#5463);
#5463 = AXIS2_PLACEMENT_3D('',#5464,#5465,#5466);
#5464 = CARTESIAN_POINT('',(983.,-26.,1.));
#5465 = DIRECTION('',(0.,1.,0.));
#5466 = DIRECTION('',(0.,0.,1.));
#5467 = ADVANCED_FACE('',(#5468),#5493,.F.);
#5468 = FACE_BOUND('',#5469,.F.);
#5469 = EDGE_LOOP('',(#5470,#5478,#5479,#5487));
#5470 = ORIENTED_EDGE('',*,*,#5471,.F.);
#5471 = EDGE_CURVE('',#4525,#5472,#5474,.T.);
#5472 = VERTEX_POINT('',#5473);
#5473 = CARTESIAN_POINT('',(1.032E+03,26.,4.));
#5474 = LINE('',#5475,#5476);
#5475 = CARTESIAN_POINT('',(1.032E+03,26.,1.));
#5476 = VECTOR('',#5477,1.);
#5477 = DIRECTION('',(0.,0.,1.));
#5478 = ORIENTED_EDGE('',*,*,#4522,.F.);
#5479 = ORIENTED_EDGE('',*,*,#5480,.T.);
#5480 = EDGE_CURVE('',#4523,#5481,#5483,.T.);
#5481 = VERTEX_POINT('',#5482);
#5482 = CARTESIAN_POINT('',(1.023E+03,26.,4.));
#5483 = LINE('',#5484,#5485);
#5484 = CARTESIAN_POINT('',(1.023E+03,26.,1.));
#5485 = VECTOR('',#5486,1.);
#5486 = DIRECTION('',(0.,0.,1.));
#5487 = ORIENTED_EDGE('',*,*,#5488,.F.);
#5488 = EDGE_CURVE('',#5472,#5481,#5489,.T.);
#5489 = LINE('',#5490,#5491);
#5490 = CARTESIAN_POINT('',(1.027809859155E+03,26.,4.));
#5491 = VECTOR('',#5492,1.);
#5492 = DIRECTION('',(-1.,0.,0.));
#5493 = PLANE('',#5494);
#5494 = AXIS2_PLACEMENT_3D('',#5495,#5496,#5497);
#5495 = CARTESIAN_POINT('',(1.023E+03,26.,1.));
#5496 = DIRECTION('',(0.,1.,0.));
#5497 = DIRECTION('',(0.,0.,1.));
#5498 = ADVANCED_FACE('',(#5499),#5517,.F.);
#5499 = FACE_BOUND('',#5500,.F.);
#5500 = EDGE_LOOP('',(#5501,#5509,#5515,#5516));
#5501 = ORIENTED_EDGE('',*,*,#5502,.F.);
#5502 = EDGE_CURVE('',#5503,#5472,#5505,.T.);
#5503 = VERTEX_POINT('',#5504);
#5504 = CARTESIAN_POINT('',(1.032E+03,24.,4.));
#5505 = LINE('',#5506,#5507);
#5506 = CARTESIAN_POINT('',(1.032E+03,27.06514084507,4.));
#5507 = VECTOR('',#5508,1.);
#5508 = DIRECTION('',(0.,1.,0.));
#5509 = ORIENTED_EDGE('',*,*,#5510,.F.);
#5510 = EDGE_CURVE('',#4541,#5503,#5511,.T.);
#5511 = LINE('',#5512,#5513);
#5512 = CARTESIAN_POINT('',(1.032E+03,24.,1.));
#5513 = VECTOR('',#5514,1.);
#5514 = DIRECTION('',(0.,0.,1.));
#5515 = ORIENTED_EDGE('',*,*,#4548,.F.);
#5516 = ORIENTED_EDGE('',*,*,#5471,.T.);
#5517 = PLANE('',#5518);
#5518 = AXIS2_PLACEMENT_3D('',#5519,#5520,#5521);
#5519 = CARTESIAN_POINT('',(1.032E+03,24.,1.));
#5520 = DIRECTION('',(1.,0.,0.));
#5521 = DIRECTION('',(0.,0.,1.));
#5522 = ADVANCED_FACE('',(#5523),#5541,.T.);
#5523 = FACE_BOUND('',#5524,.T.);
#5524 = EDGE_LOOP('',(#5525,#5533,#5539,#5540));
#5525 = ORIENTED_EDGE('',*,*,#5526,.F.);
#5526 = EDGE_CURVE('',#5527,#5481,#5529,.T.);
#5527 = VERTEX_POINT('',#5528);
#5528 = CARTESIAN_POINT('',(1.023E+03,24.,4.));
#5529 = LINE('',#5530,#5531);
#5530 = CARTESIAN_POINT('',(1.023E+03,27.06514084507,4.));
#5531 = VECTOR('',#5532,1.);
#5532 = DIRECTION('',(0.,1.,0.));
#5533 = ORIENTED_EDGE('',*,*,#5534,.F.);
#5534 = EDGE_CURVE('',#4533,#5527,#5535,.T.);
#5535 = LINE('',#5536,#5537);
#5536 = CARTESIAN_POINT('',(1.023E+03,24.,1.));
#5537 = VECTOR('',#5538,1.);
#5538 = DIRECTION('',(0.,0.,1.));
#5539 = ORIENTED_EDGE('',*,*,#4532,.F.);
#5540 = ORIENTED_EDGE('',*,*,#5480,.T.);
#5541 = PLANE('',#5542);
#5542 = AXIS2_PLACEMENT_3D('',#5543,#5544,#5545);
#5543 = CARTESIAN_POINT('',(1.023E+03,24.,1.));
#5544 = DIRECTION('',(1.,0.,0.));
#5545 = DIRECTION('',(0.,0.,1.));
#5546 = ADVANCED_FACE('',(#5547),#5566,.F.);
#5547 = FACE_BOUND('',#5548,.T.);
#5548 = EDGE_LOOP('',(#5549,#5550,#5558,#5565));
#5549 = ORIENTED_EDGE('',*,*,#4556,.T.);
#5550 = ORIENTED_EDGE('',*,*,#5551,.T.);
#5551 = EDGE_CURVE('',#4557,#5552,#5554,.T.);
#5552 = VERTEX_POINT('',#5553);
#5553 = CARTESIAN_POINT('',(1.0377E+03,35.5,4.));
#5554 = LINE('',#5555,#5556);
#5555 = CARTESIAN_POINT('',(1.0377E+03,35.5,-1.));
#5556 = VECTOR('',#5557,1.);
#5557 = DIRECTION('',(0.,0.,1.));
#5558 = ORIENTED_EDGE('',*,*,#5559,.F.);
#5559 = EDGE_CURVE('',#5552,#5552,#5560,.T.);
#5560 = CIRCLE('',#5561,1.7);
#5561 = AXIS2_PLACEMENT_3D('',#5562,#5563,#5564);
#5562 = CARTESIAN_POINT('',(1.036E+03,35.5,4.));
#5563 = DIRECTION('',(0.,0.,-1.));
#5564 = DIRECTION('',(1.,0.,0.));
#5565 = ORIENTED_EDGE('',*,*,#5551,.F.);
#5566 = CYLINDRICAL_SURFACE('',#5567,1.7);
#5567 = AXIS2_PLACEMENT_3D('',#5568,#5569,#5570);
#5568 = CARTESIAN_POINT('',(1.036E+03,35.5,-1.));
#5569 = DIRECTION('',(-0.,-0.,-1.));
#5570 = DIRECTION('',(1.,0.,0.));
#5571 = ADVANCED_FACE('',(#5572),#5597,.F.);
#5572 = FACE_BOUND('',#5573,.F.);
#5573 = EDGE_LOOP('',(#5574,#5582,#5583,#5591));
#5574 = ORIENTED_EDGE('',*,*,#5575,.F.);
#5575 = EDGE_CURVE('',#4570,#5576,#5578,.T.);
#5576 = VERTEX_POINT('',#5577);
#5577 = CARTESIAN_POINT('',(992.,26.,4.));
#5578 = LINE('',#5579,#5580);
#5579 = CARTESIAN_POINT('',(992.,26.,1.));
#5580 = VECTOR('',#5581,1.);
#5581 = DIRECTION('',(0.,0.,1.));
#5582 = ORIENTED_EDGE('',*,*,#4567,.F.);
#5583 = ORIENTED_EDGE('',*,*,#5584,.T.);
#5584 = EDGE_CURVE('',#4568,#5585,#5587,.T.);
#5585 = VERTEX_POINT('',#5586);
#5586 = CARTESIAN_POINT('',(983.,26.,4.));
#5587 = LINE('',#5588,#5589);
#5588 = CARTESIAN_POINT('',(983.,26.,1.));
#5589 = VECTOR('',#5590,1.);
#5590 = DIRECTION('',(0.,0.,1.));
#5591 = ORIENTED_EDGE('',*,*,#5592,.F.);
#5592 = EDGE_CURVE('',#5576,#5585,#5593,.T.);
#5593 = LINE('',#5594,#5595);
#5594 = CARTESIAN_POINT('',(982.,26.,4.));
#5595 = VECTOR('',#5596,1.);
#5596 = DIRECTION('',(-1.,0.,0.));
#5597 = PLANE('',#5598);
#5598 = AXIS2_PLACEMENT_3D('',#5599,#5600,#5601);
#5599 = CARTESIAN_POINT('',(983.,26.,1.));
#5600 = DIRECTION('',(0.,1.,0.));
#5601 = DIRECTION('',(0.,0.,1.));
#5602 = ADVANCED_FACE('',(#5603),#5621,.T.);
#5603 = FACE_BOUND('',#5604,.T.);
#5604 = EDGE_LOOP('',(#5605,#5613,#5619,#5620));
#5605 = ORIENTED_EDGE('',*,*,#5606,.F.);
#5606 = EDGE_CURVE('',#5607,#5585,#5609,.T.);
#5607 = VERTEX_POINT('',#5608);
#5608 = CARTESIAN_POINT('',(983.,24.,4.));
#5609 = LINE('',#5610,#5611);
#5610 = CARTESIAN_POINT('',(983.,22.75,4.));
#5611 = VECTOR('',#5612,1.);
#5612 = DIRECTION('',(0.,1.,0.));
#5613 = ORIENTED_EDGE('',*,*,#5614,.F.);
#5614 = EDGE_CURVE('',#4578,#5607,#5615,.T.);
#5615 = LINE('',#5616,#5617);
#5616 = CARTESIAN_POINT('',(983.,24.,1.));
#5617 = VECTOR('',#5618,1.);
#5618 = DIRECTION('',(0.,0.,1.));
#5619 = ORIENTED_EDGE('',*,*,#4577,.F.);
#5620 = ORIENTED_EDGE('',*,*,#5584,.T.);
#5621 = PLANE('',#5622);
#5622 = AXIS2_PLACEMENT_3D('',#5623,#5624,#5625);
#5623 = CARTESIAN_POINT('',(983.,24.,1.));
#5624 = DIRECTION('',(1.,0.,0.));
#5625 = DIRECTION('',(0.,0.,1.));
#5626 = ADVANCED_FACE('',(#5627),#5645,.F.);
#5627 = FACE_BOUND('',#5628,.F.);
#5628 = EDGE_LOOP('',(#5629,#5637,#5643,#5644));
#5629 = ORIENTED_EDGE('',*,*,#5630,.F.);
#5630 = EDGE_CURVE('',#5631,#5576,#5633,.T.);
#5631 = VERTEX_POINT('',#5632);
#5632 = CARTESIAN_POINT('',(992.,24.,4.));
#5633 = LINE('',#5634,#5635);
#5634 = CARTESIAN_POINT('',(992.,22.75,4.));
#5635 = VECTOR('',#5636,1.);
#5636 = DIRECTION('',(0.,1.,0.));
#5637 = ORIENTED_EDGE('',*,*,#5638,.F.);
#5638 = EDGE_CURVE('',#4586,#5631,#5639,.T.);
#5639 = LINE('',#5640,#5641);
#5640 = CARTESIAN_POINT('',(992.,24.,1.));
#5641 = VECTOR('',#5642,1.);
#5642 = DIRECTION('',(0.,0.,1.));
#5643 = ORIENTED_EDGE('',*,*,#4593,.F.);
#5644 = ORIENTED_EDGE('',*,*,#5575,.T.);
#5645 = PLANE('',#5646);
#5646 = AXIS2_PLACEMENT_3D('',#5647,#5648,#5649);
#5647 = CARTESIAN_POINT('',(992.,24.,1.));
#5648 = DIRECTION('',(1.,0.,0.));
#5649 = DIRECTION('',(0.,0.,1.));
#5650 = ADVANCED_FACE('',(#5651),#5670,.F.);
#5651 = FACE_BOUND('',#5652,.T.);
#5652 = EDGE_LOOP('',(#5653,#5654,#5662,#5669));
#5653 = ORIENTED_EDGE('',*,*,#4601,.T.);
#5654 = ORIENTED_EDGE('',*,*,#5655,.T.);
#5655 = EDGE_CURVE('',#4602,#5656,#5658,.T.);
#5656 = VERTEX_POINT('',#5657);
#5657 = CARTESIAN_POINT('',(975.7,35.5,4.));
#5658 = LINE('',#5659,#5660);
#5659 = CARTESIAN_POINT('',(975.7,35.5,-1.));
#5660 = VECTOR('',#5661,1.);
#5661 = DIRECTION('',(0.,0.,1.));
#5662 = ORIENTED_EDGE('',*,*,#5663,.F.);
#5663 = EDGE_CURVE('',#5656,#5656,#5664,.T.);
#5664 = CIRCLE('',#5665,1.7);
#5665 = AXIS2_PLACEMENT_3D('',#5666,#5667,#5668);
#5666 = CARTESIAN_POINT('',(974.,35.5,4.));
#5667 = DIRECTION('',(0.,0.,-1.));
#5668 = DIRECTION('',(1.,0.,0.));
#5669 = ORIENTED_EDGE('',*,*,#5655,.F.);
#5670 = CYLINDRICAL_SURFACE('',#5671,1.7);
#5671 = AXIS2_PLACEMENT_3D('',#5672,#5673,#5674);
#5672 = CARTESIAN_POINT('',(974.,35.5,-1.));
#5673 = DIRECTION('',(-0.,-0.,-1.));
#5674 = DIRECTION('',(1.,0.,0.));
#5675 = ADVANCED_FACE('',(#5676),#5694,.T.);
#5676 = FACE_BOUND('',#5677,.T.);
#5677 = EDGE_LOOP('',(#5678,#5686,#5687,#5688));
#5678 = ORIENTED_EDGE('',*,*,#5679,.F.);
#5679 = EDGE_CURVE('',#4674,#5680,#5682,.T.);
#5680 = VERTEX_POINT('',#5681);
#5681 = CARTESIAN_POINT('',(968.,-6.,6.));
#5682 = LINE('',#5683,#5684);
#5683 = CARTESIAN_POINT('',(963.,-6.,6.));
#5684 = VECTOR('',#5685,1.);
#5685 = DIRECTION('',(1.,0.,0.));
#5686 = ORIENTED_EDGE('',*,*,#4673,.T.);
#5687 = ORIENTED_EDGE('',*,*,#5073,.F.);
#5688 = ORIENTED_EDGE('',*,*,#5689,.F.);
#5689 = EDGE_CURVE('',#5680,#5066,#5690,.T.);
#5690 = LINE('',#5691,#5692);
#5691 = CARTESIAN_POINT('',(968.,-6.,6.));
#5692 = VECTOR('',#5693,1.);
#5693 = DIRECTION('',(0.,0.,1.));
#5694 = PLANE('',#5695);
#5695 = AXIS2_PLACEMENT_3D('',#5696,#5697,#5698);
#5696 = CARTESIAN_POINT('',(963.,-6.,6.));
#5697 = DIRECTION('',(0.,1.,0.));
#5698 = DIRECTION('',(0.,0.,1.));
#5699 = ADVANCED_FACE('',(#5700),#5718,.T.);
#5700 = FACE_BOUND('',#5701,.T.);
#5701 = EDGE_LOOP('',(#5702,#5710,#5711,#5712));
#5702 = ORIENTED_EDGE('',*,*,#5703,.F.);
#5703 = EDGE_CURVE('',#4682,#5704,#5706,.T.);
#5704 = VERTEX_POINT('',#5705);
#5705 = CARTESIAN_POINT('',(968.,6.,6.));
#5706 = LINE('',#5707,#5708);
#5707 = CARTESIAN_POINT('',(963.,6.,6.));
#5708 = VECTOR('',#5709,1.);
#5709 = DIRECTION('',(1.,0.,0.));
#5710 = ORIENTED_EDGE('',*,*,#4681,.T.);
#5711 = ORIENTED_EDGE('',*,*,#5679,.T.);
#5712 = ORIENTED_EDGE('',*,*,#5713,.T.);
#5713 = EDGE_CURVE('',#5680,#5704,#5714,.T.);
#5714 = LINE('',#5715,#5716);
#5715 = CARTESIAN_POINT('',(968.,-6.,6.));
#5716 = VECTOR('',#5717,1.);
#5717 = DIRECTION('',(0.,1.,0.));
#5718 = PLANE('',#5719);
#5719 = AXIS2_PLACEMENT_3D('',#5720,#5721,#5722);
#5720 = CARTESIAN_POINT('',(963.,-6.,6.));
#5721 = DIRECTION('',(0.,0.,1.));
#5722 = DIRECTION('',(1.,0.,0.));
#5723 = ADVANCED_FACE('',(#5724),#5735,.F.);
#5724 = FACE_BOUND('',#5725,.F.);
#5725 = EDGE_LOOP('',(#5726,#5727,#5728,#5729));
#5726 = ORIENTED_EDGE('',*,*,#5703,.F.);
#5727 = ORIENTED_EDGE('',*,*,#4689,.T.);
#5728 = ORIENTED_EDGE('',*,*,#5025,.F.);
#5729 = ORIENTED_EDGE('',*,*,#5730,.F.);
#5730 = EDGE_CURVE('',#5704,#5026,#5731,.T.);
#5731 = LINE('',#5732,#5733);
#5732 = CARTESIAN_POINT('',(968.,6.,6.));
#5733 = VECTOR('',#5734,1.);
#5734 = DIRECTION('',(0.,0.,1.));
#5735 = PLANE('',#5736);
#5736 = AXIS2_PLACEMENT_3D('',#5737,#5738,#5739);
#5737 = CARTESIAN_POINT('',(963.,6.,6.));
#5738 = DIRECTION('',(0.,1.,0.));
#5739 = DIRECTION('',(0.,0.,1.));
#5740 = ADVANCED_FACE('',(#5741),#5770,.T.);
#5741 = FACE_BOUND('',#5742,.T.);
#5742 = EDGE_LOOP('',(#5743,#5751,#5759,#5765,#5766,#5767,#5768,#5769));
#5743 = ORIENTED_EDGE('',*,*,#5744,.F.);
#5744 = EDGE_CURVE('',#5745,#5058,#5747,.T.);
#5745 = VERTEX_POINT('',#5746);
#5746 = CARTESIAN_POINT('',(968.,-21.,4.));
#5747 = LINE('',#5748,#5749);
#5748 = CARTESIAN_POINT('',(968.,-21.,3.));
#5749 = VECTOR('',#5750,1.);
#5750 = DIRECTION('',(0.,0.,1.));
#5751 = ORIENTED_EDGE('',*,*,#5752,.T.);
#5752 = EDGE_CURVE('',#5745,#5753,#5755,.T.);
#5753 = VERTEX_POINT('',#5754);
#5754 = CARTESIAN_POINT('',(968.,21.,4.));
#5755 = LINE('',#5756,#5757);
#5756 = CARTESIAN_POINT('',(968.,-22.5,4.));
#5757 = VECTOR('',#5758,1.);
#5758 = DIRECTION('',(0.,1.,0.));
#5759 = ORIENTED_EDGE('',*,*,#5760,.T.);
#5760 = EDGE_CURVE('',#5753,#5034,#5761,.T.);
#5761 = LINE('',#5762,#5763);
#5762 = CARTESIAN_POINT('',(968.,21.,3.));
#5763 = VECTOR('',#5764,1.);
#5764 = DIRECTION('',(0.,0.,1.));
#5765 = ORIENTED_EDGE('',*,*,#5033,.F.);
#5766 = ORIENTED_EDGE('',*,*,#5730,.F.);
#5767 = ORIENTED_EDGE('',*,*,#5713,.F.);
#5768 = ORIENTED_EDGE('',*,*,#5689,.T.);
#5769 = ORIENTED_EDGE('',*,*,#5065,.F.);
#5770 = PLANE('',#5771);
#5771 = AXIS2_PLACEMENT_3D('',#5772,#5773,#5774);
#5772 = CARTESIAN_POINT('',(968.,-21.,3.));
#5773 = DIRECTION('',(1.,0.,0.));
#5774 = DIRECTION('',(0.,0.,1.));
#5775 = ADVANCED_FACE('',(#5776),#5794,.T.);
#5776 = FACE_BOUND('',#5777,.T.);
#5777 = EDGE_LOOP('',(#5778,#5786,#5792,#5793));
#5778 = ORIENTED_EDGE('',*,*,#5779,.F.);
#5779 = EDGE_CURVE('',#5780,#5050,#5782,.T.);
#5780 = VERTEX_POINT('',#5781);
#5781 = CARTESIAN_POINT('',(1.042E+03,-21.,4.));
#5782 = LINE('',#5783,#5784);
#5783 = CARTESIAN_POINT('',(1.042E+03,-21.,3.));
#5784 = VECTOR('',#5785,1.);
#5785 = DIRECTION('',(0.,0.,1.));
#5786 = ORIENTED_EDGE('',*,*,#5787,.T.);
#5787 = EDGE_CURVE('',#5780,#5745,#5788,.T.);
#5788 = LINE('',#5789,#5790);
#5789 = CARTESIAN_POINT('',(966.5,-21.,4.));
#5790 = VECTOR('',#5791,1.);
#5791 = DIRECTION('',(-1.,0.,0.));
#5792 = ORIENTED_EDGE('',*,*,#5744,.T.);
#5793 = ORIENTED_EDGE('',*,*,#5057,.F.);
#5794 = PLANE('',#5795);
#5795 = AXIS2_PLACEMENT_3D('',#5796,#5797,#5798);
#5796 = CARTESIAN_POINT('',(968.,-21.,3.));
#5797 = DIRECTION('',(0.,1.,0.));
#5798 = DIRECTION('',(0.,0.,1.));
#5799 = ADVANCED_FACE('',(#5800),#5818,.F.);
#5800 = FACE_BOUND('',#5801,.F.);
#5801 = EDGE_LOOP('',(#5802,#5803,#5811,#5817));
#5802 = ORIENTED_EDGE('',*,*,#5779,.F.);
#5803 = ORIENTED_EDGE('',*,*,#5804,.T.);
#5804 = EDGE_CURVE('',#5780,#5805,#5807,.T.);
#5805 = VERTEX_POINT('',#5806);
#5806 = CARTESIAN_POINT('',(1.042E+03,21.,4.));
#5807 = LINE('',#5808,#5809);
#5808 = CARTESIAN_POINT('',(1.042E+03,-22.5,4.));
#5809 = VECTOR('',#5810,1.);
#5810 = DIRECTION('',(0.,1.,0.));
#5811 = ORIENTED_EDGE('',*,*,#5812,.T.);
#5812 = EDGE_CURVE('',#5805,#5042,#5813,.T.);
#5813 = LINE('',#5814,#5815);
#5814 = CARTESIAN_POINT('',(1.042E+03,21.,3.));
#5815 = VECTOR('',#5816,1.);
#5816 = DIRECTION('',(0.,0.,1.));
#5817 = ORIENTED_EDGE('',*,*,#5049,.F.);
#5818 = PLANE('',#5819);
#5819 = AXIS2_PLACEMENT_3D('',#5820,#5821,#5822);
#5820 = CARTESIAN_POINT('',(1.042E+03,-21.,3.));
#5821 = DIRECTION('',(1.,0.,0.));
#5822 = DIRECTION('',(0.,0.,1.));
#5823 = ADVANCED_FACE('',(#5824),#5835,.F.);
#5824 = FACE_BOUND('',#5825,.F.);
#5825 = EDGE_LOOP('',(#5826,#5827,#5833,#5834));
#5826 = ORIENTED_EDGE('',*,*,#5812,.F.);
#5827 = ORIENTED_EDGE('',*,*,#5828,.T.);
#5828 = EDGE_CURVE('',#5805,#5753,#5829,.T.);
#5829 = LINE('',#5830,#5831);
#5830 = CARTESIAN_POINT('',(966.5,21.,4.));
#5831 = VECTOR('',#5832,1.);
#5832 = DIRECTION('',(-1.,0.,0.));
#5833 = ORIENTED_EDGE('',*,*,#5760,.T.);
#5834 = ORIENTED_EDGE('',*,*,#5041,.F.);
#5835 = PLANE('',#5836);
#5836 = AXIS2_PLACEMENT_3D('',#5837,#5838,#5839);
#5837 = CARTESIAN_POINT('',(968.,21.,3.));
#5838 = DIRECTION('',(0.,1.,0.));
#5839 = DIRECTION('',(0.,0.,1.));
#5840 = ADVANCED_FACE('',(#5841,#5852),#5855,.T.);
#5841 = FACE_BOUND('',#5842,.T.);
#5842 = EDGE_LOOP('',(#5843,#5844,#5850,#5851));
#5843 = ORIENTED_EDGE('',*,*,#5104,.F.);
#5844 = ORIENTED_EDGE('',*,*,#5845,.T.);
#5845 = EDGE_CURVE('',#5088,#5143,#5846,.T.);
#5846 = LINE('',#5847,#5848);
#5847 = CARTESIAN_POINT('',(965.,24.,4.));
#5848 = VECTOR('',#5849,1.);
#5849 = DIRECTION('',(1.,0.,0.));
#5850 = ORIENTED_EDGE('',*,*,#5152,.T.);
#5851 = ORIENTED_EDGE('',*,*,#5120,.F.);
#5852 = FACE_BOUND('',#5853,.T.);
#5853 = EDGE_LOOP('',(#5854));
#5854 = ORIENTED_EDGE('',*,*,#5663,.T.);
#5855 = PLANE('',#5856);
#5856 = AXIS2_PLACEMENT_3D('',#5857,#5858,#5859);
#5857 = CARTESIAN_POINT('',(969.,21.5,4.));
#5858 = DIRECTION('',(0.,0.,1.));
#5859 = DIRECTION('',(1.,0.,0.));
#5860 = ADVANCED_FACE('',(#5861),#5881,.T.);
#5861 = FACE_BOUND('',#5862,.T.);
#5862 = EDGE_LOOP('',(#5863,#5864,#5870,#5871,#5872,#5873,#5879,#5880));
#5863 = ORIENTED_EDGE('',*,*,#5183,.F.);
#5864 = ORIENTED_EDGE('',*,*,#5865,.T.);
#5865 = EDGE_CURVE('',#5167,#5607,#5866,.T.);
#5866 = LINE('',#5867,#5868);
#5867 = CARTESIAN_POINT('',(965.,24.,4.));
#5868 = VECTOR('',#5869,1.);
#5869 = DIRECTION('',(1.,0.,0.));
#5870 = ORIENTED_EDGE('',*,*,#5606,.T.);
#5871 = ORIENTED_EDGE('',*,*,#5592,.F.);
#5872 = ORIENTED_EDGE('',*,*,#5630,.F.);
#5873 = ORIENTED_EDGE('',*,*,#5874,.T.);
#5874 = EDGE_CURVE('',#5631,#5222,#5875,.T.);
#5875 = LINE('',#5876,#5877);
#5876 = CARTESIAN_POINT('',(965.,24.,4.));
#5877 = VECTOR('',#5878,1.);
#5878 = DIRECTION('',(1.,0.,0.));
#5879 = ORIENTED_EDGE('',*,*,#5231,.T.);
#5880 = ORIENTED_EDGE('',*,*,#5199,.F.);
#5881 = PLANE('',#5882);
#5882 = AXIS2_PLACEMENT_3D('',#5883,#5884,#5885);
#5883 = CARTESIAN_POINT('',(981.,21.5,4.));
#5884 = DIRECTION('',(0.,0.,1.));
#5885 = DIRECTION('',(1.,0.,0.));
#5886 = ADVANCED_FACE('',(#5887,#5909),#5912,.T.);
#5887 = FACE_BOUND('',#5888,.T.);
#5888 = EDGE_LOOP('',(#5889,#5890,#5896,#5897,#5898,#5899,#5905,#5906,
    #5907,#5908));
#5889 = ORIENTED_EDGE('',*,*,#5274,.F.);
#5890 = ORIENTED_EDGE('',*,*,#5891,.T.);
#5891 = EDGE_CURVE('',#5258,#5527,#5892,.T.);
#5892 = LINE('',#5893,#5894);
#5893 = CARTESIAN_POINT('',(965.,24.,4.));
#5894 = VECTOR('',#5895,1.);
#5895 = DIRECTION('',(1.,0.,0.));
#5896 = ORIENTED_EDGE('',*,*,#5526,.T.);
#5897 = ORIENTED_EDGE('',*,*,#5488,.F.);
#5898 = ORIENTED_EDGE('',*,*,#5502,.F.);
#5899 = ORIENTED_EDGE('',*,*,#5900,.T.);
#5900 = EDGE_CURVE('',#5503,#5395,#5901,.T.);
#5901 = LINE('',#5902,#5903);
#5902 = CARTESIAN_POINT('',(965.,24.,4.));
#5903 = VECTOR('',#5904,1.);
#5904 = DIRECTION('',(1.,0.,0.));
#5905 = ORIENTED_EDGE('',*,*,#5404,.T.);
#5906 = ORIENTED_EDGE('',*,*,#5355,.F.);
#5907 = ORIENTED_EDGE('',*,*,#5322,.F.);
#5908 = ORIENTED_EDGE('',*,*,#5290,.F.);
#5909 = FACE_BOUND('',#5910,.T.);
#5910 = EDGE_LOOP('',(#5911));
#5911 = ORIENTED_EDGE('',*,*,#5559,.T.);
#5912 = PLANE('',#5913);
#5913 = AXIS2_PLACEMENT_3D('',#5914,#5915,#5916);
#5914 = CARTESIAN_POINT('',(1.03261971831E+03,30.130281690141,4.));
#5915 = DIRECTION('',(0.,0.,1.));
#5916 = DIRECTION('',(1.,0.,0.));
#5917 = ADVANCED_FACE('',(#5918),#5924,.T.);
#5918 = FACE_BOUND('',#5919,.T.);
#5919 = EDGE_LOOP('',(#5920,#5921,#5922,#5923));
#5920 = ORIENTED_EDGE('',*,*,#5787,.F.);
#5921 = ORIENTED_EDGE('',*,*,#5804,.T.);
#5922 = ORIENTED_EDGE('',*,*,#5828,.T.);
#5923 = ORIENTED_EDGE('',*,*,#5752,.F.);
#5924 = PLANE('',#5925);
#5925 = AXIS2_PLACEMENT_3D('',#5926,#5927,#5928);
#5926 = CARTESIAN_POINT('',(965.,-24.,4.));
#5927 = DIRECTION('',(0.,0.,1.));
#5928 = DIRECTION('',(1.,0.,0.));
#5929 = ADVANCED_FACE('',(#5930),#5956,.T.);
#5930 = FACE_BOUND('',#5931,.T.);
#5931 = EDGE_LOOP('',(#5932,#5933,#5934,#5935,#5936,#5937,#5938,#5939,
    #5940,#5941,#5942,#5943,#5944,#5945,#5946,#5947,#5948,#5949,#5950,
    #5951,#5952,#5953,#5954,#5955));
#5932 = ORIENTED_EDGE('',*,*,#4235,.F.);
#5933 = ORIENTED_EDGE('',*,*,#4705,.T.);
#5934 = ORIENTED_EDGE('',*,*,#5018,.T.);
#5935 = ORIENTED_EDGE('',*,*,#4993,.F.);
#5936 = ORIENTED_EDGE('',*,*,#4349,.F.);
#5937 = ORIENTED_EDGE('',*,*,#5394,.F.);
#5938 = ORIENTED_EDGE('',*,*,#5900,.F.);
#5939 = ORIENTED_EDGE('',*,*,#5510,.F.);
#5940 = ORIENTED_EDGE('',*,*,#4540,.F.);
#5941 = ORIENTED_EDGE('',*,*,#5534,.T.);
#5942 = ORIENTED_EDGE('',*,*,#5891,.F.);
#5943 = ORIENTED_EDGE('',*,*,#5257,.T.);
#5944 = ORIENTED_EDGE('',*,*,#4301,.F.);
#5945 = ORIENTED_EDGE('',*,*,#5221,.F.);
#5946 = ORIENTED_EDGE('',*,*,#5874,.F.);
#5947 = ORIENTED_EDGE('',*,*,#5638,.F.);
#5948 = ORIENTED_EDGE('',*,*,#4585,.F.);
#5949 = ORIENTED_EDGE('',*,*,#5614,.T.);
#5950 = ORIENTED_EDGE('',*,*,#5865,.F.);
#5951 = ORIENTED_EDGE('',*,*,#5166,.T.);
#5952 = ORIENTED_EDGE('',*,*,#4269,.F.);
#5953 = ORIENTED_EDGE('',*,*,#5142,.F.);
#5954 = ORIENTED_EDGE('',*,*,#5845,.F.);
#5955 = ORIENTED_EDGE('',*,*,#5087,.T.);
#5956 = PLANE('',#5957);
#5957 = AXIS2_PLACEMENT_3D('',#5958,#5959,#5960);
#5958 = CARTESIAN_POINT('',(1.004566831683E+03,24.,5.688118811881));
#5959 = DIRECTION('',(0.,1.,0.));
#5960 = DIRECTION('',(0.,0.,1.));
#5961 = MANIFOLD_SOLID_BREP('',#5962);
#5962 = CLOSED_SHELL('',(#5963,#5996,#6005,#6025,#6050));
#5963 = ADVANCED_FACE('',(#5964),#5991,.T.);
#5964 = FACE_BOUND('',#5965,.F.);
#5965 = EDGE_LOOP('',(#5966,#5976,#5983,#5984));
#5966 = ORIENTED_EDGE('',*,*,#5967,.T.);
#5967 = EDGE_CURVE('',#5968,#5970,#5972,.T.);
#5968 = VERTEX_POINT('',#5969);
#5969 = CARTESIAN_POINT('',(857.5,-35.5,-8.5));
#5970 = VERTEX_POINT('',#5971);
#5971 = CARTESIAN_POINT('',(857.5,-35.5,1.5));
#5972 = LINE('',#5973,#5974);
#5973 = CARTESIAN_POINT('',(857.5,-35.5,-8.5));
#5974 = VECTOR('',#5975,1.);
#5975 = DIRECTION('',(0.,0.,1.));
#5976 = ORIENTED_EDGE('',*,*,#5977,.T.);
#5977 = EDGE_CURVE('',#5970,#5970,#5978,.T.);
#5978 = CIRCLE('',#5979,1.5);
#5979 = AXIS2_PLACEMENT_3D('',#5980,#5981,#5982);
#5980 = CARTESIAN_POINT('',(856.,-35.5,1.5));
#5981 = DIRECTION('',(0.,0.,1.));
#5982 = DIRECTION('',(1.,0.,0.));
#5983 = ORIENTED_EDGE('',*,*,#5967,.F.);
#5984 = ORIENTED_EDGE('',*,*,#5985,.F.);
#5985 = EDGE_CURVE('',#5968,#5968,#5986,.T.);
#5986 = CIRCLE('',#5987,1.5);
#5987 = AXIS2_PLACEMENT_3D('',#5988,#5989,#5990);
#5988 = CARTESIAN_POINT('',(856.,-35.5,-8.5));
#5989 = DIRECTION('',(0.,0.,1.));
#5990 = DIRECTION('',(1.,0.,0.));
#5991 = CYLINDRICAL_SURFACE('',#5992,1.5);
#5992 = AXIS2_PLACEMENT_3D('',#5993,#5994,#5995);
#5993 = CARTESIAN_POINT('',(856.,-35.5,-8.5));
#5994 = DIRECTION('',(-0.,-0.,-1.));
#5995 = DIRECTION('',(1.,0.,0.));
#5996 = ADVANCED_FACE('',(#5997),#6000,.F.);
#5997 = FACE_BOUND('',#5998,.T.);
#5998 = EDGE_LOOP('',(#5999));
#5999 = ORIENTED_EDGE('',*,*,#5985,.F.);
#6000 = PLANE('',#6001);
#6001 = AXIS2_PLACEMENT_3D('',#6002,#6003,#6004);
#6002 = CARTESIAN_POINT('',(856.,-35.5,-8.5));
#6003 = DIRECTION('',(0.,0.,1.));
#6004 = DIRECTION('',(1.,0.,0.));
#6005 = ADVANCED_FACE('',(#6006,#6017),#6020,.F.);
#6006 = FACE_BOUND('',#6007,.F.);
#6007 = EDGE_LOOP('',(#6008));
#6008 = ORIENTED_EDGE('',*,*,#6009,.T.);
#6009 = EDGE_CURVE('',#6010,#6010,#6012,.T.);
#6010 = VERTEX_POINT('',#6011);
#6011 = CARTESIAN_POINT('',(858.8,-35.5,1.5));
#6012 = CIRCLE('',#6013,2.8);
#6013 = AXIS2_PLACEMENT_3D('',#6014,#6015,#6016);
#6014 = CARTESIAN_POINT('',(856.,-35.5,1.5));
#6015 = DIRECTION('',(0.,0.,1.));
#6016 = DIRECTION('',(1.,0.,0.));
#6017 = FACE_BOUND('',#6018,.F.);
#6018 = EDGE_LOOP('',(#6019));
#6019 = ORIENTED_EDGE('',*,*,#5977,.F.);
#6020 = PLANE('',#6021);
#6021 = AXIS2_PLACEMENT_3D('',#6022,#6023,#6024);
#6022 = CARTESIAN_POINT('',(856.,-35.5,1.5));
#6023 = DIRECTION('',(0.,0.,1.));
#6024 = DIRECTION('',(1.,0.,0.));
#6025 = ADVANCED_FACE('',(#6026),#6045,.T.);
#6026 = FACE_BOUND('',#6027,.F.);
#6027 = EDGE_LOOP('',(#6028,#6036,#6043,#6044));
#6028 = ORIENTED_EDGE('',*,*,#6029,.T.);
#6029 = EDGE_CURVE('',#6010,#6030,#6032,.T.);
#6030 = VERTEX_POINT('',#6031);
#6031 = CARTESIAN_POINT('',(858.8,-35.5,3.9));
#6032 = LINE('',#6033,#6034);
#6033 = CARTESIAN_POINT('',(858.8,-35.5,1.5));
#6034 = VECTOR('',#6035,1.);
#6035 = DIRECTION('',(0.,0.,1.));
#6036 = ORIENTED_EDGE('',*,*,#6037,.T.);
#6037 = EDGE_CURVE('',#6030,#6030,#6038,.T.);
#6038 = CIRCLE('',#6039,2.8);
#6039 = AXIS2_PLACEMENT_3D('',#6040,#6041,#6042);
#6040 = CARTESIAN_POINT('',(856.,-35.5,3.9));
#6041 = DIRECTION('',(0.,0.,1.));
#6042 = DIRECTION('',(1.,0.,0.));
#6043 = ORIENTED_EDGE('',*,*,#6029,.F.);
#6044 = ORIENTED_EDGE('',*,*,#6009,.F.);
#6045 = CYLINDRICAL_SURFACE('',#6046,2.8);
#6046 = AXIS2_PLACEMENT_3D('',#6047,#6048,#6049);
#6047 = CARTESIAN_POINT('',(856.,-35.5,1.5));
#6048 = DIRECTION('',(-0.,-0.,-1.));
#6049 = DIRECTION('',(1.,0.,0.));
#6050 = ADVANCED_FACE('',(#6051),#6054,.T.);
#6051 = FACE_BOUND('',#6052,.F.);
#6052 = EDGE_LOOP('',(#6053));
#6053 = ORIENTED_EDGE('',*,*,#6037,.F.);
#6054 = PLANE('',#6055);
#6055 = AXIS2_PLACEMENT_3D('',#6056,#6057,#6058);
#6056 = CARTESIAN_POINT('',(856.,-35.5,3.9));
#6057 = DIRECTION('',(0.,0.,1.));
#6058 = DIRECTION('',(1.,0.,0.));
#6059 = MANIFOLD_SOLID_BREP('',#6060);
#6060 = CLOSED_SHELL('',(#6061,#6094,#6114,#6134));
#6061 = ADVANCED_FACE('',(#6062),#6089,.T.);
#6062 = FACE_BOUND('',#6063,.F.);
#6063 = EDGE_LOOP('',(#6064,#6074,#6081,#6082));
#6064 = ORIENTED_EDGE('',*,*,#6065,.T.);
#6065 = EDGE_CURVE('',#6066,#6068,#6070,.T.);
#6066 = VERTEX_POINT('',#6067);
#6067 = CARTESIAN_POINT('',(859.2,-35.5,-6.5));
#6068 = VERTEX_POINT('',#6069);
#6069 = CARTESIAN_POINT('',(859.2,-35.5,-4.));
#6070 = LINE('',#6071,#6072);
#6071 = CARTESIAN_POINT('',(859.2,-35.5,-6.5));
#6072 = VECTOR('',#6073,1.);
#6073 = DIRECTION('',(0.,0.,1.));
#6074 = ORIENTED_EDGE('',*,*,#6075,.T.);
#6075 = EDGE_CURVE('',#6068,#6068,#6076,.T.);
#6076 = CIRCLE('',#6077,3.2);
#6077 = AXIS2_PLACEMENT_3D('',#6078,#6079,#6080);
#6078 = CARTESIAN_POINT('',(856.,-35.5,-4.));
#6079 = DIRECTION('',(0.,0.,1.));
#6080 = DIRECTION('',(1.,0.,0.));
#6081 = ORIENTED_EDGE('',*,*,#6065,.F.);
#6082 = ORIENTED_EDGE('',*,*,#6083,.F.);
#6083 = EDGE_CURVE('',#6066,#6066,#6084,.T.);
#6084 = CIRCLE('',#6085,3.2);
#6085 = AXIS2_PLACEMENT_3D('',#6086,#6087,#6088);
#6086 = CARTESIAN_POINT('',(856.,-35.5,-6.5));
#6087 = DIRECTION('',(0.,0.,1.));
#6088 = DIRECTION('',(1.,0.,0.));
#6089 = CYLINDRICAL_SURFACE('',#6090,3.2);
#6090 = AXIS2_PLACEMENT_3D('',#6091,#6092,#6093);
#6091 = CARTESIAN_POINT('',(856.,-35.5,-6.5));
#6092 = DIRECTION('',(-0.,-0.,-1.));
#6093 = DIRECTION('',(1.,0.,0.));
#6094 = ADVANCED_FACE('',(#6095,#6098),#6109,.F.);
#6095 = FACE_BOUND('',#6096,.F.);
#6096 = EDGE_LOOP('',(#6097));
#6097 = ORIENTED_EDGE('',*,*,#6083,.T.);
#6098 = FACE_BOUND('',#6099,.F.);
#6099 = EDGE_LOOP('',(#6100));
#6100 = ORIENTED_EDGE('',*,*,#6101,.T.);
#6101 = EDGE_CURVE('',#6102,#6102,#6104,.T.);
#6102 = VERTEX_POINT('',#6103);
#6103 = CARTESIAN_POINT('',(857.7,-35.5,-6.5));
#6104 = CIRCLE('',#6105,1.7);
#6105 = AXIS2_PLACEMENT_3D('',#6106,#6107,#6108);
#6106 = CARTESIAN_POINT('',(856.,-35.5,-6.5));
#6107 = DIRECTION('',(0.,0.,-1.));
#6108 = DIRECTION('',(1.,0.,0.));
#6109 = PLANE('',#6110);
#6110 = AXIS2_PLACEMENT_3D('',#6111,#6112,#6113);
#6111 = CARTESIAN_POINT('',(856.,-35.5,-6.5));
#6112 = DIRECTION('',(0.,0.,1.));
#6113 = DIRECTION('',(1.,0.,0.));
#6114 = ADVANCED_FACE('',(#6115,#6118),#6129,.T.);
#6115 = FACE_BOUND('',#6116,.T.);
#6116 = EDGE_LOOP('',(#6117));
#6117 = ORIENTED_EDGE('',*,*,#6075,.T.);
#6118 = FACE_BOUND('',#6119,.T.);
#6119 = EDGE_LOOP('',(#6120));
#6120 = ORIENTED_EDGE('',*,*,#6121,.T.);
#6121 = EDGE_CURVE('',#6122,#6122,#6124,.T.);
#6122 = VERTEX_POINT('',#6123);
#6123 = CARTESIAN_POINT('',(857.7,-35.5,-4.));
#6124 = CIRCLE('',#6125,1.7);
#6125 = AXIS2_PLACEMENT_3D('',#6126,#6127,#6128);
#6126 = CARTESIAN_POINT('',(856.,-35.5,-4.));
#6127 = DIRECTION('',(0.,0.,-1.));
#6128 = DIRECTION('',(1.,0.,0.));
#6129 = PLANE('',#6130);
#6130 = AXIS2_PLACEMENT_3D('',#6131,#6132,#6133);
#6131 = CARTESIAN_POINT('',(856.,-35.5,-4.));
#6132 = DIRECTION('',(0.,0.,1.));
#6133 = DIRECTION('',(1.,0.,0.));
#6134 = ADVANCED_FACE('',(#6135),#6146,.F.);
#6135 = FACE_BOUND('',#6136,.T.);
#6136 = EDGE_LOOP('',(#6137,#6138,#6144,#6145));
#6137 = ORIENTED_EDGE('',*,*,#6101,.T.);
#6138 = ORIENTED_EDGE('',*,*,#6139,.T.);
#6139 = EDGE_CURVE('',#6102,#6122,#6140,.T.);
#6140 = LINE('',#6141,#6142);
#6141 = CARTESIAN_POINT('',(857.7,-35.5,-7.));
#6142 = VECTOR('',#6143,1.);
#6143 = DIRECTION('',(0.,0.,1.));
#6144 = ORIENTED_EDGE('',*,*,#6121,.F.);
#6145 = ORIENTED_EDGE('',*,*,#6139,.F.);
#6146 = CYLINDRICAL_SURFACE('',#6147,1.7);
#6147 = AXIS2_PLACEMENT_3D('',#6148,#6149,#6150);
#6148 = CARTESIAN_POINT('',(856.,-35.5,-7.));
#6149 = DIRECTION('',(-0.,-0.,-1.));
#6150 = DIRECTION('',(1.,0.,0.));
#6151 = MANIFOLD_SOLID_BREP('',#6152);
#6152 = CLOSED_SHELL('',(#6153,#6186,#6195,#6215,#6240));
#6153 = ADVANCED_FACE('',(#6154),#6181,.T.);
#6154 = FACE_BOUND('',#6155,.F.);
#6155 = EDGE_LOOP('',(#6156,#6166,#6173,#6174));
#6156 = ORIENTED_EDGE('',*,*,#6157,.T.);
#6157 = EDGE_CURVE('',#6158,#6160,#6162,.T.);
#6158 = VERTEX_POINT('',#6159);
#6159 = CARTESIAN_POINT('',(857.5,35.5,-8.5));
#6160 = VERTEX_POINT('',#6161);
#6161 = CARTESIAN_POINT('',(857.5,35.5,1.5));
#6162 = LINE('',#6163,#6164);
#6163 = CARTESIAN_POINT('',(857.5,35.5,-8.5));
#6164 = VECTOR('',#6165,1.);
#6165 = DIRECTION('',(0.,0.,1.));
#6166 = ORIENTED_EDGE('',*,*,#6167,.T.);
#6167 = EDGE_CURVE('',#6160,#6160,#6168,.T.);
#6168 = CIRCLE('',#6169,1.5);
#6169 = AXIS2_PLACEMENT_3D('',#6170,#6171,#6172);
#6170 = CARTESIAN_POINT('',(856.,35.5,1.5));
#6171 = DIRECTION('',(0.,0.,1.));
#6172 = DIRECTION('',(1.,0.,0.));
#6173 = ORIENTED_EDGE('',*,*,#6157,.F.);
#6174 = ORIENTED_EDGE('',*,*,#6175,.F.);
#6175 = EDGE_CURVE('',#6158,#6158,#6176,.T.);
#6176 = CIRCLE('',#6177,1.5);
#6177 = AXIS2_PLACEMENT_3D('',#6178,#6179,#6180);
#6178 = CARTESIAN_POINT('',(856.,35.5,-8.5));
#6179 = DIRECTION('',(0.,0.,1.));
#6180 = DIRECTION('',(1.,0.,0.));
#6181 = CYLINDRICAL_SURFACE('',#6182,1.5);
#6182 = AXIS2_PLACEMENT_3D('',#6183,#6184,#6185);
#6183 = CARTESIAN_POINT('',(856.,35.5,-8.5));
#6184 = DIRECTION('',(-0.,-0.,-1.));
#6185 = DIRECTION('',(1.,0.,0.));
#6186 = ADVANCED_FACE('',(#6187),#6190,.F.);
#6187 = FACE_BOUND('',#6188,.T.);
#6188 = EDGE_LOOP('',(#6189));
#6189 = ORIENTED_EDGE('',*,*,#6175,.F.);
#6190 = PLANE('',#6191);
#6191 = AXIS2_PLACEMENT_3D('',#6192,#6193,#6194);
#6192 = CARTESIAN_POINT('',(856.,35.5,-8.5));
#6193 = DIRECTION('',(0.,0.,1.));
#6194 = DIRECTION('',(1.,0.,0.));
#6195 = ADVANCED_FACE('',(#6196,#6207),#6210,.F.);
#6196 = FACE_BOUND('',#6197,.F.);
#6197 = EDGE_LOOP('',(#6198));
#6198 = ORIENTED_EDGE('',*,*,#6199,.T.);
#6199 = EDGE_CURVE('',#6200,#6200,#6202,.T.);
#6200 = VERTEX_POINT('',#6201);
#6201 = CARTESIAN_POINT('',(858.8,35.5,1.5));
#6202 = CIRCLE('',#6203,2.8);
#6203 = AXIS2_PLACEMENT_3D('',#6204,#6205,#6206);
#6204 = CARTESIAN_POINT('',(856.,35.5,1.5));
#6205 = DIRECTION('',(0.,0.,1.));
#6206 = DIRECTION('',(1.,0.,0.));
#6207 = FACE_BOUND('',#6208,.F.);
#6208 = EDGE_LOOP('',(#6209));
#6209 = ORIENTED_EDGE('',*,*,#6167,.F.);
#6210 = PLANE('',#6211);
#6211 = AXIS2_PLACEMENT_3D('',#6212,#6213,#6214);
#6212 = CARTESIAN_POINT('',(856.,35.5,1.5));
#6213 = DIRECTION('',(0.,0.,1.));
#6214 = DIRECTION('',(1.,0.,0.));
#6215 = ADVANCED_FACE('',(#6216),#6235,.T.);
#6216 = FACE_BOUND('',#6217,.F.);
#6217 = EDGE_LOOP('',(#6218,#6226,#6233,#6234));
#6218 = ORIENTED_EDGE('',*,*,#6219,.T.);
#6219 = EDGE_CURVE('',#6200,#6220,#6222,.T.);
#6220 = VERTEX_POINT('',#6221);
#6221 = CARTESIAN_POINT('',(858.8,35.5,3.9));
#6222 = LINE('',#6223,#6224);
#6223 = CARTESIAN_POINT('',(858.8,35.5,1.5));
#6224 = VECTOR('',#6225,1.);
#6225 = DIRECTION('',(0.,0.,1.));
#6226 = ORIENTED_EDGE('',*,*,#6227,.T.);
#6227 = EDGE_CURVE('',#6220,#6220,#6228,.T.);
#6228 = CIRCLE('',#6229,2.8);
#6229 = AXIS2_PLACEMENT_3D('',#6230,#6231,#6232);
#6230 = CARTESIAN_POINT('',(856.,35.5,3.9));
#6231 = DIRECTION('',(0.,0.,1.));
#6232 = DIRECTION('',(1.,0.,0.));
#6233 = ORIENTED_EDGE('',*,*,#6219,.F.);
#6234 = ORIENTED_EDGE('',*,*,#6199,.F.);
#6235 = CYLINDRICAL_SURFACE('',#6236,2.8);
#6236 = AXIS2_PLACEMENT_3D('',#6237,#6238,#6239);
#6237 = CARTESIAN_POINT('',(856.,35.5,1.5));
#6238 = DIRECTION('',(-0.,-0.,-1.));
#6239 = DIRECTION('',(1.,0.,0.));
#6240 = ADVANCED_FACE('',(#6241),#6244,.T.);
#6241 = FACE_BOUND('',#6242,.F.);
#6242 = EDGE_LOOP('',(#6243));
#6243 = ORIENTED_EDGE('',*,*,#6227,.F.);
#6244 = PLANE('',#6245);
#6245 = AXIS2_PLACEMENT_3D('',#6246,#6247,#6248);
#6246 = CARTESIAN_POINT('',(856.,35.5,3.9));
#6247 = DIRECTION('',(0.,0.,1.));
#6248 = DIRECTION('',(1.,0.,0.));
#6249 = MANIFOLD_SOLID_BREP('',#6250);
#6250 = CLOSED_SHELL('',(#6251,#6284,#6304,#6324));
#6251 = ADVANCED_FACE('',(#6252),#6279,.T.);
#6252 = FACE_BOUND('',#6253,.F.);
#6253 = EDGE_LOOP('',(#6254,#6264,#6271,#6272));
#6254 = ORIENTED_EDGE('',*,*,#6255,.T.);
#6255 = EDGE_CURVE('',#6256,#6258,#6260,.T.);
#6256 = VERTEX_POINT('',#6257);
#6257 = CARTESIAN_POINT('',(859.2,35.5,-6.5));
#6258 = VERTEX_POINT('',#6259);
#6259 = CARTESIAN_POINT('',(859.2,35.5,-4.));
#6260 = LINE('',#6261,#6262);
#6261 = CARTESIAN_POINT('',(859.2,35.5,-6.5));
#6262 = VECTOR('',#6263,1.);
#6263 = DIRECTION('',(0.,0.,1.));
#6264 = ORIENTED_EDGE('',*,*,#6265,.T.);
#6265 = EDGE_CURVE('',#6258,#6258,#6266,.T.);
#6266 = CIRCLE('',#6267,3.2);
#6267 = AXIS2_PLACEMENT_3D('',#6268,#6269,#6270);
#6268 = CARTESIAN_POINT('',(856.,35.5,-4.));
#6269 = DIRECTION('',(0.,0.,1.));
#6270 = DIRECTION('',(1.,0.,0.));
#6271 = ORIENTED_EDGE('',*,*,#6255,.F.);
#6272 = ORIENTED_EDGE('',*,*,#6273,.F.);
#6273 = EDGE_CURVE('',#6256,#6256,#6274,.T.);
#6274 = CIRCLE('',#6275,3.2);
#6275 = AXIS2_PLACEMENT_3D('',#6276,#6277,#6278);
#6276 = CARTESIAN_POINT('',(856.,35.5,-6.5));
#6277 = DIRECTION('',(0.,0.,1.));
#6278 = DIRECTION('',(1.,0.,0.));
#6279 = CYLINDRICAL_SURFACE('',#6280,3.2);
#6280 = AXIS2_PLACEMENT_3D('',#6281,#6282,#6283);
#6281 = CARTESIAN_POINT('',(856.,35.5,-6.5));
#6282 = DIRECTION('',(-0.,-0.,-1.));
#6283 = DIRECTION('',(1.,0.,0.));
#6284 = ADVANCED_FACE('',(#6285,#6288),#6299,.F.);
#6285 = FACE_BOUND('',#6286,.F.);
#6286 = EDGE_LOOP('',(#6287));
#6287 = ORIENTED_EDGE('',*,*,#6273,.T.);
#6288 = FACE_BOUND('',#6289,.F.);
#6289 = EDGE_LOOP('',(#6290));
#6290 = ORIENTED_EDGE('',*,*,#6291,.T.);
#6291 = EDGE_CURVE('',#6292,#6292,#6294,.T.);
#6292 = VERTEX_POINT('',#6293);
#6293 = CARTESIAN_POINT('',(857.7,35.5,-6.5));
#6294 = CIRCLE('',#6295,1.7);
#6295 = AXIS2_PLACEMENT_3D('',#6296,#6297,#6298);
#6296 = CARTESIAN_POINT('',(856.,35.5,-6.5));
#6297 = DIRECTION('',(0.,0.,-1.));
#6298 = DIRECTION('',(1.,0.,0.));
#6299 = PLANE('',#6300);
#6300 = AXIS2_PLACEMENT_3D('',#6301,#6302,#6303);
#6301 = CARTESIAN_POINT('',(856.,35.5,-6.5));
#6302 = DIRECTION('',(0.,0.,1.));
#6303 = DIRECTION('',(1.,0.,0.));
#6304 = ADVANCED_FACE('',(#6305,#6308),#6319,.T.);
#6305 = FACE_BOUND('',#6306,.T.);
#6306 = EDGE_LOOP('',(#6307));
#6307 = ORIENTED_EDGE('',*,*,#6265,.T.);
#6308 = FACE_BOUND('',#6309,.T.);
#6309 = EDGE_LOOP('',(#6310));
#6310 = ORIENTED_EDGE('',*,*,#6311,.T.);
#6311 = EDGE_CURVE('',#6312,#6312,#6314,.T.);
#6312 = VERTEX_POINT('',#6313);
#6313 = CARTESIAN_POINT('',(857.7,35.5,-4.));
#6314 = CIRCLE('',#6315,1.7);
#6315 = AXIS2_PLACEMENT_3D('',#6316,#6317,#6318);
#6316 = CARTESIAN_POINT('',(856.,35.5,-4.));
#6317 = DIRECTION('',(0.,0.,-1.));
#6318 = DIRECTION('',(1.,0.,0.));
#6319 = PLANE('',#6320);
#6320 = AXIS2_PLACEMENT_3D('',#6321,#6322,#6323);
#6321 = CARTESIAN_POINT('',(856.,35.5,-4.));
#6322 = DIRECTION('',(0.,0.,1.));
#6323 = DIRECTION('',(1.,0.,0.));
#6324 = ADVANCED_FACE('',(#6325),#6336,.F.);
#6325 = FACE_BOUND('',#6326,.T.);
#6326 = EDGE_LOOP('',(#6327,#6328,#6334,#6335));
#6327 = ORIENTED_EDGE('',*,*,#6291,.T.);
#6328 = ORIENTED_EDGE('',*,*,#6329,.T.);
#6329 = EDGE_CURVE('',#6292,#6312,#6330,.T.);
#6330 = LINE('',#6331,#6332);
#6331 = CARTESIAN_POINT('',(857.7,35.5,-7.));
#6332 = VECTOR('',#6333,1.);
#6333 = DIRECTION('',(0.,0.,1.));
#6334 = ORIENTED_EDGE('',*,*,#6311,.F.);
#6335 = ORIENTED_EDGE('',*,*,#6329,.F.);
#6336 = CYLINDRICAL_SURFACE('',#6337,1.7);
#6337 = AXIS2_PLACEMENT_3D('',#6338,#6339,#6340);
#6338 = CARTESIAN_POINT('',(856.,35.5,-7.));
#6339 = DIRECTION('',(-0.,-0.,-1.));
#6340 = DIRECTION('',(1.,0.,0.));
#6341 = MANIFOLD_SOLID_BREP('',#6342);
#6342 = CLOSED_SHELL('',(#6343,#6376,#6385,#6405,#6430));
#6343 = ADVANCED_FACE('',(#6344),#6371,.T.);
#6344 = FACE_BOUND('',#6345,.F.);
#6345 = EDGE_LOOP('',(#6346,#6356,#6363,#6364));
#6346 = ORIENTED_EDGE('',*,*,#6347,.T.);
#6347 = EDGE_CURVE('',#6348,#6350,#6352,.T.);
#6348 = VERTEX_POINT('',#6349);
#6349 = CARTESIAN_POINT('',(929.5,-35.5,-8.5));
#6350 = VERTEX_POINT('',#6351);
#6351 = CARTESIAN_POINT('',(929.5,-35.5,1.5));
#6352 = LINE('',#6353,#6354);
#6353 = CARTESIAN_POINT('',(929.5,-35.5,-8.5));
#6354 = VECTOR('',#6355,1.);
#6355 = DIRECTION('',(0.,0.,1.));
#6356 = ORIENTED_EDGE('',*,*,#6357,.T.);
#6357 = EDGE_CURVE('',#6350,#6350,#6358,.T.);
#6358 = CIRCLE('',#6359,1.5);
#6359 = AXIS2_PLACEMENT_3D('',#6360,#6361,#6362);
#6360 = CARTESIAN_POINT('',(928.,-35.5,1.5));
#6361 = DIRECTION('',(0.,0.,1.));
#6362 = DIRECTION('',(1.,0.,0.));
#6363 = ORIENTED_EDGE('',*,*,#6347,.F.);
#6364 = ORIENTED_EDGE('',*,*,#6365,.F.);
#6365 = EDGE_CURVE('',#6348,#6348,#6366,.T.);
#6366 = CIRCLE('',#6367,1.5);
#6367 = AXIS2_PLACEMENT_3D('',#6368,#6369,#6370);
#6368 = CARTESIAN_POINT('',(928.,-35.5,-8.5));
#6369 = DIRECTION('',(0.,0.,1.));
#6370 = DIRECTION('',(1.,0.,0.));
#6371 = CYLINDRICAL_SURFACE('',#6372,1.5);
#6372 = AXIS2_PLACEMENT_3D('',#6373,#6374,#6375);
#6373 = CARTESIAN_POINT('',(928.,-35.5,-8.5));
#6374 = DIRECTION('',(-0.,-0.,-1.));
#6375 = DIRECTION('',(1.,0.,0.));
#6376 = ADVANCED_FACE('',(#6377),#6380,.F.);
#6377 = FACE_BOUND('',#6378,.T.);
#6378 = EDGE_LOOP('',(#6379));
#6379 = ORIENTED_EDGE('',*,*,#6365,.F.);
#6380 = PLANE('',#6381);
#6381 = AXIS2_PLACEMENT_3D('',#6382,#6383,#6384);
#6382 = CARTESIAN_POINT('',(928.,-35.5,-8.5));
#6383 = DIRECTION('',(0.,0.,1.));
#6384 = DIRECTION('',(1.,0.,0.));
#6385 = ADVANCED_FACE('',(#6386,#6397),#6400,.F.);
#6386 = FACE_BOUND('',#6387,.F.);
#6387 = EDGE_LOOP('',(#6388));
#6388 = ORIENTED_EDGE('',*,*,#6389,.T.);
#6389 = EDGE_CURVE('',#6390,#6390,#6392,.T.);
#6390 = VERTEX_POINT('',#6391);
#6391 = CARTESIAN_POINT('',(930.8,-35.5,1.5));
#6392 = CIRCLE('',#6393,2.8);
#6393 = AXIS2_PLACEMENT_3D('',#6394,#6395,#6396);
#6394 = CARTESIAN_POINT('',(928.,-35.5,1.5));
#6395 = DIRECTION('',(0.,0.,1.));
#6396 = DIRECTION('',(1.,0.,0.));
#6397 = FACE_BOUND('',#6398,.F.);
#6398 = EDGE_LOOP('',(#6399));
#6399 = ORIENTED_EDGE('',*,*,#6357,.F.);
#6400 = PLANE('',#6401);
#6401 = AXIS2_PLACEMENT_3D('',#6402,#6403,#6404);
#6402 = CARTESIAN_POINT('',(928.,-35.5,1.5));
#6403 = DIRECTION('',(0.,0.,1.));
#6404 = DIRECTION('',(1.,0.,0.));
#6405 = ADVANCED_FACE('',(#6406),#6425,.T.);
#6406 = FACE_BOUND('',#6407,.F.);
#6407 = EDGE_LOOP('',(#6408,#6416,#6423,#6424));
#6408 = ORIENTED_EDGE('',*,*,#6409,.T.);
#6409 = EDGE_CURVE('',#6390,#6410,#6412,.T.);
#6410 = VERTEX_POINT('',#6411);
#6411 = CARTESIAN_POINT('',(930.8,-35.5,3.9));
#6412 = LINE('',#6413,#6414);
#6413 = CARTESIAN_POINT('',(930.8,-35.5,1.5));
#6414 = VECTOR('',#6415,1.);
#6415 = DIRECTION('',(0.,0.,1.));
#6416 = ORIENTED_EDGE('',*,*,#6417,.T.);
#6417 = EDGE_CURVE('',#6410,#6410,#6418,.T.);
#6418 = CIRCLE('',#6419,2.8);
#6419 = AXIS2_PLACEMENT_3D('',#6420,#6421,#6422);
#6420 = CARTESIAN_POINT('',(928.,-35.5,3.9));
#6421 = DIRECTION('',(0.,0.,1.));
#6422 = DIRECTION('',(1.,0.,0.));
#6423 = ORIENTED_EDGE('',*,*,#6409,.F.);
#6424 = ORIENTED_EDGE('',*,*,#6389,.F.);
#6425 = CYLINDRICAL_SURFACE('',#6426,2.8);
#6426 = AXIS2_PLACEMENT_3D('',#6427,#6428,#6429);
#6427 = CARTESIAN_POINT('',(928.,-35.5,1.5));
#6428 = DIRECTION('',(-0.,-0.,-1.));
#6429 = DIRECTION('',(1.,0.,0.));
#6430 = ADVANCED_FACE('',(#6431),#6434,.T.);
#6431 = FACE_BOUND('',#6432,.F.);
#6432 = EDGE_LOOP('',(#6433));
#6433 = ORIENTED_EDGE('',*,*,#6417,.F.);
#6434 = PLANE('',#6435);
#6435 = AXIS2_PLACEMENT_3D('',#6436,#6437,#6438);
#6436 = CARTESIAN_POINT('',(928.,-35.5,3.9));
#6437 = DIRECTION('',(0.,0.,1.));
#6438 = DIRECTION('',(1.,0.,0.));
#6439 = MANIFOLD_SOLID_BREP('',#6440);
#6440 = CLOSED_SHELL('',(#6441,#6474,#6494,#6514));
#6441 = ADVANCED_FACE('',(#6442),#6469,.T.);
#6442 = FACE_BOUND('',#6443,.F.);
#6443 = EDGE_LOOP('',(#6444,#6454,#6461,#6462));
#6444 = ORIENTED_EDGE('',*,*,#6445,.T.);
#6445 = EDGE_CURVE('',#6446,#6448,#6450,.T.);
#6446 = VERTEX_POINT('',#6447);
#6447 = CARTESIAN_POINT('',(931.2,-35.5,-6.5));
#6448 = VERTEX_POINT('',#6449);
#6449 = CARTESIAN_POINT('',(931.2,-35.5,-4.));
#6450 = LINE('',#6451,#6452);
#6451 = CARTESIAN_POINT('',(931.2,-35.5,-6.5));
#6452 = VECTOR('',#6453,1.);
#6453 = DIRECTION('',(0.,0.,1.));
#6454 = ORIENTED_EDGE('',*,*,#6455,.T.);
#6455 = EDGE_CURVE('',#6448,#6448,#6456,.T.);
#6456 = CIRCLE('',#6457,3.2);
#6457 = AXIS2_PLACEMENT_3D('',#6458,#6459,#6460);
#6458 = CARTESIAN_POINT('',(928.,-35.5,-4.));
#6459 = DIRECTION('',(0.,0.,1.));
#6460 = DIRECTION('',(1.,0.,0.));
#6461 = ORIENTED_EDGE('',*,*,#6445,.F.);
#6462 = ORIENTED_EDGE('',*,*,#6463,.F.);
#6463 = EDGE_CURVE('',#6446,#6446,#6464,.T.);
#6464 = CIRCLE('',#6465,3.2);
#6465 = AXIS2_PLACEMENT_3D('',#6466,#6467,#6468);
#6466 = CARTESIAN_POINT('',(928.,-35.5,-6.5));
#6467 = DIRECTION('',(0.,0.,1.));
#6468 = DIRECTION('',(1.,0.,0.));
#6469 = CYLINDRICAL_SURFACE('',#6470,3.2);
#6470 = AXIS2_PLACEMENT_3D('',#6471,#6472,#6473);
#6471 = CARTESIAN_POINT('',(928.,-35.5,-6.5));
#6472 = DIRECTION('',(-0.,-0.,-1.));
#6473 = DIRECTION('',(1.,0.,0.));
#6474 = ADVANCED_FACE('',(#6475,#6478),#6489,.F.);
#6475 = FACE_BOUND('',#6476,.F.);
#6476 = EDGE_LOOP('',(#6477));
#6477 = ORIENTED_EDGE('',*,*,#6463,.T.);
#6478 = FACE_BOUND('',#6479,.F.);
#6479 = EDGE_LOOP('',(#6480));
#6480 = ORIENTED_EDGE('',*,*,#6481,.T.);
#6481 = EDGE_CURVE('',#6482,#6482,#6484,.T.);
#6482 = VERTEX_POINT('',#6483);
#6483 = CARTESIAN_POINT('',(929.7,-35.5,-6.5));
#6484 = CIRCLE('',#6485,1.7);
#6485 = AXIS2_PLACEMENT_3D('',#6486,#6487,#6488);
#6486 = CARTESIAN_POINT('',(928.,-35.5,-6.5));
#6487 = DIRECTION('',(0.,0.,-1.));
#6488 = DIRECTION('',(1.,0.,0.));
#6489 = PLANE('',#6490);
#6490 = AXIS2_PLACEMENT_3D('',#6491,#6492,#6493);
#6491 = CARTESIAN_POINT('',(928.,-35.5,-6.5));
#6492 = DIRECTION('',(0.,0.,1.));
#6493 = DIRECTION('',(1.,0.,0.));
#6494 = ADVANCED_FACE('',(#6495,#6498),#6509,.T.);
#6495 = FACE_BOUND('',#6496,.T.);
#6496 = EDGE_LOOP('',(#6497));
#6497 = ORIENTED_EDGE('',*,*,#6455,.T.);
#6498 = FACE_BOUND('',#6499,.T.);
#6499 = EDGE_LOOP('',(#6500));
#6500 = ORIENTED_EDGE('',*,*,#6501,.T.);
#6501 = EDGE_CURVE('',#6502,#6502,#6504,.T.);
#6502 = VERTEX_POINT('',#6503);
#6503 = CARTESIAN_POINT('',(929.7,-35.5,-4.));
#6504 = CIRCLE('',#6505,1.7);
#6505 = AXIS2_PLACEMENT_3D('',#6506,#6507,#6508);
#6506 = CARTESIAN_POINT('',(928.,-35.5,-4.));
#6507 = DIRECTION('',(0.,0.,-1.));
#6508 = DIRECTION('',(1.,0.,0.));
#6509 = PLANE('',#6510);
#6510 = AXIS2_PLACEMENT_3D('',#6511,#6512,#6513);
#6511 = CARTESIAN_POINT('',(928.,-35.5,-4.));
#6512 = DIRECTION('',(0.,0.,1.));
#6513 = DIRECTION('',(1.,0.,0.));
#6514 = ADVANCED_FACE('',(#6515),#6526,.F.);
#6515 = FACE_BOUND('',#6516,.T.);
#6516 = EDGE_LOOP('',(#6517,#6518,#6524,#6525));
#6517 = ORIENTED_EDGE('',*,*,#6481,.T.);
#6518 = ORIENTED_EDGE('',*,*,#6519,.T.);
#6519 = EDGE_CURVE('',#6482,#6502,#6520,.T.);
#6520 = LINE('',#6521,#6522);
#6521 = CARTESIAN_POINT('',(929.7,-35.5,-7.));
#6522 = VECTOR('',#6523,1.);
#6523 = DIRECTION('',(0.,0.,1.));
#6524 = ORIENTED_EDGE('',*,*,#6501,.F.);
#6525 = ORIENTED_EDGE('',*,*,#6519,.F.);
#6526 = CYLINDRICAL_SURFACE('',#6527,1.7);
#6527 = AXIS2_PLACEMENT_3D('',#6528,#6529,#6530);
#6528 = CARTESIAN_POINT('',(928.,-35.5,-7.));
#6529 = DIRECTION('',(-0.,-0.,-1.));
#6530 = DIRECTION('',(1.,0.,0.));
#6531 = MANIFOLD_SOLID_BREP('',#6532);
#6532 = CLOSED_SHELL('',(#6533,#6566,#6575,#6595,#6620));
#6533 = ADVANCED_FACE('',(#6534),#6561,.T.);
#6534 = FACE_BOUND('',#6535,.F.);
#6535 = EDGE_LOOP('',(#6536,#6546,#6553,#6554));
#6536 = ORIENTED_EDGE('',*,*,#6537,.T.);
#6537 = EDGE_CURVE('',#6538,#6540,#6542,.T.);
#6538 = VERTEX_POINT('',#6539);
#6539 = CARTESIAN_POINT('',(929.5,35.5,-8.5));
#6540 = VERTEX_POINT('',#6541);
#6541 = CARTESIAN_POINT('',(929.5,35.5,1.5));
#6542 = LINE('',#6543,#6544);
#6543 = CARTESIAN_POINT('',(929.5,35.5,-8.5));
#6544 = VECTOR('',#6545,1.);
#6545 = DIRECTION('',(0.,0.,1.));
#6546 = ORIENTED_EDGE('',*,*,#6547,.T.);
#6547 = EDGE_CURVE('',#6540,#6540,#6548,.T.);
#6548 = CIRCLE('',#6549,1.5);
#6549 = AXIS2_PLACEMENT_3D('',#6550,#6551,#6552);
#6550 = CARTESIAN_POINT('',(928.,35.5,1.5));
#6551 = DIRECTION('',(0.,0.,1.));
#6552 = DIRECTION('',(1.,0.,0.));
#6553 = ORIENTED_EDGE('',*,*,#6537,.F.);
#6554 = ORIENTED_EDGE('',*,*,#6555,.F.);
#6555 = EDGE_CURVE('',#6538,#6538,#6556,.T.);
#6556 = CIRCLE('',#6557,1.5);
#6557 = AXIS2_PLACEMENT_3D('',#6558,#6559,#6560);
#6558 = CARTESIAN_POINT('',(928.,35.5,-8.5));
#6559 = DIRECTION('',(0.,0.,1.));
#6560 = DIRECTION('',(1.,0.,0.));
#6561 = CYLINDRICAL_SURFACE('',#6562,1.5);
#6562 = AXIS2_PLACEMENT_3D('',#6563,#6564,#6565);
#6563 = CARTESIAN_POINT('',(928.,35.5,-8.5));
#6564 = DIRECTION('',(-0.,-0.,-1.));
#6565 = DIRECTION('',(1.,0.,0.));
#6566 = ADVANCED_FACE('',(#6567),#6570,.F.);
#6567 = FACE_BOUND('',#6568,.T.);
#6568 = EDGE_LOOP('',(#6569));
#6569 = ORIENTED_EDGE('',*,*,#6555,.F.);
#6570 = PLANE('',#6571);
#6571 = AXIS2_PLACEMENT_3D('',#6572,#6573,#6574);
#6572 = CARTESIAN_POINT('',(928.,35.5,-8.5));
#6573 = DIRECTION('',(0.,0.,1.));
#6574 = DIRECTION('',(1.,0.,0.));
#6575 = ADVANCED_FACE('',(#6576,#6587),#6590,.F.);
#6576 = FACE_BOUND('',#6577,.F.);
#6577 = EDGE_LOOP('',(#6578));
#6578 = ORIENTED_EDGE('',*,*,#6579,.T.);
#6579 = EDGE_CURVE('',#6580,#6580,#6582,.T.);
#6580 = VERTEX_POINT('',#6581);
#6581 = CARTESIAN_POINT('',(930.8,35.5,1.5));
#6582 = CIRCLE('',#6583,2.8);
#6583 = AXIS2_PLACEMENT_3D('',#6584,#6585,#6586);
#6584 = CARTESIAN_POINT('',(928.,35.5,1.5));
#6585 = DIRECTION('',(0.,0.,1.));
#6586 = DIRECTION('',(1.,0.,0.));
#6587 = FACE_BOUND('',#6588,.F.);
#6588 = EDGE_LOOP('',(#6589));
#6589 = ORIENTED_EDGE('',*,*,#6547,.F.);
#6590 = PLANE('',#6591);
#6591 = AXIS2_PLACEMENT_3D('',#6592,#6593,#6594);
#6592 = CARTESIAN_POINT('',(928.,35.5,1.5));
#6593 = DIRECTION('',(0.,0.,1.));
#6594 = DIRECTION('',(1.,0.,0.));
#6595 = ADVANCED_FACE('',(#6596),#6615,.T.);
#6596 = FACE_BOUND('',#6597,.F.);
#6597 = EDGE_LOOP('',(#6598,#6606,#6613,#6614));
#6598 = ORIENTED_EDGE('',*,*,#6599,.T.);
#6599 = EDGE_CURVE('',#6580,#6600,#6602,.T.);
#6600 = VERTEX_POINT('',#6601);
#6601 = CARTESIAN_POINT('',(930.8,35.5,3.9));
#6602 = LINE('',#6603,#6604);
#6603 = CARTESIAN_POINT('',(930.8,35.5,1.5));
#6604 = VECTOR('',#6605,1.);
#6605 = DIRECTION('',(0.,0.,1.));
#6606 = ORIENTED_EDGE('',*,*,#6607,.T.);
#6607 = EDGE_CURVE('',#6600,#6600,#6608,.T.);
#6608 = CIRCLE('',#6609,2.8);
#6609 = AXIS2_PLACEMENT_3D('',#6610,#6611,#6612);
#6610 = CARTESIAN_POINT('',(928.,35.5,3.9));
#6611 = DIRECTION('',(0.,0.,1.));
#6612 = DIRECTION('',(1.,0.,0.));
#6613 = ORIENTED_EDGE('',*,*,#6599,.F.);
#6614 = ORIENTED_EDGE('',*,*,#6579,.F.);
#6615 = CYLINDRICAL_SURFACE('',#6616,2.8);
#6616 = AXIS2_PLACEMENT_3D('',#6617,#6618,#6619);
#6617 = CARTESIAN_POINT('',(928.,35.5,1.5));
#6618 = DIRECTION('',(-0.,-0.,-1.));
#6619 = DIRECTION('',(1.,0.,0.));
#6620 = ADVANCED_FACE('',(#6621),#6624,.T.);
#6621 = FACE_BOUND('',#6622,.F.);
#6622 = EDGE_LOOP('',(#6623));
#6623 = ORIENTED_EDGE('',*,*,#6607,.F.);
#6624 = PLANE('',#6625);
#6625 = AXIS2_PLACEMENT_3D('',#6626,#6627,#6628);
#6626 = CARTESIAN_POINT('',(928.,35.5,3.9));
#6627 = DIRECTION('',(0.,0.,1.));
#6628 = DIRECTION('',(1.,0.,0.));
#6629 = MANIFOLD_SOLID_BREP('',#6630);
#6630 = CLOSED_SHELL('',(#6631,#6664,#6684,#6704));
#6631 = ADVANCED_FACE('',(#6632),#6659,.T.);
#6632 = FACE_BOUND('',#6633,.F.);
#6633 = EDGE_LOOP('',(#6634,#6644,#6651,#6652));
#6634 = ORIENTED_EDGE('',*,*,#6635,.T.);
#6635 = EDGE_CURVE('',#6636,#6638,#6640,.T.);
#6636 = VERTEX_POINT('',#6637);
#6637 = CARTESIAN_POINT('',(931.2,35.5,-6.5));
#6638 = VERTEX_POINT('',#6639);
#6639 = CARTESIAN_POINT('',(931.2,35.5,-4.));
#6640 = LINE('',#6641,#6642);
#6641 = CARTESIAN_POINT('',(931.2,35.5,-6.5));
#6642 = VECTOR('',#6643,1.);
#6643 = DIRECTION('',(0.,0.,1.));
#6644 = ORIENTED_EDGE('',*,*,#6645,.T.);
#6645 = EDGE_CURVE('',#6638,#6638,#6646,.T.);
#6646 = CIRCLE('',#6647,3.2);
#6647 = AXIS2_PLACEMENT_3D('',#6648,#6649,#6650);
#6648 = CARTESIAN_POINT('',(928.,35.5,-4.));
#6649 = DIRECTION('',(0.,0.,1.));
#6650 = DIRECTION('',(1.,0.,0.));
#6651 = ORIENTED_EDGE('',*,*,#6635,.F.);
#6652 = ORIENTED_EDGE('',*,*,#6653,.F.);
#6653 = EDGE_CURVE('',#6636,#6636,#6654,.T.);
#6654 = CIRCLE('',#6655,3.2);
#6655 = AXIS2_PLACEMENT_3D('',#6656,#6657,#6658);
#6656 = CARTESIAN_POINT('',(928.,35.5,-6.5));
#6657 = DIRECTION('',(0.,0.,1.));
#6658 = DIRECTION('',(1.,0.,0.));
#6659 = CYLINDRICAL_SURFACE('',#6660,3.2);
#6660 = AXIS2_PLACEMENT_3D('',#6661,#6662,#6663);
#6661 = CARTESIAN_POINT('',(928.,35.5,-6.5));
#6662 = DIRECTION('',(-0.,-0.,-1.));
#6663 = DIRECTION('',(1.,0.,0.));
#6664 = ADVANCED_FACE('',(#6665,#6668),#6679,.F.);
#6665 = FACE_BOUND('',#6666,.F.);
#6666 = EDGE_LOOP('',(#6667));
#6667 = ORIENTED_EDGE('',*,*,#6653,.T.);
#6668 = FACE_BOUND('',#6669,.F.);
#6669 = EDGE_LOOP('',(#6670));
#6670 = ORIENTED_EDGE('',*,*,#6671,.T.);
#6671 = EDGE_CURVE('',#6672,#6672,#6674,.T.);
#6672 = VERTEX_POINT('',#6673);
#6673 = CARTESIAN_POINT('',(929.7,35.5,-6.5));
#6674 = CIRCLE('',#6675,1.7);
#6675 = AXIS2_PLACEMENT_3D('',#6676,#6677,#6678);
#6676 = CARTESIAN_POINT('',(928.,35.5,-6.5));
#6677 = DIRECTION('',(0.,0.,-1.));
#6678 = DIRECTION('',(1.,0.,0.));
#6679 = PLANE('',#6680);
#6680 = AXIS2_PLACEMENT_3D('',#6681,#6682,#6683);
#6681 = CARTESIAN_POINT('',(928.,35.5,-6.5));
#6682 = DIRECTION('',(0.,0.,1.));
#6683 = DIRECTION('',(1.,0.,0.));
#6684 = ADVANCED_FACE('',(#6685,#6688),#6699,.T.);
#6685 = FACE_BOUND('',#6686,.T.);
#6686 = EDGE_LOOP('',(#6687));
#6687 = ORIENTED_EDGE('',*,*,#6645,.T.);
#6688 = FACE_BOUND('',#6689,.T.);
#6689 = EDGE_LOOP('',(#6690));
#6690 = ORIENTED_EDGE('',*,*,#6691,.T.);
#6691 = EDGE_CURVE('',#6692,#6692,#6694,.T.);
#6692 = VERTEX_POINT('',#6693);
#6693 = CARTESIAN_POINT('',(929.7,35.5,-4.));
#6694 = CIRCLE('',#6695,1.7);
#6695 = AXIS2_PLACEMENT_3D('',#6696,#6697,#6698);
#6696 = CARTESIAN_POINT('',(928.,35.5,-4.));
#6697 = DIRECTION('',(0.,0.,-1.));
#6698 = DIRECTION('',(1.,0.,0.));
#6699 = PLANE('',#6700);
#6700 = AXIS2_PLACEMENT_3D('',#6701,#6702,#6703);
#6701 = CARTESIAN_POINT('',(928.,35.5,-4.));
#6702 = DIRECTION('',(0.,0.,1.));
#6703 = DIRECTION('',(1.,0.,0.));
#6704 = ADVANCED_FACE('',(#6705),#6716,.F.);
#6705 = FACE_BOUND('',#6706,.T.);
#6706 = EDGE_LOOP('',(#6707,#6708,#6714,#6715));
#6707 = ORIENTED_EDGE('',*,*,#6671,.T.);
#6708 = ORIENTED_EDGE('',*,*,#6709,.T.);
#6709 = EDGE_CURVE('',#6672,#6692,#6710,.T.);
#6710 = LINE('',#6711,#6712);
#6711 = CARTESIAN_POINT('',(929.7,35.5,-7.));
#6712 = VECTOR('',#6713,1.);
#6713 = DIRECTION('',(0.,0.,1.));
#6714 = ORIENTED_EDGE('',*,*,#6691,.F.);
#6715 = ORIENTED_EDGE('',*,*,#6709,.F.);
#6716 = CYLINDRICAL_SURFACE('',#6717,1.7);
#6717 = AXIS2_PLACEMENT_3D('',#6718,#6719,#6720);
#6718 = CARTESIAN_POINT('',(928.,35.5,-7.));
#6719 = DIRECTION('',(-0.,-0.,-1.));
#6720 = DIRECTION('',(1.,0.,0.));
#6721 = MANIFOLD_SOLID_BREP('',#6722);
#6722 = CLOSED_SHELL('',(#6723,#6756,#6765,#6785,#6810));
#6723 = ADVANCED_FACE('',(#6724),#6751,.T.);
#6724 = FACE_BOUND('',#6725,.F.);
#6725 = EDGE_LOOP('',(#6726,#6736,#6743,#6744));
#6726 = ORIENTED_EDGE('',*,*,#6727,.T.);
#6727 = EDGE_CURVE('',#6728,#6730,#6732,.T.);
#6728 = VERTEX_POINT('',#6729);
#6729 = CARTESIAN_POINT('',(975.5,-35.5,-6.));
#6730 = VERTEX_POINT('',#6731);
#6731 = CARTESIAN_POINT('',(975.5,-35.5,4.));
#6732 = LINE('',#6733,#6734);
#6733 = CARTESIAN_POINT('',(975.5,-35.5,-6.));
#6734 = VECTOR('',#6735,1.);
#6735 = DIRECTION('',(0.,0.,1.));
#6736 = ORIENTED_EDGE('',*,*,#6737,.T.);
#6737 = EDGE_CURVE('',#6730,#6730,#6738,.T.);
#6738 = CIRCLE('',#6739,1.5);
#6739 = AXIS2_PLACEMENT_3D('',#6740,#6741,#6742);
#6740 = CARTESIAN_POINT('',(974.,-35.5,4.));
#6741 = DIRECTION('',(0.,0.,1.));
#6742 = DIRECTION('',(1.,0.,0.));
#6743 = ORIENTED_EDGE('',*,*,#6727,.F.);
#6744 = ORIENTED_EDGE('',*,*,#6745,.F.);
#6745 = EDGE_CURVE('',#6728,#6728,#6746,.T.);
#6746 = CIRCLE('',#6747,1.5);
#6747 = AXIS2_PLACEMENT_3D('',#6748,#6749,#6750);
#6748 = CARTESIAN_POINT('',(974.,-35.5,-6.));
#6749 = DIRECTION('',(0.,0.,1.));
#6750 = DIRECTION('',(1.,0.,0.));
#6751 = CYLINDRICAL_SURFACE('',#6752,1.5);
#6752 = AXIS2_PLACEMENT_3D('',#6753,#6754,#6755);
#6753 = CARTESIAN_POINT('',(974.,-35.5,-6.));
#6754 = DIRECTION('',(-0.,-0.,-1.));
#6755 = DIRECTION('',(1.,0.,0.));
#6756 = ADVANCED_FACE('',(#6757),#6760,.F.);
#6757 = FACE_BOUND('',#6758,.T.);
#6758 = EDGE_LOOP('',(#6759));
#6759 = ORIENTED_EDGE('',*,*,#6745,.F.);
#6760 = PLANE('',#6761);
#6761 = AXIS2_PLACEMENT_3D('',#6762,#6763,#6764);
#6762 = CARTESIAN_POINT('',(974.,-35.5,-6.));
#6763 = DIRECTION('',(0.,0.,1.));
#6764 = DIRECTION('',(1.,0.,0.));
#6765 = ADVANCED_FACE('',(#6766,#6777),#6780,.F.);
#6766 = FACE_BOUND('',#6767,.F.);
#6767 = EDGE_LOOP('',(#6768));
#6768 = ORIENTED_EDGE('',*,*,#6769,.T.);
#6769 = EDGE_CURVE('',#6770,#6770,#6772,.T.);
#6770 = VERTEX_POINT('',#6771);
#6771 = CARTESIAN_POINT('',(976.8,-35.5,4.));
#6772 = CIRCLE('',#6773,2.8);
#6773 = AXIS2_PLACEMENT_3D('',#6774,#6775,#6776);
#6774 = CARTESIAN_POINT('',(974.,-35.5,4.));
#6775 = DIRECTION('',(0.,0.,1.));
#6776 = DIRECTION('',(1.,0.,0.));
#6777 = FACE_BOUND('',#6778,.F.);
#6778 = EDGE_LOOP('',(#6779));
#6779 = ORIENTED_EDGE('',*,*,#6737,.F.);
#6780 = PLANE('',#6781);
#6781 = AXIS2_PLACEMENT_3D('',#6782,#6783,#6784);
#6782 = CARTESIAN_POINT('',(974.,-35.5,4.));
#6783 = DIRECTION('',(0.,0.,1.));
#6784 = DIRECTION('',(1.,0.,0.));
#6785 = ADVANCED_FACE('',(#6786),#6805,.T.);
#6786 = FACE_BOUND('',#6787,.F.);
#6787 = EDGE_LOOP('',(#6788,#6796,#6803,#6804));
#6788 = ORIENTED_EDGE('',*,*,#6789,.T.);
#6789 = EDGE_CURVE('',#6770,#6790,#6792,.T.);
#6790 = VERTEX_POINT('',#6791);
#6791 = CARTESIAN_POINT('',(976.8,-35.5,6.4));
#6792 = LINE('',#6793,#6794);
#6793 = CARTESIAN_POINT('',(976.8,-35.5,4.));
#6794 = VECTOR('',#6795,1.);
#6795 = DIRECTION('',(0.,0.,1.));
#6796 = ORIENTED_EDGE('',*,*,#6797,.T.);
#6797 = EDGE_CURVE('',#6790,#6790,#6798,.T.);
#6798 = CIRCLE('',#6799,2.8);
#6799 = AXIS2_PLACEMENT_3D('',#6800,#6801,#6802);
#6800 = CARTESIAN_POINT('',(974.,-35.5,6.4));
#6801 = DIRECTION('',(0.,0.,1.));
#6802 = DIRECTION('',(1.,0.,0.));
#6803 = ORIENTED_EDGE('',*,*,#6789,.F.);
#6804 = ORIENTED_EDGE('',*,*,#6769,.F.);
#6805 = CYLINDRICAL_SURFACE('',#6806,2.8);
#6806 = AXIS2_PLACEMENT_3D('',#6807,#6808,#6809);
#6807 = CARTESIAN_POINT('',(974.,-35.5,4.));
#6808 = DIRECTION('',(-0.,-0.,-1.));
#6809 = DIRECTION('',(1.,0.,0.));
#6810 = ADVANCED_FACE('',(#6811),#6814,.T.);
#6811 = FACE_BOUND('',#6812,.F.);
#6812 = EDGE_LOOP('',(#6813));
#6813 = ORIENTED_EDGE('',*,*,#6797,.F.);
#6814 = PLANE('',#6815);
#6815 = AXIS2_PLACEMENT_3D('',#6816,#6817,#6818);
#6816 = CARTESIAN_POINT('',(974.,-35.5,6.4));
#6817 = DIRECTION('',(0.,0.,1.));
#6818 = DIRECTION('',(1.,0.,0.));
#6819 = MANIFOLD_SOLID_BREP('',#6820);
#6820 = CLOSED_SHELL('',(#6821,#6854,#6874,#6894));
#6821 = ADVANCED_FACE('',(#6822),#6849,.T.);
#6822 = FACE_BOUND('',#6823,.F.);
#6823 = EDGE_LOOP('',(#6824,#6834,#6841,#6842));
#6824 = ORIENTED_EDGE('',*,*,#6825,.T.);
#6825 = EDGE_CURVE('',#6826,#6828,#6830,.T.);
#6826 = VERTEX_POINT('',#6827);
#6827 = CARTESIAN_POINT('',(977.2,-35.5,-4.));
#6828 = VERTEX_POINT('',#6829);
#6829 = CARTESIAN_POINT('',(977.2,-35.5,-1.5));
#6830 = LINE('',#6831,#6832);
#6831 = CARTESIAN_POINT('',(977.2,-35.5,-4.));
#6832 = VECTOR('',#6833,1.);
#6833 = DIRECTION('',(0.,0.,1.));
#6834 = ORIENTED_EDGE('',*,*,#6835,.T.);
#6835 = EDGE_CURVE('',#6828,#6828,#6836,.T.);
#6836 = CIRCLE('',#6837,3.2);
#6837 = AXIS2_PLACEMENT_3D('',#6838,#6839,#6840);
#6838 = CARTESIAN_POINT('',(974.,-35.5,-1.5));
#6839 = DIRECTION('',(0.,0.,1.));
#6840 = DIRECTION('',(1.,0.,0.));
#6841 = ORIENTED_EDGE('',*,*,#6825,.F.);
#6842 = ORIENTED_EDGE('',*,*,#6843,.F.);
#6843 = EDGE_CURVE('',#6826,#6826,#6844,.T.);
#6844 = CIRCLE('',#6845,3.2);
#6845 = AXIS2_PLACEMENT_3D('',#6846,#6847,#6848);
#6846 = CARTESIAN_POINT('',(974.,-35.5,-4.));
#6847 = DIRECTION('',(0.,0.,1.));
#6848 = DIRECTION('',(1.,0.,0.));
#6849 = CYLINDRICAL_SURFACE('',#6850,3.2);
#6850 = AXIS2_PLACEMENT_3D('',#6851,#6852,#6853);
#6851 = CARTESIAN_POINT('',(974.,-35.5,-4.));
#6852 = DIRECTION('',(-0.,-0.,-1.));
#6853 = DIRECTION('',(1.,0.,0.));
#6854 = ADVANCED_FACE('',(#6855,#6858),#6869,.F.);
#6855 = FACE_BOUND('',#6856,.F.);
#6856 = EDGE_LOOP('',(#6857));
#6857 = ORIENTED_EDGE('',*,*,#6843,.T.);
#6858 = FACE_BOUND('',#6859,.F.);
#6859 = EDGE_LOOP('',(#6860));
#6860 = ORIENTED_EDGE('',*,*,#6861,.T.);
#6861 = EDGE_CURVE('',#6862,#6862,#6864,.T.);
#6862 = VERTEX_POINT('',#6863);
#6863 = CARTESIAN_POINT('',(975.7,-35.5,-4.));
#6864 = CIRCLE('',#6865,1.7);
#6865 = AXIS2_PLACEMENT_3D('',#6866,#6867,#6868);
#6866 = CARTESIAN_POINT('',(974.,-35.5,-4.));
#6867 = DIRECTION('',(0.,0.,-1.));
#6868 = DIRECTION('',(1.,0.,0.));
#6869 = PLANE('',#6870);
#6870 = AXIS2_PLACEMENT_3D('',#6871,#6872,#6873);
#6871 = CARTESIAN_POINT('',(974.,-35.5,-4.));
#6872 = DIRECTION('',(0.,0.,1.));
#6873 = DIRECTION('',(1.,0.,0.));
#6874 = ADVANCED_FACE('',(#6875,#6878),#6889,.T.);
#6875 = FACE_BOUND('',#6876,.T.);
#6876 = EDGE_LOOP('',(#6877));
#6877 = ORIENTED_EDGE('',*,*,#6835,.T.);
#6878 = FACE_BOUND('',#6879,.T.);
#6879 = EDGE_LOOP('',(#6880));
#6880 = ORIENTED_EDGE('',*,*,#6881,.T.);
#6881 = EDGE_CURVE('',#6882,#6882,#6884,.T.);
#6882 = VERTEX_POINT('',#6883);
#6883 = CARTESIAN_POINT('',(975.7,-35.5,-1.5));
#6884 = CIRCLE('',#6885,1.7);
#6885 = AXIS2_PLACEMENT_3D('',#6886,#6887,#6888);
#6886 = CARTESIAN_POINT('',(974.,-35.5,-1.5));
#6887 = DIRECTION('',(0.,0.,-1.));
#6888 = DIRECTION('',(1.,0.,0.));
#6889 = PLANE('',#6890);
#6890 = AXIS2_PLACEMENT_3D('',#6891,#6892,#6893);
#6891 = CARTESIAN_POINT('',(974.,-35.5,-1.5));
#6892 = DIRECTION('',(0.,0.,1.));
#6893 = DIRECTION('',(1.,0.,0.));
#6894 = ADVANCED_FACE('',(#6895),#6906,.F.);
#6895 = FACE_BOUND('',#6896,.T.);
#6896 = EDGE_LOOP('',(#6897,#6898,#6904,#6905));
#6897 = ORIENTED_EDGE('',*,*,#6861,.T.);
#6898 = ORIENTED_EDGE('',*,*,#6899,.T.);
#6899 = EDGE_CURVE('',#6862,#6882,#6900,.T.);
#6900 = LINE('',#6901,#6902);
#6901 = CARTESIAN_POINT('',(975.7,-35.5,-4.5));
#6902 = VECTOR('',#6903,1.);
#6903 = DIRECTION('',(0.,0.,1.));
#6904 = ORIENTED_EDGE('',*,*,#6881,.F.);
#6905 = ORIENTED_EDGE('',*,*,#6899,.F.);
#6906 = CYLINDRICAL_SURFACE('',#6907,1.7);
#6907 = AXIS2_PLACEMENT_3D('',#6908,#6909,#6910);
#6908 = CARTESIAN_POINT('',(974.,-35.5,-4.5));
#6909 = DIRECTION('',(-0.,-0.,-1.));
#6910 = DIRECTION('',(1.,0.,0.));
#6911 = MANIFOLD_SOLID_BREP('',#6912);
#6912 = CLOSED_SHELL('',(#6913,#6946,#6955,#6975,#7000));
#6913 = ADVANCED_FACE('',(#6914),#6941,.T.);
#6914 = FACE_BOUND('',#6915,.F.);
#6915 = EDGE_LOOP('',(#6916,#6926,#6933,#6934));
#6916 = ORIENTED_EDGE('',*,*,#6917,.T.);
#6917 = EDGE_CURVE('',#6918,#6920,#6922,.T.);
#6918 = VERTEX_POINT('',#6919);
#6919 = CARTESIAN_POINT('',(975.5,35.5,-6.));
#6920 = VERTEX_POINT('',#6921);
#6921 = CARTESIAN_POINT('',(975.5,35.5,4.));
#6922 = LINE('',#6923,#6924);
#6923 = CARTESIAN_POINT('',(975.5,35.5,-6.));
#6924 = VECTOR('',#6925,1.);
#6925 = DIRECTION('',(0.,0.,1.));
#6926 = ORIENTED_EDGE('',*,*,#6927,.T.);
#6927 = EDGE_CURVE('',#6920,#6920,#6928,.T.);
#6928 = CIRCLE('',#6929,1.5);
#6929 = AXIS2_PLACEMENT_3D('',#6930,#6931,#6932);
#6930 = CARTESIAN_POINT('',(974.,35.5,4.));
#6931 = DIRECTION('',(0.,0.,1.));
#6932 = DIRECTION('',(1.,0.,0.));
#6933 = ORIENTED_EDGE('',*,*,#6917,.F.);
#6934 = ORIENTED_EDGE('',*,*,#6935,.F.);
#6935 = EDGE_CURVE('',#6918,#6918,#6936,.T.);
#6936 = CIRCLE('',#6937,1.5);
#6937 = AXIS2_PLACEMENT_3D('',#6938,#6939,#6940);
#6938 = CARTESIAN_POINT('',(974.,35.5,-6.));
#6939 = DIRECTION('',(0.,0.,1.));
#6940 = DIRECTION('',(1.,0.,0.));
#6941 = CYLINDRICAL_SURFACE('',#6942,1.5);
#6942 = AXIS2_PLACEMENT_3D('',#6943,#6944,#6945);
#6943 = CARTESIAN_POINT('',(974.,35.5,-6.));
#6944 = DIRECTION('',(-0.,-0.,-1.));
#6945 = DIRECTION('',(1.,0.,0.));
#6946 = ADVANCED_FACE('',(#6947),#6950,.F.);
#6947 = FACE_BOUND('',#6948,.T.);
#6948 = EDGE_LOOP('',(#6949));
#6949 = ORIENTED_EDGE('',*,*,#6935,.F.);
#6950 = PLANE('',#6951);
#6951 = AXIS2_PLACEMENT_3D('',#6952,#6953,#6954);
#6952 = CARTESIAN_POINT('',(974.,35.5,-6.));
#6953 = DIRECTION('',(0.,0.,1.));
#6954 = DIRECTION('',(1.,0.,0.));
#6955 = ADVANCED_FACE('',(#6956,#6967),#6970,.F.);
#6956 = FACE_BOUND('',#6957,.F.);
#6957 = EDGE_LOOP('',(#6958));
#6958 = ORIENTED_EDGE('',*,*,#6959,.T.);
#6959 = EDGE_CURVE('',#6960,#6960,#6962,.T.);
#6960 = VERTEX_POINT('',#6961);
#6961 = CARTESIAN_POINT('',(976.8,35.5,4.));
#6962 = CIRCLE('',#6963,2.8);
#6963 = AXIS2_PLACEMENT_3D('',#6964,#6965,#6966);
#6964 = CARTESIAN_POINT('',(974.,35.5,4.));
#6965 = DIRECTION('',(0.,0.,1.));
#6966 = DIRECTION('',(1.,0.,0.));
#6967 = FACE_BOUND('',#6968,.F.);
#6968 = EDGE_LOOP('',(#6969));
#6969 = ORIENTED_EDGE('',*,*,#6927,.F.);
#6970 = PLANE('',#6971);
#6971 = AXIS2_PLACEMENT_3D('',#6972,#6973,#6974);
#6972 = CARTESIAN_POINT('',(974.,35.5,4.));
#6973 = DIRECTION('',(0.,0.,1.));
#6974 = DIRECTION('',(1.,0.,0.));
#6975 = ADVANCED_FACE('',(#6976),#6995,.T.);
#6976 = FACE_BOUND('',#6977,.F.);
#6977 = EDGE_LOOP('',(#6978,#6986,#6993,#6994));
#6978 = ORIENTED_EDGE('',*,*,#6979,.T.);
#6979 = EDGE_CURVE('',#6960,#6980,#6982,.T.);
#6980 = VERTEX_POINT('',#6981);
#6981 = CARTESIAN_POINT('',(976.8,35.5,6.4));
#6982 = LINE('',#6983,#6984);
#6983 = CARTESIAN_POINT('',(976.8,35.5,4.));
#6984 = VECTOR('',#6985,1.);
#6985 = DIRECTION('',(0.,0.,1.));
#6986 = ORIENTED_EDGE('',*,*,#6987,.T.);
#6987 = EDGE_CURVE('',#6980,#6980,#6988,.T.);
#6988 = CIRCLE('',#6989,2.8);
#6989 = AXIS2_PLACEMENT_3D('',#6990,#6991,#6992);
#6990 = CARTESIAN_POINT('',(974.,35.5,6.4));
#6991 = DIRECTION('',(0.,0.,1.));
#6992 = DIRECTION('',(1.,0.,0.));
#6993 = ORIENTED_EDGE('',*,*,#6979,.F.);
#6994 = ORIENTED_EDGE('',*,*,#6959,.F.);
#6995 = CYLINDRICAL_SURFACE('',#6996,2.8);
#6996 = AXIS2_PLACEMENT_3D('',#6997,#6998,#6999);
#6997 = CARTESIAN_POINT('',(974.,35.5,4.));
#6998 = DIRECTION('',(-0.,-0.,-1.));
#6999 = DIRECTION('',(1.,0.,0.));
#7000 = ADVANCED_FACE('',(#7001),#7004,.T.);
#7001 = FACE_BOUND('',#7002,.F.);
#7002 = EDGE_LOOP('',(#7003));
#7003 = ORIENTED_EDGE('',*,*,#6987,.F.);
#7004 = PLANE('',#7005);
#7005 = AXIS2_PLACEMENT_3D('',#7006,#7007,#7008);
#7006 = CARTESIAN_POINT('',(974.,35.5,6.4));
#7007 = DIRECTION('',(0.,0.,1.));
#7008 = DIRECTION('',(1.,0.,0.));
#7009 = MANIFOLD_SOLID_BREP('',#7010);
#7010 = CLOSED_SHELL('',(#7011,#7044,#7064,#7084));
#7011 = ADVANCED_FACE('',(#7012),#7039,.T.);
#7012 = FACE_BOUND('',#7013,.F.);
#7013 = EDGE_LOOP('',(#7014,#7024,#7031,#7032));
#7014 = ORIENTED_EDGE('',*,*,#7015,.T.);
#7015 = EDGE_CURVE('',#7016,#7018,#7020,.T.);
#7016 = VERTEX_POINT('',#7017);
#7017 = CARTESIAN_POINT('',(977.2,35.5,-4.));
#7018 = VERTEX_POINT('',#7019);
#7019 = CARTESIAN_POINT('',(977.2,35.5,-1.5));
#7020 = LINE('',#7021,#7022);
#7021 = CARTESIAN_POINT('',(977.2,35.5,-4.));
#7022 = VECTOR('',#7023,1.);
#7023 = DIRECTION('',(0.,0.,1.));
#7024 = ORIENTED_EDGE('',*,*,#7025,.T.);
#7025 = EDGE_CURVE('',#7018,#7018,#7026,.T.);
#7026 = CIRCLE('',#7027,3.2);
#7027 = AXIS2_PLACEMENT_3D('',#7028,#7029,#7030);
#7028 = CARTESIAN_POINT('',(974.,35.5,-1.5));
#7029 = DIRECTION('',(0.,0.,1.));
#7030 = DIRECTION('',(1.,0.,0.));
#7031 = ORIENTED_EDGE('',*,*,#7015,.F.);
#7032 = ORIENTED_EDGE('',*,*,#7033,.F.);
#7033 = EDGE_CURVE('',#7016,#7016,#7034,.T.);
#7034 = CIRCLE('',#7035,3.2);
#7035 = AXIS2_PLACEMENT_3D('',#7036,#7037,#7038);
#7036 = CARTESIAN_POINT('',(974.,35.5,-4.));
#7037 = DIRECTION('',(0.,0.,1.));
#7038 = DIRECTION('',(1.,0.,0.));
#7039 = CYLINDRICAL_SURFACE('',#7040,3.2);
#7040 = AXIS2_PLACEMENT_3D('',#7041,#7042,#7043);
#7041 = CARTESIAN_POINT('',(974.,35.5,-4.));
#7042 = DIRECTION('',(-0.,-0.,-1.));
#7043 = DIRECTION('',(1.,0.,0.));
#7044 = ADVANCED_FACE('',(#7045,#7048),#7059,.F.);
#7045 = FACE_BOUND('',#7046,.F.);
#7046 = EDGE_LOOP('',(#7047));
#7047 = ORIENTED_EDGE('',*,*,#7033,.T.);
#7048 = FACE_BOUND('',#7049,.F.);
#7049 = EDGE_LOOP('',(#7050));
#7050 = ORIENTED_EDGE('',*,*,#7051,.T.);
#7051 = EDGE_CURVE('',#7052,#7052,#7054,.T.);
#7052 = VERTEX_POINT('',#7053);
#7053 = CARTESIAN_POINT('',(975.7,35.5,-4.));
#7054 = CIRCLE('',#7055,1.7);
#7055 = AXIS2_PLACEMENT_3D('',#7056,#7057,#7058);
#7056 = CARTESIAN_POINT('',(974.,35.5,-4.));
#7057 = DIRECTION('',(0.,0.,-1.));
#7058 = DIRECTION('',(1.,0.,0.));
#7059 = PLANE('',#7060);
#7060 = AXIS2_PLACEMENT_3D('',#7061,#7062,#7063);
#7061 = CARTESIAN_POINT('',(974.,35.5,-4.));
#7062 = DIRECTION('',(0.,0.,1.));
#7063 = DIRECTION('',(1.,0.,0.));
#7064 = ADVANCED_FACE('',(#7065,#7068),#7079,.T.);
#7065 = FACE_BOUND('',#7066,.T.);
#7066 = EDGE_LOOP('',(#7067));
#7067 = ORIENTED_EDGE('',*,*,#7025,.T.);
#7068 = FACE_BOUND('',#7069,.T.);
#7069 = EDGE_LOOP('',(#7070));
#7070 = ORIENTED_EDGE('',*,*,#7071,.T.);
#7071 = EDGE_CURVE('',#7072,#7072,#7074,.T.);
#7072 = VERTEX_POINT('',#7073);
#7073 = CARTESIAN_POINT('',(975.7,35.5,-1.5));
#7074 = CIRCLE('',#7075,1.7);
#7075 = AXIS2_PLACEMENT_3D('',#7076,#7077,#7078);
#7076 = CARTESIAN_POINT('',(974.,35.5,-1.5));
#7077 = DIRECTION('',(0.,0.,-1.));
#7078 = DIRECTION('',(1.,0.,0.));
#7079 = PLANE('',#7080);
#7080 = AXIS2_PLACEMENT_3D('',#7081,#7082,#7083);
#7081 = CARTESIAN_POINT('',(974.,35.5,-1.5));
#7082 = DIRECTION('',(0.,0.,1.));
#7083 = DIRECTION('',(1.,0.,0.));
#7084 = ADVANCED_FACE('',(#7085),#7096,.F.);
#7085 = FACE_BOUND('',#7086,.T.);
#7086 = EDGE_LOOP('',(#7087,#7088,#7094,#7095));
#7087 = ORIENTED_EDGE('',*,*,#7051,.T.);
#7088 = ORIENTED_EDGE('',*,*,#7089,.T.);
#7089 = EDGE_CURVE('',#7052,#7072,#7090,.T.);
#7090 = LINE('',#7091,#7092);
#7091 = CARTESIAN_POINT('',(975.7,35.5,-4.5));
#7092 = VECTOR('',#7093,1.);
#7093 = DIRECTION('',(0.,0.,1.));
#7094 = ORIENTED_EDGE('',*,*,#7071,.F.);
#7095 = ORIENTED_EDGE('',*,*,#7089,.F.);
#7096 = CYLINDRICAL_SURFACE('',#7097,1.7);
#7097 = AXIS2_PLACEMENT_3D('',#7098,#7099,#7100);
#7098 = CARTESIAN_POINT('',(974.,35.5,-4.5));
#7099 = DIRECTION('',(-0.,-0.,-1.));
#7100 = DIRECTION('',(1.,0.,0.));
#7101 = MANIFOLD_SOLID_BREP('',#7102);
#7102 = CLOSED_SHELL('',(#7103,#7136,#7145,#7165,#7190));
#7103 = ADVANCED_FACE('',(#7104),#7131,.T.);
#7104 = FACE_BOUND('',#7105,.F.);
#7105 = EDGE_LOOP('',(#7106,#7116,#7123,#7124));
#7106 = ORIENTED_EDGE('',*,*,#7107,.T.);
#7107 = EDGE_CURVE('',#7108,#7110,#7112,.T.);
#7108 = VERTEX_POINT('',#7109);
#7109 = CARTESIAN_POINT('',(1.0375E+03,-35.5,-6.));
#7110 = VERTEX_POINT('',#7111);
#7111 = CARTESIAN_POINT('',(1.0375E+03,-35.5,4.));
#7112 = LINE('',#7113,#7114);
#7113 = CARTESIAN_POINT('',(1.0375E+03,-35.5,-6.));
#7114 = VECTOR('',#7115,1.);
#7115 = DIRECTION('',(0.,0.,1.));
#7116 = ORIENTED_EDGE('',*,*,#7117,.T.);
#7117 = EDGE_CURVE('',#7110,#7110,#7118,.T.);
#7118 = CIRCLE('',#7119,1.5);
#7119 = AXIS2_PLACEMENT_3D('',#7120,#7121,#7122);
#7120 = CARTESIAN_POINT('',(1.036E+03,-35.5,4.));
#7121 = DIRECTION('',(0.,0.,1.));
#7122 = DIRECTION('',(1.,0.,0.));
#7123 = ORIENTED_EDGE('',*,*,#7107,.F.);
#7124 = ORIENTED_EDGE('',*,*,#7125,.F.);
#7125 = EDGE_CURVE('',#7108,#7108,#7126,.T.);
#7126 = CIRCLE('',#7127,1.5);
#7127 = AXIS2_PLACEMENT_3D('',#7128,#7129,#7130);
#7128 = CARTESIAN_POINT('',(1.036E+03,-35.5,-6.));
#7129 = DIRECTION('',(0.,0.,1.));
#7130 = DIRECTION('',(1.,0.,0.));
#7131 = CYLINDRICAL_SURFACE('',#7132,1.5);
#7132 = AXIS2_PLACEMENT_3D('',#7133,#7134,#7135);
#7133 = CARTESIAN_POINT('',(1.036E+03,-35.5,-6.));
#7134 = DIRECTION('',(-0.,-0.,-1.));
#7135 = DIRECTION('',(1.,0.,0.));
#7136 = ADVANCED_FACE('',(#7137),#7140,.F.);
#7137 = FACE_BOUND('',#7138,.T.);
#7138 = EDGE_LOOP('',(#7139));
#7139 = ORIENTED_EDGE('',*,*,#7125,.F.);
#7140 = PLANE('',#7141);
#7141 = AXIS2_PLACEMENT_3D('',#7142,#7143,#7144);
#7142 = CARTESIAN_POINT('',(1.036E+03,-35.5,-6.));
#7143 = DIRECTION('',(0.,0.,1.));
#7144 = DIRECTION('',(1.,0.,0.));
#7145 = ADVANCED_FACE('',(#7146,#7157),#7160,.F.);
#7146 = FACE_BOUND('',#7147,.F.);
#7147 = EDGE_LOOP('',(#7148));
#7148 = ORIENTED_EDGE('',*,*,#7149,.T.);
#7149 = EDGE_CURVE('',#7150,#7150,#7152,.T.);
#7150 = VERTEX_POINT('',#7151);
#7151 = CARTESIAN_POINT('',(1.0388E+03,-35.5,4.));
#7152 = CIRCLE('',#7153,2.8);
#7153 = AXIS2_PLACEMENT_3D('',#7154,#7155,#7156);
#7154 = CARTESIAN_POINT('',(1.036E+03,-35.5,4.));
#7155 = DIRECTION('',(0.,0.,1.));
#7156 = DIRECTION('',(1.,0.,0.));
#7157 = FACE_BOUND('',#7158,.F.);
#7158 = EDGE_LOOP('',(#7159));
#7159 = ORIENTED_EDGE('',*,*,#7117,.F.);
#7160 = PLANE('',#7161);
#7161 = AXIS2_PLACEMENT_3D('',#7162,#7163,#7164);
#7162 = CARTESIAN_POINT('',(1.036E+03,-35.5,4.));
#7163 = DIRECTION('',(0.,0.,1.));
#7164 = DIRECTION('',(1.,0.,0.));
#7165 = ADVANCED_FACE('',(#7166),#7185,.T.);
#7166 = FACE_BOUND('',#7167,.F.);
#7167 = EDGE_LOOP('',(#7168,#7176,#7183,#7184));
#7168 = ORIENTED_EDGE('',*,*,#7169,.T.);
#7169 = EDGE_CURVE('',#7150,#7170,#7172,.T.);
#7170 = VERTEX_POINT('',#7171);
#7171 = CARTESIAN_POINT('',(1.0388E+03,-35.5,6.4));
#7172 = LINE('',#7173,#7174);
#7173 = CARTESIAN_POINT('',(1.0388E+03,-35.5,4.));
#7174 = VECTOR('',#7175,1.);
#7175 = DIRECTION('',(0.,0.,1.));
#7176 = ORIENTED_EDGE('',*,*,#7177,.T.);
#7177 = EDGE_CURVE('',#7170,#7170,#7178,.T.);
#7178 = CIRCLE('',#7179,2.8);
#7179 = AXIS2_PLACEMENT_3D('',#7180,#7181,#7182);
#7180 = CARTESIAN_POINT('',(1.036E+03,-35.5,6.4));
#7181 = DIRECTION('',(0.,0.,1.));
#7182 = DIRECTION('',(1.,0.,0.));
#7183 = ORIENTED_EDGE('',*,*,#7169,.F.);
#7184 = ORIENTED_EDGE('',*,*,#7149,.F.);
#7185 = CYLINDRICAL_SURFACE('',#7186,2.8);
#7186 = AXIS2_PLACEMENT_3D('',#7187,#7188,#7189);
#7187 = CARTESIAN_POINT('',(1.036E+03,-35.5,4.));
#7188 = DIRECTION('',(-0.,-0.,-1.));
#7189 = DIRECTION('',(1.,0.,0.));
#7190 = ADVANCED_FACE('',(#7191),#7194,.T.);
#7191 = FACE_BOUND('',#7192,.F.);
#7192 = EDGE_LOOP('',(#7193));
#7193 = ORIENTED_EDGE('',*,*,#7177,.F.);
#7194 = PLANE('',#7195);
#7195 = AXIS2_PLACEMENT_3D('',#7196,#7197,#7198);
#7196 = CARTESIAN_POINT('',(1.036E+03,-35.5,6.4));
#7197 = DIRECTION('',(0.,0.,1.));
#7198 = DIRECTION('',(1.,0.,0.));
#7199 = MANIFOLD_SOLID_BREP('',#7200);
#7200 = CLOSED_SHELL('',(#7201,#7234,#7254,#7274));
#7201 = ADVANCED_FACE('',(#7202),#7229,.T.);
#7202 = FACE_BOUND('',#7203,.F.);
#7203 = EDGE_LOOP('',(#7204,#7214,#7221,#7222));
#7204 = ORIENTED_EDGE('',*,*,#7205,.T.);
#7205 = EDGE_CURVE('',#7206,#7208,#7210,.T.);
#7206 = VERTEX_POINT('',#7207);
#7207 = CARTESIAN_POINT('',(1.0392E+03,-35.5,-4.));
#7208 = VERTEX_POINT('',#7209);
#7209 = CARTESIAN_POINT('',(1.0392E+03,-35.5,-1.5));
#7210 = LINE('',#7211,#7212);
#7211 = CARTESIAN_POINT('',(1.0392E+03,-35.5,-4.));
#7212 = VECTOR('',#7213,1.);
#7213 = DIRECTION('',(0.,0.,1.));
#7214 = ORIENTED_EDGE('',*,*,#7215,.T.);
#7215 = EDGE_CURVE('',#7208,#7208,#7216,.T.);
#7216 = CIRCLE('',#7217,3.2);
#7217 = AXIS2_PLACEMENT_3D('',#7218,#7219,#7220);
#7218 = CARTESIAN_POINT('',(1.036E+03,-35.5,-1.5));
#7219 = DIRECTION('',(0.,0.,1.));
#7220 = DIRECTION('',(1.,0.,0.));
#7221 = ORIENTED_EDGE('',*,*,#7205,.F.);
#7222 = ORIENTED_EDGE('',*,*,#7223,.F.);
#7223 = EDGE_CURVE('',#7206,#7206,#7224,.T.);
#7224 = CIRCLE('',#7225,3.2);
#7225 = AXIS2_PLACEMENT_3D('',#7226,#7227,#7228);
#7226 = CARTESIAN_POINT('',(1.036E+03,-35.5,-4.));
#7227 = DIRECTION('',(0.,0.,1.));
#7228 = DIRECTION('',(1.,0.,0.));
#7229 = CYLINDRICAL_SURFACE('',#7230,3.2);
#7230 = AXIS2_PLACEMENT_3D('',#7231,#7232,#7233);
#7231 = CARTESIAN_POINT('',(1.036E+03,-35.5,-4.));
#7232 = DIRECTION('',(-0.,-0.,-1.));
#7233 = DIRECTION('',(1.,0.,0.));
#7234 = ADVANCED_FACE('',(#7235,#7238),#7249,.F.);
#7235 = FACE_BOUND('',#7236,.F.);
#7236 = EDGE_LOOP('',(#7237));
#7237 = ORIENTED_EDGE('',*,*,#7223,.T.);
#7238 = FACE_BOUND('',#7239,.F.);
#7239 = EDGE_LOOP('',(#7240));
#7240 = ORIENTED_EDGE('',*,*,#7241,.T.);
#7241 = EDGE_CURVE('',#7242,#7242,#7244,.T.);
#7242 = VERTEX_POINT('',#7243);
#7243 = CARTESIAN_POINT('',(1.0377E+03,-35.5,-4.));
#7244 = CIRCLE('',#7245,1.7);
#7245 = AXIS2_PLACEMENT_3D('',#7246,#7247,#7248);
#7246 = CARTESIAN_POINT('',(1.036E+03,-35.5,-4.));
#7247 = DIRECTION('',(0.,0.,-1.));
#7248 = DIRECTION('',(1.,0.,0.));
#7249 = PLANE('',#7250);
#7250 = AXIS2_PLACEMENT_3D('',#7251,#7252,#7253);
#7251 = CARTESIAN_POINT('',(1.036E+03,-35.5,-4.));
#7252 = DIRECTION('',(0.,0.,1.));
#7253 = DIRECTION('',(1.,0.,0.));
#7254 = ADVANCED_FACE('',(#7255,#7258),#7269,.T.);
#7255 = FACE_BOUND('',#7256,.T.);
#7256 = EDGE_LOOP('',(#7257));
#7257 = ORIENTED_EDGE('',*,*,#7215,.T.);
#7258 = FACE_BOUND('',#7259,.T.);
#7259 = EDGE_LOOP('',(#7260));
#7260 = ORIENTED_EDGE('',*,*,#7261,.T.);
#7261 = EDGE_CURVE('',#7262,#7262,#7264,.T.);
#7262 = VERTEX_POINT('',#7263);
#7263 = CARTESIAN_POINT('',(1.0377E+03,-35.5,-1.5));
#7264 = CIRCLE('',#7265,1.7);
#7265 = AXIS2_PLACEMENT_3D('',#7266,#7267,#7268);
#7266 = CARTESIAN_POINT('',(1.036E+03,-35.5,-1.5));
#7267 = DIRECTION('',(0.,0.,-1.));
#7268 = DIRECTION('',(1.,0.,0.));
#7269 = PLANE('',#7270);
#7270 = AXIS2_PLACEMENT_3D('',#7271,#7272,#7273);
#7271 = CARTESIAN_POINT('',(1.036E+03,-35.5,-1.5));
#7272 = DIRECTION('',(0.,0.,1.));
#7273 = DIRECTION('',(1.,0.,0.));
#7274 = ADVANCED_FACE('',(#7275),#7286,.F.);
#7275 = FACE_BOUND('',#7276,.T.);
#7276 = EDGE_LOOP('',(#7277,#7278,#7284,#7285));
#7277 = ORIENTED_EDGE('',*,*,#7241,.T.);
#7278 = ORIENTED_EDGE('',*,*,#7279,.T.);
#7279 = EDGE_CURVE('',#7242,#7262,#7280,.T.);
#7280 = LINE('',#7281,#7282);
#7281 = CARTESIAN_POINT('',(1.0377E+03,-35.5,-4.5));
#7282 = VECTOR('',#7283,1.);
#7283 = DIRECTION('',(0.,0.,1.));
#7284 = ORIENTED_EDGE('',*,*,#7261,.F.);
#7285 = ORIENTED_EDGE('',*,*,#7279,.F.);
#7286 = CYLINDRICAL_SURFACE('',#7287,1.7);
#7287 = AXIS2_PLACEMENT_3D('',#7288,#7289,#7290);
#7288 = CARTESIAN_POINT('',(1.036E+03,-35.5,-4.5));
#7289 = DIRECTION('',(-0.,-0.,-1.));
#7290 = DIRECTION('',(1.,0.,0.));
#7291 = MANIFOLD_SOLID_BREP('',#7292);
#7292 = CLOSED_SHELL('',(#7293,#7326,#7335,#7355,#7380));
#7293 = ADVANCED_FACE('',(#7294),#7321,.T.);
#7294 = FACE_BOUND('',#7295,.F.);
#7295 = EDGE_LOOP('',(#7296,#7306,#7313,#7314));
#7296 = ORIENTED_EDGE('',*,*,#7297,.T.);
#7297 = EDGE_CURVE('',#7298,#7300,#7302,.T.);
#7298 = VERTEX_POINT('',#7299);
#7299 = CARTESIAN_POINT('',(1.0375E+03,35.5,-6.));
#7300 = VERTEX_POINT('',#7301);
#7301 = CARTESIAN_POINT('',(1.0375E+03,35.5,4.));
#7302 = LINE('',#7303,#7304);
#7303 = CARTESIAN_POINT('',(1.0375E+03,35.5,-6.));
#7304 = VECTOR('',#7305,1.);
#7305 = DIRECTION('',(0.,0.,1.));
#7306 = ORIENTED_EDGE('',*,*,#7307,.T.);
#7307 = EDGE_CURVE('',#7300,#7300,#7308,.T.);
#7308 = CIRCLE('',#7309,1.5);
#7309 = AXIS2_PLACEMENT_3D('',#7310,#7311,#7312);
#7310 = CARTESIAN_POINT('',(1.036E+03,35.5,4.));
#7311 = DIRECTION('',(0.,0.,1.));
#7312 = DIRECTION('',(1.,0.,0.));
#7313 = ORIENTED_EDGE('',*,*,#7297,.F.);
#7314 = ORIENTED_EDGE('',*,*,#7315,.F.);
#7315 = EDGE_CURVE('',#7298,#7298,#7316,.T.);
#7316 = CIRCLE('',#7317,1.5);
#7317 = AXIS2_PLACEMENT_3D('',#7318,#7319,#7320);
#7318 = CARTESIAN_POINT('',(1.036E+03,35.5,-6.));
#7319 = DIRECTION('',(0.,0.,1.));
#7320 = DIRECTION('',(1.,0.,0.));
#7321 = CYLINDRICAL_SURFACE('',#7322,1.5);
#7322 = AXIS2_PLACEMENT_3D('',#7323,#7324,#7325);
#7323 = CARTESIAN_POINT('',(1.036E+03,35.5,-6.));
#7324 = DIRECTION('',(-0.,-0.,-1.));
#7325 = DIRECTION('',(1.,0.,0.));
#7326 = ADVANCED_FACE('',(#7327),#7330,.F.);
#7327 = FACE_BOUND('',#7328,.T.);
#7328 = EDGE_LOOP('',(#7329));
#7329 = ORIENTED_EDGE('',*,*,#7315,.F.);
#7330 = PLANE('',#7331);
#7331 = AXIS2_PLACEMENT_3D('',#7332,#7333,#7334);
#7332 = CARTESIAN_POINT('',(1.036E+03,35.5,-6.));
#7333 = DIRECTION('',(0.,0.,1.));
#7334 = DIRECTION('',(1.,0.,0.));
#7335 = ADVANCED_FACE('',(#7336,#7347),#7350,.F.);
#7336 = FACE_BOUND('',#7337,.F.);
#7337 = EDGE_LOOP('',(#7338));
#7338 = ORIENTED_EDGE('',*,*,#7339,.T.);
#7339 = EDGE_CURVE('',#7340,#7340,#7342,.T.);
#7340 = VERTEX_POINT('',#7341);
#7341 = CARTESIAN_POINT('',(1.0388E+03,35.5,4.));
#7342 = CIRCLE('',#7343,2.8);
#7343 = AXIS2_PLACEMENT_3D('',#7344,#7345,#7346);
#7344 = CARTESIAN_POINT('',(1.036E+03,35.5,4.));
#7345 = DIRECTION('',(0.,0.,1.));
#7346 = DIRECTION('',(1.,0.,0.));
#7347 = FACE_BOUND('',#7348,.F.);
#7348 = EDGE_LOOP('',(#7349));
#7349 = ORIENTED_EDGE('',*,*,#7307,.F.);
#7350 = PLANE('',#7351);
#7351 = AXIS2_PLACEMENT_3D('',#7352,#7353,#7354);
#7352 = CARTESIAN_POINT('',(1.036E+03,35.5,4.));
#7353 = DIRECTION('',(0.,0.,1.));
#7354 = DIRECTION('',(1.,0.,0.));
#7355 = ADVANCED_FACE('',(#7356),#7375,.T.);
#7356 = FACE_BOUND('',#7357,.F.);
#7357 = EDGE_LOOP('',(#7358,#7366,#7373,#7374));
#7358 = ORIENTED_EDGE('',*,*,#7359,.T.);
#7359 = EDGE_CURVE('',#7340,#7360,#7362,.T.);
#7360 = VERTEX_POINT('',#7361);
#7361 = CARTESIAN_POINT('',(1.0388E+03,35.5,6.4));
#7362 = LINE('',#7363,#7364);
#7363 = CARTESIAN_POINT('',(1.0388E+03,35.5,4.));
#7364 = VECTOR('',#7365,1.);
#7365 = DIRECTION('',(0.,0.,1.));
#7366 = ORIENTED_EDGE('',*,*,#7367,.T.);
#7367 = EDGE_CURVE('',#7360,#7360,#7368,.T.);
#7368 = CIRCLE('',#7369,2.8);
#7369 = AXIS2_PLACEMENT_3D('',#7370,#7371,#7372);
#7370 = CARTESIAN_POINT('',(1.036E+03,35.5,6.4));
#7371 = DIRECTION('',(0.,0.,1.));
#7372 = DIRECTION('',(1.,0.,0.));
#7373 = ORIENTED_EDGE('',*,*,#7359,.F.);
#7374 = ORIENTED_EDGE('',*,*,#7339,.F.);
#7375 = CYLINDRICAL_SURFACE('',#7376,2.8);
#7376 = AXIS2_PLACEMENT_3D('',#7377,#7378,#7379);
#7377 = CARTESIAN_POINT('',(1.036E+03,35.5,4.));
#7378 = DIRECTION('',(-0.,-0.,-1.));
#7379 = DIRECTION('',(1.,0.,0.));
#7380 = ADVANCED_FACE('',(#7381),#7384,.T.);
#7381 = FACE_BOUND('',#7382,.F.);
#7382 = EDGE_LOOP('',(#7383));
#7383 = ORIENTED_EDGE('',*,*,#7367,.F.);
#7384 = PLANE('',#7385);
#7385 = AXIS2_PLACEMENT_3D('',#7386,#7387,#7388);
#7386 = CARTESIAN_POINT('',(1.036E+03,35.5,6.4));
#7387 = DIRECTION('',(0.,0.,1.));
#7388 = DIRECTION('',(1.,0.,0.));
#7389 = MANIFOLD_SOLID_BREP('',#7390);
#7390 = CLOSED_SHELL('',(#7391,#7424,#7444,#7464));
#7391 = ADVANCED_FACE('',(#7392),#7419,.T.);
#7392 = FACE_BOUND('',#7393,.F.);
#7393 = EDGE_LOOP('',(#7394,#7404,#7411,#7412));
#7394 = ORIENTED_EDGE('',*,*,#7395,.T.);
#7395 = EDGE_CURVE('',#7396,#7398,#7400,.T.);
#7396 = VERTEX_POINT('',#7397);
#7397 = CARTESIAN_POINT('',(1.0392E+03,35.5,-4.));
#7398 = VERTEX_POINT('',#7399);
#7399 = CARTESIAN_POINT('',(1.0392E+03,35.5,-1.5));
#7400 = LINE('',#7401,#7402);
#7401 = CARTESIAN_POINT('',(1.0392E+03,35.5,-4.));
#7402 = VECTOR('',#7403,1.);
#7403 = DIRECTION('',(0.,0.,1.));
#7404 = ORIENTED_EDGE('',*,*,#7405,.T.);
#7405 = EDGE_CURVE('',#7398,#7398,#7406,.T.);
#7406 = CIRCLE('',#7407,3.2);
#7407 = AXIS2_PLACEMENT_3D('',#7408,#7409,#7410);
#7408 = CARTESIAN_POINT('',(1.036E+03,35.5,-1.5));
#7409 = DIRECTION('',(0.,0.,1.));
#7410 = DIRECTION('',(1.,0.,0.));
#7411 = ORIENTED_EDGE('',*,*,#7395,.F.);
#7412 = ORIENTED_EDGE('',*,*,#7413,.F.);
#7413 = EDGE_CURVE('',#7396,#7396,#7414,.T.);
#7414 = CIRCLE('',#7415,3.2);
#7415 = AXIS2_PLACEMENT_3D('',#7416,#7417,#7418);
#7416 = CARTESIAN_POINT('',(1.036E+03,35.5,-4.));
#7417 = DIRECTION('',(0.,0.,1.));
#7418 = DIRECTION('',(1.,0.,0.));
#7419 = CYLINDRICAL_SURFACE('',#7420,3.2);
#7420 = AXIS2_PLACEMENT_3D('',#7421,#7422,#7423);
#7421 = CARTESIAN_POINT('',(1.036E+03,35.5,-4.));
#7422 = DIRECTION('',(-0.,-0.,-1.));
#7423 = DIRECTION('',(1.,0.,0.));
#7424 = ADVANCED_FACE('',(#7425,#7428),#7439,.F.);
#7425 = FACE_BOUND('',#7426,.F.);
#7426 = EDGE_LOOP('',(#7427));
#7427 = ORIENTED_EDGE('',*,*,#7413,.T.);
#7428 = FACE_BOUND('',#7429,.F.);
#7429 = EDGE_LOOP('',(#7430));
#7430 = ORIENTED_EDGE('',*,*,#7431,.T.);
#7431 = EDGE_CURVE('',#7432,#7432,#7434,.T.);
#7432 = VERTEX_POINT('',#7433);
#7433 = CARTESIAN_POINT('',(1.0377E+03,35.5,-4.));
#7434 = CIRCLE('',#7435,1.7);
#7435 = AXIS2_PLACEMENT_3D('',#7436,#7437,#7438);
#7436 = CARTESIAN_POINT('',(1.036E+03,35.5,-4.));
#7437 = DIRECTION('',(0.,0.,-1.));
#7438 = DIRECTION('',(1.,0.,0.));
#7439 = PLANE('',#7440);
#7440 = AXIS2_PLACEMENT_3D('',#7441,#7442,#7443);
#7441 = CARTESIAN_POINT('',(1.036E+03,35.5,-4.));
#7442 = DIRECTION('',(0.,0.,1.));
#7443 = DIRECTION('',(1.,0.,0.));
#7444 = ADVANCED_FACE('',(#7445,#7448),#7459,.T.);
#7445 = FACE_BOUND('',#7446,.T.);
#7446 = EDGE_LOOP('',(#7447));
#7447 = ORIENTED_EDGE('',*,*,#7405,.T.);
#7448 = FACE_BOUND('',#7449,.T.);
#7449 = EDGE_LOOP('',(#7450));
#7450 = ORIENTED_EDGE('',*,*,#7451,.T.);
#7451 = EDGE_CURVE('',#7452,#7452,#7454,.T.);
#7452 = VERTEX_POINT('',#7453);
#7453 = CARTESIAN_POINT('',(1.0377E+03,35.5,-1.5));
#7454 = CIRCLE('',#7455,1.7);
#7455 = AXIS2_PLACEMENT_3D('',#7456,#7457,#7458);
#7456 = CARTESIAN_POINT('',(1.036E+03,35.5,-1.5));
#7457 = DIRECTION('',(0.,0.,-1.));
#7458 = DIRECTION('',(1.,0.,0.));
#7459 = PLANE('',#7460);
#7460 = AXIS2_PLACEMENT_3D('',#7461,#7462,#7463);
#7461 = CARTESIAN_POINT('',(1.036E+03,35.5,-1.5));
#7462 = DIRECTION('',(0.,0.,1.));
#7463 = DIRECTION('',(1.,0.,0.));
#7464 = ADVANCED_FACE('',(#7465),#7476,.F.);
#7465 = FACE_BOUND('',#7466,.T.);
#7466 = EDGE_LOOP('',(#7467,#7468,#7474,#7475));
#7467 = ORIENTED_EDGE('',*,*,#7431,.T.);
#7468 = ORIENTED_EDGE('',*,*,#7469,.T.);
#7469 = EDGE_CURVE('',#7432,#7452,#7470,.T.);
#7470 = LINE('',#7471,#7472);
#7471 = CARTESIAN_POINT('',(1.0377E+03,35.5,-4.5));
#7472 = VECTOR('',#7473,1.);
#7473 = DIRECTION('',(0.,0.,1.));
#7474 = ORIENTED_EDGE('',*,*,#7451,.F.);
#7475 = ORIENTED_EDGE('',*,*,#7469,.F.);
#7476 = CYLINDRICAL_SURFACE('',#7477,1.7);
#7477 = AXIS2_PLACEMENT_3D('',#7478,#7479,#7480);
#7478 = CARTESIAN_POINT('',(1.036E+03,35.5,-4.5));
#7479 = DIRECTION('',(-0.,-0.,-1.));
#7480 = DIRECTION('',(1.,0.,0.));
#7481 = MANIFOLD_SOLID_BREP('',#7482);
#7482 = CLOSED_SHELL('',(#7483,#7523,#7563,#7585,#7607,#7619));
#7483 = ADVANCED_FACE('',(#7484),#7518,.F.);
#7484 = FACE_BOUND('',#7485,.F.);
#7485 = EDGE_LOOP('',(#7486,#7496,#7504,#7512));
#7486 = ORIENTED_EDGE('',*,*,#7487,.F.);
#7487 = EDGE_CURVE('',#7488,#7490,#7492,.T.);
#7488 = VERTEX_POINT('',#7489);
#7489 = CARTESIAN_POINT('',(850.,-32.,4.));
#7490 = VERTEX_POINT('',#7491);
#7491 = CARTESIAN_POINT('',(850.,-32.,16.));
#7492 = LINE('',#7493,#7494);
#7493 = CARTESIAN_POINT('',(850.,-32.,4.));
#7494 = VECTOR('',#7495,1.);
#7495 = DIRECTION('',(0.,0.,1.));
#7496 = ORIENTED_EDGE('',*,*,#7497,.T.);
#7497 = EDGE_CURVE('',#7488,#7498,#7500,.T.);
#7498 = VERTEX_POINT('',#7499);
#7499 = CARTESIAN_POINT('',(850.,32.,4.));
#7500 = LINE('',#7501,#7502);
#7501 = CARTESIAN_POINT('',(850.,-32.,4.));
#7502 = VECTOR('',#7503,1.);
#7503 = DIRECTION('',(0.,1.,0.));
#7504 = ORIENTED_EDGE('',*,*,#7505,.T.);
#7505 = EDGE_CURVE('',#7498,#7506,#7508,.T.);
#7506 = VERTEX_POINT('',#7507);
#7507 = CARTESIAN_POINT('',(850.,32.,16.));
#7508 = LINE('',#7509,#7510);
#7509 = CARTESIAN_POINT('',(850.,32.,4.));
#7510 = VECTOR('',#7511,1.);
#7511 = DIRECTION('',(0.,0.,1.));
#7512 = ORIENTED_EDGE('',*,*,#7513,.F.);
#7513 = EDGE_CURVE('',#7490,#7506,#7514,.T.);
#7514 = LINE('',#7515,#7516);
#7515 = CARTESIAN_POINT('',(850.,-32.,16.));
#7516 = VECTOR('',#7517,1.);
#7517 = DIRECTION('',(0.,1.,0.));
#7518 = PLANE('',#7519);
#7519 = AXIS2_PLACEMENT_3D('',#7520,#7521,#7522);
#7520 = CARTESIAN_POINT('',(850.,-32.,4.));
#7521 = DIRECTION('',(1.,0.,0.));
#7522 = DIRECTION('',(0.,0.,1.));
#7523 = ADVANCED_FACE('',(#7524),#7558,.T.);
#7524 = FACE_BOUND('',#7525,.T.);
#7525 = EDGE_LOOP('',(#7526,#7536,#7544,#7552));
#7526 = ORIENTED_EDGE('',*,*,#7527,.F.);
#7527 = EDGE_CURVE('',#7528,#7530,#7532,.T.);
#7528 = VERTEX_POINT('',#7529);
#7529 = CARTESIAN_POINT('',(945.,-32.,4.));
#7530 = VERTEX_POINT('',#7531);
#7531 = CARTESIAN_POINT('',(945.,-32.,16.));
#7532 = LINE('',#7533,#7534);
#7533 = CARTESIAN_POINT('',(945.,-32.,4.));
#7534 = VECTOR('',#7535,1.);
#7535 = DIRECTION('',(0.,0.,1.));
#7536 = ORIENTED_EDGE('',*,*,#7537,.T.);
#7537 = EDGE_CURVE('',#7528,#7538,#7540,.T.);
#7538 = VERTEX_POINT('',#7539);
#7539 = CARTESIAN_POINT('',(945.,32.,4.));
#7540 = LINE('',#7541,#7542);
#7541 = CARTESIAN_POINT('',(945.,-32.,4.));
#7542 = VECTOR('',#7543,1.);
#7543 = DIRECTION('',(0.,1.,0.));
#7544 = ORIENTED_EDGE('',*,*,#7545,.T.);
#7545 = EDGE_CURVE('',#7538,#7546,#7548,.T.);
#7546 = VERTEX_POINT('',#7547);
#7547 = CARTESIAN_POINT('',(945.,32.,16.));
#7548 = LINE('',#7549,#7550);
#7549 = CARTESIAN_POINT('',(945.,32.,4.));
#7550 = VECTOR('',#7551,1.);
#7551 = DIRECTION('',(0.,0.,1.));
#7552 = ORIENTED_EDGE('',*,*,#7553,.F.);
#7553 = EDGE_CURVE('',#7530,#7546,#7554,.T.);
#7554 = LINE('',#7555,#7556);
#7555 = CARTESIAN_POINT('',(945.,-32.,16.));
#7556 = VECTOR('',#7557,1.);
#7557 = DIRECTION('',(0.,1.,0.));
#7558 = PLANE('',#7559);
#7559 = AXIS2_PLACEMENT_3D('',#7560,#7561,#7562);
#7560 = CARTESIAN_POINT('',(945.,-32.,4.));
#7561 = DIRECTION('',(1.,0.,0.));
#7562 = DIRECTION('',(0.,0.,1.));
#7563 = ADVANCED_FACE('',(#7564),#7580,.F.);
#7564 = FACE_BOUND('',#7565,.F.);
#7565 = EDGE_LOOP('',(#7566,#7572,#7573,#7579));
#7566 = ORIENTED_EDGE('',*,*,#7567,.F.);
#7567 = EDGE_CURVE('',#7488,#7528,#7568,.T.);
#7568 = LINE('',#7569,#7570);
#7569 = CARTESIAN_POINT('',(850.,-32.,4.));
#7570 = VECTOR('',#7571,1.);
#7571 = DIRECTION('',(1.,0.,0.));
#7572 = ORIENTED_EDGE('',*,*,#7487,.T.);
#7573 = ORIENTED_EDGE('',*,*,#7574,.T.);
#7574 = EDGE_CURVE('',#7490,#7530,#7575,.T.);
#7575 = LINE('',#7576,#7577);
#7576 = CARTESIAN_POINT('',(850.,-32.,16.));
#7577 = VECTOR('',#7578,1.);
#7578 = DIRECTION('',(1.,0.,0.));
#7579 = ORIENTED_EDGE('',*,*,#7527,.F.);
#7580 = PLANE('',#7581);
#7581 = AXIS2_PLACEMENT_3D('',#7582,#7583,#7584);
#7582 = CARTESIAN_POINT('',(850.,-32.,4.));
#7583 = DIRECTION('',(0.,1.,0.));
#7584 = DIRECTION('',(0.,0.,1.));
#7585 = ADVANCED_FACE('',(#7586),#7602,.T.);
#7586 = FACE_BOUND('',#7587,.T.);
#7587 = EDGE_LOOP('',(#7588,#7594,#7595,#7601));
#7588 = ORIENTED_EDGE('',*,*,#7589,.F.);
#7589 = EDGE_CURVE('',#7498,#7538,#7590,.T.);
#7590 = LINE('',#7591,#7592);
#7591 = CARTESIAN_POINT('',(850.,32.,4.));
#7592 = VECTOR('',#7593,1.);
#7593 = DIRECTION('',(1.,0.,0.));
#7594 = ORIENTED_EDGE('',*,*,#7505,.T.);
#7595 = ORIENTED_EDGE('',*,*,#7596,.T.);
#7596 = EDGE_CURVE('',#7506,#7546,#7597,.T.);
#7597 = LINE('',#7598,#7599);
#7598 = CARTESIAN_POINT('',(850.,32.,16.));
#7599 = VECTOR('',#7600,1.);
#7600 = DIRECTION('',(1.,0.,0.));
#7601 = ORIENTED_EDGE('',*,*,#7545,.F.);
#7602 = PLANE('',#7603);
#7603 = AXIS2_PLACEMENT_3D('',#7604,#7605,#7606);
#7604 = CARTESIAN_POINT('',(850.,32.,4.));
#7605 = DIRECTION('',(0.,1.,0.));
#7606 = DIRECTION('',(0.,0.,1.));
#7607 = ADVANCED_FACE('',(#7608),#7614,.F.);
#7608 = FACE_BOUND('',#7609,.F.);
#7609 = EDGE_LOOP('',(#7610,#7611,#7612,#7613));
#7610 = ORIENTED_EDGE('',*,*,#7497,.F.);
#7611 = ORIENTED_EDGE('',*,*,#7567,.T.);
#7612 = ORIENTED_EDGE('',*,*,#7537,.T.);
#7613 = ORIENTED_EDGE('',*,*,#7589,.F.);
#7614 = PLANE('',#7615);
#7615 = AXIS2_PLACEMENT_3D('',#7616,#7617,#7618);
#7616 = CARTESIAN_POINT('',(850.,-32.,4.));
#7617 = DIRECTION('',(0.,0.,1.));
#7618 = DIRECTION('',(1.,0.,0.));
#7619 = ADVANCED_FACE('',(#7620),#7626,.T.);
#7620 = FACE_BOUND('',#7621,.T.);
#7621 = EDGE_LOOP('',(#7622,#7623,#7624,#7625));
#7622 = ORIENTED_EDGE('',*,*,#7513,.F.);
#7623 = ORIENTED_EDGE('',*,*,#7574,.T.);
#7624 = ORIENTED_EDGE('',*,*,#7553,.T.);
#7625 = ORIENTED_EDGE('',*,*,#7596,.F.);
#7626 = PLANE('',#7627);
#7627 = AXIS2_PLACEMENT_3D('',#7628,#7629,#7630);
#7628 = CARTESIAN_POINT('',(850.,-32.,16.));
#7629 = DIRECTION('',(0.,0.,1.));
#7630 = DIRECTION('',(1.,0.,0.));
#7631 = MANIFOLD_SOLID_BREP('',#7632);
#7632 = CLOSED_SHELL('',(#7633,#7673,#7713,#7735,#7757,#7769));
#7633 = ADVANCED_FACE('',(#7634),#7668,.F.);
#7634 = FACE_BOUND('',#7635,.F.);
#7635 = EDGE_LOOP('',(#7636,#7646,#7654,#7662));
#7636 = ORIENTED_EDGE('',*,*,#7637,.F.);
#7637 = EDGE_CURVE('',#7638,#7640,#7642,.T.);
#7638 = VERTEX_POINT('',#7639);
#7639 = CARTESIAN_POINT('',(850.,-15.,-23.5));
#7640 = VERTEX_POINT('',#7641);
#7641 = CARTESIAN_POINT('',(850.,-15.,-5.5));
#7642 = LINE('',#7643,#7644);
#7643 = CARTESIAN_POINT('',(850.,-15.,-23.5));
#7644 = VECTOR('',#7645,1.);
#7645 = DIRECTION('',(0.,0.,1.));
#7646 = ORIENTED_EDGE('',*,*,#7647,.T.);
#7647 = EDGE_CURVE('',#7638,#7648,#7650,.T.);
#7648 = VERTEX_POINT('',#7649);
#7649 = CARTESIAN_POINT('',(850.,15.,-23.5));
#7650 = LINE('',#7651,#7652);
#7651 = CARTESIAN_POINT('',(850.,-15.,-23.5));
#7652 = VECTOR('',#7653,1.);
#7653 = DIRECTION('',(0.,1.,0.));
#7654 = ORIENTED_EDGE('',*,*,#7655,.T.);
#7655 = EDGE_CURVE('',#7648,#7656,#7658,.T.);
#7656 = VERTEX_POINT('',#7657);
#7657 = CARTESIAN_POINT('',(850.,15.,-5.5));
#7658 = LINE('',#7659,#7660);
#7659 = CARTESIAN_POINT('',(850.,15.,-23.5));
#7660 = VECTOR('',#7661,1.);
#7661 = DIRECTION('',(0.,0.,1.));
#7662 = ORIENTED_EDGE('',*,*,#7663,.F.);
#7663 = EDGE_CURVE('',#7640,#7656,#7664,.T.);
#7664 = LINE('',#7665,#7666);
#7665 = CARTESIAN_POINT('',(850.,-15.,-5.5));
#7666 = VECTOR('',#7667,1.);
#7667 = DIRECTION('',(0.,1.,0.));
#7668 = PLANE('',#7669);
#7669 = AXIS2_PLACEMENT_3D('',#7670,#7671,#7672);
#7670 = CARTESIAN_POINT('',(850.,-15.,-23.5));
#7671 = DIRECTION('',(1.,0.,0.));
#7672 = DIRECTION('',(0.,0.,1.));
#7673 = ADVANCED_FACE('',(#7674),#7708,.T.);
#7674 = FACE_BOUND('',#7675,.T.);
#7675 = EDGE_LOOP('',(#7676,#7686,#7694,#7702));
#7676 = ORIENTED_EDGE('',*,*,#7677,.F.);
#7677 = EDGE_CURVE('',#7678,#7680,#7682,.T.);
#7678 = VERTEX_POINT('',#7679);
#7679 = CARTESIAN_POINT('',(934.,-15.,-23.5));
#7680 = VERTEX_POINT('',#7681);
#7681 = CARTESIAN_POINT('',(934.,-15.,-5.5));
#7682 = LINE('',#7683,#7684);
#7683 = CARTESIAN_POINT('',(934.,-15.,-23.5));
#7684 = VECTOR('',#7685,1.);
#7685 = DIRECTION('',(0.,0.,1.));
#7686 = ORIENTED_EDGE('',*,*,#7687,.T.);
#7687 = EDGE_CURVE('',#7678,#7688,#7690,.T.);
#7688 = VERTEX_POINT('',#7689);
#7689 = CARTESIAN_POINT('',(934.,15.,-23.5));
#7690 = LINE('',#7691,#7692);
#7691 = CARTESIAN_POINT('',(934.,-15.,-23.5));
#7692 = VECTOR('',#7693,1.);
#7693 = DIRECTION('',(0.,1.,0.));
#7694 = ORIENTED_EDGE('',*,*,#7695,.T.);
#7695 = EDGE_CURVE('',#7688,#7696,#7698,.T.);
#7696 = VERTEX_POINT('',#7697);
#7697 = CARTESIAN_POINT('',(934.,15.,-5.5));
#7698 = LINE('',#7699,#7700);
#7699 = CARTESIAN_POINT('',(934.,15.,-23.5));
#7700 = VECTOR('',#7701,1.);
#7701 = DIRECTION('',(0.,0.,1.));
#7702 = ORIENTED_EDGE('',*,*,#7703,.F.);
#7703 = EDGE_CURVE('',#7680,#7696,#7704,.T.);
#7704 = LINE('',#7705,#7706);
#7705 = CARTESIAN_POINT('',(934.,-15.,-5.5));
#7706 = VECTOR('',#7707,1.);
#7707 = DIRECTION('',(0.,1.,0.));
#7708 = PLANE('',#7709);
#7709 = AXIS2_PLACEMENT_3D('',#7710,#7711,#7712);
#7710 = CARTESIAN_POINT('',(934.,-15.,-23.5));
#7711 = DIRECTION('',(1.,0.,0.));
#7712 = DIRECTION('',(0.,0.,1.));
#7713 = ADVANCED_FACE('',(#7714),#7730,.F.);
#7714 = FACE_BOUND('',#7715,.F.);
#7715 = EDGE_LOOP('',(#7716,#7722,#7723,#7729));
#7716 = ORIENTED_EDGE('',*,*,#7717,.F.);
#7717 = EDGE_CURVE('',#7638,#7678,#7718,.T.);
#7718 = LINE('',#7719,#7720);
#7719 = CARTESIAN_POINT('',(850.,-15.,-23.5));
#7720 = VECTOR('',#7721,1.);
#7721 = DIRECTION('',(1.,0.,0.));
#7722 = ORIENTED_EDGE('',*,*,#7637,.T.);
#7723 = ORIENTED_EDGE('',*,*,#7724,.T.);
#7724 = EDGE_CURVE('',#7640,#7680,#7725,.T.);
#7725 = LINE('',#7726,#7727);
#7726 = CARTESIAN_POINT('',(850.,-15.,-5.5));
#7727 = VECTOR('',#7728,1.);
#7728 = DIRECTION('',(1.,0.,0.));
#7729 = ORIENTED_EDGE('',*,*,#7677,.F.);
#7730 = PLANE('',#7731);
#7731 = AXIS2_PLACEMENT_3D('',#7732,#7733,#7734);
#7732 = CARTESIAN_POINT('',(850.,-15.,-23.5));
#7733 = DIRECTION('',(0.,1.,0.));
#7734 = DIRECTION('',(0.,0.,1.));
#7735 = ADVANCED_FACE('',(#7736),#7752,.T.);
#7736 = FACE_BOUND('',#7737,.T.);
#7737 = EDGE_LOOP('',(#7738,#7744,#7745,#7751));
#7738 = ORIENTED_EDGE('',*,*,#7739,.F.);
#7739 = EDGE_CURVE('',#7648,#7688,#7740,.T.);
#7740 = LINE('',#7741,#7742);
#7741 = CARTESIAN_POINT('',(850.,15.,-23.5));
#7742 = VECTOR('',#7743,1.);
#7743 = DIRECTION('',(1.,0.,0.));
#7744 = ORIENTED_EDGE('',*,*,#7655,.T.);
#7745 = ORIENTED_EDGE('',*,*,#7746,.T.);
#7746 = EDGE_CURVE('',#7656,#7696,#7747,.T.);
#7747 = LINE('',#7748,#7749);
#7748 = CARTESIAN_POINT('',(850.,15.,-5.5));
#7749 = VECTOR('',#7750,1.);
#7750 = DIRECTION('',(1.,0.,0.));
#7751 = ORIENTED_EDGE('',*,*,#7695,.F.);
#7752 = PLANE('',#7753);
#7753 = AXIS2_PLACEMENT_3D('',#7754,#7755,#7756);
#7754 = CARTESIAN_POINT('',(850.,15.,-23.5));
#7755 = DIRECTION('',(0.,1.,0.));
#7756 = DIRECTION('',(0.,0.,1.));
#7757 = ADVANCED_FACE('',(#7758),#7764,.F.);
#7758 = FACE_BOUND('',#7759,.F.);
#7759 = EDGE_LOOP('',(#7760,#7761,#7762,#7763));
#7760 = ORIENTED_EDGE('',*,*,#7647,.F.);
#7761 = ORIENTED_EDGE('',*,*,#7717,.T.);
#7762 = ORIENTED_EDGE('',*,*,#7687,.T.);
#7763 = ORIENTED_EDGE('',*,*,#7739,.F.);
#7764 = PLANE('',#7765);
#7765 = AXIS2_PLACEMENT_3D('',#7766,#7767,#7768);
#7766 = CARTESIAN_POINT('',(850.,-15.,-23.5));
#7767 = DIRECTION('',(0.,0.,1.));
#7768 = DIRECTION('',(1.,0.,0.));
#7769 = ADVANCED_FACE('',(#7770),#7776,.T.);
#7770 = FACE_BOUND('',#7771,.T.);
#7771 = EDGE_LOOP('',(#7772,#7773,#7774,#7775));
#7772 = ORIENTED_EDGE('',*,*,#7663,.F.);
#7773 = ORIENTED_EDGE('',*,*,#7724,.T.);
#7774 = ORIENTED_EDGE('',*,*,#7703,.T.);
#7775 = ORIENTED_EDGE('',*,*,#7746,.F.);
#7776 = PLANE('',#7777);
#7777 = AXIS2_PLACEMENT_3D('',#7778,#7779,#7780);
#7778 = CARTESIAN_POINT('',(850.,-15.,-5.5));
#7779 = DIRECTION('',(0.,0.,1.));
#7780 = DIRECTION('',(1.,0.,0.));
#7781 = MANIFOLD_SOLID_BREP('',#7782);
#7782 = CLOSED_SHELL('',(#7783,#7823,#7863,#7885,#7907,#7919));
#7783 = ADVANCED_FACE('',(#7784),#7818,.F.);
#7784 = FACE_BOUND('',#7785,.F.);
#7785 = EDGE_LOOP('',(#7786,#7796,#7804,#7812));
#7786 = ORIENTED_EDGE('',*,*,#7787,.F.);
#7787 = EDGE_CURVE('',#7788,#7790,#7792,.T.);
#7788 = VERTEX_POINT('',#7789);
#7789 = CARTESIAN_POINT('',(970.,-20.,5.));
#7790 = VERTEX_POINT('',#7791);
#7791 = CARTESIAN_POINT('',(970.,-20.,27.));
#7792 = LINE('',#7793,#7794);
#7793 = CARTESIAN_POINT('',(970.,-20.,5.));
#7794 = VECTOR('',#7795,1.);
#7795 = DIRECTION('',(0.,0.,1.));
#7796 = ORIENTED_EDGE('',*,*,#7797,.T.);
#7797 = EDGE_CURVE('',#7788,#7798,#7800,.T.);
#7798 = VERTEX_POINT('',#7799);
#7799 = CARTESIAN_POINT('',(970.,20.,5.));
#7800 = LINE('',#7801,#7802);
#7801 = CARTESIAN_POINT('',(970.,-20.,5.));
#7802 = VECTOR('',#7803,1.);
#7803 = DIRECTION('',(0.,1.,0.));
#7804 = ORIENTED_EDGE('',*,*,#7805,.T.);
#7805 = EDGE_CURVE('',#7798,#7806,#7808,.T.);
#7806 = VERTEX_POINT('',#7807);
#7807 = CARTESIAN_POINT('',(970.,20.,27.));
#7808 = LINE('',#7809,#7810);
#7809 = CARTESIAN_POINT('',(970.,20.,5.));
#7810 = VECTOR('',#7811,1.);
#7811 = DIRECTION('',(0.,0.,1.));
#7812 = ORIENTED_EDGE('',*,*,#7813,.F.);
#7813 = EDGE_CURVE('',#7790,#7806,#7814,.T.);
#7814 = LINE('',#7815,#7816);
#7815 = CARTESIAN_POINT('',(970.,-20.,27.));
#7816 = VECTOR('',#7817,1.);
#7817 = DIRECTION('',(0.,1.,0.));
#7818 = PLANE('',#7819);
#7819 = AXIS2_PLACEMENT_3D('',#7820,#7821,#7822);
#7820 = CARTESIAN_POINT('',(970.,-20.,5.));
#7821 = DIRECTION('',(1.,0.,0.));
#7822 = DIRECTION('',(0.,0.,1.));
#7823 = ADVANCED_FACE('',(#7824),#7858,.T.);
#7824 = FACE_BOUND('',#7825,.T.);
#7825 = EDGE_LOOP('',(#7826,#7836,#7844,#7852));
#7826 = ORIENTED_EDGE('',*,*,#7827,.F.);
#7827 = EDGE_CURVE('',#7828,#7830,#7832,.T.);
#7828 = VERTEX_POINT('',#7829);
#7829 = CARTESIAN_POINT('',(1.04E+03,-20.,5.));
#7830 = VERTEX_POINT('',#7831);
#7831 = CARTESIAN_POINT('',(1.04E+03,-20.,27.));
#7832 = LINE('',#7833,#7834);
#7833 = CARTESIAN_POINT('',(1.04E+03,-20.,5.));
#7834 = VECTOR('',#7835,1.);
#7835 = DIRECTION('',(0.,0.,1.));
#7836 = ORIENTED_EDGE('',*,*,#7837,.T.);
#7837 = EDGE_CURVE('',#7828,#7838,#7840,.T.);
#7838 = VERTEX_POINT('',#7839);
#7839 = CARTESIAN_POINT('',(1.04E+03,20.,5.));
#7840 = LINE('',#7841,#7842);
#7841 = CARTESIAN_POINT('',(1.04E+03,-20.,5.));
#7842 = VECTOR('',#7843,1.);
#7843 = DIRECTION('',(0.,1.,0.));
#7844 = ORIENTED_EDGE('',*,*,#7845,.T.);
#7845 = EDGE_CURVE('',#7838,#7846,#7848,.T.);
#7846 = VERTEX_POINT('',#7847);
#7847 = CARTESIAN_POINT('',(1.04E+03,20.,27.));
#7848 = LINE('',#7849,#7850);
#7849 = CARTESIAN_POINT('',(1.04E+03,20.,5.));
#7850 = VECTOR('',#7851,1.);
#7851 = DIRECTION('',(0.,0.,1.));
#7852 = ORIENTED_EDGE('',*,*,#7853,.F.);
#7853 = EDGE_CURVE('',#7830,#7846,#7854,.T.);
#7854 = LINE('',#7855,#7856);
#7855 = CARTESIAN_POINT('',(1.04E+03,-20.,27.));
#7856 = VECTOR('',#7857,1.);
#7857 = DIRECTION('',(0.,1.,0.));
#7858 = PLANE('',#7859);
#7859 = AXIS2_PLACEMENT_3D('',#7860,#7861,#7862);
#7860 = CARTESIAN_POINT('',(1.04E+03,-20.,5.));
#7861 = DIRECTION('',(1.,0.,0.));
#7862 = DIRECTION('',(0.,0.,1.));
#7863 = ADVANCED_FACE('',(#7864),#7880,.F.);
#7864 = FACE_BOUND('',#7865,.F.);
#7865 = EDGE_LOOP('',(#7866,#7872,#7873,#7879));
#7866 = ORIENTED_EDGE('',*,*,#7867,.F.);
#7867 = EDGE_CURVE('',#7788,#7828,#7868,.T.);
#7868 = LINE('',#7869,#7870);
#7869 = CARTESIAN_POINT('',(970.,-20.,5.));
#7870 = VECTOR('',#7871,1.);
#7871 = DIRECTION('',(1.,0.,0.));
#7872 = ORIENTED_EDGE('',*,*,#7787,.T.);
#7873 = ORIENTED_EDGE('',*,*,#7874,.T.);
#7874 = EDGE_CURVE('',#7790,#7830,#7875,.T.);
#7875 = LINE('',#7876,#7877);
#7876 = CARTESIAN_POINT('',(970.,-20.,27.));
#7877 = VECTOR('',#7878,1.);
#7878 = DIRECTION('',(1.,0.,0.));
#7879 = ORIENTED_EDGE('',*,*,#7827,.F.);
#7880 = PLANE('',#7881);
#7881 = AXIS2_PLACEMENT_3D('',#7882,#7883,#7884);
#7882 = CARTESIAN_POINT('',(970.,-20.,5.));
#7883 = DIRECTION('',(0.,1.,0.));
#7884 = DIRECTION('',(0.,0.,1.));
#7885 = ADVANCED_FACE('',(#7886),#7902,.T.);
#7886 = FACE_BOUND('',#7887,.T.);
#7887 = EDGE_LOOP('',(#7888,#7894,#7895,#7901));
#7888 = ORIENTED_EDGE('',*,*,#7889,.F.);
#7889 = EDGE_CURVE('',#7798,#7838,#7890,.T.);
#7890 = LINE('',#7891,#7892);
#7891 = CARTESIAN_POINT('',(970.,20.,5.));
#7892 = VECTOR('',#7893,1.);
#7893 = DIRECTION('',(1.,0.,0.));
#7894 = ORIENTED_EDGE('',*,*,#7805,.T.);
#7895 = ORIENTED_EDGE('',*,*,#7896,.T.);
#7896 = EDGE_CURVE('',#7806,#7846,#7897,.T.);
#7897 = LINE('',#7898,#7899);
#7898 = CARTESIAN_POINT('',(970.,20.,27.));
#7899 = VECTOR('',#7900,1.);
#7900 = DIRECTION('',(1.,0.,0.));
#7901 = ORIENTED_EDGE('',*,*,#7845,.F.);
#7902 = PLANE('',#7903);
#7903 = AXIS2_PLACEMENT_3D('',#7904,#7905,#7906);
#7904 = CARTESIAN_POINT('',(970.,20.,5.));
#7905 = DIRECTION('',(0.,1.,0.));
#7906 = DIRECTION('',(0.,0.,1.));
#7907 = ADVANCED_FACE('',(#7908),#7914,.F.);
#7908 = FACE_BOUND('',#7909,.F.);
#7909 = EDGE_LOOP('',(#7910,#7911,#7912,#7913));
#7910 = ORIENTED_EDGE('',*,*,#7797,.F.);
#7911 = ORIENTED_EDGE('',*,*,#7867,.T.);
#7912 = ORIENTED_EDGE('',*,*,#7837,.T.);
#7913 = ORIENTED_EDGE('',*,*,#7889,.F.);
#7914 = PLANE('',#7915);
#7915 = AXIS2_PLACEMENT_3D('',#7916,#7917,#7918);
#7916 = CARTESIAN_POINT('',(970.,-20.,5.));
#7917 = DIRECTION('',(0.,0.,1.));
#7918 = DIRECTION('',(1.,0.,0.));
#7919 = ADVANCED_FACE('',(#7920),#7926,.T.);
#7920 = FACE_BOUND('',#7921,.T.);
#7921 = EDGE_LOOP('',(#7922,#7923,#7924,#7925));
#7922 = ORIENTED_EDGE('',*,*,#7813,.F.);
#7923 = ORIENTED_EDGE('',*,*,#7874,.T.);
#7924 = ORIENTED_EDGE('',*,*,#7853,.T.);
#7925 = ORIENTED_EDGE('',*,*,#7896,.F.);
#7926 = PLANE('',#7927);
#7927 = AXIS2_PLACEMENT_3D('',#7928,#7929,#7930);
#7928 = CARTESIAN_POINT('',(970.,-20.,27.));
#7929 = DIRECTION('',(0.,0.,1.));
#7930 = DIRECTION('',(1.,0.,0.));
#7931 = MANIFOLD_SOLID_BREP('',#7932);
#7932 = CLOSED_SHELL('',(#7933,#7973,#8013,#8035,#8057,#8069));
#7933 = ADVANCED_FACE('',(#7934),#7968,.F.);
#7934 = FACE_BOUND('',#7935,.F.);
#7935 = EDGE_LOOP('',(#7936,#7946,#7954,#7962));
#7936 = ORIENTED_EDGE('',*,*,#7937,.F.);
#7937 = EDGE_CURVE('',#7938,#7940,#7942,.T.);
#7938 = VERTEX_POINT('',#7939);
#7939 = CARTESIAN_POINT('',(950.,-15.,-20.));
#7940 = VERTEX_POINT('',#7941);
#7941 = CARTESIAN_POINT('',(950.,-15.,-4.));
#7942 = LINE('',#7943,#7944);
#7943 = CARTESIAN_POINT('',(950.,-15.,-20.));
#7944 = VECTOR('',#7945,1.);
#7945 = DIRECTION('',(0.,0.,1.));
#7946 = ORIENTED_EDGE('',*,*,#7947,.T.);
#7947 = EDGE_CURVE('',#7938,#7948,#7950,.T.);
#7948 = VERTEX_POINT('',#7949);
#7949 = CARTESIAN_POINT('',(950.,15.,-20.));
#7950 = LINE('',#7951,#7952);
#7951 = CARTESIAN_POINT('',(950.,-15.,-20.));
#7952 = VECTOR('',#7953,1.);
#7953 = DIRECTION('',(0.,1.,0.));
#7954 = ORIENTED_EDGE('',*,*,#7955,.T.);
#7955 = EDGE_CURVE('',#7948,#7956,#7958,.T.);
#7956 = VERTEX_POINT('',#7957);
#7957 = CARTESIAN_POINT('',(950.,15.,-4.));
#7958 = LINE('',#7959,#7960);
#7959 = CARTESIAN_POINT('',(950.,15.,-20.));
#7960 = VECTOR('',#7961,1.);
#7961 = DIRECTION('',(0.,0.,1.));
#7962 = ORIENTED_EDGE('',*,*,#7963,.F.);
#7963 = EDGE_CURVE('',#7940,#7956,#7964,.T.);
#7964 = LINE('',#7965,#7966);
#7965 = CARTESIAN_POINT('',(950.,-15.,-4.));
#7966 = VECTOR('',#7967,1.);
#7967 = DIRECTION('',(0.,1.,0.));
#7968 = PLANE('',#7969);
#7969 = AXIS2_PLACEMENT_3D('',#7970,#7971,#7972);
#7970 = CARTESIAN_POINT('',(950.,-15.,-20.));
#7971 = DIRECTION('',(1.,0.,0.));
#7972 = DIRECTION('',(0.,0.,1.));
#7973 = ADVANCED_FACE('',(#7974),#8008,.T.);
#7974 = FACE_BOUND('',#7975,.T.);
#7975 = EDGE_LOOP('',(#7976,#7986,#7994,#8002));
#7976 = ORIENTED_EDGE('',*,*,#7977,.F.);
#7977 = EDGE_CURVE('',#7978,#7980,#7982,.T.);
#7978 = VERTEX_POINT('',#7979);
#7979 = CARTESIAN_POINT('',(1.E+03,-15.,-20.));
#7980 = VERTEX_POINT('',#7981);
#7981 = CARTESIAN_POINT('',(1.E+03,-15.,-4.));
#7982 = LINE('',#7983,#7984);
#7983 = CARTESIAN_POINT('',(1.E+03,-15.,-20.));
#7984 = VECTOR('',#7985,1.);
#7985 = DIRECTION('',(0.,0.,1.));
#7986 = ORIENTED_EDGE('',*,*,#7987,.T.);
#7987 = EDGE_CURVE('',#7978,#7988,#7990,.T.);
#7988 = VERTEX_POINT('',#7989);
#7989 = CARTESIAN_POINT('',(1.E+03,15.,-20.));
#7990 = LINE('',#7991,#7992);
#7991 = CARTESIAN_POINT('',(1.E+03,-15.,-20.));
#7992 = VECTOR('',#7993,1.);
#7993 = DIRECTION('',(0.,1.,0.));
#7994 = ORIENTED_EDGE('',*,*,#7995,.T.);
#7995 = EDGE_CURVE('',#7988,#7996,#7998,.T.);
#7996 = VERTEX_POINT('',#7997);
#7997 = CARTESIAN_POINT('',(1.E+03,15.,-4.));
#7998 = LINE('',#7999,#8000);
#7999 = CARTESIAN_POINT('',(1.E+03,15.,-20.));
#8000 = VECTOR('',#8001,1.);
#8001 = DIRECTION('',(0.,0.,1.));
#8002 = ORIENTED_EDGE('',*,*,#8003,.F.);
#8003 = EDGE_CURVE('',#7980,#7996,#8004,.T.);
#8004 = LINE('',#8005,#8006);
#8005 = CARTESIAN_POINT('',(1.E+03,-15.,-4.));
#8006 = VECTOR('',#8007,1.);
#8007 = DIRECTION('',(0.,1.,0.));
#8008 = PLANE('',#8009);
#8009 = AXIS2_PLACEMENT_3D('',#8010,#8011,#8012);
#8010 = CARTESIAN_POINT('',(1.E+03,-15.,-20.));
#8011 = DIRECTION('',(1.,0.,0.));
#8012 = DIRECTION('',(0.,0.,1.));
#8013 = ADVANCED_FACE('',(#8014),#8030,.F.);
#8014 = FACE_BOUND('',#8015,.F.);
#8015 = EDGE_LOOP('',(#8016,#8022,#8023,#8029));
#8016 = ORIENTED_EDGE('',*,*,#8017,.F.);
#8017 = EDGE_CURVE('',#7938,#7978,#8018,.T.);
#8018 = LINE('',#8019,#8020);
#8019 = CARTESIAN_POINT('',(950.,-15.,-20.));
#8020 = VECTOR('',#8021,1.);
#8021 = DIRECTION('',(1.,0.,0.));
#8022 = ORIENTED_EDGE('',*,*,#7937,.T.);
#8023 = ORIENTED_EDGE('',*,*,#8024,.T.);
#8024 = EDGE_CURVE('',#7940,#7980,#8025,.T.);
#8025 = LINE('',#8026,#8027);
#8026 = CARTESIAN_POINT('',(950.,-15.,-4.));
#8027 = VECTOR('',#8028,1.);
#8028 = DIRECTION('',(1.,0.,0.));
#8029 = ORIENTED_EDGE('',*,*,#7977,.F.);
#8030 = PLANE('',#8031);
#8031 = AXIS2_PLACEMENT_3D('',#8032,#8033,#8034);
#8032 = CARTESIAN_POINT('',(950.,-15.,-20.));
#8033 = DIRECTION('',(0.,1.,0.));
#8034 = DIRECTION('',(0.,0.,1.));
#8035 = ADVANCED_FACE('',(#8036),#8052,.T.);
#8036 = FACE_BOUND('',#8037,.T.);
#8037 = EDGE_LOOP('',(#8038,#8044,#8045,#8051));
#8038 = ORIENTED_EDGE('',*,*,#8039,.F.);
#8039 = EDGE_CURVE('',#7948,#7988,#8040,.T.);
#8040 = LINE('',#8041,#8042);
#8041 = CARTESIAN_POINT('',(950.,15.,-20.));
#8042 = VECTOR('',#8043,1.);
#8043 = DIRECTION('',(1.,0.,0.));
#8044 = ORIENTED_EDGE('',*,*,#7955,.T.);
#8045 = ORIENTED_EDGE('',*,*,#8046,.T.);
#8046 = EDGE_CURVE('',#7956,#7996,#8047,.T.);
#8047 = LINE('',#8048,#8049);
#8048 = CARTESIAN_POINT('',(950.,15.,-4.));
#8049 = VECTOR('',#8050,1.);
#8050 = DIRECTION('',(1.,0.,0.));
#8051 = ORIENTED_EDGE('',*,*,#7995,.F.);
#8052 = PLANE('',#8053);
#8053 = AXIS2_PLACEMENT_3D('',#8054,#8055,#8056);
#8054 = CARTESIAN_POINT('',(950.,15.,-20.));
#8055 = DIRECTION('',(0.,1.,0.));
#8056 = DIRECTION('',(0.,0.,1.));
#8057 = ADVANCED_FACE('',(#8058),#8064,.F.);
#8058 = FACE_BOUND('',#8059,.F.);
#8059 = EDGE_LOOP('',(#8060,#8061,#8062,#8063));
#8060 = ORIENTED_EDGE('',*,*,#7947,.F.);
#8061 = ORIENTED_EDGE('',*,*,#8017,.T.);
#8062 = ORIENTED_EDGE('',*,*,#7987,.T.);
#8063 = ORIENTED_EDGE('',*,*,#8039,.F.);
#8064 = PLANE('',#8065);
#8065 = AXIS2_PLACEMENT_3D('',#8066,#8067,#8068);
#8066 = CARTESIAN_POINT('',(950.,-15.,-20.));
#8067 = DIRECTION('',(0.,0.,1.));
#8068 = DIRECTION('',(1.,0.,0.));
#8069 = ADVANCED_FACE('',(#8070),#8076,.T.);
#8070 = FACE_BOUND('',#8071,.T.);
#8071 = EDGE_LOOP('',(#8072,#8073,#8074,#8075));
#8072 = ORIENTED_EDGE('',*,*,#7963,.F.);
#8073 = ORIENTED_EDGE('',*,*,#8024,.T.);
#8074 = ORIENTED_EDGE('',*,*,#8003,.T.);
#8075 = ORIENTED_EDGE('',*,*,#8046,.F.);
#8076 = PLANE('',#8077);
#8077 = AXIS2_PLACEMENT_3D('',#8078,#8079,#8080);
#8078 = CARTESIAN_POINT('',(950.,-15.,-4.));
#8079 = DIRECTION('',(0.,0.,1.));
#8080 = DIRECTION('',(1.,0.,0.));
#8081 = MANIFOLD_SOLID_BREP('',#8082);
#8082 = CLOSED_SHELL('',(#8083,#8123,#8163,#8185,#8207,#8219));
#8083 = ADVANCED_FACE('',(#8084),#8118,.F.);
#8084 = FACE_BOUND('',#8085,.F.);
#8085 = EDGE_LOOP('',(#8086,#8096,#8104,#8112));
#8086 = ORIENTED_EDGE('',*,*,#8087,.F.);
#8087 = EDGE_CURVE('',#8088,#8090,#8092,.T.);
#8088 = VERTEX_POINT('',#8089);
#8089 = CARTESIAN_POINT('',(1.01E+03,-14.,-20.));
#8090 = VERTEX_POINT('',#8091);
#8091 = CARTESIAN_POINT('',(1.01E+03,-14.,-4.));
#8092 = LINE('',#8093,#8094);
#8093 = CARTESIAN_POINT('',(1.01E+03,-14.,-20.));
#8094 = VECTOR('',#8095,1.);
#8095 = DIRECTION('',(0.,0.,1.));
#8096 = ORIENTED_EDGE('',*,*,#8097,.T.);
#8097 = EDGE_CURVE('',#8088,#8098,#8100,.T.);
#8098 = VERTEX_POINT('',#8099);
#8099 = CARTESIAN_POINT('',(1.01E+03,14.,-20.));
#8100 = LINE('',#8101,#8102);
#8101 = CARTESIAN_POINT('',(1.01E+03,-14.,-20.));
#8102 = VECTOR('',#8103,1.);
#8103 = DIRECTION('',(0.,1.,0.));
#8104 = ORIENTED_EDGE('',*,*,#8105,.T.);
#8105 = EDGE_CURVE('',#8098,#8106,#8108,.T.);
#8106 = VERTEX_POINT('',#8107);
#8107 = CARTESIAN_POINT('',(1.01E+03,14.,-4.));
#8108 = LINE('',#8109,#8110);
#8109 = CARTESIAN_POINT('',(1.01E+03,14.,-20.));
#8110 = VECTOR('',#8111,1.);
#8111 = DIRECTION('',(0.,0.,1.));
#8112 = ORIENTED_EDGE('',*,*,#8113,.F.);
#8113 = EDGE_CURVE('',#8090,#8106,#8114,.T.);
#8114 = LINE('',#8115,#8116);
#8115 = CARTESIAN_POINT('',(1.01E+03,-14.,-4.));
#8116 = VECTOR('',#8117,1.);
#8117 = DIRECTION('',(0.,1.,0.));
#8118 = PLANE('',#8119);
#8119 = AXIS2_PLACEMENT_3D('',#8120,#8121,#8122);
#8120 = CARTESIAN_POINT('',(1.01E+03,-14.,-20.));
#8121 = DIRECTION('',(1.,0.,0.));
#8122 = DIRECTION('',(0.,0.,1.));
#8123 = ADVANCED_FACE('',(#8124),#8158,.T.);
#8124 = FACE_BOUND('',#8125,.T.);
#8125 = EDGE_LOOP('',(#8126,#8136,#8144,#8152));
#8126 = ORIENTED_EDGE('',*,*,#8127,.F.);
#8127 = EDGE_CURVE('',#8128,#8130,#8132,.T.);
#8128 = VERTEX_POINT('',#8129);
#8129 = CARTESIAN_POINT('',(1.045E+03,-14.,-20.));
#8130 = VERTEX_POINT('',#8131);
#8131 = CARTESIAN_POINT('',(1.045E+03,-14.,-4.));
#8132 = LINE('',#8133,#8134);
#8133 = CARTESIAN_POINT('',(1.045E+03,-14.,-20.));
#8134 = VECTOR('',#8135,1.);
#8135 = DIRECTION('',(0.,0.,1.));
#8136 = ORIENTED_EDGE('',*,*,#8137,.T.);
#8137 = EDGE_CURVE('',#8128,#8138,#8140,.T.);
#8138 = VERTEX_POINT('',#8139);
#8139 = CARTESIAN_POINT('',(1.045E+03,14.,-20.));
#8140 = LINE('',#8141,#8142);
#8141 = CARTESIAN_POINT('',(1.045E+03,-14.,-20.));
#8142 = VECTOR('',#8143,1.);
#8143 = DIRECTION('',(0.,1.,0.));
#8144 = ORIENTED_EDGE('',*,*,#8145,.T.);
#8145 = EDGE_CURVE('',#8138,#8146,#8148,.T.);
#8146 = VERTEX_POINT('',#8147);
#8147 = CARTESIAN_POINT('',(1.045E+03,14.,-4.));
#8148 = LINE('',#8149,#8150);
#8149 = CARTESIAN_POINT('',(1.045E+03,14.,-20.));
#8150 = VECTOR('',#8151,1.);
#8151 = DIRECTION('',(0.,0.,1.));
#8152 = ORIENTED_EDGE('',*,*,#8153,.F.);
#8153 = EDGE_CURVE('',#8130,#8146,#8154,.T.);
#8154 = LINE('',#8155,#8156);
#8155 = CARTESIAN_POINT('',(1.045E+03,-14.,-4.));
#8156 = VECTOR('',#8157,1.);
#8157 = DIRECTION('',(0.,1.,0.));
#8158 = PLANE('',#8159);
#8159 = AXIS2_PLACEMENT_3D('',#8160,#8161,#8162);
#8160 = CARTESIAN_POINT('',(1.045E+03,-14.,-20.));
#8161 = DIRECTION('',(1.,0.,0.));
#8162 = DIRECTION('',(0.,0.,1.));
#8163 = ADVANCED_FACE('',(#8164),#8180,.F.);
#8164 = FACE_BOUND('',#8165,.F.);
#8165 = EDGE_LOOP('',(#8166,#8172,#8173,#8179));
#8166 = ORIENTED_EDGE('',*,*,#8167,.F.);
#8167 = EDGE_CURVE('',#8088,#8128,#8168,.T.);
#8168 = LINE('',#8169,#8170);
#8169 = CARTESIAN_POINT('',(1.01E+03,-14.,-20.));
#8170 = VECTOR('',#8171,1.);
#8171 = DIRECTION('',(1.,0.,0.));
#8172 = ORIENTED_EDGE('',*,*,#8087,.T.);
#8173 = ORIENTED_EDGE('',*,*,#8174,.T.);
#8174 = EDGE_CURVE('',#8090,#8130,#8175,.T.);
#8175 = LINE('',#8176,#8177);
#8176 = CARTESIAN_POINT('',(1.01E+03,-14.,-4.));
#8177 = VECTOR('',#8178,1.);
#8178 = DIRECTION('',(1.,0.,0.));
#8179 = ORIENTED_EDGE('',*,*,#8127,.F.);
#8180 = PLANE('',#8181);
#8181 = AXIS2_PLACEMENT_3D('',#8182,#8183,#8184);
#8182 = CARTESIAN_POINT('',(1.01E+03,-14.,-20.));
#8183 = DIRECTION('',(0.,1.,0.));
#8184 = DIRECTION('',(0.,0.,1.));
#8185 = ADVANCED_FACE('',(#8186),#8202,.T.);
#8186 = FACE_BOUND('',#8187,.T.);
#8187 = EDGE_LOOP('',(#8188,#8194,#8195,#8201));
#8188 = ORIENTED_EDGE('',*,*,#8189,.F.);
#8189 = EDGE_CURVE('',#8098,#8138,#8190,.T.);
#8190 = LINE('',#8191,#8192);
#8191 = CARTESIAN_POINT('',(1.01E+03,14.,-20.));
#8192 = VECTOR('',#8193,1.);
#8193 = DIRECTION('',(1.,0.,0.));
#8194 = ORIENTED_EDGE('',*,*,#8105,.T.);
#8195 = ORIENTED_EDGE('',*,*,#8196,.T.);
#8196 = EDGE_CURVE('',#8106,#8146,#8197,.T.);
#8197 = LINE('',#8198,#8199);
#8198 = CARTESIAN_POINT('',(1.01E+03,14.,-4.));
#8199 = VECTOR('',#8200,1.);
#8200 = DIRECTION('',(1.,0.,0.));
#8201 = ORIENTED_EDGE('',*,*,#8145,.F.);
#8202 = PLANE('',#8203);
#8203 = AXIS2_PLACEMENT_3D('',#8204,#8205,#8206);
#8204 = CARTESIAN_POINT('',(1.01E+03,14.,-20.));
#8205 = DIRECTION('',(0.,1.,0.));
#8206 = DIRECTION('',(0.,0.,1.));
#8207 = ADVANCED_FACE('',(#8208),#8214,.F.);
#8208 = FACE_BOUND('',#8209,.F.);
#8209 = EDGE_LOOP('',(#8210,#8211,#8212,#8213));
#8210 = ORIENTED_EDGE('',*,*,#8097,.F.);
#8211 = ORIENTED_EDGE('',*,*,#8167,.T.);
#8212 = ORIENTED_EDGE('',*,*,#8137,.T.);
#8213 = ORIENTED_EDGE('',*,*,#8189,.F.);
#8214 = PLANE('',#8215);
#8215 = AXIS2_PLACEMENT_3D('',#8216,#8217,#8218);
#8216 = CARTESIAN_POINT('',(1.01E+03,-14.,-20.));
#8217 = DIRECTION('',(0.,0.,1.));
#8218 = DIRECTION('',(1.,0.,0.));
#8219 = ADVANCED_FACE('',(#8220),#8226,.T.);
#8220 = FACE_BOUND('',#8221,.T.);
#8221 = EDGE_LOOP('',(#8222,#8223,#8224,#8225));
#8222 = ORIENTED_EDGE('',*,*,#8113,.F.);
#8223 = ORIENTED_EDGE('',*,*,#8174,.T.);
#8224 = ORIENTED_EDGE('',*,*,#8153,.T.);
#8225 = ORIENTED_EDGE('',*,*,#8196,.F.);
#8226 = PLANE('',#8227);
#8227 = AXIS2_PLACEMENT_3D('',#8228,#8229,#8230);
#8228 = CARTESIAN_POINT('',(1.01E+03,-14.,-4.));
#8229 = DIRECTION('',(0.,0.,1.));
#8230 = DIRECTION('',(1.,0.,0.));
#8231 = MANIFOLD_SOLID_BREP('',#8232);
#8232 = CLOSED_SHELL('',(#8233,#8266,#8286,#8306));
#8233 = ADVANCED_FACE('',(#8234),#8261,.T.);
#8234 = FACE_BOUND('',#8235,.F.);
#8235 = EDGE_LOOP('',(#8236,#8246,#8253,#8254));
#8236 = ORIENTED_EDGE('',*,*,#8237,.T.);
#8237 = EDGE_CURVE('',#8238,#8240,#8242,.T.);
#8238 = VERTEX_POINT('',#8239);
#8239 = CARTESIAN_POINT('',(819.,-1.2E-14,-48.3));
#8240 = VERTEX_POINT('',#8241);
#8241 = CARTESIAN_POINT('',(825.,-1.2E-14,-48.3));
#8242 = LINE('',#8243,#8244);
#8243 = CARTESIAN_POINT('',(819.,-1.183E-14,-48.3));
#8244 = VECTOR('',#8245,1.);
#8245 = DIRECTION('',(1.,0.,0.));
#8246 = ORIENTED_EDGE('',*,*,#8247,.T.);
#8247 = EDGE_CURVE('',#8240,#8240,#8248,.T.);
#8248 = CIRCLE('',#8249,48.3);
#8249 = AXIS2_PLACEMENT_3D('',#8250,#8251,#8252);
#8250 = CARTESIAN_POINT('',(825.,0.,0.));
#8251 = DIRECTION('',(1.,-0.,0.));
#8252 = DIRECTION('',(0.,0.,-1.));
#8253 = ORIENTED_EDGE('',*,*,#8237,.F.);
#8254 = ORIENTED_EDGE('',*,*,#8255,.F.);
#8255 = EDGE_CURVE('',#8238,#8238,#8256,.T.);
#8256 = CIRCLE('',#8257,48.3);
#8257 = AXIS2_PLACEMENT_3D('',#8258,#8259,#8260);
#8258 = CARTESIAN_POINT('',(819.,0.,0.));
#8259 = DIRECTION('',(1.,-0.,0.));
#8260 = DIRECTION('',(0.,0.,-1.));
#8261 = CYLINDRICAL_SURFACE('',#8262,48.3);
#8262 = AXIS2_PLACEMENT_3D('',#8263,#8264,#8265);
#8263 = CARTESIAN_POINT('',(819.,0.,0.));
#8264 = DIRECTION('',(-1.,-0.,0.));
#8265 = DIRECTION('',(0.,0.,-1.));
#8266 = ADVANCED_FACE('',(#8267,#8270),#8281,.F.);
#8267 = FACE_BOUND('',#8268,.F.);
#8268 = EDGE_LOOP('',(#8269));
#8269 = ORIENTED_EDGE('',*,*,#8255,.T.);
#8270 = FACE_BOUND('',#8271,.F.);
#8271 = EDGE_LOOP('',(#8272));
#8272 = ORIENTED_EDGE('',*,*,#8273,.F.);
#8273 = EDGE_CURVE('',#8274,#8274,#8276,.T.);
#8274 = VERTEX_POINT('',#8275);
#8275 = CARTESIAN_POINT('',(819.,-9.E-15,-35.));
#8276 = CIRCLE('',#8277,35.);
#8277 = AXIS2_PLACEMENT_3D('',#8278,#8279,#8280);
#8278 = CARTESIAN_POINT('',(819.,0.,0.));
#8279 = DIRECTION('',(1.,-0.,0.));
#8280 = DIRECTION('',(0.,0.,-1.));
#8281 = PLANE('',#8282);
#8282 = AXIS2_PLACEMENT_3D('',#8283,#8284,#8285);
#8283 = CARTESIAN_POINT('',(819.,0.,0.));
#8284 = DIRECTION('',(1.,0.,0.));
#8285 = DIRECTION('',(0.,0.,-1.));
#8286 = ADVANCED_FACE('',(#8287,#8290),#8301,.T.);
#8287 = FACE_BOUND('',#8288,.T.);
#8288 = EDGE_LOOP('',(#8289));
#8289 = ORIENTED_EDGE('',*,*,#8247,.T.);
#8290 = FACE_BOUND('',#8291,.T.);
#8291 = EDGE_LOOP('',(#8292));
#8292 = ORIENTED_EDGE('',*,*,#8293,.F.);
#8293 = EDGE_CURVE('',#8294,#8294,#8296,.T.);
#8294 = VERTEX_POINT('',#8295);
#8295 = CARTESIAN_POINT('',(825.,-9.E-15,-35.));
#8296 = CIRCLE('',#8297,35.);
#8297 = AXIS2_PLACEMENT_3D('',#8298,#8299,#8300);
#8298 = CARTESIAN_POINT('',(825.,0.,0.));
#8299 = DIRECTION('',(1.,-0.,0.));
#8300 = DIRECTION('',(0.,0.,-1.));
#8301 = PLANE('',#8302);
#8302 = AXIS2_PLACEMENT_3D('',#8303,#8304,#8305);
#8303 = CARTESIAN_POINT('',(825.,0.,0.));
#8304 = DIRECTION('',(1.,0.,0.));
#8305 = DIRECTION('',(0.,0.,-1.));
#8306 = ADVANCED_FACE('',(#8307),#8318,.F.);
#8307 = FACE_BOUND('',#8308,.T.);
#8308 = EDGE_LOOP('',(#8309,#8315,#8316,#8317));
#8309 = ORIENTED_EDGE('',*,*,#8310,.T.);
#8310 = EDGE_CURVE('',#8274,#8294,#8311,.T.);
#8311 = LINE('',#8312,#8313);
#8312 = CARTESIAN_POINT('',(819.,-8.57E-15,-35.));
#8313 = VECTOR('',#8314,1.);
#8314 = DIRECTION('',(1.,0.,0.));
#8315 = ORIENTED_EDGE('',*,*,#8293,.T.);
#8316 = ORIENTED_EDGE('',*,*,#8310,.F.);
#8317 = ORIENTED_EDGE('',*,*,#8273,.F.);
#8318 = CYLINDRICAL_SURFACE('',#8319,35.);
#8319 = AXIS2_PLACEMENT_3D('',#8320,#8321,#8322);
#8320 = CARTESIAN_POINT('',(819.,0.,0.));
#8321 = DIRECTION('',(-1.,-0.,0.));
#8322 = DIRECTION('',(0.,0.,-1.));
#8323 = MANIFOLD_SOLID_BREP('',#8324);
#8324 = CLOSED_SHELL('',(#8325,#8358,#8378,#8398));
#8325 = ADVANCED_FACE('',(#8326),#8353,.T.);
#8326 = FACE_BOUND('',#8327,.F.);
#8327 = EDGE_LOOP('',(#8328,#8338,#8345,#8346));
#8328 = ORIENTED_EDGE('',*,*,#8329,.T.);
#8329 = EDGE_CURVE('',#8330,#8332,#8334,.T.);
#8330 = VERTEX_POINT('',#8331);
#8331 = CARTESIAN_POINT('',(1.065E+03,-1.2E-14,-48.3));
#8332 = VERTEX_POINT('',#8333);
#8333 = CARTESIAN_POINT('',(1.071E+03,-1.2E-14,-48.3));
#8334 = LINE('',#8335,#8336);
#8335 = CARTESIAN_POINT('',(1.065E+03,-1.183E-14,-48.3));
#8336 = VECTOR('',#8337,1.);
#8337 = DIRECTION('',(1.,0.,0.));
#8338 = ORIENTED_EDGE('',*,*,#8339,.T.);
#8339 = EDGE_CURVE('',#8332,#8332,#8340,.T.);
#8340 = CIRCLE('',#8341,48.3);
#8341 = AXIS2_PLACEMENT_3D('',#8342,#8343,#8344);
#8342 = CARTESIAN_POINT('',(1.071E+03,0.,0.));
#8343 = DIRECTION('',(1.,-0.,0.));
#8344 = DIRECTION('',(0.,0.,-1.));
#8345 = ORIENTED_EDGE('',*,*,#8329,.F.);
#8346 = ORIENTED_EDGE('',*,*,#8347,.F.);
#8347 = EDGE_CURVE('',#8330,#8330,#8348,.T.);
#8348 = CIRCLE('',#8349,48.3);
#8349 = AXIS2_PLACEMENT_3D('',#8350,#8351,#8352);
#8350 = CARTESIAN_POINT('',(1.065E+03,0.,0.));
#8351 = DIRECTION('',(1.,-0.,0.));
#8352 = DIRECTION('',(0.,0.,-1.));
#8353 = CYLINDRICAL_SURFACE('',#8354,48.3);
#8354 = AXIS2_PLACEMENT_3D('',#8355,#8356,#8357);
#8355 = CARTESIAN_POINT('',(1.065E+03,0.,0.));
#8356 = DIRECTION('',(-1.,-0.,0.));
#8357 = DIRECTION('',(0.,0.,-1.));
#8358 = ADVANCED_FACE('',(#8359,#8362),#8373,.F.);
#8359 = FACE_BOUND('',#8360,.F.);
#8360 = EDGE_LOOP('',(#8361));
#8361 = ORIENTED_EDGE('',*,*,#8347,.T.);
#8362 = FACE_BOUND('',#8363,.F.);
#8363 = EDGE_LOOP('',(#8364));
#8364 = ORIENTED_EDGE('',*,*,#8365,.F.);
#8365 = EDGE_CURVE('',#8366,#8366,#8368,.T.);
#8366 = VERTEX_POINT('',#8367);
#8367 = CARTESIAN_POINT('',(1.065E+03,-9.E-15,-35.));
#8368 = CIRCLE('',#8369,35.);
#8369 = AXIS2_PLACEMENT_3D('',#8370,#8371,#8372);
#8370 = CARTESIAN_POINT('',(1.065E+03,0.,0.));
#8371 = DIRECTION('',(1.,-0.,0.));
#8372 = DIRECTION('',(0.,0.,-1.));
#8373 = PLANE('',#8374);
#8374 = AXIS2_PLACEMENT_3D('',#8375,#8376,#8377);
#8375 = CARTESIAN_POINT('',(1.065E+03,0.,0.));
#8376 = DIRECTION('',(1.,0.,0.));
#8377 = DIRECTION('',(0.,0.,-1.));
#8378 = ADVANCED_FACE('',(#8379,#8382),#8393,.T.);
#8379 = FACE_BOUND('',#8380,.T.);
#8380 = EDGE_LOOP('',(#8381));
#8381 = ORIENTED_EDGE('',*,*,#8339,.T.);
#8382 = FACE_BOUND('',#8383,.T.);
#8383 = EDGE_LOOP('',(#8384));
#8384 = ORIENTED_EDGE('',*,*,#8385,.F.);
#8385 = EDGE_CURVE('',#8386,#8386,#8388,.T.);
#8386 = VERTEX_POINT('',#8387);
#8387 = CARTESIAN_POINT('',(1.071E+03,-9.E-15,-35.));
#8388 = CIRCLE('',#8389,35.);
#8389 = AXIS2_PLACEMENT_3D('',#8390,#8391,#8392);
#8390 = CARTESIAN_POINT('',(1.071E+03,0.,0.));
#8391 = DIRECTION('',(1.,-0.,0.));
#8392 = DIRECTION('',(0.,0.,-1.));
#8393 = PLANE('',#8394);
#8394 = AXIS2_PLACEMENT_3D('',#8395,#8396,#8397);
#8395 = CARTESIAN_POINT('',(1.071E+03,0.,0.));
#8396 = DIRECTION('',(1.,0.,0.));
#8397 = DIRECTION('',(0.,0.,-1.));
#8398 = ADVANCED_FACE('',(#8399),#8410,.F.);
#8399 = FACE_BOUND('',#8400,.T.);
#8400 = EDGE_LOOP('',(#8401,#8407,#8408,#8409));
#8401 = ORIENTED_EDGE('',*,*,#8402,.T.);
#8402 = EDGE_CURVE('',#8366,#8386,#8403,.T.);
#8403 = LINE('',#8404,#8405);
#8404 = CARTESIAN_POINT('',(1.065E+03,-8.57E-15,-35.));
#8405 = VECTOR('',#8406,1.);
#8406 = DIRECTION('',(1.,0.,0.));
#8407 = ORIENTED_EDGE('',*,*,#8385,.T.);
#8408 = ORIENTED_EDGE('',*,*,#8402,.F.);
#8409 = ORIENTED_EDGE('',*,*,#8365,.F.);
#8410 = CYLINDRICAL_SURFACE('',#8411,35.);
#8411 = AXIS2_PLACEMENT_3D('',#8412,#8413,#8414);
#8412 = CARTESIAN_POINT('',(1.065E+03,0.,0.));
#8413 = DIRECTION('',(-1.,-0.,0.));
#8414 = DIRECTION('',(0.,0.,-1.));
#8415 = ( GEOMETRIC_REPRESENTATION_CONTEXT(3) 
GLOBAL_UNCERTAINTY_ASSIGNED_CONTEXT((#8419)) 
GLOBAL_UNIT_ASSIGNED_CONTEXT((#8416,#8417,#8418)) REPRESENTATION_CONTEXT
('Context #1','3D Context with UNIT and UNCERTAINTY') );
#8416 = ( LENGTH_UNIT() NAMED_UNIT(*) SI_UNIT(.MILLI.,.METRE.) );
#8417 = ( NAMED_UNIT(*) PLANE_ANGLE_UNIT() SI_UNIT($,.RADIAN.) );
#8418 = ( NAMED_UNIT(*) SI_UNIT($,.STERADIAN.) SOLID_ANGLE_UNIT() );
#8419 = UNCERTAINTY_MEASURE_WITH_UNIT(LENGTH_MEASURE(5.E-05),#8416,
  'distance_accuracy_value','confusion accuracy');
#8420 = PRODUCT_RELATED_PRODUCT_CATEGORY('part',$,(#7));
ENDSEC;
END-ISO-10303-21;
