time_s,altitude_m,vertical_speed_m_s,ground_speed_m_s,acceleration_m_s2,east_m,north_m,aoa_rad,mass_kg,motor_mass_kg,cg_m,cp_m,stability_cal,mach,thrust_N,drag_N,cd,wind_m_s,temperature_K,pressure_Pa,density_kg_m3,sound_speed_m_s,pitch_rate_rad_s,yaw_rate_rad_s,air_speed_m_s,q_Pa
0.0,0.0,0.0,0.0,0.0,0.0,0.0,0.0,5.78709179643776,1.264,0.9403246373777481,nan,nan,0.0,0.0,0.0,1.275721331769331,0.0,288.15,101325.0,1.2249994633486807,340.3889,0.0,0.0,0.0,0.0
0.004,0.0,0.005541411903173411,0.005541411903173411,8.31211782219535,0.0,0.0,0.0,5.7868773295424765,1.2637855331047163,0.9403079349421687,nan,nan,1.6279649257579822e-05,104.84847822794296,1.8844840597095782e-07,1.2757213317855454,0.0,288.15,101325.0,1.2249994633486807,340.3889,0.0,0.0,0.005541411903173412,1.880817986234508e-05
0.0078125,0.00012337253614160424,0.07015242179196267,0.07015242179196383,25.58238363595978,-1.6182363072018082e-11,-1.3224711425251813e-18,1.8128044993574107e-07,5.786672915782909,1.2635811193451492,0.9402920142808896,nan,nan,0.0002060949164091974,204.7821840389511,3.020208560250676e-05,1.275721334367979,0.0,288.1499991980785,101324.9985530469,1.2249994492644738,340.38889951403553,0.0,0.0,0.07015242179196385,0.003014333043323009
0.0118125,0.0006373808503860973,0.194036965861874,0.19403696586188515,36.360229434829456,-1.5605537908230163e-10,-2.935446028974991e-17,3.388171494275965e-07,5.786116461135687,1.2630246646979268,0.9402486693957879,nan,nan,0.0005700449318208221,267.12452244475503,0.00018976605944554802,1.0477407397639094,0.0,288.14999585702446,101324.99252459077,1.224999390585292,340.38889748935685,0.0,0.0,0.19403696586188524,0.023060824301706195
0.015625,0.0016662867905165605,0.35224557697233416,0.3522455769723761,46.634758531208625,-5.891597592024127e-10,-1.624373301897119e-16,4.878850443287212e-07,5.785586090300053,1.262494293862293,0.9402073485414881,nan,nan,0.001034832756780567,326.5445637377869,0.0005437804689241722,0.9110386273535211,0.0,288.14998916913584,101324.98045724836,1.2249992731254005,340.38889343649635,0.0,0.0,0.3522455769723762,0.07599708463497845
0.019625,0.0034967002992164495,0.5750503834942469,0.57505038349436,64.76856771114043,-1.623412877184234e-09,-5.924865702801725e-16,6.272663229659061e-07,5.784687647900892,1.2615958514631318,0.9401373341766766,nan,nan,0.0016893923590434647,431.39304196572994,0.0013090181241450609,0.822883249950127,0.0,288.14997727144805,101324.95898956536,1.2249990641653996,340.38888622649756,0.0,0.0,0.5750503834943602,0.20254314819639893
0.0234375,0.006201670348848421,0.8549359654883384,0.8549359654885775,82.05748660408618,-3.4950367341873773e-09,-1.5635763113420085e-15,7.481807595868996e-07,5.783831319989192,1.2607395235514314,0.9400705814891018,nan,nan,0.002511644847537601,531.326747776738,0.002684750211969493,0.7635564979798068,0.0,288.1499596891427,101324.92726479974,1.2249987553659947,340.3888755716205,0.0,0.0,0.8549359654885781,0.44768529200395957
0.0274375,0.010288375409624174,1.1910421336514092,1.1910421336518817,85.995839744184,-6.85005014204086e-09,-3.639244791798259e-15,8.907106002497047e-07,5.782672039474145,1.2595802430363845,0.9399801814655534,nan,nan,0.0034990632052179296,553.996689015212,0.0049172580743470085,0.7205653663962545,0.0,288.1499331255598,101324.879334598,1.2249982888276372,340.38885947408926,0.0,0.0,1.1910421336518822,0.8688798718134797
0.03125,0.015463301039697001,1.5260589983941668,1.5260589983950001,89.75093077705671,-1.1870854196588145e-08,-7.252748476811463e-15,1.0451016274154051e-06,5.781567100233241,1.2584753037954808,0.9398939851995092,nan,nan,0.0044832815390614175,575.6039767581328,0.007749751824835706,0.6917513074522181,0.0,288.1498994885432,101324.81864139263,1.2249976980578676,340.3888390900572,0.0,0.0,1.5260589983950008,1.4264216603357414
0.035250000000000004,0.022298672530911966,1.8949090926326422,1.8949090926340377,94.67444892626852,-1.9609262433565756e-08,-1.364855604507173e-14,1.2136902030884316e-06,5.78030348447184,1.25721168803408,0.939795370192201,nan,nan,0.005566895928743265,603.9414033062255,0.011549265960688736,0.6686252009482687,0.0,288.14985505862853,101324.73847393994,1.2249969177313034,340.38881216552886,0.0,0.0,1.8949090926340386,2.199286253754128
0.0390625,0.030222439049644653,2.264803897752792,2.2648038977539593,99.3690273295061,-2.8377239631463813e-08,-2.1358294015921814e-14,1.015358606930088e-06,5.779099100699255,1.2560073042614948,0.9397013376233203,nan,nan,0.006653579743162193,630.9505129848765,0.016060054337774084,0.650865485045652,0.0,288.14980355414616,101324.64554143755,1.2249960131531736,340.38878095381256,0.0,0.0,2.26480389775396,3.141708500920075
0.043062500000000004,0.04009193127361365,2.6737737449593553,2.6737737449603443,105.11632345016281,-3.757642882270113e-08,-2.944719942796125e-14,8.601468616522704e-07,5.7777098962153906,1.2546180997776304,0.9395928264421434,nan,nan,0.007855059273225233,664.0108439576513,0.021848243948674288,0.6352915311362242,0.0,288.1497394024467,101324.52978883333,1.2249948864503133,340.38874207788274,0.0,0.0,2.673773744960345,4.37878467048185
0.046875,0.05106290946168196,3.084975754750847,3.0849757547517043,110.59659130244503,-4.6344406020599184e-08,-3.7156937398811337e-14,7.453560233354622e-07,5.776385810691707,1.2532940142539473,0.9394893531418165,nan,nan,0.009063096880286092,695.5214719160772,0.028502185172717857,0.6225595927761096,0.0,288.1496680910885,101324.40111764465,1.2249936340010448,340.3886988631996,0.0,0.0,3.084975754751706,5.829178394190039
0.050875000000000004,0.0642837365439682,3.5244754757361396,3.52447547573689,109.15312535945544,-5.55435952118365e-08,-4.5245842810850776e-14,6.52596009983378e-07,5.774946370718858,1.2518545742810976,0.939376811408693,nan,nan,0.010354268595653133,687.0202439516494,0.036525453771116156,0.6112423710541348,0.0,288.14958215571244,101324.24605949881,1.224992124707711,340.38864678636173,0.0,0.0,3.524475475736892,7.608381606526407
0.0546875,0.0785107437742549,3.9379978626536216,3.937997862654293,107.7765218481479,-6.431157240973456e-08,-5.295558078170086e-14,5.840038639982254e-07,5.7735744044947355,1.2504826080569753,0.9392694928366321,nan,nan,0.011569124141386885,678.9175110480542,0.04492377613098962,0.6021888300918693,0.0,288.14948968016546,101324.07920054601,1.2249905005475632,340.3885907461803,0.0,0.0,3.937997862654295,9.498470481406967
0.058687500000000004,0.0951210923876657,4.366212552421211,4.366212552421817,106.33068445403818,-7.351076160097187e-08,-6.10444861937403e-14,5.268356063861815e-07,5.772169742937337,1.2490779464995772,0.939159563900725,nan,nan,0.012827143771496316,670.4162830836264,0.054478894073634807,0.594054925004833,0.0,288.14938171289947,101323.88438899287,1.224988604303006,340.38852531801706,0.0,0.0,4.3662125524218185,11.67647625970423
0.0625,0.11253670449051346,4.768970120911574,4.768970120912128,104.95184954137916,-8.227873879886993e-08,-6.875422416459038e-14,4.823927300047518e-07,5.770830924890442,1.247739128452682,0.9390547380726875,nan,nan,0.01401037557764235,662.3135501800311,0.06425560951257352,0.5873143540617486,0.0,288.1492685114208,101323.68013304846,1.2249866161276959,340.38845671792103,0.0,0.0,4.7689701209121305,13.929981863455916
0.0665,0.13245445154939384,5.190466394926365,5.190466394926875,105.79632919909892,-9.147792799010725e-08,-7.684312957662982e-14,4.432938927603852e-07,5.7694339918698105,1.2463421954320508,0.938945310135598,nan,nan,0.01524865925631873,667.0364546047133,0.0753000524430828,0.5810213460566853,0.0,288.14913904606493,101323.44653125417,1.2249843423054465,340.38837826191536,0.0,0.0,5.190466394926877,16.501115689064253
0.0703125,0.1530139380710056,5.5953496005502465,5.595349600550719,106.60145560445498,-1.002459051880053e-07,-8.45528675474799e-14,4.1106683683794195e-07,5.768102540084522,1.2450107436467617,0.9388409622985604,nan,nan,0.016438137401590246,671.5379728844883,0.08668622573899414,0.5755804705923453,0.0,288.1490054094025,101323.20540293145,1.2249819952196825,340.3882972780979,0.0,0.0,5.595349600550721,19.175829659569345
0.0743125,0.17624647061388032,6.020497222145121,6.0204972221455595,105.97228256340883,-1.0944509437924261e-07,-9.264177295951934e-14,3.8165594562488124e-07,5.766703674929699,1.2436118784919388,0.9387312792702771,nan,nan,0.017687149907595068,667.7596493447427,0.09945619779273981,0.5703986389635091,0.0,288.14885439794097,101322.93292425844,1.2249793429744427,340.38820576515224,0.0,0.0,6.020497222145563,22.200537544871484
0.078125,0.1999683246321533,6.423372761974144,6.423372761974555,105.37219740912407,-1.1821307157714066e-07,-1.0035151093036943e-13,3.5793817488743e-07,5.765370381579008,1.2422785851412481,0.9386266880925792,nan,nan,0.018870731760003194,664.1584347209225,0.11232184909533822,0.5659138229263567,0.0,288.1487002058899,101322.65470666454,1.2249766348649875,340.3881123247693,0.0,0.0,6.423372761974559,25.271095034620352
0.082125,0.22650180152093852,6.842617639727944,6.8426176397283305,104.25013345574926,-1.27412260768378e-07,-1.0844041634240887e-13,3.3618552007313166e-07,5.763992769900295,1.2409009734625345,0.938518569504909,nan,nan,0.020102405145717636,657.5463685263676,0.126495743422451,0.5616228249162082,0.0,288.1485277382901,101322.34351344618,1.224973605774553,340.3880078094038,0.0,0.0,6.842617639728334,28.677499492649847
0.0859375,0.25334433534651796,7.238031640672663,7.238031640673028,103.18006469892968,-1.3618023796627605e-07,-1.1615015431325896e-13,3.175031505921871e-07,5.76267973376902,1.2395879373312602,0.9384154708608028,nan,nan,0.021264068424625922,651.2442429346823,0.14059425144579363,0.5578803681593891,0.0,288.1483532618202,101322.02869550786,1.2249705413981549,340.38790207666307,0.0,0.0,7.238031640673031,32.08755333937378
0.0899375,0.2831259019638784,7.653751643145333,7.653751643145679,104.68002749655349,-1.4537942715751338e-07,-1.2423905972529841e-13,3.006196171318306e-07,5.761298257821923,1.2382064613841628,0.9383069476403315,nan,nan,0.022485388682156014,659.7454708991102,0.15617749617111681,0.5542240907391252,0.0,288.1481596816372,101321.67940764023,1.224967141493846,340.38778476707216,0.0,0.0,7.653751643145681,35.8792350324242
0.09375,0.3130700646771102,8.055570329205942,8.05557032920627,106.11018481484204,-1.5414740435541144e-07,-1.319487976961485e-13,2.854651817778957e-07,5.759981538559845,1.2368897421220857,0.9382034629923584,nan,nan,0.0236658701666085,667.8482038027054,0.1719773989306402,0.5509290537264697,0.0,288.14796504457956,101321.32821279285,1.2249637230227388,340.3876668170152,0.0,0.0,8.055570329206274,39.74530361720927
0.09775,0.3461399821713239,8.479077034020994,8.479077034021305,105.64310909723488,-1.6334659354664877e-07,-1.4003770310818796e-13,2.7151207861734413e-07,5.758588469807599,1.235496673369838,0.9380939263046545,nan,nan,0.024910069034390057,665.0144611478961,0.18941166340162907,0.5476811347203296,0.0,288.1477500901159,101320.94035808014,1.2249599477053508,340.3875365546103,0.0,0.0,8.47907703402131,44.03409297637915
0.1015625,0.37923315385000966,8.880992238854285,8.880992238854581,105.19760128094175,-1.7211457074454684e-07,-1.4774744107903806e-13,2.593829510439822e-07,5.757260701153112,1.2341689047153517,0.9379894748095262,nan,nan,0.026090836726258265,662.3135501800311,0.2066958961775653,0.5447891352625399,0.0,288.14753498449994,101320.5522306348,1.2249561697275873,340.38740620060696,0.0,0.0,8.880992238854587,48.307385686159556
0.1055625,0.41559658054375276,9.300190258118638,9.300190258118922,104.40132654571026,-1.8131375993578416e-07,-1.558363464910775e-13,2.471078031029856e-07,5.755883089474398,1.2327912930366378,0.9378810513790322,nan,nan,0.027322380329704986,657.590645755349,0.2254869759411692,0.5419495156418889,0.0,288.14729862222646,101320.12574857853,1.224952018404951,340.3872629650692,0.0,0.0,9.300190258118926,52.97521748881381
0.109375,0.45181046128895075,9.696772839794967,9.696772839795239,103.64192115765557,-1.9008173713368223e-07,-1.635460844619276e-13,2.3654860059004396e-07,5.754570053343124,1.2314782569053637,0.9377776619779495,nan,nan,0.028487484575560117,653.0891274755738,0.2439794482247648,0.539412869310724,0.0,288.1470632320016,101319.70102044562,1.2249478841480153,340.38712031859296,0.0,0.0,9.696772839795242,57.58933448866497
0.113375,0.4914285022016428,10.112701190976557,10.112701190976818,104.32228291752818,-1.9928092632491955e-07,-1.7163498987396706e-13,2.2745635393967898e-07,5.7531943737986015,1.2301025773608416,0.9376692893663137,nan,nan,0.029709425602912884,656.8674510153194,0.264118497211064,0.5368940285022439,0.0,288.14680571473565,101319.23636721872,1.2249433612568688,340.3869642631298,0.0,0.0,10.112701190976821,62.63547316462043
0.1171875,0.530742917057176,10.5116662915789,10.511666291579152,104.97091019404098,-2.0804890352281762e-07,-1.7934472784481715e-13,2.184939130934359e-07,5.751883179232729,1.228791382794969,0.9375659484698099,nan,nan,0.030881532424818003,660.4686656391395,0.2841501393700622,0.5346018292072084,0.0,288.1465501710391,101318.77527501665,1.2249388730204136,340.3868094036497,0.0,0.0,10.511666291579154,67.67488892140817
0.1211875,0.5736302892427437,10.932254739429183,10.932254739429425,105.32331766229075,-2.1724809271405495e-07,-1.874336332568566e-13,2.1020674675205215e-07,5.750495906883057,1.2274041104452964,0.9374565602479463,nan,nan,0.032117167478503336,662.3578274090124,0.30602207269451576,0.532305188839702,0.0,288.1462714031199,101318.27227801278,1.2249339768767238,340.3866404702907,0.0,0.0,10.932254739429426,73.19849828359195
0.125,0.6160757696126646,11.334440208303375,11.334440208303608,105.65922682938877,-2.26016069911953e-07,-1.951433712277067e-13,2.0267770452403228e-07,5.749173662924775,1.2260818664870148,0.9373522504621944,nan,nan,0.03329873863425167,664.1584347209225,0.32765930495612666,0.5302143838130571,0.0,288.1459955074975,101317.77446365936,1.224929131171325,340.3864732775435,0.0,0.0,11.334440208303612,78.68303784408378
0.129,0.6622566765573429,11.755481257116921,11.755481257117147,104.86121659425214,-2.3521525910319034e-07,-2.0323227663974615e-13,1.9599417504617463e-07,5.747792186977678,1.2247003905399176,0.9372432166916518,nan,nan,0.03453570709258115,659.4355302962404,0.35106539820576554,0.52812681663111,0.0,288.1456953316024,101317.23283901214,1.224923859007704,340.3862913709511,0.0,0.0,11.755481257117149,84.63693448382854
0.1328125,0.7078346920668505,12.153813648008695,12.153813648008912,104.09994804663535,-2.439832363010884e-07,-2.1094201461059625e-13,1.8907453925087362e-07,5.746475467715601,1.2233836712778403,0.9371392450832743,nan,nan,0.03570596221549808,654.9340120164652,0.3751437503504578,0.5279653667564472,0.0,288.14539907450154,101316.69828527112,1.2249186556613743,340.38611183914793,0.0,0.0,12.153813648008919,90.4695436446355
0.1368125,0.757285437639547,12.572232035233117,12.572232035233327,105.10929353836575,-2.531824254923257e-07,-2.190309200226357e-13,1.8250120749944311e-07,5.745092059634311,1.2220002631965512,0.9370299562103347,nan,nan,0.036935229706604705,660.6014973260837,0.401425846165616,0.527977509012614,0.0,288.1450776446553,101316.11831089649,1.2249130101784762,340.3859170526611,0.0,0.0,12.572232035233334,96.80549888810725
0.140625,0.8059832933112786,12.974795514655323,12.974795514655526,106.07159107727229,-2.619504026902237e-07,-2.267406579934858e-13,1.7756782901008428e-07,5.743773498806833,1.2206817023690726,0.9369257412518732,nan,nan,0.038117919033824076,666.003319261814,0.4275526051350389,0.527989579108269,0.0,288.14476110859346,101315.54716665868,1.224907450636009,340.38572523180767,0.0,0.0,12.974795514655533,103.10371754527844
0.144625,0.8587333035314036,13.400773489219056,13.400773489219253,106.91743195679312,-2.71149591881461e-07,-2.3482956340552525e-13,1.7184857420132772e-07,5.742368837249435,1.2192770408116744,0.9368146685093266,nan,nan,0.03936939970193277,670.7262236864962,0.45609672833541515,0.5280027655319888,0.0,288.144418233527,101314.92849743873,1.224901428469549,340.38551744951735,0.0,0.0,13.40077348921926,109.98434641828086
0.1484375,0.9106027366316262,13.809933317033579,13.80993331703377,107.72382113270379,-2.7991756907935905e-07,-2.425393013763753e-13,1.666000468656266e-07,5.741030019202539,1.2179382227647793,0.9367087517110517,nan,nan,0.040571472340592274,675.2277419662713,0.4843831590968094,0.5280158324455162,0.0,288.14408108221187,101314.3201559127,1.2248955068195584,340.3853131358204,0.0,0.0,13.809933317033778,116.8025189906147
0.1524375,0.9667008122957191,14.238242350285464,14.238242350285649,106.43057421621428,-2.8911675827059635e-07,-2.5062820678841475e-13,1.6118070224511593e-07,5.739631154047716,1.2165393576099564,0.9365980316699347,nan,nan,0.041829805940392976,667.6710948867799,0.5149060087210505,0.5280299319672809,0.0,288.14371644472004,101313.66221949588,1.2248891023929351,340.38509216550034,0.0,0.0,14.238242350285656,124.15938045077333
0.15625,1.0217546164610674,14.641658141393071,14.641658141393252,105.19727240400114,-2.978847354684944e-07,-2.583379447592648e-13,1.5628469708117136e-07,5.738297860697026,1.2152060642592657,0.9364924513850448,nan,nan,0.04301500802031905,660.4686656391395,0.5445085973422054,0.5280436059047802,0.0,288.143358594993,101313.01653063371,1.2248828171696182,340.38487530856577,0.0,0.0,14.641658141393258,131.29405807239647
0.16025,1.0811690340504039,15.067102507975312,15.067102507975488,107.52505463428957,-3.070839246597317e-07,-2.6642685017130424e-13,1.5269146510898484e-07,5.736887402737052,1.2137956062992923,0.9363807072030856,nan,nan,0.044264930554827525,673.6927980282495,0.5766250399896744,0.5280584404654896,0.0,288.14297240127866,101312.31969908372,1.224876034098898,340.3846412751749,0.0,0.0,15.067102507975495,139.0341952970174
0.1640625,1.139399185339028,15.481272387177707,15.481272387177878,109.74451929981355,-3.158519018576297e-07,-2.741365881421543e-13,1.4826468186179114e-07,5.735543059993953,1.2124512635561926,0.9362741498743806,nan,nan,0.045481731376774893,686.2970492116199,0.6087755073954167,0.5280732901179043,0.0,288.14259390529526,101311.63675699281,1.224869386212771,340.38441190660893,0.0,0.0,15.481272387177885,146.78209717988605
0.1680625,1.2022084453714332,15.924911359001607,15.924911359001774,112.0751144552148,-3.2505109104886703e-07,-2.8222549355419374e-13,1.444721179430584e-07,5.73407850227661,1.2109867058388502,0.9361580070185039,nan,nan,0.0467851122931957,699.5211816007298,0.6441823493583363,0.5280896430980304,0.0,288.1421856451051,101310.90010963014,1.224862215529898,340.3841645009337,0.0,0.0,15.924911359001781,155.31424483380852
0.171875,1.2637420673562954,16.35643348820532,16.35643348820548,114.29728280832661,-3.3381906824676506e-07,-2.899352315250438e-13,1.4136482746161737e-07,5.7326825957022685,1.2095907992645083,0.9360472531231518,nan,nan,0.04805289681819725,712.1254327841002,0.6795836978903717,0.5281059927768628,0.0,288.14178567656217,101310.178423364,1.2248551904618317,340.38392211999667,0.0,0.0,16.35643348820549,163.84454066909186
0.175875,1.3300756546193608,16.808728690818292,16.808728690818448,111.85010425310402,-3.4301825743800237e-07,-2.9802413693708324e-13,1.3657139822709094e-07,5.731219970119118,1.2081281736813576,0.9359311477336928,nan,nan,0.04938171429772229,697.9567195100539,0.717707122356346,0.5281235988077733,0.0,288.14135450824494,101309.40044154909,1.2248476173774798,340.38366083199645,0.0,0.0,16.808728690818455,173.0301565362569
0.1796875,1.394966159473988,17.23070904217362,17.23070904217377,109.51644441524338,-3.517862346359004e-07,-3.057338749079333e-13,1.332800374925012e-07,5.729825905110177,1.2067341086724173,0.9358204296116924,nan,nan,0.05062147207387212,684.4521646707285,0.7542148103544113,0.5281404579359716,0.0,288.1409327199634,101308.63938467245,1.2248402090231016,340.3834052282979,0.0,0.0,17.23070904217378,181.82589637630326
0.1836875,1.4647634297914878,17.667501690424125,17.667501690424274,108.87980540329376,-3.609854238271377e-07,-3.1382278031997274e-13,1.2990531157078375e-07,5.72839999007667,1.2053081936389098,0.9357071261773151,nan,nan,0.051904751199086614,680.6738411309827,0.7929593564120618,0.5281583492441992,0.0,288.1404790377063,101307.82077965984,1.2248322404538117,340.38313029685,0.0,0.0,17.66750169042428,191.15994500440925
0.1875,1.5329106017365255,18.081448579417742,18.081448579417888,108.27259385355391,-3.6975340102503574e-07,-3.215325182908228e-13,1.2731557704981472e-07,5.727040914810358,1.203949118372598,0.9355990813260656,nan,nan,0.05312091355111115,677.0726265071627,0.8305745305229066,0.5281757182348079,0.0,288.1400360810887,101307.02152753585,1.224824460247667,340.3828618651397,0.0,0.0,18.081448579417895,200.22130904573248
0.1915,1.606105275995759,18.51656339308575,18.516563393085892,109.28485840761944,-3.7895259021627304e-07,-3.2962142370286223e-13,1.237783411580038e-07,5.725611135508467,1.2025193390707072,0.9354853602241304,nan,nan,0.05439926962152264,682.7401118167813,0.871054534962046,0.5281944091700858,0.0,288.139560315706,101306.16307666845,1.2248161037531289,340.3825735513178,0.0,0.0,18.5165633930859,209.9721353122592
0.1953125,1.6774962479261482,18.93505149358536,18.935051493585497,110.24992344497404,-3.877205674141711e-07,-3.373311616737123e-13,1.2105760581248948e-07,5.724248377111353,1.2011565806735924,0.9353769169212778,nan,nan,0.05562877952107132,688.1419337525115,0.9108980868606488,0.5282128052929883,0.0,288.13909627438846,101305.3257802067,1.2248079531572162,340.3822923422794,0.0,0.0,18.935051493585505,219.5689793569275
0.1993125,1.7541158728576716,19.374115766353935,19.37411576635407,109.28211494947865,-3.969197566054084e-07,-3.4542006708575173e-13,1.1827430029502178e-07,5.722818597809462,1.1997268013717015,0.9352630848221966,nan,nan,0.05691874513030457,682.4744484428929,0.95366033603441,0.528232547997541,0.0,288.1385982468264,101304.42716040755,1.2247992055849384,340.3819905375768,0.0,0.0,19.374115766354077,229.86808682790846
0.203125,1.8287716698811243,19.78899454997743,19.788994549977566,108.35912576703657,-4.056877338033064e-07,-3.531298050566018e-13,1.1638178938488153e-07,5.7214558394123465,1.1983640429745868,0.9351545356477442,nan,nan,0.05813765768047158,677.0726265071627,0.9949701555520105,0.5282516191810183,0.0,288.1381129841458,101303.55157301872,1.224790682191492,340.3816964683923,0.0,0.0,19.788994549977573,239.81665211816954
0.207125,1.9087950191644603,20.22280459629123,20.22280459629136,108.54588291444873,-4.148869229945437e-07,-3.6121871046864123e-13,1.144579909424277e-07,5.720035720781414,1.1969439243436546,0.9350413624669545,nan,nan,0.05941219382107426,678.0172073920992,1.0391036667922544,0.5282719928998744,0.0,288.1375928323754,101302.61303323698,1.2247815459569595,340.3813812564195,0.0,0.0,20.22280459629137,250.44444858347623
0.2109375,1.986683758437049,20.63697496070924,20.636974960709367,108.72380317638672,-4.2365490019244176e-07,-3.689284484394913e-13,1.1151007970493862e-07,5.7186821702113075,1.1955903737735474,0.9349334419608991,nan,nan,0.0606290317224397,678.9175110480542,1.0821347845283777,0.528291856639748,0.0,288.13708655557014,101301.69952885342,1.2247726533983403,340.38107445267553,0.0,0.0,20.636974960709374,260.8059887878186
0.2149375,2.07010282777115,21.072904481196815,21.07290448119694,109.24096571594207,-4.3285408938367906e-07,-3.7701735385153073e-13,1.0848209096909347e-07,5.717254323043608,1.1941625266058482,0.9348195422974621,nan,nan,0.06190980170646068,681.7512537028634,1.128371861967127,0.5283131991056881,0.0,288.13654433161946,101300.72116296613,1.2247631294071921,340.3807458649614,0.0,0.0,21.072904481196947,271.9386300124243
0.21875,2.151238387555257,21.49032536571984,21.490325365719965,109.7339320407945,-4.416220665815771e-07,-3.847270918223808e-13,1.0745380149674388e-07,5.715893406211896,1.192801609774135,0.9347109287144111,nan,nan,0.0631361961705385,684.4521646707285,1.1735545735938704,0.5283340536920973,0.0,288.1360169504809,101299.76957881909,1.2247538660909278,340.38042627199144,0.0,0.0,21.49032536571997,282.81654013450185
0.22275,2.2380745320947675,21.926989701286878,21.926989701287,108.59812818832704,-4.508212557728144e-07,-3.928159972344202e-13,1.0536712127723512e-07,5.714473287580963,1.1913814911432028,0.9345975351296285,nan,nan,0.06441913236859707,677.8400984761736,1.2217718395775328,0.528356307646679,0.0,288.1354525155414,101298.75113636607,1.2247439518964587,340.38008422441806,0.0,0.0,21.926989701287006,294.42408433099007
0.2265625,2.322457802073855,22.338955470364997,22.338955470365114,107.51496517112716,-4.5958923297071243e-07,-4.005257352052703e-13,1.0215721428991925e-07,5.713119737010856,1.1900279405730956,0.9344894043980911,nan,nan,0.0656295074830127,671.5379728844883,1.2681539794372279,0.5283777134379962,0.0,288.13490402428647,101297.76146202105,1.2247343177126258,340.3797518387176,0.0,0.0,22.338955470365125,305.58892897401614
0.2305625,2.41267071047156,22.766740322704486,22.766740322704603,106.37735677704657,-4.6878842216194973e-07,-4.086146406173097e-13,1.0106459234841571e-07,5.711726668258608,1.188634871820848,0.9343780631727945,nan,nan,0.06688636432601669,664.9259066899333,1.3172340116960526,0.5284003630710795,0.0,288.13431764038194,101296.70341578685,1.2247240179083267,340.3793964900715,0.0,0.0,22.766740322704607,317.40221062939935
0.234375,2.500239385932359,23.1702361516724,23.170236151672512,105.2924923291214,-4.775563993598478e-07,-4.163243785881598e-13,9.884312124119404e-08,5.7103988996041215,1.1873071031663616,0.9342718905033665,nan,nan,0.06807186295890016,658.6237810982482,1.3643835829486661,0.5284221206150095,0.0,288.1337484439914,101295.67638197371,1.2247140199617663,340.3790515570588,0.0,0.0,23.17023615167252,328.7498884368567
0.238375,2.5937631625938065,23.59177519390778,23.591775193907893,105.47701490181345,-4.867555885510851e-07,-4.244132840001992e-13,9.771344846937065e-08,5.709017423657024,1.1859256272192642,0.9341613708025477,nan,nan,0.0693103780013739,659.5683619831846,1.4145295922255687,0.5284452595485174,0.0,288.1331405394431,101294.57950480322,1.2247033420619786,340.37868316690253,0.0,0.0,23.5917751939079,340.81770656023195
0.2421875,2.6844737938777237,23.994241443862276,23.99424144386239,105.65280840546899,-4.955235657489832e-07,-4.321230219710493e-13,9.771344846937065e-08,5.707700704394947,1.184608907957187,0.9340559819158699,nan,nan,0.07049285933056648,660.4686656391395,1.4632537554591127,0.5284677410347399,0.0,288.1325509203398,101293.51562111365,1.2246929853046833,340.37832585772594,0.0,0.0,23.994241443862393,352.54234095437863
0.2461875,2.781295149615417,24.41622825149361,24.41622825149372,105.34054846872837,-5.047227549402205e-07,-4.402119273830887e-13,9.541398640621977e-08,5.706321160582042,1.1832293641442815,0.9339455124425871,nan,nan,0.07173269786592402,658.5795038692668,1.5152299191872873,0.5284917215412659,0.0,288.1319215815275,101292.38006886677,1.22468193081735,340.37794447840565,0.0,0.0,24.416228251493735,365.04841492097034
0.25,2.875146869007908,24.817271328211294,24.8172713282114,105.04266244315824,-5.134907321381186e-07,-4.479216653539388e-13,9.305772182939053e-08,5.705006282885366,1.1819144864476059,0.9338401714978002,nan,nan,0.07291100579422732,656.7788965573568,1.565469782079809,0.5285148995446586,0.0,288.1313115453514,101291.27934547763,1.2246712153393648,340.377574796483,0.0,0.0,24.817271328211415,377.1356369232028
0.254,2.9752559028975303,25.237147399942938,25.237147399943044,104.89533776669974,-5.226899213293559e-07,-4.560105707659782e-13,9.185692672385244e-08,5.703632535475036,1.1805407390372755,0.9337300623477793,nan,nan,0.07414465142850533,655.8343156724203,1.6189497868866531,0.5285395708423171,0.0,288.13066083663114,101290.1052342756,1.2246597853852894,340.3771804669985,0.0,0.0,25.23714739994306,390.0012417839267
0.2578125,3.072234521885424,25.636792880915515,25.636792880915618,104.7547183124362,-5.314578985272539e-07,-4.637203087368283e-13,8.940696716308596e-08,5.702323182474565,1.1792313860368044,0.9336250651833375,nan,nan,0.07531886132159327,654.9340120164652,1.6706901968376617,0.5285634381220493,0.0,288.1300304756077,101288.96783759433,1.2246487127972654,340.3767984682183,0.0,0.0,25.636792880915632,402.4472129916269
0.2618125,3.1756211046069818,26.05684184989279,26.056841849892894,105.26977367413194,-5.406570877184913e-07,-4.718092141488678e-13,8.940696716308596e-08,5.7009455707958505,1.1778537743580906,0.9335145422807894,nan,nan,0.07655302342165947,657.7677546712744,1.7259525279386512,0.5285889283547697,0.0,288.12935846282005,101287.75528623712,1.2246369085230449,340.37639122846895,0.0,0.0,26.05684184989291,415.73912978972106
0.265625,3.27572905978292,26.459118725363144,26.459118725363243,105.76072485934525,-5.494250649163893e-07,-4.795189521197178e-13,8.815645848363069e-08,5.699632534664577,1.1765407382268165,0.9334091504100214,nan,nan,0.07773497240137471,660.4686656391395,1.7797228014805502,0.5286137286774298,0.0,288.1287077611114,101286.5811876866,1.2246254785371773,340.3759969032335,0.0,0.0,26.45911872536326,428.6709418579003
0.269625,3.3824103422667715,26.881202904770507,26.881202904770607,105.28130750145847,-5.586242541076267e-07,-4.876078575317573e-13,8.560065398421929e-08,5.698254922985862,1.1751631265481026,0.9332985231202657,nan,nan,0.07897512261755349,657.6349229843304,1.8370306681223727,0.5286401588515223,0.0,288.12801433277525,101285.32999502253,1.2246132979743303,340.3755766856618,0.0,0.0,26.881202904770625,442.45221487258016
0.2734375,3.4856589609186654,27.281716325268423,27.281716325268523,104.8240416263405,-5.673922313055247e-07,-4.953175955026074e-13,8.429369702178808e-08,5.696941886854589,1.1738500904168285,0.9331930316849628,nan,nan,0.08015189922967036,654.9340120164652,1.8922526692425001,0.5286656253386831,0.0,288.127343216754,101284.11906175264,1.2246015092873637,340.3751699893529,0.0,0.0,27.281716325268537,455.73058122826876
0.2774375,3.5956235802126173,27.70038369040185,27.700383690401946,104.50959500778751,-5.765914204967621e-07,-5.034065009146469e-13,8.296615425989067e-08,5.695573935846833,1.1724821394090734,0.9330830765670559,nan,nan,0.08138202014542416,653.0448502465924,1.950855331023383,0.5286926490481112,0.0,288.1266284467286,101282.8293610501,1.2245889537226835,340.3747368387176,0.0,0.0,27.70038369040196,469.8204444469524
0.28125,3.701990098157584,28.098254792643676,28.098254792643772,104.20963021339631,-5.853593976946601e-07,-5.111162388854969e-13,8.296615425989067e-08,5.694270107542567,1.1711783111048069,0.9329782264221737,nan,nan,0.08255104253816854,651.2442429346823,2.0073785993269944,0.5287187120951586,0.0,288.12593706436195,101281.58186004657,1.2245768089235467,340.3743178610033,0.0,0.0,28.098254792643786,483.4089952651468
0.28525,3.8152186091700724,28.516454430602444,28.516454430602536,104.89020606350228,-5.945585868858975e-07,-5.192051442975364e-13,8.024520884654679e-08,5.692898292266428,1.1698064958286682,0.9328678571105258,nan,nan,0.08377979859406749,655.022566474428,2.0676636694465307,0.5287465077346869,0.0,288.1252010790404,101280.25387936388,1.2245638805663734,340.37387185389844,0.0,0.0,28.51645443060255,497.9004325589529
0.2890625,3.9247014610540196,28.91758502444419,28.917585024444282,105.53897320032183,-6.033265640837955e-07,-5.269148822683865e-13,8.024520884654679e-08,5.691590780831358,1.1684989843935987,0.9327626118392709,nan,nan,0.08495840619464602,658.6237810982482,2.1263300027643255,0.5287735549982066,0.0,288.1244894405031,101278.96982898569,1.2245513798232976,340.3734406009449,0.0,0.0,28.917585024444296,512.001294142891
0.2930625,4.041214387424489,29.338446715231782,29.338446715231875,104.89180526691075,-6.125257532750329e-07,-5.35003787680426e-13,7.884953353001449e-08,5.69021896555522,1.16712716911746,0.9326521385775243,1.168884013317841,2.362318747403168,0.08619499283535219,654.8454575585025,2.1887682538811424,0.5288023391375472,0.0,288.1237321064817,101277.60332761497,1.2245380763190652,340.37298165652794,0.0,0.0,29.33844671523189,527.0071799696299
0.296875,4.153828029935919,29.73717028738885,29.737170287392107,104.27459847785232,-6.433936531056253e-07,-5.473300029560237e-13,4.6814316726938343e-07,5.68891145412015,1.1658196576823905,0.9325467941588456,1.1688876774123258,2.363408832534802,0.08736653801710353,651.2442429346823,2.2487593257917404,0.5288299931535604,0.0,288.1230001178054,101276.28255830938,1.22452521797055,340.37253807139007,0.0,0.0,29.73717028739212,541.4233945222165
0.30259375,4.3255914078662006,30.332877728360888,30.332877728377422,104.06017260613295,-7.735730702883542e-07,-6.104977443337493e-13,1.0440387758972737e-06,5.686963998708057,1.1638722022702974,0.932389800519162,1.1688932538523016,2.365034533331396,0.08911687821404536,649.8937874507498,2.339906325759841,0.5288720053301584,0.0,288.1218836558488,101274.2680617321,1.2245056057149155,340.37186149544436,0.0,0.0,30.33287772837743,563.323684156874
0.3046875,4.389328902105697,30.55067142554254,30.5506714255665,103.98155861046838,-8.46773104624028e-07,-6.571594687894422e-13,1.2524069183738272e-06,5.686250995906908,1.1631591994691486,0.9323322950806753,1.1688953233550328,2.3656302827435747,0.08975681428501339,649.3993583937909,2.3736843364093945,0.5288875733886225,0.0,288.1214693621363,101273.52052773774,1.2244983280129578,340.37161043345463,0.0,0.0,30.550671425566513,571.4387926383896
0.307828125,4.485790795235029,30.878077500185302,30.878077500222993,104.51585237723212,-9.825878636478276e-07,-7.605261486308125e-13,1.5625627909802988e-06,5.685176940623476,1.1620851441857158,0.9322456426374964,1.1688984659131716,2.3665282327567514,0.09071882326123729,652.3659327355444,2.4249201027187475,0.5289111863715856,0.0,288.12084235983093,101272.38919138486,1.2244873137198167,340.3712304700575,0.0,0.0,30.87807750022301,583.7471861218253
0.3125,4.631192808321561,31.368219290030115,31.368219290094007,105.31075485066093,-1.2430830755156856e-06,-1.0081929621653447e-12,2.018378647964978e-06,5.683579216594887,1.160487420157127,0.932116681144739,1.1689032419474674,2.367865608027284,0.09215899954230525,656.7788965573568,2.5026503742671853,0.5289470069423543,0.0,288.1198972467459,101270.6838694401,1.2244707112140807,340.370657731528,0.0,0.0,31.368219290094025,602.4182727586157
0.3203125,4.879464560702352,32.18854385528774,32.18854385541101,104.69215915372843,-1.8379097868495066e-06,-1.758114944882795e-12,2.7675672795604885e-06,5.680899889883679,1.1578080934459187,0.9319002544592896,1.1689114221467924,2.3701116768750286,0.09456936315642493,653.0891274755738,2.6355017857172465,0.5290082212581809,0.0,288.1182834803554,101267.77205784537,1.22444236243325,340.36967978909536,0.0,0.0,32.18854385541103,634.3238079649566
0.328125,5.134132816746467,33.00656867384769,33.006568674048665,104.72209799855365,-2.6356918474951253e-06,-3.0679142239608027e-12,3.4897043366345093e-06,5.678228110571657,1.155136314133897,0.9316842340426377,1.1689198169345565,2.372355828919188,0.09697299116601224,653.0891274755738,2.77142097160338,0.529070839052779,0.0,288.11662813669113,101264.78522598212,1.2244132829410315,340.3686766508348,0.0,0.0,33.00656867404868,666.9584704445297
0.3359375,5.395199412334275,33.827364621346916,33.82736462164416,105.40164418239844,-3.6391743601294817e-06,-5.0992319129166754e-12,4.192128612223421e-06,5.6755487838604495,1.1524569874226889,0.9314673991518675,1.168928476905202,2.3746107775333445,0.09938478227778895,656.7788965573568,2.911255808181929,0.529135249922703,0.0,288.1149312038198,101261.72335231854,1.2243834725026062,340.36764830951483,0.0,0.0,33.82736462164417,700.5252475038635
0.34375,5.662676059987798,34.64457772299934,34.64457772341165,103.804623632831,-4.852981890879e-06,-8.017683152210621e-12,4.878827687406643e-06,5.672880778248021,1.1497889818102605,0.9312512769370561,1.168937329213984,2.3768605227692783,0.10178606908240684,647.5544738528995,3.053920116190404,0.5292009531790858,0.0,288.11319260561004,101258.58629948637,1.224352929754706,340.3665947189997,0.0,0.0,34.64457772341167,734.7628219660004
0.3515625,5.936498351351028,35.45311729458444,35.45311729513076,103.18133765668365,-6.2816823147681915e-06,-1.1992095798580613e-11,5.5515175469833155e-06,5.6702391885327454,1.1471473920949848,0.931037094173671,1.1689463102234572,2.379092160497862,0.10416189541738965,643.8647047711166,3.1984495491734792,0.5292675044129138,0.0,288.1114127607162,101255.37482288768,1.2243216620256494,340.365516132994,0.0,0.0,35.453117295130774,769.4393501604086
0.359375,6.216631567879243,36.2618684142962,36.2618684149954,103.8589277579546,-7.929761362672933e-06,-1.7194416216386568e-11,6.209941603257942e-06,5.667597598817469,1.1445058023797092,0.9308227117549736,1.1689555198475732,2.381328080925996,0.10653836612527498,647.5544738528995,3.3463821830218423,0.5293356107406887,0.0,288.1095918948088,101252.08932971285,1.2242896732531519,340.3644126882541,0.0,0.0,36.261868414995405,804.9233868053699
0.3671875,6.5030972073684445,37.07336960989576,37.073369610766676,103.88528253488874,-9.801666663729132e-06,-2.379962088336182e-11,6.854453164133223e-06,5.664948461703007,1.141856665265247,0.9306075160225209,1.168964989264605,2.383574732420841,0.10892294004919431,647.5544738528995,3.498203212578025,0.5294054944841484,0.0,288.1077298681521,101248.72956782872,1.2242569609549698,340.3632843001002,0.0,0.0,37.07336961076669,841.3306454204039
0.375,6.795900184142828,37.88380171688903,37.88380171795067,103.58520476352079,-1.1901822676300292e-05,-3.1985655604445576e-11,7.486450752072286e-06,5.662303098288138,1.1392113018503782,0.9303924259059281,1.168974672052445,2.385822461465169,0.1113043969148488,645.709589312008,3.6532103363043342,0.529476831728988,0.0,288.10582664880303,101245.29547959853,1.2242235245418636,340.3621309491747,0.0,0.0,37.88380171795068,878.4920480021311
0.3828125,7.095042073062965,38.69825229832131,38.69825229959255,104.91419254143254,-1.423461422329275e-05,-4.193337222687552e-11,8.105587955665048e-06,5.65964641377449,1.1365546173367296,0.9301762129273246,1.1689846328298388,2.3880841990251422,0.11369768476862632,653.0891274755738,3.812397958892388,0.5295500788083369,0.0,288.10388222652506,101241.78704655179,1.224189363805296,340.36095262927415,0.0,0.0,38.69825229959257,916.6452867295227
0.390625,7.400574154564552,39.517993441604936,39.51799344310469,104.93944189060568,-1.6804410417821148e-05,-5.3826463252171196e-11,8.712198085467482e-06,5.656974634462468,1.133882838024708,0.9299585666516479,1.168994891409926,2.3903632475827807,0.11610654180801785,653.0891274755738,3.976075895262619,0.5296253769936209,0.0,288.1018962679953,101238.20366725494,1.2241544728598177,340.35974913840516,0.0,0.0,39.51799344310471,955.8637630857581
0.3984375,7.7124979528463715,40.33283149086732,40.3328314926149,103.65885843158951,-1.96155676146182e-05,-6.785141214264563e-11,9.30902863345755e-06,5.654317949948819,1.1312261535110593,0.9297419460712403,1.1690053143874244,2.392633683161841,0.11850101897508732,645.709589312008,4.142212145367664,0.529701791348277,0.0,288.09986876330646,101234.54532383167,1.2241188515011725,340.3585204705637,0.0,0.0,40.332831492614915,995.6598953663757
0.40625,8.030771814976294,41.14658267607824,41.146582678092884,104.66145397614318,-2.267237937209654e-05,-8.419742880202369e-11,9.895717431617413e-06,5.651665039134764,1.1285732426970039,0.92952542997008,1.1690159500837263,2.394905201136462,0.12089232901115626,651.2442429346823,4.311549762425306,0.5297796625900316,0.0,288.0977999832026,101230.81250480107,1.2240825044553507,340.35726678982076,0.0,0.0,41.1465826780929,1036.2110965678746
0.4140625,8.355413778418207,41.96051440691075,41.96051440921173,103.704866352863,-2.5979090764085358e-05,-1.0305636006949156e-10,1.0472527182003793e-05,5.649012128320709,1.1259203318829485,0.9293087105066704,1.169026815188616,2.3971810468194565,0.12328419621080387,645.709589312008,4.484349318438849,0.5298591095224799,0.0,288.09568981044026,101227.00499861393,1.2240454296311636,340.3559880251268,0.0,0.0,41.96051440921175,1077.5790725550646
0.421875,8.686392020737273,42.76951884466643,42.76951884727337,103.40013873277674,-2.9539903589437366e-05,-1.2462261334544095e-10,1.1041126976353875e-05,5.646374312305026,1.1232825158672661,0.9290930222418892,1.169037836555333,2.3994481431344394,0.12566161366342443,643.8647047711166,4.6594980112958755,0.529939620216853,0.0,288.0935384518652,101223.12317849408,1.224007630630912,340.3546843018303,0.0,0.0,42.76951884727338,1119.4968054616306
0.4296875,9.023694601256459,43.58124644769951,43.581246450631646,104.40213358145245,-3.3358954539352035e-05,-1.4909307567866012e-10,1.1599977356671335e-05,5.643728948890157,1.1206371524523973,0.9288765143565708,1.1690491216916317,2.4017260733506083,0.12804705969544114,649.3993583937909,4.838642023813785,0.5300219497188188,0.0,288.09134598509183,101219.16718448563,1.2239691087858626,340.3533556669656,0.0,0.0,43.58124645063166,1162.3575895924077
0.4375,9.367359407219503,44.39697156584578,44.39697156912229,104.42339827013666,-3.744035120007102e-05,-1.7666702380153793e-10,1.2149098666652241e-05,5.6410722643765085,1.1179804679387486,0.9286588755371826,1.1690606916395225,2.404018161023399,0.13044427919324159,649.3993583937909,5.022107816241383,0.530106246660511,0.0,288.08911216385303,101215.13657223473,1.2239298597359871,340.35200197129495,0.0,0.0,44.39697156912231,1206.2386172952556
0.4453125,9.717394380360364,45.211582394402996,45.21158239804349,104.11684155811595,-4.178817891645362e-05,-2.0754606022973178e-10,1.2690252663392625e-05,5.638419353562453,1.1153275571246932,0.9284413412085069,1.1690724721352506,2.406311309267437,0.13283825360784762,647.5544738528995,5.208765543765377,0.5301919913375721,0.0,288.0868369365276,101211.03124859813,1.22388988254044,340.35062318353573,0.0,0.0,45.211582398043504,1250.8688111124154
0.453125,10.073794124727156,46.02763057238543,46.027630576409344,104.79146067824882,-4.640647637620539e-05,-2.419340490835532e-10,1.3222998596503517e-05,5.6357626690488045,1.1126708726110446,0.9282232922065121,1.1690845015534164,2.4086120934690425,0.13523648054107992,651.2442429346823,5.399205086492898,0.5302794533598503,0.0,288.08452033818924,101206.8512768613,1.2238491777810137,340.3492193249427,0.0,0.0,46.02763057640935,1296.3884175435057
0.4609375,10.436586503030254,46.847670348663364,46.847670353089946,105.13865574832083,-5.1299246386098215e-05,-2.800370332632563e-10,1.3746916831150601e-05,5.633094663436376,1.1100028669986162,0.9280041070290095,1.1690968211109984,2.4109271408198896,0.13764646543982403,653.0891274755738,5.594060373243843,0.5303689222346288,0.0,288.08216218773026,101202.59633024136,1.223807742240315,340.3477902857645,0.0,0.0,46.84767035308997,1342.948006659197
0.46875,10.805789369303747,47.667861814477604,47.66786181932649,104.8302258971141,-5.647046715270172e-05,-3.220631612675011e-10,1.4263400523988848e-05,5.630426657823948,1.1073348613861878,0.9277847141275387,1.1691093726699817,2.41324658542443,0.14005692665935546,651.2442429346823,5.792447358240864,0.5304599912536312,0.0,288.0797623690995,101198.2661993404,1.2237655738432578,340.3463359956743,0.0,0.0,47.667861819326504,1390.335396368048
0.4765625,11.181400562437027,48.48948139487718,48.48948140016789,105.50435228519436,-6.192407439820535e-05,-3.6822262267414643e-10,1.477229754600095e-05,5.627754878511926,1.104663082074166,0.9275648024496987,1.169122177084831,2.4155737463513227,0.1424716151260922,654.9340120164652,5.994688050945392,0.5305528068535921,0.0,288.07732089634413,101193.86090950464,1.2237226728000659,340.34485646318456,0.0,0.0,48.48948140016792,1438.626611562512
0.484375,11.563444560108893,49.31380573937653,49.31380574512847,105.52257830929223,-6.76639657044418e-05,-4.187275664895512e-10,1.52734794254732e-05,5.625075551800718,1.101983755362958,0.9273440597605959,1.1691352566179805,2.4179119685738457,0.1448942825369572,654.9340120164652,6.201126489110147,0.5306475253826217,0.0,288.0748376103593,101189.3801736519,1.2236790362776715,340.34335159187776,0.0,0.0,49.31380574512849,1487.9028114410842
0.4921875,11.951922466408332,50.135706641390556,50.13570664762376,104.88388624301741,-7.369400418868304e-05,-4.737920247131163e-10,1.5768745040787957e-05,5.622403772488696,1.0993119760509362,0.9271237293824952,1.1691485272440787,2.420247978615835,0.1473098617287716,651.2442429346823,6.41048180148401,0.5307435587357631,0.0,288.0723125039683,101184.82397883308,1.2236346641119427,340.3418213774048,0.0,0.0,50.13570664762379,1537.8573654570625
0.5,12.346822004006778,50.96030652612772,50.960306532861594,106.21371193378647,-8.001799588250143e-05,-5.336318426884743e-10,1.6256668328548504e-05,5.619724445777488,1.096632649339728,0.9269025662107858,1.169162074557183,2.4225950834639707,0.14973340401810564,658.6237810982482,6.624064993970498,0.5308415062508625,0.0,288.0697456569739,101180.19246904069,1.2235895576665698,340.34026586812615,0.0,0.0,50.96030653286162,1588.8021895648865
0.5078125,12.748190955966956,51.79016698353446,51.79016699078809,106.23046161533551,-8.663971288068865e-05,-5.98464578635111e-10,1.6736664257181402e-05,5.6170300242679065,1.0939382278301468,0.926679944273082,1.1691759453056334,2.4249600103255142,0.15217243672926634,658.6237810982482,6.842594949233153,0.5309416970002829,0.0,288.0671367587862,101175.48508385944,1.2235437114442642,340.33868487582447,0.0,0.0,51.790166990788116,1640.9075614597507
0.515625,13.156033670316276,52.61630521206441,52.616305219858084,105.2607263399455,-9.35629031335986e-05,-6.685094270131477e-10,1.721178295833257e-05,5.614346923857106,1.0912551274193454,0.9264580453863261,1.1691899852621646,2.427319398758384,0.1546005667962763,653.0891274755738,7.063716586525309,0.5310430501523058,0.0,288.06448578114293,101170.70177229428,1.223497124908183,340.3370783833726,0.0,0.0,52.61630521985812,1693.6109531889495
0.5234375,13.570317698607973,53.441281647675524,53.44128165602919,105.93320151505957,-0.0001007912487417808,-7.439871681955994e-10,1.7681331337576986e-05,5.611667597145898,1.0885758007081372,0.9262362468485607,1.1692042373102693,2.4296799046170867,0.1570253178230463,656.7788965573568,7.288087487329074,0.5311458654791975,0.0,288.06179293495904,101165.84291491112,1.2234498017240547,340.3354465185852,0.0,0.0,53.44128165602921,1747.0683229978756
0.53125,13.991057341512455,54.2676577461171,54.26765775505032,105.61894510103869,-0.00010832837482831408,-8.251200641090972e-10,1.8144646600764526e-05,5.608984496735096,1.0858927002973358,0.9260139235710169,1.1692187471765896,2.432048236055727,0.15945421663422357,654.9340120164652,7.516409927191976,0.5312504630012764,0.0,288.05905812728014,101160.90834398704,1.2234017402169903,340.3337892251318,0.0,0.0,54.26765775505035,1801.4460199176974
0.5390625,14.41824010030088,55.09028955505293,55.090289564586094,104.97463387304097,-0.00011617786017022407,-9.121317627481871e-10,1.8603561164778126e-05,5.606312717423075,1.083220920985314,0.9257923269098958,1.1692334209244377,2.4344109401454195,0.16187214930346022,651.2442429346823,7.747248889626006,0.5313561852032599,0.0,288.056281439348,101155.8982061112,1.22335294177274,340.3321065522449,6.45665852084419e-05,1.0113058210907279e-05,55.09028956458612,1856.4013911881727
0.546875,14.851840040301367,55.91174054321112,55.91174055336418,105.31674706138996,-0.0001243432145881767,-1.005247229427331e-09,1.9057332682883538e-05,5.603644711810646,1.0805529153728857,0.9255708323743603,1.1692483036444115,2.4367747127005113,0.1642866484540423,653.0891274755738,7.981295976037346,0.5314633472990895,0.0,288.053463039738,101150.81280545384,1.2233034093113955,340.33039860208123,6.788679441749443e-05,7.623952897416999e-06,55.91174055336421,1912.098297811337
0.5546875,15.291874704376802,56.73843634783991,56.73843635863163,106.31736618181962,-0.00013282789145507024,-1.1046926357132587e-09,1.950391238500955e-05,5.600961611399844,1.0778698149620842,0.9253478718762356,1.1692635168570187,2.439156449807831,0.16671659528794955,658.6237810982482,8.220414238091095,0.531572799284652,0.0,288.05060281442155,101145.65193626656,1.2232531407858172,340.32866530553946,7.441569899875405e-05,3.227776780461454e-06,56.73843635863166,1968.9789348560314
0.5625,15.738385061931288,57.567802127056986,57.56780213850655,106.0001382290543,-0.00014163531760476539,-1.2106952426894564e-09,1.994434006128605e-05,5.598270963589856,1.0751791671520963,0.9251240695831882,1.1692790152004793,2.441549456172911,0.16915442487441598,656.7788965573568,8.463912960290372,0.5316842236763453,0.0,288.0477004970974,101140.41511804692,1.223202131471792,340.32690650124107,7.848115937608207e-05,-1.1962981771302444e-07,57.56780213850657,2026.8776391184313
0.5703125,16.191368502245645,58.39597357935187,58.39597359147912,106.01164883396221,-0.0001507688815812702,-1.3234833402313583e-09,2.0380027864477843e-05,5.595584089479462,1.0724922930417016,0.924900366399378,1.1692947251833632,2.443943587839852,0.1715887831438209,656.7788965573568,8.710669163963697,0.5317971060218845,0.0,288.04475610473537,101135.10238141428,1.2231503816228229,340.32512219946966,8.351706673776235e-05,3.706305706273478e-07,58.39597359147915,2085.5262783464627
0.578125,16.650829087142988,59.226809345654864,59.226809358478825,106.68226114807646,-0.00016023191543959958,-1.4432861828875964e-09,2.080975303649093e-05,5.592889667969881,1.0697978715321204,0.9246758189913408,1.1693107226761725,2.4463490368483174,0.17403100875914038,660.4686656391395,8.96184747432389,0.5319119765962877,0.0,288.04176961093356,101129.71367873026,1.2230978907294765,340.32331238422574,9.112877894646974e-05,9.095832412214498e-08,59.22680935847886,2145.2005312413985
0.5859375,17.116787615039115,60.05772811379519,60.05772812733535,106.03277887545435,-0.00017002770932037067,-1.5703338805344615e-09,2.12345206919106e-05,5.590195246460299,1.0671034500225391,0.9244510551238277,1.1693269579003982,2.4487590277657043,0.17647351751472634,656.7788965573568,9.216688043252857,0.5320284869214671,0.0,288.03874088050225,101124.2487660643,1.2230446563695037,340.32147697358437,9.851492819313715e-05,2.437459304928695e-06,60.05772812733538,2205.7186640452846
0.59375,17.58922457865934,60.886147051371296,60.886147065647656,106.042363746907,-0.00018015949946714927,-1.7048573313556083e-09,2.1655314694200808e-05,5.587508372349904,1.0644165759121444,0.9242267049846095,1.169343378182912,2.451166731983024,0.17890872049440396,656.7788965573568,9.474385268669154,0.5321462681065102,0.0,288.0356700402387,101118.70787220403,1.2229906807247524,340.31961604438465,0.0001050251837979987,9.285581412665574e-07,60.886147065647684,2266.888382252191
0.6015625,18.068133851193263,61.71463835770163,61.71463837273354,106.05130505404243,-0.00019063045583749726,-1.8470881466149274e-09,2.2071300969747394e-05,5.58482149823951,1.0617297018017497,0.9240021389743627,1.1693600348872677,2.45357895912905,0.18134417634222733,656.7788965573568,9.735728296134141,0.5322656788190784,0.0,288.03255712996724,101113.0910690067,1.2229359644478464,340.31772962076013,0.00011357710562481287,1.7576451045551243e-06,61.71463837273357,2328.8960184708094
0.609375,18.553522701592765,62.545778827914454,62.545778843720534,106.7206057458694,-0.00020144369372112174,-1.9972585356261802e-09,2.2481645158777568e-05,5.582127076729929,1.0590352802921685,0.9237767250659402,1.169376982361,2.4560025729505983,0.18378745740117453,660.4686656391395,10.001553040269512,0.5323870985071737,0.0,288.02940210243963,101107.39827121964,1.2228805066602775,340.3158176740784,0.0001222889937317998,2.948832234305416e-06,62.54577884372056,2391.9386494429496
0.6171875,19.045421899156597,63.380856684537875,63.3808567011363,107.05924619631699,-0.00021260228685840153,-2.1556011931465417e-09,2.288597644735367e-05,5.579421334121568,1.0563295376838076,0.9235501449518205,1.1693942503887573,2.4584410543693678,0.18624234981438983,662.3135501800311,10.272319699408099,0.5325107348826019,0.0,288.0262047576555,101101.62911797057,1.2228243037977078,340.3138800831392,0.00013132969938110892,8.891922800602337e-07,63.38085670113633,2456.1239296521767
0.625,19.54384537899801,64.21470238699379,64.21470240440884,106.40509005583367,-0.00022410927150941966,-2.3223492091911898e-09,2.223974720837307e-05,5.5767193652128,1.0536275687750398,0.9233236614420663,1.1694123513521713,2.460886899101049,0.18869366377040103,658.6237810982482,10.546371130825785,0.5326358311120777,0.0,288.0229650050365,101095.78344582397,1.2227673542183155,340.3119167930521,0.00013701410441287234,5.470186498271867e-06,64.21470240440887,2521.0577142902775
0.6328125,20.048766668347785,65.0447251879661,65.04472520624812,106.08061273740987,-0.00023597416428738568,-2.3677510054075288e-09,2.1544492353678433e-05,5.574028717402812,1.0509369209650519,0.9230979086912426,1.169430634291113,2.4633272559987027,0.19113378679864612,656.7788965573568,10.822824735977264,0.5327619840426784,0.0,288.01968301665573,101089.86156526103,1.2227096608966128,340.3099279080934,0.00014997323438099044,4.490168849033055e-06,65.04472520624816,2586.529967778846
0.640625,20.56016933487472,65.87479601778335,65.87479603698537,106.41743981297724,-0.0002482101610013708,-1.92072150233197e-09,2.0762307174638673e-05,5.571338069592824,1.048246273155064,0.9228719378882609,1.169449203581467,2.46577265693206,0.1935740940045533,658.6237810982482,11.102951074009564,0.5328897708814097,0.0,288.0163588993233,101083.86366900548,1.2226512256594502,340.3079134929899,0.0001607978338418559,9.437577091647254e-06,65.87479603698542,2652.840621243113
0.6484375,21.078057096321977,66.70361491951974,66.70361493969985,105.76003868897277,-0.0002608313219535019,-5.560838134583466e-10,1.9917563406809436e-05,5.568651195482429,1.0455593990446692,0.9226460661059775,1.169468016089631,2.4682194998365334,0.19601076598289283,654.9340120164652,11.386306662653766,0.5330189883083204,0.0,288.01299262887386,101077.78971345442,1.2225920480306742,340.30587353309755,0.00017168591834562888,1.1210137884402177e-05,66.7036149396999,2719.883563358512
0.65625,21.602399930089092,67.52729286462926,67.52729288585077,105.10135730237997,-0.0002738524105531826,2.3664192866340384e-09,1.90281118723364e-05,5.565979416170408,1.0428876197326475,0.9224212470296356,1.1694869728179482,2.4706572578831265,0.19843237504043937,651.2442429346823,11.671521042873591,0.533149011822254,0.0,288.0095844004544,101071.64005072264,1.2225321313889923,340.30380814667535,0.00017712434965973882,9.67340232115291e-06,67.52729288585081,2787.3337011726185
0.6640625,22.133167752363256,68.34970568788466,68.34970571021442,105.4362456048508,-0.0002872888201877169,7.422338534974106e-09,1.808851828453663e-05,5.563311410557979,1.0402196141202191,0.922196530013001,1.1695061611358575,2.473096311228565,0.20085031078284354,653.0891274755738,11.959900713252031,0.5332804386887661,0.0,288.0061344096096,101065.41503364283,1.2224714791197813,340.30171745222344,0.00018973775789082138,1.0353199171650485e-05,68.3497057102145,2855.4991677035964
0.671875,22.670370891371014,69.17473350763001,69.17473353113921,105.77079539545282,-0.00030115685626803284,1.5202229399609762e-08,1.7071190654591252e-05,5.560635857546364,1.0375440611086042,0.9219709607493211,1.1695256859954657,2.475547252461446,0.20327597577167722,654.9340120164652,12.252822110868118,0.5334138963987223,0.0,288.00264258920606,101059.11454108224,1.222410089989943,340.2996014090589,0.00019945276293340165,7.364154988554921e-06,69.17473353113927,2924.7040065906426
0.6796875,23.214023014017382,69.99978065058501,69.99978067535106,105.44114137175858,-0.0003154737688012007,2.6165892618325127e-08,1.5989563937738164e-05,5.557960304534749,1.0348685080969893,0.9217451743115377,1.1695454812068542,2.478003068953165,0.20570174306587696,653.0891274755738,12.54938318947758,0.5335489654958243,0.0,287.99910885040885,101052.73841275093,1.2223479623840772,340.29745996334776,0.00021180694047888489,1.1621951003956424e-05,69.99978067535112,2994.7337414977524
0.6875,23.76411412526202,70.82354574705543,70.82354577316174,105.44261690487004,-0.00033025749807450425,4.080270696307014e-08,1.485617373370403e-05,5.5552885252227275,1.0321967287849676,0.9215194893035227,1.1695655087902885,2.4804601948676583,0.20812378895001316,653.0891274755738,12.84911100982227,0.5336854296132988,0.0,287.9955332581858,101046.28676587401,1.2222850973901298,340.2952931544606,0.00021960928582847233,1.798694542881243e-05,70.82354577316181,3065.4755231634263
0.6953125,24.320644319132004,71.64861756549162,71.64861759302764,105.77568628797617,-0.00034552690041171396,5.966014676200262e-08,1.3685692418393235e-05,5.552612972211113,1.0295211757733527,0.9212932678829815,1.1695858210061805,2.48292553123199,0.21054972136156216,654.9340120164652,13.1529539677212,0.5338237177002277,0.0,287.9919158119256,101039.7595993487,1.2222214949424821,340.2931009820269,0.0,0.0,71.6486175930277,3137.1519350742474
0.703125,24.88362378537648,72.47369337227097,72.47369340133203,105.4435888866635,-0.0003613017630539743,8.362421940903921e-08,1.2483011442271942e-05,5.549937419199498,1.0268456227617377,0.9210668283456015,1.1696063847421838,2.485395563965823,0.21297571264900225,653.0891274755738,13.460444277323804,0.5339636156179636,0.0,287.98825644539505,101033.15679366629,1.2221571538210443,340.2908834059094,0.0,0.0,72.4736934013321,3209.6512599377847
0.7109375,25.453045777137337,73.29876890638256,73.29876893706981,105.77566455434099,-0.0003776022850569251,1.1370121346737007e-07,1.1250771427236586e-05,5.547261866187883,1.0241700697501228,0.9208401703757766,1.169627198484214,2.487870281084373,0.21540175081824942,654.9340120164652,13.771584743017756,0.5341051229182519,0.0,287.9845552024486,101026.47842795616,1.2220920747406676,340.2886404526838,0.0,0.0,73.29876893706987,3282.9728668367866
0.71875,26.02891703340666,74.12383814550628,74.12383817792713,105.44192964207183,-0.0003944494337288141,1.5076270325591353e-07,9.955213646126956e-06,5.544586313176268,1.0214945167385079,0.9206132936572914,1.1696482823186223,2.4903498866133087,0.21782781873221224,653.0891274755738,14.08637744787926,0.5342482388175738,0.0,287.98081203928285,101019.72442318118,1.2220262568742803,340.2863720958054,0.0,0.0,74.12383817792723,3357.1159411268004
0.7265625,26.611220562672294,74.94499610751986,74.94499614180239,104.77435598357357,-0.00041186623007231964,1.9551640722561875e-07,8.622559210300526e-06,5.541922081263433,1.0188302848256727,0.92038715924832,1.169669523097613,2.49282363849293,0.22024244123822972,649.3993583937909,14.403307239242096,0.5343922752031589,0.0,287.9770270663426,101012.89497862334,1.2219597021064135,340.2840784022036,0.0,0.0,74.94499614180248,3431.7225732843162
0.734375,27.199925778227573,75.76353551955721,75.76353555583782,104.77162755026686,-0.0004298779713870816,2.486110193839206e-07,7.292698926876416e-06,5.5392653967497845,1.016173600312024,0.9201614488415425,1.1696909267899005,2.49529477948358,0.22264941755580356,649.3993583937909,14.722835172251726,0.5345374399558037,0.0,287.9732004824415,101005.99045301345,1.2218924138750882,340.2817594923596,0.0,0.0,75.76353555583789,3506.900460197233
0.7421875,27.79503591050313,76.58595550361484,76.5859555420258,105.7678487473245,-0.0004485095673143595,3.103810502768633e-07,5.94623551119121e-06,5.536597391137356,1.0135055946995957,0.9199345586040386,1.1697126692052617,2.4977811060122312,0.22506784744076702,654.9340120164652,15.047517521638229,0.5346848888880291,0.0,287.9693322665817,100999.01080846397,1.2218243917526475,340.27941535354853,0.0,0.0,76.58595554202586,3583.2496391593113
0.75,28.396591430953574,77.41225297135092,77.41225301203158,105.76419470854674,-0.00046778573004622917,3.8096899858864726e-07,4.6181100261770846e-06,5.533918064426148,1.0108262679883875,0.9197064854368603,1.16973473303104,2.500282475941796,0.2274977226983916,654.9340120164652,15.377409550066998,0.5348346443307316,0.0,287.9654221556988,100991.95557031255,1.2217556310538689,340.27704582635346,0.0,0.0,77.41225301203166,3660.7811662920763
0.7578125,29.004602282064546,78.23851928282255,78.23851932591799,105.75987261820745,-0.00048773065728378704,4.6069630527792637e-07,3.301506869775491e-06,5.53123873771494,1.0081469412771793,0.9194781913128373,1.169757023500793,2.5027883218795575,0.22992755741725296,654.9340120164652,15.710977258375861,0.5349860098796602,0.0,287.9614700851666,100984.82462195052,1.2216861305821338,340.27465087161096,0.0,0.0,78.23851932591803,3739.1328296733536
0.765625,29.61906480595868,79.06344584985649,79.06344589551816,105.42119870873489,-0.000508368617583157,5.497676768376583e-07,2.0286386340799935e-06,5.528563184703325,1.0054713882655644,0.9192499979191603,1.1697794871319493,2.5052948921278904,0.23235350642182862,653.0891274755738,16.047686441592827,0.5351387422443868,0.0,287.95747607876126,100977.61800627863,1.2216158906947427,340.27223050372936,0.0,0.0,79.06344589551823,3818.1778602670342
0.7734375,30.239958327748163,79.88441881420945,79.88441886259878,104.74773074661093,-0.0005297236282612601,6.483192862742988e-07,9.466636284750213e-07,5.52589895279049,1.0028071563527292,0.9190225505081306,1.1698019658522305,2.5077941534409987,0.23476788839355456,649.3993583937909,16.38643639548882,0.5352923426321634,0.0,287.95344027086963,100970.33596577866,1.2215449136937087,340.269784804147,0.0,0.0,79.8844188625988,3897.6568790877964
0.78125,30.867248533063908,80.70143013799755,80.70143018928773,104.4070413325488,-0.0005518220464390659,7.545234633749423e-07,1.174926086534416e-06,5.523246041976434,1.0001542455386738,0.91879585155787,1.1698237929552833,2.5102794139741325,0.23717067990580132,647.5544738528995,16.727175327406417,0.5354467867911831,0.0,287.94936288453505,100962.97890290068,1.2214732034399154,340.26731390802826,0.0,0.0,80.70143018928779,3977.5569904722274
0.7890625,31.500921429651306,81.51969187525351,81.51969192961111,105.06789723178352,-0.0005746875644471432,8.684813476377835e-07,2.343465214935633e-06,5.520589357462786,0.9974975610250252,0.9185686117892118,1.1698453266930442,2.512767149038324,0.2395771988411659,651.2442429346823,17.072069673130642,0.5356030516998587,0.0,287.94524401070726,100955.54698175038,1.2214007614707778,340.2648178704886,0.0,0.0,81.51969192961116,4058.3850573846853
0.796875,32.14100036152127,82.34050439999822,82.34050445760592,105.0600015741434,-0.0005983455715865152,9.923814940367128e-07,3.5847437036474584e-06,5.51792512554995,0.99483332911219,0.9183405067039746,1.1698671185368363,2.515266118328617,0.24199126756175723,651.2442429346823,17.42169943831801,0.5357613968410242,0.0,287.9410834976501,100948.03992854162,1.2213275850547618,340.26229659957596,0.0,0.0,82.34050445760599,4140.275277247123
0.8046875,32.787498447944465,83.16386561761128,83.16386567865914,105.72040162815743,-0.0006228218695404893,1.1265684990287823e-06,4.788886397745914e-06,5.5152533462379285,0.9921615498001684,0.9181115341116856,1.1698892358429729,2.517777017312873,0.2444128806536756,654.9340120164652,17.776103021345254,0.5359218369509927,0.0,287.93688126008834,100940.45758940735,1.2212536726283698,340.2597500436135,0.0,0.0,83.1638656786592,4223.234761532261
0.8125,33.440445792591,83.99107861097828,83.99107867566222,106.04603498081549,-0.0006481429603170441,1.2720866612198358e-06,5.934161772295138e-06,5.512570245827127,0.9894784493893669,0.9178813679313909,1.1699117305614615,2.520303626300706,0.24684586861212843,656.7788965573568,18.13589137805964,0.5360846447632109,0.0,287.9326371023481,100932.79961128195,1.22117902068542,340.25717808402294,0.0,0.0,83.99107867566231,4307.404492709093
0.8203125,34.09985545558542,84.8169107505177,84.81691081903388,105.36684474837709,-0.0006743340504497172,1.4303168902564864e-06,7.020882570627058e-06,5.509890919115919,0.9867991226781587,0.9176513017817919,1.1699344572755381,2.5228315549374623,0.24927485370565539,653.0891274755738,18.498803575923475,0.5362487987476814,0.0,287.9283509395387,100925.06584099209,1.2211036276673635,340.25458066936045,0.0,0.0,84.81691081903395,4392.253798290989
0.828125,34.7656995996456,85.638740328279,85.63874040078477,105.02140002401045,-0.0007014144778518029,1.6029698143467714e-06,8.029914870316268e-06,5.50722291350349,0.9841311170657303,0.9174219852999067,1.1699573511215646,2.525353658216579,0.2516921311107315,651.2442429346823,18.863653755016227,0.5364138027080466,0.0,287.9240229526023,100917.2566050224,1.2210274966910015,340.251957909277,0.0,0.0,85.63874040078485,4477.504080244311
0.8359375,35.437957144360325,86.45917645498335,86.45917653167903,105.01014043842876,-0.0007294030408142544,1.7922443612612943e-06,8.95666395373222e-06,5.504558681590655,0.9814668851528952,0.9171927713459888,1.1699804872408588,2.5278771589487,0.25410536926714633,651.2442429346823,19.231571539910664,0.5365801415646908,0.0,287.9196532785616,100909.37215061078,1.22095063010027,340.2493098868083,0.0,0.0,86.45917653167913,4563.4184859194675
0.84375,36.11662399584508,87.27952198382324,87.27952206491358,104.99820688957134,-0.0007583224374482616,2.000891325151289e-06,9.832395462911783e-06,5.50189444967782,0.97880265324006,0.916963335403395,1.1700038842783795,2.530405488749845,0.2565183977494628,651.2442429346823,19.60313750304175,0.5367480581061981,0.0,287.915241944027,100901.41252577165,1.220873028296407,340.2466366180804,0.0,0.0,87.27952206491368,4650.131373208857
0.8515625,36.801706249933666,88.1023922096922,88.10239229538985,105.65649779920591,-0.0007881954429126232,2.2316451328591656e-06,1.0621915204470557e-05,5.499222670365798,0.9761308739280383,0.9167330262434418,1.1700276405271388,2.53294614283697,0.25893890363716837,654.9340120164652,19.979561886627447,0.5369180946223366,0.0,287.9107889093754,100893.37765901108,1.2207946905148745,340.24393807908154,0.0,0.0,88.10239229538998,4737.92343859998
0.859375,37.49323385179543,88.92909381649574,88.92909390701666,105.97902125190457,-0.0008190456292251705,2.487398240932559e-06,1.1329694952075688e-05,5.496539569954997,0.9734477735172369,0.9165015158729767,1.1700517946995477,2.5355027882657097,0.2613707282014506,656.7788965573568,20.361493179369475,0.5370905397958878,0.0,287.9062939799633,100885.26719912243,1.2207156132631538,340.2412141518578,-0.00021434405022193438,8.75491071883365e-06,88.92909390701676,4826.943755453378
0.8671875,38.191219651991766,89.7543788041769,89.75437889973244,105.29379119503096,-0.0008508948007421379,2.7708406161859065e-06,1.1955718967119762e-05,5.493860243243789,0.9707684468060287,0.9162701054608692,1.1700761922138991,2.5380608675302994,0.26379844782170814,653.0891274755738,20.74652048428583,0.5372643072609175,0.0,287.90175707226206,100877.08099539015,1.2206357950025364,340.2384647857908,-0.0002032563611814935,1.1471749894806508e-05,89.75437889973253,4916.628538441634
0.875,38.89563206730924,90.57430572046216,90.57430582125751,104.60735766692898,-0.0008837617111264287,3.0846688651289035e-06,1.2491733283469086e-05,5.4911960113309535,0.9681042148931935,0.9160397748493964,1.1701007170810767,2.5406094223168028,0.26621047836935974,649.3993583937909,21.132757404004387,0.5374385483533903,0.0,287.8971783915625,100868.81941823238,1.22055523927495,340.23569010528684,-0.0001970465565955837,1.7757710621559995e-05,90.57430582125764,5006.537483325001
0.8828125,39.60643945742955,91.39280369063235,91.3928037968786,104.92803084841825,-0.0009176641244661891,3.431168763170484e-06,1.2952795261342435e-05,5.488535553117712,0.9654437566799516,0.915809547347044,1.1701254766314235,2.543159292843795,0.2686183682411171,651.2442429346823,21.522020222247086,0.5376140778240007,0.0,287.8925581435267,100860.48283873707,1.2204739496286638,340.23289023497716,-0.00018133811597747322,1.5574691415564004e-05,91.39280379687868,5097.092563771319
0.890625,40.32364772440429,92.21249180009859,92.21249191201211,104.91201663792715,-0.0009526212268343662,3.812592898401045e-06,1.3324071408136736e-05,5.485871321204876,0.9627795247671165,0.9155787695007358,1.1701505598295232,2.545717903287874,0.27102981587156444,651.2442429346823,21.9155627665984,0.5377914564652025,0.0,287.88789628979134,100852.07118768302,1.2203919253181252,340.23006515161353,-0.00017829332401196854,1.6792721315852006e-05,92.21249191201218,5188.583934062887
0.8984375,41.04726615315296,93.0346803179306,93.03468043572981,105.56816611283364,-0.0009886516305116673,4.231297921254322e-06,1.3629146513958956e-05,5.483199541892855,0.9601077454550948,0.9153471126736518,1.1701759948941253,2.548288822204735,0.2734486730737494,654.9340120164652,22.314047226136804,0.5379709786380825,0.0,287.8831927700045,100843.58435617367,1.2203091652101485,340.2272148186227,-0.0001696057509285353,2.310704092682085e-05,93.03468043572988,5281.163558186552
0.90625,41.77732452821322,93.8606795485536,93.86067967245982,105.887542015963,-0.0010257746331441121,4.689296248038957e-06,1.3883156865424574e-05,5.480516441482053,0.9574246450442934,0.9151142469444798,1.170201816600159,2.5508756965567922,0.2758787919629632,656.7788965573568,22.71816011396824,0.5381529489622846,0.0,287.8784473905666,100835.02199488635,1.2202256658261135,340.22433911868336,-0.00016050987238542367,3.266691945075541e-05,93.8606796724599,5374.988623496651
0.9140625,42.51383548818209,94.68522604045283,94.68522617067896,105.19621919938248,-0.0010640079189331865,5.187656727224452e-06,1.3990063729239259e-05,5.477837114770845,0.9547453183330852,0.9148814810949429,1.1702279177579058,2.5534643666296284,0.2783047027451547,653.0891274755738,23.125338493828128,0.5383362162411351,0.0,287.8736600693268,100826.38395559146,1.2201414256474419,340.22143800201206,-0.00013639220844364965,4.222741896014152e-05,94.68522617067904,5469.462114662204
0.921875,43.25677053505244,95.50568293946777,95.50568307621448,104.84062306863441,-0.0011033655701565147,5.726259945530351e-06,1.3958737810809685e-05,5.475169109158417,0.9520773127206568,0.9146494723925094,1.1702542073585094,2.55604734966,0.2807186552913803,651.2442429346823,23.53424242385612,0.538520179081571,0.0,287.86883099152215,100817.67057252288,1.2200564478600455,340.2185115808624,-0.00012577016706911992,4.3533016898274316e-05,95.5056830762146,5564.272094846012
0.9296875,44.006107968720215,96.32467474818897,96.32467489164091,104.8211709661025,-0.0011438605157337348,6.3039316601383205e-06,1.2909626826855254e-05,5.472504877245582,0.9494130808078216,0.914417566107213,1.1702812882366116,2.5586372212939854,0.28312836399495467,651.2442429346823,23.946152258990363,0.5387054094875481,0.0,287.8639602982033,100808.88210018647,1.2199707348720317,340.2155599407112,-0.00010657007448799644,4.265572341455603e-05,96.32467489164101,5659.714458307237
0.9375,44.761843175262086,97.14351189880895,97.14351204907865,104.80103042780655,-0.0011854975739777856,6.920243874802502e-06,1.1879618413192895e-05,5.469840645332747,0.9467488488949865,0.914185433909622,1.1703085879655142,2.5612315405589214,0.2855376810698425,651.2442429346823,24.361724172668055,0.538892199163892,0.0,287.8590480193608,100800.01859269581,1.2198842871366975,340.2125830997327,-8.131706389573775e-05,4.604516217506347e-05,97.14351204907877,5755.93979611256
0.9453125,45.52397149336135,97.96087108372556,97.96087124091957,104.44279855263404,-0.0012282772021847536,7.575193849568992e-06,1.0869097374634725e-05,5.467180187119505,0.9440883906817445,0.9139534047492265,1.170336062758806,2.5638265800957947,0.287942717342088,649.3993583937909,24.780278174556813,0.5390802421512761,0.0,287.85409418529315,100791.08010472034,1.219797105112191,340.2095810762877,-7.414234366847456e-05,3.803819743740636e-05,97.96087124091967,5852.789176128713
0.953125,46.29248135569957,98.77806509632049,98.77806526054513,104.75877259780786,-0.0012721992912776712,8.268752446205725e-06,9.878424712211285e-06,5.464519728906263,0.9414279324685026,0.9137211496572153,1.1703637550961092,2.5664260543889394,0.2903473320062842,651.2442429346823,25.202483654086212,0.5392698357242947,0.0,287.84909887118795,100782.06677192531,1.21970919004613,340.20655391593993,0.0,0.0,98.77806526054525,5950.416035937525
0.9609375,47.06737831368129,99.59508747390146,99.5950876452601,104.39883409811206,-0.001317264787445933,9.000948569369383e-06,8.908314973490566e-06,5.4618592706930205,0.9387674742552607,0.9134886683034363,1.1703916644067178,2.5690299610328147,0.2927515066064517,649.3993583937909,25.628340639593368,0.5394609777605737,0.0,287.84406204096103,100772.97852920205,1.2196205412272474,340.20350159682243,0.0,0.0,99.59508764526016,6048.818744454766
0.96875,47.84865070217533,100.41061407045241,100.41061424904242,104.37586555547092,-0.0013634733855804177,9.771748750940095e-06,7.960177436375456e-06,5.459202586179372,0.9361107897416121,0.9132562905999194,1.170419745155596,2.5716345455567655,0.2951513493715598,649.3993583937909,26.05715016736538,0.5396533543221522,0.0,287.83898377043585,100763.81551336302,1.2195311599132355,340.2004241648841,0.0,0.0,100.41061424904254,6147.834295660706
0.9765625,48.63629712294065,101.22727901271818,101.22727919863989,104.69026202302719,-0.0014108253703686007,1.0581153409650693e-05,7.035794352991407e-06,5.456542127966131,0.9334503315283702,0.9130233560516852,1.1704480851689472,2.57424729117262,0.29755460364862807,651.2442429346823,26.490306688460347,0.539847585410473,0.0,287.83386406870085,100754.57774080722,1.219441046186693,340.19732162563275,0.0,0.0,101.22727919864,6247.783063657807
0.984375,49.43032300737239,102.04243499675897,102.04243519010393,103.98953747476827,-0.0014593213984284942,1.1429185073619602e-05,6.138645441572633e-06,5.4538854434524815,0.9307936470147216,0.9127905251348959,1.1704765925102305,2.576860673753346,0.2999534883384868,647.5544738528995,26.926403062504647,0.5400430413992536,0.0,287.8287029004521,100745.26514783349,1.219350199348189,340.194193957674,0.0,0.0,102.04243519010407,6348.338657345189
0.9921875,50.23070622797085,102.85607738909857,102.85607758995533,104.30281684953594,-0.0015089601750306828,1.2315767520427766e-05,5.274084920460895e-06,5.451232532638427,0.9281407362006662,0.9125577984846094,1.1705052627796493,2.579474642950399,0.3023479901545154,649.3993583937909,27.36543194916602,0.5402399163478206,0.0,287.82350040951815,100735.87799396034,1.2192586218508317,340.191041248168,0.0,0.0,102.85607758995545,6449.495687411667
1.0,51.03745558553317,103.67216544878724,103.67216565725045,104.6156272106121,-0.0015597423852460914,1.3240930934622476e-05,4.451258949028694e-06,5.448572074425185,0.9254802779874243,0.9123241821412452,1.1705342280893067,2.582100459480615,0.3047497479835707,651.2442429346823,27.80954217787178,0.5404389703133367,0.0,287.818256538694,100726.41617596913,1.2191663126085381,340.1878634624486,0.0,0.0,103.67216565725056,6551.749736727071
1.0078125,51.85057983631901,104.48672635007513,104.48672656622777,103.91183282558644,-0.0016116686329527964,1.4204703726588096e-05,3.687277207395722e-06,5.445915389911535,0.9228235934737756,0.9120906693998027,1.1705633405086082,2.5847267110880554,0.30714708415239833,647.5544738528995,28.25657380792691,0.5406392344208527,0.0,287.8129712310639,100716.87959116366,1.2190732705395406,340.1846605660247,0.0,0.0,104.48672656622786,6654.60160406591
1.015625,52.67005669568089,105.29975549829213,105.29975572221424,104.22352946632324,-0.0016647373389910474,1.5207003331751857e-05,3.013757549051562e-06,5.443262479097481,0.9201706826597202,0.9118572608976441,1.170592580068603,2.5873531917095893,0.3095399854805784,649.3993583937909,28.706508918691164,0.5408406990330519,0.0,287.80764463147807,100707.26850090545,1.2189794981133502,340.1814326466757,0.0,0.0,105.29975572221436,6758.045836513997
1.0234375,53.495894852638756,106.11521791145192,106.11521814322982,104.53474751418686,-0.0017189489088342258,1.6247853860587215e-05,2.489430642428269e-06,5.4406020208842385,0.9175102244464783,0.9116229597613607,1.170622053204383,2.5899909344302228,0.311940108110742,651.2442429346823,29.161564741295404,0.5410443484514673,0.0,287.8022766834578,100697.58280328689,1.2188849942547166,340.17817967017544,0.0,0.0,106.11521814322995,6862.590380786529
1.03125,54.328106401583454,106.93045987472567,106.93046011443705,104.16707499842467,-0.0017743039005180053,1.7327289699383252e-05,2.205774554010282e-06,5.437941562670996,0.9148497662332364,0.9113884293661285,1.170651612101293,2.5926318273516458,0.31433965179379164,649.3993583937909,29.620274775190286,0.5412495275730458,0.0,287.79686730838966,100687.82235646102,1.2187897574978934,340.17490158888415,0.0,0.0,106.93046011443718,6967.89618217783
1.0390625,55.166675798608516,107.74282583402166,107.74282608173543,103.79849165309382,-0.0018308009257466036,1.8445246384876216e-05,2.2398383432020834e-06,5.435288651856942,0.912196855419181,0.9111543356861458,1.1706811145307994,2.595267788446536,0.3167308104739632,647.5544738528995,30.081121741863253,0.5414555602813771,0.0,287.79141660730903,100677.98734273184,1.2186937895393428,340.1715984640293,0.0,0.0,107.74282608173556,7073.61352607868
1.046875,56.01159090849961,108.55628748453353,108.55628774032479,104.44759739495711,-0.00188843872358803,1.9601669429216383e-05,2.565554174792712e-06,5.432631967343292,0.9095401709055324,0.9109196798962842,1.1707107195399344,2.5979103964365025,0.31912526006829983,651.2442429346823,30.546363800799323,0.5416634478045067,0.0,287.78592465909475,100668.07790442505,1.2185970916850384,340.16827034341145,0.0,0.0,108.5562877403249,7180.25897705843
1.0546875,56.862870627435385,109.37083843648927,109.37083870043062,104.07732689621855,-0.0019472180365333448,2.0796611307785813e-05,3.0814434021115216e-06,5.42997150913005,0.9068797126922905,0.9106844606822447,1.1707404882884311,2.600560276061864,0.321522982487247,649.3993583937909,31.016018853974334,0.5418731952371942,0.0,287.78039134092165,100658.09381992016,1.2184996616888817,340.1649171525985,0.0,0.0,109.37083870043074,7287.834509697736
1.0625,57.72050271667879,110.18249310209669,110.18249337424905,103.70614926272107,-0.0020071374338895697,2.2030013742932306e-05,3.700381690032466e-06,5.4273185983159955,0.9042268018782351,0.9104496791293778,1.1707703248494126,2.6032064572003475,0.3239122615615548,647.5544738528995,31.487770400475885,0.5420837727834176,0.0,287.77481673234155,100648.03523275704,1.2184015008674403,340.161538939799,0.0,0.0,110.18249337424918,7395.807891086436
1.0703125,58.584467980198596,110.99257262126922,110.99257290169376,103.67409739010999,-0.0020681949174083877,2.3301791838331198e-05,4.37193568532087e-06,5.424669461201534,0.901577664763773,0.9102150023993963,1.1708003065810795,2.605853041816831,0.3262969813936038,647.5544738528995,31.96236504574238,0.5422955101770155,0.0,287.7692009581287,100637.90236807297,1.2183026113332103,340.158135780626,0.0,0.0,110.99257290169389,7504.348892408151
1.078125,59.45476100471768,111.80239900896412,111.80239929772242,103.6413474653957,-0.0021303893210401817,2.461190715298995e-05,5.0693084599226825e-06,5.422020324087071,0.8989285276493109,0.9099800963486829,1.170830498291494,2.6085040194281115,0.32868102886145945,647.5544738528995,32.44057481460869,0.5425087475957003,0.0,287.76354405346933,100627.69528935662,1.2182029936207297,340.1547076964024,0.0,0.0,111.80239929772254,7613.63256907886
1.0859375,60.33137286697226,112.60930782965002,112.60930812679507,102.92718816842158,-0.002193719156232048,2.596030703086686e-05,5.778385191477768e-06,5.419378734371795,0.8962869379340352,0.9097456308697767,1.1708608067281783,2.611151758584016,0.33105657134423094,643.8647047711166,32.920801572979826,0.542722775669551,0.0,287.7578460763647,100617.41410126291,1.218102648665796,340.15125472227703,0.0,0.0,112.60930812679518,7723.292309057442
1.09375,61.21428075440253,113.41595358867676,113.41595389426487,103.57402822460337,-0.002258181904050332,2.734688805495969e-05,6.490990970928293e-06,5.41673714465652,0.8936453482187596,0.9095109367064869,1.170891336575191,2.613803998687041,0.3334314129930865,647.5544738528995,33.40461775601864,0.5429382887161149,0.0,287.75210717509634,100607.05907134493,1.218001578993727,340.1477769481084,0.0,0.0,113.415953894265,7833.685921466499
1.1015625,62.10350683310531,114.22632078564361,114.2263210997377,103.87986883465607,-0.002323777985271435,2.8771702854774842e-05,7.202118291803546e-06,5.414084233842464,0.8909924374047042,0.9092750062171021,1.17092224523591,2.616472390188079,0.3358172685379317,649.3993583937909,33.89445750715532,0.5431563601330304,0.0,287.7463272055848,100596.62993963154,1.2178997819804513,340.1442742865844,0.0,0.0,114.2263210997378,7945.366526132821
1.109375,62.99906629935278,115.03641249650674,115.0364128191584,103.50349236306128,-0.0023905072893845407,3.0234778308677143e-05,7.909106271292354e-06,5.411431323028409,0.8883395265906489,0.9090388444016562,1.170953381796065,2.6191453739440873,0.33820238810762504,647.5544738528995,34.38792191002266,0.5433759262486533,0.0,287.74050606905416,100586.12652789592,1.2177972557988035,340.14074667784683,0.0,0.0,115.03641281915853,8057.784655897683
1.1171875,63.90094311190467,115.84356027858291,115.8435606098464,103.12622427693444,-0.0024583675255064876,3.173603005274377e-05,8.61204615277446e-06,5.408785959613541,0.88569416317578,0.9088031237763756,1.1709846412835858,2.621815175072102,0.340578926945612,645.709589312008,34.88335961653771,0.5435962559683049,0.0,287.7346438697726,100575.54902427494,1.21769400219708,340.1371941850822,0.0,0.0,115.84356060984655,8170.562691643509
1.125,64.80911771480291,116.64908992104066,116.64909026096173,103.08925381404984,-0.002527357268913178,3.327323138263912e-05,8.659113363165885e-06,5.406144369898264,0.8830525734605044,0.9085675092197126,1.1710164597528743,2.624489505331616,0.34295078307502597,645.709589312008,35.3815631674861,0.5438176978980567,0.0,287.7287407348538,100564.8976581272,1.2175900233256622,340.13361688532143,9.348575262629996e-05,-0.0001120851326953029,116.64909026096186,8283.879969147632
1.1328125,65.72358785498041,117.4556613743952,117.4556617230964,103.39293152487208,-0.0025974789671126784,3.48397968629985e-05,8.594263288492324e-06,5.403499006483395,0.8804072100456355,0.9083313272088116,1.1710486202779853,2.627172930691737,0.34532577725167607,647.5544738528995,35.88418987551964,0.5440409809001743,0.0,287.7227966789426,100554.1724558774,1.2174853193535038,340.1300147874392,9.913533664032706e-05,-0.0001226456769252889,117.45566172309653,8398.111750736069
1.140625,66.6443616488295,118.26193522081373,118.26193557844447,103.01305850177881,-0.002668741237576195,3.6421835455901016e-05,8.482046718298632e-06,5.400853643068527,0.8777618466307666,0.9080949138317994,1.1710810319764555,2.629861181446561,0.34769997212715087,645.709589312008,36.390411788650376,0.5442657373059628,0.0,287.7168116492826,100543.3733223339,1.2173798892616297,340.12638785946524,0.00011109639508168359,-0.00012999647706763077,118.26193557844456,8513.06781385377
1.1484375,67.57141937963817,119.0639031964761,119.06390356320297,102.29062715418748,-0.002741153300716146,3.800551640950097e-05,8.334785723259029e-06,5.398219600752437,0.8751278043146775,0.9078592819891372,1.171113525333549,2.632542433444117,0.350061583358896,642.019820230225,36.897671609258005,0.544490854870198,0.0,287.71078577403233,100532.50048874062,1.2172737352174177,340.1227361790636,0.0,0.0,119.06390356320307,8628.165955036031
1.15625,68.5047273824598,119.86289370959075,119.86289408560154,102.25083520797139,-0.0028147257634162097,3.957722407780616e-05,8.20014840375702e-06,5.395593105835535,0.8725013093977749,0.9076240962338156,1.1711461228258742,2.635220265920586,0.3524145166351454,642.019820230225,37.406809728916336,0.5447172717566154,0.0,287.70471927201396,100521.55434993104,1.2171668609852633,340.11905987884046,0.0,0.0,119.86289408560164,8743.58714621046
1.1640625,69.44428323539385,120.66424257145971,120.66424295697031,102.89436828684879,-0.002889472580983286,4.112394917550185e-05,8.121187533645533e-06,5.392959063519446,0.8698672670816858,0.9073880045872627,1.1711790158499231,2.6379101126266047,0.3547744604153676,645.709589312008,37.9212095201075,0.5449458913608849,0.0,287.6986121589699,100510.53493430995,1.217059266751683,340.1153589683358,0.0,0.0,120.66424295697038,8860.10598080809
1.171875,70.39011578097146,121.46928101437697,121.46928140961458,103.19536424341742,-0.002965410586731449,4.263427767541331e-05,8.017946385531902e-06,5.390313700104577,0.867221903666817,0.9071506659923622,1.171212309112081,2.640616431197188,0.3571453296640106,647.5544738528995,38.4417807933782,0.5451771106159757,0.0,287.6924642474237,100499.44190360281,1.2169509491221169,340.11163333393876,0.0,0.0,121.46928140961465,8977.925611862185
1.1796875,71.3422399046423,122.27399434293373,122.27399474813072,102.81113504869649,-0.003042556553155085,4.409751086933984e-05,7.855442194162141e-06,5.387668336689709,0.8645765402519481,0.9069130943293522,1.1712458596353776,2.6433276530602545,0.35951532113698464,645.709589312008,38.96594146310647,0.5454097884299143,0.0,287.6862754406198,100488.27508322823,1.216841906299298,340.10788291701556,0.0,0.0,122.27399474813082,9096.458954318863
1.1875,72.30063911655833,123.07570246993446,123.07570288533401,102.42603403900587,-0.003120926537569278,4.550416284198705e-05,7.638731147914096e-06,5.385030520674026,0.8619387242362657,0.9066759680609201,1.1712795520256736,2.6460358396475345,0.361876555057768,643.8647047711166,39.49191709066053,0.5456431420048359,0.0,287.68004584574237,100477.03466658451,1.216732140078557,340.1041077825199,0.0,0.0,123.07570288533414,9215.303306568663
1.1953125,73.26529339792391,123.87573718869048,123.87573761457915,102.38274421837696,-0.0032005381769097795,4.6845043827991776e-05,7.482786903673437e-06,5.382396478357936,0.8593046819201766,0.9064389491047813,1.1713133722026419,2.648744230978606,0.36423294744910933,643.8647047711166,40.02056028149577,0.5458775453177824,0.0,287.67377559291344,100465.72088845857,1.2166216526591267,340.10030800930554,0.0,0.0,123.87573761457928,9334.650300375735
1.203125,74.23619662229213,124.67543096511518,124.67543140179292,102.33875285700347,-0.0032814125858677662,4.811052448775702e-05,7.398812932441061e-06,5.3797624360418475,0.8566706396040875,0.9062016980499324,1.1713473690330323,2.651456709830998,0.366588416540481,643.8647047711166,40.55274964246614,0.5461133827485155,0.0,287.66746472195507,100454.33382070335,1.216510444648742,340.0964836215048,0.0,0.0,124.67543140179308,9454.696789112335
1.2109375,75.21334610463468,125.47477831575367,125.47477876353211,102.29405928127592,-0.0033635714643385707,4.9291111614038846e-05,7.346635165379106e-06,5.377128393725759,0.8540365972879984,0.905964214555286,1.171381566078949,2.654173515236631,0.36894294667731947,643.8647047711166,41.08848324842896,0.5463506511387217,0.0,287.66111325031983,100442.87349480976,1.2163985162604354,340.09263462969386,0.0,0.0,125.47477876353224,9575.440528383046
1.21875,76.19673911706342,126.2737737519445,126.27377421115283,102.24866283513413,-0.0034470369574115802,5.03784409320513e-05,7.299744124977644e-06,5.37449435140967,0.8514025549719093,0.9057264982790852,1.1714159787979992,2.6568948051891392,0.3712965221881782,643.8647047711166,41.62775908884652,0.5465893472894252,0.0,287.65472119573906,100431.33994277132,1.2162858677115826,340.08876104461785,0.0,0.0,126.273774211153,9696.879250317661
1.2265625,77.18636939611552,127.07107059547438,127.07107106645743,101.85922099467078,-0.0035318325440980044,5.136492628174468e-05,7.301249667422242e-06,5.371864082793174,0.8487722863554135,0.9054888899475414,1.1714505232453811,2.659616332978397,0.3736451836940595,642.019820230225,42.16965376925335,0.5468290641706047,0.0,287.6482885989252,100419.73323804798,1.216172499624029,340.08486289094867,0.0,0.0,127.07107106645756,9818.803398641472
1.234375,78.18221666327852,127.86532160306182,127.86532208618169,101.46893032776063,-0.0036179816922018862,5.2244947414971125e-05,7.322749611082578e-06,5.369241361575864,0.8461495651381041,0.905251731622217,1.1714851562182644,2.6623342459604746,0.3759849699095919,640.1749356893337,42.713217571833944,0.5470693843350726,0.0,287.64181559168867,100408.05361847271,1.2160584142247455,340.08094024856337,0.0,0.0,127.86532208618182,9940.998202928753
1.2421875,79.18426408927827,128.65920514784546,128.659205643469,101.76514723091351,-0.0037055084879906016,5.301360381614863e-05,7.3991730537794116e-06,5.3666186403585545,0.8435268439207948,0.9050143414935119,1.1715199724870968,2.6650563099358493,0.37832375674396557,642.019820230225,43.26027892883052,0.5473111073934451,0.0,287.63530228341966,100396.30128142468,1.215943613345332,340.0769931837523,0.0,0.0,128.65920564346914,10063.873558121722
1.25,80.19252276465731,129.45540072070824,129.45540122920895,102.06080854676735,-0.003794438164427742,5.3667800350431376e-05,7.466582161994284e-06,5.363988371742059,0.840896575304299,0.9047760350809979,1.1715551284949175,2.667790934139196,0.3806694238785166,643.8647047711166,43.8127186501252,0.5475550536483107,0.0,287.6287486020297,100384.4760968304,1.2158280956182372,340.07302165283,0.0,0.0,129.4554012292091,10187.849704649312
1.2578125,81.20699673716129,130.2485287654359,130.24852928718147,100.97987124612062,-0.003884795632841234,5.4205143666714884e-05,7.550743478165338e-06,5.36136565052475,0.8382738540869896,0.9045381796552944,1.1715903716121672,2.6705219195687278,0.38300615306587915,638.3300511484423,44.366777724753355,0.5477995762572817,0.0,287.6221545212084,100372.57801721663,1.2157118604820267,340.06902563985227,0.0,0.0,130.24852928718164,10312.080966666303
1.265625,82.22764102598096,131.03589654702444,131.03589708238567,100.58617828215388,-0.003976601965687848,5.462543721782589e-05,7.555241407272444e-06,5.358758024105813,0.8356662276680532,0.9043014623620655,1.1716256357732813,2.6732417341121573,0.38532602599997423,636.4851666075507,44.920503846126046,0.5480438219858196,0.0,287.6155203333311,100360.60757013285,1.215594912992487,340.0650053219987,0.0,0.0,131.03589708238584,10436.129290847031
1.2734375,83.25443861417438,131.82556577718182,131.8255663265553,101.5690268856279,-0.004069880370738316,5.493047030236274e-05,7.540326219253911e-06,5.35614285028769,0.8330510538499303,0.9040638284324773,1.1716612445126728,2.675974160801955,0.3876527491703182,642.019820230225,45.47959185745025,0.5482902773530387,0.0,287.60884614900783,100348.56495515931,1.2154772550013704,340.06096076629876,0.0,0.0,131.82556632655545,10561.269675839518
1.28125,84.2874214660184,132.6175293337814,132.61752989757053,101.17354011962914,-0.0041646580158484665,5.51241298731947e-05,7.5516550396957276e-06,5.353520129070381,0.830428332632621,0.9038252755181603,1.1716971728399506,2.6787189732179026,0.38998630251934113,640.1749356893337,46.04407666219556,0.5485389536045723,0.0,287.60213176047085,100336.44979740857,1.2153588827471669,340.05689184684536,-7.813913672813717e-05,-0.00018134106350055191,132.6175298975707,10687.507019821938
1.2890625,85.32657594909817,133.40505349809357,133.4050540766619,100.43254907881607,-0.004260957425192123,5.5211192018367864e-05,7.599709079834439e-06,5.350908728951851,0.8278169325140913,0.9035875199895762,1.1717331090307972,2.68145589041221,0.392306884751693,636.4851666075507,46.609112420650526,0.5487877349265361,0.0,287.59537725633083,100324.26225676601,1.2152397976924907,340.0527986173365,-9.443724437342577e-05,-0.00017345482796121418,133.4050540766621,10813.755714107536
1.296875,86.37186384983538,134.1881320412434,134.18813263494894,100.03545855054016,-0.004358796875690555,5.51971101349038e-05,7.72965330716197e-06,5.348308649932101,0.8252168534943414,0.9033505645245516,1.1717690225106803,2.6841845798612862,0.3946144774043702,634.6402820666593,47.17463703299101,0.5490365946722796,0.0,287.58858288497606,100312.00278141291,1.2151200041167958,340.0486812282955,-0.00011940209571992315,-0.00017262920610013234,134.1881326349491,10940.00180044408
1.3046875,87.42326444460078,134.970800575804,134.97080118503254,100.32757612782422,-0.004458196716687252,5.508735307567047e-05,7.95876864304292e-06,5.345708570912351,0.8226167744745915,0.9031133785557782,1.1718050864173304,2.6869170786155214,0.3969209482962344,636.4851666075507,47.74356016567955,0.5492867994566308,0.0,287.5817487811101,100299.67161440266,1.2149995042952102,340.0445397613527,-0.0001333049477031688,-0.00014169841438538383,134.9708011850327,11066.894167155628
1.3125,88.48077801207516,135.75170397844224,135.75170460357768,99.58360327325728,-0.0045591794355743795,5.4886405201146605e-05,8.187493156188681e-06,5.343112265592195,0.8200204691544348,0.9028763064959142,1.1718412964281626,2.6896498993224838,0.3992223126939073,632.7953975257678,48.31487965708867,0.5495379113058385,0.0,287.5748749429215,100287.26875246684,1.2148782980954962,340.04037421541045,-0.00013164187146295382,-0.0001407192097219307,135.75170460357785,11194.20772812379
1.3203125,89.54437669989039,136.52948949438357,136.52949013579195,99.5293798227041,-0.00466176374143146,5.459921591987831e-05,8.349146015093963e-06,5.340523507671225,0.8174317112334647,0.9026396940971189,1.1718776273454563,2.6923793324833745,0.40151459250189664,632.7953975257678,48.88766218144557,0.5497905302742105,0.0,287.5679615514507,100274.79452226702,1.214756388609266,340.0361847001791,-0.00012019632670213817,-0.00011505804182392873,136.52949013579206,11321.712773711564
1.328125,90.61404314562581,137.3041493559312,137.30415001396025,98.78345722711586,-0.004765967639965551,5.423023929832469e-05,8.346073740245837e-06,5.337942297149441,0.8148505007116811,0.9024035430318121,1.1719141341729193,2.695105911411072,0.403797764943879,629.1056284439849,49.46182030922784,0.5500441209497782,0.0,287.5610087195534,100262.24912743532,1.2146337777257126,340.0319712840494,-9.65573961170907e-05,-0.00010703113098497832,137.3041500139604,11449.398898892603
1.3359375,91.68974236517295,138.07432852642484,138.0743292013728,98.38231761308171,-0.004871804923430808,5.37840087734013e-05,8.111585026613512e-06,5.335372407726437,0.8122806112886772,0.902168200721862,1.1719507896442447,2.697825889223827,0.4060678449211659,627.2607439030935,50.03624570244549,0.550297682185964,0.0,287.5540166746263,100249.6329782767,1.2145104693538642,340.0277341048236,-7.587882210747356e-05,-0.00010107314724061095,138.07432920137293,11577.029800037506
1.34375,92.7714463598265,138.84137078083234,138.84137147292685,97.98040814450502,-0.004979286046769917,5.326803496760217e-05,7.2289831767222765e-06,5.3328100657026205,0.8097182692648599,0.9019333237533523,1.1719879006833323,2.700545769299799,0.408328784294076,625.4158593622021,50.61190114331606,0.5505516347268762,0.0,287.5469855986611,100236.94640316906,1.2143864666021449,340.0234732727886,-6.940596256507168e-05,-0.00011443182881134046,138.841371472927,11704.819288646446
1.3515625,93.85913411884547,139.60662173127756,139.6066224405727,97.92373560794944,-0.005088409275658613,5.2684690947349824e-05,6.385977774833689e-06,5.330251497378396,0.8071597009406358,0.9016985673808072,1.1720251229679686,2.703265555871613,0.41058454054973637,625.4158593622021,51.189776608892764,0.550806409897307,0.0,287.5399156282275,100224.18964853315,1.2142617717778943,340.0191888707059,0.0,0.0,139.6066224405728,11832.986447921023
1.359375,94.95279514317261,140.37007510497392,140.37007583151865,97.52023838089922,-0.005199168358525395,5.2034215771805815e-05,5.592364304528302e-06,5.327696702753765,0.804604906316005,0.9014639322768169,1.172062449185291,2.70598516908474,0.4128350954625348,623.5709748213105,51.76984807214553,0.5510619961636183,0.0,287.53280683156936,100211.36283750537,1.2141363859831833,340.014880939931,0.0,0.0,140.37007583151882,11961.524878906934
1.3671875,96.05240832557205,141.130373220994,141.13037396482454,97.11599099553857,-0.005311555834600193,5.1316895823947996e-05,4.863329031852156e-06,5.3251494555283205,0.8020576590905606,0.901229766193653,1.1720998031313525,2.708700369376995,0.41507645614514543,621.7260902804192,52.35104562584425,0.5513179268880022,0.0,287.52565934588375,100198.46621763817,1.2140103115360439,340.01054956360554,0.0,0.0,141.1303739648247,12090.196641924775
1.375,97.15794546793859,141.88615673217672,141.88615749331663,96.36451216457421,-0.005425563401180775,5.0533050496604184e-05,4.222501112100709e-06,5.322613529401656,0.799521732963896,0.9009964182105407,1.17213710209162,2.7114068388107935,0.4173046245664534,618.0363211986363,52.932272199432056,0.5515737250158307,0.0,287.51847335445837,100185.5001196481,1.2138835515674753,340.00619485280174,0.0,0.0,141.88615749331683,12218.758633360174
1.3828125,98.26936775389989,142.63742029704645,142.63742107551408,95.95887582711343,-0.005541181533909494,4.968304676326114e-05,3.704549750241206e-06,5.3200889243737715,0.7969971279360111,0.9007638909870578,1.1721743217061964,2.714104307191386,0.4195195847795129,616.1914366577448,53.51346569781826,0.5518293645816365,0.0,287.51124910959965,100172.46499878615,1.213756110426134,340.0018169604174,0.0,0.0,142.63742107551425,12347.197352280744
1.390625,99.3866469001049,143.38551202046318,143.38551281627966,95.55252211189527,-0.005658401733313503,4.87672128031816e-05,3.355078426309141e-06,5.317571866745073,0.7944800703073127,0.9005318391090622,1.1722114982741747,2.716796591651125,0.4217253016334163,614.3465521168533,54.095630650134225,0.5520852828001575,0.0,287.5039867951493,100159.36118676863,1.2136279912531558,339.99741599786046,0.0,0.0,143.38551281627983,12475.734869053564
1.3984375,100.50976869425531,144.1344926316493,144.13449344485394,96.18639396622258,-0.005777216912801558,4.7785822043041294e-05,3.217132749013395e-06,5.315051035416781,0.7919592389790211,0.9002992190462886,1.1722488057828204,2.719495867365318,0.4239337187158947,618.0363211986363,54.68194766151618,0.5523428596478435,0.0,287.4966865034873,100146.18885028198,1.2134991955761207,339.9929920211133,0.0,0.0,144.1344934448541,12605.072541863516
1.40625,101.63875417567132,144.88571130352318,144.88571213415878,96.12548943440399,-0.005897623670909256,4.6739005137084206e-05,3.306244984944287e-06,5.312522656689303,0.789430860251543,0.9000656807639515,1.1722863036942017,2.722206229302502,0.4261488049740503,618.0363211986363,55.27351153133379,0.5526025668208414,0.0,287.4893480978581,100132.94774257024,1.2133697208795509,339.988544947302,0.0,0.0,144.88571213415892,12735.449466889848
1.4140625,102.7736066877639,145.63645164778592,145.63645249588197,96.06394207059417,-0.006019616681904972,4.562696754112865e-05,2.593872312554561e-06,5.309994277961825,0.7869024815240648,0.8998319200809134,1.1723244654029001,2.7249254532198672,0.4283625713860099,618.0363211986363,55.86818100700602,0.5528634727601558,0.0,287.4819715565295,100119.63782442079,1.2132395666764912,339.9840747632569,0.0,0.0,145.63645249588217,12866.391225037307
1.421875,103.91431540425573,146.38399392240626,146.38399478804314,95.30681162281728,-0.006143192343845612,4.446268906890268e-05,2.3133782803306276e-06,5.307473446633534,0.7843816501957732,0.8995986354689852,1.1723624244014492,2.72763788932464,0.43056701857561097,614.3465521168533,56.46376046098338,0.5531246251582461,0.0,287.4745569498723,100106.25922280773,1.2131087341045783,339.97958151162265,0.0,0.0,146.38399478804328,12997.413130698442
1.4296875,105.0608411811567,147.12561811723637,147.12561900047672,94.54891681735722,-0.006268346031651772,4.3265945920012796e-05,2.717368826049651e-06,5.304967710103615,0.7818759136658546,0.8993665280524571,1.1723998907722974,2.7303336271984033,0.43275414580916316,610.6567830350704,57.05800244214231,0.5533850521113459,0.0,287.4671045323225,100092.81239682446,1.2129772275492812,339.9750653465874,0.0,0.0,147.12561900047686,13128.02085460548
1.4375,106.21315191307637,147.866752868176,147.8667537690737,95.18145581974089,-0.006395073426157079,4.2057496181773566e-05,3.451058746874026e-06,5.302461973573696,0.779370177135936,0.899134201266121,1.1724373471248652,2.7330314585874427,0.4349399206372389,614.3465521168533,57.655262041377675,0.5536466381643949,0.0,287.459614512565,100079.29772301341,1.2128450505890644,339.97052639461435,0.0,0.0,147.8667537690739,13259.17192012549
1.4453125,107.37126851876062,148.6114680623099,148.61146898098715,95.46552363436771,-0.00652337528679602,4.085884328556849e-05,4.154619044927833e-06,5.299944915944998,0.7768531195072377,0.8989006036381014,1.1724752151498674,2.7357461151176596,0.4371363150058606,616.1914366577448,58.25888106091955,0.5539108246964134,0.0,287.45208675462806,100065.71495603275,1.2127122007199582,339.96596457330463,0.0,0.0,148.61146898098733,13391.598047637157
1.453125,108.53520479202369,149.355680443377,149.3556813800064,95.05276602911445,-0.006653256081425509,3.969203654067094e-05,4.863123571390274e-06,5.2974278583163,0.7743360618785393,0.898666784023598,1.172513266459934,2.7384648243633603,0.4393313189146048,614.3465521168533,58.86554358950081,0.5541761757174215,0.0,287.44452116885185,100052.06393410415,1.2125786762543294,339.9613798283242,0.0,0.0,149.3556813800066,13524.568753850615
1.4609375,109.70493553472392,150.09394434707173,150.0939453018234,93.94274817631224,-0.006784720178738854,3.8577260625435106e-05,5.484943160759553e-06,5.294925895485974,0.771834099048214,0.8984341463189689,1.1725512719857303,2.741171256667614,0.4415089139259868,608.811898494179,59.470724067893464,0.5544407379277665,0.0,287.43691791902427,100038.3449527596,1.2124444799771024,339.9567722589287,0.0,0.0,150.09394530182365,13657.09126948237
1.46875,110.88040717097456,150.8262556125904,150.82625658565158,93.52886101030938,-0.006917770140805055,3.7531856555442945e-05,5.82168363254418e-06,5.292439027454022,0.7693472310162617,0.8982026941909811,1.1725893440354502,2.7438664984446914,0.443669087256008,606.9670139532875,60.074340712235674,0.554704478538087,0.0,287.42927735338867,100024.55864035443,1.2123096179291428,339.95214207615356,0.0,0.0,150.8262565856518,13789.148844407247
1.4765625,112.0615838049367,151.5539689875937,151.55396997919635,92.76570779807935,-0.007052411906622111,3.656845742635951e-05,5.961991650926236e-06,5.289963480520849,0.766871684083089,0.897972079582097,1.1726274966805337,2.7465541709843664,0.4458158236060193,603.2772448715046,60.677453826883685,0.5549678565973499,0.0,287.4215997052679,100010.70541788671,1.2121740941234942,339.94748942139233,0.0,0.0,151.55396997919655,13920.974474420605
1.484375,113.2484259512316,152.27708001052704,152.27708102092487,92.35064344802751,-0.007188653041276368,3.569526044759389e-05,5.963723215741346e-06,5.287499254686456,0.7644074582486962,0.8977423051499788,1.1726656920087528,2.74923386858774,0.4479491095207214,601.4323603306132,61.280000955594815,0.5552308467191075,0.0,287.41388523131695,99996.78574845375,1.2120379129854366,339.94281445017805,0.0,0.0,152.2770810209251,14052.555067995923
1.4921875,114.44090472917743,152.99694586358507,152.99694689309484,91.93494427234101,-0.007326504471223814,3.4917221902630797e-05,5.9180501501366424e-06,5.28504257625125,0.7619507798134898,0.8975130211802749,1.1727039446434973,2.751909234632224,0.45007293715388985,599.5874757897218,61.883089811112896,0.5554940397162248,0.0,287.40613411926034,99982.79997077755,1.2119010777237982,339.9381172762718,0.0,0.0,152.9969468930951,14184.130060143627
1.5,115.63899831729418,153.71492505557646,153.7149261045867,91.86764156905085,-0.007465982234271957,3.424056653098036e-05,5.8908796563343405e-06,5.282589671515637,0.7594978750778767,0.8972838766465174,1.1727422857794272,2.7545840913290975,0.45219130281245795,599.5874757897218,62.48820284173832,0.5557611289998186,0.0,287.3983465109376,99968.74834078748,1.211763590737509,339.9333979856282,0.0,0.0,153.71492610458697,14315.943803499284
1.5078125,116.84269905789314,154.43237612645822,154.4323771954164,91.79974554416124,-0.007607106797223637,3.36712101289334e-05,5.736347111389819e-06,5.280136766780024,0.7570449703422636,0.8970545192130811,1.1727808731728242,2.7572635395974308,0.45430820318664333,599.5874757897218,63.09611856616489,0.5560292735953958,0.0,287.3905224561237,99954.63094829544,1.211625452800038,339.92865660841096,0.0,0.0,154.43237719541668,14448.245275153029
1.515625,118.05200280692405,155.14929444189698,155.1492955312208,91.73125644473456,-0.007749899939167808,3.3211239014653444e-05,5.556415031535222e-06,5.277683862044411,0.7545920656066505,0.8968249485831176,1.1728196462213971,2.7599469763827953,0.45642362497231903,599.5874757897218,63.70683135766596,0.5562984694284385,0.0,287.38266198175495,99940.44784190416,1.2114866642812752,339.9238931609435,0.0,0.0,155.14929553122113,14581.031835678461
1.5234375,119.26690538413818,155.86567536942596,155.8656764795721,91.66217452252128,-0.007894382367991424,3.286165370282213e-05,5.258991140048245e-06,5.275230957308797,0.7521391608710374,0.8965951644592279,1.1728586588982108,2.762634944389829,0.4585375548691322,599.5874757897218,64.32033550331143,0.5565687123956619,0.0,287.3747651150031,99926.19907064096,1.2113472255548638,339.91910765969186,0.0,0.0,155.86567647957241,14714.300830492086
1.53125,120.48739901509262,156.5801480442937,156.58014917570313,91.24276557065711,-0.008040575979443684,3.261855818470142e-05,4.828551083066069e-06,5.2727818262727775,0.7496900298350175,0.8963655205507604,1.1728978455846821,2.7653232503392178,0.46064596021228726,597.7425912488302,64.93543170702468,0.5568394810090271,0.0,287.3668319064019,99911.88472568704,1.2112071374065996,339.9143001352795,0.0,0.0,156.58014917570344,14847.790486103564
1.5390625,121.71345809865834,157.28997486021922,157.28997601336945,90.47285865863296,-0.008188501283408959,3.247541167880616e-05,4.482922156136939e-06,5.270344016335538,0.7472522198977775,0.8961367262167347,1.1729369265227858,2.768002003060511,0.46274078711237415,594.0528221670475,65.54969473833107,0.5571097244564364,0.0,287.3588625223587,99897.50510730072,1.2110664026682845,339.9094706885494,0.0,0.0,157.28997601336982,14980.974089160913
1.546875,122.9450356411112,157.9924169419085,157.9924181172777,89.3523003206041,-0.008338178998647042,3.242131594883971e-05,4.33769705398692e-06,5.267925074896263,0.7448332784585037,0.8959094934329139,1.1729756792689008,2.7706618583598686,0.46481397736677554,588.518168544373,66.16064742613419,0.557378372789269,0.0,287.35085726833273,99883.06076663964,1.2109250266276534,339.9046195046096,0.0,0.0,157.99241811727808,15113.315604708516
1.5546875,124.18207749836408,158.69020671378044,158.690207911852,89.2818011032085,-0.008489628569082551,3.244594129445832e-05,4.2899301795512555e-06,5.26551745455577,0.7424256581180095,0.8956831168261921,1.173014309940332,2.7733119311414,0.466873569066681,588.518168544373,66.7706180489516,0.5576464374134287,0.0,287.34281649626064,99868.55233872321,1.210783015394025,339.89974679673395,0.0,0.0,158.69020791185235,15245.321337417443
1.5625,125.42456868102671,159.38744351560135,159.38744473691466,89.21074034481839,-0.008642873074161625,3.2536182551814765e-05,4.450610415614915e-06,5.263109834215276,0.7400180377775154,0.8954565331065883,1.1730529772508713,2.7759644414428295,0.46893162254872245,588.518168544373,67.383204719806,0.5579154752458657,0.0,287.3347403035733,99853.97999935185,1.2106403705823237,339.89485262396545,0.0,0.0,159.387444736915,15377.770413172344
1.5703125,126.6725048518878,160.08412296191082,160.0841242069888,89.13911844586438,-0.008797937844374885,3.26788948139873e-05,4.737186717535024e-06,5.260702213874781,0.7376104174370213,0.89522974198974,1.173091729556258,2.778619875665179,0.47098812521005373,588.518168544373,67.99840127230632,0.5581854821846337,0.0,287.3266287184627,99839.3437993938,1.2104970925843468,339.8899370033884,0.0,0.0,160.08412420698917,15510.660205628521
1.578125,127.92587450395759,160.777500724994,160.7775019943297,88.36556004551734,-0.008954845727203238,3.2860785580006164e-05,5.1255662590944545e-06,5.258302140933473,0.7352103444957137,0.8950034551105414,1.1731304269752054,2.7812697186466404,0.47303500302642126,584.82839946259,68.61373198670853,0.558455388806303,0.0,287.3184818157242,99824.64387380674,1.2103531826147704,339.88499998032887,0.0,0.0,160.77750199433007,15643.454894509901
1.5859375,129.1846446959676,161.4675741544109,161.46757544848927,88.29316077452373,-0.009113615937662101,3.306548558632841e-05,5.547636471607343e-06,5.255909615391353,0.7328178189535925,0.8947776741345943,1.1731691072236028,2.783914330890085,0.475072247985525,584.82839946259,69.22915443124666,0.5587251778587448,0.0,287.3102998094762,99809.88060893655,1.2102086443493523,339.88004168454256,0.0,0.0,161.46757544848958,15776.14550690469
1.59375,130.4487967296062,162.1543373936769,162.15433871295232,87.51820430661219,-0.009274267898692724,3.3275722297619416e-05,5.979748911402452e-06,5.253524637248418,0.730432840810658,0.8945524007261794,1.1732077815498343,2.7865538082365493,0.4770998427135421,581.1386303808073,69.84462318318224,0.5589948308967708,0.0,287.30208282125756,99795.05422408311,1.2100634798286505,339.8750621896821,0.0,0.0,162.1543387129527,15908.722456123778
1.6015625,131.71829759127192,162.8377879526522,162.83778929753373,87.44506397113707,-0.009436816922564378,3.347476474274093e-05,6.4050384165029945e-06,5.25114720650467,0.7280554100669099,0.8943276365482277,1.173246457362681,2.789188208144534,0.47911777965552527,581.1386303808073,70.46009595501312,0.559264330823132,0.0,287.2938310656567,99780.16510644062,1.2099176927372304,339.87006162578797,-0.00017201562264035792,3.2812397864390146e-05,162.83778929753407,16041.176866418673
1.609375,132.99313209866318,163.51929255169165,163.51929392258538,87.02006626307085,-0.009601278181843972,3.3647674442017796e-05,6.7730654343278595e-06,5.248773549460515,0.7256817530227551,0.8941030260095876,1.1732852402164693,2.791822142068817,0.4811300800377932,579.2937458399157,71.07678944309947,0.5595342020213382,0.0,287.2855446413587,99765.21343407204,1.2097712847121742,339.8650400526634,-0.0001543113506879283,5.289852184328044e-05,163.51929392258572,16173.770729724969
1.6171875,134.27327788562576,164.19747485958882,164.1974762568686,86.59455912059067,-0.009767664097825467,3.378079308595625e-05,6.89835251781843e-06,5.246407439815547,0.7233156433777868,0.8938789273790101,1.173324159248465,2.794452318694548,0.4831326941578345,577.4488612990243,71.69341040801743,0.5598038887480195,0.0,287.2772236937434,99750.19946929488,1.209624258215602,339.8599975584085,-0.00012763165743615566,2.7910182215573233e-05,164.19747625686895,16306.225629864386
1.625,135.5587125587264,164.8737046056542,164.87370602955016,86.52018340416633,-0.00993598357335037,3.386104678701611e-05,5.9993229739880695e-06,5.244045103870172,0.7209533074324117,0.8936549844197496,1.1733637523314822,2.797087679117326,0.485129652163218,577.4488612990243,72.31119074364962,0.5600739211230557,0.0,287.26886836836826,99735.1234747466,1.2094766157129027,339.85493423123114,0.0,0.0,164.8737060295505,16438.80639241478
1.6328125,136.84941726452865,165.54522837144546,165.54522982189138,85.38991565759764,-0.01010623003305297,3.3883912941175816e-05,5.139431881845025e-06,5.241694089023577,0.7186022925858164,0.8934319142642521,1.1734032309548235,2.799713166905714,0.4871128521936024,571.91420767635,72.9275396047408,0.5603431876687283,0.0,287.2604787877805,99719.98567154637,1.2093283592629755,339.849850145395,0.0,0.0,165.54522982189172,16570.956753527447
1.640625,138.14533733318572,166.20929523570433,166.20929671260174,84.6111915621585,-0.01027838563121527,3.384988301736068e-05,4.3313705353790905e-06,5.239361942674948,0.7162701462371873,0.8932104366097133,1.1734424240577108,2.802319874479975,0.4890741990438022,568.224438594567,73.53981916831587,0.5606105600995197,0.0,287.2520553073343,99704.78670087991,1.2091794950391765,339.8447455162446,0.0,0.0,166.2092967126021,16702.11239745329
1.6484375,139.4464467304736,166.8769051848936,166.8769066882409,86.2967361782519,-0.010452436391953122,3.3759376479386186e-05,3.597203274298671e-06,5.237018475227539,0.7139266787897786,0.892987685125642,1.1734819562269074,2.8049427110126546,0.49104606010645047,577.4488612990243,74.15829737275742,0.560880441632071,0.0,287.2435980962519,99689.52686808504,1.2090300259261841,339.8396204463287,0.0,0.0,166.87690668824123,16834.47482996255
1.65625,140.75280892668962,167.55217614343422,167.55217767326388,86.57252662241449,-0.010628380601760901,3.361258054277829e-05,2.9775488216741635e-06,5.23465236558257,0.7115605691448103,0.8927625791091882,1.1735220485317075,2.807594694225193,0.49304055401753333,579.2937458399157,74.78692486068009,0.5611545183302445,0.0,287.2351067419765,99674.20542876152,1.2088799445259104,339.83447468563776,0.0,0.0,167.55217767326425,16968.885938308656
1.6640625,142.06443716085306,168.22271578844646,168.2227173446699,85.08567227158086,-0.010806209713166714,3.340981093004553e-05,2.540986623737625e-06,5.232297577036382,0.7092057805986217,0.8925383480224196,1.1735619356101792,2.810235875877596,0.4950212159292771,571.91420767635,75.41402289513422,0.5614277867530852,0.0,287.22658115845445,99658.82222763785,1.2087292492094306,339.8293081820234,0.0,0.0,168.22271734467026,17102.843577911342
1.671875,143.38125502047208,168.8802607760162,168.8802623584612,83.24593427731074,-0.01098590288296948,3.3151616738148895e-05,2.373123956879668e-06,5.229976751786532,0.7068849553487724,0.8923171534659435,1.1736010736826696,2.812839202167261,0.496963728601662,562.6897849718927,76.03163496607934,0.5616968493820453,0.0,287.2180218423669,99643.37816090451,1.2085779486481507,339.82412123647435,0.0,0.0,168.88026235846152,17234.64968525454
1.6796875,144.70315739240448,169.52480996053785,169.5248115690258,81.75872347256175,-0.011167435264881669,3.2838625119413725e-05,2.512691046754786e-06,5.227689889833022,0.7045980933952624,0.8920990037951254,1.1736394300324573,2.8154042623733186,0.49886808665926174,555.310246808327,76.63959148896839,0.5619616439252875,0.0,287.20942947694937,99627.8744613625,1.2084260548130854,339.81891426303133,0.0,0.0,169.52481156902616,17364.2738120358
1.6875,146.03006427707066,170.16325355590072,170.1632551903116,81.68272773901096,-0.011350785377747589,3.247140087958364e-05,2.9028211643685407e-06,5.225418122677885,0.7023263262401254,0.8918821049996157,1.1736776279309016,2.8179552293128585,0.5007545646666974,555.310246808327,77.24473544865846,0.5622275932702835,0.0,287.200804582199,99612.31206727283,1.2082735767917683,339.81368757681264,0.0,0.0,170.16325519031193,17493.10296481386
1.6953125,147.36195667660337,170.8011010221632,170.8011026824237,81.60616045464498,-0.011535940059147166,3.205035265898679e-05,3.449353288707127e-06,5.223146355522749,0.7000545590849884,0.891665017527195,1.1737163066505392,2.820512891233442,0.5026393754457434,555.310246808327,77.85251947528286,0.5624982635277842,0.0,287.19214728160205,99596.69120144863,1.2081205166630415,339.8084412526508,0.0,0.0,170.80110268242402,17622.259990539715
1.703125,148.6988371045052,171.44110793931569,171.44110962537388,82.23547787447974,-0.01172288909830766,3.1575833222002186e-05,4.081395136653516e-06,5.220867040968425,0.6977752445306649,0.8914470189679324,1.1737559324780191,2.823089135100867,0.5045306286022198,559.0000158901098,78.46508382850439,0.5627708506423026,0.0,287.1834575588207,99581.01183441075,1.2079668740335714,339.80317528064535,0.0,0.0,171.44110962537425,17752.313837927886
1.7109375,150.04071881145728,172.0791273265589,172.07912903832,81.09752601974769,-0.011911623777455159,3.104816662152214e-05,4.758046004862094e-06,5.218591500113694,0.6954997036759346,0.8912291913764424,1.1737962670934272,2.825670757169848,0.5064161205843003,553.4653622674355,79.07840129224776,0.5630435964011496,0.0,287.1747353277255,99565.27381075088,1.2078126472754507,339.7978896086016,0.0,0.0,172.07912903832036,17882.407024959375
1.71875,151.38754312235926,172.70549374550015,172.70549548284825,79.25239618295488,-0.0121021255399905,3.046786331208276e-05,5.459582925517783e-06,5.216346148855711,0.6932543524179503,0.8910140674215081,1.1738366758583831,2.82822608436875,0.5082674059924801,544.2409395629782,79.68294607543594,0.5633123549456016,0.0,287.16598096970466,99549.47781862963,1.2076578430274096,339.79258446764106,0.0,0.0,172.70549548284862,18010.51886446309
1.7265625,152.73921900336398,173.32297109239624,173.32297285517646,78.82178352630817,-0.012294375422289044,2.983461538172489e-05,4.927870556099784e-06,5.214123439795285,0.6910316433575255,0.8908009302997544,1.173878035590745,2.830771052909906,0.510092617200599,542.3960550220868,80.28130166034656,0.5635782604566113,0.0,287.1571950764781,99533.62492572148,1.2075024716490808,339.78726021634577,0.0,0.0,173.32297285517677,18137.202075284644
1.734375,154.09570578142558,173.9370829524577,173.93708474108902,78.39083328960375,-0.012488372660872334,2.9152383985314616e-05,4.199537449624834e-06,5.211908278134048,0.6888164816962873,0.8905883360361838,1.1739200726528656,2.8333173661668174,0.5119080093171884,540.5511704811953,80.87883691261769,0.5638436538113389,0.0,287.1483779124207,99517.71560905309,1.2073465377129007,339.781917014927,0.0,0.0,173.93708474108936,18263.59714695316
1.7421875,155.4569663508201,174.54367873290556,174.54368054783916,76.8977848891867,-0.012684132868705775,2.8427854081534646e-05,3.3742823246953762e-06,5.209711984970776,0.6866201885330152,0.8903773741404868,1.1739624235398491,2.8358504939936235,0.5137013663080335,533.1716323176295,81.47137908686966,0.5641067252253903,0.0,287.13952971871964,99501.75030381241,1.2071900453819546,339.7765550095441,0.0,0.0,174.54368054783953,18388.822002430617
1.75,156.82293479510986,175.14414305828504,175.144144900031,76.82103001726878,-0.012881670385532402,2.7669714028601062e-05,2.531706848307951e-06,5.207530786605877,0.6844389901681162,0.8901676860372949,1.1740051070581363,2.838374210208414,0.5154767622017088,533.1716323176295,82.06022260276977,0.5643680425334687,0.0,287.13065092383175,99485.7297830888,1.2070330021324298,339.7711744598421,0.0,0.0,175.14414490003134,18513.15322386885
1.7578125,158.1935884165418,175.7426223322776,175.74262420144882,76.38965203155044,-0.01308100784593478,2.6884876774914592e-05,1.6704593829523413e-06,5.2053533619405705,0.6822615655028104,0.8899581854409323,1.174048395319037,2.840902098781047,0.5172464000118451,531.326747776738,82.64945888279682,0.5646293844070067,0.0,287.12174167529247,99469.65431308886,1.2068754104727712,339.76577545522724,0.0,0.0,175.74262420144922,18637.457118540973
1.765625,159.5689008843555,176.3363459476899,176.33634784484923,75.60362378317076,-0.013282169539648657,2.6080359934015116e-05,7.81423485405876e-07,5.203187258374045,0.6800954619362843,0.8897496001243559,1.1740920805502078,2.8434248042585186,0.5190021250014465,527.6369786949551,83.23627293788769,0.5648895321805434,0.0,287.11280214425165,99453.52420262828,1.206717273329457,339.7603580994165,0.0,0.0,176.3363478448496,18761.13969595639
1.7734375,160.9488314354736,176.92531305493173,176.92531498066685,75.17194818307514,-0.013485175491984632,2.5266390191974097e-05,4.274841632777799e-07,5.201032475906298,0.6779406794685381,0.889541932593225,1.1741358097167354,2.8459387712351036,0.52074393404287,525.7920941540636,83.82060880906342,0.5651484651380131,0.0,287.1038325956694,99437.33992978967,1.2065585952889815,339.7549225529757,0.0,0.0,176.9253149806672,18884.19068310024
1.78125,162.3333501157114,177.5109066589088,177.5109086137552,74.74000872916909,-0.013690048367271336,2.4452031451700496e-05,1.0809249331547629e-06,5.198885240837739,0.6757934443999783,0.8893348212034043,1.1741793887648049,2.848445675614005,0.5224758972273602,523.9472096131723,84.4038175661528,0.5654067711744476,0.0,287.09483322424785,99421.10184588538,1.206399379695627,339.7494689338942,0.0,0.0,177.51090861375553,19006.896225761215
1.7890625,163.72242695179835,178.0917386464339,178.09174063098794,73.95301855307135,-0.01389680733498975,2.3654478210652183e-05,2.090734342893845e-06,5.196749326867959,0.6736575304301984,0.8891286319885418,1.1742230796598696,2.8509444767132783,0.5241939284129701,520.2574405313893,84.98444463678763,0.5656638238337279,0.0,287.0858042248133,99404.81030245167,1.206239629896386,339.74399736023685,0.0,0.0,178.09174063098828,19128.950983771025
1.796875,165.11602474218816,178.6691951429919,178.6691971578602,73.87580041494209,-0.014105473683983702,2.28931973284593e-05,3.107883574757368e-06,5.194620960297365,0.6715291638596048,0.888923002694205,1.1742671760710979,2.853441733768929,0.5259021069496961,520.2574405313893,85.56385596520308,0.565920216525621,0.0,287.07674583917577,99388.46573580033,1.2060793500701337,339.7385079785405,0.0,0.0,178.66919715786057,19250.643787388068
1.8046875,166.5141207128836,179.24188527612162,179.24188732176847,72.73296065046624,-0.014316067942999862,2.2182502522360823e-05,3.9161147491329635e-06,5.192503914825551,0.669412118387791,0.888718299943647,1.1743116811785992,2.8559338123495213,0.5275963384724744,514.722786908715,86.14058320561006,0.5661753178624629,0.0,287.06765821536624,99372.06841303219,1.205918542736995,339.7330008785119,0.0,0.0,179.24188732176884,19371.666949526058
1.8125,167.91665594915267,179.80564721857755,179.8056492955656,71.59018904681467,-0.0145286036979643,2.1532520058005574e-05,4.610266117337641e-06,5.190409511551297,0.6673177151135368,0.888515622209866,1.174356187582534,2.858405653726679,0.5292643717192492,509.1881332860406,86.71027479847771,0.5664272549575025,0.0,287.0585417363305,99355.61902511831,1.205757214574681,339.72747629221624,0.0,0.0,179.80564929556596,19491.10849063372
1.8203125,169.32356793323336,180.3632582783602,180.36326038720748,71.15824919338463,-0.014743096526264607,2.0953026405999387e-05,5.1233564122228576e-06,5.188330203075416,0.6652384066376555,0.8883142433490685,1.1744009268483369,2.8608668349926836,0.5309143805234813,507.34324874514914,87.27570718124441,0.5666772316390203,0.0,287.049396808434,99339.11830528727,1.2055953726767772,339.721934465911,0.0,0.0,180.36326038720782,19609.55468894755
1.828125,170.73482307004403,180.91749407550913,180.91749621670422,70.72612351928952,-0.014959561614673475,2.045150394995124e-05,5.315267382955236e-06,5.186258441998721,0.6631666455609608,0.8881134348478945,1.1744461861593283,2.8633275131143376,0.5325545344507588,505.49836420425765,87.83969912353432,0.5669264664673994,0.0,287.0402236500447,99322.56664755309,1.2054330208109885,339.7163755319271,0.0,0.0,180.9174962167046,19727.59874597447
1.8359375,172.15039136624776,181.46696377279605,181.4669659466752,69.9381757022957,-0.015178010813304117,2.0032894781210975e-05,5.318295198653614e-06,5.184198002020806,0.6611062055830459,0.8879135644758926,1.1744917582612031,2.8657819378531046,0.5341807388986639,501.8085951224748,88.40076169695666,0.5671743210497056,0.0,287.0310224561194,99305.96440368734,1.2052701623313051,339.71079960840837,0.0,0.0,181.46696594667551,19844.92974512942
1.84375,173.57023920798343,182.01444751511494,182.01444972204797,70.21758127628091,-0.015398449446710788,1.9696246535324998e-05,5.353583049694543e-06,5.182141335742484,0.6590495393047241,0.8877139016647132,1.1745377286004908,2.8682382693577755,0.5358011772081399,503.6534796633662,88.96175663999647,0.567422029324376,0.0,287.0217934451481,99289.31196792428,1.2051068010088668,339.70520682775975,0.0,0.0,182.0144497220483,19962.14821353165
1.8515625,174.99435830274462,182.55855013183637,182.55855237221994,69.07279619990973,-0.015620889583222745,1.9437692177550967e-05,5.273284939508372e-06,5.180092216863349,0.6570004204255888,0.8875148138874053,1.1745840565465107,2.8706924265910536,0.5374117422122461,498.1188260406919,89.52119592386586,0.5676689529754841,0.0,287.01253667103214,99272.60943752111,1.2049429377018575,339.6995972226455,0.0,0.0,182.55855237222016,20078.943213716666
1.859375,176.4226968878254,183.0951009134997,183.0951031876442,68.28426819010929,-0.01584533645922699,1.9248871998315812e-05,5.047602019530847e-06,5.17806196648218,0.6549701700444198,0.887317403930237,1.174630387252246,2.8731298332200916,0.5390001554937329,494.429056958909,90.07464010411171,0.5679131881453857,0.0,287.0032524702291,99255.85741956763,1.2047785782706981,339.6939709969588,0.0,0.0,183.09510318764438,20194.388178059144
1.8671875,177.85520683652814,183.62688307924114,183.62688538732823,67.85198451901948,-0.01607179208335638,1.911740076357148e-05,4.2055871177909795e-06,5.176043037199791,0.6529512407620306,0.8871209412009036,1.174677215198789,2.875562739978854,0.540574609332431,492.5841724180175,90.6249551763087,0.5681559705726551,0.0,286.99394115556254,99239.05647850936,1.2046137281586133,339.6883283402709,0.0,0.0,183.62688538732849,20309.084586959958
1.875,179.2918581398994,184.15528755082954,184.15528989267048,67.41957966185147,-0.016300243927819973,1.904053926080074e-05,3.4292101534961635e-06,5.174031655316588,0.6509398588788279,0.8869250604491592,1.174724244037883,2.877991835887237,0.5421391978395358,490.7392878771261,91.1735689676598,0.5683979159800314,0.0,286.98460292209063,99222.20696630103,1.2044483907248198,339.6826693707869,0.0,0.0,184.15528989267068,20423.331994480006
1.8828125,180.7326244060946,184.68031341578336,184.68031579118397,66.98706239255237,-0.016530672728458866,1.901773559258236e-05,2.757882502411378e-06,5.172027820832572,0.6489360243948117,0.8867297632115202,1.1747714379059537,2.880416746944335,0.5436939178946647,488.89440333623463,91.72044515802891,0.5686390110747077,0.0,286.9752379413604,99205.30919247474,1.2042825689128276,339.6769941924644,0.0,0.0,184.68031579118423,20537.12382590855
1.890625,182.17748286479636,185.2033530329131,185.20335544169245,66.91105093540881,-0.016763059876651807,1.9048447456058135e-05,2.267181192452811e-06,5.170027760048149,0.6469359636103887,0.8865346828034136,1.1748188653284026,2.8828418252498897,0.5452428682176474,488.89440333623463,92.26703935535511,0.5688798813784383,0.0,286.9658463613788,99188.36342408815,1.2041162652498039,339.67130289499556,0.0,0.0,185.20335544169268,20650.764251328827
1.8984375,183.6264143585249,185.7216164667094,185.72161890864513,65.76451239962252,-0.016997387426077093,1.9132142654304597e-05,2.0686869436243018e-06,5.168039020362506,0.6449472239247455,0.886340556909165,1.1748661984141393,2.8852564150497426,0.5467778348461138,483.3597497135603,92.81033425466599,0.5691192368970814,0.0,286.9564283066696,99171.36988582641,1.203949481847441,339.66559555384174,0.0,0.0,185.72161890864535,20763.62562830202
1.90625,185.0793670611654,186.233712293847,186.23371476875673,65.33204438602917,-0.01723363219775947,1.926822100572864e-05,1.172466694235289e-06,5.1660653754752355,0.6429735790374752,0.886147756691344,1.174913876664322,2.8876611997297785,0.5482947204436411,481.5148651726688,93.34877966021389,0.5693564182388907,0.0,286.9469841141024,99154.32918552298,1.2037822245785188,339.6598723731461,0.0,0.0,186.23371476875695,20875.387350883262
1.9140625,186.53630368128984,186.7410343862227,186.74103689420116,64.54249022180507,-0.01747178240817377,1.9440210859157243e-05,4.7567158041931745e-07,5.1641030516867445,0.6410112552489847,0.8859559162968358,1.1749614811978115,2.8900556490097573,0.5497976278693268,477.82509609088595,93.88381831145158,0.5695920466617569,0.0,286.9375140260716,99137.24176054382,1.203614497643783,339.6541334997994,0.0,0.0,186.74103689420136,20986.35168541595
1.921875,187.99717602505157,187.240792326081,187.2407948673086,63.39564780018667,-0.01771183880633104,1.9622570834077194e-05,1.0626941519782706e-06,5.16215959639622,0.6390677999584605,0.8857657767674213,1.1750080949669661,2.892423181995448,0.5512783407076123,472.29044246821155,94.41386396220233,0.5698338124269652,0.0,286.92801835583714,99120.108176122,1.2034463065000884,339.6483791236373,0.0,0.0,187.2407948673088,21095.88138593329
1.9296875,189.46192500229768,187.7343834138769,187.73438598854514,62.963702467268995,-0.01795379398489873,1.9788541059680387e-05,2.1420386822306923e-06,5.160231235904069,0.6371394394663094,0.8855769724928018,1.175054294602238,2.894773221094362,0.5527409716860878,470.4455579273202,94.93909962429944,0.5700746337249327,0.0,286.91849748748507,99102.92912528598,1.2032776578601192,339.64260947741593,0.0,0.0,187.73438598854534,21204.27902355415
1.9375,190.9305206142363,188.22599614318852,188.2259987517432,62.88913496957039,-0.018197654978862124,1.990969372836904e-05,3.279474421939963e-06,5.158306649111512,0.6352148526737514,0.8853883969486234,1.1751007178392985,2.897123208906751,0.5541978521600958,470.4455579273202,95.46381647026868,0.5703151014173581,0.0,286.9089516160074,99085.7049598713,1.2031085550882483,339.6368246793005,0.0,0.0,188.22599875174333,21312.482504118794
1.9453125,192.4029510345251,188.71562847843182,188.7156311213234,62.45677710131649,-0.01844343580006336,1.9956943120869392e-05,4.606025816493493e-06,5.156385836018547,0.6332940395807868,0.8852000508050294,1.1751472800630525,2.8994722925802305,0.5556489759610694,468.6006733864287,95.98799319288212,0.5705552075495521,0.0,286.8993808182756,99068.43581858117,1.2029389994568247,339.631024775875,0.0,0.0,188.71563112132355,21420.487817706147
1.953125,193.87919351268934,189.20188293332836,189.20188561106266,62.02439931113274,-0.018691150271953907,1.9898722852167132e-05,5.893046602138857e-06,5.154472570324769,0.6313807738870085,0.8850123051768383,1.1751939728783238,2.9018166770148555,0.5570902280512804,466.7557888455372,96.51006959681837,0.5707942618338862,0.0,286.8897852421675,99051.1219682405,1.2027689934963914,339.6252098567535,-0.00018050954746464887,-0.0001360436860390019,189.20188561106275,21527.97343080977
1.9609375,195.3592180178937,189.68336149566989,189.68336420876864,61.23420660465456,-0.01894081245668493,1.970189634939708e-05,6.747807849613795e-06,5.15257062572977,0.62947882929201,0.8848255322762401,1.1752408797428158,2.904153474665757,0.5585174915115297,463.0660197637543,97.02846542402415,0.5710315671111937,0.0,286.88016508288365,99033.76376106068,1.2025985405764463,339.6193800402275,-0.00012256067396016515,-0.000166529119890086,189.68336420876875,21634.61465192046
1.96875,196.8429763199963,190.15726918778975,190.15727193670037,60.08631691047313,-0.019192434263288358,1.9342227825968596e-05,7.164127459099315e-06,5.150687549632738,0.6275957531949778,0.8846404763915814,1.1752877132426862,2.9064723685110483,0.5599225356186883,457.53136614107996,97.54003107297822,0.5712657333755958,0.0,286.87052065392,99016.36176270044,1.2024276461633787,339.61353551627553,-7.442693161555775e-05,-0.00014887214970154725,190.15727193670045,21739.764427633807
1.9765625,198.3304092866662,190.62500872561884,190.62501151083404,59.65504823198616,-0.01944602564320243,1.880646453369635e-05,7.384138083096995e-06,5.148819568334079,0.6257277718963187,0.8844567701832076,1.1753344499086342,2.9087767972542666,0.5613094894244293,455.68648160018853,98.0462521897394,0.5714974251164432,0.0,286.86085233963666,98998.91666668294,1.2022563169806397,339.6076765178198,-7.194540331742816e-05,-8.933300624811924e-05,190.62501151083418,21843.73191288324
1.984375,199.8214869520427,191.09077848613768,191.0907813080546,59.58199708960552,-0.01970159599854324,1.8089687305590966e-05,7.016485136474326e-06,5.146955360735013,0.6238635642972528,0.884273302157531,1.1753817263621023,2.9110842420457126,0.562690714620248,455.68648160018853,98.5517554801645,0.5717286935599333,0.0,286.8511603348117,98981.42882445749,1.2020845563934208,339.60180316289586,-1.6728320208823967e-05,-0.00013211847811765343,191.09078130805466,21947.471524639943
1.9921875,201.31619027449608,191.55177698167066,191.551779840022,58.43378062839678,-0.01995913990831551,1.7190544827751575e-05,6.885965085512935e-06,5.145102474234727,0.6220106777969666,0.8840908165680859,1.1754287654183664,2.9133794885028053,0.5640579614835493,450.15182797751413,99.0533852783494,0.5719581460873406,0.0,286.84144476321575,98963.8984593505,1.2019123665091054,339.59591552650875,-3.397765853204361e-05,-0.00019057612045161103,191.5517798400221,22050.33497256773
2.0,202.8144674068422,192.00660798690117,192.00661088214713,58.00300518559127,-0.020218648946039607,1.6114668418793414e-05,6.6877002435210215e-06,5.143264682532814,0.6201728860950534,0.8839096877426341,1.1754755907488577,2.915659030062235,0.5654071176190231,448.30694343662276,99.54952734210923,0.5721850742737182,0.0,286.8317059618555,98946.32617944258,1.201739753215033,339.5900138128844,-1.613538269447242e-05,-0.00021153765832317284,192.0066108821472,22151.992513016747
2.0078125,204.31628476075832,192.45807377923103,192.45807671197767,57.57228781482226,-0.02048013841442486,1.4869628949593656e-05,6.309581706131619e-06,5.141434438230087,0.6183426417923267,0.8837291740812955,1.1755225412362984,2.917933671550029,0.5667464341175166,446.4620588957313,100.04327892509122,0.5724108502011775,0.0,286.82194414905507,98928.71237866842,1.201566720296167,339.58409815432736,-2.644888092864862e-05,-0.00018395603111662017,192.45807671197778,22253.08252207059
2.015625,205.8216160473729,192.90617484372987,192.9061778145583,57.141636485776104,-0.020743624968638304,1.3469167795794946e-05,5.683010630910139e-06,5.139611741326546,0.6165199448887865,0.8835492770365007,1.1755696479668307,2.9202037093033004,0.5680759118849348,444.6171743548398,100.534609025289,0.5726354630438685,0.0,286.8121594956921,98911.05736535246,1.2013932706972135,339.5781686543894,1.4775680550580008e-05,-0.0001886070726996944,192.90617781455845,22353.599810743246
2.0234375,207.3304386328914,193.35231360984668,193.3523166191981,57.0698800021809,-0.021009122907723,1.1935889727055391e-05,5.0302400538036175e-06,5.1377928181226,0.6147010216848395,0.8833696252039855,1.1756169174546693,2.922472922506838,0.5693996804072283,444.6171743548398,101.02507521048702,0.572859601862782,0.0,286.8023521488862,98893.36140495118,1.201219406942299,339.57222540222506,0.0,0.0,193.35231661919823,22453.864841628867
2.03125,208.84274083342584,193.79648866269773,193.79649171097694,56.63898758405786,-0.02127664248388459,1.0295855131475517e-05,4.545074012008047e-06,5.135977668618246,0.6128858721804858,0.8831902192402805,1.175664229382392,2.924740101421115,0.5707177353012577,442.77228981394836,101.51465815142305,0.5730832596400343,0.0,286.7925221845827,98875.624634497,1.2010451302941518,339.5662684438571,0.0,0.0,193.79649171097705,22553.874140827866
2.0390625,210.35849269539406,194.23449196607316,194.2344950538418,55.49003785429045,-0.02154619490568529,8.582800149705672e-06,4.2765294205322705e-06,5.134177613912265,0.6110858174745052,0.883012179940837,1.175711102002986,2.92698922062149,0.5720176836239075,437.237636191274,101.99854538495498,0.5733043203879524,0.0,286.7826697974799,98857.84740529524,1.2008704441212652,339.5602978972728,0.0,0.0,194.23449505384195,22652.64308097767
2.046875,211.87763505647106,194.6649249883945,194.66492811583774,54.70093729966551,-0.02181778384254539,6.830108544265895e-06,4.138527588517048e-06,5.132396427704251,0.6093046312664908,0.8828358839528568,1.1757574213049393,2.9292153735208246,0.5732954054543701,433.5478671094911,102.47508148761126,0.5735220616050758,0.0,286.7727953721329,98840.03041122083,1.2006953551594515,339.55431399551253,0.0,0.0,194.66492811583785,22749.835588187656
2.0546875,213.4001234103347,195.0920023561126,195.09200552346297,54.63086617607969,-0.02209140675813312,5.069509850753312e-06,4.0835707205695634e-06,5.130622788895423,0.6075309924576628,0.8826602133501718,1.175803651081893,2.9314343773172125,0.5745633119216452,433.5478671094911,102.94902533739405,0.5737385811554205,0.0,286.7628991978328,98822.17417425833,1.200519868456846,339.54831691388665,0.0,0.0,195.09200552346311,22846.427699736363
2.0625,214.92593885128142,195.515723024677,195.51572623191154,53.841749867446886,-0.02236706116503982,3.335045716404206e-06,4.107372030023303e-06,5.128856697485782,0.6057649010480214,0.8824851695571131,1.1758497852294951,2.93364615672382,0.5758213994499036,429.8580980277082,103.42034558807154,0.5739538680455266,0.0,286.75298139746667,98804.27891613997,1.2003439861116958,339.5423067268648,0.0,0.0,195.5157262319117,22942.41419760827
2.0703125,216.4550478495087,195.93608992257288,195.9360931695648,53.77217445265464,-0.022644731452004966,1.6526559532441052e-06,3.4188992515830127e-06,5.127098153475327,0.6040063570375664,0.882310753994443,1.1758962820366194,2.935855280421764,0.5770696760635831,429.8580980277082,103.88901578227181,0.5741679133465238,0.0,286.74304218897817,98786.34503011416,1.2001677119085703,339.53628356652075,0.0,0.0,195.936093169565,23037.79087389821
2.078125,217.98742785963208,196.35169685249159,196.35170013889794,52.62339236996548,-0.022924399228418088,3.6292774489359965e-08,2.874611273249086e-06,5.125350930563651,0.6022591341258913,0.8821373427456166,1.17594247380354,2.9380513105792336,0.5783039996351769,424.32344440503385,104.35338211280254,0.5743799944229001,0.0,286.7330817189124,98768.37278060045,1.1999910483665164,339.53024752166095,0.0,0.0,196.35170013889814,23132.221527866895
2.0859375,219.52303805388024,196.7653604961447,196.76536382162917,53.27436966394435,-0.02320603871392872,-1.5148791290142826e-06,2.548229272736488e-06,5.12360748135157,0.6005156849138094,0.8819641881466201,1.1759886172895466,2.9402442914292646,0.5795326652540387,428.0132134868167,104.8166641399067,0.5745915264100908,0.0,286.7231002526498,98750.36264644018,1.199814000113062,339.5241987531058,0.0,0.0,196.76536382162936,23226.3643975224
2.09375,221.06189619166028,197.182700769505,197.18270413381947,53.56467343616158,-0.02348963354770781,-2.997051677208278e-06,2.5115419838644157e-06,5.121852711040708,0.5987609146029477,0.881789790134768,1.1760352898066526,2.9424549967188462,0.5807722254995457,429.8580980277082,105.28536990424104,0.5748053618269474,0.0,286.7130976747542,98732.31441934528,1.1996365650213459,339.51813719090103,0.0,0.0,197.18270413381964,23321.545924594728
2.1015625,222.60401266428107,197.59808718439672,197.59809058731594,52.774377902431155,-0.023775166008731745,-4.412208992548115e-06,2.763432295640068e-06,5.120101714429439,0.5970099179916792,0.8816156480177502,1.1760818687069063,2.9446622068915618,0.5820060971063116,426.16832894592534,105.75297951404285,0.5750186426540164,0.0,286.70307391768216,98714.22797744311,1.1994587418134073,339.5120627941154,0.0,0.0,197.59809058731608,23416.436527841735
2.109375,224.1493465651313,198.00589402097748,198.00589746209744,51.62437032052113,-0.024062614157358442,-5.764588629576193e-06,3.223717364210957e-06,5.118369586316137,0.5952777898783771,0.8814432652029367,1.1761277627835656,2.9468449758062887,0.5832177093198965,420.63367532325094,106.21291049711235,0.5752284902013798,0.0,286.69302924732665,98696.10380049967,1.1992805351266105,339.50597572387994,0.0,0.0,198.00589746209764,23509.69746728441
2.1171875,225.69783136941075,198.40471948950665,198.40472296839587,50.4751516649082,-0.024351948118690545,-7.055037205071473e-06,3.807939190696428e-06,5.116660100400394,0.5935683039626344,0.8812730213242512,1.1761728466403467,2.948998253160955,0.5844029316429932,415.0990217005766,106.66345606073529,0.5754341644237593,0.0,286.68296409609883,98677.94266873937,1.1991019525540418,339.4998762422359,0.0,0.0,198.40472296839604,23600.984892948763
2.125,227.24940426908796,198.79738606220167,198.79738957847331,50.047560429827165,-0.02464313882550025,-8.284391245359975e-06,4.4597559845341e-06,5.114965709283025,0.5918739128452647,0.881104168410265,1.1762174561992444,2.951132877889795,0.5855700761240837,413.2541371596851,107.10784918631336,0.5756370856067042,0.0,286.6728788722509,98659.74531879516,1.1989230012620782,339.49376459658407,0.0,0.0,198.7973895784735,23690.95955033556
2.1328125,228.8040281608083,199.18530427499127,199.18530782827972,49.25964098821868,-0.024936162085859317,-9.453442408831304e-06,5.1468576250193315e-06,5.113282639264435,0.5901908428266748,0.8809363329027649,1.176261759133654,2.953254262308891,0.5867232965560201,409.5643680779022,107.54769615431009,0.5758379602831187,0.0,286.6627738169547,98641.51218582725,1.1987436854539948,339.48764093307454,2.1592136158270056e-05,-9.25804637622114e-06,199.18530782827995,23779.950106870412
2.140625,230.36165862353295,199.5670689295928,199.56707251950613,48.472251692777654,-0.025230992507429717,-1.056298760469223e-05,5.851206161491697e-06,5.111614664044218,0.5885228676064579,0.8807698936045454,1.1763055943095246,2.9553570070497925,0.5878584527562929,405.8745989961193,107.9813013235182,0.5760360518683952,0.0,286.65264921894703,98623.24379081994,1.1985640101782469,339.4815054266819,1.2451282365684262e-05,-3.5049608433122565e-05,199.56707251950627,23867.614265288514
2.1484375,231.922251269778,199.94409369946962,199.94409732563753,48.04616268713512,-0.025527604848281385,-1.1613818137010501e-05,6.562434847323391e-06,5.109958009922781,0.5868662134850208,0.8806044764314493,1.1763491191206912,2.9574464268924183,0.5889797078498655,404.0297144552279,108.41028405140705,0.5762320716425939,0.0,286.64250536674643,98604.94065436404,1.198383980480708,339.4753582522484,0.0001139651435789124,-7.482629430589653e-05,199.9440973256377,23954.282908270077
2.15625,233.48577274907623,200.31638060101625,200.3163842631415,47.25942878038221,-0.025825976051267796,-1.2606702376464366e-05,6.270733699568781e-06,5.108312676900123,0.5852208804623634,0.8804400834777172,1.1763929196988163,2.959528362210991,0.5900870669088923,400.33994537344495,108.83460824865715,0.576426007446119,0.0,286.632342477131,98586.60316760464,1.1982036001351826,339.4691995411414,0.00015797513113083902,-9.297285690250076e-05,200.31638426314163,24039.950524820397
2.1640625,235.05218606275437,200.68534410732727,200.68534780566284,47.19523420140613,-0.026126096849259782,-1.3558432835270002e-05,5.5548762873795165e-06,5.106674891276652,0.5835830948388925,0.8802763394154841,1.1764368108291317,2.961604714136475,0.5911846958334733,400.33994537344495,109.2559147135436,0.5766185779068402,0.0,286.6221607905921,98568.23176447419,1.1980228733373466,339.4630294390988,0.00021622865988715336,-0.00010912428520957308,200.68534780566304,24124.95129286115
2.171875,236.62147994371307,201.0538056914814,201.05380942675217,47.13093737644237,-0.026427980372874665,-1.4495685811431627e-05,4.587985015486097e-06,5.105037105653182,0.5819453092154215,0.8801124902893053,1.1764810153753682,2.963685250860629,0.5922809058557509,400.33994537344495,109.67753334772074,0.5768112360504525,0.0,286.6119603803658,98549.82657711687,1.197841801314813,339.4568479905017,0.0,0.0,201.05380942675228,24209.960532922447
2.1796875,238.1936431164904,201.41894202161296,201.4189457949111,46.344113198607765,-0.026731659395719035,-1.5443103054708506e-05,3.6998115903967253e-06,5.103406867428897,0.5803150709911371,0.8799492917891122,1.176525003743204,2.965757119540918,0.5933673795758122,396.65017629166204,110.09609463980134,0.5770025150129403,0.0,286.6017413197428,98531.38773777496,1.197660385296385,339.45065523976416,0.0,0.0,201.4189457949113,24294.29642842016
2.1875,239.76864226430894,201.78075703389592,201.7807608463367,46.28053878891495,-0.02703717083541294,-1.642591987014559e-05,2.8423354667592947e-06,5.1017841766037995,0.5786923801660392,0.8797867452629033,1.1765687980795492,2.9678205281664582,0.5944441279354772,396.65017629166204,110.51157734915651,0.5771924078751092,0.0,286.59150382528196,98512.91563719843,1.1974786290547683,339.44445131812085,0.0,0.0,201.7807608463369,24377.95586022837
2.1953125,241.3464551172104,202.13783852499148,202.13784237763858,45.13255059730128,-0.02734454954283912,-1.7455995619029716e-05,1.9098499221416844e-06,5.100172806877481,0.577081010439721,0.8796252304292757,1.1766122857733912,2.969870553441155,0.5955069899404923,391.1155226689877,110.92226445612003,0.5773801701824772,0.0,286.5812480417381,98494.41053657654,1.1972965350886764,339.43823631329326,0.0,0.0,202.13784237763878,24460.593000137527
2.203125,242.9270263243263,202.48736775628274,202.48737165023425,44.34709172274897,-0.02765382763124779,-1.8534304308042177e-05,1.7050601198444995e-06,5.098580305649129,0.5754885092113692,0.8794655065650094,1.176654646790691,2.9718914022568166,0.5965476602686349,387.4257535872048,111.32473673296965,0.5775643187058898,0.0,286.57097432889185,98475.87308508226,1.1971141097156663,339.43201044330846,0.0,0.0,202.4873716502345,24541.519017142484
2.2109375,244.5103079448478,202.8321761024882,202.83218003900168,43.92393344287459,-0.027965040974094753,-1.9661464650422075e-05,2.5127794144435983e-06,5.096999125519558,0.5739073290817971,0.8793068194323079,1.176696040693364,2.9738922126105605,0.5975744791276486,385.58086904631335,111.72234194377839,0.5777463134913544,0.0,286.56068299835846,98457.30384498092,1.1969313583996501,339.42577389700523,0.0,0.0,202.8321800390019,24621.412627358815
2.21875,246.09627415094977,203.17509309455681,203.1750970749651,43.86283294164604,-0.028278233312260922,-2.0836310621235264e-05,3.5889532578608443e-06,5.095421719089578,0.5723299226518183,0.879148412894498,1.17673724023647,2.97588827341972,0.598595782054046,385.58086904631335,112.11845493840126,0.5779276235925292,0.0,286.5503742180188,98438.70311918961,1.1967482840533166,339.41952677611937,0.0,0.0,203.17509707496538,24700.956430494338
2.2265625,247.68491384820263,203.51611853385248,203.5161225590846,43.43977160635565,-0.028593441400674206,-2.205171597641433e-05,4.436018374883418e-06,5.093848086359193,0.5707562899214327,0.8789902875643126,1.1767785350936757,2.9778824752936304,0.5996115681750851,383.7359845054219,112.51306166830364,0.5781082441489653,0.0,286.54004805998665,98420.07103782742,1.1965648878891673,339.4132691243519,0.0,0.0,203.51612255908486,24780.148153288912
2.234375,249.2762048976595,203.8538392318752,203.85384330262164,43.01668965497757,-0.02891068748572875,-2.3296664696483017e-05,5.2734533666360625e-06,5.092282001027994,0.5691902045902335,0.8788328236021999,1.176819619791375,2.97986796189175,0.6006176734264216,381.8910999645305,112.90604318612023,0.5782956488065514,0.0,286.5297046681652,98401.40786054709,1.1963811723950861,339.4070010289081,-0.00023866118681228036,-4.6737446789070784e-05,203.85384330262187,24858.640952936385
2.2421875,250.87012147766643,204.18825449213233,204.18825860954803,42.59371324381714,-0.029229997654706116,-2.4566303441315198e-05,6.139350747182686e-06,5.090723463095981,0.5676316666582208,0.8786760223188983,1.1768604659403668,2.9818444362146845,0.6016140951335214,380.046215423639,113.29676689583668,0.5784866491098497,0.0,286.51934421039516,98382.71389019334,1.1961971404847875,339.40072259149946,-0.0002215856023571906,-7.998382730716902e-05,204.18825860954826,24936.430956325057
2.25,252.46663408603706,204.51795126836487,204.51795543300423,41.80883634698147,-0.02955139663448487,-2.585360342248526e-05,6.612154165617886e-06,5.089176246262748,0.566084449824988,0.8785202650324573,1.1769011424783495,2.9838087744589226,0.6025966692081622,376.3564463418561,113.68247438490283,0.5786752674652224,0.0,286.50896687844073,98363.98947277738,1.1960127954977213,339.39443392833505,-0.00014797835072601358,-1.4711427203980364e-05,204.5179554330044,25013.168870951293
2.2578125,254.06570219191642,204.8429345392671,204.8429387517325,41.38698119775044,-0.029874892996898078,-2.7152145806151126e-05,6.795321628914057e-06,5.087640350528295,0.5645485540905348,0.8783655537351369,1.176941581199074,2.9857602746393708,0.6035654093552306,374.5115618009646,114.06313741093575,0.5788614950961128,0.0,286.4985729357525,98345.23508365822,1.1958281420477916,339.388135199066,-0.00016647707780852183,-2.2367785933128912e-05,204.84293875173265,25088.85084082029
2.265625,255.6672926709256,205.1632073055742,205.16321156625855,40.60302652396475,-0.030200495115380397,-2.845725969569936e-05,6.9594804136435104e-06,5.086115775892622,0.5630239794548615,0.878211890407642,1.1769816151396506,2.9876972473200856,0.6045203234994161,370.82179271918176,114.43872575901648,0.5790453222862211,0.0,286.48816259763896,98326.45111132931,1.1956431838947823,339.38182653416925,-0.00012318825648371902,3.186632146806857e-05,205.16321156625872,25163.47259969952
2.2734375,257.2713687420182,205.4801911552167,205.48019546449203,40.54486382182495,-0.030528206209742552,-2.9769637254033677e-05,5.959030068184827e-06,5.084598748656135,0.5615069522183747,0.8780588963234963,1.1770220896134842,2.989631932899879,0.6054655995297925,370.82179271918176,114.81095482212675,0.5792275458213715,0.0,286.4777361031769,98307.63798717069,1.1954579252218074,339.3755080785252,-7.729784165909659e-05,2.218774132839541e-05,205.4801954644922,25237.37844476541
2.28125,258.87791209356755,205.79388665548618,205.7938910127396,39.7613660856593,-0.030858014966680836,-3.1089054685178965e-05,4.979374129325392e-06,5.083089268818835,0.5599974723810743,0.8779065727633985,1.1770623001544784,2.9915572739107996,0.6064012385296582,367.13202363739885,115.17980227983045,0.5794081582724753,0.0,286.4672935713918,98288.79592594704,1.1952723680797934,339.36917990426343,1.5113555248004886e-05,9.490668970219193e-06,205.79389101273975,25310.56508032804
2.2890625,260.48688228833424,206.10146399172683,206.10146839642096,38.97861553131282,-0.031189884744250572,-3.24154274489862e-05,4.017016993881601e-06,5.081594883779907,0.5585030873421469,0.8777556832968489,1.177101888361,2.993462050641511,0.6073189011446701,363.44225455561593,115.54175117486866,0.5795855390301385,0.0,286.4568352651258,98269.92540191942,1.1950865170759812,339.3628421706662,0.0,0.0,206.10146839642113,25382.332155094522
2.296875,262.0982315511109,206.4029290576942,206.40293350928863,38.196626569992304,-0.03152378297177973,-3.374864414689911e-05,3.071736225930166e-06,5.080115593539353,0.5570237971015926,0.8776062305344581,1.1771408459256347,2.9953461539117665,0.6082186034753656,359.7524854738331,115.8967670924983,0.579759677358854,0.0,286.44636149491777,98251.02697541096,1.1949003776665648,339.35649506592017,0.0,0.0,206.40293350928877,25452.67508550055
2.3046875,263.71191215317305,206.6982878590495,206.69829235689608,37.415413411475456,-0.03185967732136644,-3.50885940698602e-05,2.1461293623548633e-06,5.078651398097171,0.5555596016594112,0.8774582170642726,1.1771791631586468,2.9972094609437416,0.6091003619482798,356.0627163920501,116.24481666096605,0.5799305628716336,0.0,286.4358725710043,98232.1012061996,1.1947139553038786,339.3501387780286,0.0,0.0,206.6982923568962,25521.58946467231
2.3125,265.3278801075651,206.98896500967172,206.98896955322755,36.99804428675065,-0.03219753259414218,-3.6431799134049946e-05,1.2390384975665053e-06,5.07719852375377,0.5541067273160096,0.8773112636455315,1.177217012759802,2.9990574911427057,0.6099683734591074,354.2178318511587,116.58762857986547,0.5800989971768071,0.0,286.4253687793008,98213.14861017861,1.1945272550094521,339.3437734802563,0.0,0.0,206.9889695532277,25589.4217805735
2.3203125,266.9460988530461,207.27354515435778,207.2735497430485,35.854743559364714,-0.03253731823636039,-3.7781009341309914e-05,8.971687092477604e-07,5.075760744208742,0.5526689477709811,0.8771657541948575,1.1772538854488352,3.000881312539777,0.6108184661062149,348.68317822848434,116.9234125841656,0.580264159206871,0.0,286.4148503574552,98194.1696161501,1.1943402809481887,339.33739931661785,0.0,0.0,207.27354974304865,25655.817310826726
2.328125,268.5665096992167,207.55061739133131,207.55062202371252,35.075939466574006,-0.03287898261572411,-3.9127949252659245e-05,2.8488120875226893e-06,5.074341833161679,0.5512500367239187,0.8770220734749331,1.177288572990008,3.0026649951507487,0.6116464806350017,344.9934091467014,117.25037285351378,0.5804252266082564,0.0,286.4043176869551,98175.16491245409,1.1941530398432918,339.3310165182948,0.0,0.0,207.55062202371263,25720.4209079644
2.3359375,270.18906141346287,207.8216084632644,207.82161313795726,34.29796633652704,-0.033222463502004945,-4.045953245571681e-05,3.646189610442119e-06,5.07293801691299,0.5498462204752294,0.8768798421757692,1.1773232823305786,3.0044344015480937,0.612456620152828,341.3036400649185,117.57024354927282,0.5805830030531949,0.0,286.39377110081244,98156.13509996326,1.1939655375580176,339.3246252870923,0.0,0.0,207.8216131379574,25783.580050313165
2.34375,271.8137028136457,208.08510484302928,208.08510955944251,33.15738331400769,-0.033567714332690714,-4.1769101609740925e-05,5.674975726680509e-06,5.071553069162267,0.5484612727245063,0.8767394454281714,1.1773564164836756,3.0061697105550422,0.61324471756196,335.76898644224417,117.88122189306156,0.5807366634212017,0.0,286.3832109317113,98137.08077895836,1.1937777799514464,339.31822582461706,-0.00017260940209647097,7.417915533284168e-06,208.08510955944263,25844.93845494841
2.3515625,273.4403716841729,208.34111593730475,208.34112069394405,32.38165063200537,-0.03391468464647828,-4.3049237757348254e-05,7.830797686611785e-06,5.07018698990951,0.5470951934717495,0.8766008863029341,1.1773886188688483,3.0078773256591416,0.6140107989492881,332.07921736046126,118.18327621881288,0.5808861982008026,0.0,286.3726375840529,98118.00267912401,1.193589774159584,339.311818375936,-0.00018551821367896674,-2.3375620851187015e-05,208.34112069394422,25904.492339444794
2.359375,275.0690169767791,208.5910700334279,208.5910748288292,31.606792292612575,-0.03426330709379564,-4.4293682428768616e-05,9.638609680215169e-06,5.068836005455125,0.5457442090173656,0.8764637847661698,1.1774203454734362,3.009565607072664,0.6147590722021442,328.3894482786784,118.47815466348246,0.5810324158978726,0.0,286.3620513896509,98098.9013991708,1.193401526029651,339.30540314212845,-0.00010951036466344484,-2.194238194452106e-05,208.5910748288294,25962.591317459082
2.3671875,276.69959139797226,208.83497401011667,208.83497884289648,30.832820992985063,-0.03461352360216996,-4.550028213506166e-05,1.0336648856309376e-05,5.067500115799115,0.5444083193613548,0.8763281432088207,1.1774520394695336,3.0112389626071288,0.6154895562975546,324.69967919689543,118.76583265933736,0.5811753090217366,0.0,286.35145265591314,98079.77749377217,1.1932130409764934,339.29898030948334,-2.159037878066502e-05,-3.4973662147452406e-05,208.83497884289662,26019.232440316515
2.375,278.3320588156632,209.0770995373932,209.07710440712705,31.15125273458238,-0.03496529301438289,-4.666879119747252e-05,1.1023767866045883e-05,5.066167999842698,0.5430762034049372,0.876192813588332,1.1774836013690448,3.012907877807128,0.6162148399503691,326.5445637377869,119.05164761836778,0.5813173330069368,0.0,286.3408416176982,98060.63138669696,1.1930243231261657,339.2925500203251,2.2937665788549374e-05,-3.2168097894022804e-05,209.07710440712722,26075.476649077977
2.3828125,279.9664127385088,209.31602325794242,209.31602816417748,30.01350212999947,-0.03531859630967494,-4.779976174724169e-05,1.1699907452735865e-05,5.064843431285467,0.5417516348477062,0.8760581801250455,1.1775148433590936,3.0145666323404807,0.6169307277126652,321.0099101151125,119.33379826433512,0.5814576618700387,0.0,286.3302183171997,98041.46315407773,1.1928353731789585,339.286112300223,0.00014183849022015617,-3.719334681976163e-06,209.31602816417762,26130.967175204863
2.390625,281.6025911367653,209.5432190589251,209.54322400117644,28.14908339825317,-0.03567340330705202,-4.889377577834698e-05,1.1091029473087199e-05,5.063549052324982,0.5404572558872212,0.8759265471832822,1.177545398254091,3.016188510708089,0.6176120886081236,311.78548741065526,119.60152052900413,0.5815913563460694,0.0,286.319583157611,98022.27352341946,1.1926461982569057,339.2796673935123,0.00018918752576162058,-3.653964181162365e-05,209.54322400117658,26183.570937713306
2.3984375,283.2404913336622,209.7572808628898,209.7572858415871,26.65111817283423,-0.03602969906325553,-4.9956900530239816e-05,1.0245011600987841e-05,5.062288636660836,0.5391968402230753,0.8757983034787621,1.17757445122278,3.017761477440178,0.6182547755971312,304.4059492470895,119.85298203309077,0.5817175817699162,0.0,286.3089368063312,98003.06369894855,1.1924568101842392,339.2732157046367,0.000216354545325083,-6.66201187113932e-06,209.75728584158725,26232.92829673806
2.40625,284.88001448732837,209.958224266617,209.95822928230893,24.790868415226328,-0.03638748856642272,-5.099535610984764e-05,9.047569837421019e-06,5.061062184293029,0.5379703878552689,0.8756734541254867,1.1776020588884129,3.0192860476292616,0.61885883177408,295.18152654263224,120.08814178759476,0.5818363256948866,0.0,286.2982799058323,97983.83483991455,1.1922672203451923,339.2667576229344,0.00027302550703110925,-2.9504986562643554e-05,209.9582292823091,26279.034858671796
2.4140625,286.521043351654,210.14179732321043,210.14180237732344,22.204499790779554,-0.036746789658063175,-5.2017730569117965e-05,7.4683216588861326e-06,5.059881016320341,0.5367892198825813,0.8755531573814527,1.1776276671273516,3.0207450974589887,0.6194117211333517,282.2673347563921,120.30156529664261,0.5819451011480278,0.0,286.28761321821423,97964.58832141782,1.1920774422557987,339.2602936102378,0.00032789876057275085,-5.3128315487222023e-05,210.14180237732364,26320.81786404164
2.421875,288.1634386097156,210.3094488960398,210.3094539897959,20.714706548667724,-0.03710762907766958,-5.303883572872531e-05,5.65380768377318e-06,5.05874135904318,0.5356495626054195,0.8754370350689075,1.1776513660820402,3.0221433101313275,0.6199177105114009,274.88779659282625,120.49501973753847,0.5820447247021772,0.0,286.2769376490368,97945.32577741239,1.1918874919887705,339.2538242153163,0.00033675205843244915,-3.655893064383806e-05,210.3094539897961,26358.63147833604
2.4296875,289.8071019101081,210.46689334396532,210.4668984789182,19.591390778601237,-0.03747004171404869,-5.406679098695871e-05,3.5418715454491866e-06,5.057628117663171,0.5345363212254105,0.8753235538059103,1.1776739355772408,3.0235038177133045,0.6203936407672158,269.3531429701519,120.6756904004214,0.5821384955551197,0.0,286.26625383758426,97926.04836139546,1.1916973808832132,339.24734982557607,0.0,0.0,210.46689847891844,26393.901495865004
2.4375,291.45193872335733,210.60702244579372,210.60702762361856,16.282548853458767,-0.037834071253522505,-5.5103976304732416e-05,1.0008212691669277e-06,5.056560160678281,0.5334683642405205,0.8752146417698312,1.1776945047728575,3.024798630030263,0.6208185562036332,252.74918210212883,120.8345300850583,0.5822222688724058,0.0,286.25556239829814,97906.75718203932,1.1915071198394873,339.2408708133687,0.0,0.0,210.60702762361882,26424.839841694215
2.4453125,293.0977693654245,210.72131972090915,210.7213249434966,12.978470692576709,-0.03819975382802213,-5.615737719414904e-05,2.191838742280075e-06,5.055560130286069,0.5324683338483089,0.875112615283983,1.1777094781306938,3.0259686284671083,0.6211673476157679,236.14522123410578,120.96068408701551,0.5822910720001069,0.0,286.24486449912473,97887.45434673663,1.1913167296122675,339.23438788646956,0.0,0.0,210.72132494349688,26449.30237402181
2.453125,294.7443847501618,210.80697335049183,210.8069786196311,8.950008002288735,-0.038567126714926056,-5.7235908760945215e-05,4.756459055983681e-06,5.054635573885722,0.5315437774479624,0.8750182529948674,1.177719860433774,3.027016074389066,0.6214317202638856,215.8514912842998,121.05052736093826,0.5823432453104641,0.0,286.2341614991239,97868.14230771753,1.191126234364046,339.2279018684691,-0.0004328158776053761,-6.342801692869128e-05,210.8069786196313,26466.576121987233
2.4609375,296.3915538500176,210.86402858809316,210.8640339052365,5.657145868660923,-0.03893621391881697,-5.834688501964276e-05,7.027726331073808e-06,5.053786491477241,0.530694695039481,0.8749315633364858,1.1777266298071607,3.027950664706749,0.6216118010484771,199.24753041627676,121.10407592255254,0.5823787950594894,0.0,286.22345489997485,97848.823774548,1.1909356608031967,339.2214136693848,-0.00040301546539876245,-6.394998418752914e-05,210.86403390523677,26476.667715828913
2.46875,298.03906825549205,210.8953783465698,210.89538371295012,2.3695468756792337,-0.039307032215780004,-5.9494377462241215e-05,8.920507683710648e-06,5.053005335661438,0.529913539223678,0.8748517831197884,1.177730212853951,3.028784297341627,0.6217161118903881,182.64356954825368,121.12498162101055,0.5823993912283469,0.0,286.21274605633926,97829.50119152224,1.1907450330289333,339.2149241101416,-0.00035067303437733954,-6.92930984721139e-05,210.89538371295032,26480.301774433647
2.4765625,299.68674215251144,210.90676538385253,210.90677080056852,0.546978716891561,-0.03967959236696002,-6.067918027358694e-05,1.0355106291058523e-05,5.052277011639941,0.5291852152021805,0.8747773764425335,1.17773141544173,3.029540389991965,0.6217615769797016,173.41914684379643,121.12053270831007,0.5824083692632626,0.0,286.2020361760087,97810.17673792795,1.1905543725329555,339.20843392266124,-0.000287357099139786,-0.00010120947768594147,210.90677080056875,26478.92095878337
2.484375,301.33444940284323,210.90392068539884,210.90392615334417,1.274271377914712,-0.04005390772308922,-6.189186252844658e-05,1.1299178243826308e-05,5.051586424614376,0.5284946281766156,0.8747068052167509,1.1777310166390775,3.030242114223266,0.6217650875246351,164.1947241393392,121.09801154259581,0.5824090625180854,0.0,286.1913260788815,97790.8518931552,1.1903636939072357,339.2019436038022,-0.00022368142149038376,-8.895015707725949e-05,210.9039261533444,26473.9659470525
2.4921875,302.98208262616845,210.888293539901,210.88829905905857,2.726336603307426,-0.040429973525804595,-6.31193206148616e-05,1.1584855037681879e-05,5.05092980088515,0.5278380044473899,0.874639686809587,1.1777293078272901,3.0308962101770307,0.6217309130632976,156.81518597577337,121.05926792867373,0.5824023139664773,0.0,286.1806164629299,97771.52791659517,1.1901730095771377,339.19545357653556,-0.00013966606122394208,-6.928336069522349e-05,210.88829905905885,26465.802637739744
2.5,304.6295457542511,210.85990428163376,210.85990985210364,4.5410271400068565,-0.04080777090777539,-6.434717227548133e-05,1.1526681489537751e-05,5.050307140452263,0.5272153440145035,0.8745760239219259,1.1777261066333933,3.0315008271146735,0.6216591106890796,147.59076327131612,121.00434116787933,0.582388135966305,0.0,286.1699079525973,97752.20593496728,1.1899823306624262,339.188964219274,-0.0001335597268336918,-7.591617456227426e-05,210.85990985210393,26454.43863561413
2.5078125,306.2767391695982,210.82020158262458,210.82020720410162,5.622702076008798,-0.041187278400403725,-6.555773209985847e-05,1.0456549450119054e-05,5.049714669616123,0.5266228731783631,0.8745154331430547,1.1777220008389928,3.0320656769593812,0.6215539485922161,142.05610964864175,120.93508590672229,0.582367373412925,0.0,286.1592011953976,97732.88711661779,1.189791668697035,339.18247592441094,-1.3886829209124008e-05,-4.721601764889477e-05,210.8202072041019,26440.240401498144
2.515625,307.9235894156544,210.77205534667573,210.77206101828904,6.702537830632928,-0.041568457226603385,-6.674867966591728e-05,9.404498125353921e-06,5.049144840977542,0.5260530445397822,0.8744571445205553,1.1777167652432685,3.0325962072271317,0.6214238857276982,136.5214560259674,120.85515844701986,0.5823416989013059,0.0,286.1484966687982,97713.57232306899,1.1896010321898913,339.1759889812917,7.936811622834306e-05,-9.198497355089241e-05,210.77206101828926,26423.930670114394
2.5234375,309.57002686841514,210.7140535639364,210.71405928463457,8.145588074177528,-0.04195126157647536,-6.792034252802877e-05,7.588086230216478e-06,5.048601428236115,0.5255096317983541,0.8744015457625325,1.1777106757314648,3.0330912996893233,0.6212647570262598,129.14191786240158,120.7627856605266,0.5823102932312412,0.0,286.1377948253553,97694.26237089378,1.1894104292087682,339.1695036641653,0.0001261282877255293,-0.00010245496488954232,210.7140592846348,26405.158200387614
2.53125,311.21597460022485,210.64764083611797,210.6476466043176,8.855932736810892,-0.042335627687087235,-6.906195370523132e-05,5.6551428238575585e-06,5.048080657692245,0.5249888612544854,0.8743482523870466,1.1777035438110575,3.0335529142401083,0.6210808195801204,125.4521487806187,120.65981735736051,0.582274000161606,0.0,286.1270961650985,97674.95816232463,1.1892198686694666,339.1630202760497,0.00012403537235147557,-0.00012741715118206272,210.64764660431794,26384.28829503759
2.5390625,312.8613818169127,210.5756832936761,210.57568910763274,9.565048920482605,-0.04272148743988641,-7.015355364497686e-05,3.846924593628232e-06,5.04757498194675,0.5244831855089898,0.8742964932237711,1.177695608979114,3.0339911575534284,0.6208805223627538,121.7623796988358,120.5498994370752,0.5822344899166666,0.0,286.11640101819006,97655.66029309206,1.1890293564644911,339.1565390170232,0.0,0.0,210.57568910763305,26362.041705203366
2.546875,314.50620152074544,210.49676365764273,210.4967695156728,10.638110480515595,-0.04310876944509075,-7.118233817420233e-05,2.501176662925091e-06,5.047088174699221,0.5239963782614604,0.8742466555741765,1.177686485934691,3.0343983036051445,0.6206596851873041,116.22772607616145,120.43125329495935,0.5821909410549072,0.0,286.10570969011513,97636.36931440071,1.188838898048487,339.1500600722098,0.0,0.0,210.49676951567298,26338.065966727376
2.5546875,316.15037193665074,210.40946803421383,210.40947393433035,11.709291876214802,-0.04349740433948051,-7.214822592264537e-05,2.432360684238745e-06,5.046624009649251,0.5235322132114906,0.8741991270003262,1.1776755093713889,3.0347638237106267,0.620414137422683,110.69307245348709,120.30211058401513,0.5821425353668823,0.0,286.09502258241173,97617.08595076864,1.1886485005890268,339.1435836849415,0.0,0.0,210.40947393433052,26312.01040907823
2.5625,317.79383511887016,210.31666544173277,210.31667138248537,12.04810486737343,-0.04388731700226389,-7.305618327885924e-05,3.3683217086941274e-06,5.046174939397654,0.5230831429598937,0.8741531357493589,1.1776632219234426,3.035100861740837,0.6201523370023514,108.84818791259563,120.16611733443213,0.58209094438145,0.0,286.0843400717273,97597.81088180252,1.188458170812328,339.1371100834667,0.0,0.0,210.3166713824856,26284.595901474062
2.5703125,319.4365592295432,210.2197908599409,210.21979683990713,12.751609347637606,-0.044278454486062026,-7.391307415199597e-05,4.102476681167877e-06,5.045737190244837,0.5226453938070765,0.8741082960622266,1.1776505269504884,3.035422308882618,0.6198785141208499,105.15841883081274,120.02510007596806,0.5820370048104043,0.0,286.0736623650079,97578.54448090708,1.1882679124227093,339.13063939319477,0.0,0.0,210.21979683990736,26256.183453662754
2.578125,321.07850505082433,210.1174249677969,210.11743098627142,13.453876890345914,-0.044670772101659206,-7.47254188133637e-05,5.1066433770992905e-06,5.045314535890393,0.5222227394526324,0.8740649951881401,1.1776369605903054,3.0357196540216536,0.6195884825621968,101.46864974902982,119.8772820226277,0.5819798952945983,0.0,286.0629897171696,97559.28720804192,1.188077729980424,339.1241717686048,-3.0170113806355216e-05,-0.00015143671937871878,210.11743098627164,26226.420737201785
2.5859375,322.7196334376267,210.0110049390644,210.0110109949658,13.789574738689687,-0.04506423128507044,-7.550795472921217e-05,6.00686859728353e-06,5.044903202634728,0.5218114061969681,0.8740228471924392,1.1776229350997092,3.0360008790727,0.6192864791032995,99.62376520813838,119.72449075027608,0.5819204535133506,0.0,286.0523223826554,97540.03952231331,1.1878876280386466,339.11770736388917,2.143660911551863e-05,-0.00015369334231619313,210.01101099496597,26195.66903344852
2.59375,324.3599053058475,209.8962540371052,209.896260129674,15.586140478466755,-0.04545879208695208,-7.629639794917634e-05,6.538248502017501e-06,5.044514511576623,0.5214227151388633,0.8739830129534695,1.1776080460113676,3.036250330578981,0.6189598911843824,90.39934250368113,119.56135753416275,0.5818562017144209,0.0,286.04166061551194,97520.8018821123,1.1876976111448347,339.1112463330003,4.852098918229081e-05,-0.00014514161046524874,209.89626012967418,26162.864281526152
2.6015625,325.99922588871055,209.76748011008252,209.76748623877896,17.379463937774123,-0.045854417837274355,-7.711626017773065e-05,6.7389502726952195e-06,5.044163557514451,0.521071761076691,0.8739470408423856,1.1775915271398378,3.036444862974522,0.6185919309099742,81.17491979922386,119.38075548691326,0.5817838463288182,0.0,286.03100503172334,97501.57539889433,1.1875076902990553,339.10478904922434,7.980059500230262e-05,-0.00018347612322020638,209.76748623877916,26126.593176294464
2.609375,327.6374857305457,209.62470858775094,209.62471475246102,19.16952089914885,-0.04625107981867424,-7.799535827610644e-05,6.637743955714242e-06,5.043850340448211,0.5207585440104511,0.8739149324727817,1.1775733724473612,3.036584399745794,0.6181826701363121,71.9504970947666,119.1827701286913,0.5817034142927937,0.0,286.0203563427514,97482.36135639102,1.1873178782065876,339.0983359437074,9.136100512421524e-05,-0.00017788112928728006,209.62471475246122,26086.87041919239
2.6171875,329.2745755750734,209.46796508307057,209.4679712838953,20.956288210364473,-0.04664876201699416,-7.895638699980862e-05,6.5127791840779436e-06,5.043574860377904,0.5204830639401438,0.8738866892852212,1.177553429609789,3.0366674032456773,0.6177321812712279,62.72607439030935,118.96749180578237,0.5816149340548906,0.0,286.009715258762,97463.16103599539,1.1871281875533723,339.0918874468098,7.90128617447794e-05,-0.00018666678874686154,209.4679712838955,26043.711426622296
2.625,330.9103826476166,209.29584743607032,209.29585367314613,23.105185434743763,-0.04704744975271613,-8.001473555378334e-05,6.663918574093322e-06,5.0433408910031226,0.5202490945653622,0.8738626994973773,1.1775313478557623,3.0366864835838503,0.6172363260495731,51.65676714496064,118.7332268112664,0.5815176092927852,0.0,285.9990825127905,97443.97576036544,1.1869386314368298,339.08544400275105,2.725676815253683e-05,-0.00014942143701261913,209.29585367314633,25996.77759807394
2.6328125,332.5447795128987,209.10695727974132,209.10696355294658,25.250046553626113,-0.047447123565461234,-8.118771274662651e-05,7.038918028316659e-06,5.04315220602346,0.5200604095856997,0.8738433512728855,1.1775069869623822,3.036636356894967,0.6166909769782477,40.58745989961193,118.47830065017395,0.5814106497304914,0.0,285.98845893316616,97424.80702410341,1.1867492246572968,339.07900611349874,9.857625063912627e-06,-0.00019484220906059818,209.10696355294675,25945.733462973258
2.640625,334.1776426980823,208.9041823580491,208.9041886672381,26.659911471653356,-0.047847758568249195,-8.249222598595396e-05,7.348418164242307e-06,5.043001258039729,0.5199094616019696,0.8738278716508503,1.1774809070908763,3.0365303544002598,0.6161046469765983,33.207921736046124,118.20640881659796,0.581295745669575,0.0,285.97784532246243,97405.65627533874,1.1865599815602277,339.07257426541224,1.7801859899458308e-05,-0.00020583779483433705,208.9041886672382,25891.30837177849
2.6484375,335.8088749860591,208.68897518460804,208.68898152991952,28.432587341150796,-0.04824933808638957,-8.39446691387578e-05,7.315969377205434e-06,5.042884273352339,0.5197924769145789,0.8738158743063777,1.1774534721063517,3.036375977999739,0.6154816169145703,23.98349903158887,117.91944041052577,0.5811737551601539,0.0,285.9672423125906,97386.5246542652,1.1863709134520135,339.06614884142994,8.07045376978654e-05,-0.0002667127115214123,208.68898152991963,25833.873812866223
2.65625,337.43837934389745,208.46278842421344,208.46279480653865,29.47091624242744,-0.048651860387877735,-8.555905146520501e-05,6.87281229235077e-06,5.042797478261694,0.5197056818239341,0.8738069726911012,1.1774249223145539,3.0361794962345265,0.6148261684422462,18.448845408914515,117.61927734961158,0.581045534636008,0.0,285.95665053426467,97367.41329891648,1.186182031621006,339.0597302237644,7.665956902575346e-05,-0.00027671377904117824,208.46279480653874,25773.80018352533
2.6640625,339.0660961092096,208.23278170908813,208.23278812978683,29.4108436522319,-0.04905534979870128,-8.733977888201991e-05,6.305621402387106e-06,5.042722004269829,0.519630207832069,0.8737992319069964,1.1773960241445784,3.0359679223758205,0.6141594158714715,18.448845408914515,117.31488669323709,0.5809152264584742,0.0,285.9460703752901,97348.32290903239,1.1859933430266174,339.05331864742584,5.8318898650242456e-05,-0.00032822195427562213,208.23278812978694,25712.86584685793
2.671875,340.6920326569882,208.00895605098083,208.0089625115997,27.889025907823996,-0.049459848472437166,-8.927694010317779e-05,5.907610411934194e-06,5.042631435479591,0.519539639041831,0.873789942660206,1.1773678968597605,3.0357795419955447,0.6135108560830467,25.82838357248032,117.01870324575873,0.5807885934993449,0.0,285.93550178772955,97329.25339811663,1.185804846858279,339.0469140833641,1.4487219296962417e-05,-0.00030073144384712056,208.00896251159986,25653.54107512072
2.6796875,342.31625209850586,207.79129486061746,207.79130136259752,27.83227901283063,-0.0498654073375847,-9.135790321205749e-05,5.569148270661633e-06,5.04252577189098,0.51943397545322,0.8737791047838726,1.1773405971157538,3.0356149233188123,0.6128804416672206,25.82838357248032,116.73066783780042,0.5806656165754456,0.0,285.9249443613597,97310.20402597974,1.1856165358428619,339.04051628298396,-1.978325162311801e-05,-0.00029881048495084483,207.7913013625977,25595.815919642275
2.6875,343.9387765115927,207.57550443299405,207.5755109774717,27.410225217848456,-0.05027206272567763,-9.356229614171717e-05,5.363403827114987e-06,5.042416334602776,0.5193245381650158,0.8737678793616903,1.177313525653857,3.0354564629216663,0.6122555093235135,27.673268113371773,116.44543113695137,0.5805438190995394,0.0,285.9143979526746,97291.17453368577,1.185428407462956,339.03412515932087,-6.405159736711958e-05,-0.00026911441766862157,207.57551097747182,25538.6282320025
2.6953125,345.55961677284074,207.35872300155384,207.35872958928692,28.08563362669121,-0.05067984275516476,-9.58648347216833e-05,5.220491620906533e-06,5.042310671014165,0.5192188745764048,0.8737570405606768,1.1772863561707971,3.035293156101203,0.6116276183765459,23.98349903158887,116.15944647972634,0.5804215553352929,0.0,285.9038624909765,97272.16479367051,1.1852404604992635,339.0277406695318,-9.405706920665832e-05,-0.00018764884445170564,207.35872958928695,25481.272938923026
2.703125,347.1787316696553,207.13238490543793,207.13239153633495,29.856387827535624,-0.05108874447732482,-9.824276803682637e-05,5.2416727558739784e-06,5.042231423322707,0.5191396268849465,0.873748911161802,1.1772579375009253,3.0350902633912336,0.6109715025569845,14.759076327131611,115.86215568135368,0.5802939137428644,0.0,285.89333824414723,97253.17528928866,1.185052699772827,339.02136297595325,-0.00013969530100333235,-0.00016037787509104126,207.132391536335,25421.648377944824
2.7109375,348.796028015389,206.89365426914492,206.8936609432935,31.258237946768276,-0.0514987493421453,-0.00010067690630096334,5.498851531452016e-06,5.042186138927588,0.5190943424898276,0.873744265676285,1.177227876208399,3.0348361053211392,0.6102787946065946,7.3795381635658055,115.55012572570924,0.5801592845065723,0.0,285.88282581789997,97234.20711346339,1.1848651361338969,339.0149924456474,-0.00015751726213136612,-0.00016967342973659046,206.89366094329347,25359.06833805869
2.72265625,351.2184094419324,206.52549067320336,206.5254974132171,31.574912851954892,-0.05211581729629448,-0.00010437321393987852,5.52505639753669e-06,5.042157836180638,0.5190660397428781,0.8737413622054632,1.177181874218949,3.0344051201348585,0.609209961066353,5.304043055062923,115.07078656791384,0.579951818504794,0.0,285.86708033862743,97205.79663882419,1.184584178095403,339.0054506852082,-0.00012921260730277602,-0.00011380291854595857,206.52549741321712,25262.904810619835
2.740234375,354.8438377394519,205.96629629135725,205.96630312991925,32.04874602592234,-0.05304601970723672,-0.00010988666233741558,5.198711684419603e-06,5.0421153820602145,0.5190235856224541,0.8737370069381128,1.1771125782767093,3.0337557133859647,0.6075860414154695,2.1908003923085984,114.34579976610772,0.5796372206183875,0.0,285.8435150546935,97163.27644048785,1.1841636277664922,338.9911701231443,-0.0001045316024706958,2.1016674342909993e-05,205.9663031299192,25117.364589014564
2.7421875,355.2460545003517,205.90364975964843,205.9036566090627,32.10130782757538,-0.053149714629724475,-0.00011048969951766201,4.965687603643165e-06,5.042110664935723,0.5190188684979625,0.8737365230149913,1.177104958074789,3.033684350597977,0.6074040774096638,1.8448845408914514,114.26480819607876,0.5796020152588301,0.0,285.8409006457477,97158.55911192854,1.1841169662772573,338.9895857913231,-9.224122333798112e-05,2.468115566954404e-05,205.90365660906272,25101.098426164397
2.7451171875,355.8491501198654,205.80963825176966,205.80964511737966,32.077228068093504,-0.053305381068576345,-0.0001113894799315631,4.619840627709139e-06,5.042107834661028,0.5190160382232676,0.8737362326606836,1.1770935310289572,3.033572983682736,0.6071310035483737,1.8448845408914516,114.14334234811551,0.579549199903579,0.0,285.83698052422085,97151.48581099606,1.1840469990709312,338.9872101976779,0.0,0.0,205.80964511737966,25076.700517977304
2.75,356.85369776309267,205.6531090097853,205.65311590217783,32.03717130914053,-0.053565152547111396,-0.00011287647245220095,4.054622116062965e-06,5.042103117536536,0.519011321098776,0.873735748736113,1.1770745274691388,3.0333877873302573,0.6066763296108071,1.8448845408914514,113.94128361816483,0.5794613075715327,0.0,285.83045096453986,97139.70415058988,1.1839304537678164,338.9832532845112,0.0,0.0,205.6531159021778,25036.10614902717
2.7578125,358.459385631012,205.40306836549777,205.4030753001992,31.973277847810927,-0.05398162438747367,-0.00011522317434203951,3.1886047755908655e-06,5.0420955701373495,0.5190037736995895,0.8737349744549169,1.1770442239244838,3.033092494695669,0.6059500161891359,1.8448845408914514,113.61898543832066,0.5793210252649628,0.0,285.8200139933984,97120.87212275557,1.1837441545026108,338.9769284799994,0.0,0.0,205.4030753001992,24971.33350400275
2.765625,360.0631182836339,205.1520976207481,205.15210459704713,32.27516176794913,-0.054399104016061406,-0.00011753050171408512,2.3996884764753373e-06,5.042091796437757,0.5189999999999962,0.8737345873134494,1.177013850013173,3.032792626997236,0.6052209180129482,0.0,113.2961706839599,0.5791803538461993,0.0,285.80958973115634,97102.06302632009,1.1835580685090252,338.9706113770808,0.0,0.0,205.15210459704713,24906.43265356622
2.77734375,362.46503047102044,204.77443671432127,204.77444375197464,32.17905786209884,-0.055027151512562815,-0.00012091916058282424,1.5696518519240671e-06,5.042091796437757,0.5189999999999962,0.8737345873134494,1.176968103789933,3.0323351647648367,0.6041236395497821,0.0,112.81164549725548,0.5789689270087419,0.0,285.79397730193836,97073.89262155328,1.183279341917802,338.96115024497465,0.0,0.0,204.7744437519746,24808.97358209406
2.794921875,366.059616991996,204.2100489746848,204.2100561021894,32.03592487339303,-0.05597318960237154,-0.00012584186166948665,4.075406292431783e-07,5.042091796437757,0.5189999999999962,0.8737345873134494,1.176900086858986,3.031654995455366,0.6024837553450042,0.0,112.09001197077396,0.5786535783656637,0.0,285.770612489552,97031.7341455703,1.1828621561827661,338.94699116866855,0.0,0.0,204.2100561021894,24663.709194346087
2.814921875,370.137421570951,203.5709468065546,203.57095403827296,31.87454704326321,-0.05705533713855416,-0.00013143844377920362,3.0597857313979233e-06,5.042091796437757,0.5189999999999962,0.8737345873134494,1.1768212978816905,3.030867105682411,0.6006266669767513,0.0,111.27639243463467,0.5782973715019563,0.0,285.7441067597888,96983.90833155748,1.1823888058268353,338.93092869643203,0.0,0.0,203.5709540382729,24499.7660739334
2.834921875,374.2024762583256,202.93505259649723,202.93505993499153,31.71533460234782,-0.05814366336084088,-0.00013745518572629605,5.88507208002557e-06,5.042091796437757,0.5189999999999962,0.8737345873134494,1.176743401742884,3.030088144294345,0.5987787792376927,0.0,110.47369152387424,0.5779601416274693,0.0,285.71768390432084,96936.23205240627,1.1819168480616022,338.9149164460184,-0.00016632601413782126,-7.499250887488279e-05,202.93505993499156,24337.227175421882
2.854921875,378.25484476061916,202.30232220965942,202.30232965580154,31.557949329361243,-0.05923825613206485,-0.00014432298126777215,6.6972224205575734e-06,5.042091796437757,0.5189999999999962,0.8737345873134494,1.176667676953362,3.029330896399125,0.596939964460375,0.0,109.68020207235024,0.5776338163780732,0.0,285.69134350905597,96888.70456094621,1.1814462762857303,338.8989541664879,1.7014889461883876e-05,-0.00026281797094693525,202.30232965580154,24176.072544482493
2.874921875,382.2945900326882,201.67272461147496,201.67273217094962,31.40205298806786,-0.06033924211402094,-0.00015212410705061632,5.847087297536219e-06,5.042091796437757,0.5189999999999962,0.8737345873134494,1.1765939074450282,3.028593201315788,0.5951101336110088,0.0,108.89421784745893,0.5773100256146628,0.0,285.6650851647875,96841.32511882231,1.1809770839776175,338.88304160986127,-9.056349537276172e-05,-0.000316138030258973,201.67273217094962,24016.28555823392
2.894921875,386.3217744338866,201.0462302267787,201.04623790506773,31.2476258622562,-0.06144701434411174,-0.00016034846885994286,7.885882596339873e-06,5.042091796437757,0.5189999999999962,0.8737345873134494,1.1765194003842063,3.027848130707569,0.5932892019135735,0.0,108.11564049679177,0.5769887404213943,0.0,285.6389084661797,96794.09299466386,1.180509264677373,338.86717853050493,-0.0002895047539170021,-0.00011408256901563631,201.0462379050677,23857.850102384193
2.914921875,390.3364597359679,200.4228098676009,200.42281766947076,31.094648143610065,-0.06256185031765306,-0.000168417384363961,9.98631309951767e-06,5.042091796437757,0.5189999999999962,0.8737345873134494,1.176445814473679,3.0271122716022947,0.5914770857001768,0.0,107.344373242881,0.5766699323223362,0.0,285.6128130117162,96747.00746399173,1.1800428119859974,338.8513646851,-0.00018702495504624854,-7.871404465446946e-05,200.42281766947076,23700.75031099588
2.934921875,394.33870713077613,199.80243473016196,199.80244265644228,30.94310044698034,-0.06368386272508769,-0.00017592143740769448,9.660182720931238e-06,5.042091796437757,0.5189999999999962,0.8737345873134494,1.176374608359289,3.0264002104583954,0.5896737023947503,0.0,106.58032092277223,0.5763535732735561,0.0,285.58679840364994,96700.06780912812,1.1795777195645847,338.8355998326119,-2.2887403816715932e-05,-9.584360664896323e-05,199.80244265644225,23544.97056194506
2.954921875,398.32857723784673,199.18507638737088,199.18508443269747,30.79296456926403,-0.0648128350239272,-0.00018250989705687477,8.007610065805417e-06,5.042091796437757,0.5189999999999962,0.8737345873134494,1.1763051247655791,3.025705374521297,0.5878789704943066,0.0,105.8233900617855,0.5760396356548922,0.0,285.560864247954,96653.27331910747,1.1791139811335352,338.8198837342601,1.514950498711759e-05,-6.623883014287447e-05,199.18508443269747,23390.495472259052
2.974921875,402.3061301118478,198.57070677503918,198.57071493216682,30.64422272950985,-0.0659481531923454,-0.00018808039696993154,5.387218024378769e-06,5.042091796437757,0.5189999999999962,0.8737345873134494,1.1762371437996153,3.0250255648616586,0.586092809548178,0.0,105.07348875149052,0.5757280922614973,0.0,285.535010154273,96606.62328958916,1.1786515904717827,338.8042161534894,9.888315596964274e-05,-0.0001426349024766217,198.5707149321668,23237.309893369726
2.994921875,406.27142524975017,197.9592981906182,197.95930645002778,30.496857172958478,-0.0670892149080689,-0.00019291189766878507,6.374789209040725e-06,5.042091796437757,0.5189999999999962,0.8737345873134494,1.176167959047341,3.024333717338916,0.5843151401409284,0.0,104.33052666031897,0.5754189162961416,0.0,285.5092357358766,96560.11702277343,1.1781905414160552,338.78859685594125,-0.00010433495270972717,-0.00013731186327617612,197.9593064500278,23085.398906735245
3.014921875,410.2245215980418,197.35082328470813,197.350831636515,30.350850677881514,-0.06823524210700352,-0.00019734143063642414,9.810137344195739e-06,5.042091796437757,0.5189999999999962,0.8737345873134494,1.1760982465797334,3.0236365926628395,0.5825458838745995,0.0,103.594414903934,0.5751120813615127,0.0,285.4835406096127,96513.75382731677,1.1777308278601242,338.7730256094253,-4.808534361340264e-05,-0.00018092718908995346,197.35083163651498,22934.74781947897
3.034921875,414.1654775596826,196.74525505379773,196.745263491911,30.20618616635266,-0.06938561979003348,-0.00020184683822766105,1.1918283705546816e-05,5.042091796437757,0.5189999999999962,0.8737345873134494,1.1760302242501652,3.022956369367158,0.5807849633544323,0.0,102.86506602199346,0.5748075614532261,0.0,285.45792439586205,96467.53301825032,1.1772724437540871,338.75750218389237,7.629697736166036e-05,-0.00018300058695650657,196.74526349191095,22785.342160371827
3.0549218750000002,418.0943510009797,196.1425668349739,196.1425753613115,30.062846843108886,-0.07054013979746902,-0.00020683850347569328,1.0938487634124085e-05,5.042091796437757,0.5189999999999962,0.8737345873134494,1.1759649221958335,3.0223033488238404,0.5790323021739125,0.0,102.14239399897853,0.5745053309528192,0.0,285.4323867184936,96421.45391689928,1.176815383103656,338.74202635140716,0.00017502600032289682,-0.0002772500230403086,196.14257536131143,22637.16767582466
3.0749218750000002,422.0111992583778,195.54273230440396,195.54274092787307,29.920815850276377,-0.07169912359440321,-0.00021270786219035006,8.316436717504809e-06,5.042091796437757,0.5189999999999962,0.8737345873134494,1.1759014800756236,3.021668927621741,0.5772878248953269,0.0,101.4263143406134,0.5742053646200732,0.0,285.40692720482053,96375.51585080325,1.1763596399694527,338.7265978861212,0.00017309777162332403,-0.00048585558336362633,195.54274092787296,22490.210325593995
3.0949218750000003,425.916079145173,194.9457254704202,194.94573420700834,29.780076540666172,-0.07286336996615603,-0.00021962836192731183,7.578101227658588e-06,5.042091796437757,0.5189999999999962,0.8737345873134494,1.1758378112418222,3.0210322392837274,0.5755514570331058,0.0,100.71674396736512,0.573907637585924,0.0,285.38154548555633,96329.71815363744,1.1759052084663144,338.71121656424714,-0.00023625376864489861,-0.00045493089430554323,194.9457342070083,22344.45627877369
3.1149218750000003,429.80904695816474,194.35152067562225,194.35152954046583,29.640611582877366,-0.07403391810440371,-0.00022735283331760194,1.0764621949038224e-05,5.042091796437757,0.5189999999999962,0.8737345873134494,1.175772704595205,3.0203811728175567,0.5738231250368154,0.0,100.01360112142703,0.5736121253454134,0.0,285.3562411947719,96284.06016513478,1.1754520827626032,338.6958821640318,-0.0002478002930056625,-0.0002819416461440623,194.35152954046572,22199.891909822894
3.1349218750000003,433.6901584842987,193.76009259103716,193.76010159226874,29.50240409561548,-0.07521150958201604,-0.00023542590730829129,1.1633789945135253e-05,5.042091796437757,0.5189999999999962,0.8737345873134494,1.1757098329914055,3.019752456779561,0.5721027562796324,0.0,99.31680523531298,0.5733188037516745,0.0,285.33101396985205,96238.54123100785,1.1750002570795162,338.68059446573034,-0.000137592252662694,-0.0003081904501301289,193.76010159226874,22056.50379507988
3.1549218750000003,437.55946900718095,193.171416206699,193.17142534350668,29.365438821316456,-0.07639622842821436,-0.00024314910572314228,1.22733837290884e-05,5.042091796437757,0.5189999999999962,0.8737345873134494,1.1756479579905645,3.019133706771151,0.5703902790434174,0.0,98.6262771970722,0.5730276490094239,0.0,285.3058634514533,96193.16070287263,1.174549725690409,338.6653532515807,-0.0001428871096164056,-0.00024316915681289988,193.17142534350666,21914.278709068007
3.1749218750000003,441.4170333132729,192.58546682198295,192.58547608617604,29.229700077130573,-0.07758776749652559,-0.00024980171445887966,1.1265770615098697e-05,5.042091796437757,0.5189999999999962,0.8737345873134494,1.1755879079665368,3.0185332065308734,0.5686856225009759,0.0,97.94193910409403,0.5727386376680678,0.0,285.2807892834637,96147.91793817571,1.1741004829201545,338.65015830577903,1.6692120164623086e-05,-0.00027654870380594906,192.58547608617596,21773.20362064478
3.1949218750000004,445.2629056981338,192.00222004206833,192.00222941880182,29.09517361678025,-0.07878524176766076,-0.0002549847802145634,1.0756336917740968e-05,5.042091796437757,0.5189999999999962,0.8737345873134494,1.1755284108034867,3.0179382349003725,0.5669887167035658,0.0,97.26371439590915,0.5724517466157929,0.0,285.25579111296213,96102.8123001212,1.1736525231444959,338.63500941445506,1.6150371610033787e-05,-0.0002457848111379733,192.0022294188018,21633.265689612414
3.2149218750000004,449.09713997234627,191.42165176517696,191.42166124068203,28.961845375505604,-0.07998765904438039,-0.0002588128154896526,1.153723307592663e-05,5.042091796437757,0.5189999999999962,0.8737345873134494,1.175468992297028,3.017344049835786,0.5652994925643291,0.0,96.59152770525088,0.5721669530730529,0.0,285.23086859017974,96057.8431576011,1.1732058407894335,338.61990636564894,4.0994389063000574e-05,-0.0002602521931089807,191.42166124068197,21494.45226307103
3.2349218750000004,452.91978946738635,190.84373818028362,190.84374774810496,28.829700939722965,-0.08119426906495122,-0.0002618576499217186,1.1202512219849003e-05,5.042091796437757,0.5189999999999962,0.8737345873134494,1.1754110637665562,3.016764764531068,0.5636178818475431,0.0,95.92530480245367,0.5718842345871238,0.0,285.20602136846196,96013.00988512662,1.1727604303306198,338.60484894928794,0.0001873954204223453,-0.00023298374572455402,190.84374774810496,21356.750872270586
3.2549218750000004,456.73090704141015,190.26845576837732,190.26846542961866,28.69872559161408,-0.082404895805817,-0.0002647758234252874,1.0168937148861861e-05,5.042091796437757,0.5189999999999962,0.8737345873134494,1.175354372460274,3.0161978514682453,0.5619438171550617,0.0,95.26497270458374,0.5716035690262625,0.0,285.1812491042308,95968.31186276015,1.1723162862927594,338.58983695716387,0.00011480895350188491,-0.00018960246370899818,190.26846542961866,21220.14922929801
3.2749218750000004,460.5305450851204,189.69578130209862,189.69579106074255,28.56890473004733,-0.08361968646529319,-0.0002680535030978233,9.446196212827238e-06,5.042091796437757,0.5189999999999962,0.8737345873134494,1.1752983162240325,3.0156372891058303,0.5602772319111052,0.0,94.6104595987808,0.5713249345736724,0.0,285.1565514569467,95923.74847604653,1.1718734032490017,338.5748701829097,5.662859644620238e-05,-0.00037314896808735454,189.69579106074244,21084.635223690944
3.2949218750000004,464.318755527508,189.1256918348784,189.12570169980503,28.4402243668541,-0.08483895596595876,-0.00027219128173040905,8.761629357236735e-06,5.042091796437757,0.5189999999999962,0.8737345873134494,1.1752430489181553,3.015084616047059,0.5586180603503664,0.0,93.96169478084441,0.5710483097221029,0.0,285.13192808907115,95879.31911594573,1.1714317758203454,338.5599484219771,0.00011876168389570607,-0.0003108541128629127,189.12570169980495,20950.196919353148
3.3149218750000005,468.09558984144223,188.55816470314323,188.55817468367022,28.31267015221597,-0.08606326882012232,-0.0002773652253752123,5.949688647859043e-06,5.042091796437757,0.5189999999999962,0.8737345873134494,1.1751898404643908,3.0145525315094135,0.5569662375057788,0.0,93.31860863828338,0.5707736732684678,0.0,285.1073786660306,95835.02317876727,1.170991398675058,338.54507147161456,6.765225398443671e-05,-0.0003308392527706891,188.55817468367013,20816.822551491787
3.3349218750000005,471.8610990493021,187.99317751778148,187.99318762260373,28.186228544086735,-0.08729308909728614,-0.00028323803194446856,5.0094725385877445e-06,5.042091796437757,0.5189999999999962,0.8737345873134494,1.175136326545875,3.0140173923242553,0.5553216991937395,0.0,92.68113273767348,0.5705010043081173,0.0,285.0829028561795,95790.86006610411,1.1705522665280932,338.53023913084473,0.0,0.0,187.99318762260367,20684.50052341152
3.3549218750000005,475.6153337283559,187.43070815932825,187.43071839612017,28.060886226028792,-0.08852891102119663,-0.00028928878777638786,8.764543299723382e-06,5.042091796437757,0.5189999999999962,0.8737345873134494,1.1750808359458569,3.0134624863240744,0.553684382002219,0.0,92.04919968825986,0.5702302822296635,0.0,285.05850033076564,95746.8291847697,1.1701143741405329,338.515451200444,-0.0003181742031708179,-0.00011173068562275647,187.43071839612017,20553.219403573203
3.3749218750000005,479.35834401619695,186.87073477549137,186.87074514895036,27.93662985557968,-0.08977099572930265,-0.0002947384526017198,1.3214213303347864e-05,5.042091796437757,0.5189999999999962,0.8737345873134494,1.1750257207391763,3.012911334257269,0.552054223279221,0.0,91.42274310577203,0.5699614867099352,0.0,285.0341707638947,95702.92994673406,1.1696777163190233,338.5007074829202,-0.00034120922204325854,-5.6566152083289484e-05,186.8707451489503,20422.96792272265
3.3949218750000005,483.09017961595737,186.31323577576526,186.31324628735175,27.81344569178924,-0.09101951988813785,-0.000298972198620041,1.4598575677470388e-05,5.042091796437757,0.5189999999999962,0.8737345873134494,1.1749731910328058,3.012386037193564,0.5504311611222481,0.0,90.80169755481326,0.5696945977091668,0.0,285.00991383249624,95659.16176906275,1.169242287915235,338.4860077824927,-1.390245217196887e-05,-0.00011450063446416258,186.31324628735177,20293.734971137503
3.4149218750000006,486.8108897904688,185.75818784505338,185.75819848734085,27.69158256512688,-0.09227422534879169,-0.00030161095578175003,1.186827677202092e-05,5.042091796437757,0.5189999999999962,0.8737345873134494,1.1749238588858002,3.0118927157235076,0.5488151284939915,0.0,90.18731792994282,0.5694379374262438,0.0,284.9857292163619,95615.52407398532,1.1688080838266142,338.4713519051153,0.0001232506021225963,-0.00012086914309468588,185.75819848734085,20165.509164293635
3.4349218750000006,490.5205232964526,185.20556513417569,185.20557589618545,27.570855769194967,-0.09353442811632523,-0.0003027816560286941,8.581542377724296e-06,5.042091796437757,0.5189999999999962,0.8737345873134494,1.1748756199082564,3.0114103259480696,0.547206050861707,0.0,89.57866811843456,0.5691861280796138,0.0,284.961616598573,95572.01628966712,1.1683750990041295,338.4567396587353,0.0001584214933085483,-0.00021592437155731892,185.20557589618542,20038.278675561374
3.4549218750000006,494.2191284246278,184.65534663734198,184.65535750811696,27.451157721762023,-0.09479946903001328,-0.00030297332650304986,8.265162483822957e-06,5.042091796437757,0.5189999999999962,0.8737345873134494,1.1748263887071528,3.010918013937034,0.5456038679891545,0.0,88.97520231864286,0.5689361149244505,0.0,284.9375756652399,95528.63784973897,1.1679433284476672,338.4421708531354,5.7888726238476215e-05,-0.00018783590747314315,184.65535750811696,19912.03283497574
3.4749218750000006,497.9067530544016,184.10751190608732,184.1075228797782,27.33247629669117,-0.0960687690139411,-0.00030272464212918336,1.0001610107506946e-05,5.042091796437757,0.5189999999999962,0.8737345873134494,1.1747767000263454,3.0104211271289594,0.5440085212800173,0.0,88.3768598097875,0.5686878795147058,0.0,284.91360610514636,95485.38819265562,1.1675127671997119,338.42764529971873,-2.5437654738235756e-05,-0.00031788910153132763,184.1075228797782,19786.761189686233
3.4949218750000006,501.58344465861103,183.56204019813026,183.56205127185666,27.214960235127858,-0.09734205730931211,-0.000302701580977642,1.2052736781597229e-05,5.042091796437757,0.5189999999999962,0.8737345873134494,1.1747275725194477,3.0099298520599826,0.5424199512419924,0.0,87.7843896797192,0.5684414034119687,0.0,284.889707609719,95443.14681474936,1.167094171776022,338.4131628114897,1.4274397168675016e-05,-0.0002522746118766405,183.5620512718567,19662.634620523546
3.5149218750000006,505.2492502409299,183.01890571867574,183.0189168965487,27.09864383546102,-0.09861927678281505,-0.00030352011048497663,1.1867013841553643e-05,5.042091796437757,0.5189999999999962,0.8737345873134494,1.1746805039212445,3.00945916607795,0.5408380834421643,0.0,87.19796531492254,0.5681966660164441,0.0,284.8658798734339,95402.19045439272,1.166690931037194,338.39872320330096,0.00015790618674605376,-0.000314430971054577,183.01891689654875,19539.695344913234
3.5349218750000007,508.90421633187805,182.47808781417874,182.478099105542,26.98330197338862,-0.0999008111658637,-0.00030553187207356,1.0503669873216205e-05,5.042091796437757,0.5189999999999962,0.8737345873134494,1.174634863839382,3.0090027652593254,0.5392628586116843,0.0,86.6164515321047,0.5679536492363169,0.0,284.84212259384276,95361.35519868953,1.166288815483497,338.3843262918687,7.442574261123975e-05,-0.000378536961810434,182.47809910554204,19417.692154846736
3.5549218750000007,512.5483890688768,181.9395671148845,181.9395785320973,26.86892279397728,-0.10118725435415502,-0.00030877738155806025,9.931788819688624e-06,5.042091796437757,0.5189999999999962,0.8737345873134494,1.1745894855878907,3.0085489827444123,0.5376942212481822,0.0,86.03979189686461,0.5677123357022777,0.0,284.8184354710523,95320.6405321676,1.1658878206176526,338.3699718954577,-7.518143499675792e-05,-0.00034768707391459716,181.93957853209744,19296.615286311528
3.5749218750000007,516.1818142042463,181.40332447887548,181.4033360316424,26.75549503381938,-0.10247916584073666,-0.0003131560681337548,9.756426476782208e-06,5.042091796437757,0.5189999999999962,0.8737345873134494,1.1745445962548393,3.0081000894138987,0.5361321164857152,0.0,85.46793076827039,0.5674727082786937,0.0,284.7948182076724,95280.04594365729,1.1654879419799231,338.3556598338495,-9.787894402911706e-05,-0.00030956247273688657,181.40333603164243,19176.455108306367
3.5949218750000007,519.8045371096525,180.86934098340285,180.86935267885949,26.64300790591892,-0.1037769849030018,-0.0003183439633864959,9.922976267743875e-06,5.042091796437757,0.5189999999999962,0.8737345873134494,1.1745002223734764,3.0076563506002696,0.5345764900864636,0.0,84.90081334143757,0.567234750059876,0.0,284.7712705087872,95239.57092624182,1.1650891751476762,338.34138992832504,-0.00019337492323695963,-0.00032173679992669187,180.86935267885957,19057.20212068671
3.6149218750000007,523.4166027804695,180.33759791973068,180.33760976382953,26.531450665658184,-0.10508099365357643,-0.00032377214648455707,1.1757441112391315e-05,5.042091796437757,0.5189999999999962,0.8737345873134494,1.1744555765303837,3.0072098921693424,0.5330272884296275,0.0,84.33838565066547,0.5669984443659721,0.0,284.74779208192695,95199.2149772086,1.1646915157349609,338.3271620016477,-0.0002397315179511195,-0.00028578106138978196,180.3376097638296,18938.84695184229
3.6349218750000007,527.0180558400475,179.80807679585936,179.80808878923136,26.420812367700464,-0.1063913438094088,-0.0003287493281175328,1.3705536916288233e-05,5.042091796437757,0.5189999999999962,0.8737345873134494,1.174411569550173,3.0067698223672346,0.5314844585034422,0.0,83.78059447904225,0.566763774739385,0.0,284.7243826370397,95158.97759800141,1.1642949593920913,338.3129758780461,-0.0001688018191212723,-0.0001889742598522417,179.80808878923142,18821.380356630038
3.6549218750000008,530.6089405440282,179.28075932985152,179.28077146753142,26.31108246848789,-0.10770781567444827,-0.0003325780885940721,1.4337890796489337e-05,5.042091796437757,0.5189999999999962,0.8737345873134494,1.1743690386901013,3.006344513766519,0.5299479478971564,0.0,83.22738738111342,0.5665307249412356,0.0,284.70104188646377,95118.85829417234,1.1638995018052267,338.298831383197,-4.241977492223648e-05,-0.00016244367451144333,179.2807714675314,18704.793214333833
3.674921875000001,534.1893007844678,178.7556274460423,178.75563971763916,26.202251165492342,-0.10902993647642596,-0.0003349066621958451,1.2895058871230962e-05,5.042091796437757,0.5189999999999962,0.8737345873134494,1.1743284263560658,3.005938390426164,0.5284177047914278,0.0,82.67871269555724,0.5662992789476313,0.0,284.6777695449009,95078.85657533561,1.1635051386959663,338.28472834420995,8.765563007187307e-05,-0.00011350558550712493,178.75563971763907,18589.07652654226
3.694921875000001,537.7591800939008,178.2326632660848,178.23267566199746,26.09430896811012,-0.11035707797609791,-0.0003357363415173977,1.0101053030291388e-05,5.042091796437757,0.5189999999999962,0.8737345873134494,1.1742893003682864,3.0055471305483694,0.5268936779499986,0.0,82.13451956510764,0.5660694209461767,0.0,284.65456532938964,95038.97195512225,1.1631118658209585,338.27066658961013,0.0001825525344132535,-0.00013368462191030973,178.2326756619974,18474.221415147134
3.714921875000001,541.3186216492709,177.71184910970538,177.71186162280583,25.987246013446992,-0.11168873923849001,-0.00033546370604616385,7.697787571348736e-06,5.042091796437757,0.5189999999999962,0.8737345873134494,1.1742506284012215,3.005160410877721,0.5253758167088016,0.0,81.59475788485908,0.5658411353321453,0.0,284.63142895927973,94999.20395113609,1.1627196789715166,338.2566459493235,0.00016626043026384744,-0.00031649289993930133,177.7118616228058,18360.219120191214
3.734921875000001,544.8676682759004,177.19316749482934,177.19318011943915,25.881052526462366,-0.11302454225640314,-0.0003347709994881572,9.590306772211297e-06,5.042091796437757,0.5189999999999962,0.8737345873134494,1.1742101025671143,3.004755152536649,0.5238640709685963,0.0,81.05937828333134,0.5656144067052296,0.0,284.60836015620663,94959.55208490952,1.1623285739732327,338.24266625466123,-9.090860473303966e-05,-0.00036214907230555085,177.1931801194391,18247.0609979935
3.754921875000001,548.4063624514052,176.67660113081433,176.6766138655908,25.775719426029557,-0.11436422059512763,-0.0003344958062500798,1.2757404435867539e-05,5.042091796437757,0.5189999999999962,0.8737345873134494,1.174169499067724,3.004349117542746,0.5223583911867867,0.0,80.52833202777374,0.565389219866212,0.0,284.5853586440658,94920.01588185965,1.1619385466855963,338.2287273383039,-6.620760461851626e-05,-0.00038445326584808344,176.67661386559078,18134.738519244114
3.774921875000001,551.9347463094623,176.16213291635523,176.16214576764852,25.67123664649901,-0.1157078922289344,-0.0003353377190708207,1.4153491268755732e-05,5.042091796437757,0.5189999999999962,0.8737345873134494,1.1741306086233447,3.003960213098953,0.5208587283728761,0.0,80.00157106221819,0.5651655598142211,0.0,284.5624241489885,94880.59487124629,1.1615495930016286,338.21482903428705,-2.667712417971808e-05,-0.00032045699549860667,176.16214576764844,18023.243267378315
3.794921875000001,555.4528616436818,175.64974594552163,175.64975892129578,25.56759435963916,-0.11705591268299677,-0.0003376550251964309,1.3388392735578377e-05,5.042091796437757,0.5189999999999962,0.8737345873134494,1.1740936562916675,3.0035906897821807,0.5193650340786761,0.0,79.47904806001243,0.5649434117432415,0.0,284.53955639931604,94841.28858612865,1.1611617088475055,338.20097117798554,6.608141873673881e-05,-0.0002498407078505655,175.6497589212958,17912.56693661016
3.814921875000001,558.9607499114596,175.13942350183623,175.13943660863666,25.464783041545314,-0.11840862484742282,-0.00034142698194928445,1.000698127965525e-05,5.042091796437757,0.5189999999999962,0.8737345873134494,1.174058905569026,3.003243182555766,0.5178772603900534,0.0,78.96071639424731,0.5647227610388985,0.0,284.5167551255755,94802.09656332228,1.160774890182178,338.1871536060988,0.00019162868889578309,-0.0002451942460146282,175.13943660863663,17802.70133010044
3.834921875000001,562.4584522377082,174.63114905185017,174.63116229526318,25.362793938975607,-0.11976627430123936,-0.0003463171423440499,5.399527823424683e-06,5.042091796437757,0.5189999999999962,0.8737345873134494,1.1740255318103099,3.0029094449686045,0.5163953599185089,0.0,78.4465301565638,0.5645035932752583,0.0,284.4940200604549,94763.01834335747,1.1603891329970129,338.17337615663564,0.0,0.0,174.63116229526318,17693.63835813941
3.854921875000001,565.9460094184559,174.12490624068047,174.12491962693846,25.26161812694005,-0.12112911361123488,-0.00035163355039712757,6.233816679793e-06,5.042091796437757,0.5189999999999962,0.8737345873134494,1.1739895978679196,3.0025501055447013,0.5149192857916076,0.0,77.93644409597061,0.5642858942115035,0.0,284.47135093878,94724.05347043896,1.1600044333154387,338.1596386689007,-0.0002939429591580267,-0.00016953056578368885,174.12491962693844,17585.37003627722
3.874921875000001,569.4234619244338,173.62067889439803,173.62069242768948,25.161246761794885,-0.12249738266450765,-0.0003567132068783163,1.0894889008179617e-05,5.042091796437757,0.5189999999999962,0.8737345873134494,1.1739520511511647,3.002174638377153,0.5134489916475793,0.0,77.43041353704623,0.5640696497892622,0.0,284.4487474974912,94685.20149240585,1.159620787192598,338.1459409834797,-0.0003500605789929014,-4.8456301023229074e-05,173.6206924276895,17477.888483765233
3.894921875000001,572.8908499046545,173.11845101278098,173.11846469761934,25.061670911216172,-0.12387122408039852,-0.0003609341781148207,1.5058447314880615e-05,5.042091796437757,0.5189999999999962,0.8737345873134494,1.173915437003227,3.0018084968977754,0.5119844316290821,0.0,76.92839441193783,0.5638548461298485,0.0,284.4262094756197,94646.46196069168,1.1592381907149991,338.1322829422255,-0.00026908639650962004,8.139479255684132e-05,173.11846469761932,17371.185921961696
3.914921875000001,576.3482131898649,172.61820677003394,172.6182206107694,24.962881973985443,-0.12525080444532039,-0.00036387277025468176,1.7417755637541555e-05,5.042091796437757,0.5189999999999962,0.8737345873134494,1.1738805213866517,3.0014593407320223,0.5105255603771117,0.0,76.43034326114584,0.5636414695315599,0.0,284.4037366142659,94607.83443028586,1.1588566400001783,338.1186643882451,-0.00011371765206031278,9.166911755573378e-05,172.6182206107694,17265.254672769406
3.934921875000001,579.7955912960396,172.1199305158152,172.11994451299944,24.864870665256994,-0.12663622116006312,-0.0003653717130779899,1.5002975723235221e-05,5.042091796437757,0.5189999999999962,0.8737345873134494,1.1738490512481392,3.0011446393468977,0.5090723330249588,0.0,75.93621718773717,0.5634295064670144,0.0,284.3813286565757,94569.31845969455,1.1584761311963605,338.1050851658849,0.0001229589630955119,0.00013468207538699985,172.1199445129994,17160.087157097827
3.954921875000001,583.2330234278664,171.62360676901554,171.6236209188849,24.767629049536993,-0.12802731629124106,-0.0003656404799079709,8.85032388047242e-06,5.042091796437757,0.5189999999999962,0.8737345873134494,1.173820411118064,3.0008582380461446,0.5076247051892578,0.0,75.44597405883418,0.5632189435800992,0.0,284.35898534771883,94530.9136109018,1.158096660482118,338.0915451207176,0.0002521149202251418,0.0002959944992061903,171.62362091888494,17055.675893150838
3.974921875000001,586.6605484820476,171.1292202111215,171.12923450808785,24.671149285779023,-0.12942377325865434,-0.0003653351563282005,4.2627219237785765e-06,5.042091796437757,0.5189999999999962,0.8737345873134494,1.1737914687907662,3.000568814773168,0.5061826329594711,0.0,74.9595723805991,0.5630097676827314,0.0,284.33670643486664,94492.61944933263,1.157718224066049,338.07804409952917,0.0,0.0,171.12923450808785,16952.0134946345
3.994921875000001,590.0782050505364,170.63675568814284,170.6367701231716,24.575423182760538,-0.1308252135469807,-0.0003653045952424692,9.44531468749782e-06,5.042091796437757,0.5189999999999962,0.8737345873134494,1.1737573796980005,3.000227923845511,0.5047460728916421,0.0,74.47697115024815,0.5628019657522803,0.0,284.31449166717147,94454.43554381692,1.1573408181864642,338.0645819503059,-0.0003193485916968166,7.089320821299882e-05,170.63677012317163,16849.0926692762
4.014921875000001,593.4860314238306,170.14619820574669,170.14621276838642,24.480443075358338,-0.13223109016352305,-0.00036623776654509964,1.5354234875587572e-05,5.042091796437757,0.5189999999999962,0.8737345873134494,1.1737234736731343,2.999888863596849,0.5033149820050152,0.0,73.99812985761466,0.5625955249294337,0.0,284.2923407957451,94416.36146655252,1.1569644391110645,338.0511585222215,-0.00020500305696094203,1.2083572404751174e-05,170.14621276838648,16746.90621755463
4.034921875,596.8840655940996,169.65753292638814,169.65754760840187,24.386200824617013,-0.13364090907416976,-0.0003686161931390389,1.8766242225076307e-05,5.042091796437757,0.5189999999999962,0.8737345873134494,1.173691647570909,2.999570602574595,0.5018893177784955,0.0,73.5230085166882,0.5623904325160655,0.0,284.27025357363834,94378.3967930704,1.1565890831366379,338.03777366562485,-6.432888998981893e-05,8.664050703713675e-05,169.65754760840196,16645.44703143582
4.054921875,600.2723452583765,169.17074517240314,169.17075996528942,24.292688612335688,-0.13505420716977748,-0.00037256984375804396,1.9213792073598585e-05,5.042091796437757,0.5189999999999962,0.8737345873134494,1.1736621729093024,2.9992758559585297,0.5004690381419299,0.0,73.05156772092046,0.562186675972389,0.0,284.24822975582055,94340.54110219893,1.156214746588748,338.0244272320273,0.00013001055913383408,0.00011186985099758007,169.17075996528948,16544.70809278281
4.074921874999999,603.650907818766,168.6858198461589,168.68583474678402,24.19998421517006,-0.136470675886263,-0.00037793296570302345,1.648184291965775e-05,5.042091796437757,0.5189999999999962,0.8737345873134494,1.1736349524755227,2.999003651620733,0.49905409978481574,0.0,72.58419688795905,0.5619875623967312,0.0,284.226269099178,94302.79397606158,1.1558414258217522,338.0111190741019,0.00029544148469224903,3.716697363860338e-05,168.68583474678408,16444.682360906663
4.094921874999999,607.0197903601909,168.20274075955777,168.20275577233517,24.108035192030812,-0.1378903142546289,-0.0003842417958088012,1.0594589380787377e-05,5.042091796437757,0.5189999999999962,0.8737345873134494,1.1736099445464525,2.9987535723300307,0.4976444561620788,0.0,72.12063112765071,0.5617913866239536,0.0,284.2043713626587,94265.1550003256,1.1554691172213019,337.9978490457712,0.00042081104122347265,0.00020072307796480506,168.20275577233522,16345.362642428447
4.1149218749999985,610.3790296626084,167.72149359524983,167.72150873016642,24.016791406239417,-0.13931343894819279,-0.00039089027096058363,6.262956454370799e-06,5.042091796437757,0.5189999999999962,0.8737345873134494,1.1735842150991629,2.9984962778571345,0.49624006624270456,0.0,71.6606189726858,0.5615964905555547,0.0,284.182536307193,94227.62376406539,1.1550978172030326,337.984617002159,0.00014458787959833826,0.0005032498985876038,167.7215087301665,16246.742167027307
4.134921874999998,613.7286622239624,167.24206432872398,167.2420795969224,23.926245417025577,-0.14074054705139696,-0.00039719924136882086,9.525257697171386e-06,5.042091796437757,0.5189999999999962,0.8737345873134494,1.1735541994176997,2.9981961210425023,0.49484088983505026,0.0,71.20412341308631,0.5614028624298144,0.0,284.16076369554423,94190.19985950623,1.1547275222100706,337.9714227994998,-0.00027654395319695336,0.00036071295131149124,167.24207959692248,16148.81427594921
4.154921874999998,617.0687242631998,166.76443908333462,166.76445449540404,23.83638946111178,-0.1421721081095666,-0.00040254184040264967,1.4029037690277723e-05,5.042091796437757,0.5189999999999962,0.8737345873134494,1.1735236433039862,2.9978905599053673,0.4934468871661641,0.0,70.75110786168317,0.5612104906294739,0.0,284.1390532922892,94152.88288199047,1.1543582287127356,337.95826629512726,-0.00022242891539779597,0.0002943105718608916,166.7644544954041,16051.572393279483
4.174921874999997,620.3992517231909,166.28860412701096,166.28861969306732,23.747216378444705,-0.14360854307777912,-0.00040657263792975287,1.6079077945317965e-05,5.042091796437757,0.5189999999999962,0.8737345873134494,1.17349472517678,2.9976013786333056,0.49205801887753026,0.0,70.30153620555511,0.5610193636797272,0.0,284.1174048637992,94115.67242994496,1.153989933208257,337.94514734746235,-0.00015241456379723375,0.00024258196584462966,166.28861969306737,15955.010024763904
4.194921874999997,623.7202802736026,165.81454587245554,165.81456159975355,23.658718799267035,-0.14505021833815376,-0.0004092219469996025,1.6231496384020084e-05,5.042091796437757,0.5189999999999962,0.8737345873134494,1.1734671151670415,2.9973252785359206,0.4906742460185372,0.0,69.85537288066435,0.560829470245925,0.0,284.0958181782216,94078.56810484889,1.1536226322204937,337.93206581600225,-4.783205314998649e-05,0.00018661780048401393,165.8145615997536,15859.120756498016
4.214921874999996,627.0318453137842,165.34225087476312,165.34226676555866,23.570889868582515,-0.14649730807928046,-0.00041059134454534606,1.4754821013001858e-05,5.042091796437757,0.5189999999999962,0.8737345873134494,1.1734406531529846,2.997060658395352,0.4892955300403548,0.0,69.41258281343765,0.5606407991313644,0.0,284.0742930054604,94041.56951120163,1.1532563222996532,337.919021561309,-2.6761508537716234e-05,0.00023444406993087237,165.34226676555878,15763.89825366075
4.234921874999996,630.3339819755319,164.87170582163247,164.871721878312,23.48372328099817,-0.1479498394910381,-0.0004109396204510127,1.3253123258464323e-05,5.042091796437757,0.5189999999999962,0.8737345873134494,1.173414390893789,2.9967980358033963,0.48792183278865126,0.0,68.9731314328693,0.5604533392749467,0.0,284.05282911715904,94004.67625649174,1.15289100002202,337.9060144449984,-7.16588313441805e-05,0.00031813323154761004,164.8717218783121,15669.336259190875
4.2549218749999955,633.6267251257424,164.4028975365043,164.40291376198124,23.397212001614083,-0.14940788403897773,-0.00041068171559139623,1.217557094210985e-05,5.042091796437757,0.5189999999999962,0.8737345873134494,1.1733880615588625,2.996534742454131,0.48655311649904903,0.0,68.53698459774917,0.5602670797492377,0.0,284.03142628668263,93967.88795116745,1.1525266619897023,337.8930443297297,-0.00012238508759735965,0.00034106716523796705,164.40291376198132,15575.428592657538
4.274921874999995,636.9101093691535,163.935812980148,163.93582937494028,23.311349176335803,-0.1508714790022552,-0.0004103798720346868,1.2630894375695092e-05,5.042091796437757,0.5189999999999962,0.8737345873134494,1.173361009082705,2.9962642176925547,0.485189343792171,0.0,68.10410862950282,0.5600820097584966,0.0,284.01008428910046,93931.20420860591,1.1521633048303608,337.8801110791949,-0.00017514394009435563,0.0002623380305068959,163.9358293749404,15482.169149119101
4.294921874999995,640.1841690510753,163.47043924821415,163.47045580830897,23.22612803497558,-0.15234049444496892,-0.0004106483789732089,1.3824608011309084e-05,5.042091796437757,0.5189999999999962,0.8737345873134494,1.1733337005163704,2.99599113202921,0.48383047766889736,0.0,67.67447026620843,0.5598981186367575,0.0,283.988802901168,93894.62464508277,1.1518009251969448,337.86721455810783,-0.00014872667932642374,0.00022133845297595608,163.47045580830914,15389.551898010637
4.314921874999994,643.4489382600523,163.00676356685912,163.00678028427498,23.14154226676218,-0.1538145849652742,-0.00041200702093162285,1.5802890454544402e-05,5.042091796437757,0.5189999999999962,0.8737345873134494,1.1733061068893431,2.9957151957589367,0.48247648150556754,0.0,67.2480367028174,0.5597153958459248,0.0,283.96758190130964,93858.1488797424,1.1514395197674314,337.8543546321937,-0.00018284997343644984,0.00011572587824145801,163.00678028427507,15297.570882042517
4.334921874999994,646.7044508304053,162.54477328853724,162.54479015418084,23.05758588775624,-0.15529332482911593,-0.0004148344104280634,1.8102782864424322e-05,5.042091796437757,0.5189999999999962,0.8737345873134494,1.173278499726428,2.995439124129786,0.4811273190484846,0.0,66.8247755562982,0.5595338309738007,0.0,283.94642106960237,93821.77653456946,1.1510790852445785,337.841531168179,-0.00011385457618277333,3.522526245364325e-05,162.54479015418102,15206.220216069712
4.354921874999993,649.950740344759,162.084455890359,162.08447289735892,22.97425257298977,-0.15677630697803935,-0.00041935171010423853,1.785063333067282e-05,5.042091796437757,0.5189999999999962,0.8737345873134494,1.1732525734158294,2.9951798610238,0.47978295441062596,0.0,66.40465480218131,0.5593534137324304,0.0,283.92532018775904,93785.50723436078,1.1507196183556807,337.82874403378196,2.2308355910358945e-05,-2.407195414305196e-05,162.08447289735903,15115.494086115277
4.374921874999993,653.1878401365368,161.62579897491008,161.62581611960726,22.89153612826222,-0.158263253638595,-0.0004255227607350175,1.576555530120457e-05,5.042091796437757,0.5189999999999962,0.8737345873134494,1.1732279020434933,2.994933147300438,0.4784433520672968,0.0,65.98764292588558,0.5591741339563268,0.0,283.9042790391125,93749.3406066973,1.1503611158523246,337.8159930977022,0.00017584156471743274,-9.110785959850241e-05,161.62581611960744,15025.386748339622
4.3949218749999925,656.4157832924419,161.16879026817378,161.16880755078785,22.809430353387317,-0.15975406235260275,-0.0004331262774904968,1.1739467307879535e-05,5.042091796437757,0.5189999999999962,0.8737345873134494,1.173204547909996,2.994699605965465,0.4771084768491753,0.0,65.57370881995534,0.5589959816003673,0.0,283.8832974085991,93713.27628191651,1.1500035745101496,337.80327822961107,0.0002523628644999377,-7.080102894346266e-05,161.1688075507879,14935.892527859987
4.414921874999992,659.6346026549543,160.7134176208939,160.71343504302672,22.727929099052837,-0.16124873790360797,-0.00044172134985247187,6.2031262861074205e-06,5.042091796437757,0.5189999999999962,0.8737345873134494,1.1731822553353357,2.9944766802188627,0.4757782939371432,0.0,65.16282180229936,0.5588189467379564,0.0,283.8623750827428,93677.31389308447,1.149646991128603,337.79059930014216,0.0,0.0,160.7134350430268,14847.005817697594
4.434921874999992,662.8443308247689,160.25966900366828,160.2596865691536,22.647026441637966,-0.1627473633209984,-0.00045081089656067775,1.6067017697316977e-06,5.042091796437757,0.5189999999999962,0.8737345873134494,1.1731595764667035,2.994249891532541,0.47445276885781756,0.0,64.75495158814293,0.5586430195593013,0.0,283.841511849639,93641.45307596863,1.1492913625307035,337.77795618088123,0.0,0.0,160.25968656915367,14758.721077782404
4.454921874999991,666.0450001632033,159.8075325079473,159.80755022125976,22.5667163621544,-0.1642500828483544,-0.000459781369186427,8.073019525526336e-06,5.042091796437757,0.5189999999999962,0.8737345873134494,1.1731305337686153,2.9939594645516587,0.47313186747943364,0.0,64.3500682726475,0.5584681903697573,0.0,283.82070749893916,93605.69346901086,1.148936685562806,337.76534874435714,-0.00036298015159556466,0.00020333118987891498,159.80755022125987,14671.032833992766
4.474921874999991,669.2366427945951,159.35699634489362,159.35701420917385,22.486992705311675,-0.16575704191827456,-0.0004680161932026747,1.4675850988814482e-05,5.042091796437757,0.5189999999999962,0.8737345873134494,1.173101575527152,2.9936698821370267,0.47181555600748115,0.0,63.948142306152974,0.5582944495881579,0.0,283.7999618218351,93570.03471330069,1.148582957094368,337.75277686403206,-0.00031966180895671276,9.85669252997363e-05,159.357014209174,14583.935677192057
4.49492187499999,672.419290608704,158.90804884446558,158.90806685961257,22.407849481956813,-0.1672682649287435,-0.00047492407756265,1.881839087111397e-05,5.042091796437757,0.5189999999999962,0.8737345873134494,1.1730742332464796,2.993396459330302,0.47050380098233646,0.0,63.54914446213406,0.5581217877454294,0.0,283.7792746110434,93534.47645254851,1.1482301740177154,337.7402404142923,-0.0001487058066307599,5.769641842771245e-05,158.90806685961266,14497.424262400928
4.51492187499999,675.5929752630428,158.46067845147834,158.46069661503026,22.32928070475053,-0.1687836498243168,-0.00048015384177698626,1.842523610567862e-05,5.042091796437757,0.5189999999999962,0.8737345873134494,1.1730497307506498,2.9931514343720034,0.46919656927600306,0.0,63.15304586254308,0.5579501954831017,0.0,283.7586456607902,93499.01833305947,1.147878333247814,337.72773927043886,8.710057841587623e-05,1.8256808710007905e-05,158.46069661503037,14411.493307924715
4.5349218749999896,678.7577281851704,158.01487372538736,158.01489203180373,22.25128130374552,-0.17030298337516267,-0.00048373673356207547,1.530653921847183e-05,5.042091796437757,0.5189999999999962,0.8737345873134494,1.1730269981109405,2.9929241079749103,0.46789382808687785,0.0,62.759818131340914,0.5577796635515795,0.0,283.7380747667964,93463.66000370793,1.1475274317220474,337.7152733086786,0.00021312518063882575,-2.80126815526142e-05,158.01489203180384,14326.137594371092
4.554921874999989,681.9135805748956,157.57062333205008,157.57064177766514,22.17384577422008,-0.1718260420688236,-0.00048601929618185364,1.0876265583919507e-05,5.042091796437757,0.5189999999999962,0.8737345873134494,1.1730051992505701,2.992706119371207,0.4665955449322916,0.0,62.36943326389133,0.5576101828081445,0.0,283.71756172626317,93428.40111591275,1.147177466400003,337.70284240611545,0.00027551286846145737,-0.00020279615245718058,157.57064177766523,14241.351963544907
4.574921874999989,685.0605634064813,157.12791604999776,157.1279346301648,22.096968750563406,-0.1733526087808735,-0.00048755281987570784,8.681227751238205e-06,5.042091796437757,0.5189999999999962,0.8737345873134494,1.172982238654694,2.9924765134124454,0.4653016876440946,0.0,61.98186361278543,0.5574417442153787,0.0,283.69710633785786,93393.24132361273,1.1468284342632564,337.6904464407419,9.756230466280772e-05,-0.000453647844195769,157.12793463016493,14157.131317543799
4.594921874999988,688.1987074308092,156.6867407625125,156.6867594758048,22.020645221986584,-0.17488251779477454,-0.0004890629870717967,1.1993500230784938e-05,5.042091796437757,0.5189999999999962,0.8737345873134494,1.1729561827284731,2.992215954150237,0.46401222436622663,0.0,61.59708185143302,0.5572743388398638,0.0,283.6767084016997,93358.18028324243,1.1464803323151622,337.6780852914301,-0.00017691186484299545,-0.00040689063516671147,156.68675947580488,14073.47061798594
4.614921874999988,691.3280431775057,156.24708646114965,156.24710530873637,21.944869617433465,-0.17641573611723524,-0.0004912747997053407,1.669373038392891e-05,5.042091796437757,0.5189999999999962,0.8737345873134494,1.1729294621797626,2.9919487486631313,0.46272712355099516,0.0,61.21506094588963,0.5571079578507284,0.0,283.6563677193462,93323.21765370834,1.1461331575806475,337.6657588379238,-0.0001357610088498612,-0.0003290283701455418,156.2471053087365,13990.364885169054
4.634921874999987,694.4486009570976,155.80894224436588,155.80896123031252,21.86963640394124,-0.1779523447997115,-0.0004947625038411222,1.9968034165952795e-05,5.042091796437757,0.5189999999999962,0.8737345873134494,1.1729037370826667,2.9916914976921727,0.4614463539578804,0.0,60.83577418130386,0.5569425925185372,0.0,283.63608409377883,93288.3530963649,1.1457869071060007,337.65346696083,-0.00013515662843227117,-0.00024904051146326997,155.80896123031263,13907.809197392364
4.654921874999987,697.5604108631637,155.37229731806943,155.3723164473406,21.794940384720242,-0.17949248488756592,-0.0004998945035093119,2.0897028464557907e-05,5.042091796437757,0.5189999999999962,0.8737345873134494,1.1728795490010684,2.9914496168761895,0.46016988464849407,0.0,60.459195187883104,0.5567782342136978,0.0,283.6158573293894,93253.58627499038,1.1454415779586624,337.64120954161,1.934133081949391e-05,-0.0003029214658559163,155.3723164473407,13825.798690055
4.674921874999987,700.66350277442,154.93714099041003,154.93716027087265,21.720776249692054,-0.18103638740901568,-0.0005067829158012156,1.9288976161581678e-05,5.042091796437757,0.5189999999999962,0.8737345873134494,1.1728570099082172,2.9912242259476773,0.4588976849831244,0.0,60.08529795574432,0.5566148744050897,0.0,283.5956872319662,93218.91685576363,1.1450971672270234,337.62898646257156,0.0001303196000771196,-0.0002865744020512027,154.93716027087274,13744.328554861528
4.694921874999986,703.757906356808,154.5034626756899,154.50348211431717,21.647138677877855,-0.18258432344060618,-0.0005152771869971394,1.53176834216013e-05,5.042091796437757,0.5189999999999962,0.8737345873134494,1.172836015989224,2.991014286757745,0.45762972461527096,0.0,59.71405683059521,0.556452504658453,0.0,283.5755736086807,93184.34450724072,1.1447536720202183,337.61679760686053,0.0001602866259560643,-0.0003082415822727308,154.50348211431725,13663.394038917286
4.714921874999986,706.8436510655738,154.0712518894351,154.071271491814,21.574022683494785,-0.1841365064581899,-0.000525041949910098,1.0089527718124046e-05,5.042091796437757,0.5189999999999962,0.8737345873134494,1.172815912722235,2.9908132540878563,0.45636597348695657,0.0,59.34544650593272,0.5562911166348941,0.0,283.55551626807375,93149.86890033174,1.1444110894679245,337.60464285845273,0.0002150454968133395,-0.000322262526182784,154.0712714918141,13582.990443882176
4.734921874999985,709.9207661472894,153.6404982483878,153.64051801718009,21.5014232993562,-0.18569306208536646,-0.000535545055177958,5.0064131830468165e-06,5.042091796437757,0.5189999999999962,0.8737345873134494,1.1727958709541835,2.9906128364073403,0.455106401825728,0.0,58.979441973106425,0.5561307020896267,0.0,283.5355150200426,93115.48970827817,1.1440694167201646,337.59252210214584,0.0,0.0,153.64051801718014,13503.113125235734
4.754921874999985,712.98928064185,153.21119146757712,153.21121140233905,21.429335841177426,-0.1872539911111231,-0.0005460734976920624,9.431693479611975e-06,5.042091796437757,0.5189999999999962,0.8737345873134494,1.1727703593109424,2.99035771997493,0.4538509801401256,0.0,58.61601855208742,0.5559712528705307,0.0,283.515569675828,93081.20660663063,1.1437286509471123,337.5804352235517,-0.0004304234962628081,-0.00010099495390400277,153.21121140233913,13423.757491460789
4.774921874999984,716.0492233843971,152.78332135704258,152.7833414564225,21.357755462328008,-0.1888192242661785,-0.0005559059638200837,1.632366949112688e-05,5.042091796437757,0.5189999999999962,0.8737345873134494,1.172743535082156,2.9900894776870657,0.45259967921714017,0.0,58.25515180032996,0.555812760916981,0.0,283.4956800480014,93047.01927322733,1.1433887893389045,337.5683821090889,-0.00035577168007796454,-9.638416172635123e-06,152.78334145642262,13344.919003354975
4.794921874999984,719.1006230072575,152.35687782498454,152.35689808541875,21.28667715672801,-0.19038862978655582,-0.0005644244212427586,2.0301113635923175e-05,5.042091796437757,0.5189999999999962,0.8737345873134494,1.1727185751394074,2.989839878259579,0.4513524701212909,0.0,57.89681750682959,0.555655218258893,0.0,283.4758459504528,93012.92738817244,1.143049829105453,337.55636264597445,-0.00012623542568350246,-1.0526611446230574e-05,152.35689808541883,13266.593173445804
4.814921874999984,722.1435079418819,151.93185087546172,151.9318712914276,21.21609612961457,-0.19196199313241033,-0.0005712652055607344,1.985433647627975e-05,5.042091796437757,0.5189999999999962,0.8737345873134494,1.1726963699704314,2.9896178265698192,0.4501093241925354,0.0,57.54099176777815,0.5554986170156315,0.0,283.45606719837775,92978.93063381445,1.1427117674762555,337.54437672221695,4.350053814610432e-05,8.736491658400169e-06,151.93187129142765,13188.775565343733
4.834921874999983,725.17790641846,151.50823025214743,151.5082508189189,21.146045420212793,-0.19353906557402115,-0.0005764586061845593,1.6527369540083293e-05,5.042091796437757,0.5189999999999962,0.8737345873134494,1.172676006569929,2.9894141925647966,0.4488702119983503,0.0,57.18784022007538,0.5553447886371585,0.0,283.43634360827997,92945.02869475042,1.1423746017004646,337.53242422661765,0.00029480222731708517,-6.064889658372986e-05,151.50825081891898,13111.461732009304
4.854921874999983,728.2038464595717,151.0860056918885,151.08602640477167,21.07648595821927,-0.19511964307722926,-0.0005803653647272499,1.069338723910166e-05,5.042091796437757,0.5189999999999962,0.8737345873134494,1.1726572634840218,2.9892267617057233,0.4476351040744298,0.0,56.83716522214751,0.5551920573455384,0.0,283.41667499801275,92911.22125789695,1.1420383290476182,337.5205050487957,0.0003427104771596399,-0.00022151950232132027,151.0860264047718,13034.647259344354
4.874921874999982,731.2213558890189,150.66516747511744,150.6651883309942,21.007409807799156,-0.19670352554335918,-0.0005835994890065147,8.240625068804344e-06,5.042091796437757,0.5189999999999962,0.8737345873134494,1.1726366615037183,2.989020741902688,0.44640397256243125,0.0,56.48892550792924,0.5550402375809532,0.0,283.3970611867214,92877.5080123915,1.141702946806685,337.50861907915316,3.626529410163262e-05,-0.000516200822336245,150.66518833099434,12958.327861026932
4.894921874999982,734.2304623373306,150.2457059828302,150.24572698152187,20.938812676616262,-0.1982906232408793,-0.0005869224147892412,1.3888313912068907e-05,5.042091796437757,0.5189999999999962,0.8737345873134494,1.1726114115529098,2.988768242394604,0.4451767898971375,0.0,56.143098480795274,0.5548893218589352,0.0,283.37750199480735,92843.88864953085,1.1413684522854777,337.4967662088533,-0.00031119003033571125,-0.000402794468155559,150.245726981522,12882.499300811265
4.9149218749999815,737.2311932435654,149.82761168719082,149.82763282936884,20.87068989681287,-0.19988092128555798,-0.0005911578474943584,2.1168766022395517e-05,5.042091796437757,0.5189999999999962,0.8737345873134494,1.1725853327849065,2.9885074547145707,0.44395352876850125,0.0,55.799661759780655,0.5547393027775128,0.0,283.3579972439168,92810.36286275106,1.141034842810477,337.4849463298136,-0.0002951462398002251,-0.0002926166156175955,149.827632829369,12807.157389825354
4.934921874999981,740.2235758571142,149.4108751477143,149.41089643666436,20.803036933871883,-0.2014744409785166,-0.000596955966257484,2.4844718169180464e-05,5.042091796437757,0.5189999999999962,0.8737345873134494,1.1725615177220896,2.9882693040864017,0.44273416212185907,0.0,55.458593135666746,0.5545901730164884,0.0,283.33854675692874,92776.93034760717,1.1407021157266555,337.47315933469883,-6.58935559209182e-05,-0.0002899566862705881,149.41089643666453,12732.29798610997
4.954921874999981,743.2076372394241,148.9954870119641,148.99550845393105,20.735849442592794,-0.20307133885422723,-0.0006046495823921314,2.388250808329018e-05,5.042091796437757,0.5189999999999962,0.8737345873134494,1.172540575915757,2.9880598860230756,0.4415186631558995,0.0,55.11987071766235,0.5544419253364499,0.0,283.3191503579437,92743.59080175408,1.1403702683973107,337.4614051169139,0.00011504091306351765,-0.00032953257352899486,148.99550845393125,12657.91699403346
4.97492187499998,746.1834042657583,148.58143801313565,148.5814596176642,20.66912295734417,-0.20467187886100105,-0.0006141994174520761,1.9688003801056616e-05,5.042091796437757,0.5189999999999962,0.8737345873134494,1.1725216759514552,2.9878708863800574,0.4403070053155938,0.0,54.78347299613655,0.5542945525771803,0.0,283.29980787227254,92710.34392492686,1.1400392982038938,337.44968357059713,0.00025460677993681304,-0.0003793076426862629,148.58145961766436,12584.010363425376
4.99492187499998,749.1509036269259,148.16871897298898,148.16874074892527,20.602853358549247,-0.20627638213511612,-0.0006252464337362741,1.3555978722614604e-05,5.042091796437757,0.5189999999999962,0.8737345873134494,1.1725040520184138,2.9876946470496435,0.4390991622881315,0.0,54.449378737193136,0.5541480476564524,0.0,283.28051912642496,92677.18941892133,1.1397092025458389,337.4379945906135,0.00017903739177764676,-0.0004934306528564813,148.16874074892544,12510.574088893454
5.014921874999979,752.1101618310008,147.75732079461747,147.7573427515972,20.537036487378984,-0.20788514171586203,-0.000637211625672811,1.0539335442530054e-05,5.042091796437757,0.5189999999999962,0.8737345873134494,1.1724847178803839,2.9875013056693445,0.43789510799785014,0.0,54.11756697936356,0.5540024035687158,0.0,283.2612839480985,92644.126987575,1.139379978840397,337.42633807254765,-0.0001624715753836865,-0.0005643794887224662,147.75734275159735,12437.604209092264
5.034921874999979,755.0612052049672,147.34723446732806,147.34725661221523,20.471668123187357,-0.2094984371875833,-0.0006493916242768512,1.4269027043113051e-05,5.042091796437757,0.5189999999999962,0.8737345873134494,1.1724615269903402,2.987269396768908,0.4366948166058339,0.0,53.78801694432455,0.5538576133843629,0.0,283.2421021661677,92611.15633674857,1.139051624522477,337.4147139126976,-0.0004484181441831726,-0.0003150703694822142,147.3472566122154,12365.096806266058
5.0549218749999785,758.0040598964281,146.9384510633567,146.93847339919958,20.406743956459554,-0.21111641979518575,-0.0006610322566857018,1.998178487536284e-05,5.042091796437757,0.5189999999999962,0.8737345873134494,1.172437292309509,2.9870270499605955,0.43549826250773754,0.0,53.46070804749956,0.5537136702487884,0.0,283.2229736106732,92578.27717430689,1.1387241370444756,337.40312200806795,-0.0003330154878787819,-0.00013329911748219894,146.93847339919978,12293.048005695997
5.074921874999978,760.9387518752649,146.53096173674695,146.53098426277396,20.342259868889244,-0.21273907286674973,-0.0006714991554799525,2.312217076562701e-05,5.042091796437757,0.5189999999999962,0.8737345873134494,1.1724147041886341,2.986801168751847,0.4343054203336424,0.0,53.13561989391343,0.5535705673817022,0.0,283.20389811281075,92545.48921010041,1.138397513876117,337.39156225636333,-0.0002018001973604518,-5.168429588577501e-05,146.53098426277415,12221.45397526834
5.094921874999978,763.8653069352226,146.1247577213594,146.12478043394168,20.278211973939143,-0.21436628537172078,-0.0006804143944984648,2.3824682792779647e-05,5.042091796437757,0.5189999999999962,0.8737345873134494,1.1723936821688652,2.9865909485541575,0.4331162649451179,0.0,52.812732396516154,0.5534282980761143,0.0,283.184875504921,92512.79215594749,1.1380717525042992,337.38003455598215,-2.270058089167844e-05,-2.566561892072231e-06,146.1247804339418,12150.310924890198
5.114921874999977,766.7837506955182,145.71983032931178,145.71985322289595,20.21459630022191,-0.21599784579211465,-0.0006876608791017033,2.1328116918106954e-05,5.042091796437757,0.5189999999999962,0.8737345873134494,1.172374675063639,2.9864008775018958,0.4319307714306052,0.0,52.492025704400255,0.5532868556971323,0.0,283.1659056204791,92480.1857256164,1.1377468504329364,337.36853880601035,0.00012161819297841683,-1.1325583694629517e-05,145.71985322289612,12079.615105818586
5.134921874999977,769.6941086023918,145.31617095017828,145.31619401804505,20.151409162446992,-0.21763348091312848,-0.0006933495593260451,1.664106148778039e-05,5.042091796437757,0.5189999999999962,0.8737345873134494,1.1723570860743793,2.9862249876092983,0.4307489151026191,0.0,52.17348026606312,0.5531462336809878,0.0,283.14698829408445,92447.66963480797,1.1374228051828084,337.3570749062152,0.00024531071293088213,-2.0211519843750467e-05,145.3161940180452,12009.362810099667
5.154921874999976,772.5964059306289,144.91377105005617,144.91379428439504,20.08864678847857,-0.2192729054045311,-0.0006978017032034611,1.0842517411149496e-05,5.042091796437757,0.5189999999999962,0.8737345873134494,1.1723402767425217,2.986056894290723,0.42957067149304773,0.0,51.85707675968707,0.5530064255338504,0.0,283.1281233614509,92415.24360113867,1.1370996142914132,337.3456427570393,0.00031208005906692215,-0.00016431213828852292,144.91379428439515,11939.550369909182
5.174921874999976,775.4906677851037,144.51262217014636,144.51264556294544,20.026305658040922,-0.22091578915734875,-0.0007014572051023181,7.2351697799788545e-06,5.042091796437757,0.5189999999999962,0.8737345873134494,1.1723222944779508,2.9858770716450134,0.42839601635145086,0.0,51.542796083910915,0.5528674248310084,0.0,283.1093106593968,92382.90734412328,1.1367772753128158,337.3342422595945,0.00012741089467814057,-0.00036119060005724543,144.51264556294552,11870.174157067644
5.1949218749999755,778.3769191022477,144.11271592586806,144.11273946977346,19.96438198619429,-0.2225618337414163,-0.0007048692526411715,1.1051800589876948e-05,5.042091796437757,0.5189999999999962,0.8737345873134494,1.1723000458308492,2.985654585173998,0.4272249256424345,0.0,51.23061934089769,0.5527292252159515,0.0,283.09055002583534,92350.6605851585,1.1364557858175066,337.32287331565624,-0.00017926983927500374,-0.0003440209834469866,144.1127394697736,11801.230582510127
5.214921874999975,781.255184651551,143.71404400725103,143.7140676954789,19.90287221884461,-0.22421076094298228,-0.0007085957045052958,1.7259070138613574e-05,5.042091796437757,0.5189999999999962,0.8737345873134494,1.1722765040401806,2.9854191672673114,0.426057375544093,0.0,50.92052781562644,0.5525918203995863,0.0,283.0718412997649,92318.50304750622,1.1361351433922544,337.3115358276575,-0.0002110775722876183,-0.000292392166613695,143.71406769547906,11732.71609582116
5.234921874999975,784.1254890370185,143.3165981751633,143.31662200494947,19.84177275706735,-0.22586236468309492,-0.0007131690794469532,2.20280242672303e-05,5.042091796437757,0.5189999999999962,0.8737345873134494,1.172253930821485,2.9851934350803555,0.42489334244740085,0.0,50.61250297676972,0.5524552041595749,0.0,283.0531843212594,92286.4344562772,1.1358153456399667,337.3002296986832,-0.0001226578815407219,-0.00026817787837458724,143.31662200494958,11664.62718482712
5.254921874999974,786.987856698598,142.9203702640399,142.9203942365171,19.781079752034287,-0.22751659955510314,-0.0007189999761584396,2.3847780386704714e-05,5.042091796437757,0.5189999999999962,0.8737345873134494,1.1722332180825745,2.984986307691251,0.4237328029537985,0.0,50.30652649729602,0.5523193703394643,0.0,283.03457893145907,92254.45453841516,1.1354963901795487,337.28895483246424,5.535231609807908e-05,-0.00018650271973352894,142.9203942365172,11596.96037509383
5.274921874999974,789.8423119136787,142.52535218258936,142.52537630118607,19.72078942632623,-0.2291735143312013,-0.0007262607527785458,2.209202558297332e-05,5.042091796437757,0.5189999999999962,0.8737345873134494,1.1722147350883367,2.984801477748873,0.4225757338729876,0.0,50.00258029086335,0.5521843128478534,0.0,283.01602497256107,92222.56302267995,1.135178274645758,337.277711133372,0.00021444303931158148,-0.00017703640904014425,142.52537630118618,11529.712229441651
5.294921874999973,792.6888787985313,142.1315359109655,142.13156018113904,19.660898342638948,-0.23083324683324183,-0.0007348888353950626,1.703556639173453e-05,5.042091796437757,0.5189999999999962,0.8737345873134494,1.1721983186756075,2.984637313621581,0.4214221122185864,0.0,49.70064653388957,0.5520500256573179,0.0,282.99752228780955,92190.7596396316,1.1348609966890646,337.26649850641263,0.00035734444352829287,-0.00012606112362265588,142.13156018113912,11462.879347349808
5.314921874999973,795.5275813097516,141.73891350028464,141.73893792851695,19.601402990691387,-0.23249596844942153,-0.0007445872592622495,9.43616547349758e-06,5.042091796437757,0.5189999999999962,0.8737345873134494,1.1721835203026194,2.9844893298916997,0.42027191520459567,0.0,49.40070764033175,0.5519165028034434,0.0,282.9790707214866,92159.04412161406,1.13454455397551,337.2553168572209,0.0005067352257493134,-8.37039976062736e-05,141.738937928517,11396.45836441244
5.3349218749999725,798.3584432456386,141.34747707010933,141.3475016644314,19.5423000690429,-0.23416190350467608,-0.0007548556526675087,7.43566450469192e-07,5.042091796437757,0.5189999999999962,0.8737345873134494,1.1721694823834878,2.984348950700384,0.41912512024255066,0.0,49.10274622517019,0.5517837383839491,0.0,282.96067011890335,92127.41620273989,1.1342289441865712,337.2441660920554,0.0,0.0,141.34750166443146,11330.445951838725
5.354921874999972,801.181488247578,140.95721880979485,140.95724357822388,19.483585912166905,-0.2358313042579798,-0.0007651043099055451,9.117270331645899e-06,5.042091796437757,0.5189999999999962,0.8737345873134494,1.1721454703924459,2.9841088307899644,0.4179817049394048,0.0,48.80674507180417,0.5516517265579043,0.0,282.9423203263907,92095.87561887475,1.1339141650190288,337.2330461177928,-0.00046294095134833644,0.00015682569830208947,140.95724357822397,11264.838815998548
5.374921874999972,803.9967398014581,140.5681309793743,140.56815592720963,19.4252571946879,-0.23750436084183996,-0.0007747468229909856,1.6925134826932135e-05,5.042091796437757,0.5189999999999962,0.8737345873134494,1.1721219049091758,2.9838731759572634,0.4168416470968502,0.0,48.51268710522539,0.5515204615451214,0.0,282.9240211912905,92064.4221076216,1.133600214184826,337.22195684192206,-0.000434751837435867,0.0001857817744379267,140.56815592720972,11199.63369805055
5.394921874999971,806.8042212390044,140.1802059029035,140.1802310363175,19.3673107648649,-0.23918123433146624,-0.0007832395255990554,2.358773803131494e-05,5.042091796437757,0.5189999999999962,0.8737345873134494,1.1720991274973518,2.9836454018390235,0.415704924710328,0.0,48.22055544288386,0.5513899376255154,0.0,282.90577256194643,92033.05540830582,1.133287089410941,337.21089817253954,-0.0003398106011087995,0.0002186120531844656,140.18023103631762,11134.827373557591
5.414921874999971,809.6039557390981,139.79343597160295,139.79346129752537,19.309742880866786,-0.24086210623636714,-0.0007901915065424761,2.6548734457154573e-05,5.042091796437757,0.5189999999999962,0.8737345873134494,1.1720786482117829,2.9834406089833343,0.4145715159674311,0.0,47.93033332849729,0.5512601491384032,0.0,282.8875742876958,92001.77526196043,1.1329747884392574,337.1998700183437,-0.0001382863573295467,0.00024324897079149683,139.79346129752545,11070.416652073774
5.43492187499997,812.3959663291249,139.40781364517517,139.40783916947697,19.252550087900225,-0.2425471589106642,-0.0007954599010177386,2.5875264653930853e-05,5.042091796437757,0.5189999999999962,0.8737345873134494,1.1720604265714205,2.9832583925797107,0.413441399246846,0.0,47.642004258073875,0.5511310904818699,0.0,282.86942621886067,91970.581411311,1.1326633090264322,337.18887228862957,3.1871771833193936e-05,0.00023226733742638857,139.40783916947706,11006.398376764782
5.45492187499997,815.1802758863419,139.0233314507597,139.0233571757279,19.195729147473685,-0.24423649313454618,-0.0007991646918824817,2.1857529962576462e-05,5.042091796437757,0.5189999999999962,0.8737345873134494,1.1720442903417174,2.98309703028268,0.41231455311322596,0.0,47.35555195718707,0.5510027561116791,0.0,282.85132820673874,91939.47360076048,1.1323526489437634,337.17790489328365,0.00017049703614095243,0.00027836477979348973,139.02335717572805,10942.7694238163
5.4749218749999695,817.9569071391846,138.63998197852575,138.64000790372313,19.139276824509476,-0.24593009756257275,-0.0008016420959253595,1.4567186478681861e-05,5.042091796437757,0.5189999999999962,0.8737345873134494,1.1720301965207722,2.982956092073228,0.4111909563142328,0.0,47.07096036046062,0.5508751405404422,0.0,282.83328010359526,91908.45157637451,1.132042805977061,337.16696774277875,0.00032135139552120747,0.00032412525866170786,138.64000790372327,10879.526701965198
5.494921874999969,820.7258826685477,138.25775788363362,138.2577840037344,19.083190135205733,-0.24762783261533092,-0.0008034304313409729,6.493162823270205e-06,5.042091796437757,0.5189999999999962,0.8737345873134494,1.1720166731791704,2.982820858657209,0.41007058777745997,0.0,46.78821362293496,0.5507482383367843,0.0,282.8152817626544,91877.51508586714,1.131733777926523,337.15606074816856,0.0,0.0,138.25778400373449,10816.667152030272
5.514921874999969,823.4872249090362,137.87665188172906,137.87667818797559,19.02746623778011,-0.24932942223083293,-0.0008051973664090068,9.638701827755488e-06,5.042091796437757,0.5189999999999962,0.8737345873134494,1.1719966235088608,2.9826203619541136,0.4089534266078802,0.0,46.50729605417719,0.5506220441245794,0.0,282.79733303809127,91846.66387858683,1.1314255626066132,337.1451838210833,-0.0004821036754932129,0.00017146260561423795,137.87667818797567,10754.187746476427
5.534921874999968,826.2409561501595,137.49665674795946,137.49668323050471,18.97210229030034,-0.2510345263109595,-0.0008075968434923637,1.793144715844821e-05,5.042091796437757,0.5189999999999962,0.8737345873134494,1.1719736361302933,2.982390488168438,0.4078394520876257,0.0,46.22819205824764,0.550496552582455,0.0,282.77943378502397,91815.89770550314,1.1311181578459457,337.1343368737245,-0.0003547302185948688,2.6970327625362638e-05,137.49668323050483,10692.08548910646
5.554921874999968,828.9870985375285,137.11776531743945,137.11779196738968,18.917095194478087,-0.25274281054272146,-0.0008111589749022586,2.4757116755223792e-05,5.042091796437757,0.5189999999999962,0.8737345873134494,1.17195162036081,2.982170330473606,0.4067286436765503,0.0,45.950886179382785,0.55037175844339,0.0,282.76158385950606,91785.21631919335,1.1308115614871697,337.1235198188607,-0.00029138999084938965,-7.320223536601826e-05,137.11779196738985,10630.357414796656
5.574921874999967,831.7256740740565,136.7399704848908,136.73999729596724,18.86244188291371,-0.25445399551903664,-0.0008162747942129129,2.9105587966855708e-05,5.042091796437757,0.5189999999999962,0.8737345873134494,1.171931172516944,2.9819658520349446,0.4056209810101016,0.0,45.67536313212023,0.550247656494014,0.0,282.7437831185186,91754.61947382902,1.1305057713868512,337.11273256982224,-9.896559947849637e-05,-8.855003276289243e-05,136.73999729596733,10569.00058909432
5.594921874999967,834.4567046211614,136.36326520612718,136.36329217448673,18.808139336012776,-0.256167889865901,-0.0008231637343534098,2.9307269566729567e-05,5.042091796437757,0.5189999999999962,0.8737345873134494,1.1719132788518978,2.9817869153844834,0.4045164438983339,0.0,45.40160778038874,0.5501242415740404,0.0,282.72603141996245,91724.10692516259,1.1302007854153575,337.1019750404972,0.000110140981431302,-0.00011403050911238469,136.36329217448684,10508.01210787934
5.6149218749999665,837.1802118999492,135.98764249409686,135.98766962123688,18.754184493836792,-0.25788442855952487,-0.000831817800890817,2.582636054488515e-05,5.042091796437757,0.5189999999999962,0.8737345873134494,1.171897664278029,2.9816307696457955,0.40341501232338506,0.0,45.12960524150994,0.550001508575536,0.0,282.7083286226503,91693.6784305141,1.1298966014567415,337.09124714532607,0.0002852597442159715,-7.649370900121847e-05,135.98766962123696,10447.389096949662
5.634921874999966,839.8962174924069,135.61309542366604,135.61312271263134,18.70057449194491,-0.2596036593131176,-0.0008419860763442191,1.9341758890266922e-05,5.042091796437757,0.5189999999999962,0.8737345873134494,1.1718839268587848,2.981493395453354,0.40231666643386593,0.0,44.85934083462854,0.549879452441854,0.0,282.69067458629934,91663.33374875797,1.1295932174086252,337.0805487992974,0.0004224225853511074,-5.1334953102399975e-05,135.6131227126314,10387.128711452397
5.654921874999966,842.6047428425977,135.2396171274287,135.2396445826518,18.64730654354585,-0.26132567392926825,-0.0008532645869554272,1.0567581621847307e-05,5.042091796437757,0.5189999999999962,0.8737345873134494,1.171871643842383,2.9813705652893363,0.4012213865432738,0.0,44.590800052253094,0.5497580681670277,0.0,282.6730691715231,91633.07264030952,1.1292906311820832,337.069879917943,0.0005511671325503383,2.7647015605882202e-05,135.2396445826519,10327.228135529876
5.674921874999965,845.305809257794,134.8672007936845,134.86722842219137,18.594377923904077,-0.26305063024877723,-0.0008650862530906302,2.7432709946565396e-06,5.042091796437757,0.5189999999999962,0.8737345873134494,1.1718588992137335,2.981243119002841,0.40012915312810926,0.0,44.32396854304103,0.5496373507951363,0.0,282.6555122398243,91602.8948671124,1.1289888407015318,337.0592404173335,0.0,0.0,134.86722842219143,10267.684581954503
5.694921874999965,847.9994379090037,134.49583957330577,134.49586738218787,18.541796126451437,-0.26477873723013784,-0.0008768370820179173,9.677050879602649e-06,5.042091796437757,0.5189999999999962,0.8737345873134494,1.1718375273245671,2.981029400111177,0.39903994654054187,0.0,44.05888523313675,0.5495179592977284,0.0,282.63800365359145,91572.80019263265,1.1286878439046875,337.0486302140764,-0.0003972036775375669,0.00027860823498119375,134.49586738218792,10208.495277163416
5.714921874999964,850.68564982977,134.12552663383744,134.1255546299178,18.489549083652893,-0.26651017720844955,-0.0008879752238497472,1.637173159212766e-05,5.042091796437757,0.5189999999999962,0.8737345873134494,1.1718163948697993,2.9808180755634983,0.3979537471754435,0.0,43.79548899689435,0.5493993120979259,0.0,282.62054327610645,91542.78838187219,1.128387638742718,337.0380492253205,-0.0003505969125254996,0.00024805617230219364,134.12555462991787,10149.657469743555
5.734921874999964,853.3644659191531,133.75625533344493,133.75628352444036,18.43763235408654,-0.26824514488426815,-0.0008981111676235517,2.0707800103723083e-05,5.042091796437757,0.5189999999999962,0.8737345873134494,1.171796754312545,2.980621669990955,0.39687053599100436,0.0,43.53375865441418,0.5492813150866703,0.0,282.6031309715255,91512.85920133542,1.1280882231799232,337.02749736874443,-0.00022823894212517992,0.00021337583992219792,133.75628352444042,10091.168456736745
5.7549218749999635,856.0359069440525,133.38801909432001,133.3880474850807,18.386042986777785,-0.26998381873631194,-0.0009070069815829603,2.2418127221944528e-05,5.042091796437757,0.5189999999999962,0.8737345873134494,1.1717787628800507,2.9804417556660123,0.395790294118628,0.0,43.27368039662977,0.5491639635180523,0.0,282.58576660486364,91483.01241900332,1.1277895951934935,337.0169745625474,-8.539817322586659e-05,0.00018281145476815286,133.3880474850808,10033.02556329048
5.774921874999963,858.6999935403735,133.0208113929236,133.02083998574963,18.33477824938995,-0.27172626490875623,-0.0009146053018007759,2.0649009581857705e-05,5.042091796437757,0.5189999999999962,0.8737345873134494,1.1717629247107346,2.980283373972852,0.3947130028461391,0.0,43.01524056906509,0.549047252693312,0.0,282.56845004198755,91453.2478043204,1.1274917527733932,337.0064807254445,7.84722651908689e-05,0.00020429935169200637,133.0208399857497,9975.226141546003
5.794921874999963,861.3567462140792,132.65462575843364,132.65465455413994,18.283835734283528,-0.27347248560886683,-0.000921031506818016,1.6619939178892098e-05,5.042091796437757,0.5189999999999962,0.8737345873134494,1.171748518119014,2.980139308055645,0.39363864361546097,0.0,42.758425725704896,0.5489311779601943,0.0,282.55118114960845,91423.56512818298,1.1271946939222606,336.9960157766627,0.00014201365576098932,0.0002755762854458171,132.65465455414,9917.767570273547
5.814921874999962,864.0061853422234,132.28945577147059,132.28948477062065,18.233212780483882,-0.27522246949524254,-0.0009265837413436707,1.1072465223244299e-05,5.042091796437757,0.5189999999999962,0.8737345873134494,1.1717351040290767,2.980005167156272,0.3925671980193927,0.0,42.50322256214891,0.5488157347122157,0.0,282.5339597952755,91393.96416292759,1.1268984166553062,336.985579635937,0.00018846280653434525,0.00031938277097825406,132.2894847706207,9860.647254466678
5.834921874999962,866.6483311740217,131.92529506735758,131.92532426790606,18.182906750041074,-0.27697615978726126,-0.0009316686847893334,6.236256129132314e-06,5.042091796437757,0.5189999999999962,0.8737345873134494,1.1717213632509729,2.9798677593752343,0.39149864780068744,0.0,42.2496179175621,0.5487009183881855,0.0,282.51678584736885,91364.44468231905,1.1266029190002085,336.9751722235055,0.0,0.0,131.92532426790618,9803.86262505696
5.854921874999961,869.2832038318982,131.56213733135854,131.56216673035064,18.132915204107036,-0.27873344481556556,-0.000936735785877744,8.636055356799636e-06,5.042091796437757,0.5189999999999962,0.8737345873134494,1.171703436337735,2.9796884902428555,0.39043297485001655,0.0,41.99759876118865,0.5485867244716124,0.0,282.49965917509263,91335.00646153878,1.1263081989970134,336.96479346010614,-0.0003573960576825478,0.00017711531070946387,131.56216673035064,9747.411138576019
5.874921874999961,871.9108233125064,131.19997630087087,131.20000589376022,18.083235569987647,-0.2804941734649157,-0.0009422674077929333,1.5191753934461698e-05,5.042091796437757,0.5189999999999962,0.8737345873134494,1.1716831439957662,2.979485566823168,0.38937016120546997,0.0,41.747152180621214,0.5484731484902825,0.0,282.4825796484687,91305.64927717338,1.1260142546980327,336.954443266972,-0.0003685126349920534,3.7472717464268e-06,131.20000589376028,9691.290276897973
5.894921874999961,874.5312094877441,130.83880576333382,130.83883554495796,18.03386540671487,-0.282258171023141,-0.0009486976820368079,2.105914744313527e-05,5.042091796437757,0.5189999999999962,0.8737345873134494,1.1716633502768592,2.9792876296340975,0.38831018905132136,0.0,41.498265373563584,0.5483601860157619,0.0,282.4655471383296,91276.37290720323,1.1257210841677467,336.94412156582774,-0.0002623990860420726,-4.331206448722816e-05,130.838835544958,9635.497546947941
5.91492187499996,877.1443821057563,130.47861955557167,130.47864952163113,17.98480207601201,-0.28402526090920405,-0.0009563838734614544,2.5080911939979064e-05,5.042091796437757,0.5189999999999962,0.8737345873134494,1.1716447389381843,2.979101516247349,0.38725304071763295,0.0,41.25092566632859,0.5482478326629924,0.0,282.44856151631257,91247.17713099142,1.1254286854827067,336.9338282788854,-0.00013767903115575206,-4.007351599277168e-05,130.47864952163116,9580.030480455223
5.93492187499996,879.7503607919401,130.11941156549673,130.11944171174332,17.936043070162317,-0.2857952783037687,-0.0009655214545212804,2.6537336522869338e-05,5.042091796437757,0.5189999999999962,0.8737345873134494,1.1716277349365658,2.9789314762311636,0.38619869867856516,0.0,41.005120520640396,0.548136084089756,0.0,282.4316226548524,91218.06172927239,1.1251370567314367,336.92356332884054,-1.3738626369798287e-05,-7.267311652278373e-05,130.11944171174335,9524.886633644941
5.954921874999959,882.3491650499262,129.76117572949718,129.76120605271052,17.887586129668072,-0.2875680916565845,-0.0009761643128971142,2.509606834771001e-05,5.042091796437757,0.5189999999999962,0.8737345873134494,1.1716125342306873,2.978779469172379,0.385147145549987,0.0,40.76083754987784,0.5480249359960692,0.0,282.41473042717547,91189.02648414107,1.1248461960143383,336.91332663886834,0.0001810003610303312,-8.771874387100078e-05,129.76120605271055,9470.063586898797
5.974921874999959,884.9408142625471,129.40390603006867,129.40393653106557,17.83942876856637,-0.28934362818272374,-0.0009882053116532096,2.0328832359359035e-05,5.042091796437757,0.5189999999999962,0.8737345873134494,1.1715993895855479,2.9786480227209844,0.3840983640885346,0.0,40.51806451801182,0.5479143841237368,0.0,282.39788470729343,91160.07117904194,1.1245561014435956,336.90311813261985,0.0003374079243622374,-0.00011608504402827038,129.4039365310656,9415.558944490926
5.994921874999958,887.5253276927716,129.04759649926422,129.04762718127387,17.791568732406446,-0.2911219277873754,-0.001001357132969776,1.3118930184685423e-05,5.042091796437757,0.5189999999999962,0.8737345873134494,1.1715877781205388,2.978531908070894,0.3830523371881491,0.0,40.27678936300687,0.5478044242556466,0.0,282.381085369997,91131.19559875876,1.1242667711430856,336.8929377342182,0.00045459199363134654,-0.00011169859525819332,129.04762718127387,9361.370334203322
6.014921874999958,890.1027244846913,128.69224121717127,128.69227208505194,17.744003553115455,-0.2929030885253329,-0.0010152097489364755,4.499089711219918e-06,5.042091796437757,0.5189999999999962,0.8737345873134494,1.1715770885499968,2.978425012365473,0.3820090478781078,0.0,40.03700014717521,0.5476950522152271,0.0,282.36433229084946,91102.39952940334,1.1239782032482821,336.88278536825476,0.0,0.0,128.69227208505194,9307.495407018918
6.034921874999958,892.6730236644906,128.337834312739,128.3378653709487,17.696730730823486,-0.2946872227527131,-0.0010292841581730804,4.372037261392195e-06,5.042091796437757,0.5189999999999962,0.8737345873134494,1.1715614628172084,2.9782687550375897,0.3809684793218324,0.0,39.798685035805946,0.5475862638659932,0.0,282.3476253461808,91073.68275840492,1.1236903959061593,336.87266095978555,0.0,0.0,128.33786537094872,9253.931836856007
6.054921874999957,895.236244141409,127.98436996238789,127.98440121426667,17.64974803718618,-0.2964744182494642,-0.0010430973755312324,1.2134532597360187e-05,5.042091796437757,0.5189999999999962,0.8737345873134494,1.171541256785711,2.9780666947226164,0.3799306148167077,0.0,39.561832284149006,0.5474780551112022,0.0,282.33096441308084,91045.04507449921,1.1234033472750993,336.862564434327,-0.0003967538342395147,0.00020353155201122282,127.98440121426667,9200.677320354453
6.074921874999957,897.792404708671,127.63184238809968,127.63187383681905,17.603053091451084,-0.2982647414035602,-0.0010562097829738964,1.8155161661150878e-05,5.042091796437757,0.5189999999999962,0.8737345873134494,1.1715221667609783,2.9778757944752887,0.37889543779341156,0.0,39.32643024880604,0.5473704218934607,0.0,282.3143493693936,91016.48626771821,1.1231170555248013,336.85249571785255,-0.0002687729990906312,0.00016746469478047597,127.63187383681904,9147.72957664027
6.094921874999956,900.341524044411,127.28024585895092,127.28027750667286,17.55664343021305,-0.30005824176732654,-0.0010682874488435828,2.1954387044734123e-05,5.042091796437757,0.5189999999999962,0.8737345873134494,1.1715044757473998,2.9776988843395036,0.37786293181520275,0.0,39.09246740468571,0.5472633601943306,0.0,282.2977800937113,90988.00612937966,1.1228315188361897,336.842454736789,-0.00017002625398003315,0.00015723709341219355,127.28027750667283,9095.086347090491
6.114921874999956,902.8836207126083,126.92957468991992,126.9296065374935,17.510516859832858,-0.3018549294077608,-0.0010791294661294506,2.2952156572783706e-05,5.042091796437757,0.5189999999999962,0.8737345873134494,1.1714885262442378,2.977539389307884,0.37683308057602544,0.0,38.85993234971854,0.5471568660338179,0.0,282.281256465368,90959.60445207679,1.1225467354013252,336.832441418013,4.126151297150773e-06,0.00016217923145619626,126.92960653749346,9042.745395043636
6.1349218749999554,905.4187131639756,126.57982323988008,126.57985528822422,17.46467110867219,-0.30365480357322805,-0.0010886913790901988,2.079099701067702e-05,5.042091796437757,0.5189999999999962,0.8737345873134494,1.1714745291712996,2.9773994185785013,0.3758058678996073,0.0,38.62881381883524,0.5470509354699671,0.0,282.26477836443416,90931.28102966826,1.122262703423317,336.82245568884707,0.0001236942793345296,0.00014689657009362745,126.5798552882242,8990.704505561029
6.154921874999955,907.9468197368664,126.23098591310816,126.23101816199468,17.419103964780817,-0.305457836437457,-0.001097100979846882,1.6193325731194034e-05,5.042091796437757,0.5189999999999962,0.8737345873134494,1.1714620567366325,2.9772746942318307,0.37478127773626757,0.0,38.39910070106106,0.5469455645982267,0.0,282.24834567171035,90903.03565726808,1.1219794211162342,336.81249747705647,0.00024435404084672055,0.00015338117655309507,126.23101816199463,8938.961485081392
6.174921874999955,910.467958658145,125.88305715714533,125.8830896055624,17.373813437078987,-0.30726398501620106,-0.001104620094548512,1.0275914659827244e-05,5.042091796437757,0.5189999999999962,0.8737345873134494,1.1714504478532766,2.9771586053982713,0.37375929416130754,0.0,38.17078200935352,0.5468407495509827,0.0,282.23195826872205,90874.86813123585,1.121696886705021,336.80256671084555,0.00029045763310099024,0.0001466556305963936,125.88308960556233,8887.51416115511
6.194921874999954,912.9821480440536,125.53603146120724,125.53606410883225,17.328797338241124,-0.30907319151082374,-0.0011115678248642873,3.730115150210305e-06,5.042091796437757,0.5189999999999962,0.8737345873134494,1.1714392930069735,2.9770470569352403,0.3727399013736305,0.0,37.94384685463345,0.5467364864971209,0.0,282.21561603771363,90846.77824916715,1.1214150984254136,336.79266331885447,0.0,0.0,125.53606410883215,8836.36038219239
6.214921874999954,915.4894059010433,125.18990335813521,125.18993620464374,17.2840535146059,-0.3108854254584607,-0.0011183163440638734,3.5493865314508543e-06,5.042091796437757,0.5189999999999962,0.8737345873134494,1.171424454348121,2.976898670346715,0.3717230836951576,0.0,37.71828444929624,0.5466327716416746,0.0,282.1993188616432,90818.7658098842,1.1211340545238584,336.7827872301558,0.0,0.0,125.18993620464366,8785.498017251839
6.234921874999953,917.9897501266898,124.84466742650477,124.84470046834457,17.239579807963587,-0.3127005983416096,-0.0011252380752314328,1.0252312947237688e-05,5.042091796437757,0.5189999999999962,0.8737345873134494,1.171405624205768,2.9767103689231855,0.37070882556960777,0.0,37.49408410772039,0.5465296012254109,0.0,282.1830666241765,90790.83061342557,1.1208537532574214,336.772938374251,-0.0002696989083202526,-0.00013178222782464505,124.84470046834448,8734.924955801029
6.254921874999953,920.483198510532,124.50031828391671,124.50035151755152,17.19537420247413,-0.3145185776034308,-0.001132674621813537,1.534019361144224e-05,5.042091796437757,0.5189999999999962,0.8737345873134494,1.1713878298348785,2.976532425214291,0.36969711156183427,0.0,37.27123523092233,0.5464269715244783,0.0,282.16685920968155,90762.97246103694,1.120574192893709,336.763116681067,-0.0001519025784952364,-0.0001543317825810025,124.50035151755144,8684.6391075059
6.2749218749999525,922.9697687348631,124.15685058862857,124.15688401196539,17.15143469588066,-0.3163392582411768,-0.0011408796677290596,1.8277499727737088e-05,5.042091796437757,0.5189999999999962,0.8737345873134494,1.1713713874798446,2.9763680016639515,0.3686879263573197,0.0,37.04972732365506,0.5463248788500721,0.0,282.15069650322334,90735.19115516219,1.1202953717107897,336.75332208095335,-5.7382977715657656e-05,-0.0001679845296475447,124.15688401196529,8634.638402029697
6.294921874999952,925.4494783755554,123.81425904017033,123.8142926528112,17.10775915934934,-0.3181625799014695,-0.0011499883303248935,1.8508639883965082e-05,5.042091796437757,0.5189999999999962,0.8737345873134494,1.1713566252912182,2.9762203797776876,0.3676812547605595,0.0,36.829550001939474,0.5462233195479913,0.0,282.1345783905589,90707.48649943416,1.1200172879971133,336.7435545046787,8.724245733553323e-05,-0.0001440052616834996,123.81429265281112,8584.920788781848
6.314921874999952,927.922344902887,123.47253837938716,123.47257218242339,17.064345582273077,-0.3199885241726227,-0.0011600121904329426,1.6300760212804054e-05,5.042091796437757,0.5189999999999962,0.8737345873134494,1.1713433847375665,2.9760879742411706,0.3666770816938739,0.0,36.610693011554474,0.5461222899982434,0.0,282.1185047581312,90679.85829866548,1.1197399400514327,336.7338138834275,0.00018571807367651132,-0.00013787657413378272,123.47257218242328,8535.484236689688
6.334921874999951,930.3883856823576,123.13168338782647,123.1317173834769,17.021191929594412,-0.3218171130175573,-0.0011708390776905316,1.2060517883475524e-05,5.042091796437757,0.5189999999999962,0.8737345873134494,1.1713314247862234,2.97596837472774,0.3656753921951689,0.0,36.39314621590738,0.5460217866145476,0.0,282.1024754930647,90652.3063588394,1.1194633261827218,336.7241001487972,0.0003193221899071306,-0.0001312133332191872,123.13171738347677,8486.326733923825
6.354921874999951,932.8476179754974,122.79168888659319,122.79172307852335,16.97829626800563,-0.3236483996793378,-0.0011822386628695875,5.9757929634961e-06,5.042091796437757,0.5189999999999962,0.8737345873134494,1.1713206338541033,2.975860465406539,0.36467617141660225,0.0,36.17689958502642,0.5459218058439343,0.0,282.08649048315925,90624.83048710079,1.1191874447100985,336.7144132327945,0.0,0.0,122.79172307852322,8437.4462876687
6.37492187499995,935.3000589406569,122.452549736989,122.4525841294855,16.935656606146807,-0.3254824713030565,-0.001193905552378973,1.00778570287893e-06,5.042091796437757,0.5189999999999962,0.8737345873134494,1.171309259361454,2.975746720480046,0.3636794046231239,0.0,35.96194319361985,0.545822344166336,0.0,282.0705496168857,90597.43049174726,1.1189122939627456,336.70475306783277,0.0,0.0,122.45258412948537,8388.840923889924
6.39492187499995,937.7457256338145,122.11426083963869,122.11429543744383,16.893270934484665,-0.3273194164642483,-0.0012055261875532034,6.9073753686516705e-06,5.042091796437757,0.5189999999999962,0.8737345873134494,1.171291531233385,2.975569439199355,0.3626850771918854,0.0,35.74826719468498,0.5457233980942682,0.0,282.05465278338016,90570.10618222025,1.1186378722798351,336.6951195867284,0.0,0.0,122.11429543744369,8340.508687144125
6.4149218749999495,940.1846350093526,121.77681713521635,121.77685194238956,16.851137330315186,-0.32915933195332175,-0.0012167804900930785,1.274167788730304e-05,5.042091796437757,0.5189999999999962,0.8737345873134494,1.1712739176277474,2.975393303142979,0.36169317461154804,0.0,35.53586183296373,0.5456249641725044,0.0,282.0387998724392,90542.8573690962,1.1183641780104496,336.68551272269815,-0.0003217394524258153,0.0001948632636508263,121.77685194238944,8292.447640386028
6.434921874999949,942.6168039208493,121.44021360179339,121.44024862286886,16.80925377526922,-0.33100230049332163,-0.00122739430251582,1.7219489420643284e-05,5.042091796437757,0.5189999999999962,0.8737345873134494,1.1712571820113067,2.9752259469785725,0.3607036824812669,0.0,35.324717438485905,0.5455270389777214,0.0,282.0229907745145,90515.68386407783,1.1180912095135058,336.6759324093558,-0.00024165050906174067,0.0001463194400633439,121.44024862286875,8244.655864762623
6.454921874999949,945.0422491218472,121.10444525824019,121.1044804957882,16.767618324795176,-0.3328483898634877,-0.001237150899215532,2.0129919036932843e-05,5.042091796437757,0.5189999999999962,0.8737345873134494,1.1712414486533187,2.9750686133986926,0.3597165865101546,0.0,35.11482443965391,0.5454296191181939,0.0,282.00722538070795,90488.58547998554,1.1178189651576813,336.666378580709,-0.00016915937836190113,0.0001938602266815435,121.10448049578807,8197.131459431366
6.474921874999948,947.4609872666265,120.7695071588122,120.76954261589788,16.726229218154877,-0.33469764009899866,-0.0012459247955616543,2.1164417779221573e-05,5.042091796437757,0.5189999999999962,0.8737345873134494,1.1712268996150283,2.974923123015789,0.35873187251578725,0.0,34.90617336230198,0.5453327012334005,0.0,281.9915035827669,90461.5620307487,1.1175474433213357,336.65685117115675,-7.091621870983849e-05,0.0002081164925314522,120.76954261589776,8149.872541336594
6.494921874999948,949.8730349109339,120.43539439671358,120.4354300754224,16.685084311284278,-0.33655009445620626,-0.0012536874973325515,1.9780257356824677e-05,5.042091796437757,0.5189999999999962,0.8737345873134494,1.1712138555625464,2.97479268249097,0.35774952642314667,0.0,34.6987548294322,0.545236281993674,0.0,281.9758252730789,90434.61333139756,1.1172766423924425,336.6473501154858,3.685340893766722e-05,0.00014132338139627052,120.43543007542229,8102.877245008235
6.514921874999947,952.2784085127788,120.10210210409574,120.10213800352898,16.644181793737136,-0.33840573393042545,-0.00126050913006143,1.6894099089987024e-05,5.042091796437757,0.5189999999999962,0.8737345873134494,1.171201773673686,2.974671863602365,0.35676953426308106,0.0,34.49255958687463,0.5451403580998091,0.0,281.9601903446669,90407.73919805436,1.1170065607685102,336.63787534886814,0.00010233452945475108,0.00010504086434007874,120.10213800352882,8056.143722340885
6.534921874999947,954.6771244331688,119.76962544917784,119.7696615657929,16.603519907185568,-0.3402644739333428,-0.0012665258318917162,1.2515910988999402e-05,5.042091796437757,0.5189999999999962,0.8737345873134494,1.1711906476310912,2.974560603176417,0.35579188217075686,0.0,34.287578463473864,0.5450449262826735,0.0,281.94459869118435,90380.93944792508,1.1167371968565099,336.62842680685776,0.00020843504666785714,4.499677603058016e-05,119.76966156579279,8009.670142374972
6.5549218749999465,957.069198936839,119.43795963583372,119.43799596384693,16.563096901097055,-0.34212616097941745,-0.0012719316363338764,7.2193780820271734e-06,5.042091796437757,0.5189999999999962,0.8737345873134494,1.1711801375212474,2.9744555020779795,0.35481655638465437,0.0,34.08380238587198,0.5449499833028761,0.0,281.9290502069105,90354.2138992913,1.1164685490728035,336.61900442538774,0.0,0.0,119.4379959638468,7963.454691104865
6.574921874999946,959.45464819295,119.107099902403,119.10713643500056,16.522911174460805,-0.34399059776370333,-0.0012769823745674039,5.280017833949252e-06,5.042091796437757,0.5189999999999962,0.8737345873134494,1.1711677127417657,2.9743312542831624,0.3538435432454756,0.0,33.88122237304165,0.5448555259504289,0.0,281.9135447867458,90327.56237150244,1.1162006158430795,336.60960814076793,0.0,0.0,119.10713643500043,7917.495571285122
6.594921874999946,961.8334882757596,118.77704152047606,118.77707825192797,16.482961134868237,-0.3458575933717421,-0.001281993972977919,1.0156690934323912e-05,5.042091796437757,0.5189999999999962,0.8737345873134494,1.1711513257361046,2.9741673842265515,0.3528728291952548,0.0,33.679829519404585,0.5447615510444329,0.0,281.89808232620754,90300.98468496819,1.1159333956022834,336.6002378896818,-0.0001888128711681307,-0.0003154600953266934,118.77707825192782,7871.791002247766
6.614921874999945,964.205735165299,118.44777979612351,118.44781672247099,16.44324499145161,-0.3477269995544316,-0.0012873056409929112,1.627120831877409e-05,5.042091796437757,0.5189999999999962,0.8737345873134494,1.171134277087131,2.9739968977368147,0.35190440077681,0.0,33.47961499574239,0.5446680554328,0.0,281.88266272142556,90274.48066115103,1.1156668867945558,336.5908936091839,-0.0002037142528826892,-0.00024185833941984592,118.44781672247088,7826.339219736719
6.634921874999945,966.5714047480774,118.11931007118855,118.11934718949006,16.403760917418538,-0.3495987067648451,-0.0012932325475012473,2.0966865763909608e-05,5.042091796437757,0.5189999999999962,0.8737345873134494,1.1711181384644518,2.9738355115100235,0.3509382446333368,0.0,33.280570039274885,0.5445750359919896,0.0,281.86728586913745,90248.05012255827,1.1154010878731624,336.5815752366973,-0.00011746559120767616,-0.00020196279051352847,118.11934718948993,7781.138475750011
6.654921874999944,968.9305128177866,117.79162772095552,117.79166503039357,16.364507352007543,-0.35147263594977346,-0.001300000134511903,2.3853626923306867e-05,5.042091796437757,0.5189999999999962,0.8737345873134494,1.1711031402011434,2.9736855288769393,0.3499743475070473,0.0,33.082686388124934,0.544482496372688,0.0,281.8519516666844,90221.69289273428,1.1151359973004238,336.57228271001077,-4.458916117636048e-05,-0.00024089743949964784,117.79166503039347,7736.187038341275
6.674921874999944,971.2830750757383,117.46472812328797,117.46476562575047,16.32548545607512,-0.3533487755919264,-0.001307758319644637,2.4564056896974844e-05,5.042091796437757,0.5189999999999962,0.8737345873134494,1.1710894992882155,2.9735491197476605,0.34901269614594616,0.0,32.885969895534515,0.5443906728993129,0.0,281.83666001200766,90195.4087962555,1.11487161354768,336.56301596727667,7.587112214762801e-05,-0.00027121746734900696,117.46476562575036,7691.48318737475
6.6949218749999435,973.629107130974,117.13860669277257,117.13864439323983,16.286690557877947,-0.35522718704069356,-0.001316570603580807,2.2695926280536155e-05,5.042091796437757,0.5189999999999962,0.8737345873134494,1.1710774533491761,2.973428660357267,0.34805327740472586,0.0,32.690396976750144,0.5442993157903179,0.0,281.82141080364863,90169.19765872932,1.1146079350952842,336.5537749470111,0.0001900797669799635,-0.00029739713362534004,117.13864439323973,7647.0252188865625
6.714921874999943,975.9686245015574,116.81325890734912,116.81329681329746,16.248120885430293,-0.35710800561647604,-0.0013263919058387479,1.8468827646160062e-05,5.042091796437757,0.5189999999999962,0.8737345873134494,1.171066872069072,2.9733228475562257,0.3470960783210112,0.0,32.49595924704168,0.544208422037038,0.0,281.80620394073986,90143.05930677951,1.1143449604324709,336.54455958808836,0.0002871418639398787,-0.000330466748455396,116.81329681329734,7602.811448284636
6.734921874999943,978.3016426154594,116.4886802794764,116.48871839934871,16.20977479652059,-0.35899140553873077,-0.0013370554005173263,1.2550900528409617e-05,5.042091796437757,0.5189999999999962,0.8737345873134494,1.1710573596883656,2.973227723749161,0.3461410860269557,0.0,32.302648415736,0.5441179886576917,0.0,281.7910393229995,90116.99356803646,1.1140826880572638,336.5353698297377,0.0002800535372004242,-0.0004146566994334439,116.48871839934858,7558.840206298175
6.754921874999942,980.6281768112257,116.16486635445466,116.16490469726621,16.17165064731789,-0.360877582579454,-0.0013482927105934557,7.396306602638528e-06,5.042091796437757,0.5189999999999962,0.8737345873134494,1.1710474633499026,2.9731287603645318,0.34518828774766425,0.0,32.110456276538514,0.5440280126970252,0.0,281.775916850727,90091.00027112965,1.1138211164764134,336.5262056115406,0.0,0.0,116.1649046972661,7515.109838779983
6.774921874999942,982.948242338646,115.8418127109009,115.84185128519094,16.133746729757416,-0.3627667262369848,-0.0013597612079767638,9.535625511517795e-06,5.042091796437757,0.5189999999999962,0.8737345873134494,1.1710333172749672,2.9729872996151774,0.34423767080069567,0.0,31.919374691466324,0.5439384912260632,0.0,281.76083642479875,90065.0792456802,1.1135602442053285,336.51706687342806,-0.0004687050152093926,-0.00029987633748193663,115.84185128519083,7471.618706557885
6.794921874999941,985.2618543594208,115.51951496116595,115.51955377332676,16.09606142312047,-0.36465899066411467,-0.0013710629680849119,1.66979196977474e-05,5.042091796437757,0.5189999999999962,0.8737345873134494,1.1710162650065208,2.9728167769307134,0.3432892225954858,0.0,31.7293955858733,0.5438494213418532,0.0,281.74579794666374,90039.2303222934,1.113300069768013,336.5079535556782,-0.000510450073569517,-7.089095392101953e-05,115.5195537733266,7428.365185284148
6.814921874999941,987.5690279478055,115.19796874836943,115.19800780378773,16.05859318966381,-0.36655448970048965,-0.0013818073899652507,2.403491246833445e-05,5.042091796437757,0.5189999999999962,0.8737345873134494,1.1709991756246638,2.972645883112144,0.34234293063292737,0.0,31.54051094559478,0.5437608001672278,0.0,281.7308013183392,90013.45333255151,1.113040591697002,336.49886559891354,-0.0004508186810098653,2.2123034190823083e-05,115.1980078037876,7385.347665293117
6.8349218749999405,989.8697780912381,114.87716974817342,114.87720905059413,16.02134033199142,-0.36845330843922103,-0.0013916481230220735,2.947926136360391e-05,5.042091796437757,0.5189999999999962,0.8737345873134494,1.1709832722446385,2.9724868493118906,0.34139878250539046,0.0,31.35271280889546,0.5436726248506097,0.0,281.7158464424069,89987.74810900679,1.112781808533301,336.48980294409864,-0.0003350710065655419,8.933175827836743e-05,114.87720905059403,7342.56455147913
6.85492187499994,992.1641196909878,114.55711366727238,114.55715321944145,15.984301231331017,-0.3703554903198122,-0.0014003391784351126,3.1957686342261886e-05,5.042091796437757,0.5189999999999962,0.8737345873134494,1.170969189631948,2.9723460231849863,0.3404567658960698,0.0,31.165993286950357,0.5435848925657552,0.0,281.70093322200853,89962.1144851742,1.1125237188263233,336.48076553253713,-0.0001563984730258486,0.00012766372484095744,114.55715321944136,7300.014263146477
6.87492187499994,994.4520675627795,114.2377962447426,114.23783604742668,15.947474228991187,-0.3722610440771459,-0.0014077640707479179,3.126784547632787e-05,5.042091796437757,0.5189999999999962,0.8737345873134494,1.1709570471536277,2.9722245984017825,0.33951686857820285,0.0,30.98034459091282,0.5434976005114873,0.0,281.6860615608419,89936.55229552447,1.112266321133827,336.47175330587015,-6.1042453709091255e-06,0.0001305656056643718,114.23783604742661,7257.69523385536
6.894921874999939,996.7336364374331,113.9192132512316,113.91925330230217,15.910857863081196,-0.3741699229601646,-0.0014139444012884982,2.8124559168886673e-05,5.042091796437757,0.5189999999999962,0.8737345873134494,1.1709464213897793,2.972118340763299,0.33857907841288476,0.0,30.795759041033453,0.5434107459113034,0.0,281.67123136315666,89911.0613754769,1.1120096140218545,336.46276620607296,0.00011403176899628276,0.00011596683426304559,113.91925330230208,7215.605911209554
6.914921874999939,999.0088409614804,113.60136048657724,113.60140078195272,15.874450665273988,-0.3760820154964177,-0.0014190040257694757,2.236347585916827e-05,5.042091796437757,0.5189999999999962,0.8737345873134494,1.1709374093270841,2.972028220136347,0.33764338334754634,0.0,30.612229025985823,0.5433243260130471,0.0,281.65644253375035,89885.64156139255,1.1117535960646707,336.4538041754527,0.0002512423060946006,0.00012615268060745216,113.60140078195268,7173.744756674897
6.934921874999938,1001.2776956970474,113.28423355736658,113.28427409175035,15.838297241300904,-0.37799717604770594,-0.0014231668352172099,1.5018212025342703e-05,5.042091796437757,0.5189999999999962,0.8737345873134494,1.1709293988787557,2.9719481156530625,0.3367097707542227,0.0,30.429978564014675,0.5432383380278618,0.0,281.64169497796917,89860.9767773391,1.1115067274380965,336.4448671566493,0.0002958091920080568,0.00015960536196355467,113.2842740917503,7132.1645126276535
6.954921874999938,1003.5402151061827,112.96782704023451,112.96786780843834,15.802384801217634,-0.37991524576965663,-0.0014267239833775645,6.975144261915356e-06,5.042091796437757,0.5189999999999962,0.8737345873134494,1.1709218650120061,2.971872776985567,0.3357782249442177,0.0,30.248942748428885,0.5431527789029029,0.0,281.6269886018098,89836.91005613253,1.111267068401958,336.43595509269676,0.0,0.0,112.96786780843826,7090.850230457603
6.9749218749999375,1005.7964135538223,112.6521367290527,112.65217772551536,15.766676041719258,-0.3818360695398359,-0.0014300040075157403,1.6953304592763895e-06,5.042091796437757,0.5189999999999962,0.8737345873134494,1.1709127584872163,2.971781711737669,0.3348487338419373,0.0,30.068933464930236,0.5430676459355781,0.0,281.6123233119001,89812.91057183781,1.1110280539921462,336.4270679270115,0.0,0.0,112.65217772551523,7049.758062548313
6.994921874999937,1008.04630532345,112.3371585653143,112.33719978477897,15.731169556063783,-0.38375949449979185,-0.0014333557852567677,1.0212721478857236e-05,5.042091796437757,0.5189999999999962,0.8737345873134494,1.1708955469775693,2.971609596641198,0.33392128580946984,0.0,29.88994345945334,0.5429829364792303,0.0,281.59769901539755,89788.97817251962,1.1107896829006119,336.41820560333093,-0.0003620592633805033,-0.00015538540819079957,112.33719978477886,7008.886542303184
7.014921874999937,1010.2899046176695,112.02288851894927,112.02292995670527,15.69586393743161,-0.3856853734107494,-0.0014371259670151561,1.8279048598646716e-05,5.042091796437757,0.5189999999999962,0.8737345873134494,1.1708786645225875,2.9714407720913805,0.33299586929108255,0.0,29.711965535424635,0.5428986479101753,0.0,281.5831156199851,89765.11270710296,1.110551953826728,336.40936806571096,-0.0003329879787576732,-0.00016176133318503648,112.02292995670517,6968.23421607651
7.034921874999936,1012.5272255587638,111.70932258797853,111.70936424036339,15.660757754937,-0.38761357890786124,-0.0014416347528335425,2.4536362608934517e-05,5.042091796437757,0.5189999999999962,0.8737345873134494,1.1708629145613054,2.97128327247856,0.3320724728129969,0.0,29.53499254235315,0.5428147776275087,0.0,281.568573033868,89741.31402536722,1.1103148654772383,336.40055525852404,-0.00021649643493537393,-0.00018001159562692403,111.70936424036329,6927.799643058042
7.054921874999936,1014.7582821892528,111.39645679845285,111.39649866327808,15.625849620556906,-0.3895440190865173,-0.0014471278063225234,2.8478984506155806e-05,5.042091796437757,0.5189999999999962,0.8737345873134494,1.1708485959979582,2.9711400868450877,0.33115108498300955,0.0,29.359017395237363,0.5427313230529015,0.0,281.5540711657698,89717.58197794024,1.1100784165662052,336.3917671264565,-0.00010218426369596994,-0.00020714102713696614,111.39649866327795,6887.581395152073
7.074921874999935,1016.9830884724503,111.0842872035066,111.08432928116012,15.5911381695977,-0.3914766474980123,-0.0014537623353484742,2.94834113307523e-05,5.042091796437757,0.5189999999999962,0.8737345873134494,1.1708360775263598,2.9710149021291032,0.33023169448971934,0.0,29.184033077351735,0.5426482816303604,0.0,281.53960992492904,89693.91641629238,1.1098426058149604,336.383003614507,5.31161921663467e-05,-0.00023388343870446782,111.08432928116004,6847.578056841324
7.094921874999935,1019.2016582930099,110.77280988380778,110.77285217755617,15.556621948931282,-0.39341147995005854,-0.001461583689506398,2.7473025638358193e-05,5.042091796437757,0.5189999999999962,0.8737345873134494,1.170825404173012,2.970908168595625,0.32931429010151464,0.0,29.010032658646484,0.542565650825969,0.0,281.5251892210954,89670.31719273076,1.1096074319520528,336.3742646679838,0.00018380994904764622,-0.0002555266599669168,110.77285217755609,6807.788225042234
7.114921874999935,1021.4140054574791,110.4620209482541,110.46206346328634,15.52229960448848,-0.3953485902994676,-0.0014705215901233213,2.294866390744368e-05,5.042091796437757,0.5189999999999962,0.8737345873134494,1.1708162791846313,2.9708169187118183,0.3283988606649299,0.0,28.837009297472086,0.5424834281275763,0.0,281.51080896452635,89646.78416039325,1.1093728937132,336.365550232503,0.0002917098463244351,-0.00029145191006530987,110.46206346328623,6768.21050893586
7.134921874999934,1023.6201436948561,110.1519165332196,110.1519592759912,15.48816974464481,-0.39728809105561513,-0.001480400543789605,1.6687018640995507e-05,5.042091796437757,0.5189999999999962,0.8737345873134494,1.1708082425036654,2.97073655190216,0.32748539510332686,0.0,28.664956225391307,0.5424016110445162,0.0,281.49646906598343,89623.31717324266,1.109138989841235,336.35686025398593,0.0003410995342196952,-0.00030566608563602747,110.15195927599108,6728.843529814049
7.154921874999934,1025.8200866571528,109.84249280342141,109.8425357798471,15.454230967357528,-0.3992300991471784,-0.0014909680270795644,9.249721022382425e-06,5.042091796437757,0.5189999999999962,0.8737345873134494,1.1708009613802113,2.9706637406676184,0.32657388241607505,0.0,28.493866730809973,0.5423201971073751,0.0,281.4821694367285,89599.91608606074,1.1089057190860563,336.3481946786575,0.00034243593582573465,-0.0003645792642174721,109.84253577984701,6689.685920947854
7.174921874999933,1028.0138479199454,109.53374595020831,109.53378916539579,15.420481971913079,-0.4011747122492534,-0.0015019028946501218,3.892769721898898e-06,5.042091796437757,0.5189999999999962,0.8737345873134494,1.170792507796933,2.9705792048348356,0.3256643116780727,0.0,28.323734161403507,0.5422391838677921,0.0,281.4679099885203,89576.58075444227,1.108673080204575,336.3395534530433,0.0,0.0,109.53378916539569,6650.736327471155
7.194921874999933,1030.2014409829005,109.22567219144491,109.22571564933035,15.386921456874052,-0.4031220066459845,-0.001512846967487555,1.0003030863294183e-05,5.042091796437757,0.5189999999999962,0.8737345873134494,1.1707773236908652,2.9704273637741574,0.3247566720391371,0.0,28.154551915957217,0.54215856889825,0.0,281.45369063361113,89553.31103478948,1.108441071960668,336.3309365239684,-0.0005069251669062039,-1.5529256596887286e-05,109.22571564933024,6611.993406260137
7.214921874999932,1032.3828792703014,108.91826777092022,108.91831147445174,15.353548165959738,-0.4050720333008257,-0.0015234405127476241,1.7388697428894035e-05,5.042091796437757,0.5189999999999962,0.8737345873134494,1.1707614427080617,2.9702685539461227,0.32385095272390224,0.0,27.98631343369089,0.542078349791911,0.0,281.439511284743,89530.10678430648,1.1082096931251297,336.3223438385543,-0.00042489028662832267,0.00010454603198044155,108.91831147445164,6573.455825834452
7.234921874999932,1034.5581761315575,108.6115289574917,108.6115729096277,15.320360778617086,-0.40702483148134166,-0.001533372477883197,2.3639005051107138e-05,5.042091796437757,0.5189999999999962,0.8737345873134494,1.1707462917653289,2.970117044518794,0.3229471430317223,0.0,27.81901220719922,0.5419985241624565,0.0,281.4253718551449,89506.96786099381,1.107978942475624,336.3137753442178,-0.0003502780998917635,0.00012676625864821547,108.61157290962761,6535.122266259477
7.254921874999932,1036.7273448417232,108.30545204652236,108.3054962495237,15.287357938147212,-0.4089804295560229,-0.0015423967240930161,2.8005137848435073e-05,5.042091796437757,0.5189999999999962,0.8737345873134494,1.1707323137886378,2.969977264751884,0.32204523233589816,0.0,27.652641782980922,0.5419190896438671,0.0,281.41127225852875,89483.89412364297,1.1077488187966391,336.3052309886684,-0.00023190903848799847,0.0001505217915264301,108.30549624952361,6496.99141902199
7.274921874999931,1038.8903986020125,108.00003335919612,108.00007781455807,15.254538301341858,-0.4109388442605771,-0.0015503413565664927,2.980705313200485e-05,5.042091796437757,0.5189999999999962,0.8737345873134494,1.1707199110312996,2.9698532371785014,0.32114521008357005,0.0,27.487195765698704,0.5418400438902627,0.0,281.3972124090869,89460.88543183086,1.1075193208794385,336.2967107199066,-0.00011024471769441437,0.00011926778830921002,108.000077814558,6459.0619869338925
7.294921874999931,1041.0473505403374,107.69526924346798,107.69531395042327,15.221900556941787,-0.41290005279014624,-0.0015571383006127914,2.9019325658461773e-05,5.042091796437757,0.5189999999999962,0.8737345873134494,1.1707090982204136,2.9697451090696414,0.3202470657943194,0.0,27.32266783598964,0.5417613845756322,0.0,281.3831922214878,89437.94164591414,1.1072904475220107,336.2882144862216,3.110940959048352e-05,0.00011989339004771125,107.6953139504232,6421.332683984936
7.31492187499993,1043.198213711808,107.39115607121971,107.391201027746,15.189443510827253,-0.4148639937761239,-0.001562810466620437,2.5817890524259518e-05,5.042091796437757,0.5189999999999962,0.8737345873134494,1.1706997709103446,2.9696518359689517,0.3193507890591836,0.0,27.15905174628128,0.5416831093936012,0.0,281.3692116108732,89415.06262702384,1.1070621975290253,336.2797422361892,0.0001655058932936356,8.587572228678207e-05,107.3912010277459,6383.802235213682
7.33492187499993,1045.343001099224,107.0876902394799,107.08773544173103,15.157165999632463,-0.4168305728226056,-0.0015674808767937502,2.0496968361493173e-05,5.042091796437757,0.5189999999999962,0.8737345873134494,1.17069175467067,2.9695716735722066,0.3184563695396222,0.0,26.996341315957725,0.5416052160571978,0.0,281.355270492855,89392.2482370602,1.1068345697117854,336.27129391867015,0.00026228854142132185,7.886032479559533e-05,107.08773544173093,6346.469376577897
7.354921874999929,1047.4817256135534,106.7848681678938,106.7849136117387,15.125066926841116,-0.4187996726347677,-0.0015713481124810633,1.4147551990673542e-05,5.042091796437757,0.5189999999999962,0.8737345873134494,1.1706844032925696,2.969498159791202,0.31756379696628406,0.0,26.83453043086788,0.541527702298604,0.0,281.3413687835119,89369.49833868752,1.1066075628881873,336.26286948280824,0.00033178606264228755,3.878545911455219e-05,106.78491361173859,6309.332854818495
7.374921874999929,1049.6144000943934,106.48268629963749,106.48273198118078,15.093145112214245,-0.42077117583386164,-0.0015746613416470678,7.88769852855012e-06,5.042091796437757,0.5189999999999962,0.8737345873134494,1.1706770544876548,2.9694246717420536,0.3166730611387231,0.0,26.67361302042962,0.5414505658689919,0.0,281.32750639938644,89346.8127953293,1.1063811758826751,336.2544688780282,0.0,0.0,106.48273198118069,6272.391427362551
7.394921874999929,1051.7410373104472,106.1811411025362,106.18118701732743,15.061399361135765,-0.422744967794696,-0.0015777084404420213,6.6675661624482526e-06,5.042091796437757,0.5189999999999962,0.8737345873134494,1.1706667767081986,2.969321893947492,0.3157841519248474,0.0,26.513583063984957,0.5413738045383371,0.0,281.31368325748207,89324.19147116314,1.1061554075261995,336.24609205403414,0.0,0.0,106.18118701732733,6235.643862216655
7.414921874999928,1053.8616499600055,105.88022906725594,105.88027521121273,15.029828584635863,-0.4247209304564985,-0.0015807792436641449,1.2130735049672416e-05,5.042091796437757,0.5189999999999962,0.8737345873134494,1.1706525962832244,2.9691800896977494,0.3148970592606628,0.0,26.35443458490144,0.5412974160952606,0.0,281.2998992752599,89301.63423111562,1.1059302566561717,336.2377389608075,-0.00019372415272343117,-0.00033366583166555204,105.88027521121268,6199.088937872857
7.434921874999928,1055.9762506713992,105.57994670688888,105.57999307755037,14.99843162066577,-0.4266989654530574,-0.0015841623778427248,1.825965698849059e-05,5.042091796437757,0.5189999999999962,0.8737345873134494,1.170638076018278,2.969034887048285,0.31401177315004525,0.0,26.196161650538745,0.5412213983468737,0.0,281.28615437063587,89279.14094085748,1.105705722116424,336.2294095486053,-0.0001865049267069466,-0.0002925797157689472,105.57999307755031,6162.725443216548
7.454921874999927,1058.0848520034538,105.28029055827771,105.2803371546145,14.96720726395519,-0.4286790133651329,-0.0015881146443941557,2.3139435502163896e-05,5.042091796437757,0.5189999999999962,0.8737345873134494,1.1706243494522628,2.9688976213881335,0.3131282836644103,0.0,26.038758373678807,0.541145749118614,0.0,281.27244846197755,89256.71146679885,1.1054818027571671,336.2211037679584,-0.00014204639349195837,-0.00027053162098874785,105.28033715461441,6126.5521774311155
7.474921874999927,1060.187466445968,104.98125718146544,104.98130400402523,14.93615437219133,-0.43066104320571713,-0.0015928341371818935,2.668634892464054e-05,5.042091796437757,0.5189999999999962,0.8737345873134494,1.1706114658190456,2.968768785055962,0.31224658094209873,0.0,25.882218927444896,0.5410704662540615,0.0,281.2587814681012,89234.34567608403,1.1052584974349469,336.21282156966936,-9.67232095304208e-05,-0.00028680257588480865,104.98130400402516,6090.567949892303
7.4949218749999265,1062.284106420166,104.68284315916972,104.68289021050329,14.90527178160318,-0.4326450643604373,-0.0015984754612599786,2.867084095548215e-05,5.042091796437757,0.5189999999999962,0.8737345873134494,1.1705995607221589,2.9686497340870943,0.311366655187669,0.0,25.726537537314293,0.540995547614745,0.0,281.2451533082689,89212.04343658684,1.1050358050126023,336.204562904811,-1.220402719847956e-05,-0.0002969553730699157,104.68289021050325,6054.771580060033
7.514921874999926,1064.3747842791597,104.38504509741996,104.38509238167694,14.87455828263305,-0.43463112319877234,-0.0016051335585183994,2.8833677603284257e-05,5.042091796437757,0.5189999999999962,0.8737345873134494,1.1705887873441374,2.9685420003068796,0.3104884966713462,0.0,25.571708482780487,0.5409209910799663,0.0,281.2315639021854,89189.80461690556,1.1048137243592235,336.19632772472437,6.33384635474833e-05,-0.0002750333102672053,104.3850923816769,6019.161897377365
7.534921874999926,1066.4595123084202,104.087859625915,104.08790714778746,14.844012722018247,-0.43661928769535013,-0.0016128275275910904,2.688657605103836e-05,5.042091796437757,0.5189999999999962,0.8737345873134494,1.1705793161204654,2.9684472880701596,0.3096120957281689,0.0,25.41772609883845,0.5408467945465987,0.0,281.21801316999523,89167.62908635799,1.1045922543501074,336.1881159810171,0.00016459081650057168,-0.0003042590842642361,104.08790714778742,5983.737741158725
7.554921874999925,1068.538302726232,103.79128339644468,103.79133116141173,14.813634015068926,-0.438609641083889,-0.0016214951846311241,2.3235545543710877e-05,5.042091796437757,0.5189999999999962,0.8737345873134494,1.1705709063842666,2.968363190708172,0.308737442757186,0.0,25.26458478674974,0.540772955928893,0.0,281.2045010322795,89145.51671497662,1.1043713938667172,336.1799276255614,0.0002012828587491886,-0.00032870393114494003,103.79133116141169,5948.497960481282
7.574921874999925,1070.6111676841365,103.4953130827537,103.49536109708538,14.78342105753769,-0.4406022803253397,-0.0016310111968145468,1.8846864737135375e-05,5.042091796437757,0.5189999999999962,0.8737345873134494,1.1705629856885802,2.9682839837513075,0.30786452822035787,0.0,25.11227900491565,0.5406994731582592,0.0,281.1910274100531,89123.46737350387,1.1041511417966408,336.1717626104922,0.00019969171678036032,-0.0003577657859684086,103.49536109708532,5913.441414066061
7.594921874999924,1072.6781192673764,103.19994538123557,103.19999365116182,14.75337276816554,-0.4425973102260524,-0.0016412070690613489,1.3902168487869766e-05,5.042091796437757,0.5189999999999962,0.8737345873134494,1.170555446213211,2.968208588997616,0.306993342642159,0.0,24.96080324828649,0.540626344183111,0.0,281.177592224762,89101.48093338739,1.1039314970335503,336.16362088820574,0.00016414077461010713,-0.00044490692531950083,103.19999365116178,5878.566970187289
7.614921874999924,1074.7391694953342,102.90517700936388,102.90522554166239,14.72348804425132,-0.44459483874476263,-0.0016518772001674746,1.0146793600340797e-05,5.042091796437757,0.5189999999999962,0.8737345873134494,1.1705472540652444,2.9681266675179496,0.306123876609153,0.0,24.81015206669935,0.5405535669687074,0.0,281.1641953982803,89079.55726677542,1.1037124584771618,336.1555024113579,-3.594697566722163e-05,-0.00046980637249642923,102.90522554166236,5843.873506581492
7.6349218749999235,1076.7943303219702,102.61100470755576,102.61105350808515,14.69376577474274,-0.4465949701372215,-0.0016627922312602694,1.0075102537559443e-05,5.042091796437757,0.5189999999999962,0.8737345873134494,1.1705369316583292,2.9680234434487973,0.3052561207694463,0.0,24.66032005004178,0.5404811394969871,0.0,281.15083685290716,89057.69624651207,1.1034940250331953,336.14740713286176,-0.0003111989797855252,-0.0003426180540749817,102.61105350808508,5809.359910352778
7.654921874999923,1078.8436136362648,102.31742523749159,102.31747431129563,14.664204906031092,-0.44859779054626503,-0.0016737186415346924,1.3647397506602382e-05,5.042091796437757,0.5189999999999962,0.8737345873134494,1.1705245021429427,2.9678991482949324,0.30439006583238376,0.0,24.51130183095707,0.5404090597664235,0.0,281.13751651136425,89035.89774613267,1.1032761956133328,336.1393350058868,-0.00041749130685945633,-0.0001528396828936537,102.31747431129557,5775.025077888274
7.674921874999923,1080.8870312626448,102.02443538193074,102.02448473336818,14.63480435421029,-0.4506033677447333,-0.0016844306268886625,1.8412306750443083e-05,5.042091796437757,0.5189999999999962,0.8737345873134494,1.170511416939577,2.967768296261275,0.30352570256809763,0.0,24.363092085600012,0.5403373257918694,0.0,281.1242342967928,89014.16163985925,1.1030589691351818,336.1312859838564,-0.00039496678473456754,-4.583810567145889e-05,102.02448473336817,5740.867914768699
7.694921874999922,1082.9245949614121,101.73203194534881,101.7320815774893,14.605563006686715,-0.45261174582019237,-0.0016947154006185107,2.2393391468721565e-05,5.042091796437757,0.5189999999999962,0.8737345873134494,1.170498846215677,2.9676425890222746,0.30266302180724025,0.0,24.215685527194704,0.5402659356044176,0.0,281.11099013275077,88992.48780259585,1.1028423445222326,336.123260020447,-0.0003123168308126706,3.729668528610681e-05,101.73208157748924,5706.887335686723
7.714921874999922,1084.9563164291656,101.44021175310483,101.44026166781379,14.5764798343388,-0.4546229446561526,-0.0017044062493340247,2.4817547337352616e-05,5.042091796437757,0.5189999999999962,0.8737345873134494,1.1704872475283574,2.96752660214908,0.3018020144405784,0.0,24.069076915893795,0.5401948872512514,0.0,281.0977839432104,88970.87610992421,1.1026263207038214,336.1152570695855,-0.00021273124064139382,9.290729526907792e-05,101.44026166781376,5673.0822643608035
7.734921874999921,1086.982207299219,101.14897165158561,101.14902184931455,14.547553741168702,-0.45663695902457435,-0.0017134003536365006,2.5117970328855026e-05,5.042091796437757,0.5189999999999962,0.8737345873134494,1.1704769562543154,2.967423689408659,0.30094267141856457,0.0,23.923261059667315,0.5401241787954947,0.0,281.08461565255504,88949.32643809923,1.1024108966150925,336.10727708544835,-9.843187210711806e-05,9.497018053627828e-05,101.14902184931452,5639.451633448975
7.754921874999921,1089.0022791420365,100.85830850932354,100.8583589874789,14.518783669977346,-0.458653738389975,-0.0017216646615343181,2.3258087351482774e-05,5.042091796437757,0.5189999999999962,0.8737345873134494,1.1704679938129983,2.9673340649954882,0.30008498375045534,0.0,23.77823282334675,0.540053808316026,0.0,281.07148518557676,88927.83866404432,1.102196071196956,336.09932002245955,3.076209977844788e-05,9.375689613591293e-05,100.85835898747887,5605.994384446457
7.7749218749999205,1091.016543465606,100.56821920760348,100.56826996257784,14.49016929023467,-0.46067318613341174,-0.0017292237717409877,1.957034802445967e-05,5.042091796437757,0.5189999999999962,0.8737345873134494,1.1704601630878684,2.9672557577441894,0.29922894248727966,0.0,23.63399005040525,0.5399838407604327,0.0,281.05839246747354,88906.4126653475,1.1019818433960564,336.091385835289,0.00011119672105665022,0.00010021141017305266,100.5682699625778,5572.709466982882
7.79492187499992,1093.0250117156809,100.27870064580529,100.27875167311778,14.461709165983462,-0.4626951918098009,-0.0017361675140966505,1.4897293840801409e-05,5.042091796437757,0.5189999999999962,0.8737345873134494,1.1704529648727264,2.96718377559277,0.2983745387321262,0.0,23.490525061811915,0.5399142146089113,0.0,281.045337423848,88885.04832025872,1.10176821216475,336.08347447885194,0.00016465116106137976,0.00011163051215897573,100.27875167311777,5539.595839146285
7.81492187499992,1095.0276952762802,99.989749749468,99.98980104446801,14.433402296349772,-0.46471963563662005,-0.0017426326324377851,9.802110236428146e-06,5.042091796437757,0.5189999999999962,0.8737345873134494,1.1704460653649487,2.9671147805149922,0.29752176366583416,0.0,23.34783254160691,0.5398449206188278,0.0,281.03231998070413,88863.74550768468,1.10155517646106,336.0755859083067,0.0,0.0,99.98980104446798,5506.6524683703865
7.834921874999919,1097.024605470134,99.70136346386795,99.70141502191397,14.405247629742297,-0.46674639658046885,-0.0017487687524553842,5.251998766838718e-06,5.042091796437757,0.5189999999999962,0.8737345873134494,1.1704388914531358,2.967043041396864,0.2966706085263446,0.0,23.205907537765203,0.5397759569312283,0.0,281.0193400644441,88842.50410718398,1.1013427352486338,336.0677200790532,0.0,0.0,99.70141502191393,5473.878330594679
7.854921874999919,1099.015753559085,99.41353875516275,99.41359057026769,14.377244196480545,-0.46877534415757915,-0.001754731871238885,5.713657847175189e-06,5.042091796437757,0.5189999999999962,0.8737345873134494,1.1704287971466731,2.966942098332237,0.2958210646075605,0.0,23.06474513975633,0.5397073217021302,0.0,281.0063976018659,88821.32399896291,1.1011308874967067,336.05987694673075,0.0,0.0,99.41359057026767,5441.272410156923
7.874921874999918,1101.0011507444851,99.12627260753544,99.12632467372062,14.349391119461986,-0.4708063302973166,-0.0017606843603201329,1.0717488619412568e-05,5.042091796437757,0.5189999999999962,0.8737345873134494,1.1704160602349352,2.9668147292148572,0.2949731232589276,0.0,22.92434047658172,0.5396390131023847,0.0,280.9934925201608,88800.20506387117,1.1009196321800638,336.0520564672174,-9.531740863893733e-05,-0.00023522473924065596,99.12632467372063,5408.833699713318
7.894921874999918,1102.9808081675487,98.83956202376535,98.83961433572938,14.321687500709206,-0.47283922261422073,-0.0017667915158251085,1.5745317457897395e-05,5.042091796437757,0.5189999999999962,0.8737345873134494,1.1704033565542982,2.9666876924084873,0.29412677588511293,0.0,22.784688712418212,0.5395710293175461,0.0,280.9806247469109,88779.14718339816,1.10070896827901,336.044258596628,-7.429351738709453e-05,-0.00021116132621296072,98.83961433572935,5376.561200163038
7.9149218749999175,1104.9547369097345,98.55340402470166,98.55345657894739,14.294132393762174,-0.47487390603396223,-0.0017732012332133935,1.982578077388948e-05,5.042091796437757,0.5189999999999962,0.8737345873134494,1.1703912611852645,2.9665667387181505,0.293282013945821,0.0,22.645785050494144,0.5395033685477529,0.0,280.9677942100867,88758.15023966898,1.1004988947793346,336.03648329131255,-3.314180408264842e-05,-0.0002262622736195586,98.55345657894736,5344.45392057838
7.934921874999917,1106.9229479931016,98.26779565015192,98.26784844502208,14.266724884524256,-0.4769103088494273,-0.0017800381081575025,2.2571113059810142e-05,5.042091796437757,0.5189999999999962,0.8737345873134494,1.1703800035113605,2.9664541619791107,0.29243882895520706,0.0,22.50762473509388,0.5394360290075794,0.0,280.95500083804484,88737.21411544045,1.1002894106722774,336.0287305078552,1.7411014144120892e-05,-0.0002297398851935962,98.26784844502204,5312.510878120899
7.954921874999917,1108.8854523806913,97.98273395842182,97.98278699447746,14.239463988611375,-0.47894839785045423,-0.0017874032642100231,2.3898401304215655e-05,5.042091796437757,0.5189999999999962,0.8737345873134494,1.1703696323826056,2.9663504506915617,0.2915972124815475,0.0,22.37020305505163,0.5393690089259072,0.0,280.9422445595255,88716.33869409729,1.1000805149544957,336.02100020307245,8.72498458698161e-05,-0.00022336514148938238,97.98278699447744,5280.731097967614
7.974921874999916,1110.8422609769036,97.69821602703774,97.69826930646323,14.212348756831778,-0.4809881769225237,-0.0017953580897148214,2.3775221791401402e-05,5.042091796437757,0.5189999999999962,0.8737345873134494,1.1703601667529462,2.9662557943949674,0.2907571561465099,0.0,22.233515342780056,0.5393023065457675,0.0,280.9295253036501,88695.5238596479,1.099872206628028,336.01329233401196,0.00013980666528675545,-0.0002203496692315375,97.69826930646319,5249.11361322347
7.994921874999916,1112.7933846278809,97.41423895253888,97.41429247857782,14.185378211254005,-0.48302967435904154,-0.0018039251655859957,2.26304980499303e-05,5.042091796437757,0.5189999999999962,0.8737345873134494,1.1703513523259035,2.9661676501245404,0.28991865162464536,0.0,22.097556978273325,0.5392359201242014,0.0,280.91684299991874,88674.76949672044,1.0996644847002603,336.00560685795074,0.00017791865407224388,-0.00020426978829620073,97.41429247857776,5217.657464842667
8.014921874999915,1114.7388341218852,97.13079985043211,97.13085362660742,14.158551451269563,-0.48507293203635965,-0.0018130862250458183,2.051898553584815e-05,5.042091796437757,0.5189999999999962,0.8737345873134494,1.1703431564445839,2.9660856913113443,0.2890816906426291,0.0,21.962323378500177,0.5391698479321024,0.0,280.90419757820774,88654.07549055871,1.0994573481838887,335.9979437323939,0.000233250253901027,-0.00021704091151829844,97.13085362660739,5186.3617015417285
8.034921874999915,1116.6786201896623,96.84789585361699,96.84794988446613,14.131867641596784,-0.48711800392409293,-0.0018227930952134119,1.703139494404484e-05,5.042091796437757,0.5189999999999962,0.8737345873134494,1.170335821320196,2.9660123400674654,0.2882462649790997,0.0,21.827809997102914,0.5391040882541069,0.0,280.89158896876717,88633.44172701835,1.09925079609689,335.9903029150729,0.0002994875020235128,-0.0002334096356769823,96.84794988446609,5155.225379734921
8.054921874999915,1118.6127535047924,96.5655241122432,96.56557840400119,14.105325873421952,-0.4891649659302114,-0.001832960170444029,1.2096503471910202e-05,5.042091796437757,0.5189999999999962,0.8737345873134494,1.1703293889363395,2.965948016228901,0.2874123664640971,0.0,21.69401233293672,0.5390386393884552,0.0,280.8790171022188,88612.86809256305,1.0990448274624853,335.9826843639446,0.0003471968255355,-0.00025584614828443584,96.56557840400112,5124.2475634558605
8.074921874999914,1120.5412446840414,96.28368179525398,96.28373635475661,14.07892521398006,-0.4912139196460665,-0.0018434689650195823,6.925994962831759e-06,5.042091796437757,0.5189999999999962,0.8737345873134494,1.1703231413531137,2.965885540396642,0.2865799869783761,0.0,21.560925929919012,0.538973499646842,0.0,280.8664819095537,88592.35447426084,1.09883944130911,335.97508803718955,0.0,0.0,96.28373635475656,5093.427324275499
8.094921874999914,1122.464104287737,96.00236608968986,96.00242092383019,14.052664779403985,-0.49326497041228656,-0.0018541841257771537,3.00730390193664e-06,5.042091796437757,0.5189999999999962,0.8737345873134494,1.1703161971950813,2.9658160988163185,0.2857491184529976,0.0,21.4285463599551,0.5389086673542923,0.0,280.8539833221297,88571.90075978012,1.0986346366703803,335.9675138932106,0.0,0.0,96.00242092383016,5062.763741230757
8.114921874999913,1124.3813428201256,95.72157420027769,95.72162931581083,14.026543663271326,-0.4953182199858712,-0.0018649706091873426,5.298531085911164e-06,5.042091796437757,0.5189999999999962,0.8737345873134494,1.1703056189510863,2.9657103163763687,0.28491975286915905,0.0,21.29686922912152,0.5388441408490556,0.0,280.84152127166914,88551.50683738584,1.0984304125850577,335.95996189063146,0.0,0.0,95.7216293158108,5032.255900762283
8.134921874999913,1126.292970729724,95.44130334922211,95.44135875266615,14.000560994649403,-0.49737376519881066,-0.0018757103555883132,9.563991987237041e-06,5.042091796437757,0.5189999999999962,0.8737345873134494,1.1702939155226537,2.9655932820920428,0.28409188225787635,0.0,21.165890178141243,0.5387799184824894,0.0,280.8290956902568,88531.17259593568,1.0982267680970172,335.95243198829564,0.0,0.0,95.4413587526661,5001.902896647505
8.154921874999912,1128.198998409672,95.161550776623,95.1616064735994,13.97471590084096,-0.4994316905983875,-0.001886290556911557,1.3867345975731606e-05,5.042091796437757,0.5189999999999962,0.8737345873134494,1.1702822337383012,2.9654764642485176,0.28326549869957557,0.0,21.035604886128176,0.538715998618937,0.0,280.8167065103371,88510.89792487647,1.0980237022552173,335.9449241452643,-0.0003827949437874303,7.429690845653277e-05,95.16160647359938,4971.703829931047
8.174921874999912,1130.0994361980768,94.88231373928397,94.88236973489846,13.949007479079258,-0.5014920684317198,-0.0018966022890982298,1.731589947876408e-05,5.042091796437757,0.5189999999999962,0.8737345873134494,1.1702711021693655,2.9653651485591603,0.28244059432365803,0.0,20.90600906365492,0.5386523796356049,0.0,280.8043536647125,88490.68271424035,1.097821214113665,335.9374383208158,-0.0003225014203406297,8.313264099421279e-05,94.88236973489842,4941.65780885493
8.194921874999912,1131.9942943783633,94.60358951220964,94.60364580985103,13.923434856096122,-0.5035549494875678,-0.0019065505502929704,1.972147151263718e-05,5.042091796437757,0.5189999999999962,0.8737345873134494,1.170260632050986,2.9652604473753663,0.28161716130826586,0.0,20.777098458811682,0.5385890599224544,0.0,280.79203708654063,88470.52685464117,1.0976193027313854,335.9299744744436,-0.00025305614973975845,8.886835133274334e-05,94.60364580985102,4911.763948796359
8.214921874999911,1133.8835831796303,94.32537538749524,94.32543198856774,13.897997154595409,-0.5056203479424125,-0.0019160607248018859,2.086338712752751e-05,5.042091796437757,0.5189999999999962,0.8737345873134494,1.1702509538665422,2.9651636655309277,0.28079519187977026,0.0,20.64886885578415,0.5385260378820766,0.0,280.7797567093324,88450.43023727063,1.097417967172389,335.9225325658554,-0.00018143394326807785,9.153088497397191e-05,94.32543198856774,4882.021372196414
8.23492187499991,1135.767312776984,94.04766867351846,94.04772557780962,13.872693612077605,-0.5076882417392166,-0.001925082693504834,2.066305396751317e-05,5.042091796437757,0.5189999999999962,0.8737345873134494,1.170242113941715,2.965075266282655,0.27997467831227446,0.0,20.52131607689881,0.5384633119295653,0.0,280.7675124669496,88430.39275389479,1.0972172065056398,335.9151125549715,-9.302601084461466e-05,0.00012478499064500149,94.0477255778096,4852.42920848995
8.25492187499991,1137.6454932918537,93.77046669466361,93.77052390085012,13.847523398958105,-0.5097585889790042,-0.0019336004829466444,1.9057035569868916e-05,5.042091796437757,0.5189999999999962,0.8737345873134494,1.170234149662491,2.9649956234904162,0.27915561292721885,0.0,20.394435981916878,0.5384008804924026,0.0,280.75530429360293,88410.41429685062,1.097017019805027,335.9077144019234,-2.3650664255248265e-05,0.00011610145441207887,93.77052390085011,4822.986594039705
8.27492187499991,1139.5181347923262,93.4937667921175,93.49382429727541,13.822485695205058,-0.5118313215123922,-0.0019416384163318393,1.636126463630658e-05,5.042091796437757,0.5189999999999962,0.8737345873134494,1.170226873659712,2.9649228634626246,0.27833798809280136,0.0,20.268224470378787,0.5383387420103287,0.0,280.7431321238499,88390.49475904257,1.096817406149335,335.90033806705304,3.37307167383015e-05,9.374966484843215e-05,93.49382429727537,4793.692672064663
8.29492187499991,1141.3852472934745,93.21756632302645,93.21762412279055,13.797579739108567,-0.513906342435182,-0.0019492386012461265,1.3144496645971762e-05,5.042091796437757,0.5189999999999962,0.8737345873134494,1.1702199487995615,2.9648536148611204,0.2775217962234168,0.0,20.142677477756298,0.5382768949352168,0.0,280.7309958925924,88370.63403393894,1.096618364622212,335.892983510911,9.611303780099039e-05,6.344656492767102e-05,93.21762412279053,4764.5465925697745
8.314921874999909,1143.24684075766,92.94186265929868,92.94192074915766,13.772804780965938,-0.5159835433006154,-0.0019564649417925825,9.829086502307535e-06,5.042091796437757,0.5189999999999962,0.8737345873134494,1.1702131246339338,2.9647853732048435,0.2767070297794866,0.0,20.017790970477243,0.5382153377309756,0.0,280.7188955350752,88350.83201556878,1.096419894312143,335.88565069425556,0.0,0.0,92.9419207491576,4735.547512289772
8.334921874999909,1145.102925094843,92.66665318870743,92.66671156402104,13.748160085033563,-0.5180628130752862,-0.0019634028112628958,7.0137946995565515e-06,5.042091796437757,0.5189999999999962,0.8737345873134494,1.1702060462215618,2.9647145890811233,0.27589368126695507,0.0,19.89356094686112,0.5381540688734314,0.0,280.7068309868835,88331.08859851853,1.096221994312423,335.8783395780514,0.0,0.0,92.66671156402101,4706.694594622038
8.354921874999908,1146.9535101628896,92.39193531404035,92.39199397083796,13.72364488132812,-0.5201440458405677,-0.0019701565186080075,6.334097850114742e-06,5.042091796437757,0.5189999999999962,0.8737345873134494,1.1701977443400708,2.964631570266214,0.2750817432370965,0.0,19.769983438436213,0.5380930868502304,0.0,280.6948021839412,88311.40367792873,1.0960246637211255,335.87105012346836,0.0,0.0,92.39199397083789,4677.98700957069
8.374921874999908,1148.7986057678754,92.11770645359111,92.11776538873102,13.69925841352978,-0.5222271521220101,-0.00197684404739264,8.374518877008762e-06,5.042091796437757,0.5189999999999962,0.8737345873134494,1.170187872384676,2.964532850712265,0.27427120828609186,0.0,19.64705450790886,0.5380323901607278,0.0,280.6828090625088,88291.77714949084,1.0958279016410781,335.86378229188034,0.0,0.0,92.11776538873093,4649.423933683355
8.394921874999907,1150.6382216643913,91.84396404057374,91.84402325240785,13.674999938433794,-0.524312063293296,-0.0019835858805549987,1.1192904842519185e-05,5.042091796437757,0.5189999999999962,0.8737345873134494,1.1701775807935986,2.9644299348014913,0.27346206905480375,0.0,19.524770247751185,0.5379719773158907,0.0,280.6708515591814,88272.20890944397,1.0956317071798327,335.8565360448639,4.0622547292961295e-05,-0.0002625081359769097,91.84402325240775,4621.004549995167
8.414921874999907,1152.4723675558466,91.57070552376706,91.57076501203848,13.650868634964873,-0.5263987383437356,-0.001990502149527966,1.4070894384777376e-05,5.042091796437757,0.5189999999999962,0.8737345873134494,1.1701672949651851,2.964327076517357,0.2726543182284255,0.0,19.40312678414998,0.5379118468381936,0.0,280.65892961088696,88252.69885457169,1.0954360794496387,335.84931134419753,1.2516849830880648e-05,-0.00027052513854563,91.5707650120384,4592.72804796907
8.434921874999906,1154.301053094787,91.29792836777511,91.29798813311778,13.626863772764755,-0.5284871543924258,-0.001997697284094067,1.6305540740128798e-05,5.042091796437757,0.5189999999999962,0.8737345873134494,1.170157431122897,2.964228438094476,0.27184794853608696,0.0,19.282120272467743,0.5378519972615101,0.0,280.6470431548839,88233.24688219857,1.0952410175674132,335.84210815185963,2.9321916108921632e-05,-0.0002935518096440068,91.29798813311768,4564.593623435112
8.454921874999906,1156.124287883195,91.02563005190125,91.02569009637101,13.602984564190939,-0.5305773112910199,-0.002005257815118356,1.7734460348468882e-05,5.042091796437757,0.5189999999999962,0.8737345873134494,1.1701480852681923,2.964134979547428,0.27104295275058676,0.0,19.16174690149633,0.5377924271310169,0.0,280.63519212875923,88213.85289018702,1.095046520654713,335.8349264300281,4.358896986973879e-05,-0.000293593093762212,91.02569009637088,4536.600478534622
8.474921874999906,1157.942081472797,90.75380807093605,90.75386839759716,13.579230215150822,-0.5326692269566514,-0.0020132461536544717,1.8480077438257923e-05,5.042091796437757,0.5189999999999962,0.8737345873134494,1.170139184666167,2.9640459735271762,0.2702393236879408,0.0,19.042002893867597,0.537733135003083,0.0,280.6233764704268,88194.51677693406,1.094852587837708,335.82776614107865,5.1237287822453856e-05,-0.0002847979202013882,90.75386839759703,4508.747821658683
8.494921874999905,1159.7544433653718,90.48245993545981,90.48252054751055,13.555599975499067,-0.5347629309534517,-0.0020217000192353494,1.855999296207933e-05,5.042091796437757,0.5189999999999962,0.8737345873134494,1.170130718671922,2.9639613135847265,0.26943705420692393,0.0,18.92288450333186,0.5376741194451605,0.0,280.6115961181251,88175.23844136801,1.0946592182471506,335.82062724758384,6.864340097047935e-05,-0.0002903802410788871,90.48252054751045,4481.034867386985
8.514921874999905,1161.561383013055,90.2115831705616,90.21164407162917,13.53209311223658,-0.5368584564753955,-0.002030634219496564,1.7923068120323057e-05,5.042091796437757,0.5189999999999962,0.8737345873134494,1.1701227173836282,2.9638813007017872,0.26863613720875196,0.0,18.80438801450785,0.5376153790356872,0.0,280.59985101041514,88156.01778294523,1.0944664110183486,335.81350971231154,0.00010226897661165293,-0.0002960083628329491,90.21164407162908,4453.460836431905
8.534921874999904,1163.3629098186327,89.94117531631738,89.94123651016191,13.508708879709703,-0.5389558431568314,-0.002040041875827871,1.653266878358624e-05,5.042091796437757,0.5189999999999962,0.8737345873134494,1.1701152023144432,2.9638061500099377,0.267836565636759,0.0,18.686509743240382,0.5375569123639878,0.0,280.58814108617884,88136.85470164704,1.0942741652911396,335.8064134982244,0.00011302181692869737,-0.00030418922852294006,89.94123651016181,4426.0249555829905
8.554921874999904,1165.15903313584,89.67123392722424,89.67129541784864,13.485446552251267,-0.5410551299720772,-0.002049890411167109,1.451867936435502e-05,5.042091796437757,0.5189999999999962,0.8737345873134494,1.1701080963159922,2.963735090025428,0.2670383324759357,0.0,18.569246037181912,0.5374987180301681,0.0,280.576466284617,88117.74909797648,1.0940824802098597,335.79933856847794,0.00012068911932989373,-0.00030696803971347873,89.67129541784851,4398.726457647264
8.574921874999903,1166.9497622696465,89.401756572355,89.40181836384549,13.462305406328053,-0.5431563596732925,-0.002060128647005706,1.2082590726721896e-05,5.042091796437757,0.5189999999999962,0.8737345873134494,1.170101279807291,2.963666924938415,0.2662414307526008,0.0,18.452593274283274,0.537440794645018,0.0,280.5648265452473,88098.70087295539,1.0938913549233225,335.79228488641985,9.660455490342518e-05,-0.00032701913974049506,89.40181836384535,4371.564581394584
8.594921874999903,1168.73510647655,89.13274083527871,89.13280293160209,13.4392847362227,-0.5452595726790971,-0.0020706898044053667,9.483462374106254e-06,5.042091796437757,0.5189999999999962,0.8737345873134494,1.1700945991067282,2.9636001179327875,0.26544585353404865,0.0,18.336547861800625,0.5373831408299142,0.0,280.5532218079024,88079.70992812114,1.0937007885847885,335.78525241558884,0.0,0.0,89.13280293160196,4344.538571502642
8.614921874999903,1170.5150749648567,88.86418431366383,88.86424671875166,13.416383794867563,-0.5473648113060278,-0.002081492405612673,6.90152231375531e-06,5.042091796437757,0.5189999999999962,0.8737345873134494,1.170087947205683,2.9635335989223366,0.2646515939282354,0.0,18.22110623515097,0.5373257552167273,0.0,280.54165201272843,88060.77616552374,1.0935107803519386,335.77824111971347,0.0,0.0,88.86424671875152,4317.647678503754
8.634921874999902,1172.2896768949795,88.59608462027659,88.59614733699965,13.393601868330368,-0.5494721059164932,-0.0020924418993209424,5.128121560547174e-06,5.042091796437757,0.5189999999999962,0.8737345873134494,1.1700808550072146,2.9634626769376515,0.2638586450834608,0.0,18.10626485919307,0.5372686364477279,0.0,280.5301171001826,88041.89948772268,1.0933213293868513,335.77125096271067,0.0,0.0,88.59614733699952,4290.891158731979
8.654921874999902,1174.0589213797207,88.32843938096295,88.32850241199316,13.370938317837297,-0.55158147332367,-0.002103431707410422,6.271565771586799e-06,5.042091796437757,0.5189999999999962,0.8737345873134494,1.170072072990178,2.9633748567672846,0.26306700018799184,0.0,17.992020228654294,0.5372117831754907,0.0,280.5186170110318,88023.07979778384,1.0931324348559708,335.76428190868523,0.0,0.0,88.32850241199304,4264.268274268816
8.674921874999901,1175.8228174845337,88.0612462351533,88.06130958322159,13.348392445170047,-0.5536929302687175,-0.0021143521917373624,9.352968770638154e-06,5.042091796437757,0.5189999999999962,0.8737345873134494,1.170062180941052,2.9632759362760264,0.2622766524697798,0.0,17.878368864383628,0.5371551940628048,0.0,280.5071516863505,88004.31699927678,1.0929440959300878,335.7573339219284,0.0,0.0,88.06130958322144,4237.7782928924635
8.6949218749999,1177.5813742278003,87.79450283657756,87.79456650393112,13.325963552511611,-0.5558064926023809,-0.0021250933879997875,1.2825555043670105e-05,5.042091796437757,0.5189999999999962,0.8737345873134494,1.1700520952322815,2.9631750791883205,0.2614875951962193,0.0,17.76530731419375,0.5370988677825894,0.0,280.4957210675193,87985.61099627179,1.0927563117843109,335.75040696691667,-0.0003069944694199378,0.0001178957446990138,87.794566503931,4211.4204880288125
8.7149218749999,1179.334600581115,87.52820685229925,87.52827084102302,13.303650939676793,-0.5579221663983573,-0.002135556350821249,1.5766041197240353e-05,5.042091796437757,0.5189999999999962,0.8737345873134494,1.1700423627583005,2.963077754448511,0.2606998216738564,0.0,17.652832151084073,0.5370428030178044,0.0,280.48432509622273,87966.96169333681,1.092569081598043,335.743501008311,-0.00026386756988658745,0.00013194720664103955,87.5282708410229,4185.194138701296
8.7349218749999,1181.0825054695536,87.26235596374957,87.26242027496588,13.281453900466055,-0.5600399509377174,-0.0021456551151976017,1.7957451118429095e-05,5.042091796437757,0.5189999999999962,0.8737345873134494,1.170033111893732,2.962985245802825,0.25991332524814126,0.0,17.540939976687167,0.5369869984613671,0.0,280.47296371444787,87948.36899553462,1.092382404554954,335.7366160109554,-0.0001887805971379736,0.00015690088662810133,87.26242027496576,4159.098529482526
8.7549218749999,1182.8250977719547,86.99694786545507,86.99701249967278,13.259371805677667,-0.5621598299761996,-0.002155327242055264,1.9126701207432833e-05,5.042091796437757,0.5189999999999962,0.8737345873134494,1.1700245042413069,2.9628991692785744,0.2591280993030739,0.0,17.429627419594027,0.5369314528160605,0.0,280.4616368644823,87929.83280841981,1.092196279842957,335.7297519398762,-0.00013011061759597622,0.0001737917183563615,86.9970124996726,4133.132950442989
8.7749218749999,1184.562386321177,86.73198026491669,86.73204522238763,13.237404000699339,-0.5642817803825709,-0.0021645362613725563,1.9315767785202617e-05,5.042091796437757,0.5189999999999962,0.8737345873134494,1.17001651476716,2.962819274537105,0.2583441372608788,0.0,17.318891138287487,0.5368761647944443,0.0,280.4503444889123,87911.3530380361,1.092010706654183,335.72290876028086,-6.56720340162997e-05,0.00020107775191072018,86.73204522238748,4107.296697101113
8.794921874999899,1186.2943799043596,86.4674508827167,86.46751616356609,13.215549821007736,-0.5664057759982752,-0.0021732761133769424,1.8462250074835528e-05,5.042091796437757,0.5189999999999962,0.8737345873134494,1.1700091802552857,2.9627459294183622,0.2575614325816612,0.0,17.208727818562334,0.5368211331187673,0.0,280.43908653062164,87892.92959091351,1.0918256841849592,335.7160864375567,-1.8117806051829744e-05,0.00019459551765276903,86.4675161635659,4081.5890703732075
8.814921874999898,1188.0210872631872,86.203357452868,86.20342305672582,13.19380858876714,-0.5685317865781551,-0.0021815649436085502,1.69150037552408e-05,5.042091796437757,0.5189999999999962,0.8737345873134494,1.1700022938269325,2.962677065134831,0.25677997876297465,0.0,17.099134176440767,0.5367663565208717,0.0,280.42786293278925,87874.56237406559,1.0916412116357823,335.7092849372703,1.9021289467457253e-05,0.0001810280014682944,86.20342305672567,4056.009376521072
8.834921874999898,1189.742517094157,85.93969772255399,85.93976364833722,13.172179702286044,-0.5706597712852388,-0.0021894363931245888,1.4960617420086194e-05,5.042091796437757,0.5189999999999962,0.8737345873134494,1.1699956854781783,2.962610981647289,0.255999769339506,0.0,16.99010695389228,0.5367118337421084,0.0,280.41667363888797,87856.2512949865,1.0914572882112952,335.7025042251661,7.129996753725677e-05,0.00019366847280362533,85.93976364833706,4030.5569271037903
8.854921874999897,1191.4586780488285,85.67646945066046,85.67653569774399,13.150662567516047,-0.5727896867252872,-0.0021969385448548664,1.214632030090399e-05,5.042091796437757,0.5189999999999962,0.8737345873134494,1.1699896233510765,2.9625503603762704,0.255220797882852,0.0,16.88164291528054,0.5366575635332589,0.0,280.4055185926826,87837.99626164848,1.0912739131202642,335.69574426716565,0.0001263882364175889,0.0002066934106755076,85.67653569774386,4005.2310389328595
8.874921874999897,1193.169578734065,85.41367040890384,85.41373697706392,13.129256518034305,-0.5749214985857782,-0.0022041395614762357,8.74098864095904e-06,5.042091796437757,0.5189999999999962,0.8737345873134494,1.1699839479458853,2.962493606324359,0.2544430580012345,0.0,16.773738855286375,0.5366035446544526,0.0,280.3943977382286,87819.79718249915,1.0910910855755562,335.6890050293665,0.0,0.0,85.4137369770638,3980.03103402577
8.894921874999897,1194.8752277122974,85.15129838213753,85.15136527106102,13.10796089609257,-0.5770551737302676,-0.002211124569996438,4.7553385379184865e-06,5.042091796437757,0.5189999999999962,0.8737345873134494,1.1699786527538372,2.9624406544038773,0.25366654333913174,0.0,16.666391592967823,0.536549775875081,0.0,280.38331101987006,87801.65396645882,1.0909088047941158,335.6822864780413,0.0,0.0,85.1513652710609,3954.9562395573707
8.914921874999896,1196.5756335017804,84.88935116789902,84.88941837704058,13.086775115441462,-0.5791906768695688,-0.002217995147008471,2.2817273832952672e-06,5.042091796437757,0.5189999999999962,0.8737345873134494,1.1699724975691435,2.96237910255694,0.25289124757697745,0.0,16.559597973900235,0.5364962559737152,0.0,280.3722583822384,87783.56652291765,1.0907270699969402,335.6755885796365,0.0,0.0,84.88941837704049,3930.0059878137963
8.934921874999896,1198.270804576838,84.62782657550109,84.62789410476559,13.06569856799729,-0.5813279741955657,-0.002224855631128627,4.747581047373213e-06,5.042091796437757,0.5189999999999962,0.8737345873134494,1.169963451038856,2.9622886372540647,0.2521171644309227,0.0,16.453354865271958,0.5364429837380298,0.0,280.3612397702505,87765.53476173314,1.090545880409057,335.6689113007718,0.0,0.0,84.62789410476549,3905.1796161487605
8.954921874999895,1199.9607493681037,84.36672242683527,84.36679027638854,13.044730623327197,-0.5834670394742747,-0.0022318028732585863,8.530195723368773e-06,5.042091796437757,0.5189999999999962,0.8737345873134494,1.1699536598182305,2.962190725047811,0.2513442876526446,0.0,16.34765915919817,0.53638995796473,0.0,280.3502551291073,87747.5585932275,1.0903652352595028,335.66225460823904,0.0,0.0,84.36679027638847,3880.476466941681
8.974921874999895,1201.6454762627761,84.10603655627634,84.10610472634313,13.02387066201739,-0.5856078477478588,-0.00223893221547366,1.2404203105098642e-05,5.042091796437757,0.5189999999999962,0.8737345873134494,1.1699438499381822,2.962092626247328,0.2505726110290347,0.0,16.242507772491173,0.5363371774594711,0.0,280.3393044042919,87729.637928185,1.0901851337813004,335.6556184690009,-0.00010612709569321406,-0.0002774906562286343,84.10610472634305,3855.895887552407
8.994921874999894,1203.3249936048599,83.84576680999132,83.84583530116193,13.0031181179498,-0.5877503777292361,-0.0022463345594176468,1.5774658082808626e-05,5.042091796437757,0.5189999999999962,0.8737345873134494,1.1699343738187484,2.96199786505299,0.24980212838166727,0.0,16.137897784616854,0.5362846457111932,0.0,280.32838754156836,87711.77267784931,1.0900055752114337,335.6490028501904,-8.57787818839285e-05,-0.00027727377804129727,83.84583530116187,3831.4372302696356
9.014921874999894,1204.9993096953913,83.58591104490891,83.58597985815935,12.982472445299761,-0.5898946139759349,-0.0022540918500869723,1.8250108583446335e-05,5.042091796437757,0.5189999999999962,0.8737345873134494,1.1699254632437035,2.9619087593025406,0.24903283356288555,0.0,16.033826418134897,0.5362323703675523,0.0,280.31750448697994,87693.96275392124,1.0898265587908311,335.6424077191099,-3.265055044638976e-05,-0.00027900072091607554,83.58597985815926,3807.0998521564693
9.034921874999894,1206.6684327926691,83.32646713082305,83.32653626753803,12.961932930936108,-0.592040547793125,-0.0022622597378073104,1.977089301729129e-05,5.042091796437757,0.5189999999999962,0.8737345873134494,1.169917153407588,2.961825660941386,0.24826472046208944,0.0,15.930290250791408,0.5361803367335372,0.0,280.30665518684765,87676.20806855612,1.0896480837643412,335.6358330432297,-4.058584572420859e-06,-0.0002550332103995505,83.32653626753795,3782.883115209404
9.054921874999893,1208.3323711125227,83.06743295067258,83.06750241202002,12.941498984420797,-0.5941881718204608,-0.002270871879611266,2.0478489688187575e-05,5.042091796437757,0.5189999999999962,0.8737345873134494,1.1699093603022122,2.961747729887627,0.24749778300464667,0.0,15.827286296166053,0.5361285436500098,0.0,280.29583958776857,87658.50853436113,1.0894701493807102,335.62927879018775,3.94290090556932e-05,-0.0002519123424014269,83.06750241201995,3758.786386289697
9.074921874999893,1209.9911328285536,82.80880639852538,82.80887618614584,12.92117005095832,-0.5963374787149969,-0.0022799415758103193,2.037641033497345e-05,5.042091796437757,0.5189999999999962,0.8737345873134494,1.1699020816678325,2.9616749435438305,0.24673201514981558,0.0,15.724811591385079,0.5360769899664052,0.0,280.2850576366144,87640.86406439253,1.089292754892557,335.6227449277883,5.6918397329400046e-05,-0.0002710948866577633,82.80887618614575,3734.809037025673
9.094921874999892,1211.6447260723583,82.55058538005252,82.55065549614405,12.900945540009396,-0.5984884713367415,-0.0022894662790140636,1.9540331930961642e-05,5.042091796437757,0.5189999999999962,0.8737345873134494,1.16989527250605,2.9616068519260064,0.24596741089036775,0.0,15.622863198029753,0.5360256745406494,0.0,280.2743092805296,87623.27457215346,1.0891158995563561,335.61623142400094,0.00011187383403747376,-0.00028009485805184284,82.55065549614399,3710.950443767798
9.114921874999892,1213.293158933765,82.29276781261102,82.29283825988422,12.880824878553351,-0.6006411594518042,-0.002299425506808629,1.755260649501232e-05,5.042091796437757,0.5189999999999962,0.8737345873134494,1.169889180186279,2.9615459287282953,0.2452039642524574,0.0,15.521438198514401,0.5359745962390972,0.0,280.2635944669305,87605.73997159135,1.0889395826324126,335.60973824695986,0.00015390860710515845,-0.00028930715816055674,82.29283825988414,3687.2099875515983
9.134921874999892,1214.9364394610643,82.03535162512833,82.03542240673612,12.860807484922667,-0.602795560411838,-0.0023097759261927666,1.4964883869847542e-05,5.042091796437757,0.5189999999999962,0.8737345873134494,1.1698834776285927,2.9614889031514324,0.24444166929521355,0.0,15.420533704710147,0.5359237539364485,0.0,280.25291314350306,87588.26017709544,1.088763803384844,335.60326536496285,0.00015633714210485468,-0.00031349758371007776,82.03542240673605,3663.587054052553
9.154921874999891,1216.574575661239,81.77833475794294,81.77840587745416,12.840892786113418,-0.6049516982064743,-0.0023204602680420945,1.2045448378701674e-05,5.042091796437757,0.5189999999999962,0.8737345873134494,1.1698780056803797,2.9614341836693026,0.24368052011040503,0.0,15.320146848848447,0.5358731465156739,0.0,280.24226525820194,87570.83510349438,1.0885885610815558,335.5968127464704,0.0,0.0,81.7784058774541,3640.081033543607
9.17492187499989,1218.207575500197,81.52171516302829,81.52178662411876,12.82108020929892,-0.6071095989687672,-0.0023314113675243064,8.771115117400045e-06,5.042091796437757,0.5189999999999962,0.8737345873134494,1.1698727779261224,2.96138190612673,0.2429205108222764,0.0,15.220274784010885,0.5358227728679492,0.0,280.2316507592487,87553.46466605375,1.0884138549942237,335.59038036010475,0.0,0.0,81.52178662411868,3616.691320858176
9.19492187499989,1219.8354469029973,81.26549080371511,81.26556261005278,12.801369193457433,-0.6092692908119363,-0.0023425527625919955,5.589127413466197e-06,5.042091796437757,0.5189999999999962,0.8737345873134494,1.1698675291366436,2.9613294182319416,0.2421616355873097,0.0,15.120914686555851,0.5357726318925874,0.0,280.2210695951305,87536.14878047365,1.0882396843982696,335.58396817464904,0.0,0.0,81.2655626100527,3593.4173153512274
9.21492187499989,1221.4581977540768,81.00965965437352,81.00973180971798,12.781759180049749,-0.6114308013485205,-0.002353797407869461,4.372138835103647e-06,5.042091796437757,0.5189999999999962,0.8737345873134494,1.1698611492132867,2.961265618998372,0.24140388859392503,0.0,15.022063754797033,0.5357227224969665,0.0,280.2105217145985,87518.88736288626,1.0880660485728422,335.57757615904666,0.0,0.0,81.00973180971789,3570.258420858916
9.23492187499989,1223.075835897471,80.75421970042649,80.75429220863906,12.762249621445742,-0.6135941585711655,-0.002365053343922472,6.875299533478274e-06,5.042091796437757,0.5189999999999962,0.8737345873134494,1.1698525976480454,2.9611801033459595,0.24064726406226514,0.0,14.923719208240914,0.5356730435964636,0.0,280.2000070666664,87501.68032985352,1.0878929468007974,335.57120428239983,0.0,0.0,80.75429220863899,3547.2140456610355
9.254921874999889,1224.6883691370379,80.49916893870932,80.49924180333383,12.742839935060129,-0.6157593888853686,-0.002376227705695463,1.0352747291711288e-05,5.042091796437757,0.5189999999999962,0.8737345873134494,1.1698435017757423,2.961089144622928,0.23989175624399653,0.0,14.82587828577541,0.5356235941143903,0.0,280.1895256006092,87484.52759836477,1.0877203783686762,335.5648525139692,0.0,0.0,80.49924180333375,3524.2836024442936
9.274921874999889,1226.2958052366819,80.24450537705862,80.2445786012404,12.72352957481149,-0.6179265126772205,-0.0023872344005156413,1.3736850249778018e-05,5.042091796437757,0.5189999999999962,0.8737345873134494,1.169834494216815,2.9609990690336563,0.23913735942210318,0.0,14.728538247602636,0.5355743729819282,0.0,280.17907726596155,87467.42908583432,1.0875483425666845,335.55852082317267,-0.00032125579504679327,0.00014988804275385876,80.24457860124033,3501.4665082656566
9.294921874999888,1227.8981519205754,79.99022703451914,79.99030062064396,12.704317989645277,-0.6200955421924643,-0.002397996544459686,1.6528760000305366e-05,5.042091796437757,0.5189999999999962,0.8737345873134494,1.1698258704730577,2.960912831596083,0.23838406791067704,0.0,14.631696374028557,0.5355253791380659,0.0,280.1686620125162,87450.38471009908,1.0873768386886737,335.55220917958485,-0.0002701935053011247,0.00016684743333950802,79.99030062064386,3478.762184515932
9.314921874999888,1229.4954168733807,79.73633194076659,79.73640589058213,12.6852046380793,-0.6222664769392178,-0.0024084500786994345,1.864268072754675e-05,5.042091796437757,0.5189999999999962,0.8737345873134494,1.1698176812498413,2.9608309393639187,0.23763187605464714,0.0,14.535349967387994,0.5354766115295297,0.0,280.158279790323,87433.39438941632,1.0872058660321189,335.54591755293575,-0.00021909482625530127,0.00019066326870980334,79.73640589058208,3456.170056881834
9.334921874999887,1231.0876077404582,79.48281813605927,79.48289245076202,12.66618900036006,-0.6244393082757149,-0.0024185462044948878,1.9834061290240875e-05,5.042091796437757,0.5189999999999962,0.8737345873134494,1.1698100713289656,2.960754840155162,0.2368807782295403,0.0,14.439496350240562,0.5354280691107203,0.0,280.147930549687,87416.45804246128,1.0870354238980997,335.53964591311035,-0.00015283215444433307,0.00020218559228392936,79.48289245076197,3433.689555309348
9.354921874999887,1232.6747321280804,79.22968367130582,79.22975835149407,12.647270535626168,-0.6266140190757802,-0.002428254366781912,2.0055628903628363e-05,5.042091796437757,0.5189999999999962,0.8737345873134494,1.1698030685863765,2.9606848127292706,0.23613076884129489,0.0,14.344132867427406,0.5353797508436509,0.0,280.13761424116746,87399.57558832505,1.0868655115912824,335.53339423014745,-9.611353489383332e-05,0.00019772822361220922,79.22975835149401,3411.320113968917
9.374921874999886,1234.2567976036441,78.97692660812365,78.97700165356349,12.628448716742303,-0.6287905823245893,-0.0024375637599403045,1.9524160803248556e-05,5.042091796437757,0.5189999999999962,0.8737345873134494,1.1697965443824025,2.960619570689531,0.23538184232588633,0.0,14.249256886657005,0.535331655697875,0.0,280.1273308155763,87382.74694651221,1.0866961284198986,335.5271624742392,-4.8243202940565406e-05,0.00017694491903330408,78.97700165356342,3389.0611712155096
9.394921874999886,1235.8338116958837,78.72454501842591,78.72462042813483,12.609723050950615,-0.6309689580446748,-0.002446478414459384,1.8570607634813647e-05,5.042091796437757,0.5189999999999962,0.8737345873134494,1.1697903024326122,2.9605571511916273,0.2346339931490525,0.0,14.15486579705829,0.5352837826504205,0.0,280.11708022397676,87365.97203693862,1.0865272736957259,335.52095061572993,-5.14150186678744e-06,0.0001834006552457274,78.72462042813476,3366.9121695519266
9.414921874999886,1237.4057818950691,78.47253698389657,78.47261275668588,12.591093031801028,-0.6331490997396197,-0.0024550116500151745,1.722683797907419e-05,5.042091796437757,0.5189999999999962,0.8737345873134494,1.169784323696698,2.960497363832486,0.23388721580610575,0.0,14.060957006305404,0.5352361306857307,0.0,280.106862417682,87349.25077992924,1.0863589467340704,335.5147586251153,3.938529116819994e-05,0.0001671110417007879,78.47261275668582,3344.8725555949454
9.434921874999885,1238.9727156532085,78.22090059674062,78.22097673092769,12.572558147868202,-0.6353309572231884,-0.002463189421163264,1.5483962873302253e-05,5.042091796437757,0.5189999999999962,0.8737345873134494,1.1697786133061614,2.9604402599271196,0.2331415048217035,0.0,13.967527941980277,0.5351886987956023,0.0,280.0966773482541,87332.5830962161,1.0861911468537477,335.508586473042,0.00010765191818003342,0.00014317138572668295,78.22097673092765,3322.9417800405513
9.454921874999885,1240.5346203842541,77.9696339591319,77.969710452726,12.554117901571656,-0.6375144743268951,-0.0024710498085779133,1.3536169226108975e-05,5.042091796437757,0.5189999999999962,0.8737345873134494,1.1697730560161852,2.9603846870273576,0.23239685474962354,0.0,13.874576052413799,0.5351414859791247,0.0,280.0865249675023,87315.96890693599,1.0860238733770642,335.5024341303064,0.00015887140583061552,9.986840958499523e-05,77.96971045272596,3301.1192976295906
9.474921874999884,1242.091503464303,77.71873518325053,77.71881203401574,12.535771804761303,-0.6396995909084389,-0.00247864302995307,1.2115991128727884e-05,5.042091796437757,0.5189999999999962,0.8737345873134494,1.1697672174772926,2.960326301638432,0.23165326017251806,0.0,13.782098806996704,0.5350944912426188,0.0,280.076405227482,87299.40813362837,1.085857125629798,335.49630156785406,0.0,0.0,77.71881203401567,3279.404567113134
9.494921874999884,1243.6433722317909,77.46820239085834,77.46827959671457,12.517519396229744,-0.6418862469828615,-0.0024860262423709698,1.1432036461514988e-05,5.042091796437757,0.5189999999999962,0.8737345873134494,1.1697609738724883,2.960263865590389,0.2309107157016649,0.0,13.690093691812612,0.5350477135995746,0.0,280.0663180804933,87282.90069823334,1.0856909029411823,335.49018875677893,0.0,0.0,77.46827959671448,3257.7970512180723
9.514921874999883,1245.1902339876824,77.21803371295171,77.21811127269649,12.499360204187983,-0.6440743895260969,-0.0024932609604940365,1.1287627145461765e-05,5.042091796437757,0.5189999999999962,0.8737345873134494,1.1697544416342551,2.960198543208057,0.23016921597689796,0.0,13.598558211194533,0.5350011520706028,0.0,280.05626347908003,87266.44652308954,1.0855252046438872,335.48409566832254,0.0,0.0,77.21811127269643,3236.296216618036
9.534921874999883,1246.7320959956598,76.96822729041979,76.96830520369686,12.481293736635099,-0.6462639790569934,-0.0025004110585285714,1.167304126009336e-05,5.042091796437757,0.5189999999999962,0.8737345873134494,1.1697476263617752,2.9601303904832577,0.22942875566633217,0.0,13.50748988959039,0.5349548056833721,0.0,280.0462413760282,87250.04553093223,1.0853600300740027,335.4780222738731,0.0,0.0,76.96830520369677,3214.901533898776
9.554921874999883,1248.2689654823214,76.71878127400157,76.71885954124149,12.46331949326364,-0.6484549881708056,-0.0025075435786174427,1.2604136427632437e-05,5.042091796437757,0.5189999999999962,0.8737345873134494,1.1697405185154577,2.9600593120200824,0.22868932946616186,0.0,13.416886270748687,0.5349086734725517,0.0,280.0362517243649,87233.6976448911,1.0851953785710204,335.47196854496514,0.0,0.0,76.71885954124141,3193.6124775259086
9.574921874999882,1249.8008496373782,76.46969382427625,76.46977244656301,12.445436996391765,-0.6506473997230205,-0.0025147278672668534,1.3828911836243476e-05,5.042091796437757,0.5189999999999962,0.8737345873134494,1.1697332673189584,2.95998680005509,0.22795093210041928,0.0,13.326744916457216,0.5348627544797534,0.0,280.026294477357,87217.40278848825,1.085031249477816,335.46593445327835,0.00018753476559402643,-0.0002816042909845926,76.46977244656296,3172.4285258118107
9.594921874999882,1251.3277556138482,76.22096311113629,76.2210420905474,12.427645785343417,-0.6528412065452708,-0.0025220310458288456,1.4963540996853993e-05,5.042091796437757,0.5189999999999962,0.8737345873134494,1.1697261001549963,2.959915128415469,0.2272135583208242,0.0,13.237063406426943,0.534817047753478,0.0,280.01636958851,87201.16088563607,1.08486764214063,335.4599199706371,0.00016051686488638894,-0.00033692023182019725,76.22104209054737,3151.3491608853396
9.614921874999881,1252.8496905282411,75.97258731399582,75.97266665365008,12.409945350340237,-0.6550364168255641,-0.0025295145613937935,1.6274885627708817e-05,5.042091796437757,0.5189999999999962,0.8737345873134494,1.1697188586971017,2.9598427138365224,0.22647720290654227,0.0,13.147839341236686,0.5347715523490569,0.0,280.0064770115664,87184.97186063528,1.0847045559090525,335.45392506900924,0.00010977581829583514,-0.000362429158083205,75.97266665365004,3130.373868659275
9.63492187499988,1254.3666614607555,75.7245646224501,75.72464432580526,12.392335204816536,-0.6572330484658463,-0.002537235354189127,1.7447331790117212e-05,5.042091796437757,0.5189999999999962,0.8737345873134494,1.1697117298854518,2.9597714257200236,0.2257418606639233,0.0,13.059070337386043,0.5347262673285939,0.0,279.99661670050506,87168.8356381729,1.0845419901360036,335.4479497205061,0.00010099343919833555,-0.0003575807216490762,75.72464432580523,3109.5021387975003
9.65492187499988,1255.8786754554787,75.47689323562476,75.47697330639129,12.374814859652357,-0.6594311222950854,-0.0025452383146850294,1.8233700421271336e-05,5.042091796437757,0.5189999999999962,0.8737345873134494,1.1697048601098172,2.959702727963678,0.22500752642640603,0.0,12.970754029535179,0.5346811917609168,0.0,279.98678860953936,87152.75214331997,1.0843799441777158,335.4419938973808,8.039657336960725e-05,-0.00035905132472218424,75.47697330639124,3088.7334646870327
9.67492187499988,1257.385739520577,75.22957136217065,75.22965180412926,12.357383860412634,-0.6616306599929854,-0.002553553826956287,1.8438294884655352e-05,5.042091796437757,0.5189999999999962,0.8737345873134494,1.1696983652449366,2.959637779314872,0.22427419505422463,0.0,12.882888070508969,0.5346363247215166,0.0,279.97699269311624,87136.72130152975,1.0842184173937157,335.43605757202846,9.818178623379885e-05,-0.0003762217739497565,75.22965180412923,3068.0673434048504
9.69492187499988,1258.8878606284763,74.98259721948043,74.98267803704061,12.340041754929246,-0.6638316884209591,-0.0025621967163574916,1.783233857820149e-05,5.042091796437757,0.5189999999999962,0.8737345873134494,1.1696923807636859,2.9595779345023643,0.22354186143429014,0.0,12.795470131037446,0.5345916652925002,0.0,279.9672289059149,87120.74303863558,1.0840574091468087,335.43014071698445,0.0001077171652714997,-0.00037291874184093484,74.98267803704059,3047.5032756897954
9.71492187499988,1260.3850457160474,74.73596903468764,74.73605023234185,12.322788064121026,-0.6660342390160605,-0.0025711632512121696,1.6518755483720505e-05,5.042091796437757,0.5189999999999962,0.8737345873134494,1.1696868455491038,2.959522582356544,0.22281052047988503,0.0,12.708497901550802,0.5345472125625295,0.0,279.9574972028457,87104.81728084905,1.0838969188030605,335.4242433049245,0.00010553293611335786,-0.0003838055922076364,74.73605023234182,3027.0407659096168
9.734921874999879,1261.877301684796,74.48968504413041,74.48976662636836,12.305622314900083,-0.6682383430210209,-0.002580434907570562,1.4697251801695866e-05,5.042091796437757,0.5189999999999962,0.8737345873134494,1.1696816410895452,2.9594705377609576,0.22208016713044396,0.0,12.621969090640913,0.5345029656267678,0.0,279.9477975390488,87088.94395475792,1.08373694573178,335.41836530866357,0.0001021081700582114,-0.0003830937082174089,74.48976662636831,3006.6793220306527
9.754921874999878,1263.3646354010475,74.24374349339078,74.24382546450231,12.288544055164303,-0.6704440297275295,-0.0025899770513248487,1.2419534577647832e-05,5.042091796437757,0.5189999999999962,0.8737345873134494,1.169676736605842,2.959421492923926,0.2213507963513471,0.0,12.535881423650642,0.5344589235868266,0.0,279.93812986989315,87073.12298732417,1.083577489305503,335.4125067011553,0.0,0.0,74.24382546450227,2986.4184555881297
9.774921874999878,1264.8470536961306,73.9981426371771,73.99822500109998,12.271552819017298,-0.672651323959658,-0.002599746493599197,9.98639092134054e-06,5.042091796437757,0.5189999999999962,0.8737345873134494,1.1696719536715072,2.959373663580578,0.2206224031337112,0.0,12.450232643802174,0.5344150855507136,0.0,279.92849415097515,87057.35430588204,1.0834185488999735,335.40666745549095,0.0,0.0,73.99822500109994,2966.257681656635
9.794921874999877,1266.324563366559,73.7528807393177,73.75296349943191,12.254648179652568,-0.6748602440673387,-0.002609691023676567,7.534758564951204e-06,5.042091796437757,0.5189999999999962,0.8737345873134494,1.1696672109718935,2.959326236584441,0.2198949824942192,0.0,12.365020510365463,0.5343714506327828,0.0,279.91889033811736,87041.63783813611,1.0832601238941302,335.40084754489914,0.0,0.0,73.75296349943189,2946.1965188219106
9.814921874999877,1267.7971711742084,73.50795607207976,73.50803923161229,12.23782971741933,-0.6770708027844325,-0.002619754289090153,5.8216073501235974e-06,5.042091796437757,0.5189999999999962,0.8737345873134494,1.1696620596127214,2.9592747229927197,0.2191685294749173,0.0,12.280242800055687,0.5343280179536827,0.0,279.90931838736765,87025.9735121594,1.0831022136700859,335.3950469427448,0.0,0.0,73.50803923161223,2926.234489151973
9.834921874999877,1269.2648838464866,73.26336691648336,73.26345047853876,12.221096978088651,-0.6792830111081882,-0.00262988004243879,5.469720831858191e-06,5.042091796437757,0.5189999999999962,0.8737345873134494,1.169656130260691,2.959215429472415,0.2184430391430436,0.0,12.19589730514224,0.5342847866403077,0.0,279.89977825499784,87010.36125639158,1.082944817613116,335.3892656225287,0.0,0.0,73.26345047853869,2906.371118169363
9.854921874999876,1270.727708076509,73.01911156228482,73.01919552983676,12.20444952728476,-0.6814968780567685,-0.00264001353104451,6.510682085169955e-06,5.042091796437757,0.5189999999999962,0.8737345873134494,1.1696494039983312,2.9591481668488173,0.21771850659086964,0.0,12.111981834387814,0.53424175582575,0.0,279.89026989750266,86994.8009996371,1.0827879351116396,335.3835035578866,0.0,0.0,73.0191955298367,2886.605934823927
9.874921874999876,1272.1856505232768,72.77518830819048,72.77527268379575,12.187886916064983,-0.6837124084014636,-0.0026501050765163595,8.027799200277273e-06,5.042091796437757,0.5189999999999962,0.8737345873134494,1.1696424241924621,2.9590783687901268,0.2169949269355177,0.0,12.028494212531324,0.5341989246492507,0.0,279.8807932715987,86979.29267106325,1.082631565557204,335.37776072258885,0.0,0.0,72.7752726837957,2866.938471465207
9.894921874999875,1273.6387178118505,72.531595461654,72.53168024730358,12.171408718641384,-0.6859296009965198,-0.002660107662223926,9.763433672304681e-06,5.042091796437757,0.5189999999999962,0.8737345873134494,1.1696353434083602,2.9590075609491073,0.21627229531877284,0.0,11.945432281446537,0.5341562922561506,0.0,279.87134833422294,86963.83620019838,1.0824757083444696,335.37203709053915,0.0,0.0,72.53168024730353,2847.368263814904
9.914921874999875,1275.086916533528,72.28833133854194,72.28841653577082,12.155014497642403,-0.6881484455547947,-0.002669977039520056,1.1488157469923844e-05,5.042091796437757,0.5189999999999962,0.8737345873134494,1.1696282975772363,2.9589371026378686,0.215550606906865,0.0,11.862793898956493,0.5341138577978407,0.0,279.861935042532,86948.43151692998,1.0823203628711915,335.3663326357744,0.0,0.0,72.28841653577075,2827.8948509388006
9.934921874999874,1276.5302532460075,72.04539426341572,72.04547987307923,12.138703843487832,-0.6903689266060269,-0.002679669943399251,1.3005444614683766e-05,5.042091796437757,0.5189999999999962,0.8737345873134494,1.1696214030554442,2.958868157419947,0.21482985689032247,0.0,11.780576938717756,0.5340716204317155,0.0,279.85255335390093,86933.07855150294,1.0821655285382064,335.36064733246394,0.0,0.0,72.04547987307913,2808.517775220797
9.954921874999874,1277.9687344735628,71.80278256892916,71.80286859151421,12.12247634212947,-0.6925910201261564,-0.0026891510667945463,1.419524691168279e-05,5.042091796437757,0.5189999999999962,0.8737345873134494,1.1696147309156444,2.9588014360219494,0.21411004048377819,0.0,11.698779290350899,0.5340295793211258,0.0,279.8432032259218,86917.77723451769,1.0820112047494153,335.3549811549086,-0.0001347836349102777,0.0002176080378117046,71.80286859151416,2789.236582335924
9.974921874999874,1279.4023667072022,71.56049459608526,71.56058103170506,12.106331580078342,-0.6948146980121088,-0.002698393168442348,1.499471502806505e-05,5.042091796437757,0.5189999999999962,0.8737345873134494,1.1696083182779808,2.958737309645314,0.21339115292579824,0.0,11.617398859440751,0.5339877336353315,0.0,279.83388461640317,86902.5274969285,1.081857390911769,335.34933407754033,-7.739008963727234e-05,0.0002216202114092251,71.56058103170501,2770.0508212241602
9.994921874999873,1280.8311564048377,71.31852869416858,71.31861554255491,12.09026915070081,-0.6970399273847651,-0.0027073794259932613,1.5507720856778517e-05,5.042091796437757,0.5189999999999962,0.8737345873134494,1.1696021034470612,2.9586751613361173,0.21267318947868105,0.0,11.53643356792404,0.5339460825494545,0.0,279.8245974833685,86887.32927004171,1.0817040864352545,335.34370607492133,-2.6889061838542926e-05,0.00022336571373002335,71.31861554255487,2750.9600440637196
10.014921874999873,1282.2551099914479,71.07688322048337,71.076970481178,12.0742886526084,-0.6992666711340189,-0.0027161008267495104,1.5742468543070847e-05,5.042091796437757,0.5189999999999962,0.8737345873134494,1.1695960814366457,2.958614941231963,0.21195614542827693,0.0,11.455881353052128,0.5339046252444322,0.0,279.8153417850556,86872.18248551394,1.0815512907328761,335.33809712174366,2.9070322675420493e-05,0.00022508846812706258,71.07697048117795,2731.963806245086
10.034921874999872,1283.6742338592362,70.83555654017243,70.83564421283968,12.05838970026521,-0.7014948916570763,-0.0027245583187321255,1.5567677490613823e-05,5.042091796437757,0.5189999999999962,0.8737345873134494,1.1695903299682064,2.95855742654757,0.2112400160838167,0.0,11.37574016704649,0.5338633609069724,0.0,279.8061174799149,86857.0870753505,1.0813990032206455,335.3325071928284,8.832383799508355e-05,0.00022092580083301908,70.83564421283965,2713.061666345508
10.054921874999872,1285.0885343677885,70.59454702651766,70.59463511090343,12.04257188414241,-0.7037245543863373,-0.0027327614489903785,1.510827844297406e-05,5.042091796437757,0.5189999999999962,0.8737345873134494,1.1695847748558554,2.95850187542406,0.21052479677776015,0.0,11.296007978437578,0.5338222887295092,0.0,279.79692452660936,86842.0429719036,1.0812472233175627,335.3269362631253,0.000125605387711943,0.00020033892472386052,70.59463511090338,2694.253186104209
10.074921874999871,1286.4980178442377,70.35385306079307,70.35394155675174,12.026834804301803,-0.7059556246986123,-0.002740728648178824,1.4554308247627574e-05,5.042091796437757,0.5189999999999962,0.8737345873134494,1.1695793033147381,2.958447160012887,0.20981048286556817,0.0,11.21668277113912,0.5337814079101557,0.0,279.7877628840124,86827.05010787069,1.0810959504456052,335.3213843077115,0.00017608148242356054,0.00017350336401445295,70.3539415567517,2675.5379303958534
10.094921874999871,1287.902690583421,70.1134730321634,70.11356193973502,12.011178068192708,-0.7081880704254366,-0.0027484845972482997,1.3945401195844512e-05,5.042091796437757,0.5189999999999962,0.8737345873134494,1.1695738917318323,2.958393044183829,0.20909706972555617,0.0,11.137762543524053,0.5337407176526606,0.0,279.7786325112077,86812.10841629276,1.0809451840297108,335.3158513017919,0.0,0.0,70.113561939735,2656.915467206325
10.11492187499987,1289.3025588480393,69.8734053377872,69.87349465710939,11.995601294682341,-0.710421860866833,-0.002756059139349378,1.3368484395579657e-05,5.042091796437757,0.5189999999999962,0.8737345873134494,1.1695684884693693,2.958339011559199,0.2083845527587162,0.0,11.059245308991786,0.5337002171663646,0.0,279.7695333674877,86797.2178305526,1.0807949234977634,335.31033722069753,0.0,0.0,69.87349465710936,2638.385367607893
10.13492187499987,1290.6976288688095,69.63364838218034,69.6337381139914,11.980104105643823,-0.7126569703471182,-0.002763485800138937,1.2716052388005482e-05,5.042091796437757,0.5189999999999962,0.8737345873134494,1.1695631571104141,2.958285697969647,0.20767292738858859,0.0,10.98112909511734,0.5336599056661588,0.0,279.7604654123527,86782.37828437325,1.0806451682805802,335.3048420398857,0.0,0.0,69.63373811399136,2619.9472057358607
10.15492187499987,1292.0879068446184,69.39420057777392,69.39429072329095,11.964686090942172,-0.7148933795753918,-0.0027708012926442684,1.2281260074289871e-05,5.042091796437757,0.5189999999999962,0.8737345873134494,1.1695577237712873,2.9582313645783787,0.2069621890610688,0.0,10.903411945290289,0.5336197823724406,0.0,279.75142860550994,86767.58971181634,1.0804959178118962,335.29936573493904,0.0,0.0,69.39429072329091,2601.600558763747
10.17492187499987,1293.4733989426813,69.15506034498502,69.15515090564826,11.949346876744608,-0.7171310738519391,-0.0027780444290238693,1.1996897021973965e-05,5.042091796437757,0.5189999999999962,0.8737345873134494,1.169552228153806,2.9581764084035655,0.20625233324422595,0.0,10.82609191635249,0.5335798465110699,0.0,279.74242290687255,86752.85204728035,1.08034717152835,335.29390828156477,0.0,0.0,69.15515090564823,2583.345006878984
10.194921874999869,1294.8541112986968,68.91622611176544,68.91631708938509,11.93408607205521,-0.7193700421952963,-0.002785256219108917,1.206625150601895e-05,5.042091796437757,0.5189999999999962,0.8737345873134494,1.1695465496468314,2.958119623333819,0.20554335542816413,0.0,10.74916708031921,0.5335400973133291,0.0,279.7334482765584,86738.16522549905,1.08019892886947,335.28846965559444,0.0,0.0,68.91631708938507,2565.180133259898
10.214921874999868,1296.230050017001,68.6776963137236,68.67778771044495,11.918903309060767,-0.7216102766734701,-0.002792478295394284,1.232366571320869e-05,5.042091796437757,0.5189999999999962,0.8737345873134494,1.1695407863115315,2.9580619899808203,0.20483525112485068,0.0,10.672635522556007,0.5335005340158805,0.0,279.7245046748895,86723.52918153981,1.0800511892776599,335.283049832983,0.0,0.0,68.6777877104449,2547.10552405204
10.234921874999868,1297.6012211707132,68.43946939373578,68.4395612123465,11.903798217939206,-0.7238517764701893,-0.002799750444048068,1.2646767465683717e-05,5.042091796437757,0.5189999999999962,0.8737345873134494,1.1695350106041307,2.9580042329068124,0.20412801586798413,0.0,10.5964953427497,0.5334611558607265,0.0,279.71559206239033,86708.94385080202,1.079903952198185,335.27764878980855,0.0,0.0,68.43956121234645,2529.1207683457114
10.254921874999868,1298.9676308018888,68.20154380253481,68.20163604611442,11.888770402070405,-0.726094545731563,-0.0028071112778204027,1.3231517946068753e-05,5.042091796437757,0.5189999999999962,0.8737345873134494,1.1695291062439868,2.957945189305373,0.20342164521279407,0.0,10.520744655530319,0.5334219620951666,0.0,279.7067103997877,86694.40916901556,1.0797572170791583,335.27226650227135,0.0,0.0,68.20163604611439,2511.225458151981
10.274921874999867,1300.3292849216723,67.96391799816938,67.96401067023213,11.873819509145811,-0.7283385923821598,-0.0028145964305802624,1.3856116984008351e-05,5.042091796437757,0.5189999999999962,0.8737345873134494,1.1695232046046047,2.9578861729115524,0.2027161347359067,0.0,10.445381588335668,0.5333829519717588,0.0,279.6978596480091,86679.92507223907,1.0796109833715275,335.26690294669356,0.0,0.0,67.96401067023208,2493.4191883805306
10.294921874999867,1301.6861895104407,67.72659044593493,67.72668355058977,11.858945171887743,-0.7305839306437759,-0.002822239123701358,1.4374747896195004e-05,5.042091796437757,0.5189999999999962,0.8737345873134494,1.1695173920484685,2.9578280473501906,0.2020114800351965,0.0,10.370404282585778,0.5333441247482786,0.0,279.6890397681821,86665.49149685848,1.0794652505290596,335.26155809951837,0.0,0.0,67.72668355058973,2475.7015568173365
10.314921874999866,1303.0383505179523,67.48955961862664,67.48965316042602,11.844147002249201,-0.7328305803762154,-0.0028300665118228454,1.480353682025726e-05,5.042091796437757,0.5189999999999962,0.8737345873134494,1.1695116588932954,2.95777071579846,0.20130767672961866,0.0,10.295810893879205,0.5333054796876808,0.0,279.6802507216333,86651.1083795854,1.0793200180083296,335.25623193730974,0.0,0.0,67.489653160426,2458.07216410207
10.334921874999866,1304.3857738634968,67.25282399659524,67.25291798026937,11.82942463802545,-0.7350785646587036,-0.002838100096762164,1.5144323641723426e-05,5.042091796437757,0.5189999999999962,0.8737345873134494,1.1695060039502108,2.957714166367613,0.20060472045904013,0.0,10.221599591389472,0.5332670160580573,0.0,279.67149246988726,86636.7756574556,1.0791752852687049,335.2509244367517,6.659752049394619e-05,-0.00044721898654246267,67.25291798026936,2440.5306137056514
10.354921874999865,1305.7284654360426,67.01638206735602,67.0164764978832,11.81477772032993,-0.7373279087588868,-0.002846354011099459,1.535353347891068e-05,5.042091796437757,0.5189999999999962,0.8737345873134494,1.1695004529320088,2.9576586561855933,0.19990260688408265,0.0,10.147768566786786,0.5332287336127596,0.0,279.6627649746657,86622.49326782729,1.079031051772332,335.2456355746474,2.0668457788639136e-05,-0.0004541403436285134,67.01647649788318,2423.0765119082744
10.374921874999865,1307.066431094381,66.78023232559806,66.78032720806338,11.80020587782038,-0.7395786391574918,-0.002854836148232639,1.5455191019221423e-05,5.042091796437757,0.5189999999999962,0.8737345873134494,1.1694949915196562,2.9576040420620675,0.19920133168552479,0.0,10.074316063150487,0.5331906341270741,0.0,279.6540681978865,86608.26114837974,1.0788873169841249,335.2403653279192,-1.0830050630594189e-05,-0.0004497216431929935,66.78032720806334,2405.70946776699
10.394921874999865,1308.399676667271,66.54437327357003,66.54446861279996,11.785708741953625,-0.7418307811364404,-0.0028635476112002156,1.5331137017056537e-05,5.042091796437757,0.5189999999999962,0.8737345873134494,1.1694896896416365,2.9575510232818703,0.19850089056479062,0.0,10.001240232299315,0.5331527139029283,0.0,279.64540210166274,86594.07923711167,1.0787440803717483,335.23511367360766,-4.9536728754579124e-05,-0.0004394605914158262,66.54446861279993,2388.429093109829
10.414921874999864,1309.728207953589,66.30880342061107,66.30889922125404,11.771285958729804,-0.7440843567142256,-0.002872482191791603,1.4929825809524301e-05,5.042091796437757,0.5189999999999962,0.8737345873134494,1.1694845777747556,2.9574999046130612,0.19780127924388666,0.0,9.928539296646079,0.5331149722286024,0.0,279.63676664830166,86579.94747233966,1.0786013414056081,335.2298805888708,0.0,0.0,66.30889922125401,2371.2350025165492
10.434921874999864,1311.0520307224685,66.07352128307474,66.07361754961958,11.756937175507069,-0.7463393847561075,-0.0028816273107659563,1.4187674076678852e-05,5.042091796437757,0.5189999999999962,0.8737345873134494,1.1694796934989815,2.9574510618553207,0.19710249346499598,0.0,9.856211491698437,0.5330774083973246,0.0,279.62816180030393,86565.86579269664,1.0784590995588348,335.2246660509842,0.0,0.0,66.07361754961957,2354.126813291318
10.454921874999863,1312.371150713442,65.83852538458879,65.83862212105812,11.7426620350369,-0.7485958810419536,-0.0028909629830484447,1.3218967829326421e-05,5.042091796437757,0.5189999999999962,0.8737345873134494,1.169474968974679,2.9574038166122962,0.19640452899028923,0.0,9.784255066491802,0.533040021707232,0.0,279.6195875203626,86551.83413713047,1.0783173543072722,335.21947003733976,0.0,0.0,65.8386221210581,2337.10414544087
10.474921874999863,1313.6855736365828,65.60381425546832,65.60391146564507,11.728460202975423,-0.7508538554538394,-0.0029004640878971914,1.2013469194528406e-05,5.042091796437757,0.5189999999999962,0.8737345873134494,1.1694704101595135,2.9573582284606403,0.19570738160177098,0.0,9.712668282557727,0.5330028114613324,0.0,279.6110437713622,86537.85244490231,1.0781761051294638,335.21429252544544,0.0,0.0,65.60391146564504,2320.166621653697
10.494921874999863,1314.995305172639,65.36938643295305,65.36948412032754,11.714331339313672,-0.753113315197315,-0.0029101002436948543,1.0667545535760705e-05,5.042091796437757,0.5189999999999962,0.8737345873134494,1.1694659598237445,2.95731372510295,0.19501104710115916,0.0,9.641449414441404,0.5329657769674704,0.0,279.60253051637784,86523.9206555853,1.0780353515066414,335.20913349292493,0.0,0.0,65.36948412032753,2303.313867280198
10.514921874999862,1316.300350973171,65.1352404609011,65.13533862886176,11.700275113782704,-0.7553742640739035,-0.002919834188238762,9.674882288487386e-06,5.042091796437757,0.5189999999999962,0.8737345873134494,1.1694613251101664,2.95726737796717,0.1943155213097045,0.0,9.570596749976868,0.5329289175382885,0.0,279.59404771867435,86510.03870906304,1.0778950929227114,335.20399291751664,0.0,0.0,65.13533862886175,2286.545510311568
10.534921874999862,1317.600716660682,64.9013748899736,64.9014735417669,11.686291188733477,-0.7576367051786951,-0.0029296268310856494,9.369702757403053e-06,5.042091796437757,0.5189999999999962,0.8737345873134494,1.1694563077442015,2.9572172043075207,0.1936208000680589,0.0,9.500108588892731,0.5328922324911924,0.0,279.5855953417055,86496.20654552818,1.077755328864242,335.1988707770736,0.0,0.0,64.90147354176688,2269.8611813600187
10.554921874999861,1318.8964078287581,64.667788277601,64.66788741628415,11.672379211915924,-0.7599006388221178,-0.0029394402874054386,9.483099452095619e-06,5.042091796437757,0.5189999999999962,0.8737345873134494,1.1694510670595795,2.9571647974613002,0.1929268792361589,0.0,9.429983242344148,0.5328557211483175,0.0,279.577173349113,86482.42410548104,1.077616058820454,335.1937670495625,0.0,0.0,64.66788741628412,2253.2605136395246
10.57492187499986,1320.1874300422035,64.43447918822851,64.43457881633348,11.658538843220926,-0.7621660608837192,-0.00294923976214764,9.782314409529277e-06,5.042091796437757,0.5189999999999962,0.8737345873134494,1.169445741008202,2.9571115369475254,0.19223375469310236,0.0,9.360219034057156,0.5328193828364934,0.0,279.56878170472567,86468.69132972804,1.0774772822832035,335.1886817130638,0.0,0.0,64.43457881633347,2236.7431429465473
10.59492187499986,1321.4737888371756,64.20144619265862,64.20154631245373,11.644769779719791,-0.7644329620574688,-0.0029589919423169734,1.0516335497064543e-05,5.042091796437757,0.5189999999999962,0.8737345873134494,1.1694401817916351,2.9570559447818567,0.19154142233697558,0.0,9.290814300952952,0.5327832168872085,0.0,279.5604203725583,86455.00815938032,1.0773389987469728,335.18361474577034,0.0,0.0,64.20154631245371,2220.3087076397624
10.61492187499986,1322.7554897213115,63.96868786808503,63.96878848175799,11.631071688663242,-0.7667013314258035,-0.0029686654584628863,1.1419482301218333e-05,5.042091796437757,0.5189999999999962,0.8737345873134494,1.1694345468707463,2.956999595572969,0.1908498780847258,0.0,9.221767391172545,0.5327472226365759,0.0,279.5520893168115,86441.37453585242,1.0772012077088573,335.1785661259878,0.0,0.0,63.96878848175798,2203.9568486210333
10.63492187499986,1324.0325381738587,63.736202798363195,63.7363039078929,11.61744423204677,-0.7689711560141343,-0.0029782336035161236,1.2058860791498733e-05,5.042091796437757,0.5189999999999962,0.8737345873134494,1.169429092860922,2.9569450554747245,0.1901591178720456,0.0,9.153076664414012,0.5327113994253004,0.0,279.54378850186987,86427.79040086085,1.0770639086685545,335.17353583213315,0.0,0.0,63.7363039078929,2187.6872093167854
10.654921874999859,1325.3049396458084,63.50398957394683,63.504091180989036,11.603887094244227,-0.771242419399488,-0.0029876749917031676,1.2564542128523472e-05,5.042091796437757,0.5189999999999962,0.8737345873134494,1.169423742537824,2.9568915522437456,0.18946913765322979,0.0,9.084740493475099,0.5326757465986446,0.0,279.5355178923022,86414.25569642268,1.0769271011283503,335.1685238427351,0.0,0.0,63.50409118098901,2171.4994356589204
10.674921874999859,1326.5726995600232,63.27204679159822,63.27214889760684,11.59039996304975,-0.7735151025260091,-0.002996972943858842,1.2821044299862728e-05,5.042091796437757,0.5189999999999962,0.8737345873134494,1.1694185642731718,2.9568397695972237,0.18877993340102064,0.0,9.016757262495299,0.5326402635063937,0.0,279.52727745285983,86400.77036485422,1.0767907845931086,335.16353013643305,0.0,0.0,63.272148897606804,2155.393176065603
10.694921874999858,1327.835823311364,63.04037305426722,63.04047566069485,11.576982522747418,-0.7757891846612714,-0.0030061163344077208,1.2765486570369095e-05,5.042091796437757,0.5189999999999962,0.8737345873134494,1.1694135952688054,2.9567900795535595,0.18809150110648798,0.0,8.949125367524388,0.5326049495028244,0.0,279.5190671484761,86387.3343487696,1.0766549585702594,335.1585546919765,0.0,0.0,63.04047566069482,2139.368081423017
10.714921874999858,1329.0943162668138,62.808966971351644,62.80907007954111,11.563634450149305,-0.7780646448440713,-0.003015101034894012,1.2494577011604163e-05,5.042091796437757,0.5189999999999962,0.8737345873134494,1.1694087780778597,2.9567419076441026,0.18740383677888986,0.0,8.881843216707322,0.5325698039466704,0.0,279.5108869442657,86373.94759107949,1.0765196225697857,335.15359748822505,0.0,0.0,62.80907007954108,2123.4238050668246
10.734921874999857,1330.3481837656093,62.57782715867238,62.5779307697204,11.550355428806474,-0.7803414595020209,-0.003023926605315895,1.21330594729855e-05,5.042091796437757,0.5189999999999962,0.8737345873134494,1.169404038647944,2.9566945133449463,0.18671693644552062,0.0,8.814909229846013,0.5325348262010898,0.0,279.5027368055235,86360.61003498975,1.0763847761042151,335.14865850414725,0.0,0.0,62.57793076972035,2107.5600027634937
10.754921874999857,1331.5974311193638,62.34695223811936,62.34705635305261,11.5371451668411,-0.7826196033687243,-0.003032595837537065,1.1585247950428395e-05,5.042091796437757,0.5189999999999962,0.8737345873134494,1.1693994336226101,2.956648463091607,0.186030796151592,0.0,8.748321837748769,0.5325000156336335,0.0,279.4946166977241,86347.321624,1.0762504186886042,335.14373771882083,0.0,0.0,62.347056353052565,2091.7763326925315
10.774921874999857,1332.8420636121887,62.11634083758226,62.11644545756042,11.524003355659202,-0.7848990515691381,-0.0030411156720970846,1.0799857514976005e-05,5.042091796437757,0.5189999999999962,0.8737345873134494,1.1693949933192442,2.956604060057948,0.18534541196011214,0.0,8.682079482774151,0.532465371616213,0.0,279.48652658652077,86334.08230190247,1.0761165498405298,335.1388351114316,0.0,0.0,62.11644545756039,2076.0724554288054
10.794921874999856,1334.0820865008145,61.88599159116412,61.88609671742424,11.51092967989948,-0.7871797805618286,-0.0030494978894628245,9.958837444031013e-06,5.042091796437757,0.5189999999999962,0.8737345873134494,1.169390609756962,2.9565602244351252,0.1846607799517565,0.0,8.616180619060671,0.5324308935250697,0.0,279.47846643774466,86320.8920127806,1.0759831690800783,335.1339506612733,0.0,0.0,61.8860967174242,2060.4480339248344
10.814921874999856,1335.3175050147179,61.65590313924901,61.656008772930214,11.497923837869438,-0.7894617661510219,-0.0030577590523668922,9.064218473564221e-06,5.042091796437757,0.5189999999999962,0.8737345873134494,1.1693862816471468,2.956516943336973,0.18397689622471783,0.0,8.550623711579911,0.5323965807407421,0.0,279.4704362174043,86307.75070100775,1.075850275929832,335.12908434774704,0.0,0.0,61.656008772930164,2044.9027334927566
10.834921874999855,1336.5483243562414,61.42607412813328,61.42618027043125,11.484985529378141,-0.7917449842675789,-0.0030659201756411585,8.397144791606098e-06,5.042091796437757,0.5189999999999962,0.8737345873134494,1.1693818421628626,2.956472548494131,0.18329375689459537,0.0,8.485407236846887,0.5323624326480357,0.0,279.46243589168444,86294.65831124593,1.0757178699148604,335.1242361503608,0.0,0.0,61.4261802704312,2029.4362217873177
10.854921874999855,1337.7745497007147,61.19650321014071,61.196609862298494,11.472114463408102,-0.794029410927821,-0.0030740064683328454,8.221242207071006e-06,5.042091796437757,0.5189999999999962,0.8737345873134494,1.169377134873417,2.9564254755996755,0.18261135809425488,0.0,8.420529682284393,0.5323284486359912,0.0,279.4544654269453,86281.61478844444,1.0755859505627066,335.1194060487289,0.0,0.0,61.19660986229844,2014.0481687883494
10.874921874999854,1338.9961861965712,60.96718904334212,60.96729620688265,11.459310344687983,-0.796315023948431,-0.003082045649661208,8.633921051369978e-06,5.042091796437757,0.5189999999999962,0.8737345873134494,1.1693721019173808,2.956375146039314,0.18192969597371855,0.0,8.355989546090994,0.5322946280978554,0.0,279.4465247897223,86268.62007783871,1.0754545174033787,335.11459402257174,0.0,0.0,60.967296206882594,1998.7382467840637
10.894921874999854,1340.2132389654655,60.73813029178962,60.738237968470884,11.446572883489452,-0.7986018039043173,-0.0030900671846727686,9.51704863892442e-06,5.042091796437757,0.5189999999999962,0.8737345873134494,1.169366813269459,2.9563222595600958,0.18124876670004153,0.0,8.29178533718418,0.532260970431051,0.0,279.43861394672444,86255.67412494903,1.0753235699693375,335.109800051715,0.0,0.0,60.73823796847086,1983.506130354168
10.914921874999854,1341.4257131023903,60.50932562520739,60.50943381725021,11.433901790438718,-0.8008897346679887,-0.003098099389643215,1.0556492044055387e-05,5.042091796437757,0.5189999999999962,0.8737345873134494,1.1693614551182872,2.956268678048377,0.18056856645720717,0.0,8.227915575000726,0.5322274750371473,0.0,279.43073286483445,86242.77687557926,1.0751931077954868,335.1050241160897,0.0,0.0,60.509433817250155,1968.3514963535442
10.934921874999853,1342.6336136757927,60.28077371937535,60.28088242925933,11.421296762419756,-0.8031788043909733,-0.003106168569420087,1.18246418066991e-05,5.042091796437757,0.5189999999999962,0.8737345873134494,1.16935598444977,2.9562139713632063,0.17988909144598944,0.0,8.164378790287463,0.53219414132183,0.0,279.42288151110733,86229.92827581566,1.075063130419162,335.100266195731,0.0,0.0,60.280882429259265,1953.2740238953274
10.954921874999853,1343.836945727694,60.052473255869586,60.052582486346964,11.408757519208159,-0.8054690032159522,-0.003114301770096544,1.3103290151917647e-05,5.042091796437757,0.5189999999999962,0.8737345873134494,1.169350530586189,2.9561594327273966,0.1792103378838325,0.0,8.101173523868116,0.532160968694872,0.0,279.41505985276996,86217.1282720256,1.0749336373801202,335.0955262707786,0.0,0.0,60.0525824863469,1938.2733943345097
10.974921874999852,1345.0357142738028,59.824422921906724,59.82453267613503,11.396283771404358,-0.8077603251007555,-0.0031225249851218736,1.43383398996934e-05,5.042091796437757,0.5189999999999962,0.8737345873134494,1.169345125512328,2.956105381988785,0.1785323020047462,0.0,8.038298327345887,0.5321279565701049,0.0,279.40726785722023,86204.37681085628,1.0748046282205272,335.0908043214755,0.0,0.0,59.82453267613498,1923.3492912520114
10.994921874999852,1346.2299243036316,59.596621410570336,59.59673169196956,11.38387522269757,-0.81005276670522,-0.0031308627172207,1.5537431559323407e-05,5.042091796437757,0.5189999999999962,0.8737345873134494,1.169339764621269,2.9560517730781966,0.1778549800591645,0.0,7.975751762917636,0.5320951043653899,0.0,279.3995054920264,86191.67383923361,1.0746761024849503,335.08610032816796,0.0,0.0,59.59673169196951,1908.5014004380869
11.014921874999851,1347.4195807806123,59.36906742072719,59.36917823288636,11.371531592551525,-0.8123463267740492,-0.0031393365850916387,1.6500854523103005e-05,5.042091796437757,0.5189999999999962,0.8737345873134494,1.169334566264896,2.955999789514465,0.17717836831384784,0.0,7.9135324026288325,0.532062411502589,0.0,279.391772724926,86179.0193043609,1.074548059720345,335.08141427130516,0.0,0.0,59.369178232886334,1893.7294098768155
11.034921874999851,1348.6046886422096,59.14175965684224,59.14187100356907,11.359252600000461,-0.8146410057659955,-0.0031479641758646215,1.717808551066115e-05,5.042091796437757,0.5189999999999962,0.8737345873134494,1.16932956030719,2.955949729937406,0.1765024630517626,0.0,7.851638829165945,0.532029877407538,0.0,279.3840695238256,86166.41315371767,1.0744204994760451,335.0767461314383,0.00020111808133933882,-0.0004092190255555357,59.14187100356902,1879.0330097302133
11.05492187499985,1349.7852528000342,58.91469682896461,58.914808714304236,11.347037965765812,-0.8169368059647886,-0.003156757975874845,1.746732649355231e-05,5.042091796437757,0.5189999999999962,0.8737345873134494,1.1693248070532587,2.9559021973980926,0.1758272605719523,0.0,7.790069635333514,0.5319975015100165,0.0,279.3763958567998,86153.85533505848,1.074293421303753,335.0720958892207,0.0001971692089640019,-0.0004219292625936128,58.91480871430419,1864.4118923223134
11.07492187499985,1350.961278139953,58.687877652745605,58.68799008094702,11.334887411565298,-0.8192337316755182,-0.0031657262323635514,1.7383556953818523e-05,5.042091796437757,0.5189999999999962,0.8737345873134494,1.1693202975299355,2.9558571021648605,0.17515275718943962,0.0,7.7288234244735525,0.5319652832437225,0.0,279.36875169209026,86141.34579641168,1.0741668247575291,335.0674635254067,0.00019689850159559162,-0.0004332167897100503,58.68799008094698,1849.8657521240186
11.09492187499985,1352.1327695222026,58.461300849369714,58.46141382486784,11.322800657176568,-0.8215317884799039,-0.0031748717064252886,1.7075209337845732e-05,5.042091796437757,0.5189999999999962,0.8737345873134494,1.169315943639059,2.9558135632560956,0.17447894923507193,0.0,7.667898810434397,0.5319332220462416,0.0,279.3611369981057,86128.88448607831,1.074040709393781,335.062849020852,0.0,0.0,58.46141382486781,1835.3942857368943
11.11492187499985,1353.2997317814977,58.23496514563009,58.23507867291829,11.310777423619138,-0.8238309832224023,-0.0031841944678990403,1.646031395691193e-05,5.042091796437757,0.5189999999999962,0.8737345873134494,1.1693117938933777,2.9557720657992825,0.17380583305542424,0.0,7.6072944164755105,0.5319013173590221,0.0,279.35355174342027,86116.47135263086,1.0739150747712543,335.0582523565127,0.0,0.0,58.23507867291825,1820.9971918783024
11.134921874999849,1354.4621697271452,58.00886927384587,58.00898335739108,11.298817440106188,-0.8261313220659099,-0.003193690198108747,1.561082799575537e-05,5.042091796437757,0.5189999999999962,0.8737345873134494,1.169307805566862,2.9557321825341254,0.17313340501268468,0.0,7.547008876232778,0.5318695686273468,0.0,279.34599589677356,86104.10634491208,1.073789920451021,335.0536735134448,0.0,0.0,58.00898335739105,1806.6741713662846
11.154921874999848,1355.620088143152,57.78301197161938,57.78312661598109,11.286920440006407,-0.8284328108625666,-0.0032033507445955725,1.4379844453902076e-05,5.042091796437757,0.5189999999999962,0.8737345873134494,1.169304065693345,2.9556947837989567,0.1724616614845422,0.0,7.487040832701625,0.5318379753003063,0.0,279.33846942706947,86091.78941203386,1.0736652459964713,335.0491124728041,0.0,0.0,57.78312661598105,1792.4249271046235
11.174921874999848,1356.7734917883304,57.557391981995806,57.55750719174234,11.275086160450659,-0.8307354557818489,-0.0032131640511307556,1.2914037853862384e-05,5.042091796437757,0.5189999999999962,0.8737345873134494,1.1693004871987691,2.9556589988531967,0.1717905988640634,0.0,7.427388939401194,0.5318065368307732,0.0,279.3309723033758,86079.52050337609,1.0735410509733012,335.04456921584574,0.0,0.0,57.557507191742275,1778.2491640677902
11.194921874999848,1357.9223853964056,57.33200805315655,57.33212383305275,11.263314338846135,-0.8330392633596804,-0.0032231153598197304,1.1248620003540368e-05,5.042091796437757,0.5189999999999962,0.8737345873134494,1.1692970491522316,2.955624618387822,0.17112021355959156,0.0,7.368051859266252,0.5317752526753751,0.0,279.3235044949233,86067.29956858545,1.0734173349495046,335.04004372392353,0.0,0.0,57.33212383305269,1764.1465892864853
11.214921874999847,1359.066773676119,57.10685893857725,57.10697529357382,11.251604714774633,-0.8353442417544679,-0.0032331873084655814,9.351484868667464e-06,5.042091796437757,0.5189999999999962,0.8737345873134494,1.169293770500483,2.9555918318703367,0.1704505019946308,0.0,7.309028264755032,0.5317441222944687,0.0,279.3160659711052,86055.12655757449,1.0732940974953644,335.03553597848975,0.0,0.0,57.10697529357377,1750.116911832983
11.234921874999847,1360.2066613113352,56.88194339703871,56.88206033221284,11.239957009658571,-0.8376504000167566,-0.00324335959242612,7.437530652185806e-06,5.042091796437757,0.5189999999999962,0.8737345873134494,1.1692905237214497,2.9555593640800026,0.16978146060773777,0.0,7.250316838216312,0.5317131451521142,0.0,279.3086567014763,86043.00142052028,1.0731713381834407,335.03104596109466,0.0,0.0,56.882060332212774,1736.1598428067512
11.254921874999846,1361.3420529611487,56.657260192814704,56.6573777130826,11.228370965503377,-0.8399577465142841,-0.003253611117864791,5.8257823429554895e-06,5.042091796437757,0.5189999999999962,0.8737345873134494,1.1692871195023848,2.955525321889354,0.1691130858524061,0.0,7.1919162713360905,0.5316823207160498,0.0,279.30127665575253,86030.92410786342,1.073049056588562,335.02657365338604,0.0,0.0,56.657377713082525,1722.2750953200402
11.274921874999846,1362.47295325999,56.4328080951552,56.43292620546773,11.216846333922932,-0.8422662883102984,-0.003263921082292589,4.742386730232342e-06,5.042091796437757,0.5189999999999962,0.8737345873134494,1.169283423693594,2.955488363801446,0.16844537419697003,0.0,7.133825264880488,0.5316516484576659,0.0,279.29392580381005,86018.89457030686,1.0729272522878155,335.0221190371089,0.0,0.0,56.432926205467645,1708.462384483983
11.294921874999845,1363.5993668177252,56.20858587844478,56.20870458378965,11.205382853211864,-0.8445760325029384,-0.003274268867246507,4.4951891152683055e-06,5.042091796437757,0.5189999999999962,0.8737345873134494,1.1692792535539265,2.9554466624047704,0.1677783221245044,0.0,7.07604252898083,0.5316211278519819,0.0,279.2866041156848,86006.91275881484,1.0728059248605375,335.017682094105,0.0,0.0,56.208704583789554,1694.7214273947257
11.314921874999845,1364.7212982197602,55.984592322204875,55.98471162756745,11.19398026437925,-0.8468869857307224,-0.0032846319665528196,5.303599387468764e-06,5.042091796437757,0.5189999999999962,0.8737345873134494,1.1692744788901428,2.9553989157669336,0.16711192613271217,0.0,7.018566783188264,0.5315907583776195,0.0,279.27931156157155,85994.97862461176,1.0726850738883036,335.01326280631235,0.0,0.0,55.98471162756736,1681.0519431194223
11.334921874999845,1365.8387520271433,55.76082621116522,55.76094612138207,11.182638308473875,-0.8491991532881512,-0.0032949881905892384,6.637660325641583e-06,5.042091796437757,0.5189999999999962,0.8737345873134494,1.1692694139528845,2.955348266394351,0.1664461827338217,0.0,6.961396756042058,0.5315605395167794,0.0,279.27204811182355,85983.09211918116,1.0725646989549205,335.0088611557651,0.0,0.0,55.76094612138198,1667.4536526825402
11.354921874999844,1366.9517327766687,55.53728633520312,55.53740685484149,11.17135673617105,-0.8515125380858256,-0.0033053163101329315,8.150104261571195e-06,5.042091796437757,0.5189999999999962,0.8737345873134494,1.1692642646113025,2.9552967729785307,0.16578108845448739,0.0,6.904531185284076,0.5315304707552164,0.0,279.2648137369516,85971.25319426456,1.0724447996464148,335.00447712459265,0.0,0.0,55.53740685484139,1653.9262790523383
11.374921874999844,1368.0602449809767,55.3139714890252,55.31409262254063,11.160135299088838,-0.8538271405272263,-0.0033155958317234325,9.745940412075055e-06,5.042091796437757,0.5189999999999962,0.8737345873134494,1.1692590871499198,2.9552449983647033,0.165116639835674,0.0,6.847968817838612,0.5315005515822153,0.0,279.25760840762365,85959.4618018604,1.072325375551025,335.00011069501994,0.0,0.0,55.314092622540535,1640.469547127137
11.394921874999843,1369.164293128653,55.09088047247299,55.09100222402957,11.148973746846293,-0.8561429587056559,-0.0033258062809249827,1.1238093807901473e-05,5.042091796437757,0.5189999999999962,0.8737345873134494,1.1692539924554615,2.9551940514201203,0.1644528334325663,0.0,6.791708409428568,0.5314707814905673,0.0,279.2504320946637,85947.71789422297,1.0722064262591913,334.9957618493662,0.0,0.0,55.091002224029474,1627.083183722193
11.414921874999843,1370.2638816843291,54.86801209016792,54.86813446377637,11.137871842395365,-0.8584599878511049,-0.0033359288324114164,1.2576897840951855e-05,5.042091796437757,0.5189999999999962,0.8737345873134494,1.1692490098968185,2.95514422583369,0.16378966581446197,0.0,6.735748724825672,0.5314411599765457,0.0,279.24328476905185,85936.02142386141,1.0720879513635475,334.9914305700454,0.0,0.0,54.86813446377627,1613.766917556361
11.434921874999842,1371.3590150887762,54.64536515164224,54.645488151133705,11.126829332792848,-0.8607782217262684,-0.0033459473647636418,1.356043330403062e-05,5.042091796437757,0.5189999999999962,0.8737345873134494,1.1692442591671892,2.9550967185373977,0.16312713356467634,0.0,6.68008853738407,0.5314116865398835,0.0,279.23616640192296,85924.37234353865,1.0719699504589115,334.9871168395653,0.0,0.0,54.64548815113361,1600.5204792390878
11.454921874999842,1372.4496977590065,54.42293847133272,54.42306210030354,11.115845984781126,-0.8630976512522467,-0.003355849274163332,1.4273469102727202e-05,5.042091796437757,0.5189999999999962,0.8737345873134494,1.1692396899129256,2.9550510259947615,0.16246523328044116,0.0,6.624726629776534,0.5313823606837492,0.0,279.22907696456645,85912.77060627032,1.0718524231422764,334.9828206405273,0.0,0.0,54.42306210030344,1587.3436012573893
11.474921874999842,1373.5359340883679,54.20073086836074,54.200855130296006,11.10492156221102,-0.8654182655070426,-0.003365624740836184,1.4820049482150191e-05,5.042091796437757,0.5189999999999962,0.8737345873134494,1.1692352403552875,2.9550065304183804,0.16180396157278587,0.0,6.569661793541957,0.5313531819147237,0.0,279.2220164284256,85901.21616532381,1.071735369012801,334.97854195562593,0.0,0.0,54.200855130295935,1574.2360179626075
11.494921874999841,1374.6177284466366,53.97874116652963,53.97886606490039,11.094055830313192,-0.8677400527448104,-0.0033752664484867716,1.510654411120129e-05,5.042091796437757,0.5189999999999962,0.8737345873134494,1.1692309659531612,2.954963786397118,0.16114331506645477,0.0,6.514892828559516,0.5313241497427773,0.0,279.21498476509686,85889.70897421722,1.0716187876718026,334.9742807676487,0.0,0.0,53.97886606490029,1561.1974655579618
11.51492187499984,1375.695085180114,53.756968194409644,53.75709373265044,11.08324854573822,-0.8700630004381422,-0.003384770261134985,1.5031416638067222e-05,5.042091796437757,0.5189999999999962,0.8737345873134494,1.1692269268726467,2.954923395591973,0.1604832903998083,0.0,6.460418543342504,0.5312952636812482,0.0,279.20798194632926,85878.24898671836,1.0715026787227468,334.97003705947554,0.0,0.0,53.75709373265036,1548.227682085898
11.53492187499984,1376.7680086117207,53.53541078544936,53.5355369667901,11.072499475431469,-0.8723870946828632,-0.003394135420154659,1.4652691486528916e-05,5.042091796437757,0.5189999999999962,0.8737345873134494,1.1692230886085826,2.9548850129513315,0.15982388422472382,0.0,6.406237755336345,0.531266523246819,0.0,279.2010079440238,85866.83615684374,1.0713870417712403,334.9658108140784,0.0,0.0,53.535536966790005,1535.3264074155245
11.55492187499984,1377.8365030410912,53.31406777757117,53.31419460523485,11.061808388479136,-0.8747123204208511,-0.0034033646934036343,1.4050475488011231e-05,5.042091796437757,0.5189999999999962,0.8737345873134494,1.1692194035932786,2.9548481627982914,0.15916509320648492,0.0,6.352349290562257,0.5312379279594941,0.0,279.1940627302329,85855.47043885758,1.0712718764250204,334.96160201452113,0.0,0.0,53.31419460523476,1522.493383229937
11.57492187499984,1378.9005727446668,53.09293801350302,53.09306549053942,11.051175049137811,-0.8770386613630494,-0.0034124633470228823,1.3208456861874425e-05,5.042091796437757,0.5189999999999962,0.8737345873134494,1.169215881438049,2.9548129412459967,0.15850691402368863,0.0,6.298751983319881,0.5312094773425781,0.0,279.1871462771596,85844.1517872708,1.0711571822939476,334.9574106439587,0.0,0.0,53.09306549053933,1509.7283530139832
11.594921874999839,1379.960221975789,52.872020340560674,52.87214846986536,11.040599227060657,-0.8793660993800647,-0.0034214395512036093,1.2151858124696003e-05,5.042091796437757,0.5189999999999962,0.8737345873134494,1.169212507109555,2.954779197961055,0.15784934336815257,0.0,6.245444676390082,0.5311811709226538,0.0,279.18025855715734,85832.88015684005,1.0710429589899964,334.95323668563736,0.0,0.0,52.87214846986525,1497.0310620421346
11.614921874999839,1381.0154549647914,52.65131361056305,52.65144239494614,11.030080706240346,-0.8816946148812028,-0.0034303047271237955,1.102050432205662e-05,5.042091796437757,0.5189999999999962,0.8737345873134494,1.1692091976023953,2.9547461028894584,0.15719237794481503,0.0,6.1924262210438235,0.5311530082295609,0.0,279.1733995427288,85821.6555025667,1.070929206127248,334.94908012289363,0.0,0.0,52.651442394946024,1484.401257366311
11.634921874999838,1382.0662759190882,52.43081667975706,52.43094612205413,11.01961925762411,-0.8840241877458741,-0.0034390736271577523,1.001015379943686e-05,5.042091796437757,0.5189999999999962,0.8737345873134494,1.1692058367472944,2.9547124943384495,0.15653601447163973,0.0,6.139695476810772,0.5311249887963737,0.0,279.1665692065259,85810.47777969591,1.0708159233218804,334.94494093915466,0.0,0.0,52.43094612205403,1471.8386878039055
11.654921874999838,1383.112689023263,52.210528408915465,52.210658511966635,11.009214666460872,-0.8863547979251206,-0.0034477630979948123,9.413913988587223e-06,5.042091796437757,0.5189999999999962,0.8737345873134494,1.1692022506291795,2.9546766331573004,0.15588024967951858,0.0,6.087251311442166,0.5310971121593802,0.0,279.1597675213488,85799.34694371573,1.0707031101921614,334.9408191179374,0.0,0.0,52.21065851196655,1459.3431039258548
11.674921874999837,1384.1546984391578,51.99044766303544,51.99057842993842,10.998866712388708,-0.8886864263040795,-0.0034563910131693003,9.33767923083621e-06,5.042091796437757,0.5189999999999962,0.8737345873134494,1.1691983763312621,2.9546378901781267,0.15522508031219343,0.0,6.035092600574092,0.5310693778580617,0.0,279.15299446014546,85788.26295035606,1.0705907663584402,334.9367146428482,0.0,0.0,51.990578429938324,1446.914258045175
11.694921874999837,1385.1923083059608,51.770573311739206,51.77070474566814,10.98857516852393,-0.8910190547171061,-0.003464975294728845,9.80856414119308e-06,5.042091796437757,0.5189999999999962,0.8737345873134494,1.1691941977249172,2.9545961041146773,0.15457050312615986,0.0,5.983218227927087,0.5310417854350717,0.0,279.14624999601125,85777.22575558783,1.0704788914431398,334.9326274975828,0.0,0.0,51.77070474566806,1434.551904205244
11.714921874999837,1386.2255227402952,51.55090422891088,51.55103633327045,10.978339824143294,-0.893352666344142,-0.0034735344309113378,1.0625269828533534e-05,5.042091796437757,0.5189999999999962,0.8737345873134494,1.1691898341182119,2.9545524680476243,0.15391651489058714,0.0,5.931627085076343,0.5310143344362157,0.0,279.13953410218807,85766.23531562195,1.0703674850707472,334.92855766592595,0.0,0.0,51.55103633327036,1422.255798168479
11.734921874999836,1387.254345836306,51.33143929279253,51.33157207124268,10.968160456761987,-0.8956872459591041,-0.003482087204142688,1.1778027119993701e-05,5.042091796437757,0.5189999999999962,0.8737345873134494,1.1691852912701672,2.954507039567178,0.15326311238722304,0.0,5.8803180718420505,0.5309870244104304,0.0,279.132846752064,85755.29158690847,1.0702565468678078,334.9245051317508,0.0,0.0,51.331572071242576,1410.0256974048293
11.754921874999836,1388.278781665746,51.112177386068446,51.11231084243179,10.95803684846149,-0.8980227802126168,-0.003490652531511426,1.3174623841316043e-05,5.042091796437757,0.5189999999999962,0.8737345873134494,1.169180623801024,2.954460364875746,0.1526102924102988,0.0,5.829290095875488,0.5309598549097636,0.0,279.12618791917265,85744.39452613558,1.070146076462915,334.92046987901864,0.0,0.0,51.112310842431704,1397.8613610803545
11.774921874999835,1389.2988342780668,50.89311739576622,50.89325153400394,10.947968782376146,-0.9003592564475951,-0.0034992491653706606,1.4702327179632732e-05,5.042091796437757,0.5189999999999962,0.8737345873134494,1.1691758984900325,2.95441311176583,0.15195805176644164,0.0,5.7785420726321375,0.5309328254893535,0.0,279.11955757719255,85733.54409022877,1.0700360734867038,334.9164518917787,0.0,0.0,50.89325153400387,1385.7625500460458
11.794921874999835,1390.3145077005024,50.67425821312106,50.67439303741701,10.93795605209278,-0.9026966630366076,-0.0035078943987787276,1.6081742964900147e-05,5.042091796437757,0.5189999999999962,0.8737345873134494,1.169171281018849,2.954366937053996,0.15130638727459664,0.0,5.728072925004046,0.5309059357074101,0.0,279.1129556999467,85722.74023634978,1.069926537571842,334.9124511541677,0.0,0.0,50.67439303741693,1373.7290268268998
11.814921874999834,1391.3258059381524,50.45559873348425,50.455734248391906,10.927998452276448,-0.9050349907438588,-0.0035166032193162562,1.714214584091407e-05,5.042091796437757,0.5189999999999962,0.8737345873134494,1.1691668725791902,2.9543228526574072,0.1506552957659448,0.0,5.6778815837084355,0.5308791851251947,0.0,279.10638226140196,85711.98292189583,1.069817468353023,334.9084676504096,0.0,0.0,50.45573424839181,1361.7605556110157
11.834921874999834,1392.3327329740653,50.23713785640758,50.23727406687926,10.918095771454565,-0.9073742331868647,-0.0035253886354114595,1.7909559280087778e-05,5.042091796437757,0.5189999999999962,0.8737345873134494,1.169162657684906,2.9542807037145646,0.1500047740838072,0.0,5.627966987533651,0.5308525733070009,0.0,279.09983723566853,85701.27210449871,1.0697088654669575,334.90450136481513,0.0,0.0,50.23727406687919,1349.8569022385163
11.854921874999834,1393.3352927693231,50.01887448566909,50.01901139701793,10.908247793252826,-0.9097143868842865,-0.003534261904937864,1.846430656917971e-05,5.042091796437757,0.5189999999999962,0.8737345873134494,1.1691585886129992,2.954240012995497,0.14935481908352424,0.0,5.578328087776027,0.5308261002670374,0.0,279.0933205969994,85690.60774202387,1.069600728552367,334.90055228178164,0.0,0.0,50.01901139701785,1338.0178341901292
11.874921874999833,1394.3334892631265,49.80080752935663,49.800945147111534,10.89845430854745,-0.9120554502153382,-0.003543232407403761,1.880969864923284e-05,5.042091796437757,0.5189999999999962,0.8737345873134494,1.1691546633422065,2.954200760287571,0.14870542763238997,0.0,5.528963833763205,0.5307997651316139,0.0,279.08683231978966,85679.9897925695,1.0694930572499743,334.8966203857925,0.0,0.0,49.80094514711145,1326.2431205768378
11.894921874999833,1395.327326372879,49.58293589970673,49.58307422960978,10.888715105214038,-0.9143974228947644,-0.003552307462920104,1.8962387767462656e-05,5.042091796437757,0.5189999999999962,0.8737345873134494,1.1691508719375672,2.9541628462411773,0.14805659660959924,0.0,5.479873187136116,0.5307735674706978,0.0,279.08037237857627,85669.41821446564,1.069385851202497,334.89270566141727,0.0,0.0,49.58307422960971,1314.532532129854
11.914921874999832,1396.316807994272,49.36525851322865,49.365397561066224,10.879029975613689,-0.9167403051729567,-0.003561492206358251,1.898454720983671e-05,5.042091796437757,0.5189999999999962,0.8737345873134494,1.1691471774628615,2.95412590149412,0.14740832290612535,0.0,5.431055117179794,0.5307475068605184,0.0,279.0739407480372,85658.89296627331,1.0692791100546393,334.88880809331056,0.0,0.0,49.36539756106617,1302.8858411894169
11.934921874999832,1397.3019380013677,49.147774290420905,49.14791406211053,10.869398717230476,-0.9190840971682132,-0.0035707896967697413,1.8827963601299005e-05,5.042091796437757,0.5189999999999962,0.8737345873134494,1.1691436084477356,2.9540902113428613,0.1467606034246406,0.0,5.38250860040249,0.5307215828802406,0.0,279.0675374029911,85648.41400678361,1.0691728334530841,334.8849276662126,0.0,0.0,49.14791406211048,1291.3028216944606
11.954921874999831,1398.2827202466783,48.93048215585913,48.930622657419676,10.859821132378343,-0.9214287995467355,-0.0035802011460994592,1.8422036257286575e-05,5.042091796437757,0.5189999999999962,0.8737345873134494,1.1691402067114485,2.9540561939799903,0.14611343507943395,0.0,5.334232620681064,0.5306957951119475,0.0,279.06116231839655,85637.98129501684,1.0690670210464852,334.8810643649483,0.0,0.0,48.93062265741962,1279.7832491723052
11.974921874999831,1399.2591585612474,48.71338103808523,48.71352227568829,10.850297020193919,-0.9237744134270915,-0.003589725502838374,1.779020797188289e-05,5.042091796437757,0.5189999999999962,0.8737345873134494,1.1691369582922722,2.954023709788227,0.14546681479632587,0.0,5.286226169454192,0.5306701431406211,0.0,279.05481546935187,85627.59479022166,1.0689616724854611,334.87721817442724,0.0,0.0,48.71352227568822,1268.3269007283875
11.99492187499983,1400.2312567547299,48.49646986967326,48.4966118495974,10.840826178099592,-0.9261209404041804,-0.0035993599605740603,1.6960761935327853e-05,5.042091796437757,0.5189999999999962,0.8737345873134494,1.1691338463527134,2.95399259039264,0.14482073951257848,0.0,5.238488245474814,0.5306446265541243,0.0,279.0484968310942,85617.2544518743,1.0688567874225876,334.87338907964306,0.0,0.0,48.49661184959733,1256.9335550359924
12.01492187499983,1401.1990186154721,48.27974758716499,48.27989031578794,10.831408412229647,-0.9284683821809895,-0.0036090996067981444,1.589066145662124e-05,5.042091796437757,0.5189999999999962,0.8737345873134494,1.1691308963694051,2.953963090559557,0.1441752061768196,0.0,5.191017854623696,0.5306192449431826,0.0,279.0422063789994,85606.96023967757,1.0687523655123874,334.86957706567364,0.0,0.0,48.279890315787874,1245.6029923263045
12.03492187499983,1402.16244791059,48.06321313100738,48.0633566148289,10.822043527193728,-0.9308167408343269,-0.0036189377988942767,1.4656615806684444e-05,5.042091796437757,0.5189999999999962,0.8737345873134494,1.1691280627856333,2.9539347547218386,0.14353021174895125,0.0,5.14381401020044,0.5305939979013664,0.0,279.0359440885811,85596.71211356019,1.0686484064113284,334.86578211768017,0.0,0.0,48.063356614828805,1234.334994378281
12.05492187499983,1403.121548386047,47.84686544553319,47.84700969119047,10.812731324584576,-0.933166018778824,-0.003628866788888361,1.3339743881934472e-05,5.042091796437757,0.5189999999999962,0.8737345873134494,1.169125297409355,2.9539071009590545,0.14288575320007305,0.0,5.096875732626178,0.5305688850250735,0.0,279.0297099354907,85586.51003367583,1.0685449097778104,334.86200422090735,0.0,0.0,47.84700969119039,1223.1293445088522
12.074921874999829,1404.0763237667336,47.630703479082854,47.63084849321438,10.803471607994451,-0.935516218454926,-0.003638878044965598,1.1915451520022392e-05,5.042091796437757,0.5189999999999962,0.8737345873134494,1.1691226147873874,2.95388027473938,0.14224182751239633,0.0,5.050202049247247,0.5305439059135105,0.0,279.0235038955162,85576.35396040232,1.0684418752721625,334.8582433606829,0.0,0.0,47.63084849321429,1211.985827563055
12.094921874999828,1405.0267777565464,47.414726183840074,47.41487197308804,10.794264187756868,-0.937867341375794,-0.003648961853531129,1.0394390412324054e-05,5.042091796437757,0.5189999999999962,0.8737345873134494,1.1691200085506428,2.9538542123719336,0.14159843167917094,0.0,5.003791994519901,0.5305190601686768,0.0,279.0173259445824,85566.24385434085,1.0683393025566343,334.854499522417,0.0,0.0,47.41487197308794,1200.9042299044502
12.114921874999828,1405.972914038462,47.198932515723484,47.199079086816,10.785108876626301,-0.9402193889107524,-0.003659107466664591,8.768785787974118e-06,5.042091796437757,0.5189999999999962,0.8737345873134494,1.1691174832344529,2.953828959210034,0.14095556270460285,0.0,4.957644609886286,0.5304943473953462,0.0,279.01117605875,85556.17967631509,1.0682371912953872,334.8507726916025,0.0,0.0,47.19907908681589,1189.8843394054697
12.134921874999828,1406.9147362746141,46.98332143446026,46.9834687941914,10.776005486813265,-0.9425723622365207,-0.0036693032761423916,7.0692622675679735e-06,5.042091796437757,0.5189999999999962,0.8737345873134494,1.1691150206267604,2.95380433313311,0.1403132176037725,0.0,4.911758943783692,0.5304697672010505,0.0,279.00505421421497,85546.16138737043,1.0681355411544904,334.84706285381424,0.0,0.0,46.983468794191324,1178.9259454378516
12.154921874999827,1407.8522481063678,46.76789190348096,46.76804005877062,10.766953831323313,-0.9449262626865443,-0.0036795374706435403,5.328743582411341e-06,5.042091796437757,0.5189999999999962,0.8737345873134494,1.169112601145099,2.953780138316495,0.13967139340256168,0.0,4.8661340515447025,0.5304453191960625,0.0,278.9989603873086,85536.18894877318,1.0680343518019113,334.84336999470906,0.0,0.0,46.76804005877053,1168.0288388632962
12.174921874999827,1408.7854531543949,46.552642890015896,46.55279184784379,10.757953719560412,-0.9472810916347496,-0.0036897975728800193,3.7300853863180556e-06,5.042091796437757,0.5189999999999962,0.8737345873134494,1.169110116261519,2.953755289480695,0.13903008713756992,0.0,4.820768995401307,0.5304210029933784,0.0,278.9928945544964,85526.26232200979,1.0679336229075111,334.8396941000248,0.0,0.0,46.55279184784371,1157.192812024018
12.194921874999826,1409.7143550187486,46.33757336503256,46.33772313240914,10.74900496619734,-0.9496368501627469,-0.0037000713752251935,2.568235773697906e-06,5.042091796437757,0.5189999999999962,0.8737345873134494,1.1691073909119074,2.9537280359845797,0.1383892958560397,0.0,4.775662844323726,0.5303968182087024,0.0,278.9868566923781,85516.38146878598,1.0678333541430356,334.83603515558116,0.0,0.0,46.33772313240903,1146.4176587335326
12.214921874999826,1410.63895727894,46.12268230322091,46.122832887145314,10.740107383500591,-0.9519935384828438,-0.003710346557364714,2.641081070152711e-06,5.042091796437757,0.5189999999999962,0.8737345873134494,1.1691039517873225,2.9536936447387308,0.13774901661577826,0.0,4.730814674083616,0.5303727644604297,0.0,278.98084677768685,85506.54635102605,1.0677335451821097,334.83239314727825,0.0,0.0,46.12283288714523,1135.703174267448
12.234921874999825,1411.55926349401,45.90796868297137,45.90812009038507,10.731260792518656,-0.9543511560639693,-0.0037206106982900114,3.7488786622324e-06,5.042091796437757,0.5189999999999962,0.8737345873134494,1.1690999171813368,2.9536532986788733,0.13710924648508102,0.0,4.686223567112863,0.5303488413696295,0.0,278.97486478728894,85496.75693087197,1.0676341957002298,334.8287680610971,0.0,0.0,45.90812009038498,1125.049155354368
12.254921874999825,1412.4752772026038,45.69343148626064,45.693583724089244,10.722465011552792,-0.9567097012122475,-0.003730852264198128,5.061483807924817e-06,5.042091796437757,0.5189999999999962,0.8737345873134494,1.169095779640559,2.9536119232710956,0.1364699825426579,0.0,4.641888612478098,0.5303250485600294,0.0,278.96891069818304,85487.01317068272,1.067535305374758,334.82515988309893,0.0,0.0,45.69358372408915,1114.455400166911
12.274921874999825,1413.3870019230417,45.47906969867823,45.4792227738204,10.713719862288873,-0.959069171452904,-0.003741061007273073,6.443042231982706e-06,5.042091796437757,0.5189999999999962,0.8737345873134494,1.1690916196171564,2.953570323037069,0.13583122187755742,0.0,4.597808905993543,0.5303013856579999,0.0,278.9629844875002,85477.31503303346,1.067436873884914,334.8215685994251,0.0,0.0,45.479222773820325,1103.921708312767
12.294921874999824,1414.294441153392,45.26488230934578,45.265036228715736,10.705025166556908,-0.9614295634431932,-0.003751227367227275,7.782487191490038e-06,5.042091796437757,0.5189999999999962,0.8737345873134494,1.1690875029880572,2.9535291567460775,0.13519296158908858,0.0,4.5539835500299,0.5302778522925373,0.0,278.9570861325029,85467.66248071476,1.0673389009117702,334.8179941962968,0.0,0.0,45.26503622871564,1093.447880825792
12.314921874999824,1415.1975983715404,45.05086831095319,45.05102308146229,10.696380747328774,-0.9637908732567421,-0.003761342484414076,8.970412403649911e-06,5.042091796437757,0.5189999999999962,0.8737345873134494,1.1690834945940045,2.9534890728055507,0.1345551987867507,0.0,4.510411653468017,0.5302544480952492,0.0,278.95121561058494,85458.0554767319,1.0672413861382442,334.8144366600145,0.0,0.0,45.051023081462205,1083.0337201573018
12.334921874999823,1416.0964770352623,44.83702669973445,44.83718232827101,10.687786430750682,-0.9661530961878619,-0.0037713990402089424,9.994458865642052e-06,5.042091796437757,0.5189999999999962,0.8737345873134494,1.1690796017004146,2.9534501438696514,0.1339179305901581,0.0,4.4670923317560955,0.5302311727003375,0.0,278.94537289927075,85448.49398430403,1.067144329249091,334.8108959769581,0.0,0.0,44.83718232827092,1072.6790301673545
12.354921874999823,1416.991080582292,44.623356475337886,44.623512968849305,10.679242041767456,-0.968516226895063,-0.0037813907853041827,1.0905267990882943e-05,5.042091796437757,0.5189999999999962,0.8737345873134494,1.169075794217702,2.9534120690425247,0.13328115412896188,0.0,4.424024706884809,0.5302080257445838,0.0,278.9395579762151,85438.97796686355,1.0670477299308998,334.80737213358634,0.0,0.0,44.62351296884922,1062.383616116059
12.374921874999822,1417.8814124303922,44.409856640996,44.410014006377,10.670747405940764,-0.9708802594572358,-0.0037913125143349256,1.1674914776862963e-05,5.042091796437757,0.5189999999999962,0.8737345873134494,1.1690720886685433,2.9533750135509385,0.13264486654278074,0.0,4.381207907217817,0.5301850068673342,0.0,278.93377081920244,85429.50738805524,1.066951587872085,334.80386511643667,0.0,0.0,44.410014006376905,1052.147284655095
12.394921874999822,1418.7674759774243,44.19652620328499,44.19668444747965,10.66230235612985,-0.9732451871018808,-0.0038011601199192586,1.2412729884317865e-05,5.042091796437757,0.5189999999999962,0.8737345873134494,1.169068420129142,2.9533383281569248,0.13200906498112455,0.0,4.338641067661165,0.5301621157104829,0.0,278.9280114061467,85420.08221173559,1.0668559027628803,334.8003749121249,0.0,0.0,44.196684447479555,1041.9698438191915
12.414921874999822,1419.6492746014155,43.98336417223472,43.98352330220265,10.653906716097502,-0.9756110027214886,-0.00381093015630835,1.3049810490535078e-05,5.042091796437757,0.5189999999999962,0.8737345873134494,1.169064829431194,2.953302421177446,0.1313737466033198,0.0,4.296323329293661,0.5301393519184587,0.0,278.9222797150908,85410.70240197207,1.0667606742953324,334.796901507345,0.0,0.0,43.983523302202556,1031.8511030177006
12.434921874999821,1420.526811660628,43.7703695613184,43.77052958398927,10.645560319920808,-0.9779776984280554,-0.003820620088722382,1.348331963811373e-05,5.042091796437757,0.5189999999999962,0.8737345873134494,1.1690613775213798,2.953267902079304,0.13073890857844708,0.0,4.254253839456053,0.5301167151382087,0.0,278.91657572420587,85401.36792304242,1.0666659021632958,334.79344488886875,0.0,0.0,43.77052958398917,1021.7908730264336
12.45492187499982,1421.400090493627,43.55754138733207,43.557702309652704,10.637262999632881,-0.9803452655463802,-0.003830228905203248,1.3810273679082267e-05,5.042091796437757,0.5189999999999962,0.8737345873134494,1.169058006814571,2.953234195011216,0.13010454808526062,0.0,4.212431751994232,0.530094205019184,0.0,278.9108994117914,85392.07873943385,1.0665715860624247,334.7900050435456,0.0,0.0,43.55770230965262,1011.7889659792772
12.47492187499982,1422.2691144193466,43.344878670414616,43.34504049935199,10.629014590449303,-0.9827136949749875,-0.0038397566084543582,1.4077978009742335e-05,5.042091796437757,0.5189999999999962,0.8737345873134494,1.1690546891779525,2.953201018645031,0.12947066231211904,0.0,4.170856226938318,0.5300718212133253,0.0,278.9052507562742,85382.83481584245,1.0664777256901683,334.7865819583022,0.0,0.0,43.3450404993519,1001.845195360059
12.49492187499982,1423.1338867371574,43.132380433974014,43.132543176567424,10.62081492823275,-0.985082977008475,-0.00384920428715282,1.4220353870396049e-05,5.042091796437757,0.5189999999999962,0.8737345873134494,1.1690514637714835,2.9531687645803406,0.1288372484569152,0.0,4.129526430377705,0.5300495633750479,0.0,278.89962973620845,85373.63611717234,1.0663843207457633,334.7831756201423,0.0,0.0,43.132543176567346,991.9593759944605
12.51492187499982,1423.99441072693,42.920045704703334,42.920209368077,10.612663849775966,-0.987453102008876,-0.0038585741414628874,1.4240186149942927e-05,5.042091796437757,0.5189999999999962,0.8737345873134494,1.169048328887839,2.953137415743896,0.1282043037270083,0.0,4.0884415346397915,0.5300274311612275,0.0,278.89403633027496,85364.48260853511,1.0662913709302304,334.77978601614666,0.0,0.0,42.92020936807691,982.1313240420371
12.534921874999819,1424.8506896491022,42.707873512571155,42.70803810393173,10.604561190412348,-0.9898240601971551,-0.003867869641658736,1.4200407892835162e-05,5.042091796437757,0.5189999999999962,0.8737345873134494,1.1690452471431363,2.9531065982968685,0.12757182533915362,0.0,4.047600718240727,0.5300054242311857,0.0,278.88847051728084,85355.37425524904,1.0661988759463652,334.7764131334722,0.0,0.0,42.70803810393165,972.3608569882566
12.554921874999819,1425.7027267447434,42.49586289080851,42.49602841742961,10.596506789402174,-0.992195841609512,-0.0038770954968656846,1.418733758631453e-05,5.042091796437757,0.5189999999999962,0.8737345873134494,1.169042167292025,2.953075799785756,0.126939810519427,0.0,4.007003165797536,0.5299835422466762,0.0,278.8829322761591,85346.31102283845,1.066106835498734,334.7730569593524,0.0,0.0,42.496028417429535,962.6477936365351
12.574921874999818,1426.5505252356204,42.284012875854195,42.284179345093285,10.588500485742223,-0.9945684361158775,-0.003886256920095889,1.4223648161515012e-05,5.042091796437757,0.5189999999999962,0.8737345873134494,1.169039075812801,2.9530448849935165,0.1263082565031612,0.0,3.966648067887704,0.5299617848718702,0.0,278.8774215859684,85337.29287703297,1.0660152492936676,334.7697174810969,0.0,0.0,42.28417934509319,952.9919541005125
12.594921874999818,1427.3940883242603,42.07232250733671,42.07248992664576,10.580542121320079,-0.9969418334022685,-0.0038953598925262492,1.436413198881106e-05,5.042091796437757,0.5189999999999962,0.8737345873134494,1.1690359401775685,2.9530135286411907,0.12567716053487654,0.0,3.926534621125783,0.529940151773343,0.0,278.87193842589227,85328.31978376691,1.065924117039255,334.76639468609073,0.0,0.0,42.072489926645666,943.3931597963024
12.614921874999817,1428.2334191940147,41.86079082806515,41.86095920498689,10.572631540424617,-0.9993160232120089,-0.003904410809300574,1.4566736809354407e-05,5.042091796437757,0.5189999999999962,0.8737345873134494,1.1690327852731563,2.952981979597069,0.12504651986821294,0.0,3.886662027978811,0.5299186426200599,0.0,278.86648277523886,85319.39170917853,1.0658334384453378,334.76308856179475,0.0,0.0,41.8609592049868,933.8512334348328
12.634921874999817,1429.0685210091217,41.649416883910966,41.64958622617188,10.564768587321526,-1.0016909954417,-0.003913416637196919,1.4823847114298005e-05,5.042091796437757,0.5189999999999962,0.8737345873134494,1.1690296155549211,2.952950282414717,0.12441633176586875,0.0,3.847029496881235,0.529897257083363,0.0,278.8610546134407,85310.50861960938,1.065743213223504,334.75979909574505,0.0,0.0,41.649586226171785,924.3659990143469
12.654921874999816,1429.899396914769,41.438199723887834,41.43837003938581,10.556953104859367,-1.0040667404206418,-0.003922384739093253,1.5230947676810064e-05,5.042091796437757,0.5189999999999962,0.8737345873134494,1.1690263743477856,2.952917870343361,0.12378659349952739,0.0,3.8076362422794316,0.5298759948369572,0.0,278.85565392005395,85301.6704816037,1.0656534410870835,334.7565262755527,0.0,0.0,41.4383700393857,914.9372818127844
12.674921874999816,1430.7260500371556,41.22713840015271,41.22730969692055,10.549184938480309,-1.0064432488798212,-0.003931322209445633,1.5737305334102256e-05,5.042091796437757,0.5189999999999962,0.8737345873134494,1.169023091693271,2.9528850437982146,0.12315730234979122,0.0,3.7684814843060694,0.529854855556897,0.0,278.8502806747585,85292.87726190768,1.06556412175114,334.75327008890366,0.0,0.0,41.22730969692043,905.5649083803316
12.694921874999816,1431.5484834835538,41.016231967895784,41.0164042541541,10.541463935263932,-1.0088205118377553,-0.003940236341039423,1.6293825275468987e-05,5.042091796437757,0.5189999999999962,0.8737345873134494,1.169019796674646,2.952852093611966,0.12252845560612254,0.0,3.7295644489113084,0.5298338389215733,0.0,278.84493485735686,85284.12892746886,1.0654752549324693,334.7500305235583,0.0,0.0,41.016404254153976,896.2487065321427
12.714921874999815,1432.3667003423714,40.805479485444366,40.80565276952422,10.533789939443265,-1.0111985205364884,-0.00394913512449034,1.702730723786769e-05,5.042091796437757,0.5189999999999962,0.8737345873134494,1.1690164140098633,2.952818266964139,0.12190005056676742,0.0,3.690884368046977,0.5298129446116997,0.0,278.8396164477746,85275.42544543544,1.065386840349588,334.7468075673514,0.0,0.0,40.8056527695241,886.9885053408601
12.734921874999815,1433.1807036832126,40.59488001410295,40.595054304507755,10.526162804058886,-1.0135772662877007,-0.003958026866264883,1.7835588200319893e-05,5.042091796437757,0.5189999999999962,0.8737345873134494,1.1690130042754987,2.9527841696204926,0.12127208453869674,0.0,3.652440479130688,0.5297921723103005,0.0,278.8343254260591,85266.76678315562,1.0652988777227335,334.7436012081918,0.0,0.0,40.59505430450763,877.7841351294586
12.754921874999814,1433.9904965569378,40.38443261820076,40.38460792359748,10.518582375788045,-1.0159567408203818,-0.003966919825283688,1.877981468541609e-05,5.042091796437757,0.5189999999999962,0.8737345873134494,1.1690095311438082,2.952749438303588,0.1206445548375398,0.0,3.6142320255010687,0.5297715217026964,0.0,278.8290617723799,85258.15290817698,1.0652113667738543,334.7404114340622,0.0,0.0,40.38460792359735,868.6354274640325
12.774921874999814,1434.7960819957248,40.17413636511488,40.17431269427853,10.51104850529021,-1.0183369358755059,-0.003975821966072032,1.9846170708479778e-05,5.042091796437757,0.5189999999999962,0.8737345873134494,1.1690060027599691,2.952714154465197,0.1200174587875164,0.0,3.5762582560809792,0.5297509924764925,0.0,278.82382546702775,85249.58378824587,1.0651243072266063,334.73723823301884,0.0,0.0,40.1743126942784,859.542215146624
12.794921874999813,1435.5974630131277,39.963990325137985,39.9641676870081,10.503561046918218,-1.020717843254356,-0.003984740980926791,2.0965912618651148e-05,5.042091796437757,0.5189999999999962,0.8737345873134494,1.1690024598676207,2.952678725541713,0.11939079372137906,0.0,3.5385184253522826,0.5297305843215656,0.0,278.8186164904146,85241.05939130668,1.0650376988063475,334.73408159319126,0.0,0.0,39.964167687007965,850.5043322082554
12.814921874999813,1436.394642604136,39.7539935714738,39.75417197519344,10.496119855775405,-1.0230994550786194,-0.00399368437494226,2.2070717462805753e-05,5.042091796437757,0.5189999999999962,0.8737345873134494,1.1689989429565035,2.952643556430541,0.11876455698034974,0.0,3.5010117933898153,0.5297102969300517,0.0,278.81343482307307,85232.57968550133,1.0649515412401318,334.7309415027823,0.0,0.0,39.7541719751933,841.5216139019412
12.834921874999813,1437.1876237452325,39.54414518027456,39.5443246351684,10.488724783105086,-1.0254817638547704,-0.0040026592497752434,2.320661989290869e-05,5.042091796437757,0.5189999999999962,0.8737345873134494,1.1689954246691467,2.952608373556973,0.11813874591405257,0.0,3.463737626014564,0.5296901299963328,0.0,278.80828044565595,85224.14463916857,1.0648658342567034,334.7278179500675,0.0,0.0,39.54432463516827,832.5938966956982
12.854921874999812,1437.9764093944525,39.334444230613215,39.33462474617185,10.481375686503121,-1.0278647624402881,-0.0040116722912288735,2.431973593661988e-05,5.042091796437757,0.5189999999999962,0.8737345873134494,1.168991936927016,2.9525734961356664,0.11751335788045178,0.0,3.4266951944311512,0.5296700832170255,0.0,278.80315333893606,85215.75422084337,1.064780577586493,334.72471092339526,0.0,0.0,39.33462474617171,823.7210182656901
12.874921874999812,1438.761002491441,39.12488980441326,39.125071390326276,10.474072421943946,-1.030248443793622,-0.004020729719217281,2.5398132066580372e-05,5.042091796437757,0.5189999999999962,0.8737345873134494,1.16898848676213,2.9525389944868063,0.11688839024579067,0.0,3.389883775414774,0.5296501562909678,0.0,278.79805348380563,85207.40839925634,1.06469577096161,334.7216204111862,0.0,0.0,39.12507139032615,814.9028174894436
12.894921874999811,1439.5414059575105,38.91548098643243,38.91566365261688,10.466814849406969,-1.0326328013797494,-0.004029837254355673,2.6369957277048477e-05,5.042091796437757,0.5189999999999962,0.8737345873134494,1.16898511676507,2.9525052945162056,0.11626384038453141,0.0,3.3533026511070516,0.529630348919208,0.0,278.79298086127613,85199.1071433331,1.0646114141158407,334.71854640193334,0.000744270542833367,-0.00039945126840417843,38.91566365261675,806.1391344391307
12.914921874999811,1440.3176226956962,38.70621686423015,38.70640062087012,10.459602827917847,-1.0350178292646754,-0.004039000081517706,2.7214983279486367e-05,5.042091796437757,0.5189999999999962,0.8737345873134494,1.1689818388881092,2.952472515746598,0.11563970567929371,0.0,3.316951109178154,0.5296106608049919,0.0,278.78793545247794,85190.85042219366,1.064527506784638,334.71548888420165,0.000748129423731706,-0.00042031800031550623,38.706400620869985,797.42981037489
12.93492187499981,1441.089655590813,38.49709652822301,38.497281385730965,10.45243621627599,-1.0374035222173834,-0.004048222725313122,2.79274277864589e-05,5.042091796437757,0.5189999999999962,0.8737345873134494,1.1689786565210583,2.952440692076088,0.11501598352078943,0.0,3.2808284427385592,0.529591091653751,0.0,278.7829172386597,85182.63820515187,1.064444048705122,334.7124478466278,0.0007509207938365918,-0.0004387528659406855,38.49728138573084,788.7746877381519
12.95492187499981,1441.8575075095123,38.288119071621075,38.28830504064172,10.445314874842493,-1.0397898754315316,-0.0040575089703345545,2.8534144042564892e-05,5.042091796437757,0.5189999999999962,0.8737345873134494,1.168975553686336,2.9524096637288655,0.11439267130776176,0.0,3.2449339503448074,0.5295716411730909,0.0,278.77792620118817,85174.47046171478,1.0643610396160708,334.70942327792,0.0007560210490694966,-0.0004572121506331051,38.2883050406416,780.1736101450755
12.97492187499981,1442.6211813003372,38.07928359040003,38.07947068182052,10.438238665616389,-1.0421768845300505,-0.004066861962540321,2.9036444915375607e-05,5.042091796437757,0.5189999999999962,0.8737345873134494,1.168972529565428,2.9523794225197864,0.11376976644692333,0.0,3.2092669358593207,0.5295523090727788,0.0,278.77296232154777,85166.34716158205,1.0642784792579163,334.70641516685794,0.0007611501215606364,-0.00047591199975557946,38.07947068182038,771.6264223800356
12.99492187499981,1443.3806797937782,37.87058918328792,37.87077740824086,10.431207451317166,-1.0445645456295733,-0.00407628446580993,2.9425941439596314e-05,5.042091796437757,0.5189999999999962,0.8737345873134494,1.1689695890944471,2.952350017809977,0.11314726635289815,0.0,3.1738267084467986,0.5295330950647332,0.0,278.7680255813404,85158.26827464536,1.06419636737274,334.70342350229225,0.0007645449160019437,-0.000490296177051704,37.870777408240734,763.1329703892073
13.014921874999809,1444.1360058023276,37.66203495176934,37.66222432160939,10.424221094174113,-1.0469528552187508,-0.004085778688493502,2.974081397762491e-05,5.042091796437757,0.5189999999999962,0.8737345873134494,1.1689667095771874,2.9523212226373796,0.11252516844815698,0.0,3.1386125826503117,0.5295139988630113,0.0,278.76311596228487,85150.23377098788,1.0641147037042664,334.7004482731446,0.0007706420613294553,-0.0005020974337822375,37.66222432160925,754.6931012741201
13.034921874999808,1444.887162120535,37.45362000004739,37.45381052634632,10.417279459309436,-1.0493418100642673,-0.00409534635282043,2.9959895384699455e-05,5.042091796437757,0.5189999999999962,0.8737345873134494,1.1689639035367738,2.952293162233244,0.11190347016296191,0.0,3.1036238781582535,0.5294950201837979,0.0,278.7582334462165,85142.24362088359,1.0640334879978603,334.6974894684072,0.0007788699712408702,-0.000511937382577675,37.45381052634616,746.3066632853903
13.054921874999808,1445.634151525061,37.24534343501195,37.24553512956381,10.410382414547586,-1.051731407119692,-0.0041049884188719184,3.0036627344905697e-05,5.042091796437757,0.5189999999999962,0.8737345873134494,1.1689611985487254,2.9522661123527594,0.11128216893530402,0.0,3.0688599198396145,0.529476158745394,0.0,278.7533780150871,85134.29779479679,1.0639527200005188,334.6945470771428,0.0007899931820384535,-0.0005218894005983974,37.24553512956366,737.9735058164115
13.074921874999808,1446.3769767747297,37.037204366178074,37.03739724104749,10.403529827643595,-1.0541216437672263,-0.00411470535330177,2.9959539635649604e-05,5.042091796437757,0.5189999999999962,0.8737345873134494,1.1689586013797595,2.9522401406631005,0.11066126221085039,0.0,3.0343200378313124,0.5294574142682061,0.0,278.7485496509642,85126.3962633815,1.063872399460869,334.69162108848434,0.0008018037392411506,-0.0005311224951259782,37.03739724104735,729.6934793972238
13.094921874999807,1447.1156406105824,36.829201905730066,36.82939597323346,10.396721566225759,-1.0565125178111476,-0.004124497034437165,2.975107794207334e-05,5.042091796437757,0.5189999999999962,0.8737345873134494,1.1689560986741223,2.9522151136067287,0.11004074744287817,0.0,3.0000035675037946,0.5294387864747346,0.0,278.7437483360312,85118.5389974809,1.0637925261291612,334.68871149163493,0.0008128472712980424,-0.0005395985605947607,36.82939597323332,721.4664356882605
13.114921874999807,1447.850145755931,36.62133516847168,36.62153044118928,10.389957497315304,-1.0589040273699049,-0.004134362858352955,2.9435858826828612e-05,5.042091796437757,0.5189999999999962,0.8737345873134494,1.1689536757850967,2.9521908847164724,0.10942062209222007,0.0,2.965909849368819,0.5294202750895627,0.0,278.7389740525864,85110.72596812676,1.0637130997572664,334.6858182758674,0.0008234306201512912,-0.0005403730407230019,36.62153044118913,713.2922274743031
13.134921874999806,1448.5804949164092,36.413603271882316,36.41379976259153,10.38323748976437,-1.0612961707693163,-0.004144301577480572,2.9043246214496392e-05,5.042091796437757,0.5189999999999962,0.8737345873134494,1.1689513152561626,2.9521672794271314,0.10880088362719977,0.0,2.9320382290522162,0.5294018798393462,0.0,278.7342267830433,85102.95714653887,1.0636341200986672,334.68294143052424,0.0008375147520358606,-0.0005415417638521871,36.41379976259138,705.1707086583502
13.154921874999806,1449.3066907800269,36.206005336005376,36.20620305770778,10.37656141595771,-1.0636889463248134,-0.00415431139196331,2.855032931233999e-05,5.042091796437757,0.5189999999999962,0.8737345873134494,1.1689490306392702,2.952144433258208,0.10818152952358023,0.0,2.8983880571662826,0.5293836004528014,0.0,278.7295065099298,85095.23250412455,1.0635555869084583,334.6800809450175,0.0008524938734238862,-0.0005396953843627921,36.20620305770763,697.1017342557136
13.174921874999805,1450.02873601722,35.998540483446696,35.99873944937611,10.369929147988318,-1.066082352484488,-0.0041643899674701345,2.7960856676324477e-05,5.042091796437757,0.5189999999999962,0.8737345873134494,1.1689468196764767,2.952122323630273,0.10756255726450528,0.0,2.8649586894229597,0.5293654366606961,0.0,278.72481321588805,85087.55201247797,1.0634774999433376,334.6772368088282,0.0008703073063442967,-0.0005335345962560762,35.998739449375975,689.0851603880664
13.194921874999805,1450.7466332809022,35.79120783938805,35.79140806298441,10.363340556067596,-1.0684763876941037,-0.004174534401499406,2.7342741579746328e-05,5.042091796437757,0.5189999999999962,0.8737345873134494,1.1689446420286396,2.9521005471519013,0.10694396434043968,0.0,2.831749486657888,0.5293473881958375,0.0,278.7201468836741,85079.91564337978,1.0633998589616038,334.6744090115065,0.0,0.0,35.791408062984274,681.1208442775343
13.214921874999805,1451.460385206517,35.58400653157201,35.58420802645031,10.356795514290877,-1.0708710502023338,-0.004184741334346289,2.672827642803036e-05,5.042091796437757,0.5189999999999962,0.8737345873134494,1.168942478507145,2.952078911936955,0.10632574824911187,0.0,2.798759814631416,0.5293294547930624,0.0,278.7155074961576,85072.32336879638,1.06332266372315,334.6715975426715,0.0,0.0,35.58420802645018,673.2086442408627
13.234921874999804,1452.1699944120874,35.376935690248196,35.377138470201956,10.35029389716545,-1.0732663379119165,-0.004195006997530852,2.6122130838105942e-05,5.042091796437757,0.5189999999999962,0.8737345873134494,1.1689403262995264,2.9520573898607694,0.10570790649545868,0.0,2.76598904402214,0.5293116361892266,0.0,278.7108950363214,85064.77516087952,1.0632459139894603,334.6688023920108,0.0,0.0,35.377138470201814,665.3484196836628
13.254921874999804,1452.8754634982665,35.169994448148884,35.17019852715922,10.3438355814173,-1.075662248459747,-0.004205327153230038,2.553528217473139e-05,5.042091796437757,0.5189999999999962,0.8737345873134494,1.1689381788631903,2.9520359154974085,0.1050904365915717,0.0,2.733436550455293,0.5292939321231945,0.0,278.70630948726125,85057.2709919657,1.0631696095236045,334.66602354928034,0.0,0.0,35.17019852715909,657.5400310947266
13.274921874999803,1453.5767950483869,34.96318194048397,34.96338733271322,10.337420444226618,-1.078058779225338,-0.004215697229327961,2.499990333509262e-05,5.042091796437757,0.5189999999999962,0.8737345873134494,1.1689360170623568,2.952014297489074,0.10447333605663812,0.0,2.7011017144943814,0.5292763423358298,0.0,278.70175083218544,85049.81083457569,1.0630937500902344,334.6632610043044,0.0,0.0,34.96338733271309,649.7833400403206
13.294921874999803,1454.2739916285095,34.756497304888406,34.756704024708306,10.331048364339008,-1.0804559272648961,-0.004226112427370452,2.450881822325631e-05,5.042091796437757,0.5189999999999962,0.8737345873134494,1.1689338451187559,2.9519925780530643,0.10385660241688946,0.0,2.6689839215290543,0.5292588665699837,0.0,278.6972190544147,85042.39466141393,1.063018335455577,334.6605147469753,0.0,0.0,34.756704024708185,642.0782091586262
13.314921874999802,1454.9670557874724,34.54993968142597,34.55014774342212,10.324719221186019,-1.0828536894640075,-0.004236567722125355,2.407763452394126e-05,5.042091796437757,0.5189999999999962,0.8737345873134494,1.1689316537326044,2.95197066419155,0.10324023320554414,0.0,2.63708256183773,0.5292415045704861,0.0,278.6927141373814,85035.0224453681,1.0629433653874336,334.65778476725313,0.0,0.0,34.55014774342201,634.4245021541541
13.334921874999802,1455.655990056939,34.34350821257296,34.343717631546774,10.318432894145305,-1.0852520625465916,-0.004247058007722716,2.373650677169992e-05,5.042091796437757,0.5189999999999962,0.8737345873134494,1.1689294249873732,2.9519483767392374,0.10262422596275352,0.0,2.6053970305463894,0.5292242560841359,0.0,278.68823606462985,85027.69415950855,1.0628688396551724,334.6550710551657,0.0,0.0,34.34371763154666,626.8220837922446
13.354921874999802,1456.3407969514458,34.137202043191344,34.137412834170014,10.312189264289332,-1.0876510429706456,-0.004257578117824996,2.350007136549586e-05,5.042091796437757,0.5189999999999962,0.8737345873134494,1.1689271501451053,2.9519256283165585,0.10200857823554804,0.0,2.573926727563741,0.5292071208596899,0.0,278.68378481981557,85020.40977708784,1.062794758029725,334.65237360080823,0.0,0.0,34.1374128341699,619.2708198936203
13.374921874999801,1457.021478968451,33.931020320518726,33.93123249875631,10.305988213037239,-1.0900506269927979,-0.004268122885279179,2.340299830276013e-05,5.042091796437757,0.5189999999999962,0.8737345873134494,1.1689248086128112,2.951902212993618,0.10139328757778278,0.0,2.5426710576017366,0.529190098647854,0.0,278.67936038670507,85013.16927154016,1.0627211202835818,334.6496923943433,0.0,0.0,33.931232498756195,611.7705773289766
13.3949218749998,1457.698038588381,33.72496219415168,33.72517577512794,10.299829624448568,-1.0924508106974744,-0.00427868716871702,2.341131768602672e-05,5.042091796437757,0.5189999999999962,0.8737345873134494,1.1689224205026774,2.951878331892279,0.10077835155008327,0.0,2.5116294300425848,0.5291731892012738,0.0,278.6749627491755,85005.97261648087,1.0626479261907884,334.64702742600036,0.0,0.0,33.72517577512782,604.3212240136235
13.4149218749998,1458.3704782746768,33.5190268160062,33.51924181544706,10.293713380769477,-1.094851589976313,-0.004289265879059493,2.357472490074638e-05,5.042091796437757,0.5189999999999962,0.8737345873134494,1.1689199562974464,2.9518536898399694,0.10016376771979416,0.0,2.480801259100028,0.5291563922745237,0.0,278.6705918912146,84998.81978570604,1.062575175526941,334.64437868607604,0.0,0.0,33.519241815446954,596.9226289022066
13.4349218749998,1459.0388004738418,33.3132133403408,33.313429774195875,10.287639367492545,-1.0972529604222703,-0.004299853865296334,2.388371206284948e-05,5.042091796437757,0.5189999999999962,0.8737345873134494,1.168917421592253,2.9518283427880365,0.09954953366092203,0.0,2.4501859637278947,0.5291397076472811,0.0,278.66624779692,84991.71075319187,1.0625028680691808,334.6417461649335,0.0,0.0,33.313429774195775,589.5746619834044
13.4549218749998,1459.703007615487,33.10752092368699,33.10773880815928,10.281607469579003,-1.0996549174070902,-0.004310446107080703,2.4358280582560058e-05,5.042091796437757,0.5189999999999962,0.8737345873134494,1.1689148044984699,2.951802171850204,0.0989356469540859,0.0,2.4197829674169196,0.5291231350631795,0.0,278.6619304504993,84984.64549309429,1.0624310035961917,334.6391298530026,0.0,0.0,33.10773880815917,582.2771942747627
13.474921874999799,1460.3631021123772,32.901948724870614,32.90216807640642,10.27561757335099,-1.1020574560730823,-0.00432103777592469,2.5001124555314223e-05,5.042091796437757,0.5189999999999962,0.8737345873134494,1.1689121033701009,2.9517751605665143,0.09832210518646435,0.0,2.3895916983251553,0.5291066742740984,0.0,278.65763983626954,84977.62397974836,1.0623595818881946,334.63652974077934,0.0,0.0,32.90216807640631,575.0300978175347
13.494921874999799,1461.0190863604764,32.6964959049998,32.696716740271874,10.269669565676612,-1.104460571227696,-0.00433162415272346,2.5819546051306847e-05,5.042091796437757,0.5189999999999962,0.8737345873134494,1.1689093138535303,2.951747265400808,0.09770890595174134,0.0,2.3596115892872866,0.5290903250422372,0.0,278.6533759386569,84970.64618766792,1.0622886027269445,334.6339458188261,0.0,0.0,32.69671674027178,567.8332456715507
13.514921874999798,1461.6709627389932,32.49116162741824,32.49138396333815,10.263763335128743,-1.1068642573265697,-0.00434220087212467,2.6796899497298408e-05,5.042091796437757,0.5189999999999962,0.8737345873134494,1.1689064457753646,2.951718584619152,0.09709604685005596,0.0,2.329842077715089,0.5290740871316785,0.0,278.6491387421965,84963.712091545,1.0622180658957248,334.63137807777105,0.0,0.0,32.491383963338045,560.686511910177
13.534921874999798,1462.3187336104252,32.28594505767807,32.28616891141787,10.257898771553945,-1.1092685084499383,-0.004352763887917119,2.789908082479368e-05,5.042091796437757,0.5189999999999962,0.8737345873134494,1.1689035193485173,2.951689320350679,0.09648352548795172,0.0,2.3002826055777135,0.5290579603083787,0.0,278.6449282315322,84956.82166624941,1.062147971179344,334.6288265083085,0.0,0.0,32.28616891141776,553.5897716153158
13.554921874999797,1462.9624013206032,32.080845363538266,32.08107075253552,10.25207576615575,-1.1116733184427083,-0.004363309524338512,2.9093615707333846e-05,5.042091796437757,0.5189999999999962,0.8737345873134494,1.1689005537961432,2.9516596648269378,0.09587133947832394,0.0,2.2709326193988786,0.5290419443401598,0.0,278.64074439141604,84949.9748868282,1.0620783183641318,334.62629110119815,0.0,0.0,32.08107075253542,546.5429008724233
13.574921874999797,1463.601968198735,31.87586171491769,31.87608865691049,10.24629420976148,-1.1140786809301038,-0.004373834314477403,3.0375639720666237e-05,5.042091796437757,0.5189999999999962,0.8737345873134494,1.1688975519800204,2.95162964666571,0.09525948644037108,0.0,2.2417915702684383,0.5290260389966998,0.0,278.6365872067082,84943.17172850532,1.062009107237935,334.6237718472652,0.0,0.0,31.876088656910383,539.5457767656213
13.594921874999796,1464.237436557448,31.670993283918772,31.671221796938607,10.240553993985362,-1.1164845893904918,-0.0043843351317214676,3.17530074290633e-05,5.042091796437757,0.5189999999999962,0.8737345873134494,1.1688945092009944,2.951599218875449,0.09464796399954196,0.0,2.21285891380258,0.5290102440495237,0.0,278.63245666237657,84936.41216668101,1.0619403375901133,334.6212687374002,0.0011493136269077801,0.000376099955498726,31.671221796938514,532.5982773728017
13.614921874999796,1464.8688086928341,31.466239244809515,31.46646934717386,10.23485501108506,-1.1188910370266665,-0.004394809193301776,3.324888520862289e-05,5.042091796437757,0.5189999999999962,0.8737345873134494,1.1688914116860745,2.9515682437262503,0.09403676978748299,0.0,2.184134110127212,0.5289945592719955,0.0,278.6283527434966,84929.69617693145,1.0618720092115355,334.6187817625589,0.0011529401392903359,0.00039815974916982284,31.466469347173764,525.7002817607739
13.634921874999796,1465.4960868844914,31.261598773998585,31.261830484311215,10.229197155253594,-1.121298016763213,-0.0044052538100887864,3.486062250541224e-05,5.042091796437757,0.5189999999999962,0.8737345873134494,1.168888260972888,2.9515367365943845,0.09342590144198915,0.0,2.1556166237960257,0.5289789844393091,0.0,278.6242754352508,84923.02373500825,1.0618041218945742,334.616310913762,0.0011588351715139387,0.00041734566764799555,31.261830484311126,518.8516699805019
13.654921874999795,1466.1192733955675,31.057071049975953,31.057304387170507,10.22358032218355,-1.1237055212836284,-0.004415666424858449,3.653452346293558e-05,5.042091796437757,0.5189999999999962,0.8737345873134494,1.1688850888902018,2.9515050157675238,0.09281535660695776,0.0,2.127305923721476,0.5289635193284803,0.0,278.6202247229288,84916.39481683799,1.0617366754331048,334.6138561820949,0.0011644774271119028,0.0004274382520711267,31.057304387170415,512.0523230624096
13.674921874999795,1466.7383704728004,30.85265525335784,30.852890236677933,10.218004405779247,-1.126113543086251,-0.004426044759479925,3.830093264385709e-05,5.042091796437757,0.5189999999999962,0.8737345873134494,1.1688818773979717,2.9514729008452223,0.09220513293233545,0.0,2.0992014833599777,0.5289481637183372,0.0,278.61620059192677,84909.80939852184,1.061669669622499,334.6114175587076,0.0011745570118496082,0.00043066783220146006,30.85289023667784,505.3021230116541
13.694921874999794,1467.353380346562,30.64835056683129,30.64858721584954,10.212469303921822,-1.1285220743734767,-0.004436386972006365,4.010816875977808e-05,5.042091796437757,0.5189999999999962,0.8737345873134494,1.1688786571324596,2.951440698190102,0.09159522807407065,0.0,2.071302780430144,0.5289329173895131,0.0,278.61220302774734,84903.26745633502,1.061603104259621,334.6089950348149,0.0011890422301441296,0.00042978072845969355,30.648587215849442,498.60095280350276
13.714921874999794,1467.9643052308982,30.444156175120927,30.444394509774668,10.206974914303132,-1.1309311072231405,-0.004446691722509438,4.19560683866111e-05,5.042091796437757,0.5189999999999962,0.8737345873134494,1.168875428155619,2.9514084084216963,0.09098563969406642,0.0,2.0436092971024307,0.5289177801244374,0.0,278.60823201599914,84896.76896672645,1.0615369791428264,334.6065886016955,0.0012020077495595747,0.0004263240666494451,30.44439450977458,491.9486963787539
13.734921874999793,1468.5711473235692,30.24007126501098,30.24031130559762,10.201521134819354,-1.1333406336176162,-0.004456958036733134,4.3863250559042796e-05,5.042091796437757,0.5189999999999962,0.8737345873134494,1.1688721793926522,2.9513759207920276,0.09037636546012748,0.0,2.0161205199319583,0.5289027517073275,0.0,278.6042875423968,84890.31390631823,1.0614712940719546,334.60419825069243,0.001217386322251365,0.0004205903655671592,30.240311305597526,485.3452386391342
13.754921874999793,1469.173908806092,30.036095025306533,30.03633679250137,10.196107865312698,-1.1357506453605917,-0.00446718526416486,4.5803595428360475e-05,5.042091796437757,0.5189999999999962,0.8737345873134494,1.1688689263065641,2.951343389931147,0.08976740304591375,0.0,1.988835939723821,0.5288878319241808,0.0,278.6003695927604,84883.9022519053,1.0614060488483281,334.6018239732128,0.0012374425715541819,0.0004120159116541073,30.03633679250128,478.79046544281226
13.774921874999793,1469.7725918437793,29.83222664679736,29.83247016169204,10.190735005914762,-1.138161134226089,-0.004477373049777359,4.777032235135373e-05,5.042091796437757,0.5189999999999962,0.8737345873134494,1.1688656728927023,2.9513108557925283,0.08915875013089591,0.0,1.9617550516224556,0.5288730205627667,0.0,278.5964781530154,84877.53398045491,1.0613412432747473,334.59946576072736,0.0012552217003868739,0.0004022195397517579,29.832470161691955,472.28426359996774
13.794921874999792,1470.3671985857795,29.628465322292826,29.62871060637985,10.185402456837208,-1.140572091968381,-0.004487521335517716,4.9797700988149835e-05,5.042091796437757,0.5189999999999962,0.8737345873134494,1.1688623987880438,2.9512781147459433,0.08855040440030051,0.0,1.9348773551381786,0.5288583174126185,0.0,278.5926132091924,84871.2090691063,1.0612768771554877,334.59712360477056,0.0012739423467870987,0.0003920283255720457,29.62871060637977,465.8265208682941
13.814921874999792,1470.9577311651176,29.424810246558675,29.425057321764502,10.180110120423636,-1.1429835102612795,-0.004497630255421595,5.18563899375699e-05,5.042091796437757,0.5189999999999962,0.8737345873134494,1.1688591213702035,2.951245340567541,0.08794236354506822,0.0,1.9082023539256923,0.5288437222650252,0.0,278.5887747474267,84864.92749517022,1.0612129502962946,334.5947974969406,0.001294276098784606,0.0003788726023188503,29.425057321764434,459.41712594867903
13.834921874999791,1471.5441916987327,29.221260616323928,29.221509505017856,10.174857898806748,-1.1453953808004678,-0.004507700176918033,5.3956728146797973e-05,5.042091796437757,0.5189999999999962,0.8737345873134494,1.16885583447417,2.9512124716072052,0.08733462526180415,0.0,1.8817295559606562,0.5288292349130241,0.0,278.5849627539582,84858.68923612847,1.0611494625043814,334.5924874288987,0.00131381689233527,0.0003651536293243789,29.221509505017785,453.0559684808397
13.85492187499979,1472.1265822875182,29.017815630261484,29.018066355267777,10.169645694639136,-1.147807695249282,-0.004517731669001592,5.612469301139214e-05,5.042091796437757,0.5189999999999962,0.8737345873134494,1.1688525226618065,2.9511793534835706,0.08672718725273162,0.0,1.8554584734785111,0.5288148551513928,0.0,278.5811772151311,84852.49426963358,1.0610864135884248,334.59019339236943,0.0013339626736200323,0.0003491568366212965,29.01806635526771,446.7429390390349
13.87492187499979,1472.7049050163607,28.814474488990893,28.81472707358062,10.164473412304918,-1.1502204452460596,-0.004527725532177031,5.835234031091149e-05,5.042091796437757,0.5189999999999962,0.8737345873134494,1.1688491906157432,2.9511460330229378,0.08612004722564161,0.0,1.8293886228499536,0.5288005827766413,0.0,278.5774181173936,84846.34257350833,1.0610238033585622,334.58791537914055,0.0013543321470096347,0.0003309767069962108,28.814727073580563,440.47792912777294
13.89492187499979,1473.279161954178,28.611236395028175,28.611490862946713,10.159340955521795,-1.1526336223128955,-0.004537682761787351,6.06814420149117e-05,5.042091796437757,0.5189999999999962,0.8737345873134494,1.1688458135265265,2.9511122621307706,0.08551320289385146,0.0,1.803519524738969,0.5287864175870048,0.0,278.5736854472978,84840.23412574537,1.0609616316263866,334.58565338106246,0.0013735139887611008,0.0003104804188540992,28.611490862946653,434.2608311776494
13.91492187499979,1473.8493551539575,28.40810055280825,28.408356928262254,10.154248230589873,-1.1550472179037399,-0.004547604619443971,6.310517911618834e-05,5.042091796437757,0.5189999999999962,0.8737345873134494,1.168842395410574,2.9510780809712456,0.08490665197615273,0.0,1.7778507038709488,0.528772359382436,0.0,278.56997919149927,84834.16890450679,1.0608998982049447,334.5834073900486,0.0013943374418853565,0.0002917637020269422,28.408356928262183,428.0915385411177
13.93492187499979,1474.4154866527938,28.205066168622395,28.20532447631509,10.149195144653161,-1.157461223339815,-0.004557492510313712,6.561323759078596e-05,5.042091796437757,0.5189999999999962,0.8737345873134494,1.1688389423611267,2.951043550476773,0.08430039219677077,0.0,1.7523816891056996,0.5287584079645975,0.0,278.5662993367568,84828.14688812375,1.0608386029087322,334.5811773980746,0.0014152262743731359,0.00027129866041199766,28.205324476315024,421.96994548841286
13.954921874999789,1474.977558471926,28.002132450618145,28.0023927157687,10.144181605404127,-1.1598756299210173,-0.00456734796974521,6.819448329893103e-05,5.042091796437757,0.5189999999999962,0.8737345873134494,1.1688354609537053,2.9510087364025583,0.08369442128531838,0.0,1.727112013423191,0.5287445631368546,0.0,278.56264586993245,84822.16805509607,1.0607777455536915,334.5789633971791,0.001437739247287082,0.00025053430101270593,28.00239271576863,415.8959472034568
13.974921874999788,1475.5355726167745,27.79929860878275,27.79956085714615,10.139207520684504,-1.1622904289179474,-0.004577172697608182,7.086441283136065e-05,5.042091796437757,0.5189999999999962,0.8737345873134494,1.1688319419700568,2.9509735465660736,0.08308873697675037,0.0,1.7020412139715229,0.5287308247042676,0.0,278.55901877799096,84816.2323840918,1.0607173259572067,334.57676537946253,0.0014567579564700574,0.00022923404896206417,27.799560857146083,409.86943977980417
13.994921874999788,1476.089531076978,27.596563854948858,27.5968281128134,10.13427279827538,-1.1647056115526964,-0.004586968471031084,7.367459147438043e-05,5.042091796437757,0.5189999999999962,0.8737345873134494,1.1688283547914917,2.950937674780423,0.08248333701131506,0.0,1.6771688320792029,0.5287171924735853,0.0,278.55541804799964,84810.3398539469,1.0606573439381024,334.5745833370878,0.0014764665482479811,0.00020833282503676182,27.59682811281333,403.8903202166037
14.014921874999787,1476.63943582643,27.393927402770718,27.394193696963715,10.129377349041281,-1.1671211689288672,-0.0045967371774262135,7.659171198798253e-05,5.042091796437757,0.5189999999999962,0.8737345873134494,1.1688247191515124,2.95090131838063,0.08187821913450995,0.0,1.6524944129344998,0.5287036662532368,0.0,278.5518436671282,84804.4904436648,1.0605977993166382,334.5724172622797,0.001497553748616403,0.0001863814313943335,27.394193696963637,397.95848641463124
14.034921874999787,1477.185288823315,27.19138846767106,27.191656825604472,10.124521083968704,-1.1695370920842991,-0.0046064807939803255,7.960290131151928e-05,5.042091796437757,0.5189999999999962,0.8737345873134494,1.1688210426610046,2.9508645534755518,0.08127338109704411,0.0,1.628017505820041,0.5286902458533254,0.0,278.5482956226484,84798.68413241605,1.0605386919145068,334.57026714732496,0.001519410671628748,0.00016362359228982372,27.1916568256044,392.07383717242953
14.054921874999787,1477.7270920101435,26.988946266853336,26.989216716540263,10.119703914408788,-1.171953372047634,-0.00461620142140086,8.271376068317805e-05,5.042091796437757,0.5189999999999962,0.8737345873134494,1.1688173219705251,2.950827346570757,0.08066882065478946,0.0,1.603737664094784,0.5286769310856209,0.0,278.54477390193404,84792.92089953787,1.0604800215548291,334.568132984572,0.0015416251861184033,0.000140506924489006,26.989216716540188,386.23627218237147
14.074921874999786,1478.264847313788,26.78660001928654,26.786872589357607,10.114925753077364,-1.1743699998669102,-0.004625901259566978,8.59101594960167e-05,5.042091796437757,0.5189999999999962,0.8737345873134494,1.1688135654398977,2.9507897812644823,0.0800645355687371,0.0,1.5796544450753514,0.5286637217635528,0.0,278.5412784924604,84787.20072453389,1.0604217880621536,334.56601476643095,0.001563316741316785,0.00012082600231303348,26.786872589357536,380.44569202681447
14.094921874999786,1478.798556645518,26.58434894567733,26.584623665410316,10.110186512751858,-1.1767869665755348,-0.00463558254550353,8.92055522923174e-05,5.042091796437757,0.5189999999999962,0.8737345873134494,1.1688097650602565,2.9507517774680703,0.07946052360495544,0.0,1.5557674101458894,0.5286506177022038,0.0,278.5378093818041,84781.52358707367,1.0603639912624505,334.5639124853733,0.0015853592716788185,9.920869171569658e-05,26.58462366541025,374.701998174301
14.114921874999785,1479.3282219010337,26.382192268471908,26.382469167803613,10.105486106893164,-1.1792042632552011,-0.004645247517906594,9.261351002921026e-05,5.042091796437757,0.5189999999999962,0.8737345873134494,1.1688059127570458,2.9507132544359638,0.07885678253454445,0.0,1.5320761246689432,0.5286376187183023,0.0,278.53436655764324,84775.88946699238,1.0603066309831097,334.56182613393185,0.0016064070613484962,7.84969558965671e-05,26.382469167803535,369.00509297576514
14.134921874999785,1479.8538449605023,26.180129211846698,26.180408321378476,10.100824449689243,-1.1816218809612047,-0.004654898454217055,9.615379288809936e-05,5.042091796437757,0.5189999999999962,0.8737345873134494,1.1688019967851293,2.9506740947167986,0.07825331013359109,0.0,1.5085801579856226,0.5286247246302158,0.0,278.5309500077567,84770.29834429045,1.060249707052938,334.5597557047006,0.0016278590838270594,6.0509193779630417e-05,26.180408321378405,363.3548796607805
14.154921874999784,1480.3754276885913,25.978159001668168,25.978440352698225,10.09620145694478,-1.1840398106997758,-0.004664537607994377,9.981074634097858e-05,5.042091796437757,0.5189999999999962,0.8737345873134494,1.1687980264063154,2.950634390928659,0.07765010418313058,0.0,1.48527908327413,0.5286119352579449,0.0,278.52755972002416,84764.75019913315,1.0601932193021542,334.5577011903347,0.0016502334608844648,4.096229812150789e-05,25.978440352698158,357.7512623339028
14.174921874999784,1480.8929719345024,25.77628086548635,25.776564490033437,10.091617045359609,-1.186458043503317,-0.004674167186031966,0.00010356195971864492,5.042091796437757,0.5189999999999962,0.8737345873134494,1.168794014892079,2.9505942757862957,0.07704716246910356,0.0,1.462172477609419,0.5285992504231156,0.0,278.5241956824257,84759.24501185029,1.060137167562389,334.55566258355,0.0016724432372251631,2.3078052469120518e-05,25.776564490033365,352.19414597100433
14.194921874999784,1481.4064795320046,25.57449403251493,25.574779963347545,10.087071131221828,-1.1888765704077102,-0.004683789380791021,0.00010743457696351226,5.042091796437757,0.5189999999999962,0.8737345873134494,1.1687899461153788,2.9505535880192935,0.0764444827823147,0.0,1.4392599221216216,0.5285866699489736,0.0,278.52085788304197,84753.7827629358,1.0600815516666786,334.55363987712343,0.001694899936716375,4.697437166974712e-06,25.574779963347474,346.68343641565946
14.214921874999783,1481.9159522994685,25.372797733633714,25.37308600428092,10.082563631859411,-1.1912953824580224,-0.004693406377186298,0.00011144642418509484,5.042091796437757,0.5189999999999962,0.8737345873134494,1.1687858094828318,2.950512221693824,0.07584206291838701,0.0,1.4165410018050326,0.5285741936603776,0.0,278.51754631005343,84748.36343304746,1.0600263714494635,334.5516330638924,0.0017174479558393395,-1.2826523230241837e-05,25.37308600428085,341.2190403755232
14.234921874999783,1482.4213920398981,25.171191201357722,25.171481846137507,10.078094466740072,-1.193714470699171,-0.004703020346884041,0.00011555658841960918,5.042091796437757,0.5189999999999962,0.8737345873134494,1.1687816292390694,2.9504704192561992,0.07523990067772368,0.0,1.3940153053355542,0.5285618213837926,0.0,278.51426095174065,84742.98700300645,1.0599716267465853,334.54964213675487,0.001742692636402106,-2.797296682975588e-05,25.17148184613744,335.80086541881485
14.254921874999782,1482.9228005409643,24.969673669813506,24.969966723871263,10.073663554830025,-1.1961338261993308,-0.004712633391701272,0.0001197770668631288,5.042091796437757,0.5189999999999962,0.8737345873134494,1.1687773982444292,2.9504281093097973,0.0746379938654694,0.0,1.3716824254095823,0.5285495529472836,0.0,278.5110017964837,84737.65345379709,1.0599173173952834,334.54766708866913,0.001765890861483552,-4.101652706550345e-05,24.969966723871188,330.428819970828
14.274921874999782,1483.4201795750362,24.768244374741343,24.768539874070626,10.069270815480213,-1.19855344007224,-0.004722247509334079,0.00012413580906454853,5.042091796437757,0.5189999999999962,0.8737345873134494,1.1687730999004127,2.9503851258696323,0.07403634029146575,0.0,1.3495419586181314,0.5285373881805098,0.0,278.5077688327622,84732.36276656644,1.0598634432341918,334.54570791265394,0.0017888919824494802,-5.509057155749921e-05,24.76853987407055,325.10281331042256
14.294921874999782,1483.9135308992143,24.56690255349245,24.567200534943154,10.064916169220794,-1.200973303423547,-0.004731864598632702,0.00012864413510918558,5.042091796437757,0.5189999999999962,0.8737345873134494,1.1687687274729965,2.950341401595471,0.07343493777020699,0.0,1.32759350532183,0.5285253269147177,0.0,278.5045620491551,84727.114922624,1.0598100041033367,334.543764601788,0.0018135749873207125,-6.867043842128919e-05,24.567200534943076,319.82275556655406
14.314921874999781,1484.4028562553615,24.365647444982255,24.36594794630414,10.060599538130127,-1.2033934073498023,-0.0047414865033666145,0.00013327860565604996,5.042091796437757,0.5189999999999962,0.8737345873134494,1.1687642948412407,2.9502970752779123,0.07283378412080796,0.0,1.3058366695649986,0.5285133689827355,0.0,278.50138143434015,84721.90990344132,1.0597569998441334,334.5418371492101,0.0018381997275877075,-8.070221372440395e-05,24.36594794630406,314.58855771494297
14.33492187499978,1484.8881573701349,24.16447828969949,24.164781349560652,10.056320843467002,-1.2058137429463835,-0.004751115002356066,0.00013808512369515005,5.042091796437757,0.5189999999999962,0.8737345873134494,1.1687597747622551,2.950251874488057,0.07223287716695807,0.0,1.2842710594249833,0.5285015142189665,0.0,278.4982269770941,84716.74769065175,1.059704430299383,334.539925548119,0.001862071911211288,-9.108131307167213e-05,24.16478134956058,309.4001315746538
14.35492187499978,1485.369435955017,23.963394329682057,23.96369998769848,10.052080008939868,-1.208234301264933,-0.004760751775124871,0.00014303396287306436,5.042091796437757,0.5189999999999962,0.8737345873134494,1.1687551848470101,2.950205975335607,0.07163221473688405,0.0,1.2628962864844182,0.5284897624593834,0.0,278.4950986662924,84711.62826605001,1.0596522953132697,334.53802979177317,0.0018892007958524835,-0.00010091206503469785,23.963699987698412,304.2573898047847
14.37492187499978,1485.846693706346,23.762394808488292,23.762703105269892,10.047876958486876,-1.2106550733706583,-0.004770398386069746,0.00014811807833337967,5.042091796437757,0.5189999999999962,0.8737345873134494,1.168750529254432,2.9501594194098257,0.0710317946633152,0.0,1.241711966159735,0.5284781135415223,0.0,278.4919964909087,84706.55161159192,1.0596005947313585,334.5361498734907,0.0019165649149807738,-0.00010869170437222223,23.76270310526983,299.1602459012085
14.39492187499978,1486.3199323053468,23.561478971194507,23.561789948379076,10.043711616524435,-1.2130760503486826,-0.0047800562889992555,0.00015334256767445364,5.042091796437757,0.5189999999999962,0.8737345873134494,1.168745804941531,2.9501121762808147,0.07043161478344152,0.0,1.2207177176527706,0.5284665673044772,0.0,278.48892044001525,84701.51770939406,1.0595493284005912,334.5342857866492,0.0019447232361340483,-0.00011709542430392681,23.561789948379015,294.10861419328563
14.414921874999779,1486.7891534181604,23.36064606438183,23.36095976466854,10.03958390812298,-1.2154972233204622,-0.004789726827120295,0.00015871812151224872,5.042091796437757,0.5189999999999962,0.8737345873134494,1.1687410055508285,2.9500641823737905,0.06983167293887493,0.0,1.1999131639139033,0.5284551235888928,0.0,278.48587050278195,84696.52654173347,1.0594984961692855,334.53243752468586,0.001972416896208558,-0.00012518357665524565,23.360959764668475,289.1024098406346
14.434921874999779,1487.2543586958748,23.159895336123487,23.160211803305575,10.035493759097664,-1.2179185834240795,-0.004799411256704238,0.0001642532830173232,5.042091796437757,0.5189999999999962,0.8737345873134494,1.1687361259973335,2.95001538683884,0.06923196697561054,0.0,1.1792979315979928,0.5284437822369605,0.0,278.4828466684768,84691.57809104731,1.0594480978871301,334.53060508109695,0.002001347236782257,-0.00013067267513507737,23.160211803305515,284.1415488299353
14.454921874999778,1487.7155497745543,22.959226035970893,22.959545314969084,10.031441095761826,-1.2203401218004992,-0.0048091107386869355,0.00016996938061054784,5.042091796437757,0.5189999999999962,0.8737345873134494,1.1687311536157714,2.9499656630232196,0.0686324947439889,0.0,1.1588716511086632,0.5284325430924115,0.0,278.47984892646537,84686.67233993256,1.0593981334051832,334.528788449438,0.0020292537844374893,-0.00013717299578328083,22.95954531496903,279.2259479717718
14.474921874999778,1488.1727282752688,22.758637414940033,22.758959551836263,10.02742584536358,-1.2227618295728617,-0.004818826329679185,0.00017588063975830604,5.042091796437757,0.5189999999999962,0.8737345873134494,1.1687260799537422,2.949914926402928,0.068033254098658,0.0,1.138633956506235,0.5284214060005112,0.0,278.47687726621075,84681.80927114564,1.0593486025758696,334.52698762332375,0.002058226645225663,-0.00014263753695550373,22.758959551836206,274.35552489750404
14.494921874999777,1488.6258958041226,22.558128725495948,22.55845376756974,10.023447935622766,-1.2251836978345783,-0.004828558999758735,0.00018201232205489957,5.042091796437757,0.5189999999999962,0.8737345873134494,1.1687208900153525,2.9498630270190307,0.06743424289853667,0.0,1.1185844855660714,0.5284103708080541,0.0,278.4739316772732,84676.98886760225,1.0592995052529783,334.52520259642756,0.002086034942736124,-0.00014746924590854364,22.558453767569684,269.53019805618135
14.514921874999777,1489.0750539522844,22.357699221541242,22.358027217304546,10.019507295474385,-1.2276057176179758,-0.004838309653205058,0.00018836558894967426,5.042091796437757,0.5189999999999962,0.8737345873134494,1.1687155830995388,2.949809957860894,0.0668354590067771,0.0,1.0987228796191653,0.5283994373633579,0.0,278.4710121493101,84672.2111123769,1.0592508412916588,334.5234333624819,0.0021165921522062125,-0.00014996576683997282,22.358027217304492,264.7498867114806
14.534921874999776,1489.5202042960148,22.157348158385002,22.157679157637453,10.015603854936721,-1.230027879905431,-0.004848079063006739,0.0001949260842577996,5.042091796437757,0.5189999999999962,0.8737345873134494,1.1687101677066418,2.949755803931924,0.06623690029073491,0.0,1.079048783566534,0.5283886055162583,0.0,278.4681186720759,84667.47598870267,1.0592026105484191,334.521679915278,0.0021485339744499923,-0.00015379210115521586,22.157679157637407,260.0145109387322
14.554921874999776,1489.9613483966941,21.95707479273219,21.957408846614264,10.011737544110375,-1.232450175665638,-0.004857867914616755,0.00020171073061012266,5.042091796437757,0.5189999999999962,0.8737345873134494,1.1687046337881368,2.949700464746874,0.06563856462193271,0.0,1.0595618460638345,0.5283778751181035,0.0,278.4652512354215,84662.783479971,1.0591548128811241,334.5199422486654,0.0021794640520188466,-0.00015615142782061237,21.95740884661422,255.32399162192488
14.574921874999776,1490.3984878008514,21.756878382687894,21.757215543715223,10.007908293779046,-1.2348725958453481,-0.004867676813530126,0.00020873919217131184,5.042091796437757,0.5189999999999962,0.8737345873134494,1.1686989696725636,2.9496438235911415,0.06504044987601827,0.0,1.0402617193911767,0.5283672460217484,0.0,278.4624098292944,84658.1335697312,1.059107448148991,334.51822035655243,0.0022116726683208436,-0.00015928487158656333,21.757215543715184,250.67825045069728
14.594921874999775,1490.8316240401914,21.556758187724643,21.557098509845233,10.00411603552665,-1.2372951313382394,-0.004877506305167614,0.00021602553649980767,5.042091796437757,0.5189999999999962,0.8737345873134494,1.1686931670091183,2.9495857969566885,0.06444255393273696,0.0,1.02114805940277,0.5283567180815503,0.0,278.45959444373875,84653.52624169036,1.0590605162125883,334.5165142329057,0.002244471357974835,-0.00015941943755357104,21.557098509845197,246.07720991747124
14.614921874999775,1491.2607586316217,21.356713468679274,21.35705700732063,10.000360701999613,-1.239717773001594,-0.004887356854988884,0.00022356690114245273,5.042091796437757,0.5189999999999962,0.8737345873134494,1.1686872274857516,2.9495264017230216,0.06384487467589386,0.0,1.0022205254591328,0.5283462911533627,0.0,278.4568050688944,84648.96147971292,1.0590140169338333,334.51482387175,0.0022783545347350932,-0.0001607886656333866,21.357057007320588,241.52079331453302
14.634921874999774,1491.6858930772803,21.15674348773019,21.15709029985845,9.996642226067321,-1.2421405116498454,-0.004897228835113541,0.00023138773328060025,5.042091796437757,0.5189999999999962,0.8737345873134494,1.1686811365993202,2.949465492858707,0.06324740999332341,0.0,0.9834787806131488,0.5283359650945303,0.0,278.45404169499767,84644.43926782043,1.0589679501759874,334.5131492671686,0.002312392838811496,-0.00016103998662032317,21.157090299858407,237.00892473120095
14.654921874999774,1492.107028864562,20.9568475083888,20.95719765256426,9.99296054151642,-1.2445633380504295,-0.004907122544893483,0.0002394997495432559,5.042091796437757,0.5189999999999962,0.8737345873134494,1.168674887397522,2.9494030008407246,0.06265015777685473,0.0,0.9649224914171647,0.5283257397638845,0.0,278.45130431238033,84639.95959019128,1.0589223158036576,334.51149041330245,0.002347816681671399,-0.00016008373091655535,20.95719765256423,232.5415290509882
14.674921874999773,1492.524167466145,20.757024795484956,20.757378331920872,9.989315582759993,-1.246986242924986,-0.004917038199936131,0.0002479216438994587,5.042091796437757,0.5189999999999962,0.8737345873134494,1.1686684687911573,2.9493388147770783,0.06205311592227933,0.0,0.9465513279995124,0.5283156150217377,0.0,278.44859291147003,84635.5224311604,1.0588771136827897,334.50984730435084,0.0023826029828394523,-0.00016006897747288708,20.75737833192084,228.1185319488114
14.694921874999773,1492.9373103400171,20.557274615155343,20.557631605776717,9.985707284831975,-1.2494092169343305,-0.004926975946165997,0.0002566769552765837,5.042091796437757,0.5189999999999962,0.8737345873134494,1.1686618668226039,2.9492727950915443,0.06145628232931832,0.0,0.9283649640433908,0.5283055907298785,0.0,278.4459074827899,84631.12777521896,1.0588323436806688,334.50821993457066,0.0024182322228659646,-0.00015843461729308692,20.55763160577668,223.73985988822363
14.714921874999773,1493.3464589295022,20.357596234829426,20.357956743334956,9.982135583325858,-1.2518322506634023,-0.0049369358649151065,0.00026579829602163096,5.042091796437757,0.5189999999999962,0.8737345873134494,1.1686550621574718,2.949204748440224,0.0608596549015914,0.0,0.9103630767965014,0.5282956667515667,0.0,278.4432480169582,84626.77560701415,1.0587880056659167,334.50660829827666,0.002453896562390169,-0.00015656639237919854,20.357956743334928,219.40544011868764
14.734921874999772,1493.7516146632852,20.157988923216585,20.15835301514253,9.978600414646268,-1.2542553346051373,-0.004946917970949123,0.0002753127408850421,5.042091796437757,0.5189999999999962,0.8737345873134494,1.168648038746453,2.9491345143300363,0.060263231546585624,0.0,0.8925453469882593,0.5282858429515285,0.0,278.4406145046886,84622.46591134886,1.058744099508488,334.5050123898413,0.0024896758320947345,-0.00015396452179396457,20.1583530151425,215.1152006728743
14.754921874999772,1494.1527789554382,19.95845195028989,19.958819693079914,9.975101716169744,-1.256678459142425,-0.004956922204083869,0.0002852321678904652,5.042091796437757,0.5189999999999962,0.8737345873134494,1.1686407895547386,2.9490620224128916,0.059667010175626665,0.0,0.874911458765804,0.5282761191959517,0.0,278.43800693678963,84618.1986731814,1.0587006250796682,334.5034322036945,0.002526643019926974,-0.00015042940222631502,19.958819693079885,210.86907036400555
14.774921874999771,1494.5499532054448,19.758984587267523,19.759356050351855,9.971639425784547,-1.2591016145540197,-0.004966948440251943,0.00029558041673313605,5.042091796437757,0.5189999999999962,0.8737345873134494,1.1686333004573586,2.9489871314390914,0.059070988703852585,0.0,0.8574610998160793,0.5282664953524808,0.0,278.4354253041646,84613.97387762528,1.0586575822520727,334.50186773432375,0.0025641542046361634,-0.00014628799831840675,19.75935605035183,206.666978783241
14.79492187499977,1494.9431387982258,19.559586106604563,19.5599613614764,9.968213481993565,-1.2615247910129008,-0.0049769964692593285,0.00030638716362311124,5.042091796437757,0.5189999999999962,0.8737345873134494,1.168625553873688,2.948909665602386,0.05847516505018272,0.0,0.8401939613256992,0.5282569712902123,0.0,278.43286959781153,84609.79150994892,1.0586149708996433,334.5003189762738,0.002601286485000386,-0.0001417032289209611,19.559961361476375,202.50885629705445
14.81492187499977,1495.3323371041631,19.36025578198094,19.360634902274853,9.96482382402909,-1.2639479785680112,-0.004987066020552473,0.000317681203787236,5.042091796437757,0.5189999999999962,0.8737345873134494,1.1686175327503574,2.9488294543690796,0.057879537137289286,0.0,0.8231097379350681,0.5282475468796901,0.0,278.4303398088229,84605.65155557539,1.0585727908976463,334.49878592414666,0.0026398109184209307,-0.00013649879896439966,19.360634902274825,198.3946340446565
14.83492187499977,1495.7175494791243,19.16099288827884,19.16137594986406,9.961470392082798,-1.26637116714013,-0.004997156750256192,0.0003294744038935384,5.042091796437757,0.5189999999999962,0.8737345873134494,1.168609230070986,2.948746427575366,0.05728410289157596,0.0,0.8062081276389071,0.5282382219929009,0.0,278.42783592838566,84601.55400008212,1.0585310421226697,334.4972685726017,0.0026792884718306086,-0.00013079576842499498,19.161375949864034,194.32424393548874
14.85492187499977,1496.0987772644864,18.961796701574333,18.962183782646413,9.95815312672378,-1.268794346537853,-0.005007268243454947,0.0003418015813955792,5.042091796437757,0.5189999999999962,0.8737345873134494,1.1686006252216203,2.948660379081709,0.056688860243149564,0.0,0.7894888319865682,0.5282289965032697,0.0,278.4253579477808,84597.49882920073,1.058489724452622,334.49576691635514,0.0027192437115386566,-0.00012674049908184301,18.962183782646388,190.29761864669464
14.87492187499977,1496.4760217871603,18.762666499126215,18.763057680300562,9.954871969315775,-1.2712175064456401,-0.0050174000481217505,0.00035468923636909356,5.042091796437757,0.5189999999999962,0.8737345873134494,1.1685917025217873,2.948571152083379,0.056093807125793906,0.0,0.7729515559046999,0.5282198702856552,0.0,278.42290585838344,84593.48602881668,1.058448837766729,334.4942809501804,0.0027595080691758386,-0.00012062426479543848,18.763057680300538,186.3146916206299
14.894921874999769,1496.8492843596132,18.563601559356933,18.563996923774276,9.951626861735072,-1.2736406364153179,-0.005027551675576789,0.00036817630371005863,5.042091796437757,0.5189999999999962,0.8737345873134494,1.1685824389283224,2.9484785161487292,0.05549894147695008,0.0,0.7565960077998559,0.5282108432163453,0.0,278.4204796516625,84589.51558496908,1.0584083819455323,334.4928106689075,0.0028000797734982633,-0.00011510796587550215,18.56399692377424,182.3753970624383
14.914921874999768,1497.2185662798927,18.364601161848043,18.36500079527448,9.948417746601864,-1.2760637258675442,-0.005037722595238685,0.000382300230185711,5.042091796437757,0.5189999999999962,0.8737345873134494,1.168572812286649,2.9483822497319956,0.05490426123768832,0.0,0.7404218994716678,0.5282019151730528,0.0,278.41807931918066,84585.58748385044,1.0583683568708875,334.49135606742345,0.002840697233757877,-0.00010991213458776331,18.36500079527444,178.4796699375954
14.934921874999768,1497.5838688316492,18.165664587319373,18.1660685782611,9.945244567296,-1.2784867640686683,-0.005047912252186595,0.0003970948027508631,5.042091796437757,0.5189999999999962,0.8737345873134494,1.1685628026184005,2.9482821530495107,0.05430976435269108,0.0,0.7244289460879307,0.5281930860349111,0.0,278.4157048525943,84581.70171180637,1.05832876242596,334.4899171406721,0.0028825934748476947,-0.00010482437141373986,18.16606857826107,174.6274459695481
14.954921874999767,1497.945193284159,17.96679111761593,17.967199557439915,9.94210726782438,-1.280909740139276,-0.0050581200726920695,0.0004125970796070166,5.042091796437757,0.5189999999999962,0.8737345873134494,1.1685523880144186,2.948178007009692,0.05371544877023324,0.0,0.7086168662126855,0.5281843556824699,0.0,278.41335624365297,84577.85825533542,1.058289598495226,334.48849388365375,0.0029247817690935,-9.822580311784964e-05,17.967199557439876,170.81866163735612
14.974921874999767,1498.302540892346,17.76798003569727,17.768393018755205,9.939005793009663,-1.2833326430502943,-0.005068345457904894,0.0004288365882165676,5.042091796437757,0.5189999999999962,0.8737345873134494,1.1685415510360522,2.9480696372260273,0.053121312442161936,0.0,0.6929853817306597,0.5281757239976911,0.0,278.4110334841997,84574.05710108881,1.0582508649644684,334.48708629142504,0.002968677228041063,-9.180531094419015e-05,17.76839301875517,167.05325417335226
14.994921874999767,1498.6559128968054,17.569230625616715,17.569648249385345,9.935940088357007,-1.2857554616281575,-0.005078587775730046,0.00044584372001789933,5.042091796437757,0.5189999999999962,0.8737345873134494,1.1685302737407581,2.947956864273087,0.052527353323884654,0.0,0.6775342178839509,0.5281671908639443,0.0,278.4087365661707,84570.29823587016,1.0582125617207745,334.48569435909945,0.003013621156900841,-8.592183268211906e-05,17.56964824938531,163.33116156087542
15.014921874999766,1499.0053105238228,17.37054217251325,17.370964537735937,9.932910099905548,-1.2881781845653704,-0.005088846376107647,0.0004636601709917192,5.042091796437757,0.5189999999999962,0.8737345873134494,1.1685185314981505,2.947839441847011,0.051933569374350515,0.0,0.662263103326237,0.5281587561660028,0.0,278.40646548159515,84566.5816466353,1.0581746886525354,334.48431808184665,0.0030582073265316687,-7.95406812151486e-05,17.370964537735908,159.6523225319789
15.034921874999766,1499.3507349853985,17.171913962600627,17.172341173434067,9.929915774295745,-1.290600800411284,-0.005099120591229086,0.0004823344258475866,5.042091796437757,0.5189999999999962,0.8737345873134494,1.1685062956668593,2.9477170835340982,0.05133995855603452,0.0,0.647171770088251,0.5281504197900403,0.0,278.40422022259486,84562.90732049201,1.0581372456494433,334.48295745489247,0.003104132551310783,-7.381634349115202e-05,17.172341173434038,156.01667656517736
15.054921874999765,1499.6921874792672,16.973345283148593,16.973777447325222,9.926957059022786,-1.2930232975740013,-0.005109409745277559,0.0005019032425499715,5.042091796437757,0.5189999999999962,0.8737345873134494,1.1684935445653988,2.9475895725194934,0.050746518834930004,0.0,0.6322599534502057,0.5281421816236253,0.0,278.40200078138474,84559.27524469985,1.0581002326024893,334.48161247351914,0.003150807912299342,-6.798547928304972e-05,16.973777447325197,152.42416388326208
15.074921874999765,1500.0296691889193,16.77483542240072,16.77527265139435,9.924033924227013,-1.2954456643286687,-0.005119713157617187,0.0005224179025303763,5.042091796437757,0.5189999999999962,0.8737345873134494,1.1684802479216403,2.9474566060819085,0.05015324818031408,0.0,0.6175275038016877,0.5281340415557154,0.0,278.399807150272,84555.700702707,1.0580638408065952,334.48028313306486,0.003198639964437777,-6.173658500549951e-05,16.775272651394324,148.87475238107012
15.094921874999764,1500.3631812836002,16.576383666959487,16.576826076165247,9.921146516973712,-1.2978678888103836,-0.0051300301385602785,0.0005439237538710173,5.042091796437757,0.5189999999999962,0.8737345873134494,1.1684663789930096,2.947317916795602,0.049560144556974196,0.0,0.6029751630372596,0.5281259994770765,0.0,278.3976393216566,84552.32503313798,1.0580298389301181,334.4789694289239,0.003246554276650018,-5.581918057576376e-05,16.576826076165222,145.3686248368905
15.114921874999764,1500.692724918291,16.377989305307352,16.37843701422827,9.91829455154058,-1.3002899590175416,-0.0051403599928237734,0.0005664879169865501,5.042091796437757,0.5189999999999962,0.8737345873134494,1.1684518981590062,2.9471731084555675,0.04896720593575631,0.0,0.58860149198486,0.528118055279026,0.0,278.3954972880311,84548.98953065687,1.0579962411218038,334.4776713565468,0.0032956603820310636,-5.042434337812207e-05,16.378437014228247,141.9054381208127
15.134921874999764,1501.0183012337827,16.179651629106466,16.180104761552176,9.915477978442429,-1.3027118628058385,-0.005150702033224039,0.0005901612145801635,5.042091796437757,0.5189999999999962,0.8737345873134494,1.1684367754705056,2.9470218815705618,0.04837443029748861,0.0,0.5744062413531628,0.5281102088545103,0.0,278.3933810419804,84545.69418371705,1.0579630472840094,334.47638891144015,0.003345685793323591,-4.461514778359316e-05,16.180104761552155,138.4851359274112
15.154921874999763,1501.339911356709,15.981369931001298,15.981828615303973,9.912696748815051,-1.3051335878938717,-0.005161055574568711,0.0006149995368880455,5.042091796437757,0.5189999999999962,0.8737345873134494,1.168420977997257,2.9468639068380753,0.04778181562646516,0.0,0.5603891651274402,0.5281024600980361,0.0,278.39129057618135,84542.4389809152,1.057930257320304,334.4751220891659,0.0033962645781782227,-3.879446218929007e-05,15.98182861530395,135.107662677875
15.174921874999763,1501.6575563995666,15.783143504609106,15.783607873848226,9.909950814354483,-1.307555121868366,-0.005171419935527155,0.0006410701870019508,5.042091796437757,0.5189999999999962,0.8737345873134494,1.1684044660734236,2.946698787599742,0.047189359910445254,0.0,0.5465500206062552,0.528094808905481,0.0,278.3892258834028,84539.22391099113,1.0578978711354676,334.4738708853421,0.0034475453244598693,-3.391250699559831e-05,15.783607873848204,131.77296351798202
15.194921874999762,1501.9712374607336,15.584971644506671,15.58544183674849,9.90724012739376,-1.3099764521764763,-0.005181794443950976,0.0006684454902867724,5.042091796437757,0.5189999999999962,0.8737345873134494,1.168387197086477,2.9465260977302754,0.04659706114065928,0.0,0.5328885683504123,0.5280872551740915,0.0,278.3871869565052,84536.04896282748,1.057865888635489,334.47263529564214,0.003500100159133609,-2.8545768726026748e-05,15.585441836748469,128.48098431611885
15.214921874999762,1502.2809556244897,15.386853646216895,15.387329804770008,9.904564640995705,-1.3123975661319065,-0.005192178436078171,0.000697194600393856,5.042091796437757,0.5189999999999962,0.8737345873134494,1.1683691303299464,2.9463454301649694,0.04600491731181827,0.0,0.5194045721141448,0.5280797988024785,0.0,278.3851737884408,84532.91412544965,1.0578343097275649,334.4714153157951,0.0035530074182178704,-2.351192885559125e-05,15.387329804769982,125.23167166133133
15.234921874999761,1502.586711961034,15.188788806195296,15.189271079883683,9.901924308845874,-1.3148184509153427,-0.005202571261015181,0.0007273928701308735,5.042091796437757,0.5189999999999962,0.8737345873134494,1.1683502214587538,2.9461563414530434,0.04541292642212741,0.0,0.5060977989021497,0.5280724396906139,0.0,278.38318637225325,84529.81938802553,1.0578031343200969,334.4702109415855,0.0036068370424948534,-1.7582492999752376e-05,15.189271079883655,122.02497286140304
15.254921874999761,1502.8885075265043,14.990776421817484,14.991264965271043,9.899319085211037,-1.3172390935753036,-0.005212972271581422,0.0007591268150087185,5.042091796437757,0.5189999999999962,0.8737345873134494,1.168330419556814,2.945958322433646,0.04482108647330226,0.0,0.4929680189995995,0.5280651777398276,0.0,278.3812247010777,84526.76473986532,1.0577723623226907,334.4690221688531,0.003661693383177933,-1.2910271112741462e-05,14.991264965271016,118.86083594095449
15.27492187499976,1503.1863433629946,14.79281579136751,14.793310765330226,9.89674892501225,-1.3196594810327467,-0.005223380830826127,0.0007924877603532387,5.042091796437757,0.5189999999999962,0.8737345873134494,1.16830967090201,2.9457508358856055,0.04422939547058826,0.0,0.4800150059179746,0.5280580128528035,0.0,278.3792887681405,84523.7501704214,1.0577419936461552,334.46784899349313,0.0037169217231903303,-9.060114736158623e-06,14.793310765330203,115.73920963956388
15.29492187499976,1503.480220498574,14.594906214023919,14.595407785684488,9.894213783907029,-1.3220796000781774,-0.0052337963237582405,0.0008275633949542107,5.042091796437757,0.5189999999999962,0.8737345873134494,1.1682879239680752,2.945533366546258,0.04363785142278759,0.0,0.4672385363195981,0.5280509449335764,0.0,278.37737856675926,84520.77566928806,1.0577120282024994,334.4666914114561,0.003773045965680648,-5.083839660867984e-06,14.595407785684467,112.66004340992936
15.31492187499976,1503.7701399473035,14.3970469898466,14.397555333192205,9.891713618120898,-1.3244994373744559,-0.005244218157237543,0.000864454592954704,5.042091796437757,0.5189999999999962,0.8737345873134494,1.1682651194765687,2.945305321631193,0.04304645234229067,0.0,0.4546383901378739,0.5280439738875282,0.0,278.3754940903425,84517.84122620143,1.057682465904932,334.46554941874757,0.0038304174368586153,-3.7164392733982683e-07,14.397555333192182,109.62328741605431
15.33492187499976,1504.0561027092544,14.199237419762476,14.199752715959367,9.88924838471321,-1.3269189794657386,-0.005254645755355154,0.0009032486070789502,5.042091796437757,0.5189999999999962,0.8737345873134494,1.168241206259809,2.9450661894635966,0.042455196245115005,0.0,0.44221435035496026,0.5280370996213859,0.0,278.3736353323898,84514.9468310392,1.0576533066678595,334.46442301142827,0.0038896289399429945,3.048209566990616e-06,14.199752715959345,106.6288925314684
15.354921874999759,1504.338109770525,14.001476805552286,14.001999243353753,9.88681804116549,-1.3293382127862177,-0.005265078560381668,0.0009440620424428457,5.042091796437757,0.5189999999999962,0.8737345873134494,1.1682161158471582,2.944815285337088,0.041864081150949,0.0,0.42996620333547003,0.5280303220432169,0.0,278.3718022864916,84512.09247382049,1.057624550406885,334.46331218561386,0.003948821465471847,6.599616260489981e-06,14.001999243353728,103.67681033746761
15.374921874999758,1504.6161621032577,13.803764449841452,13.80429422601931,9.884422545663424,-1.3317571236650372,-0.005275516038167099,0.0009870124739893053,5.042091796437757,0.5189999999999962,0.8737345873134494,1.1681897792637057,2.9445519195025627,0.04127310508319652,0.0,0.4178937385936317,0.5280236410624263,0.0,278.3699949463288,84509.27814470568,1.057596197038806,334.46221693747526,0.004009197986315266,1.0350276732473389e-05,13.804294226019286,100.7669931213511
15.394921874999758,1504.8902606656554,13.606099656084114,13.606636975896395,9.882061857055609,-1.3341756983285105,-0.005285957674364327,0.001032223148293984,5.042091796437757,0.5189999999999962,0.8737345873134494,1.1681621572455043,2.944275699320549,0.040682266069038846,0.0,0.40599674882041664,0.5280170565897543,0.0,278.36821330567324,84506.50383399625,1.0575682464816136,334.461137263238,0.004070559124751893,1.3505829192028044e-05,13.606636975896372,97.89939387473399
15.414921874999758,1505.1604064019987,13.408481728551603,13.409026806242563,9.879735934812372,-1.3365939229091848,-0.005296402975271297,0.0010798279731653701,5.042091796437757,0.5189999999999962,0.8737345873134494,1.1681331084667992,2.9439852115334975,0.040091562139498375,0.0,0.39427502991619684,0.5280105685372728,0.0,278.366457358387,84503.76953213458,1.0575406986544915,334.4600731591825,0.004133175079973982,1.648706572806585e-05,13.409026806242538,95.07396629185347
15.434921874999757,1505.4266002426614,13.210909811002463,13.211462870334968,9.8774931324582,-1.3390117834512454,-0.005306851469111411,0.001129972105122098,5.042091796437757,0.5189999999999962,0.8737345873134494,1.1681025780652514,2.94367990751802,0.0395009908471759,0.0,0.38297239274097006,0.5283408233003571,0.0,278.3647270984227,84501.07522970381,1.0575135534778128,334.4590246216442,0.004196044662278251,1.9939472631638226e-05,13.211462870334945,92.29066251403151
15.454921874999757,1505.6888430831816,13.013381362212765,13.013942636992018,9.875355973716688,-1.3414292657464022,-0.005317302701292904,0.001182814320070765,5.042091796437757,0.5189999999999962,0.8737345873134494,1.1680704731588047,2.943358858453553,0.03891054470817881,0.0,0.3722024084615491,0.5292006421718152,0.0,278.3630225199593,84498.42091763971,1.057486810875277,334.45799164709535,0.00425988200639198,2.2736761456328777e-05,13.013942636991999,89.54941231662166
15.474921874999756,1505.9471357801826,12.815895360266017,12.816465095007969,9.873248468130171,-1.3438463553007745,-0.00532775623503218,0.0012385131609370151,5.042091796437757,0.5189999999999962,0.8737345873134494,1.1680367010155779,2.9430211370212844,0.03832022078305191,0.0,0.36158191419204516,0.5300774903646598,0.0,278.3613436174288,84495.80658727187,1.057460470774324,334.4569742321619,0.0043251102155910095,2.4989057853310417e-05,12.816465095007947,86.8501682993738
15.494921874999756,1506.2014791766703,12.618451212065894,12.619029662686135,9.871170619458733,-1.3462630375466367,-0.005338211657562574,0.0012972343110702602,5.042091796437757,0.5189999999999962,0.8737345873134494,1.168001164953808,2.9426657764035857,0.037730017416442135,0.0,0.3511109284149481,0.5309719758764608,0.0,278.3596903853516,84493.23223006773,1.0574345331035566,334.4559723735231,0.0043916144538914004,2.7824613258524508e-05,12.619029662686115,84.19288974433726
15.514921874999756,1506.451874103788,12.421048324430524,12.421635758970751,9.869122432525602,-1.34867929786825,-0.005348668576180816,0.0013591642632428608,5.042091796437757,0.5189999999999962,0.8737345873134494,1.1679637560600222,2.942291687465728,0.0371399329548304,0.0,0.34078947529184106,0.531884738551898,0.0,278.3580628183254,84490.69783761485,1.0574089977925605,334.4549860679052,0.004459032796563723,2.9968159676820237e-05,12.421635758970737,81.57753653307586
15.534921874999755,1506.6983213808141,12.223686104070383,12.224282803482188,9.867103913324813,-1.3510951216132343,-0.005359126616902436,0.0014245005993096937,5.042091796437757,0.5189999999999962,0.8737345873134494,1.1679243591092727,2.941897717958233,0.03654996574663823,0.0,0.3306175846911061,0.5328164522916368,0.0,278.35646091102467,84488.20340162079,1.057383864771905,334.45401531208097,0.004527489564678308,3.220038812747388e-05,12.224282803482177,79.00406914596645
15.554921874999755,1506.9408218151605,12.026363957563984,12.026970216558672,9.865115069000845,-1.3535104941000706,-0.005369585427652181,0.0014934603647056982,5.042091796437757,0.5189999999999962,0.8737345873134494,1.1678828475210337,2.9414826020758422,0.035960114142353616,0.0,0.3205952923878116,0.5337678274530951,0.0,278.35488465820146,84485.74891391328,1.0573591339731436,334.4530601028701,0.004596762189732216,3.418553652564589e-05,12.026970216558663,76.47244866154364
15.574921874999754,1507.1793762023683,11.829081291334989,11.829697419302263,9.863155907943606,-1.3559254006310764,-0.00538004467639221,0.001566271465124613,5.042091796437757,0.5189999999999962,0.8737345873134494,1.1678390886138725,2.941045013004231,0.03537037649466982,0.0,0.31072264010849454,0.5347396134632506,0.0,278.3533340546846,84483.3343664402,1.0573348053288154,334.4521204371389,0.004666975467686175,3.6430276554691896e-05,11.829697419302258,73.98263675585294
15.594921874999754,1507.4139853261063,11.631837511626573,11.632463833633196,9.86122643977632,-1.3583398265015616,-0.005390504048706898,0.0016431804507627123,5.042091796437757,0.5189999999999962,0.8737345873134494,1.1677929389230977,2.940583516096482,0.034780751158648975,0.0,0.30099967573807307,0.5357326016661015,0.0,278.3518090953803,84480.95975126958,1.0573108787724432,334.45119631180046,0.0047382708495499895,3.8007362752271e-05,11.632463833633189,71.53459570185632
15.614921874999753,1507.6446499581652,11.434632024476565,11.435268882350494,9.8593266754064,-1.360753757014725,-0.005400963248422741,0.0017244510965137676,5.042091796437757,0.5189999999999962,0.8737345873134494,1.1677442451066637,2.940096577932143,0.03419123649190461,0.0,0.29142645344567897,0.5367476284302677,0.0,278.3503097752719,84478.62506058966,1.057287354238537,334.45028772381477,0.0048104237991461575,3.9448919279162476e-05,11.43526888235049,69.12828836885437
15.634921874999753,1507.871370858455,11.23746423569178,11.238111989201004,9.857456627060122,-1.3631671774932035,-0.005411422001133485,0.001810365731304063,5.042091796437757,0.5189999999999962,0.8737345873134494,1.1676928432181328,2.939582559046834,0.03360183085480919,0.0,0.28200303384354924,0.5377855785454599,0.0,278.34883608942005,84476.33028670897,1.057264231662592,334.44939467018855,0.0048841798615824345,4.040653512360247e-05,11.238111989200997,66.76367822193853
15.654921874999753,1508.094148774999,11.040333550820442,11.040992578959187,9.855616308325152,-1.3655800732953218,-0.005421880053620644,0.0019012254663020544,5.042091796437757,0.5189999999999962,0.8737345873134494,1.1676385586365607,2.939039713231113,0.03301253261073406,0.0,0.2727294841418095,0.5388473889402811,0.0,278.3473880329625,84474.07542205631,1.0572415109810915,334.4485171479753,0.004958823852307944,4.1373345339115226e-05,11.040992578959182,64.440729321492
15.674921874999752,1508.3129844439281,10.843239375125346,10.84391007751615,9.853805734155706,-1.367992429832522,-0.005432337173589698,0.0019973587345310053,5.042091796437757,0.5189999999999962,0.8737345873134494,1.1675812010071704,2.93846613693721,0.03242334012631669,0.0,0.2636058783987065,0.5399340527581504,0.0,278.3459656011145,84471.8604591809,1.0572191921315066,334.44765515427537,0.0050342965619720025,4.236647754868895e-05,10.843910077516142,62.159406322702594
15.694921874999752,1508.5278785894764,10.646181113556436,10.646863911980313,9.852024920890495,-1.3704042325840875,-0.005442793149114481,0.00209913018724769,5.042091796437757,0.5189999999999962,0.8737345873134494,1.1675205591912132,2.937859718777638,0.03183425177176306,0.0,0.2546322977895712,0.5410466238330942,0.0,278.34456878916836,84469.68539075232,1.0571972750522964,334.44680868623607,0.005110316337831554,4.3327796598903886e-05,10.646863911980311,59.919674475104486
15.714921874999751,1508.7388319239728,10.449158170721589,10.449853510792869,9.850273886390179,-1.372815467112553,-0.005453247786064659,0.0022069231662710546,5.042091796437757,0.5189999999999962,0.8737345873134494,1.1674564115632282,2.9372182424977877,0.031245265921193952,0.0,0.24580883060034653,0.5421862216128696,0.0,278.34319759249416,84467.5502095607,1.05717575968291,334.4459777410515,0.005187682457059925,4.4124115892384935e-05,10.449853510792867,57.72149962216367
15.73492187499975,1508.9458451478351,10.252169950855924,10.252878303859875,9.848552650049,-1.3752261190818689,-0.005463700908013432,0.002321148211038275,5.042091796437757,0.5189999999999962,0.8737345873134494,1.1673885211082646,2.936539337948152,0.03065638095304127,0.0,0.23713557250252776,0.5433540365835664,0.0,278.34185200653906,84465.45490851668,1.0571546459637873,334.44516231596265,0.005266060775896379,4.487639148103638e-05,10.252878303859873,55.564848200908486
15.75492187499975,1509.1489189495617,10.05521585779112,10.055937722701138,9.846861232801142,-1.3776361742780576,-0.005474152355060208,0.002442257160241999,5.042091796437757,0.5189999999999962,0.8737345873134494,1.1673166272742725,2.935820399608231,0.030067595250494343,0.0,0.22861262690705095,0.5445513362575711,0.0,278.3405320268278,84463.39948065158,1.0571339338363586,334.4443624082577,0.005345419083330219,4.545870124174289e-05,10.055937722701138,53.44968724158026
15.77492187499975,1509.3480540057233,9.858295294923632,9.859031200619562,9.845199657224413,-1.3800456186297614,-0.00548460198434436,0.0025707334530949808,5.042091796437757,0.5189999999999962,0.8737345873134494,1.167240451710194,2.9350586439674453,0.02947890720200754,0.0,0.22024010506607447,0.5457794717957789,0.0,278.33923764896275,84461.38391911743,1.0571136232430471,334.44357801527144,0.005425761451235993,4.564191122859495e-05,9.859031200619556,51.37598436731932
15.79492187499975,1509.5432509809539,9.661407665181576,9.66215817289442,9.843567947559505,-1.3824544382306507,-0.005495049669375466,0.002707105920174226,5.042091796437757,0.5189999999999962,0.8737345873134494,1.1671596903486618,2.934251030352124,0.028890315201879433,0.0,0.21201812644703483,0.5470398853454866,0.0,278.33796886862376,84459.4082171871,1.05709371412727,334.44280913438604,0.005507192303502357,4.619274053226966e-05,9.662158172894415,49.34370779389208
15.814921874999749,1509.7345105279412,9.464552370990557,9.465318077001541,9.841966129788862,-1.3848626193625102,-0.005505495299689056,0.0028519477766356187,5.042091796437757,0.5189999999999962,0.8737345873134494,1.167074014127049,2.933394268135996,0.028301817650912314,0.0,0.20394681895341799,0.5483341181877616,0.0,278.33672568156834,84457.47236825434,1.0570742064334384,334.44205576303045,0.005589298880415045,4.6375332915296095e-05,9.465318077001536,47.35282632945295
15.834921874999749,1509.921833287416,9.267728814238554,9.268510352863787,9.840394231685574,-1.3872701485198422,-0.005515938779470223,0.0030058869733337107,5.042091796437757,0.5189999999999962,0.8737345873134494,1.1669830631018936,2.9324847578844415,0.027713412957162432,0.0,0.19602631928856576,0.5496638198026198,0.0,278.3355080836318,84455.57636583396,1.05705510010696,334.44131789868084,0.005672186231617988,4.670754914423748e-05,9.268510352863782,45.40330937433698
15.854921874999748,1510.105219888141,9.070936396239048,9.071734443138395,9.83885228289713,-1.3896770124341595,-0.005526380027595779,0.003169606822201132,5.042091796437757,0.5189999999999962,0.8737345873134494,1.1668864462990427,2.9315185898559326,0.02712509953680037,0.0,0.18825677321999848,0.5510307579774879,0.0,278.3343160707271,84453.72020356185,1.0570363950942387,334.44059553886063,0.005755973156793379,4.6878969793712106e-05,9.07173444313839,43.49512692090068
15.874921874999748,1510.2846709468995,8.87417451769287,8.874989793545575,9.837340315019716,-1.3920831981014026,-0.005536818976197728,0.003343850560213827,5.042091796437757,0.5189999999999962,0.8737345873134494,1.1667837392559472,2.930491519424978,0.02653687581509487,0.0,0.18063833590111786,0.5524368301047368,0.0,278.33314963884516,84451.90387519523,1.0570180913426783,334.43988868114013,0.0058407394771831985,4.6882286400859784e-05,8.874989793545568,41.628249553399655
15.894921874999747,1510.4601870684824,8.677442578648481,8.678275853245605,9.8358583616683,-1.3944886928102658,-0.005547255570920647,0.003529431557409281,5.042091796437757,0.5189999999999962,0.8737345873134494,1.1666744783657612,2.9293989105231177,0.025948740227541546,0.0,0.1731711722754239,0.5538840758381999,0.0,278.33200878405484,84450.12737461265,1.0570001888006817,334.43919732313725,0.005926132427850438,4.6975357063862096e-05,8.678275853245596,39.80264844790903
15.914921874999747,1510.631768845674,8.480739978460718,8.481592075272065,9.834406458560743,-1.3968934841721283,-0.005557689770127494,0.0037272413488703897,5.042091796437757,0.5189999999999962,0.8737345873134494,1.1665581564777692,2.9282356916431973,0.025360691221159627,0.0,0.1658554574708633,0.5553746913073488,0.0,278.3308935025031,84448.39069581419,1.056982687417653,334.43852146251686,0.006012361446849581,4.673954142899588e-05,8.481592075272056,38.01829537228501
15.934921874999747,1510.7994168592393,8.28406611574783,8.284937917030575,9.83298464360714,-1.3992975601528301,-0.005568121544763916,0.0039382597255221185,5.042091796437757,0.5189999999999962,0.8737345873134494,1.1664342174251046,2.926996301116551,0.024772727255984398,0.0,0.15869137723512594,0.5569110451222327,0.0,278.3298037904149,84446.69383292158,1.0569655871440005,334.43786109699147,0.0060991432314535885,4.659692283750346e-05,8.284937917030565,36.27516268616798
15.954921874999746,1510.9631316779073,8.08742038834661,8.088312840874769,9.831592957011301,-1.4017009091056636,-0.005578550878270466,0.0041635613848920805,5.042091796437757,0.5189999999999962,0.8737345873134494,1.1663020526051007,2.9256746529165123,0.02418484680679077,0.0,0.151679128343109,0.5584956964436482,0.0,278.32873964409356,84445.0367801784,1.0569488879311364,334.4372162243207,0.006186758993096715,4.6297411390196344e-05,8.088312840874757,34.57322334103252
15.974921874999746,1511.1229138583558,7.8908021932655386,7.891716314772821,9.83023144136918,-1.4041035198062042,-0.005588977765814443,0.004404331631810647,5.042091796437757,0.5189999999999962,0.8737345873134494,1.1661609923663157,2.924264050528662,0.023597048365087466,0.0,0.1448189191332302,0.5601314154429438,0.0,278.3277010599207,84443.41953195017,1.0569325897314796,334.43658684231195,0.006274963713534374,4.5945083755687446e-05,7.891716314772809,32.91245088028294
15.994921874999745,1511.278763945194,7.69421092663574,7.695147813081315,9.828900141782249,-1.4065053814891053,-0.005599402213997927,0.00466187995039211,5.042091796437757,0.5189999999999962,0.8737345873134494,1.1660102987847365,2.9227571147128706,0.02300933044143228,0.0,0.13811097003407447,0.5618212065363439,0.0,278.3266880343562,84441.84208272462,1.056916692498458,334.4359729488199,0.006363649445483547,4.5644984781969016e-05,7.695147813081304,31.29281943939992
16.014921874999747,1511.4306824709445,7.497645983659698,7.498606817445102,9.827599105979214,-1.4089064838863001,-0.005609824240173091,0.004937653764041877,5.042091796437757,0.5189999999999962,0.8737345873134494,1.1658491584399797,2.9211457112653028,0.022421691568124038,0.0,0.13155551410796387,0.5635683348523561,0.0,278.3257005639388,84440.30442711174,1.0569011961865096,334.4353745417469,0.0064529676625573245,4.5412365491690906e-05,7.498606817445091,29.71430374612988
16.034921874999746,1511.5786699560242,7.3011067585573635,7.302092817849534,9.826328384444482,-1.4113068172673593,-0.005620243871539316,0.005233256924653457,5.042091796437757,0.5189999999999962,0.8737345873134494,1.1656766726250947,2.9194208531164523,0.02183413030235019,0.0,0.12515279766926055,0.565376356480888,0.0,278.32473864528583,84438.80655984412,1.056886100751085,334.4347916190432,0.00654295867045455,4.51385504363748e-05,7.302092817849522,28.176879120738185
16.054921874999746,1511.7227269087243,7.104592644509646,7.105605313851826,9.8250880305594,-1.4137063724823336,-0.00563066114492462,0.005550476307770832,5.042091796437757,0.5189999999999962,0.8737345873134494,1.1654918430544172,2.917572557409678,0.021246645229870076,0.0,0.11890308102240338,0.56724915316351,0.0,278.32380227509327,84437.34847577703,1.0568714061486497,334.43422417870653,0.006633058202792388,4.483252003862606e-05,7.1056053138518145,26.68052147630576
16.074921874999745,1511.8628538251887,6.908103033598914,6.909143816028896,9.823878100757568,-1.4161051410055856,-0.005641076106285899,0.00589130480008924,5.042091796437757,0.5189999999999962,0.8737345873134494,1.1652935599403726,2.915589726269232,0.020659234969345436,0.0,0.11280663916443052,0.5691909722211524,0.0,278.32289145013624,84435.93016988871,1.0568571123366854,334.4336722187826,0.006723692024709346,4.4337803003885255e-05,6.909143816028882,25.225207319082052
16.094921874999745,1511.9990511893911,6.711637316746304,6.712707847687272,9.822698654689379,-1.4185031149821759,-0.0056514888107596995,0.006257967917171502,5.042091796437757,0.5189999999999962,0.8737345873134494,1.1650805882847535,2.9134600097130403,0.020071898177454646,0.0,0.10686376254131777,0.5712064726856445,0.0,278.3220061672689,84434.5516372806,1.0568432192736947,334.433135737365,0.006814387745433792,4.382384475162561e-05,6.712707847687258,23.81091374890392
16.114921874999744,1512.131319473112,6.515194883645532,6.5162969468886836,9.821549755406698,-1.420900287276055,-0.005661899322573728,0.006652964638449437,5.042091796437757,0.5189999999999962,0.8737345873134494,1.1648515463431688,2.9111695902971935,0.019484633554950826,0.0,0.10107475799584792,0.5733007788141591,0.0,278.32114642342475,84433.21287317752,1.0568297269192009,334.4326147325954,0.006905392928343973,4.334623611698637e-05,6.516296946888671,22.43761845966904
16.134921874999744,1512.2596591359122,6.318775122692908,6.31991066886176,9.820431469560587,-1.4232966515206913,-0.00567230771447134,0.007079106422096719,5.042091796437757,0.5189999999999962,0.8737345873134494,1.1646048856715474,2.9087029835809797,0.018897439853874577,0.0,0.09543994968778012,0.5754795424330329,0.0,278.3203122156165,84431.91387292798,1.0568166352337527,334.4321092026636,0.006996344637031661,4.280431160095107e-05,6.319910668861749,21.10529973987682
16.154921874999744,1512.3840706251076,6.122377420913209,6.1235485888863685,9.819343867615581,-1.4256922021716352,-0.0056827140675248565,0.007539565056968517,5.042091796437757,0.5189999999999962,0.8737345873134494,1.1643388667075782,2.906042793941288,0.018310315886179925,0.0,0.08995968011784612,0.5777490158959813,0.0,278.31950354093675,84430.65463200446,1.0568039441789263,334.43161914580764,0.007087505450351023,4.219296991109977e-05,6.123548588886356,19.81393647323647
16.174921874999743,1512.5045543757396,5.92600116388109,5.927210305761103,9.818287024085764,-1.4280869345617972,-0.005693118470960939,0.008037932081210968,5.042091796437757,0.5189999999999962,0.8737345873134494,1.164051528516831,2.9031694120338147,0.01772326053410415,0.0,0.08463431128053091,0.5801161378732134,0.0,278.3187203965577,84429.43514600363,1.0567916537173279,334.431144560314,0.007178668042240994,4.1561181673615724e-05,5.927210305761093,18.56350813934928
16.194921874999743,1512.6211108105465,5.729645735637421,5.730895445993014,9.817261017806919,-1.4304808449591413,-0.005703521021953534,0.008578297219135823,5.042091796437757,0.5189999999999962,0.8737345873134494,1.1637406486502777,2.9000606133682827,0.0171362727626971,0.0,0.07946422602940191,0.5825886347419967,0.0,278.31796277973143,84428.25541064671,1.0567797638125982,334.4306854445173,0.0072695387470131665,4.0974543498284936e-05,5.730895445993004,17.353994814461377
16.214921874999742,1512.7337403399308,5.533310518600009,5.534603668889732,9.816265932221475,-1.4328739306265552,-0.005713921825374785,0.009165331181646287,5.042091796437757,0.5189999999999962,0.8737345873134494,1.1634037019144914,2.8966911460104194,0.016549351635049003,0.0,0.07444982943229098,0.5851751410660673,0.0,278.3172306877904,84427.1154217798,1.0567682744294145,334.430241796801,0.007360211113672355,4.029777687398181e-05,5.534603668889722,16.185377172294018
16.234921874999742,1512.8424433619268,5.336994893468347,5.338334672787827,9.815301855701971,-1.4352661898840091,-0.005724320993544279,0.009804393340014952,5.042091796437757,0.5189999999999962,0.8737345873134494,1.1630378066480258,2.8930321933457637,0.015962496330915763,0.0,0.06959155035983972,0.5878853435864987,0.0,278.31652411814747,84426.01517537417,1.0567571855334947,334.42981361559737,0.007450381832708725,3.960541134009344e-05,5.338334672787815,15.057636484961657
16.25492187499974,1512.9472202621644,5.140698239121453,5.142088202720164,9.814368881907278,-1.4376576221733282,-0.005734718646190862,0.010501661856451528,5.042091796437757,0.5189999999999962,0.8737345873134494,1.162639660517941,2.8890507320449155,0.015375706169647275,0.0,0.06488984322901026,0.5907301543775682,0.0,278.3158430682959,84424.95466752659,1.0567464970916005,334.42940089938736,0.007540113187324143,3.8899863058856934e-05,5.142088202720152,13.970754623976097
16.27492187499974,1513.048071413832,4.944419932508367,4.9458640599238715,9.813467110179614,-1.4400482281253995,-0.005745114910235506,0.011264295008358176,5.042091796437757,0.5189999999999962,0.8737345873134494,1.1622054616313149,2.8847087431786544,0.014788980638619472,0.0,0.06034518995624898,0.5937219204564127,0.0,278.3151875358101,84423.93389445984,1.0567362090715426,334.42900364670095,0.007629157361880737,3.8202745966639355e-05,4.945864059923861,12.924714061349517
16.29492187499974,1513.144997177637,4.748159348529996,4.749662113720027,9.812596645995887,-1.4424380096301865,-0.005755509919659293,0.012100635261500705,5.042091796437757,0.5189999999999962,0.8737345873134494,1.161730809488595,2.8799622217514553,0.014202319428758353,0.0,0.055958102187582195,0.5968746793298068,0.0,278.31455751834534,84422.95285252298,1.056726321442183,334.4286218561173,0.007717392957306119,3.7503485764868756e-05,4.749662113720015,11.91949787079419
16.31492187499974,1513.2379979017628,4.551915859911629,4.553482316482498,9.81175760146537,-1.4448269699091494,-0.005765903815350905,0.01302046146193977,5.042091796437757,0.5189999999999962,0.8737345873134494,1.1612105842757057,2.8747599696225623,0.01361572247930131,0.0,0.05172912375509136,0.6002044729382306,0.0,278.3139530136385,84422.01153819186,1.0567168341734414,334.42825552626493,0.007804745014112154,3.676880346107847e-05,4.553482316482488,10.955089729033809
16.33492187499974,1513.3270739218249,4.355688837064768,4.357324722669198,9.81095009590039,-1.4472151135904137,-0.00577629674506675,0.014035313000993954,5.042091796437757,0.5189999999999962,0.8737345873134494,1.1606387931237052,2.8690420581025577,0.013029190034705835,0.0,0.04765883350669491,0.6037297365427783,0.0,278.3133740195081,84421.1099480695,1.056707747236298,334.4279046558219,0.007890963703982201,3.614108882841172e-05,4.357324722669188,10.031473917230493
16.35492187499974,1513.4122255608224,4.159477647936856,4.161189513256637,9.810174256455214,-1.4496024467866064,-0.005786688863264418,0.015158902048099892,5.042091796437757,0.5189999999999962,0.8737345873134494,1.160008377362549,2.8627379004909947,0.012442722717715371,0.0,0.04374784847969528,0.6074717847777492,0.0,278.3128205338546,84420.24807888664,1.0566990606027997,334.4275692435159,0.007975954242683315,3.5487167678649734e-05,4.161189513256626,9.148635322537675
16.37492187499974,1513.4934531290876,3.9632816578473617,3.965077027449032,9.809430218861207,-1.4519889771753278,-0.005797080331047578,0.016407650970072605,5.042091796437757,0.5189999999999962,0.8737345873134494,1.1593109643431332,2.8557637702968375,0.01185632162417759,0.0,0.03999682756086807,0.6114554250891862,0.0,278.3122925546609,84419.42592750222,1.0566907742460647,334.42724928812453,0.008059571382524543,3.476967309239307e-05,3.9650770274490204,8.306559439790247
16.39492187499974,1513.5707569242309,3.7671002293081863,3.768987804310705,9.808718128259004,-1.4543747140824108,-0.00580747131618458,0.0178013938552321,5.042091796437757,0.5189999999999962,0.8737345873134494,1.158536548618986,2.848019613055366,0.01126998844753545,0.0,0.03640647564217487,0.6157097402126543,0.0,278.3117900799925,84418.64349090398,1.0566828881402899,334.42694478847545,0.008141603093782368,3.4085976338905614e-05,3.768987804310694,7.505232373343008
16.414921874999738,1513.6441372310837,3.570932721826143,3.572922638132614,9.808038140168385,-1.4567596685677973,-0.005817861993137955,0.019364313525603652,5.042091796437757,0.5189999999999962,0.8737345873134494,1.1576730725034636,2.839384851900142,0.010683725644386279,0.0,0.0329775484649033,0.6202690979529885,0.0,278.31131310799793,84417.90076620896,1.0566754022607527,334.42665574344676,0.008221840864759229,3.3442834856241473e-05,3.572922638132604,6.744640839071945
16.434921874999738,1513.7135943216356,3.3747784916846917,3.3768826531112923,9.807390421596628,-1.4591438535140728,-0.005828252543039243,0.021126200037358073,5.042091796437757,0.5189999999999962,0.8737345873134494,1.1567058733000481,2.829712859865987,0.010097536657789124,0.0,0.02971085817154059,0.6251744710867427,0.0,278.31086163690935,84417.19775066419,1.0566683165838227,334.42638215196706,0.008300126726859838,3.276123432336671e-05,3.376882653111282,6.0247721665538805
16.454921874999737,1513.7791284549673,3.178636891701887,3.1808694056656455,9.806775152319538,-1.461527283717609,-0.005838643153756939,0.023124172980101533,5.042091796437757,0.5189999999999962,0.8737345873134494,1.155616941903705,2.8188235459025557,0.009511426223215255,0.0,0.02660727974046933,0.630475187228008,0.0,278.3104356650427,84416.53444164737,1.056661631086964,334.42612401301585,0.008376292827370565,3.207373960480482e-05,3.180869405665636,5.345614301445073
16.474921874999737,1513.8407398771797,2.982507270960559,2.9848850270829645,9.806192526382091,-1.4639099759822878,-0.005849034019961611,0.025405085476110992,5.042091796437757,0.5189999999999962,0.8737345873134494,1.1543839103011584,2.8064932298770895,0.008925400795091671,0.0,0.023667758522390215,0.636231285510007,0.0,278.3100351907983,84415.91083666758,1.0566553457487464,334.4258813256238,0.008450060571727754,3.1420452029442944e-05,2.9848850270829552,4.7071558080798805
16.494921874999736,1513.8984288213148,2.786388974506229,2.788932426308293,9.80564275383376,-1.466291949215646,-0.005859425343204082,0.02802893601749087,5.042091796437757,0.5189999999999962,0.8737345873134494,1.1529786507300548,2.7924406341660535,0.008339469153186233,0.0,0.02089331897770305,0.6425167468447669,0.0,278.3096602126614,84415.32693336604,1.0566494605488503,334.4256540888728,0.00852121503081024,3.077976808570146e-05,2.788932426308284,4.109385872316428
16.514921874999736,1513.9521955072728,2.5902813430076215,2.593015584646585,9.80512606274102,-1.46867322452733,-0.005869817331995177,0.031073824111617583,5.042091796437757,0.5189999999999962,0.8737345873134494,1.151365297968837,2.7763071065538747,0.0077536432838317855,0.0,0.018285074824750204,0.6494240101282585,0.0,278.3093107292027,84414.78272951703,1.0566439754680768,334.42544230189685,0.008589521864181911,3.0135285114491202e-05,2.5930155846465768,3.552294304661918
16.534921874999736,1514.00204014172,2.394183712374058,2.397139994872811,9.804642701494355,-1.4710538253296404,-0.0058802102019223715,0.03464332862676889,5.042091796437757,0.5189999999999962,0.8737345873134494,1.1494973989973956,2.757628116839461,0.007167939692961145,0.0,0.015844240697364842,0.6570704297055382,0.0,278.3089867390788,84414.27822302876,1.0566388904883577,334.42524596388176,0.008654706856903133,2.9498527666496805e-05,2.397139994872802,3.0358715437171546
16.554921874999735,1514.0479629179902,2.198095413323819,2.201313334518841,9.804192941394572,-1.4734337774399069,-0.005890604175771167,0.0388778138562743,5.042091796437757,0.5189999999999962,0.8737345873134494,1.1473137058148106,2.735791185013612,0.006582381419381057,0.0,0.013572145239828385,0.6656077487296344,0.0,278.30868824103305,84413.81341194439,1.0566342055927642,334.425065074066,0.008716553763171675,2.888121621070509e-05,2.201313334518833,2.56010865998812
16.574921874999735,1514.089964015975,2.002015770898995,2.0055465330233266,9.803777079389361,-1.4758131091842435,-0.005900999483659163,0.043972334237162056,5.042091796437757,0.5189999999999962,0.8737345873134494,1.1447317979317277,2.709972106182783,0.00599700122578124,0.0,0.011470245014533951,0.6752364153338776,0.0,278.30841523389614,84413.38829444312,1.056629920765519,334.424899631741,0.008774785472867915,2.82532916423616e-05,2.005546533023319,2.1249973601254837
16.594921874999734,1514.1280436020063,1.8059441039269528,1.8098555301393173,9.80339544057698,-1.4781918515020376,-0.005911396363179766,0.050206111130471326,5.042091796437757,0.5189999999999962,0.8737345873134494,1.1416381120205839,2.679035247071344,0.0054118468567528576,0.0,0.009540137315163262,0.6862279798675524,0.0,278.3081677165869,84413.00286884142,1.056626035992008,334.4247496362517,0.008829118361526316,2.7645112547920565e-05,1.8098555301393102,1.7305299916680557
16.614921874999734,1514.1622018287253,1.6098797244419782,1.614264310232893,9.803048379418701,-1.4805700380501288,-0.005921795059544697,0.05799333917743645,5.042091796437757,0.5189999999999962,0.8737345873134494,1.1378717941520042,2.641372068385548,0.004826990111995658,0.0,0.0077835666231203205,0.6989616010815334,0.0,278.30794568811325,84412.65713359432,1.0566225512587943,334.4246150869966,0.00887925586293922,2.7050527360310267e-05,1.6142643102328866,1.3766995483875404
16.634921874999733,1514.192438834941,1.4138219371163612,1.41881043866152,9.80273627687516,-1.4829477053049314,-0.005932195825718996,0.06797575097148481,5.042091796437757,0.5189999999999962,0.8737345873134494,1.1331974467920958,2.5946285947864633,0.004242543401281874,0.0,0.006202410802982777,0.713986554814106,0.0,278.30774914757285,84412.35108729685,1.056619466553631,334.42449598342915,0.008924896243347477,2.6477667247231565e-05,1.418810438661514,1.063499676360319
16.654921874999733,1514.2187547454787,1.2177700388455306,1.2235558836768428,9.80245952588766,-1.4853248926594207,-0.005942598922539134,0.08120319003673547,5.042091796437757,0.5189999999999962,0.8737345873134494,1.1272568603494775,2.5352227303602803,0.0036586921042755533,0.0,0.004798609129253442,0.7321359248148855,0.0,278.3075780941544,84412.08472868556,1.0566167818654792,334.42439232505757,0.008965726672457656,2.5911934746364746e-05,1.223555883676838,0.7909246809268022
16.674921874999733,1514.241149671024,1.021723318901672,1.0286101002334285,9.802218483081269,-1.4877016425090324,-0.005953004618783941,0.0995176623394011,5.042091796437757,0.5189999999999962,0.8737345873134494,1.1194785576968749,2.4574397038342544,0.003075763596089128,0.0,0.003573921376673578,0.7547496239430856,0.0,278.3074325271383,84411.85805664018,1.0566144971845228,334.42430411144585,0.009001420854762188,2.535401932808221e-05,1.028610100233425,0.5589695347364717
16.694921874999732,1514.2596237079854,0.8256810609086627,0.834185253106953,9.802013314456211,-1.4900780003138536,-0.0059634131911439235,0.12646790845440972,5.042091796437757,0.5189999999999962,0.8737345873134494,1.108896916154128,2.3516232884067856,0.00249439237629086,0.0,0.0025291559721678596,0.7841566137663079,0.0,278.30731244589805,84411.67107018486,1.0566126125021806,334.4242313422142,0.00903166007630725,2.4808407143653946e-05,0.83418525310695,0.3676298870831796
16.71492187499973,1514.2741769384434,0.6296425509111648,0.640750952786784,9.801843455312794,-1.4924540146066332,-0.005973824923950884,0.16985175317119738,5.042091796437757,0.5189999999999962,0.8737345873134494,1.0937653070665474,2.2003071975309796,0.0019159827625204345,0.0,0.001661464151329008,0.8248615839694683,0.0,278.3072178499001,84411.52376848884,1.0566111278111148,334.4241740170395,0.009056119793731417,2.4277423316211818e-05,0.6407509527867818,0.2169020745485431
16.73492187499973,1514.2848094304427,0.4336071095068676,0.44958204393916534,9.801705268626042,-1.4948297368586732,-0.005984240108273548,0.2505705770907763,5.042091796437757,0.5189999999999962,0.8737345873134494,1.070706869634912,1.9697228232146258,0.0013443468958657518,0.0,0.0009525944510096774,0.8870281269492354,0.0,278.3071487387021,84411.41615086341,1.0566100431051997,334.4241321356535,0.00907451076915826,2.3760074816885498e-05,0.4495820439391638,0.10678313169540746
16.75492187499973,1514.2915212397734,0.23757420866157067,0.2656085930471576,9.801589710324695,-1.4972052208686524,-0.005994659038872986,0.4466032056743791,5.042091796437757,0.5189999999999962,0.8737345873134494,1.0336528593514303,1.5991827203798081,0.0007942268171515814,0.0,0.00035337303066418406,0.9991420869133361,0.0,278.30710511194144,84411.34821674386,1.0566093583793394,334.4241056978365,0.009086148504953206,2.3256189031049615e-05,0.2656085930471567,0.0372707987263894
16.77492187499973,1514.2943124117744,0.0415431992462387,0.12582073829709498,9.801527349414512,-1.499580536296966,-0.006005082074097821,1.2171344471432497,5.042091796437757,0.5189999999999962,0.8737345873134494,1.213235362930456,3.3950077561700653,0.00037623107990673036,0.0,7.0301826743873055e-06,1.2153370937952288,0.0,278.30708696932345,84411.3199656713,1.0566090736292846,334.42409470341,0.009087874946907519,2.2765901408040343e-05,0.12582073829709461,0.008363514201135418
16.79492187499973,1514.2931829708205,-0.15448718954799276,0.19486127805022346,9.801495826892076,-1.5019557909190724,-0.006015509732254347,2.468843766195119,5.042091796437757,0.5189999999999962,0.8737345873134494,1.3307507229655615,4.570161356521121,0.0005826771412232887,0.0,-0.00014593447657137648,1.0791446178140975,0.0,278.30709431068965,84411.33139739903,1.0566091888527056,334.4240991522779,0.009088025591405232,2.228949863330319e-05,0.19486127805022294,0.02006021026670726
16.81492187499973,1514.2881329343627,-0.35051608807047874,0.37008760294888765,9.801385406017237,-1.5043309802377316,-0.00602594203312361,2.797390176214555,5.042091796437757,0.5189999999999962,0.8737345873134494,1.3650992296594215,4.913646423459721,0.0011066414826969562,0.0,-0.0006782812979298395,0.9254233048727604,0.0,278.30712713592663,84411.38251175039,1.056609704047758,334.42411904437154,0.009095523892535857,2.1826596014127416e-05,0.3700876029488867,0.07235918628300847
