time_s,altitude_m,vertical_speed_m_s,ground_speed_m_s,acceleration_m_s2,east_m,north_m,aoa_rad,mass_kg,motor_mass_kg,cg_m,cp_m,stability_cal,mach,thrust_N,drag_N,cd,wind_m_s,temperature_K,pressure_Pa,density_kg_m3,sound_speed_m_s,pitch_rate_rad_s,yaw_rate_rad_s,air_speed_m_s,q_Pa
0.0,0.0,0.0,0.0,0.0,0.0,0.0,1.5707963267948966,5.78709179643776,1.264,0.9403246373777481,nan,nan,0.008813448382129975,0.0,0.0,0.6249971946557795,3.0,288.15,101325.0,1.2249994633486807,340.3889,0.0,0.0,3.0000000000000018,5.512497585069069
0.004,0.0,0.005541411903173411,0.005541481348520001,8.312222024729696,0.0,0.0,1.5689491745129913,5.7868773295424765,1.2637855331047163,0.9403079349421687,nan,nan,0.008813381914786431,104.84847822794296,4.283004234363672e-10,0.624997856000776,3.0,288.15,101325.0,1.2249994633486807,340.3889,0.0,0.0,2.999977375254047,5.512414439477635
0.0078125,0.0001233725410687134,0.07015242758859513,0.0701526752803479,25.58242260735001,-4.0822118706475107e-07,-6.0427839651644e-14,1.5474149927717722,5.786672915782909,1.2635811193451492,0.9402920142808896,nan,nan,0.008815310224036525,204.7821840389511,8.579826896153442e-07,0.6249786731181112,3.0,288.14999919807843,101324.99855304684,1.2249994492644736,340.38889951403553,0.0,0.0,3.0006337460346186,5.514826783321012
0.0118125,0.0006373809711502007,0.19403703443904108,0.19403735586202242,36.36028320192619,-1.487239960621312e-06,-4.2843011920136484e-13,1.506199698171679,5.786116461135687,1.2630246646979268,0.9402486693957879,nan,nan,0.00883082877131637,267.12452244475503,1.7705306202298913e-05,0.6248244943222665,3.0,288.14999585702367,101324.99252458935,1.2249993905852785,340.38889748935634,0.0,0.0,3.0059160693856666,5.534260239224042
0.015625,0.0016662874873629111,0.352245840185549,0.3522462137436887,46.634853877643096,-3.137979749982478e-06,-1.3176681438554069e-12,1.4538963946134653,5.785586090300053,1.262494293862293,0.9402073485414881,nan,nan,0.008872496413525019,326.5445637377869,0.00010246878404749724,0.6244123028959542,3.0,288.1499891691313,101324.98045724018,1.224999273125321,340.38889343649356,0.0,0.0,3.0200992362190386,5.586608815512373
0.019625,0.0034967028449687135,0.5750510958058478,0.5750515012432225,64.76873487071087,-5.5286199775318425e-06,-3.0816954931716244e-12,1.381367754615404,5.784687647900892,1.2615958514631318,0.9401373341766766,nan,nan,0.00897193261275049,431.39304196572994,0.0004247221773160417,0.6234390034317359,3.0,288.1499772714315,101324.9589895355,1.2249990641651087,340.3888862264875,0.0,0.0,3.053946149353239,5.712530224356249
0.0234375,0.0062016769316583014,0.8549374248967403,0.8549378465726679,82.05773644372796,-8.447097471300432e-06,-5.808092585292932e-12,1.293101839382731,5.783831319989192,1.2607395235514314,0.9400705814891018,nan,nan,0.009161948457915455,531.326747776738,0.0013098868194241615,0.6216185537590284,3.0,288.14995968909994,101324.92726472253,1.224998755365243,340.38887557159455,0.0,0.0,3.1186253336347463,5.957061130048638
0.0274375,0.010288389906877853,1.1910446625746585,1.191045109564776,85.99613708918334,-1.2205613618323765e-05,-1.0042191830340407e-11,1.1927479699901677,5.782672039474145,1.2595802430363845,0.9399801814655534,nan,nan,0.009479818565489942,553.996689015212,0.0032729326490359427,0.6186831434764332,3.0,288.14993312546557,101324.87933442797,1.2249982888259825,340.38885947403213,0.0,0.0,3.2268246295278766,6.377584369996462
0.03125,0.015463327203816688,1.5260625627876063,1.5260630485129918,89.75118694240705,-1.6489488661679972e-05,-1.565928114993814e-11,1.1000588120398975,5.781567100233241,1.2584753037954808,0.9398939851995092,nan,nan,0.009885027489538189,575.6039767581328,0.006351579290751479,0.6151260742065446,3.0,288.14989948837314,101324.81864108577,1.2249976980548807,340.3888390899541,0.0,0.0,3.3647530315361873,6.934444284171275
0.035250000000000004,0.02229871453557522,1.894913337190359,1.8949138756821622,94.67452390332444,-2.1775510382806656e-05,-2.3521305902309076e-11,1.0072229370984789,5.78030348447184,1.25721168803408,0.939795370192201,nan,nan,0.010420816745920143,603.9414033062255,0.011116726019048744,0.6107101999414114,3.0,288.1498550583555,101324.7384734473,1.224996917726508,340.38881216536345,0.0,0.0,3.5471294339366852,7.706533532145141
0.0390625,0.030222497147468975,2.2648079064767357,2.264808357020616,99.36880481279577,-2.722190501115493e-05,-3.208130752781746e-11,0.923914620115479,5.779099100699255,1.2560073042614948,0.9397013376233203,nan,nan,0.011039621682032189,630.9505129848765,0.017346850477534467,0.6059715212978471,3.0,288.1498035537685,101324.64554075616,1.2249960131465414,340.3887809535837,0.0,0.0,3.757763366535688,8.648952981561255
0.043062500000000004,0.04009200247925618,2.67377597490366,2.6737763565345003,105.11562807162572,-3.293615511302853e-05,-4.106229283982627e-11,0.8425951530620501,5.7777098962153906,1.2546180997776304,0.9395928264421434,nan,nan,0.011802755762886365,664.0108439576513,0.025866789219066093,0.600591690716334,3.0,288.1497394019839,101324.52978799821,1.2249948864421845,340.3887420776023,0.0,0.0,4.017525187178061,9.886020267924168
0.046875,0.05106298272875478,3.0849742173668804,3.084974548129901,110.59528396939719,-3.83825497413768e-05,-4.962229446533465e-11,0.7711964172663396,5.776385810691707,1.2532940142539473,0.9394893531418165,nan,nan,0.012638933791693773,695.5214719160772,0.036054694860473364,0.5952027491485459,3.0,288.14966809061224,101324.40111678536,1.2249936339926806,340.38869886291104,0.0,0.0,4.302150228369122,11.336395247204726
0.050875000000000004,0.06428379118846779,3.52446717967788,3.5244674691955153,109.15103479340662,-4.409679984325041e-05,-5.860327977734345e-11,0.7049508762012014,5.774946370718858,1.2518545742810976,0.939376811408693,nan,nan,0.013594609276443511,687.0202439516494,0.04859920999566076,0.5895939270382031,3.0,288.1495821553573,101324.24605885793,1.2249921247014728,340.3886467861465,0.0,0.0,4.627450655195001,13.115561666273827
0.0546875,0.07851074961412997,3.937980024075761,3.937980283192213,107.77359370586647,-4.954319447159868e-05,-6.716328140285184e-11,0.6507883703679136,5.7735744044947355,1.2504826080569753,0.9392694928366321,nan,nan,0.01454119920438463,678.9175110480542,0.061830472665460295,0.5845299153463731,3.0,288.1494896801275,101324.07920047753,1.2249905005468968,340.38859074615726,0.0,0.0,4.949658304939628,15.005593003982321
0.058687500000000004,0.09512100095651793,4.3661811223446465,4.366181356048973,106.32680659769792,-5.5257444573472284e-05,-7.614426671486064e-11,0.6017929104301265,5.772169742937337,1.2490779464995772,0.939159563900725,nan,nan,0.015560730441055375,670.4162830836264,0.07686338810560893,0.5795407987031458,3.0,288.14938171349377,101323.8843900652,1.224988604313444,340.3885253183772,0.0,0.0,5.29669408770762,17.183508205676265
0.0625,0.11253646276328397,4.768922101345874,4.768922315313601,104.94701830139185,-6.0703839201820555e-05,-8.470426834036903e-11,0.5613081819525941,5.770830924890442,1.247739128452682,0.9390547380726875,nan,nan,0.016549615871235546,662.3135501800311,0.09213672743464749,0.5750969439448087,3.0,288.149268512992,101323.68013588352,1.2249866161552916,340.38845671887316,0.0,0.0,5.6332982057000365,19.436892451245527
0.0665,0.13245397634000586,5.190396976535217,5.1903971731281615,105.7904526425903,-6.641808930369416e-05,-9.368525365237783e-11,0.5238724608051853,5.7694339918698105,1.2463421954320508,0.938945310135598,nan,nan,0.01761018284823675,667.0364546047133,0.10920530590714242,0.5707036220016519,3.0,288.14913904915375,101323.44653682759,1.2249843423596967,340.3883782637872,0.0,0.0,5.994301580640069,22.00785520435734
0.0703125,0.15301315300279286,5.595255810516127,5.595255992884094,106.59454109335014,-7.186448393204243e-05,-1.0224525527788621e-10,0.4919637197553285,5.768102540084522,1.2450107436467617,0.9388409622985604,nan,nan,0.018649570770800938,671.5379728844883,0.12657068319299972,0.5667230580379573,3.0,288.14900541450544,101323.20541213898,1.2249819953093066,340.38829728119026,0.0,0.0,6.348095639697986,24.682357149208173
0.0743125,0.1762452521061319,6.020373549269458,6.020373718759843,105.96425333963928,-7.757873403391603e-05,-1.1122624058989501e-10,0.4621029475330144,5.766703674929699,1.2436118784919388,0.9387312792702771,nan,nan,0.019759191494159983,667.7596493447427,0.1457592001847756,0.5627829062469369,3.0,288.1488544058613,101322.9329385495,1.2249793431135485,340.3882057699519,0.0,0.0,6.725795740162012,27.706783886409667
0.078125,0.1999665736762856,6.423216437126841,6.42321659598735,105.36309695654482,-8.30251286622643e-05,-1.197862422154034e-10,0.436763999272051,5.765370381579008,1.2422785851412481,0.9386266880925792,nan,nan,0.02082523603818029,664.1584347209225,0.1647901768224839,0.5592616689905849,3.0,288.1487002172711,101322.65472720032,1.2249766350648785,340.3881123316663,0.0,0.0,7.088662783897578,30.77701125513767
0.082125,0.2264993494635338,6.842422665398006,6.842422814525805,104.23991039042171,-8.87393787641379e-05,-1.2876722752741221e-10,0.41302502803207175,5.763992769900295,1.2409009734625345,0.938518569504909,nan,nan,0.021947368473563076,657.5463685263676,0.18542226580936122,0.5558016608747867,3.0,288.14852775422844,101322.3435422047,1.2249736060544831,340.3880078190624,0.0,0.0,7.470621031587032,34.18299786561758
0.0859375,0.25334106307646814,7.237795665716875,7.2377958066983945,103.1687812276798,-9.418577339248617e-05,-1.373272291529206e-10,0.39276728000591254,5.76267973376902,1.2395879373312602,0.9384154708608028,nan,nan,0.02301596166040323,651.2442429346823,0.20561813008903984,0.5527155348847725,3.0,288.14835328309,101322.02873388611,1.2249705417717214,340.38790208955254,0.0,0.0,7.834354904158229,37.59257998758035
0.0899375,0.2831215925693152,7.6534683149315,7.653468448256078,104.66763265554738,-9.990002349435977e-05,-1.463082144649294e-10,0.37341097826983005,5.761298257821923,1.2382064613841628,0.9383069476403315,nan,nan,0.024148678919169147,659.7454708991102,0.22758871938914849,0.5496425224733232,3.0,288.14815970964827,101321.6794581822,1.2249671419858126,340.38778478404686,0.0,0.0,8.219915322757197,41.383682288043055
0.09375,0.31306458243252105,8.055237714109452,8.055237840784228,106.09672339313201,-0.00010534641812270804,-1.5486821609043778e-10,0.3563585372444745,5.759981538559845,1.2368897421220857,0.9382034629923584,nan,nan,0.02525134918077644,667.8482038027054,0.24951578657225842,0.54682690334562,3.0,288.1479650802142,101321.3282770904,1.2249637236486006,340.3876668386098,0.0,0.0,8.595247832171532,45.249109726756174
0.09775,0.34613305879643524,8.47868834248355,8.478688462831817,105.62853544943096,-0.00011106066822458164,-1.6384920140244659e-10,0.33993151486500695,5.758588469807599,1.235496673369838,0.9380939263046545,nan,nan,0.026420790764246898,665.0144611478961,0.273336150487045,0.5440112026311779,3.0,288.1477501351178,101320.94043927973,1.2249599484957354,340.38753658188136,0.0,0.0,8.993307882787324,49.53712716364002
0.1015625,0.379224640139353,8.88054599433538,8.880546109237711,105.1819864973984,-0.0001165070628529299,-1.7240920302795497e-10,0.3256360781754104,5.757260701153112,1.2341689047153517,0.9379894748095262,nan,nan,0.02753664733768811,662.3135501800311,0.29659512248393066,0.5414723040424272,3.0,288.14753503983906,101320.55233048636,1.2249561706995291,340.3874062341425,0.0,0.0,9.373127963659961,53.80958546851241
0.1055625,0.41558615406996297,9.299679408939035,9.299679518662757,104.38464356444788,-0.0001222213129548035,-1.8139018833996377e-10,0.3119130525898289,5.755883089474398,1.2327912930366378,0.9378810513790322,nan,nan,0.028705994454942107,657.590645755349,0.32151311209009736,0.5389519740091169,3.0,288.14729868999854,101320.12587086359,1.224952019595259,340.3872630061391,0.0,0.0,9.77115488438715,58.476433536199906
0.109375,0.4517979635390803,9.696196487697334,9.696196592934005,103.62424635724688,-0.00012766770758315178,-1.8995018996547216e-10,0.29992341513257886,5.754570053343124,1.2314782569053637,0.9377776619779495,nan,nan,0.029816841424895137,653.0891274755738,0.3456911715444248,0.5366788626869519,3.0,288.14706331323697,101319.70116702328,1.224947885574787,340.3871203678216,0.0,0.0,10.14926879108403,63.08950581620589
0.113375,0.49141355492775035,10.112052114175423,10.112052215084262,104.30360778519353,-0.00013338195768502537,-1.9893117527748096e-10,0.28827433202594255,5.7531943737986015,1.2301025773608416,0.9376692893663137,nan,nan,0.030986133406972167,656.8674510153194,0.371561009431966,0.5344025773753182,3.0,288.14680581189293,101319.2365425252,1.2249433629632873,340.3869643220071,0.0,0.0,10.547275886475987,68.13442973869547
0.1171875,0.5307253572788037,10.510944314382709,10.51094441146204,104.95135399557019,-0.00013882835231337364,-2.0749117690298934e-10,0.2778989167565164,5.751883179232729,1.228791382794969,0.9375659484698099,nan,nan,0.03211139847805053,660.4686656391395,0.396635954108109,0.5323154254876252,3.0,288.1465502851777,101318.77548096344,1.2249388750250858,340.3868094728177,0.0,0.0,10.930296475653913,73.17256954790187
0.1211875,0.5736096827844817,10.931452808050626,10.931452901395533,105.30290851878814,-0.00014454260241524724,-2.1647216221499815e-10,0.2677216000652141,5.750495906883057,1.2274041104452964,0.9374565602479463,nan,nan,0.03330112704134769,662.3578274090124,0.4233856143155019,0.5302100420915817,3.0,288.14627153706186,101318.272519692,1.2249339792292175,340.3866405514595,0.0,0.0,11.335258760181704,78.69471439426171
0.125,0.6160519556123554,11.333559017580093,11.333559107613192,105.63806685006487,-0.00014998899704359551,-2.2503216384050653e-10,0.2586481686330451,5.749173662924775,1.2260818664870148,0.9373522504621944,nan,nan,0.03444180036641034,664.1584347209225,0.44931254598814097,0.5282816419937372,3.0,288.1459956622885,101317.77474295767,1.2249291338900066,340.3864733713468,0.0,0.0,11.723522963282377,84.1777368315669
0.129,0.662229166001228,11.754513516086387,11.754513602895207,104.83907583896801,-0.0001557032471454691,-2.3401314915251533e-10,0.24977247707764272,5.747792186977678,1.2247003905399176,0.9372432166916518,nan,nan,0.03563878223153197,659.4355302962404,0.478326703368242,0.527964715021,3.0,288.145695510421,101317.23316166486,1.2249238621484027,340.3862914793151,0.0,0.0,12.130952916630077,90.12990920878507
0.1328125,0.7078033292344214,12.152760057180135,12.152760141144226,104.07707455022101,-0.00016114964177381738,-2.4257315077802374e-10,0.2419080372474157,5.746475467715601,1.2233836712778403,0.9371392450832743,nan,nan,0.03677361676711318,654.9340120164652,0.5065865810211708,0.5279758891945114,3.0,288.14539927835995,101316.69865310458,1.2249186592418688,340.38611196268613,0.0,0.0,12.5172284341635,95.96074492375718
0.1368125,0.7572496755572657,12.571085532919478,12.571085614089512,105.08571771756688,-0.00016686389187569098,-2.5155413609003254e-10,0.23415385616542353,5.745092059634311,1.2220002631965512,0.9370299562103347,nan,nan,0.037967968903230336,660.6014973260837,0.5368719514202333,0.5279880277126893,3.0,288.14507787710886,101316.11873032578,1.2249130142612144,340.385917193528,0.0,0.0,12.923761919101405,102.29470422515627
0.140625,0.8059429872921933,12.973557909007607,12.973557987659543,106.04738038403882,-0.00017231028650403925,-2.6011413771554095e-10,0.22714083671159221,5.743773498806833,1.2206817023690726,0.9369257412518732,nan,nan,0.03911908662149091,666.003319261814,0.5666141874268263,0.5280000939886899,3.0,288.14476137058256,101315.54763938073,1.2249074552375108,340.38572539057304,0.0,0.0,13.315578676272846,108.59088492626788
0.144625,0.8586878516956876,13.399437765086503,13.399437841238612,106.8925890659809,-0.00017802453660591285,-2.6909512302754976e-10,0.22015614210447818,5.742368837249435,1.2192770408116744,0.9368146685093266,nan,nan,0.0403391263971421,670.7262236864962,0.5987546141749929,0.528013276130308,3.0,288.14441852896397,101314.92903051259,1.2249014336585304,340.3855176285522,0.0,0.0,13.730854419374808,115.46923072044294
0.1484375,0.9105520103966862,13.808501779664965,13.808501853561138,107.69840610126158,-0.00018347093123426112,-2.7765512465305817e-10,0.21383407964273912,5.741030019202539,1.2179382227647793,0.9367087517110517,nan,nan,0.041512741100838836,675.2277419662713,0.6302924610677851,0.5280263386963528,3.0,288.1440814119324,101314.32075084643,1.2248955126107026,340.38531333563105,0.0,0.0,14.130327387029956,122.28508684211727
0.1524375,0.9666441550572348,14.236708009044722,14.236708080718275,106.40459392913465,-0.00018918518133613472,-2.8663610996506697e-10,0.20758835399955217,5.739631154047716,1.2165393576099564,0.9365980316699347,nan,nan,0.04274295523669925,667.6710948867799,0.6640241170463234,0.5280404333875752,3.0,288.1437168129921,101313.66288399034,1.2248891088612066,340.38509238867323,0.0,0.0,14.5490647672088,129.63937597353
0.15625,1.0216919194931577,14.640023780010393,14.640023849709422,105.1707885511936,-0.000194631575964483,-2.951961115905754e-10,0.2020259660174307,5.738297860697026,1.2152060642592657,0.9364924513850448,nan,nan,0.04390310477522526,660.4686656391395,0.6964816761601331,0.5280541024779486,3.0,288.14335900252325,101313.01726596408,1.2248828243274332,340.3848755555291,0.0,0.0,14.943952855416406,136.77147381697947
0.16025,1.0810995864132542,15.06536119928213,15.065361267013358,107.49806759737189,-0.0002003458260663566,-3.041770969025842e-10,0.1964698829674213,5.736887402737052,1.2137956062992923,0.9363807072030856,nan,nan,0.045127996424509494,673.6927980282495,0.7314474747030518,0.5280689316710032,3.0,288.1429728526883,101312.32051358813,1.2248760420274263,340.38464154872906,0.0,0.0,15.36087688676899,144.5087556253369
0.1640625,1.139322901698269,15.479427300548823,15.479427366468279,109.71706789325842,-0.00020579222069470486,-3.127370985280926e-10,0.19134344357510777,5.735543059993953,1.2124512635561926,0.9362741498743806,nan,nan,0.04632169898999651,686.2970492116199,0.7662250740146559,0.5280837759059493,3.0,288.1425944011389,101311.63765167208,1.224869394921758,340.3844122070902,0.0,0.0,15.767184283143726,152.2537769049212
0.1680625,1.202124560503916,15.922955517609454,15.922955581692747,112.04719108552422,-0.00021150647079657846,-3.217180838401014e-10,0.1861375846352278,5.73407850227661,1.2109867058388502,0.9361580070185039,nan,nan,0.047601619508221026,699.5211816007298,0.8042979851277116,0.5281001228755685,3.0,288.1421861903567,101310.90109345906,1.2248622251067127,340.3841648313562,0.0,0.0,16.202837500925806,160.7827299821409
0.171875,1.2636505218448308,16.35437035440479,16.354370416797618,114.26892393103515,-0.00021695286542492673,-3.302780854656098e-10,0.1813357590264352,5.7326825957022685,1.2095907992645083,0.9360472531231518,nan,nan,0.04884775931906446,712.1254327841002,0.8421569817482465,0.5281164665045641,3.0,288.141786271608,101310.17949703944,1.2248552009132616,340.3839224805945,0.0,0.0,16.626991921411175,169.30981161678594
0.175875,1.3299756285243582,16.806551243825467,16.806551304539614,111.8213118396435,-0.00022266711552680033,-3.392590707776186e-10,0.17655902179992697,5.731219970119118,1.2081281736813576,0.9359311477336928,nan,nan,0.050155032151942766,697.9567195100539,0.8827236185803256,0.5281340658894834,3.0,288.14135515841457,101309.40161468755,1.2248476287971424,340.3836612259993,0.0,0.0,17.07195347278599,178.49189775331268
0.1796875,1.3948576216627084,17.228421081906173,17.228421141133623,109.48726702122562,-0.0002281135101551486,-3.47819072403127e-10,0.1723217612460815,5.729825905110177,1.2067341086724173,0.9358204296116924,nan,nan,0.051375659268067655,684.4521646707285,0.9213970392973312,0.5281509184442413,3.0,288.1409334254592,101308.64065763909,1.2248402214145562,340.38340565582826,0.0,0.0,17.487421869478286,187.28414729167127
0.1836875,1.4646455056934153,17.665096254041153,17.66509631180452,108.85024812839077,-0.0002338277602570222,-3.568000577151358e-10,0.1681428415008894,5.72839999007667,1.2053081936389098,0.9357071261773151,nan,nan,0.05264005296938302,680.6738411309827,0.9622760901546461,0.5281688025905886,3.0,288.140479804213,101307.82216271189,1.2248322539169143,340.3831307613531,0.0,0.0,17.917786033162052,196.6143948091407
0.1875,1.5327832912590804,18.07892979501316,18.0789298514543,108.24269271966592,-0.00023927415488537047,-3.6536005934064423e-10,0.16436371765533866,5.727040914810358,1.203949118372598,0.9355990813260656,nan,nan,0.05383912140969744,677.0726265071627,1.001820387815294,0.5281861644873304,3.0,288.1400369086068,101307.0230206744,1.2248244747824342,340.38286236661577,0.0,0.0,18.32591425273656,205.67199496571405
0.1915,1.605967650241619,18.513924308727056,18.513924363842083,109.25461164998228,-0.00024498840498724406,-3.7434104465265303e-10,0.16056871306101306,5.725611135508467,1.2025193390707072,0.9354853602241304,nan,nan,0.05510029797130168,682.7401118167813,1.044236547027517,0.5282048476795455,3.0,288.1395612102734,101306.16469078792,1.2248161194656209,340.38257409342566,0.0,0.0,18.755181256786425,215.41871406825211
0.1953125,1.677348340065159,18.932296483725757,18.932296537622832,110.2193586269514,-0.00025043479961559233,-3.8290104627816144e-10,0.15707913053869932,5.724248377111353,1.2011565806735924,0.9353769169212778,nan,nan,0.05631399991951036,688.1419337525115,1.0858595361676333,0.5282232361146169,3.0,288.13909723578956,101305.32751491803,1.224807970043653,340.3822929248885,0.0,0.0,19.16828841637492,225.0114813598787
0.1993125,1.7539566995752875,19.37123785245433,19.37123790513013,109.25123053884377,-0.00025614904971746593,-3.9188203159017024e-10,0.15357613747002463,5.722818597809462,1.1997268013717015,0.9352630848221966,nan,nan,0.057588081916780706,682.4744484428929,1.130407054534162,0.5282429704516538,3.0,288.13859928145274,101304.4290272434,1.224799223757596,340.38199116456036,0.0,0.0,19.60194599018163,235.30615278481397
0.203125,1.8286012993870475,19.785998332750516,19.78599838432211,108.32795176852972,-0.0002615954443458142,-4.0044203321567865e-10,0.1504056617523415,5.7214558394123465,1.1983640429745868,0.9351545356477442,nan,nan,0.05879260145299361,677.0726265071627,1.173331649885856,0.5282620333963376,3.0,288.138114091554,101303.5535711791,1.2247907016425896,340.38169713948173,0.0,0.0,20.011925461815125,245.25035131620595
0.207125,1.9086124136267721,20.2196830979553,20.219683148420753,108.51441828023387,-0.0002673096944476878,-4.0942301852768745e-10,0.14722657658529079,5.720035720781414,1.1969439243436546,0.9350413624669545,nan,nan,0.06005268931993188,678.0172073920992,1.2190833365579565,0.5282823981803586,3.0,288.1375940193114,101302.61517489392,1.224781566805,340.3813819757027,0.0,0.0,20.440817382075934,255.87341319406988
0.2109375,1.986489022863476,20.63373299213964,20.63373304159242,108.69207195772435,-0.0002727560890760361,-4.1798302015319586e-10,0.14431348961567425,5.7186821702113075,1.1955903737735474,0.9349334419608991,nan,nan,0.06125627409953779,678.9175110480542,1.2635963766355742,0.5283022531112626,3.0,288.1370878213514,101301.70181277535,1.2247726756313428,340.38107521973893,0.0,0.0,20.850476441955717,266.2302865449863
0.2149375,2.0698948697477206,21.069535044964525,21.069535093394425,109.2089646866001,-0.00027847033917790967,-4.2696400546520467e-10,0.14136853144354178,5.717254323043608,1.1941625266058482,0.9348195422974621,nan,nan,0.06252363204623755,681.7512537028634,1.3113307225761666,0.5283235860205263,3.0,288.13654568334664,101300.72360196525,1.224763153149894,340.3807466841081,0.0,0.0,21.281840561300765,277.3578658755942
0.21875,2.151017350379148,21.48683344917664,21.486833496665977,109.70168247046155,-0.00028391673380625794,-4.355240070907131e-10,0.13865839160384824,5.715893406211896,1.192801609774135,0.9347109287144111,nan,nan,0.06373767109326686,684.4521646707285,1.3578905168453927,0.5283444311911893,3.0,288.1360183872225,101299.77217121475,1.2247538913269775,340.38042714265686,0.0,0.0,21.695055711804347,288.23078977793625
0.22275,2.237839268580341,21.923368281801373,21.92336832834511,108.56562831288487,-0.00028963098390813154,-4.445049924027219e-10,0.13593166839791063,5.714473287580963,1.1913814911432028,0.9345975351296285,nan,nan,0.0650081601302887,677.8400984761736,1.4074923460155864,0.5283666749695309,3.0,288.1354540447542,101298.75389561284,1.22474397875685,340.3800851511211,0.0,0.0,22.127483080665385,299.83294606909175
0.2265625,2.322208495144559,22.335209707898564,22.335209753584074,107.48223766025235,-0.0002950773785364798,-4.530649940282303e-10,0.13345513702291983,5.713119737010856,1.1900279405730956,0.9344894043980911,nan,nan,0.0662072123844665,671.5379728844883,1.4551310036882625,0.5283880708046353,3.0,288.13490564478155,101297.76438597353,1.2247343461764826,340.3797528207376,0.0,0.0,22.535594586374785,310.9925202601643
0.2305625,2.412406158057353,22.762863190745556,22.762863235572755,106.34440131182006,-0.0003007916286383534,-4.620459793402391e-10,0.13097671585597362,5.711726668258608,1.188634871820848,0.9343780631727945,nan,nan,0.06745271919222799,664.9259066899333,1.5054674567524502,0.5284107097257258,3.0,288.1343193599726,101296.70651854332,1.2247240481129138,340.3793975321434,0.0,0.0,22.95951592055541,322.8001323729357
0.234375,2.4999598119375173,23.16623297821041,23.16623302225708,105.25932916824068,-0.0003062380232667017,-4.706059809657475e-10,0.12872147958733474,5.7103988996041215,1.1873071031663616,0.9342718905033665,nan,nan,0.06862787233508384,658.6237810982482,1.5537592953482395,0.5284324568094849,3.0,288.13375026122236,101295.67966090815,1.2247140518815294,340.3790526583008,0.0,0.0,23.35949017137065,334.1422748514418
0.238375,2.5934673100360777,23.587638946131072,23.587638989390825,105.44364204798475,-0.0003119522733685753,-4.795869662777564e-10,0.12644645324293943,5.709017423657024,1.1859256272192642,0.9341613708025477,nan,nan,0.06985593517078494,659.5683619831846,1.6050566307214582,0.5284555844839239,3.0,288.1331424624847,101294.58297465793,1.2247033758404542,340.3786843322657,0.0,0.0,23.777471306231824,346.2041358777545
0.2421875,2.684161928862851,23.989977591084212,23.98997763361845,105.61924192007915,-0.00031739866799692355,-4.881469679032647e-10,0.12434778080324294,5.707700704394947,1.184608907957187,0.9340559819158699,nan,nan,0.07102876157386044,660.4686656391395,1.6548420417997431,0.5284780549446872,3.0,288.1325529474624,101293.51927876765,1.2246930209115006,340.37832708616224,0.0,0.0,24.1766510395125,357.9229377419742
0.2461875,2.7809659601288987,24.41182973747059,24.411829779269812,105.30678551576942,-0.00032311291809879715,-4.971279532152736e-10,0.12222049081723084,5.706321160582042,1.1832293641442815,0.9339455124425871,nan,nan,0.07225879915445681,658.5795038692668,1.7078930056317405,0.5285020235834704,3.0,288.1319237212591,101292.38392970778,1.2246819684023322,340.37794577508305,0.0,0.0,24.595301620368318,370.4227346044003
0.25,2.8748006643700412,24.812743746305973,24.81274378742982,105.00871867488304,-0.0003285593127271454,-5.056879548407819e-10,0.12026484309308932,5.705006282885366,1.1819144864476059,0.9338401714978002,nan,nan,0.07342808252688954,656.7788965573568,1.7591200263946802,0.5285251899984718,3.0,288.1313137956816,101291.28340587784,1.2246712548672072,340.377576160183,0.0,0.0,24.99327275259255,382.50382819466915
0.254,2.9748913158887462,25.232483674123056,25.23248371456281,104.86121059866798,-0.000334273562829019,-5.146689401527908e-10,0.11828301195237999,5.703632535475036,1.1805407390372755,0.9337300623477793,nan,nan,0.07465256811316866,655.8343156724203,1.8135994453329587,0.5285498488441329,3.0,288.1306632064467,101290.10951027022,1.2246598270121236,340.3771819031067,0.0,0.0,25.41003075619007,395.36284891696965
0.2578125,3.0718519059869016,25.631998720975716,25.631998760785155,104.72375900628906,-0.0003397199574573673,-5.232289417782991e-10,0.11645613843587906,5.702323182474565,1.1792313860368044,0.9336250651833375,1.112825913327451,1.7920084814411341,0.07581832059286632,654.9340120164652,1.8662602152576337,0.5285737039724276,3.0,288.13003296261104,101288.97232503763,1.224648756482745,340.3767999753423,0.0,0.0,25.806797342904435,407.8023958487543
0.26353125,3.220151305206281,26.232973782619442,26.232974526540296,105.46008712321105,-0.00036163410750771746,-5.415860892438171e-10,0.11361539108675062,5.700353628277654,1.1772618318398933,0.9334670355625152,1.1139382836355824,1.8047124807306725,0.07757077630658586,658.9853784682628,1.9463815855196116,0.5286102606879322,3.0,288.12906901651615,101287.23302160903,1.2246318242225567,340.3762158240088,0.0051797566895830215,5.980917061107089e-07,26.403247297766377,426.864690608461
0.265625,3.275307940935017,26.454055914661875,26.454057132876628,105.7296987409739,-0.00037657765995965193,-5.540769784913074e-10,0.11259448420134209,5.699632534664577,1.1765407382268165,0.9334091504100214,1.1143407701619235,1.8093161975190208,0.07821560684546736,660.4686656391395,1.9762819124445687,0.5286239223320018,3.0,288.1287104983839,101286.58612670496,1.2246255266192034,340.37599856202064,0.007107504790924448,4.2588930040375473e-07,26.622715283160368,433.9882859860135
0.268765625,3.3589110083959843,26.785511402655015,26.7855135449338,105.35332181591659,-0.000406003237780434,-5.832304516741792e-10,0.11108649885045509,5.698550894244962,1.1754590978072013,0.9333222952133675,1.114937940481337,1.8161564526796958,0.07918250698987428,658.2437348828245,2.021537335488686,0.5286446194826748,3.0,288.1281670784454,101285.605602828,1.224615981065905,340.37566924953796,0.010030325271662208,3.6710998501961554e-07,26.951798809534676,444.7801931071517
0.2734375,3.4851972362532138,27.276383964505833,27.27638794095645,104.79305919188128,-0.00046542385004159583,-6.579489393336694e-10,0.10889975180006814,5.696941886854589,1.1738500904168285,0.9331930316849628,1.1158095714326963,1.826165397477335,0.08061475070504197,654.9340120164652,2.08949798421182,0.5286757451004032,3.0,288.1273462179643,101284.1244770092,1.2246015620061337,340.3751718080864,0.014446321112798928,5.499028150001701e-07,27.439259621494713,461.0091986862938
0.28125,3.70148566099391,28.092652813694862,28.09266101961609,104.17873018247236,-0.0006068229389474798,-9.049500193641793e-10,0.10537660196809603,5.694270107542567,1.1711783111048069,0.9329782264221737,1.117228159731156,1.8424993330898232,0.08299718672341495,651.2442429346823,2.2049873046122315,0.5287287568004257,3.0,288.1259403432035,101281.58777624916,1.2245768665197037,340.3743198479814,0.0220110155523824,7.136500673783249e-07,28.250110980278276,488.6482770606318
0.2890625,3.9241522075265176,28.911714215120558,28.91172796648329,105.50813087355127,-0.000800881198580776,-1.3757913992234717e-09,0.1019729661391533,5.691590780831358,1.1684989843935987,0.9327626118392709,1.118615599878767,1.8585298803949613,0.08538870331826179,658.6237810982482,2.3239882828746543,0.528783523859176,3.0,288.12449301065107,101278.97627080911,1.2245514425371746,340.3734427644546,0.029793627150052498,1.2139285198623335e-06,29.064046921629373,517.2008269047611
0.296875,4.15323186565385,29.731032290747653,29.731052713551662,104.2439576857131,-0.001047223327359135,-2.1626650803336213e-09,0.09868384886352488,5.68891145412015,1.1658196576823905,0.9325467941588456,1.1199724587798068,1.8742566462096122,0.08778183896858549,651.2442429346823,2.4461382532129314,0.5288398858895628,3.0,288.12300399287324,101276.28955031735,1.22452528604141,340.3725404196812,0.03778969269625569,1.0497160621992413e-06,29.87852753244881,546.5830297547994
0.3046875,4.388683748972823,30.54426877023863,30.544296774643644,103.95113236655169,-0.001345026544131597,-3.3741967702697623e-09,0.09551556861894754,5.686250995906908,1.1631591994691486,0.9323322950806753,1.1212946496358698,1.889623545551945,0.09015800902979496,649.3993583937909,2.570435365981265,0.5288973902963637,3.0,288.12147355563167,101273.52809430282,1.2244984016782148,340.3716129747128,0.04598889192824606,1.6932431907854915e-06,30.687226956060027,576.558683630712
0.3125,4.630496611384286,31.361555363621356,31.361591583614864,105.28052640602883,-0.001692944645327744,-5.140544001383221e-09,0.0924229940529082,5.683579216594887,1.160487420157127,0.932116681144739,1.1225998413622278,1.904831602174888,0.09254679400344525,656.7788965573568,2.6984313605272976,0.5289567487592807,3.0,288.11990177202597,101270.69203466346,1.224470790708519,340.37066047384775,0.054383651577137385,2.241953389830993e-06,31.50021339968979,607.4988020712821
0.3203125,4.878715294694315,32.18162287022427,32.18166765521227,104.66225646180804,-0.00208904975884796,-7.607577879015115e-09,0.08940070412464116,5.680899889883679,1.1578080934459187,0.9319002544592896,1.123889496872807,1.9198924241351745,0.09494445091113875,653.0891274755738,2.8299571970964696,0.5290178892679089,3.0,288.11828835058446,101267.78084548001,1.224442447988277,340.3696827404542,0.06296613685092295,2.4472224830880978e-06,32.316212634590926,639.365643149875
0.328125,5.1333284924735265,32.999395640388286,32.999449055323865,104.69254611718665,-0.002530951100433418,-1.0941661484509411e-08,0.08645334755668628,5.678228110571657,1.155136314133897,0.9316842340426377,1.1251607970689628,1.934765630263251,0.09733609553285202,653.0891274755738,2.9641786918182698,0.5290804351249304,3.0,288.1166333647989,101264.79465935794,1.2244133747839483,340.3686798190681,0.07172355246049478,3.139323621249951e-06,33.13015833525954,671.9625850965759
0.3359375,5.394338082590083,33.81994526109068,33.82000702814666,105.37246825803402,-0.0030156746235666253,-1.5336108201955558e-08,0.08355840465160626,5.6755487838604495,1.1524569874226889,0.9314673991518675,1.1264227673916827,1.9495536823981519,0.09973654022944961,656.7788965573568,3.101941449992948,0.52914477648861,3.0,288.11493680246315,101261.733454273,1.2243835708559323,340.3676517022927,0.08064421127730666,2.1656804774402196e-06,33.947091986809006,705.4929077653949
0.34375,5.66175582484484,34.636918422499484,34.636987992141435,103.77597331729964,-0.0035396560548244128,-2.0971114263312735e-08,0.08072363728821592,5.672880778248021,1.1497889818102605,0.9312512769370561,1.1276713981210096,1.9642012118395347,0.10212715776932722,647.5544738528995,3.242143821171587,0.5292104132432247,3.0,288.11319858713847,101258.59709230244,1.2243530348355767,340.3665983438059,0.08971522602323499,2.2360028286508554e-06,34.760673288467096,739.695584144049
0.3515625,5.93551736321307,35.44522502642076,35.445301596235616,103.15322682594787,-0.0040990058333161185,-2.7991965564800635e-08,0.077951616067558,5.6702391885327454,1.1471473920949848,0.931037094173671,1.128904852700258,1.9786775852658711,0.10449300854863758,643.8647047711166,3.3838116565867984,0.5292769014795113,3.0,288.1114191371391,101255.38632823457,1.2243217740452368,340.3655199971063,0.09892225127554641,1.8377993612218836e-06,35.5658171907191,774.3390500910772
0.359375,6.215588035114152,36.253750490405096,36.25383287903808,103.83135584828202,-0.004689173059712517,-3.653227321061011e-08,0.07521434842735707,5.667597598817469,1.1445058023797092,0.9308227117549736,1.1301351084233937,1.9931239666842016,0.10686008756242821,647.5544738528995,3.528489370084062,0.5293449489724449,3.0,288.1095986777717,101252.1015686034,1.2242897924162517,340.3644167987297,0.1082439981490124,1.1365105695844144e-06,36.37137138224706,809.7921934212137
0.3671875,6.5019893962062785,37.065033525796636,37.065120237632875,103.85833501237808,-0.005304764435987087,-4.668113321947701e-08,0.07250117426243231,5.664948461703007,1.141856665265247,0.9306075160225209,1.131366716431985,2.0075920040946404,0.10923581537465661,647.5544738528995,3.676661619605483,0.5294147786646873,3.0,288.1077370689246,101248.74256059715,1.2242570874597838,340.36328866376834,0.11766795886774123,4.6600029645424787e-07,37.179861360786354,846.171050982403
0.375,6.794726419816423,37.87525504940792,37.87534439554178,103.5589536989375,-0.005939841133569399,-5.84754743637845e-08,0.06981486879730717,5.662303098288138,1.1392113018503782,0.9303924259059281,1.1325981951800848,2.0220576927415665,0.1116089865238185,645.709589312008,3.827622264746875,0.52948606716086,3.0,288.1058342782712,101245.30924588705,1.2242236585798694,340.3621355726323,0.1271764860877384,8.813465874966608e-08,37.987473002344004,883.3068153684699
0.3828125,7.093800739120522,38.689502285766295,38.689592285423636,104.88863160478637,-0.006587834124007904,-7.194468488716339e-08,0.06714163828433539,5.65964641377449,1.1365546173367296,0.9301762129273246,1.1338357657559952,2.0365955282867065,0.11399449755179689,653.0891274755738,3.982372450982741,0.5295592715115852,3.0,288.1038902951957,101241.80160531867,1.224189505561327,340.3609575188886,0.13674908120522686,-9.98298917562802e-07,38.79927633861419,921.4375520781128
0.390625,7.399263688721246,39.50904677072649,39.50913526993766,104.91468659530162,-0.00724113346139309,-8.705239198569529e-08,0.06447634536251387,5.656974634462468,1.133882838024708,0.9299585666516479,1.1350818146244204,2.051232479727725,0.11639606840320973,653.0891274755738,4.14122711452405,0.5296345336209345,3.0,288.1019047860233,101238.21903682317,1.2241546225125346,340.3597543003301,0.1463649967470622,-8.716894177056116e-07,39.616537243240884,960.6369918639596
0.3984375,7.71111684365003,40.323694485377835,40.323779477072996,103.63502022381373,-0.007891842135004767,-1.0373873227649215e-07,0.061832436338779925,5.654317949948819,1.1312261535110593,0.9297419460712403,1.136329926879155,2.065879808079146,0.1187838003737965,645.709589312008,4.30215569002391,0.5297109187435365,3.0,288.09987774051626,101234.56152192804,1.2241190092234462,340.35852591075286,0.1560027114221531,4.299003410849908e-08,40.429079197302514,1000.4176530913281
0.40625,8.02931859680449,41.13726044160574,41.13733985478286,104.63850943012986,-0.008531815107847084,-1.2195203582518175e-07,0.05919997162092038,5.651665039134764,1.1285732426970039,0.92952542997008,1.137584729140074,2.0805929916999397,0.12116886653663536,651.2442429346823,4.465918187575505,0.5297887682675518,3.0,288.09780942912073,101230.82954861489,1.2240826704148318,340.35727251404717,0.16563803107779074,4.3830396326804885e-07,41.24070492802781,1040.9572974367295
0.4140625,8.353887018828948,41.95101060148443,41.95108246416668,103.68295012181521,-0.009151643894771458,-1.4168839154131963e-07,0.05657412610623103,5.649012128320709,1.1259203318829485,0.9293087105066704,1.1388485431053075,2.0953983259863707,0.12355496929214735,645.709589312008,4.632792819096732,0.5298682015276025,3.0,288.0956997343776,101227.02290494533,1.2240456039917282,340.3559940390328,0.1752448215786838,1.6547759703472269e-06,42.05267439189098,1082.317906863164
0.421875,8.684790311627275,42.759835757074235,42.75989845492856,103.37929010489671,-0.009741852456443765,-1.6298192186688422e-07,0.053959238077936574,5.646374312305026,1.1232825158672661,0.9290930222418892,1.1401192539806733,2.110262317387841,0.12592711110986396,643.8647047711166,4.801686224869082,0.5299487067628412,3.0,288.0935488629744,101223.14196385775,1.22400781355367,340.3546906109625,0.1847927458097913,2.209749761641448e-06,42.85988294133005,1124.2325508657889
0.4296875,9.02201654188688,43.571383450859265,43.57143553197925,104.38237644307215,-0.010292057982828392,-1.859007090294802e-07,0.05134328912573694,5.643728948890157,1.1206371524523973,0.9288765143565708,1.1414028391363817,2.125263247798109,0.1283077212258237,649.3993583937909,4.974275773364374,0.5300310399101377,3.0,288.09135689247773,101219.1868653099,1.2239693004310983,340.3533622768415,0.1942557872259397,6.540144189306821e-07,43.66996432528876,1167.094986864539
0.4375,9.3656035795328,44.386925100572576,44.38696560673408,104.40482931572781,-0.010790454678584038,-2.1046886600068098e-07,0.048723940181415126,5.6410722643765085,1.1179804679387486,0.9286588755371826,1.1427006400110726,2.1404176447389,0.1307005281488981,649.3993583937909,5.150918712418484,0.5301153501038239,3.0,288.089123576733,101215.15716515102,1.2239300602659766,340.35200888750023,0.2036038579998493,2.6358019656362506e-06,44.48418731813474,1210.9826679954015
0.4453125,9.715559329154283,45.20134637225754,45.20137515461099,104.09953333618887,-0.011224976553731981,-2.3674154930327442e-07,0.04610621191840011,5.638419353562453,1.1153275571246932,0.9284413412085069,1.1440102843070412,2.1556894309853436,0.1330905190384821,647.5544738528995,5.330518615882744,0.5302011175994182,3.0,288.0868488643605,101211.05277067354,1.2238900921217184,340.35063041180246,0.2128098776339477,4.856872218687677e-06,45.29744205658138,1255.6244955102673
0.453125,10.071878332682278,46.017194770533536,46.01721247390752,104.77545356411387,-0.011583087066584384,-2.648718435328588e-07,0.04348676120183888,5.6357626690488045,1.1126708726110446,0.9282232922065121,1.145333625495086,2.17110333288574,0.13548516829193197,651.2442429346823,5.51370843366222,0.5302886125073358,3.0,288.08453279083756,101206.87374589145,1.2238493965872257,340.34922687124754,0.22183797293851523,5.593747043510319e-06,46.1122722806799,1301.1609756362118
0.4609375,10.434588353179615,46.837019681654326,46.83702798304555,105.12402248071372,-0.011850900090194755,-2.9508965783487766e-07,0.040863223068055815,5.633094663436376,1.1100028669986162,0.9280041070290095,1.1466720907505226,2.186679837215131,0.1378919599245297,653.0891274755738,5.7011696504348075,0.5303781248141578,3.0,288.0821751757043,101202.61976519055,1.2238079704565026,340.3477981564768,0.2306533749078763,7.811945728634992e-06,46.93122494379483,1347.7429269684037
0.46875,10.803707110884513,47.65697719065614,47.65697912084279,104.81704015437928,-0.012014001994216221,-3.276852793836497e-07,0.0382394649930098,5.630426657823948,1.1073348613861878,0.9277847141275387,1.1480238619382162,2.202391478106774,0.14029960717211182,651.2442429346823,5.892068608008176,0.5304692475956467,3.0,288.07977590377925,101198.29062074216,1.2237658116697623,340.3463441976902,0.23922214940128098,9.420322703165437e-06,47.750458393400294,1395.158054248408
0.4765625,11.17923227563246,48.47833791478445,48.47833799117096,105.49265797532871,-0.012057723679453559,-3.6304605564171263e-07,0.035614994787055786,5.627754878511926,1.104663082074166,0.9275648024496987,1.1493893840652911,2.2182458161559238,0.14271184125102704,654.9340120164652,6.0867859464805845,0.5305621275136331,3.0,288.0773349902084,101193.88633987517,1.2237229204565556,340.34486500406626,0.24750479007211545,9.627197975538999e-06,48.57124234506253,1443.482498499675
0.484375,11.56118810311338,49.302372027067676,49.30237653803537,105.51244260553781,-0.011966050585223894,-4.016077250747089e-07,0.032989876038868396,5.625075551800718,1.101983755362958,0.9273440597605959,1.1507688257918216,2.234247660312257,0.14513239385165735,654.9340120164652,6.285728871790532,0.5306569210698209,3.0,288.07485227732974,101189.40663811103,1.2236792940091912,340.34336048006185,0.2554659886398076,1.0139010347757437e-05,49.394846637988934,1492.7974977309048
0.4921875,11.94957543410859,50.123946703894354,50.123963871518725,104.87536809796293,-0.01172290840769758,-4.437430193058481e-07,0.03036882522251452,5.622403772488696,1.0993119760509362,0.9271237293824952,1.1521597937352717,2.2503606435277645,0.14754618730491326,651.2442429346823,6.487682561746058,0.5307530394252717,3.0,288.0723277596783,101184.85150558874,1.2236349321936326,340.341830622365,0.26306781690241793,9.797674104833282e-06,50.216139488704535,1542.7960385074925
0.5,12.344381679990267,50.94817495129959,50.948215323382286,106.20684587830081,-0.011311969015829204,-4.898082128860383e-07,0.027750133288086537,5.619724445777488,1.096632649339728,0.9269025662107858,1.1535633959511777,2.266608297403919,0.14996824524819033,658.6237810982482,6.694033018050463,0.5308510824108457,3.0,288.06976151908003,101180.22108995184,1.2235898364091518,340.34027548056247,0.2702709487526931,1.168382758051943e-05,51.04023390110565,1593.790292019473
0.5078125,12.745654225226332,51.77760905305569,51.77768592009503,106.22530382176517,-0.010714417128359589,-5.401689035278129e-07,0.02513459281086173,5.6170300242679065,1.0939382278301468,0.926679944273082,1.154979391536397,2.282994472633151,0.1524060717598758,658.6237810982482,6.905575765704968,0.5309513793629633,3.0,288.067153247536,101175.51483545991,1.2235440012040164,340.3386948680068,0.2770334194074142,1.0642044701884048e-05,51.86968355271593,1645.9505877889376
0.515625,13.153396977337314,52.6032628601359,52.60339187097112,105.25731986557925,-0.009912182990735065,-5.951117113946888e-07,0.022529066333241397,5.614346923857106,1.0912551274193454,0.9264580453863261,1.1564040215377562,2.2994597615143006,0.15483326082962046,653.0891274755738,7.120032185149563,0.5310528474457377,3.0,288.0645029196473,101170.73269628429,1.2234974260917313,340.33708876930626,0.283316356215327,1.1243030614382608e-05,52.69550123541169,1698.7135228789284
0.5234375,13.567577003686974,53.4276866412542,53.42788651762981,105.93157725299767,-0.008887933620923435,-6.548590341226733e-07,0.019934676310082992,5.611667597145898,1.0885758007081372,0.9262362468485607,1.15783673138702,2.3160048453845925,0.1572573096619633,656.7788965573568,7.338144155604528,0.5311557864745048,3.0,288.061810749476,101165.87505866961,1.2234501147933645,340.33545731418246,0.2890685307747593,1.4539339022281505e-05,53.52023839980229,1752.2349920738811
0.53125,13.988208020196804,54.253430885362846,54.253723871869546,105.61913407817325,-0.0076221345298772575,-7.19582723314747e-07,0.01735318315983665,5.608984496735096,1.0858927002973358,0.9260139235710169,1.1592765905181452,2.3326266694712836,0.15968571869241333,654.9340120164652,7.560698716065788,0.5312605162728936,3.0,288.0590766478687,101160.9417617511,1.2234020657008617,340.3338004486085,0.2942592850054228,1.707352374171981e-05,54.34644751995643,1806.6812407739876
0.5390625,14.415276890328654,55.07534624035997,55.07575744270914,104.97665940541687,-0.006095819304686241,-7.895514832209238e-07,0.01478941103790285,5.606312717423075,1.083220920985314,0.9257923269098958,1.1607207725753388,2.34928445665443,0.16210335109590207,651.2442429346823,7.786343333496616,0.5313663777831316,3.0,288.05630070021283,101155.93295959836,1.2233532802728735,340.33211822432895,0.29884090501136934,1.782753606275066e-05,55.16897684973045,1861.7088128107616
0.546875,14.848756978335697,55.89598418544413,55.89654267917924,105.32062603908565,-0.004290182310075691,-8.649528314471226e-07,0.012245913749730192,5.603644711810646,1.0805529153728857,0.9255708323743603,1.1621677673525128,2.365969349781525,0.16451771199633283,653.0891274755738,8.015854373207615,0.5314736858396235,3.0,288.0534830796408,101150.84896460401,1.223303761509625,340.3304107462623,0.30276853772411405,2.0723845998071308e-05,55.99038049874724,1917.4813706104637
0.5546875,15.288665005066308,56.72175313743277,56.722493371455386,106.32310663338382,-0.002184120256216416,-9.45893696921537e-07,0.009725160467007728,5.600961611399844,1.0778698149620842,0.9253478718762356,1.163616129964115,2.3826825808787944,0.16694765460659614,658.6237810982482,8.251178178766784,0.5315832906761702,3.0,288.05062367746706,101145.68958066058,1.2232535074579354,340.3286779485451,0.3060034716237413,2.6960948917425925e-05,56.817074578873196,1974.4412316514854
0.5625,15.735041005916962,57.550069713675505,57.55103026374842,106.00774335713878,0.00024502391302275465,-1.0325066446678252e-06,0.007232101620516728,5.598270963589856,1.0751791671520963,0.9251240695831882,1.1650627602619412,2.3993869067875306,0.1693855878832249,656.7788965573568,8.49169973278861,0.5316948733951773,3.0,288.0477222334615,101140.4543382199,1.2232025135003526,340.3269196734777,0.3085094907521155,4.052009351153014e-05,57.64647536137907,2032.4219962912669
0.5703125,16.187881398708043,58.37706320691069,58.37828627439497,106.02111313958694,0.003018218748920139,-1.1250066373927237e-06,0.004771822053167564,5.595584089479462,1.0724922930417016,0.924900366399378,1.166504339157194,2.416039727578161,0.17182013087411235,656.7788965573568,8.736366164723007,0.5318079177870882,3.0,288.04477877090835,101135.14327929499,1.2231507800014298,340.32513593517047,0.3102373715338666,6.381694143229998e-05,58.47470939613107,2091.154617624356
0.578125,16.64718917894559,59.2065759716271,59.20810972220037,106.69356557007721,0.006157072957901221,-1.2238024116305824e-06,0.0023486739428483735,5.592889667969881,1.0697978715321204,0.9246758189913408,1.16793801085201,2.432621918606693,0.1742625944857184,660.4686656391395,8.986407969959322,0.5319229536873464,3.0,288.0417932703368,101129.75636875356,1.2230983065736307,340.3233267218241,0.31115866807813986,0.00012509383256965168,59.30562587855589,2150.914544847703
0.5859375,17.11298396814485,60.03601947552105,60.0379162191844,106.04591606246959,0.009684342558312117,-1.3293248297771285e-06,3.220530161207488e-05,5.590195246460299,1.0671034500225391,0.9244510551238277,1.1693220291779185,2.4487097405409073,0.17670536712880144,656.7788965573568,9.24111930142898,0.5320396309295372,3.0,288.038765604207,101124.29337646811,1.2230450909292505,340.32149195614943,-0.31114999617801636,0.008915398420773393,60.136634177932834,2211.5191657594655
0.59375,17.58524505972982,60.86280441190791,60.865120296445745,106.0573068272737,0.013620720737221,-1.4418542894956615e-06,0.002366342724815374,5.587508372349904,1.0644165759121444,0.9242267049846095,1.167960884710738,2.437341797261284,0.1791408327840662,656.7788965573568,9.499732100721795,0.5321575788727764,3.0,288.03569590711174,101118.75454529209,1.222991135387252,340.3196317197097,-0.31051322405970555,0.00011755192649168781,60.96514223903551,2272.7752757017265
0.6015625,18.063965023038996,61.689487996045344,61.692285341695055,106.06803788287172,0.01798777734436994,-1.561841121162102e-06,0.004647525769015327,5.58482149823951,1.0617297018017497,0.9240021389743627,1.1666433295269456,2.4264119055258293,0.1815765235644517,656.7788965573568,9.763040105210015,0.5322771553484951,3.0,288.03258422735024,101113.1399623747,1.2229364407493348,340.3177460417743,-0.30878956040746564,5.610054480720815e-05,61.793713233555316,2334.868772235883
0.609375,18.54914971450137,62.51863112020026,62.52197912194323,106.73909343272491,0.022808013144284777,-1.689981215616123e-06,0.006869774165502396,5.582127076729929,1.0590352802921685,0.9237767250659402,1.165371901782848,2.4159517671690787,0.1840199859726791,660.4686656391395,10.031864498846673,0.5323987389355234,3.0,288.0294305268557,101107.44955902985,1.2228810062984985,340.3158348992746,-0.3061262697424871,3.7894827240573744e-05,62.624915164445085,2397.996280095953
0.6171875,19.040828358733314,63.351508454657676,63.3554830029654,107.07948287898957,0.02810554477753604,-1.8270571572172506e-06,0.009026936340868135,5.579421334121568,1.0563295376838076,0.9235501449518205,1.164149138495528,2.405989935437075,0.1864749812549628,662.3135501800311,10.306636219837932,0.5325225362164496,3.0,288.0262346156682,101101.68299250175,1.2228248286470298,340.313898177095,-0.30249853805884047,2.852987786486044e-05,63.46002778337711,2462.264866854509
0.625,19.53901330078528,64.18295219422703,64.18763139869577,106.42711709008702,0.03390346526826081,-1.9738130075225057e-06,0.011113641693712012,5.5767193652128,1.0536275687750398,0.9233236614420663,1.162976927018172,2.3965326557610567,0.1889262968013328,658.6237810982482,10.585651591014376,0.5326477880651959,3.0,288.0229964135449,101095.84011800366,1.2227679063349355,340.3119358266082,-0.2978899239386675,2.543980050725651e-05,64.2938737930139,2527.2791967234975
0.6328125,20.04367650236863,65.01037001594935,65.01583490410259,106.10442326635133,0.040222030081909485,-2.13087370206747e-06,0.013124396232400979,5.574028717402812,1.0509369209650519,0.9230979086912426,1.1618572297984457,2.387593211072031,0.19136629933559451,656.7788965573568,10.867967359767237,0.5327740895590419,3.0,288.0197161027346,101089.92126437773,1.2227102425157725,340.30994795825717,-0.292285566855934,1.9770485387300173e-05,65.12385536786043,2592.8283153419234
0.640625,20.554799885485014,65.83761637776693,65.84395590170364,106.44299378179322,0.0470819457373655,-2.298753563706309e-06,0.0150525218247878,5.571338069592824,1.048246273155064,0.9228719378882609,1.1607927742196833,2.3792083633142234,0.19380634397090954,658.6237810982482,11.154781349474204,0.5329020173282597,3.0,288.0163938007443,101083.92664364855,1.2226518392046117,340.3079346432511,-0.2856705851940132,1.816660650275553e-05,65.95383663749972,2659.2118550331566
0.6484375,21.072385420619085,66.663389120302,66.67069589892574,105.78742506818993,0.05450507749862299,-2.4779631317300264e-06,0.016892310332956652,5.568651195482429,1.0455593990446692,0.9226460661059775,1.159785590404099,2.3713952429812144,0.19624259484776307,654.9340120164652,11.445561061453,0.5330313666485853,3.0,288.01302949476593,101077.85623270566,1.2225926961251536,340.30589587382815,-0.2780397313327634,1.7357942696117155e-05,66.78251204827271,2726.3229762414985
0.65625,21.5964013942642,67.48380661236891,67.49217346434952,105.13060459182154,0.06251038256978486,-2.6687864688788325e-06,0.018638750432202283,5.565979416170408,1.0428876197326475,0.9224212470296356,1.1588372430783473,2.3641599604871177,0.1986636118096535,651.2442429346823,11.738831468551506,0.5331615113089064,3.0,288.00962339093724,101071.71040349534,1.2225328168495402,340.30383177490796,-0.2693906194847172,1.3430422738869685e-05,67.60598833306794,2793.8356996009716
0.6640625,22.126816009924717,68.30273086622104,68.31225842013737,105.46725836008372,0.07111628303678563,-2.8714634632483633e-06,0.020284973268109286,5.563311410557979,1.0402196141202191,0.922196530013001,1.157950489673087,2.3575395966008603,0.20108077164903237,653.0891274755738,12.035784699903532,0.5332930493940753,3.0,288.00617569593544,101065.4895289372,1.2224722049590953,340.3017424717369,-0.25973033178744925,1.7133107003926336e-05,68.42813696972715,2862.057995303799
0.671875,22.66363774342392,69.12402810642841,69.134825687088,105.80356986187996,0.08034382944935538,-3.086157750392743e-06,0.021824011407230295,5.560635857546364,1.0375440611086042,0.9219709607493211,1.1571281306906878,2.351571699413667,0.2035054663697006,654.9340120164652,12.337671489624404,0.5334266058855333,3.0,288.00268635466773,101059.19350962405,1.2224108594326586,340.29962793092864,-0.24905380732057564,1.429512068854062e-05,69.25283448751922,2931.3137883561008
0.6796875,23.206878391675495,69.94511138621978,69.95728896515337,105.47577657256666,0.09021377644456106,-3.312743745521427e-06,0.02325088583660214,5.557960304534749,1.0348685080969893,0.9217451743115377,1.1563717369579296,2.3462656264639192,0.2059300655393155,653.0891274755738,12.64345100604333,0.5335617614041374,3.0,287.9991552904541,101052.82220719785,1.2223487788688054,340.2974881060152,-0.2373845579250116,1.8324402383287422e-05,70.07748402853615,3001.3880531183063
0.6875,23.756526180651733,70.76468637651861,70.77835508137561,105.47906337964884,0.10074424159583059,-3.5509544443652477e-06,0.024560533102965285,5.5552885252227275,1.0321967287849676,0.9215194893035227,1.155682985746112,2.3416349644258925,0.20835074493234024,653.0891274755738,12.952503099458726,0.5336982989244154,3.0,287.99558257982574,101046.3757597482,1.2222859645590822,340.2953230433744,-0.22473910801474392,1.8518332621342017e-05,70.90078405307843,3072.1676012268053
0.6953125,24.312579416524837,71.58533678413536,71.60061398632517,105.81386853822237,0.11195340198706899,-3.800184414854314e-06,0.025746825484928307,5.552612972211113,1.0295211757733527,0.9212932678829815,1.1550642606018628,2.3377099271888135,0.21077511241402586,654.9340120164652,13.265623757464475,0.533836647470229,3.0,287.9919682337926,101039.8541871409,1.2222224166425104,340.2931327496783,-0.2111485630929677,1.510062717773983e-05,71.72532330903447,3143.8750579686557
0.703125,24.87504650541135,72.40577128801174,72.42277429306839,105.48362095478983,0.12385943924337627,-4.059869092943954e-06,0.026805231459755878,5.549937419199498,1.0268456227617377,0.9210668283456015,1.1545170415273858,2.3345021318178425,0.21319934729529438,653.0891274755738,13.582186556464263,0.5339765926745138,3.0,287.9883121977148,101033.25739078624,1.222158134103187,340.2909171918152,-0.1966294321120373,1.4321898276349704e-05,72.54980143581207,3216.398590943269
0.7109375,25.443919041704703,73.22599428842781,73.2448414887658,105.81736909528477,0.1364780803719657,-4.329303216772559e-06,0.027731043961689548,5.547261866187883,1.0241700697501228,0.9208401703757766,1.1540430011891216,2.33202830813345,0.2156234469522929,654.9340120164652,13.902033293511288,0.5341181342581426,3.0,287.9846145262289,101026.58546926794,1.222093117845902,340.2886764028947,-0.1812308501376529,9.65342488282291e-06,73.37421736482553,3289.737660654748
0.71875,26.019202128392735,74.04601087171373,74.0668208862873,105.48542024686142,0.1498251972992586,-4.607941336602528e-06,0.028520007760024314,5.544586313176268,1.0214945167385079,0.9206132936572914,1.1536436488831332,2.330303552258418,0.21804740742682968,653.0891274755738,14.225005815084238,0.5342612718573551,3.0,287.9808751861654,101019.83836273648,1.2220273672309516,340.28641036281624,-0.16499050866491222,1.3153554239911069e-05,74.19856956219435,3363.89167417733
0.7265625,26.600877333127386,74.86194622965117,74.88482927182093,104.81967546591744,0.1639133223797114,-4.895040359391706e-06,0.029169755464185064,5.541922081263433,1.0188302848256727,0.92038715924832,1.153319483515309,2.3293232426698904,0.2204597748229896,649.3993583937909,14.549429911970062,0.5344053176190674,3.0,287.97709429733465,101013.01628737243,1.2219608843079524,340.28411914418484,-0.14796803766525451,1.8468808494713032e-05,75.01896028236635,3438.5028610144186
0.734375,27.188912803355407,75.67510354566829,75.70016998261649,104.81852063732006,0.1787524318709357,-5.189472033500796e-06,0.029676393307889255,5.5392653967497845,1.016173600312024,0.9201614488415425,1.153072048020795,2.3291059917925248,0.2228643667919237,649.3993583937909,14.875615616517655,0.5345504804947186,3.0,287.9732720667782,101006.11961675285,1.221893672660035,340.28180287246755,-0.13021751869717993,1.9809668101890413e-05,75.83668852798668,3513.679477654646
0.7421875,27.78331048553411,76.491970286739,76.51934159351005,105.81590604340744,0.19435431652408092,-5.489745358458664e-06,0.0300345138031123,5.536597391137356,1.0135055946995957,0.9199345586040386,1.1529039296548984,2.329693710508598,0.2252802976016197,654.9340120164652,15.205979853045152,0.5346979180553237,3.0,287.969408481844,100999.14832804906,1.221825732006749,340.2794615399975,-0.11180470341496515,1.697281688830799e-05,76.65825836344953,3590.0224775832276
0.75,28.384109539842672,77.31256215165511,77.34235733131993,105.81359385904217,0.21073292690956535,-5.79431741026411e-06,0.03024184264699981,5.533918064426148,1.0108262679883875,0.9197064854368603,1.1528160122982472,2.3310952686138684,0.2277075845232691,654.9340120164652,15.540448681567637,0.5348476539600449,3.0,287.965503287991,100992.10196197778,1.2217570578132249,340.27709499252256,-0.09279877282946086,1.928196914690234e-05,77.48367536934231,3667.5436102545655
0.7578125,28.991318892734004,78.13300955839482,78.1653348278581,105.81047396880719,0.2278978467837256,-6.1016218803555835e-06,0.030298163278844405,5.53123873771494,1.0081469412771793,0.9194781913128373,1.1528081206050618,2.333299292922245,0.23013477457685017,654.9340120164652,15.87737212478902,0.5349989930168881,3.0,287.9615564271972,100984.98041384669,1.2216876489994721,340.2747031948815,-0.07327181896114057,1.245766800661797e-05,78.30904211395865,3745.8812969589967
0.765625,29.60493410632456,78.95203318530358,78.98698598926357,105.47295588867664,0.24585579183488038,-6.410220669643686e-06,0.030202922186970835,5.528563184703325,1.0054713882655644,0.9192499979191603,1.152880458069213,2.336304601500526,0.2325580538793179,653.0891274755738,16.216120186028377,0.5351516935905151,3.0,287.9575679283089,100977.78373570471,1.2216175060124594,340.2722861645552,-0.05332793904366026,1.1901243332972827e-05,79.13306065949531,3824.9096312149004
0.7734375,30.224933993265637,79.76705632866714,79.80472059170152,104.80058490343066,0.26461017929346153,-6.718627469118638e-06,0.029956733381475302,5.52589895279049,1.0028071563527292,0.9190225505081306,1.1530327106657445,2.340101601576139,0.23496977520998327,649.3993583937909,16.555518105967177,0.53530525860532,3.0,287.95353792904376,100970.51217604395,1.2215466312133008,340.26984398500053,-0.033046191610322705,7.2920232535517625e-06,79.95312875189165,3904.3701284807476
0.78125,30.851283989934394,80.57809687815597,80.61854807249058,104.46067705528984,0.2841613840552497,-7.025532445123586e-06,0.029559852727706684,5.523246041976434,1.0001542455386738,0.91879585155787,1.1532649573487994,2.344691057909294,0.23736994615145843,647.5544738528995,16.895465733588427,0.5354596658558533,3.0,287.9494666540654,100963.16614023776,1.2214750284919056,340.2673767923636,-0.012534117804212883,1.0872294050113211e-05,80.76924890630137,3984.250957739692
0.7890625,31.483969961900506,81.39036824640574,81.43368647316767,105.12173493190156,0.30451002488388584,-7.329766409100764e-06,0.029011492483673327,5.520589357462786,0.9974975610250252,0.9185686117892118,1.1535781105521703,2.350094987629585,0.23977390893077655,651.2442429346823,17.23811148614733,0.5356158948370902,3.0,287.9453541952476,100955.74579405934,1.221402699402487,340.26488464232006,0.008096434220564473,9.053427959274988e-06,81.58664146256883,4065.060289906521
0.796875,32.12301513941086,82.20519146288288,82.2514511831092,105.11404918687747,0.32565861603298135,-7.62991071100386e-06,0.028313176468246846,5.51792512554995,0.99483332911219,0.9183405067039746,1.153971891564878,2.356313848609034,0.2421855150396213,651.2442429346823,17.584045507237384,0.5357742072754144,3.0,287.9412004015938,100948.25086505683,1.221329641227074,340.26236744336586,0.028748632031937043,1.1945067407733168e-05,82.40661670787243,4146.933488496017
0.8046875,32.76843278948289,83.02259176277047,83.07185752592028,105.77418302899676,0.3476068652096071,-7.924531346952954e-06,0.0274678247729216,5.5152533462379285,0.9921615498001684,0.9181115341116856,1.1544453710944067,2.3633383698272112,0.2446047886260768,654.9340120164652,17.93334830401606,0.5359346200462438,3.0,287.93700518686836,100940.68119763034,1.2212558523858459,340.2598251432422,0.04928541356275548,1.0901966887564902e-05,83.22918260710861,4229.878776388079
0.8125,33.42025329529709,83.84389326498408,83.89622254143295,106.09942363580564,0.3703543117092046,-8.21214788589679e-06,0.026478834254958998,5.512570245827127,0.9894784493893669,0.9178813679313909,1.154997518566137,2.371161506347461,0.24703558628454095,656.7788965573568,18.286706788977735,0.5360974080676495,3.0,287.93276835358057,100933.03643543606,1.221181329341241,340.25725762226983,0.06958513760496567,7.525166468877966e-06,84.05565112428752,4314.0382705149605
0.8203125,34.07849028971813,84.66391505534772,84.71933896599884,105.41991446349766,0.39389698192034517,-8.491231210970668e-06,0.025352685705026908,5.509890919115919,0.9867991226781587,0.9176513017817919,1.1556255641862614,2.379742624044695,0.2494625603669375,653.0891274755738,18.641969128541533,0.5362615513421221,3.0,287.9284898131168,100925.31641858337,1.2211060704698093,340.2546648267488,0.0894985272181214,3.892379520146093e-06,84.88079986447491,4398.882093947498
0.828125,34.74311690703983,85.48007337901099,85.53860279826617,105.07376835748477,0.4182250947536792,-8.760683151538656e-06,0.02409567598167019,5.50722291350349,0.9841311170657303,0.9174219852999067,1.156326975457411,2.389049901575043,0.251878028997305,651.2442429346823,18.99809356054519,0.5364265596112006,3.0,287.9241697401042,100917.52146216195,1.2210300787778443,340.25204686250316,0.10891513297239021,3.1052303994358825e-06,85.70201492602595,4484.132450569047
0.8359375,35.41411320122393,86.29498938523125,86.35662945792028,105.06143894977363,0.4433277318810478,-9.019642854568656e-06,0.022713549042166385,5.504558681590655,0.9814668851528952,0.9171927713459888,1.1570997255141373,2.3990695416814853,0.2542896745190982,651.2442429346823,19.356388927141737,0.5365929107418137,3.0,287.919808264192,100909.65180010542,1.2209533564801556,340.2494038081004,0.12767011061389727,-8.26441374273579e-06,86.52191014967906,4570.053403747472
0.84375,36.09147631782218,87.10998268818987,87.17472904758837,105.04818306539654,0.46919384304319783,-9.26752570254634e-06,0.02121349015924302,5.50189444967782,0.97880265324006,0.916963335403395,1.157941011674572,2.4097767627117705,0.2567013375043679,651.2442429346823,19.717645924966757,0.5367608533504353,3.0,287.91540540393413,100901.70746589168,1.220875903836837,340.2467356747841,0.14563214877341815,-1.2265114579616843e-05,87.34179212921221,4656.780032964054
0.8515625,36.775213717465505,87.92767805911748,87.99552052905811,105.70474344973395,0.4958116083489874,-9.504544970645058e-06,0.019603431966942763,5.499222670365798,0.9761308739280383,0.9167330262434418,1.1588476766872546,2.4211465044381284,0.2591207107012919,654.9340120164652,20.083312859970057,0.5369309309588299,3.0,287.91096111083647,100893.68837202001,1.220797719927863,340.2440424331669,0.16266243583501516,-2.61574796810734e-05,88.16427808716273,4744.593672225016
0.859375,37.46535676274961,88.74939569975636,88.82031457546684,106.02541601756782,0.5231697364209,-9.731482378256092e-06,0.01789268554203357,5.496539569954997,0.9734477735172369,0.9165015158729767,1.1598157541524714,2.433142382794947,0.26155163710458984,656.7788965573568,20.45429887744863,0.5371034330178647,3.0,287.9064751810421,100885.59415065973,1.2207188010992014,340.2413239597115,0.1786152638955436,-3.842967610092075e-05,88.99067529229565,4833.643791529402
0.8671875,38.16191993479291,89.56992622403294,89.64387352130957,105.33833722577904,0.551253710784577,-9.950103103088854e-06,0.016092754734287992,5.493860243243789,0.9707684468060287,0.9162701054608692,1.1608398104897975,2.4456970502892825,0.26397869245856126,653.0891274755738,20.828469392264623,0.537277272815004,3.0,287.90194752042385,100877.4246319716,1.2206391456262444,340.23858019737685,0.19335690843687017,-4.979763752341097e-05,89.81573552446088,4923.366423329789
0.875,38.86487357984491,90.38535696823067,90.46226055978576,104.6498276891983,0.5800434665081206,-1.0162765142382049e-05,0.014215499922552445,5.4911960113309535,0.9681042148931935,0.9160397748493964,1.161914145192175,2.458743703427787,0.2663902846470481,649.3993583937909,21.204226824769883,0.5374516010043052,3.0,287.89737832173097,100869.18016374442,1.2205587568308147,340.235811262969,0.20674866347109858,-5.658297041508136e-05,90.63551460946165,5013.320907029826
0.8828125,39.57418807290498,91.19961091521473,91.27939740792876,104.96806874844074,0.6095176061112879,-1.0372033146888485e-05,0.012272237256958793,5.488535553117712,0.9654437566799516,0.915809547347044,1.1630334755850162,2.4722392823797223,0.2687979457039809,651.2442429346823,21.58368206508441,0.537627232157425,3.0,287.8927677775261,100860.86109342978,1.2204776380312354,340.23301727318085,0.2186485719967145,-6.364777396835537e-05,91.45393610369807,5103.929121443429
0.890625,40.2898712493032,92.01530416588993,92.0978958184139,104.94953242412882,0.6396568126489194,-1.0580398725824576e-05,0.010275392381739358,5.485871321204876,0.9627795247671165,0.9155787695007358,1.1641917099168368,2.4861294041610105,0.27120935369656607,651.2442429346823,21.968376451946444,0.5378047263540356,3.0,287.8881158368795,100852.46732913239,1.2203957882613745,340.230198197149,0.2289587295602239,-7.559657850356753e-05,92.27361216110336,5195.480849412718
0.8984375,41.01193436098909,92.83374695528616,92.91905855370236,105.60297023918896,0.6704408943595538,-1.0790397809403218e-05,0.008238482075714593,5.483199541892855,0.9601077454550948,0.9153471126736518,1.1653819136178347,2.5003480094418293,0.27362833617664595,654.9340120164652,22.35924447437868,0.5379843767092976,3.0,287.88342242665357,100843.99873888576,1.2203132061635844,340.22735399055205,0.23754636149509034,-0.00010123029807672992,93.0958447942175,5288.12740722569
0.90625,41.740409111667184,93.65624688269621,93.74418658844425,105.91959188654968,0.7018503329137854,-1.1004661563882952e-05,0.006175705778007674,5.480516441482053,0.9574246450442934,0.9151142469444798,1.1665965433533674,2.514822964088875,0.2760587169640397,656.7788965573568,22.75721991577263,0.5381664862314932,3.0,287.87868734077415,100835.45495085855,1.2202298880402394,340.22448452850915,0.24431523194793073,-0.00013134766578745292,93.92193467869201,5382.025145522576
0.9140625,42.475310120431544,94.47755673973265,94.56801006734995,105.22551106051506,0.7338632807608284,-1.1225924088912694e-05,0.004102235088910737,5.477837114770845,0.9547453183330852,0.9148814810949429,1.167827036893275,2.529455557983321,0.2784849949453169,653.0891274755738,23.159950357179184,0.5383499008577952,3.0,287.87391048421716,100826.83579359329,1.2201458321467156,340.22158975343564,0.249162791195793,-0.00018900808732863432,94.7466077027732,5476.575561155025
0.921875,43.216610978152886,95.29504275535028,95.38788124130012,104.86707500956551,0.7664538977502869,-1.14562087007708e-05,0.002033291287532718,5.475169109158417,0.9520773127206568,0.9146494723925094,1.1690646084339855,2.5441513604147614,0.2808993856299345,651.2442429346823,23.56626302259156,0.5385340163885894,3.0,287.869092028642,100818.14157682481,1.2200610414304474,340.21866976935706,0.252023448994579,-0.00038312221001176883,95.56721531804597,5571.465261143601
0.9296875,43.964291998079794,96.1113131289736,96.20640908935219,104.84474880030909,0.7995964784518175,-1.1697317301105e-05,1.6145152005736237e-05,5.472504877245582,0.9494130808078216,0.914417566107213,1.1702813707186677,2.558638046114546,0.2833095674341429,651.2442429346823,23.977553416543422,0.538719402567835,3.0,287.86423210201247,100809.37253144573,1.2199755180696805,340.21572465381956,-0.2482288061451861,-0.04804440946650149,96.38636978596708,5666.988968481715
0.9375,44.71835045762644,96.9276647319335,97.0248889962767,104.8217411637717,0.8332663916160917,-1.1951259300222004e-05,0.0020298918247788613,5.469840645332747,0.9467488488949865,0.914185433909622,1.1691198753027923,2.5493444139317023,0.2857193562910854,651.2442429346823,24.394522010923577,0.5389063485331791,3.0,287.8593307220254,100800.52868938737,1.2198892623017812,340.2127544175474,-0.25154700201802876,-0.0003772043004445585,97.20536919419877,5763.295944288712
0.9453125,45.47878350710965,97.74276718850892,97.84198380134569,104.46069165317002,0.8674388459819752,-1.2219885322668594e-05,0.003992594330842804,5.467180187119505,0.9440883906817445,0.9139534047492265,1.1679976556418747,2.5404425089264824,0.2881248273918609,649.3993583937909,24.816429513302772,0.5390945453290527,3.0,287.8543879072038,100791.61008407178,1.2198022743780608,340.20975907176546,-0.24809242506056647,-0.0001824762529453837,98.02287810957901,5860.225704260119
0.953125,46.24558132004755,98.55791765014342,98.65899132152971,104.77394437568393,0.9020885219169055,-1.2505521697811917e-05,0.0058879776267717395,5.464519728906263,0.9414279324685026,0.9137211496572153,1.1669234005695934,2.5320225091237814,0.2905298059680199,651.2442429346823,25.243811689123774,0.5392842876578183,3.0,287.84940372141966,100782.61683074712,1.2197145553473734,340.2067386551803,-0.2424745735695689,-0.00011350385566632927,98.84019777050239,5957.93035482997
0.9609375,47.01875104358406,99.37309598199317,99.4758908428558,104.4114346181731,0.9371915072430014,-1.2811169831571013e-05,0.00770048625739138,5.4618592706930205,0.9387674742552607,0.9134886683034363,1.1659051081030947,2.524164397996583,0.2929342424862764,649.3993583937909,25.676472201305486,0.5394755707735556,3.0,287.8443781182167,100773.54884558936,1.2196261043162657,340.2036931396393,-0.23473667590851446,-8.329980536694915e-05,99.65731114089388,6056.406907553604
0.96875,47.798282538847545,100.1869663858335,100.29134492979367,104.3860869890362,0.9727230972961401,-1.3140197732849411e-05,0.009415096520201106,5.459202586179372,0.9361107897416121,0.9132562905999194,1.1649502364024722,2.5169394580255275,0.2953342181354531,649.3993583937909,26.11345817093395,0.5396680781640432,3.0,287.8393111634975,100764.40624751049,1.2195369223681685,340.20062256507947,-0.22488753033365808,-7.0329792585971e-05,100.47288487445212,6155.491024770224
0.9765625,48.58417579137485,101.00214158070764,101.10797442533885,104.69832914594433,1.0086599203629862,-1.3495745805705598e-05,0.011016944266192725,5.456542127966131,0.9334503315283702,0.9130233560516852,1.1640661380756705,2.5104278202398533,0.29773745373679666,651.2442429346823,26.555861498230364,0.5398624281347151,3.0,287.83420285735605,100755.18903668011,1.2194470094276983,340.1975269315578,-0.21298025681965999,-5.778841304518666e-05,101.28954543615733,6255.502205644682
0.984375,49.3764374782825,101.81596382097622,101.92312108522185,103.99571696853509,1.044979915902903,-1.3880483413930074e-05,0.012492456900794757,5.4538854434524815,0.9307936470147216,0.9127905251348959,1.163259145684093,2.5046862054919714,0.30013615220242285,647.5544738528995,27.001931146750145,0.5400580008668486,3.0,287.8290531563911,100745.89713478685,1.2193563646532224,340.19440621277306,-0.19911428583546956,-5.9986218496639406e-05,102.10464008148972,6356.1130266607215
0.9921875,50.1750466480884,102.62841218961688,102.73677032722377,104.30736467378267,1.0816603617471994,-1.4295737905790507e-05,0.013828790983442751,5.451232532638427,0.9281407362006662,0.9125577984846094,1.1625352144624785,2.4997741597786916,0.30253029030293116,649.3993583937909,27.451286417907387,0.5402549696601422,3.0,287.8238621967874,100736.53078755649,1.219264990363594,340.19126049125316,-0.1833595108860042,-6.429362723624187e-05,102.9181607949389,6457.31750570238
1.0,50.98001309015647,103.44342233148815,103.55287272025346,104.61881328656638,1.118681807890293,-1.474145838397595e-05,0.015013442318310278,5.448572074425185,0.9254802779874243,0.9123241821412452,1.161900238239846,2.4957605609860076,0.3049315027728885,651.2442429346823,27.905687674152027,0.5404540982134036,3.0,287.81862991491397,100727.08988017618,1.2191728853599173,340.18808972843783,-0.16584489534079708,-6.06305760792141e-05,103.73406542633079,6559.611171673908
1.0078125,51.79134642584404,104.2570129935579,104.36744951804488,103.91397962260997,1.1560263346876187,-1.5216815676355714e-05,0.016036239131899,5.445915389911535,0.9228235934737756,0.9120906693998027,1.1613585632000347,2.4926789380023204,0.307328117119871,647.5544738528995,28.36258086727474,0.5406544211780215,3.0,287.81335624823197,100717.57429980353,1.2190800484617246,340.18489388642854,-0.14668722422692132,-5.551650126030712e-05,104.5483829107392,6662.494562485132
1.015625,52.60902516918608,105.069164124432,105.18049160528895,104.2248472257928,1.1936759375250676,-1.571998170975063e-05,0.016887653570970013,5.443262479097481,0.9201706826597202,0.9118572608976441,1.160914400795595,2.4905713989795086,0.30972013127048786,649.3993583937909,28.821563994558506,0.5408559295100834,3.0,287.80804133640027,100707.9842984329,1.2189864820474041,340.18167304985855,-0.1260496598234578,-5.0672266227973456e-05,105.36111243281637,6765.962534819961
1.0234375,53.43305863616249,105.88381924712941,105.99596104594649,104.53547092564364,1.2316164083597825,-1.624881559816675e-05,0.017559046473513182,5.4406020208842385,0.9175102244464783,0.9116229597613607,1.1605717354743712,2.4894877571301053,0.3121192175483294,651.2442429346823,29.28449697590086,0.5410596091403133,3.0,287.80268511886493,100698.31976680347,1.2188921849702328,340.1784271820321,-0.10410912787008236,-5.832031030124238e-05,106.1762245188772,6870.523882579681
1.03125,54.2634594295667,106.69831479796667,106.81120333643084,104.16747949612132,1.269835883352434,-1.6800167713177156e-05,0.01804446324437136,5.437941562670996,0.9148497662332364,0.9113884293661285,1.1603329876657142,2.4894455829958573,0.3145176006947187,649.3993583937909,29.7495927907513,0.5412648064308937,3.0,287.7972875137078,100688.58055710558,1.2187971557065498,340.1751562333069,-0.08107599190916244,-6.0762313166616614e-05,106.99107395445075,6975.84030923034
1.0390625,55.10021244856637,107.50998551532778,107.62356355026387,103.79877525707977,1.3083232682400068,-1.7369334508044164e-05,0.018339775091595338,5.435288651856942,0.912196855419181,0.9111543356861458,1.1601997601907899,2.4904542450464406,0.31690750506993576,647.5544738528995,30.215066334736303,0.5414708472748149,3.0,287.7918486190843,100678.7668464467,1.2187013959023634,340.17186026316506,-0.05716098584617139,-4.972053470783048e-05,107.80301553099847,7081.563138752148
1.046875,55.94330588858174,108.32278345203832,108.43701488466753,104.44781359556615,1.3470701598938193,-1.7951588370352545e-05,0.018441346299230336,5.432631967343292,0.9095401709055324,0.9109196798962842,1.160173842735492,2.4925416283920776,0.3193006379192273,651.2442429346823,30.68297213755373,0.5416787360173245,3.0,287.7863685117242,100668.87877327474,1.2186049068260556,340.1685393181049,-0.032575570271650006,-5.219538430518746e-05,108.61603160432264,7188.210550471098
1.0546875,56.792758824707896,109.13668902840092,109.25155349190679,104.07772475974365,1.3860724884620765,-1.8542138849230998e-05,0.018348211977066455,5.42997150913005,0.9068797126922905,0.9106844606822447,1.1602556370232326,2.495711763409879,0.32169701722165894,649.3993583937909,31.153198158840368,0.541888480794434,3.0,287.7808470676394,100658.91611387084,1.2185076862113084,340.16519332298947,-0.007582318537018382,-4.044968907257636e-05,109.4301280546347,7295.786091207545
1.0625,57.64855914119898,109.94770941859113,110.06319692717254,103.70684532439569,1.4253271817761097,-1.9136119241808635e-05,0.01806200518870049,5.4273185983159955,0.9042268018782351,0.9104496791293778,1.160444197325922,2.4999451819654426,0.32408496617371885,647.5544738528995,31.62337822070613,0.5420990546835711,3.0,287.7752843655822,100648.87901033237,1.218409735360856,340.16182232554286,0.017570530272812114,-3.108015818586482e-05,110.24133268196412,7403.759009724416
1.0703125,58.51068767099777,110.75715025890841,110.87326926708499,103.67515184760192,1.4648335751562667,-1.972953913851113e-05,0.017585487525834307,5.424669461201534,0.901577664763773,0.9102150023993963,1.1607383824104238,2.5052338001102745,0.32646840531602306,647.5544738528995,32.09429863665545,0.5423107908845819,3.0,287.7696805301385,100638.7676874568,1.2183110563841206,340.1584264012639,0.04260899264826526,-1.1862195645449937e-05,111.05097902202843,7512.300867950808
1.078125,59.379138901839724,111.56631759573071,111.68309503284965,103.64285366389629,1.5045945838142236,-2.0319623887884036e-05,0.016923544074715184,5.422020324087071,0.8989285276493109,0.9099800963486829,1.1611360950186282,2.511559986699453,0.3288512561229652,647.5544738528995,32.566861221444256,0.5425240329655414,3.0,287.76403559713805,100628.58220989375,1.2182116498272164,340.1550055718657,0.06726079505228487,-2.2373744453919135e-05,111.86040085882225,7621.588472312096
1.0859375,60.253903705203705,112.37253644839284,112.49001163198402,102.92930532424683,1.5446157495631732,-2.0903745188925374e-05,0.016083739259241205,5.419378734371795,0.8962869379340352,0.9097456308697767,1.1616337914245698,2.5188816055479313,0.3312257188437784,643.8647047711166,33.039684479574795,0.5427380743319851,3.0,287.75834962591614,100618.32268470548,1.2181115166496848,340.1515598733052,0.09121125291372498,-1.5412282887230745e-05,112.66694493486803,7731.256640183594
1.09375,61.13495896687858,113.17844156825154,113.29667389177276,103.57673501139902,1.5849046252323902,-2.147917036288326e-05,0.015075233154400219,5.41673714465652,0.8936453482187596,0.9095109367064869,1.1622273985750966,2.5271646186860974,0.3335996233536935,647.5544738528995,33.51464564110786,0.5429536122414935,3.0,287.75262276671526,100607.98938298294,1.2180106594116198,340.1480893966294,0.11416963168544329,-2.3342025512182398e-05,113.47327450719403,7841.664698950292
1.1015625,62.022326353640906,113.98799424285306,114.10706491999422,103.88333320561524,1.6254740181506133,-2.2043044622344698e-05,0.013908996035666229,5.414084233842464,0.8909924374047042,0.9092750062171021,1.1629120007757354,2.536369945586333,0.3359847036981674,649.3993583937909,33.99455565258776,0.5431717226819868,3.0,287.7468548787013,100597.58205061116,1.2179090755463813,340.144594056493,0.1358462416683705,-2.806900220527776e-05,114.28338064860424,7953.367107215792
1.109375,62.9160204373426,114.79718610265753,114.91718507865026,103.50790844041626,1.6663389763344592,-2.2591589037727412e-05,0.012599129567738388,5.411431323028409,0.8883395265906489,0.9090388444016562,1.16368067580161,2.546418313999539,0.33836922478103976,647.5544738528995,34.4774505375773,0.5433913431204376,3.0,287.74104586715725,100587.10051668674,1.2178067632985636,340.1410737954973,0.15598776178734033,-2.3764154818195724e-05,115.09327145637285,8065.814979701299
1.1171875,63.816024460591166,115.60333441866854,115.72436125554901,103.13176047768488,1.7075152110583318,-2.3120799320673224e-05,0.011161200187371538,5.408785959613541,0.88569416317578,0.9088031237763756,1.164525717042652,2.5572259326627633,0.3407453478104574,645.709589312008,34.96215624964465,0.5436117430062467,3.0,287.73519584100615,100576.54497774581,1.2177037244987272,340.13752867964973,0.17430820237805958,-4.354404559446093e-05,115.90028051333668,8178.630973159212
1.125,64.72231800675823,116.40774289447542,116.52991225659444,103.09610313814443,1.7490204862038488,-2.3625736718995198e-05,0.009612277625675954,5.406144369898264,0.8830525734605044,0.9085675092197126,1.1654386553879486,2.568711461682359,0.34311696740904807,645.709589312008,35.44996791349226,0.5438332711649937,3.0,287.72930493295604,100565.9156732412,1.2175999613960753,340.1339587893714,0.19053995811189856,-5.305184772438903e-05,116.70573245264323,8291.994535775948
1.1328125,65.63489777244506,117.2130457876663,117.33648891130244,103.4013292505281,1.7908756650499666,-2.410058103570828e-05,0.007970910803197635,5.403499006483395,0.8804072100456355,0.9083313272088116,1.1664101042480606,2.5807877703924897,0.3454918926958306,647.5544738528995,35.94304359158646,0.5440566560686196,3.0,287.7233731644791,100555.21264191624,1.2174954742801236,340.1303641376743,0.204476601549954,-4.204465275504299e-05,117.51228326924715,8406.280729641385
1.140625,66.5537706398031,118.01788515494674,118.14274151331692,103.0232726455847,1.8331040843000506,-2.4540466057077163e-05,0.006257352850320708,5.400853643068527,0.8777618466307666,0.9080949138317994,1.1674293483448392,2.593344345130398,0.3478661675346687,645.709589312008,36.441027965980865,0.5442815284111127,3.0,287.71740049084127,100544.43580305483,1.2173902622735455,340.1267446974498,0.21589171635245333,-6.59916321832293e-05,118.31858715394456,8521.298485219591
1.1484375,67.47891555028663,118.81824042795915,118.9446508069584,102.30293263294166,1.8757288478028136,-2.4940603379526632e-05,0.004493204089412216,5.398219600752437,0.8751278043146775,0.9078592819891372,1.1684845299974276,2.6062524800829032,0.3502279818988217,642.019820230225,36.94178722586475,0.5445068170011541,3.0,287.7113870489231,100533.58540363843,1.2172843276976997,340.1231005516474,0.2245944762506818,-7.934162922960864e-05,119.12062710337348,8636.464198963069
1.15625,68.410297369778,119.61541756855672,119.74353251576595,102.26551953701961,1.9187733272333527,-2.5296460961432842e-05,0.002700772382016172,5.395593105835535,0.8725013093977749,0.9076240962338156,1.1695632878770472,2.6193919164323165,0.3525812097380037,642.019820230225,37.44650146927177,0.544733369920792,3.0,287.70533306709643,100522.66185573135,1.2171776744855625,340.11943183866043,0.2304270878442273,-0.00014399049663435664,119.9197207330774,8751.957482734799
1.1640625,69.34791198760796,120.41472137783501,120.54470836252072,102.91170380407716,1.9622638500089635,-2.560294012231214e-05,0.0009029108910312946,5.392959063519446,0.8698672670816858,0.9073880045872627,1.1706527392906771,2.632647347034145,0.3549415038205276,645.709589312008,37.958803685097536,0.5449621316962163,3.0,287.6992385720805,100511.66520754487,1.217070303017428,340.1157385746808,0.23330197085328744,-0.00042790963867928803,120.72119172272662,8868.551614929216
1.171875,70.29178634180691,121.21746239026714,121.34949649769874,103.21560641728207,2.00622950342993,-2.5854326505063207e-05,0.0008773946598714572,5.390313700104577,0.867221903666817,0.9071506659923622,1.1707010631952015,2.6355039720283933,0.35731274133783175,647.5544738528995,38.479730731951825,0.5451934958535424,3.0,287.69310338877824,100500.59514314099,1.216962210117268,340.11202065359964,-0.23322824409149817,-0.0004299043276177678,121.52635846168694,8986.44800199779
1.1796875,71.2419333196806,122.0196208734387,122.15387151609657,102.83457059549647,2.050698733647674,-2.604438318922461e-05,0.0026162931769096835,5.387668336689709,0.8645765402519481,0.9069130943293522,1.1697125510395456,2.6279945671019345,0.35968308095492724,645.709589312008,39.006669290370624,0.5454263170413887,3.0,287.68692743342206,100489.45151137326,1.2168533942171087,340.10827802465377,-0.2299266512098264,-0.00013636310648663697,122.33119329818244,9105.057367542466
1.1875,72.19833440938237,122.81851239928075,122.95514399853859,102.4529342133324,2.095697740285368,-2.616686640141689e-05,0.004289943238328338,5.385030520674026,0.8619387242362657,0.9066759680609201,1.1687690117364966,2.620930436755765,0.3620446065287881,643.8647047711166,39.537652282602714,0.5456598084508439,3.0,287.680710826339,100478.23452935461,1.2167438573443325,340.10451076076146,-0.223558882232905,-7.896299534647779e-05,123.13300377704587,9223.974949016558
1.1953125,73.16096750828056,123.61545829435897,123.75463743715852,102.41330983850712,2.14125207454014,-2.62157484735803e-05,0.005875584535062361,5.382396478357936,0.8593046819201766,0.9064389491047813,1.167882887408918,2.614439383041367,0.3644012014361232,643.8647047711166,40.073217363513294,0.5458943408684734,3.0,287.6744537111962,100466.94445631186,1.2166336019373474,340.1007189489849,-0.2141573491954315,-4.530788801412199e-05,123.93311059429936,9343.390745995815
1.203125,74.12982433277553,124.4117854009007,124.55367890082455,102.3731457390759,2.18738756914568,-2.6184753890493102e-05,0.0073514016933284914,5.3797624360418475,0.8566706396040875,0.9062016980499324,1.1670657907111508,2.6086409266121833,0.36675675682167497,643.8647047711166,40.6138225029452,0.5461302959596064,3.0,287.66815614183696,100455.58138939775,1.2165226288515159,340.0969026219532,-0.20184448606329497,-2.9061196426288095e-05,124.73283701072455,9463.500225444619
1.2109375,75.1049000387844,125.20749223900864,125.35226156501174,102.33235940721227,2.23412918698716,-2.6066360082624814e-05,0.008696816283468632,5.377128393725759,0.8540365972879984,0.905964214555286,1.1663283719386492,2.6036415738336327,0.3691112371721867,643.8647047711166,41.158960383687365,0.5463676683308539,3.0,287.6618181497479,100444.14538542525,1.216410938547763,340.0930617987472,-0.18671891488833856,-1.634267727251143e-05,125.53217079421253,9584.300001600013
1.21875,76.08618979534214,126.00258370101795,126.15038251916035,102.29084630356896,2.281500369831645,-2.5853395819731973e-05,0.009892938056360356,5.37449435140967,0.8514025549719093,0.9057264982790852,1.1656801940040178,2.599536957249325,0.3714646154042184,643.8647047711166,41.70806717191987,0.5466064533566405,3.0,287.65543976633023,100432.63650105348,1.2162985314849963,340.0891964983961,-0.16901234705109597,-2.436198092578656e-05,126.33110258040637,9705.787081046557
1.2265625,77.07368535452915,126.79573465429768,126.9467025272882,101.90524389261925,2.3295223701351664,-2.5539772619047137e-05,0.010922978474150821,5.371864082793174,0.8487722863554135,0.9054888899475414,1.1651295213527535,2.5964063140521207,0.37381293013733696,642.019820230225,42.25963170556593,0.5468462433329168,3.0,287.6490210451955,100421.05483301674,1.2161854085130477,340.0853067533885,-0.14894909942388235,-3.774841742571684e-05,127.12828501413924,9827.751566377914
1.234375,78.06736466048021,127.58562629569028,127.73988593207969,101.51854114995926,2.3782130096192162,-2.5121314477307394e-05,0.011772560550853309,5.369241361575864,0.8461495651381041,0.905251731622217,1.1646832843799446,2.5943155275772765,0.37615222759774986,640.1749356893337,42.81212501586377,0.5470866211160149,3.0,287.64256212970685,100409.40063999334,1.2160715720631878,340.08139265060237,-0.12680481368063615,-2.991484463011873e-05,127.92237341006911,9949.978847672706
1.2421875,79.06720930503113,128.37495747454952,128.53262405141706,101.81768880111066,2.427587777211405,-2.459612050034807e-05,0.01242938426353818,5.3666186403585545,0.8435268439207948,0.9050143414935119,1.1643475241183863,2.5933318262487437,0.37849039946421714,642.019820230225,43.366837844253176,0.5473283880425686,3.0,287.63606313951726,100397.67413788023,1.2159570241486228,340.07745426254746,-0.10289045060909828,-3.13372810011992e-05,128.71605151260562,10072.879717407237
1.25,80.07322895501069,129.16643321125733,129.3276125915064,102.11570243560955,2.477661626647491,-2.3963330448475313e-05,0.012883844149728018,5.363988371742059,0.840896575304299,0.9047760350809979,1.164126935599538,2.5935090051854015,0.38083534917095035,643.8647047711166,43.92518555324825,0.547572367010791,3.0,287.6295240117924,100385.87521330168,1.2158417635656846,340.07349155114616,-0.07753664377075224,-1.7889862811178028e-05,129.512006898665,10196.875759665789
1.2578125,81.08542655474277,129.95473386694792,130.11949613355668,101.03701560515461,2.528445778002058,-2.3222492343469236e-05,0.013130125286914427,5.36136565052475,0.8382738540869896,0.9045381796552944,1.1640239449643082,2.5948576530901377,0.38317129086919044,638.3300511484423,44.483041938418204,0.5478169136590354,3.0,287.62294472739416,100374.0038317257,1.2157257898801541,340.0695045048009,-0.051130429617319895,-3.758810470425816e-05,130.30487102635053,10321.122567132059
1.265625,82.10375653218058,130.73722106460633,130.90560628403432,100.6445169637295,2.5799438684637,-2.2375712236114994e-05,0.013165342321716688,5.358758024105813,0.8356662276680532,0.9043014623620655,1.164039708879054,2.597382465169884,0.38549034291675244,636.4851666075507,45.0382135917926,0.5480611781384248,3.0,287.6163255825408,100362.06052763606,1.2156091082163476,340.0654933030197,-0.02408343611071662,-3.685478608591162e-05,131.09196362753565,10445.183822287829
1.2734375,83.12820153149418,131.52197296882827,131.6940231118051,101.62709422145949,2.6321584111064964,-2.142606300063138e-05,0.012988787473051492,5.35614285028769,0.8330510538499303,0.9040638284324773,1.1641749281035016,2.601110996710243,0.3878162482365152,642.019820230225,45.59630037731611,0.5483076518546797,3.0,287.6096666900453,100350.04550458753,1.2154917204656628,340.06145801416744,0.003193149783631594,-1.5590849867912266e-05,131.88135881689365,10570.337049561784
1.28125,84.15879336316499,132.30903016749645,132.48476319851227,101.2310715202942,2.685092548763225,-2.0376781752239416e-05,0.012603996484596185,5.353520129070381,0.830428332632621,0.9038252755181603,1.1644278399388168,2.6060256442065652,0.39014902545591157,640.1749356893337,46.15739185256995,0.5485563501903888,3.0,287.6029678431394,100337.95838949649,1.2153736228850742,340.0573985129425,0.030250205778567702,-1.7712472916521647e-05,132.67306262889707,10696.589271457931
1.2890625,85.19551878540638,133.0917317468611,133.27111960138592,100.48880846221185,2.738741819935454,-1.9230384625073277e-05,0.012018422152880282,5.350908728951851,0.8278169325140913,0.9035875199895762,1.1647944304115532,2.6120691042197697,0.3924689111657227,636.4851666075507,46.716846109843914,0.548805160599554,3.0,287.59622912789484,100325.79933766689,1.2152548168932693,340.0533148515043,0.05664679554392643,-3.165188926591286e-05,133.46035421806457,10822.856541632736
1.296875,86.23834043202027,133.8701170598503,134.05310640538877,100.0894582823083,2.793096013424292,-1.7991350368040764e-05,0.011242340136645438,5.348308649932101,0.8252168534943414,0.9033505645245516,1.1652696227545547,2.6191905823000305,0.39477591819794383,634.6402820666593,47.27495375244882,0.5490540599807217,3.0,287.5894507871918,100313.56878734162,1.21513530667341,340.0492071770383,0.08192201213214742,-3.109668950210767e-05,134.24323799579813,10949.126718152462
1.3046875,87.28723870574983,134.64824912202258,134.8347743230005,100.37832822857857,2.848142908011065,-1.6665230532831506e-05,0.010288937975429225,5.345708570912351,0.8226167744745915,0.9031133785557782,1.1658470535830323,2.6273367502725407,0.39708193794171154,636.4851666075507,47.83510459424022,0.5493043182579415,3.0,287.5826329484126,100301.26696836366,1.2150150943723579,340.04507556673803,0.10562423621644776,-2.9145521089858976e-05,135.0257575935761,11076.050392294801
1.3125,88.34221524839077,135.42481554891893,135.61478272679395,99.63085252548638,2.9038687238300893,-1.525784940204732e-05,0.009175185720878911,5.343112265592195,0.8200204691544348,0.9028763064959142,1.1665180661881382,2.6364175969222403,0.399383001643274,632.7953975257678,48.396875398773815,0.5495554992870778,3.0,287.57577560088544,100288.89386147753,1.2148941797024688,340.0409200141366,0.1273194552353746,-3.3912495528623136e-05,135.8065633167863,11203.403409513521
1.3203125,89.40324394609465,136.19850052902652,136.39178896667667,99.57244833779282,2.9602541667249014,-1.3775855732036486e-05,0.007920965098028407,5.340523507671225,0.8174317112334647,0.9026396940971189,1.1672723599878123,2.6463266589069345,0.40167513725779347,632.7953975257678,48.959985308925944,0.5498083149221434,3.0,287.56887891435036,100276.44977295486,1.2147725655568766,340.0367406220963,0.14660874639686924,-2.1866348170328245e-05,136.58430446207325,11330.956451198457
1.328125,90.47030936235214,136.96932159594272,137.16579000137216,98.8222200640367,3.017278011493471,-1.2225342098790645e-05,0.006548666157142555,5.337942297149441,0.8148505007116811,0.9024035430318121,1.1680981890066013,2.656946459747892,0.40395831752811784,629.1056284439849,49.524991081976815,0.5500620075126726,3.0,287.5619429891447,100263.93488384005,1.21465025360479,340.0325374514217,0.1631139744709935,-2.671711335824696e-05,137.35897173369304,11458.699005007822
1.3359375,91.54337866983502,137.73594649182266,137.935431459388,98.41657181627326,3.0749151269558213,-1.0611047484599247e-05,0.005083077254264785,5.335372407726437,0.8122806112886772,0.902168200721862,1.168982202149214,2.66814001427352,0.4062285429491435,627.2607439030935,50.09143316299698,0.5503156855299334,3.0,287.55496803864605,100251.34957914267,1.214527247508737,340.0283106314195,0.176513313224756,-4.669156056595471e-05,138.12920518926032,11586.393993182463
1.34375,92.62242611586802,138.499725261057,138.70205227277947,98.01021542066414,3.133138927729163,-8.93927140303571e-06,0.003550727899682057,5.3328100657026205,0.8097182692648599,0.9019333237533523,1.1699099234387085,2.679765996853561,0.4084897417157658,625.4158593622021,50.66084251780839,0.5505697674835885,3.0,287.54795423024683,100238.69416089842,1.2144035501203712,340.0240602635296,0.186546571693016,-4.285450815905388e-05,138.89634055419518,11714.254089031909
1.3515625,93.70743296955314,139.2620030471212,139.4669895300746,97.94929902521885,3.1919218064717647,-7.215204447715156e-06,0.001979560184293829,5.330251497378396,0.8071597009406358,0.9016985673808072,1.1708657392091413,2.6916717182833403,0.41074584037621226,625.4158593622021,51.23466133362084,0.5508246815803033,3.0,287.54090168569786,100225.96884878936,1.2142791634863448,340.0197864215329,0.19300678669434332,-9.138374175026077e-05,139.66171291825273,11842.496788446588
1.359375,94.7983909819401,140.0227706361721,140.23022573841217,97.54195641130596,3.25123586657562,-5.443118817710316e-06,0.000398543923279724,5.327696702753765,0.804604906316005,0.9014639322768169,1.1718329924722306,2.703690601954137,0.4129967846392437,623.5709748213105,51.81316422845429,0.5510804123305548,3.0,287.5338104586174,100213.17373956183,1.2141540884514093,340.01548913792215,0.19573125699134686,-0.00038601015636804725,140.42530374150155,11971.11367562714
1.3671875,95.8952812800298,140.78066526280816,140.99039004359548,97.13433043516393,3.311051779749951,-3.626234113530327e-06,0.0011628859865280908,5.3251494555283205,0.8020576590905606,0.901229766193653,1.1714194994214249,2.7018973322777184,0.4152385430096062,621.7260902804192,52.39539428003095,0.5513364885816674,3.0,287.5266806716798,100200.30905456451,1.2140283270780434,340.01116848703793,-0.1946268867115986,-0.0001402954625395994,141.18574220955136,12099.864506264208
1.375,96.99807783064281,141.5343178110479,141.74610876259266,96.38002429006463,3.37133955525475,-1.7680041000581822e-06,0.002675193180729891,5.322613529401656,0.799521732963896,0.9009964182105407,1.1705691550408608,2.695727368303201,0.4174670791228174,618.0363211986363,52.980137939162354,0.5515924286979548,3.0,287.5195124941008,100187.37509912295,1.213901882249586,340.0068245714251,-0.18969528937955585,-5.9508939720656033e-05,141.94165593565702,12228.50383924703
1.3828125,98.10674388978258,142.28370528165817,142.49736168739125,95.97218054825618,3.4320687438259445,1.2789438398615338e-07,0.0041098180687428295,5.3200889243737715,0.7969971279360111,0.9007638909870578,1.1697692143494773,2.6900532336241954,0.4196823418136673,616.1914366577448,53.567011649451764,0.5518482025767397,3.0,287.5123061647164,100174.37230418265,1.213774758077588,340.00245753581817,-0.18103586849388353,-4.984984742846733e-05,142.69302760103415,12357.016067259752
1.390625,99.22125306567293,143.03015100318746,143.24548243122717,95.56426503087928,3.493210530875376,2.0576046172112294e-06,0.0054393922042459365,5.317571866745073,0.7944800703073127,0.9005318391090622,1.1690347880589367,2.6850294894987448,0.421888266462318,614.3465521168533,54.156535335031194,0.5521042440586956,3.0,287.5050618550731,100161.30097927492,1.2136469574867752,339.99806748417427,-0.16875290467699228,-1.6464458575265086e-05,143.4411952914365,12485.62154821184
1.3984375,100.34159282622754,143.77768203052702,143.9945184364079,96.19716475232865,3.554738491116591,4.017496156871846e-06,0.006638143449618664,5.315051035416781,0.7919592389790211,0.9002992190462886,1.1683799541842688,2.6808073513798014,0.42409677502291293,618.0363211986363,54.75127871005381,0.5523619309525991,3.0,287.4977796466295,100148.16127138014,1.213518481812527,339.9936544658575,-0.15309352991169967,-2.010268171326903e-05,144.19021238722476,12615.02055205889
1.40625,101.46778561380032,144.52761914669023,144.74580806310016,96.13581208655737,3.61663054523543,6.002940243114983e-06,0.007682974555036318,5.312522656689303,0.789430860251543,0.9000656807639515,1.1678169636019922,2.677512828380406,0.426311824536301,618.0363211986363,55.3516465272546,0.5526217335207659,3.0,287.49045939351026,100134.95291728711,1.2133893283789463,339.98921839246725,-0.13435191036414396,-8.046415076383059e-06,144.94142401556363,12745.451452451529
1.4140625,102.5998360154603,145.27722587583793,145.4966269448957,96.07421564936882,3.678865761036001,8.009831035850758e-06,0.00855378977095346,5.309994277961825,0.7869024815240648,0.8998319200809134,1.1673560876924927,2.6752416761157924,0.4285254250532697,618.0363211986363,55.95477889942111,0.5528827195000712,3.0,287.48310106589946,100121.67586319719,1.2132594965568917,339.98475924593504,-0.11285212566847173,-5.180252757839257e-06,145.69211346749788,12876.439465359279
1.421875,103.73773426934466,146.02376097324694,146.2442498616231,95.31735677308598,3.7414251296185435,1.0035095035292844e-05,0.009234027027468047,5.307473446633534,0.7843816501957732,0.8995986354689852,1.167005619544407,2.674069840754217,0.43072958725337296,614.3465521168533,56.557791878054196,0.5531439371819646,3.0,287.47570472724925,100108.33022360066,1.2131289873623312,339.98027706471305,-0.08906899651117238,1.897223634852595e-05,146.43956441437123,13007.500202404763
1.4296875,104.88144214065454,146.76448221034474,146.9859538083152,94.55987307961429,3.8042910995815036,1.2073193054842494e-05,0.00971089445169219,5.304967710103615,0.7818759136658546,0.8993665280524571,1.1667718355621757,2.6740530750971856,0.43291633055577416,610.6567830350704,57.15783331689383,0.5534044164954431,3.0,287.4682706260857,100094.91644692766,1.2129978050768222,339.9757719994079,-0.06342744854955507,2.546069294073023e-05,147.1810636918502,13138.140257985873
1.4375,106.0309281971151,147.50477827943692,147.7271661473636,95.1926454685781,3.8674503033863603,1.4117777006973288e-05,0.009975165173082457,5.302461973573696,0.779370177135936,0.899134201266121,1.1666596108494662,2.6752540958334525,0.4351016498610567,614.3465521168533,57.75878951684783,0.5536660458072522,3.0,287.46079896671876,100081.43490182607,1.2128659532019788,339.97124417383156,-0.03649245385475795,3.995842169592222e-05,147.92204924535028,13269.319119530512
1.4453125,107.18621369737073,148.24868239946144,148.47195724640844,95.47685319821352,3.930896818841682,1.6161433012533307e-05,0.010022325953707103,5.299944915944998,0.7768531195072377,0.8989006036381014,1.1666713424163297,2.677707387782283,0.43729755048823027,616.1914366577448,58.36370853582118,0.5539302709262319,3.0,287.4532896109671,100067.88533896765,1.2127334291952407,339.96669350424605,-0.00882369011812908,1.0765014017786612e-05,148.66660231698975,13401.77077608167
1.453125,108.34731257114014,148.99209175955795,149.2162456251025,95.06414096963935,3.9946284130860916,1.81993691097812e-05,0.009852805144214332,5.2974278583163,0.7743360618785393,0.898666784023598,1.1668064961206481,2.681397120970501,0.43949206014256437,614.3465521168533,58.96917441994946,0.5541956598265563,3.0,287.44574246828756,100054.26759498012,1.212600231353774,339.96211993578225,0.018998136083342682,1.128827299405363e-05,149.4106524610105,13534.766744946484
1.4609375,109.51419961661917,149.7295436090921,149.95458749296466,93.95405759875271,4.05864459549696,2.022965979172865e-05,0.00947186620093398,5.294925895485974,0.771834099048214,0.8984341463189689,1.167062011707138,2.6862786538816907,0.4416691981829079,608.811898494179,59.570772306029696,0.5544602631036347,3.0,287.43815770249194,100040.58196543841,1.2124663624632752,339.95752356771015,0.046345981927197424,2.5554241108420057e-05,150.14876685039755,13667.316214900931
1.46875,110.68682108985544,150.46100492329654,150.68697950111317,93.53986263278013,4.122947305858006,2.2251405891459824e-05,0.008889017692849877,5.292439027454022,0.7693472310162617,0.8982026941909811,1.1674329644717392,2.6923027028075808,0.4438289853702095,606.9670139532875,60.16873769458325,0.5547240521480973,3.0,287.43053566291593,100026.82908066902,1.2123318285842142,339.95290461172704,0.07263153156710485,4.33534029118438e-05,150.88095272747842,13799.404558075898
1.4765625,111.8651406624862,151.18779837886882,151.4147756020065,92.77637749799122,4.18754379581034,2.426338486006742e-05,0.008118019731181505,5.289963480520849,0.766871684083089,0.897972079582097,1.1679122961640294,2.6994021658193232,0.445975433417445,603.2772448715046,60.76462845499345,0.5549874896399705,3.0,287.4228765856938,100013.00936674277,1.2121966337796033,339.94826321093046,0.09728794589212102,4.062966945902242e-05,151.60857402500238,13931.266618459202
1.484375,113.0491181950327,151.9098899887371,152.13796848499737,92.36103955281769,4.252445024002874,2.6265349584464156e-05,0.007177124364363915,5.287499254686456,0.7644074582486962,0.8977423051499788,1.1684904529604503,2.707481478104715,0.4481085473802358,601.4323603306132,61.35902302372914,0.5552505526576127,3.0,287.4151807317323,99999.12329442849,1.2120607825501224,339.9435995234297,0.11968092836086194,5.2602675737746766e-05,152.3316325736527,14062.890554525355
1.4921875,114.23872389830154,152.6286043451573,152.8579099067173,91.94533269369286,4.317666289581922,2.825829494206509e-05,0.006088691017657032,5.28504257625125,0.7619507798134898,0.8975130211802749,1.1691556459356462,2.7164262475537138,0.45023232737862123,599.5874757897218,61.95379030100795,0.5555140928852469,3.0,287.40744829466104,99985.17121310346,1.2119242782092188,339.9389136665646,0.13930029390559673,6.97697061236877e-05,153.05148826665757,14194.516502432642
1.5,115.43393479600734,153.34526755035716,153.57595036093335,91.87848075747812,4.383226610204359,3.0244530078552436e-05,0.0048784770735481485,5.282589671515637,0.7594978750778767,0.8972838766465174,1.1698940743377833,2.726101976912658,0.452350766612532,599.5874757897218,62.551111415190206,0.5557812848648837,3.0,287.39967942382594,99971.15339224103,1.2117871232887363,339.9342057308385,0.15567730561615153,4.576613241564604e-05,153.76949856016697,14326.388823426276
1.5078125,116.63474181760941,154.06120672413047,154.29343812900825,91.81167209832623,4.449148751743134,3.2230236691531976e-05,0.003575101280392042,5.280136766780024,0.7570449703422636,0.8970545192130811,1.1706901226106792,2.7363560339759805,0.4544678481435922,599.5874757897218,63.15250530695818,0.5560495458563117,3.0,287.3918741781855,99957.06993822343,1.211649318724715,339.9294757519804,0.1684208024870065,4.82152130473732e-05,154.48701736558195,14458.755830432483
1.515625,117.84113918441285,154.77639103841324,155.01035670625697,91.74503040824283,4.515457972920719,3.422618497356094e-05,0.00220979332619728,5.277683862044411,0.7545920656066505,0.8968249485831176,1.1715263263847873,2.7470137780166968,0.4565835355539026,599.5874757897218,63.758569155559464,0.5563188690242149,3.0,287.3840325953013,99942.9209188251,1.211510865075113,339.9247237527526,0.17716954025112103,7.494334299088532e-05,155.20403219321543,14591.613502720365
1.5234375,119.05312088915014,155.49079301106187,155.72668874957995,91.67862076344665,4.582181176755407,3.624508026400759e-05,0.0008153376249514088,5.275230957308797,0.7521391608710374,0.8965951644592279,1.1723839518328263,2.7578878737359833,0.4586977851590709,599.5874757897218,64.36972937729222,0.5565892465183415,3.0,287.3761547142205,99928.70640450116,1.2113717629237628,339.91994975681763,0.18174961441213844,0.00023579449322825576,155.9205280848349,14724.957311338003
1.53125,120.27067717884778,156.20302732505908,156.44105113560337,91.2627207677715,4.6493459958857235,3.82998263402731e-05,0.0005746314488967633,5.2727818262727775,0.7496900298350175,0.8963655205507604,1.1725647021443095,2.7619918159354917,0.4608065295774737,597.7425912488302,64.98500160509126,0.5568601522959152,3.0,287.3682405983375,99914.4265096377,1.211232013284086,339.9151538025925,-0.18195342153090233,0.0003635718352334032,156.63512237456587,14858.52319746498
1.5390625,121.49378040258046,156.9103514405213,157.15069553457263,90.49715872298718,4.716979062893606,4.039929311092887e-05,0.0019263960262247098,5.270344016335538,0.7472522198977775,0.8961367262167347,1.1718092444087729,2.7567251819203817,0.4629016792328638,594.0528221670475,65.60191269051707,0.5571305306026962,3.0,287.3602904273832,99900.08155853373,1.2110916192237224,339.91033599899424,-0.17784470988241205,0.0001014372665390858,157.3450653225414,14991.78196158253
1.546875,122.72238150463303,157.61002872225757,157.85287482310588,89.38173397862707,4.78510508571888,4.254973352046308e-05,0.0032072182030645534,5.267925074896263,0.7448332784585037,0.8959094934329139,1.1710991208201558,2.7518962738724184,0.46497514276085616,588.518168544373,66.21767351671106,0.5573993067900525,3.0,287.3523045202199,99885.67212653054,1.2109505862676724,339.90549653925325,-0.16948816828344443,5.22696648930087e-05,158.04760677853898,15124.195204153908
1.5546875,123.95642428815188,158.30478621037747,158.5503155246066,89.31674608989556,4.853747216073304,4.4756427348618654e-05,0.004385990505776624,5.26551745455577,0.7424256581180095,0.8956831168261921,1.1704519025795386,2.747687857533465,0.46703493074372826,588.518168544373,66.83409407306428,0.5576674889432187,3.0,287.344283242127,99871.19887272308,1.2108089207615087,339.90063564472894,-0.15705578788511007,3.5107661961950594e-05,158.7454698280852,15256.267587343726
1.5625,125.19589164810178,158.99872221172024,159.2471150096104,89.25137619885226,4.922929974105536,4.7023786308562065e-05,0.005433778317340779,5.263109834215276,0.7400180377775154,0.8954565331065883,1.1698837121981691,2.7442717909158074,0.46909308434883396,588.518168544373,67.45409854500498,0.557936631872222,3.0,287.3362267042873,99856.66199772473,1.210666624563726,339.89575338279815,-0.14086520048069082,3.5601897050319606e-05,159.4427473114074,15388.777211863111
1.5703125,126.44077722428214,159.6918530911603,159.94327284724588,89.18527862711777,4.99267643071788,4.9357022872451974e-05,0.006325006380729283,5.260702213874781,0.7376104174370213,0.89522974198974,1.1694083501386558,2.741786081489158,0.4711495821932461,588.518168544373,68.07691691056019,0.5582067301543744,3.0,287.32813494804213,99842.06157613001,1.2105236982991259,339.89084977851354,-0.12133653163279526,5.766325072586748e-05,160.13943186445402,15521.720797467744
1.578125,127.69106771033977,160.3814740547622,160.63605468634398,88.41699721689609,5.0630061800166475,5.176338150335797e-05,0.007038364544534453,5.258302140933473,0.7352103444957137,0.8950034551105414,1.1690369640521832,2.740335089416418,0.4731963529104883,584.82839946259,68.69929786218509,0.5584767141773348,3.0,287.32000805988275,99827.39776400012,1.2103801433897583,339.88592488428895,-0.09895157187575133,3.7794978970838704e-05,160.8327800608537,15654.562420313849
1.5859375,128.9467287110246,161.06762198906654,161.32547181567847,88.34871673872446,5.133933594934086,5.425198472701913e-05,0.007556905593837609,5.255909615391353,0.7328178189535925,0.8947776741345943,1.1687784171550266,2.740007430204323,0.47523340190147123,584.82839946259,69.32048892541907,0.5587465682959782,3.0,287.3118462633783,99812.67096473371,1.2102359636791216,339.88097883560727,-0.07426565614943527,4.6213236409733315e-05,161.52279381364758,15787.293917952387
1.59375,130.20774036590242,161.75033824389524,162.01153642543144,87.57700507012957,5.205470254178063,5.6831311696365995e-05,0.007868466831502722,5.253524637248418,0.730432840810658,0.8945524007261794,1.1686389943121787,2.740865935859993,0.47726073474956865,581.1386303808073,69.93986813092594,0.559016276975816,3.0,287.3036496876216,99797.8814112604,1.2100911613420566,339.87601171069866,-0.04793079592564782,4.10250196723741e-05,162.20947507280104,15919.907165740364
1.6015625,131.47406894011547,162.42967314600614,162.69426699862333,87.50528581727818,5.2776222262501395,5.95093720494473e-05,0.00796655676093954,5.25114720650467,0.7280554100669099,0.8943276365482277,1.1686219719816624,2.742943354334347,0.4792783739002936,581.1386303808073,70.55701371570662,0.5592858270264054,3.0,287.2954185518892,99783.02949923353,1.2099457401468006,339.87102364244487,-0.020663382495390258,4.286094383248573e-05,162.8928315471792,16052.395247026448
1.609375,132.74569889629643,163.1070449843499,163.37505233524644,87.0802757879699,5.350392488590234,6.2293393992155e-05,0.007850026506232316,5.248773549460515,0.7256817530227551,0.8941030260095876,1.1687279318538835,2.7462490584429586,0.481290374314034,579.2937458399157,71.17299490186817,0.559555747486853,3.0,287.28715295717404,99768.11541088036,1.2097997017720947,339.8660146920475,0.006894998461161113,3.584382730158703e-05,163.57424142775452,16185.02249447434
1.6171875,134.022607983825,163.78113960125572,164.0525391846802,86.65311377759801,5.4237787269774405,6.518902755049205e-05,0.007523628131383335,5.246407439815547,0.7233156433777868,0.8938789273790101,1.1689542155136599,2.7507528813464974,0.4832927205818169,577.4488612990243,71.78662072629821,0.5598254870610122,3.0,287.27885304810513,99753.13940716341,1.2096530486676742,339.8609849471517,0.03391936774045061,7.257468244738146e-05,164.25234003472485,16317.51270944823
1.625,135.30477436904923,164.45337783835956,164.72811789429127,86.57538164509859,5.497773937590225,6.820389478584421e-05,0.006997659100684058,5.244045103870172,0.7209533074324117,0.8936549844197496,1.169295415621363,2.756404312016135,0.4852894734503973,577.4488612990243,72.3994684261037,0.5600955802503,3.0,287.2705189666012,99738.10174415482,1.2095057832355176,339.8559344937603,0.05970089124611969,4.842149644185273e-05,164.92850749946965,16450.13291747278
1.6328125,136.5921801682023,165.1210675505901,165.399054019935,85.44093413300097,5.572366871908178,7.134490618995605e-05,0.006288219012571589,5.241694089023577,0.7186022925858164,0.8934319142642521,1.1697427687364168,2.7631085447216472,0.4872725552606678,571.91420767635,73.00950050812595,0.5603649186168074,3.0,287.26215082890667,99723.0026316012,1.2093579074240248,339.8508634023175,0.0835085528019163,4.524311239017184e-05,165.5999986175914,16582.328355213343
1.640625,137.8847721844281,165.78151245785668,166.0626113098784,84.65685035378591,5.647539073363506,7.461504322456842e-05,0.005416494979975545,5.239361942674948,0.7162701462371873,0.8932104366097133,1.1702847081672552,2.7707427155754183,0.4892338855420577,568.224438594567,73.61478386217019,0.5606323756742311,3.0,287.2537489808012,99707.84269341252,1.2092094272381642,339.8457718823655,0.10467689414795978,3.0630979997505424e-05,166.26406746304946,16713.535584270496
1.6484375,139.1825260835425,166.44571317462805,166.72979568603645,86.33576312628952,5.72327060326025,7.801365409525994e-05,0.004407771445279038,5.237018475227539,0.7139266787897786,0.892987685125642,1.1709081297693231,2.7792044464368115,0.49120583474900587,577.4488612990243,74.22637247794555,0.5609023566599332,3.0,287.2453135804569,99692.62221498798,1.2090603453681423,339.8406600297569,0.12260365784925355,7.380041201431576e-05,166.93171509156986,16845.957188786724
1.65625,140.4855069988501,167.1178030468145,167.40472809726245,86.60538891624444,5.799545436882702,8.153961565052865e-05,0.0032913979249304223,5.23465236558257,0.7115605691448103,0.8927625791091882,1.1715970908780835,2.788345117688953,0.4932005139005877,579.2937458399157,74.8489899332519,0.5611765472995586,3.0,287.23684420450746,99677.34043242308,1.2089106542257373,339.83552758793155,0.13677228890949428,7.730924493852115e-05,167.6070568480452,16980.434911580025
1.6640625,141.79373018281788,167.78544819890774,168.0750179481553,85.11295735193225,5.876340708630816,8.519098826267298e-05,0.002100495382880413,5.232297577036382,0.7092057805986217,0.8925383480224196,1.1723322817581119,2.797939337356923,0.4951814406337116,571.91420767635,75.47163084616537,0.5614499402735033,3.0,287.22834075381166,99661.99716683192,1.2087603519515195,339.8303744968099,0.14677313327721325,8.768785355895068e-05,168.27769441442405,17114.46458070942
1.671875,143.1071216198596,168.4404179155909,168.7323973230363,83.26818146384586,5.953624435880568,8.896240093955954e-05,0.0008699856671627046,5.229976751786532,0.7068849553487724,0.8923171534659435,1.1730932539562433,2.8077610049029977,0.4971242714948928,562.6897849718927,76.08683892986507,0.5617191334682079,3.0,287.2198037094709,99646.59328629333,1.2086094469421524,339.82520104793934,0.15226561764927135,0.00021673015262383116,168.93535550656233,17246.34577160978
1.6796875,144.42557869262197,169.08270716224504,169.37685493194564,81.77671457417635,6.0313613048824255,9.284615119491873e-05,0.0003640730972980478,5.227689889833022,0.7045980933952624,0.8920990037951254,1.1734295230053449,2.8133051921021943,0.499028969516994,555.310246808327,76.69471207256251,0.5619840602646712,3.0,287.2112337384979,99631.12999433685,1.208457950882439,339.82000764552976,-0.1531091963002507,0.0004981909097228334,169.58002823660573,17376.04586508605
1.6875,145.74902375976407,169.71917428225476,170.01526766479302,81.69746487162881,6.109517676179493,9.683533363244179e-05,0.0015655402088298083,5.225418122677885,0.7023263262401254,0.8918821049996157,1.1727618384009952,2.808797334013795,0.5009157760795278,555.310246808327,77.3021565584723,0.5622507056254638,3.0,287.2026313455615,99615.60820156532,1.2083058725894689,339.81479459541026,-0.149298733827799,8.001928258899625e-05,170.21859155806524,17504.95005547858
1.6953125,147.07743989220396,170.35529586945057,170.6531313804583,81.61881631729212,6.18806492190647,0.00010092799059743124,0.0026991098477942474,5.223146355522749,0.7000545590849884,0.891665017527195,1.1721376950909919,2.804726775637969,0.502800872886129,555.310246808327,77.91416334438495,0.5625215014280704,3.0,287.1939966407007,99600.0281065285,1.2081532139049291,339.8095619642646,-0.14095977426411585,2.4014117563938515e-05,170.85654437068538,17634.179394588995
1.703125,148.410831457319,170.99379748068142,171.29318902728906,82.2471226326106,6.266977069492606,0.00010512675533582357,0.0037313765575531913,5.220867040968425,0.6977752445306649,0.8914470189679324,1.1715763684667737,2.8012934949884127,0.504692344667753,559.0000158901098,78.53240952081086,0.5627942049544123,3.0,287.1853295955274,99584.38965800437,1.207999974223006,339.80430973488956,-0.1282837612210965,2.3524957827578476e-05,171.4966338083088,17764.301247114206
1.7109375,149.74921333348414,171.63051545710465,171.9312828114892,81.10906704100827,6.346230768163898,0.00010943456919973012,0.004632069241123402,5.218591500113694,0.6954997036759346,0.8912291913764424,1.1710944130529306,2.7986522167648817,0.5065779715716601,553.4653622674355,79.15216083115818,0.5630670549751875,3.0,287.17663011333235,99568.69268149452,1.2078461517292758,339.7990378486794,-0.11170580522353822,1.7670275350473113e-05,172.13470733538577,17894.456621912293
1.71875,151.092528428179,172.2557772675042,172.55773879351472,79.26453307497651,6.425800091640641,0.00011385386157359195,0.005375298218920402,5.216346148855711,0.6932543524179503,0.8910140674215081,1.1707053304220894,2.7969126300058123,0.5084293028444214,544.2409395629782,79.76310379136305,0.5633359034409344,3.0,287.16789856521683,99552.93784659855,1.207691752880984,339.7937465305214,-0.09173337768957891,-1.6195920232499106e-05,172.76109765940703,18022.623673224596
1.7265625,152.44068710798103,172.87230438232388,173.1753137271458,78.83476548217776,6.505660216503108,0.00011838737324821867,0.005939587952032191,5.214123439795285,0.6910316433575255,0.8908009302997544,1.1704208461134873,2.796199158137329,0.5102544762735247,542.3960550220868,80.3670534717512,0.5636018855493083,3.0,287.1591355337981,99537.12620456627,1.2075367878771202,339.7884361334817,-0.06896273091153479,-2.8763751321394505e-06,173.3785705230897,18149.35563682608
1.734375,153.79364969119663,173.48556999034625,173.7895264472005,78.40462908871925,6.585793913273149,0.00012303815100195433,0.006309152940287651,5.211908278134048,0.6888164816962873,0.8905883360361838,1.1702497080067122,2.796613719705284,0.5120697624468126,540.5511704811953,80.96872165973306,0.5638673450487841,3.0,287.1503412770072,99521.25822079748,1.2073812611765389,339.78310681386637,-0.044144536246924236,5.4107570206635295e-06,173.9926547896165,18275.794450589332
1.7421875,155.15137976597052,174.09139639665813,174.3962243521919,76.91223599078805,6.666188640574891,0.00012780825427066952,0.006474399267997078,5.209711984970776,0.6866201885330152,0.8903773741404868,1.1701966451194754,2.798192709789886,0.5138629696412502,533.1716323176295,81.56345912427695,0.5641304750771897,3.0,287.1415160315212,99505.3343223422,1.2072251768629183,339.77775871510187,-0.018011152583560338,-3.8958476839270194e-06,174.59920811139042,18401.059421244165
1.75,156.5138118863173,174.69112699014335,174.9967910943981,76.83547475535829,6.746834600996695,0.0001326963865851165,0.006431786490711786,5.207530786605877,0.6844389901681162,0.8901676860372949,1.1702635290086392,2.8009584297134427,0.5156382010354948,533.1716323176295,82.15232746564728,0.564391847887842,3.0,287.13266022273893,99489.35527677217,1.2070685423586565,339.7723920949798,0.00859593235255631,-2.2691815908260374e-05,175.1996250213822,18525.42929542383
1.7578125,157.8809234233637,175.28886014312963,175.59537241626063,76.40362435884477,6.827729937090993,0.00013770421703737003,0.006184373655597288,5.2053533619405705,0.6822615655028104,0.8899581854409323,1.1704489190844942,2.804907336435619,0.5174076900467519,531.326747776738,82.73945909913562,0.5646532471785832,3.0,287.1237739977481,99473.32134948614,1.2069113601646355,339.7670070426353,0.034840195248526294,-2.287900243766042e-05,175.79806226802845,18649.77286853091
1.765625,159.25268782808038,175.88179421006745,176.18919693782576,75.61675595123937,6.908877461976307,0.00014283413669279908,0.005741894130398021,5.203187258374045,0.6800954619362843,0.8897496001243559,1.1707473105164994,2.809977103921435,0.5191633104014696,527.6369786949551,83.32234269690284,0.5649134581679264,3.0,287.11485752911744,99457.23285185976,1.206753633232779,339.76160366264514,0.059880983438482596,-2.5986694608970004e-05,176.39175890481093,18773.498015574856
1.7734375,160.62906386091015,176.46989108889193,176.7782615084088,75.18403295656618,6.990283740699097,0.00014808529743259058,0.005120655136476174,5.201032475906298,0.6779406794685381,0.889541932593225,1.1711498135073288,2.8160788091410383,0.5209050812113245,525.7920941540636,83.9014604582242,0.5651724635177282,3.0,287.10591108490405,99441.0902675639,1.2065953662047002,339.7561821174519,0.08282794719819084,6.417839764143341e-06,176.98072163794083,18896.59610886011
1.78125,162.0100207773878,177.05449420275596,177.36394475050315,74.75122745961686,7.071960525224788,0.00015345440469842738,0.004342659353100058,5.198885240837739,0.6757934443999783,0.8893348212034043,1.1716444790522398,2.823096578488354,0.5226370858819053,523.9472096131723,84.47886322761958,0.5654308533917309,3.0,287.09693486494695,99424.89395717962,1.2064365625159172,339.75074252815784,0.10296298884979925,-1.558885792100734e-05,177.5663380011299,19019.354413217985
1.7890625,163.39552753860886,177.63418476594825,177.9448521269182,73.96394533914047,7.153923506466285,0.00015893734590534105,0.003435100218280629,5.196749326867959,0.6736575304301984,0.8891286319885418,1.1722161654102383,2.8308753342169655,0.5243552412557825,520.2574405313893,85.05386785801275,0.5656880017125467,3.0,287.087929070999,99408.64428474125,1.206277225636346,339.74528501702537,0.11962312145466278,-4.047333272431004e-05,178.14722089061692,19141.467759884697
1.796875,164.78554563951786,178.21031401821756,178.5223610356884,73.88736629803938,7.23619117489536,0.00016453274302058923,0.002429282244727905,5.194620960297365,0.6715291638596048,0.888923002694205,1.1728474565312095,2.839244538370045,0.5260636188869426,520.2574405313893,85.62858578803406,0.5659445010178775,3.0,287.0788939533431,99392.34170184859,1.206117359895164,339.7398097357259,0.13227179530187033,-3.602040751198054e-05,178.72475378953732,19263.22456956284
1.8046875,166.18005073645634,178.78146795247034,179.09507067578497,72.74640649457454,7.318785648023382,0.00017023764743774806,0.0013597637562859908,5.192503914825551,0.669412118387791,0.888718299943647,1.1735186231763477,2.8480032323270064,0.5277581071627462,514.722786908715,86.20216846676628,0.5661997172389496,3.0,287.06982967021304,99375.98649401193,1.2059569679934696,339.73431678014913,0.14045225433159345,-2.2738286495359552e-06,179.2975399621203,19384.315837355105
1.8125,167.57898225562747,179.34347540470034,179.65880915792638,71.60694742350944,7.401728120860838,0.0001760429699634028,0.0002633780063150924,5.190409511551297,0.6673177151135368,0.888515622209866,1.1742080828406813,2.8569246063081533,0.5294264305451736,509.1881332860406,86.77067534765072,0.566451773341331,3.0,287.0607366153384,99359.5793716604,1.2057960568002164,339.72880638889507,0.14390337919538873,-5.115000785468199e-05,179.86140931984508,19503.82752303779
1.8203125,168.98227589695213,179.89909253686227,180.21634362108253,71.17973567931811,7.485040336755697,0.00018193981914838106,0.0008225049186242903,5.188330203075416,0.6652384066376555,0.8883142433490685,1.1739241862310967,2.8560994288202823,0.5310767348103919,507.34324874514914,87.33702838502073,0.5667018693041544,3.0,287.0516152066698,99343.12108892616,1.205634633614448,339.7232788152419,-0.1425730441981964,-4.045496092784097e-06,180.41912965227903,19622.344061727636
1.828125,170.38989612446971,180.45108090038465,180.77044114913016,70.75360723537509,7.56874620518502,0.00018792719534853724,0.001860992671406027,5.186258441998721,0.6631666455609608,0.8881134348478945,1.1733604767032082,2.852470418553137,0.5327171616199418,505.49836420425765,87.90388826866835,0.5669512198125459,3.0,287.0424656751909,99326.6120625865,1.2054727024276708,339.71773419916565,-0.1364984516916781,1.579158960564326e-05,180.97346711453733,19740.456801324563
1.8359375,171.80181098140125,180.9980572465842,181.31970609833198,69.97267551809237,7.652869105937129,0.0001940082235808456,0.00281664310520623,5.184198002020806,0.6611062055830459,0.8879135644758926,1.1728476806990376,2.849341162231449,0.534343592435739,501.8085951224748,88.46933589376096,0.5671991825999508,3.0,287.03328822862085,99310.05266744088,1.2053102668203357,339.71217266654423,-0.1258419230397446,3.117837494402642e-05,181.52302273679132,19857.852929712306
1.84375,173.21798497013114,181.54280737588007,181.86691730937258,70.25915533269588,7.7374304537349525,0.00020019011212232325,0.003656859130560032,5.182141335742484,0.6590495393047241,0.8877139016647132,1.1724044424137707,2.846905407490575,0.5359641937457199,503.6534796633662,89.03560512032097,0.5674469893295586,3.0,287.02408309769413,99293.44331981684,1.2051473307809257,339.7065943572027,-0.11105743454426432,1.9445480108191285e-05,182.07057095476245,19975.131901759807
1.8515625,174.6384079902016,182.08396586515533,182.4106839395914,69.12176501303892,7.822451134414359,0.0002064811158702652,0.004353622563574405,5.180092216863349,0.6570004204255888,0.8875148138874053,1.1720462237015667,2.8453140981416145,0.5375748510379543,498.1188260406919,89.6004706831916,0.5676940002841133,3.0,287.01485034806365,99276.7841381758,1.2049838953763496,339.7009993109266,-0.09267749694412371,3.274857529411127e-06,182.6147141020156,20091.98208888074
1.859375,176.06302684964135,182.61741150181874,182.94684515804371,68.33965133363314,7.907945269892071,0.00021288770379457574,0.004883949942595062,5.17806196648218,0.6549701700444198,0.887317403930237,1.1717852817048868,2.844678777746499,0.5391632890224284,494.429056958909,90.15874678193593,0.5679383114335533,3.0,287.0055903254773,99260.07574637048,1.2048199666321497,339.69538773723923,-0.0713090563618531,2.0117929942271416e-05,183.15128251815898,20207.476798589956
1.8671875,177.49179230096655,183.145963886102,183.4781970821937,67.91203739458705,7.993923297568024,0.00021941413835020932,0.005230615611111429,5.176043037199791,0.6529512407620306,0.8871209412009036,1.1716312012953805,2.845102600944769,0.5407377126781787,492.5841724180175,90.71265105561127,0.5681811607597581,3.0,286.9963033500437,99243.31872199132,1.2046555501212226,339.6897598301265,-0.047780638111826715,1.124234668594796e-06,183.68306375074246,20322.21863727213
1.875,178.9246735382401,183.67106169420512,184.00614724686724,67.4822364295137,8.080392650333524,0.00022606322201137885,0.00538329054517547,5.174031655316588,0.6509398588788279,0.8869250604491592,1.1715896324144397,2.846645719652805,0.5423022367014178,490.7392878771261,91.26314918421458,0.5684231672879949,3.0,286.98698962200143,99226.51342634033,1.204490649295257,339.6841157109329,-0.02295148699796226,3.276341155324995e-05,184.2114557219821,20436.508784715505
1.8828125,180.36164378850708,184.19276068233373,184.53071368924364,67.04996097843046,8.167356250818532,0.00023283789261239796,0.005338752303663332,5.172027820832572,0.6489360243948117,0.8867297632115202,1.1716622280169657,2.849324648054455,0.543856883398007,488.89440333623463,91.80998996923309,0.5686643216304016,3.0,286.97764931537466,99209.6601734194,1.2043252671424047,339.67845548511707,0.0022978787690754398,3.904939924987831e-05,184.7364661575844,20550.342568165026
1.890625,181.8026803382892,184.71250660686852,185.0533078134149,66.97152709304567,8.254812357102011,0.00023974503311598026,0.005100499671392328,5.170027760048149,0.6469359636103887,0.8865346828034136,1.1718471355811428,2.853124527777292,0.5454057779572052,488.89440333623463,92.35468616403686,0.568905253606786,3.0,286.9682825778011,99192.75922961958,1.2041594061840837,339.6727792421475,0.027100334874684467,5.1756288378876785e-05,185.25949641344948,20664.026265120494
1.8984375,183.2477645240178,185.2275752943296,185.57115842309508,65.8211056081423,8.342754578185275,0.00024679171653412403,0.004679326542893927,5.168039020362506,0.6449472239247455,0.886340556909165,1.1721381451085764,2.8579758819941135,0.5469407304119688,483.3597497135603,92.89454257424941,0.5691446766209458,3.0,286.95888953059386,99175.81081383325,1.2039930684759337,339.6670870555399,0.050469802682855266,5.197190987828999e-05,185.7777646910628,20776.933852717353
1.90625,184.69684554629413,185.73663140546552,186.08288961307193,65.38248999184279,8.43116911646578,0.00025398415699271886,0.004092816570082077,5.1660653754752355,0.6429735790374752,0.886147756691344,1.1725254147156876,2.8637765802434356,0.5484576611378206,481.5148651726688,93.42855173916885,0.5693819339223241,3.0,286.94947050394904,99158.81552185223,1.2038262597732692,339.6613791253931,0.07157228706325418,4.022696886780897e-05,186.28988557395965,20888.745989637628
1.9140625,186.14988746526097,186.24110795352647,186.5899060931593,64.5858241532864,8.520039037843869,0.00026132276517203004,0.0033645696252222173,5.1641030516867445,0.6410112552489847,0.8859559162968358,1.172995960767103,2.870400444702672,0.5499606818804295,477.82509609088595,93.95884007886515,0.5696176484251344,3.0,286.94002573147577,99141.7737751908,1.2036589841219676,339.65565559327433,0.0896502172275126,1.6511216612734766e-05,186.79725595462145,20999.765758823483
1.921875,187.6068437791784,186.73825749734485,187.08942410566493,63.43146462982424,8.6093427744101,0.0002688030393458275,0.002523093438211478,5.16215959639622,0.6390677999584605,0.8857657767674213,1.1735335473150403,2.87767770547619,0.5514415746864295,472.29044246821155,94.48473233191135,0.5698606592223949,3.0,286.93055551543534,99124.68611923646,1.2034912467847472,339.6499166423538,0.1040022955574956,2.2575811217683827e-05,187.29708487537408,21109.355615930657
1.9296875,189.06765734838987,187.22949614433327,187.58284230333788,62.99204200170275,8.699054854733125,0.0002764170885495814,0.0016013706929741784,5.160231235904069,0.6371394394663094,0.8855769724928018,1.1741195967583824,2.8854262426558064,0.5529044422642143,470.4455579273202,95.00668937773378,0.5701015861278327,3.0,286.92106022723544,99107.55322414162,1.20332305425033,339.64416249770466,0.11409548187684632,4.414347646350213e-06,187.79076623408957,21217.817501634167
1.9375,190.53230017031967,187.7190111652974,188.07434550441917,62.91090917981158,8.789149918289876,0.0002841532620160169,0.0006352990185024486,5.158306649111512,0.6352148526737514,0.8853883969486234,1.174733868179163,2.8934547123053966,0.5543615975830751,470.4455579273202,95.52968667847765,0.5703421656892186,3.0,286.9115400488929,99090.37541832955,1.2031544096538584,339.6383932696291,0.11956762627151886,7.899466287272033e-05,188.28248229350032,21326.088256615614
1.9453125,192.0007624086617,188.20680161233733,188.56392505233055,62.47345125808467,8.879602711337201,0.00029200076481419206,0.00033803684592306955,5.156385836018547,0.6332940395807868,0.8852000508050294,1.1749562075935058,2.897561567884764,0.5558130109929232,468.6006733864287,96.05395676128951,0.5705823861057281,3.0,286.90199504434366,99073.15281716366,1.2029853140391424,339.63260899687225,-0.12029974106573164,0.00013948221336380846,188.77222303793377,21434.162075939556
1.953125,193.47302330565256,188.69146561083357,189.05017466031677,62.03757640320721,8.970386720369154,0.00029995353408077775,0.0012811311044658854,5.154472570324769,0.6313807738870085,0.8850123051768383,1.1744494235290277,2.894371183521894,0.5572545425201576,466.7557888455372,96.57790801481556,0.570821552775364,3.0,286.89242534851326,99055.88566409772,1.2028157697077937,339.62680976119907,-0.1161618981293993,6.17028279316557e-05,189.2585825010576,21541.715391748097
1.9609375,194.94905474421228,189.1715921806269,189.5316864232972,61.245500718198535,9.061475363714763,0.0003079981779639579,0.002157370047904081,5.15257062572977,0.62947882929201,0.8848255322762401,1.1739836638711827,2.891581315949426,0.5586820526012908,463.0660197637543,97.09964375984535,0.5710589645646387,3.0,286.8828311441626,99038.57428889794,1.202645779809395,339.62099567336253,-0.10736767538461728,7.90750158170927e-06,189.74015496928828,21648.421635922277
1.96875,196.428810296017,189.64436946995633,190.00565560965197,60.09714196715901,9.152842117313625,0.00031612246576999333,0.0029335106291362837,5.150687549632738,0.6275957531949778,0.8846404763915814,1.1735776195130134,2.8893714312143204,0.5600872936306289,457.53136614107996,97.6154797551879,0.571293228229071,3.0,286.8732127330759,99021.21923609078,1.2024753496032148,339.615166916244,-0.09436705902200881,6.728724266019047e-06,190.2141397140334,21753.63219880718
1.9765625,197.91223244251444,190.11116540954686,190.47347586312495,59.666418715256235,9.244462007315954,0.00032431560310759684,0.0035806388209851017,5.148819568334079,0.6257277718963187,0.8844567701832076,1.1732477016418668,2.887909314586592,0.5614743858887765,455.68648160018853,98.12624060727956,0.5715250069182902,3.0,286.8635704891236,99003.82118027245,1.20230448562716,339.6093237164089,-0.07768902794501079,-5.03553084915582e-06,190.68193647577337,21857.655627730055
1.984375,199.39929249268508,190.57613190368565,190.93933805666794,59.59438395997489,9.33631540066865,0.0003325701844810425,0.00407491909004494,5.146955360735013,0.6238635642972528,0.884273302157531,1.1730075959349078,2.887342937773768,0.5628556914995134,455.68648160018853,98.6358674395532,0.5717563524300666,3.0,286.8539045987975,98986.38045794054,1.2021331910999327,339.6034661868713,-0.057993188262488546,-2.0754441517244062e-05,191.14774379624308,21961.446667235206
1.9921875,200.8899723645516,191.03643705468636,191.40043564229646,58.44727220736523,9.428387309576523,0.00034088324747382496,0.004398455982640853,5.145102474234727,0.6220106777969666,0.8840908165680859,1.1728668870618764,2.887760704937905,0.5642229704756435,450.15182797751413,99.14059240034429,0.5719858733341021,3.0,286.8442151796304,98968.89728116633,1.2019614680187185,339.597594398856,-0.03601598263174471,-1.866785262565734e-05,191.6087634781053,22064.357533201477
2.0,202.38422095317355,191.4906483051894,191.8553689071232,58.01709826767755,9.52066473300124,0.0003492543776652948,0.004540075030101481,5.143264682532814,0.6201728860950534,0.8839096877426341,1.1728315318537215,2.8892184411108732,0.5655721275700105,448.30694343662276,99.63835991539531,0.5722128638483919,3.0,286.83450256380434,98951.37224932513,1.201789322185605,339.5917085536654,-0.012672092559084813,-5.178548959721912e-05,192.0636051118315,22166.059686803892
2.0078125,203.8820050464488,191.94151949942847,192.30693749471197,57.58630292515667,9.613140762424335,0.00035768918767653334,0.004496207355022717,5.141434438230087,0.6183426417923267,0.8837291740812955,1.172903705240215,2.8917453115891942,0.566911435406669,446.4620588957313,100.132069047214,0.5724387000347155,3.0,286.82476696719806,98933.80575193925,1.2016167573424894,339.58580878212206,0.011053171547762716,-3.787831163820218e-05,192.51507830040742,22267.193398883235
2.015625,205.38329839161972,192.38901009403116,192.75513976710513,57.15489231848418,9.705813932454193,0.00036619590132894495,0.004271106698020435,5.139611741326546,0.6165199448887865,0.8835492770365007,1.1730809877462562,2.8953171070975556,0.5682409175565581,444.6171743548398,100.62175820261442,0.5726633748908566,3.0,286.81500856045443,98916.19809690953,1.2014437764302017,339.57989518763543,0.034149164875127654,2.1985205560094222e-05,192.9631912251818,22367.7552590632
2.0234375,206.88807806314753,192.83447853389154,193.20137544374597,57.08190222498343,9.79868790634399,0.0003747763281590244,0.003876011551555722,5.1377928181226,0.6147010216848395,0.8833696252039855,1.1733572606802907,2.8998763547630513,0.5695647234635847,444.6171743548398,101.10930484996815,0.5728875810663958,3.0,286.8052274925895,98898.54955311414,1.20127038200678,339.57396786050924,0.05577295156175128,-1.7990335494009793e-05,193.40935309990314,22468.067422756834
2.03125,208.39633174723863,193.27788469050003,193.64563929973124,56.649813741495215,9.89177175327481,0.0003834332615991906,0.003329237359554091,5.135977668618246,0.6128858721804858,0.8831902192402805,1.1737223026061259,2.9053208336584535,0.5708828629981765,442.77228981394836,101.59520984240108,0.573111314001545,3.0,286.79542384364294,98880.86026497322,1.2010965754078662,339.56802684924764,0.07495622336779226,-8.69053177755309e-05,193.85356735034014,22568.127561011763
2.0390625,209.90802861715324,193.7149960503323,194.0837182535526,55.50022161045407,9.985077362790545,0.0003921783384545236,0.0026551615134856772,5.134177613912265,0.6110858174745052,0.883012179940837,1.1741619851575233,2.911498052166863,0.5721829496073929,437.237636191274,102.07529274897917,0.5733324582761956,3.0,286.7855978139885,98863.13059403277,1.20092236010288,339.56207227527705,0.0910106837021228,-0.00013026086210158735,194.29162808926677,22666.951242290917
2.046875,211.4231084522605,194.1443862157119,194.5142070358379,54.711564020128954,10.078617978391904,0.00040103138391131207,0.0018830979928831384,5.132396427704251,0.6093046312664908,0.8828358839528568,1.1746595574947003,2.9182367354184344,0.573460860846519,433.5478671094911,102.54854332325084,0.5735502908238002,3.0,286.7757497950603,98845.3612465799,1.2007477429498545,339.5561043758065,0.1032099826525668,-0.00014940037430447918,194.72213592104046,22764.20210696476
2.0546875,212.941525419951,194.57023170530883,194.9413119629535,54.6435171030407,10.172410657154874,0.00041001245199674745,0.0010462515130559248,5.130622788895423,0.6075309924576628,0.8826602133501718,1.1751964649358275,2.9253625158565577,0.5747289969688242,433.5478671094911,103.0202760107926,0.573766908274401,3.0,286.7658800847703,98827.55276015426,1.2005727291501005,339.5501233313708,0.11115559405359723,-0.00026347349750855287,195.14930180287928,22860.855690191867
2.0625,214.4632590354312,194.99251190597806,195.3650237458925,53.85828893416851,10.26647623345946,0.0004191403228192091,0.00018062029556673695,5.128856697485782,0.6057649010480214,0.8824851695571131,1.1757518556834021,2.93266686126289,0.5759873373800414,429.8580980277082,103.49082981314098,0.573982296759141,3.0,286.7559888162697,98809.7053750082,1.2003973209842815,339.5441292226594,0.11440647110730526,-0.0015029098805499784,195.5731189139843,22956.90543938614
2.0703125,215.98827411087163,195.4112184674774,195.78533786370397,53.79437567092419,10.360835338132144,0.0004284283768403844,0.000676964081972483,5.127098153475327,0.6040063570375664,0.882310753994443,1.1755058033794694,2.931950493850264,0.5772358697951887,429.8580980277082,103.96030194747661,0.5741964438848384,3.0,286.7460762182793,98791.81950383596,1.2002215224284976,339.53812218827727,-0.11299258312842901,-0.0004043934536282018,195.9935832899753,23052.345538714577
2.078125,217.5165463575926,195.82494725003028,196.2008427152912,52.65306058869474,10.45550939944824,0.000437888558694909,0.0014904273321277692,5.125350930563651,0.6022591341258913,0.8821373427456166,1.1750740616630673,2.9293671891745063,0.578470431964117,424.32344440503385,104.42688790076964,0.5744086233621677,3.0,286.73614244867565,98773.89543150304,1.2000453362032368,339.53210232389745,-0.1069175266058442,-0.0001667860004675863,196.4092818969897,23146.838067599947
2.0859375,219.04803328173773,196.23651432878515,196.61435200919053,53.311873351219305,10.55051746389613,0.00044752900393934473,0.0022255570246242176,5.12360748135157,0.6005156849138094,0.8819641881466201,1.1746896380143004,2.927254498676802,0.5796993023158197,428.0132134868167,104.89342064142934,0.5746202478203871,3.0,286.7261877836687,98755.93365639121,1.199868767128574,339.52606979690324,-0.09653250415092762,-9.75210258147821e-05,196.8230257792971,23241.040151134548
2.09375,220.58275090045288,196.6515408949573,197.03148607686478,53.61007871416341,10.64588130809278,0.00045735667331035627,0.002851725288239854,5.121852711040708,0.5987609146029477,0.881789790134768,1.1743706422930862,2.925808521583182,0.5809390229293453,429.8580980277082,105.36586023536076,0.574834168700887,3.0,286.71621211914703,98737.93399064614,1.1996918132791776,339.5200245442031,-0.08227203028681976,-9.211706803449659e-05,197.2404313236567,23336.277833858356
2.1015625,222.12070807558956,197.06444410446736,197.44662082083377,52.8275542034855,10.741619401259198,0.00046737460183103553,0.003343410056036652,5.120101714429439,0.5970099179916792,0.8816156480177502,1.174130855126807,2.9251520710905687,0.5821730082512656,426.16832894592534,105.83706668090906,0.5750475267695514,3.0,286.70621539750863,98719.8963303332,1.1995144735541179,339.51396653089023,-0.0647963935424412,-4.997174955921768e-05,197.65586723860787,23431.220877105916
2.109375,223.66186280899956,197.46965632709527,197.85414110836683,51.68411934285796,10.837742589785119,0.0004775844265697518,0.0036810746954026585,5.118369586316137,0.5952777898783771,0.8814432652029367,1.1739805615304106,2.9253729632747394,0.583384693521789,420.63367532325094,106.29987509021541,0.5752574435530986,3.0,286.69619789174146,98701.82116802025,1.1993367527172099,339.50789592239533,-0.044890779693925346,-4.0096370710400606e-05,198.06370981091405,23524.53054529281
2.1171875,225.20614791203687,197.86582817557442,198.25265841164128,50.53924371976481,10.934255501674498,0.00048798584707854557,0.003852225719057781,5.116660100400394,0.5935683039626344,0.8812730213242512,1.1739265065300428,2.926534852057916,0.5845699612275645,415.0990217005766,106.75213567784772,0.5754631810261026,3.0,286.68616003857176,98683.70929171755,1.1991586584386347,339.5018129833745,-0.023482415436498018,-6.011097758920221e-05,198.46256165237912,23615.86390315676
2.125,226.75350029402009,198.25582513198827,198.64500975059127,50.11242244333826,11.031158502791437,0.0004985731322342355,0.003851718320261565,5.114965709283025,0.5918739128452647,0.881104168410265,1.1739717995596917,2.928676311494267,0.585737140862136,413.2541371596851,107.19684934999611,0.5756661628703577,3.0,286.67610224808885,98665.56144137304,1.1989801979179244,339.4957179623418,-0.0014640776415237018,-6.800439859704321e-05,198.85525117420022,23705.883325338487
2.1328125,228.30388290078392,198.6411070152805,199.03262110127875,49.32262711641719,11.128449311352753,0.0005093333329320629,0.0036816913990315647,5.113282639264435,0.5901908428266748,0.8809363329027649,1.174115351585858,2.9317901868309315,0.586890405291926,409.5643680779022,107.63563115512588,0.5758670991284753,3.0,286.66602476114485,98647.37805156999,1.1988013753533064,339.4896110052538,0.02015013857227692,-7.107091280822016e-05,199.2431953952717,23794.919135529515
2.140625,229.85725180189752,199.02032554807977,199.41410226705648,48.530553776461375,11.226120329895029,0.000520247892176425,0.0033516293895970205,5.111614664044218,0.5885228676064579,0.8807698936045454,1.1743516642988092,2.9358177069426383,0.5880256317151639,405.8745989961193,108.06703037304852,0.5760652560666311,3.0,286.6559278632876,98629.15963753873,1.1986221957372478,339.4834922851523,0.040475850710363095,-5.58302626093257e-05,199.62499500784665,23882.630333690544
2.1484375,231.41356349198986,199.39493718832085,199.7908790897517,48.097254860644426,11.32415947917981,0.0005312993380378517,0.0028784353280933476,5.109958009922781,0.5868662134850208,0.8806044764314493,1.1746713836687752,2.9406690723732587,0.5891469957558054,404.0297144552279,108.49310947115598,0.5762613473711078,3.0,286.64581183730206,98610.90670952437,1.1984426640144508,339.4773619734051,0.05852211970210468,-5.663516545568073e-05,200.00206793373772,23969.348942855024
2.15625,232.97278580885288,199.76498381296088,200.16296255805864,47.302264224512975,11.422551535208811,0.0005424733062911927,0.00228537500783308,5.108312676900123,0.5852208804623634,0.8804400834777172,1.175061352032264,2.946212685545467,0.5902545081249155,400.33994537344495,108.91438859068198,0.5764553619062471,3.0,286.63567689224243,98592.61964473568,1.1982627838222284,339.47122019669894,0.07352469216490903,-0.00012793199819324287,200.3744180997674,24055.06992293155
2.1640625,234.53488322910502,200.13190560297318,200.53177187407718,47.22906679625392,11.521277561175578,0.0005537455553667405,0.0016004068311383508,5.106674891276652,0.5835830948388925,0.8802763394154841,1.1755058143408472,2.952294749253631,0.5913523325644914,400.33994537344495,109.33307778595481,0.576648018155653,3.0,286.6255232590108,98574.29885980242,1.1980825591865976,339.46506709496055,0.0848892794934608,-0.00018365751040668035,200.74345925076648,24140.12740517321
2.171875,236.0998460740453,200.49853477238128,200.90012903371462,47.156529443353335,11.620318024933967,0.0005650885679465866,0.0008552499458525046,5.105037105653182,0.5819453092154215,0.8801124902893053,1.1759868523556003,2.95874362066295,0.5924487709246195,400.33994537344495,109.75299287271785,0.5768407679220805,3.0,286.6153510005187,98555.94446823953,1.1979019911524824,339.45890270631435,0.0921153618402298,-0.0003505405440742188,201.11200968777592,24225.19618904787
2.1796875,237.66766476761273,200.8620654579678,201.2652083510571,46.36304460322808,11.719651602039523,0.0005764749179336571,8.483642393003628e-05,5.103406867428897,0.5803150709911371,0.8799492917891122,1.1764839068214183,2.9653461503230614,0.59353549109717,396.65017629166204,110.17107982595475,0.5770321413875461,3.0,286.6051601790105,98537.55658235816,1.1977210807531355,339.4527270684804,0.09474098022637685,-0.0037377493735351133,201.4772410648641,24309.593026133636
2.1875,239.23830778479515,201.2224992563913,201.62700821487337,46.29452303847977,11.819254405340315,0.0005878749678851559,0.0006752713194748032,5.1017841766037995,0.5786923801660392,0.8797867452629033,1.1761795181897616,2.963927729268583,0.5946124865356321,396.65017629166204,110.58740564147142,0.5772221285601171,3.0,286.5949509993988,98519.13557189386,1.197539831554938,339.4465403056357,-0.092954358175057,-0.0004854331269276837,201.83915137705173,24393.31336309454
2.1953125,240.81175455760996,201.57841648314508,201.98410938329963,45.14357988567921,11.919103555351446,0.0005992652012333239,0.0013902723661394366,5.100172806877481,0.577081010439721,0.8796252304292757,1.1758024767793593,2.9617724635008367,0.5956755792416061,391.1155226689877,111.00009303747909,0.5774099817800262,3.0,286.5847235953755,98500.68167807459,1.1973582458606093,339.4403424987976,-0.08672265192048198,-0.00023617053487103249,202.1963226359404,24476.009849137023
2.203125,242.38795141123398,201.9269865767674,202.33368559681404,44.356912254509446,12.01917469639776,0.0006106282240609601,0.0020280351478771754,5.098580305649129,0.5754885092113692,0.8794655065650094,1.175471041746425,2.960055351814155,0.596716450420327,387.4257535872048,111.40535517733946,0.5775942150213561,3.0,286.574478315827,98482.19553041611,1.1971763297945583,339.4341338593912,-0.07638274097548334,-0.00014810507826106253,202.545931508074,24556.992292799798
2.2109375,243.96685187219364,202.27100531247223,202.6785605076262,43.93387431968012,12.119446063615001,0.0006219538585656528,0.0025602666331397484,5.096999125519558,0.5739073290817971,0.8793068194323079,1.1752017498341865,2.9589493040187853,0.5977434325140744,385.58086904631335,111.80604325235788,0.5777762873168605,3.0,286.5642154628307,98463.67767397435,1.1969940886515977,339.4279145704754,-0.06252361470239376,-8.493825786146787e-05,202.89080674644998,24636.938988760765
2.21875,245.54843128129323,202.613261650222,203.02155696784726,43.87357793459345,12.219900420460743,0.0006332323601726086,0.0029639598832455274,5.095421719089578,0.5723299226518183,0.879148412894498,1.175007980224104,2.9585956732960605,0.5987648602969172,385.58086904631335,112.20499775281836,0.5779576679449887,3.0,286.55393519667155,98445.12839796038,1.196811525209812,339.42168472918297,-0.04576350120553631,-6.626022059128702e-05,203.23377763861353,24716.53269301041
2.2265625,247.1326794016333,202.95371917413323,203.36266957466017,43.451403897175716,12.320525165471011,0.0006444606651778723,0.0032218652251568653,5.093848086359193,0.5707562899214327,0.8789902875643126,1.1748994387594625,2.959091511951498,0.5997807391765884,383.7359845054219,112.60172463661944,0.5781383531296134,3.0,286.54363758388934,98426.54782243584,1.1966286405830115,339.41544437583696,-0.02690416737682943,-2.716721908516484e-05,203.5748461156897,24795.771633867433
2.234375,248.719574687409,203.29092927426385,203.70048059680235,43.02869758824994,12.421310925638794,0.0006556328155301348,0.003323761605692332,5.092282001027994,0.5691902045902335,0.8788328236021999,1.1748816583722055,2.960488347700055,0.6007869154714155,381.8910999645305,112.99620848542247,0.5783280705593452,3.0,286.5333227645318,98407.93620009694,1.1964454371908564,339.4091935953063,-0.006859368333460493,-5.4152789762833304e-06,203.9126025027646,24874.30969378041
2.2421875,250.30909160971297,203.62485172520823,204.03498644920805,42.60551058958717,12.522252463912091,0.0006667471323436622,0.0032673578274870557,5.090723463095981,0.5676316666582208,0.8786760223188983,1.174955868544243,2.9627984622534465,0.6017834031104946,380.046215423639,113.38680791629521,0.5785191307678494,3.0,286.52299090453687,98389.29383035497,1.1962619179134852,339.40293248814936,0.013331013730826267,-3.72153754360707e-05,204.24705173839996,24952.144366230616
2.25,251.90120066073297,203.9540377913325,204.36477113492663,41.81984431765128,12.623348789540502,0.0006778096737468491,0.003057411680271472,5.089176246262748,0.566084449824988,0.8785202650324573,1.1751191804625942,2.9659891543013694,0.6027660540213498,376.3564463418561,113.77129011602432,0.5787078105077894,3.0,286.5126421957052,98370.62105928714,1.1960780860912041,339.3966611705973,0.03289728930627387,-7.280484767451881e-05,204.57678620182202,25028.927565020884
2.2578125,253.49586102837236,204.2784539195504,204.6898360661834,41.39690261400519,12.724602505589113,0.0006888424105876608,0.002705800407561814,5.087640350528295,0.5645485540905348,0.8783655537351369,1.1753648712536426,2.9699931751850572,0.6037348950573653,374.5115618009646,114.14991663090787,0.5788941035412327,3.0,286.50227690331553,98351.91836555093,1.1958939463705645,339.39037980340925,0.05074650570344753,-7.983453267534964e-05,204.90181533409066,25104.656530701595
2.265625,255.09303899468813,204.5980672482456,205.01017985386946,40.61220591691824,12.826020873913993,0.0006998748203028692,0.002231202304027997,5.086115775892622,0.5630239794548615,0.878211890407642,1.1756823436664816,2.9747045325883956,0.6046899423498167,370.82179271918176,114.52309332211924,0.5790780017518127,3.0,286.4918952465345,98333.18614460129,1.1957095025800946,339.38408851939994,0.06612184139254144,-9.098073226178261e-05,205.222144921241,25179.327688741287
2.2734375,256.6926969298956,204.91426341122656,205.32721862042249,40.5543204138368,12.927614459793638,0.0007109433431713116,0.0016583962560459996,5.084598748656135,0.5615069522183747,0.8780588963234963,1.1760576343545088,2.979987380310125,0.6056353856058325,370.82179271918176,114.89303560797659,0.579260302499673,3.0,286.4814974699557,98314.42483777256,1.1955247590011304,339.37778746679317,0.07820437535847226,-7.647769786944117e-05,205.53919717850556,25253.285621380008
2.28125,258.29481539200583,205.2270165869854,205.64094683631242,39.77276804453825,13.029398108388802,0.0007220781695569822,0.0010164240280341034,5.083089268818835,0.5599974723810743,0.8779065727633985,1.176474051118476,2.9856747835507744,0.6065712212292457,367.13202363739885,115.26018471627813,0.5794409974772621,3.0,286.4710836999519,98295.6346730867,1.1953397178154312,339.3714767221709,0.08655444740767454,-0.0001823646589046159,205.8529710857397,25326.52665555515
2.2890625,259.89935269775214,205.53348577682866,205.94852866086455,38.994087372042486,13.13138702635967,0.0007333131587422977,0.0003368434899933862,5.081594883779907,0.5585030873421469,0.8777556832968489,1.1769129377934024,2.991572544965535,0.6074890998298706,363.44225455561593,115.62136415771775,0.5796184637569726,3.0,286.4606542074646,98276.81613941852,1.1951543837743976,339.36515644972354,0.09081815917244757,-0.0003974975492691045,206.16063340526577,25398.34936827147
2.296875,261.5062597270558,205.8336656958182,206.24996436255785,38.21844557068108,13.233596983639117,0.0007446800761819201,0.00034715920686709473,5.080115593539353,0.5570237971015926,0.8776062305344581,1.1769452931351776,2.993390626007195,0.6083890240455677,359.7524854738331,115.97670003577275,0.5797926880074801,3.0,286.45020931177413,98257.96981286428,1.19496876248982,339.3588268429351,-0.09080982127837275,-0.0003720419246417921,206.4621854642221,25468.748055973876
2.3046875,263.115487353526,206.1275600612352,206.54525579572217,37.445646022973754,13.336043932975214,0.0007562036269626623,0.0010021556088610434,5.078651398097171,0.5555596016594112,0.8774582170642726,1.1765977044331322,2.9913948736885954,0.609270996134565,356.0627163920501,116.32610381485343,0.579963657095228,3.0,286.43974933220204,98239.09626959419,1.194782859575769,339.35248809531447,-0.0864783559317306,-8.695842116395185e-05,206.75762846257538,25537.717126897867
2.3125,264.726990200665,206.41659655859686,206.8358256405765,37.03785142587359,13.438743389929433,0.0007679111143461754,0.0015962950441609175,5.07719852375377,0.5541067273160096,0.8773112636455315,1.1762862748425973,2.989750111970658,0.6101392008378062,354.2178318511587,116.67104754574865,0.5801321704594247,3.0,286.4292745636956,98220.19604179854,1.194596680214628,339.3461403855996,-0.07814759655871802,-5.652850379434244e-05,207.0483829022637,25605.602170742746
2.3203125,266.34073039375306,206.6993822613581,207.12026008662895,35.90513874519119,13.541709813359875,0.0007798266636725082,0.0021009602428856034,5.075760744208742,0.5526689477709811,0.8771657541948575,1.176027326452656,2.988615722577984,0.6109894585341857,348.68317822848434,117.0093389709042,0.5802974053140791,3.0,286.41878525244056,98201.26957368432,1.1944102287234306,339.33978386297895,-0.06621970219416363,-5.207458318295514e-05,207.3330308015491,25672.047687955594
2.328125,267.9566481791268,206.97453865376315,207.39715318588122,35.13591067069168,13.644953400712131,0.0007919704781395795,0.0024928337063931843,5.074341833161679,0.5512500367239187,0.8770220734749331,1.1758339977075685,2.9881192423263534,0.6118176080472131,344.9934091467014,117.33872130391455,0.5804585387089725,3.0,286.40828178683563,98182.31756606184,1.1942235119485722,339.33341876282236,-0.05146079404530224,-5.331802771028604e-05,207.61016059795327,25736.698237386856
2.3359375,269.57469148850976,207.24352409621878,207.66793940642881,34.36557168639162,13.748481740573034,0.0008043494041154586,0.0027544389853518974,5.07293801691299,0.5498462204752294,0.8768798421757692,1.1757163743562045,2.9883653218043524,0.6126278564847716,341.3036400649185,117.66049989051288,0.5806163752742839,3.0,286.3977645053247,98163.34062960476,1.1940365358502516,339.3270452902268,-0.03447830765013814,-8.877423185491918e-05,207.88120040346266,25799.901749225264
2.34375,271.1948086138091,207.50497240130954,207.93121590208685,33.23030601257923,13.852298676557659,0.0008169600577873077,0.0028743248710192044,5.071553069162267,0.5484612727245063,0.8767394454281714,1.1756807278822559,2.9894128245408447,0.6134160459593416,335.76898644224417,117.97254893590261,0.5807700914668665,3.0,286.38723374401025,98144.33937076233,1.1938493063487254,339.3206636488702,-0.016224483610956738,-5.791158617894489e-05,208.14473980778968,25861.30258425468
2.3515625,272.8169371994649,207.75893928122255,208.1870040253502,32.455606773939714,13.956403057975583,0.0008297898672854837,0.002848881754606165,5.07018698990951,0.5470951934717495,0.8766008863029341,1.1757290493775376,2.9912816307460353,0.6141822148968074,332.07921736046126,118.2746895295433,0.580919680173792,3.0,286.37668990820345,98125.31452086079,1.1936618305965419,339.3142740843713,0.0023852403536049876,-5.6727083819074674e-05,208.4007924032415,25920.89799462862
2.359375,274.4410263870683,208.00689530981333,208.43674404662323,31.677918930977327,14.060790406861685,0.0008428276372196847,0.00268134595560805,5.068836005455125,0.5457442090173656,0.8764637847661698,1.175859653861112,2.993958690949421,0.6149305841691386,328.3894482786784,118.56871597003759,0.5810659526379319,3.0,286.366133328484,98106.26667638402,1.1934741144193768,339.30787679706134,0.02042962758831491,-0.00012138072202366544,208.65079089200702,25979.038811810973
2.3671875,276.0670294200752,208.2488918874429,208.6804539965652,30.89761471096602,14.165452403312942,0.0008560460470746726,0.0023821908916545837,5.067500115799115,0.5444083193613548,0.8763281432088207,1.1760665734615963,2.9973843025277556,0.6156611838823159,324.69967919689543,118.85483212418227,0.5812089035518946,3.0,286.3555643087695,98087.19638570795,1.1932861631704113,339.3014719711143,0.03703993839002412,-0.0001486589407588792,208.8947459267487,26035.723026677304
2.375,277.69491099633245,208.48922607730114,208.92241399486488,31.205507871406052,14.270377776721386,0.0008694053657634838,0.0019684396300408617,5.066167999842698,0.5430762034049372,0.876192813588332,1.1763406527201368,3.0014783913180474,0.616386609722415,326.5445637377869,119.13874030523978,0.5813509903333178,3.0,286.3449830785238,98068.10406286767,1.1930979808801816,339.29505974558543,0.05125484992805935,-0.00014479143511478667,209.13693157214564,26092.01254834892
2.3828125,279.324665636649,208.7265109194489,209.16120699423814,30.05802795612197,14.375554287562563,0.0008828677008561278,0.0014633346045116874,5.064843431285467,0.5417516348477062,0.8760581801250455,1.1766683849405244,3.0061020481547884,0.6171026679939633,321.0099101151125,119.41906225818619,0.5814913871556489,3.0,286.3343896733618,98048.98977212491,1.1929095681324615,339.28864014205726,0.062466534877618426,-0.00024563956166877754,209.37592505170724,26147.55063311126
2.390625,280.95623271595133,208.95227014139041,209.38831077928717,28.1840967879409,14.480962528941498,0.000896393754529467,0.0008937113324963197,5.063549052324982,0.5404572558872212,0.8759265471832822,1.1770331564476737,3.011066092643915,0.6177842241113802,311.78548741065526,119.68542289156655,0.581625152846623,3.0,286.3237844873463,98029.85422451019,1.1927209318871614,339.28221339933185,0.07017398678479081,-0.0004497781728129273,209.60319895969795,26200.203135324547
2.3984375,282.5895112262881,209.16511400531124,209.60231904679785,26.676806859662456,14.586577966990532,0.000909936421012125,0.0002890400736381902,5.062288636660836,0.5391968402230753,0.8757983034787621,1.1774177183887646,3.0161941491000253,0.6184271226101947,304.4059492470895,119.93628024269188,0.5817514508928391,3.0,286.3131681770291,98010.69860467748,1.1925320837756557,339.27577991527966,0.07407727273120727,-0.0013524685097500808,209.8173443443361,26249.609567300886
2.40625,284.2244040349703,209.3650597225369,209.80324437562697,24.808936480787867,14.692375397508712,0.0009234523464033632,0.00031973955610993966,5.061062184293029,0.5379703878552689,0.8756734541254867,1.1774265515525322,3.017530974270455,0.619031395295677,295.18152654263224,120.17172717718645,0.5818702666305755,3.0,286.30254137377267,97991.52405183048,1.1923430349845971,339.2693400725062,-0.07396315650441673,-0.0011995817788398224,210.01837296612706,26295.76456707819
2.4140625,285.86079563822705,209.5478608714738,209.98683041855762,22.217147694404904,14.798328096853975,0.0009369091302255149,0.0009013827615060544,5.059881016320341,0.5367892198825813,0.8755531573814527,1.1771088362585729,3.015556788771202,0.6195844944501451,282.2673347563921,120.38627479933774,0.5819791101682736,3.0,286.2919048283515,97972.33192063482,1.1921537988284747,339.26289432598105,-0.06989992473778116,-0.00041644997562557804,210.20202886665595,26337.593984421645
2.421875,287.498548437024,209.71494601388125,210.15452013858425,20.724220015728648,14.90440842145011,0.0009502895261785489,0.001426414236358404,5.05874135904318,0.5356495626054195,0.8754370350689075,1.1768230809750322,3.013860459061247,0.6200906769123725,274.88779659282625,120.58146717602447,0.5820787963037741,3.0,286.2812594351593,97953.12382489663,1.1919643911811344,339.25644321770653,-0.06205584358538704,-0.000233579942311136,210.36975752175152,26375.451246455053
2.4296875,289.1375655213495,209.87198949387547,210.3120214810419,19.60014434428313,15.010593571967506,0.0009635820536544948,0.0018689118734004564,5.057628117663171,0.5345363212254105,0.8753235538059103,1.1765849470046321,3.012613931987218,0.6205667771890728,269.3531429701519,120.76415207215663,0.5821726237861131,3.0,286.2706058241112,97933.9009012079,1.1917748232148673,339.2499871294114,-0.05103701796606253,-0.00020451372188310199,210.52727117433326,26410.762104683014
2.4375,290.77775359220396,210.011876204213,210.45222128316215,16.292388740853642,15.116863439423081,0.000976784893574553,0.0022078767583091816,5.056560160678281,0.5334683642405205,0.8752146417698312,1.1764055555012607,3.0119091373142948,0.6209918384288962,252.74918210212883,120.92489406304776,0.5822564465198625,3.0,286.25994460165066,97914.66424380956,1.191585105687573,339.2435264286003,-0.03739561720499357,-0.00014211629344621082,210.66746115199834,26441.737729751185
2.4453125,292.4189342120362,210.12608262382528,210.56659888346294,12.990728270578387,15.223194390938406,0.0009899027239058376,0.002427466947268595,5.055560130286069,0.5324683338483089,0.875112615283983,1.1762927976206434,3.0118018233666044,0.621340755371803,236.14522123410578,121.0524805937588,0.5823252913918803,3.0,286.24927692762174,97895.41594547505,1.1913952592092563,339.2370618181388,-0.02182130731367331,-0.0001445637776916391,210.78181224019337,26466.233527329176
2.453125,294.06089936574443,210.21177060202112,210.65233859747642,8.966000183826656,15.329564046620924,0.0010029492628295948,0.002518213229376122,5.054635573885722,0.5315437774479624,0.8750182529948674,1.1762516499614477,3.0123339696658036,0.6216052412000389,215.8514912842998,121.14303493120657,0.5823774999199556,3.0,286.23860415412264,97876.15844587292,1.1912053078178693,339.2305941173983,-0.005171994123061761,-0.00015295886934979584,210.8675152787779,26483.536926658107
2.4609375,295.7034188885809,210.26895037412592,210.70948222510432,5.677043528461746,15.435952101146482,0.0010159523474662189,0.002477565231977076,5.053786491477241,0.530694695039481,0.8749315633364858,1.1762835226664485,3.0135195932996273,0.6217854329933404,199.24753041627676,121.19647428839743,0.5824130803653963,3.0,286.2279277772242,97856.89444444995,1.1910152781212038,339.22412423299784,0.011631701970721164,-0.00011722880730450966,210.92461896800125,26493.65541074319
2.46875,297.3462848985521,210.3004725857827,210.74091928639834,2.396170314363812,15.542343733943413,0.0010289411113389092,0.0023095605376694498,5.053005335661438,0.529913539223678,0.8748517831197884,1.176386467108499,3.0153468398871053,0.621889862970932,182.64356954825368,121.21651789914345,0.5824337051507408,3.0,286.2172491481594,97837.62637931353,1.190825194156716,339.2176529837846,0.027818825510792605,-9.69147271872255e-05,210.95601973140697,26497.31472290272
2.4765625,298.98931178665936,210.31203154637635,210.75238881378635,0.5805604926912459,15.648729419539764,0.0010419445270745482,0.0020245811057940737,5.052277011639941,0.5291852152021805,0.8747773764425335,1.1765553049317365,3.0177792848920304,0.6219354636651607,173.41914684379643,121.2106699094111,0.5824427121893285,3.0,286.2065694733867,97818.35642734618,1.1906350773917036,339.21118110087235,0.04249500841142204,-0.00019477758309478015,210.96746319837786,26495.958745013053
2.484375,300.6323732093435,210.3093128931569,210.7496176398389,1.2653454365326529,15.755107411800083,0.0010550006822096455,0.001639447791800081,5.051586424614376,0.5284946281766156,0.8747068052167509,1.1767811529702141,3.020743477534632,0.6219391311240139,164.1947241393392,121.18653156794959,0.5824434366103223,3.0,286.19588957413924,97799.08607034614,1.1904449424414238,339.2047090819284,0.054861211422716154,-0.00024418943789487907,210.96468203958844,26491.029081242323
2.4921875,302.2753613189848,210.29373747860703,210.7340507616816,2.725464859547362,15.861480117547805,0.0010681584392845318,0.0011757757095005872,5.05092980088515,0.5278380044473899,0.874639686809587,1.177051761701149,3.0241207489156183,0.6219051354595955,156.81518597577337,121.1463009446178,0.5824367217041423,3.0,286.1852101514266,97779.8165731852,1.1902548017849086,339.19823735176453,0.06436006438075853,-0.0003390660601701731,210.94912574790513,26482.89180431556
2.5,303.9181793785628,210.2653069000041,210.70570411477183,4.553508658318432,15.967852885746307,0.001081466472537016,0.0006589947435203422,5.050307140452263,0.5272153440145035,0.8745760239219259,1.1773523952455096,3.027763713235837,0.6218335300679176,147.59076327131612,121.09032649434562,0.5824225790949453,3.0,286.1745318340393,97760.54907042654,1.1900646666189596,339.1917662914278,0.07052437516451009,-0.0006248363975225771,210.92081340297068,26471.554199309783
2.5078125,305.56072699134893,210.22545325598756,210.66602207514242,5.655548642163309,16.07423213389231,0.0010949688234145605,0.00011690815778069952,5.049714669616123,0.5266228731783631,0.8745154331430547,1.1776670704984316,3.0315163735537687,0.6217285760194822,142.05610964864175,121.02067241754746,0.5824018524741588,3.0,286.1638552745562,97741.28473955553,1.1898745485673317,339.18529629638107,0.07303679880562916,-0.0035336296699338666,210.88119127309514,26457.3822478867
2.515625,307.20292977426675,210.17703263211797,210.61787090267265,6.757947149782971,16.18062689220826,0.0011087047026046013,0.00042247110430071,5.049144840977542,0.5260530445397822,0.8744571445205553,1.1774811000944425,3.0302395557388717,0.6215987233152457,136.5214560259674,120.94106536247754,0.5823762130774546,3.0,286.1531809564672,97722.024452961,1.1896844562459397,339.1788276596192,-0.07207348147224565,-0.0009916960876498215,210.833126248781,26441.098182960428
2.5234375,308.8447171546381,210.1186398054119,210.55983671828557,8.219010056246654,16.287046305488847,0.001122707594468868,0.0009307489242110517,5.048601428236115,0.5255096317983541,0.8744015457625325,1.1771747796766905,3.02773233914158,0.6214397981321448,129.14191786240158,120.84964813826174,0.5823448397674346,3.0,286.14250933849485,97702.7690383422,1.1894943978321473,339.1723606591279,-0.067489926574836,-0.0004477113596938364,210.77520334001144,26422.349886036554
2.53125,310.48601132833056,210.0517251082916,210.4933639064606,8.951942640281034,16.393498030503014,0.0011369975478472487,0.0013821952973334438,5.048080657692245,0.5249888612544854,0.8743482523870466,1.1769013257531034,3.0255307336605672,0.6212560506370624,125.4521487806187,120.74805977730561,0.5823085751417946,3.0,286.13184092636584,97683.5194082112,1.1893043823429847,339.1658956013777,-0.059650387909864676,-0.0002820326193350598,210.7088648120941,26401.50220281665
2.5390625,312.12676065225173,209.97916339048706,210.4213204756175,9.678912985129115,16.499990206898303,0.0011515845195031631,0.0017547337304705142,5.04757498194675,0.5244831855089898,0.8742964932237711,1.1766738144679851,3.02377321244214,0.6210559260719795,121.7623796988358,120.63965944688512,0.582269089102956,3.0,286.1211760557603,97664.27616825496,1.189114415769121,339.1594326897907,-0.04912419188505856,-0.00023132812045399367,210.63697555520517,26379.27583326633
2.546875,313.7669174340052,209.8995665854908,210.3422938196532,10.758350730874128,16.606529096052,0.001166466376902904,0.002030362783294046,5.047088174699221,0.5239963782614604,0.8742466555741765,1.176502429583062,3.0225577400888546,0.6208352445062533,116.22772607616145,120.52236129581742,0.582225560054477,3.0,286.1105150366789,97645.03987782534,1.1889245036455405,339.1529721122274,-0.03631203623843516,-0.0001691619550411075,210.55811836631722,26355.318204409963
2.5546875,315.40641946761184,209.81155567897406,210.2548767726812,11.828563847325913,16.713117099217826,0.0011816343512025091,0.0021961708379193584,5.046624009649251,0.5235322132114906,0.8741991270003262,1.1763943634877392,3.0219523648741298,0.6205898393221674,110.69307245348709,120.39413330794947,0.5821771703729556,3.0,286.0998582734605,97625.81126649423,1.1887346531895735,339.14651411371705,-0.0220465045070928,-0.00019432193075988503,210.47088070050484,26329.27885438932
2.5625,317.0452086150272,209.71802394653847,210.1619459113839,12.16694303486021,16.819753929092947,0.001197064909763997,0.002245642212728724,5.046174939397654,0.5230831429598937,0.8741531357493589,1.1763536886228074,3.0220055287344847,0.6203281751270828,108.84818791259563,120.25845913937422,0.5821255933198451,3.0,286.0892061440023,97606.59101612348,1.188544871149585,339.14005892326537,-0.0070995623269734815,-0.00018111811446635786,210.37813386436056,26301.8794846926
2.5703125,318.68325302971317,209.62043657629818,210.06494454693825,12.85905540942107,16.92643826418093,0.001212721639763031,0.0021784050711281065,5.045737190244837,0.5226453938070765,0.8741082960622266,1.1763807750169073,3.022724789546807,0.6200544901489807,105.15841883081274,120.11712790091339,0.582071667398089,3.0,286.0785588553068,97587.3795002196,1.1883551612308787,339.1336066663159,0.007749621047103008,-0.00018344977609892834,210.2813155738675,26273.48191840429
2.578125,320.3205137800421,209.517412904676,209.9624617854962,13.54487185689275,17.03316504645474,0.0012285601705712631,0.0019999446369995963,5.045314535890393,0.5222227394526324,0.8740649951881401,1.1764722761012953,3.0240728091315527,0.6197646059411785,101.46864974902982,119.96845104441412,0.5820145725697397,3.0,286.0679166604297,97568.17717538534,1.1881655279605041,339.12715749622043,0.02178116359450421,-0.00013966648260515643,210.17900912959706,26243.734348641967
2.5859375,321.95695226170506,209.4104162892162,209.85594177609192,13.863435645052048,17.13992625618814,0.0012445380996575412,0.001721306698375792,5.044903202634728,0.5218114061969681,0.8740228471924392,1.1766220389106086,3.025991917181694,0.6194627650829406,99.62376520813838,119.81445182074293,0.5819551478616192,3.0,286.0572798102989,97548.98449438455,1.187975975828931,339.1207115650411,0.03423317167662701,-0.00011512610619979213,210.07265368297473,26212.998676712952
2.59375,323.5925301539907,209.29520990989087,209.74111373114712,15.634956093722453,17.246711237800078,0.0012606229276772242,0.00135870478983044,5.044514511576623,0.5214227151388633,0.8739830129534695,1.1768201694197598,3.0283715646629026,0.6191363579627293,90.39934250368113,119.65001760221905,0.5818909154712884,3.0,286.04664855399903,97529.80190665496,1.1877865092951003,339.1142690237234,0.044569140630329976,-0.0001587645613757731,209.95797345654128,26180.21068102522
2.6015625,325.2271538138058,209.16613955952843,209.6122894641079,17.408060360459874,17.35350265209197,0.0012767809757697846,0.0009318454637093809,5.044163557514451,0.521071761076691,0.8739470408423856,1.1770545123061336,3.0310747146374792,0.6187685962178591,81.17491979922386,119.46828437370968,0.5818185808967358,3.0,286.03602350021026,97510.63051047311,1.1875971392285654,339.10783024112743,0.052253789264855896,-0.00019467960355081096,209.82927608478647,26143.9564682379
2.609375,326.86071507901437,209.02324246994584,209.46949543643382,19.1828193771758,17.460280386042967,0.0012929838173133144,0.00046372005799263086,5.043850340448211,0.5207585440104511,0.8739149324727817,1.1773117906986235,3.0339685822584173,0.6183595478447518,71.9504970947666,119.2695614700145,0.5817381703070625,3.0,286.02540535198636,97491.47157439962,1.1874078781843043,339.1013956433037,0.05695240887155502,-0.0004471624122094163,209.68658568351756,26104.250400640674
2.6171875,328.493106049413,208.86654844598712,209.3127562891654,20.958934531572755,17.56702339752795,0.0013092023281506273,2.0940023447770356e-05,5.043574860377904,0.5204830639401438,0.8738866892852212,1.1775527827735541,3.0366609348833293,0.617909279047,62.72607439030935,119.05407503191144,0.5816497109240159,3.0,286.0147948106788,97472.32636392303,1.1872187386906543,339.0949656552714,-0.057516613001124844,-0.009907588071368574,209.52992575651595,26061.1073582768
2.625,330.12421532203683,208.69465674697747,209.14066746393956,23.101085640069176,17.673710096902667,0.0013254083915511792,0.0004958950342659612,5.0433408910031226,0.5202490945653622,0.8738626994973773,1.1772508287168113,3.0338812921943403,0.6174136443927197,51.65676714496064,118.8201516204592,0.5815524048025277,3.0,286.0041926004067,97453.19618561343,1.1870297336855478,339.0885407158465,-0.05657729152047517,-0.0004236472943998419,209.35789169517992,26014.187989256807
2.6328125,331.7539168308782,208.50616412387814,208.95182721652836,25.242471899138746,17.78031811814684,0.0013415789110057016,0.0009380378738229987,5.04315220602346,0.5200604095856997,0.8738433512728855,1.1769665127511644,3.0312316147827887,0.6168685097158025,40.58745989961193,118.5660218409701,0.5814454601440597,3.0,285.9935995405993,97434.08251801383,1.1868408778099984,339.08212132160315,-0.05178338332034164,-0.0002103984051921079,209.1690828509303,25963.156114909547
2.640625,333.382088365895,208.30393471577608,208.749119061368,26.651071163404644,17.886826399431815,0.0013576955317642302,0.0013252370832789627,5.043001258039729,0.5199094616019696,0.8738278716508503,1.1767131752481979,3.0288530359734755,0.6162823829371894,33.207921736046124,118.29520005407267,0.581330566689727,3.0,285.98301642562166,97414.98679444322,1.186652185262433,339.0757079539267,-0.04424387987454451,-0.0001662385522391379,208.96638529396046,25908.740929096908
2.6484375,335.00863376003167,208.08939768142773,208.53399141009677,28.423683637096854,17.99321747483156,0.0013737512610165806,0.0016388275759735766,5.042884273352339,0.5197924769145789,0.8738158743063777,1.1765017449292616,3.026858706228839,0.6156595426552203,23.98349903158887,118.00934526625028,0.5812085822575558,3.0,285.97244388055975,97395.91014278,1.1864636672269289,339.06930099161923,-0.03442531255670584,-0.00011417203181028102,208.75125077692553,25851.313860662456
2.65625,336.6334568700717,207.8639794524995,208.30789313812787,29.462428984616718,18.099475872731368,0.0013897439041202597,0.0018645180307326253,5.042797478261694,0.5197056818239341,0.8738069726911012,1.1763406647718464,3.025336920807452,0.6150042712451402,18.448845408914515,117.71011026742119,0.5810803636386623,3.0,285.9618825303445,97376.85369062299,1.1862753348880637,339.06290081338875,-0.022876681153704583,-9.801460364441489e-05,208.52513222100143,25791.245501701498
2.6640625,338.25649863161016,207.63479435043777,208.0779800541864,29.402743506768758,18.20559133767909,0.0014056730734429786,0.0019927163359070937,5.042722004269829,0.519630207832069,0.8737992319069964,1.1762363528615871,3.024371209545907,0.6143376862590055,18.448845408914515,117.40628212417214,0.5809500548861006,3.0,285.9513327588945,97357.81813069867,1.1860871951354135,339.0565076518901,-0.010236915192879049,-5.1538017441955114e-05,208.29519042192098,25730.315169987618
2.671875,339.87776662712207,207.4117888687036,207.8542495102027,27.8810204534517,18.311561325659365,0.0014215464641536527,0.0020185815407115382,5.042631435479591,0.519539639041831,0.873789942660206,1.1761928504517682,3.024029077915622,0.6136892895929195,25.82838357248032,117.11019517919537,0.5808234213311612,3.0,285.9407945169237,97338.80337407731,1.1858992471341072,339.05012147725574,0.002910592528170783,-9.294147371507535e-05,208.07142818577012,25670.99451862514
2.6796875,341.4973238162961,207.1949220023339,207.63668220443893,27.82399015322165,18.417390205036423,0.0014373769521327932,0.0019423458288733665,5.04252577189098,0.51943397545322,0.8737791047838726,1.1762099937383828,3.024308889545102,0.6130590399812788,25.82838357248032,116.82177876279658,0.580700444991376,3.0,285.93026739519405,97319.80868234727,1.1857114836285763,339.0437420414876,0.01588712678785713,-0.00010261310868541482,207.8538310076147,25613.274115851305
2.6875,343.11519206004704,206.9798892380652,207.42098204682054,27.401482493025455,18.523081730065275,0.0014531861298191678,0.001769420317422286,5.042416334602776,0.5193245381650158,0.8737678793616903,1.176284105133551,3.0251622577186077,0.6124342800095243,27.673268113371773,116.53576426283155,0.5805786497928522,3.0,285.9197512516097,97300.83379911668,1.1855239021263804,339.03736925847545,0.02808494443496874,-0.00016084835033710842,207.63810713813763,25556.091894071087
2.6953125,344.7313818723984,206.76381546623787,207.20428465454512,28.076646089612755,18.628641202348074,0.0014690053319671053,0.0015101068529293853,5.042310671014165,0.5192188745764048,0.8737570405606768,1.1764088833386699,3.0265184277799304,0.6118065733010154,23.98349903158887,116.24876238934878,0.580456390409221,3.0,285.9092460178294,97281.87860107362,1.1853365014500419,339.0310030868046,0.03878156896500117,-0.00017465427957059885,207.4213962413439,25498.742861970724
2.703125,346.3458516748464,206.53814194999288,206.97802209162307,29.847757605178266,18.734071993464614,0.0014848735965082007,0.0011792109236063134,5.042231423322707,0.5191396268849465,0.873748911161802,1.1765746884742208,3.0282577731241878,0.6111506557618356,14.759076327131611,115.95041113625814,0.5803287544474319,3.0,285.8987519641135,97262.94357586431,1.1851492864625954,339.0246436902528,0.047535209783837386,-0.00026000225807513793,207.19513331072065,25439.12470680876
2.7109375,347.9585079388974,206.30002634537365,206.7393557378152,31.250860736247056,18.83937512174562,0.0015008302152262412,0.0007946700777423779,5.042186138927588,0.5190943424898276,0.873744265676285,1.176770756351261,3.03026490674976,0.6104581595257007,7.3795381635658055,115.6374764404404,0.5801941315405503,3.0,285.88826969839715,97244.0298204212,1.1849622680532725,339.01829143722864,0.05393765140597251,-0.00034224832914283426,206.9564822363182,25376.550883999327
2.72265625,350.3739374933871,205.9326289782804,206.3712600792232,31.57169489888778,18.997099522884692,0.0015250121181710316,0.00016150090596304842,5.042157836180638,0.5190660397428781,0.8737413622054632,1.177097610022151,3.033562478166879,0.6093896612739418,5.304043055062923,115.15741397657077,0.5799866768201876,3.0,285.87256940629294,97215.70087959105,1.184682127036053,339.00877706021356,0.058564101817957875,-0.00165950102083821,206.58844382161678,25280.39696801563
2.740234375,353.9889514831296,205.37415944453474,205.8120881875896,32.05603575083492,19.23322730159372,0.001562037365658611,0.0007721812764271501,5.0421153820602145,0.5190235856224541,0.8737370069381128,1.176668485579299,3.0293147864118617,0.6077662509646656,2.1908003923085984,114.4330759041794,0.5796720956858799,3.0,285.84907181535965,97173.30282363236,1.1842628009721774,338.99453752010794,-0.054008120963047614,-0.0003153156108525782,206.0294391660967,25134.870548322713
2.7421875,354.390011776803,205.3115632248717,205.74943790468194,32.10992832492646,19.25943352252842,0.0015662139304192001,0.0008660883398919229,5.042110664935723,0.5190188684979625,0.8737365230149913,1.1766054992926671,3.028689762776758,0.6075843419706948,1.8448845408914514,114.3522601915562,0.5796368917765421,3.0,285.84646492345075,97168.59905849556,1.184216275455783,338.99295774361116,-0.05269697190903581,-0.00026522798716667657,205.96681316335153,25118.605703978108
2.7451171875,354.9913728656504,205.2176163232673,205.65541846655654,32.087915658288104,19.29873250177115,0.001572504864154736,0.001001148333416826,5.042107834661028,0.5190160382232676,0.8737362326606836,1.1765145010716158,3.0277826841093223,0.6073113496219229,1.8448845408914516,114.23108198810866,0.5795840783855074,3.0,285.8425560763732,97161.54610070102,1.18414651219722,338.9905889822822,-0.05046935069332106,-0.00022716180899005355,205.87283210396035,25094.209673981048
2.75,355.9930299847417,205.0611666080916,205.4988700630341,32.05125289775588,19.364204332386993,0.0015830611851949264,0.0012086078128585016,5.042103117536536,0.519011321098776,0.873735748736113,1.176373297360126,3.0263754862401293,0.60685680858464,1.8448845408914514,114.0295439993749,0.5794961887520026,3.0,285.83604530509916,97149.79834129894,1.1840303067872089,338.9866434548901,-0.0460575388493442,-0.00020823788905289977,205.71635259985385,25053.618174139785
2.7578125,357.5940935942467,204.81118847496637,205.24878471885947,31.99231108363143,19.468894784603187,0.0016001403886224048,0.0014862820974535392,5.0420955701373495,0.5190037736995895,0.8737349744549169,1.1761795226823448,3.0244454822742792,0.606130699709579,1.8448845408914514,113.70808807602492,0.5793559091909409,3.0,285.82563839163737,97131.02054826636,1.1838445513406946,338.9803368653322,-0.03742173417574689,-0.0001563317857166115,205.46638877197262,24988.84940941773
2.765625,359.1932022286907,204.56022162519497,204.99775536172294,32.297658347272744,19.573511463119477,0.0016174550729575266,0.0016868129387339029,5.042091796437757,0.5189999999999962,0.8737345873134494,1.1760311052645864,3.02296517951137,0.6054017969726133,0.0,113.38597607222201,0.5792152385391286,3.0,285.8152441855135,97112.26568381506,1.1836590092080035,338.9740379764212,-0.02731961154831896,-8.670659724030773e-05,205.21549171798824,24923.95149982913
2.77734375,361.588178080609,204.18250242399867,204.6199908001396,32.20428900436437,19.730306122934596,0.0016438627103539125,0.0018256389090022503,5.042091796437757,0.5189999999999962,0.8737345873134494,1.1759035241484739,3.0216893683502444,0.6043048009446721,0.0,112.9019549870299,0.5790038104577642,3.0,285.799676842476,97084.1766306392,1.1833810985748905,338.9646041665404,-0.010467826518381887,-6.330356737819681e-05,204.83793764815078,24826.495661673656
2.794921875,365.17235856647966,203.61802465579945,204.05544847771344,32.05770824614506,19.965214962321433,0.00168441282136162,0.0016593940804680066,5.042091796437757,0.5189999999999962,0.8737345873134494,1.1759322294531336,3.0219764213968414,0.6026653454596912,0.0,112.17957617498281,0.5786884609149334,3.0,285.77637966931786,97042.14020000926,1.1829651372487582,338.95048607960666,0.014626961017453517,-1.0847027474849313e-06,204.2737117868964,24681.23635496411
2.814921875,369.2383236868254,202.97909687480703,203.4162363553362,31.884800377279085,20.232047956096213,0.001731719093999504,0.0010045249947086181,5.042091796437757,0.5189999999999962,0.8737345873134494,1.1762393002953493,3.0250471298189985,0.600808799875445,0.0,111.36391005267349,0.5783322635476396,3.0,285.7499508960356,96994.45324300503,1.1824931803911503,338.9344702429976,0.03643424469814383,-0.0001753137046645587,203.6348123031151,24517.303227368375
2.834921875,373.2915474539708,202.34390709191376,202.78034838838886,31.71368415604731,20.498316425393057,0.0017797931562342484,6.843248892693832e-05,5.042091796437757,0.5189999999999962,0.8737345873134494,1.176714028326448,3.0297944101299845,0.5989615228112471,0.0,110.55958509981227,0.5779926239588216,3.0,285.7236049415492,96946.91572072153,1.1820226155861102,338.91850459457885,0.045037233389292476,-0.0025255827793012027,202.9991436208796,24354.77949460142
2.854921875,377.3321050726324,201.7124688643401,202.14773578034195,31.549826774129528,20.763883202608916,0.001827811594841184,0.0008533699146634978,5.042091796437757,0.5189999999999962,0.8737345873134494,1.1761766017621045,3.0244201444865504,0.5971233295427988,0.0,109.7668938246789,0.5776663147458431,3.0,285.69734131702785,96899.52675113345,1.1815534348945655,338.90258883811885,-0.038703070812839246,-0.00015899428351380315,202.36664223769168,24193.64048863838
2.874921875,381.3600702824003,201.08462935819082,201.51833120995178,31.392374871004545,21.028615112577736,0.0018751683051652236,0.0014853175981073526,5.042091796437757,0.5189999999999962,0.8737345873134494,1.1757312859496343,3.0199669863618483,0.5952940784346197,0.0,108.98251338473109,0.57734253247628,3.0,285.6711595431644,96852.285469399,1.1810856305390822,338.8867226831576,-0.01987251378798008,-1.165758963648104e-05,201.73725927339882,24033.865303074406
2.894921875,385.37551246737814,200.46011556895226,200.89206199686072,31.23790507593772,21.29242364612057,0.0019214653730644723,0.0016499980281886313,5.042091796437757,0.5189999999999962,0.8737345873134494,1.1755614239114522,3.018268365980028,0.5934736892660911,0.0,108.20444005987514,0.5770212491011721,3.0,285.645059168962,96805.19106175889,1.1806191952398422,338.870905856391,0.0052641333498478285,0.00010439712419079005,201.1109666835346,23875.438211000783
2.914921875,389.378494972116,199.838610455625,200.26885964894933,31.0851450659387,21.555290550857844,0.001966551001232314,0.0013201743084154806,5.042091796437757,0.5189999999999962,0.8737345873134494,1.1756824747243562,3.0194788741090672,0.591662128267461,0.0,107.43203803881616,0.5767024449696473,3.0,285.6190397826812,96758.24278528773,1.1801541224108185,338.8551381083048,0.028726522572915775,0.00017811412108975622,200.48775218752405,23718.347379809577
2.934921875,393.3690750154183,199.2198297743612,199.6486579793762,30.936232753133385,21.817270380655447,0.0020104899387528357,0.0006158052358693306,5.042091796437757,0.5189999999999962,0.8737345873134494,1.1760248950128036,3.0229030769935417,0.589859350147375,0.0,106.66646580583294,0.5763860985513574,3.0,285.59310101239976,96711.4399689048,1.17969040617047,338.83941921351425,0.04386763212838535,0.00039436335341465914,199.8675996215975,23562.580172078397
2.954921875,397.347304993229,198.60358406686422,199.03139441267788,30.793149205038436,22.078471345764072,0.002053757469457617,0.00024226223835206753,5.042091796437757,0.5189999999999962,0.8737345873134494,1.1761743357564403,3.024397484429908,0.5880652602936486,0.0,105.90917429652781,0.5760721798600745,3.0,285.567242517544,96664.78199809352,1.17922804119098,338.8237489656317,-0.046749535070192166,0.0007272763803470065,199.25047612914403,23408.12014753015
2.974921875,401.31323484709617,197.98982149183533,198.4170236109628,30.65405513576728,22.33902209176214,0.002097189000041902,0.0009981616330795105,5.042091796437757,0.5189999999999962,0.8737345873134494,1.1756600568569124,3.01925469543463,0.5862797338923909,0.0,105.16026277178207,0.5757606539066658,3.0,285.5414639734939,96618.2682871232,1.1787670224234463,338.8081271679373,-0.0370922198874274,9.641911393036787e-05,198.6363386365976,23254.948640742376
2.994921875,405.26691498041237,197.3786388468466,197.80553369168462,30.5137568346077,22.599035013050106,0.002141631431992417,0.0014394737106205194,5.042091796437757,0.5189999999999962,0.8737345873134494,1.1753324327530075,3.0159784543955803,0.5845026661764658,0.0,104.41840732847423,0.5754514895011829,3.0,285.5157650526273,96571.89824484652,1.1783073447590784,338.7925536218921,-0.0184164419808811,0.00011303267514964707,198.02515087272923,23103.048765342934
3.014921875,409.2083989490422,196.77024425007167,197.1969463630289,30.367907173632098,22.858576091929773,0.0021877540080734057,0.0014533639978172848,5.042091796437757,0.5189999999999962,0.8737345873134494,1.1752565776602013,3.0152199034675187,0.5827339977157446,0.0,103.68228667848126,0.5751446635811772,3.0,285.4901454068312,96525.67124314295,1.1778490027162616,338.77702811653967,0.0036931223787325307,7.274275908774033e-05,197.41689192861037,22952.407368870292
3.034921875,413.13774495889606,196.16487967138832,196.59129605268944,30.216674199426098,23.117649792980515,0.002235871493450699,0.0010532421368547903,5.042091796437757,0.5189999999999962,0.8737345873134494,1.175424583989235,3.0168999667578555,0.5809736912152297,0.0,102.95184450499727,0.5748401570895999,3.0,285.46460465776715,96479.58659935468,1.1773919902660626,338.7615504226069,0.022736724840027298,4.670013718006247e-05,196.81154839081609,22803.013143277123
3.0549218750000002,417.05501563355887,195.56273232239593,195.98860137880246,30.06429632659242,23.376202304283275,0.002285734204211029,0.0003702338723012487,5.042091796437757,0.5189999999999962,0.8737345873134494,1.1757603093191715,3.020257220057221,0.5792216882931657,0.0,102.22814036946477,0.5745379474741455,3.0,285.4391423983818,96433.64357901202,1.1769363008588098,338.7461202934194,0.03337230217055248,0.00020064138259613852,196.20909969911418,22654.853213474787
3.0749218750000002,420.96027622804115,194.9638713815948,195.38884850261297,29.915242906962682,23.63414103692665,0.002336679041395535,0.00039252105797994957,5.042091796437757,0.5189999999999962,0.8737345873134494,1.1756821641881616,3.019475768747122,0.5774778923373536,0.0,101.512074456759,0.5742380057930645,3.0,285.4137582045177,96387.84141678305,1.1764819276315122,338.73073747193774,-0.03320378147464006,0.00020285451325725363,195.60951234517205,22507.91183418805
3.0949218750000003,424.85359205862954,194.36823628533188,194.79199545793904,29.77108010281377,23.89136388602914,0.0023879117668547745,0.0010198550276257496,5.042091796437757,0.5189999999999962,0.8737345873134494,1.1752491359974993,3.015145486840498,0.5757421927349571,0.0,100.8034044402824,0.5739403009564299,3.0,285.3884516516189,96342.1793466172,1.176028863706737,338.71540170088105,-0.022795289293337004,0.00010399121651093172,195.01274808836706,22362.172330160738
3.1149218750000003,428.7350261360175,193.77566261927743,194.19798690637268,29.630662112271082,24.147788625941008,0.0024387841294452486,0.0013438104793612544,5.042091796437757,0.5189999999999962,0.8737345873134494,1.1749957268272164,3.01261139513767,0.5740145016457373,0.0,100.10101343672426,0.5736448060382101,3.0,285.3632223301159,96296.6566295046,1.1755771024681434,338.70011273205023,-0.005319705835510981,2.109541147192385e-05,194.41877641724287,22217.619966521193
3.1349218750000003,432.60463750892546,193.18592749995372,193.60676567127757,29.492581710901398,24.403375739396598,0.002488983765244812,0.0012873746888322122,5.042091796437757,0.5189999999999962,0.8737345873134494,1.1749664454271542,3.012318581137048,0.5722947657331761,0.0,99.40402898031661,0.5733515002168643,3.0,285.33806985619196,96251.27257290274,1.1751266377535907,338.68487033285237,0.013959619325245608,1.6368702230094362e-05,193.82757852451087,22074.242825673045
3.1549218750000003,436.46248062680905,192.59880234394217,193.0182763991143,29.35705457114804,24.658138236049723,0.0025385052755492457,0.0008812772051634555,5.042091796437757,0.5189999999999962,0.8737345873134494,1.1751433380505258,3.014087507370764,0.5705829436677368,0.0,98.71258537583807,0.573060364870019,3.0,285.3129938759257,96206.02653821076,1.1746774639297843,338.669674288811,0.029722530881814826,-5.584576038749584e-05,193.2391396867034,21932.030031699618
3.1749218750000003,440.3086057377794,192.01410271410302,192.43246649875064,29.225275250993615,24.912136317802574,0.0025877895995543897,0.0002503441329059926,5.042091796437757,0.5189999999999962,0.8737345873134494,1.1754538691380658,3.017192818246164,0.5688789749018843,0.0,98.02752032302445,0.5727713782563992,3.0,285.2879940627044,96160.9179361025,1.174229575846435,338.65452440199886,0.03791949441680375,-0.0004374203338188744,192.6534386876943,21790.96933987132
3.1949218750000004,444.14306016379084,191.43172550631468,191.84929126804667,29.097268919352988,25.165459503710593,0.0026375890897277258,0.0004261782677506699,5.042091796437757,0.5189999999999962,0.8737345873134494,1.175290494440367,3.015559071269176,0.5671827718037902,0.0,97.34941013434293,0.5724845142318574,3.0,285.2630701089353,96115.94621157076,1.173782968688176,338.63942048601484,-0.03662642955918375,-0.0002511530149417256,192.0704451532871,21651.04655698273
3.2149218750000004,447.96589017579157,190.85166965985567,191.26872367486635,28.970777227470126,25.41820201465662,0.002688670488180824,0.0009639645129498126,5.042091796437757,0.5189999999999962,0.8737345873134494,1.174915247966432,3.0118066065298255,0.5654942400401879,0.0,96.6779508712129,0.5721997457445397,3.0,285.23822171385734,96071.11082193482,1.173337637756427,338.6243623585975,-0.026616898645026067,-0.00013894440355699463,191.4901264510683,21512.2471215391
3.2349218750000004,451.77714301869554,190.27403085212393,190.6907606539641,28.84243299876265,25.670438548758042,0.0027416179284974395,0.0012245274099750656,5.042091796437757,0.5189999999999962,0.8737345873134494,1.1747041311717425,3.009695438582931,0.563813304629118,0.0,96.01226348801019,0.5719170492239886,3.0,285.21344857037843,96026.41121309108,1.1728935782335699,338.60934983364933,-0.011054308715044757,-0.00020126437769689057,190.91245650802693,21374.558081102965
3.2549218750000004,455.5768685585885,189.6989667877365,190.11541801473268,28.7102951520247,25.922206270338187,0.0027964848592461843,0.0011519673570553727,5.042091796437757,0.5189999999999962,0.8737345873134494,1.174689378319786,3.009547910063366,0.5621399153436711,0.0,95.3517370896721,0.5716364054388017,3.0,285.1887503543692,95981.84680019386,1.1724507849909003,338.5943827147477,0.005620601672804719,-0.00020949051500407495,190.33741763511088,21237.96846975343
3.2749218750000004,459.3651199594907,189.12664091687392,189.5427145747354,28.57517600272552,26.17349815383846,0.002852829324132646,0.0007774919296571623,5.042091796437757,0.5189999999999962,0.8737345873134494,1.174852805647685,3.0111821833423558,0.5604740281481111,0.0,94.69650839637903,0.5713577963370042,3.0,285.1641267202633,95937.41695971834,1.1720092525095063,338.5794607924796,0.019208396249145467,-0.0003285355072374977,189.7649942385765,21102.46787540045
3.2949218750000004,463.14195325884305,188.55716874473148,188.97265576484975,28.43989482323352,26.42426794453666,0.002909762239498014,0.00021169027766845266,5.042091796437757,0.5189999999999962,0.8737345873134494,1.1751300574052927,3.013954700918433,0.5588155830472739,0.0,94.04720211405521,0.5710812013414314,3.0,285.1395773038175,95893.1210344392,1.1715689749294507,338.5645838461134,0.02604345188159521,-0.0009386020743056647,189.1951653211235,20968.04477002197
3.3149218750000005,466.90742599035343,187.99058148730336,188.40522530687545,28.307096642945773,26.67444540237176,0.0029664559688592222,0.0003898403401199752,5.042091796437757,0.5189999999999962,0.8737345873134494,1.1749702365907928,3.0123564927734336,0.5571644994245346,0.0,93.40422093176376,0.5708065966111885,3.0,285.1151017310627,95848.9583495825,1.1711299462100926,338.54975164902396,-0.024777296760938382,-0.00046865415283465735,188.62790290782894,20834.68618442841
3.3349218750000005,470.661595413135,187.42682169508998,187.84038868272566,28.177742233052832,26.92395672298803,0.0030223442665749307,0.000869335263071208,5.042091796437757,0.5189999999999962,0.8737345873134494,1.1746340954295411,3.0089950811609167,0.5555206922307977,0.0,92.76731407086916,0.5705339577689708,3.0,285.0906996298146,95804.92823359481,1.17069216033649,338.53496397566767,-0.016038244868700015,-0.00013446053746379763,188.06317753209106,20702.378944824464
3.3549218750000005,474.40451689409224,186.86576239746515,187.2781019841857,28.05135541095292,27.172744596257704,0.0030771515660745373,0.0011105123128014424,5.042091796437757,0.5189999999999962,0.8737345873134494,1.1744391459245307,3.0070455861108125,0.553884091443585,0.0,92.1358163686759,0.5702632631235321,3.0,285.0663706401884,95761.03003711508,1.17025561150814,338.5202206079542,-0.002730872360206592,-2.1427958478002248e-05,187.50096482671864,20571.111126689015
3.3749218750000005,478.1362428320256,186.30723955391966,186.71831920424802,27.927292288752998,27.42078270282879,0.003130794016115657,0.0010630731466616872,5.042091796437757,0.5189999999999962,0.8737345873134494,1.1744144617017904,3.00679874388341,0.5522546463581652,0.0,91.50924538244514,0.5699944943405371,3.0,285.0421144215918,95717.26314559324,1.1698202942647127,338.50552133948463,0.011861489981833033,-0.00016252756288424468,186.94124697762345,20440.87235476096
3.3949218750000005,481.8568222643498,185.75108595970192,186.16099522917077,27.805630005496425,27.66808152973301,0.0031836633207341747,0.0007489014896878537,5.042091796437757,0.5189999999999962,0.8737345873134494,1.1745472691118017,3.008126817983523,0.5506323127623336,0.0,90.8876589997689,0.5697276342906226,3.0,285.0179306552817,95673.62698390256,1.1693862035322617,338.4908659771007,0.024100502170425926,-0.00013478947489690515,186.38400838189608,20311.652832283347
3.4149218750000006,485.5663011166564,185.1971623631103,185.6060863533526,27.687052820236815,27.914685019708813,0.0032364379974466288,0.00025602848536466295,5.042091796437757,0.5189999999999962,0.8737345873134494,1.174786318177924,3.0105173086447445,0.5490170325290087,0.0,90.27259629286655,0.5694695849650471,3.0,284.99381904274173,95630.12101341282,1.168953334594458,338.4762543399015,0.03078034998636102,-0.0003441040277474388,185.82922873922672,20183.441830744334
3.4349218750000006,489.26472301290937,184.64538240121345,185.0535515567001,27.57126903500289,28.160658650255048,0.0032896990514538742,0.0002839105003163178,5.042091796437757,0.5189999999999962,0.8737345873134494,1.1747196746084863,3.009850872950368,0.5474087200032771,0.0,89.66396609517828,0.5692178046408998,3.0,284.96977930041606,95586.74472248805,1.168521682998353,338.46168625605213,-0.030604513528456986,-0.00035337566778308893,185.27687844357627,20056.226706724243
3.4549218750000006,492.9521305898243,184.0957347481837,184.50336722891447,27.456719536831507,28.40607276102972,0.0033438528932562975,0.0007346185367743055,5.042091796437757,0.5189999999999962,0.8737345873134494,1.174404991377719,3.006704040642696,0.5458072995751397,0.0,89.06092096911627,0.5689678198110735,3.0,284.94581115116614,95543.497611071,1.1680912444011822,338.4471615576067,-0.023860862726493084,-0.00011571137831570568,184.72693129862836,19929.995675611706
3.4749218750000006,496.6285669613047,183.54827547708086,183.95552606334618,27.341343293099026,28.65098580364791,0.003398924256066938,0.0009898912977667229,5.042091796437757,0.5189999999999962,0.8737345873134494,1.1742062582240012,3.004716709105517,0.5442127066609979,0.0,88.4629718316643,0.5687196111034587,3.0,284.9219143147515,95500.37917350784,1.1676620143994965,338.43268007473944,-0.012749905400448566,-0.00011327961660117258,184.17936484600952,19804.737865821025
3.4949218750000006,500.29407686239,183.00310650732968,183.4100337918321,27.22371057576999,28.895431674491274,0.0034548705684839705,0.0009938996758768082,5.042091796437757,0.5189999999999962,0.8737345873134494,1.1741559348099586,3.0042134749650917,0.5426248909957042,0.0,87.86984267240373,0.5684731615221617,3.0,284.89808850039446,95457.5523283284,1.167235986946484,338.4182416312391,0.00025150827622937895,-0.00018780399297114783,183.634161476109,19680.477237341842
3.5149218750000006,503.9487072402672,182.4603398749959,182.86689690768557,27.104233020816295,29.139413282157403,0.003511349945385907,0.0007544194068646909,5.042091796437757,0.5189999999999962,0.8737345873134494,1.1742494398593237,3.005148525458743,0.541043797230061,0.0,87.28304436011571,0.5682284534159784,3.0,284.87433340293825,95416.72082339301,1.1668339992418297,338.4038460421806,0.011486455198197522,-0.00019666336332531734,183.09130185991833,19557.55250661166
3.5349218750000007,507.59250707667104,181.92006326192646,182.326116284358,26.98409709974364,29.382904115675977,0.003567894642055058,0.0003404165046897915,5.042091796437757,0.5189999999999962,0.8737345873134494,1.1744465381222005,3.00711950808751,0.5394693664254588,0.0,86.7011364300673,0.5679854687188713,3.0,284.8506487040016,95376.01032311798,1.1664331360829,338.389493114625,0.01846517858989444,-0.000421167088491354,182.55076545557893,19435.564970350217
3.5549218750000007,511.2255266644374,181.3823160055482,181.78768269396573,26.865144516934322,29.625857144449725,0.0036241953192316947,0.0001412550442201964,5.042091796437757,0.5189999999999962,0.8737345873134494,1.174518091973555,3.007835046601055,0.5379015370860013,0.0,86.12440547997751,0.5677441891153157,3.0,284.8270340766811,95335.42026560458,1.16603339251325,338.3751826504688,-0.01960285267961363,-0.0009236458628070426,182.01253085944361,19314.50441325091
3.5749218750000007,514.8478164650892,180.84707606679186,181.25157318697032,26.748499739718266,29.868218027848908,0.0036802046098133563,0.0005729748732216838,5.042091796437757,0.5189999999999962,0.8737345873134494,1.1742188489087968,3.0048426159534736,0.5363402415579164,0.0,85.55282640591103,0.5675045954929393,3.0,284.8034891929769,95294.95008706942,1.1656347635527329,338.360914450944,-0.015131546663280012,-0.00031755505876603237,181.47657459037677,19194.360271510417
3.5949218750000007,518.4594259461311,180.31426807280053,180.71775565043816,26.63435781896535,30.10993899602657,0.00373635693444599,0.000854953650362726,5.042091796437757,0.5189999999999962,0.8737345873134494,1.1740087062544358,3.0027411894098632,0.5347854173329353,0.0,84.98606514124513,0.5672666696819008,3.0,284.78001373135015,95254.5992348348,1.165237244325493,338.3466883211982,-0.006158069209134815,-0.00018135151925949766,180.94287491706856,19075.122448285325
3.6149218750000007,522.060402666363,179.78377968035755,180.18619368367715,26.52244591676059,30.35099048024871,0.0037931842645107386,0.000926217643972772,5.042091796437757,0.5189999999999962,0.8737345873134494,1.1739232073566386,3.0018862004318914,0.5332370134764379,0.0,84.42374871033554,0.5670303954219928,3.0,284.7566073826686,95214.36717754812,1.1648408301607809,338.3325040738972,0.004992657795292165,-0.00021954401256749643,180.41141403436973,18956.781765722513
3.6349218750000007,525.6507917635495,179.25548548397492,179.65685030743586,26.41260803885233,30.591368031987834,0.003851172678857175,0.0007788909366335382,5.042091796437757,0.5189999999999962,0.8737345873134494,1.1739668836006079,3.002322962871584,0.5316949871000048,0.0,83.86574474469055,0.5667957578006176,3.0,284.7332698535369,95174.25341090589,1.1644455166495609,338.31836153124334,0.015470916988707104,-0.00029358969513642024,179.8821768700492,18839.329701530845
3.6549218750000008,529.230635938769,178.72927086962673,179.1296901432938,26.30494384189616,30.83109271784709,0.003910625031478065,0.0004562874216710592,5.042091796437757,0.5189999999999962,0.8737345873134494,1.174114448698662,3.0037986138521267,0.53015929394555,0.0,83.31220580719281,0.5665627418079262,3.0,284.710000866398,95134.25745782861,1.1640512996464754,338.3042605250372,0.022947600062968615,-0.0004352320816773032,179.3551478987251,18722.75771367992
3.674921875000001,532.7999758823033,178.20505195851487,178.60468164935446,26.199424806670248,31.070205536102335,0.003971551349179586,4.0365710976613904e-05,5.042091796437757,0.5189999999999962,0.8737345873134494,1.1743179480689803,3.0058336075553083,0.528629881755364,0.0,82.76336887224856,0.5663313313371713,3.0,284.686800156765,95094.37886370244,1.1636581752231703,338.2902008949996,0.025577968323256983,-0.004431456823541977,178.83030889812196,18607.056773576758
3.694921875000001,536.3588510286914,177.68278869433044,178.08180021486152,26.095461231322428,31.308757692565315,0.004033706681014719,0.00037176978410805473,5.042091796437757,0.5189999999999962,0.8737345873134494,1.1740818622109355,3.0034727489748603,0.5271066916886409,0.0,82.21930465690434,0.566101509414255,3.0,284.66366746831346,95054.61718794343,1.1632661395853148,338.27618248579796,-0.02395348149115122,-0.00043646729495270035,178.30763942715194,18492.217472365213
3.714921875000001,539.9073004920132,177.16248857765868,177.56103098811664,25.991893674646846,31.54679914859916,0.004096541931212987,0.0006854567265059944,5.042091796437757,0.5189999999999962,0.8737345873134494,1.1738571133886195,3.001225260751701,0.5255896656511168,0.0,81.67983106931892,0.5658732593119163,3.0,284.6406025468019,95014.97199354794,1.1628751889696767,338.26220514336194,-0.017583172638159103,-0.00025881298468033193,177.78711930370906,18378.23053833043
3.734921875000001,543.4453639715389,176.64420113950945,177.04236961829207,25.887469299647663,31.78436818943639,0.00415940312944136,0.000833317795050568,5.042091796437757,0.5189999999999962,0.8737345873134494,1.1737307007118805,2.99996113398431,0.5240787528752753,0.0,81.14464514982956,0.565646565532979,3.0,284.617605134185,94975.44283697428,1.1624853195443647,338.2482687113161,-0.008495664485968748,-0.00017511565641467234,177.26873082844753,18265.08729198
3.754921875000001,546.973082444253,176.1280008354334,176.52581892522346,25.781553059519503,32.021483898007446,0.004221586148922607,0.0007882268233751833,5.042091796437757,0.5189999999999962,0.8737345873134494,1.1737184119101782,2.999838245967288,0.5225739101782721,0.0,80.61354564114404,0.5654214138324947,3.0,284.59467496411236,94936.02926040543,1.1620965273324622,338.2343730282521,0.001157556719601176,-0.0001752712746179792,176.75245887007,18152.779653386726
3.774921875000001,550.4904984312661,175.61396366573283,176.01138264626124,25.674454350151006,32.25814349957984,0.00428268147722719,0.000567079473907768,5.042091796437757,0.5189999999999962,0.8737345873134494,1.173810363568594,3.0007577625514448,0.5210750962004624,0.0,80.08654983223076,0.5651977903426024,3.0,284.57181176019674,94896.73078877258,1.1617088081825648,338.22051792667924,0.009162023484173465,-0.000163461815229142,176.23828891561462,18041.29973343871
3.794921875000001,553.9976557983294,175.10214500577584,175.49905920970974,25.567206613100836,32.49432471329782,0.004342599559239912,0.0002263295247000377,5.042091796437757,0.5189999999999962,0.8737345873134494,1.1739735468092498,3.0023895949580037,0.519582264938249,0.0,79.56382233656583,0.5649756806070967,3.0,284.5490152373108,94857.54693198386,1.1613221577906547,338.20670323381034,0.0137983364504075,-0.0003961384586136322,175.7262048835214,17930.639385361574
3.814921875000001,557.4945991647287,174.59256313890907,174.98883787903358,25.46094666301813,32.72999235449347,0.004401746493711429,0.0001544182229771693,5.042091796437757,0.5189999999999962,0.8737345873134494,1.1739791237012944,3.00244536387845,0.5180953638910791,0.0,79.04548702511163,0.5647550693157395,3.0,284.5262851054292,94818.47719152851,1.1609365717651834,338.1929287738901,-0.014205367227350107,-0.0007373694255514869,175.2161884984984,17820.790083274474
3.834921875000001,560.9813731089023,174.08519585523584,174.48069910465745,25.356403091559727,32.96510738325394,0.004460765383127216,0.000489948197902077,5.042091796437757,0.5189999999999962,0.8737345873134494,1.1737453395238573,3.0001075221040785,0.5166143381082154,0.0,78.53149212796389,0.5645359409147395,3.0,284.50362107479214,94779.52106935212,1.1605520457146377,338.179194371324,-0.010505751760173517,-0.00030519753640428086,174.70822066211107,17711.743208100474
3.854921875000001,564.4580213885783,173.5799843663887,173.97461687819438,25.25381637007651,33.199636161016095,0.004520388692255671,0.0007073400322758505,5.042091796437757,0.5189999999999962,0.8737345873134494,1.1735819137886017,2.998473264751522,0.5151391362329256,0.0,78.02162792029925,0.5643182805014173,3.0,284.48102286097424,94740.67807656972,1.1601685753335862,338.16549985375036,-0.0035227031458308325,-0.00030739860143805194,174.2022834984365,17603.490464370585
3.874921875000001,567.9245863059873,173.07684468603193,173.4705618245069,25.15311978595069,33.43355835316999,0.004581344369863677,0.000763781952851871,5.042091796437757,0.5189999999999962,0.8737345873134494,1.1735138531881646,2.9977926587471515,0.5136697136711419,0.0,77.51567474400953,0.5641020742814964,3.0,284.45849018901106,94701.94774055794,1.1597861564728054,338.1518450545407,0.004863218488265091,-0.00025898151629155945,173.69836142653423,17496.024092670883
3.894921875000001,571.3811083766012,172.57568472856426,172.96850404328214,25.054232262839637,33.6668712665624,0.004644121280311221,0.0006540807831683198,5.042091796437757,0.5189999999999962,0.8737345873134494,1.1735441562554534,2.9980956894200395,0.5122060304149423,0.0,77.01354512577177,0.5638873092355474,3.0,284.43602279555205,94663.32960865604,1.1594047851759743,338.13822981410453,0.012906370055943821,-0.00021495056211277012,173.19644042461798,17389.336714325593
3.914921875000001,574.8276263190294,172.07641936470182,172.46841482041003,24.957140099475588,33.899590082065835,0.004708768558002492,0.00040768942751765136,5.042091796437757,0.5189999999999962,0.8737345873134494,1.1736556004702685,2.9992101315681907,0.5107480460341796,0.0,76.51530415557268,0.5636739723771105,3.0,284.41362042892627,94624.82324827879,1.159024457680965,338.12465397992935,0.01892437524332733,-0.0002564945634896512,172.69650633623198,17283.42098673617
3.934921875000001,578.2641773335882,171.57898339989669,171.97026831053242,24.8617183590818,34.13174431273076,0.0047749082312571805,8.223753764675985e-05,5.042091796437757,0.5189999999999962,0.8737345873134494,1.1738144259106285,3.00079838597179,0.5092957159604473,0.0,76.02107221132873,0.5634620502113753,3.0,284.39128284733164,94586.42824380417,1.1586451703892686,338.111117405483,0.0216430655242577,-0.00118676811978929,172.19854361321234,17178.269351995485
3.954921875000001,581.6907976026426,171.0833418483553,171.47404378258375,24.76752300637563,34.3633715208982,0.00484199034931582,0.00024999339264471053,5.042091796437757,0.5189999999999962,0.8737345873134494,1.1736832110916309,2.9994862377818143,0.5078489917979577,0.0,75.53089163605016,0.5632515287879923,3.0,284.3690098155828,94548.14419098325,1.1582669198109043,338.09761994824316,-0.020698981202011614,-0.00022259359576177502,171.70253542000438,17073.874060723436
3.974921875000001,585.1075229413912,170.58949267746192,170.97972726248133,24.673817878494894,34.59450946744939,0.004909433284548108,0.0005200648138154972,5.042091796437757,0.5189999999999962,0.8737345873134494,1.1734924255252872,2.9975783821183777,0.5064078250987448,0.0,75.0446678352135,0.5630423942550731,3.0,284.34680110088095,94509.97068966927,1.1578897024926724,338.08416146713387,-0.01654083773337445,-7.430050596067585e-05,171.20846490890412,16970.227427359496
3.994921875000001,588.5143894241376,170.09746266562402,170.48731175273772,24.579782121175434,34.82518891710163,0.004976702411501423,0.0006739205432252766,5.042091796437757,0.5189999999999962,0.8737345873134494,1.173370771061699,2.996361837482495,0.5049721711555647,0.0,74.56222273498965,0.5628346334066302,3.0,284.32465646874306,94471.90733682063,1.15751351494904,338.0707418200583,-0.01003581833062959,4.723760710064715e-05,170.7163165010472,16867.322081765833
4.014921875000001,591.9114338813677,169.60729862254738,169.99679571130898,24.484899361945715,35.05542820522142,0.0050435041014201265,0.0006840214589266659,5.042091796437757,0.5189999999999962,0.8737345873134494,1.1733343351363148,2.9959974782286536,0.5035419899473322,0.0,74.08340716572512,0.5626282338106114,3.0,284.3025756797711,94433.95372094725,1.1571383536072326,338.05736086194133,-0.0026507765928399417,5.870392061691424e-05,170.22607620476532,16765.151026608928
4.034921875,595.2986941620013,169.11905326338575,169.50817949338958,24.389166967394296,35.28523052634706,0.00510982529333215,0.0005511480820717803,5.042091796437757,0.5189999999999962,0.8737345873134494,1.1733826528968447,2.996480655833953,0.5021172436789096,0.0,73.6081793050337,0.5624231834453135,3.0,284.28055848794696,94396.10941918055,1.1567642147782184,338.0440184436959,0.0041008853216239,0.00010024665131032822,169.73773078309108,16663.707468031836
4.054921875,598.6762091016911,168.63277009837338,169.02146122076627,24.2931225401903,35.51458441276039,0.0051758545218100836,0.0003080096863009655,5.042091796437757,0.5189999999999962,0.8737345873134494,1.1734965785688027,2.997619912553533,0.5006978930181795,0.0,73.1366023743304,0.5622194701550138,3.0,284.258604640839,94358.37399762763,1.1563910946601346,338.0307144123484,0.008764625185595766,0.0002540841114808814,169.2512664816928,16562.984563967137
4.074921874999999,602.044018206109,168.14847062876802,168.53663337690372,24.197589985428785,35.74346727916274,0.00524206158153805,9.347471218059502e-06,5.042091796437757,0.5189999999999962,0.8737345873134494,1.1736438127209394,2.9990922540749,0.49928389433182246,0.0,72.66908035635342,0.5620195944953547,3.0,284.23671388166025,94320.74701490978,1.1560189893732193,338.0174486122861,0.00924119138365689,0.004973888082526093,168.7666680952489,16462.975243715246
4.094921874999999,605.4021611135685,167.6661467929293,168.05368021474473,24.103218925707612,35.97185117347792,0.0053090495220973885,0.0002847154253044502,5.042091796437757,0.5189999999999962,0.8737345873134494,1.1734529630348753,2.997183757214259,0.49787519596949725,0.0,72.20559916958184,0.5618234602143678,3.0,284.2148859527618,94283.22802816637,1.1556478950191553,338.00422088737366,-0.00899654270688203,7.626529539701843e-05,168.2839177128184,16363.67196888134
4.1149218749999985,608.7506770407418,167.18576526161903,167.5725824787125,24.01031229207804,36.19970917888893,0.005377245571529234,0.0005119959229655705,5.042091796437757,0.5189999999999962,0.8737345873134494,1.1732907792901976,2.995561919767482,0.4964717527175761,0.0,71.7457431667462,0.5616286054415656,3.0,284.19312059923516,94245.81659924751,1.1552778077423422,337.9910310831365,-0.004793155202735851,2.2205560467231282e-05,167.8029996046655,16265.06768948393
4.134921874999998,612.0896043174935,166.70727143864477,167.0933175637187,23.918977809724698,36.427021282035014,0.005446883147299628,0.000630646872811841,5.042091796437757,0.5189999999999962,0.8737345873134494,1.1731928240074694,2.9945823669401994,0.49507352347565864,0.0,71.28936765455866,0.5614350182894692,3.0,284.1714175719363,94208.5122999113,1.1549087237813718,337.9778790485934,0.001176316421086678,0.00010990925978935974,167.32389943741714,16167.155685740172
4.154921874999998,615.4189800474753,166.23059920490323,166.61586139967113,23.82920082952396,36.65377858610634,0.005517856136337571,0.0006208455616205107,5.042091796437757,0.5189999999999962,0.8737345873134494,1.1731706862053122,2.9943609889186273,0.4936804708740765,0.0,70.83636358939545,0.5612426874730981,3.0,284.14977662969136,94171.31471561563,1.1545406395066438,337.96476463759296,0.007716209297156227,0.0001578268638261913,166.84660414513334,16069.929538958744
4.174921874999997,618.7388399739608,165.7556803755,166.140189854357,23.74094259287021,36.87998504846165,0.0055897926517549336,0.000488931069806111,5.042091796437757,0.5189999999999962,0.8737345873134494,1.1732206467506572,2.9948605943720774,0.4922925592251882,0.0,70.38670793542136,0.5610516020204875,3.0,284.12819754016925,94134.2234470174,1.154173551435322,337.95168770934254,0.013455815192872997,0.00011861760350689159,166.37110123690383,15973.382994433685
4.194921874999997,622.0492185500715,165.28245563086483,165.66628026981834,23.654126019075033,37.10565663813086,0.005662235571506707,0.00026470976660628926,5.042091796437757,0.5189999999999962,0.8737345873134494,1.1733252456372714,2.9959065832382192,0.4909097517113545,0.0,69.94044714955749,0.5608617508833564,3.0,284.1066800794245,94097.2381091877,1.153807456223696,337.93864812813126,0.017350746305581637,0.00038521036060332246,165.89737784625171,15877.509777176057
4.214921874999996,625.3501491987108,164.8108823706811,165.1941127830168,23.56852690030248,37.330818125360125,0.005734753845937058,7.707862393196652e-06,5.042091796437757,0.5189999999999962,0.8737345873134494,1.1734494935894673,2.9971490627601782,0.48953200906842675,0.0,69.49763250516934,0.5606731227587327,3.0,284.08522403020834,94060.35832870779,1.1534423506385498,337.92564576230626,-0.009228796659939857,0.016211431578098293,165.42542028576727,15782.30350724105
4.234921874999996,628.6416647077348,164.34094018063325,164.72367175538085,23.483739307856816,37.55549830205749,0.005806970162966563,0.00026334882371203906,5.042091796437757,0.5189999999999962,0.8737345873134494,1.1732715652037007,2.9953697789025124,0.4881592904904405,0.0,69.05825579678573,0.5604857062164026,3.0,284.0638291793997,94023.58373925406,1.1530782315135435,337.91268048271627,-0.017288619963453544,0.0004936278875758743,164.95521435216568,15687.757759199565
4.2549218749999955,631.9237976816759,163.8726310469469,164.25494647037735,23.399213791565103,37.779724706118365,0.0058785536402298595,0.00046372617816026743,5.042091796437757,0.5189999999999962,0.8737345873134494,1.1731265074286024,2.993919201151529,0.4867915559168807,0.0,68.62223615768629,0.5602994900122276,3.0,284.04249531506906,93986.913976551,1.1527150956992973,337.8997521609318,-0.013582640636846024,0.00031979370372236436,164.4867460983484,15593.866208966812
4.274921874999995,635.1965809683852,163.40597608917864,163.78793096024268,23.31443350030935,38.00351883876352,0.0059493513637264754,0.0005683929940167753,5.042091796437757,0.5189999999999962,0.8737345873134494,1.1730380669776184,2.9930347966416893,0.48542876783813804,0.0,68.18945944795844,0.5601144633309206,3.0,284.0212222237055,93950.34867360473,1.1523529400162043,337.88686066756554,-0.008418967159067783,0.00023371433224318651,164.02000244255296,15500.62274711608
4.294921874999995,638.4600479670446,162.9410079065163,163.32262242720515,23.22913376697475,38.226892857823984,0.0060194762627281476,0.0005619245020768255,5.042091796437757,0.5189999999999962,0.8737345873134494,1.1730152660946385,2.9928067878118902,0.48407089134993075,0.0,67.7598398927377,0.5599306157880168,3.0,284.00000968821416,93913.88745726152,1.151991761220333,337.87400587105776,-0.0028047389899692322,0.00017060386364390365,163.55497118597467,15408.021478775785
4.314921874999994,641.7142327640685,162.47776119406132,162.85901884730572,23.14338084164454,38.449848211749114,0.006089154848085271,0.0004498987710201127,5.042091796437757,0.5189999999999962,0.8737345873134494,1.173054827774282,2.993202404608326,0.4827178925674741,0.0,67.33335338852682,0.559747937210623,3.0,283.9788574870335,93877.52994668954,1.1516315559883494,337.8611876371423,0.0021054034256724197,0.00022201397207276486,163.09164047654525,15316.056619743891
4.334921874999994,644.9591700763006,162.016262666487,162.39711630182555,23.057536424405257,38.67237634973008,0.006158736260692194,0.00025803828783348734,5.042091796437757,0.5189999999999962,0.8737345873134494,1.1731416663774483,2.994070790639989,0.48136973661806587,0.0,66.91002633342927,0.5595664173650987,3.0,283.957765394504,93841.27575401345,1.1512723209237634,337.8484058290694,0.005483046388054681,0.0003834495394755913,162.62999813077258,15224.722368249091
4.354921874999993,648.1948950162051,161.55652443667788,161.93690732244906,22.972073858337108,38.89446134583933,0.006228782593609367,2.5334585981464268e-05,5.042091796437757,0.5189999999999962,0.8737345873134494,1.1732528719457047,2.9951828463225527,0.48002638674160386,0.0,66.48988947913001,0.5593860458378035,3.0,283.9367331823946,93805.12448693784,1.1509140525828918,337.83566030853115,0.0063576534157400375,0.002566046315574048,162.1700313303681,15134.012849326286
4.374921874999993,651.421442760122,161.09854059215908,161.478380316314,22.887431285106636,39.1160836054501,0.006299942086031304,0.00020824881465218744,5.042091796437757,0.5189999999999962,0.8737345873134494,1.1731190534746503,2.9938446616120085,0.47868780493897084,0.0,66.07293587868139,0.5592068121247996,3.0,283.91576062205917,93769.07575245363,1.1505567475115772,337.82295093696786,-0.005930426227864701,0.00016177984280281882,161.71172684202278,15043.922157712976
4.3949218749999925,654.6388481871123,160.6422873577187,161.02152001277176,22.80390118538756,39.3372239776534,0.00637271901921759,0.0003952482910245562,5.042091796437757,0.5189999999999962,0.8737345873134494,1.1729830652082383,2.992484778947888,0.47735395362734045,0.0,65.65910640542069,0.5590287058543473,3.0,283.89484748678376,93733.12916087311,1.1502004022852017,337.810277576991,-0.0030059522995196757,7.953914658306224e-05,161.25507157732596,14954.444463071739
4.414921874999992,657.8471455419195,160.18772610754866,160.56630847033117,22.721619910322183,39.557867698464,0.006447310100012805,0.0005054048770696747,5.042091796437757,0.5189999999999962,0.8737345873134494,1.1728925854737278,2.9915799816027833,0.476024797132965,0.0,65.2483133712875,0.5588517169841115,3.0,283.8739935539775,93697.28432959551,1.1498450135460605,337.79764009371036,0.0012210386044234464,3.153879727727731e-05,160.8000530976028,14865.57410301485
4.434921874999992,661.0463681996505,159.73480940645618,160.1127264258341,22.640615435808268,39.77800722645521,0.006523646325161125,0.0005220889923198616,5.042091796437757,0.5189999999999962,0.8737345873134494,1.172857358682949,2.991227713694995,0.4747003020242191,0.0,64.84048167872055,0.5586758358413011,3.0,283.8531986067022,93661.54088573609,1.1494905780295002,337.7850383556615,0.006056802188736173,1.4946396441837585e-05,160.34665972669495,14777.305601962642
4.454921874999991,664.2365485504973,159.2834873467726,159.66075439275681,22.560869508824375,39.997643673032535,0.0066014348750066945,0.0004448106099093867,5.042091796437757,0.5189999999999962,0.8737345873134494,1.1728776671422287,2.991430798287793,0.47338043621179826,0.0,64.43557658283902,0.5585010529990876,3.0,283.83246243442176,93625.89846741415,1.1491370925767759,337.77247223525956,0.010605416939254484,2.6511024095958306e-06,159.8948802470647,14689.633612896836
4.474921874999991,667.4177180133995,158.83371380260715,159.2103736207562,22.482313332660794,40.21678666091148,0.006680296754050391,0.00029015691590095655,5.042091796437757,0.5189999999999962,0.8737345873134494,1.172943780439431,2.992091931259815,0.4720651675291808,0.0,64.03360469574545,0.5583273590864967,3.0,283.8117848329129,93590.3567236003,1.14878455413363,337.75994160874524,0.014055966366504045,-7.403716868400155e-06,159.44470342017866,14602.552827816218
4.49492187499999,670.589907177779,158.38545247400614,158.76156713561878,22.4047897459699,40.4354526243436,0.006759845860725795,8.900932211085433e-05,5.042091796437757,0.5189999999999962,0.8737345873134494,1.1730375536928204,2.9930296637937093,0.4707544627211308,0.0,63.63458697506668,0.558154744655086,3.0,283.79116560334444,93554.915312533,1.1484329597346723,337.7474463556267,0.015765956307898312,0.0002559971735569842,158.996117644577,14516.05791481737
4.51492187499999,673.7531460384789,157.93868111298264,158.31432069445364,22.328043038374318,40.653662019632954,0.006839678056470961,0.00012184744299270479,5.042091796437757,0.5189999999999962,0.8737345873134494,1.1729934431374998,2.992588558240503,0.4694482875341417,0.0,63.23852347980609,0.5579832001923424,3.0,283.77060455074985,93519.57389909368,1.1480823064774135,337.73498635775445,-0.01562569364870733,0.00040497881250819295,158.54911098601454,14430.14352394898
4.5349218749999896,676.9074642965375,157.49339224126214,157.86862322978456,22.25172640632914,40.87143584516816,0.0069193785957235064,0.0003045826706339669,5.042091796437757,0.5189999999999962,0.8737345873134494,1.1728610683710128,2.9912648105756334,0.46814660770658395,0.0,62.84537653841558,0.55781271625254,3.0,283.75010148207247,93484.33215144627,1.1477325914889738,337.7225614981359,-0.013631030624835103,0.00025544587234017284,158.1036715113305,14344.804347988707
4.554921874999989,680.0528916504678,157.04959278422382,157.4244670966455,22.175476198685434,41.08879237704433,0.006998606993099638,0.0004277049881817088,5.042091796437757,0.5189999999999962,0.8737345873134494,1.1727640574157057,2.9902947010225622,0.46684939010717813,0.0,62.4550795522978,0.5576432836047953,3.0,283.7296562042719,93449.18973778294,1.147383811893819,337.7101716597888,-0.01027252172616429,0.00022219268367221673,157.65978767236282,14260.03519116074
4.574921874999989,683.1894580456299,156.60729962136386,156.98184725499485,22.09904041499145,41.305744466581714,0.007077219588933083,0.00047287488003153606,5.042091796437757,0.5189999999999962,0.8737345873134494,1.1727131727526838,2.989785854392344,0.4655566032045153,0.0,62.067565769538064,0.5574748932916661,3.0,283.7092685227034,93414.14632353796,1.1470359647861141,337.69781672475824,-0.006209398654490091,0.00011707981573590639,157.2174484639594,14175.830995893697
4.594921874999988,686.3171938231567,156.1665346767826,156.54076010774412,22.02232926130679,41.52229799500862,0.007155142417228703,0.0004341683418624998,5.042091796437757,0.5189999999999962,0.8737345873134494,1.17271188618997,2.9897729887652047,0.46426821664782153,0.0,61.682792303632866,0.5573075365714834,3.0,283.68893824014947,93379.2015697238,1.1466890472131939,337.6854965735306,-0.002076367567989167,7.148467986216813e-05,156.7766432820271,14092.186815285724
4.614921874999988,689.4361297622389,155.7273187932708,156.1012019110203,21.94545432608939,41.738451487587824,0.007232373313128766,0.00032030910822454853,5.042091796437757,0.5189999999999962,0.8737345873134494,1.1727550771025699,2.9902048978912044,0.4629842002578956,0.0,61.300749035741376,0.5571412047853074,3.0,283.66866515654544,93344.3551324587,1.1463430561708536,337.6732110848666,0.0013871178986832417,3.2874559529621946e-05,156.33736158264253,14009.097750563147
4.634921874999987,692.5462970028201,155.28966620878109,155.66316733493272,21.868687857189787,41.95419700189348,0.0073090002599542235,0.0001535152414036826,5.042091796437757,0.5189999999999962,0.8737345873134494,1.1728296917406094,2.990951044271599,0.46170452312647225,0.0,60.921445816511884,0.5569758892400445,3.0,283.64844906948167,93309.6066638304,1.1459979886119014,337.6609601361059,0.0034825939518256495,-4.686681824158902e-05,155.89959257806754,13926.55889644724
4.654921874999987,695.6477268587063,154.85357972827396,155.22664834304237,21.792363478867944,42.16952219701189,0.007385218743542893,3.580490751365797e-05,5.042091796437757,0.5189999999999962,0.8737345873134494,1.1728755421062527,2.9914095479280323,0.46042915338183943,0.0,60.54488681102387,0.556811581179192,3.0,283.6282897754184,93274.95581398415,1.1456538414668822,337.64874360390354,-0.003897316844672515,-0.0007828755215341864,155.46332515798707,13844.565327791623
4.674921874999987,698.740450573799,154.4190493634174,154.79163404258284,21.71676873199611,42.384413043971875,0.00746127684931111,0.00021246208503061242,5.042091796437757,0.5189999999999962,0.8737345873134494,1.1727477835070765,2.990131961936271,0.4591580588055679,0.0,60.171050705537404,0.5566482718632695,3.0,283.60818707127027,93240.40223384618,1.14531061167113,337.6365613651898,-0.0028191894485212208,-0.0002710439910070504,155.02854809822756,13763.112137585711
4.694921874999986,701.8244990681574,153.98605313517257,154.35811109140204,21.642099400097756,42.59885669601397,0.007537517255175053,0.00034842393861515104,5.042091796437757,0.5189999999999962,0.8737345873134494,1.172644237215801,2.989096499023516,0.4578912077885331,0.0,59.79989006744816,0.5564859526923507,3.0,283.58814075605693,93205.94557796091,1.144968296192974,337.6244132981705,-0.00037080916199935625,-0.00022966733597641007,154.59525038399417,13682.194494535719
4.714921874999986,704.8999027281312,153.55456027170155,153.92606454975535,21.568450493936073,42.812843912527164,0.007614308322500104,0.0004226735790480598,5.042091796437757,0.5189999999999962,0.8737345873134494,1.1725772594391333,2.9884267212568383,0.4566285699928261,0.0,59.431347892155394,0.5563246152890597,3.0,283.56815063226713,93171.58550683562,1.1446268920570728,337.6122992831539,0.0030411326717805862,-0.00022338488145675817,154.1634214336566,13601.807681965089
4.734921874999985,707.9666912617487,153.1245344132872,153.49547857603298,21.49584930930136,43.02637076606713,0.007691961251509745,0.0004252096862706816,5.042091796437757,0.5189999999999962,0.8737345873134494,1.1725527189920069,2.988181316785574,0.45537011639633773,0.0,59.065377806164115,0.5561642515016394,3.0,283.5482165067986,93137.32168855614,1.1442863963605274,337.60021920312,0.006620855722107142,-0.00018903539893569787,153.73305111395388,13521.947099205288
4.754921874999985,711.0248936396736,152.69593870144791,153.06633737343705,21.42427229163349,43.23943935967553,0.007770642431307987,0.00035812612657293275,5.042091796437757,0.5189999999999962,0.8737345873134494,1.1725693820566296,2.988347947431802,0.45411581869471934,0.0,58.701956260266144,0.5560048533253984,3.0,283.5283381913421,93103.1537994466,1.1439468062794995,337.5881729439533,0.010025666200517733,-0.0003007933541370521,153.30412953809784,13442.608224761922
4.774921874999984,714.074538117939,152.26873937768465,152.63862578774342,21.353648190522456,43.45205757333334,0.007850416937829258,0.00023458395226527823,5.042091796437757,0.5189999999999962,0.8737345873134494,1.1726195151406358,2.9888492782718634,0.4528656485741653,0.0,58.341079927293336,0.5558464128090772,3.0,283.50851550223337,93069.08152381532,1.1436081190667553,337.57616039435345,0.012552295812292131,-0.00041083745410345357,152.87664682016532,13363.786572401734
4.794921874999984,717.115652341906,151.84290968072077,152.2123300437487,21.283844679537985,43.66423785403418,0.00793123333615831,7.669210615578021e-05,5.042091796437757,0.5189999999999962,0.8737345873134494,1.172690110676428,2.989555233629786,0.4516195772262815,0.0,57.982751436061534,0.5556889219932881,3.0,283.4887482597776,93035.10455279339,1.1432703320401845,337.5641814454252,0.013780037555599017,-0.0010181795064482266,152.45059291111872,13285.477662166913
4.814921874999984,720.148263516255,151.41843242391454,151.78743834551926,21.214654296215013,43.875995258435594,0.008012881837808763,8.783597507295271e-05,5.042091796437757,0.5189999999999962,0.8737345873134494,1.1726610664758006,2.9892647916235116,0.45037757541707785,0.0,57.62696239705334,0.5555323729197068,3.0,283.4690362871443,93001.22258243542,1.1429334425639714,337.5522359900094,-0.013699315457537347,-0.0005915892296451076,152.02595762179374,13207.677024325903
4.834921874999983,723.1723986026203,150.99530047081822,151.36394097749607,21.14587038589347,44.08734520984101,0.008095062351976491,0.0002318820508090318,5.042091796437757,0.5189999999999962,0.8737345873134494,1.172553708713366,2.988191213999165,0.4491396134065493,0.0,57.27382885662341,0.5553781583905697,3.0,283.44937940908295,92967.43531151148,1.1425974480266794,337.54032392190425,-0.012281579915669933,-0.00012027631716149119,151.6027305954055,13130.380194475143
4.854921874999983,726.1880845112961,150.57351558215026,150.94183008673656,21.077243583370183,44.29830129916759,0.00817740183726293,0.0003338175224367453,5.042091796437757,0.5189999999999962,0.8737345873134494,1.1724713730284781,2.987367857150287,0.44790566102672574,0.0,56.92322377905989,0.5552254778624166,3.0,283.42977745067657,92933.74243936522,1.1422623458199763,337.52844513511,-0.009932598050942506,2.7579118091142565e-06,151.18090133356438,13053.582717982841
4.874921874999982,729.1953482631573,150.15308670785322,150.52110009779332,21.008590758415973,44.50887359360491,0.008259588404596977,0.0003793709480662474,5.042091796437757,0.5189999999999962,0.8737345873134494,1.1724224499989317,2.986878626854823,0.446675690645729,0.0,56.575039170337035,0.5550737090679473,3.0,283.41023023628946,92900.1436641048,1.1419281333206501,337.5165995231914,-0.0069735095033469,3.0747588872009554e-05,150.76046019641944,12977.280322095963
4.894921874999982,732.1942171045957,149.73402672088562,150.1017465614096,20.939830124961585,44.71906751388749,0.008341363223003918,0.0003620600049980008,5.042091796437757,0.5189999999999962,0.8737345873134494,1.1724107482568404,2.98676160943391,0.4454496755104878,0.0,56.229241324773106,0.5549228446185469,3.0,283.3907375888201,92866.63868131886,1.1415948078778364,337.504786978825,-0.0038269555156631497,3.20547290678843e-05,150.3413978429539,12901.468817223293
4.9149218749999815,735.1847185470226,149.3163487860382,149.68376519452372,20.871015378012363,44.92888346149504,0.00842255008663413,0.00028690059145473955,5.042091796437757,0.5189999999999962,0.8737345873134494,1.1724333169348025,2.98698729621353,0.4442275891427777,0.0,55.885813926636466,0.5547728772094305,3.0,283.37129932944435,92833.22718363501,1.141262366808617,337.4930073936433,-0.001156450437900574,7.022111320943707e-05,149.92370502702383,12826.144060981907
4.934921874999981,738.1668803321189,148.90006193663578,149.26715075934655,20.802294849636503,45.13831723182335,0.008503081905147534,0.00016711439641545135,5.042091796437757,0.5189999999999962,0.8737345873134494,1.1724823803102813,2.9874779299683185,0.4430094048135377,0.0,55.544752532685294,0.5546237995546297,3.0,283.3519152778412,92799.90886110823,1.1409308074018754,337.48126065837175,0.0008030096595415422,3.1992213730044454e-05,149.50737241998763,12751.301927525952
4.954921874999981,741.1407303235299,148.48516915737875,148.85189658413935,20.733875337713744,45.34736120840084,0.008583061936907853,2.3989291428541462e-05,5.042091796437757,0.5189999999999962,0.8737345873134494,1.1725453990637966,2.988108117503472,0.4417950953641406,0.0,55.20605367941834,0.5544756043653264,3.0,283.33258525289705,92766.6834024308,1.1406001269303307,337.46954666325564,0.0015055086336142655,-0.00044974196963228053,149.09239055058632,12676.93829746453
4.97492187499998,744.1062963602674,148.07166481905662,148.43799402882436,20.665976968717043,45.55600597171319,0.00866264608190362,0.00012205977926317641,5.042091796437757,0.5189999999999962,0.8737345873134494,1.1724661040700195,2.9873151675657006,0.44058463338111054,0.0,54.86970350971039,0.5543282843715027,3.0,283.3133090736582,92733.55049657027,1.1402703226668451,337.4578652986369,-0.0011058080731289773,-0.0002824141848749184,148.67874986417212,12603.049068243008
4.99492187499998,747.0636060816983,147.65953471238473,148.02543260795883,20.598762713233352,45.764242236115116,0.008742134694118466,0.00024384574121990928,5.042091796437757,0.5189999999999962,0.8737345873134494,1.172372959385759,2.986383720723096,0.43937799168678193,0.0,54.53567367504329,0.5541818323815296,3.0,283.29408656046894,92700.50983472467,1.1399413919039008,337.44621645564416,0.0003215783481555379,-0.0002616232912279157,148.26644088858404,12529.630182391164
5.014921874999979,750.0126867763638,147.2487582431495,147.61420057926,20.532334813842954,45.97206254815742,0.008821927500367786,0.0003262653079710382,5.042091796437757,0.5189999999999962,0.8737345873134494,1.1723032023623459,2.9856861504889642,0.43817514376759675,0.0,54.20392729093437,0.5540362413332366,3.0,283.2749175359536,92667.5611120117,1.1396133319704453,337.43460002678785,0.002563324248546163,-0.00025625961842964284,147.85545437889928,12456.677651660875
5.034921874999979,752.9535652659847,146.8393096348986,147.2042852491044,20.466758058604984,46.17946261136688,0.008902362765943962,0.0003564126293206794,5.042091796437757,0.5189999999999962,0.8737345873134494,1.17226442716576,2.9852983985231063,0.43697606395726024,0.0,53.87442771836699,0.5538915043145874,3.0,283.2558018257711,92634.70402876458,1.1392861402448327,337.4230159064173,0.005348244424836118,-0.00031252256788024817,147.44578137937424,12384.187566761333
5.0549218749999785,755.8862678271294,146.4311607073811,146.79567354420504,20.402039814329534,46.386442190976005,0.008983746713275636,0.00033099902284483996,5.042091796437757,0.5189999999999962,0.8737345873134494,1.1722585654118431,2.985239780983937,0.4357807272783328,0.0,53.547148470876586,0.5537476145429457,3.0,283.2367392591236,92601.9382914073,1.1389598141635848,337.4114639910289,0.008086714799028947,-0.0004218921826708213,147.03741317005756,12312.156087548028
5.074921874999978,758.8108201788156,146.02428442782661,146.38835269752167,20.338135188489876,46.593005267688994,0.009066302890685286,0.00025648338422339686,5.042091796437757,0.5189999999999962,0.8737345873134494,1.17228181520599,2.985472278925405,0.4345891090327454,0.0,53.222076169819324,0.5536045653145698,3.0,283.21772966883765,92569.26361259313,1.1386343512228223,337.39994417931564,0.010412394559594397,-0.0005871754004354264,146.63034112858682,12240.579419142787
5.094921874999978,761.7272475292959,145.618657154615,145.98231066460855,20.274965041707055,46.79915951188271,0.009150157159657023,0.00014557030565241313,5.042091796437757,0.5189999999999962,0.8737345873134494,1.1723266989659926,2.985921116525432,0.43340118445535136,0.0,52.899204866462576,0.5534623499624622,3.0,283.19877289105955,92536.67971068181,1.138309748973106,337.3884563719821,0.011912522982658949,-0.0010581642354447513,146.2245566131797,12169.453791941587
5.114921874999977,764.6355746714382,145.21426122234894,145.57753667447983,20.212398777243525,47.00491520960113,0.00923528744997267,1.9831900515268948e-05,5.042091796437757,0.5189999999999962,0.8737345873134494,1.1723804975426158,2.986459102291663,0.43221692856736527,0.0,52.578527939877944,0.5533209618387381,3.0,283.1798687646356,92504.18630867406,1.1379860050088675,337.37700047136923,0.010191761316409727,-0.00740314448997709,145.82005091300576,12098.775453108792
5.134921874999977,767.5358261075069,144.81108524539178,145.17402134994177,20.150288138311467,47.21028387360456,0.009321600539987993,0.00011243227997046006,5.042091796437757,0.5189999999999962,0.8737345873134494,1.1723054402795514,2.9857085296610197,0.4310363163335293,0.0,52.2600304171525,0.5531803943333946,3.0,283.16101713030116,92471.78313281732,1.1376631169545541,337.3655763809625,-0.01219202111903923,-0.0011571417072125674,145.416815300988,12028.540675137667
5.154921874999976,770.4280261807738,144.40912475585037,144.77175693790696,20.088456441748477,47.415276805938674,0.009408915564021325,0.000219525412735205,5.042091796437757,0.5189999999999962,0.8737345873134494,1.1722219645659238,2.984873772524743,0.42985932295156254,0.0,51.943687345509176,0.5530406409084568,3.0,283.142217829825,92439.46991113543,1.1373410824500052,337.3541840048739,-0.010893951031875656,-0.0004494561882714389,145.01484113121194,11958.745771605003
5.174921874999976,773.3121992108257,144.00838152806904,144.37073723812244,20.026745349225436,47.61990365153305,0.00949694645879327,0.00029058353226225464,5.042091796437757,0.5189999999999962,0.8737345873134494,1.1721599029190197,2.984253156055703,0.428685924124092,0.0,51.629467418106074,0.5529016951294914,3.0,283.1234707051296,92407.24637191682,1.1370198991354024,337.3428232473085,-0.008976257061664123,-0.0002314623240639878,144.61411993040267,11889.387111658594
5.1949218749999755,776.1883695957133,143.6088614624614,143.97095715081184,19.965064214221908,47.82417133586048,0.009585433348806365,0.00031751878892078485,5.042091796437757,0.5189999999999962,0.8737345873134494,1.172124012786946,2.9838942547349645,0.42751609612964886,0.0,51.31734101180338,0.5527635506729027,3.0,283.10477559762785,92375.11224257326,1.1366995646399018,337.33149401216247,-0.0066753593649068995,-0.00011249283219226137,144.21464342166172,11820.46112317275
5.214921874999975,779.0565618739901,143.2105721348975,143.57241208395322,19.90337633536324,48.02808344384533,0.009674139791179044,0.00029723098474635884,5.042091796437757,0.5189999999999962,0.8737345873134494,1.1721161173297374,2.9838153001628798,0.4263498156621968,0.0,51.00728506519511,0.5526262013058788,3.0,283.08613234781905,92343.06724894681,1.136380076574727,337.32019620277833,-0.004391859727069494,-6.378509285760058e-05,143.8164034701906,11751.964283139105
5.234921874999975,781.9168007363369,142.8135208662805,143.17509744911357,19.841729523451484,48.231640133856665,0.009762858585176712,0.00023454969330113665,5.042091796437757,0.5189999999999962,0.8737345873134494,1.1721333722528724,2.9839878493942296,0.425187059572529,0.0,50.6992856099722,0.5524896408551477,3.0,283.0675407952138,92311.11111517982,1.1360614325318703,337.3089297218996,-0.002423738161595039,-5.750420305784803e-06,143.4193919960113,11683.893102908576
5.254921874999974,784.7691109935662,142.41771195150125,142.77900796301577,19.780226966144788,48.43483850570829,0.009851458330386946,0.0001397225884636662,5.042091796437757,0.5189999999999962,0.8737345873134494,1.172169742712587,2.9843515539913756,0.424027804609253,0.0,50.393334220021,0.5523538631761904,3.0,283.0490007785418,92279.24356407252,1.1357436300876569,337.2976944717964,-0.0010365420695959793,-9.500253117646669e-06,143.02360088663838,11616.244113739845
5.274921874999974,787.6135175015471,142.02314556923102,142.38413737723673,19.719004315902822,48.63767341936952,0.00993983740215466,2.7743809314685372e-05,5.042091796437757,0.5189999999999962,0.8737345873134494,1.1722163882461711,2.984818009327217,0.42287202735060975,0.0,50.08942245731433,0.552218862145214,3.0,283.0305121362399,92247.46431792168,1.1354266668111095,337.28649035456135,-0.00043381376885862554,0.00011510639930456102,142.62902197420524,11549.013863094671
5.294921874999973,790.4500450671247,141.62981632490948,141.99047816711047,19.658201637929608,48.840138514758046,0.010027965077704907,8.798111220649478e-05,5.042091796437757,0.5189999999999962,0.8737345873134494,1.1721613959491877,2.9842680863573823,0.42171970430865113,0.0,49.787536756247945,0.5520846316713037,3.0,283.0120747070637,92215.77309957184,1.13511054027444,337.2753172724806,0.0006555014388926761,2.3354006399335774e-05,142.235647070757,11482.198920410841
5.314921874999973,793.2787183360966,141.2377137801825,141.59802170702122,19.597934975634136,49.04222743097897,0.010115848088639903,0.00018802622142620858,5.042091796437757,0.5189999999999962,0.8737345873134494,1.1720830114529195,2.9834842413947005,0.42057081217031844,0.0,49.487656519476424,0.5519511657242595,3.0,282.99368833081536,92184.16963366684,1.1347952480655485,337.2641751284741,0.0016278395216349172,-4.268359173121789e-05,141.84346804973487,11415.795890223073
5.3349218749999725,796.0995616959202,140.84682248686934,141.20675833220167,19.538295777561,49.243934876792316,0.010203575842998339,0.00026016410702803185,5.042091796437757,0.5189999999999962,0.8737345873134494,1.1720212382491448,2.982866509356954,0.4194253280367038,0.0,49.189756021787396,0.5518184583617652,3.0,282.9753528489765,92152.65364773682,1.1344807877988914,337.2530638264798,0.003246561924241927,-9.323193145190664e-05,141.45247692680468,11349.801424920292
5.354921874999972,798.9125991872431,140.45712354425336,140.81667771730693,19.479338146688928,49.44525761300879,0.010291322996968718,0.00029466222854839874,5.042091796437757,0.5189999999999962,0.8737345873134494,1.171981809425692,2.9824722211224253,0.41828322954011343,0.0,48.89380903217222,0.5516865037420108,3.0,282.9570681052829,92121.22487318669,1.13416715712537,337.2419832718014,0.005279067867976943,-6.071752322329055e-05,141.062665899442,11284.212230658091
5.374921874999972,801.7178544486839,140.06859605324078,140.42776919190104,19.42107681899521,49.64619507397324,0.010379242783530276,0.0002877594252444465,5.042091796437757,0.5189999999999962,0.8737345873134494,1.1719669377947164,2.9823235048126695,0.4171444947985961,0.0,48.59979374706581,0.551555296117398,3.0,282.93883394608355,92089.88304591301,1.1338543537385235,337.2309333713266,0.007363148374311749,-7.646079822918137e-05,140.67402733164107,11219.025064368278
5.394921874999971,804.5153507005804,139.68121927228134,140.04002218294957,19.363492224888898,49.84674955746348,0.010467457542994399,0.00024163984756931354,5.042091796437757,0.5189999999999962,0.8737345873134494,1.1719753361905065,2.982407488770571,0.4160091022264016,0.0,48.30769497934345,0.5514248298118098,3.0,282.9206502204462,92058.62790648564,1.1335423753763774,337.2199140335904,0.00925296035883467,-4.8296830657660534e-05,140.28655368997826,11154.236723038319
5.414921874999971,807.3051107636759,139.29497420194912,139.65342652758687,19.306533141906172,50.046926024107,0.010556009762682577,0.0001637941354258431,5.042091796437757,0.5189999999999962,0.8737345873134494,1.1720025921858657,2.9826800487241623,0.4148770303332931,0.0,48.01750281412997,0.5512950991969684,3.0,282.9025167800361,92027.4591999389,1.1332312198193975,337.20892516870185,0.010735220078358193,-2.8603753805743476e-05,139.90023747587267,11089.84403253937
5.43492187499997,810.0871571066208,138.90984502269865,139.26797277617115,19.250119837166043,50.2467315769972,0.010644890065747413,6.565132014924904e-05,5.042091796437757,0.5189999999999962,0.8737345873134494,1.1720419681023342,2.9830738078888475,0.41374825760312095,0.0,47.72920875146284,0.5511660986782169,3.0,282.88443347880695,91996.3766752409,1.1329208848852268,337.197966688157,0.011525348667222846,-2.324798161797058e-05,139.51507118454018,11025.843840841746
5.45492187499997,812.8615119256115,138.52582023915187,138.88365246388264,19.194140092164748,50.44617459604376,0.010734070621597765,3.7992169604955085e-05,5.042091796437757,0.5189999999999962,0.8737345873134494,1.1720398111352366,2.9830522382178715,0.4126227625011649,0.0,47.44280153964309,0.5510378226951894,3.0,282.8664001724835,91965.38008440373,1.1326113684198327,337.18703850452505,-0.011589299435691551,1.080064787560524e-05,139.1310473073238,10962.233018152523
5.4749218749999695,815.6281972349614,138.14289333999974,138.5004583046298,19.138480881172384,50.645263766577195,0.010823551201129931,0.00013351359697018943,5.042091796437757,0.5189999999999962,0.8737345873134494,1.171964964927602,2.982303776141526,0.4115005236060167,0.0,47.15826466194754,0.5509102657366034,3.0,282.8484167179727,91934.46918147159,1.132302668287427,337.1761405310915,-0.0110479793404793,3.6347270870025163e-06,138.74815837600002,10899.008463633263
5.494921874999969,818.3872349582348,137.7610615357612,138.11838394519603,19.08303863549094,50.84400711910661,0.01091339390473943,0.00020959629709738374,5.042091796437757,0.5189999999999962,0.8737345873134494,1.1719017254976842,2.981671381842348,0.4103815197585779,0.0,46.87557743219159,0.5507834223567459,3.0,282.83048297277145,91903.64372150258,1.1319947823603176,337.1652726814995,-0.00989395813090845,-8.587178643127314e-06,138.3663970128491,10836.167112897943
5.514921874999969,821.1386470016076,137.38032575823186,137.73742399545955,19.027705865096003,51.04241127449961,0.011003709945731788,0.000254995383092265,5.042091796437757,0.5189999999999962,0.8737345873134494,1.171856724251537,2.9812213693808753,0.40926573015884304,0.0,46.594717021333324,0.5506572871857941,3.0,282.81259879448953,91872.90345974907,1.1316877085107313,337.15443486946066,-0.008254101345120519,-3.0703647247909085e-05,137.9857559631419,10773.705942647108
5.534921874999968,823.8824553200961,137.00068971053773,137.35757381310438,18.972431351576898,51.240480774302796,0.011094660714745299,0.00026488317083126183,5.042091796437757,0.5189999999999962,0.8737345873134494,1.1718328035712264,2.98098216257777,0.4081531343664907,0.0,46.31566278606625,0.5505318549291324,3.0,282.79476404041935,91842.24815091776,1.131381444603431,337.14362700849415,-0.0064708996931707365,-8.588069319901862e-05,137.60622809520393,10711.621970175618
5.554921874999968,826.6186819510528,136.62215767409208,136.97882896463224,18.917210318220167,51.438217759031744,0.011186382706124055,0.00023907722648737644,5.042091796437757,0.5189999999999962,0.8737345873134494,1.1718300694657786,2.9809548215232917,0.4070437121734365,0.0,46.03839850193914,0.5504071203522989,3.0,282.7769785673181,91811.67754879543,1.13107598849198,337.13284901179475,-0.004756370102451635,-0.00010029184261944798,137.2278063573676,10649.912246229364
5.574921874999967,829.3473490126719,136.24473326524853,136.60118489875333,18.86207731495849,51.635622009727506,0.011278951004452798,0.00018118311135756503,5.042091796437757,0.5189999999999962,0.8737345873134494,1.1718463983963991,2.981118110829497,0.405937443457038,0.0,45.762912326469895,0.5502830782640041,3.0,282.7592422314176,91781.19140626567,1.1307713380189097,337.12210079223905,-0.0032523764069970844,-0.00015791075089360688,136.85048372846742,10588.573847025305
5.594921874999967,832.0684786784324,135.8684181227431,136.22463660980597,18.807111148185754,51.83269123431939,0.011372378198588294,9.970238012166891e-05,5.042091796437757,0.5189999999999962,0.8737345873134494,1.1718767785424273,2.981421912289779,0.40483430806469684,0.0,45.48919522352655,0.5501597235029294,3.0,282.74155488859014,91750.7894755944,1.130467491018575,337.1113822624856,-0.002269115294283167,-0.00023979077505211684,136.47425317896688,10527.6038680783
5.6149218749999665,834.7820931235599,135.49321050531694,135.84917830070614,18.75241406405357,52.02942164200419,0.011466609211641178,8.528646772553809e-06,5.042091796437757,0.5189999999999962,0.8737345873134494,1.1719130082749463,2.9817842096149683,0.4037342857856303,0.0,45.2172375785718,0.5500370509344435,3.0,282.72391639469686,91720.47150902802,1.1301644453231379,337.1006933351863,-0.0012900742467180314,-0.0014716509534667829,136.09910766152223,10466.99942269401
5.634921874999966,837.4882144484415,135.11910481316647,135.47480328923845,18.69809492403586,52.22580875881076,0.011561508090326219,8.600997745578006e-05,5.042091796437757,0.5189999999999962,0.8737345873134494,1.1718496412540538,2.9811505394060434,0.4026373564392207,0.0,44.94702638440773,0.5499150554603212,3.0,282.7063266060851,91690.23725964906,1.1298621987711281,337.0900339232876,0.0022714010615095264,5.5259293947070874e-05,135.72504014087974,10406.757646542515
5.654921874999966,840.1868646013808,134.74609152949392,135.1015040270045,18.644229391593026,52.421848253250886,0.011656920835355139,0.00016555141552360565,5.042091796437757,0.5189999999999962,0.8737345873134494,1.171785168710819,2.980505813973695,0.40154350002385236,0.0,44.67854478556301,0.5497937320350006,3.0,282.688785380091,91660.0864822392,1.1295607492160837,337.07940394033517,0.0030175792490992484,8.249338339689394e-05,135.3520436441561,10346.875705264041
5.674921874999965,842.8780653134094,134.374158458041,134.72927241412555,18.590878260100453,52.61753663915757,0.01175266362060089,0.00022357793571738327,5.042091796437757,0.5189999999999962,0.8737345873134494,1.1717335181916015,2.979989308781521,0.40045269683723145,0.0,44.411773626717405,0.5496730756784236,3.0,282.6712925754628,91630.01893400766,1.1292600945338547,337.06880330073045,0.00429893621166677,0.00011880749222182839,134.9801113014758,10287.350800452294
5.694921874999965,845.5618380439817,134.00329080617092,134.3580998024267,18.53809511702401,52.81287186461652,0.011848590764724975,0.00025227481793281813,5.042091796437757,0.5189999999999962,0.8737345873134494,1.17169929784104,2.9796471052759066,0.399364927431154,0.0,44.14672870416954,0.5495535206446097,3.0,282.6538480527141,91600.03437519778,1.1289602326286894,337.0582319199448,0.005859181348193413,0.0001238199617567928,134.6092363307818,10228.180167031212
5.714921874999964,848.2382039394302,133.63347219615315,133.98797713703186,18.48588669239938,53.00785374068627,0.011944597286062697,0.0002492703236351541,5.042091796437757,0.5189999999999962,0.8737345873134494,1.1716839035194107,2.979493162059612,0.3982801722573525,0.0,43.88338226447408,0.5494349338303919,3.0,282.6364516743937,91570.13256955132,1.128661161437906,337.0476897146826,0.007470790871920137,0.00018909270273894372,134.23941191850648,10169.361054883882
5.734921874999964,850.9071838193289,133.26468669927718,133.61889564856446,18.434234067812298,53.202484099909,0.01204060812439468,0.00021597203886910966,5.042091796437757,0.5189999999999962,0.8737345873134494,1.171686504632024,2.979519173185745,0.39719841250623183,0.0,43.62169577494539,0.549316997406165,3.0,282.61910330517435,91540.31328446076,1.1283628789334437,337.0371766029357,0.008950220860221271,0.00025018541419520796,133.87063150226857,10110.890771509661
5.7549218749999635,853.5687981957304,132.89691945984703,133.2508468545028,18.38310322162351,53.3967666188868,0.012136573514004647,0.00015709864380424556,5.042091796437757,0.5189999999999962,0.8737345873134494,1.1717043195728116,2.979697322593622,0.3961196295411424,0.0,43.36165894248216,0.5491997066466165,3.0,282.60180281172774,91510.57629075435,1.1280653831197411,337.02669250390704,0.01016677206062508,0.00036657445536667556,133.50288858012416,10052.766652576265
5.774921874999963,856.2230672988849,132.5301574693215,132.88382271226544,18.3324371396395,53.590706545583345,0.012232469485331549,8.062918220576473e-05,5.042091796437757,0.5189999999999962,0.8737345873134494,1.1717326415352751,2.979980542218257,0.3950438047771067,0.0,43.103262728647465,0.549083056861986,3.0,282.58455006255724,91480.92136240884,1.1277686720308897,337.01623733790973,0.01088733590042053,0.0006488916289354232,133.13617666963228,9994.98605548554
5.794921874999963,858.8700111296382,132.16439082630546,132.51781591466343,18.282160076252325,53.784310146085055,0.012328330228733484,4.98576910029022e-06,5.042091796437757,0.5189999999999962,0.8737345873134494,1.1717605850819603,2.980259977685109,0.39397091966096615,0.0,42.846497085164756,0.5489670433956847,3.0,282.5673449276573,91451.34827596394,1.1274727437248002,337.00581102616036,0.0,0.0,132.77048930106616,9937.546358138432
5.814921874999962,861.5096495193088,131.7996124852038,132.1528198509929,18.232192257524268,53.97758407874396,0.012424261687081502,8.501300782987938e-05,5.042091796437757,0.5189999999999962,0.8737345873134494,1.1716965805158954,2.97961993202446,0.39290095573177797,0.0,42.59134942774582,0.5488516616305934,3.0,282.5501872781245,91421.85680985346,1.1271775962765287,336.99541349054346,-0.010905008164140586,0.00020333688018352,132.40582003766022,9880.444961748928
5.834921874999962,864.1420021910797,131.43581860207095,131.78882871305285,18.182443857011275,54.17053476208238,0.012520461495125377,0.00015329149367431668,5.042091796437757,0.5189999999999962,0.8737345873134494,1.17163962591911,2.9790503860566053,0.3918338946980239,0.0,42.337804446886665,0.5487369069970611,3.0,282.533076985758,91392.44674371935,1.1268832277714314,336.98504465336936,-0.01013539201634474,-5.156760068779508e-05,132.0421625015172,9823.679294447327
5.854921874999961,866.7670888192805,131.07300816710625,131.4258374303373,18.132846858310806,54.36316777447031,0.012617148151853975,0.0002008855249858106,5.042091796437757,0.5189999999999962,0.8737345873134494,1.1715949961611636,2.9786040884771414,0.39076971850668396,0.0,42.0858453785367,0.5486227749798984,3.0,282.51601392267463,91363.11785774937,1.1265896362985444,336.9747044371409,-0.009019366386032434,-0.00014358396645690514,131.67951039677456,9767.24681441289
5.874921874999961,869.384929079355,130.71118203319384,131.06384144583976,18.083347198972028,54.55548735823941,0.012714464595793,0.00022201087085587049,5.042091796437757,0.5189999999999962,0.8737345873134494,1.1715661026967457,2.978315153832962,0.3897084093528351,0.0,41.83545569882251,0.5485092611189012,3.0,282.4989979609842,91333.86993211882,1.1262968199450043,336.96439276435643,-0.00767660353296114,-0.00016588696532103268,131.3178575127413,9711.145009995074
5.894921874999961,871.9955426758614,130.35034213870412,130.70283652315118,18.0339326356535,54.74749615382254,0.012812515856343295,0.00021569945327008252,5.042091796437757,0.5189999999999962,0.8737345873134494,1.1715535141351463,2.9781892682169686,0.3886499496383947,0.0,41.58662113242594,0.5483963610039433,3.0,282.4820289726069,91304.70274667774,1.1260047767929244,336.95410955739976,-0.006355294873041778,-0.00017235805361365844,130.95719770993355,9655.371397329853
5.91492187499996,874.5989493513094,129.99049013546662,130.34281839912424,17.98461358658325,54.939195129816795,0.012911405386417114,0.0001832576073152678,5.042091796437757,0.5189999999999962,0.8737345873134494,1.1715564598430452,2.978218725295958,0.38759432188551235,0.0,41.33932980330226,0.5482840702653281,3.0,282.46510682921644,91275.61608085214,1.1257135049184073,336.94385473850514,-0.005096149777777401,-0.00025249110157634833,130.59752489086148,9599.923515773107
5.93492187499996,877.1951688752371,129.63162695170266,129.98378266264584,17.935428424286933,55.130583712224805,0.013011192502711731,0.00012907405188330748,5.042091796437757,0.5189999999999962,0.8737345873134494,1.1715723512642109,2.9783776395076145,0.3865415086719529,0.0,41.093571898499825,0.548172384566624,3.0,282.4482314023109,91246.60971376607,1.1254230023927714,336.93362822980043,-0.0041587414825046175,-0.0003494385477864251,130.23883297826197,9544.798924523999
5.954921874999959,879.784221016191,129.27375149430628,129.62572443170276,17.88644290372705,55.32166008494707,0.013111850327678557,6.113107441850987e-05,5.042091796437757,0.5189999999999962,0.8737345873134494,1.171596476178263,2.9786188886481346,0.3854914925823378,0.0,40.849338388418595,0.5480612995992893,3.0,282.4314025633947,91217.68342455463,1.1251332672856924,336.9234299534172,-0.003568817821674874,-0.000572063672385785,129.88111589870354,9489.995200108378
5.974921874999959,882.3661254996832,128.91686043704667,129.26863830555047,17.837723362762596,55.51242163141215,0.013213328104204815,1.5726013729196238e-05,5.042091796437757,0.5189999999999962,0.8737345873134494,1.1716073716855724,2.9787278437212295,0.38444425622975614,0.0,40.60661921501045,0.5479508110847978,3.0,282.41462018425204,91188.83699283378,1.1248442976699142,336.9132598316568,0.003055136893185375,-0.0017330721725679545,129.52436758992386,9435.509937376455
5.994921874999958,884.9409019589878,128.5609479585053,128.9125183138576,17.78933422443219,55.70286544928744,0.013315535151261581,8.487954650811906e-05,5.042091796437757,0.5189999999999962,0.8737345873134494,1.1715506090119219,2.9781602169847243,0.3833997823142049,0.0,40.36540256172748,0.5478409147805978,3.0,282.39788413726654,91160.07019924994,1.1245560916267658,336.90311778718353,0.00379456838023661,-0.0001726288107158641,129.1685820205831,9381.340752290953
6.014921874999958,887.508569889461,128.20600601105613,128.55735799661716,17.741326307633038,55.89298882998299,0.01341835463269885,0.00014561682803538442,5.042091796437757,0.5189999999999962,0.8737345873134494,1.1714989184289808,2.9776433111553136,0.38235805369766507,0.0,40.12567492243322,0.5477316064877141,3.0,282.3811942957185,91131.38282599047,1.124268647251288,336.89300374320544,0.004461179437776097,4.614121191974467e-05,128.81375321561222,9327.485285470028
6.034921874999958,890.0691486047638,127.85202464986767,128.20315049443084,17.693744808600545,56.08278971994804,0.01352162120370749,0.00018936200496296368,5.042091796437757,0.5189999999999962,0.8737345873134494,1.1714573651270677,2.9772277781361822,0.38131905346225353,0.0,39.887421754799846,0.5476228820564563,3.0,282.364550534069,91102.7746572727,1.1239819626571497,336.8829176236458,0.005410783442253199,0.0001307391517959365,128.45987527585095,9273.941204837864
6.054921874999957,892.6226572045886,127.49899247815159,127.84988865885936,17.646616979651046,56.27226706373388,0.013625166353851645,0.0002113880989282108,5.042091796437757,0.5189999999999962,0.8737345873134494,1.171428737923273,2.9769415060982363,0.3802827649358469,0.0,39.6506286921213,0.5475147373886382,3.0,282.3479527281701,91074.24547970458,1.1236960359802808,336.8728593532711,0.006615602469274966,0.000182366402469556,128.1069423867066,9220.706206633744
6.074921874999957,895.1691145502338,127.14689713303962,127.49756516360505,17.599955491919417,56.46142106488724,0.013728832678507458,0.00020917635989464042,5.042091796437757,0.5189999999999962,0.8737345873134494,1.1714145224602446,2.9767993514679514,0.37924917167986755,0.0,39.41528260222526,0.5474071684358264,3.0,282.33140075542343,91045.79508255748,1.1234108653816266,336.8628288577866,0.007852440835984974,0.00020812229873024064,127.75494881405255,9167.778014561445
6.094921874999956,897.7085392535707,126.7957262843193,127.1461727293037,17.553748544732272,56.65025330600546,0.013832531248678535,0.0001839018279500621,5.042091796437757,0.5189999999999962,0.8737345873134494,1.1714140246897033,2.976794373762539,0.37821825743523196,0.0,39.18137239538305,0.5473001711932759,3.0,282.3148944948518,91017.42325788952,1.1231264490484056,336.85282606388023,0.009001086371318492,0.00025220422139881526,127.40388888601407,9115.154376919458
6.114921874999956,900.240949687093,126.44546834839846,126.79570428014175,17.507969340482866,56.838766648683006,0.0139362237498729,0.00013913271431747687,5.042091796437757,0.5189999999999962,0.8737345873134494,1.1714251389772405,2.976905516637911,0.37719000606236386,0.0,38.94888857292717,0.5471937416933472,3.0,282.2984338270339,90989.12980043326,1.1228427851930063,336.8428508991825,0.009889630619340659,0.00034852944112583777,127.05375697272657,9062.833063471782
6.1349218749999554,902.7663640062449,126.09611332518288,126.44615313535844,17.462568117437673,57.02696500561163,0.01403989453929543,8.167626454978733e-05,5.042091796437757,0.5189999999999962,0.8737345873134494,1.1714438454798992,2.9770925816644978,0.37616440149612607,0.0,38.717822421843,0.5470878760005677,3.0,282.2820186339594,90960.91450734629,1.1225598720505057,336.83290329217937,0.010462041079897072,0.00064101081059611,126.70454747110516,9010.81186307474
6.154921874999955,905.2848001850278,125.74765312063909,126.09751308821188,17.417499589969545,57.214852977374555,0.014143541713522348,1.7988201375183308e-05,5.042091796437757,0.5189999999999962,0.8737345873134494,1.1714663300742751,2.977317427608257,0.3751414277403252,0.0,38.488164591416876,0.5469825702108362,3.0,282.2656487987973,90932.77717781335,1.1222777078747008,336.8229831720712,0.010344259835271197,0.002891101718795254,126.35625480292632,8959.088583220817
6.174921874999955,907.7962760534465,125.40008142321922,125.74977838490243,17.37270832656228,57.40243547386574,0.01424717951727739,4.661268053568278e-05,5.042091796437757,0.5189999999999962,0.8737345873134494,1.1714342975595204,2.97699710246071,0.37412106889085606,0.0,38.25990473844245,0.5468778204535765,3.0,282.24932420565256,90904.71761262798,1.1219962909339287,336.81309046862543,-0.010584836317878288,0.0009998637238087733,126.00887342255474,8907.661050951672
6.194921874999954,910.3008093362928,125.05339400342096,125.40294380805219,17.328139709659027,57.58971732696951,0.014350841414782297,0.00010298757509551665,5.042091796437757,0.5189999999999962,0.8737345873134494,1.171385936970694,2.976513496572446,0.37310330916848844,0.0,38.033031266515884,0.5467736228948403,3.0,282.2330447393141,90876.73561375924,1.121715619506735,336.80322511202434,-0.010218652440478447,0.000413420259578626,125.66239782791563,8856.527114210006
6.214921874999954,912.7984176904633,124.70758825901983,125.05700457724315,17.28374234373446,57.77670292325789,0.014454563426754441,0.00014610916142277769,5.042091796437757,0.5189999999999962,0.8737345873134494,1.1713454999807815,2.976109126673321,0.3720881329496874,0.0,37.80753168359757,0.5466699737401542,3.0,282.21681028501195,90848.83098393476,1.1214356918777044,336.79338703271725,-0.009482700438414165,0.00024236041559341873,125.31682257080521,8805.684643074303
6.234921874999953,915.2891187382899,124.36266328405941,124.71195637217862,17.2394758555124,57.963395881558576,0.014558407620799576,0.00017129219389358063,5.042091796437757,0.5189999999999962,0.8737345873134494,1.1713157526702402,2.975811653567908,0.3710755247832739,0.0,37.583393359844266,0.5465668692358787,3.0,282.2006207282011,90821.00352626831,1.1211565063337319,336.7835761612899,-0.008607018587649512,0.00013031224531476015,124.97214226243833,8755.131530306142
6.254921874999953,917.7729300923013,124.01861889122306,124.36779509259489,17.195322558577562,58.14979881946031,0.014662441477297792,0.00017668832474039057,5.042091796437757,0.5189999999999962,0.8737345873134494,1.1712977848238606,2.9756319751041116,0.3700654693719768,0.0,37.36060447236455,0.546464305666982,3.0,282.1844759544,90793.25304398319,1.1208780611612559,336.7737924283664,-0.007634208546777136,8.610242420749396e-05,124.6283515671841,8704.865690243563
6.2749218749999525,920.2498693651661,123.6754551070739,124.02451672797147,17.151284790413854,58.335913269186634,0.014766736753027383,0.00016279234849841956,5.042091796437757,0.5189999999999962,0.8737345873134494,1.1712913032327292,2.975567159192798,0.369057951539661,0.0,37.139154431305826,0.5463622793533981,3.0,282.1683758491264,90765.57934030119,1.1206003546451493,336.7640357645706,-0.00673235771231335,2.0093176819014656e-05,124.28544519150157,8654.885057056883
6.294921874999952,922.7199541653223,123.33317153809413,123.6821171935099,17.107378055948935,58.52173973534008,0.014871354297916422,0.00013159668679460122,5.042091796437757,0.5189999999999962,0.8737345873134494,1.1712951315072082,2.9756054419375877,0.36805295619274186,0.0,36.919033732642426,0.5462607866458552,3.0,282.15232029792537,90737.98221849129,1.1203233850692138,336.75430610054275,-0.005924569386849979,-6.0022653427752745e-05,123.94341787094025,8605.187582777717
6.314921874999952,925.1832020885149,122.9917671537547,123.34059227036259,17.06362502090386,58.70727779138514,0.014976357497316097,8.591286166750877e-05,5.042091796437757,0.5189999999999962,0.8737345873134494,1.1713076103133713,2.9757302299992183,0.3670504682958233,0.0,36.700233539347884,0.5461598239232006,3.0,282.1363091864246,90710.46148196435,1.120047150717136,336.74460336697337,-0.0053072392145902675,-0.00013823118607909207,123.60226436193884,8555.771236029486
6.334921874999951,927.6396306993566,122.65123978959024,122.99993748059183,17.020069309823494,58.89252627387566,0.015081770210671518,3.144063089888336e-05,5.042091796437757,0.5189999999999962,0.8737345873134494,1.1713253719768728,2.9759078466342337,0.3660504728602784,0.0,36.482745288647905,0.5460593875910664,3.0,282.12034240045415,90683.016934479,1.1197716498745596,336.7349274946752,-0.004957433767403704,-0.0005189266867386411,123.26197943799744,8506.634001391338
6.354921874999951,930.089257502929,122.31158565462138,122.66014796868541,16.97675644578551,59.07748357478224,0.01518764050041977,2.6645142962132136e-05,5.042091796437757,0.5189999999999962,0.8737345873134494,1.1713138266194798,2.9757923930603036,0.36505295495786144,0.0,36.26655983168095,0.5459594740830569,3.0,282.1044198262309,90655.64838045904,1.11949688083228,336.72527841469594,0.004909181600254129,-0.0008189916236108321,122.92255789429335,8457.77387994237
6.37492187499995,932.5320999129775,121.97279938821212,122.32121852230652,16.933730612203377,59.26214796735094,0.015293988309902013,8.058486392561571e-05,5.042091796437757,0.5189999999999962,0.8737345873134494,1.1712676123178634,2.975330250044139,0.3640578997567979,0.0,36.051667129034406,0.5458600798641596,3.0,282.0885413505656,90628.35562534869,1.1192228418898218,336.71565605844273,0.005257029677875507,-0.00027347645790042004,122.58399455986898,8409.188890836302
6.39492187499995,934.9681752200983,121.63487412141285,121.98314359486002,16.89103338259057,59.44651793205994,0.015400801226301851,0.000125259397730136,5.042091796437757,0.5189999999999962,0.8737345873134494,1.1712269594160596,2.9749237210261015,0.3630652925602669,0.0,35.83805629479379,0.5457612014343347,3.0,282.0727068610693,90601.13847596805,1.1189495313590154,336.70606035780804,0.005847993916292459,-0.00011370087801342528,122.24628431062246,8360.877072955882
6.4149218749999495,937.3975005634533,121.29780160288435,121.64591734204882,16.84869033088975,59.63059244728778,0.015508039001055378,0.00015640042796301415,5.042091796437757,0.5189999999999962,0.8737345873134494,1.1711943889884364,2.97459801674987,0.3620751188377337,0.0,35.625716145836414,0.5456628353313342,3.0,282.05691624633755,90573.99674082916,1.1186769475671894,336.6964912452805,0.006592822606440411,-3.12871964220333e-05,121.9094220798829,8312.83648620339
6.434921874999949,939.8200929097,120.96157284000665,121.30953377881336,16.806716727695882,59.81437120736076,0.015615640496628695,0.00017127258182567332,5.042091796437757,0.5189999999999962,0.8737345873134494,1.1711715156239566,2.9743692831050716,0.36108736423144494,0.0,35.41463577540196,0.5455649781310156,3.0,282.0411693960869,90546.93023037136,1.1184050888595456,336.6869486540287,0.007501123494384149,3.9149091247955075e-05,121.57340286061105,8265.065211621084
6.454921874999949,942.2359690396455,120.62617836863346,120.97398684188168,16.765118962750286,59.99785476217387,0.015723523595013764,0.0001684902506962252,5.042091796437757,0.5189999999999962,0.8737345873134494,1.1711591570586433,2.9742456974519382,0.3601020145463559,0.0,35.20480497270989,0.545467626446012,3.0,282.0254662012423,90519.9387571104,1.118133953600674,336.67743251795287,0.008387701226277446,0.00011588036996019327,121.23822170200961,8217.561350743152
6.474921874999948,944.6451455458773,120.2916090155711,120.6392705689327,16.723882759797693,60.18104454555614,0.015831608981999028,0.00014969910204057108,5.042091796437757,0.5189999999999962,0.8737345873134494,1.1711563403796326,2.9742175306618313,0.35911905571970476,0.0,34.996214610539006,0.5453707769224189,3.0,282.00980655395176,90493.02213566493,1.1178635401748358,336.6679427716948,0.00920495961888133,0.00021215248753001263,120.90387369926664,8170.323024020098
6.494921874999948,947.047638842139,119.95785599986866,120.30537911789372,16.682992283211178,60.36394278511743,0.015939822077998933,0.0001169112982443831,5.042091796437757,0.5189999999999962,0.8737345873134494,1.171161877392473,2.9742729007902358,0.35813847379728664,0.0,34.78885617743598,0.5452744262371891,3.0,281.99419034752606,90466.18018265173,1.1175938469849263,336.6584793506008,0.009879556166512806,0.00034723179894171843,120.57035398553953,8123.348369561884
6.514921874999947,949.4434651749268,119.6249114230921,119.97230688285774,16.642416828354527,60.54655238945078,0.016048104501294843,7.428449008146802e-05,5.042091796437757,0.5189999999999962,0.8737345873134494,1.1711733114200278,2.9743872410657834,0.35716025491131315,0.0,34.582721614335284,0.5451785710957237,3.0,281.97861747636296,90439.4127165562,1.117324872451191,336.64904219067597,0.010334148624355078,0.0006791167010965831,120.23765772447125,8076.635541971842
6.534921874999947,951.832640644348,119.2927686466669,119.6400485866267,16.602124990859515,60.72887674372102,0.01615641473532267,2.6216398506376174e-05,5.042091796437757,0.5189999999999962,0.8737345873134494,1.1711880428615125,2.97453455548063,0.356184385272799,0.0,34.37780270104488,0.5450832082309173,3.0,281.96308783581173,90412.71955749921,1.1170566150088959,336.6396312285019,0.010421403491558935,0.0019874636516921205,119.9057801075857,8030.182711846197
6.5549218749999465,954.215181229,118.96142210933544,119.30859923952167,16.562080539769443,60.9109194672047,0.01626473145220258,2.4019035619647658e-05,5.042091796437757,0.5189999999999962,0.8737345873134494,1.1711757076640381,2.9744112035058867,0.3552108511798949,0.0,34.174090819277986,0.5449883344037695,3.0,281.94760132201145,90386.10052695924,1.1167890731055492,336.63024640113895,-0.01044459387472141,0.002055233544726844,119.57471635704633,7983.9880659944765
6.574921874999946,956.5911028079975,118.63086746667011,118.97795417842003,16.52224906199982,61.09268420149499,0.01637308017707501,6.950264676706105e-05,5.042091796437757,0.5189999999999962,0.8737345873134494,1.1711352323079909,2.9740064499454144,0.354239639029889,0.0,33.97157681756741,0.5448939464043409,3.0,281.932157831748,90359.55544752626,1.116522245198439,336.62088764603925,-0.010395127532984442,0.0005772936242473932,119.24446172965375,7938.049807822143
6.594921874999946,958.9604211863423,118.30110163979847,118.6481090840515,16.482588880793397,61.27417436851642,0.016481516961745487,0.0001065300428539269,5.042091796437757,0.5189999999999962,0.8737345873134494,1.1710998343711334,2.9736524705768397,0.3532707353333423,0.0,33.77025103636112,0.5448000410528954,3.0,281.91675726228874,90333.08414261825,1.1162561297517943,336.611554900947,-0.009959150922468548,0.0002510556463048687,118.91501152155728,7892.366157797361
6.614921874999945,961.3231521190006,117.9721225938528,118.31905992962584,16.443077445537657,61.45539294397898,0.01659008598634579,0.0001321895423293443,5.042091796437757,0.5189999999999962,0.8737345873134494,1.1710712338087015,2.9733664649525204,0.35230412672190226,0.0,33.57010373409187,0.5447066152004147,3.0,281.9013995112265,90306.68643621219,1.1159907252340902,336.6022481038033,-0.009398516964846011,0.00016098417737803907,118.58636107083949,7846.935353627758
6.634921874999945,963.6793113265081,117.64392893787696,117.99080288182888,16.40369326159785,61.63634231565995,0.01669880458055241,0.00014389407528435852,5.042091796437757,0.5189999999999962,0.8737345873134494,1.1710509587532179,2.973163714397684,0.351339799944572,0.0,33.37112533386113,0.5446136657279884,3.0,281.8860844763777,90280.36215266978,1.1157260301163006,336.5929671926849,-0.008693723225287447,0.000128950423045154,118.25850575622779,7801.755649928417
6.654921874999944,966.0289145066934,117.31651971329673,117.66333424577951,16.364425729854887,61.81702418034209,0.016807652857720148,0.00014045135875590984,5.042091796437757,0.5189999999999962,0.8737345873134494,1.171039713286364,2.9730512597291447,0.3503777418550882,0.0,33.17330676686394,0.5445211895453592,3.0,281.8708120557065,90254.11111660642,1.1154620428705893,336.58371210575814,-0.00798246468895656,0.000154022563346084,117.93144099281865,7756.825317504551
6.674921874999944,968.3719773397876,116.98989407945804,117.33665037461293,16.325280700882008,61.997439504580406,0.016916589883977484,0.00012250542155338667,5.042091796437757,0.5189999999999962,0.8737345873134494,1.1710371167351155,2.97302529421666,0.34941793936205123,0.0,32.97664892368778,0.5444293366548287,3.0,281.85558214729133,90227.93315283406,1.115198761969741,336.57448278125855,-0.007292267671850655,0.0002061087653139029,117.60516221527556,7712.142641008008
6.6949218749999435,970.7085154862142,116.66405079790817,117.01074751701992,16.28627152653267,62.17758855028703,0.01702557113992083,9.197484853917524e-05,5.042091796437757,0.5189999999999962,0.8737345873134494,1.171042035668489,2.9730744835503953,0.3484603793339378,0.0,32.78114052674147,0.5443380496832427,3.0,281.8403946493396,90201.82808638601,1.114936185887415,336.56527915749984,-0.0067632001391157515,0.0003415833997954883,117.27966484585507,7667.7059146564225
6.714921874999943,973.0385445746288,116.33898785039636,116.68562177733529,16.24742653337207,62.35747100097694,0.01713454327544588,5.292641580952245e-05,5.042091796437757,0.5189999999999962,0.8737345873134494,1.1710520660740804,2.9731747876063097,0.34750504882019373,0.0,32.586768033297204,0.544247226279633,3.0,281.8252494602649,90175.79574265049,1.1146743130994952,336.55610117292053,-0.006389114275663105,0.0007522673348481703,116.95494436882981,7623.51345190651
6.734921874999943,975.3620801840938,116.01470231997108,116.36126905686633,16.208772829352316,62.53708614737205,0.017243472323746487,1.0199352292437708e-05,5.042091796437757,0.5189999999999962,0.8737345873134494,1.1710643458780594,2.9732975856460997,0.3465519349409692,0.0,32.39352379326553,0.5441568634553102,3.0,281.81014647880335,90149.83594756977,1.1144131420861014,336.54694876615486,-0.0051356528002498075,0.0036088139761663992,116.6309962933902,7579.563580461914
6.754921874999942,977.6791378261769,115.6911904304198,116.03768506273144,16.170336947004127,62.716433067765315,0.01735238005249587,3.718188789015257e-05,5.042091796437757,0.5189999999999962,0.8737345873134494,1.1710354394106484,2.973008520971989,0.3456010248881179,0.0,32.2013998691394,0.544066958246141,3.0,281.79508560412984,90123.94852784027,1.1141526713336076,336.5378218761027,0.0062658999000037505,0.000681429659219145,116.30781615399596,7535.854642221924
6.774921874999942,979.9897329275854,115.36844736414321,115.71486526556806,16.132149750455497,62.89551080270692,0.01746132466661965,7.879986663827852e-05,5.042091796437757,0.5189999999999962,0.8737345873134494,1.1709979411746099,2.9726335386116043,0.3446523059430314,0.0,32.01038792255092,0.5439775077140494,3.0,281.78006673597065,90098.13331110646,1.113892899336604,336.5287204419982,0.006596661728329947,7.218351986887413e-05,115.98539951639245,7492.384993961232
6.794921874999941,982.2938808080328,115.04646726783304,115.39280490480758,16.094239187713168,63.07431857552627,0.01757040332934089,0.00011290585161332534,5.042091796437757,0.5189999999999962,0.8737345873134494,1.17096495713207,2.972303698186205,0.3437057654977765,0.0,31.820479242547822,0.5438885089488054,3.0,281.76508977474776,90072.39012620824,1.1136338246003943,336.5196444034972,0.007075001173117005,-0.0001757599059419313,115.66374198474354,7449.153008143469
6.814921874999941,984.5915966615459,114.72524350061092,115.07149905303152,16.05662406861514,63.25285597913512,0.017679745200463705,0.00013628555278757379,5.042091796437757,0.5189999999999962,0.8737345873134494,1.1709383868851284,2.9720379957167897,0.3427613910694162,0.0,31.631665027676572,0.5437999590691426,3.0,281.75015462169995,90046.71880338971,1.1133754456431098,336.5105937007502,0.007691398238204391,-0.0003212658018721067,115.34283920646426,7406.157073420596
6.8349218749999405,986.8828955427223,114.4047688177996,114.75094266210812,16.01931475828708,63.43112311428705,0.01778947703406223,0.0001470035208205106,5.042091796437757,0.5189999999999962,0.8737345873134494,1.1709193735838168,2.9718478627036737,0.34181917030465825,0.0,31.44393669114652,0.5437118552229507,3.0,281.7352611789723,90021.1191744528,1.1131177609972664,336.5015682744572,0.008357835925981737,-0.0004559805926930522,115.02268687379127,7363.395594700311
6.85492187499994,989.167792359809,114.0850358642177,114.43113068388742,15.982313246635439,63.6091206610191,0.017899715414616272,0.00014440885078733035,5.042091796437757,0.5189999999999962,0.8737345873134494,1.1709083013030364,2.971737139895869,0.3408790909701194,0.0,31.257286087073794,0.5436241945861249,3.0,281.7204093496612,89995.59107283452,1.1128607692105545,336.4925680658947,0.009063005086566128,-0.0006229262695908149,114.70328072050323,7320.8669925864515
6.87492187499994,991.4463018732008,113.76603723749425,114.11205808309634,15.945614221224359,63.78684989680334,0.018010560345917918,0.00012900299042839777,5.042091796437757,0.5189999999999962,0.8737345873134494,1.1709048735283885,2.97170286214939,0.3399411409411325,0.0,31.071705580908,0.5435369743612944,3.0,281.7055990378242,89970.13433362375,1.112604468846023,336.4835930169215,0.009704819567425846,-0.0008881978408468274,114.38461651814396,7278.569702760669
6.894921874999939,993.7184386983188,113.44776593568996,113.79371994567092,15.909199557500143,63.96431267167282,0.018122107175031023,0.00010318364458860084,5.042091796437757,0.5189999999999962,0.8737345873134494,1.1709076727589485,2.9717308544549903,0.3390053081843906,0.0,30.887188032033382,0.5434501917760018,3.0,281.6908301484609,89944.7487935291,1.1123488584817662,336.4746430699673,0.010178733025936375,-0.0012283568925082948,114.06669007016711,7236.502175106858
6.914921874999939,995.9842173186075,113.13021579949512,113.47611158731792,15.873044262595535,64.1415112857877,0.01823441657594867,7.036077908846382e-05,5.042091796437757,0.5189999999999962,0.8737345873134494,1.1709146826632204,2.9718009534977097,0.33807158074391663,0.0,30.7037264866883,0.5433638440812151,3.0,281.676102587429,89919.43429073373,1.1120939367094758,336.465718167982,0.01045265105110162,-0.0018113406043157195,113.74949720718682,7194.662872982613
6.934921874999938,998.2436521017758,112.81338135226136,113.15922851392511,15.837128376812196,64.31844833649747,0.018347499645585186,3.3522694943871914e-05,5.042091796437757,0.5189999999999962,0.8737345873134494,1.1709241358251588,2.971895485117093,0.3371399467396971,0.0,30.521313886837955,0.5432779285510299,3.0,281.66141626133845,89894.19066471382,1.1118397021326234,336.4568182543711,0.010255719558733948,-0.0034319996569448638,113.43303378648663,7153.050273037453
6.954921874999938,1000.4967573132021,112.49725786734713,112.84306639551409,15.80144512216205,64.49512659371517,0.01846130283886266,1.0583580552550115e-05,5.042091796437757,0.5189999999999962,0.8737345873134494,1.1709254284691473,2.9719084115569783,0.33621039419295423,0.0,30.340032797558056,0.5431924424664539,3.0,281.64677107746417,89869.2837232542,1.1115894431018019,336.4479432729433,-0.007133762312653742,-0.008217769621121515,113.11729563320498,7111.6839046527975
6.9749218749999375,1002.7435471225432,112.18184035099675,112.52762012330383,15.766013950977934,64.67154884461846,0.01857569796497866,4.38671811822566e-05,5.042091796437757,0.5189999999999962,0.8737345873134494,1.1708935053589524,2.97158918045503,0.33528290829758717,0.0,30.160098954631682,0.5431073828655734,3.0,281.63216694370345,89845.38431990196,1.1113514589003164,336.43909316788427,-0.010703283342222123,-0.0011669981968329517,112.80227762233113,7070.614600037684
6.994921874999937,1004.9840356097234,111.867125187552,112.21288537291254,15.730749415588946,64.84771775875383,0.018690513115492514,7.529582703948684e-05,5.042091796437757,0.5189999999999962,0.8737345873134494,1.170862744404527,2.9712815709107754,0.3343574759734907,0.0,29.981185255877275,0.5430227469629194,3.0,281.61760376853675,89821.55194455535,1.1111141175676806,336.4302678837333,-0.010518205733398497,-0.00018073826354950397,112.4879752106904,7029.76600283326
7.014921874999937,1007.218236796068,111.55310991570364,111.89885852051582,15.695627511939838,65.02363575530252,0.018805561524441194,9.887312347795006e-05,5.042091796437757,0.5189999999999962,0.8737345873134494,1.1708366932913965,2.9710210597794706,0.33343408575498484,0.0,29.80328402767545,0.5429385321370335,3.0,281.60308146082554,89797.78644806765,1.1108774178216463,336.42146736526024,-0.010112331071278098,0.00024044087612923266,112.17438439928601,6989.136660836323
7.034921874999936,1009.44616465991,111.23979263900392,111.58553611058687,15.66063685983478,65.19930489173883,0.01892067632852188,0.00011303502203003214,5.042091796437757,0.5189999999999962,0.8737345873134494,1.1708162761042835,2.9708168879083408,0.33251272626581774,0.0,29.626387708360898,0.5428547357898443,3.0,281.58859992971054,89774.08768174947,1.1106413583833907,336.4126915574046,-0.00967930753428934,0.0004938146854222214,111.86150122017426,6948.725134921503
7.054921874999936,1011.6678331437972,110.92717164775914,111.27291475870712,15.625770628645599,65.37472680385912,0.01903572595432671,0.00011695987304751214,5.042091796437757,0.5189999999999962,0.8737345873134494,1.1708019780033172,2.9706739068986776,0.3315933862122725,0.0,29.450488956151553,0.5427713553458642,3.0,281.5741590845653,89750.45549729207,1.1104059379767577,336.40394040524654,-0.009173875037244329,0.0006517666530661528,111.54932173412723,6908.52999863984
7.074921874999935,1013.883256158586,110.61524547047124,110.9609911632179,15.591023199472415,65.54990267532253,0.019150626023394055,0.00010998370936302425,5.042091796437757,0.5189999999999962,0.8737345873134494,1.170794191507311,2.9705960419386157,0.3306760543768179,0.0,29.275580682245074,0.5426883882514455,3.0,281.55975883496916,89726.8897467238,1.1101711553278304,336.3952138539913,-0.008669191066125181,0.0008011901361307474,111.23784202848373,6868.549837848812
7.094921874999935,1016.0924475851963,110.30401256669366,110.64976202456842,15.556401343350432,65.72483322890616,0.019265337931584678,9.312124071314911e-05,5.042091796437757,0.5189999999999962,0.8737345873134494,1.1707923164936096,2.9705772918016016,0.329760719607424,0.0,29.101656169602958,0.5426058319736566,3.0,281.5453990906962,89703.39028239147,1.1099370091647502,336.3865118489619,-0.008225212907498353,0.0009158035625338406,110.92705821354492,6828.78325017029
7.114921874999935,1018.2954212708491,109.99347100135303,110.33922395996066,15.52191938907473,65.89951876907807,0.019379871132952874,6.852531757452618e-05,5.042091796437757,0.5189999999999962,0.8737345873134494,1.170795079716107,2.9706049240265764,0.3288473708089768,0.0,28.928708947836245,0.5425236839993648,3.0,281.5310797617395,89679.95695700034,1.109703498218121,336.3778343356141,-0.007883668474651558,0.001130926115818681,110.61696641968426,6789.228844548507
7.134921874999934,1020.4921910193243,109.68361844706179,110.02937350328523,15.48758833886544,66.07395927989565,0.01949426242288257,3.787613429110868e-05,5.042091796437757,0.5189999999999962,0.8737345873134494,1.1708014876607449,2.9706690034729544,0.32793599694278047,0.0,28.756732589791337,0.542441941835056,3.0,281.51680075837436,89656.58962371775,1.1094706212220473,336.3691812595749,-0.0075361852066751864,0.0016532077605594404,110.30756279718551,6749.885241152717
7.154921874999934,1022.6827705838498,109.37445208372344,109.72020707939603,15.453425720109127,66.24815449756959,0.019608572380550932,6.532880480995904e-06,5.042091796437757,0.5189999999999962,0.8737345873134494,1.1708083685084398,2.970737811949904,0.327026587028383,0.0,28.585720686552744,0.5423606030068648,3.0,281.50256199120497,89633.28813624878,1.109238376914893,336.3605525666702,0.0,0.0,109.99884351685917,6710.751071373853
7.174921874999933,1024.8671736553129,109.06596849205505,109.41172097782206,15.419451257553641,66.42210402626603,0.01972287682129276,3.2456661796362424e-05,5.042091796437757,0.5189999999999962,0.8737345873134494,1.1707814062640747,2.9704681895062524,0.32611913015004584,0.0,28.41566670109223,0.5422796650610151,3.0,281.48836337124044,89610.05234896165,1.1090067640405403,336.3519482029717,0.007667740434197042,0.000674207737969446,109.6908047722264,6671.824978013981
7.194921874999933,1027.0454138490295,108.75816357952996,109.10391133557364,15.38568764673592,66.59580746689159,0.019837276557598253,6.434404399197797e-05,5.042091796437757,0.5189999999999962,0.8737345873134494,1.1707509737158623,2.970163864024129,0.325213615466941,0.0,28.2465639057643,0.5421991255645839,3.0,281.4742048099813,89586.8821170284,1.1087757813497965,336.34336811484866,0.00791694524047837,-0.00012829269516503845,109.38344278295817,6633.105615624396
7.214921874999932,1029.2175046921652,108.4510326035767,108.79677414479919,15.35214959807137,66.76926453936275,0.019951901916575834,9.116525428517901e-05,5.042091796437757,0.5189999999999962,0.8737345873134494,1.17072359965322,2.969890123397705,0.324310032223812,0.0,28.07840544734146,0.5421189821062921,3.0,281.4600862195009,89563.7772965588,1.108545427601738,336.33481224901755,0.008248004907416298,-0.000463981538535692,109.07675379846864,6594.591650854811
7.234921874999932,1031.3834596123231,108.1445704083028,108.49030531427505,15.31884755397867,66.94247519352561,0.020066894645939446,0.00011093328860397107,5.042091796437757,0.5189999999999962,0.8737345873134494,1.1707004588935195,2.9696587158007004,0.32340836975759424,0.0,27.91118446657616,0.5420392322969216,3.0,281.4460075125199,89540.73774472158,1.108315701564927,336.32628055258704,0.008654506438078432,-0.0006279446870588365,108.77073410014745,6556.281762630248
7.254921874999932,1033.5432919311722,107.83877153050143,108.18450069652152,15.285790288055358,67.11543967261916,0.020182376575109854,0.00012197245173712297,5.042091796437757,0.5189999999999962,0.8737345873134494,1.1706825420150717,2.9694795470162227,0.32250861749944804,0.0,27.744894179612224,0.5419598737693228,3.0,281.43196860244734,89517.76331981242,1.1080866020180984,336.3177729730831,0.009152409844360871,-0.0007094026706435462,108.46538000204225,6518.1746421341695
7.274921874999931,1035.6970148579078,107.53363025464758,107.8793561013042,15.252981764231576,67.2881585777847,0.020298428341622297,0.00012339305285399556,5.042091796437757,0.5189999999999962,0.8737345873134494,1.1706703747656333,2.9693578745218385,0.3216107649739529,0.0,27.579528000336737,0.5418809041781678,3.0,281.41796940342357,89494.85388132335,1.1078581277508606,336.3092894584747,0.009663473009410707,-0.0007879340259113611,108.16068785058661,6480.268992676422
7.294921874999931,1037.8446414875139,107.229140881448,107.5748673626895,15.220416815637481,67.46063288733494,0.020415093595482943,0.00011572053364934708,5.042091796437757,0.5189999999999962,0.8737345873134494,1.1706636459486597,2.9692905863521024,0.32071480179236495,0.0,27.415079643409534,0.5418023211991878,3.0,281.4040098303311,89472.00928996124,1.10763027756389,336.30082995718067,0.01013385970231544,-0.000886883507111642,107.85665402232503,6442.5635293201685
7.31492187499993,1039.9861848030355,106.92529794699803,107.27103039344048,15.188088199500495,67.6328639383981,0.02053238415682974,9.97645740432118e-05,5.042091796437757,0.5189999999999962,0.8737345873134494,1.1706618766583496,2.969272893449002,0.31982071764436387,0.0,27.251543032256254,0.5417241225282888,3.0,281.39008979878025,89449.22940762372,1.1074030502686987,336.29239441806084,0.010579329541403181,-0.0009133378987121936,107.55327492112568,6405.056978450948
7.33492187499993,1042.1216576808902,106.62209628181482,106.96784119907578,15.155981891523187,67.80485338024468,0.020650269937348323,7.741537306812518e-05,5.042091796437757,0.5189999999999962,0.8737345873134494,1.1706639487291655,2.96929361415716,0.31892850229235514,0.0,27.088912282688643,0.5416463058809033,3.0,281.3762092250742,89426.5140973426,1.107176444687081,336.283982790395,0.010913091480928653,-0.0009548751191648746,107.2505469762488,6367.748077452277
7.354921874999929,1044.251072898945,106.31953123711787,106.6652959352799,15.124085012552232,67.97660310224131,0.020768681806963864,5.042810982133133e-05,5.042091796437757,0.5189999999999962,0.8737345873134494,1.1706688238268004,2.9693423651335094,0.3180381455657884,0.0,26.92718154502146,0.5415688689913521,3.0,281.36236802615684,89403.86322319804,1.1069504596502648,336.27559502385105,0.011171642625168454,-0.000973436889435231,106.94846664041765,6330.635574384757
7.374921874999929,1046.3744431459252,106.01759848103312,106.3633908558726,15.09238381717396,68.14811514998732,0.02088752040820098,2.0684561583634054e-05,5.042091796437757,0.5189999999999962,0.8737345873134494,1.1706753883732648,2.9694080105981535,0.31714963736118257,0.0,26.7663449616673,0.5414918096127109,3.0,281.34856611955144,89381.27665021835,1.10672509399792,336.26723106844815,0.011304737572387742,-0.0010816488420876571,106.64703038980731,6293.718227895693
7.394921874999929,1048.491781028568,105.71629422413892,106.06212237146977,15.060861133248723,68.31939166284754,0.021006680409615557,9.427572661169476e-06,5.042091796437757,0.5189999999999962,0.8737345873134494,1.170671063768352,2.969364764549025,0.31626296764166245,0.0,26.606396619829322,0.5414151255166335,3.0,281.33480342331427,89358.75424430399,1.1065003465774086,336.25889087452845,-0.011401094615611358,0.0002924055054076901,106.3462347238723,6256.994807111891
7.414921874999928,1050.6030990829324,105.41561516959835,105.76148703757099,15.029499263240172,68.49043477408455,0.02112606146598287,3.7519360325801055e-05,5.042091796437757,0.5189999999999962,0.8737345873134494,1.1706434955179859,2.969089082045364,0.31537812643849933,0.0,26.447330506905733,0.5413388144933509,3.0,281.32107985596093,89336.2958721072,1.10627621624259,336.25057439271234,-0.011259545407110412,0.0008529235629676551,106.04607616584286,6220.464091609505
7.434921874999928,1052.708409785717,105.11555863736866,105.46148158777626,14.998279501628188,68.66124651194268,0.02124554805942067,6.104024376080716e-05,5.042091796437757,0.5189999999999962,0.8737345873134494,1.170618689083678,2.968841017702286,0.31449510385274465,0.0,26.289140520020432,0.5412628743516757,3.0,281.3073953363928,89313.90140091171,1.1060527018526285,336.24228157385403,-0.011057514311178586,0.0010056170806626405,105.74655126325304,6184.124871387354
7.454921874999927,1054.8077255633193,104.81612227609877,105.16210285984005,14.96719255750064,68.831828722232,0.021365031208697552,7.877091234528368e-05,5.042091796437757,0.5189999999999962,0.8737345873134494,1.170597365338129,2.9686277802467953,0.31361389005546403,0.0,26.13182056613081,0.5411873029188867,3.0,281.2937497838384,89291.57069853623,1.1058298022710344,336.2340123690061,-0.010786170727747065,0.001081319533404877,105.44765658800101,6147.9759467866825
7.474921874999927,1056.9010587982743,104.51730407751401,104.86334779946978,14.936228589657706,69.00218301543269,0.02148442504837158,8.945125613381401e-05,5.042091796437757,0.5189999999999962,0.8737345873134494,1.170580269350354,2.9684568203690453,0.31273447528658926,0.0,25.975364609409645,0.5411120980404935,3.0,281.2801431178112,89269.30363326613,1.1056075163649894,336.22576672939357,-0.010471664189560685,0.00111811281782747,105.14938873594807,6112.016128359462
7.4949218749999265,1058.9884218352588,104.21910217141993,104.56521340626212,14.905381610327591,69.17231071813613,0.02160366743399937,9.238850568049675e-05,5.042091796437757,0.5189999999999962,0.8737345873134494,1.1705678105567836,2.9683322324333417,0.3118568498504094,0.0,25.819766740397995,0.5410372575797198,3.0,281.2665752580708,89247.10007378939,1.1053858430047105,336.2175446063909,-0.010111295368776165,0.0012281508959902732,104.85174432538857,6076.244236607613
7.514921874999926,1061.0698269824868,103.92151481178877,104.26769672940586,14.874650105550044,69.34221286637332,0.02172271151629308,8.744953485103287e-05,5.042091796437757,0.5189999999999962,0.8737345873134494,1.170560067469589,2.9682548015613963,0.3109810041122646,0.0,25.665021214192578,0.5409627794170947,3.0,281.25304612461383,89224.9598891819,1.10516478106331,336.20934595151596,-0.009744466128683701,0.0013677671075110012,104.55471999593017,6040.65910177622
7.534921874999926,1063.145286513452,103.62454024000108,103.97079483087427,14.844036626202168,69.51189019568311,0.021841533880526974,7.510156121098639e-05,5.042091796437757,0.5189999999999962,0.8737345873134494,1.1705567636010328,2.9682217628758334,0.31010692849335486,0.0,25.511122456863404,0.5408886614498905,3.0,281.23955563766253,89202.88294888889,1.1049443294166141,336.20117071642346,-0.009387370652367286,0.0015679304488227601,104.25831240674012,6005.259563576418
7.554921874999925,1065.214812664895,103.32817651757364,103.67450474074847,14.813547411077211,69.68134316502562,0.021960141797994808,5.632323751815204e-05,5.042091796437757,0.5189999999999962,0.8737345873134494,1.1705573199752528,2.9682273266180337,0.3092346134666782,0.0,25.358065032676627,0.5408149015916636,3.0,281.22610371767814,89180.8691227465,1.1047244869433834,336.1930188529129,-0.009088294057428966,0.0018747597922248074,103.96251823517618,5970.044470958843
7.574921874999925,1067.2784176321597,103.03242139979533,103.37882342360072,14.783194747814509,69.85057200383942,0.022078582418454992,3.324619710146086e-05,5.042091796437757,0.5189999999999962,0.8737345873134494,1.170560475003941,2.9682588769049145,0.3083640495555352,0.0,25.2058436017662,0.5407414977720187,3.0,281.2126902853909,89158.91828103123,1.1045052525258117,336.1848903129469,-0.008741020281469164,0.002652972583614604,103.66733417628372,5935.012681991047
7.594921874999924,1069.3361135616872,102.7372722773782,103.08374776329343,14.7529898231259,70.01957678440297,0.022196912440151005,9.5927953994225e-06,5.042091796437757,0.5189999999999962,0.8737345873134494,1.1705640247407207,2.968294374272713,0.30749522733535833,0.0,25.054452812947396,0.5406684479366543,3.0,281.199315261849,89137.03029453976,1.1042866250503274,336.1767850486805,0.0,0.0,103.37275694341389,5900.163063865945
7.614921874999924,1071.3879125445308,102.44272622141266,102.78927457519954,14.722944202694599,70.1883574845548,0.022315197469553606,2.1905239133257698e-05,5.042091796437757,0.5189999999999962,0.8737345873134494,1.1705463280273989,2.9681174071394945,0.3066281374374341,0.0,24.90388728105714,0.5405957500475644,3.0,281.18597856846054,89115.20503465795,1.1040686034082907,336.1687030124871,0.00880183572342769,0.0023080386558413206,103.07878326947686,5865.494492980977
7.6349218749999235,1073.433826609262,102.1487798619324,102.49540057513101,14.693070914676357,70.35691405551572,0.022433506792852772,4.6964094014355274e-05,5.042091796437757,0.5189999999999962,0.8737345873134494,1.1705211350135964,2.96786547700147,0.3057627705535142,0.0,24.754141563015505,0.5405234020833111,3.0,281.17268012703977,89093.44237343626,1.1038511864967508,336.1606441569861,0.009219008015597035,0.0005798758729045395,102.78540990849407,5831.00585504925
7.654921874999923,1075.4738677131304,101.85542950502867,102.20212241079079,14.663378394551613,70.52524650500422,0.02255191940153154,6.980423793361342e-05,5.042091796437757,0.5189999999999962,0.8737345873134494,1.1704973076433016,2.967627203298522,0.30489911744120973,0.0,24.605210180870813,0.5404514020393553,3.0,281.1594198598646,89071.74218368385,1.1036343732193927,336.1526084350779,0.009422161912438285,2.1228264939355916e-07,102.4926336374158,5796.696045238808
7.674921874999923,1077.5080477375418,101.56267124340135,101.90943669102629,14.633872219949643,70.69335494129038,0.022670526078947633,8.90039622543019e-05,5.042091796437757,0.5189999999999962,0.8737345873134494,1.17047568704635,2.9674109973290053,0.30403716892683924,0.0,24.457087667233697,0.5403797479281695,3.0,281.14619768970596,89050.1043390166,1.1034181624870238,336.14459579996185,0.009672430844986297,-0.0003219414507093075,102.20045125707709,5762.563968208871
7.694921874999922,1079.5363784833273,101.27050093348694,101.61733998008381,14.604562447303213,70.86123961886462,0.022789424619840175,0.00010274975526537638,5.042091796437757,0.5189999999999962,0.8737345873134494,1.1704573461785317,2.9672275886508226,0.30317691590775586,0.0,24.30976854810128,0.5403084377793038,3.0,281.1330135398583,89028.52871390752,1.1032025532180847,336.1366062051542,0.010012443322465689,-0.0006107562485442689,101.90885959297847,5728.608538124981
7.714921874999922,1081.5588716659167,100.97891419475387,101.32582879748456,14.575452430084786,71.02890098461567,0.022908715752797824,0.00011027572709390239,5.042091796437757,0.5189999999999962,0.8737345873134494,1.1704427377807012,2.9670815046725174,0.3023183493538614,0.0,24.163247446185636,0.5402374696393832,3.0,281.11986733417154,89007.015183738,1.1029875443391672,336.12863960450795,0.01036594459732106,-0.00082173712872363,101.61785549579382,5694.828678642393
7.734921874999921,1083.5755389123667,100.68790658863809,101.03489966429372,14.546541877233716,71.19633970713544,0.02302849378296218,0.00011136376518372165,5.042091796437757,0.5189999999999962,0.8737345873134494,1.1704319905027163,2.9669740318926685,0.3014614603058831,0.0,24.017519106731488,0.5401668415718363,3.0,281.1067589970696,88985.56362482946,1.1027731347853398,336.1206959522242,0.010722127431530098,-0.0010070630504512524,101.32743584078725,5661.223322765977
7.754921874999921,1085.5863917613813,100.39747371569811,100.74454912784591,14.517828148649663,71.36355667908086,0.023148828388271158,0.00010621318267925598,5.042091796437757,0.5189999999999962,0.8737345873134494,1.1704249861472917,2.966903988338423,0.30060623987227647,0.0,23.87257840410928,0.5400965516565142,3.0,281.093688453551,88964.17391444322,1.102559323500151,336.11277520285194,0.011060683337260862,-0.001193843716251528,101.03759752676505,5627.791412658338
7.7749218749999205,1087.5914416646933,100.10761130420265,100.45477378377113,14.489306921955562,71.53055300728005,0.02326976413632319,9.53266438313274e-05,5.042091796437757,0.5189999999999962,0.8737345873134494,1.1704214271601034,2.96686839846654,0.29975267922377263,0.0,23.728421270185304,0.5400266194330435,3.0,281.0806556291795,88942.84593076562,1.1023461094354898,336.10487731128273,0.011378318923520803,-0.0014185142304991055,100.74833747423439,5594.531899361765
7.79492187499992,1089.5906999895133,99.81831519217137,100.16557026515075,14.460974607038219,71.69732999246236,0.02339132749777505,7.907492383497406e-05,5.042091796437757,0.5189999999999962,0.8737345873134494,1.1704210942524116,2.9668650693896215,0.29890076956827477,0.0,23.58504410509533,0.5399570739877126,3.0,281.06766045006816,88921.57955288215,1.1021334915513339,336.0970022327413,0.011658928515142929,-0.0016338186388250814,100.45965261695655,5561.443741792535
7.81492187499992,1091.5841780219132,99.52958143897416,99.87693528169106,14.432821578088191,71.86388910117513,0.02351350348087218,5.863462082726828e-05,5.042091796437757,0.5189999999999962,0.8737345873134494,1.1704232910958925,2.9668870378244305,0.298050502189527,0.0,23.44243974835355,0.5398878608834634,3.0,281.0547028428575,88900.37466074135,1.101921468815394,336.08914992277164,0.01187104651605733,-0.0018405458999760434,100.17153991493332,5528.525908118193
7.834921874999919,1093.5718869716634,99.24140633522012,99.58886562038248,14.404839179700852,72.03023192662337,0.02363623049026719,3.522976132370506e-05,5.042091796437757,0.5189999999999962,0.8737345873134494,1.1704272931650765,2.966927058516271,0.2972018684381966,0.0,23.300603389435704,0.5398189782630931,3.0,281.04178273468415,88879.23113510337,1.1017100402026085,336.0813203372186,0.011986926079937623,-0.0022246811298436368,99.88399635139746,5495.77737534793
7.854921874999919,1095.5538379771156,98.9537864719592,99.30135816133875,14.377016739493433,72.19636014839372,0.023759416072179212,1.059668500373954e-05,5.042091796437757,0.5189999999999962,0.8737345873134494,1.170432072300718,2.9669748498726856,0.29635485972073006,0.0,23.159530222118796,0.5397504242842724,3.0,281.02890005314873,88858.14885748812,1.101499204694629,336.07351343220813,0.011538907834742975,-0.004267957255199439,99.59701892905493,5463.197128847525
7.874921874999918,1097.530042111844,98.66671877389909,99.01440988687251,14.349340857135699,72.36227547695819,0.02388295810476917,1.4254212776365621e-05,5.042091796437757,0.5189999999999962,0.8737345873134494,1.1704201438320376,2.966855565185882,0.29550946749923257,0.0,23.019215409861598,0.5396821971194317,3.0,281.016054726273,88837.12771010447,1.1012889612791206,336.0657291641214,-0.012284412515331024,-0.00043872686347402813,99.31060467003084,5430.784162266587
7.894921874999918,1099.5005103919432,98.38020060519986,98.72801791000022,14.321799073206037,72.52797959300707,0.024006742645042652,3.6198917071506315e-05,5.042091796437757,0.5189999999999962,0.8737345873134494,1.1703974319877748,2.9666284467432535,0.2946656832917677,0.0,22.87965407428895,0.5396142949556801,3.0,281.00324668245236,88816.16757577278,1.1010793089489914,336.0579674895661,-0.01219467913921902,0.0008135609002103202,99.02475061595565,5398.5374774814045
7.9149218749999175,1101.4652537837271,98.09422956581274,98.4421794208737,14.294382620690508,72.69347408385153,0.02413066340108851,5.469199767867012e-05,5.042091796437757,0.5189999999999962,0.8737345873134494,1.1703768122209897,2.966422249075402,0.2938234986721311,0.0,22.740841324293974,0.5395467159946836,3.0,280.99047585040574,88795.26833784288,1.1008702467015774,336.0502283653459,-0.01203689681499305,0.0010711891609762687,98.73945382787456,5366.456084518719
7.934921874999917,1103.4242832080038,97.8088035083074,98.15689169139381,14.267082798779368,72.85876041024908,0.024254631159927504,6.854106376655696e-05,5.042091796437757,0.5189999999999962,0.8737345873134494,1.1703589900258362,2.9662440271238677,0.2929829052695471,0.0,22.60277228828239,0.5394794584525383,3.0,280.97774215914797,88774.4298801487,1.1006617735381945,336.04251174844364,-0.011829283609908097,0.0012586697817319025,98.45471138613495,5334.5390014796485
7.954921874999917,1105.3776095448559,97.52392051435474,97.87215206884251,14.239892810871831,73.0238398691202,0.02437856102614936,7.686899877960981e-05,5.042091796437757,0.5189999999999962,0.8737345873134494,1.170344484199676,2.966098968862265,0.2921438947671848,0.0,22.46544214449429,0.5394125205595486,3.0,280.9650455379584,88753.65208695733,1.1004538884636323,336.03481759600277,-0.011551953559285717,0.001511568013095832,98.17052038987676,5302.785254421133
7.974921874999916,1107.325243637513,97.23957881860152,97.58795795533739,14.21280855595112,73.18871356441318,0.024502363449912985,7.911674116382559e-05,5.042091796437757,0.5189999999999962,0.8737345873134494,1.170333625344153,2.9659903803070353,0.2913064588998621,0.0,22.328846149830056,0.5393459005599461,3.0,280.95238591635615,88732.93484292789,1.1002465904857488,336.0271458653118,-0.011259256402865875,0.0017975611707726862,97.88687795625142,5271.193877210127
7.994921874999916,1109.267196294935,96.95577667898729,97.30430677265748,14.185828058642713,73.35338238925064,0.024625963188403942,7.504150805418875e-05,5.042091796437757,0.5189999999999962,0.8737345873134494,1.1703265570020331,2.965919696885837,0.2904705894508196,0.0,22.192979658116403,0.5392795967115372,3.0,280.9397632240829,88712.27803308403,1.1000398786151981,336.01949651379425,-0.01093149419491432,0.0021351582709149314,97.60378121932943,5239.763911347022
8.014921874999915,1111.2034782908433,96.6725123946864,97.02119596657093,14.158953714955771,73.517847038722,0.024749316584019892,6.511208981999721e-05,5.042091796437757,0.5189999999999962,0.8737345873134494,1.170323001584373,2.9658841427092364,0.2896362782499355,0.0,22.057838137563362,0.5392136072854695,3.0,280.9271773911095,88691.68154282424,1.0998337518655388,336.0118694990124,-0.010606626676029969,0.0025419496732222813,97.32122732949696,5208.494405845805
8.034921874999915,1113.1341003641921,96.38978409738117,96.73862295032268,14.13218917269494,73.68210801009408,0.024872406876140087,5.014200887579323e-05,5.042091796437757,0.5189999999999962,0.8737345873134494,1.1703224775194745,2.9658789020602505,0.28880351717027924,0.0,21.923417140803416,0.5391479305658698,3.0,280.91462834763274,88671.14525791684,1.0996282092531877,336.00426477866546,-0.01021080616223138,0.0032829266190897754,97.03921345229236,5177.384417055253
8.054921874999915,1115.0590732151315,96.10758979516308,96.45658511620752,14.105542174329063,73.84616564161094,0.024995239690623363,3.16595816252387e-05,5.042091796437757,0.5189999999999962,0.8737345873134494,1.1703240799203058,2.965894926068564,0.2879722981283637,0.0,21.78971228165343,0.5390825648497798,3.0,280.90211602410164,88650.66906454288,1.0994232497978527,335.9966823106056,-0.009440078812145949,0.004818650332567309,96.75773676849083,5146.433008617819
8.074921874999914,1116.9784075014784,95.82592722724313,96.17507979661137,14.079021146346214,74.01002014659744,0.025117851997708395,1.3684467407813918e-05,5.042091796437757,0.5189999999999962,0.8737345873134494,1.1703254279514763,2.9659084063802688,0.28714261308426137,0.0,21.65671919394158,0.5390175084470783,3.0,280.88964035124036,88630.25284933376,1.0992188725229153,335.98912205285166,-0.00476972982759879,0.009421024485082086,96.47679447414265,5115.639251423449
8.094921874999914,1118.892113832804,95.54479385770443,95.8941042626383,14.05263642816709,74.17367166769958,0.025240307988645592,1.9058754100667388e-05,5.042091796437757,0.5189999999999962,0.8737345873134494,1.1703129901891562,2.965784028757068,0.28631445404418293,0.0,21.524433504507154,0.5389527596805989,3.0,280.87720126008674,88609.89649943403,1.099015076456063,335.9815839636126,0.0092013586597991,0.0052245683856074615,96.19638378144154,5085.002223652522
8.114921874999913,1120.8002027657828,95.26418690747408,95.61365573296884,14.026393148627209,74.33712031998128,0.025362688747437665,3.971123393533478e-05,5.042091796437757,0.5189999999999962,0.8737345873134494,1.1702915473520592,2.9655696003860976,0.28548781306321547,0.0,21.39285082183061,0.5388883168862546,3.0,280.8647986820224,88589.59990255097,1.0988118606297894,335.97406800130557,0.01052094580616777,0.0017209886089216322,95.91650191964476,5054.521010822161
8.134921874999913,1122.7026847994948,94.98410340835096,95.33373138877575,14.000300200367025,74.50036623415238,0.025485081477545607,6.013473590592782e-05,5.042091796437757,0.5189999999999962,0.8737345873134494,1.1702702852029911,2.965356978895417,0.28466268224824653,0.0,21.261966735348018,0.538824178413176,3.0,280.8524325488033,88569.36294700443,1.0986092240819019,335.9665741245748,0.010820097920731641,0.0005018000499502491,95.63714613605579,5024.194705837614
8.154921874999912,1124.5995703706913,94.70454010276637,95.05432834734496,13.974366706054063,74.66340959981656,0.025607582718906848,7.7611570524856e-05,5.042091796437757,0.5189999999999962,0.8737345873134494,1.1702508129788678,2.9651622566541835,0.28383905376100527,0.0,21.131776820416118,0.5387603426238528,3.0,280.84010279259047,88549.18552177728,1.098407165856028,335.9591022923098,0.011065358268038653,-0.0001274738082469781,95.35831369704599,4994.022409046059
8.174921874999912,1126.4908698491643,94.42549357121344,94.77544369634717,13.948593137197948,74.82625070756562,0.02573030057115467,9.166734388925606e-05,5.042091796437757,0.5189999999999962,0.8737345873134494,1.170233411086562,2.9649882377311254,0.2830169198199603,0.0,21.0022767056075,0.5386968078941847,3.0,280.8278093459804,88529.06751656471,1.0982056850021158,335.9516524636641,0.011286192788987978,-0.0005473296367628283,95.080001888692,4964.003228248559
8.194921874999912,1128.376593536081,94.14696035742469,94.49707452720214,13.922983274555286,74.98888996557605,0.02585333817571964,0.00010144185007301277,5.042091796437757,0.5189999999999962,0.8737345873134494,1.1702185884396648,2.964840011262153,0.28219627270009534,0.0,20.87346204445856,0.5386335726133673,3.0,280.81555214201546,88509.0088217918,1.098004780576617,335.9442245980614,0.011558050935571808,-0.0008641126442817844,94.80220801669661,4934.13627863504
8.214921874999911,1130.2567516625697,93.86893693016071,94.21921792474507,13.897537987895545,75.15132791388015,0.02597678842099408,0.00010653181035779955,5.042091796437757,0.5189999999999962,0.8737345873134494,1.1702065834149593,2.9647199610150987,0.2813771047329764,0.0,20.745328556740965,0.5385706351838002,3.0,280.80333111419327,88489.00932862864,1.0978044516426433,335.93681865520114,0.011835349463857338,-0.0010511322015061728,94.52492940640742,4904.420682729803
8.23492187499991,1132.131354388726,93.59141973522188,93.94187098087376,13.872257862004346,75.3135652349278,0.02610072076395674,0.00010666760891740553,5.042091796437757,0.5189999999999962,0.8737345873134494,1.1701975553697113,2.964629680562618,0.28055940830582526,0.0,20.617872029225737,0.5385079940209204,3.0,280.7911461964733,88469.06892900099,1.0976046972700766,335.92943459506284,0.01213513910653568,-0.001288513644768339,94.24816340250126,4874.855570302574
8.25492187499991,1134.0004118033348,93.31440519439474,93.66503079394909,13.84714092227465,75.47560275790377,0.026225189018136245,0.00010200973849580804,5.042091796437757,0.5189999999999962,0.8737345873134494,1.1701914091098278,2.9645682179637833,0.2797431758603064,0.0,20.491088333712355,0.5384456475530147,3.0,280.7789973232783,88449.18751559306,1.0974055165356058,335.92207237790666,0.012403044765446205,-0.0015056327117926145,93.97190736857131,4845.440078270134
8.27492187499991,1135.8639339247643,93.03788984485043,93.38869450566348,13.822185722943189,75.63744145306453,0.02635023134361783,9.260191599828444e-05,5.042091796437757,0.5189999999999962,0.8737345873134494,1.1701881187513836,2.964535314379342,0.2789283998899879,0.0,20.36497340071582,0.5383835942209348,3.0,280.766884429489,88429.36498183815,1.0972069085226372,335.91473196427035,0.012667915849927743,-0.0017701052216414566,93.6961586862681,4816.173350552713
8.29492187499991,1137.7219307025487,92.76187026360742,93.11285928054369,13.797387059782038,75.79908242022097,0.02647586793551244,7.916479565017155e-05,5.042091796437757,0.5189999999999962,0.8737345873134494,1.1701872576169265,2.964526703034771,0.2781150729393097,0.0,20.239523244406463,0.5383218324779291,3.0,280.7548074504334,88409.60122190173,1.0970088723211293,335.9074133149627,0.01287900621291628,-0.0021163743656077575,93.4209147549457,4787.054537983808
8.314921874999909,1139.5744120190907,92.48634318640777,92.8375223375484,13.772739476320224,75.96052687623354,0.026602105728258954,6.251441340506501e-05,5.042091796437757,0.5189999999999962,0.8737345873134494,1.1701883425601922,2.964537552467428,0.2773031876014329,0.0,20.114733920373833,0.5382603607893923,3.0,280.7427663218759,88389.89613066336,1.0968114070274204,335.9001163910568,0.012987457343705551,-0.00268649008092943,93.14617299093239,4758.082798182695
8.334921874999909,1141.4213876933816,92.2113055624425,92.56268096465422,13.748234943109807,76.1217761256807,0.02672893841335701,4.3732570060356715e-05,5.042091796437757,0.5189999999999962,0.8737345873134494,1.1701907329398522,2.9645614562640277,0.27649273651675654,0.0,19.99060151336693,0.5381991776326693,3.0,280.730760979993,88370.24960367712,1.0966145117438333,335.8928411538758,0.012959529359528222,-0.0035074009651482707,92.87193082702333,4729.257295450319
8.354921874999908,1143.2628674859332,91.93675454336227,92.2883325158605,13.723866111838394,76.28283152164897,0.026856333275400258,2.4102387554797466e-05,5.042091796437757,0.5189999999999962,0.8737345873134494,1.1701936686905845,2.9645908137713506,0.2756837123719195,0.0,19.867122116184643,0.5381382814968971,3.0,280.7187913613414,88350.66153711913,1.096418185578158,335.88558756497287,0.012393023043991796,-0.005414354952214568,92.59818571213516,4700.577200682448
8.374921874999908,1145.0988611019402,91.66268748811846,92.01447441266215,13.699625063905103,76.44369444158826,0.026984234533484055,7.93669753976413e-06,5.042091796437757,0.5189999999999962,0.8737345873134494,1.1701945944982548,2.9646000718480536,0.27487610789946954,0.0,19.744291822701335,0.5380776708828988,3.0,280.7068574028374,88331.13182775394,1.0962224276433168,335.8783555861195,0.0,0.0,92.32493511118658,4672.041691307556
8.394921874999907,1146.9293781963854,91.3891020174651,91.74110415888708,13.675503419008956,76.60436624727467,0.02711258109883184,1.757313215112711e-05,5.042091796437757,0.5189999999999962,0.8737345873134494,1.170180275262795,2.9644568794934556,0.27406991587730767,0.0,19.6221067186029,0.5380173443030616,3.0,280.69495904172345,88311.66037288023,1.0960272370568283,335.87114517928444,-0.012879781394211788,-0.004229823696647013,92.05217650490148,4643.649951216606
8.414921874999907,1148.7544283785387,91.11599591208908,91.46821931324604,13.65149357027804,76.76484825018616,0.027241303194704965,3.314048065251967e-05,5.042091796437757,0.5189999999999962,0.8737345873134494,1.1701624836038438,2.9642789629039434,0.2732651291283354,0.0,19.500562888168886,0.5379573002812318,3.0,280.6830962155395,88292.2470702829,1.0958326129403266,335.86395630661696,-0.013424312132473587,-0.001215056597310191,91.77990738968128,4615.4011707007785
8.434921874999906,1150.574021215606,90.84336719574941,91.19581751195668,13.627587184238283,76.92514168424925,0.02737032563380259,4.5634353040926175e-05,5.042091796437757,0.5189999999999962,0.8737345873134494,1.1701465538913132,2.9641196657786373,0.272461740519992,0.0,19.379656423198508,0.5378975373526006,3.0,280.67126886209854,88272.89181819429,1.0956385544191818,335.8567889304317,-0.013341538667897156,-0.00017738438423957895,91.50812527744101,4587.294546386619
8.454921874999906,1152.3881662374083,90.57121409956427,90.9238964590046,13.60377874433161,77.0852476703498,0.02749957496975172,5.3810814502925624e-05,5.042091796437757,0.5189999999999962,0.8737345873134494,1.1701332225915972,2.963986352781478,0.27165974296312956,0.0,19.25938344540044,0.5378380540635449,3.0,280.65947691945684,88253.59451524443,1.0954450606220023,335.84964301319087,-0.01318072393098716,0.00042463441938897143,91.23682769522225,4559.32928114904
8.474921874999906,1154.1968729389887,90.29953489194067,90.6524538796605,13.580066238531654,77.2451671981681,0.0276289855056293,5.73721662963741e-05,5.042091796437757,0.5189999999999962,0.8737345873134494,1.1701226656741441,2.963880783606947,0.27085912941016316,0.0,19.139740132674195,0.537778848971413,3.0,280.64772032589656,88234.35506043328,1.0952521306803609,335.8425185174933,-0.0129738058420051,0.0008972308622519406,90.96601218456485,4531.504584002311
8.494921874999905,1156.0001507818329,90.02832795468653,90.38148754091873,13.55644658905414,77.4049011195589,0.02775849582603811,5.59073914359354e-05,5.042091796437757,0.5189999999999962,0.8737345873134494,1.1701151263806524,2.9638053906720296,0.270059892853973,0.0,19.020722714353237,0.5377199206443717,3.0,280.6359990199181,88215.17335311777,1.0950597637286679,335.83541540607035,-0.012743977565487313,0.0014108435121672714,90.69567630113288,4503.819670018402
8.514921874999905,1157.798009195039,89.75759163884517,90.11099521184148,13.532923433193966,77.56445014230921,0.027888045467155793,5.009000234530564e-05,5.042091796437757,0.5189999999999962,0.8737345873134494,1.1701102056399084,2.96375618326459,0.26926202632577106,0.0,18.902327499894586,0.5376612676611765,3.0,280.62431294023224,88196.04929299929,1.094867958904051,335.8283336417808,-0.012523141532634882,0.0020121755620200145,90.425817613993,4476.273760211942
8.534921874999904,1159.5904575735165,89.48732418841657,89.84097464247576,13.509497581415452,77.72381484816447,0.028017587939339707,4.0258395802238274e-05,5.042091796437757,0.5189999999999962,0.8737345873134494,1.1701077030108613,2.9637311569741187,0.268465522894183,0.0,18.78455084085683,0.5376028886110362,3.0,280.6126620257721,88176.98278014295,1.0946767153465515,335.8212731876179,-0.01218483241017782,0.0029620556021053204,90.15643370530412,4448.866081468691
8.554921874999904,1161.3775052769238,89.21752380933938,89.57142358246388,13.486172923113235,77.88299570465075,0.028147085880839105,2.7381300315683594e-05,5.042091796437757,0.5189999999999962,0.8737345873134494,1.1701070446660127,2.9637245735256323,0.2676703756649969,0.0,18.66738913825016,0.5375447820935262,3.0,280.60104621569997,88157.97371498882,1.0944860321992391,335.8142340067142,-0.011481281447755336,0.0048124643720146906,89.88752217023037,4421.595866496452
8.574921874999903,1163.1591616274686,88.94818856962416,89.30233975369222,13.462955859594762,78.04199308598182,0.02827651667484406,1.4152110628605073e-05,5.042091796437757,0.5189999999999962,0.8737345873134494,1.1701066348512106,2.9637204753776114,0.266876577781021,0.0,18.550838823737042,0.5374869467185104,3.0,280.5894654494214,88139.02199837532,1.094295908608452,335.8072160623494,-0.007914803035513906,0.009571183019453224,89.61908061689171,4394.462353780588
8.594921874999903,1164.9354359067486,88.67931632361571,89.03372082967402,13.43985129355788,78.20080730158534,0.028405873433284615,1.367784558466343e-05,5.042091796437757,0.5189999999999962,0.8737345873134494,1.1700987071031745,2.963641197897251,0.26608412242309837,0.0,18.43489633970239,0.5374293811061489,3.0,280.57791966660614,88120.12753157286,1.094106343724138,335.8002193179633,0.007855162437292305,0.009606697708946373,89.35110666670423,4367.464787578335
8.614921874999903,1166.706337352483,88.41090483530301,88.76556446936708,13.41686316292565,78.35943862528447,0.02853516565184239,2.876070416119074e-05,5.042091796437757,0.5189999999999962,0.8737345873134494,1.1700816006785029,2.9634701336505342,0.2652930028116154,0.0,18.31955813825973,0.5373720838869396,3.0,280.56640880720886,88101.29021631856,1.0939173367002066,335.7932437371686,0.011714850466794073,0.004251621340039067,89.08359795488612,4340.602417928868
8.634921874999902,1168.4718751563246,88.14295171862598,88.49786830101527,13.393996422455837,78.51788731549121,0.0286644139549139,4.5958292676760326e-05,5.042091796437757,0.5189999999999962,0.8737345873134494,1.1700632804790865,2.9632869316563704,0.2645032122076851,0.0,18.20482067660111,0.5373150537017335,3.0,280.55493281148387,88082.50995483964,1.093728886694767,335.78628928375923,0.012326909536708137,0.002344010532966854,88.8165521308533,4313.874500651476
8.654921874999902,1170.2320584608055,87.87545447377825,88.23062993227272,13.371255599185313,78.67615364225937,0.028793646737907547,6.25050126092679e-05,5.042091796437757,0.5189999999999962,0.8737345873134494,1.1700453849120958,2.963107975986463,0.2637147439146275,0.0,18.09068041748592,0.5372582892017729,3.0,280.5434916200047,88063.78664988572,1.0935409928704574,335.77935592172287,0.012607684917631212,0.0014132186439727104,88.5499668587157,4287.280297353311
8.674921874999901,1171.9868963571946,87.6084104658852,87.9638469445153,13.348644709807477,78.83423790675513,0.028922904640590517,7.729288619649671e-05,5.042091796437757,0.5189999999999962,0.8737345873134494,1.1700285700734947,2.9629398276004526,0.26292759127923065,0.0,17.97713383448676,0.53720178904871,3.0,280.53208517367824,88045.12020475176,1.0933536543946782,335.772443615249,0.01282540053771793,0.000823362351653558,88.28383981769872,4260.819075428837
8.6949218749999,1173.7363978829733,87.3418169460569,87.69751689872002,13.326167171469683,78.99214046366002,0.029052235018526305,8.951337515235818e-05,5.042091796437757,0.5189999999999962,0.8737345873134494,1.170013314571754,2.962787272583045,0.26214174769287685,0.0,17.86417741936652,0.5371455519146158,3.0,280.52071341376063,88026.51052330488,1.0931668704398685,335.765552328739,0.013071550665267967,0.0003717257718597514,88.01816870251973,4234.490108054583
8.7149218749999,1175.4805720196055,87.07567106177967,87.43163733837933,13.303827503737336,79.14986174100527,0.029181695913855544,9.823078064774295e-05,5.042091796437757,0.5189999999999962,0.8737345873134494,1.1700001723157822,2.962655850023328,0.2613572065923747,0.0,17.751807681017613,0.5370895764819663,3.0,280.50937628187256,88007.95751000804,1.0929806401837432,335.75868202681477,0.01333982876388291,6.006647682358584e-05,87.75295122366568,4208.292674173778
8.7349218749999,1177.2194276903201,86.80996985207346,87.16620578816989,13.281627395208227,79.30740225973241,0.029311343741808573,0.00010297998665798056,5.042091796437757,0.5189999999999962,0.8737345873134494,1.1699894184730413,2.9625483115959184,0.26057396146057604,0.0,17.640021175484097,0.5370338614436133,3.0,280.4980737200129,87989.46106994367,1.09279496280954,335.75183267432783,0.013599115393004992,-0.00023750869207723443,87.48818510759807,4182.226058473804
8.7549218749999,1178.9529737591174,86.54471039072565,86.90121979294253,13.25956417715863,79.4647626432567,0.029441233579980196,0.00010406426789962733,5.042091796437757,0.5189999999999962,0.8737345873134494,1.1699808731426338,2.9624628582918433,0.2597920058251961,0.0,17.528814529272346,0.5369784055026272,3.0,280.48680567056573,87971.0211088242,1.092609837506125,335.74500423636283,0.013844399954240028,-0.0005484227694608901,87.22386809635367,4156.2895513053745
8.7749218749999,1180.6812190321634,86.27988981259341,86.63667692462543,13.237636041066924,79.62194360781615,0.029571422910074342,0.00010164570410447764,5.042091796437757,0.5189999999999962,0.8737345873134494,1.1699744401570886,2.962398528436392,0.2590113332574366,0.0,17.41818440733834,0.5369232073721277,3.0,280.4755720762909,87952.63753297727,1.0924252634678526,335.73819667823227,0.014075343535784667,-0.0008479067713356337,86.9599979470764,4130.482448595232
8.794921874999899,1182.4041722589423,86.01550528346293,86.37257477378698,13.215841001920662,79.77894595478443,0.029701965815727045,9.59252006533649e-05,5.042091796437757,0.5189999999999962,0.8737345873134494,1.1699700004247753,2.9623541311132584,0.25823193737118755,0.0,17.308127516151096,0.536868265775158,3.0,280.46437288031683,87934.31024933346,1.0922412398944439,335.73140996547204,0.014303167663393936,-0.0011671629276232744,86.69657243174427,4104.804051778514
8.814921874999898,1184.12184213229,85.75155402791364,86.10891095714422,13.194177669401723,79.9357705718916,0.029832908798097725,8.69907163071215e-05,5.042091796437757,0.5189999999999962,0.8737345873134494,1.169967501827491,2.9623291451404166,0.2574538118223073,0.0,17.198640595724306,0.5368135794445649,3.0,280.4532080261401,87916.0391654259,1.0920577659909885,335.7246440638409,0.014494077251307535,-0.0015268362330604134,86.4335893369232,4079.253667734876
8.834921874999898,1185.8342372906673,85.48803333224357,85.8456831181242,13.17264228936477,80.09241841665278,0.029964288038266878,7.539429782409066e-05,5.042091796437757,0.5189999999999962,0.8737345873134494,1.1699666173667176,2.9623203005326815,0.256676950307323,0.0,17.08972043425391,0.53675914712284,3.0,280.44207745761065,87897.82418936615,1.0918748409677073,335.717898939312,0.014660413931384455,-0.0019802809861461167,86.17104646332469,4053.8306087059705
8.854921874999897,1187.5413663189,85.22494059086924,85.58288893953247,13.151230697024156,80.2488905120006,0.030096130321944494,6.167450030327081e-05,5.042091796437757,0.5189999999999962,0.8737345873134494,1.1699670280261367,2.962324407126873,0.2559013465626971,0.0,16.981363844467687,0.5367049675620031,3.0,280.43098111892715,87879.66522983623,1.0916924640398742,335.71117455806984,0.014749203338792139,-0.002510958162705357,85.90894162555473,4028.5341922325265
8.874921874999897,1189.2432377511188,84.96227333097501,85.32052615019569,13.129937100661644,80.40518792461742,0.03022844625786022,4.6705473792989496e-05,5.042091796437757,0.5189999999999962,0.8737345873134494,1.1699682158952456,2.9623362858179614,0.2551269943637098,0.0,16.873567664710325,0.5366510395234594,3.0,280.4199189546177,87861.56219605748,1.091510634427511,335.7044708864983,0.01475356504731914,-0.003191418307870314,85.64727265173183,4003.3637410790507
8.894921874999897,1190.9398600732372,84.7000292116301,85.05859252469996,13.10875664126232,80.5613117470694,0.030361226320237602,3.125895684576341e-05,5.042091796437757,0.5189999999999962,0.8737345873134494,1.1699697236379647,2.9623513632451526,0.25435388752384247,0.0,16.766328741472634,0.5365973617778923,3.0,280.40889090952396,87843.51499776411,1.091329351355122,335.6977878911715,0.014547535224477095,-0.00433978472918516,85.38603738327376,3978.318583175373
8.914921874999896,1192.6312417261563,84.43820605866773,84.79708589297007,13.087683309923596,80.71726307439883,0.030494446433615426,1.6680803381849506e-05,5.042091796437757,0.5189999999999962,0.8737345873134494,1.1699707535759638,2.9623616626251437,0.25358201989390167,0.0,16.659643933569225,0.5365439331051419,3.0,280.39789692877997,87825.52354516911,1.0911486140513589,335.69112553884065,0.013379539101544657,-0.007258266392367688,85.12523367459653,3953.3980515504136
8.934921874999896,1194.317391108679,84.17680184091245,84.53600413374414,13.066710635951312,80.87304298321727,0.03062807974630613,6.821119453973908e-06,5.042091796437757,0.5189999999999962,0.8737345873134494,1.1699690237482674,2.9623443643481795,0.2528113853616139,0.0,16.553510103292517,0.5364907522941149,3.0,280.3869369577936,87807.5877489333,1.0909684217487112,335.6844837964229,0.0,0.0,84.86485939297191,3928.6014842815475
8.954921874999895,1195.9983165805452,83.91581469306519,84.2753451808886,13.045833404809834,81.02865251007843,0.030762094108133013,1.1976613063427001e-05,5.042091796437757,0.5189999999999962,0.8737345873134494,1.169958431450684,2.9622384413723446,0.2520419778510547,0.0,16.44792412106844,0.5364378181426854,3.0,280.37601094222646,87789.70752013302,1.0907887736831856,335.67786263098924,-0.013725444406705322,-0.006507662896597662,84.60491241832918,3903.92822443928
8.974921874999895,1197.6740264653358,83.6552428307925,84.01510699980224,13.025049956747539,81.18409263107462,0.030896448687514275,2.029523931745965e-05,5.042091796437757,0.5189999999999962,0.8737345873134494,1.1699460002265605,2.9621141291311104,0.2512737913217708,0.0,16.342882879322037,0.5363851294575741,3.0,280.36511882797527,87771.8827702292,1.0906096690940008,335.67126200975304,-0.014940887188872019,-0.0024407900633023447,84.34539064295413,3879.3776200231414
8.994921874999894,1199.3445290513896,83.39508454126361,83.75528758474064,13.004356276724334,81.33936425706504,0.03103109476135546,2.6228651275501177e-05,5.042091796437757,0.5189999999999962,0.8737345873134494,1.1699350178895591,2.9620043057610967,0.25050681976832145,0.0,16.238383294263322,0.5363326850542601,3.0,280.354260561166,87754.11341105771,1.0904311072234896,335.6646819000666,-0.015053201581183959,-0.0005781108102326807,84.08629197133094,3854.949023912204
9.014921874999894,1201.009832593599,83.13533817750336,83.49588495697958,12.983751951122521,81.49446822211901,0.031165977643332676,2.938675978559575e-05,5.042091796437757,0.5189999999999962,0.8737345873134494,1.1699257153832334,2.96191128069784,0.24974105721896048,0.0,16.134422499953246,0.5362804898739794,3.0,280.3434360881416,87736.39935481013,1.0902530873169138,335.6581222694138,-0.014998031205854663,0.0006319260194437557,83.8276143196945,3830.6417937893266
9.034921874999894,1202.6699453136662,82.87600205063494,83.23689713378775,12.963237038101221,81.64940528381496,0.03130104486403661,2.9730557672567635e-05,5.042091796437757,0.5189999999999962,0.8737345873134494,1.1699181156375107,2.9618352832406125,0.24897649773096558,0.0,16.030997649376875,0.5362285485763714,3.0,280.3326453554611,87718.74051403112,1.0900756086224377,335.65158308540947,-0.014852033010639438,0.0015761695484260978,83.56935561445945,3806.4552919646403
9.054921874999893,1204.3248753997505,82.6170744944213,82.97832214808099,12.942811627672535,81.80417612829292,0.03143624999382136,2.7405013956596213e-05,5.042091796437757,0.5189999999999962,0.8737345873134494,1.1699121325935566,2.961775452801072,0.2482131353979797,0.0,15.92810539574313,0.5361768480297051,3.0,280.3218883099016,87701.13680162212,1.0898986703911693,335.64506431580037,-0.014627416789521062,0.0027461407875112327,83.31151379468136,3782.388885568391
9.074921874999893,1205.9746310062762,82.35855381328399,82.7201580333691,12.922476841069821,81.95878137421424,0.03157155056455084,2.279104229426265e-05,5.042091796437757,0.5189999999999962,0.8737345873134494,1.1699075404332175,2.961729531197681,0.24745096434756986,0.0,15.825742786573619,0.53612538708359,3.0,280.3111648984592,87683.58813084348,1.0897222718771857,335.6385659284663,-0.014153996314273646,0.004445356018026477,83.05408681123438,3758.441946442357
9.094921874999892,1207.6192202536627,82.10043828430767,82.46240282384096,12.902232264206265,82.11322157712742,0.031706907432115024,1.6290404406147646e-05,5.042091796437757,0.5189999999999962,0.8737345873134494,1.169904100992978,2.961695136795286,0.24668997873949702,0.0,15.723906895620084,0.5360741645959228,3.0,280.30047506835115,87666.09441531716,1.0895464123375624,335.63208789142084,-0.01270305975987452,0.007571768710623788,82.7970726262276,3734.613851054462
9.114921874999892,1209.2586512277157,81.84272619824384,82.20505456575222,12.882078700931372,82.26749723632535,0.03184228561652687,1.0175322050499738e-05,5.042091796437757,0.5189999999999962,0.8737345873134494,1.1699004675432312,2.9616588022978174,0.2459301727656469,0.0,15.622594825217433,0.5360231794328307,3.0,280.2898187670198,87648.65556903339,1.0893710910324437,335.625630172814,0.0,0.0,82.54046921297926,3710.903980464915
9.134921874999892,1210.8929319798228,81.58541578384296,81.94811129618414,12.862019601493529,82.42160879549304,0.031977664866557204,1.2692868233682171e-05,5.042091796437757,0.5189999999999962,0.8737345873134494,1.1698917520818106,2.961571647683612,0.245171540649571,0.0,15.521803701754322,0.5359724304685871,3.0,280.27919594213114,87631.27150634848,1.0891963072250237,335.61919274093145,0.009126624980072287,0.011621585675615921,82.28427455585948,3687.3117202804797
9.154921874999891,1212.522070524614,81.32850514622348,81.69157102591198,12.842057874197993,82.57555666264706,0.03211303345019192,2.299298906642533e-05,5.042091796437757,0.5189999999999962,0.8737345873134494,1.169878458259739,2.961438709462896,0.2444140766471916,0.0,15.421530667786511,0.5359219165856063,3.0,280.26860654159,87613.94214200974,1.0890220601818013,335.6127755642035,0.013275849170792572,0.006561229379316242,82.02848665052595,3663.83646064523
9.17492187499989,1214.146074838379,81.07199236278446,81.43543176624118,12.822194282315353,82.72934122414752,0.03224838716801311,3.5563084584160305e-05,5.042091796437757,0.5189999999999962,0.8737345873134494,1.169863853162382,2.961292658489325,0.24365777504744238,0.0,15.321772882848538,0.5358716366744338,3.0,280.25805051355053,87596.66739117232,1.088848349172751,335.60637861121165,0.014271712363552177,0.004061289995741898,81.77310350413738,3640.4775962287895
9.19492187499989,1215.7649528589075,80.81587548390611,81.17969152914758,12.802431446333072,82.88296284776943,0.03238373614694828,4.8826450960205217e-05,5.042091796437757,0.5189999999999962,0.8737345873134494,1.1698488711359278,2.961142838224784,0.24290263017225366,0.0,15.222527521636321,0.5358215896336913,3.0,280.24752780641705,87579.44716940087,1.0886751734713438,335.6000018506887,0.014701428494230324,0.0026697823768804885,81.51812313534549,3617.234526194189
9.21492187499989,1217.3787124834996,80.56015241184248,80.92434829360623,12.782774710626162,83.0364218995863,0.032519101779906565,6.146236964487192e-05,5.042091796437757,0.5189999999999962,0.8737345873134494,1.1698342946894247,2.9609970737597524,0.2421486363776783,0.0,15.123791761852221,0.5357717743700992,3.0,280.2370383688572,87562.28139269077,1.0885025323547644,335.5936452515275,0.014969556501341992,0.0017399945614752005,81.2635435746717,3594.1066542006133
9.23492187499989,1218.9873615666716,80.30482098089186,80.66940002808921,12.76322423537217,83.18971876303138,0.03265451738132395,7.32722613029346e-05,5.042091796437757,0.5189999999999962,0.8737345873134494,1.1698202412860261,2.960856539725767,0.24139578805475315,0.0,15.025562808709648,0.5357221897984789,3.0,280.22658214981664,87545.16997749248,1.088330425104158,335.5873087827889,0.015163567413688378,0.0010318015061290245,81.00936286479511,3571.0933883979087
9.254921874999889,1220.5909079196126,80.0498790149611,80.41484470661787,12.743781603206779,83.34285384454755,0.03279002702806896,8.383251057773664e-05,5.042091796437757,0.5189999999999962,0.8737345873134494,1.1698069617149678,2.9607237440151835,0.24064407962949944,0.0,14.92783788158789,0.5356728348416979,3.0,280.2161590985225,87528.11284071732,1.0881588510046942,335.5809924137046,0.015365045838407719,0.0004713319922384832,80.75557906054998,3548.1941413946274
9.274921874999889,1222.1893593091972,79.79532427102899,80.16068029301377,12.72444984763798,83.4958275825398,0.03292568057834413,9.246416792203733e-05,5.042091796437757,0.5189999999999962,0.8737345873134494,1.169794858038868,2.960602707254185,0.23989350556351624,0.0,14.830614210795861,0.5356237084306557,3.0,280.2057691644902,87511.10989974804,1.0879878093456743,335.57469611368106,0.015559826847624246,-6.166324231086229e-06,80.50219022912262,3525.408330243847
9.294921874999888,1223.7827234567726,79.54115442473247,79.9069047369126,12.705230410377203,83.64864045790564,0.03306153259204195,9.877351121261725e-05,5.042091796437757,0.5189999999999962,0.8737345873134494,1.1697841632993298,2.9604957598588033,0.23914406035456223,0.0,14.733889053327136,0.5355748095042663,3.0,280.19541229753094,87494.16107245162,1.087817299420665,335.56841985230375,0.015768433813237174,-0.00043879488371223376,80.2491944502444,3502.7353764285817
9.314921874999888,1225.371008037015,79.28736714976934,79.65351599592351,12.68612348850004,83.80129300394894,0.033197639552508755,0.00010259970202281558,5.042091796437757,0.5189999999999962,0.8737345873134494,1.1697749725710687,2.960403852576192,0.2383957385363305,0.0,14.637659696925718,0.5355261370093889,3.0,280.18508844775937,87477.26627719149,1.0876473205276247,335.56216359934217,0.015960241705594187,-0.0008617313527536945,79.99658981611414,3480.17470582344
9.334921874999887,1226.9542206781869,79.03396013595884,79.40051204056994,12.667127568083615,83.95378580569411,0.03333405936206027,0.00010409656642795703,5.042091796437757,0.5189999999999962,0.8737345873134494,1.1697671945279662,2.9603260721451674,0.237648534677967,0.0,14.541923465371756,0.5354776899007425,3.0,280.17479756559175,87460.42543282484,1.0874778719688791,335.5559273247486,0.01615142772086732,-0.0012619519679087634,79.7443744312329,3457.7257486485246
9.354921874999887,1228.5323689623722,78.78093107063604,79.14789084900187,12.648243298022749,84.10611949935411,0.03347084832334668,0.0001030009556447924,5.042091796437757,0.5189999999999962,0.8737345873134494,1.1697609849444832,2.9602639763103378,0.23690244338386518,0.0,14.446677696237995,0.5354294671408393,3.0,280.16453960174454,87443.63845869998,1.0873089530510998,335.5497109986572,0.01633552830806783,-0.0016415752844170046,79.4925464123317,3435.387939431833
9.374921874999886,1230.1054604255785,78.52827766329675,78.8956504138032,12.629468669396825,84.2582947727631,0.0336080539056123,9.955479179985075e-05,5.042091796437757,0.5189999999999962,0.8737345873134494,1.1697562003776427,2.960216130641933,0.23615745929318435,0.0,14.35191976885272,0.5353814676999002,3.0,280.1543145072337,87426.90527465544,1.0871405630852962,335.54351459138365,0.016509568056665754,-0.002014688456694324,79.2411038882067,3413.160716964036
9.394921874999886,1231.6735025583664,78.2759976470217,78.64378874227917,12.610802599440046,84.410312361864,0.033745714034572855,9.382366905607191e-05,5.042091796437757,0.5189999999999962,0.8737345873134494,1.1697528018946217,2.960182145811723,0.23541357707930474,0.0,14.257647082318538,0.5353336905557677,3.0,280.1441222333706,87410.22580101309,1.0869727013867523,335.5373380734226,0.016665201054852682,-0.0023977927069285124,78.9900449995324,3391.0435242516683
9.414921874999886,1233.2365028064112,78.02408882237219,78.39230386866798,12.592242447757554,84.56217304770705,0.03388385854138389,8.618523509468225e-05,5.042091796437757,0.5189999999999962,0.8737345873134494,1.1697505656879208,2.9601597837447136,0.2346707914491214,0.0,14.163857067861258,0.5352861346938089,3.0,280.1339627317583,87393.5999585723,1.0868053672749696,335.53118141544553,0.01678879371486627,-0.0027960493247775856,78.73936789862134,3369.0358084662425
9.434921874999885,1234.794468572054,77.77254905864716,78.14119385438202,12.573786057832914,84.71387764615609,0.03402250508378676,7.687920500762351e-05,5.042091796437757,0.5189999999999962,0.8737345873134494,1.1697493496760043,2.9601476236255486,0.23392909714234666,0.0,14.070547173535447,0.5352387991068212,3.0,280.1238359542816,87377.0276685934,1.0866385600735042,335.5250445882947,0.016898121435169364,-0.0031973512202247037,78.48907074918539,3347.1370208937838
9.454921874999885,1236.3474072154495,77.52137625892493,77.89045677811912,12.55543064303435,84.86542700064311,0.03416165853149829,6.633533546516962e-05,5.042091796437757,0.5189999999999962,0.8737345873134494,1.169748899156389,2.9601431184293947,0.2331884889312155,0.0,13.977714870563657,0.5351916827949627,3.0,280.11374185309955,87360.5088527854,1.0864722791098478,335.5189275629783,0.01695457834246641,-0.003661584155132312,78.23915172623286,3325.346616896622
9.474921874999884,1237.895326055835,77.27056842540621,77.64009075414056,12.537172351036398,85.01682197409701,0.034301312375395764,5.521527912967617e-05,5.042091796437757,0.5189999999999962,0.8737345873134494,1.1697488219581638,2.9601423464471432,0.23244896161957543,0.0,13.885357649444446,0.5351447847656465,3.0,280.10368038063706,87344.04343329262,1.0863065237152945,335.51283031066606,0.016930683611282978,-0.004277801576964535,77.98960901575914,3303.6640558580143
9.494921874999884,1239.4382323733275,77.02012366846472,77.39009393478614,12.519006684551876,85.1680634370693,0.03444145535507176,4.425206598541999e-05,5.042091796437757,0.5189999999999962,0.8737345873134494,1.169748683535519,2.9601409622206964,0.23171051004237359,0.0,13.793473012808484,0.53509810403346,3.0,280.09365148957335,87327.63133267548,1.0861412932247505,335.5067528026815,0.016806586547288917,-0.005034648733822904,77.74044081456988,3282.0888011384827
9.514921874999883,1240.976133411379,76.77004018444401,77.1404645041219,12.500930957039573,85.31915225117334,0.03458207072526518,3.385749101663503e-05,5.042091796437757,0.5189999999999962,0.8737345873134494,1.1697482396529983,2.960136523395489,0.23097312906503267,0.0,13.70205847020661,0.535051639620078,3.0,280.08365513282604,87311.27247388443,1.0859765869764773,335.50069501049256,0.01653505241683314,-0.0060588141096890955,77.49164533006666,3260.62032002928
9.534921874999883,1242.5090363778884,76.52031622555923,76.89120066942908,12.482943432674375,85.47008926248155,0.03472313433069612,2.4314307413365463e-05,5.042091796437757,0.5189999999999962,0.8737345873134494,1.1697473225188313,2.9601273520538185,0.23023681358314946,0.0,13.611111544751244,0.5350053905541976,3.0,280.0736912635437,87294.96678024804,1.0858124043119712,335.49465690570753,0.015985396668189496,-0.0075457116429294814,77.24322078014207,3239.258083715988
9.554921874999883,1244.036948446232,76.27095009356712,76.64230065936125,12.465042086871689,85.62087529557886,0.03486461909565484,1.6003604317615432e-05,5.042091796437757,0.5189999999999962,0.8737345873134494,1.1697457060435263,2.960111187300769,0.2295015585221631,0.0,13.520629776468098,0.534959355871472,3.0,280.06375983509946,87278.7141754622,1.0856487445758605,335.4886384600703,0.014683538706382497,-0.009908309980585147,76.99516539306465,3218.001567241662
9.574921874999882,1245.5598767563247,76.02194013541684,76.39376272263738,12.447223306514731,85.77151114743658,0.035006495644308716,9.735876392475707e-06,5.042091796437757,0.5189999999999962,0.8737345873134494,1.1697429095424559,2.960083222290064,0.22876735883689825,0.0,13.430610722887046,0.5349135346144361,3.0,280.0538608010839,87262.51458357865,1.0854856071157903,335.48263964545686,0.0,0.0,76.74747740732205,3196.850249466816
9.594921874999882,1247.0778284161026,75.77328480121521,76.14558514436118,12.429484910834264,85.92199757832537,0.03514873255183811,5.8437255214407055e-06,5.042091796437757,0.5189999999999962,0.8737345873134494,1.169738735602004,2.960041482885545,0.22803420951092038,0.0,13.34105195653372,0.5348679258324216,3.0,280.04399411529533,87246.36792898933,1.0853229912822697,335.476660433869,0.0,0.0,76.50015507140077,3175.803613024457
9.614921874999881,1248.5908105025776,75.5249825575223,75.89776622136807,12.411826011063168,86.07233530587219,0.03529129332184971,3.915405932116566e-06,5.042091796437757,0.5189999999999962,0.8737345873134494,1.1697334280720517,2.9599884075860228,0.22730210555609404,0.0,13.251951070397237,0.5348225285814867,3.0,280.0341597317332,87230.27413641513,1.08516089642856,335.47070079743037,0.0,0.0,76.25319664363435,3154.861144281438
9.63492187499988,1250.0988300626202,75.27703190920508,75.65030426831231,12.394244979651345,86.22252500114179,0.03543413455950913,2.5183844127688333e-06,5.042091796437757,0.5189999999999962,0.8737345873134494,1.1697278359157,2.959932486022505,0.22657104201199915,0.0,13.163305679364873,0.5347773419243359,3.0,280.0243576045929,87214.23313089754,1.0849993219105933,335.4647607083833,0.0,0.0,76.00660039200436,3134.0223332964156
9.65492187499988,1251.6018941130558,75.02943134619245,75.40319760247353,12.376743045409786,86.37256728965376,0.03557720782382568,1.8081440105580783e-06,5.042091796437757,0.5189999999999962,0.8737345873134494,1.1697218669351837,2.959872796217342,0.22584101394565545,0.0,13.075113420090432,0.5347323649302612,3.0,280.0145876882651,87198.24483779764,1.0848382670869656,335.4588401390887,0.0,0.0,75.76036459404533,3113.286673787045
9.67492187499988,1253.1000096404389,74.78217934936951,75.15644454537004,12.35931992952944,86.52246275467769,0.03572046182779657,4.967811149232966e-06,5.042091796437757,0.5189999999999962,0.8737345873134494,1.1697136338891623,2.9597904657571283,0.2251120164513453,0.0,12.987371949970878,0.5346875966750892,3.0,280.0048499373371,87182.30918279853,1.0846777313189642,335.4529390620263,0.0,0.0,75.514487536783,3092.6536631003023
9.69492187499988,1254.593183600992,74.53527440672518,74.91004342729575,12.341975459239318,86.67221193931714,0.035863848320840885,1.0276768150534576e-05,5.042091796437757,0.5189999999999962,0.8737345873134494,1.169704156692072,2.959695693786226,0.22438404465043157,0.0,12.900078946099931,0.5346430362411281,3.0,279.99514430659355,87166.42609190595,1.0845177139705744,335.4470574497957,0.0,0.0,75.26896751667084,3072.1228021828456
9.71492187499988,1256.0814229205787,74.28871499814483,74.66399258292421,12.324709540479164,86.82181534830312,0.03600732948894232,1.75421226440351e-05,5.042091796437757,0.5189999999999962,0.8737345873134494,1.1696935495673737,2.9595896225392426,0.22365709369115938,0.0,12.813232106370648,0.5345986827171145,3.0,279.98547075101624,87150.59549144853,1.084358214408488,335.44119527511583,0.015828773722298413,0.007961162000454634,75.02380283952107,3051.693595551161
9.734921874999879,1257.5647344946526,74.04249959291835,74.41829035051407,12.30752443397641,86.97127344994544,0.03615087505858854,2.6303250996114947e-05,5.042091796437757,0.5189999999999962,0.8737345873134494,1.1696820855232226,2.9594749820977317,0.222931158748452,0.0,12.726829145636456,0.5345545351981609,3.0,279.9758292257847,87134.81730807845,1.084199232002109,335.4353525108255,0.01659542636853249,0.0063630996856734465,74.7789918204338,3031.3655512618134
9.754921874999878,1259.0431251871432,73.79662657171433,74.17293504973487,12.2904219398513,87.12058668557357,0.03629445691985213,3.614889337356441e-05,5.042091796437757,0.5189999999999962,0.8737345873134494,1.1696700082617073,2.9593542094825787,0.22220623502433318,0.0,12.640867794180126,0.5345105927857393,3.0,279.9662196862835,87119.09146878314,1.0840407661236768,335.4295291298878,0.016988686855481154,0.005366748973246473,74.53453278393725,3011.1381808993133
9.774921874999878,1260.516601829608,73.55109430974926,73.9279250053642,12.273403383273058,87.26975547699834,0.03643804876866579,4.6643921726028754e-05,5.042091796437757,0.5189999999999962,0.8737345873134494,1.1696575756286758,2.9592298831522634,0.22148231774812766,0.0,12.555345795955411,0.5344668545876541,3.0,279.9566420881075,87103.41790089443,1.0838828161483598,335.42372510539315,0.017305573371289514,0.004587114403531377,74.29042406405331,2991.0109995577786
9.794921874999877,1261.9851712202994,73.30590110582484,73.6832585271422,12.25647111972476,87.41878023447484,0.03658163241410837,5.722116136031253e-05,5.042091796437757,0.5189999999999962,0.8737345873134494,1.1696451236988499,2.9591053638540044,0.22075940217701742,0.0,12.470260905810182,0.5344233197180335,3.0,279.94709638706803,87087.79653209841,1.0837253814543573,335.41794041056323,0.017575398276992327,0.00392994001528329,74.0466640044824,2970.9835258322064
9.814921874999877,1263.4488401229453,73.06104522011839,73.43893392056187,12.239626357582344,87.56766136661662,0.03672519886196239,6.761207928818385e-05,5.042091796437757,0.5189999999999962,0.8737345873134494,1.1696328115090517,2.958982241956023,0.2200374835964238,0.0,12.385610894776283,0.5343799872973128,3.0,279.93758253920083,87072.22729044837,1.0835684614230328,335.4121750187557,0.017808391662034292,0.003367321743447235,73.80325095873029,2951.055281804999
9.834921874999877,1264.9076152664318,72.81652488536173,73.19494949006288,12.222869853638404,87.71639928386502,0.03686874559284308,7.76086265278371e-05,5.042091796437757,0.5189999999999962,0.8737345873134494,1.1696207622226904,2.9588617490924096,0.21931655732016284,0.0,12.301393549239036,0.5343368564522013,3.0,279.92810050076815,87056.71010436828,1.083412055438953,335.4064289034655,0.018028200960407886,0.0029156277317563257,73.56018329015801,2931.2257930260143
9.854921874999876,1266.3615033437225,72.57233830648048,72.95130353898564,12.206202929414616,87.86499440726301,0.03701227653557935,8.685471184670809e-05,5.042091796437757,0.5189999999999962,0.8737345873134494,1.1696091867349512,2.9587459942150174,0.21859661869085614,0.0,12.217606667302771,0.5342939263156655,3.0,279.9186502282658,87041.24490266418,1.0832561628900024,335.4007020383291,0.018231280892239153,0.0025221505734733863,73.31745937211808,2911.494588499717
9.874921874999876,1267.8105110119761,72.32848367111576,72.7079943725265,12.189625819770338,88.01344716876915,0.03715580012868278,9.523548724391539e-05,5.042091796437757,0.5189999999999962,0.8737345873134494,1.169598152941437,2.9586356562798755,0.21787766307985165,0.0,12.134248066742597,0.5342511960268839,3.0,279.90923167842215,87025.83161452299,1.083100783167377,335.3949943971238,0.018440560793481612,0.0022150952993033046,73.07507758792528,2891.861200658808
9.894921874999875,1269.2546448916148,72.08495914003782,72.4650202950538,12.173139398600552,88.16175801886153,0.037299328564859804,0.00010245473889387719,5.042091796437757,0.5189999999999962,0.8737345873134494,1.1695878362269314,2.9585324891348197,0.21715968588761275,0.0,12.051315577079157,0.5342086647312274,3.0,279.8998448082045,87010.47016952239,1.0829459156656849,335.3893059537719,0.018642865246950427,0.001902335587289493,72.83303633098555,2872.3251653507887
9.914921874999875,1270.6939115663336,71.84176287498664,72.22237961802239,12.156742927470491,88.30992742752646,0.03744287798015344,0.00010855647195610225,5.042091796437757,0.5189999999999962,0.8737345873134494,1.1695782103441321,2.958436230306827,0.2164426825435472,0.0,11.968807052361543,0.5341663315802093,3.0,279.8904895748188,86995.16049763073,1.0827915597829487,335.3836366823402,0.018841390019016305,0.0015883823430449455,72.59133400473613,2852.886021809332
9.934921874999874,1272.1283175831663,71.59889304547227,71.98007066185794,12.140437157487483,88.45795588482243,0.037586469980271923,0.00011331914462571546,5.042091796437757,0.5189999999999962,0.8737345873134494,1.1695694064260442,2.958348191125948,0.21572664850581594,0.0,11.886720356906705,0.534124195731432,3.0,279.8811659357094,86979.90252920635,1.0826377149206008,335.3779865570399,0.019048508528100843,0.0012773633717674683,72.3499690225788,2833.5433126253274
9.954921874999874,1273.5578694523545,71.35634779914099,71.73809174749296,12.124222811956697,88.60584390279895,0.03773013086749383,0.00011650855938746287,5.042091796437757,0.5189999999999962,0.8737345873134494,1.1695615631132565,2.958269757998071,0.21501157926153341,0.0,11.805053371280987,0.5340822563485585,3.0,279.8718738485597,86964.69619499892,1.082484380483501,335.3723555522272,0.019272929647283474,0.0009989804229325197,72.10893980794486,2814.2965837284987
9.974921874999874,1274.9825736467405,71.11412525769036,71.49644119520238,12.108100239593105,88.75359202064749,0.037873887866976846,0.00011795501785448766,5.042091796437757,0.5189999999999962,0.8737345873134494,1.1695547808313334,2.958201935178839,0.21429747032696167,0.0,11.723803995130213,0.5340405126012828,3.0,279.86261327129614,86949.54142615598,1.0823315558800026,335.3667436424055,0.01948774081893241,0.0006987808551500662,71.86824479435815,2795.145384369018
9.994921874999873,1276.402436601846,70.87222355362357,71.25511733505495,12.092068039160921,88.90120080509477,0.038017771517062426,0.0001178370712987463,5.042091796437757,0.5189999999999962,0.8737345873134494,1.1695489536519854,2.9581436633853597,0.21358431724713223,0.0,11.642970155764967,0.5339989636652671,3.0,279.853384162088,86934.438154222,1.0821792405219486,335.3611508022253,0.019696331267729444,0.0003460719477973146,71.62788242530584,2776.0892670840526
10.014921874999873,1277.817464715948,70.63064086270603,71.01411851614814,12.076125594405537,89.0486708507642,0.038161818137873074,0.00011619811328947119,5.042091796437757,0.5189999999999962,0.8737345873134494,1.1695440557576937,2.9580946844424427,0.21287211559543767,0.0,11.562549794260997,0.5339576087220783,3.0,279.8441864793463,86919.38631113767,1.0820274338246645,335.3555770064839,0.019890530020547578,-7.2691684098291e-05,71.38785115409894,2757.1277876638446
10.034921874999872,1279.2276643512068,70.38937536052447,70.77344309407151,12.060272176694003,89.19600277337454,0.03830606850282677,0.00011310966670610446,5.042091796437757,0.5189999999999962,0.8737345873134494,1.169540044675369,2.9580545736191954,0.21216086097340592,0.0,11.4825408695648,0.5339164469591352,3.0,279.83502018171714,86904.38582922783,1.0818761352068413,335.3500222301206,0.020090165196367808,-0.0005282154165142764,71.1481494437932,2738.2605051225155
10.054921874999872,1280.6330418332589,70.14842525000327,70.53308943878612,12.044506522374647,89.34319721341774,0.03845056613512208,0.00010874057732998965,5.042091796437757,0.5189999999999962,0.8737345873134494,1.1695368202656917,2.958022329522423,0.21145054901057928,0.0,11.402941359736202,0.5338754775696624,3.0,279.8258852280838,86889.43664120586,1.0817253440905812,335.3444864482188,0.02025184881887274,-0.0010279851136031123,70.90877576714662,2719.48698167234
10.074921874999871,1282.0336034522788,69.90778876357123,70.29305593514779,12.02882718448322,89.4902548298313,0.03859535332880381,0.00010329791905247157,5.042091796437757,0.5189999999999962,0.8737345873134494,1.1695342597386775,2.957996724252281,0.2107411753640096,0.0,11.323749259369562,0.5338346997526217,3.0,279.81678157756016,86874.5386801623,1.0815750599012852,335.3389696360015,0.02039664880396455,-0.0015742288099670867,70.66972860644688,2700.8067826878782
10.094921874999871,1283.4293554634075,69.66746417972142,70.05334098762266,12.013231966617425,89.63717629801536,0.03874047080799136,9.714153960570305e-05,5.042091796437757,0.5189999999999962,0.8737345873134494,1.1695321497471147,2.957975624336653,0.2100327357179354,0.0,11.244962581207227,0.5337941127126566,3.0,279.8077091894878,86859.69187956041,1.0814252820676125,335.3334717688296,0.020502803496804438,-0.0021702584381292846,70.43100645340034,2682.2194766753773
10.11492187499987,1284.8203040879573,69.42744982360472,69.81394302036655,11.997719142792258,89.78396230260861,0.03888595764707412,9.053149685464524e-05,5.042091796437757,0.5189999999999962,0.8737345873134494,1.1695303360801002,2.957957487666507,0.20932522578329127,0.0,11.166579349013773,0.5337537156600256,3.0,279.79866802342826,86844.89617322324,1.0812760100213499,335.32799282219753,0.02057850070843915,-0.0028079367429416813,70.19260780896437,2663.724635237945
10.13492187499987,1286.206455514019,69.18774406622806,69.57486047697168,11.98228746824954,89.93061353437436,0.03903184751248079,8.359670959359186e-05,5.042091796437757,0.5189999999999962,0.8737345873134494,1.1695287422287517,2.9579415491530225,0.20861864129750202,0.0,11.088597597298783,0.5337135078105537,3.0,279.78965803915884,86830.15149532726,1.0811272431973529,335.32253277173027,0.020627095837621748,-0.003442805014513108,69.95453118327546,2645.321833048553
10.15492187499987,1287.5878158974451,68.94834530004819,69.33609181338026,11.966934756587765,90.07713068458473,0.03917816558065555,7.669302974239277e-05,5.042091796437757,0.5189999999999962,0.8737345873134494,1.169527157169343,2.9579256985589364,0.20791297802419936,0.0,11.011015378320877,0.5336734883855792,3.0,279.7806791966666,86815.45778039182,1.0809789810334396,335.31709159317995,0.020620445478777595,-0.004097461814919201,69.71677509555127,2627.0106478211783
10.17492187499987,1288.9643913625935,68.70925198360288,69.09763551067074,11.951658780317615,90.22351444106985,0.039324931512356304,7.017826963763056e-05,5.042091796437757,0.5189999999999962,0.8737345873134494,1.1695253686860494,2.9579078137259995,0.2072082317526958,0.0,10.933830756490844,0.5336336566118882,3.0,279.77173145614313,86800.81496327132,1.0808312229703145,335.31166926242275,0.020596359200107474,-0.004745468464874526,69.47933807391138,2608.790660276206
10.194921874999869,1290.336188003367,68.47046261459823,68.8594900672532,11.936458147589567,90.36976548231767,0.03947215756328487,6.422887078665595e-05,5.042091796437757,0.5189999999999962,0.8737345873134494,1.1695232720520594,2.9578868473860997,0.20650439829772466,0.0,10.857041805847583,0.5335940117216639,3.0,279.76281477797806,86786.2229791441,1.0806839684514602,335.3062657554547,0.02054536743318246,-0.0053502232747657825,69.24221865528713,2590.661454112815
10.214921874999868,1291.7032118840443,68.23197573214858,68.62165399945327,11.921331269088071,90.51588447303946,0.039619849871771896,5.9020884870682404e-05,5.042091796437757,0.5189999999999962,0.8737345873134494,1.1695207627626703,2.957861754492208,0.20580147349906774,0.0,10.780646613876408,0.53355455295243,3.0,279.7539291227537,86771.68176350364,1.0805372169230485,335.30088104838876,0.020519895496553836,-0.005805498610754007,69.00541538529404,2572.622615978888
10.234921874999868,1293.0654690398264,67.9937898889913,68.38412583345128,11.906277336604536,90.6618720616605,0.03976800581026312,5.457552881640868e-05,5.042091796437757,0.5189999999999962,0.8737345873134494,1.1695178280936243,2.957832407801748,0.20509945322145062,0.0,10.704643279825765,0.5335152795470113,3.0,279.7450744512411,86757.19125215267,1.0803909678338852,335.29551511745217,0.020541962923252992,-0.006013849211447022,68.76892681819407,2554.6737354479887
10.254921874999868,1294.4229654773053,67.7559036686912,68.14690411019043,11.891294469347399,90.80772887835087,0.03991661368487212,5.125461421781776e-05,5.042091796437757,0.5189999999999962,0.8737345873134494,1.169514253412661,2.957796660992116,0.20439833335417165,0.0,10.629029921043966,0.5334761907534769,3.0,279.7362507243975,86742.75138119828,1.0802452206353628,335.2901679389849,0.02062184311619516,-0.005980754730005606,68.53275151676883,2536.814404989938
10.274921874999867,1295.7757071751153,67.51831568982938,67.90998738652416,11.876382522154984,90.95345553186725,0.040065654990125356,4.9036010778695945e-05,5.042091796437757,0.5189999999999962,0.8737345873134494,1.1695100516887833,2.9577546437533386,0.20369810981075004,0.0,10.553804664207945,0.5334372858250874,3.0,279.7274579033617,86728.36208704494,1.08009997478139,335.2848394894372,0.020784634092844114,-0.005672118643971109,68.29688805219908,2519.044219942111
10.294921874999867,1297.123700084278,67.28102457904532,67.6733742273772,11.86154001760083,91.09905260842785,0.04021510706788216,4.818167369866936e-05,5.042091796437757,0.5189999999999962,0.8737345873134494,1.1695050674887437,2.957704801752943,0.20299877852881834,0.0,10.478965653537381,0.5333985640202561,3.0,279.7186959494522,86714.02330639082,1.0799552297283592,335.279529745368,0.021017516687010365,-0.00501045235613922,68.06133500402632,2501.362778487149
10.314921874999866,1298.4669501287026,67.04402898475495,67.4370632096396,11.846767319880982,91.24452066959786,0.04036494331382304,4.865314930994021e-05,5.042091796437757,0.5189999999999962,0.8737345873134494,1.169499323472916,2.9576473615946663,0.2023003354697772,0.0,10.40451104453404,0.533360024602495,3.0,279.7099648241634,86699.73497622253,1.079810984935096,335.27423868344306,0.02128828868430958,-0.004128270893433466,67.82609096003468,2483.7696816249636
10.334921874999866,1299.8054632048888,66.80732752957731,67.20105290839197,11.832064658299679,91.38986025537888,0.040515132499785604,5.0394006582564286e-05,5.042091796437757,0.5189999999999962,0.8737345873134494,1.1694928529804778,2.9575826566702834,0.20160277661894604,0.0,10.330439007150456,0.5333216668403911,3.0,279.7012644891682,86685.49703381822,1.0796672398628893,335.26896628043596,0.02153358911514601,-0.0030597077260803227,67.59115451629968,2466.2645331573895
10.354921874999865,1301.1392451821555,66.57091886868028,66.96534191374626,11.817430497679103,91.53507188385537,0.04066564114825507,5.371480877500848e-05,5.042091796437757,0.5189999999999962,0.8737345873134494,1.1694854717919867,2.9575088447853726,0.20090609798523365,0.0,10.256747729782097,0.533283490007556,3.0,279.69259490631595,86671.30941674513,1.079523993975472,335.26371251322746,0.021735651738627734,-0.0019382034680441719,67.35652427707568,2448.8469396610094
10.374921874999865,1302.4683019028819,66.33480164800048,66.72992881869574,11.802865890808414,91.68015605073607,0.04081643372348126,5.8376793361389406e-05,5.042091796437757,0.5189999999999962,0.8737345873134494,1.1694773213629843,2.957427340495349,0.20021029560105272,0.0,10.183435409460104,0.5332454933825874,3.0,279.6839560376312,86657.17206285712,1.0793812467389963,335.2584773588045,0.021883414948302714,-0.0009650815824449283,67.12219885476509,2431.516510466179
10.394921874999865,1303.7926391821447,66.09897449045201,66.4948122150687,11.788371681841081,91.8251132328202,0.040967476596038374,6.411024202213877e-05,5.042091796437757,0.5189999999999962,0.8737345873134494,1.169468561506843,2.9573397419339353,0.19951536552228666,0.0,10.110500301589514,0.5332076786383498,3.0,279.675347845316,86643.08491029842,1.0792389976220749,335.2532607942615,0.021996469251646947,-0.0001540013370843244,66.88817686990558,2414.27285763763
10.414921874999864,1305.1122628072862,65.86343600763743,66.25999069689271,11.773947769274812,91.96994389183969,0.041118737180936414,7.084154335502523e-05,5.042091796437757,0.5189999999999962,0.8737345873134494,1.1694592357906983,2.957246484772489,0.1988213038282496,0.0,10.03794060521927,0.5331700437065039,3.0,279.66677029175264,86629.04789750832,1.0790972460958295,335.2480627968021,0.022083386139847096,0.0005399096696679614,66.6544569511551,2397.1155959550506
10.434921874999864,1306.427178538023,65.6281848154943,66.02546286510102,11.75959432119075,92.11464847480711,0.04127018423782971,7.844600933454665e-05,5.042091796437757,0.5189999999999962,0.8737345873134494,1.1694494180543589,2.9571483074090943,0.19812810662239125,0.0,9.965754538485703,0.5331325868436771,3.0,279.65822333950285,86615.06096321993,1.0789559916338805,335.24288334373875,0.02217246989703084,0.0010611321807701554,66.42103773552614,2380.044342911512
10.454921874999863,1307.7373921060992,65.39321950819786,65.79122731986358,11.745311996454962,92.25922741727187,0.04142178833878953,8.668708103326898e-05,5.042091796437757,0.5189999999999962,0.8737345873134494,1.1694392484598537,2.9570466114640426,0.19743577003206655,0.0,9.893940349951706,0.533095307348163,3.0,279.64970695131035,86601.12404646393,1.0788152337123873,335.23772241249407,0.022265849283603697,0.0014262185076154585,66.18791786830694,2363.058718689378
10.474921874999863,1309.0429092151353,65.1585386752366,65.55728266552313,11.731101204377262,92.40368114527513,0.041573523009910934,9.540261870139688e-05,5.042091796437757,0.5189999999999962,0.8737345873134494,1.1694288230413776,2.956942357279282,0.19674429020848747,0.0,9.822496301167138,0.5330582045230997,3.0,279.6412210901016,86587.23708657014,1.0786749718100663,335.2325799806016,0.02237839862031073,0.001713765036385765,65.95509600304347,2346.158346140698
10.494921874999863,1310.3437355402393,64.92414087154259,65.32362750193342,11.716962842029274,92.54801007879483,0.04172536401825596,0.00010431835435703246,5.042091796437757,0.5189999999999962,0.8737345873134494,1.1694183042936712,2.956837169802218,0.19605366332705648,0.0,9.751420663139335,0.5330212776764569,3.0,279.6327657189884,86573.40002317168,1.0785352054082347,335.227456025707,0.02249402368768799,0.00192738796007191,65.7225708016496,2329.342850776874
10.514921874999862,1311.6398767275873,64.6900246573131,65.09026043605694,11.702897659421431,92.69221463534481,0.041877288782643296,0.00011318674085828302,5.042091796437757,0.5189999999999962,0.8737345873134494,1.1694078388523097,2.9567325153886026,0.19536388558736417,0.0,9.680711718346647,0.5329845261210022,3.0,279.62434080127065,86559.61279620942,1.0783959339908573,335.22235052557005,0.022646007327475175,0.0020595839623371048,65.49034093440476,2312.61186075029
10.534921874999862,1312.9313383941533,64.45618854809867,64.85718006748228,11.68890656895355,92.83629523256987,0.04202927798798563,0.00012172729127344356,5.042091796437757,0.5189999999999962,0.8737345873134494,1.169397592862458,2.956630055490086,0.1946749532136626,0.0,9.610367759500804,0.5329479491742961,3.0,279.615946300438,86545.87534593487,1.078257157044578,335.2172634580654,0.02280218950080003,0.0021322363001760438,65.25840508011089,2295.9650068472197
10.554921874999861,1314.2181261271762,64.22263105167686,64.6243849991562,11.674989682733399,92.98025229247531,0.04218131683769436,0.00012984719081773793,5.042091796437757,0.5189999999999962,0.8737345873134494,1.1693876212210719,2.9565303390762243,0.19398686245489527,0.0,9.540387094953383,0.5329115461586597,3.0,279.6075821801733,86532.1876129158,1.07811887405878,335.21219480118503,0.0229681936477551,0.0021709988364135035,65.02676192610105,2279.4019224702333
10.57492187499986,1315.500245483974,63.98935067713234,64.39187384004597,11.661147587377739,93.12408624341822,0.04233339304375246,0.00013731853172252063,5.042091796437757,0.5189999999999962,0.8737345873134494,1.1693780588895906,2.9564347157614113,0.1932996095847587,0.0,9.470768041511336,0.532875316401146,3.0,279.59924840435417,86518.54953803829,1.0779810845256053,335.2071445330387,0.023159617385646748,0.002134341635041588,64.79541016825816,2262.9222436213067
10.59492187499986,1316.7777019918597,63.756345904007034,64.15964519616743,11.647380757068087,93.2677975214053,0.04248550069069646,0.00014394951246019788,5.042091796437757,0.5189999999999962,0.8737345873134494,1.1693690194191984,2.956344321057489,0.1926131909020093,0.0,9.401508928464365,0.532839259233525,3.0,279.5909449370529,86504.96106250757,1.0778437879399694,335.20211263185405,0.023365147544503487,0.002022946965935566,64.56434851111612,2246.525608890704
10.61492187499986,1318.0505011476828,63.52361522513504,63.92769768306561,11.63368831256361,93.41138657374624,0.04263764147514581,0.00014986413271027093,5.042091796437757,0.5189999999999962,0.8737345873134494,1.169360429192024,2.9562584187857466,0.1919276027303409,0.0,9.332608105990948,0.5328033739922439,3.0,279.58267174254,86491.42212785293,1.0777069837996094,335.1970990759793,0.02356444194900584,0.0018662628861983545,64.33357566781727,2230.2116594359113
10.63492187499986,1319.318648418466,63.29115714768431,63.69602992603079,11.620069706363331,93.55485385578044,0.0427898232353044,0.0001551298797626191,5.042091796437757,0.5189999999999962,0.8737345873134494,1.1693522480942993,2.9561766078084983,0.19124284141805556,0.0,9.264063935609482,0.5327676600183777,3.0,279.57442878527996,86477.93267592089,1.0775706716050188,335.19210384387964,0.023769649354590007,0.0016972663009240194,64.10309035999948,2213.980038955623
10.654921874999859,1320.5821492412667,63.05897017456474,63.4646405547059,11.606526108905445,93.69819983248152,0.04294205679438978,0.00015941266371089212,5.042091796437757,0.5189999999999962,0.8737345873134494,1.169344674010881,2.956100866974316,0.1905589033383024,0.0,9.19587477938671,0.5327321166576117,3.0,279.56621602993175,86464.49264887678,1.0774348508594667,335.1871269141386,0.024004976231654696,0.0015198729478623429,63.87289131787463,2197.830393677344
10.674921874999859,1321.8410090228872,62.82705277590313,63.23352819481297,11.5930579818946,93.8414249809787,0.04309435478794314,0.00016253646765787352,5.042091796437757,0.5189999999999962,0.8737345873134494,1.1693378111450627,2.956032238316133,0.18987578488952334,0.0,9.128039015915574,0.5326967432602304,3.0,279.5580334413512,86451.10198920769,1.0772995210690266,335.1821682654588,0.024223870473891893,0.0013352091693759707,63.64297728037627,2181.76237234972
10.694921874999858,1323.0952331397248,62.59540345016942,63.00269148593486,11.579663373233197,93.98452979216778,0.04324673294627077,0.0001648520562889746,5.042091796437757,0.5189999999999962,0.8737345873134494,1.1693314515095203,2.955968641960709,0.18919348249494933,0.0,9.060555052207857,0.5326615391810618,3.0,279.54988098459177,86437.76063972419,1.0771646817425982,335.17722787666264,0.024436518968797703,0.0011405846715211276,63.41334699498901,2165.7756262129687
10.714921874999858,1324.3448269384592,62.36402071452336,62.77212907863963,11.566342403787507,94.12751476711759,0.0433992089016751,0.00016625910305261273,5.042091796437757,0.5189999999999962,0.8737345873134494,1.1693256544633666,2.955910671499171,0.18851199260238524,0.0,8.993421294055311,0.5326265037794339,3.0,279.5417586249,86424.46854355291,1.0770303323918329,335.1723057266894,0.02466458886574855,0.000943433700168714,63.18399921767408,2149.8698089760182
10.734921874999857,1325.5897957359248,62.1329030758659,62.54183962605805,11.553095792365749,94.27038041853665,0.04355180059858052,0.00016652062054480215,5.042091796437757,0.5189999999999962,0.8737345873134494,1.1693205603644081,2.955859730509587,0.18783131168456044,0.0,8.926636155238251,0.5325916364191609,3.0,279.53366632771645,86411.22564413799,1.0768964725311532,335.1674017945962,0.024890271610403702,0.0007430162464186452,62.9549327129851,2134.044576806929
10.754921874999857,1326.8301448190996,61.90204904430337,62.31182178780051,11.539921990637186,94.41312727149568,0.04370452674979286,0.00016590109310372615,5.042091796437757,0.5189999999999962,0.8737345873134494,1.169316012380716,2.955814250672666,0.1871514362390278,0.0,8.860198076995065,0.5325569364685083,3.0,279.5256040586758,86398.03188524113,1.0767631016777508,335.16251605955756,0.025106086694164947,0.0005339347281376614,62.72614625403242,2118.2995883129547
10.774921874999857,1328.0658794455396,61.67145715865605,62.08207423734907,11.526820568370562,94.55575586140931,0.043857406464159775,0.0001644235762654434,5.042091796437757,0.5189999999999962,0.8737345873134494,1.1693119967689063,2.9557740945545685,0.1864723627877324,0.0,8.794105505061161,0.532522403300139,3.0,279.51757178360396,86384.887210937,1.0766302193515465,335.157648500864,0.02532250283452046,0.000340762501408381,62.49763862233641,2102.634504513195
10.794921874999856,1329.2970048436596,61.44112596887681,61.85259565690254,11.513790757640656,94.69826673297017,0.044010458285642075,0.00016218208981266468,5.042091796437757,0.5189999999999962,0.8737345873134494,1.169308457730976,2.955738704175266,0.18579408787707716,0.0,8.728356898963861,0.5324880362910861,3.0,279.5095694685162,86371.79156561027,1.0764978250751593,335.1527990979208,0.02553681232053469,0.0001541212136603309,62.26940860784749,2087.0489888227607
10.814921874999856,1330.5235262129884,61.211054045165575,61.62338474002568,11.500831199722613,94.84066043923926,0.0441636984742963,0.00015940567193674038,5.042091796437757,0.5189999999999962,0.8737345873134494,1.1693052594503563,2.955706721369069,0.1851166080777579,0.0,8.662950733414847,0.5324538348227141,3.0,279.5015970796156,86358.74489395284,1.076365918373882,335.147967830247,0.025733250537291738,-5.8275059979611196e-05,62.041455008888846,2071.542707031834
10.834921874999855,1331.745448724875,60.98123999365656,61.394440196173996,11.487940668043521,94.98293753801309,0.04431714430139952,0.000156301592123603,5.042091796437757,0.5189999999999962,0.8737345873134494,1.1693022790046312,2.955676916911818,0.184439919984329,0.0,8.597885493226423,0.5324197982806674,3.0,279.4936545832883,86345.7471409564,1.0762344987756072,335.1431546774727,0.025920486773110516,-0.0002968992758256529,61.813776632008654,2056.115327278795
10.854921874999855,1332.9627775229812,60.75168243884228,61.16576074551457,11.475118780597008,95.12509858951276,0.044470813374636105,0.00015288404480559762,5.042091796437757,0.5189999999999962,0.8737345873134494,1.169299507901132,2.9556492058768247,0.18376402021518667,0.0,8.533159668582902,0.5323859260548391,3.0,279.4857419461006,86332.79825190711,1.0761035658107745,335.13835961933694,0.026108391834736403,-0.0005049730012078063,61.58637229197233,2040.7665200329761
10.874921874999854,1334.1755177235812,60.52238001886104,60.9373451175257,11.462364853862194,95.26714415527235,0.04462472159621413,0.00014923476124305114,5.042091796437757,0.5189999999999962,0.8737345873134494,1.1692968976181122,2.9556231030466273,0.18308890541252434,0.0,8.468771762396191,0.5323522175393394,3.0,279.4778591347967,86319.89817238248,1.0759731190123425,335.1335826356868,0.02629659466961244,-0.0007056796867961495,61.35924081174568,2025.4959580769594
10.894921874999854,1335.3836744158598,60.29333138348449,60.70919205038722,11.449677441896212,95.40907479703434,0.044778882284868184,0.00014561671824575464,5.042091796437757,0.5189999999999962,0.8737345873134494,1.1692942922014373,2.955597048879879,0.18241457224225407,0.0,8.404720292759954,0.5323186721324621,3.0,279.4700061162969,86307.0468482482,1.0758431579157577,335.12882370647594,0.026467614709947122,-0.0009165623012747207,61.13238102246659,2010.3033164882208
10.914921874999854,1336.5872526623161,60.06453521659773,60.481300297539335,11.43705625831043,95.55089107502761,0.04493330831821632,0.00014202995508794797,5.042091796437757,0.5189999999999962,0.8737345873134494,1.1692916915400349,2.9555710422658543,0.18174101739367562,0.0,8.3410037813332,0.53228528923664,3.0,279.4621828576949,86294.24422565375,1.0757136820589124,335.1240828117632,0.02663994827397527,-0.0011448921856538773,60.90579176333224,1995.1882726153462
10.934921874999853,1337.786257499162,59.835990208946754,60.25366861966121,11.424500079006704,95.69259354628956,0.04508801215065478,0.0001386903147256505,5.042091796437757,0.5189999999999962,0.8737345873134494,1.1692889676054112,2.955543802919618,0.1810682375795793,0.0,8.277620765554232,0.5322520682584194,3.0,279.4543893262554,86281.4902510283,1.0755846909821043,335.1193599317108,0.026795406956984437,-0.0013795072469634426,60.67947188163156,1980.1505060639784
10.954921874999853,1338.9806939367654,59.60769508182608,60.026295791583955,11.412007898147465,95.83418276274573,0.04524300609987982,0.00013575994111627863,5.042091796437757,0.5189999999999962,0.8737345873134494,1.1692860241903162,2.955514368768668,0.1803962295358937,0.0,8.214569791625626,0.5322190086084154,3.0,279.446625489411,86268.78487107588,1.07545618422799,335.1146550465831,0.026952401307001914,-0.0015902858282957177,60.45342023262525,1965.1896986728761
10.974921874999852,1340.1705669600958,59.37964857270032,59.79918059803518,11.399578792289292,95.97565926929155,0.04539830097441843,0.00013338857497790285,5.042091796437757,0.5189999999999962,0.8737345873134494,1.1692827724364663,2.9554818512301684,0.17972499002165238,0.0,8.151849415645371,0.5321861097012812,3.0,279.43889131475936,86256.12803277072,1.075328161341539,335.1099681367442,0.027093002182940435,-0.0017930066363253901,60.2276356795326,1950.3055344971497
10.994921874999852,1341.3558815290883,59.1518494429222,59.57232183588039,11.387212102566803,96.11702360237624,0.04555390574147192,0.00013165363895133628,5.042091796437757,0.5189999999999962,0.8737345873134494,1.1692791663502689,2.955445790368194,0.17905451581880555,0.0,8.089458202375342,0.5321533709556712,3.0,279.4311867700609,86243.51968335333,1.0752006218699972,335.1052991826569,0.027245525893875834,-0.0019186608356006854,60.0021170934666,1935.4976997882761
11.014921874999851,1342.5366425789848,58.92429645620796,59.34571830776122,11.374907329642697,96.25827628874335,0.04570982599588847,0.00013060687841465857,5.042091796437757,0.5189999999999962,0.8737345873134494,1.169275175159131,2.955405878456816,0.17838480373227364,0.0,8.027394726443841,0.5321207917942147,3.0,279.4235118232366,86230.95977032685,1.0750735653628503,335.10064816488136,0.027393776847059185,-0.001988701177091754,59.77686335345005,1920.7658829794952
11.034921874999851,1343.712855020525,58.696988409754326,59.11936883123959,11.362662973574674,96.3994178450591,0.045866063671230646,0.00013055390449169887,5.042091796437757,0.5189999999999962,0.8737345873134494,1.16927061760771,2.9553603029426045,0.17771585058964773,0.0,7.96565757828398,0.5320883716434744,3.0,279.41586644236656,86218.44824145512,1.074946991371806,335.09601506407415,0.02752786021040663,-0.0020317755826585473,59.55187334631334,1906.109774663719
11.05492187499985,1344.8845237406554,58.46992411535897,58.89327223317196,11.350479097684763,96.5404487745111,0.046022620151018136,0.00013142708790847855,5.042091796437757,0.5189999999999962,0.8737345873134494,1.1692655336913746,2.955309463779252,0.17704765324102772,0.0,7.904245350743829,0.532056109933911,3.0,279.40825059568573,86205.98504475503,1.0748208994507196,335.0913998609856,0.027682169330000974,-0.002049431265437555,59.32714596663834,1891.5290675745
11.07492187499985,1346.0516536024327,58.24310238006867,58.66742734401734,11.338355172437444,96.6813695681424,0.04617949588267828,0.00013329189149036754,5.042091796437757,0.5189999999999962,0.8737345873134494,1.1692598845197042,2.9552529720625476,0.17638020855925324,0.0,7.8431566500547225,0.532024006099866,3.0,279.40066425158415,86193.57012849758,1.0746952891556052,335.08680253646,0.027820693301277902,-0.0020292506932154024,59.10268011683413,1877.023456575696
11.09492187499985,1347.214249445356,58.01652203368468,58.44183300590293,11.32629051447507,96.82218070368431,0.04633668983673432,0.00013624763544632242,5.042091796437757,0.5189999999999962,0.8737345873134494,1.1692536111384109,2.9551902382496142,0.1757135134395706,0.0,7.782390093646736,0.5319920595795197,3.0,279.3931073786052,86181.20344120439,1.0745701600446018,335.0822230714348,0.027975338491378534,-0.0019359409802912307,58.87847470702375,1862.592638639049
11.11492187499985,1348.3723160854504,57.79018190264586,58.2164880649147,11.3142853719747,96.96288264583315,0.0464941987423887,0.00014018283303641197,5.042091796437757,0.5189999999999962,0.8737345873134494,1.169246779562162,2.955121922487125,0.1750475647998298,0.0,7.721944304840807,0.5319602698148727,3.0,279.38557994544453,86168.88493164674,1.074445511677967,335.0776614469394,0.028139062719330383,-0.0017897631810918342,58.65452865510855,1848.2363128332506
11.134921874999849,1349.5258583153036,57.56408081070106,57.99139137128744,11.302339670571236,97.10347584678858,0.046652016540305395,0.00014506928739584289,5.042091796437757,0.5189999999999962,0.8737345873134494,1.1692394064414682,2.9550481912801874,0.1743823595804913,0.0,7.661817918952955,0.5319286362517193,3.0,279.3780819209505,86156.61454884526,1.0743213436180734,335.073117644096,0.028307029088022177,-0.0015915153827216742,58.43084088676901,1833.9541803089965
11.154921874999848,1350.6748809039334,57.33821758605387,57.76654178152531,11.29045366839589,97.24396074776507,0.04681013430270654,0.00015079620204993283,5.042091796437757,0.5189999999999962,0.8737345873134494,1.169231557392803,2.954969700793535,0.173717894744683,0.0,7.602009579464044,0.5318971583396235,3.0,279.3706132741244,86144.39224207125,1.0741976554294244,335.0685916441194,0.02847878216760167,-0.0013629377857168898,58.2074103354823,1819.7459442851884
11.174921874999848,1351.819388596844,57.112591040952516,57.541938152366555,11.278627300864505,97.38433777938462,0.046968541508194385,0.00015733140608769196,5.042091796437757,0.5189999999999962,0.8737345873134494,1.1692232514303769,2.9548866411692742,0.17305416727840583,0.0,7.542517941477061,0.5318658355319011,3.0,279.3631739741205,86132.21796084614,1.0740744466786512,335.0640834283171,0.028657284556912643,-0.0011139093852428695,57.98423594258971,1805.611310038257
11.194921874999848,1352.9593861158608,56.887200003256304,57.31757935012299,11.266860078497729,97.52460736333649,0.04712722526271137,0.00016474305744926368,5.042091796437757,0.5189999999999962,0.8737345873134494,1.169214448102838,2.954798607893885,0.17239117419041408,0.0,7.48334167240713,0.5318346672855881,3.0,279.3557639902469,86120.09165494327,1.0739517169345312,335.05959297808965,0.02882551049233341,-0.000854065775034784,57.761316657255094,1791.5499848847217
11.214921874999847,1354.0948781594097,56.66204329684858,57.09346424486559,11.255152523030022,97.66476991147472,0.047286172204825755,0.00017285144233787527,5.042091796437757,0.5189999999999962,0.8737345873134494,1.1692052538865538,2.954706665731044,0.17172891251231445,0.0,7.424479443259072,0.5318036530614174,3.0,279.34838329196384,86108.01327438484,1.0738294657679588,335.0551202749301,0.02901402231104688,-0.0005726078277948091,57.53865143649647,1777.5616781683261
11.234921874999847,1355.2258694022703,56.43711973710363,56.869591709115696,11.243504586026377,97.80482582791394,0.047445366630057814,0.00018161787938460986,5.042091796437757,0.5189999999999962,0.8737345873134494,1.1691956916599506,2.954611043465012,0.17106737929881288,0.0,7.365929937867385,0.531772792323804,3.0,279.3410318488852,86095.9827694446,1.073707692751976,335.05066530042444,0.02920168747653945,-0.00029832650059311575,57.31623924526731,1763.646101250349
11.254921874999846,1356.3523644954487,56.21242812647587,56.6459606165627,11.231917191118766,97.94477551041187,0.047604791516996696,0.0001907626562857677,5.042091796437757,0.5189999999999962,0.8737345873134494,1.1691859271574512,2.9545133984400174,0.17040657162792067,0.0,7.307691842628128,0.5317420845408275,3.0,279.33370963077954,86084.00009064916,1.073586397461784,335.0462280362524,0.02939804069157447,-3.0404041141035527e-05,57.094079056524286,1749.8029674990032
11.274921874999846,1357.4743680659271,55.98796726764247,56.422569845978465,11.220390132180782,98.08461935243305,0.04776442959052001,0.00020027686092263574,5.042091796437757,0.5189999999999962,0.8737345873134494,1.169175965603821,2.9544137829037154,0.1697464866010651,0.0,7.249763860144824,0.5317115291842102,3.0,279.32641660757145,86072.06518878072,1.0734655794747756,335.0418084641883,0.0295992753538989,0.00019085774639590264,56.87216985126295,1736.0319922768738
11.294921874999845,1358.591884716649,55.76373594870103,56.19941827685886,11.208923747171976,98.22435774385318,0.047924264203880934,0.00021001410155985928,5.042091796437757,0.5189999999999962,0.8737345873134494,1.1691658937002818,2.9543130638683235,0.16908712134336656,0.0,7.192144698113068,0.5316811257293029,3.0,279.31915274934175,86060.17801487714,1.0733452383705357,335.03740656610114,0.029808211403451954,0.0003685098538140139,56.65051061860918,1722.3328929317113
11.314921874999845,1359.704919026267,55.539732951407075,55.97650479189269,11.197518734905056,98.36399107297936,0.04808428099551402,0.00021973592934541723,5.042091796437757,0.5189999999999962,0.8737345873134494,1.169155852692489,2.9542126537903957,0.16842847300381486,0.0,7.13483306988523,0.5316508736550656,3.0,279.31191802632924,86048.33852023467,1.073225373730871,335.0330223239555,0.030029821767467737,0.0005001285832455848,56.42910035587684,1708.705388785155
11.334921874999845,1360.8134755489039,55.31595704928655,55.7538282764413,11.186174921046826,98.50351972846533,0.048244467719196424,0.00022942282084610188,5.042091796437757,0.5189999999999962,0.8737345873134494,1.169145854073965,2.9541126676051555,0.16777053875554224,0.0,7.07782770421177,0.5316207724440528,3.0,279.3047124089321,86036.54665641052,1.073105985139838,335.02865571981283,0.03024824463487616,0.0006400390851159844,56.20793806865807,1695.1492011234068
11.354921874999844,1361.9175588143219,55.09240702729851,55.531387624336546,11.174891699860364,98.64294409893576,0.04840481323701682,0.00023916077724823093,5.042091796437757,0.5189999999999962,0.8737345873134494,1.1691358468039572,2.9540125949050777,0.16711331579563005,0.0,7.021127342543072,0.5315908215823774,3.0,279.29753586770687,86024.80237522098,1.0729870721837242,335.02430673583035,0.030469319071965133,0.0007392972369504857,55.987022770756845,1681.6640531783426
11.374921874999844,1363.01717332797,54.86908166940463,55.30918173422758,11.163669515949275,98.78226457327241,0.04856530716112354,0.00024877133483541185,5.042091796437757,0.5189999999999962,0.8737345873134494,1.169125936562433,2.9539134924898347,0.16645680134535645,0.0,6.964730726464488,0.5315610205596942,3.0,279.29038837336816,86013.105628741,1.0728686344510474,335.0199753542611,0.030709973113052423,0.0008022800306294647,55.766353484270454,1668.2496701176726
11.394921874999843,1364.11232357084,54.645979739580866,55.08720950399779,11.152509133394094,98.92148154196158,0.04872594154748707,0.00025799651226952685,5.042091796437757,0.5189999999999962,0.8737345873134494,1.1691162761335616,2.9538168882011218,0.16580099265066398,0.0,6.908636602981277,0.5315313688691949,3.0,279.28326989678953,86001.45636930568,1.0727506715325705,335.01566155745445,0.03096142336515951,0.0008284686191115472,55.54592923974484,1654.9057790394718
11.414921874999843,1365.203013999091,54.42310000143593,54.86546983661817,11.14141063008148,99.06059539968467,0.04888671193242674,0.00026675098437784536,5.042091796437757,0.5189999999999962,0.8737345873134494,1.1691069159804417,2.9537232866699226,0.1651458869822512,0.0,6.852843733591729,0.5315018660075831,3.0,279.27618040900586,85989.85454951426,1.0726331830213447,335.01136532785756,0.03121834578576614,0.0008321869289000449,55.325749076204026,1641.6321089591195
11.434921874999842,1366.2892490441109,54.200441209524,54.64396163758611,11.13037429691485,99.19960654547762,0.04904761564038423,0.00027489878447347103,5.042091796437757,0.5189999999999962,0.8737345873134494,1.1690979365680763,2.953633492546268,0.1644914816358096,0.0,6.797350886639592,0.5314725114750587,3.0,279.26911988121327,85978.30012222946,1.072516168512703,335.0070866480153,0.031484510770958686,0.0008376117026095234,55.10581204122808,1628.4283907990525
11.454921874999842,1367.3710331123057,53.97800211172452,54.42268381567175,11.119399763106054,99.33851538437895,0.049208651292805224,0.0002824620080214004,5.042091796437757,0.5189999999999962,0.8737345873134494,1.1690893247043483,2.953547373908989,0.16383777393226323,0.0,6.742156845267734,0.5314433047753001,3.0,279.26208828477,85966.79304057975,1.0723996276042869,335.0028255005706,0.031748361563784494,0.000812772181470195,54.886117191031914,1615.2943573785728
11.474921874999842,1368.4483705852351,53.755781477847144,54.20163529138747,11.108486661891641,99.47732232714515,0.049369819209640196,0.00028946409057745224,5.042091796437757,0.5189999999999962,0.8737345873134494,1.1690810664069717,2.953464790935223,0.16318476121743974,0.0,6.6872604017490955,0.5314142454154219,3.0,279.25508559119595,85955.33325795791,1.0722835598960314,334.99858186826475,0.03202540615133707,0.0007593127636852711,54.66666359035372,1602.2297433923798
11.494921874999841,1369.521265819785,53.53377806683986,53.980814987287154,11.097635243422571,99.61602778977529,0.04953112238183364,0.0002957760500306681,5.042091796437757,0.5189999999999962,0.8737345873134494,1.1690732380009865,2.9533865068753706,0.1625324408626033,0.0,6.6326603512720705,0.5313853329059712,3.0,279.2481117721714,85943.92072801916,1.0721679649901479,334.9943557339359,0.03230419588759196,0.0006965684250859112,54.44745031263182,1589.2342854061676
11.51492187499984,1370.589723148015,53.311990641138934,53.76022183224199,11.08684519460862,99.75463219479334,0.04969256571049654,0.00030141385532825424,5.042091796437757,0.5189999999999962,0.8737345873134494,1.1690658299304628,2.953312426170134,0.16188081026447856,0.0,6.578355503553823,0.5313565667609006,3.0,279.2411667995379,85932.55540468279,1.072052842491143,334.99014708051993,0.032588702156910856,0.000631954198154212,54.22847644001141,1576.3077218421968
11.53492187499984,1371.6537468773085,53.09041796522609,53.53985476102349,11.076116794249662,99.89313597088007,0.04985415448360039,0.00030623576647383945,5.042091796437757,0.5189999999999962,0.8737345873134494,1.1690589260797446,2.9532433876629516,0.16122986684536375,0.0,6.524344670783,0.5313279464975459,3.0,279.2342506452975,85921.23724213059,1.071938192005804,334.98595589105025,0.0328830548673764,0.0005527729648942376,54.00974106338093,1563.4497929665806
11.55492187499984,1372.7133412902563,52.86905880307006,53.31971271358371,11.065449298464756,100.03153955393003,0.05001589514940459,0.0003103664826205317,5.042091796437757,0.5189999999999962,0.8737345873134494,1.1690524524804966,2.9531786516704717,0.16057960805340102,0.0,6.470626684778526,0.5312994716366095,3.0,279.2273632816133,85909.96619480809,1.0718240131432117,334.98178214865766,0.03316451312947221,0.0004731525316327322,53.79124328246121,1550.6602408796762
11.57492187499984,1373.7685106450149,52.6479119447092,53.09979464290819,11.054841866853367,100.16984338555129,0.05017779487236584,0.0003139560740954955,5.042091796437757,0.5189999999999962,0.8737345873134494,1.1690463201415644,2.9531173282811496,0.15993003136213374,0.0,6.417200387248669,0.5312711417021138,3.0,279.2205046808074,85898.74221742069,1.071710305514704,334.97762583656925,0.03344936951739536,0.0003958378806163486,53.57298220565562,1537.9388094926087
11.594921874999839,1374.819259175596,52.42697618446997,52.88009950855797,11.044294358549914,100.30804791194622,0.05033986085326461,0.0003169763253904501,5.042091796437757,0.5189999999999962,0.8737345873134494,1.169040545700696,2.953059583872466,0.15928113427086227,0.0,6.364064621243941,0.5312429562213887,3.0,279.2136748153586,85887.56526493064,1.0715970687338467,334.9734869381073,0.03373978333465354,0.0003229549883018543,53.354956950167605,1525.2852445193823
11.614921874999839,1375.8655910919433,52.20625032284189,52.66062627724657,11.033806666549022,100.44615358393465,0.05050210006930134,0.0003193877348323678,5.042091796437757,0.5189999999999962,0.8737345873134494,1.1690351524842533,2.9530056517080383,0.1586329143047582,0.0,6.311218237870359,0.5312149147250496,3.0,279.20687365790235,85876.43529255621,1.071484302416426,334.9693654366888,0.034029557534654094,0.00023779402960612917,53.13716664203749,1512.6992934643188
11.634921874999838,1376.9075105800603,51.9857331633156,52.44137392191833,11.023378141048767,100.58416085670135,0.050664519778842135,0.00032129456811391915,5.042091796437757,0.5189999999999962,0.8737345873134494,1.1690300786488064,2.9529549133535693,0.15798536901503446,0.0,6.258660102622467,0.5311870167469761,3.0,279.20010118122957,85865.35225577034,1.0713720061804364,334.96526131582516,0.03431922593059722,0.0001570015724934791,52.91961041619808,1500.1807056105658
11.654921874999838,1377.945021802179,51.76542352866117,52.22234142657832,11.013008008491294,100.7220701893305,0.050827127319683064,0.0003228358035601238,5.042091796437757,0.5189999999999962,0.8737345873134494,1.1690252417882296,2.952906544747802,0.1573384959787784,0.0,6.206389090740088,0.5311592618242783,3.0,279.1933573582858,85854.3161102988,1.0712601796460635,334.9611745591212,0.03460572037297954,6.370926083376094e-05,52.70228741641718,1487.7292320022002
11.674921874999837,1378.9781288971558,51.54532025509833,52.003527784557825,11.002695966281946,100.85988204314398,0.050989930477295546,0.00032402842788242054,5.042091796437757,0.5189999999999962,0.8737345873134494,1.169020631770406,2.952860444569565,0.15669229279902935,0.0,6.154404080662219,0.5311316494972718,3.0,279.1866421621685,85843.326812116,1.0711488224356434,334.9571051502741,0.03489639203142345,-4.439114122449327e-05,52.48519679532202,1475.344625431047
11.694921874999837,1380.0068359806007,51.32542218344911,51.78493199590179,10.992441663555933,100.9975968814521,0.051152938115976355,0.00032490385636392457,5.042091796437757,0.5189999999999962,0.8737345873134494,1.1690162299173879,2.952816426039384,0.1560467571050516,0.0,6.102703959580248,0.5311041793094615,3.0,279.17995556612607,85832.38431744368,1.0710379341736498,334.9530530730724,0.0351824663770235,-0.00016935478157461073,52.26833771448918,1463.0266404272338
11.714921874999837,1381.0311471450477,51.1057281644,51.56655306894236,10.982244435834156,101.13521516910546,0.051316159942090135,0.00032557716339320843,5.042091796437757,0.5189999999999962,0.8737345873134494,1.1690119679889803,2.952773806755309,0.15540188655236556,0.0,6.051287626127304,0.5310768508075169,3.0,279.17329754355717,85821.48858274898,1.0709275144866772,334.94901831139566,0.03547230159544399,-0.0002887004055104183,52.05170934445372,1450.7750332451712
11.734921874999836,1382.0510664601588,50.88623706287389,51.34839002160801,10.972103564505938,101.2727373718567,0.05147960592127554,0.0003261802344751919,5.042091796437757,0.5189999999999962,0.8737345873134494,1.169007767785692,2.952731804722426,0.15475767882278013,0.0,6.0001539875090355,0.5310496635412445,3.0,279.16666806800896,85810.63956474239,1.0708175630034207,334.94500084921344,0.03574631723444572,-0.0004142837017861485,51.835310864718394,1438.58956184958
11.754921874999836,1383.0665979731575,50.666947768153555,51.13044188441965,10.962018076524627,101.41016395455468,0.051643285710985164,0.00032691333704568896,5.042091796437757,0.5189999999999962,0.8737345873134494,1.169003510595979,2.9526892328252963,0.15411413162420795,0.0,5.949301961425809,0.5310226170635527,3.0,279.1600671131745,85799.83722037304,1.0707080793546293,334.9410006705838,0.036025509593823196,-0.0005162327149162001,51.61914146369027,1426.469985897523
11.774921874999835,1384.0777457091253,50.44785917999252,50.91270769636185,10.951987260539616,101.54749538005817,0.05180720795642795,0.00032790900528756437,5.042091796437757,0.5189999999999962,0.8737345873134494,1.1689991178363037,2.952645305228543,0.15347124269095375,0.0,5.8987304705734624,0.5309957109304373,3.0,279.1534946528907,85789.08150682559,1.0705990631730766,334.9370177596518,0.036292223953458734,-0.0006035057442151476,51.403200338775804,1414.4160667293324
11.794921874999835,1385.0845136714354,50.22897022127873,50.69518650864064,10.942010591902905,101.6847321074672,0.0519713797894906,0.00032925625277432306,5.042091796437757,0.5189999999999962,0.8737345873134494,1.1689945367065124,2.95259949393063,0.15282900978348796,0.0,5.848438443619964,0.5309689447009445,3.0,279.14695066113563,85778.37238151564,1.0704905140935146,334.9330521006482,0.036567966788369564,-0.0006874915268469068,51.187486696303445,1402.4275673499908
11.814921874999834,1386.086905841835,50.01027981193913,50.477877376945486,10.932088041065063,101.82187459216657,0.05213580754104745,0.00033090886085852063,5.042091796437757,0.5189999999999962,0.8737345873134494,1.1689897945246561,2.952552072112067,0.1521874306890533,0.0,5.798424811666222,0.5309423179371682,3.0,279.14043511202806,85767.70980208881,1.0703824317526671,334.929103677889,0.03684117232997831,-0.000763277882411716,50.97199975172548,1390.504252425972
11.834921874999834,1387.0849261806345,49.79178688289205,50.2607793656124,10.922218670969226,101.95892328533219,0.05230049668875229,0.0003330673388996811,5.042091796437757,0.5189999999999962,0.8737345873134494,1.1689847724393758,2.952501851259264,0.15154650322156954,0.0,5.748688523202297,0.5309158302042193,3.0,279.13394797982585,85757.09372641874,1.0702748157892092,334.9251724757745,0.03711047947278293,-0.0008323359553527754,50.7567387295847,1378.6458882690617
11.854921874999834,1388.0785786268996,49.57349038601499,50.04389155061033,10.91240186962941,102.09587863342213,0.05246545199962632,0.0003358481421041732,5.042091796437757,0.5189999999999962,0.8737345873134494,1.168979401398769,2.9524481408531966,0.1509062252216013,0.0,5.699228531044304,0.5308894810701972,3.0,279.12748923892514,85746.52411260507,1.070167665843749,334.9212584787887,0.03737616203539221,-0.000884645838912912,50.54170286350222,1366.852242821433
11.874921874999833,1389.0678670989075,49.35538928554679,49.827213016960656,10.902637101451116,102.2327410763371,0.05263067759579471,0.00033934578100104396,5.042091796437757,0.5189999999999962,0.8737345873134494,1.1689736253574177,2.9523903804396823,0.1502665945564826,0.0,5.650043794807304,0.5308632701061666,3.0,279.12105886385706,85736.00091896855,1.0700609815587794,334.91736167149736,0.037644096501538694,-0.0009141983215054008,50.326891396217746,1355.1230856435843
11.894921874999833,1390.0527954942595,49.13748254598834,49.610742855153674,10.892924536606657,102.36951104734187,0.052796175919827326,0.0003434641697928391,5.042091796437757,0.5189999999999962,0.8737345873134494,1.1689675011865173,2.9523291387306783,0.14962760912068665,0.0,5.6011332770238464,0.5308371971440942,3.0,279.1146568292873,85725.52410404991,1.0699547625786667,334.91348203854807,0.03792426364545932,-0.0009173545620982775,50.11230357971198,1343.458187906736
11.914921874999832,1391.033367689772,48.91976912933591,49.394480160371025,10.88326416749932,102.50618897409332,0.052961947704132054,0.0003481589448447307,5.042091796437757,0.5189999999999962,0.8737345873134494,1.1689610551192695,2.9522646780582007,0.14898926683616134,0.0,5.552495946253486,0.5308112616872097,3.0,279.1082831100165,85715.09362661089,1.0698490085496648,334.90961956467004,0.038202247218751435,-0.0009087633292843525,49.8979386753179,1331.857322384546
11.934921874999832,1392.0095875415836,48.70224800491321,49.178424035459855,10.873655455536866,102.64277527857139,0.053127992715447624,0.0003535326212528049,5.042091796437757,0.5189999999999962,0.8737345873134494,1.168954226378094,2.9521963906464466,0.1483515656524446,0.0,5.504130783244575,0.5307854631307247,3.0,279.1019376809797,85704.70944563326,1.0697437191199037,334.9057742346737,0.03848477901534915,-0.0009023155297848725,49.68379595375798,1320.320263440763
11.954921874999831,1392.98145888531,48.48491815208315,48.96257359175516,10.864097750042461,102.77927037678116,0.05329431024984755,0.0003597166396180996,5.042091796437757,0.5189999999999962,0.8737345873134494,1.1689469370565846,2.9521234974313515,0.14771450354676435,0.0,5.456036779441086,0.530759801057409,3.0,279.09562051724544,85694.37152031704,1.0696388939393744,334.9019460334507,0.03875693787557686,-0.0008677625688431315,49.469874695176436,1308.8467870166153
11.974921874999831,1393.9489855363083,48.26777856413452,48.74692795024588,10.854590710345157,102.9156746778987,0.053460898743123694,0.00036676183208827524,5.042091796437757,0.5189999999999962,0.8737345873134494,1.1689391570112895,2.9520456969784004,0.14707807852408783,0.0,5.4082129306462,0.5307342750528989,3.0,279.08933159401397,85684.07981007779,1.0695345326599017,334.89813494597246,0.039034540933754254,-0.0008295136490163293,49.2561741891543,1297.4366706172978
11.99492187499983,1394.9121712898352,48.05082823877289,48.53148623876229,10.845134019109082,103.05198858396231,0.05362775558941951,0.00037471073478496475,5.042091796437757,0.5189999999999962,0.8737345873134494,1.1689308610203983,2.951962737069489,0.14644228861746345,0.0,5.36065823984006,0.5307088847056843,3.0,279.08307088661604,85673.83427454485,1.0694306349351288,334.89434095728933,0.03931624043865517,-0.0007559220311102405,49.04269373482257,1286.0896933036506
12.01492187499983,1395.8710199212042,47.83406618433388,48.31624759385134,10.835727233767518,103.18821248957029,0.05379487673466148,0.00038364573802952595,5.042091796437757,0.5189999999999962,0.8737345873134494,1.1689220002621052,2.951874129486558,0.14580713188810893,0.0,5.313371719131158,0.5306836296070835,3.0,279.0768383705122,85663.6348735597,1.0693272004205006,334.8905640525304,0.03959460663684495,-0.000672910829521327,48.82943264089049,1274.8056356793081
12.03492187499983,1396.8255351859384,47.61749140996423,48.10121115787396,10.826370384729888,103.3243467816014,0.053962256485586994,0.00039351671156247653,5.042091796437757,0.5189999999999962,0.8737345873134494,1.1689126044235922,2.951780171101428,0.14517260642577764,0.0,5.266352382585674,0.5306585093512304,3.0,279.07063402129137,85653.48156717433,1.0692242287732494,334.88680421690253,0.03988723821468655,-0.0005691509340375105,48.61639022576684,1263.5842798827052
12.05492187499983,1397.7757208197243,47.40110292357092,47.8863760784425,10.817063633740403,103.46039183991346,0.05412988830668639,0.0004042365207314095,5.042091796437757,0.5189999999999962,0.8737345873134494,1.1689027251111195,2.9516813779767004,0.14453871034913662,0.0,5.219599249848614,0.5306335235350604,3.0,279.06445781467175,85643.37431565176,1.0691217196524,334.88306143569105,0.04018081609101731,-0.00046323587802201284,48.403565817685475,1252.42540957921
12.074921874999829,1398.7215805383678,47.18489973088532,47.67174150819699,10.807806874840459,103.59634803801421,0.05429776465598418,0.0004157923626573398,5.042091796437757,0.5189999999999962,0.8737345873134494,1.1688923699055342,2.951577825920848,0.14390544180613088,0.0,5.173111350786096,0.5306086717582975,3.0,279.05830972650057,85633.31307946648,1.0690196727187773,334.87933569425934,0.04048041431765581,-0.00034831290633313076,48.190958754826006,1241.328809952898
12.094921874999828,1399.6631180378422,46.96888084132146,47.45730660659755,10.79860002442454,103.73221574327883,0.054465877488395396,0.0004281643303498287,5.042091796437757,0.5189999999999962,0.8737345873134494,1.1688815505979628,2.951469632845134,0.1432727989741786,0.0,5.126887722046165,0.5305839536234319,3.0,279.052189732754,85623.29781930389,1.0689180876349995,334.8756269780489,0.04078974373473712,-0.0002256825461923073,47.97856838537802,1230.2942676952973
12.114921874999828,1400.6003369942437,46.75304525790847,47.24307053697614,10.789443280168523,103.86799531760511,0.05463421793734826,0.00044125237691604953,5.042091796437757,0.5189999999999962,0.8737345873134494,1.1688703264438731,2.951357391304237,0.1426407800607369,0.0,5.080927403636739,0.5305593687357145,3.0,279.0460978095374,85613.32849606089,1.068816964065488,334.87193527257966,0.041100457489677084,-0.00010883865940786992,47.766394067729365,1219.3215710004592
12.134921874999828,1401.5332410637666,46.53739198808891,47.02903246982239,10.780336475041178,104.00368711796251,0.05480277689183609,0.00045505994132075963,5.042091796437757,0.5189999999999962,0.8737345873134494,1.168858695408063,2.9512410809461365,0.14200938330346227,0.0,5.035229447033923,0.5305349167031332,3.0,279.0400339330855,85603.40507084604,1.0687163016764671,334.86826056344984,0.04141909722265819,-1.8175225782342956e-06,47.55443517051863,1208.4105095529076
12.154921874999827,1402.4618338827431,46.3219200375687,46.81519158099821,10.771279452192832,104.1392914966259,0.05497154547603744,0.00046958712834018347,5.042091796437757,0.5189999999999962,0.8737345873134494,1.1688466574341962,2.951120701207468,0.14137860697067808,0.0,4.989792910525234,0.5305105971364024,3.0,279.03399807976217,85593.52750497921,1.0686161001359644,334.86460283633585,0.04173885529569843,0.0001050710717214141,47.34269107279054,1197.5608745207842
12.174921874999827,1403.3861190676603,46.106628416491205,46.60154705363557,10.762272431322087,104.27480880150783,0.05514051511798851,0.00048472482684118603,5.042091796437757,0.5189999999999962,0.8737345873134494,1.1688342771400089,2.9509968982655943,0.1407484493616125,0.0,4.944616853954002,0.5304864096489418,3.0,279.0279902260602,85583.69575999131,1.0685163591138072,334.86096207699245,0.042071064480800974,0.00021719524771940908,47.13116116407441,1186.7724585449553
12.194921874999826,1404.306100215131,45.89151612603333,46.38809807420189,10.753315536164761,104.41023937670074,0.055309676702760234,0.0005003904188566474,5.042091796437757,0.5189999999999962,0.8737345873134494,1.1688216034465198,2.950870161330703,0.14011890880709796,0.0,4.899700344868625,0.5304623538568745,3.0,279.0220103486016,85573.90979762473,1.0684170782816291,334.8573382712526,0.04241347102544362,0.00031603678457038913,46.919844844617195,1176.0450557358274
12.214921874999826,1405.2217809017477,45.67658216317833,46.17484383401435,10.74440896692147,104.54558356356972,0.055479021356965606,0.0005164769285583615,5.042091796437757,0.5189999999999962,0.8737345873134494,1.168808699687522,2.9507411237407255,0.13948998366998042,0.0,4.855042455992244,0.5304384293790118,3.0,279.01605842413863,85564.16957983474,1.0683182573128849,334.85373140502804,0.04276133938158707,0.00040788879675892454,46.70874152551937,1165.3784616650632
12.234921874999825,1406.133164684037,45.46182552701668,45.9617835311935,10.735552824131268,104.68084170134877,0.0556485405826165,0.0005329050982538741,5.042091796437757,0.5189999999999962,0.8737345873134494,1.1687956127740906,2.9506102546064117,0.13886167234543015,0.0,4.810642267738905,0.5304146358368348,3.0,279.0101344295537,85554.47506879011,1.0682198958828595,334.85014146430956,0.04312252836264666,0.00048178872298865075,46.49785062883789,1154.772473355522
12.254921874999825,1407.040255098437,45.247245204918364,45.74891636660988,10.726747233320447,104.81601412761277,0.0558182269502857,0.0005495871737483203,5.042091796437757,0.5189999999999962,0.8737345873134494,1.1687823946379017,2.9504780732445224,0.13823397326172257,0.0,4.766498866407245,0.5303909728544937,3.0,279.0042383418601,85544.82622687328,1.0681219936686674,334.8465684351672,0.04348463666949995,0.0005420212861752036,46.287171587846466,1144.2268892788863
12.274921874999825,1407.9430556611653,45.032840192748225,45.536241550009585,10.717991991791013,104.95110117925894,0.055988073768035065,0.000566533097230619,5.042091796437757,0.5189999999999962,0.8737345873134494,1.1687690393664094,2.9503445205295997,0.13760688488029338,0.0,4.72261134986001,0.5303674400587773,3.0,278.9983701382024,85535.22301668176,1.0680245503492718,334.8430123037507,0.04385709423091217,0.0005942119500871505,46.07670384705288,1133.7415093410527
12.294921874999824,1408.8415698683327,44.818609482341316,45.32375829633386,10.709287203876055,105.08610319232173,0.05615807541023927,0.0005836613550900274,5.042091796437757,0.5189999999999962,0.8737345873134494,1.1687555951841566,2.9502100787070717,0.13698040569642753,0.0,4.678978817513879,0.5303440370791099,3.0,278.99252979585583,85525.66540102696,1.0679275656054716,334.8394730562886,0.044235931268304066,0.0006409733662965157,45.86644686242843,1123.3161348779138
12.314921874999824,1409.7358011959354,44.60455206676908,45.11146582736995,10.700632576406207,105.22102050235537,0.05632822678803073,0.0006010089360209719,5.042091796437757,0.5189999999999962,0.8737345873134494,1.1687420401648327,2.950074528513833,0.13635453423961197,0.0,4.635600381713655,0.530320763547531,3.0,278.9867172922264,85516.15334293424,1.0678310391199044,334.8359506790892,0.044621268431945485,0.0006808619470273738,45.656400101524895,1112.9505686454193
12.334921874999823,1410.6257530998257,44.39066694281604,44.89936337257592,10.69202846005482,105.35585344490067,0.05649852331850043,0.0006184180662776445,5.042091796437757,0.5189999999999962,0.8737345873134494,1.1687284676583547,2.9499388034490526,0.13572926907397226,0.0,4.592475150199043,0.5302976190986801,3.0,278.9809326048511,85506.68680564323,1.0677349705770487,334.83244515853977,0.04502082686783405,0.0007003791204437335,45.446563043619506,1102.644614810893
12.354921874999823,1411.5114290156953,44.17695309576357,44.68745016463194,10.683475131454598,105.49060235589057,0.05666896159134669,0.0006357503553136649,5.042091796437757,0.5189999999999962,0.8737345873134494,1.1687149595205282,2.9498037220707873,0.1351046087992021,0.0,4.549602237675851,0.5302746033697998,3.0,278.975175711398,85497.26575260804,1.0676393596632294,334.8289564811072,0.04542867843807466,0.0007083277415567586,45.23693518002506,1092.3980789521906
12.374921874999822,1412.3928323589407,43.96340951322645,44.4757254436697,10.674972108369523,105.62526757258298,0.05683953953843465,0.0006531002498257909,5.042091796437757,0.5189999999999962,0.8737345873134494,1.1687014597996221,2.949668724861727,0.1344805520508036,0.0,4.506980778719005,0.5302517160007103,3.0,278.96944658966686,85487.89014749863,1.0675442060666318,334.82548463333814,0.04583431694980145,0.0007071283563960355,45.027516014169166,1082.2107680454053
12.394921874999822,1413.269966524812,43.75003519076623,44.26418845900994,10.666519416396143,105.75984943318616,0.057010256231821266,0.000670407079970815,5.042091796437757,0.5189999999999962,0.8737345873134494,1.1686880043463281,2.949534170328787,0.13385709750035454,0.0,4.4646099052426,0.5302289566337878,3.0,278.9637452175887,85478.55995419927,1.067449509477287,334.82202960185873,0.046253913467417515,0.0006959397120302557,44.8183050616826,1072.0824904529295
12.414921874999822,1414.1428348884272,43.53682911876644,44.05283846534352,10.658117192385697,105.89434827709428,0.05718111150570903,0.0006875749269288712,5.042091796437757,0.5189999999999962,0.8737345873134494,1.1686746498604286,2.9494006254697913,0.1332342438564186,0.0,4.422488753136649,0.5302063249139635,3.0,278.9580715732252,85469.27513680838,1.0673552695870716,334.8185913733745,0.046685078327550075,0.0006713675162965925,44.60930185070275,1062.0130559217173
12.434921874999821,1415.0114408046584,43.323790285697896,43.84167472381673,10.649765300958643,106.02876444570006,0.0573521062427119,0.000704591724853402,5.042091796437757,0.5189999999999962,0.8737345873134494,1.1686614034146146,2.949268161011651,0.13261198986509648,0.0,4.380616469583517,0.5301838204887104,3.0,278.9524256347697,85460.03565963975,1.0672614860897214,334.81516993467045,0.047113905596552416,0.000648148629106098,44.40050592205707,1052.0022755755188
12.45492187499982,1415.8757876082777,43.11091769077276,43.63069650587341,10.641463413391195,106.16309828201872,0.05752324213282654,0.0007215052034235134,5.042091796437757,0.5189999999999962,0.8737345873134494,1.1686482367037598,2.949136493903104,0.131990334310123,0.0,4.3389922118628235,0.5301614430080125,3.0,278.94680738054615,85450.84148722093,1.0671681586808155,334.81176527261096,0.047553693900470144,0.0006121594627695862,44.19191682929435,1042.0499618997205
12.47492187499982,1416.7358786140232,42.898210332152864,43.419903089838655,10.633211447127083,106.29735013067848,0.0576945215821748,0.0007382870574819725,5.042091796437757,0.5189999999999962,0.8737345873134494,1.1686351664114074,2.9490057909795797,0.1313692760137691,0.0,4.297615138805817,0.5301391921243632,3.0,278.9412167890088,85441.69258429264,1.067075287057772,334.80837737413935,0.04799703005757629,0.0005699110860325326,43.983534138985476,1032.1559287388684
12.49492187499982,1417.5917171166627,42.685667213996005,43.209293763104455,10.625008882241799,106.43152033790868,0.057865947943186946,0.0007550482479253314,5.042091796437757,0.5189999999999962,0.8737345873134494,1.1686221268335428,2.948875395200934,0.13074881383718073,0.0,4.256484424520957,0.5301170674927427,3.0,278.93565383874164,85432.58891580798,1.06698287091984,334.80500622627744,0.0484402174152696,0.0005280200303156446,43.77535743083568,1022.319991285031
12.51492187499982,1418.4433063911467,42.473287351375234,42.9988678236809,10.616855739881439,106.56560925114243,0.058037524924131396,0.0007717282618766309,5.042091796437757,0.5189999999999962,0.8737345873134494,1.168609153713469,2.9487456640001963,0.130128946680734,0.0,4.215599238289625,0.5300950687705956,3.0,278.9301185084575,85423.53044693086,1.0668909099680859,334.8016518161253,0.048899950980285746,0.0004682286159960052,43.56738629780224,1012.5419660663267
12.534921874999819,1419.290649692656,42.2610697511754,42.7886245746113,10.6087521596753,106.69961721907724,0.05820925703828496,0.0007882305239374087,5.042091796437757,0.5189999999999962,0.8737345873134494,1.1685963041167549,2.948617168033054,0.12950967348525713,0.0,4.17495875296272,0.530073195617839,3.0,278.9246107769977,85414.51714303551,1.0667994039053894,334.7983141308606,0.049361829990230394,0.0004095666243515901,43.359620346502304,1002.8216709487821
12.554921874999819,1420.1337502565636,42.04901342842453,42.578563328950075,10.60069764381866,106.83354459211837,0.05838114969230549,0.0008046598357595273,5.042091796437757,0.5189999999999962,0.8737345873134494,1.1685835159903875,2.94848928676938,0.12889099323218203,0.0,4.134562160887761,0.5300514476968322,3.0,278.9191306233323,85405.54896970681,1.0667083524364473,334.7949931577394,0.049826912453327876,0.0003434601522867135,43.152059197262616,993.1589251212235
12.574921874999818,1420.972611298619,41.83711740386531,42.36868340912853,10.592691841679011,106.96739172183258,0.05855320871057643,0.0008210764086112421,5.042091796437757,0.5189999999999962,0.8737345873134494,1.1685707536680778,2.948361663546284,0.1282729049441679,0.0,4.0944086577474605,0.5300298246723616,3.0,278.91367802655896,85396.62589273842,1.066617755267755,334.7916888840947,0.0502964049381971,0.00027458787743557273,42.94470248432691,983.553549087371
12.594921874999818,1421.807236015048,41.625380703234214,42.15898414684285,10.58473474602182,107.10115896078001,0.058725440502061924,0.0008374308963961328,5.042091796437757,0.5189999999999962,0.8737345873134494,1.1685580462830456,2.9482345896959616,0.12765540768574332,0.0,4.054497437843326,0.5300083262116275,3.0,278.9082529659022,85387.74787813165,1.0665276121075977,334.78840129733675,0.05077509632007343,0.0002110309983057006,42.73754985606976,974.0053646580177
12.614921874999817,1422.6376275826053,41.41380235522548,41.94946488256402,10.576826120230754,107.2348466625464,0.05889785146701485,0.0008537476241672034,5.042091796437757,0.5189999999999962,0.8737345873134494,1.1685453793964138,2.9481079208296435,0.12703850056404875,0.0,4.0148277064929845,0.5299869519842322,3.0,278.902855420713,85378.91489209492,1.0664379226660448,334.78513038495214,0.05125818879524822,0.00013914035196642912,42.53060097524388,964.5141949445059
12.634921874999817,1423.4637891586715,41.20238139293108,41.74012496607854,10.56896556655317,107.36845518159296,0.05907044824946495,0.0008701039552206141,5.042091796437757,0.5189999999999962,0.8737345873134494,1.1685327072106393,2.9479811989718985,0.12642218272945077,0.0,3.975398678778233,0.5299657016621647,3.0,278.8974853704686,85370.1269010428,1.0663486866549408,334.78187613450393,0.05174014494867069,6.663136865775423e-05,42.32385551918461,955.0798643500036
12.654921874999816,1424.285723881379,40.99111686206723,41.5309637590447,10.561152618607055,107.50198487296608,0.05924323778381352,0.0008866018206573069,5.042091796437757,0.5189999999999962,0.8737345873134494,1.1685199694126434,2.947853820991939,0.12580645337590063,0.0,3.9362095776189654,0.5299445749197738,3.0,278.892142794771,85361.3838715945,1.066259903787892,334.77863853363124,0.05222677045644411,-2.2192991935532608e-06,42.117313179928765,945.7021985567166
12.674921874999816,1425.1034348698688,40.780007813785936,41.321980632946904,10.553386986844174,107.63543609145917,0.05941622693739536,0.0009032871946358125,5.042091796437757,0.5189999999999962,0.8737345873134494,1.1685071387886037,2.9477255147515424,0.12519131174177384,0.0,3.8972596280296448,0.5299235714337601,3.0,278.8868276733458,85352.68577057133,1.0661715737802409,334.7754175700476,0.052718505497896855,-7.42874672289585e-05,41.910973664494335,936.3810245201906
12.694921874999816,1425.9169252243728,40.569053306624376,41.11317496979912,10.545668288454076,107.76880919153055,0.05958942266705635,0.0009202380715526839,5.042091796437757,0.5189999999999962,0.8737345873134494,1.1684941692011428,2.9475958188769336,0.12457675711052262,0.0,3.8585480632648212,0.5299026908831589,3.0,278.88153998604156,85344.03256499571,1.0660836963490576,334.7722132315412,0.053212022902159324,-0.00013980408794558378,41.70483669509779,927.1161704605427
12.714921874999815,1426.7261980263631,40.3582524072643,40.904546162487755,10.537996383462229,107.9021045269343,0.05976283165224493,0.0009374537566031854,5.042091796437757,0.5189999999999962,0.8737345873134494,1.1684810610437668,2.9474647373031737,0.12396278881134389,0.0,3.8200741167927506,0.5298819329493234,3.0,278.8762797128286,85335.4242220896,1.065996271213125,334.7690255059741,0.053715727482896596,-0.00020608613471736163,41.498902009376465,917.9074658536896
12.734921874999815,1427.531256338644,40.147604181648134,40.69609361225954,10.530371018771655,108.03532245059829,0.05993646041085946,0.0009549714812556678,5.042091796437757,0.5189999999999962,0.8737345873134494,1.1684677922911464,2.9473320497769695,0.1233494062202787,0.0,3.7818370306199274,0.5298612973159234,3.0,278.8710468337988,85326.86070927355,1.065909298092929,334.7658543812821,0.05421679796149092,-0.00026137641808831214,41.293169360755435,908.7547414287106
12.754921874999814,1428.3321032054575,39.937107706983014,40.48781673242301,10.522791577259843,108.16846331444947,0.06011031500589709,0.0009729509305210475,5.042091796437757,0.5189999999999962,0.8737345873134494,1.1684542685423047,2.947196812288553,0.12273660876053369,0.0,3.7438360616167126,0.5298407836689139,3.0,278.8658413291645,85318.34199416553,1.0658227767106487,334.76269984547366,0.05472316030996636,-0.0003059490478327925,41.087638518553874,899.6578291533805
12.774921874999814,1429.128741652692,39.726762071729745,40.27971494846443,10.515257839149095,108.30152746880722,0.06028440058161727,0.0009914224553423407,5.042091796437757,0.5189999999999962,0.8737345873134494,1.1684404718663712,2.947058845529218,0.12212439590319289,0.0,3.7060704630141177,0.52982039169652,3.0,278.8606631792575,85309.86804457879,1.065736706790135,334.75956188663,0.055238425648793714,-0.0003558850313682439,40.88230926822221,890.6165622253178
12.794921874999813,1429.9211746879973,39.51656636329397,40.07178769452946,10.50776965783462,108.43451526217255,0.060458721914489214,0.0010103933718448258,5.042091796437757,0.5189999999999962,0.8737345873134494,1.168426429532414,2.946918422189646,0.12151276716850942,0.0,3.6685394920201047,0.5298001210892382,3.0,278.855512364528,85301.43882852055,1.0656510880568986,334.75644049290395,0.055750895830501225,-0.0004085501559835069,40.67718141177322,881.6307750713042
12.814921874999813,1430.7094053008977,39.30651968215385,39.8640344177642,10.500326372835007,108.56742704103235,0.06063328390951596,0.0010300447237491113,5.042091796437757,0.5189999999999962,0.8737345873134494,1.168411972640839,2.9467738532738963,0.12090172212618479,0.0,3.6312424246684207,0.5297799715398035,3.0,278.8503888655441,85293.05431419084,1.0655659202380994,334.75333565251975,0.056270819021339485,-0.0004536897085436164,40.47225476787441,872.7003033314921
12.834921874999813,1431.4934364629842,39.09662113262765,39.65645457570335,10.492927927726768,108.7002631493378,0.06080809135185953,0.001050355725579509,5.042091796437757,0.5189999999999962,0.8737345873134494,1.1683971439374867,2.946625566240373,0.12029126039654035,0.0,3.594178527523046,0.529759942743186,3.0,278.8452926629906,85284.71446998043,1.065481203062525,334.7502473537723,0.056795176568201045,-0.0004937864699479116,40.267529172238916,863.8249838563606
12.854921874999812,1432.273271127988,38.88686982689693,39.44904763762489,10.485573766723526,108.83302392848043,0.06098314856843825,0.0010714762420396735,5.042091796437757,0.5189999999999962,0.8737345873134494,1.1683818549170935,2.94647267603644,0.11968138165126779,0.0,3.5573470858596554,0.5297400343965726,3.0,278.84022373766805,85276.41926447011,1.0653969362605855,334.74717558502687,0.0573189299376785,-0.0005239815397406698,40.06300447787555,855.0046546972266
12.874921874999812,1433.0489122320075,38.67726488817218,39.2418130856282,10.478263557473992,108.96570971663745,0.06115845924690776,0.001093483629904509,5.042091796437757,0.5189999999999962,0.8737345873134494,1.1683660599570214,2.9463147264357192,0.1190720856141178,0.0,3.520747385191332,0.5297202461993453,3.0,278.83518207049195,85268.1686664282,1.0653131195642898,334.7441203347181,0.0578514018735053,-0.0005523292922174865,39.85868055531811,846.2391550955995
12.894921874999811,1433.820362693626,38.46780544185781,39.0347504121707,10.470997150992439,109.09832084857787,0.06133402651179026,0.0011163934939928104,5.042091796437757,0.5189999999999962,0.8737345873134494,1.1683497499065278,2.946151625930784,0.11846337206220182,0.0,3.484378711859602,0.5297005778530811,3.0,278.8301676424914,85259.96264480933,1.065229752707232,334.7410815913498,0.05839043319181084,-0.0005748424832644357,39.65455729305993,837.5283254809875
12.914921874999811,1434.587625413972,38.258490616230254,38.827859120444764,10.46377440233094,109.23085765569611,0.06150985307314396,0.001140220352873586,5.042091796437757,0.5189999999999962,0.8737345873134494,1.1683329162919007,2.945983289784513,0.11785524082697747,0.0,3.4482403576187823,0.5296810290615369,3.0,278.82518043480917,85251.80116875384,1.0651468354245879,334.73805934349434,0.058933000515352156,-0.0005932423798505024,39.450634597882605,828.8720074637598
12.93492187499981,1435.350703276816,38.049319547335166,38.62113872600705,10.456594852920613,109.36332046590823,0.061685941072575044,0.0011650889486525722,5.042091796437757,0.5189999999999962,0.8737345873134494,1.1683154855530178,2.9458089823956835,0.11724769179504516,0.0,3.4123316285956693,0.529661599530631,3.0,278.8202204287007,85243.68420758664,1.0650643674531037,334.73505357979263,0.05948237019810535,-0.0006001535525357388,39.246912395121456,820.2700438250034
12.95492187499981,1436.1095991486875,37.840291377608985,38.414588756544845,10.449458347648507,109.49570960345515,0.06186229212433579,0.0011910213416473057,5.042091796437757,0.5189999999999962,0.8737345873134494,1.1682974447835277,2.9456285747007827,0.11664072490922534,0.0,3.376651828330442,0.5296422889684304,3.0,278.8152876055335,85235.6117308161,1.0649823485310852,334.7320642889533,0.06003747550668601,-0.0006078045197616067,39.043390629024934,811.72227851001
12.97492187499981,1436.8643158790387,37.63140525291077,38.20820875117185,10.442364638540134,109.62802538853664,0.062038907244596694,0.001218072336955965,5.042091796437757,0.5189999999999962,0.8737345873134494,1.1682787617676915,2.945441744542421,0.11603434016971219,0.0,3.3412002685152338,0.5296230970851414,3.0,278.8103819467862,85227.58370813221,1.064900778398381,334.72909145975245,0.06060150029117773,-0.0006074387965598831,38.84006926313962,803.2285566224218
12.99492187499981,1437.614856300246,37.42266032152126,38.00199826033971,10.435313658351387,109.76026813758422,0.06221578698812512,0.001246234538307026,5.042091796437757,0.5189999999999962,0.8737345873134494,1.168259441037101,2.9452485372365156,0.11542853763529717,0.0,3.3059762611693566,0.5296040235930997,3.0,278.8055034340484,85219.60010940659,1.0648196567963821,334.72613508103336,0.06117312262173841,-0.0006023035530372343,38.63694828071863,794.7887244189242
13.014921874999809,1438.3612232276814,37.21405573382754,37.79595684594985,10.428305216624894,109.8924381632581,0.06239293150802969,0.0012755446712512128,5.042091796437757,0.5189999999999962,0.8737345873134494,1.1682394611064262,2.9450487379297674,0.11482331742454877,0.0,3.270979127324702,0.5295850682067598,3.0,278.8006520490201,85211.66090469176,1.064738983468017,334.7231951417061,0.06175179928486729,-0.0005919545896353725,38.4340276851153,786.4026293028749
13.034921874999808,1439.103419459765,37.00559064628326,37.59008408273957,10.421339094467347,110.02453577451891,0.06257034053704702,0.0013060504113098297,5.042091796437757,0.5189999999999962,0.8737345873134494,1.168218793959173,2.944842066457236,0.11421867971683418,0.0,3.2362081943593513,0.5295662306426764,3.0,278.7958277735115,85203.76606422056,1.064658758157745,334.720271630748,0.0623349746661944,-0.000576813485575481,38.231307500124146,778.070119815348
13.054921874999808,1439.841447778098,36.797264219660555,37.38437955797113,10.414415005887445,110.15656127638059,0.06274801325905875,0.0013378259067739597,5.042091796437757,0.5189999999999962,0.8737345873134494,1.1681973960979901,2.9446280878454067,0.11361462475358128,0.0,3.2016627973888867,0.5295475106194948,3.0,278.79103058944236,85195.91555840471,1.0645789806115427,334.7173645372021,0.06292705354357661,-0.000560424661750111,38.02878777040189,769.7910456290542
13.074921874999808,1440.5753109475438,36.589075619403296,37.17884287175856,10.407532755304803,110.28851496986458,0.06292594844569022,0.0013709141579966565,5.042091796437757,0.5189999999999962,0.8737345873134494,1.1681752423312133,2.9444065501776384,0.11301115283951538,0.0,3.1673422743083144,0.5295289078579377,3.0,278.7862604788409,85188.10935783401,1.0644996505768984,334.71447385017757,0.06352647644775995,-0.000543631580008011,37.82646856188039,761.5652575414655
13.094921874999807,1441.305011716312,36.381024013729586,36.973473636735214,10.400692188430266,110.42039715195509,0.06310414475447658,0.0014053440316782813,5.042091796437757,0.5189999999999962,0.8737345873134494,1.1681523158921132,2.9441772857866377,0.11240826434405322,0.0,3.1332459671197284,0.5295104220807952,3.0,278.7815174238439,85180.34743327537,1.0644207678028008,334.71159955884946,0.06413160153698766,-0.0005218644879170899,37.62434996223204,753.3926074695881
13.114921874999807,1442.0305528160266,36.17310857639361,36.7682714791099,10.393893036837936,110.55220811560584,0.0632826005669282,0.0014411872884787479,5.042091796437757,0.5189999999999962,0.8737345873134494,1.168128574746029,2.943939874325796,0.11180595970250706,0.0,3.099373226992785,0.5294920530129106,3.0,278.7768014066958,85172.62975567214,1.0643423320397338,334.70874165245766,0.064746861940029,-0.000496867680480696,37.42243208127153,745.2729484416791
13.134921874999806,1442.751936961811,35.96532848294606,36.56323603780582,10.387135205381847,110.68394814968408,0.06346131404662418,0.0014784536298394662,5.042091796437757,0.5189999999999962,0.8737345873134494,1.1681040134395606,2.9436942612611117,0.11120423941765564,0.0,3.065723404850851,0.529473800381173,3.0,278.7721124097482,85164.95629614321,1.0642643430396692,334.70590012030743,0.06537165332638536,-0.000469204565614994,37.2207150514806,737.2061345933982
13.154921874999806,1443.4691668523255,35.75768291235837,36.35836696520367,10.380418678690873,110.81561753910181,0.06364028290123093,0.0015171240421408393,5.042091796437757,0.5189999999999962,0.8737345873134494,1.1680786435096078,2.9434405619615833,0.11060310406111719,0.0,3.0322958540511036,0.5294556639145046,3.0,278.76745041545985,85157.32702598254,1.0641868005560613,334.7030749517687,0.06600741004713448,-0.0004416992444003394,37.01919902846638,729.1920211607494
13.174921874999805,1444.1822451697965,35.55017104227177,36.1536639260133,10.373743359364044,110.94721656497101,0.06381950476887417,0.0015572099448327738,5.042091796437757,0.5189999999999962,0.8737345873134494,1.1680524585637797,2.9431787125033027,0.11000255427512742,0.0,2.9990899357773486,0.5294376433438587,3.0,278.7628154063963,85149.74191665895,1.0641097043438459,334.7002661362762,0.06665263735488243,-0.00041424684560673666,36.817884191555315,721.2304644778321
13.194921874999805,1444.8911745800476,35.34279205502029,35.94912659933283,10.36710907021063,111.0787455047477,0.06399897716993845,0.0015987531967776498,5.042091796437757,0.5189999999999962,0.8737345873134494,1.16802543426367,2.9429084695022056,0.10940259077376985,0.0,2.9661050191938365,0.5294197384021986,3.0,278.7582073652297,85142.20093981572,1.0640330541594378,334.6974736633292,0.0673064686151668,-0.000387383050066974,36.61677074420382,713.3213219667699
13.214921874999805,1445.5959577325762,35.135545133778464,35.7447546777961,10.360515636420185,111.21020463220863,0.06417869757216453,0.0016417955327406768,5.042091796437757,0.5189999999999962,0.8737345873134494,1.1679975463776155,2.942629590641661,0.1088032143447657,0.0,2.9333404786522923,0.5294019488244941,3.0,278.7536262747382,85134.70406726979,1.0639568497607224,334.69469752249137,0.06796837525749812,-0.00035372287047216874,36.41585891459615,705.4644521344508
13.234921874999804,1446.296597260588,34.928429468132144,35.540547869511606,10.35396288048296,111.34159421757609,0.06435866323090958,0.0016863813307948354,5.042091796437757,0.5189999999999962,0.8737345873134494,1.167968769155816,2.942341818423666,0.10820442585079999,0.0,2.900795693923502,0.5293842743477005,3.0,278.7490721178062,85127.25127101138,1.0638810909070533,334.6919377033905,0.06864215523099008,-0.0003216253100909497,36.21514895608709,697.6597145626133
13.254921874999804,1446.9930957810898,34.72144424770428,35.336505896486855,10.347450771463429,111.4729145274316,0.0645388711756272,0.0017325005593201725,5.042091796437757,0.5189999999999962,0.8737345873134494,1.1679391089150288,2.942045216015794,0.1076062262315528,0.0,2.868470044447106,0.5293667147107588,3.0,278.74454487742287,85119.84252320307,1.0638057773592433,334.6891941957183,0.06932586840939374,-0.00028865359872156017,36.014641147880575,689.9069699064919
13.274921874999803,1447.6854558948914,34.51458866372022,35.13262849541733,10.340979214752352,111.60416582496228,0.06471931832324564,0.0017801675267420903,5.042091796437757,0.5189999999999962,0.8737345873134494,1.1679085577112587,2.9417397039780924,0.10700861650539961,0.0,2.8363629169484943,0.529349269654584,3.0,278.7400445366832,85112.47779617966,1.0637309088795643,334.68646698923,0.07002160767616139,-0.00025414851519582436,35.8143357955976,682.2060798884737
13.294921874999803,1448.3736801866596,34.30786191099939,34.9289154185998,10.334547958391498,111.73534837001519,0.06490000139681218,0.0018294577247656091,5.042091796437757,0.5189999999999962,0.8737345873134494,1.1678770714795657,2.941424841661162,0.10641159777108854,0.0,2.8044737094267234,0.5293319389220503,3.0,278.7355710787867,85105.15706244775,1.0636564852317434,334.6837560737447,0.07072387343352798,-0.0002166551529101391,35.61423323183643,674.5569072908276
13.314921874999802,1449.0577712250035,34.10126318835737,34.72536643438252,10.328156853351745,111.86646241902997,0.06508091693005107,0.0018804090995633712,5.042091796437757,0.5189999999999962,0.8737345873134494,1.1678446284250132,2.941100411115638,0.10581517120953851,0.0,2.7728018211682284,0.5293147222579807,3.0,278.73112448703745,85097.88029468467,1.0635825061809525,334.68106143914474,0.07143824444764996,-0.0001777418324023557,35.41433381677318,666.959315949333
13.334921874999802,1449.7377315625429,33.89479169691807,34.5219813270189,10.321805828526466,111.99750822503952,0.06526206124269783,0.0019330300535522072,5.042091796437757,0.5189999999999962,0.8737345873134494,1.16781122410991,2.9407663679646046,0.10521933808584705,0.0,2.741346653276544,0.5292976194091383,3.0,278.72670474484346,85090.64746573787,1.0635089714938035,334.6783830753751,0.0721652368532128,-0.0001378281150034036,35.214637938832524,659.4131707488721
13.354921874999802,1450.413563735911,33.68844663806561,34.318759896441314,10.315494806034552,112.12848603790457,0.06544343043751277,0.0019873323454842645,5.042091796437757,0.5189999999999962,0.8737345873134494,1.1677768521931116,2.940422648796621,0.10462409975144936,0.0,2.7101076119932874,0.5292806301242217,3.0,278.72231183571654,85083.45854862485,1.0634358809383477,334.6757209724442,0.07290332372855539,-9.815781695555755e-05,35.015146015409236,651.9183376201614
13.374921874999801,1451.0852702658,33.48222721706349,34.11570195970019,10.309223653504478,112.25939610439616,0.0656250205230613,0.0020433497757638697,5.042091796437757,0.5189999999999962,0.8737345873134494,1.1677414933497965,2.9400690603634705,0.1040294576459257,0.0,2.6790841107528838,0.5292637541538485,3.0,278.71794574327225,85076.31351653265,1.063363234284072,334.673075120423,0.07365367886741117,-6.01555683499703e-05,34.81585849347175,644.4746835312993
13.3949218749998,1451.752853657019,33.2761326385601,33.91280735003954,10.302992338627613,112.39023866822245,0.06580682747628439,0.002101077309527111,5.042091796437757,0.5189999999999962,0.8737345873134494,1.1677051511610517,2.9397056384760223,0.10343541329942046,0.0,2.648275563482565,0.5292469912505542,3.0,278.71360645122934,85069.21234281732,1.0632910313018933,334.670445509445,0.0744175059322527,-2.4757959744148812e-05,34.61677585037062,637.0820764861933
13.4149218749998,1452.416316398489,33.07016210998819,33.7100759183071,10.296800765754195,112.52101397028396,0.0659888473079019,0.0021605354082452365,5.042091796437757,0.5189999999999962,0.8737345873134494,1.1676678142285175,2.9393322691506807,0.10284196833463499,0.0,2.617681391589745,0.5292303411687767,3.0,278.7092939434098,85062.15500100383,1.0632192717641598,334.66783212970637,0.07519408109931085,1.0116035520262448e-05,34.4178985945042,629.7403855168476
13.4349218749998,1453.0756609632913,32.86431484100857,33.50750753321086,10.290648798399173,112.65172224873996,0.06617107618413826,0.002221761666306594,5.042091796437757,0.5189999999999962,0.8737345873134494,1.1676294611095634,2.93894873796114,0.10224912446911961,0.0,2.5873010231828886,0.5292138036648484,3.0,278.7050082037386,85055.14146478572,1.0631479554446464,334.66523497146557,0.07598134447645366,4.217358766617046e-05,34.219227266084545,622.4494806785606
13.4549218749998,1453.730889808729,32.65859004262925,33.30510208149481,10.284536334649918,112.78236373901638,0.06635351039705409,0.0022847808627952685,5.042091796437757,0.5189999999999962,0.8737345873134494,1.1675900779228179,2.9385549060936844,0.10165688351765721,0.0,2.557133889650557,0.529197378496988,3.0,278.70074921624325,85048.1717080243,1.063077082118549,334.6626540250434,0.07678233474854496,7.219865283164862e-05,34.020762437933854,615.2092330453703
13.474921874999799,1454.382005376354,32.45298692814395,33.1028594686666,10.278463210404515,112.91293867394393,0.06653614642947751,0.0023496439334680964,5.042091796437757,0.5189999999999962,0.8737345873134494,1.1675496354578805,2.9381504814443105,0.10106524739461559,0.0,2.527179430199146,0.5291810654252896,3.0,278.69651696505366,85041.24570474846,1.0630066515624819,334.6600892808225,0.0775967899546665,9.837256381406108e-05,33.822504716270466,608.0195147042351
13.494921874999799,1455.0290100920001,32.247504714084705,32.90077961974279,10.272429411554615,113.04344728386685,0.06671898096219296,0.0024163418862514813,5.042091796437757,0.5189999999999962,0.8737345873134494,1.167508139780236,2.937735524667866,0.10047421811636216,0.0,2.497437081533075,0.5291648642117118,3.0,278.692311434402,85034.36342915431,1.0629366635544748,334.6575407292476,0.07842476683102786,0.0001241205631016572,33.62445474151578,600.8801987490891
13.514921874999798,1455.6719063658359,32.04214261776683,32.698862479017386,10.266434716074588,113.1738897966817,0.06690201086315907,0.002484951513537167,5.042091796437757,0.5189999999999962,0.8737345873134494,1.167465546573424,2.937309592599746,0.09988379780401818,0.0,2.467906295393929,0.529148774626053,3.0,278.688132608622,85027.52485560456,1.062867117873969,334.6550083608249,0.07926362073793129,0.00015123326139126792,33.42661318921465,593.7911592780343
13.534921874999798,1456.3106965924374,31.836899861077914,32.49710801165457,10.260479036799964,113.30426643780906,0.06708523304529374,0.00255549575193039,5.042091796437757,0.5189999999999962,0.8737345873134494,1.1674218432024281,2.936872558889787,0.09929398868577488,0.0,2.4385865217397997,0.5291327964523673,3.0,278.68398047214913,85020.72995862774,1.062798014301808,334.6524921661224,0.08011855504037084,0.00017101148286005532,33.22898077080932,586.752271384322
13.554921874999797,1456.9453831508229,31.631775667070713,32.29551620322374,10.254562177527125,113.43457743029501,0.06726864463707141,0.0026280438042457356,5.042091796437757,0.5189999999999962,0.8737345873134494,1.1673769899291102,2.9364240261566077,0.09870479309991582,0.0,2.40947722078913,0.5291169294337515,3.0,278.67985500951966,85013.97871291796,1.062729352620237,334.6499921357689,0.08098526112540329,0.00019162737999071482,33.03155823464953,579.7634111547875
13.574921874999797,1457.5759684045122,31.426769262901555,32.09408706108044,10.24868397639428,113.56482299482515,0.0674522430193072,0.0027026525485325885,5.042091796437757,0.5189999999999962,0.8737345873134494,1.1673309543164967,2.9359636700304725,0.0981162134973787,0.0,2.3805778561171107,0.5291011733395318,3.0,278.67575620537065,85007.27109333413,1.0626611326128959,334.64750826045463,0.08186248694880058,0.00020909271019257665,32.83434636684857,572.8244556617706
13.594921874999796,1458.202454701616,31.221879880384506,31.892820615071294,10.2428442427578,113.69500334964009,0.06763602571931307,0.002779392517559582,5.042091796437757,0.5189999999999962,0.8737345873134494,1.1672836959645065,2.935491086510571,0.09752825244457111,0.0,2.351887897822443,0.5290855279408476,3.0,278.6716840444395,85000.60707489908,1.0625933540648091,334.6450405309303,0.0827568558112148,0.00022176256429418405,32.637345992224304,565.9352829570405
13.614921874999796,1458.8248443748992,31.01710675399497,31.691716917527923,10.237042824474418,113.82511871053663,0.06781999063351782,0.0028583200150237033,5.042091796437757,0.5189999999999962,0.8737345873134494,1.1672351829226155,2.935005956091661,0.0969409126265327,0.0,2.3234068188969075,0.5290699930106465,3.0,278.66763851156315,84993.98663279889,1.0625260167623818,334.6425889380073,0.08366412189994245,0.00023152067282523214,32.440557975356064,559.0957720686853
13.634921874999796,1459.4431397418534,30.81244912018833,31.49077604366323,10.231279601327696,113.95516929084225,0.06800413598333141,0.002939479232593656,5.042091796437757,0.5189999999999962,0.8737345873134494,1.1671853904084915,2.93450803095042,0.09635419685009018,0.0,2.2951340953397468,0.5290545683236768,3.0,278.66361959167796,84987.40974238206,1.0624591204933906,334.64015347255685,0.08458656897335454,0.00023933562694211506,32.243983221639134,552.3058029967332
13.654921874999795,1460.0573431047244,30.607906219379192,31.28999809276012,10.22555444562164,114.08515530153997,0.06818846032952901,0.0030229191376567946,5.042091796437757,0.5189999999999962,0.8737345873134494,1.1671342909019102,2.933997035884608,0.0957681080469007,0.0,2.2670692083314563,0.5290392536564743,3.0,278.6596272698193,84980.87637915934,1.0623926650469837,334.6377341255105,0.08552418809299474,0.00024724684016416254,32.04762267830192,545.5652567063418
13.674921874999795,1460.6674567505888,30.403477293594715,31.089383188133734,10.219867163565256,114.21507695122473,0.06837296239173472,0.0031087186066674393,5.042091796437757,0.5189999999999962,0.8737345873134494,1.1670818394271079,2.933472521136584,0.0951826492769707,0.0,2.2392116477985766,0.529024048787358,3.0,278.65566153112115,84974.38651880276,1.06232665021367,334.6353308878594,0.0864750273059855,0.0002492077728124671,31.851477335582164,538.8740151252468
13.694921874999794,1461.2734829514022,30.199161589307597,30.888931478607372,10.214217523838673,114.34493444616133,0.06855764114833478,0.0031969752225748617,5.042091796437757,0.5189999999999962,0.8737345873134494,1.1670279801400192,2.9329339282656974,0.09459782373181289,0.0,2.211560911087503,0.529008953496415,3.0,278.6517223608159,84967.94013714523,1.0622610757853168,334.6329437506544,0.08743757619787108,0.00025167601422043694,31.655548227782063,532.2319611358353
13.714921874999794,1461.875423964114,29.994958359043004,30.68864313963887,10.208605261567433,114.4747279901173,0.06874249585797734,0.0032878040844499545,5.042091796437757,0.5189999999999962,0.8737345873134494,1.1669726470514052,2.932380597379558,0.09401363473775044,0.0,2.184116502956312,0.528993967565485,3.0,278.64780974423326,84961.53721017927,1.0621959415551385,334.63057270500536,0.08841614493813259,0.0002561520874884071,31.45983643437262,525.6389785677097
13.734921874999793,1462.4732820307693,29.79086686024029,30.48851837369319,10.203030169894658,114.60445778424143,0.06892752580875354,0.003381297884744715,5.042091796437757,0.5189999999999962,0.8737345873134494,1.166915787436819,2.9318120012336957,0.09343008575962296,0.0,2.1568779298613583,0.528979090778154,3.0,278.6439236668,84955.17771405597,1.0621312473176838,334.6282177420808,0.08941082228012096,0.0002603629407190572,31.264343081232393,519.094952193513
13.754921874999793,1463.067059378583,29.586886351891962,30.2885574100197,10.197492150157139,114.7341240270422,0.06911273033718972,0.003477503479635996,5.042091796437757,0.5189999999999962,0.8737345873134494,1.1668573755252238,2.931227882117744,0.0928471804048987,0.0,2.129844696193364,0.5289643229197524,3.0,278.6400641140392,84948.86162508413,1.0620669928688307,334.6258788531078,0.09041848592233001,0.00025824017584805754,31.069069342022274,512.59976772788
13.774921874999793,1463.6567582199984,29.383016098473718,30.08876050653496,10.191990905234034,114.86372691441193,0.06929810894856288,0.003576557981307935,5.042091796437757,0.5189999999999962,0.8737345873134494,1.166797332821413,2.930627455079635,0.0922649224271618,0.0,2.1030163243832263,0.5289496637773371,3.0,278.63623107156997,84942.5889197297,1.062003178005779,334.6235560293714,0.09144319773306878,0.000252103007338469,30.874016439350985,506.1533118180005
13.794921874999792,1464.2423807527953,29.179255367845563,29.88912795000691,10.1865263200844,114.99326663949432,0.06948366149797323,0.003678520384771933,5.042091796437757,0.5189999999999962,0.8737345873134494,1.1667356266984383,2.930010393849889,0.09168331573032161,0.0,2.0763923299390057,0.5289351131396862,3.0,278.6324245251068,84936.3595746146,1.0619398025270412,334.62124926221475,0.09248526201168553,0.0002442834346016097,30.679185646182283,499.7554720407997
13.814921874999792,1464.8239291601274,28.975603430747213,29.68966005673978,10.18109816156819,115.12274339278139,0.06966938819648547,0.00378350509916502,5.042091796437757,0.5189999999999962,0.8737345873134494,1.166672192240885,2.929376049274355,0.09110236437286588,0.0,2.0499722414245416,0.5289206707972928,3.0,278.62864446045916,84930.17356651634,1.061876866232436,334.6189585430383,0.09353953140996146,0.00023584057023582806,30.484578287256777,493.4061368990462
13.834921874999791,1465.4014056106219,28.772059564323218,29.490357174412946,10.17570615232013,115.2521573620113,0.06985528947014032,0.003891649898792908,5.042091796437757,0.5189999999999962,0.8737345873134494,1.1666069510426031,2.928723637291537,0.09052207257173105,0.0,2.0237555959565294,0.5289063365423443,3.0,278.62489086353094,84924.03087236693,1.0618143689230821,334.6166838632997,0.09461051961526608,0.0002267668868600608,30.290195740385602,487.1051958117793
13.85492187499979,1465.9748122585058,28.568623050307693,29.29121968243713,10.170350109438,115.3815087319871,0.07004136594691926,0.004003052860633681,5.042091796437757,0.5189999999999962,0.8737345873134494,1.1665398480898002,2.928052607763507,0.08994244470689762,0.0,1.9977419292899523,0.5288921101687183,3.0,278.6211637203197,84917.93146925158,1.0617523104013817,334.61442521451374,0.09570085152386504,0.0002163348220345839,30.096039437986732,480.8525391110996
13.87492187499979,1466.544151243665,28.36529317306472,29.092247992324808,10.165029802068787,115.51079768461032,0.07022761838386302,0.004117837005140481,5.042091796437757,0.5189999999999962,0.8737345873134494,1.1664708139713824,2.9273622665793297,0.0893634853262448,0.0,1.9719307859075506,0.5288779914719787,3.0,278.61746301691613,84911.87533440803,1.0616906904710175,334.6121825882512,0.09680387976792437,0.0002060465238230465,29.902110868707933,474.64805804003515
13.89492187499979,1467.109424691742,28.162069224735134,28.893442550077214,10.159744905799865,115.64002439879214,0.07041404766770942,0.004236172540424972,5.042091796437757,0.5189999999999962,0.8737345873134494,1.1663997519356362,2.9266516462218672,0.08878519914965226,0.0,1.9463217229537249,0.5288639802493512,3.0,278.61378873950366,84905.86244522556,1.061629508936939,334.6099559761392,0.097923482031613,0.00019649585691624283,29.708411578797893,468.49164474068573
13.91492187499979,1467.6706347142688,27.958950500994124,28.694803835969214,10.154495228795575,115.76918905026402,0.07060065473595227,0.004358171997016004,5.042091796437757,0.5189999999999962,0.8737345873134494,1.166326599140002,2.925920118265526,0.0882075910743845,0.0,1.9209142931255518,0.5288500762997251,3.0,278.6101408743572,84899.89277924348,1.0615687656053527,334.6077453698605,0.09906052435673886,0.00018506314303895203,29.514943173906428,462.38319225436027
13.93492187499979,1468.2277834087372,27.755936303196396,28.496332366174776,10.14928048908008,115.898291811581,0.07078744059095747,0.004483993700023871,5.042091796437757,0.5189999999999962,0.8737345873134494,1.1662512662518878,2.9251667893843836,0.08763066617991627,0.0,1.895708061625501,0.5288362794236384,3.0,278.60651940784317,84893.96631415053,1.0615084602837133,334.6055507611529,0.10021283872548893,0.0001741012301258184,29.32170732069762,456.32259451391974
13.954921874999789,1468.7808728587268,27.553025937864874,28.298028693677523,10.144100367986962,116.02733285195578,0.07097440628988694,0.0046138178961603925,5.042091796437757,0.5189999999999962,0.8737345873134494,1.1661736514378656,2.924390641244161,0.08705442973321605,0.0,1.8707026025594558,0.5288225894232683,3.0,278.60292432641825,84888.08302778337,1.06144859278071,334.6033721418095,0.10138217228018397,0.00016177513022757318,29.12870574861629,450.3097463391314
13.974921874999788,1469.3299051340093,27.35021871895114,28.099893409993882,10.138954615304055,116.15631233716604,0.07116155297802627,0.004747797040024636,5.042091796437757,0.5189999999999962,0.8737345873134494,1.1660936693612272,2.923590820477777,0.08647888719385388,0.0,1.8458974904153203,0.5288090061024148,3.0,278.59935561662894,84882.24289812558,1.0613891629062564,334.6012095036772,0.10256845043972479,0.00014809935306660406,28.935940251595568,444.34454342831077
13.994921874999788,1469.8748822906916,27.14751396456721,27.901927145401192,10.13384287304136,116.28523042934856,0.07134888188358815,0.0048861398659543155,5.042091796437757,0.5189999999999962,0.8737345873134494,1.166011202219655,2.922766149062055,0.08590404422002063,0.0,1.8212923147347928,0.5287955292665,3.0,278.5958132651105,84876.44590330606,1.0613301704714755,334.599062838657,0.10377046897048772,0.00013285438462180886,28.74341269006945,438.42688235744816
14.014921874999787,1470.4158063713094,26.944911000636417,27.704130571134918,10.128764882957332,116.41408728695187,0.0715363943819705,0.005029012555804612,5.042091796437757,0.5189999999999962,0.8737345873134494,1.1659261573496291,2.921915700361797,0.08532990667383662,0.0,1.7968866628610658,0.5287821587225469,3.0,278.5922972585865,84870.69202159808,1.06127161528869,334.59693213870344,0.10499159522660352,0.00012001772363158075,28.55112499274761,432.55666056995324
14.034921874999787,1470.9526794049716,26.74240915769368,27.506504399730247,10.12372038609095,116.54288306453533,0.07172409189696267,0.005176586258617639,5.042091796437757,0.5189999999999962,0.8737345873134494,1.1658384395423456,2.921038522288961,0.08475648062778073,0.0,1.7726801281210298,0.5287688942791788,3.0,278.58880758386766,84864.98123141775,1.0612134971714076,334.59481739582384,0.1062306795388401,0.00010590792921876972,28.359079158764974,426.7337763758043
14.054921874999787,1471.485503407444,26.54000777158248,27.309049386507553,10.118709120684489,116.67161791276172,0.07191197586807101,0.005329038217207552,5.042091796437757,0.5189999999999962,0.8737345873134494,1.1657479504171033,2.920133631036539,0.08418377237085783,0.0,1.7486723100643466,0.5287557357466088,3.0,278.5853442278516,84859.31351132313,1.0611558159343117,334.5927186020781,0.10748955690941826,9.194492249126334e-05,28.16727725974383,420.9581289457696
14.074921874999786,1472.0142803812676,26.337706183924674,27.111766331035703,10.113730766218023,116.80029197828497,0.07210004779487483,0.005486579860901837,5.042091796437757,0.5189999999999962,0.8737345873134494,1.1656545721310712,2.919199848176217,0.08361178841498129,0.0,1.7248628198400144,0.5287426829366273,3.0,278.5819071775217,84853.68884001285,1.06109857139325,334.59063574957815,0.10876334758420775,7.78203112350622e-05,27.975721441927803,415.22961830556693
14.094921874999786,1472.5390123158904,26.135503743661385,26.91465607893647,10.108784925974737,116.92890540360384,0.07228830915882284,0.005649466762158096,5.042091796437757,0.5189999999999962,0.8737345873134494,1.1655581616763615,2.9182357436291206,0.08304053550139542,0.0,1.7012512825495139,0.5287297356625867,3.0,278.5784964199467,84848.10719632496,1.0610417633652198,334.5885688304877,0.11005662951386944,6.435254191643859e-05,27.7844139283292,409.548145328155
14.114921874999785,1473.0597011878112,25.933399806745243,26.717719523235097,10.10387137223555,117.05745832689037,0.07247676147722547,0.0058178764882795405,5.042091796437757,0.5189999999999962,0.8737345873134494,1.1654586218538114,2.91724034540362,0.08247002060760251,0.0,1.6778373139625171,0.5287168937393917,3.0,278.5751119422792,84842.56855923514,1.060985391668355,334.58651783702123,0.11137045700895726,5.000080070742302e-05,27.593357021045108,403.913611728704
14.134921874999785,1473.576348960686,25.731393732979846,26.520957605013034,10.09898983044853,117.18595088192815,0.07266540628108833,0.0059920153069904485,5.042091796437757,0.5189999999999962,0.8737345873134494,1.165355839282678,2.916212519692285,0.08190025095506331,0.0,1.654620540561982,0.5287041569835007,3.0,278.5717537317555,84837.07290785572,1.060929456121912,334.58448276144384,0.11270451417783953,3.497165927027451e-05,27.402553103832304,398.3259200646426
14.154921874999784,1474.0889575854321,25.52948488855324,26.324371315668376,10.094139985105956,117.31438319806395,0.07285424514776369,0.006172116254517859,5.042091796437757,0.5189999999999962,0.8737345873134494,1.165249685609451,2.9151509829600153,0.08133123401625394,0.0,1.6316005995107283,0.528691525212908,3.0,278.5684217756947,84831.62022143454,1.0608739565462615,334.58246359607097,0.11405871785708675,1.9659500937182464e-05,27.212004644466813,392.784973726746
14.174921874999784,1474.597529000347,25.327672646103434,26.127961698566157,10.089321555738477,117.4427554001249,0.07304327968045199,0.006358400872033205,5.042091796437757,0.5189999999999962,0.8737345873134494,1.1651400397264946,2.9140545241304516,0.08076297752236318,0.0,1.608777131179559,0.5286789982471323,3.0,278.56511606149775,84826.21047935366,1.0608188927628748,334.58046033326764,0.1154325297904013,7.887407454024853e-06,27.02171419731762,387.29067693390226
14.194921874999784,1475.102065131249,25.12595638402446,25.93172985054918,10.08453420087182,117.5710676082718,0.07323251145602469,0.006551128618160988,5.042091796437757,0.5189999999999962,0.8737345873134494,1.1650267592073063,2.912921718938568,0.0801954894713901,0.0,1.5861497891917369,0.5286665759072102,3.0,278.56183657664684,84820.84366112792,1.0607642645943107,334.578472965448,0.11682718331721137,-5.858250245697669e-06,26.83168440605436,381.84293472899446
14.214921874999783,1475.6025678915855,24.924335487722104,25.73567692405074,10.079777576273608,117.69931993795336,0.07342194198812992,0.006750567738695767,5.042091796437757,0.5189999999999962,0.8737345873134494,1.1649096972489041,2.911751099354547,0.0796287781362249,0.0,1.5637182348123555,0.528654258015681,3.0,278.55858330870467,84815.51974640369,1.0607100718642017,334.576501485075,0.1182416291503691,-1.872555667649042e-05,26.64191800634936,376.441652971788
14.234921874999783,1476.0990391825896,24.72280935028062,25.53980412910844,10.075051322877627,117.82751249973245,0.07361157278139878,0.006957001936348401,5.042091796437757,0.5189999999999962,0.8737345873134494,1.1647886988793839,2.910541115659344,0.0790628520730753,0.0,1.5414821384643316,0.5286420443965731,3.0,278.55535624531313,84810.23871495732,1.0606563143972396,334.57454588465976,0.11967764036264353,-2.8904753125614396e-05,26.452417828695197,371.0867383322531
14.254921874999782,1476.591480893421,24.52137737062272,25.344112734796752,10.070355145212572,117.95564539915709,0.07380140527434267,0.007170689133892935,5.042091796437757,0.5189999999999962,0.8737345873134494,1.1646636248295237,2.9092903751607424,0.07849772013069646,0.0,1.5194411709831999,0.5286299348754011,3.0,278.55215537419275,84805.00054669357,1.0606029920191602,334.5726061567608,0.12113608416395764,-4.0785385683587765e-05,26.26318680149114,365.7780982884602
14.274921874999782,1477.0798949012742,24.320038954177594,25.148604071420277,10.065688756447189,118.08371873673508,0.0739914408162832,0.007391889863888305,5.042091796437757,0.5189999999999962,0.8737345873134494,1.164534335140787,2.9079974782733764,0.0779333914595385,0.0,1.4975950093990744,0.5286179292791529,3.0,278.5489806831417,84799.80522164445,1.0605501045567318,334.57068229398385,0.12261619764214318,-5.1085622611254114e-05,26.07422795410193,360.5156411204952
14.294921874999782,1477.5642830715208,24.11879351263093,24.953279532542552,10.061051770640313,118.21173260781588,0.07418168070965349,0.007620925510886118,5.042091796437757,0.5189999999999962,0.8737345873134494,1.1644006556623512,2.9066606834890174,0.07736987552138026,0.0,1.4759433499509704,0.5286060274362813,3.0,278.5458321600351,84794.65271996777,1.0604976518377407,334.5687742889813,0.12411877365865001,-6.205220493506707e-05,25.88554442007925,355.2992759056887
14.314921874999781,1478.0446472578442,23.917640465514744,24.758140577586875,10.056443816918138,118.33968710250049,0.07437212622272309,0.007858118436694553,5.042091796437757,0.5189999999999962,0.8737345873134494,1.1642624127125571,2.905278253991077,0.07680718209895619,0.0,1.4544858954168256,0.528594229176686,3.0,278.542709792824,84789.54302194565,1.0604456336909769,334.56688213445136,0.1256440235640781,-7.232753474101037e-05,25.69713944038082,350.12891251046216
14.33492187499978,1478.5209893023818,23.71657923903682,24.56318873380839,10.051864630211982,118.46758230553759,0.07456277859079902,0.008103742094334976,5.042091796437757,0.5189999999999962,0.8737345873134494,1.1641194618166568,2.903848745032074,0.07624532130649989,0.0,1.4332223435615663,0.5285825343317087,3.0,278.5396135695345,84784.47610798302,1.0603940499462188,334.5650058231379,0.1271949916496171,-8.034129785642675e-05,25.50901636689615,345.00446158718836
14.35492187499978,1478.993311035857,23.51560926542494,24.36842559851129,10.047313839581992,118.59541829625297,0.07475363896119595,0.008358136073477677,5.042091796437757,0.5189999999999962,0.8737345873134494,1.1639716215402043,2.9023703422675484,0.07568430360061391,0.0,1.4121524131687364,0.5285709427341254,3.0,278.5365434782669,84779.45195860625,1.0603429004342202,334.56314534782973,0.12876716629573434,-8.6360548179748e-05,25.321178666081465,339.9258345703667
14.37492187499978,1479.4616142777134,23.314729984500897,24.17385284194544,10.042791040213277,118.72319514848134,0.07494470836090947,0.008621668535646389,5.042091796437757,0.5189999999999962,0.8737345873134494,1.1638186952849001,2.9008410797145068,0.075124139791068,0.0,1.3912758361606257,0.5285594542181296,3.0,278.53349950719485,84774.47055446166,1.060292184986695,334.5613007013601,0.13036284326529488,-9.363643041579817e-05,25.13362992257051,334.892943668446
14.39492187499978,1479.9259008362783,23.11394084481546,23.979472210184888,10.038295855604446,118.85091293042198,0.07513598770814067,0.008894702272583101,5.042091796437757,0.5189999999999962,0.8737345873134494,1.1636604908954595,2.899259035820101,0.07456484105204643,0.0,1.3705923498157722,0.5285480686193159,3.0,278.5304816445642,84769.53187631382,1.0602419034363013,334.5594718766059,0.1319843809232471,-0.0001006388552586087,24.946373842935717,329.90570185598
14.414921874999779,1480.3861725089105,22.913241301078926,23.785285527183472,10.033827967774299,118.97857170455055,0.07532747786452797,0.009177577172158084,5.042091796437757,0.5189999999999962,0.8737345873134494,1.1634968307495352,2.897622434360858,0.07400641893469706,0.0,1.3501016922982838,0.5285367857746803,3.0,278.52748987869205,84764.63590504401,1.060192055616626,334.5576588664874,0.13363038858190207,-0.00010627717466724817,24.759414259884732,324.96402287343153
14.434921874999779,1480.8424310821442,22.712630816322275,23.59129469816127,10.029386926519473,119.10617152754052,0.07551917962879745,0.009470718176780305,5.042091796437757,0.5189999999999962,0.8737345873134494,1.1633274900082744,2.8959290269482496,0.07344888537908383,0.0,1.3298036289864874,0.5285256055226006,3.0,278.52452419796606,84759.78262164861,1.0601426413621673,334.55586166396745,0.13530054929287902,-0.00011044928275111823,24.57275513625737,320.0678212175159
14.454921874999778,1481.2946783318573,22.512108861225755,23.397501712392184,10.024972413978128,119.23371245013446,0.07571109370284682,0.009774486182413854,5.042091796437757,0.5189999999999962,0.8737345873134494,1.1631522821472517,2.894176948338023,0.07289225272723185,0.0,1.309697916254288,0.5285145277028278,3.0,278.5215845908429,84754.97200723737,1.0600936605083198,334.5540802620508,0.13699942060393439,-0.00011429252109027772,24.386400569388012,315.2170121370192
14.474921874999778,1481.7429160234012,22.31167491306219,23.20390864604788,10.020584064057545,119.36119451711964,0.07590322067950472,0.010089280117132811,5.042091796437757,0.5189999999999962,0.8737345873134494,1.1629710005795744,2.8923641326612493,0.07233653373683445,0.0,1.2897843263372968,0.5285035521564806,3.0,278.5186710458479,84750.20404303202,1.0600451128913586,334.5523146537838,0.13872430797804722,-0.00011625188289359835,24.200354795689485,310.4115116299353
14.494921874999777,1482.187145911754,22.11132845687333,23.010517665739002,10.016221482535949,119.48861776725174,0.07609556105086696,0.010415526578937004,5.042091796437757,0.5189999999999962,0.8737345873134494,1.1627834247728996,2.890488374594502,0.07178174159492022,0.0,1.270062645199671,0.5284926787260298,3.0,278.5157835515736,84745.47871036462,1.0599969983484259,334.5505648322536,0.14047622757361677,-0.00011910958653128911,24.01462219522343,305.65123643568654
14.514921874999777,1482.6273697416716,21.9110689857824,22.817331031987067,10.011884259324262,119.61598223318987,0.07628811521201452,0.010753673580256364,5.042091796437757,0.5189999999999962,0.8737345873134494,1.1625893240012857,2.8885473668783623,0.07122788993225701,0.0,1.2505326712579705,0.5284819072552857,3.0,278.5129220966791,84740.79599067598,1.0599493167175111,334.54883079058754,0.14225433976493557,-0.0001219216060276045,23.829207296517243,300.93610402906694
14.534921874999776,1483.0635892478567,21.710896001321487,22.62435110285209,10.007571981660307,119.74328794139407,0.07648088348923404,0.011104183317935468,5.042091796437757,0.5189999999999962,0.8737345873134494,1.1623884616326003,2.886538743191509,0.07067499283829327,0.0,1.2311942136906233,0.5284712375893843,3.0,278.5100866698889,84736.1558655138,1.0599020678374371,334.54711252195267,0.14406083581003146,-0.00012229713423366997,23.6441147815607,296.26603261395235
14.554921874999776,1483.4958061551279,21.510809013570128,22.43158033767877,10.00328420739046,119.87053491203054,0.07667386613268899,0.011467548664776568,5.042091796437757,0.5189999999999962,0.8737345873134494,1.162180585931367,2.8844599861791753,0.0701230648767334,0.0,1.2120470970365875,0.5284606695747763,3.0,278.50727725999167,84731.558316531,1.0598552515478392,334.545410019555,0.1458938108417543,-0.0001240049342378418,23.459349491014635,291.64094111739166
14.574921874999776,1483.924022178595,21.31080754149938,22.239021301066924,9.999020500368168,119.99772315886958,0.07686706330779004,0.01184427278858796,5.042091796437757,0.5189999999999962,0.8737345873134494,1.161965441847897,2.8823085453444763,0.06957212110165965,0.0,1.1930911559749398,0.5284502030592129,3.0,278.5044938558391,84727.00332548369,1.059808867689149,334.5437232766385,0.14775592970478774,-0.00012494119658805662,23.27491642960241,287.0607491831317
14.594921874999775,1484.3482390238346,21.11089111305564,22.046676666962355,9.99478039803972,120.12485268919208,0.07706047511620155,0.012234889079664421,5.042091796437757,0.5189999999999962,0.8737345873134494,1.1617427599098586,2.880081725964092,0.069022177074361,0.0,1.1743262409242403,0.5284398378917335,3.0,278.50173644634503,84722.49087422944,1.0597629161025734,334.5420522864851,0.14964530681054178,-0.00012552247869459474,23.09082077173791,282.5253771657067
14.614921874999775,1484.7684583870787,20.91105926551959,21.854549223004458,9.990563471564917,120.25192350367493,0.07725410161898645,0.012639925126151872,5.042091796437757,0.5189999999999962,0.8737345873134494,1.1615122768386061,2.877776895251567,0.06847324888073444,0.0,1.155752208152926,0.5284295739226526,3.0,278.499005020484,84718.0209447252,1.0597173966300761,334.5403970424133,0.15156648189964889,-0.0001239486368093221,22.90706786734488,278.03474612374526
14.634921874999774,1485.184681955385,20.711311544257157,21.662641874708378,9.986369309015558,120.378935596326,0.07744794276493802,0.013059912630941401,5.042091796437757,0.5189999999999962,0.8737345873134494,1.1612737300745275,2.8753914276107806,0.06792535314988937,0.0,1.1373689222785968,0.5284194110035538,3.0,278.49629956728995,84713.59351902551,1.0596723091143605,334.5387575377777,0.1535185147812958,-0.0001240832702547794,22.723663248078765,273.58877781739227
14.654921874999774,1485.5969114068046,20.51164750330759,21.47095765030574,9.982197435738943,120.50588895444027,0.07764199844273995,0.013495437189280472,5.042091796437757,0.5189999999999962,0.8737345873134494,1.1610268299065865,2.87292242593137,0.06737850707295634,0.0,1.1191762706993555,0.5284093489872773,3.0,278.49362007585574,84709.20857928073,1.0596276533988487,334.5371337659686,0.1554993620537279,-0.00012299632734833634,22.540612633616856,269.18739470139684
14.674921874999773,1486.0051484105707,20.31206670723271,21.27949970609119,9.97804736355383,120.63278355850976,0.07783626848969867,0.013947109197083222,5.042091796437757,0.5189999999999962,0.8737345873134494,1.1607712762410756,2.8703668892762613,0.06683272842219265,0.0,1.1011741557464807,0.5283993877278945,3.0,278.49096653533127,84704.866107735,1.059583429327665,334.53552572041076,0.1575119145334029,-0.00012305639807291347,22.357921938047657,264.8305199145924
14.694921874999773,1486.4093946273024,20.11256872964583,21.088271331236715,9.973918603768288,120.75961938210762,0.07803075271307287,0.01441555620521018,5.042091796437757,0.5189999999999962,0.8737345873134494,1.1605067631893085,2.86772175875859,0.06628803557189798,0.0,1.0833624925923404,0.5283895270807064,3.0,278.4883389349225,84700.56608672408,1.0595396367456116,334.53393339456306,0.15955590497644107,-0.00012026409995666565,22.175597276865748,260.5180772776202
14.714921874999773,1486.809651709191,19.913153154397207,20.89727595348005,9.969810685201198,120.88639639182522,0.0782254508686611,0.014901411698354761,5.042091796437757,0.5189999999999962,0.8737345873134494,1.1602329856257818,2.8649839831233237,0.06574444751932543,0.0,1.0657412057988969,0.5283797669022232,3.0,278.48573726389026,84696.3084986734,1.0594962754981507,334.53235678191754,0.16163232807472813,-0.00011909238239597936,21.99364497396503,256.24999128402493
14.734921874999772,1487.2059213002017,19.713819575136384,20.706517144708293,9.965723080248425,121.01311454718326,0.07842036264499645,0.01540536297483331,5.042091796437757,0.5189999999999962,0.8737345873134494,1.1599496126496156,2.8621502533616616,0.0652019839069547,0.0,1.048310244000329,0.5283701070501547,3.0,278.48316151154864,84692.09332609588,1.0594533454313817,334.5307958759985,0.16374068917538484,-0.00011705746759549415,21.8120715690876,252.02618709539573
14.754921874999772,1487.5982050362793,19.51456759599859,20.5159986270787,9.961655270965856,121.13977380054213,0.07861548768631016,0.01592810969942002,5.042091796437757,0.5189999999999962,0.8737345873134494,1.1596563112098346,2.8592172389638515,0.06466066504527028,0.0,1.0310695675503458,0.5283605473833934,3.0,278.48061166726416,84687.92055158975,1.0594108463920198,334.5292506703621,0.16588275879619424,-0.00011404503303165168,21.630883825441543,247.84659053347536
14.774921874999771,1487.986504545556,19.315396831845284,20.32572427933766,9.957606715971188,121.26637409701895,0.07881082557930776,0.016470385899432123,5.042091796437757,0.5189999999999962,0.8737345873134494,1.1593527341584253,2.856181468449759,0.06412051193660132,0.0,1.0140191554024531,0.5283510877620003,3.0,278.47808772045386,84683.79015783637,1.059368778227374,334.52772115859506,0.1680568681058203,-0.00011234707783088528,21.45008873767373,243.71112807335663
14.79492187499977,1488.3708214485741,19.11630690879434,20.13569814351583,9.953576853722351,121.39291537438389,0.07900637586781041,0.017032958746198052,5.042091796437757,0.5189999999999962,0.8737345873134494,1.1590385213687497,2.853039340553003,0.06358154629979407,0.0,0.9971590049884989,0.5283417280471879,3.0,278.47558966058426,84679.70212759779,1.059327140785323,334.5262073343141,0.17026507415012887,-0.00010922586595388588,21.269693540121203,239.6197268356902
14.81492187499977,1488.7511573585125,18.91729746447025,19.94592443189445,9.949565095392295,121.5193975629552,0.07920213805674721,0.01761663427093555,5.042091796437757,0.5189999999999962,0.8737345873134494,1.158713297028152,2.849787097147025,0.06304379059597083,0.0,0.9804891343271301,0.5283324681013055,3.0,278.47311747716964,84675.65644371443,1.0592859339142922,334.5247091911648,0.17250699340007833,-0.00010615155088030472,21.089705715425833,235.57231457955513
14.83492187499977,1489.1275138814203,18.718368148400767,19.756407534355862,9.94557084783752,121.64582058549182,0.07939811160763292,0.018222242858414662,5.042091796437757,0.5189999999999962,0.8737345873134494,1.1583766781845135,2.8464209087106407,0.06250726805526013,0.0,0.9640095774603827,0.5283233077878225,3.0,278.47067115977075,84671.65308910252,1.0592451574632258,334.52322672282105,0.17478318201162288,-0.00010257422893565088,20.910133003473934,231.56881969479628
14.85492187499977,1489.4998926164594,18.519518622161996,19.567152026055076,9.94159352772944,121.772184357082,0.07959429592598036,0.018850629952909186,5.042091796437757,0.5189999999999962,0.8737345873134494,1.1580282803336133,2.8429369302016383,0.061972002704695994,0.0,0.9477203812043905,0.5283142469713132,3.0,278.46825069799297,84667.69204675156,1.0592048112815646,334.52175992298373,0.17709526260015862,-9.826149658892925e-05,20.73098341072681,227.60917119499507
14.87492187499977,1489.8682951561398,18.3207485591885,19.37816267542484,9.93763251742916,121.8984887850561,0.07979069037317052,0.019502686573518814,5.042091796437757,0.5189999999999962,0.8737345873134494,1.1576677010425376,2.8393311372908814,0.061438019397398,0.0,0.9316216153410982,0.528305285517445,3.0,278.4658560814851,84663.77329972183,1.0591648952192187,334.52030878537994,0.1794430193910885,-9.355122960052949e-05,20.55226521997974,223.69329871152712
14.894921874999769,1490.2327230865667,18.122057645722023,19.189444452835147,9.933687174562142,122.02473376889067,0.07998729423765359,0.020179343917459475,5.042091796437757,0.5189999999999962,0.8737345873134494,1.157294523563071,2.835599362496215,0.060905343842440174,0.0,0.9157133710384598,0.5282964232929571,3.0,278.4634872999373,84659.89683114168,1.059125409126541,334.518873303762,0.18182592650908122,-8.860563335480457e-05,20.373987000351306,219.82113248403428
14.914921874999768,1490.593177987704,17.923445581325595,19.001002539598282,9.929756841918,122.15091920008821,0.08018410676286701,0.020881567358826875,5.042091796437757,0.5189999999999962,0.8737345873134494,1.1569083207675341,2.831737334540847,0.06037400263607086,0.0,0.8999957588440616,0.5282876601656423,3.0,278.4611443430799,84656.06262420485,1.0590863528542993,334.51745347190644,0.18424637753706796,-8.321897162079375e-05,20.19615761772459,215.9926033519247
14.934921874999768,1490.9496614336363,17.724912078383817,18.81284233724884,9.925840870828859,122.27704496207315,0.08038112712886887,0.021610340401658646,5.042091796437757,0.5189999999999962,0.8737345873134494,1.1565086645502431,2.827740772367937,0.059844023294652195,0.0,0.8844689028241066,0.5282789960043361,3.0,278.45882720068136,84652.27066216759,1.05904772625365,334.5160492836129,0.18670435973209262,-7.750199925784517e-05,20.018786245763554,212.20764274911085
14.954921874999767,1491.3021749928307,17.526456863054165,18.624969477615604,9.921938558885984,122.4031109301079,0.08057835445349698,0.022366709353128202,5.042091796437757,0.5189999999999962,0.8737345873134494,1.1560951020556949,2.8236051474224544,0.05931543428828127,0.0,0.8691329563324849,0.5282704306788952,3.0,278.45653586254656,84648.5209283459,1.059009529176107,334.5146607327032,0.18919983636963592,-7.380162911068962e-05,19.841882377157358,208.4661826941361
14.974921874999767,1491.6507202284206,17.328079675954548,18.43738983335851,9.918049197376657,122.52911697117207,0.08077578783129057,0.023151750676110215,5.042091796437757,0.5189999999999962,0.8737345873134494,1.1556671743293037,2.819325870158542,0.058788265075834414,0.0,0.8539880903801488,0.5282619640601767,3.0,278.4542703185152,84644.81340611252,1.058971761473513,334.51328781302027,0.19173307864515224,-6.80420606780018e-05,19.665455835340726,204.76815578077714
14.994921874999767,1491.9952986984956,17.129780271988608,18.25010952890403,9.914172038806006,122.65506294384453,0.0809734263312404,0.023966595042370625,5.042091796437757,0.5189999999999962,0.8737345873134494,1.1552244040168325,2.8148981670338302,0.05826254614182834,0.0,0.839034502255957,0.5282535960200241,3.0,278.45203055845974,84641.14807889384,1.0589344229980082,334.5119305184266,0.19430454059130745,-6.311776022220421e-05,19.489516786821905,201.11349517144683
15.014921874999766,1492.3359119563966,16.931558421754232,18.06313495227071,9.910306317421743,122.78094869819462,0.08117126898790687,0.024812413436527257,5.042091796437757,0.5189999999999962,0.8737345873134494,1.1547663038137945,2.810317165003451,0.0577383090339676,0.0,0.8242724103054868,0.5282453264312412,3.0,278.4498165722834,84637.52493016678,1.0588975136019996,334.5105888428037,0.1969143876993166,-5.871407822087324e-05,19.314075753740276,197.50213458512204
15.034921874999766,1492.6725615510331,16.733413911292153,17.87647276721225,9.906451251029074,122.90677407563965,0.08136931482011926,0.025690416296647128,5.042091796437757,0.5189999999999962,0.8737345873134494,1.154292377810984,2.805577904975345,0.05721558640298806,0.0,0.8097020532404828,0.5282371551675771,3.0,278.44762834991826,84633.94394345536,1.0588610331381247,334.50926278005045,0.19956443425011605,-5.458809852737189e-05,19.139143627191814,193.93400829067085
15.054921874999765,1493.0052490271946,16.53534654261814,17.690129926183115,9.902606029399312,123.03253890883781,0.0815675628361878,0.026601862611324998,5.042091796437757,0.5189999999999962,0.8737345873134494,1.1538021175392896,2.800675302258402,0.05669441204371047,0.0,0.7953236931938357,0.5282290821037063,3.0,278.44546588132323,84630.40510232748,1.0588249814592205,334.5079523240819,0.20225402918944152,-4.891415960543396e-05,18.964731680959357,190.40905109757537
15.074921874999765,1493.3339759258772,16.337356134530463,17.50411368405753,9.898769829309103,123.15824302156325,0.0817660120231507,0.027548049184605548,5.042091796437757,0.5189999999999962,0.8737345873134494,1.1532950087472977,2.795604214338483,0.05617482093754554,0.0,0.7811376110690196,0.5282211071152055,3.0,278.44332915648175,84626.90839039133,1.0587893584182864,334.50665746882794,0.20498518696125517,-4.3546793938044586e-05,18.79085158572829,186.9271983454315
15.094921874999764,1493.6587437846172,16.13944252240719,17.31843161243469,9.894941800188922,123.28388622858913,0.08196466133379342,0.028530321712313275,5.042091796437757,0.5189999999999962,0.8737345873134494,1.1527705265037862,2.7903593919033676,0.055656849297232434,0.0,0.767144110200065,0.528213230078539,3.0,278.44121816539996,84623.45379129193,1.0587541638684494,334.5053782082324,0.20775761188943032,-3.8879138466799866e-05,18.61751542404933,183.48838589708268
15.114921874999764,1493.9795541378337,15.94160555935542,17.133091614976685,9.89112104783125,123.40946833557292,0.08216350970454434,0.029550087891972145,5.042091796437757,0.5189999999999962,0.8737345873134494,1.1522281294005035,2.78493542087054,0.055140534612576717,0.0,0.7533435210160733,0.5282054508710323,3.0,278.43913289810405,84620.04128870749,1.058719397662928,334.50411453625105,0.2105701513654327,-3.373860656012611e-05,18.444735705635477,180.0925501267058
15.134921874999764,1494.2964085171948,15.743845117090416,16.948101943538727,9.887306640210733,123.5349891389138,0.0823625560528046,0.030608813808040487,5.042091796437757,0.5189999999999962,0.8737345873134494,1.1516672627991071,2.779326754856577,0.05462591569807262,0.0,0.739736199074406,0.5281977693708467,3.0,278.43707334463824,84616.67086634542,1.0586850596549906,334.5028664468508,0.21342513600190527,-2.941055844676464e-05,18.272525383289317,176.73962790852048
15.154921874999763,1494.6093084519887,15.546161085988157,16.763471215075604,9.883497632431027,123.66044842561995,0.08256179928758627,0.03170800479756182,5.042091796437757,0.5189999999999962,0.8737345873134494,1.151087370253596,2.7735278294014654,0.05411303274286146,0.0,0.7263225163656145,0.5281901854569622,3.0,278.43503949506203,84613.34250793849,1.0586511496979183,334.5016339340076,0.21632231491515522,-2.5023959801942128e-05,18.10089786961161,173.42955660860247
15.174921874999763,1494.918255469507,15.348553376312388,16.57920842969349,9.879693027343489,123.78584597318046,0.0827612383117208,0.03284923642551975,5.042091796437757,0.5189999999999962,0.8737345873134494,1.1504878785203068,2.767532912068573,0.05360192736189478,0.0,0.7131028729691453,0.5281826990091484,3.0,278.4330313394482,84610.05619724069,1.058617667644961,334.5004169917056,0.21926256091800908,-2.02030573091173e-05,17.92986705411292,170.16227407204434
15.194921874999762,1495.2232510954482,15.151021918529125,16.395322989578787,9.875891803402679,123.91118154941401,0.08296087201336522,0.03403413285636851,5.042091796437757,0.5189999999999962,0.8737345873134494,1.14986821044629,2.761336231328406,0.05309264264958459,0.0,0.7000776870264983,0.528175309907944,3.0,278.43104886787955,84606.81191802297,1.0585846133492962,334.499215613935,0.22224504342976095,-1.5789053190842404e-05,17.759447321156998,166.93771861346465
15.214921874999762,1495.5242968543328,14.953566664497025,16.211824719142157,9.872092873467519,124.03645491232692,0.08316069926852547,0.03526439998794615,5.042091796437757,0.5189999999999962,0.8737345873134494,1.1492277692302464,2.7549318191679695,0.052585223234913915,0.0,0.687247407477662,0.5281680180346275,3.0,278.4290920704468,84603.60965406879,1.0585519866639834,334.49802979469075,0.22527142996015953,-1.199692427580464e-05,17.5896535683927,163.75582900389958
15.234921874999761,1495.8213942699392,14.756187588213146,16.02872388624343,9.868295137281871,124.16166580995205,0.08336071895771126,0.03654178327817787,5.042091796437757,0.5189999999999962,0.8737345873134494,1.1485659620920845,2.7483137477863506,0.05207971533885846,0.0,0.6746124946946215,0.5281608232711917,3.0,278.4271609372454,84600.44938916953,1.0585197874419163,334.49685952797074,0.22834179120421672,-7.735523311060046e-06,17.42050122595884,160.61654445922127
15.254921874999761,1496.1145448657492,14.558884686227664,15.846031224606062,9.864497448618561,124.28681398020028,0.08356092995530531,0.03786809370595732,5.042091796437757,0.5189999999999962,0.8737345873134494,1.1478821884038393,2.7414760109038983,0.0515761668341643,0.0,0.6621734297083308,0.5281537255003202,3.0,278.4252554583726,84597.3311071197,1.0584880155357765,334.4957048077738,0.2314560746135746,-3.451075587542049e-06,17.252006276477115,157.51980462993492
15.27492187499976,1496.4037501654109,14.361657978947397,15.66375795765271,9.860698604561396,124.41189915070689,0.08376133113010881,0.03924521647525013,5.042091796437757,0.5189999999999962,0.8737345873134494,1.1471758370898195,2.7344124977637008,0.05107462730667558,0.0,0.6499307162307156,0.5281467246053577,3.0,278.4233756239248,84594.25479171205,1.0584566707979821,334.4945656280984,0.23461481648318777,-2.467805339817107e-07,17.084185275563463,154.46554958707986
15.29492187499976,1496.6890116932293,14.164507511560123,15.481915823669548,9.856897352467847,124.53692103865521,0.08396192135088577,0.040675104983067596,5.042091796437757,0.5189999999999962,0.8737345873134494,1.1464462917306886,2.7271170441723913,0.05057514811908782,0.0,0.637884876010505,0.52813982047028,3.0,278.42152142399397,84591.22042673235,1.0584257530806358,334.49344198294034,0.23781904668070214,3.5488335848690732e-06,16.917055373150717,151.45371980945836
15.31492187499976,1496.9703309746676,13.967433354981203,15.300517102449723,9.853092398886993,124.66187935061484,0.08416269948324095,0.04215977248308893,5.042091796437757,0.5189999999999962,0.8737345873134494,1.145692936814922,2.7195834950147257,0.050077782476930705,0.0,0.6260364426684017,0.5281330129796653,3.0,278.4196928486646,84588.22799595405,1.05839526223547,334.4923338662908,0.24106802515451836,6.988028720669433e-06,16.75063433555699,148.48425617069105
15.33492187499976,1497.247709536872,13.770435606839202,15.119574643508791,9.849282393863842,124.78677378236675,0.08436366439439823,0.04370130418038046,5.042091796437757,0.5189999999999962,0.8737345873134494,1.1449151536557105,2.7118056634226106,0.049582585496790205,0.0,0.6143859643880859,0.528126302019167,3.0,278.41788988801034,84585.27748313268,1.0583651981137914,334.4912412721343,0.2443627561218264,1.1544214523371286e-05,16.58494056830308,145.55709992594956
15.354921874999759,1497.5211489092198,13.573514392646173,14.93910189598677,9.84546592154519,124.91160401872403,0.0845648149373586,0.0453018642220007,5.042091796437757,0.5189999999999962,0.8737345873134494,1.144112319136308,2.7037773182285862,0.049089614276684394,0.0,0.6029340042307092,0.5281196874740675,3.0,278.41611253209004,84582.36887200005,1.0583355605664206,334.4901641944466,0.24770369351885388,1.4662088916905878e-05,16.419993139650213,142.67219269770894
15.374921874999758,1497.7906506238876,13.376669867167626,14.75911294033853,9.841641506165034,125.03636973335284,0.08476614995894759,0.04696368923067194,5.042091796437757,0.5189999999999962,0.8737345873134494,1.1432838113416566,2.6954922402820714,0.048598927968583804,0.0,0.5916811339625476,0.5281131692304736,3.0,278.4143607709447,84579.5021462582,1.0583063494436313,334.4891026271925,0.2510903657115926,1.6844454777660697e-05,16.255811804855163,139.8294764604004
15.394921874999758,1498.056216216449,13.17990221553844,14.579622521878395,9.837807620597413,125.16107058857689,0.08496766831638732,0.04868907881957096,5.042091796437757,0.5189999999999962,0.8737345873134494,1.142429016641709,2.686944293282596,0.04811058785344289,0.0,0.5806279259022591,0.5281067471750598,3.0,278.41263459459304,84576.67728957302,1.0582775645950862,334.4880565643234,0.2545236961976731,1.923376832144299e-05,16.092417031265256,137.0288935260462
15.414921874999758,1498.317847226496,12.983211654552077,14.400646086345782,9.833962659939083,125.28570623518515,0.08516936887585684,0.050480416452026826,5.042091796437757,0.5189999999999962,0.8737345873134494,1.1415473217921945,2.678127344787451,0.04762465741842562,0.0,0.5697749586061576,0.5281004211949412,3.0,278.41093399302775,84573.89428556767,1.0582492058697686,334.4870259997748,0.25800440751111753,2.2593545885170243e-05,15.929830024147298,134.27038652899654
15.434921874999757,1498.5755451982816,12.7865984338583,14.22219981759529,9.830104974636221,125.41027631224426,0.08537125050381832,0.05234013734712991,5.042091796437757,0.5189999999999962,0.8737345873134494,1.1406381322838375,2.6690354497038804,0.047141202436536085,0.0,0.5591227971740614,0.5280941911776399,3.0,278.40925895621115,84571.15311781573,1.0582212731159149,334.48601092746395,0.2615335047856771,2.444714054801217e-05,15.768072753320999,131.55389841105108
15.454921874999757,1498.829311681392,12.590062837393113,14.044300677569806,9.826232807898286,125.53478044690576,0.08557331206732885,0.05427078127356424,5.042091796437757,0.5189999999999962,0.8737345873134494,1.1397008490854263,2.659662617719769,0.04666029104834906,0.0,0.548672013500563,0.528088057011049,3.0,278.4076094740709,84568.45376983404,1.0581937661809409,334.48501134128696,0.2651089714683627,2.653643641484742e-05,15.607167980494786,128.87937240536607
15.474921874999756,1499.0791482314532,12.393605185504592,13.866966448711212,9.822344331413344,125.65921825420212,0.08577555244184354,0.05627495752877141,5.042091796437757,0.5189999999999962,0.8737345873134494,1.1387348886666786,2.6500030135322916,0.04618199384532713,0.0,0.5384231643520974,0.5280820185833875,3.0,278.4059855364955,84565.7962250752,1.0581666849113642,334.4840272351163,0.2687325402456011,2.896030833495801e-05,15.447139287132373,126.2467520166277
15.494921874999756,1499.3250564108728,12.197225836155477,13.69021577885304,9.818437634481175,125.78358933683388,0.08597797050381817,0.05835535061459459,5.042091796437757,0.5189999999999962,0.8737345873134494,1.1377396829835256,2.6400509567007613,0.045706383956139546,0.0,0.5283767881842141,0.5280760757831664,3.0,278.4043871333293,84563.18046691966,1.0581400291527268,334.48305860279754,0.2724042037395598,3.072790942172047e-05,15.28801110332339,123.65598100571465
15.514921874999756,1499.5670377896095,12.00092518690028,13.514068228866119,9.814510713091611,125.90789328496327,0.08618056513124878,0.06051472576043128,5.042091796437757,0.5189999999999962,0.8737345873134494,1.1367146797073076,2.629800923938581,0.04523353713437999,0.0,0.5185334014669217,0.5280702284991442,3.0,278.4028142543675,84560.60647866757,1.0581137987495104,334.48210543814673,0.27612453364336825,3.2364834317839754e-05,15.129808737122014,121.10700337035304
15.534921874999755,1499.8050939459843,11.804703676758454,13.338544323155055,9.8105614647482,126.0321296759974,0.08638333520498521,0.06275592875774164,5.042091796437757,0.5189999999999962,0.8737345873134494,1.1356593452927999,2.6192475797935044,0.044763531848350815,0.0,0.5088934917301574,0.5280644766202851,3.0,278.40126688935106,84558.07424353012,1.0580879935450485,334.4811677349468,0.27989246892507536,3.470262794784819e-05,14.972558404576862,118.59976332610849
15.554921874999755,1500.0392264675306,11.608561788281,13.163665603126958,9.806587682363078,126.15629807436562,0.08658627960077118,0.065081887391315,5.042091796437757,0.5189999999999962,0.8737345873134494,1.134573167347565,2.6083858003411553,0.044296449372243925,0.0,0.499457630258438,0.528058820035709,3.0,278.39974502796105,84555.60396794061,1.0580628664402858,334.4802454869444,0.2837091173577872,3.63043980251381e-05,14.816287260228153,116.13423306087512
15.574921874999754,1500.269436951886,11.412500049639888,12.98945468265305,9.802587064136128,126.28039803126553,0.08678939718971586,0.06749559192938212,5.042091796437757,0.5189999999999962,0.8737345873134494,1.1334556667208069,2.5972107940735745,0.04383237387421297,0.0,0.49022666218465505,0.5280532586345863,3.0,278.39824865981274,84553.27387395331,1.0580393963077424,334.4793386878465,0.2875752180610294,3.729315907599558e-05,14.661023426565194,113.71046061831984
15.594921874999754,1500.4957270077227,11.21651903653832,12.815935310224324,9.798557190054302,126.40442908441472,0.08699268684742101,0.07000010240550257,5.042091796437757,0.5189999999999962,0.8737345873134494,1.1323063969092513,2.5857180959580184,0.043371392519159405,0.0,0.4812003236390435,0.528047792306191,3.0,278.3967777744498,84550.9834608995,1.058016325619951,334.4784473313166,0.29149080298839586,3.9149375824932685e-05,14.506796028405518,111.32825014410449
15.614921874999753,1500.7180982557243,11.020619374720374,12.643132432872891,9.794495520157447,126.52839075788015,0.08719614744580959,0.07259856338095062,5.042091796437757,0.5189999999999962,0.8737345873134494,1.1311249402564285,2.5739035294297907,0.04291359556486965,0.0,0.4723788946893146,0.5280424209398551,3.0,278.39533236133775,84548.7327123753,1.0579936542243438,334.47757141097065,0.29545556167847115,4.019788035003355e-05,14.353635225050201,108.98754686787508
15.634921874999753,1500.9365523296094,10.824801742546327,12.47107226282612,9.790399390862472,126.65228256186771,0.08739977784996081,0.07529418769356001,5.042091796437757,0.5189999999999962,0.8737345873134494,1.1299109184199732,2.561763311065237,0.042459076454974744,0.0,0.4637625762199072,0.5280371444248738,3.0,278.39391240985753,84546.5216118449,1.057971381966798,334.47671092037365,0.29946980576826215,4.1468752808748515e-05,14.201572241376631,106.6882961241397
15.654921874999753,1501.1510908772116,10.629066873422417,12.299782348995898,9.786265997790474,126.77610399249237,0.08760357692404429,0.07809026344406704,5.042091796437757,0.5189999999999962,0.8737345873134494,1.1286639921033745,2.549294047899251,0.04200793191611715,0.0,0.4553514825915283,0.5280319626504546,3.0,278.3925179092981,84544.35014262963,1.0579495086915272,334.47586585303463,0.3035333740019924,4.251266346698169e-05,14.050639400338612,104.43044332950282
15.674921874999752,1501.3617155616068,10.433415558802912,12.129291652646433,9.782092401874822,126.8998545315594,0.08780754352721366,0.08099013735602469,5.042091796437757,0.5189999999999962,0.8737345873134494,1.1273838713143765,2.53649284000927,0.04156026205475781,0.0,0.44714562154234666,0.528026875505657,3.0,278.3911488488495,84542.2182878965,1.0579280342409636,334.4750362024028,0.30764655505950295,4.4025588959626294e-05,13.900870155346466,102.21393395648302
15.694921874999752,1501.5684280623036,10.237848650875382,11.959630627450702,9.777875512585073,127.02353364633872,0.08801167650809076,0.08399721945127801,5.042091796437757,0.5189999999999962,0.8737345873134494,1.1260703158659269,2.5233572855247743,0.04111617045420188,0.0,0.439144884141801,0.5280218828793374,3.0,278.389805217595,84540.12603064626,1.0579069584556409,334.47422196186255,0.3118096589336879,4.4727296883777484e-05,13.752299122720494,100.03871350899941
15.714921874999751,1501.771230076487,10.042367065716132,11.79083130413053,9.773612083783995,127.14714078935407,0.08821597470569661,0.08711497433712725,5.042091796437757,0.5189999999999962,0.8737345873134494,1.1247231416857908,2.5098855437234135,0.04067576427044998,0.0,0.4313490271510135,0.5280169846600868,3.0,278.3884870045028,84538.0733537007,1.0578862811740641,334.4734231247287,0.3160224759881771,4.534120779541392e-05,13.604962113751936,97.90472749498613
15.73492187499975,1501.9701233203307,9.846971786584863,11.62292737987374,9.769298705969621,127.27067539816875,0.08842043695733039,0.09034691488517857,5.042091796437757,0.5189999999999962,0.8737345873134494,1.1233422257749162,2.496076384614667,0.04023915432666617,0.0,0.42375765580615815,0.5280121807361656,3.0,278.38719419841783,84536.06023968945,1.0578660022325783,334.47263968424124,0.32028616113065195,4.536334241001677e-05,13.458896166301592,95.81192139793089
15.75492187499975,1502.1651095303712,9.651663867076673,11.45595431274462,9.76493179949572,127.39413689518787,0.08862506209758479,0.09369659371736146,5.042091796437757,0.5189999999999962,0.8737345873134494,1.1219275117895338,2.481929244760843,0.03980645520602034,0.0,0.4163702047138112,0.5280074709954411,3.0,278.3859267880526,84534.08667103598,1.057846121465227,334.4718716335599,0.32459979060718225,4.548855731890668e-05,13.314139575855085,93.76024064916325
15.77492187499975,1502.3561904618841,9.456443927920136,11.289948776955987,9.760568590386638,127.5175246850455,0.0888298489554114,0.09716760977698354,5.042091796437757,0.5189999999999962,0.8737345873134494,1.1204790089760015,2.4674442166255206,0.03937778341625529,0.0,0.40957329546438614,0.5285027589089615,3.0,278.38468476199773,84532.15262997415,1.0578266387039201,334.47111896577064,0.3289633508311004,4.5747397313639516e-05,13.170731281626672,91.74962162596228
15.79492187499975,1502.5433678756676,9.261312262337151,11.124948884197542,9.756156178485842,127.64083814258004,0.08903479634043901,0.10076361048431975,5.042091796437757,0.5189999999999962,0.8737345873134494,1.1189967929642528,2.4526220565080337,0.03895325783315139,0.0,0.4030594262414013,0.5291217249484079,3.0,278.38346810880813,84530.25809868191,1.057807553779779,334.4703816739377,0.3333764997932285,4.605959336535185e-05,13.02871101489745,89.7799937512673
15.814921874999749,1502.7266435495374,9.0662701680639,10.960995985175858,9.751675392348732,127.76407662013649,0.08923990304513182,0.10448823991287665,5.042091796437757,0.5189999999999962,0.8737345873134494,1.1174810282938297,2.4374644098038023,0.03853300483482942,0.0,0.3967324773710762,0.52974320122522,3.0,278.38227681692797,84528.40305916492,1.0577888665219675,334.4696597510583,0.3378404956360791,4.622470333827741e-05,12.88812101629128,87.85130287979452
15.834921874999749,1502.9060192890915,8.871319076671979,10.798133683242247,9.747121942605999,127.8872394545399,0.08944516785279095,0.10834514328984791,5.042091796437757,0.5189999999999962,0.8737345873134494,1.1159319666301286,2.4219737931667917,0.03811715507722697,0.0,0.3905914424943211,0.530366941636187,3.0,278.3811108746209,84526.58749314772,1.0577705767565917,334.4689531900203,0.34235491158039366,4.6421768905604546e-05,12.74900495726177,85.96349549727964
15.854921874999748,1503.0814969294383,8.676460508400154,10.63640789317994,9.742491307268235,128.01032596696254,0.08965058953482712,0.11233797197427037,5.042091796437757,0.5189999999999962,0.8737345873134494,1.1143499446937193,2.4061535738026985,0.03770584337619148,0.0,0.3846350361558616,0.5309926796420831,3.0,278.3799702699586,84524.81138205605,1.057752684306527,334.46826198359497,0.3469197770727284,4.6453594087395825e-05,12.61140790066041,84.11651780140144
15.874921874999748,1503.2530783370164,8.481696076740086,10.475866968384958,9.737778741117365,128.13333546281257,0.08985616685290278,0.11647034972719401,5.042091796437757,0.5189999999999962,0.8737345873134494,1.1127353971155092,2.3900080980205973,0.03729920876949383,0.0,0.37886165542468336,0.53162012722279,3.0,278.3788549908094,84523.07470699867,1.05773518899123,334.46758612443045,0.351535169401217,4.594362481183303e-05,12.47537632148379,82.31031566525907
15.894921874999747,1503.4207654115044,8.287027493123935,10.316561833655344,9.732979250802659,128.25626723165323,0.09006189855781928,0.12074587321180823,5.042091796437757,0.5189999999999962,0.8737345873134494,1.1110888548216966,2.3735426750824717,0.036897394569896914,0.0,0.37326935808716705,0.5322489738235199,3.0,278.3777650248252,84521.37744874778,1.057718090626546,334.466925605044,0.3562013444046565,4.6112247093096426e-05,12.340958124629667,80.54483459980273
15.914921874999747,1503.5845600878306,8.092456571829322,10.158546123448536,9.728087592909466,128.37912054715392,0.09026778338935225,0.12516808703071175,5.042091796437757,0.5189999999999962,0.8737345873134494,1.1094109527269709,2.3567636541352144,0.036500548407667845,0.0,0.36785582745103723,0.5328788852994792,3.0,278.3767003594291,84519.71958771886,1.0577013890245026,334.466280417814,0.3609177180588874,4.5772593948210135e-05,12.208202659123028,78.82001971435797
15.934921874999747,1503.7444643382803,7.897985235258707,10.001876325353523,9.723098255858222,128.50189466708005,0.0904738200729387,0.1297404743236231,5.042091796437757,0.5189999999999962,0.8737345873134494,1.1077024305010381,2.3396784318758868,0.036108822260707704,0.0,0.3626183444032548,0.5335095028676548,3.0,278.37566098180116,84518.10110394929,1.0576850839930967,334.4656505549715,0.36568455371032565,4.5771965763930964e-05,12.077160728201438,77.13581567404705
15.954921874999746,1503.9004801747126,7.703615519174702,9.8466119284998,9.718005457877654,128.62458883332067,0.09068000732088971,0.13446642892906682,5.042091796437757,0.5189999999999962,0.8737345873134494,1.1059641394146562,2.3222955210120677,0.03572237247124932,0.0,0.3575537500806359,0.5341404420742571,3.0,278.3746468788643,84516.52197707584,1.057669175336067,334.4650360085918,0.370502167341516,4.559047761443788e-05,11.947884594908732,75.49216665680403
15.974921874999746,1504.0526096508809,7.509349578190182,9.692815576385485,9.712803140601473,128.74720227197147,0.09088634382859002,0.13934923070072083,5.042091796437757,0.5189999999999962,0.8737345873134494,1.1041970467477051,2.304624594342557,0.03534135974686195,0.0,0.3526584101697264,0.5347712917894225,3.0,278.37365803726925,84514.9821863113,1.0576536628526592,334.46443677058517,0.37537083864947396,4.52022459201415e-05,11.820427982440812,73.88901630789123
15.994921874999745,1504.2008548648653,7.315189691380345,9.540553223498854,9.707484955564432,128.8697341934718,0.09109282827662162,0.144392027128217,5.042091796437757,0.5189999999999962,0.8737345873134494,1.1024022367569457,2.2866764944349627,0.03496594914402107,0.0,0.34792818238794404,0.5354016132412214,3.0,278.37269444337835,84513.48171041977,1.0576385463373765,334.4638528326873,0.3802901030923312,4.505878195174495e-05,11.694846068661091,72.32630769263673
16.014921874999747,1504.3452179616206,7.121138268070541,9.389894294884519,9.70204425643039,128.99218379280438,0.09129945932909274,0.14959780769883438,5.042091796437757,0.5189999999999962,0.8737345873134494,1.100580913165612,2.2684632585216247,0.03459631003209621,0.0,0.343358380844993,0.536030939103008,3.0,278.37175608324947,84512.02052769094,1.0576238255797221,334.4632841864492,0.3852605146530359,4.4395765932963834e-05,11.5711954740675,70.80398324686081
16.034921874999746,1504.4857011356403,6.927197853815727,9.240911847578284,9.696474090316451,129.11455024976678,0.09150623563472828,0.15496937819822726,5.042091796437757,0.5189999999999962,0.8737345873134494,1.0987344004200592,2.2499981310660977,0.03423261603554587,0.0,0.33894374106737135,0.5366587726496751,3.0,278.3708429426183,84510.59861591304,1.0576095003639256,334.4627308232267,0.39028176451976004,4.397943243145255e-05,11.449534242471653,69.32198472467506
16.054921874999746,1504.6223066337416,6.73337113644628,9.093682732600245,9.690767198707551,129.236832729319,0.09171315582834655,0.1605093238410783,5.042091796437757,0.5189999999999962,0.8737345873134494,1.0968641474356142,2.231295601221648,0.03387504495224963,0.0,0.33467838113034754,0.5372845869995749,3.0,278.3699550068807,84509.21595234473,1.0575955704686602,334.46219273416966,0.3953546300346944,4.333573261235574e-05,11.329921813697977,67.88025314431559
16.074921874999745,1504.7550367579724,6.539660952226489,8.948287755855146,9.684916006547894,129.35903038201866,0.09192021852950301,0.16621998448212946,5.042091796437757,0.5189999999999962,0.8737345873134494,1.094971725734494,2.2123713842104453,0.03352377864553508,0.0,0.3305557697996788,0.5379078244609844,3.0,278.36909226107315,84507.87251368568,1.0575820356667474,334.46166991021033,0.4004789376555793,4.265344710281438e-05,11.212418987485913,66.47872873146041
16.094921874999745,1504.883893868641,6.346070291991492,8.80481183598168,9.678912619516284,129.4811423445532,0.09212742234332286,0.17210342068489887,5.042091796437757,0.5189999999999962,0.8737345873134494,1.0930588293609529,2.1932424204750345,0.03317900290770771,0.0,0.3265686924307266,0.5385278960030393,3.0,278.3682546898538,84506.5682760458,1.057568895724846,334.4611623420514,0.4056548027201844,4.214352435765909e-05,11.097087877862222,65.11735086075457
16.114921874999744,1505.008880387472,6.152602307530656,8.66334415668114,9.672748827440692,129.6031677403753,0.0923347658593839,0.17816137315140207,5.042091796437757,0.5189999999999962,0.8737345873134494,1.0911272754269135,2.17392688113464,0.03284090729209791,0.0,0.32270921669103997,0.5391441808739248,3.0,278.3674422774814,84505.30321491344,1.0575561504031328,334.46067002015377,0.4108829253526281,4.184921759844978e-05,10.98399185698482,63.79605799327438
16.134921874999744,1505.1299988008843,5.959260317568559,8.523978310871792,9.666416105334248,129.72510568045593,0.09254224764915105,0.18439522505621425,5.042091796437757,0.5189999999999962,0.8737345873134494,1.0891790020946912,2.1544441478124177,0.03250968491233792,0.0,0.3189686628416189,0.539756026387465,3.0,278.36665500779424,84504.07730512209,1.057543799454968,334.4601929347233,0.41616386247937986,4.1546621140772495e-05,10.873195488027603,62.51478761441281
16.154921874999744,1505.2472516633936,5.766047814034175,8.386812433136853,9.659905606910822,129.84695526416755,0.09274986626703217,0.19080597326013388,5.042091796437757,0.5189999999999962,0.8737345873134494,1.0872160623791165,2.1348147506566706,0.03218553220510722,0.0,0.3153375809693717,0.5403627479049548,3.0,278.3658928641879,84502.89052081601,1.057531842626547,334.45973107569785,0.4214968916194173,4.125053886767211e-05,10.764764445848373,61.273476166797636
16.174921874999743,1505.3606416011378,5.5729684682278595,8.251949316676448,9.653208175435573,129.96871558029898,0.09295762024977178,0.19739418212538842,5.042091796437757,0.5189999999999962,0.8737345873134494,1.085240622038917,2.115060347254676,0.03186864865460982,0.0,0.31180572558386827,0.5409636290365978,3.0,278.3651558295926,84501.74283541455,1.057520279656543,334.4592844327331,0.42688355752842183,4.058612646565458e-05,10.658765424858982,60.07205898066514
16.194921874999743,1505.4701713155218,5.380026136555127,8.119496510409446,9.64631435900564,130.09038570822332,0.09316550811965436,0.20415993444829572,5.042091796437757,0.5189999999999962,0.8737345873134494,1.0832549566649605,2.095203693515111,0.031559236477143815,0.0,0.3083620349185059,0.541557922087506,3.0,278.36444388644907,84500.63422157521,1.0575091102757352,334.4588529951882,0.43232341430516935,3.993316696583582e-05,10.555266033549424,58.910470203867675
16.214921874999742,1505.5758435869786,5.187224866282241,7.989566390965302,9.639214411261058,130.21196471922528,0.09337352838720905,0.21110280044931992,5.042091796437757,0.5189999999999962,0.8737345873134494,1.0812614419979136,2.075268546844642,0.031257500262707676,0.0,0.304994622550679,0.5421448487764766,3.0,278.36375701668464,84499.56465115561,1.0574983342066244,334.4584367521109,0.43781781364333444,3.9426004935079755e-05,10.454334674643905,57.788642727680745
16.234921874999742,1505.6776612788394,4.994568900872976,7.862276203948539,9.631898312713572,130.33345167800485,0.09358167955021299,0.21822178779046142,5.042091796437757,0.5189999999999962,0.8737345873134494,1.0792625486773677,2.0552796136391827,0.030963646572570905,0.0,0.3016907690792407,0.542723601252286,3.0,278.36309520168754,84498.53409517434,1.0574879511630408,334.45803569222267,0.4433666906446619,3.880951374603378e-05,10.356040410530287,56.706508111313
16.25492187499974,1505.7756273413086,4.8020626849427925,7.737748068031186,9.624355796339417,130.45484564436552,0.0937899600958098,0.2255152910586884,5.042091796437757,0.5189999999999962,0.8737345873134494,1.0772608357112654,2.0352624839781597,0.030677883491084523,0.0,0.2984369222181449,0.5432933434332253,3.0,278.36245842228146,84497.54252377064,1.0574779608497364,334.45764980390254,0.44897168989327146,3.8053862547926336e-05,10.26045281338607,55.66399650439275
16.27492187499974,1505.8697448155306,4.609710868575484,7.616108934888593,9.61657637334183,130.57614567510683,0.09399836850300651,0.23298104588738067,5.042091796437757,0.5189999999999962,0.8737345873134494,1.0752589414180944,2.0152435410464498,0.030400420130978822,0.0,0.29521870778323145,0.5438532126930041,3.0,278.36184665869905,84496.58990616332,1.0574683629619717,334.45727907517164,0.4546333319714732,3.727886852953222e-05,10.16764179974925,54.66103656897289
16.29492187499974,1505.9600168377399,4.417518311262658,7.497490497160259,9.608549345754259,130.6973508261317,0.09420690324499001,0.24061610238083114,5.042091796437757,0.5189999999999962,0.8737345873134494,1.0732595684097173,1.9952498109626782,0.03013146609073589,0.0,0.2920209551482703,0.5444023219161693,3.0,278.36125989055466,84495.67621060876,1.0574591571850944,334.45692349367613,0.4603519547985348,3.667743865791006e-05,10.07767744906155,53.69755539860199
16.31492187499974,1506.0464466434833,4.225490085306675,7.382029036225545,9.600263853012377,130.8184601547783,0.09441556279109507,0.24841676918581404,5.042091796437757,0.5189999999999962,0.8737345873134494,1.0712654759048708,1.9753088859142132,0.029871230863974613,0.0,0.288827725741665,0.5449397619416452,3.0,278.3606980968173,84494.80140435808,1.0574503431941065,334.4565830466713,0.4661291501133407,3.583467992191239e-05,9.990629806163216,52.77347843517194
16.33492187499974,1506.1290375719027,4.033631478189017,7.269865201339525,9.591708908690736,130.93947272238967,0.0946243456087355,0.2563785754269166,5.042091796437757,0.5189999999999962,0.8737345873134494,1.0692794666262453,1.9554487931279585,0.029619923202138267,0.0,0.28562235871813707,0.5454646044075508,3.0,278.3601612557826,84493.96545361388,1.057441920653229,334.45625772100425,0.47196540839447465,3.4963705889029355e-05,9.90656866817071,51.8887293869041
16.35492187499974,1506.2077930700561,3.841947994265439,7.161143711058906,9.582873449472016,131.06038759713684,0.09483325016827512,0.2644962283436624,5.042091796437757,0.5189999999999962,0.8737345873134494,1.0673043745504789,1.9356978723702944,0.029377750430614143,0.0,0.2823875291177647,0.5459759050094363,3.0,278.3596493450446,84493.16832348652,1.0574338892154629,334.45594750309704,0.47786253914809174,3.40669967383323e-05,9.82556335578057,51.04323014430259
16.37492187499974,1506.2827166972615,3.6504453550986433,7.056012968367782,9.573746390009731,131.18120385710492,0.09504227494544276,0.27276357435657256,5.042091796437757,0.5189999999999962,0.8737345873134494,1.0653430516831335,1.9160846436968404,0.029144917721404706,0.0,0.27910532177900144,0.5464727071737607,3.0,278.35916234146777,84492.40997795007,1.0574262485221448,334.45565237892947,0.4838214303986647,3.321345134573654e-05,9.747682470042633,50.236900698922966
16.39492187499974,1506.3538121294373,3.4591294990215307,6.954624580626096,9.56431667562348,131.30192059365922,0.09525141842509306,0.2811735727203812,5.042091796437757,0.5189999999999962,0.8737345873134494,1.0633983520781343,1.8966376476468483,0.028921627323502373,0.0,0.27575732268011116,0.5469540461476203,3.0,278.35870022115864,84491.6903797984,1.057418998202505,334.4553723340222,0.4898435421433444,3.2367006354948194e-05,9.672993634987815,49.46965906007433
16.414921874999738,1506.4210831634207,3.2680065791621145,6.8571327768107,9.554573355843635,131.42253691509427,0.09546067910439192,0.2897182593305401,5.042091796437757,0.5189999999999962,0.8737345873134494,1.061473118765805,1.8773853145235564,0.028708077755930147,0.0,0.27232472606124075,0.5474189534920817,3.0,278.35826295943775,84491.00949060151,1.0574121378732284,334.4551073534193,0.49593069240353765,3.137635228403859e-05,9.601563227769926,48.74142117496191
16.434921874999738,1506.4845337212332,3.0770829588565602,6.763693713157933,9.54450603811638,131.5430519505812,0.09567005549840348,0.2983887288774137,5.042091796437757,0.5189999999999962,0.8737345873134494,1.0595701672123434,1.8583557989889399,0.02850446296126121,0.0,0.2687916613007553,0.5478664619757305,3.0,278.35785053081196,84490.36727066239,1.0574056671380205,334.45485742167205,0.5020841211010401,3.087074649929576e-05,9.53345609558995,48.05210083038009
16.454921874999737,1506.544167853563,2.8863650966290213,6.674464479610809,9.53411826197592,131.6634648534451,0.09587954614090355,0.3071751159850909,5.042091796437757,0.5189999999999962,0.8737345873134494,1.057692270260954,1.8395768294750448,0.028310970897261277,0.0,0.26525710530139457,0.5482956120171871,3.0,278.35746290895185,84489.76367898163,1.0573995855872498,334.4546225228248,0.5083058838002084,3.0264731967484678e-05,9.4687350846982,47.4016077703973
16.474921874999737,1506.5999897393347,2.6958593744325716,6.589601887093304,9.523408294394002,131.783774799301,0.09608914958160529,0.31606659973750734,5.042091796437757,0.5189999999999962,0.8737345873134494,1.0558421395940853,1.821075522806359,0.028127781813640656,0.0,0.261778605366965,0.5487054591708709,3.0,278.35710006669433,84489.19867326193,1.0573938927979958,334.4544026404168,0.5145980316858104,2.932588006644254e-05,9.407460464081165,46.7898449123818
16.494921874999736,1506.6520036861527,2.505572298476383,6.509261769923812,9.51236814830968,131.90398098548312,0.09629886438659019,0.3250513810506665,5.042091796437757,0.5189999999999962,0.8737345873134494,1.0540224147902624,1.8028782747681293,0.027955068338896077,0.0,0.25836056326912854,0.5490950778450441,3.0,278.35676197604,84488.67220990351,1.0573885883340024,334.45419775748024,0.5209623996756609,2.855828354194083e-05,9.349689954541024,46.216711692379846
16.514921874999736,1506.7002141332694,2.315510526047059,6.433597893281359,9.500990165009375,132.02408263427526,0.09650868914303894,0.33411669779955216,5.042091796437757,0.5189999999999962,0.8737345873134494,1.0522356463379132,1.7850105902446378,0.027792994741423164,0.0,0.25500766207386283,0.5494635669886674,3.0,278.35644860813375,84488.18424397413,1.057383671745376,334.4540078565291,0.5274009882575201,2.8030631458178024e-05,9.295478481604414,45.68210458184887
16.534921874999736,1506.7446256545286,2.1256808576234847,6.36276070150524,9.489267093824141,132.14407899659975,0.09671862246084015,0.3432488324508829,5.042091796437757,0.5189999999999962,0.8737345873134494,1.0504842826089944,1.7674969529554496,0.02764171603528516,0.0,0.25172484924071964,0.5498100562733401,3.0,278.3561599332455,84487.73472917925,1.0573791425682861,334.4538329195468,0.5339163171729067,2.7230366805306664e-05,9.24487787647482,45.185917067902125
16.554921874999735,1506.7852429611369,1.9360846541677916,6.296897620373233,9.478832969246882,132.26396935601076,0.09692866297861834,0.35243379304439937,5.042091796437757,0.5189999999999962,0.8737345873134494,1.0487705351932084,1.7503594787975896,0.027501383910671865,0.0,0.24851737155891396,0.5501336965990088,3.0,278.3558959207526,84487.32361783403,1.0573750003246838,334.4536729279761,0.5404889347040344,2.6334826383674417e-05,9.197938859526552,44.72806179440296
16.574921874999735,1506.8220701548382,1.7466611628499014,6.236170433267149,9.47086899601754,132.3837535035271,0.09713881001096325,0.3616671185051349,5.042091796437757,0.5189999999999962,0.8737345873134494,1.0470946334860791,1.7336004617262968,0.027372218603249166,0.0,0.2453908834084696,0.5504334966447151,3.0,278.3556565439935,84486.95086842233,1.0573712445984647,334.4535278656601,0.5468537987799784,2.566676260130278e-05,9.154735077366734,44.30870548861952
16.594921874999734,1506.8551104911173,1.5574002016216166,6.180722290978697,9.462519532648658,132.5034318627895,0.0973490637217191,0.3709410977449636,5.042091796437757,0.5189999999999962,0.8737345873134494,1.0454572996810456,1.7172271236759618,0.02725437266684599,0.0,0.24234999482871186,0.5507086406634997,3.0,278.3554417818077,84486.61644799348,1.0573678750596203,334.45339771977547,0.5529513102261717,2.507401203455178e-05,9.11531754114762,43.92782702140813
16.614921874999734,1506.8843672985547,1.3683095979625297,6.130682338588686,9.45377544336424,132.62300489314995,0.09755942430995487,0.38024513865611115,5.042091796437757,0.5189999999999962,0.8737345873134494,1.0438596136983993,1.7012502638494986,0.027147964381536466,0.0,0.23939901451142168,0.5509584184185008,3.0,278.35525161255936,84486.320322857,1.0573648913704805,334.45328247721096,0.5587929629438538,2.4364542524895586e-05,9.079725799979277,43.58533187005879
16.634921874999733,1506.9098440640264,1.1793973523795738,6.086169036132572,9.444628040565181,132.74247304084847,0.09776989194372315,0.38956766314453023,5.042091796437757,0.5189999999999962,0.8737345873134494,1.0423026427558097,1.685680554423603,0.02705309816473034,0.0,0.23654218703609253,0.5511821825185637,3.0,278.3550860135838,84486.06245772021,1.0573622931770252,334.4531821242318,0.5643896477683884,2.364978832569654e-05,9.047994767513277,43.28112140642433
16.654921874999733,1506.9315444360666,0.9906716283850656,6.047288636095953,9.435069155958272,132.86183674286596,0.09798046676434545,0.3988961814276756,5.042091796437757,0.5189999999999962,0.8737345873134494,1.0407874189974087,1.6705283168395924,0.026969863849071057,0.0,0.2337837092454818,0.5513793540662915,3.0,278.35494496116553,84485.84281565415,1.0573600801085417,334.4530966464663,0.5697529635913539,2.3092239584303407e-05,9.0201544804554,43.015092883477635
16.674921874999733,1506.9494722280147,0.802140740923124,6.014133738018047,9.425091218599905,132.98109643111434,0.09819114889115442,0.40821736456859065,5.042091796437757,0.5189999999999962,0.8737345873134494,1.0393149208783719,1.655803335649224,0.026898336037454427,0.0,0.23112774372056472,0.5515494278268218,3.0,278.3548284305179,84485.6613580618,1.0573582517773046,334.4530260288939,0.574893699308765,2.218787178719854e-05,8.996229882868679,42.78713943138058
16.694921874999732,1506.9636314209156,0.6138131433188246,5.98678196062197,9.41468732403268,133.1002525369583,0.09840193842827517,0.4175171385683029,5.042091796437757,0.5189999999999962,0.8737345873134494,1.03788605450036,1.6415146718691065,0.02683857354487253,0.0,0.22857842653571264,0.5516919768245429,3.0,278.354736395764,84485.5180446487,1.0573568077782811,334.45297025583295,0.5798224923338854,2.143453522034729e-05,8.976240639512238,42.59715006374982
16.71492187499973,1506.974026166146,0.4256974129376191,5.965294771108709,9.403851305271477,133.21930549606128,0.098612835470525,0.42678078181178714,5.042091796437757,0.5189999999999962,0.8737345873134494,1.036501637986643,1.6276705067319353,0.02679061893542179,0.0,0.2261398721238914,0.5518066562835638,3.0,278.35466882992,84485.41283339636,1.0573557476888624,334.4529293109315,0.584549743087856,2.0729186778978607e-05,8.960200981004727,42.44500969363206
16.73492187499973,1506.980660787739,0.23780223525814562,5.94971650914041,9.39257781014545,133.3382557535415,0.09882384010831367,0.4359930190268278,5.042091796437757,0.5189999999999962,0.8737345873134494,1.0351623896921827,1.6142780237873322,0.026754498163209472,0.0,0.2238161773048992,0.5518932068341771,3.0,278.35462570487965,84485.34568053872,1.0573550710686292,334.45290317715705,0.5890857466139752,2.038018304842198e-05,8.948119583733323,42.33059916382903
16.75492187499973,1506.983539784376,0.050136386633755636,5.940073637808755,9.380862371299386,133.45710376943273,0.09903495243414462,0.4451381299095741,5.042091796437757,0.5189999999999962,0.8737345873134494,1.033868917331629,1.6013433001817945,0.026730220322570677,0.0,0.2216114217282926,0.551951456924725,3.0,278.3546069914015,84485.31654054203,1.0573547774591472,334.4528918367893,0.5934406198403501,1.9926976694392652e-05,8.939999486318278,42.253795290161314
16.77492187499973,1506.9826678310192,-0.13729128446718164,5.93637424791445,9.368701478170491,133.57585002443366,0.09924617254822787,0.45420005720294043,5.042091796437757,0.5189999999999962,0.8737345873134494,1.0326217101958748,1.5888712288242535,0.026717777513012707,0.0,0.21952966760355427,0.5519813243891472,3.0,278.35461265909834,84485.32536608826,1.057354866383803,334.4528952714136,0.5976239942851147,1.9243459696329348e-05,8.935838044444568,42.214470921335895
16.79492187499973,1506.9780497801546,-0.3244718775649359,5.9386078334261825,9.35609265230788,133.69449502593474,0.09945750056700982,0.4631625114743779,5.042091796437757,0.5189999999999962,0.8737345873134494,1.0314211344916437,1.576865471781943,0.0267171448213041,0.0,0.21757495979109376,0.5519828171397826,3.0,278.35464267642897,84485.37210806261,1.057355337347678,334.45291346191595,0.6016460258381585,1.8498016817812806e-05,8.935626924869096,42.212495015026356
