time_s,altitude_m,vertical_speed_m_s,ground_speed_m_s,acceleration_m_s2,east_m,north_m,aoa_rad,mass_kg,motor_mass_kg,cg_m,cp_m,stability_cal,mach,thrust_N,drag_N,cd,wind_m_s,temperature_K,pressure_Pa,density_kg_m3,sound_speed_m_s,pitch_rate_rad_s,yaw_rate_rad_s,air_speed_m_s,q_Pa
0.0,0.0,0.0,0.0,0.0,0.0,0.0,1.5707963267948966,5.78709179643776,1.264,0.9403246373777481,nan,nan,0.01762689676425995,0.0,0.0,0.5706363797492257,6.0,288.15,101325.0,1.2249994633486807,340.3889,0.0,0.0,6.0000000000000036,22.049990340276278
0.004,0.0,0.005541411903173411,0.005543386799117959,8.315079844017987,0.0,0.0,1.569872735631653,5.7868773295424765,1.2637855331047163,0.9403079349421687,nan,nan,0.01762646961117189,104.84847822794296,1.9563349007291715e-10,0.5706380765945934,6.0,288.15,101325.0,1.2249994633486807,340.3889,0.0,0.0,5.999854601830227,22.048921677145213
0.0078125,0.00012337254136695258,0.07015242784095668,0.0701594685585834,25.583351062897616,-2.176773931723755e-06,-3.222334293717636e-13,1.559102851324999,5.786672915782909,1.2635811193451492,0.9402920142808896,nan,nan,0.017625181803192228,204.7821840389511,3.944683166665696e-07,0.5706431934289312,6.0,288.14999919807843,101324.99855304684,1.2249994492644736,340.38889951403553,0.0,0.0,5.999416237723407,22.045699644683232
0.0118125,0.0006373809760252835,0.1940370375611552,0.1940461605188632,36.36093871309977,-7.927697577813031e-06,-2.2840821181967e-12,1.5384579531708455,5.786116461135687,1.2630246646979268,0.9402486693957879,nan,nan,0.017630587031637796,267.12452244475503,8.245909520665518e-06,0.5706217264674769,6.0,288.1499958570236,101324.9925245893,1.224999390585278,340.3888974893563,0.0,0.0,6.001256081789332,22.059222193459917
0.015625,0.0016662875299020413,0.35224586174933803,0.3522564302924158,46.63537478277982,-1.6715520749764882e-05,-7.022124943505261e-12,1.5121293718575026,5.785586090300053,1.262494293862293,0.9402073485414881,nan,nan,0.017649244792111416,326.5445637377869,4.855239897090694e-05,0.5705476887161424,6.0,288.14998916913106,101324.98045723968,1.224999273125316,340.3888934364934,0.0,0.0,6.0076069047765985,22.105933075479733
0.019625,0.003496703104155746,0.575051201557817,0.5750625965568636,64.7691442523222,-2.9411721133213785e-05,-1.6411708423915067e-11,1.4751889750377079,5.784687647900892,1.2615958514631318,0.9401373341766766,nan,nan,0.017697082970582895,431.39304196572994,0.00020645116292662097,0.5703583213705701,6.0,288.1499772714298,101324.95898953246,1.2249990641650794,340.3888862264865,0.0,0.0,6.023890361814432,22.225926763895757
0.0234375,0.0062016780125126875,0.8549377978042723,0.8549495136127552,82.05814748293037,-4.484207067299697e-05,-3.089865775945091e-11,1.4291551969955265,5.783831319989192,1.2607395235514314,0.9400705814891018,nan,nan,0.01779192344392531,531.326747776738,0.0006585921661455062,0.5699848712993217,6.0,288.1499596890929,101324.92726470986,1.2249987553651198,340.3888755715903,0.0,0.0,6.056172815333553,22.464780041246527
0.0274375,0.010288393746257531,1.1910457733303312,1.1910579467535254,85.9966993368795,-6.455881296068849e-05,-5.3331627893546154e-11,1.3746645953236774,5.782672039474145,1.2595802430363845,0.9399801814655534,nan,nan,0.01795532262591314,553.996689015212,0.001716629649509801,0.5693475530000646,6.0,288.1499331254406,101324.87933438293,1.224998288825544,340.388859474017,0.0,0.0,6.111791790122586,22.879292357954167
0.03125,0.01546333774218411,1.5260651111125114,1.5260779823534536,89.75197551501456,-8.676607128144361e-05,-8.29597420215569e-11,1.3214834202112469,5.781567100233241,1.2584753037954808,0.9398939851995092,nan,nan,0.01817027151256694,575.6039767581328,0.0034779502419139702,0.568520681440372,6.0,288.14989948830464,101324.81864096217,1.2249976980536776,340.3888390899126,0.0,0.0,6.184957626111171,23.430347733551343
0.035250000000000004,0.02229874005118032,1.8949184921131377,1.8949322347494297,94.67534340062333,-0.00011372633342206643,-1.24165567834406e-10,1.2645441311409955,5.78030348447184,1.25721168803408,0.939795370192201,nan,nan,0.01846486654120857,603.9414033062255,0.006383233309775088,0.5674080656053238,6.0,288.14985505818964,101324.73847314804,1.2249969177235953,340.38881216526295,0.0,0.0,6.2852339887520925,24.196240973305954
0.0390625,0.030222549148196262,2.2648168847732735,2.2648283829231426,99.37000104702066,-0.0001412404726752199,-1.6886092969081737e-10,1.209464574092062,5.779099100699255,1.2560073042614948,0.9397013376233203,nan,nan,0.018821034684966917,630.9505129848765,0.010437144008677443,0.566093628017992,6.0,288.1498035534305,101324.64554014627,1.2249960131406048,340.3887809533789,0.0,0.0,6.40646905269715,25.138661189411835
0.043062500000000004,0.040092101132638,2.6737906227194377,2.6738003621591755,105.11727398392807,-0.00017010776631787273,-2.1575442409754408e-10,1.1511333072839678,5.7777098962153906,1.2546180997776304,0.9395928264421434,nan,nan,0.019278576748698754,664.0108439576513,0.016360634257542837,0.5644522048288559,6.0,288.14973940134263,101324.52978684117,1.2249948864309224,340.38874207721364,0.0,0.0,6.562210488528589,26.37573637684321
0.046875,0.05106315028491974,3.084996004483775,3.085004445737639,110.59738503289856,-0.0001976219055710262,-2.6044978595395544e-10,1.0953906518640386,5.776385810691707,1.2532940142539473,0.9394893531418165,nan,nan,0.01980155722151329,695.5214719160772,0.023921589510629306,0.5626375114653003,6.0,288.1496680895231,101324.40111482021,1.2249936339735525,340.388698862251,0.0,0.0,6.740226298077319,27.826128855080555
0.050875000000000004,0.06428406395415917,3.5244983017999765,3.5245056904381724,109.15359257042958,-0.00022648919921367902,-3.0734328036068216e-10,1.039155109922313,5.774946370718858,1.2518545742810976,0.939376811408693,nan,nan,0.020424818890115264,687.0202439516494,0.033831632049463684,0.5605552469231048,6.0,288.1495821535843,101324.24605565883,1.224992124670334,340.38864678507207,0.0,0.0,6.952376462836512,29.605326990464356
0.0546875,0.07851116057386286,3.938021636223995,3.9380282489982785,107.776527669734,-0.00025400333846683246,-3.5203864221709354e-10,0.9894269840029873,5.7735744044947355,1.2504826080569753,0.9392694928366321,nan,nan,0.02106673471011428,678.9175110480542,0.044894460349273614,0.5584959748610179,6.0,288.14948967745624,101324.07919565766,1.2249905004999813,340.3885907445385,0.0,0.0,7.170876139564853,31.495402833898567
0.058687500000000004,0.09512160273512332,4.366235129579145,4.366241093814124,106.33005548125153,-0.00028287063210948526,-3.9893213662382025e-10,0.9411441101161786,5.772169742937337,1.2490779464995772,0.939159563900725,nan,nan,0.02178298648023028,670.4162830836264,0.05811372629719365,0.5562931359658237,6.0,288.1493817095822,101323.88438300735,1.2249886042447446,340.38852531600685,0.0,0.0,7.414678644984099,33.67338063279875
0.0625,0.11253729462770272,4.768988931003485,4.768994391543558,104.95048143424276,-0.0003103847713626387,-4.4362749848023163e-10,0.8986285514394431,5.770830924890442,1.247739128452682,0.9390547380726875,nan,nan,0.02250007729505373,662.3135501800311,0.07215501802441096,0.5541807434674697,6.0,288.1492685075849,101323.68012612715,1.2249866160603256,340.3884567155965,0.0,0.0,7.6587665864449725,35.92683966680336
0.0665,0.13245510364144747,5.19047795242205,5.190482969543349,105.7940463251061,-0.0003392520650052916,-4.905209928869583e-10,0.8570170766340309,5.7694339918698105,1.2463421954320508,0.938945310135598,nan,nan,0.023291287931613353,667.0364546047133,0.08847523575874662,0.5519499374933973,6.0,288.1491390418263,101323.44652360624,1.2249843422310036,340.3883782593467,0.0,0.0,7.928083726613363,38.49789625970605
0.0703125,0.15301461527326943,5.595350575541805,5.595355229630747,106.59816538824762,-0.00036676620425844504,-5.352163547433696e-10,0.8196812406043299,5.768102540084522,1.2450107436467617,0.9388409622985604,nan,nan,0.024086802440106997,671.5379728844883,0.10566882171424875,0.5498047753870373,6.0,288.1490054050007,101323.205394989,1.2249819951423726,340.38829727543043,0.0,0.0,8.198865669397703,41.17250128135467
0.0743125,0.17624712231444586,6.02048270663399,6.020487032077976,105.96780784198342,-0.0003956334979010979,-5.821098491500963e-10,0.7830924222920533,5.766703674929699,1.2436118784919388,0.9387312792702771,nan,nan,0.024955871581777513,667.7596493447427,0.12526488075207237,0.5475646983971794,6.0,288.14885439370494,101322.93291661509,1.224979342900044,340.3882057625852,0.0,0.0,8.494684350962736,44.19704780659819
0.078125,0.19996888554231895,6.423338865960136,6.423342920122994,105.36648920710147,-0.00042314763715425136,-6.268052110065077e-10,0.7507349061754528,5.765370381579008,1.2422785851412481,0.9386266880925792,nan,nan,0.025808190406957383,664.1584347209225,0.14523603744602165,0.5454646950091364,6.0,288.14870020224396,101322.654700086,1.2249766348009534,340.38811232255983,0.0,0.0,8.784801215085421,47.26739700987024
0.082125,0.22650217753620044,6.842558162330939,6.842561968109744,104.2430363156328,-0.0004520149307969042,-6.736987054132344e-10,0.7192887678226326,5.763992769900295,1.2409009734625345,0.938518569504909,nan,nan,0.026721934643513117,657.5463685263676,0.16740789618982269,0.543311710825231,6.0,288.148527735846,101322.34350903615,1.224973605731627,340.3880078079227,0.0,0.0,9.095826098078943,50.67351524658617
0.0859375,0.2533444296753399,7.237942458552929,7.237946056435027,103.17156756303959,-0.0004795290700500577,-7.183940672696457e-10,0.6915633550404964,5.76267973376902,1.2395879373312602,0.9384154708608028,nan,nan,0.027606372085676158,651.2442429346823,0.18956481170193565,0.5413174529138827,6.0,288.1483532612071,101322.02869440155,1.2249705413873861,340.38790207629154,0.0,0.0,9.396875078180804,54.083221890073965
0.0899375,0.28312556750464524,7.653625392981435,7.653628795455811,104.6699729761253,-0.0005083963636927105,-7.652875616763724e-10,0.6642883436771974,5.761298257821923,1.2382064613841628,0.9383069476403315,nan,nan,0.028557635658253082,659.7454708991102,0.21410887362924547,0.5392635748551713,6.0,288.1481596838112,101321.67941156287,1.2249671415320285,340.38778476838957,0.0,0.0,9.720670339935538,57.87444959099913
0.09375,0.313069172043662,8.055402762376785,8.055405995146842,106.09854977196767,-0.000535910502945864,-8.099829235327838e-10,0.6396151575574578,5.759981538559845,1.2368897421220857,0.9382034629923584,nan,nan,0.0294959803190033,667.8482038027054,0.23899931652962403,0.5373232710398235,6.0,288.1479650503817,101321.32822326195,1.2249637231246433,340.3876668205313,0.0,0.0,10.040067921369845,61.73998695947551
0.09775,0.34613832159792685,8.478859472485787,8.478862543802801,105.62973646992458,-0.0005647777965885169,-8.568764179395105e-10,0.6152692832587155,5.758588469807599,1.235496673369838,0.9380939263046545,nan,nan,0.030503158501093544,665.0144611478961,0.2664234052341875,0.5353283158802121,6.0,288.1477501009096,101320.94037755587,1.2249599478949247,340.38753656115125,0.0,0.0,10.38289497952157,66.02810234666758
0.1015625,0.37923056252406906,8.880720450356256,8.880723382693324,105.18251890372487,-0.0005922919358416703,-9.015717797959218e-10,0.5936179053557668,5.757260701153112,1.2341689047153517,0.9379894748095262,nan,nan,0.031474645597455546,662.3135501800311,0.2935333571962195,0.533483867211088,6.0,288.14753500134356,101320.55226102672,1.2249561700234182,340.3874062108142,0.0,0.0,10.713572976322517,70.30063020886888
0.1055625,0.4155927765270804,9.299854475233062,9.299857275413023,104.38440514250746,-0.0006211592294843232,-9.484652742026484e-10,0.5724251398617041,5.755883089474398,1.2327912930366378,0.9378810513790322,nan,nan,0.032502646696451365,657.590645755349,0.32288887682787193,0.531611325058795,6.0,288.14729864695255,101320.12579319326,1.2249520188392256,340.38726298005326,0.0,0.0,11.06348694861275,74.96751890567587
0.109375,0.4518052498132098,9.69636914860846,9.696371834280392,103.62321370084331,-0.0006486733687374766,-9.931606360590598e-10,0.5535816331106733,5.754570053343124,1.2314782569053637,0.9377776619779495,nan,nan,0.033487802968002675,653.0891274755738,0.3516371003103848,0.5298879556410553,6.0,288.14706326587617,101319.70108156749,1.2249478847429693,340.387120339121,0.0,0.0,11.3988168187623,79.58059198497133
0.113375,0.49142152122905175,10.112218856827772,10.112221432055536,104.30166009519755,-0.0006775406623801295,-1.0400541304657864e-09,0.5349812155079184,5.7531943737986015,1.2301025773608416,0.9376692893663137,nan,nan,0.03453302474518461,656.8674510153194,0.382769882900374,0.52813038853546,6.0,288.146805760112,101319.23644909383,1.224943362053834,340.3869642906279,0.0,0.0,11.754591460786523,84.62546965670575
0.1171875,0.5307339423832323,10.511101432077291,10.511103909578548,104.94821388034423,-0.000705054801633283,-1.0847494923221977e-09,0.5181730277437466,5.751883179232729,1.228791382794969,0.9375659484698099,nan,nan,0.03554617926006334,660.4686656391395,0.4147009636269903,0.527963818660794,6.0,288.1465502293745,101318.77538027454,1.224938874044987,340.38680943900096,0.0,0.0,12.09945054607975,89.66350658502398
0.1211875,0.5736188675458608,10.931594572073088,10.93159695427516,105.2983482665876,-0.0007339220952759358,-1.1316429867289243e-09,0.50146604325412,5.750495906883057,1.2274041104452964,0.9374565602479463,nan,nan,0.03662447929920648,662.3578274090124,0.44961275868132894,0.5279744007182096,6.0,288.1462714773609,101318.27241197013,1.224933978180658,340.38664051528076,0.0,0.0,12.466483469278337,95.18546084855646
0.125,0.6160616441939972,11.333680612514389,11.333682910202874,105.6320269429891,-0.0007614362345290893,-1.1763383485853356e-09,0.4863890630654501,5.749173662924775,1.2260818664870148,0.9373522504621944,nan,nan,0.037664602754058786,664.1584347209225,0.48404045264674467,0.527984907764621,6.0,288.1459955993127,101317.77462932684,1.2249291327839276,340.3864733331835,0.0,0.0,12.820521300949382,100.66820786506713
0.129,0.6622392888065343,11.754608093303597,11.754610308712858,104.83162641106581,-0.0007903035281717421,-1.2232318429920623e-09,0.47147601205259115,5.747792186977678,1.2247003905399176,0.9372432166916518,nan,nan,0.03876213535125611,659.4355302962404,0.5211478980169202,0.5279963137944255,6.0,288.14569544462273,101317.23304294131,1.2249238609927489,340.3862914394414,0.0,0.0,13.194099500487736,106.61998294619283
0.1328125,0.7078137552088587,12.152823653048188,12.152825795864418,104.06826151539144,-0.0008178176674248956,-1.2679272048484736e-09,0.4581273362264519,5.746475467715601,1.2233836712778403,0.9371392450832743,nan,nan,0.039807959307375504,654.9340120164652,0.5572338998397254,0.5280074872787277,6.0,288.1453992105911,101316.69853082538,1.2249186580516018,340.3861119216182,0.0,0.0,13.55007649217154,112.45033355116709
0.1368125,0.7572602814578189,12.571110898046545,12.571112969563385,105.07540158838069,-0.0008466849610675485,-1.3148206992552002e-09,0.4448431949208373,5.745092059634311,1.2220002631965512,0.9370299562103347,nan,nan,0.04091373639513405,660.6014973260837,0.5961424928455606,0.5280196248465108,6.0,288.1450778081705,101316.11860593634,1.2249130130504033,340.38591715175136,0.0,0.0,13.926459686962692,118.78366074259982
0.140625,0.805953611315823,12.973541093585657,12.9735431008455,106.03555739682665,-0.0008741991003207019,-1.3595160611116115e-09,0.43272512987653716,5.743773498806833,1.2206817023690726,0.9369257412518732,nan,nan,0.0419840576070755,666.003319261814,0.6345261768176077,0.5280316899762084,6.0,288.14476130152644,101315.54751477874,1.224907454024628,340.38572534872503,0.0,0.0,14.29077390166705,125.07910880169449
0.144625,0.8586983095144936,13.39937037688761,13.39937232035715,106.8791142651085,-0.0009030663939633548,-1.4064095555183381e-09,0.42055937180850034,5.742368837249435,1.2192770408116744,0.9368146685093266,nan,nan,0.043122983850538026,670.7262236864962,0.6761353187162457,0.5280448706348595,6.0,288.1444184609881,101314.9289078599,1.22490143246462,340.3855175873588,0.0,0.0,14.6784391778767,131.95653471603487
0.1484375,0.9105621094414654,13.808379919352337,13.808381805255568,107.6832958598628,-0.0009305805332165082,-1.4511049173747495e-09,0.40946569157339086,5.741030019202539,1.2179382227647793,0.9367087517110517,nan,nan,0.044222631203134834,675.2277419662713,0.7170442376534852,0.528057931493665,6.0,288.1440813462886,101314.32063240156,1.2248955114577484,340.3853132958509,0.0,0.0,15.052734176845922,138.77135603870795
0.1524375,0.9666536411083887,14.236522201328645,14.236524030516142,106.38772686454416,-0.0009594478268591611,-1.497998411781476e-09,0.39843044213000306,5.739631154047716,1.2165393576099564,0.9365980316699347,nan,nan,0.045379261176988456,667.6710948867799,0.7608382727191396,0.5280720240582845,6.0,288.14371675133276,101313.66277273485,1.224889107778232,340.38509235130766,0.0,0.0,15.446424006563326,146.1243799374062
0.15625,1.021700570480469,14.639770446754254,14.639772225557314,105.15223016559307,-0.0009869619661123145,-1.5426937736378874e-09,0.3885402438317971,5.738297860697026,1.2152060642592657,0.9364924513850448,nan,nan,0.0464734512319087,660.4686656391395,0.8029786460109098,0.5280856907815894,6.0,288.14335894629187,101313.0171645025,1.224882823339791,340.38487552145284,0.0,0.0,15.818859912625552,153.2550905442101
0.16025,1.0811070708028907,15.06503002242399,15.065031751014544,107.47769229522407,-0.0010158292597549673,-1.589587268044614e-09,0.3786034725424684,5.736887402737052,1.2137956062992923,0.9363807072030856,nan,nan,0.04763206207701075,673.6927980282495,0.8483417135204068,0.5281005171089953,6.0,288.14297280403974,101312.32042580878,1.2248760411729667,340.3846415192481,0.0,0.0,16.213222374905875,160.99071267370934
0.1640625,1.1393289710818857,15.479015037455138,15.47901671981468,109.69489579764526,-0.0010433433990081208,-1.6342826299010254e-09,0.3693845817691065,5.735543059993953,1.2124512635561926,0.9362741498743806,nan,nan,0.048764263076421045,686.2970492116199,0.8933975069054906,0.5281153582150735,6.0,288.14259436168794,101311.63758048839,1.2248693942288416,340.3844121831829,0.0,0.0,16.59859502281367,168.73393918075683
0.1680625,1.202128798300135,15.922450686542906,15.922452322049226,112.02306829652031,-0.0010722106926507736,-1.681176124307752e-09,0.3599739980735441,5.73407850227661,1.2109867058388502,0.9361580070185039,nan,nan,0.049981391280159916,699.5211816007298,0.942623373834781,0.5281317014480622,6.0,288.142186162811,101310.9010437568,1.2248622246228997,340.38416481466345,0.0,0.0,17.012874127172136,177.2607665090894
0.171875,1.2636526550445928,16.3537699157301,16.353771508101094,114.24288249328032,-0.001099724831903927,-1.7258714861641633e-09,0.3512507828024547,5.7326825957022685,1.2095907992645083,0.9360472531231518,nan,nan,0.05116931176000257,712.1254327841002,0.9914477007266475,0.5281480410484084,6.0,288.1417862577422,101310.1794720206,1.224855200669722,340.3839224721918,0.0,0.0,17.417211047072126,185.78557179573843
0.175875,1.3299751462086233,16.80584257199096,16.805844121527603,111.79324126239983,-0.00112859212554658,-1.77276498057089e-09,0.3425328924173004,5.731219970119118,1.2081281736813576,0.9359311477336928,nan,nan,0.05241837842068235,697.9567195100539,1.0436056925270765,0.5281656356906042,6.0,288.1413551615496,101309.40162034432,1.2248476288522072,340.3836612278991,0.0,0.0,17.842359562461358,194.9649956263324
0.1796875,1.3948542288947758,17.227601747856557,17.227603259458075,109.45729015509868,-0.0011561062647997334,-1.8174603424273012e-09,0.3347665531183085,5.729825905110177,1.2067341086724173,0.9358204296116924,nan,nan,0.053587123356627304,684.4521646707285,1.0931626835770367,0.528182483225449,6.0,288.14093344751217,101308.64069743057,1.224840221801899,340.38340566919237,0.0,0.0,18.240167548143926,203.75444431310507
0.1836875,1.4646385904845003,17.6641530456638,17.664154519907648,108.81828835921851,-0.0011849735584423863,-1.864353836834028e-09,0.3270772005235833,5.72839999007667,1.2053081936389098,0.9357071261773151,nan,nan,0.05480011886524175,680.6738411309827,1.14535785084217,0.528200361562818,6.0,288.1404798491618,101307.8222438157,1.2248322547064066,340.3831307885921,0.0,0.0,18.653036026937976,213.0814664336045
0.1875,1.5327725432268788,18.07786114389311,18.077862584399195,108.20884741459304,-0.0012124876976955397,-1.9090491986904394e-09,0.32009826273152264,5.727040914810358,1.203949118372598,0.9355990813260656,nan,nan,0.05595250956671865,677.0726265071627,1.1956572531414251,0.5282177173826544,6.0,288.140036978469,101307.0231467308,1.224824476009514,340.38286240895224,0.0,0.0,19.045275365283977,222.13570641391397
0.1915,1.6059523515611112,18.512716311856316,18.512717718525582,109.21878058790328,-0.0012413549913381926,-1.955942693097166e-09,0.3130662499304828,5.725611135508467,1.2025193390707072,0.9354853602241304,nan,nan,0.05716662493561912,682.7401118167813,1.2493946925299255,0.5282363936029881,6.0,288.13956130971485,101306.1648702158,1.2248161212122444,340.3825741536872,0.0,0.0,19.4585229512644,231.8785843189156
0.1953125,1.6773281708722476,18.93094824342929,18.930949619021725,110.18161658683876,-0.001268869130591346,-2.0006380549535773e-09,0.306579476867986,5.724248377111353,1.2011565806735924,0.9353769169212778,nan,nan,0.05833688871793256,688.1419337525115,1.3019077645978827,0.5282547747910129,6.0,288.1390973668893,101305.32775146887,1.224807972346342,340.3822930043349,0.0,0.0,19.856843948548597,241.46737140317677
0.1993125,1.7539308301284076,19.369734630011042,19.369735974441912,109.21148486620909,-0.001297736424233999,-2.047531549360304e-09,0.30004815931672046,5.722818597809462,1.1997268013717015,0.9352630848221966,nan,nan,0.059567201976887856,682.4744484428929,1.357867744683205,0.5282745008760227,6.0,288.13859944960416,101304.42933064865,1.2247992267110852,340.3819912664601,0.0,0.0,20.275602823064506,251.7575238196328
0.203125,1.8285694054591384,19.78433997512216,19.784341291378816,108.28632295250848,-0.0013252505634871524,-2.0922269112167153e-09,0.2941201520092734,5.7214558394123465,1.1983640429745868,0.9351545356477442,nan,nan,0.06073196039251142,677.0726265071627,1.4115124970918913,0.52829355533047,6.0,288.1381142988645,101303.55394524142,1.2247907052839004,340.3816972651119,0.0,0.0,20.672047756640588,261.6970852244598
0.207125,1.9085735481147879,20.217854395168334,20.217855683201613,108.47088689727497,-0.0013541178571298052,-2.139120405623442e-09,0.2881603780929569,5.720035720781414,1.1969439243436546,0.9350413624669545,nan,nan,0.06195203857551874,678.0172073920992,1.4680878157809447,0.5283139105320389,6.0,288.13759427193725,101302.61563072124,1.2247815712422683,340.381382128794,0.0,0.0,21.08732051603143,272.3149255959528
0.2109375,1.9864428647856507,20.63173497707019,20.631736239265024,108.64679440321795,-0.0013816319963829587,-2.1838157674798532e-09,0.2826856824163794,5.7186821702113075,1.1955903737735474,0.9349334419608991,nan,nan,0.06311883831994725,678.9175110480542,1.5225277330887939,0.5283337556708869,6.0,288.1370881213789,101301.70235413226,1.2247726809012205,340.3810754015556,0.0,0.0,21.484458065440563,282.6664740538543
0.2149375,2.0698403526333737,21.067352363017083,21.06735359911305,109.1619189975339,-0.0014104992900256116,-2.23070926188658e-09,0.2771380770840033,5.717254323043608,1.1941625266058482,0.9348195422974621,nan,nan,0.06434888853185894,681.7512537028634,1.5803063035580394,0.5283550776024734,6.0,288.1365460377079,101300.72424135964,1.224763159374148,340.380746898851,0.0,0.0,21.90312274058505,293.78809453134613
0.21875,2.1509541659016373,21.48446828211892,21.484469494216377,109.65300707491618,-0.001438013429278765,-2.275404623742991e-09,0.2720214181763717,5.715893406211896,1.192801609774135,0.9347109287144111,nan,nan,0.06552848723225607,684.4521646707285,1.636117300110919,0.5283759116255825,6.0,288.1360187979216,101299.77291226278,1.2247538985408164,340.3804273915405,0.0,0.0,22.304614490436425,304.65497716022827
0.22275,2.2377662295993965,21.920805102334377,21.920806290304856,108.51531070631363,-0.0014668807229214179,-2.3222981181497178e-09,0.2668626057559472,5.714473287580963,1.1913814911432028,0.9345975351296285,nan,nan,0.06676421584559325,677.8400984761736,1.6950343744642165,0.5283981429978998,6.0,288.13545451950756,101298.75475223768,1.2247439870958208,340.3800854388216,0.0,0.0,22.72520949377896,316.2504202225441
0.2265625,2.3221253146949845,22.33245182342056,22.33245298949357,107.43042614619856,-0.0014943948621745713,-2.366993480006129e-09,0.26216786747683724,5.713119737010856,1.1900279405730956,0.9344894043980911,nan,nan,0.06793159627079011,671.5379728844883,1.751139796049685,0.5284195263472296,6.0,288.13490618545444,101297.7653615408,1.2247343556733565,340.37975314838536,0.0,0.0,23.12253996962731,327.403247355337
0.2305625,2.4123115275391265,22.759895042801602,22.75989618697513,106.29109265427265,-0.0015232621558172242,-2.4138869744128557e-09,0.2574608362454972,5.711726668258608,1.188634871820848,0.9343780631727945,nan,nan,0.06914530813342333,664.9259066899333,1.8099553454987054,0.5284421514773627,6.0,288.134319975071,101296.7076284007,1.2247240589171078,340.37939790489304,0.0,0.0,23.535638350402937,339.20341643584
0.234375,2.4998534745893064,23.163058971322897,23.16306009558155,105.20465609794266,-0.0015507762950703777,-2.458582336269267e-09,0.2531702136817551,5.7103988996041215,1.1873071031663616,0.9342718905033665,nan,nan,0.07029144085229637,658.6237810982482,1.86596774260172,0.528463884760878,6.0,288.13375095241514,101295.68090806704,1.2247140640223684,340.3790530771636,0.0,0.0,23.92573407673409,350.5381193523369
0.238375,2.5933478355706265,23.584243475526094,23.584244579706922,105.38759066916768,-0.0015796435887130305,-2.5054758306759937e-09,0.24883482030714746,5.709017423657024,1.1859256272192642,0.9341613708025477,nan,nan,0.07149014421182112,659.5683619831846,1.9250583347387153,0.5284869972512649,6.0,288.1331432390688,101294.58437589319,1.2247033894812533,340.3786848028757,0.0,0.0,24.333721263187588,362.59180319831
0.2421875,2.6840290987000683,23.986365985174814,23.98636707084446,105.56191726361783,-0.001607157727966184,-2.550171192532405e-09,0.2448292267854044,5.707700704394947,1.184608907957187,0.9340559819158699,nan,nan,0.07263581359424112,660.4686656391395,1.9820374285737064,0.5285094525453293,6.0,288.13255381085844,101293.52083664286,1.2246930360772263,340.3783276093802,0.0,0.0,24.72365675575448,374.3024448065731
0.2461875,2.7808182214677974,24.407986232583063,24.407987299499,105.24816840278407,-0.0016360250216088368,-2.5970646869391316e-09,0.24076296146701365,5.706321160582042,1.1832293641442815,0.9339455124425871,nan,nan,0.07383824892919671,658.5795038692668,2.042384481457855,0.5285334045444869,6.0,288.13192468156046,101292.3856624347,1.2246819852702915,340.3779463570256,0.0,0.0,25.132911533118826,386.79329669798443
0.25,2.8746378434354565,24.808674482817278,24.80867553250131,104.94891170159937,-0.0016635391608619903,-2.641760048795543e-09,0.23701948666555722,5.705006282885366,1.1819144864476059,0.9338401714978002,nan,nan,0.07498208763968214,656.7788965573568,2.1003225873150058,0.5285565544110181,6.0,288.13131485401766,101291.28531549455,1.2246712734572536,340.3775768015347,0.0,0.0,25.522221294315315,398.8655015560846
0.254,2.9747117361980346,25.228172754605875,25.228173786835587,104.80019621184698,-0.0016924064545046432,-2.6886535432022695e-09,0.2332207795433079,5.703632535475036,1.1805407390372755,0.9337300623477793,nan,nan,0.07618071863564714,655.8343156724203,2.1616064886002317,0.5285811951658735,6.0,288.1306643737147,101290.11161643906,1.2246598475156898,340.3771826104711,0.0,0.0,25.930178378442584,411.71481245805415
0.2578125,3.071655444767792,25.627453048548844,25.627454064696234,104.65829298498281,-0.0017199205937577966,-2.733348905058681e-09,0.22971458858481042,5.702323182474565,1.1792313860368044,0.9336250651833375,nan,nan,0.07732257517158288,654.9340120164652,2.2205428093477577,0.5286050323509787,6.0,288.13003423960896,101288.97462919849,1.224648778913863,340.376800749203,0.0,0.0,26.318810762593138,424.1447355979348
0.2618125,3.1750038932435194,26.047113686555473,26.047114686331106,105.1720391630802,-0.0017487878874004495,-2.7802423994654075e-09,0.22613938148377427,5.7009455707958505,1.1778537743580906,0.9335145422807894,nan,nan,0.07852371324220106,657.7677546712744,2.2831358865361087,0.528630489943485,6.0,288.1293624746939,101287.76252509208,1.2246369789939793,340.3763936596645,0.0,0.0,26.727618330146036,437.41925387514965
0.265625,3.2750740465377244,26.449015620158846,26.449016604742543,105.66177349884703,-0.001776302026653603,-2.824937761321819e-09,0.22281654840499288,5.699632534664577,1.1765407382268165,0.9334091504100214,nan,nan,0.07967493978554989,660.4686656391395,2.3437134241910464,0.5286552581042786,6.0,288.12871201869746,101286.58886989429,1.22462555332453,340.3759994833307,0.0,0.0,27.119437263280734,450.3339289527498
0.269625,3.381714121655569,26.870701500511817,26.8707024696443,105.18111645186326,-0.0018051693202962558,-2.8718312557285454e-09,0.21943186493678538,5.698254922985862,1.1751631265481026,0.9332985231202657,nan,nan,0.08088375893280939,657.6349229843304,2.4079490370379366,0.5286816534675141,6.0,288.1280188582092,101285.33816052355,1.2246133774669927,340.3755794280748,0.0,0.0,27.530856313075713,464.0966603180126
0.2734375,3.4849219727666396,27.270830752452003,27.27083170736496,104.72270778098756,-0.0018326834595494093,-2.9165266175849568e-09,0.2163124676605056,5.696941886854589,1.1738500904168285,0.9331930316849628,nan,nan,0.0820316199498024,654.9340120164652,2.469549923021051,0.5287070857993889,6.0,288.127348007177,101284.1277053886,1.2246015934351502,340.37517289234927,0.0,0.0,27.92152682305348,477.3568406282134
0.2774375,3.5948422359779326,27.689090447886173,27.68909138837462,104.4071001585628,-0.0018615507531920621,-2.9634201119916834e-09,0.2131437263209262,5.695573935846833,1.1724821394090734,0.9330830765670559,nan,nan,0.0832323263473189,653.0448502465924,2.534626546665253,0.5287340726423846,6.0,288.1266335254661,101282.83852490857,1.2245890429353987,340.3747399164325,0.0,0.0,28.3301814331083,491.42708086857215
0.28125,3.701164950927752,28.086568732961663,28.086569660140412,104.10606237928869,-0.0018890648924452156,-3.0081154738480947e-09,0.21021602258643418,5.694270107542567,1.1711783111048069,0.9329782264221737,nan,nan,0.08437413276795655,651.2442429346823,2.5971260432933616,0.5287600995603812,6.0,288.1259424278189,101281.59153764078,1.2245769031380742,340.37432111125827,0.0,0.0,28.71878816024438,504.9964074090586
0.28525,3.814345886217036,28.504351897172747,28.504352810762004,104.78554096440409,-0.0019179321860878684,-3.0550089682548213e-09,0.20722299473819314,5.692898292266428,1.1698064958286682,0.9328678571105258,nan,nan,0.08557503018560673,655.022566474428,2.66351565361598,0.5287878561982858,6.0,288.12520675173954,101280.26411494159,1.224563980213561,340.37387529155416,0.0,0.0,29.12750465246669,519.4670983522062
0.2890625,3.923781834036865,28.905081496435717,28.9050823973593,105.43328396506807,-0.001945446325341022,-3.0997043301112326e-09,0.20443003798664605,5.691590780831358,1.1684989843935987,0.9327626118392709,nan,nan,0.08672761255186986,658.6237810982482,2.727874098230147,0.528814865184291,6.0,288.12449541807877,101278.98061466946,1.2245514848264922,340.3734442233557,0.0,0.0,29.519776193548683,533.547604826483
0.2930625,4.040243897968849,29.325518326688506,29.325519214695646,104.8081225097492,-0.0019743136189836748,-3.1465978245179593e-09,0.2015784471858455,5.69021896555522,1.16712716911746,0.9326521385775243,1.0841355584933676,1.5148341991584335,0.08793758957748878,654.8454575585025,2.796119121492105,0.5288436080708471,6.0,288.1237384146632,101277.61470982991,1.2245381871303258,340.3729854792859,0.0,0.0,29.93157990034199,548.5315596861449
0.296875,4.152807473477628,29.723833562023454,29.723837669994452,104.19065417335828,-0.0020178416912464735,-3.198565767808598e-09,0.19866189071681323,5.68891145412015,1.1658196576823905,0.9325467941588456,1.0849971544176298,1.5245036025878422,0.08907967002934881,651.2442429346823,2.8602486526521846,0.5288711035754399,6.0,288.1230067514224,101276.29452772636,1.2245253344990927,340.372542091362,0.007656191508834559,8.264234674576464e-08,30.32027373654917,562.8647026621189
0.30259375,4.324492819895837,30.318923931471552,30.31893716950978,103.9757526277079,-0.0021434967995535227,-3.323113238727593e-09,0.19438080518252637,5.686963998708057,1.1638722022702974,0.932389800519162,1.0862766808983688,1.5388688037920684,0.09078724302202362,649.8937874507498,2.957026027536452,0.5289128753611774,6.0,288.12189079667064,101274.28094632796,1.2245057311541758,340.3718658227824,0.019339148955133292,5.147896192790149e-07,30.901423300312562,584.6390135590987
0.3046875,4.3882008607891505,30.536490597442075,30.5365084312206,103.89698582440754,-0.0022077055037834693,-3.3911216402232267e-09,0.19283720958362952,5.686250995906908,1.1631591994691486,0.9323322950806753,1.086742405368014,1.5441011028733864,0.09141191532721146,649.3993583937909,2.9926960276924945,0.5289283547448234,6.0,288.12147669440486,101273.53375777198,1.224498456815638,340.37161487680936,0.02367518325641127,2.8841231251384645e-07,31.114021238905128,592.707652019551
0.307828125,4.484617681376578,30.863555259035348,30.863581202521303,104.43091707475057,-0.0023223676818695106,-3.5236874302207917e-09,0.19053810018252723,5.685176940623476,1.1620851441857158,0.9322456426374964,1.0874404262625668,1.5519478362507033,0.09235136071350664,652.3659327355444,3.0466102238703656,0.5289518341479208,6.0,288.120849985071,101272.40295004449,1.2244874476695795,340.37123509095306,0.030237245080162626,3.062050675837216e-07,31.433746708386373,604.9460432137173
0.3125,4.629950659195357,31.353187739529876,31.353228343255232,105.22532041488653,-0.002533717441703142,-3.804153653653332e-09,0.1871434563403292,5.683579216594887,1.160487420157127,0.932116681144739,1.0884806609764681,1.5636397983172912,0.09375862200485294,656.7788965573568,3.1279821091599747,0.528987454962384,6.0,288.1199053207152,101270.69843776771,1.2244708530474337,340.3706626243534,0.0401277273973542,1.045855876856761e-07,31.912684298538075,623.5124474560865
0.3203125,4.878101644390505,32.17265890163064,32.17273047932922,104.60646921080927,-0.0029959971604172,-4.554190813365934e-09,0.18157167016261988,5.680899889883679,1.1578080934459187,0.9319002544592896,1.0902132306349186,1.58312976175629,0.09611603444938782,653.0891274755738,3.2658897409999756,0.5290483337964635,6.0,288.11829233931144,101267.7880425697,1.2244425180580067,340.3696851576227,0.05700079439648233,-4.6812668614702453e-07,32.71498438413735,655.242171337606
0.328125,5.132642469017854,32.9898317744191,32.98994149597192,104.63615545594965,-0.003593626747645269,-5.7321944900468314e-09,0.17613277180703094,5.678228110571657,1.155136314133897,0.9316842340426377,1.09193523644962,1.6025100240698231,0.09846938573270171,653.0891274755738,3.405501814918137,0.5291106163372657,6.0,288.11663782395135,101264.80270526341,1.2244134531185142,340.36868252131455,0.07427895300606832,-1.0175436736785868e-06,33.51589509052281,687.7011360071464
0.3359375,5.393574996493483,33.809781349703286,33.8099351160401,105.3154414404036,-0.004324573492043764,-7.384109135179677e-09,0.17078314575313838,5.6755487838604495,1.1524569874226889,0.9314673991518675,1.0936592759582289,1.6219187680636138,0.10083324237903397,656.7788965573568,3.5476764245408337,0.5291746943999552,6.0,288.1149417625228,101261.74240399411,1.2243836579910319,340.3676547080888,0.09194351641206351,-1.32924118785951e-06,34.320374225164066,721.093462305198
0.34375,5.66091099869376,34.62615770656439,34.62636007499033,103.7188905903034,-0.005185663949384988,-9.552152427233556e-09,0.16553970807471344,5.672880778248021,1.1497889818102605,0.9312512769370561,1.0953788592751454,1.6412758233808933,0.10318912809746304,647.5544738528995,3.69121889655755,0.5292400696749627,6.0,288.1132040785085,101258.6070006974,1.2243531313055545,340.3666016715762,0.10997304298070835,-2.2166354074658545e-06,35.12213285998645,755.1591056514912
0.3515625,5.934586158395627,35.43387420599639,35.434128306569306,103.09600091496722,-0.006172733732605528,-1.222295008042927e-08,0.16040899984714913,5.6702391885327454,1.1471473920949848,0.931037094173671,1.0970905741586836,1.6605347998501263,0.10552218143071875,643.8647047711166,3.8350847559381855,0.5293063001761713,6.0,288.1114251899704,101255.39724970654,1.2243218803800344,340.36552366512205,0.12833755807553673,-2.1108194267545146e-06,35.916112540952604,789.6674972699126
0.359375,6.2145658785887985,36.24181961395244,36.24212680530258,103.77381422132164,-0.007280385110716779,-1.5372110206566685e-08,0.15533539396762566,5.667597598817469,1.1445058023797092,0.9308227117549736,1.0988121548552832,1.679894431003096,0.10785806858844924,647.5544738528995,3.9808543481268814,0.5293740954549974,6.0,288.10960532178916,101252.11355678648,1.2242899091383501,340.36442082500423,0.1470088577088714,-1.3649552372203376e-06,36.711049046411105,824.9884421533861
0.3671875,6.500871805664502,37.05253572683973,37.05289555038313,103.8007306707821,-0.008501806353858067,-1.8984932892289804e-08,0.15029794169465646,5.664948461703007,1.141856665265247,0.9306075160225209,1.100550511479357,1.699429954568361,0.11020410684302458,647.5544738528995,4.128988389770764,0.5294436803431947,6.0,288.10774433326316,101248.75566806132,1.2242572150813322,340.36329306595746,0.16596056519976862,-1.0499968732081927e-06,37.50943271448446,861.2389613975821
0.375,6.79350902683186,37.86220630960896,37.86261663164446,103.50147612665714,-0.009828994616290132,-2.3079977648754576e-08,0.14530296174746793,5.662303098288138,1.1392113018503782,0.9303924259059281,1.1023033563213642,1.7191093041543615,0.11254915983338108,645.709589312008,4.278715308658208,0.5295147333603181,6.0,288.10584219132556,101245.32352386662,1.2242237976000419,340.3621403679433,0.18516035561600902,-7.396186384474905e-08,38.30747293750334,898.2512467997286
0.3828125,7.092479310251076,38.675921101262716,38.676377758471006,104.83106383585603,-0.011252655304270337,-2.771245132785237e-08,0.14032265978432554,5.65964641377449,1.1365546173367296,0.9301762129273246,1.104080561643037,1.7390434871571236,0.11490797380078599,653.0891274755738,4.43103024358404,0.5295877136300932,6.0,288.1038988844833,101241.81710346483,1.2241896564639119,340.36096272399686,0.2045719258620727,3.4978651948196337e-07,39.11018858749933,936.2644429393561
0.390625,7.397834143229189,39.49495367091345,39.495450619687446,104.85743967319253,-0.012761751832876861,-3.295887148273847e-08,0.13534675168443672,5.656974634462468,1.133882838024708,0.9299585666516479,1.1058862449039764,1.7592767825232847,0.11728422712540156,653.0891274755738,4.5862157258310505,0.5296627650972895,6.0,288.101914078069,101238.23580299612,1.2241547857639117,340.3597599313098,0.22416380725647375,-9.8380626638938e-07,39.91883138813088,975.3533434003388
0.3984375,7.70957526804183,40.30911170551621,40.309641870264095,103.57850181599895,-0.01434429694823746,-3.8855124037697214e-08,0.13040348453582398,5.654317949948819,1.1312261535110593,0.9297419460712403,1.107710376516886,1.779684304456458,0.11964821280522751,645.709589312008,4.742158214259429,0.5297389545655694,6.0,288.0998877607577,101234.57960202651,1.2241191852709263,340.3585319830192,0.24389442672444167,6.209530972581299e-07,40.723290064779114,1015.0312760779171
0.40625,8.027661255954646,41.12221119437935,41.12276577340979,104.58241207268175,-0.01598741710944813,-4.5468747228851676e-08,0.12547247689479665,5.651665039134764,1.1285732426970039,0.92952542997008,1.1095607085473647,1.8003527857728463,0.12201099103815415,651.2442429346823,4.899620169159391,0.5298166255388087,6.0,288.09782020183627,101230.84898644564,1.2240828596853857,340.3572790423128,0.2637207021523301,2.387373995240712e-06,41.52732892300216,1055.4771036101354
0.4140625,8.352110359942468,41.93551837699551,41.9360872159018,103.62782018221687,-0.017676157701123844,-5.294404425962362e-08,0.12054385045360402,5.649012128320709,1.1259203318829485,0.9293087105066704,1.1114414574001996,1.821327468935292,0.12437621166040833,645.709589312008,5.058871660320239,0.5298958992624859,6.0,288.0957112826604,101227.0437421767,1.2240458068915334,340.35600103729223,0.28359478468027843,2.8893914574268843e-06,42.33219002490441,1096.7538024330404
0.421875,8.682890965403113,42.74392379279436,42.744496212752466,103.32516848224455,-0.019394921460917196,-6.148296378826009e-08,0.11562684370247231,5.646374312305026,1.1232825158672661,0.9290930222418892,1.1133495783552703,1.842565561133811,0.12672893370528313,643.8647047711166,5.218796526102189,0.5299762653486292,6.0,288.09356120872485,101223.16424000598,1.2240080304679777,340.3546980924873,0.30346367135141683,4.580627963396955e-06,43.132787970844475,1138.5951577518247
0.4296875,9.019991314268099,43.555073073074276,43.55563689930718,104.32921370882431,-0.021126416373939097,-7.133476173414162e-08,0.1106959730422936,5.643728948890157,1.1206371524523973,0.9288765143565708,1.1152957175901645,1.8641920323359373,0.12909143583845883,649.3993583937909,5.381109498086475,0.5300584822638895,6.0,288.0913700564572,101219.21061783592,1.2239695317251744,340.3533702542131,0.3232747907626499,5.713195212735825e-06,43.93670525857497,1181.396241717207
0.4375,9.363449432097191,44.370234878593635,44.3707774377901,104.35300047665906,-0.02285095131521009,-8.282993844046089e-08,0.10574603741988527,5.6410722643765085,1.1179804679387486,0.9286588755371826,1.1172829743168948,1.886240987797122,0.1314674109691992,649.3993583937909,5.546185654655067,0.5301427010535259,6.0,288.08913757869135,101215.18242969045,1.2239303062873426,340.352017372687,0.34297252451153454,5.588362468550565e-06,44.745198542131064,1225.2355010219596
0.4453125,9.713273357057243,45.184291713795666,45.18480109531064,104.04929482162211,-0.02454795250186211,-9.632701397349708e-08,0.10078757198332355,5.638419353562453,1.1153275571246932,0.9284413412085069,1.1193080872690822,1.908667460605753,0.13384189245272812,647.5544738528995,5.71294190891325,0.530228402892071,6.0,288.0868637231791,101211.07958129534,1.2238903532026677,340.3506394162465,0.3625000568861545,5.679517732359226e-06,45.553173676966516,1269.8423152350392
0.453125,10.069457732629548,45.99978573564701,46.00025035120523,104.7268767362965,-0.026195691478756843,-1.1213469622162076e-07,0.0958130322341708,5.6357626690488045,1.1126708726110446,0.9282232922065121,1.1213751795631997,1.9315188735668753,0.13622229507053163,651.2442429346823,5.882065974912162,0.5303158597810445,6.0,288.0845485247379,101206.90213547356,1.2238496730484822,340.3492364059912,0.38179580796157997,4.98095844054103e-06,46.36315410872706,1315.3581730002222
0.4609375,10.432030373067546,46.81925934785463,46.81966854229501,105.07739258421338,-0.027770056778037303,-1.305529364474323e-07,0.09081674362216083,5.633094663436376,1.1100028669986162,0.9280041070290095,1.1234878370758605,1.9548373004685105,0.1386160492435535,653.0891274755738,6.0543064806518805,0.5304053635628059,6.0,288.08219180257504,101202.64976601054,1.2238082626129736,340.3478082323605,0.40079695389078374,6.0947948876995055e-06,47.177668545872386,1361.934856509407
0.46875,10.801008995550115,47.638861653678966,47.63920729272387,104.77267687312212,-0.029245696371464437,-1.518570652880331e-07,0.08580658314586262,5.630426657823948,1.1073348613861878,0.9277847141275387,1.1256439093147954,1.978591951872567,0.1410118784217755,651.2442429346823,6.228899437123357,0.5304965077504459,6.0,288.0797934415289,101198.32226511346,1.2237661198367331,340.34635482556655,0.4194343700005461,4.594625299511319e-06,47.99287880795726,1409.3602967507204
0.4765625,11.176391204732324,48.45985342050343,48.46012987913715,105.45069555327407,-0.030596418110892424,-1.7626751944090252e-07,0.08078071083516761,5.627754878511926,1.104663082074166,0.9275648024496987,1.1278453990375599,2.0028059658786113,0.14341346804401944,654.9340120164652,6.4063290394341355,0.5305894403108812,6.0,288.07735345716924,101193.91966087569,1.2237232449567859,340.34487619504455,0.437638863191706,4.388159324245142e-06,48.81003902614378,1457.7113113944752
0.484375,11.558201101591841,49.283493207200536,49.2836982560707,105.47320585538729,-0.03179359918127997,-2.039713041735605e-07,0.07573841993113152,5.625075551800718,1.101983755362958,0.9273440597605959,1.1300939039257816,2.027498441651857,0.14582450337334346,654.9340120164652,6.587124379516516,0.5306843188701266,6.0,288.0748716928396,101189.44167063317,1.2236796351831425,340.3433722458608,0.45533020407580566,6.281275715873303e-06,49.63040323416162,1507.0697206012517
0.4921875,11.946439289052641,50.10463797519581,50.104774419764205,104.83915996879384,-0.032808091358163066,-2.3507484120432916e-07,0.07068946418565501,5.622403772488696,1.0993119760509362,0.9271237293824952,1.1323862193399392,2.05262489957444,0.14822990142377995,651.2442429346823,6.770203549133356,0.5307805537221768,6.0,288.0723481446211,101184.8882873146,1.2236352904089676,340.34184297564036,0.4724413161890517,7.0968816754116575e-06,50.44883783466677,1557.12805768922
0.5,12.341092842115776,50.92838331651292,50.92845862302736,106.17377695170518,-0.03360994841942207,-2.6977302852734274e-07,0.06562875832076277,5.619724445777488,1.096632649339728,0.9269025662107858,1.134725916396439,2.078233501856531,0.15064460793259035,658.6237810982482,6.957126784381204,0.5308787469711372,6.0,288.06978289652625,101180.25966250857,1.2235902120719881,340.34028843529495,0.4888879077054519,5.933267128377566e-06,51.270429314999724,1608.1994404155726
0.5078125,12.74220864973454,51.75726305689919,51.75729102278839,106.19572616929995,-0.03416501160701576,-3.082160848133818e-07,0.06055677542854081,5.6170300242679065,1.0939382278301468,0.926679944273082,1.1371141143011425,2.1043417002806053,0.15307606814429414,658.6237810982482,7.148876272569625,0.5309792280079675,6.0,288.0671756437767,101175.55524628624,1.2235443947771105,340.3387084401287,0.5045885909789338,5.823363638929525e-06,52.097711325322194,1660.4546781446213
0.515625,13.149790018500946,52.58228005641164,52.58228245982168,105.23151954800537,-0.034439877102418574,-3.5043155942848187e-07,0.055488290986183395,5.614346923857106,1.0912551274193454,0.9264580453863261,1.1395448771275667,2.1308683174124052,0.1554978669795713,653.0891274755738,7.3433677856179465,0.5310809111144567,6.0,288.0645263648797,101170.7749998668,1.223497838106522,340.3371029771171,0.5194622231542687,7.272041325547774e-06,52.92169356694842,1713.3286539701842
0.5234375,13.563803301485887,53.40596297348833,53.40596950938527,105.90972243876189,-0.03440193531605447,-3.9642929031650633e-07,0.05042424243030525,5.611667597145898,1.0885758007081372,0.9262362468485607,1.1420187664349668,2.1578251958640613,0.1579174308528049,656.7788965573568,7.541578389993559,0.5311840964131507,6.0,288.06183527854034,101165.91931787235,1.2234505458629306,340.33547217879544,0.5334261628852079,1.1635140754097767e-05,53.744903394551635,1766.977407064778
0.53125,13.98426129573413,54.2308384051225,54.23088814462561,105.60148378947399,-0.034014768119617254,-4.4633444070099527e-07,0.04536694348645681,5.608984496735096,1.0858927002973358,0.9260139235710169,1.144535654807273,2.1852173123625604,0.1603421894141134,654.9340120164652,7.744546239689073,0.5312891037828369,6.0,288.0591023015777,101160.98805021502,1.223402516543297,340.3338159947561,0.5463868135324957,1.5102792898319295e-05,54.5698691882592,1821.5672071961278
0.5390625,14.411149805226925,55.051740791322864,55.05188267034729,104.96342253594757,-0.0332425414542351,-5.004079043271383e-07,0.04032635365287067,5.606312717423075,1.083220920985314,0.9257923269098958,1.1470913263618685,2.2129899945197273,0.16275695480735294,651.2442429346823,7.951179236753756,0.5313952708500638,6.0,288.056327526266,101155.98136339031,1.2233537517273594,340.3321344809172,0.5582656117739285,1.5251496759178828e-05,55.3914218312006,1876.7528702579052
0.546875,14.844440972252617,55.87119414899606,55.87148835641929,105.3119797189864,-0.03204938770549478,-5.588953744158768e-07,0.03530630423362778,5.603644711810646,1.0805529153728857,0.9255708323743603,1.149684527235184,2.2411369486082378,0.16516915592150064,653.0891274755738,8.162539073495108,0.5315029119268754,6.0,288.05351113368033,101150.89958412248,1.2233042545550012,340.3304277470103,0.5689655499841508,1.4462097511859032e-05,56.21208948537695,1932.697782756779
0.5546875,15.28415003173301,56.695569510106914,56.69609044217922,106.31922179691583,-0.030395429883101944,-6.219149672506724e-07,0.030309840961250722,5.600961611399844,1.0778698149620842,0.9253478718762356,1.152314361046828,2.269664891705925,0.16759756473518259,658.6237810982482,8.380870727294035,0.5316128782827688,6.0,288.0506530247937,101145.74253373145,1.2232540232428692,340.328695733025,0.5784070998691037,1.1827033251418275e-05,57.03826061435591,1989.8447957785238
0.5625,15.730315273441024,57.522259502487806,57.52309536360434,106.008761602108,-0.028237959838802666,-6.893951039969589e-07,0.025346738973046967,5.598270963589856,1.0751791671520963,0.9251240695831882,1.154976031309998,2.2985196172680977,0.1700345224336559,656.7788965573568,8.605853877572086,0.5317248477651052,6.0,288.0477529507226,101140.50976314234,1.223203053373022,340.3269382881379,0.586498682484868,1.0390527459778137e-05,57.867328423131816,2048.0258129095328
0.5703125,16.1829312297974,58.347372515661746,58.34862481876054,106.02714281385383,-0.025536777426968582,-7.609192675493202e-07,0.020427274795363545,5.595584089479462,1.0724922930417016,0.924900366399378,1.1576640493146284,2.327636829152504,0.17246857609117025,656.7788965573568,8.836734119202482,0.5318382998802638,6.0,288.0448109470063,101135.20133648069,1.2231513455255094,340.3251554338858,0.5931577045613451,1.3483208800209466e-05,58.69539496568848,2106.969556066407
0.578125,16.641998767073254,59.174711937731544,59.176499887158904,106.70468154585605,-0.02225038296710243,-8.359527374284614e-07,0.015558831120955869,5.592889667969881,1.0697978715321204,0.9246758189913408,1.16037426630747,2.356984473161293,0.17491095520824526,660.4686656391395,9.075046282814641,0.5319537635573687,6.0,288.041827008014,101129.81724358659,1.2230988995561693,340.3233471668565,0.598301536995484,1.7103586922463686e-05,59.52628173262214,2166.950998907881
0.5859375,17.10753509910657,60.00166573271607,60.004123739573906,106.06215206945892,-0.018335141275178605,-9.139038704998058e-07,0.010751638150484622,5.590195246460299,1.0671034500225391,0.9244510551238277,1.1631004646251777,2.386494095013499,0.17735396918035548,656.7788965573568,9.320372260823287,0.5320708842782318,6.0,288.03880102185576,101124.35728257056,1.2230457134525075,340.32151341924464,0.6018455036536207,2.7581088180727635e-05,60.35737120236865,2227.7852633825387
0.59375,17.579516989236083,60.82562243802668,60.82889958101648,106.07865723582505,-0.013750693964885832,-9.941163913315158e-07,0.006016013791318424,5.587508372349904,1.0644165759121444,0.9242267049846095,1.1658359210724105,2.4160921608780104,0.17978992099705568,656.7788965573568,9.57222263257409,0.5321892867418598,6.0,288.03573313956997,101118.82172595973,1.222991789822706,340.31965428257945,0.6037095788096039,4.7253824381981654e-05,61.186043757210264,2289.276719476603
0.6015625,18.05793420713429,61.649102093811464,61.65336698921632,106.09444322889509,-0.008455115316166514,-1.0759644363855227e-06,0.0013617460896311637,5.58482149823951,1.0617297018017497,0.9240021389743627,1.1685738612744363,2.4457172230007362,0.18222626047959647,656.7788965573568,9.831674207629847,0.5323093265177253,6.0,288.0326234276536,101113.21069373866,1.2229371297885145,340.3177697971581,0.6038213449729418,0.0002084475602573187,62.01483456489228,2351.61008590902
0.609375,18.542789532699423,62.47462572133907,62.48006877063502,106.7704418349719,-0.002404879377947172,-1.1587799851631328e-06,0.0032002019441918616,5.582127076729929,1.0590352802921685,0.9237767250659402,1.1675105342901837,2.4373380922424346,0.18467045325577774,660.4686656391395,10.099789836257637,0.5324313797826536,6.0,288.02947186803743,101107.52415330382,1.222881732984648,340.3158599520307,-0.602107206294416,8.815662318304537e-05,62.846284107471284,2414.9807360910863
0.6171875,19.034108774520192,63.30342905401384,63.310263118918485,107.11571896506032,0.004446423816422499,-1.2417858264637194e-06,0.007657748548072571,5.579421334121568,1.0563295376838076,0.9235501449518205,1.164939937162529,2.4138979221070853,0.18712618076707102,662.3135501800311,10.377046330947483,0.5325556498909807,6.0,288.02627829296557,101101.76180196372,1.2228255964139356,340.3139246455371,-0.5985174970195112,3.548000010715244e-05,63.68164498077216,2479.4940574523125
0.625,19.53190066560093,64.13033347005107,64.13878414524945,106.46827646877682,0.012143745611937734,-1.3241109205115456e-06,0.011999085254844418,5.5767193652128,1.0536275687750398,0.9233236614420663,1.1624796308434906,2.3915596940142425,0.18957815182907148,658.6237810982482,10.661646754121055,0.5326813709680497,6.0,288.02304264567357,101095.92353729483,1.222768719029364,340.3119638432782,-0.5930108105007826,2.6457534140787354e-05,64.51571315073048,2544.751206546448
0.6328125,20.036133493922495,64.95272947649067,64.96303640528863,106.15052458564344,0.020727442479436087,-1.4047381009339976e-06,0.016212582742851287,5.574028717402812,1.0509369209650519,0.9230979086912426,1.1601317608356843,2.370338521444416,0.19201865770792875,656.7788965573568,10.952515253191306,0.5328081326326568,6.0,288.0197651322895,101090.009731226,1.2227111044045598,340.3099776701674,-0.5855406296018134,1.822638630065864e-05,65.34586511684076,2610.5383927778166
0.640625,20.546785236565107,65.77442397932919,65.78685324174192,106.4940291025352,0.030238928121427547,-1.4824168668597005e-06,0.020285191917900555,5.571338069592824,1.048246273155064,0.9228719378882609,1.1578992490279039,2.350273111396429,0.1944589813994851,658.6237810982482,11.250684498946525,0.5329365094106508,6.0,288.0164458959623,101084.0206420492,1.222652755005698,340.30796621295315,-0.5760884958076501,1.8797683865517434e-05,66.17594047190126,2677.1541548181267
0.6484375,21.06385360068866,66.59409611923176,66.6089303472029,105.84360471902488,0.04072190310335767,-1.5558456449930474e-06,0.02420501415389355,5.568651195482429,1.0455593990446692,0.9226460661059775,1.1557841299418785,2.3313806383590094,0.19689522011340688,654.9340120164652,11.555413300475777,0.5330662918594876,6.0,288.0130849515955,101077.95629665558,1.2225936710440162,340.30592948066686,-0.5646316906576971,1.698368843451484e-05,67.00461089099342,2744.4892031464683
0.65625,21.58730261685887,67.40786590610927,67.42539533029937,105.19208667057214,0.05221522590390629,-1.6234217133560233e-06,0.027961243846699242,5.565979416170408,1.0428876197326475,0.9224212470296356,1.153787718008705,2.313664709790695,0.1993158741176756,651.2442429346823,11.864978429015784,0.5331968479186326,6.0,288.0096825329904,101071.81711690633,1.2225338565784014,340.3038676149922,-0.5511643971127128,1.2730354687704053e-05,67.82796283930793,2812.214522704484
0.6640625,22.117096080421558,68.21955258303404,68.24009467445705,105.53399902523654,0.06475703490804641,-1.6835922627934464e-06,0.031540341003940056,5.563311410557979,1.0402196141202191,0.922196530013001,1.1519129301075663,2.2971640009456538,0.20173226377888964,653.0891274755738,12.180299739627827,0.533328777117631,6.0,288.00623887547727,101065.60352742135,1.2224733156943728,340.3017807585392,-0.5356716561068711,1.1297219075813963e-05,68.64984860040751,2880.637168064353
0.671875,22.653237655339115,69.03297891736199,69.05688163739845,105.87568573630763,0.07839032734516213,-1.7347562444705168e-06,0.034928465214736394,5.560635857546364,1.0375440611086042,0.9219709607493211,1.1501627908137557,2.2819183006443464,0.20415573011833799,654.9340120164652,12.502327565518602,0.5334626963928952,6.0,288.0027539552403,101059.31548522854,1.2224120479211618,340.2996688968756,-0.5181696051327163,6.7454879399316765e-06,69.4741273626703,2950.080228233811
0.6796875,23.195734182036517,69.84556334344494,69.87318403376202,105.55360017258053,0.09315779813264007,-1.775457436669692e-06,0.03811494691529734,5.557960304534749,1.0348685080969893,0.9217451743115377,1.1485385312695122,2.2679335695797453,0.20657860509322667,653.0891274755738,12.829688424974819,0.5335981851986213,6.0,287.99922772781673,101052.95291010114,1.2223500524243258,340.297532003057,-0.49866783404262927,9.628958435534176e-06,70.29818947785917,3020.326406940381
0.6875,23.74456902539568,70.65601416344492,70.68772059010202,105.5626463609347,0.10909765106838595,-1.8041440606890443e-06,0.041088955701773955,5.5552885252227275,1.0321967287849676,0.9215194893035227,1.1470415905264155,2.2552210122289282,0.20899703552425844,653.0891274755738,13.161408066874856,0.5337350232036402,6.0,287.9956603013349,101046.51599714122,1.2222873310515587,340.29537014260893,-0.477199635984802,1.4083934294421653e-05,71.12072356243551,3091.260805377969
0.6953125,24.299735513477614,71.46689165298689,71.50307610733702,105.90319307094705,0.12624837150599053,-1.8189922539634716e-06,0.043837941154901215,5.552612972211113,1.0295211757733527,0.9212932678829815,1.1456744886891423,2.2438122080616085,0.21141860452899025,654.9340120164652,13.497916319065412,0.533873638311348,6.0,287.99205171916236,101040.00482459947,1.2222238845114726,340.29318334181244,-0.45379678087702197,1.4827826566217964e-05,71.94430995285381,3163.1054731308004
0.703125,24.86123699040165,72.2769184214096,72.3179802120182,105.57907487888355,0.1446486143917819,-1.8178417797956261e-06,0.046352043409733756,5.549937419199498,1.0268456227617377,0.9210668283456015,1.1444384367055362,2.2337160835993473,0.21383948286252086,653.0891274755738,13.838203271529087,0.5340138138907673,6.0,287.98840195956234,101033.41935325494,1.2221597123674128,340.2909715874948,-0.4285065489131049,1.1959469373540484e-05,72.76764538705467,3235.7474103638338
0.7109375,25.429060181708124,73.08610760375136,73.13245606889376,105.91868027403365,0.1643327635417219,-1.7984781788693354e-06,0.0486211581316937,5.547261866187883,1.0241700697501228,0.9208401703757766,1.143335003719298,2.2249483334352136,0.2162596675878462,654.9340120164652,14.181719606178252,0.5341555485376632,6.0,287.9847111088189,101026.7597387948,1.222094816081417,340.28873493194425,-0.40138616204677924,1.3784791209351633e-05,73.59072870027097,3309.1855020039807
0.71875,26.003205292631502,73.89447985633542,73.94653167062377,105.59296427573688,0.18533558412012252,-1.7587658869312985e-06,0.05063586407657264,5.544586313176268,1.0214945167385079,0.9206132936572914,1.1423656549029482,2.2175236124565676,0.21867916585012068,653.0891274755738,14.52791192436983,0.5342988414422024,6.0,287.9809791655979,101020.02597881202,1.2220291955744063,340.28647337435234,-0.3724992027098276,7.474663678734614e-06,74.41356214758267,3383.418932910789
0.7265625,26.583649368830795,74.69822137347742,74.75637479421742,104.93366374690896,0.20768588710000913,-1.6967676672295234e-06,0.052390124959796114,5.541922081263433,1.0188302848256727,0.92038715924832,1.1415303778792378,2.2114321863091777,0.2210865557676132,649.3993583937909,14.87470547306111,0.5344430036342454,6.0,287.9772062791026,101013.21834252252,1.2219628534137463,340.2841870051362,-0.3419444865149413,6.911540990781499e-06,75.23225888714796,3458.089364059985
0.734375,27.17035637971958,75.49865244937448,75.56331173158623,104.93840410936366,0.231407897650627,-1.6105952422936259e-06,0.05387522366238231,5.5392653967497845,1.016173600312024,0.9201614488415425,1.1408309208861738,2.2066947204463125,0.22348568494666396,649.3993583937909,15.222021974425035,0.5345882455663841,6.0,287.9733926835318,101006.33725250473,1.2218957936610746,340.2818759662203,-0.3098047012253764,2.768597768872028e-06,76.04812812524649,3533.3058413302974
0.7421875,27.763323997284328,76.30222648350224,76.37383486730393,105.94067207764522,0.25652919205086144,-1.4985716678837514e-06,0.05507958508817718,5.536597391137356,1.0135055946995957,0.9199345586040386,1.1402708707354965,2.203363121314579,0.22589569161921802,654.9340120164652,15.571909150446594,0.5347357285764727,6.0,287.9695383940176,100999.38273606233,1.2218280165255404,340.2795402667747,-0.2761921345009651,6.066376573954859e-06,76.86768209243262,3609.671281945284
0.75,28.36258699297725,77.1089977099533,77.1879970311866,105.94369591627202,0.2830813467847452,-1.3591443727811165e-06,0.05599725517094632,5.533918064426148,1.0108262679883875,0.9197064854368603,1.1398512851395828,2.2014479970272247,0.22831664519987047,654.9340120164652,15.923932164781979,0.5348854786030341,6.0,287.9656431845456,100992.35438538443,1.2217595179750111,340.2771797698347,-0.24122786255709922,4.388021278738231e-06,77.69094412312188,3687.1986293723717
0.7578125,28.968150565734213,77.91518538054208,78.00198389742056,105.94552785168175,0.31108797159294704,-1.1905704811256076e-06,0.05662604594882982,5.53123873771494,1.0081469412771793,0.9194781913128373,1.1395717188537677,2.2009352754093046,0.23073716659962681,654.9340120164652,16.276093037927122,0.5350368023426878,6.0,287.9617070213227,100985.25213949627,1.2216902973567243,340.27479445492156,-0.20502732843735139,6.945878916608752e-06,78.514041937799,3765.527297471714
0.765625,29.580007089373858,78.71957818797415,78.81456158955233,105.61280263115012,0.34056740019128695,-9.911817856821114e-07,0.05696305070782816,5.528563184703325,1.0054713882655644,0.9192499979191603,1.1394325716504938,2.201825737313335,0.2331535164104029,653.0891274755738,16.627442616950386,0.5351894616040795,6.0,287.95772995391906,100978.07608784016,1.221620355483303,340.27238435207494,-0.16774760553191884,5.854988677261342e-06,79.33570294903843,3844.533178355863
0.7734375,30.198132823194427,79.51968906260934,79.62320461941765,104.945018775306,0.3715318396986509,-7.593359814619307e-07,0.057007437262043645,5.52589895279049,1.0028071563527292,0.9190225505081306,1.1394336530444318,2.2041110253630114,0.23555813327175473,649.3993583937909,16.97651616193439,0.5353429630962989,6.0,287.9537121366492,100970.82650885473,1.2215496950089908,340.2699495548094,-0.12954173107588524,2.716082879337461e-06,80.15335412560505,3923.9597627477174
0.78125,30.82249129426873,80.31560048685105,80.42797175919235,104.6087475767069,0.40398778955557757,-4.934524886511013e-07,0.05675782099725571,5.523246041976434,1.0001542455386738,0.91879585155787,1.1395755529386449,2.2077970138077485,0.2379511069232059,647.5544738528995,17.322967596716836,0.5354972896613551,6.0,287.9496538065872,100963.50383030632,1.2214783200432529,340.2674902067919,-0.0905971660330279,-4.930684405458428e-07,80.96702594468725,4003.7978483626857
0.7890625,31.45306673493769,81.11253133267977,81.2340991382936,105.27167500171792,0.4379421025563314,-1.9242173289749214e-07,0.05621048011844956,5.520589357462786,0.9974975610250252,0.9185686117892118,1.139860580799098,2.2129196900988624,0.2403478476017392,651.2442429346823,17.668750405101587,0.5356534275375907,6.0,287.9455550662229,100956.10823712313,1.221406232328345,340.26500637013106,-0.051073019891520174,-1.1131985992889313e-06,81.78196189525308,4084.5591120878125
0.796875,32.08988083315873,81.91185724480447,82.04294704334474,105.26576746992858,0.47340505758236573,1.4463608078941843e-07,0.0553660842696357,5.51792512554995,0.99483332911219,0.9183405067039746,1.1402893042383588,2.219487975343842,0.24275229106267135,651.2442429346823,18.014306609340178,0.5358116445482486,6.0,287.94141577458447,100948.63947494178,1.2213334293239941,340.26249795939816,-0.011185526420815307,-1.1134495861839704e-05,82.59950094235144,4166.382088275179
0.8046875,32.73294599702825,82.71367647700426,82.85458407595479,105.92614548481934,0.510381592324941,5.183001762985901e-07,0.05422774686310296,5.5152533462379285,0.9921615498001684,0.9181115341116856,1.1408615403387934,2.227500062271078,0.24516455077368451,654.9340120164652,18.35962378004417,0.5359719636097257,6.0,287.9372358510193,100941.09739823607,1.2212599095499905,340.25996492571767,0.028866062479367318,-1.4121638210075722e-05,83.41968144728322,4249.278140722911
0.8125,33.38229212369575,83.5193723835522,83.67037228117825,106.25113405745765,0.5488762038047394,9.283973576748896e-07,0.05279939711302034,5.512570245827127,0.9894784493893669,0.9178813679313909,1.1415771944066224,2.2369582647523156,0.2475885672114298,656.7788965573568,18.70536313762141,0.5361346661305044,6.0,287.93301510119596,100933.48165636256,1.2211856695257894,340.25740715132474,0.06885055163955424,-2.5670702021757857e-05,84.2438439196726,4333.392758675359
0.8203125,34.0379331585365,84.32390374080516,84.48518512076791,105.57153007642441,0.5888866451071123,1.3741944914084058e-06,0.05109084503473799,5.509890919115919,0.9867991226781587,0.9176513017817919,1.1424335416111362,2.247822398293443,0.2500090930595256,653.0891274755738,19.049411894724162,0.536298737267153,6.0,287.9287534344695,100925.79208576537,1.221110707593685,340.2548245812885,0.10850918211820755,-3.495399574018915e-05,85.06680010269592,4418.198632892065
0.828125,34.69984363861977,85.1247942287255,85.29647903639513,105.22404841490724,0.630399545227005,1.8539794394289769e-06,0.04911175776205642,5.50722291350349,0.9841311170657303,0.9174219852999067,1.143428341685162,2.2600635638525532,0.2524185309592614,651.2442429346823,19.39085442214091,0.5364637042429361,6.0,287.92445101634894,100918.02898508198,1.2210350266010668,340.2522173159075,0.1475802498056318,-4.235903850200042e-05,85.88596485051275,4503.420749136105
0.8359375,35.36800552404368,85.92470748315694,86.1068973164241,105.20918127544913,0.6733991468543183,2.365405336250794e-06,0.046870584424416224,5.504558681590655,0.9814668851528952,0.9171927713459888,1.144560423419206,2.2736765207321716,0.25482462465353917,651.2442429346823,19.731218214242013,0.536630026168068,6.0,287.9201079640937,100910.19256589022,1.2209586285462897,340.24958542624074,0.18578806817090338,-4.4591451985230256e-05,86.7039728947641,4589.326421472758
0.84375,36.04241823117718,86.7250190071445,86.91778207279329,105.19256980608698,0.7178691886028687,2.905884958924475e-06,0.044378645228194895,5.50189444967782,0.97880265324006,0.916963335403395,1.1458274454582391,2.288641100548441,0.25723127114439026,651.2442429346823,20.071602404543206,0.5367979698298135,6.0,287.9157242814973,100902.28283503512,1.2208815134312936,340.2469289145874,0.222844577003684,-4.5414775750447965e-05,87.5221500276743,4676.053567040474
0.8515625,36.72309191739397,87.52839128586203,87.73177435127239,105.84444641439477,0.7637916890265456,3.472901709371942e-06,0.04164862281610925,5.499222670365798,0.9761308739280383,0.9167330262434418,1.147226641370485,2.3049361512704323,0.2596462064827735,654.9340120164652,20.413854838586825,0.5369680839762099,6.0,287.91129990253694,100894.2996733877,1.220803680029188,340.2442477409374,0.25849212774667585,-4.8064691607385544e-05,88.34312820351937,4763.886227207396
0.859375,37.41006088360444,88.33619375821155,88.5502091333771,106.16009186826155,0.8111494052352979,4.063843538893859e-06,0.03869599641850015,5.496539569954997,0.9734477735172369,0.9165015158729767,1.148753935176853,2.322524193038763,0.26207330831068626,656.7788965573568,20.759372607701287,0.5371406621996422,6.0,287.9068346042566,100886.24267865573,1.2207251243514434,340.2415417701795,0.29243366711876057,-5.7882105824704386e-05,89.16822647643949,4852.976015831355
0.8671875,38.10334322304006,89.14333408926073,89.36789480650627,105.4681218542521,0.8599186674538439,4.67603193429262e-06,0.03554095114254832,5.493860243243789,0.9707684468060287,0.9162701054608692,1.15040266467375,2.3413255921288076,0.2644971842895434,653.0891274755738,21.10658949713537,0.537314619086429,6.0,287.9023282690502,100878.11163863598,1.2206458442618802,340.23881093104444,0.3243963004534618,-6.073933365765118e-05,89.99220747728357,4942.759634379193
0.875,38.80291380778258,89.94599207509513,90.18092424917229,104.77408756761297,0.9100648929875617,5.30668468865741e-06,0.032204378467491676,5.4911960113309535,0.9681042148931935,0.9160397748493964,1.1521657068323594,2.3612593198296303,0.26690625346736385,649.3993583937909,21.454559070185827,0.5374891057595721,6.0,287.8977810602494,100869.9068480368,1.2205658425662107,340.2360553225111,0.3540928024269229,-6.085638974653293e-05,90.81113082064618,5032.796659411472
0.8828125,39.50874789137077,90.74808991474836,90.99321053663331,105.08568055367896,0.9615505981510877,5.953540311172073e-06,0.028705851053916025,5.488535553117712,0.9654437566799516,0.915809547347044,1.1540366628536836,2.3822711550663955,0.2693120319123183,651.2442429346823,21.806119399853067,0.5376649385694701,6.0,287.89319313870607,100861.6285970927,1.2204851220262651,340.2332750420559,0.38126541209929277,-7.077830411891941e-05,91.62891462575871,5123.5098850731965
0.890625,40.22085808818244,91.55225104562473,91.8073572734844,105.06034345194026,1.0143419337909583,6.614478575564417e-06,0.025067414808348534,5.485871321204876,0.9627795247671165,0.9155787695007358,1.156007512629408,2.4042874312867224,0.2717221699589851,651.2442429346823,22.163587387515268,0.5378426778892903,6.0,287.8885644224268,100853.27673785816,1.220403681130756,340.2304700399907,0.40563108414957016,-8.023500830143068e-05,92.44816160543175,5215.18923958475
0.8984375,40.939260638898766,92.35980045070183,92.62465856451601,105.70642195844928,1.0684030182303983,7.2873299337378425e-06,0.021313425073659895,5.483199541892855,0.9601077454550948,0.9153471126736518,1.1580685414940812,2.4272142882042944,0.27414045515574814,654.9340120164652,22.52870328129263,0.5380226155892952,6.0,287.88389480584715,100844.85107985724,1.2203215179528502,340.22764025234335,0.426960174133586,-8.725129391962357e-05,93.27016015534355,5307.98538722106
0.90625,41.66399221971694,93.17205271905767,93.44640067244876,106.01568123417927,1.1236989114975955,7.970442438258529e-06,0.0174697759589278,5.480516441482053,0.9574246450442934,0.9151142469444798,1.160208642066339,2.45094395121859,0.27657065736743286,656.7788965573568,22.903213470583317,0.5382050522783232,6.0,287.87918405057184,100836.35119293958,1.2202386282275441,340.22478553464657,0.445015272491145,-9.503649026220359e-05,94.09619258801106,5402.053428646024
0.9140625,42.395072700405954,93.9838190545494,94.26730937917687,105.31439288752355,1.1801898123765016,8.663328498806939e-06,0.013564766117548695,5.477837114770845,0.9547453183330852,0.9148814810949429,1.1624144757860844,2.475329946911414,0.2789972110369205,653.0891274755738,23.285551990956332,0.538388827852005,6.0,287.8744320274473,100827.77684406609,1.2201550096109577,340.2219058086331,0.4595964422867752,-0.00011006215533732355,94.92096285427449,5496.791722860834
0.921875,43.13248132650916,94.79248743696543,95.08471679344441,104.94850274257111,1.2378278144229076,9.36669275370054e-06,0.00962695677008948,5.475169109158417,0.9520773127206568,0.9146494723925094,1.1646718096893074,2.50022337296798,0.28141225318013674,651.2442429346823,23.675286827147875,0.5385733318993393,6.0,287.8696388713777,100819.12827665178,1.2200706644049777,340.2190011560549,0.47048104880184316,-0.0001530201812192214,95.74179569002095,5591.883651921065
0.9296875,43.87620395702096,95.60063314067565,95.90119429846496,104.91859392195391,1.296564861415418,1.0082193980765586e-05,0.0056850828105408655,5.472504877245582,0.9494130808078216,0.914417566107213,1.1669655754377262,2.525480093305131,0.28382337330268365,651.2442429346823,24.074475770458157,0.5387591291027715,6.0,287.86480467427936,100810.40565654695,1.2199855941546904,340.2160716326133,0.4775220781027453,-0.0002628492174549631,96.56127310255577,5687.6213119204795
0.9375,44.62624316450764,96.40952509577768,96.71799943404284,104.88801114517129,1.3563545785981186,1.0811812479853546e-05,0.001768896970619541,5.469840645332747,0.9467488488949865,0.914185433909622,1.169279096805417,2.5509366289579494,0.2862342927714239,651.2442429346823,24.484372397548018,0.5389465023224844,6.0,287.85992941943067,100801.6089535797,1.2198997984929059,340.21311722817495,0.4805785379646649,-0.0008449186239352449,97.3806610013682,5784.150708506621
0.9453125,45.382601227805615,97.21781794058184,97.53375831375037,104.51942378429291,1.417150024860203,1.1557689139605893e-05,0.002091256536241082,5.467180187119505,0.9440883906817445,0.9139534047492265,1.1691165609648648,2.551631562156383,0.28864098876686645,649.3993583937909,24.90466543239557,0.5391351347148561,6.0,287.85501309201925,100792.73814102309,1.219813277085368,340.2101379337637,-0.4795539812201306,-0.0007227955851075473,98.19859060171358,5881.307268562561
0.953125,46.145273295858715,98.02677344001542,98.34972796008529,104.82512811645354,1.478902965648558,1.2322728384687273e-05,0.005864276962817773,5.464519728906263,0.9414279324685026,0.9137211496572153,1.1669430133708998,2.532218637136845,0.2910471876969667,651.2442429346823,25.335954983743562,0.5393253138635538,6.0,287.8500557235769,100783.79327577188,1.219726030412806,340.20713376848755,-0.4743418659954274,-0.00026535233174488135,99.01632951776405,5979.239410910059
0.9609375,46.91427116873384,98.83634480412891,99.16584931805907,104.45529316345798,1.5415672729991203,1.3111356369761477e-05,0.009518874453252524,5.4618592706930205,0.9387674742552607,0.9134886683034363,1.1648692327994183,2.51380564495982,0.29345274299947777,649.3993583937909,25.77774760505011,0.5395170272419384,6.0,287.8450572374032,100774.77421943108,1.2196380570504775,340.20410468586635,-0.46496477232937655,-0.00016595232816592214,99.83382769974897,6077.940118186158
0.96875,47.68958925052024,99.64517358132157,99.98074752540705,104.42299667151893,1.6050945372839192,1.3928692317729349e-05,0.013024565466754592,5.459202586179372,0.9361107897416121,0.9132562905999194,1.1629088950375395,2.4965260443762003,0.295853643834743,649.3993583937909,26.228615432976476,0.539709950154204,6.0,287.8400176698716,100765.68103763134,1.219549357563029,340.20105070794216,-0.4514309549253935,-0.0001219292046780059,100.64972048835286,6177.240816510333
0.9765625,48.47123174244554,100.45582087693847,100.79700261493456,104.72883573552197,1.6694381948337949,1.4780421425355446e-05,0.01635118426800089,5.456542127966131,0.9334503315283702,0.9130233560516852,1.1610749650594385,2.4805160900775336,0.29825752684871254,651.2442429346823,26.68902663516566,0.5399046947740677,6.0,287.8349369936741,100756.51368109927,1.2194599313936787,340.1979718181665,-0.4338096554507122,-9.62212415161626e-05,101.46660571343435,6277.4578351259
0.984375,49.259209207931114,101.26560586274479,101.61192156730695,104.02049867458663,1.7345534962708828,1.5672413833397273e-05,0.01947048339078248,5.4538854434524815,0.9307936470147216,0.9127905251348959,1.1593786413974108,2.4658811626251484,0.3006565228319878,647.5544738528995,27.156473355884923,0.5401006788292351,6.0,287.8298151401484,100747.27202594368,1.219369777257025,340.19486797492993,-0.4122038685667886,-8.975976649161185e-05,102.2818060906296,6378.259833872925
0.9921875,50.05350442685141,102.07446653640974,102.42545529418018,104.3271884417738,1.8003937093905131,1.6611200189512466e-05,0.022355345189236528,5.451232532638427,0.9281407362006662,0.9125577984846094,1.1578302477895959,2.452724493049865,0.3030505500671458,649.3993583937909,27.62970902512953,0.540297979843861,6.0,287.82465222122545,100737.95627412776,1.2192788970458075,340.19173924606264,-0.3867701906207927,-8.2226879207189e-05,103.09529370681832,6479.637974840319
1.0,50.85413042664769,102.88627574598827,103.24152118947674,104.63448805997695,1.8669177689419996,1.7604306830065542e-05,0.024979638830570534,5.448572074425185,0.9254802779874243,0.9123241821412452,1.1564395237986993,2.4411534165745405,0.30545119928129005,651.2442429346823,28.109567208257687,0.5404974037935159,6.0,287.81944815222676,100728.56627286147,1.219187289191423,340.1885855802494,-0.3576865168523222,-6.526115618529225e-05,103.91101144729296,6582.086341212664
1.0078125,51.661099738325134,103.69702964127134,104.05611551736632,103.92641666320377,1.9340869437496329,1.8658986192172372e-05,0.027320779945778022,5.445915389911535,0.9228235934737756,0.9120906693998027,1.1552139918993636,2.431233224995609,0.3078467756875218,647.5544738528995,28.59250975081765,0.5406979809003998,6.0,287.8142028517009,100719.1018751771,1.2190949521812289,340.18540692813076,-0.3251550344496819,-6.27458940486145e-05,104.7249806587726,6685.103184893834
1.015625,52.47439360207658,104.50666519043155,104.8692066213512,104.23476942122346,2.001861780478321,1.9782255521830848e-05,0.029357696288526355,5.443262479097481,0.9201706826597202,0.9118572608976441,1.1541606562336442,2.423033953360001,0.3102372722696529,649.3993583937909,29.077142801202466,0.5408997007702863,6.0,287.80891644158646,100709.56330109577,1.2190018880823728,340.1822033636014,-0.28945221409535243,-4.809744924692618e-05,105.53719884620405,6788.682672240268
1.0234375,53.29402358333706,105.31906598001227,105.68473766962163,104.54359225465043,2.070209633096925,2.0980781469131534e-05,0.031070749447137728,5.4406020208842385,0.9175102244464783,0.9116229597613607,1.15328618905511,2.4166322929374937,0.3126343725826207,651.2442429346823,29.56435742515348,0.541103551003866,6.0,287.8035888467083,100699.9504149743,1.2189080954914189,340.17897484110523,-0.25086395106993054,-3.700281777182605e-05,106.35164036524806,6893.334472558283
1.03125,54.12000419759855,106.13153937379047,106.50004232446433,104.17456699500545,2.139101927248678,2.226004084224307e-05,0.03244487145546077,5.437941562670996,0.9148497662332364,0.9113884293661285,1.1525950329460897,2.4120660357996115,0.31503033717896306,649.3993583937909,30.051438918010142,0.5413088790160587,6.0,287.7982199727156,100690.2630465703,1.2188135726665033,340.17572130346565,-0.20972037974822283,-1.7926276428303605e-05,107.16567218232775,6998.720838257695
1.0390625,54.95232205867431,106.94139102133794,107.31245825788324,103.80538453465266,2.208511233969023,2.362395157452769e-05,0.033468067104232634,5.435288651856942,0.912196855419181,0.9111543356861458,1.1520905691748,2.4093623348865423,0.3174174450725033,647.5544738528995,30.535750671083587,0.5415150134984414,6.0,287.7928099066186,100680.5013528813,1.2187183210580466,340.17244280341083,-0.1663763705062996,-2.6764342573187055e-05,107.97666767873093,7104.494543184388
1.046875,55.79096675360896,107.75251815300982,108.12595419364612,104.45406699341801,2.2784150243306054,2.507585587333475e-05,0.03412948218513449,5.432631967343292,0.9095401709055324,0.9109196798962842,1.151776470274364,2.4085679037807983,0.31980746709384494,651.2442429346823,31.018610567534083,0.5417229652533013,6.0,287.7873587161015,100670.66545603382,1.2186223417757875,340.1691393819575,-0.12125433407530471,-1.937926123295388e-05,108.78863084923692,7211.177113990676
1.0546875,56.6359583287708,108.5648639159759,108.94052643659508,104.08419204365391,2.3487988520805394,2.6618811519794867e-05,0.03442312374195773,5.42997150913005,0.9068797126922905,0.9106844606822447,1.1516544456044708,2.4096998492222608,0.3222005026500783,649.3993583937909,31.499302334389636,0.5419327489574627,6.0,287.78186627086296,100660.75512091756,1.2185256324428768,340.16581096014295,-0.07478168120694727,-2.5842017975377786e-05,109.60159527572958,7318.775481779686
1.0625,57.48728547234388,109.37441414808953,109.75219625031846,103.71371009424674,2.4196501310575833,2.8255509307354066e-05,0.03434764075789799,5.4273185983159955,0.9042268018782351,0.9104496791293778,1.151724410054296,2.4127473092491822,0.3245849716050582,647.5544738528995,31.975004475181354,0.5421433441881315,6.0,287.7763326444297,100650.77048020114,1.2184281942706343,340.16245758252444,-0.02741835266512857,-2.8802169878749532e-05,110.41162163553052,7426.762250597402
1.0703125,58.34492956206051,110.1824330426902,110.56229246636111,103.68238530290478,2.490960891981486,2.998897871040993e-05,0.03390376592469387,5.424669461201534,0.901577664763773,0.9102150023993963,1.1519861824524,2.4177118005300366,0.3269648910853752,647.5544738528995,32.44623230614888,0.5423550930599795,6.0,287.77075795784657,100640.71175229258,1.2183300293067074,340.159079322455,0.020377971335762673,-2.291321577315514e-05,111.220076322368,7535.313590334227
1.078125,59.208885294455285,110.99018529872592,111.3721452737543,103.65048875643245,2.5627300590150632,3.1822009434453965e-05,0.033095936961480485,5.422020324087071,0.8989285276493109,0.9099800963486829,1.1524384362360658,2.4245833988738283,0.3293442814547551,647.5544738528995,32.91380853467168,0.5425683485014303,6.0,287.765142245586,100630.57899939264,1.218231138073902,340.15567620082516,0.06807527075547978,-3.854130917081609e-05,112.0283267611171,7644.611143509698
1.0859375,60.07914347689036,111.79496898773692,112.17909811221583,102.93758680497882,2.6349617443782654,3.375779944672422e-05,0.03193402159849729,5.419378734371795,0.8962869379340352,0.9097456308697767,1.153077600576164,2.4333196970638737,0.3317154445047305,643.8647047711166,33.376482754323995,0.5427824121870122,6.0,287.7594855674002,100620.37232931553,1.218131521539682,340.1522482538445,0.11510981143053159,-4.232401396489292e-05,112.83375422880746,7754.293991214355
1.09375,60.95568068992098,112.59937050249269,112.98580955514822,103.58526897708367,2.7076641813640725,3.579989584590921e-05,0.030430416053053255,5.41673714465652,0.8936453482187596,0.9095109367064869,1.153899651979438,2.4438871527295114,0.33408629881040547,647.5544738528995,33.83648321281163,0.5429979908500002,6.0,287.7537880755155,100610.09201673213,1.2180311822996592,340.1487955737624,0.16094499677512697,-2.6217432668695305e-05,113.63905215805552,7864.726354330693
1.1015625,61.83851781694617,113.40729550378673,113.79626361309074,103.89237885374158,2.780855767568885,3.795078822204862e-05,0.02860133491511359,5.414084233842464,0.8909924374047042,0.9092750062171021,1.1548991854078305,2.456241791907284,0.33646865550834776,649.3993583937909,34.29718979555154,0.5432161696102684,6.0,287.74804963418984,100599.73781671513,1.217930117877495,340.14531807831906,0.20500382004873585,-3.891879687993528e-05,114.44823785127132,7976.46740871514
1.109375,62.72766834893489,114.21470853981712,114.60645949482358,103.5178663711152,2.854559549678942,4.0212512035754787e-05,0.02646923591508471,5.411431323028409,0.8883395265906489,0.9090388444016562,1.1560676077587093,2.4702876335705315,0.3388508502162837,647.5544738528995,34.757406564261075,0.5434358915444192,6.0,287.7422701557319,100589.30957103809,1.217828326642158,340.14181571437354,0.2467214997777583,-3.344623957103796e-05,115.25734344892597,8088.97115196241
1.1171875,63.62311422980064,115.01889287277253,115.41371861394441,103.14294562737861,2.9288003865063543,4.258641126646666e-05,0.02406003745982505,5.408785959613541,0.88569416317578,0.9088031237763756,1.157394770172065,2.4859164639568943,0.3412250945672981,645.709589312008,35.21691993955374,0.5436564305498072,6.0,287.73644975750625,100578.80749146864,1.2177258105735103,340.1382885530488,0.2855455742603922,-4.908061744143176e-05,116.06371967747302,8201.862524766535
1.125,64.52483340017011,115.82109964212488,116.21934867271217,103.10892100189592,3.003607531949687,4.507404551637412e-05,0.021402270201746364,5.406144369898264,0.8830525734605044,0.9085675092197126,1.1588693332048217,2.50301823985109,0.343595309616182,645.709589312008,35.67814269930726,0.5438781393326649,6.0,287.73058858289886,100568.23183672628,1.2176225721094718,340.13473668123675,0.3209772106027559,-5.828112201140582e-05,116.86870016120808,8315.322973746344
1.1328125,65.43282046155745,116.62390161220198,117.02598381114741,103.41636582274452,3.079016553596862,4.767735388154048e-05,0.018527709240616533,5.403499006483395,0.8804072100456355,0.9083313272088116,1.1604781121773906,2.52146784968579,0.345969308848201,647.5544738528995,36.1444666280388,0.5441017487324424,6.0,287.72468666699984,100557.58267012617,1.2175186117801164,340.1311601202019,0.35249298449903993,-6.375226416203245e-05,117.67494238452304,8429.728781999149
1.140625,66.34707975615952,117.42589495113761,117.83225393516557,103.04130915110666,3.155068190939853,5.0398641137770554e-05,0.015472208964752043,5.400853643068527,0.8777618466307666,0.9080949138317994,1.162205160014163,2.5411024618236353,0.3483431204186797,645.709589312008,36.616831967276774,0.544326888363498,6.0,287.71874398158496,100546.85994074165,1.2174139289996673,340.1275588528405,0.3796458538406826,-6.795223534055056e-05,118.48109519118658,8544.888314952083
1.1484375,67.2675874068889,118.22302601925537,118.63411634122107,102.3247645591329,3.2318034359267434,5.3239058933713334e-05,0.01227456187294308,5.398219600752437,0.8751278043146775,0.9078592819891372,1.16403218406637,2.5617290207723284,0.35070489718639664,642.019820230225,37.0944076526195,0.544552608254378,6.0,287.7127606818552,100536.0639286109,1.2173085264129555,340.1239329732042,0.40199684140352226,-7.997065807887801e-05,119.28312894400044,8660.215790244445
1.15625,68.19430512464662,119.01654280395358,119.43285757680005,102.29199585621222,3.30926443219779,5.6198863976211943e-05,0.008975143296696818,5.395593105835535,0.8725013093977749,0.9076240962338156,1.165939400663442,2.5831530442962647,0.35305845415768056,642.019820230225,37.579589786747526,0.544779501388386,6.0,287.7067370166898,100525.19508280093,1.2172024083149966,340.120282632114,0.4192066898630591,-9.225829465827854e-05,120.08234121376758,8775.888577074256
1.1640625,69.12722508276764,119.81167074274886,120.233764920103,102.94370871178815,3.3874993197179717,5.927741735413229e-05,0.0056160533758454825,5.392959063519446,0.8698672670816858,0.9073880045872627,1.1679052125890135,2.605172080017508,0.3554193683417818,645.709589312008,38.077116822487966,0.5450086331076037,6.0,287.700673036962,100514.25349510538,1.2170955755124675,340.116607860399,0.43095571153500917,-0.00013011836637947388,120.88402992829249,8892.67759893201
1.171875,70.06636993685001,120.60966294841765,121.03812243498183,103.25395902882688,3.4665618487210295,6.247222723423826e-05,0.0022411867009446466,5.390313700104577,0.867221903666817,0.9071506659923622,1.1699056617356864,2.6275499574332426,0.35779142908609757,647.5544738528995,38.58890851372645,0.5452403894079869,6.0,287.69456859541043,100503.23889981206,1.2169880253207053,340.11290856881874,0.4370561848283557,-0.0002905906847946749,121.6894836074669,9010.780398462875
1.1796875,71.01174800110952,121.40647909866432,121.84187516443616,102.87999815712982,3.5465051035439177,6.578011319326548e-05,0.0011045844711592763,5.387668336689709,0.8645765402519481,0.9069130943293522,1.170607470230907,2.6369437590155487,0.36016269876829193,645.709589312008,39.112978389717654,0.5454736142807183,6.0,287.68842363799274,100492.15119940916,1.2168797566964655,340.1091847246236,-0.4373004878569895,-0.0005515007156012957,122.49464184630398,9129.602213907532
1.1875,71.96333605896466,122.19941222482097,122.64230472898288,102.50622467324224,3.627378460929177,6.919755947589477e-05,0.004376120199426333,5.385030520674026,0.8619387242362657,0.9066759680609201,1.168725750095705,2.6204978203478477,0.3625251613047567,643.8647047711166,39.64753802615977,0.5457075101523721,6.0,287.6822383156167,100480.99066618824,1.2167707722069967,340.1054364192637,-0.43165083182687286,-0.0001396210336634071,123.29677819851825,9248.732748949042
1.1953125,72.92110702473482,122.9897382214428,123.44070358646799,102.47527278458637,3.709230799829335,7.272080546097027e-05,0.007528625740735775,5.382396478357936,0.8593046819201766,0.9064389491047813,1.1669367184759196,2.6049776937113833,0.3648826017468329,643.8647047711166,40.19273013095615,0.5459424384999945,6.0,287.6760128043392,100469.75761781898,1.216661074862546,340.1016637594296,-0.42013039797737856,-7.294972524899555e-05,124.09717993096722,9368.357233448669
1.203125,73.8850472868128,123.77874777657865,124.23837292940516,102.44458057192693,3.7921123667496235,7.634507500049914e-05,0.010518407561351355,5.3797624360418475,0.8566706396040875,0.9062016980499324,1.165262374898988,2.5906067684905563,0.36723881979697715,643.8647047711166,40.748275071198385,0.5461787721224268,6.0,287.66974719263567,100458.4522139427,1.2165506661299506,340.0978667987372,-0.4028549806699926,-5.1378958318501074e-05,124.89713921863778,9488.666595889677
1.2109375,74.85514648539957,124.56642506055563,125.03528883948488,102.41396086175243,3.8760726424830043,8.006526285730088e-05,0.013303742305358668,5.377128393725759,0.8540365972879984,0.905964214555286,1.1637226596071741,2.5775844505188816,0.369593700710042,643.8647047711166,41.312650322969404,0.5464164972418011,6.0,287.66344154784485,100447.0745760625,1.2164395471032308,340.094045577994,-0.3800116295241966,-2.7622685569464802e-05,125.69661689462049,9609.653158128704
1.21875,75.83139421946541,125.35277567642824,125.83144038048366,102.38311728223336,3.96115909517207,8.387674062662347e-05,0.015845560487539843,5.37449435140967,0.8514025549719093,0.9057264982790852,1.1623353812959631,2.5660888301687788,0.37194715507660703,643.8647047711166,41.88406002415378,0.5466556023672852,6.0,287.65709593757344,100435.624826165,1.2163277188807375,340.0902001381695,-0.35189535888023515,-3.852689152164085e-05,126.49558241082606,9731.31041722341
1.2265625,76.81377676864135,126.13650266607024,126.62549254987951,102.00861432862547,4.047415884591142,8.777366107304865e-05,0.0181082574674471,5.371864082793174,0.8487722863554135,0.9054888899475414,1.161115985205721,2.556270952581795,0.3742951803328489,642.019820230225,42.45961252739537,0.546895674415138,6.0,287.6507104510038,100424.10312516717,1.2162151829406835,340.08633053330834,-0.31888052322960747,-3.180360082258101e-05,127.29267441570151,9853.425725936297
1.234375,77.80226692422546,126.91633383216326,127.41612514815192,101.63296490213735,4.134881493558748,9.175015204039105e-05,0.0200600870368856,5.369241361575864,0.8461495651381041,0.905251731622217,1.1600776793507306,2.548259477285136,0.37663380517589495,640.1749356893337,43.036324651391034,0.5471362932010583,6.0,287.6442852649925,100412.50979218146,1.216101942306211,340.08243687058547,-0.28140206082340297,-8.345735031138194e-06,128.0865422720597,9975.782926228016
1.2421875,78.79684144373653,127.69499854234328,128.20604974258086,101.94211750343835,4.223590634145414,9.580110069660568e-05,0.02167312033071277,5.3666186403585545,0.8435268439207948,0.9050143414935119,1.1592319080186961,2.5421756652518424,0.3789709269642516,642.019820230225,43.61404485601423,0.5473782609601394,6.0,287.63782053061567,100400.84509980323,1.2159879995460263,340.07851924155307,-0.23999047980389085,-8.641665712291374e-06,128.87987167760144,10098.79330087189
1.25,79.79750539865846,128.4752475304402,128.99799251683723,102.24906733698299,4.313577446510297,9.992343178987138e-05,0.022924063774673722,5.363988371742059,0.840896575304299,0.9047760350809979,1.1585879768765528,2.538119417955549,0.38131447865119766,643.8647047711166,44.19282767622998,0.5476224039901655,6.0,287.6313162149087,100389.10898855249,1.2158733539847364,340.07457762623466,-0.19522072962681977,-1.937196324427033e-05,129.67536027007392,10222.880208553483
1.2578125,80.80425780152079,129.25189408762665,129.78665201903027,101.1792560821481,4.404869511284736,0.00010411350599276266,0.023796350792609628,5.36136565052475,0.8382738540869896,0.9045381796552944,1.1581517772690255,2.5361359761373112,0.3836487306846566,638.3300511484423,44.76733233178868,0.5478670810930198,6.0,287.6247723242901,100377.30147001059,1.2157580056404733,340.0706120285198,-0.14774779851666708,-1.5792265491586967e-05,130.46765864789595,10347.200860464061
1.265625,81.81705031477824,130.02242465156436,130.56941760566636,100.79316343068751,4.497480606141434,0.00010836772303116322,0.024278534174927802,5.358758024105813,0.8356662276680532,0.9043014623620655,1.1579273168635216,2.5362585450145603,0.38596587619708916,636.4851666075507,45.33436978457332,0.5481114487472127,6.0,287.6181891729539,100365.42311109594,1.2156419599562924,340.0666226388101,-0.09828494358575844,-1.1246980292756646e-05,131.2541119721732,10471.322188207952
1.2734375,82.83586339212984,130.79495455610424,131.35441416376156,101.7783597959506,4.5914225086110205,0.00011268340407457437,0.02436325931414021,5.35614285028769,0.8330510538499303,0.9040638284324773,1.157917762834775,2.5385393440229764,0.38828974124313037,642.019820230225,45.89883453981614,0.5483580099110106,6.0,287.61156688795114,100353.47414105388,1.2155252190765546,340.0626095340984,-0.0475910806601883,-1.2003181014785287e-05,132.04282266245875,10596.52769055211
1.28125,83.86072709966194,131.56964290865034,132.1417213011897,101.38410667196408,4.686708154464294,0.00011705841895712158,0.0240507742492531,5.353520129070381,0.830428332632621,0.9038252755181603,1.1581227618292853,2.54297486311125,0.3906204417093188,640.1749356893337,46.460419865925935,0.5486067901139091,6.0,287.6049052738522,100341.45420725964,1.215407779460217,340.0585725959544,0.003549636885966061,3.828755882558131e-06,132.83382983447217,10722.82960559181
1.2890625,84.89162782326211,132.34001526837724,132.92470798039483,100.64146712712704,4.783336232350029,0.00012149215278025479,0.023348780960473766,5.350908728951851,0.8278169325140913,0.9035875199895762,1.1585385729399298,2.549510529503536,0.3929383188088693,636.4851666075507,47.01442896984999,0.5488556854407358,6.0,287.5982044191488,100329.36346938391,1.2152896425707023,340.0545118780042,0.05430205544219153,3.562156084941506e-06,133.62044820071364,10849.148388404525
1.296875,85.92852902636204,133.1062354183166,133.7034502003213,100.2387664422433,4.881294478359384,0.00012598627285550126,0.02227019697560741,5.348308649932101,0.8252168534943414,0.9033505645245516,1.1591598249509298,2.558092604263782,0.3952434820466894,634.6402820666593,47.56146947310044,0.5491046834156061,6.0,287.5914645613286,100317.20235593943,1.2151708124981444,340.0504275241651,0.10380132977052407,-6.785810625130961e-06,134.4027150461164,10975.477346802523
1.3046875,86.97141273775014,133.87244948611084,134.48204936696692,100.52113539570709,4.980566540305473,0.0001305419336304508,0.020833776510418595,5.345708570912351,0.8226167744745915,0.9031133785557782,1.1599789377588567,2.568655592030785,0.3975479071224606,636.4851666075507,48.105615083270514,0.5493550650091038,6.0,287.5846858172046,100304.97107769837,1.2150512912051252,340.046319605226,0.15118974836079235,1.3055063853230018e-05,135.18470268375293,11102.47275353526
1.3125,88.02028294666272,134.6374708640166,135.25921757495263,99.7661172715518,5.08113273637187,0.00013516217221469726,0.01906542897502075,5.343112265592195,0.8200204691544348,0.9028763064959142,1.1609847733570078,2.5810846686109357,0.39984769665144937,632.7953975257678,48.64745238778804,0.5496064018668111,6.0,287.57786816084666,100292.6695878737,1.2149310781370548,340.0421881054731,0.1956241222797239,4.740375137516359e-06,135.9650856782923,11229.914435863957
1.3203125,89.0751169888531,135.40009821539007,136.0336552859925,99.6977438265689,5.182962537869732,0.0001398515146083218,0.016997050879493433,5.340523507671225,0.8174317112334647,0.9026396940971189,1.1621632661057537,2.5952357200863485,0.40213892870853574,632.7953975257678,49.1880267569485,0.5498597322016556,6.0,287.57101173957244,100280.29815227902,1.2148101757937118,340.0380331141809,0.23627621787943512,2.4820197095503536e-05,136.74253035669432,11357.575946251805
1.328125,90.13590352425015,136.16043640335536,136.80538922067208,98.93681232837308,5.286021209392459,0.0001446160575595235,0.014665845035377713,5.337942297149441,0.8148505007116811,0.9024035430318121,1.1634975696261896,2.610940265943774,0.40442160092916357,629.1056284439849,49.729350690008864,0.5501136600213813,6.0,287.56411662709235,100267.85690391439,1.2146885853767608,340.033854676018,0.27238622490307524,3.031543085144721e-05,137.51703587818974,11485.448536835955
1.3359375,91.20261459560335,136.91723546671128,137.57308443116395,98.51936858581125,5.390266012043145,0.00014946426355800797,0.012114174618504931,5.335372407726437,0.8122806112886772,0.902168200721862,1.1649676918678444,2.6279949114598242,0.4066917126838252,627.2607439030935,50.27262826283305,0.5503676152626517,6.0,287.55718300512854,100255.34617067149,1.2145663099923976,340.0296529011079,0.3032425710747436,3.710285777232285e-05,138.2872419016382,11613.29516785515
1.34375,92.27522973677702,137.67188550271806,138.3380832713017,98.10092890761624,5.495650763751892,0.00015440479807199442,0.00938864922225609,5.3328100657026205,0.8097182692648599,0.9019333237533523,1.1665508692241802,2.646175454708278,0.4089531638915696,625.4158593622021,50.82104534305504,0.5506220144886984,6.0,287.5502110067109,100242.7661925838,1.214443351888117,340.02542787006684,0.32820917883438605,3.405740068655103e-05,139.05447453104853,11741.32751908901
1.3515625,93.3537357741853,138.42575331099866,139.1017147075646,98.0280240253282,5.602126615311214,0.0001594473588489267,0.006539419774472202,5.330251497378396,0.8071597009406358,0.9016985673808072,1.1682215229150807,2.665229555342735,0.41120982873494294,625.4158593622021,51.37759177839656,0.550877281151818,6.0,287.54320071746776,100230.11712415543,1.2143197124752774,340.0211796347854,0.34681371833471736,7.145242109128293e-05,139.82005104387338,11869.76066402865
1.359375,94.43813011232245,139.1788435696728,139.8639438237773,97.60946254452375,5.709643409152185,0.0001646020899513933,0.0036193029615571495,5.327696702753765,0.804604906316005,0.9014639322768169,1.169951413135584,2.6848748085876704,0.41346158023742374,623.5709748213105,51.94386035461755,0.5511333920493466,6.0,287.53615215426987,100217.39899582726,1.2141953919522206,340.01690820548754,0.3586311925778823,0.00010992708444890949,140.58392817408392,11998.582250264175
1.3671875,95.52839965061955,139.92979924176979,140.62337418309406,97.19158825522486,5.818147481072206,0.00016988052950059237,0.000683059406560023,5.3251494555283205,0.8020576590905606,0.901229766193653,1.1717098155392107,2.704800493455577,0.41570429900628775,621.7260902804192,52.519875813232105,0.5513898658773486,6.0,287.52906540227093,100204.61196124705,1.2140703917212379,340.0126136337762,0.3633820727984544,0.0005507751756463232,141.3447052039247,12127.546847701271
1.375,96.62452407180949,140.6772387521161,141.3785989989309,96.42823021967735,5.927583218871648,0.0001752941294695649,0.002213884211774147,5.322613529401656,0.799521732963896,0.9009964182105407,1.1708470490409544,2.698506308304137,0.4179338520207092,618.0363211986363,53.104975395050495,0.5516462096142654,6.0,287.5219405935332,100191.75625870228,1.2139447140118238,340.00829599968114,-0.3609324309917173,0.000154454937779761,142.10097686614424,12256.403202826985
1.3828125,97.7264722158745,141.42110950358355,142.12956162267898,96.01268108790786,6.03789338709129,0.00018085439664526144,0.0050162673380248265,5.3200889243737715,0.7969971279360111,0.9007638909870578,1.1692506255493782,2.684867345623204,0.42015008987823854,616.1914366577448,53.69862501926627,0.5519023818585349,6.0,287.5147779305968,100178.83225364775,1.2138183622966712,340.0039554259416,-0.3513106192088983,7.942106106771406e-05,142.852692431166,12385.129952570422
1.390625,98.8342229398563,142.162687283817,142.877557464235,95.59871792855526,6.149022738246152,0.00018656927759940793,0.007670024424307891,5.317571866745073,0.7944800703073127,0.9005318391090622,1.1677571172100387,2.672252781009765,0.4223568551860552,614.3465521168533,54.30060240594252,0.5521588060639717,6.0,287.5075775508909,100165.84019405491,1.2136913388999755,339.99959199583986,-0.33463187436942515,5.325426248762376e-05,143.6011584399048,12513.94217666139
1.3984375,99.94776853004652,142.90592504436515,143.62659521643124,96.2273492004993,6.260919393561781,0.00019244454065366003,0.010123533790783401,5.315051035416781,0.7919592389790211,0.9002992190462886,1.16639322467228,2.660940056259913,0.42456598939231227,618.0363211986363,54.912321091149344,0.5524168519032089,6.0,287.5003395045547,100152.78017039264,1.2135636446058595,339.99520573976014,-0.31123881492886335,5.026462939912274e-05,144.35040091354404,12643.536037030024
1.40625,101.06713561857863,143.65208011538166,144.37797853526183,96.16343821938533,6.373538605636804,0.00019848342919688488,0.01232927578839929,5.312522656689303,0.789430860251543,0.9000656807639515,1.1651824055453996,2.651167247814481,0.42678138776978825,618.0363211986363,55.532710005129076,0.5526769824885439,6.0,287.4930636184792,100139.65187031066,1.2134352762592266,339.99079655279843,-0.2815720050018909,1.3661886563945558e-05,145.10174398175906,12774.146284126675
1.4140625,102.19233263833308,144.3983713073446,145.12895405538586,96.10079111692104,6.486836752800896,0.00020468939777127396,0.014244690303202088,5.309994277961825,0.7869024815240648,0.8998319200809134,1.1641446700424767,2.6431274996156326,0.4289950227671583,618.0363211986363,56.15722769223983,0.5529382595656632,6.0,287.4857498378508,100126.4551949054,1.2133062327910582,339.98636440173755,-0.24619769611237707,1.0410303360809912e-05,145.85245813704677,12905.295069636793
1.421875,103.32335325440128,145.14200614797844,145.87677260324568,95.34416306562939,6.600772921669973,0.00021106611918439772,0.015833165720857335,5.307473446633534,0.7843816501957732,0.8995986354689852,1.1632965894631844,2.6369795399419913,0.4311988947044114,614.3465521168533,56.78123701454853,0.5531997285817917,6.0,287.4783982038464,100113.19021847472,1.2131765148253717,339.9819093115309,-0.20582738923057492,2.03630686117802e-05,146.59982351462756,13036.496541279608
1.4296875,104.4601622825357,145.8801870091201,146.61869320457268,94.58775004147792,6.715308167392395,0.0002176155455601532,0.01706464481785436,5.304967710103615,0.7818759136658546,0.8993665280524571,1.1626513057180072,2.632847776655501,0.4333850406316107,610.6567830350704,57.400191417138345,0.5534604199492883,6.0,287.4710089451635,100099.85735367089,1.2130461262948076,339.9774314207691,-0.16124278042501228,3.1864758072107256e-05,147.34113293012066,13167.257520634514
1.4375,105.60273074049049,146.61820011458943,147.36012966424903,95.22158527291117,6.830410831971381,0.00022433693140260215,0.017915186100086175,5.302461973573696,0.779370177135936,0.899134201266121,1.1622194991619292,2.6308529789580826,0.4355694968990075,614.3465521168533,58.01647355676847,0.5537222285337202,6.0,287.4635822501868,100086.45694040708,1.2129150704208886,339.9729308436132,-0.113316039020597,2.3510074333028424e-05,148.08183844683367,13298.540849672596
1.4453125,106.75108148053201,147.35998426421685,148.10514499474024,95.50677864408168,6.946062847206761,0.00023122835908017167,0.01836881875748636,5.299944915944998,0.7768531195072377,0.8989006036381014,1.1620081240797258,2.631075204416243,0.43776433274521365,616.1914366577448,58.63192224880742,0.5539866089310074,6.0,287.4561179703765,100072.98871066449,1.2127833444792637,339.9684074900482,-0.06308948878047445,2.8761997478567393e-05,148.82604305933384,13431.085025456718
1.453125,107.90522949849537,148.10138573984148,148.84965632286955,95.0948145741496,7.062252820656883,0.0002382865668718304,0.018418974351501388,5.2974278583163,0.7743360618785393,0.898666784023598,1.162019442105477,2.63352658081879,0.439957659481176,614.3465521168533,59.24229710487076,0.5542521373460202,6.0,287.44861600825976,100059.45248856713,1.2126509466457736,339.9638613010054,-0.011592955594795415,3.605047829824618e-05,149.56970472617348,13564.16571769395
1.4609375,109.06515029317019,148.83689679703483,149.58822122848844,93.9850702318967,7.1789725700267475,0.0002455068749537013,0.018067626811693695,5.294925895485974,0.771834099048214,0.8984341463189689,1.1622519295547582,2.638177832357893,0.44213359060727053,608.811898494179,59.84280744000622,0.5545168735916782,6.0,287.44107652309435,100045.84856147312,1.212517879626612,339.95929237299515,0.04007848034508425,2.1244261162060846e-06,150.30742259717923,13696.79675186747
1.46875,110.23079039167057,149.56640997632687,150.3208374503166,93.57026848082687,7.296218622287253,0.00025288586509908823,0.01732465678470425,5.292439027454022,0.7693472310162617,0.8982026941909811,1.1627009741013905,2.644982799104094,0.4442922407461639,606.9670139532875,60.433809366505095,0.5547808005381593,6.0,287.43349986245414,100032.1775565298,1.2123841494519416,339.9547009166472,0.0907856870521964,-9.479714090371983e-06,151.03923582244917,13828.969331302547
1.4765625,111.40211306052115,150.29116610758157,151.04885848690228,92.80569381694077,7.413997762361695,0.0002604226045678443,0.016208787321577933,5.289963480520849,0.766871684083089,0.897972079582097,1.16335804404749,2.6538596446539295,0.44643770825051243,603.2772448715046,61.0174853686409,0.555044392188669,6.0,287.4258862651066,100018.43990455929,1.2122497602320788,339.95008707665465,0.13933185129849698,-1.1002130554919056e-05,151.76653779406385,13960.924062314343
1.484375,112.5790771898657,151.01105625912015,151.77227361181096,92.38886935216773,7.532324174813398,0.0002681162512716937,0.014747376940970934,5.287499254686456,0.7644074582486962,0.8977423051499788,1.1642104599491268,2.6646815479914796,0.44857007083727757,601.4323603306132,61.595491592479014,0.5553076349022472,6.0,287.41823599826586,100004.6360877113,1.2121147165798665,339.9454510149491,0.18464244263169555,5.143462455560679e-06,152.489355042586,14092.653813701043
1.4921875,113.76165137658658,151.72732257897542,152.49242615197772,91.97180860327302,7.651220727768258,0.0002759648460254858,0.012975669137159798,5.28504257625125,0.7619507798134898,0.8975130211802749,1.1652416755981523,2.677286544178774,0.45069337993982655,599.5874757897218,62.17123706465594,0.5555721382916411,6.0,287.41054926605216,99990.76647429177,1.2119790219948063,339.94079285522764,0.2255857095121044,4.826845666297586e-05,153.20906491134699,14224.402439489399
1.5,114.94981040564484,152.44120880946792,153.21065237281252,91.90424763472951,7.77071790276707,0.0002839611751349465,0.010936228459258434,5.282589671515637,0.7594978750778767,0.8972838766465174,1.1664311814742234,2.69147304827706,0.4528116545371477,599.5874757897218,62.74845814283835,0.5558395796062363,6.0,287.4028262323633,99976.83136003086,1.2118426792665544,339.9361126968122,0.26124185564945535,4.762893207570462e-05,153.92703362716983,14356.416456952476
1.5078125,116.14354230906015,153.15396105947877,153.9282805338869,91.8379496371209,7.890853908088799,0.0002920969293934127,0.008677916637717815,5.280136766780024,0.7570449703422636,0.8970545192130811,1.1677547051116353,2.7070018589855414,0.45492887647795793,599.5874757897218,63.33059780586615,0.5561081283908861,6.0,287.3950669749911,99962.83088529292,1.2117056896646459,339.9314105868446,0.29071450096195783,4.41081170658762e-05,154.64461469784064,14488.94464467042
1.515625,117.34283782859296,153.86547841359183,154.64526900069527,91.77348238763398,8.011672403701452,0.00030036505356572296,0.006255274717232064,5.277683862044411,0.7545920656066505,0.8968249485831176,1.16918410462426,2.7235915604114234,0.45704498067057986,599.5874757897218,63.920054042820254,0.5563777746794902,6.0,287.38727155411414,99948.76515866158,1.2115680541474223,339.9266865617932,0.3132987376563336,6.375295986018268e-05,155.36178588904903,14621.981415899345
1.5234375,118.54768695053633,154.57566895097418,155.36157129038122,91.71122747503141,8.133220959661312,0.0003087598239918288,0.0037267336689759665,5.275230957308797,0.7521391608710374,0.8965951644592279,1.1706881083543277,2.7409294389509973,0.45915987024077287,599.5874757897218,64.51884181279512,0.5566485042769718,6.0,287.37944003482147,99934.63429758087,1.2114297737596649,339.9219406611018,0.32840791647530965,0.00012024838441245166,156.0785141659432,14755.519067153966
1.53125,119.7580754665031,155.28310046022435,156.07577379643,91.30161426917405,8.25554938694998,0.0003172753192481512,0.0011535398564843354,5.2727818262727775,0.7496900298350175,0.8963655205507604,1.1722325718646325,2.7586705131387212,0.4612694053257633,597.7425912488302,65.12719466928662,0.5569197816687982,6.0,287.3715725094677,99920.43846869131,1.2112908500273682,339.91717294073743,0.33562690537103795,0.0004597946854268862,156.7933922223886,14889.28878285281
1.5390625,120.97397099946825,155.98500570398934,156.7850992750408,90.54448532725017,8.378706496275175,0.0003259042210007827,0.001401643363007368,5.270344016335538,0.7472522198977775,0.8961367262167347,1.1721257774096336,2.7598905119289894,0.4633654116805137,594.0528221670475,65.74336179503484,0.5571905393604997,6.0,287.3636691885034,99906.17805172117,1.2111512865618879,339.9123835282331,-0.33478698405615337,0.00038721757973917347,157.5036415288644,15022.755453841433
1.546875,122.19531962253592,156.67863468803694,157.48677403076343,89.43977411019486,8.502738339697723,0.0003346372016298987,0.0038764381151519117,5.267925074896263,0.7448332784585037,0.8959094934329139,1.1707180216338837,2.748085282009698,0.4654397093811717,588.518168544373,66.36454971294798,0.5574596902507796,6.0,287.3557304224535,99891.85367914257,1.2110110894486559,339.9075726360069,-0.3258473895637801,0.00015386164420328388,158.20648182416255,15155.374415127046
1.5546875,123.42206010917394,157.36667561439992,158.18349971220744,89.38731853115927,8.627689184631064,0.0003434654219675699,0.006209849060027821,5.26551745455577,0.7424256581180095,0.8956831168261921,1.1694054561425098,2.7372233931631773,0.4675002249776521,588.518168544373,66.99183925018924,0.5577282324268292,6.0,287.34775660929034,99877.46606904014,1.2108702656119763,339.90274050523,-0.30905072344124357,9.627845740787854e-05,158.9046076567155,15287.645369169768
1.5625,124.65416996487453,158.0531967795031,158.87935639116068,89.33590938060505,8.753606952385512,0.00035238164152247037,0.008344530962153736,5.263109834215276,0.7400180377775154,0.8954565331065883,1.1682187423482413,2.7276220924165293,0.46955892824789025,588.518168544373,67.62691455020814,0.55799771269639,6.0,287.3397478952283,99863.01548523673,1.2107288175306188,339.8978872245084,-0.28484099082690734,7.751137827966708e-05,159.60208763886243,15420.342480312886
1.5703125,125.89163744563447,158.73823694242841,159.5743400552663,89.28448147044085,8.880537976739284,0.00036138007121829885,0.010228031334803718,5.260702213874781,0.7376104174370213,0.89522974198974,1.1671847429364275,2.7195500094668743,0.47161574641014364,588.518168544373,68.26738305816227,0.5582681185571586,6.0,287.3317043566033,99848.50206546983,1.2105867464491853,339.8930128401016,-0.2537490402339986,5.846901305077537e-05,160.29889695017707,15553.458940918536
1.578125,127.1344441907286,159.4191607631602,160.2657279282786,88.53126900921032,9.00852314902307,0.00037045599691887634,0.01181454125915514,5.258302140933473,0.7352103444957137,0.8950034551105414,1.1663259816271814,2.7132252651664,0.4736625822202721,584.82839946259,68.90815350528302,0.5585383755376478,6.0,287.3236261127602,99833.92602507999,1.210444054371829,339.8881174243327,-0.2166407937574708,8.382419781628733e-05,160.99228336519647,15686.456373415365
1.5859375,128.38255139437751,160.09607824092393,160.95355402861603,88.47636424964126,9.137594552905567,0.0003796093369636968,0.013065685262285798,5.255909615391353,0.7328178189535925,0.8947776741345943,1.1656609061141914,2.7088323197959707,0.4756994427739205,584.82839946259,69.54660324484703,0.5588084677834991,6.0,287.31551341593655,99819.28781919395,1.2103007456503003,339.88320113005756,-0.1744299013205137,5.1809676968618795e-05,161.68224938578473,15819.326527243542
1.59375,129.63593533373535,160.7691271437287,161.6378659063685,87.71661262395386,9.267779761072372,0.00038884249930117606,0.013951855924149112,5.253524637248418,0.730432840810658,0.8945524007261794,1.16520335757822,2.7065095685204055,0.47772636287473,581.1386303808073,70.18039173646316,0.5590783832320383,6.0,287.3073664203307,99804.58772604095,1.2101568229049158,339.8782640507204,-0.12821442365317706,4.103861902086876e-05,162.36880690512777,15952.063031233465
1.6015625,130.89455936141115,161.43847366933693,162.31872803733881,87.65293923115344,9.399096640308569,0.0003981575567779072,0.014452893025618972,5.25114720650467,0.7280554100669099,0.8943276365482277,1.1649625077733827,2.7063487122515504,0.47974341838569284,581.1386303808073,70.80768607569544,0.5593481154787217,6.0,287.2991853641508,99789.82617543345,1.210012290240375,339.8733063306754,-0.07918924068307019,2.1984581266177763e-05,163.05198179712596,16084.662378472505
1.609375,132.15840584560684,162.10565565512985,162.99758194469706,87.23256797824894,9.531557625613187,0.00040755639910988023,0.014558554004696534,5.248773549460515,0.7256817530227551,0.8941030260095876,1.1649429046795827,2.7083987866999513,0.4817547359003356,579.2937458399157,71.42859194231964,0.5596182034412773,6.0,287.2909703620035,99775.00337416293,1.209867149578067,339.86832803937415,-0.02863986401436525,5.490448738040284e-05,163.7331766154973,16217.393876586983
1.6171875,133.42745156865394,162.76951153429948,163.6731341694254,86.80577179918149,9.665165444237436,0.0004170432687677587,0.014269088275029906,5.246407439815547,0.7233156433777868,0.8938789273790101,1.1651440388538543,2.712651114748442,0.4837563829957124,577.4488612990243,72.04148507779007,0.5598881063570855,6.0,287.28272156480375,99760.1195945337,1.2097214034809398,339.86332926827106,0.022089980121092364,4.094509987385539e-05,164.41105487969963,16349.98658427442
1.625,134.7016748478088,163.43159460592844,164.34683280533164,86.72358785363616,9.799914035997668,0.0004266249746154773,0.013595379014572593,5.244045103870172,0.7209533074324117,0.8936549844197496,1.1655605873982393,2.7190560297848974,0.48575250458514635,577.4488612990243,72.64810213670046,0.5601583706458501,6.0,287.2744391134892,99745.17509084802,1.2095750543358166,339.85831010277445,0.07162221395967064,1.7926841409417195e-05,165.08702533649804,16482.71351401005
1.6328125,135.98105903767194,164.08937724038722,165.0160014147082,85.58197065487072,9.935789185946165,0.000436308362009724,0.012559127348226336,5.241694089023577,0.7186022925858164,0.8934319142642521,1.1661817975579671,2.7274988329371506,0.48773510062333186,571.91420767635,73.24713425402145,0.5604278975214557,6.0,287.26612311625513,99730.17005832853,1.20942810395105,339.8532706084506,0.11852854901766714,2.5609532393877927e-05,165.7583691373811,16615.024686852466
1.640625,137.26555355225153,164.74031732437115,165.67795412739636,84.7867290938458,10.072762799130937,0.0004461005001493319,0.011192279501894623,5.239361942674948,0.7162701462371873,0.8932104366097133,1.1669918160446722,2.7378137943495884,0.48969615218653006,568.224438594567,73.8378919093401,0.5606955681237011,6.0,287.25777390191035,99715.10509026414,1.2092805580337664,339.8482109845577,0.16150115024600775,4.778778874463413e-05,166.42236124661395,16746.360428281183
1.6484375,138.555137387406,165.3954376636387,166.34372530678397,86.44967310508704,10.21080344952649,0.00045601083356938834,0.009535117271708927,5.237018475227539,0.7139266787897786,0.892987685125642,1.1679712584375026,2.7498357331186063,0.4916680663454617,577.4488612990243,74.4330770382743,0.5609657972109388,6.0,287.2493916069818,99699.98043299823,1.2091324188937422,339.843131313831,0.19933269728233652,6.910750063159982e-06,167.0900152338581,16878.92825026251
1.65625,139.8498790833897,166.05893368917873,167.01745863630455,86.7037032738105,10.349886391612245,0.00046604850028847834,0.0076367627012427445,5.23465236558257,0.7115605691448103,0.8927625791091882,1.1690953421531927,2.7633276304400445,0.4936629657076874,579.2937458399157,75.03927415451419,0.5612402740611842,6.0,287.24097578595797,99684.79528266849,1.2089836785537038,339.83803132629055,0.23088988979930625,-1.5327295532265937e-05,167.76545040479857,17013.571732724427
1.6640625,141.14979837761638,166.71864525089126,167.68678481710933,85.19650112706456,10.489973267792092,0.00047621875461767004,0.005554166007309213,5.232297577036382,0.7092057805986217,0.8925383480224196,1.1703334649911008,2.777951169686812,0.49564435337626217,571.91420767635,75.64734359403573,0.5615139850851874,6.0,287.2325263105455,99669.54940778812,1.2088343346410826,339.8329109441906,0.25531226330460277,-1.1725451943320157e-05,168.43626340090623,17147.783356506385
1.671875,142.45482691706547,167.36645082042352,168.34343891104857,83.33747409780112,10.6310076828157,0.0004865259009905635,0.0033490137924640055,5.229976751786532,0.7068849553487724,0.8923171534659435,1.1716517948041447,2.793346413382012,0.49758784425373487,562.6897849718927,76.25151420740153,0.5617835196409654,6.0,287.22404362503903,99654.24361002349,1.2086843949036878,339.8277704367737,0.27183134250665986,-2.7149090836614347e-05,169.0941677091873,17279.858278322423
1.6796875,143.76486819864132,168.00236019446064,168.98739442420086,81.83294697380725,10.772925986312442,0.0004969739111955305,0.0010863005282472672,5.227689889833022,0.7045980933952624,0.8920990037951254,1.1730140301023644,2.8091502630723895,0.4994933382398223,555.310246808327,76.85319183082704,0.562048802597907,6.0,287.21552835670883,99638.87902119423,1.2085338703253121,339.82261018416557,0.2799567920826325,-0.00016563062443992595,169.7391299702587,17409.75960314451
1.6875,145.0798505214018,168.6331702632469,169.6254999416955,81.74257825007028,10.915666692196131,0.0005075659962038309,0.0011673696132034493,5.225418122677885,0.7023263262401254,0.8918821049996157,1.173005080067704,2.8112297506808837,0.5013809995682516,555.310246808327,77.46027723534823,0.5623174436656326,6.0,287.20698097161085,99623.45648223218,1.2083827690419253,339.81743046879615,-0.2794791680889713,-0.00016728961711147107,170.37800295915983,17538.868627913515
1.6953125,146.39976230431097,169.26429335251063,170.26321997730182,81.65558329952073,11.059176811051312,0.0005183034952276978,0.003345332099194963,5.223146355522749,0.7000545590849884,0.891665017527195,1.1717706815440134,2.8010566401681847,0.5032669299307391,555.310246808327,78.07732688138304,0.5625886030882896,6.0,287.19840154502197,99607.97612896354,1.2082310922822117,339.8122313362833,-0.27041273294102924,-5.775889863182763e-05,171.01625841752536,17668.30195567334
1.703125,147.72461287887822,169.89839957269513,170.903265881074,82.27846653643262,11.20340711583108,0.0005291893287990059,0.005382752660552467,5.220867040968425,0.6977752445306649,0.8914470189679324,1.1706291208046478,2.7918210183671532,0.50515913834239,559.0000158901098,78.70548480273563,0.5628616579602852,6.0,287.18979001628725,99592.4378519453,1.2080788388714088,339.80701274987007,-0.2530179874225615,-4.89131816123474e-05,171.6566177634259,17798.622163747845
1.7109375,149.0544216646658,170.5313009967227,171.54145021852068,81.13776317610633,11.348311970280138,0.0005402246845450995,0.007219226923636152,5.218591500113694,0.6954997036759346,0.8912291913764424,1.1696127709849196,2.7838357960847713,0.5070453427569188,553.4653622674355,79.33869922216313,0.5631348362934341,6.0,287.1811462591796,99576.84142341856,1.2079260064746624,339.80177463306285,-0.22785422724439,-5.476344912691524e-05,172.29490728823063,17928.964918089878
1.71875,150.3891361244208,171.15332133806803,172.16807270687514,79.29303239465075,11.493839592613547,0.0005514142125887674,0.008801115828875486,5.216346148855711,0.6932543524179503,0.8910140674215081,1.1687490513411638,2.7773498391965568,0.5088970518356792,544.2409395629782,79.96494961738684,0.5634039801776793,6.0,287.17247061519123,99561.18745955724,1.2077726010267889,339.7965171928059,-0.1956925079743643,-4.6341226988872904e-05,172.9214458234506,18057.30333879306
1.7265625,151.7286708084636,171.76708363383628,172.7858641137379,78.86471348156638,11.63993914423316,0.0005627643132141088,0.010082166004416209,5.214123439795285,0.6910316433575255,0.8908009302997544,1.1680616584797736,2.7726072818001923,0.5107223878870047,542.3960550220868,80.5841823772381,0.5636702232863253,6.0,287.16376363974496,99545.4769625429,1.207618632246801,339.7912407656854,-0.1575259240409458,-4.47027798377307e-05,173.538993866939,18184.18997084569
1.734375,153.07298923855922,172.3779390625257,173.40032248052336,78.43681687902404,11.786573129341756,0.0005742799717728174,0.011025631532438915,5.211908278134048,0.6888164816962873,0.8905883360361838,1.167569178164958,2.7698084212877414,0.5125376327320514,540.5511704811953,81.19929390705805,0.5639359127983165,6.0,287.1550255699493,99529.71036020409,1.2074641042263203,339.7859454953893,-0.11461517534905168,-1.1626992679243685e-05,174.15308413982868,18310.768545145973
1.7421875,154.42205748865118,172.98164484573695,174.00728243050187,76.94688152806704,11.933712127870141,0.0005859648222681963,0.011605759944872604,5.209711984970776,0.6866201885330152,0.8903773741404868,1.1672837584294071,2.7690638428892034,0.5143306323826194,533.1716323176295,81.80406687158103,0.5641992455091849,6.0,287.14625662632375,99513.8880504366,1.2073090207642139,339.78063151555216,-0.0682693250837392,-3.2698830158746044e-05,174.75958707875975,18436.160050209113
1.75,155.77581205265352,173.57944157571856,174.60811849556532,76.87138161007061,12.081331360717702,0.0005978222516506133,0.011807843267438433,5.207530786605877,0.6844389901681162,0.8901676860372949,1.167212391079072,2.7704470504177703,0.5161055474248744,533.1716323176295,82.39843964319756,0.5644608024333154,6.0,287.1374572216577,99498.0107780604,1.2071533890606438,339.7752990763246,-0.019946342684718302,-5.068274902571599e-05,175.3599167312369,18560.647530179507
1.7578125,157.13423123330887,174.17530667939482,175.2069700854059,76.43961045247909,12.229420669484986,0.0006098592353456929,0.011628809117846759,5.2053533619405705,0.6822615655028104,0.8899581854409323,1.1673565816439377,2.773983962030054,0.517874681059828,531.326747776738,82.98598653242247,0.5647223790346992,6.0,287.1286274969835,99482.07879754795,1.206997211510285,339.76994826317195,0.02883782526982484,-3.697454603881716e-05,175.95825359050446,18685.10561085226
1.765625,158.49728868755278,174.76635963323616,175.80106202925413,75.65156135362196,12.377978609076324,0.0006220814340159246,0.011078157564008933,5.203187258374045,0.6800954619362843,0.8897496001243559,1.1677111680765235,2.7796156795216764,0.5196299817415608,527.6369786949551,83.56425969214742,0.564982770524892,6.0,287.1197676235309,99466.09241785925,1.2068404910422452,339.76457917985977,0.07646933231151935,-1.712144690633586e-06,176.55186207565964,18808.946969668683
1.7734375,159.86494272339212,175.3524672238132,176.39038585361862,75.21647219854083,12.527010949609222,0.0006344886427832352,0.010177464294796039,5.201032475906298,0.6779406794685381,0.889541932593225,1.1682651904465429,2.7872325785331786,0.5213715371053371,525.7920941540636,84.13443301226286,0.5652419698385559,6.0,287.1108778722979,99450.05212797153,1.2066832323509646,339.7591919906125,0.12138888517328339,-3.48719679153299e-05,177.140772173813,18932.167983109543
1.78125,161.23716134155606,175.93487122605526,176.9763116114001,74.78089699556764,12.676533556077889,0.0006470806796065917,0.008959462061529179,5.198885240837739,0.6757934443999783,0.8893348212034043,1.1690021009581402,2.796672797547358,0.5231034843546418,523.9472096131723,84.69979192407882,0.5655005758682243,6.0,287.10195845127987,99433.95830318259,1.2065254390171054,339.7537868214756,0.16216665611574213,-1.993758924026805e-05,177.72638970899808,19055.060202507644
1.7890625,162.6139115338172,176.5120721142127,177.55743244414725,73.99137838681303,12.8265702398204,0.0006598576779898971,0.007467537537041131,5.196749326867959,0.6736575304301984,0.8891286319885418,1.1698994148721569,2.807707828836151,0.5248217731308922,520.2574405313893,85.26128143651029,0.5657579671558752,6.0,287.0930095750302,99417.81133062363,1.2063671147379322,339.7483638024683,0.1973731233887935,2.0686132862778523e-06,178.30733870913085,19177.32067613424
1.796875,163.99515219354922,177.08532850729773,178.13510791138233,73.91400041807384,12.977150777073755,0.0006728166762350141,0.005753902159214362,5.194620960297365,0.6715291638596048,0.888923002694205,1.1709297827291165,2.8200678003491153,0.5265304822089674,520.2574405313893,85.8228376065405,0.5660147381264754,6.0,287.0840315107419,99401.61169240648,1.206208264142706,339.7429230955096,0.22591175059994187,3.198796766344921e-05,178.88500512456278,19299.238780373063
1.8046875,165.38085565977036,177.65316027424473,178.70791573038386,72.77468592615222,13.128312546037424,0.0006859501567799298,0.0038780508645943628,5.192503914825551,0.669412118387791,0.888718299943647,1.1720610463828958,2.833427464392487,0.5282254815473273,514.722786908715,86.3853925542756,0.56627025167337,6.0,287.07502443821147,99385.35971294812,1.2060488903150641,339.7374648095562,0.24676739708876572,4.8842723264814783e-05,179.45798594869598,19420.50399904243
1.8125,166.77095773696806,178.2113610797692,179.27166062893951,71.64000184286708,13.280092184881747,0.0006992489008910451,0.0019051443493078436,5.190409511551297,0.6673177151135368,0.888515622209866,1.1732567832542138,2.8474116104434777,0.5298944543083767,509.1881332860406,86.94651020947778,0.5665226231557375,6.0,287.0659887747097,99369.0561451543,1.205889000541452,339.7319891974741,0.25924907200005043,9.354620937652755e-05,180.02209702689484,19540.198484278306
1.8203125,168.16539009565503,178.762620786275,179.82908372771863,71.2210605345078,13.432528351240254,0.0007127047390819077,9.692089598933066e-05,5.188330203075416,0.6652384066376555,0.8883142433490685,1.174364199596082,2.8604995624701357,0.5315454876672209,507.34324874514914,87.51014243211809,0.5667730448913924,6.0,287.0569249643782,99352.70179041543,1.2057286025853857,339.7264965284132,-0.2630021173732715,0.002074331574951751,180.5800862706718,19658.903015302614
1.828125,169.56411266581486,179.30965061225132,180.38292782965053,70.80668349227926,13.585664649751727,0.0007263112478507633,0.0020593798172601485,5.186258441998721,0.6631666455609608,0.8881134348478945,1.1732574964833975,2.85144061635503,0.5331866560495387,505.49836420425765,88.07932808536212,0.5670227224839053,6.0,287.04783326767216,99336.29711868564,1.2055677009611305,339.7209869602093,-0.2578698512771649,0.0001027367457817894,181.13469702716296,19777.204597826207
1.8359375,170.96708874655093,179.85106167157159,180.9317784777745,70.0408315503047,13.73954474573146,0.0007400630819712065,0.003914557841101844,5.184198002020806,0.6611062055830459,0.8879135644758926,1.1722219099496123,2.8430834547371964,0.5348137742529103,501.8085951224748,88.65171717576241,0.5672710029506911,6.0,287.0387139231474,99319.84256040494,1.205406299796209,339.7154606374273,-0.24411303030424072,8.488107624311084e-05,181.6845076755685,19894.785176283916
1.84375,172.37427808526257,180.38962625008742,181.47840174876873,70.34414632748376,13.894209911540742,0.0007539552241042666,0.0055991026148498,5.182141335742484,0.6590495393047241,0.8877139016647132,1.171292807345547,2.8357890568083386,0.5364349513998925,503.6534796633662,89.22848165825609,0.5675191101513607,6.0,287.02956719244577,99303.33858766888,1.2052444036275496,339.70991771862214,-0.2222439350704549,6.745401097381067e-05,182.23227320145054,20012.240492514822
1.8515625,173.78566579703767,180.924024206714,182.02140698670433,69.22560689862358,14.04970163057527,0.0007679889655256324,0.007055714498085383,5.180092216863349,0.6570004204255888,0.8875148138874053,1.1705009838748428,2.829861699874375,0.5380460331063962,498.1188260406919,89.80587634343253,0.5677663975455499,6.0,287.02039317231925,99286.78537505254,1.2050820140741485,339.70435826242544,-0.1930178061624792,6.25712940061855e-05,182.77658239205203,20129.25557375986
1.859375,175.20119462338596,181.4502300521285,182.55664756628678,68.46169523827689,14.206049929404827,0.0007821679842727659,0.00823566981593874,5.17806196648218,0.6549701700444198,0.887317403930237,1.1698716872905082,2.825542833602712,0.539634727297253,494.429056958909,90.37696057006717,0.5680109566955042,6.0,287.01119223494794,99270.18359410204,1.2049191376309776,339.69878249437846,-0.15757157766221425,5.2903502740181846e-05,183.3132598545628,20244.901481733556
1.8671875,176.62081182043966,181.97113069293525,183.0869422537991,68.04957573317229,14.36327890500442,0.0007964981021742042,0.009100178093645469,5.176043037199791,0.6529512407620306,0.8871209412009036,1.1694250802120385,2.8230413901113494,0.5412092465176102,492.5841724180175,90.94221782309039,0.5682540276016343,6.0,287.00196472316713,99253.53386341459,1.2047557802748878,339.6931906222393,-0.11716231507038113,3.467654353983847e-05,183.84509574382503,20359.781891913764
1.875,178.0444837282655,182.48826515786038,183.61373293703315,67.63128241090583,14.52140779170793,0.0008109823760737977,0.00962191239465361,5.174031655316588,0.6509398588788279,0.8869250604491592,1.1691750271163184,2.822499666671592,0.542773736461188,490.7392878771261,91.5011191175785,0.5684962344222648,6.0,286.99271085576623,99236.83657776477,1.204591945787784,339.68758277859433,-0.0732305780040602,6.101810463383814e-06,184.37349853420673,20474.2005312762
1.8828125,179.4721816348111,183.00181839728447,184.13708140114971,67.20524194354567,14.680447947810578,0.0008256218694971546,0.009785633961591983,5.172027820832572,0.6489360243948117,0.8867297632115202,1.1691290170624642,2.8239925385094398,0.5443282693106579,488.89440333623463,92.05234905825706,0.5687375753568857,6.0,286.9834308193737,99220.09207389684,1.204427637382841,339.68195907654047,-0.027399665974448786,8.968857982295758e-06,184.898492900187,20588.156427804166
1.890625,180.9038819135321,183.51336452595731,184.65844684455115,67.12639518428627,14.840402320130336,0.0008404169029207929,0.009589388044698891,5.170027760048149,0.6469359636103887,0.8865346828034136,1.1692878994392577,2.8275321663584405,0.5458770312246838,488.89440333623463,92.59694548309088,0.5689786901689415,6.0,286.97412476756205,99203.30062891058,1.204262857688489,339.67631960914264,0.018661454293661235,-1.525816901240483e-05,185.42150092556562,20701.96074187943
1.8984375,182.33956606775078,184.0203455089585,185.17510928282277,65.97143247427525,15.001265245135734,0.0008553661180645761,0.009044540054063598,5.168039020362506,0.6449472239247455,0.886340556909165,1.169645393964859,2.8330483705569396,0.5474118959182883,483.3597497135603,93.1323694371255,0.5692183011177461,6.0,286.9647928205596,99186.46245974103,1.2040976087431203,339.6706644492591,0.06326405359680062,2.343997864406889e-05,185.93976241399366,20814.991681025174
1.90625,183.7791848392929,184.52157551783958,185.68573956427477,65.52147992960627,15.163017082164474,0.0008704703147548002,0.008174824504406658,5.1660653754752355,0.6429735790374752,0.886147756691344,1.1701890197766571,2.840412630853131,0.5489288402728332,481.5148651726688,93.65837888213018,0.5694557598320013,6.0,286.95543529854456,99169.57814410402,1.2039318961264451,339.664993790918,0.1048060018467473,4.543176897483223e-05,186.4519111229277,20926.933934896075
1.9140625,185.2227047407257,185.01860088165893,186.19177986759,64.70960524153863,15.32563193781707,0.0008857374767263655,0.007016228766523267,5.1641030516867445,0.6410112552489847,0.8859559162968358,1.1709000649499761,2.8494414865314033,0.5504320165984542,477.82509609088595,94.17888586101697,0.5696947381862879,6.0,286.94605241918526,99152.648074751,1.203765723603865,339.65930776602625,0.1416383979469412,0.00010457904985144257,186.9593577300888,21038.094043277462
1.921875,186.67008271170067,185.50880172473094,186.69047547921423,63.537698825593495,15.489074684130914,0.000901181923046707,0.005615410311140916,5.16215959639622,0.6390677999584605,0.8857657767674213,1.17175351688124,2.8598774011381876,0.55191322544855,472.29044246821155,94.69386391261926,0.5699382725232963,6.0,286.9366444623739,99135.67275670773,1.203599096043638,339.6536065441986,0.17247040775528144,9.066841793665846e-05,187.4593175230414,21147.835345066516
1.9296875,188.12126587315,185.99366416088995,187.1832408334725,63.07895242040065,15.653302157712016,0.0009168186175600053,0.0040279154551169155,5.160231235904069,0.6371394394663094,0.8855769724928018,1.1727194826989276,2.871425102061258,0.5533765676043025,470.4455579273202,95.20588038092059,0.5701794701986624,6.0,286.9272117718245,99118.65281015703,1.2034320194455503,339.6478903337256,0.19607938824875282,0.00012054633736030632,187.95318374691965,21256.46001299816
1.9375,189.576230777506,186.47739588722425,187.6742623208473,62.97931083464758,15.818270549913109,0.0009326614112800958,0.0023163116903277144,5.158306649111512,0.6352148526737514,0.8853883969486234,1.1737637743301597,2.883753773815363,0.5548343292681392,470.4455579273202,95.72150644243345,0.5704203419889665,6.0,286.91775449994617,99101.58851009958,1.2032644964219208,339.64215922696735,0.21160519006283565,0.0001849971305653297,188.44512960587699,21364.903814800975
1.9453125,191.0349723120063,186.96002194952584,188.1635237948632,62.52609434238036,15.983935302903186,0.0009487211902123912,0.0005476052307050167,5.156385836018547,0.6332940395807868,0.8852000508050294,1.1748484135186348,2.8964836271360537,0.5562864358336296,468.6006733864287,96.2421274558759,0.5706608687915209,6.0,286.90827267997196,99084.47991649952,1.203096527474281,339.636413244063,0.21851275847984902,0.0006670051699713825,188.93512980285757,21473.157534769576
1.953125,192.4974746211203,187.44014980306483,188.64960293853494,62.07789465899964,16.150248516568873,0.0009650044110886807,0.0012096902885370636,5.154472570324769,0.6313807738870085,0.8850123051768383,1.1745070620200573,2.89494756843219,0.5577286911089037,466.7557888455372,96.76673287550426,0.5709003462125404,6.0,286.8987664149627,99067.32721531566,1.2029281143411925,339.6306524474674,-0.216628807506033,0.00028123099432350807,189.42175924998898,21580.892980344386
1.9609375,193.96371444895,187.91635696532472,189.1310704859216,61.27737354764607,16.31716113169888,0.0009815140028843557,0.002887513189395219,5.15257062572977,0.62947882929201,0.8848255322762401,1.173573192922134,2.8874766064589394,0.5591568966093515,463.0660197637543,97.29327796831981,0.5711380627816578,6.0,286.8892358560818,99050.1306793007,1.2027592596137289,339.6248769287856,-0.2060191946083178,7.962925134491814e-05,189.90359219483273,21687.77870326051
1.96875,195.43365011687098,188.38581048963556,189.6050981356009,60.1244715124947,16.484622925641787,0.0009982561474482605,0.004421435878559626,5.150687549632738,0.6275957531949778,0.8846404763915814,1.1727286097245884,2.88088133333007,0.5605627520387424,457.53136614107996,97.81725306554603,0.5713726153158861,6.0,286.87968127424034,99032.89079727506,1.202589968005243,339.61908685218964,-0.18720247790211358,6.060211793215844e-05,190.3778099707481,21793.161342886
1.9765625,196.90722853491096,188.8498080294244,190.07305437629233,59.69264826804044,16.652585292917067,0.001015235933645338,0.005753353168030672,5.148819568334079,0.6257277718963187,0.8844567701832076,1.172005439230658,2.8754866904745047,0.561950338949085,455.68648160018853,98.33818277780222,0.5716046609204692,6.0,286.87010301452307,99015.60819189514,1.202420245544504,339.613282426801,-0.1610207778618514,9.457257480856038e-05,190.84579917135213,21897.34667250106
1.984375,198.38442470502136,189.31239754347968,190.53910650334788,59.621909784979216,16.821008483444256,0.0010324494343109292,0.006833100621082564,5.146955360735013,0.6238635642972528,0.884273302157531,1.1714311086629006,2.8715780650536957,0.5633320002582244,455.68648160018853,98.85844156088265,0.571836249666839,6.0,286.8605012394173,98998.28315634617,1.2022500950258181,339.6074637510869,-0.12846048015479666,4.090588336723289e-05,191.31175185752224,22001.28878795647
1.9921875,199.86522353388833,189.7706804009758,191.0004298123397,58.477397699005664,16.989860452768223,0.0010498908079552415,0.007621190125529945,5.145102474234727,0.6220106777969666,0.8840908165680859,1.171026151700442,2.8693533513235625,0.5646994995370166,450.15182797751413,99.37266646776972,0.5720659894639808,6.0,286.8508760470297,98980.91586764742,1.2020795181030486,339.6016308845,-0.09093861387338306,-2.259352442817098e-05,191.7728710024318,22104.33947760172
2.0,201.34957642276018,190.22313939215803,191.4556101506016,58.049624568320276,17.159112065947863,0.0010675598398934517,0.008089840550787866,5.143264682532814,0.6201728860950534,0.8839096877426341,1.1708048006578802,2.8689511291524603,0.5660487663062184,448.30694343662276,99.87742608448615,0.5722931780015558,6.0,286.84122775325204,98963.5068957808,1.20190852029027,339.59578401847074,-0.0498929266462408,-4.269441195787077e-05,192.22777458644836,22206.171753758128
2.0078125,202.83745178623,190.6724104484644,191.90743544797616,57.62009318518347,17.32874501193124,0.0010854626179573267,0.00822394190723798,5.141434438230087,0.6183426417923267,0.8837291740812955,1.1707750001132047,2.870458260319092,0.5673881145608665,446.4620588957313,100.37466442639483,0.5725191993043918,6.0,286.8315565633895,98946.05661119022,1.2017371051427073,339.5899232774141,-0.007064141363803673,-1.7375769142965364e-05,192.67928629224127,22307.429700827593
2.015625,204.3288241649608,191.11835169193725,192.35589531576363,57.18827910205396,17.498750836419106,0.0011036040451993722,0.008022070513835251,5.139611741326546,0.6165199448887865,0.8835492770365007,1.1709372736467463,2.873879966102456,0.5687176194614376,444.6171743548398,100.86401668983346,0.57274405502971,6.0,286.8218626429277,98928.56531247101,1.2015652755105104,339.5840487616142,0.035895217911463405,-1.3894664092103235e-05,193.127431818782,22408.11393592533
2.0234375,205.82367060880688,191.56221078031845,192.80238104284922,57.11320057622827,17.669130603915793,0.0011219868685148724,0.00749661617405002,5.1377928181226,0.6147010216848395,0.8833696252039855,1.171285107421346,2.879154822173604,0.5700414835021149,444.6171743548398,101.34757825372877,0.5729684473611381,6.0,286.8121461410427,98911.03326878994,1.201393033955286,339.5781605614719,0.07709939129371056,-1.922334082042021e-05,193.5736384113808,22508.551108661344
2.03125,207.32197792186165,192.00384857990198,193.24687808984203,56.6782239699868,17.839895656097003,0.0011406086459415283,0.006673161194975134,5.135977668618246,0.6128858721804858,0.8831902192402805,1.171804901375729,2.886146821354485,0.571359762588671,442.77228981394836,101.82663772273129,0.5731923796073319,6.0,286.8024071435079,98893.46063491287,1.2012203819151177,339.5722587289658,0.11494202912029075,-5.97463183448809e-05,194.01792512908068,22608.74255375853
2.0390625,208.82371376158375,192.43896687360285,193.68516243702294,55.52602083360215,18.011062998378037,0.001159469698216614,0.005589386725716243,5.134177613912265,0.6110858174745052,0.883012179940837,1.1724760592654266,2.894638793245896,0.5726601021708251,437.237636191274,102.29824289149177,0.5734137402395194,6.0,286.79264586054967,98875.84779016362,1.201047323034816,339.5663433914931,0.14788036456325862,-5.6071575737867855e-05,194.4560969003459,22707.705476906787
2.046875,210.3288158851559,192.8660631587325,194.11581417595994,54.73623179186464,18.18265276942979,0.001178569419022185,0.004293402486269971,5.132396427704251,0.6093046312664908,0.8828358839528568,1.1732723691743758,2.9043648522151897,0.573938392256416,433.5478671094911,102.76286726387265,0.5736318078865476,6.0,286.78286269674646,98858.19546454611,1.2008738644060408,339.56041479422834,0.17451543853949542,-5.339843469364886e-05,194.88675854092114,22805.10424862761
2.0546875,211.83723571042367,193.289210395134,194.54302067144647,54.66998833764151,18.354692958677234,0.0011979031135994907,0.0028417309395431193,5.130622788895423,0.6075309924576628,0.8826602133501718,1.1741631308126792,2.9150291746250745,0.575207024322711,433.5478671094911,103.22732773664582,0.5738486794604101,6.0,286.7730579678822,98840.50422784762,1.2007000115477018,339.55447312853664,0.19381518301191208,-9.297803707438626e-05,195.3141180837315,22901.914715607058
2.0625,213.3489492956754,193.70832752697916,194.9667529178139,53.89055056538973,18.527219435041474,0.0012174647043879092,0.001297179382778202,5.128856697485782,0.6057649010480214,0.8824851695571131,1.1751130112705266,2.9262784171341347,0.5764659503781409,429.8580980277082,103.69322656023195,0.5740643365115872,6.0,286.7632318295781,98822.77436086428,1.2005257671398228,339.5485184887243,0.20500201942452442,-0.00012456340109505713,195.73815941009218,22998.12820002864
2.0703125,214.86391769416335,194.12336346745292,195.38698696295398,53.83680363916576,18.700268638612975,0.001237243529407251,0.00027406355390761645,5.127098153475327,0.6040063570375664,0.882310753994443,1.1757607348947856,2.9344998090034258,0.577715116839352,429.8580980277082,104.1614838853598,0.5742787596385917,6.0,286.7533845349879,98805.00632037618,1.2003511355927006,339.54255102820264,-0.20767938577442827,-0.0004364201600835448,196.15886453918972,23093.735632744923
2.078125,216.3821125258169,194.53290211140705,195.80229497443364,52.71034394405288,18.873879436456306,0.0012572250708565071,0.0018049713150221577,5.125350930563651,0.6022591341258913,0.8821373427456166,1.174907677849935,2.9277033510431836,0.57895031350507,424.32344440503385,104.63051605185774,0.5744912137828182,6.0,286.74351626858214,98787.20043923402,1.2001761200995251,339.5365708587608,-0.20173873996595013,-6.886056358849455e-05,196.57480414511596,23188.394960755515
2.0859375,217.90348723768838,194.9397349464332,196.21547747060788,53.386654713246706,19.048087340170778,0.0012773886209888523,0.003230627781766105,5.12360748135157,0.6005156849138094,0.8819641881466201,1.1741211714845858,2.9215698333796567,0.5801797721396148,428.0132134868167,105.10270423575851,0.5747031046279729,6.0,286.733627332955,98769.35726342582,1.20000072594937,339.53057816377077,-0.18753166501277088,-3.608134359066351e-05,196.9887734734882,23282.760209832617
2.09375,219.4280534128812,195.34946189225198,196.63214833824858,53.70415351071841,19.22293408942506,0.0012977119338085199,0.0044910911803305404,5.121852711040708,0.5987609146029477,0.881789790134768,1.1734355514013337,2.916457612665657,0.5814199972137528,429.8580980277082,105.5830319387219,0.5749172792890638,6.0,286.7237176528163,98751.4766571012,1.1998249517296091,339.5245728976067,-0.16577975487810317,-2.618798883147502e-05,197.4063762281271,23378.155673011035
2.1015625,220.9558158105111,195.75659281480733,197.04669153856895,52.942158453977825,19.39845638887176,0.0013181716374389646,0.005534077936156903,5.120101714429439,0.5970099179916792,0.8816156480177502,1.172878983389023,2.912633353712728,0.5826543815372025,426.16832894592534,106.06302652388324,0.5751308724690308,6.0,286.7137871972317,98733.55856444371,1.199648796813924,339.5185550415224,-0.13741225909966634,1.9941472018091813e-06,197.8219737081229,23473.248058280875
2.109375,222.48672922544813,196.155681462274,197.45351102223486,51.81811830411675,19.574677780659663,0.0013387494392350804,0.006317675416581417,5.118369586316137,0.5952777898783771,0.8814432652029367,1.1724734594091208,2.9103019420618415,0.5838663578845391,420.63367532325094,106.53408666442203,0.5753410029233963,6.0,286.70383626003456,98715.60351563377,1.1994722663372714,339.51252477358094,-0.10380220101233835,8.383426024106445e-06,198.22994129573505,23566.697099601184
2.1171875,224.02072416197623,196.54549010152894,197.8512453507228,50.68881495950057,19.7516110599141,0.001359434403217042,0.006811601536193804,5.116660100400394,0.5935683039626344,0.8812730213242512,1.1722348799380231,2.909618586137719,0.5850518251705092,415.0990217005766,106.99276441810862,0.5755469348119908,6.0,286.6938652929471,98697.61232573967,1.199295368237136,339.50648236752596,-0.06642671076624135,-3.947042139378396e-05,198.62888716634038,23658.16081850021
2.125,225.5577360479835,196.92897887057245,198.24276422908937,50.26991821109346,19.92926168987841,0.0013802105145662821,0.006997836888623246,5.114965709283025,0.5918739128452647,0.881104168410265,1.1721729732034887,2.9106880479322372,0.5862191448610223,413.2541371596851,107.4411049702019,0.5757500984130708,6.0,286.6838747156881,98679.58575208407,1.1991181098852226,339.500428077707,-0.026892026369063408,-3.4835256845078274e-05,199.0216506276644,23748.304786110297
2.1328125,227.0977271025001,197.3077240859237,198.62953160921546,49.48173013243492,20.10763055354402,0.0014010627418269501,0.006871854919350915,5.113282639264435,0.5901908428266748,0.8809363329027649,1.172290127959038,2.9135379505627323,0.5873725319126633,409.5643680779022,107.88026067246341,0.5759512116169125,6.0,286.6738647738337,98661.52423777443,1.1989404955650975,339.49436205294325,0.013035029276503598,-3.9136480394836256e-05,199.40966300911165,23837.46304046096
2.140625,228.64065374486847,197.68051985715593,199.010197589749,48.68385057297261,20.286708761234827,0.0014219796150353316,0.006443639964703571,5.111614664044218,0.5885228676064579,0.8807698936045454,1.1725806938901653,2.918108002856199,0.5885079083542027,405.8745989961193,108.30888899659801,0.57614954795286,6.0,286.66383575065834,98643.42829393882,1.198762530230363,339.4882844648989,0.051487823485653825,-6.667046585861823e-05,199.79154020119424,23925.297891838927
2.1484375,230.18647382391106,198.0489361278213,199.38622389976936,48.23720315544211,20.46647897121513,0.001442950485947659,0.005736085542968575,5.109958009922781,0.5868662134850208,0.8806044764314493,1.173032465858782,2.9242798942733272,0.58962948888894,404.0297144552279,108.72969474760873,0.5763458285393082,6.0,286.65378792014457,98625.29841493993,1.1985842186709796,339.48219547960764,0.08692735218634097,-0.00011304159275221094,200.16871340753625,24012.1448773486
2.15625,231.73515737295264,198.41312696360865,199.757651847154,47.424622663672366,20.646917650354194,0.001463969551808734,0.004784343384385049,5.108312676900123,0.5852208804623634,0.8804400834777172,1.1736263791170993,2.931862956393821,0.5907373112754216,400.33994537344495,109.14426160737962,0.5765400470476143,6.0,286.64372147707576,98607.13495223664,1.1984055642724838,339.4760952151079,0.11762202835957648,-0.00013358522382049214,200.54119572965186,24098.001182396027
2.1640625,233.28667189839877,198.77461390199,200.125921515198,47.329778926406284,20.827993807305035,0.0014850342749374613,0.0036344929128988143,5.106674891276652,0.5835830948388925,0.8802763394154841,1.1743373245828703,2.940609851673862,0.5918355494546748,400.33994537344495,109.55610876251507,0.5767329244002595,6.0,286.6336366326604,98588.93828692434,1.198226570712771,339.4699837993922,0.14229630950482144,-0.00016004946701728145,200.91040438528282,24183.202125908978
2.171875,234.84101117671136,199.13627526615466,200.49386511330312,47.23563234045554,21.009674658226686,0.0015061485192635988,0.002341236723842992,5.105037105653182,0.5819453092154215,0.8801124902893053,1.1751351713294116,2.950226810401063,0.5929324971132699,400.33994537344495,109.97036906316377,0.5769259121788608,6.0,286.62353342735133,98570.70849199472,1.1980472386396341,339.46386125697495,0.15981224463379085,-0.00020779591183121778,201.27915493481075,24268.422525098955
2.1796875,236.39816952106077,199.49536945196348,200.85865936531735,46.42316483784812,21.191923268500382,0.0015273287499795861,0.0009655293374568782,5.103406867428897,0.5803150709911371,0.8799492917891122,1.175984989589518,2.960356978004058,0.5940197978482596,396.65017629166204,110.38506849411436,0.5771175352375579,6.0,286.6134118981131,98552.44563414477,1.197867568638998,339.45772761025654,0.16949253296071026,-0.0005126293778850957,201.6446107330742,24352.97650765404
2.1875,237.9581196886335,199.85191250025477,201.22029502937522,46.33873848444337,21.374697004923622,0.0015485972252806408,0.0004290066417974573,5.1017841766037995,0.5786923801660392,0.8797867452629033,1.1763440339896807,2.9655728872677733,0.5950974089658673,396.65017629166204,110.80094019051307,0.5773077772566356,6.0,286.60327222202386,98534.15003288702,1.1976875637842967,339.4515829665464,-0.1709446338103978,-0.0011917703857173426,202.0067574927539,24436.856563409463
2.1953125,239.52084532097857,200.20448542407146,201.57733926486762,45.17656107343019,21.55795416829257,0.0015699904191248872,0.0017779229517611577,5.100172806877481,0.577081010439721,0.8796252304292757,1.1755949161845765,2.959696857553008,0.596161111334818,391.1155226689877,111.21621483242932,0.577495882754493,6.0,286.5931145054136,98515.82188007869,1.1975072258936212,339.44542739028066,-0.16418165562325815,-0.0002879972902223519,202.36416323051196,24519.711622495746
2.203125,241.08629704568366,200.55024836819715,201.9269490838164,44.38312086235462,21.741649197567707,0.0015915494017926413,0.003020026412593927,5.098580305649129,0.5754885092113692,0.8794655065650094,1.1749113660896202,2.9544585952461078,0.597202547511403,387.4257535872048,111.62661906877373,0.5776803577077467,6.0,286.582939069203,98497.46175477543,1.1973265605956644,339.439261075937,-0.14968369636080636,-0.00020196863905671842,202.7139914399378,24600.847622945756
2.2109375,242.6544323174227,200.89192546934186,202.2719281915779,43.957468338015296,21.925740222599057,0.001613317545783778,0.00409923553323437,5.096999125519558,0.5739073290817971,0.8793068194323079,1.17432537924626,2.950185598139521,0.5982300202463008,385.58086904631335,112.03407674358722,0.5778626569622037,6.0,286.5727461899367,98479.07015596263,1.1971455727326221,339.43308419110167,-0.12801941415493706,-0.0001775490123627898,203.05906082790708,24680.941036255896
2.21875,244.225229779717,201.23221773403947,202.61508015802764,43.897550843129096,22.110192776947812,0.0016353457924730252,0.004967472151846916,5.095421719089578,0.5723299226518183,0.879148412894498,1.1738639450688813,2.947155321743833,0.5992518489744805,385.58086904631335,112.44023618407124,0.5780442481349156,6.0,286.5625360064318,98460.64733411599,1.1969642647021654,339.4268968198977,-0.10043028277399538,-0.00014581460267019882,203.40219551099392,24760.67397503999
2.2265625,245.79868181236372,201.57100820555934,202.95638283775233,43.47709937536587,22.29498015909238,0.001657683120371074,0.0055871744059748495,5.093848086359193,0.5707562899214327,0.8789902875643126,1.1735475452803836,2.9455725771607097,0.6002680401480823,383.7359845054219,112.84406737697812,0.5782286948636141,6.0,286.5523085682196,98442.19337860771,1.1967826373168742,339.42069899234104,-0.06818049642121053,-0.00012819120365796153,203.74339776982475,24840.044711059905
2.234375,247.37476889038894,201.90676718705274,203.2944033477866,43.05613895976283,22.480080967400667,0.0016803747938865803,0.005933212594488666,5.092282001027994,0.5691902045902335,0.8788328236021999,1.1733894943421839,2.945566707399839,0.6012744534747683,381.8910999645305,113.24369318807514,0.5784215132328343,6.0,286.54206400221244,98423.70851843304,1.1966006927637984,339.4144907853407,-0.03292591046785787,-8.800896078570329e-05,204.0812624483725,24918.70786116834
2.2421875,248.9534668067928,202.23936041751335,203.6291278347576,42.63370767133107,22.66548098857924,0.0017034490549944097,0.005993278898233667,5.090723463095981,0.5676316666582208,0.8786760223188983,1.1733962756693572,2.9472025335045893,0.6022711370615256,380.046215423639,113.63633779846994,0.5786127472057079,6.0,286.53180246575585,98405.19303749948,1.1964184337710626,339.40827229424804,0.0037585531676880535,-0.00013438991656871638,204.41580608274467,24996.663721813486
2.25,250.53474665059665,202.5672511539604,203.95913039665322,41.84732647553424,22.851173662253633,0.0017269272203128468,0.005768146392772148,5.089176246262748,0.566084449824988,0.8785202650324573,1.1735671632646372,2.950468982321799,0.6032539797997988,376.3564463418561,114.0201234447867,0.5788015981483694,6.0,286.52152414677107,98386.64727488441,1.196235863610599,339.4020436329433,0.04013858782396988,-7.610097450715826e-05,204.745633573758,25073.566924189214
2.2578125,252.11856751923375,202.89030882297556,204.2844023214497,41.42231493857558,23.037159106900223,0.0017508184590054104,0.005272647205890348,5.087640350528295,0.5645485540905348,0.8783655537351369,1.1738940045100767,2.9552845077493983,0.6042230444606523,374.5115618009646,114.39561612788022,0.5789880667366132,6.0,286.51122931112496,98368.07171030635,1.1960529869398402,339.3958049625418,0.07433196720747705,-9.202511812128673e-05,205.07076655164076,25149.41769475356
2.265625,253.70489481095908,203.20840821012288,204.60493119730907,40.63534342584622,23.223446305291226,0.0017751179102093344,0.004534528476423729,5.086115775892622,0.5630239794548615,0.878211890407642,1.1743615901159012,2.961496997082592,0.6051783757774696,370.82179271918176,114.76396981025006,0.5791721503942869,6.0,286.50091818372874,98349.4667495858,1.1958698076898566,339.3895564193396,0.10486772471976703,-4.3369204705106664e-05,205.39122050969183,25224.214853221612
2.2734375,255.29368934351706,203.5228399179242,204.92212011042517,40.576391540737475,23.410050780179734,0.0017998054952277527,0.0035923660637098586,5.084598748656135,0.5615069522183747,0.8780588963234963,1.1749488276306008,2.968899313071045,0.6061241796335484,370.82179271918176,115.12844232513608,0.5793546502238267,6.0,286.49059101926713,98330.83285226497,1.1956863303217402,339.3832981576759,0.1302509796198888,-6.183870911760715e-05,205.70842317714923,25298.304692832946
2.28125,256.88492936750634,203.8335040382868,205.23594906077975,39.79670105033643,23.596996603903346,0.001824851659232971,0.0024940840235504317,5.083089268818835,0.5599974723810743,0.8779065727633985,1.1756289861773483,2.9772241341394987,0.6070604536101597,367.13202363739885,115.49062187137945,0.5795355582025237,6.0,286.4802479591112,98312.17027342785,1.1955025572843765,339.3770302632214,0.1493556227277233,-9.580706957795169e-05,206.02237393646007,25371.683667930458
2.2890625,258.47857052744547,204.13752075446305,205.54356751194896,39.02422545961595,23.78430925448895,0.0018502173021308138,0.0012952436263028511,5.081594883779907,0.5585030873421469,0.8777556832968489,1.1763702386803379,2.986145553834889,0.6079788347438284,363.44225455561593,115.8483684285912,0.5797132476856477,6.0,286.4698892915716,98293.47953328995,1.1953184936383394,339.3707529106924,0.1611820222491224,-0.00018832855651409688,206.33023490077846,25443.64856793499
2.296875,260.0745606920549,204.4348440202106,205.84496098943916,38.260024416667505,23.97201606326586,0.0018758648197006527,5.568541609004842e-05,5.080115593539353,0.5570237971015926,0.8776062305344581,1.177138101780564,2.995318712461059,0.608879300062428,359.7524854738331,116.20253552926086,0.5798877004187915,6.0,286.4595153555016,98274.76124326378,1.1951341453437707,339.364466305434,0.16531644030246406,-0.004684208537030745,206.63199871011207,25514.19156464352
2.3046875,261.6728474843986,204.7254571672655,206.1401190422803,37.50404573023704,24.16014553956995,0.0019017567884588424,0.0011641357696442298,5.078651398097171,0.5555596016594112,0.8774582170642726,1.1765236352859265,2.990654182216539,0.6097618197085661,356.0627163920501,116.5533104069577,0.580058897055184,6.0,286.44912649135136,98256.01601764305,1.194949518390835,339.3581706537589,-0.1617318123476257,-0.00018639398292092014,206.92765567080616,25583.304384754272
2.3125,263.27338216662287,205.01077630421574,206.4304555737155,37.117265846650405,24.348726286741513,0.001927857421243643,0.0023042888113072014,5.07719852375377,0.5541067273160096,0.8773112636455315,1.1758928763456844,2.985816127001529,0.6106305460410918,354.2178318511587,116.901916793579,0.5802276313131085,6.0,286.43872301591693,98237.24442804109,1.1947646183509382,339.35186614764564,-0.15051533112577084,-8.889649958519233e-05,207.21861532580036,25651.330244602847
2.3203125,264.8761235310864,205.28944280148949,206.71455544694925,36.0095508019052,24.53778596323788,0.0019541361326438165,0.003309853620134305,5.075760744208742,0.5526689477709811,0.8771657541948575,1.175342706959505,2.981769527646475,0.6114812732675293,348.68317822848434,117.24546925728446,0.5803930747117758,6.0,286.4283051970479,98218.44695775448,1.1945794499270153,339.34555294941106,-0.13239031961380537,-0.00010339230696292566,207.50345079517967,25717.911094241612
2.328125,266.48100894459736,205.5601376620473,206.99101942946342,35.26527610391362,24.72734529478378,0.0019805527063979883,0.004133329822474341,5.074341833161679,0.5512500367239187,0.8770220734749331,1.1748996201810755,2.978775467061424,0.6123098251242729,344.9934091467014,117.58073474737382,0.5805544007420784,6.0,286.4178734418601,98199.6243413656,1.194394020298909,339.3392313057672,-0.1082990188880446,-8.542145172987647e-05,207.78074537863952,25782.689862907835
2.3359375,268.0879838724917,205.82437976561627,207.26129602644934,34.51739873529526,24.917421008581687,0.0020070615327284305,0.0047368324148317365,5.07293801691299,0.5498462204752294,0.8768798421757692,1.1745847535557095,2.9770491137994024,0.6131204072774895,341.3036400649185,117.90796065632051,0.5807124142792746,6.0,286.4074281048288,98180.77721847469,1.194208335712674,339.33290143152624,-0.07963943979666281,-4.3273581059513646e-05,208.05192672834957,25846.014685182356
2.34375,269.6969947786245,206.08090523601706,207.5240049197142,33.400781588707666,25.108023572760853,0.0020336256450543583,0.005094434704642889,5.071553069162267,0.5484612727245063,0.8767394454281714,1.1744120549653692,2.9767260953719776,0.613908874196736,335.76898644224417,118.2240882487143,0.5808662935659158,6.0,286.39696953393894,98161.90621697097,1.19402240230073,339.32656353756704,-0.04780211644798176,-8.17683559478325e-05,208.31558860639498,25907.53059871444
2.3515625,271.30797833760977,206.32987457127183,207.77919501071915,32.63565086131384,25.29915469987377,0.002060213933680164,0.005191908066756587,5.07018698990951,0.5470951934717495,0.8766008863029341,1.1743891807541622,2.977882944512281,0.6146752875249339,332.07921736046126,118.5282871117396,0.5810160359898591,6.0,286.3864981408055,98143.01207955512,1.193836227328572,339.32021787332815,-0.014372982946423427,-0.00011482984420858496,208.57175248431122,25967.23679904009
2.359375,272.9208834820626,206.57285873682156,208.02833645173743,31.85837341060999,25.490810235023492,0.002086794267972013,0.005027844502074369,5.068836005455125,0.5457442090173656,0.8764637847661698,1.1745169661181112,2.9805318135194137,0.6154238973860511,328.3894482786784,118.82210809300271,0.5811624590762546,6.0,286.3760142573666,98124.09540516198,1.1936498166469962,339.31386463996415,0.019022097512981537,-0.0001179609782617124,208.8218610138497,26025.486926076388
2.3671875,274.53566409652075,206.810021236021,208.27147764599073,31.069182570926106,25.682978968842885,0.0021133436863919534,0.004614118657100603,5.067500115799115,0.5444083193613548,0.8763281432088207,1.1747888102740776,2.9846066706525685,0.6161547635376841,324.69967919689543,119.10595458569908,0.5813055633242004,6.0,286.3655181833726,98105.15673464866,1.1934631755360805,339.3075040191238,0.050628016390272965,-0.00013969327878495755,209.065934905465,26082.281473799572
2.375,276.152286279386,207.04572867507403,208.51292410548675,31.35568999346068,25.875644084371377,0.00213984854930371,0.003975504736358749,5.066167999842698,0.5430762034049372,0.876192813588332,1.175191549213016,2.98998735624684,0.6168805053138947,326.5445637377869,119.38613783898825,0.5814478125460717,6.0,286.35501013918395,98086.19646562406,1.1932763078655273,339.3011361443455,0.07881683557905737,-0.0001581863952723022,209.30825631830243,26138.685402590967
2.3828125,277.77074647565973,207.27869628625743,208.75128077042368,30.187227816952923,26.06878664806621,0.0021663049502348057,0.003147404216857172,5.064843431285467,0.5417516348477062,0.8760581801250455,1.1757053065316312,2.9964712640658564,0.6175969428336909,321.0099101151125,119.66214412844784,0.5815883830741859,6.0,286.3444901479082,98067.21463978237,1.1930892139979312,339.29476102963235,0.102313320405464,-0.00016808319863865942,209.54740713138867,26194.342794360222
2.390625,279.39098707072253,207.50058784962684,208.97804257263405,28.2909718091918,26.262373827476782,0.0021927244543724082,0.002174898970777143,5.063549052324982,0.5404572558872212,0.8759265471832822,1.1763036233010835,3.003770761178013,0.6182789431118983,311.78548741065526,119.92455931228626,0.5817223305955106,6.0,286.33395858404026,98048.21193284653,1.1929019005459223,339.2883789019284,0.11983292887088408,-0.00028104768717683955,209.7748603176336,26247.117533323268
2.3984375,281.0129108557483,207.710071497576,209.191809198149,26.759262615826653,26.4563625420167,0.002219130072678791,0.0011099147418668247,5.062288636660836,0.5391968402230753,0.8757983034787621,1.1769567318605705,3.0115842838180837,0.6189223391065287,304.4059492470895,120.17271733105446,0.5818488157653271,6.0,286.3234160794376,98029.18948491316,1.1927143787019565,339.2819901441392,0.13061218464874555,-0.0005019845217783502,209.98920295672883,26296.647784260196
2.40625,282.636424732358,207.9071856961227,209.39259099312747,24.86941805778268,26.650707704954627,0.0022455579449417594,8.991859990074705e-06,5.061062184293029,0.5379703878552689,0.8756734541254867,1.1776319261274877,3.01958472002001,0.6195271410343733,295.18152654263224,120.40731437032207,0.5819678196863294,6.0,286.3128632392397,98010.14838787024,1.192526659186456,339.2755951229792,0.11756580175287488,-0.0647979105441007,210.19043946927488,26342.92633011273
2.4140625,284.26141744711737,208.08771464518017,209.57612456093986,22.259906977602032,26.8453605810311,0.0022720514889714404,0.0010747406680598072,5.059881016320341,0.5367892198825813,0.8755531573814527,1.1770291576141463,3.014760002326936,0.620080774546323,282.2673347563921,120.62306875267942,0.5820768454701235,6.0,286.3023007865937,97991.08994653409,1.1923387548223836,339.26919427667576,-0.13060471807084323,-0.0005732449240028511,210.37430476678804,26384.87566628964
2.421875,285.8877557226041,208.25305316871172,209.74384023156253,20.75358289559556,27.04026983145894,0.0022986577950728235,0.0020827804535153995,5.05874135904318,0.5356495626054195,0.8754370350689075,1.1764606231482369,3.0102358807932936,0.6205874697292353,274.88779659282625,120.82129539963901,0.5821767032124052,6.0,286.29172958780305,97972.01572402555,1.1921506809834577,339.26278813020866,-0.1199930015889413,-0.00027161965153186705,210.54223525901185,26422.84726119583
2.4296875,287.51534640764436,208.40879124076787,209.90143015177733,19.622472109041965,27.235392223757334,0.002325425174605901,0.0029655175681882833,5.057628117663171,0.5345363212254105,0.8753235538059103,1.1759661041433433,3.0064255033743303,0.6210640394691552,269.3531429701519,121.00824981633654,0.5822706897167939,6.0,286.2811502483503,97952.92681285176,1.1919624484070956,339.2563770505003,-0.10295602788263607,-0.00017301454770672438,210.69993594665453,26458.266411321856
2.4375,289.144099546909,208.54780959455,210.04176812146017,16.313263941830996,27.430688656130204,0.002352397178150455,0.00367935359520668,5.056560160678281,0.5334683642405205,0.8752146417698312,1.1755692820186034,3.0035464024877223,0.6214895156437484,252.74918210212883,121.17365256846193,0.5823546537046074,6.0,286.2705633529451,97933.82426803799,1.1917740674642234,339.24996139188477,-0.08052436339042641,-0.0002123122319179532,210.8402941876028,26489.341512620478
2.4453125,290.77384017764854,208.6615768378966,210.15632130228988,13.014784670376288,27.62611265943667,0.0023796198140191125,0.004190647607141468,5.055560130286069,0.5324683338483089,0.875112615283983,1.1752877581213192,3.0017514283733626,0.6218387936568789,236.14522123410578,121.30539813992858,0.5824236186447527,6.0,286.25997003884527,97914.71014160408,1.1915855583618309,339.24354184354024,-0.05399366797922107,-0.00019101477911589098,210.95479481587398,26513.925846217473
2.453125,292.4043633832996,208.74719575091643,210.2422619114357,8.997842814369928,27.821619509834555,0.002407143738751523,0.0044764734725523305,5.054635573885722,0.5315437774479624,0.8750182529948674,1.1751337691949766,3.0011551620010923,0.6221035982017714,215.8514912842998,121.39885076347939,0.5824759271295568,6.0,286.24937163800854,97895.58683687793,1.191396944777963,339.23711921263316,-0.02474822980181616,-0.00017538230150814587,211.04063250578236,26531.30706525362
2.4609375,294.03544161766007,208.80459245298186,210.29962064263893,5.720181167768069,28.017167938616304,0.0024350128743262666,0.004525910624671501,5.053786491477241,0.530694695039481,0.8749315633364858,1.175113226258851,3.0018166292236526,0.6222840862299259,199.24753041627676,121.45344441286699,0.5825115913335968,6.0,286.2387696294852,97876.45702259515,1.1912082530156831,339.23069439546805,0.00563669598833704,-0.00019290852526366318,211.0978626830271,26541.494310748065
2.46875,295.6668687956707,208.83651289581607,210.33127651500496,2.462423292802493,28.212726719014846,0.0024632611729832735,0.004340303697962065,5.053005335661438,0.529913539223678,0.8748517831197884,1.1752256526385205,3.0037386951873213,0.622388813719015,182.64356954825368,121.47277845678472,0.5825322895456114,6.0,286.2281653528281,97857.32311578812,1.1910195069028284,339.22426820381384,0.035591086301234386,-0.00022058112058747595,211.12938987207266,26545.21604008409
2.4765625,297.2984602990815,208.84852933282914,210.34295791132817,0.689782614142601,28.408274492557002,0.0024919126548906424,0.003933041531576772,5.052277011639941,0.5291852152021805,0.8747773764425335,1.1754643121046777,3.006869356621442,0.6224347358779588,173.41914684379643,121.46461301470173,0.5825413665159096,6.0,286.21756000805595,97838.18728171953,1.190830727790444,339.2178413648819,0.06355047540742803,-0.0002914314841408656,211.14096749504162,26543.91948558975
2.484375,298.9300897351815,208.84621147237115,210.34038070969083,1.2494501296268854,28.603804567304007,0.0025209886769551972,0.003328860732401729,5.051586424614376,0.5284946281766156,0.8747068052167509,1.175816145168535,3.01109339951784,0.6224387659574148,164.1947241393392,121.43711286697749,0.5825421631293606,6.0,286.2069544167213,97819.05100276406,1.190641930298318,339.2114143765331,0.0880780624999259,-0.00033993435354035537,211.13833416319855,26539.04914369598
2.4921875,300.5616485234805,208.83090403637212,210.32497917461123,2.7066029734942814,28.799318299291446,0.0025505030936824537,0.002562266865761167,5.05092980088515,0.5278380044473899,0.874639686809587,1.1762619638474554,3.0162227703786835,0.6224051829037298,156.81518597577337,121.39322273481594,0.5825355250094431,6.0,286.1963492845974,97799.9155523889,1.1904531269892746,339.204987666466,0.10797652660142927,-0.00042077483035900866,211.1229423904042,26530.97218939718
2.5,302.1930386426639,208.80255478621623,210.2967583637661,4.555204693663254,28.99482298978891,0.002580454615872888,0.001676125743822263,5.050307140452263,0.5272153440145035,0.8745760239219259,1.1767774611895299,3.0220143726760393,0.6223340388563307,147.59076327131612,121.33407330930312,0.5825214635250177,6.0,286.1857452488227,97780.78208021981,1.190264329207823,339.19856162078656,0.12218529643216762,-0.0006333003331037636,211.09481082772206,26519.69578869006
2.5078125,303.8241580733932,208.76254545273508,210.25715162580994,5.693635074643551,29.190328483609246,0.002610828720252211,0.0007183337121802278,5.049714669616123,0.5266228731783631,0.8745154331430547,1.1773353356607086,3.028199025176539,0.62222958406658,142.05610964864175,121.2623862006282,0.5825008208116004,6.0,286.1751429725229,97761.65178277266,1.1900755487645707,339.1921366413489,0.13025176726078347,-0.0013788729029634694,211.0553821010011,26505.58535293474
2.515625,305.4549303645001,208.7136867018697,210.20901505032927,6.841513204403824,29.38585012775838,0.0026415939711710162,0.0002607788096202908,5.049144840977542,0.5260530445397822,0.8744571445205553,1.1775989982596657,3.031418537391104,0.6221002507751534,136.5214560259674,121.18229552687681,0.5824752657687283,6.0,286.1645429526307,97742.52555669154,1.1898867945141185,339.1857130292942,-0.1316721097604368,-0.0037256908225679723,211.00751713487315,26489.36232073852
2.5234375,307.0852827286353,208.65457774043503,210.15092833536738,8.344511930146279,29.581404153414503,0.002672711178152133,0.0012093393719552435,5.048601428236115,0.5255096317983541,0.8744015457625325,1.1770337012742724,3.0263215551173994,0.6219418446787978,129.14191786240158,121.09200960234851,0.5824439726122372,6.0,286.1539456622638,97723.40425565006,1.1896980748895736,339.1792910713319,-0.12667280565654435,-0.0007640979403685723,210.949793965751,26470.672460779122
2.53125,308.71513521837693,208.58666796295995,210.08433228028682,9.13077631159363,29.777004747528235,0.002704135780521093,0.0020791544487328457,5.048080657692245,0.5249888612544854,0.8743482523870466,1.1765153829510406,3.02167130563994,0.6217585966492302,125.4521487806187,120.99288936712789,0.5824077807167611,6.0,286.1433516210805,97704.28881729752,1.1895093991554364,339.1728710823748,-0.11551282212520005,-0.0004217098770949488,210.8836483456676,26449.879338976807
2.5390625,310.34443399405785,208.51283836338183,210.0120958823918,9.905263672102292,29.97266776597518,0.002735814381525861,0.002826417070558199,5.04757498194675,0.5244831855089898,0.8742964932237711,1.1760695364614093,3.017730432376382,0.6215589377477092,121.7623796988358,120.88775559573237,0.5823683583707339,6.0,286.1327611790386,97685.17987308299,1.1893207735563143,339.16645327449737,-0.09888647130789814,-0.0002518535560489286,210.81194041695463,26427.703182138423
2.546875,311.97312943395724,208.43175927791896,209.93281471045745,11.011133450067131,30.16840626042213,0.0027676958607965197,0.003414532469021361,5.047088174699221,0.5239963782614604,0.8742466555741765,1.1757166783944522,3.0147002282027566,0.6213386821246321,116.22772607616145,120.77383942291218,0.5823248822181131,6.0,286.1221746586792,97666.07800498608,1.1891322038502876,339.1600378431596,-0.07780849656175076,-0.0001612013792359005,210.73325094280912,26403.790552508442
2.5546875,313.60115795193275,208.34212571560582,209.84509525735768,12.092622139691397,30.364226704196216,0.002799739535629656,0.003815998663219777,5.046624009649251,0.5235322132114906,0.8741991270003262,1.1754719975617396,3.012728705614134,0.6210936661696916,110.69307245348709,120.64843288049545,0.5822765346396241,6.0,286.11159247331244,97646.98395876569,1.1889436974141103,339.1536250388274,-0.05337309511748022,-0.00015176287846225956,210.64616837010624,26377.790880262237
2.5625,315.2284605370772,208.2468819156452,209.75183067193709,12.443089152646863,30.56013104565595,0.0028319051431699147,0.004012871897968888,5.046174939397654,0.5230831429598937,0.8741531357493589,1.1753458096221803,3.011926738728213,0.6208323652537275,108.84818791259563,120.51448159829957,0.5822249922173726,6.0,286.101015006509,97627.89842652089,1.1887552610968946,339.14721509394445,-0.026944985839923642,-0.00011379552082821946,210.5535677159882,26350.42751891141
2.5703125,316.8550048676285,208.14756275555706,209.6544842561755,13.121442686571521,30.756119639514367,0.0028641596243774796,0.003998511796316456,5.045737190244837,0.5226453938070765,0.8741082960622266,1.1753418996559355,3.0123360359370888,0.6205590340507641,105.15841883081274,120.3734771247979,0.5821710972977183,6.0,286.0904424683604,97608.82178733173,1.1885668986589104,339.14080813582643,8.959994811596698e-05,-0.00014941588040171588,210.45689230396397,26322.064056878324
2.578125,318.48075224419546,208.04288235046866,209.5516670288155,13.77910566375813,30.952186036974286,0.0028964730186897096,0.003777717762359221,5.045314535890393,0.5222227394526324,0.8740649951881401,1.1754573088130729,3.013923136249328,0.6202695127923751,101.46864974902982,120.2237232798705,0.582114032929904,6.0,286.07987511041273,97589.75449507727,1.1883786146001754,339.13440431691015,0.026234074941293085,-0.00017061791345856516,210.3547317367822,26292.349899592205
2.5859375,320.1056649318466,207.93437149458094,209.4448426752123,14.064912755932253,31.148318278639078,0.002928815702834668,0.0033652449004016017,5.044903202634728,0.5218114061969681,0.8740228471924392,1.1756839308911025,3.016610836986633,0.6199680606880964,99.62376520813838,120.0675156825825,0.582054642011298,6.0,286.069313177943,97570.696992325,1.1881904133103158,339.12800378583347,0.050284303118812684,-0.0001886171201346711,210.24853083212858,26261.64871926333
2.59375,321.7297060665041,207.81789896347874,209.3297589266355,15.778369416651728,31.344499348649055,0.002961157875774323,0.002785705462555255,5.044514511576623,0.5214227151388633,0.8739830129534695,1.1760073532555737,3.020243403021042,0.6196420800515661,90.39934250368113,119.90022251045572,0.5819904472868838,6.0,286.0587569105677,97551.64971142876,1.188002299079367,339.12160668780405,0.07093236208121,-0.0002043069200576045,210.13401775845998,26228.896178497147
2.6015625,323.35278441897316,207.68791407112133,209.20074190601713,17.501287398779517,31.540699477051113,0.00299348568824638,0.0020720496116585427,5.044163557514451,0.521071761076691,0.8739470408423856,1.1764081787381973,3.024611378958116,0.619274787236815,81.17491979922386,119.71557382108134,0.5819181527784509,6.0,286.04820690127667,97532.61372235414,1.187814282496478,339.1152133821737,0.0872105031839325,-0.0002986822537479972,210.0055016160127,26192.677275619695
2.609375,324.9747947415049,207.54449404387563,209.05782483532096,19.235307186613372,31.736883321318036,0.003025789674252536,0.0012633676898871923,5.043850340448211,0.5207585440104511,0.8739149324727817,1.1768640970850972,3.0294916461231547,0.6188662466003569,71.9504970947666,119.51446787869692,0.5818377839201284,6.0,286.0376638341802,97513.59025948086,1.187626375777989,339.1088242835132,0.09833299850354152,-0.0004568021947558956,209.86300527339776,26153.006034688777
2.6171875,326.5956322911004,207.3876907012497,208.9010337344585,20.98067256553771,31.933013328922655,0.0030580718900332453,0.0004031594857361763,5.043574860377904,0.5204830639401438,0.8738866892852212,1.1773500001492574,3.034633108640362,0.6184165138129215,62.72607439030935,119.29758984510003,0.5817493658427053,6.0,286.0271283901078,97494.58055126874,1.1874385910853436,339.1024398044053,0.10381432346433,-0.001413804966055615,209.7065486492964,26109.896414523664
2.625,328.21518895330667,207.21611888034,208.72896119323062,23.101132279107087,32.12905038183867,0.0030903483401436534,0.00046379580251881505,5.0433408910031226,0.5202490945653622,0.8738626994973773,1.1772922682042326,3.0342956870685533,0.6179214285270297,51.65676714496064,119.06350439203005,0.5816520970523602,6.0,286.0166012718035,97475.58586571916,1.1872509409741947,339.09606037071296,-0.10361203786444889,-0.0012282172513345452,209.53472203215887,26063.00740057426
2.6328125,329.83334203910215,207.02837531772556,208.5401992383658,25.22941162835603,32.324953310276534,0.0031226355475965466,0.0012935047340813708,5.04315220602346,0.5200604095856997,0.8738433512728855,1.1767802067682123,3.0293685549532676,0.617376840354666,40.58745989961193,118.81041507382155,0.581545181951652,6.0,286.0060832767458,97456.60764176871,1.1870634396927373,339.0896864657079,-0.09775602665999493,-0.0004819105757517865,209.34611922705312,26012.001044194225
2.640625,331.44997254455274,206.8272769504248,208.33762181034749,26.63148462780346,32.52068272424864,0.0031549572335776016,0.002044087948154468,5.043001258039729,0.5199094616019696,0.8738278716508503,1.176314233273283,3.024863616224327,0.6167912426503205,33.207921736046124,118.54156338693208,0.5814303086202164,6.0,285.9955751784604,97437.64727513414,1.1868761010662743,339.08331855814697,-0.08662879130116607,-0.0003171280533522644,209.14362141547394,25957.606038806603
2.6484375,333.06498706262397,206.6142048069511,208.12266708418971,28.40165540136866,32.71620531305602,0.0031873451604127185,0.002678424867389485,5.042884273352339,0.5197924769145789,0.8738158743063777,1.1759158328865351,3.0209995858015737,0.616168904233595,23.98349903158887,118.25815401205641,0.5813083335633253,6.0,285.98507758409295,97418.70586132341,1.1866889359575856,339.0769570159604,-0.07086904148318472,-0.00028689752728075464,208.92867705538612,25900.193350908743
2.65625,334.67829188081305,206.3905275516915,207.89677359038836,29.440329672007216,32.91149092002913,0.0032198393779246104,0.0031662374469285525,5.042797478261694,0.5197056818239341,0.8738069726911012,1.1756023617811262,3.01795389090025,0.6155141041875649,18.448845408914515,117.96130652728357,0.5811801135401315,6.0,285.9745911027747,97399.78449942713,1.186501955268003,339.07060220828146,-0.05150135172592738,-0.00023518672368863115,208.70273797456852,25840.133663832574
2.6640625,336.2898296876819,206.16325169104618,207.66708592206976,29.38140507308529,33.10651868161529,0.0032524867502274598,0.003485567283206778,5.042722004269829,0.519630207832069,0.8737992319069964,1.1753870649224927,3.0158783301549628,0.6148479631289552,18.448845408914515,117.65931836222357,0.5810497962313572,6.0,285.96411610703007,97380.88386161244,1.186315165682692,339.0642543608602,-0.029516642189899044,-0.00024940136569667537,208.47296616361285,25779.208433626736
2.671875,337.89960887759116,205.9421911003725,207.44359038647528,27.860302364915935,33.301281804827276,0.0032853340270525555,0.0036232558119543,5.042631435479591,0.519539639041831,0.873789942660206,1.1752785348102595,3.014885921500534,0.6141999914505029,25.82838357248032,117.36416892312819,0.5809231528668279,6.0,285.95365254229563,97362.00384942754,1.1861285662720842,339.0579134406312,-0.006087580986619698,-0.00020476234270266945,208.24936753646102,25719.89267217433
2.6796875,339.5076923479428,205.72724614247156,207.22625963400844,27.803236937147265,33.495786176152755,0.003318425198717753,0.0035754924377683983,5.04252577189098,0.51943397545322,0.8737791047838726,1.1752788125690383,3.0149970778516577,0.6135701608205598,25.82838357248032,117.07560998515734,0.5808001679989232,6.0,285.94319999973834,97343.14372519132,1.1859421497878115,339.0515791998414,0.01758288759134329,-0.00020622804434301047,208.03193197611145,25662.178039924038
2.6875,341.11410174683925,205.51408610471304,207.01079082855608,27.380096474574167,33.6900364119913,0.003351795080826237,0.003348133752513469,5.042416334602776,0.5193245381650158,0.8737678793616903,1.175383984238251,3.0161610487656065,0.6129458281813897,27.673268113371773,116.78840985092121,0.5806783665460935,6.0,285.9327583386455,97324.3032350078,1.1857559137616691,339.04525155321915,0.04028435878855231,-0.00020190821323576308,207.8163725042555,25605.002540864436
2.6953125,342.71884701231437,205.29980179087306,206.7943125520401,28.05461046073977,33.884040011163364,0.0033854676993802665,0.0029558590121975493,5.042310671014165,0.5192188745764048,0.8737570405606768,1.1755853836558676,3.0182834309519078,0.612318569593885,23.98349903158887,116.49941981095695,0.5805561043909496,6.0,285.92232749441996,97305.48226232053,1.1855698570824176,339.0389304616185,0.0608902909475832,-0.0001579313148168892,207.59983293689888,25547.661463613505
2.703125,344.3218859685932,205.0758493908325,206.56825121985307,29.825892202847466,34.0778009896394,0.0034194478669152695,0.002421719771148741,5.042231423322707,0.5191396268849465,0.873748911161802,1.1758688663634387,3.021199552016367,0.611663129724306,14.759076327131611,116.19865698616171,0.5804284672019355,6.0,285.9119077412041,97286.68130178064,1.1853839846812637,339.0326160911697,0.07837916883733102,-0.00018348871240997475,207.373751036944,25488.05094099634
2.7109375,345.92312452467013,204.83936621848517,206.32976124993658,31.230764916101027,34.27131919855548,0.0034537271726336576,0.0017751321510579472,5.042186138927588,0.5190943424898276,0.873744265676285,1.1762173421174165,3.024730764411314,0.610971143506038,7.3795381635658055,115.88334060230697,0.5802938439257014,6.0,285.9014996905896,97267.90145691796,1.185198307511033,339.0263088124973,0.09199607665944996,-0.0002865263084158563,207.13529157380262,25425.483886360722
2.72265625,348.3214498275775,204.47408110613554,205.96186393943813,31.558952292766353,34.56115457058363,0.003505675852508971,0.0006696392344509343,5.042157836180638,0.5190660397428781,0.8737413622054632,1.1768204113593674,3.0307904915390425,0.6099034615905462,5.304043055062923,115.40069983067009,0.5800863939675927,6.0,285.88591057612075,97239.7731202951,1.1849201760928882,339.0168618091292,0.10389742115792323,-0.000673566338847885,206.76755755495174,25329.341194234607
2.740234375,351.9108461843464,203.91779432694352,205.40279674860756,32.06509297105425,34.99501643317519,0.003584617942198291,0.0010387409038928727,5.0421153820602145,0.5190235856224541,0.8737370069381128,1.1765338041182507,3.0279679718013783,0.6082813256778268,2.1908003923085984,114.67627930500984,0.5797718257701527,6.0,285.8625794998017,97197.67551624043,1.184503860666627,339.00272317687984,-0.10109549497571103,-0.00034075414396494773,206.2090258624258,25183.83273203463
2.7421875,352.30906218216063,203.8553670075149,205.34014233108348,32.12198959544034,35.04316412200968,0.0035934549780646968,0.00121655564827159,5.042110664935723,0.5190188684979625,0.8737365230149913,1.176421591687488,3.0268506867249676,0.608099557101878,1.8448845408914514,114.59573338988177,0.5797366227791265,6.0,285.85999109581593,97193.00510992752,1.184457669475044,339.0011546040645,-0.09927380369449526,-0.0002849869619109692,206.14645197175687,25167.569562350527
2.7451171875,352.906157410098,203.76164588862923,205.2461106519406,32.1047287279104,35.11536527026798,0.003606733203179321,0.001474697113960372,5.042107834661028,0.5190160382232676,0.8737362326606836,1.176258444763745,3.025222121030614,0.6078267737566663,1.8448845408914516,114.47504144330813,0.5796838104067253,6.0,285.8561099768343,97186.0021835326,1.1843884076562732,338.99880264596163,-0.09604039004719654,-0.00022120046887369254,206.05254851966768,25143.175867556427
2.75,353.90070607561756,203.60549971302274,205.08952594915687,32.076156580497944,35.235648331809216,0.0036289221179706373,0.001877875344887297,5.042103117536536,0.519011321098776,0.873735748736113,1.1760027599122145,3.0226701117610144,0.6073725756980347,1.8448845408914514,114.27448876997316,0.5795959214298091,6.0,285.84964541050846,97174.33779437837,1.184273037880536,338.99488511876814,-0.08931494231381032,-0.00019917909857175,205.89619652304557,25102.58777636298
2.7578125,355.4903986371654,203.35583376659235,204.83934353036963,32.029833256916575,35.42797400470625,0.00366456649930558,0.0024362514004357453,5.0420955701373495,0.5190037736995895,0.8737349744549169,1.1756452143727636,3.019102399178467,0.6066469988191469,1.8448845408914514,113.9548587972505,0.5794556396706122,6.0,285.8393124088584,97155.69336468242,1.1840886193010702,338.9886233197682,-0.07546742633956574,-0.00015700592202886617,205.64643097077163,25037.82298130469
2.765625,357.0781379598156,203.10501002745133,204.58817577266015,32.34525520322011,35.62015438130099,0.003700364547863195,0.0028659883432886044,5.042091796437757,0.5189999999999962,0.8737345873134494,1.175363382320108,3.016287950066585,0.6059186062703499,0.0,113.63452537391748,0.5793149619972464,6.0,285.82899210326116,97137.07184320544,1.183904414005552,338.98236921457624,-0.05849117078940802,-0.00010635402466788028,205.3957247047172,24972.926743900563
2.77734375,359.456060732684,202.72728634377776,204.2101484429895,32.2623401156751,35.90817041447528,0.003754298649781863,0.0032309367739320792,5.042091796437757,0.5189999999999962,0.8737345873134494,1.1751042950438289,3.013697077303794,0.6048223425098558,0.0,113.15229998705617,0.5791035161158546,6.0,285.8135356052375,97109.18279406881,1.183628508845739,338.973002576774,-0.02922198871240842,-3.553346508060132e-05,205.01844546608382,24875.469922277873
2.794921875,363.0146596202494,202.1626327868575,203.6451743408703,32.11403818969966,36.33965251601877,0.0038356227894480086,0.0031031574389999124,5.042091796437757,0.5189999999999962,0.8737345873134494,1.1751099812506531,3.013753939372037,0.6031839684787899,0.0,112.42935370992993,0.5787881366805325,6.0,285.79040471246833,97067.44639271665,1.1832155566786822,338.9589852557558,0.01674555297157778,6.952514242557242e-05,204.4546258781104,24730.2073435753
2.814921875,367.0515180269861,201.52395838923442,203.00558935119005,31.91758998640364,36.82976531770488,0.003928740958478102,0.002071503944789717,5.042091796437757,0.5189999999999962,0.8737345873134494,1.1756352117751405,3.019006244616911,0.6013287510973434,0.0,111.609319175832,0.5784319241641163,6.0,285.7641651328246,97020.10080868521,1.1827470246843017,338.9430840704917,0.05922639204857322,0.00014372873170494585,203.81622143719065,24566.277899145058
2.834921875,371.0756507032042,200.89015700055668,202.36960123170385,31.71668473245076,37.31885826968046,0.004022741385954437,0.00044861493755553837,5.042091796437757,0.5189999999999962,0.8737345873134494,1.1765114783376256,3.0277689102417615,0.5994829642474023,0.0,110.79997808318332,0.5780853606429326,6.0,285.73800827042913,96972.90447614662,1.1822798840380335,338.92723301188005,0.07964650446879255,0.0006057216044079834,203.18110231013188,24403.77032339612
2.854921875,375.08715893832147,200.2615026596552,201.73719018384423,31.533260968695792,37.80669461292587,0.004117894195694043,0.0012479094445154613,5.042091796437757,0.5189999999999962,0.8737345873134494,1.1759662121203853,3.022316248069359,0.5976463348920761,0.0,110.00785035720057,0.5777590603624843,6.0,285.71193346690086,96925.85620714576,1.181814123766355,338.9114316809419,-0.07291362227286025,8.429798863639757e-05,202.54917499714117,24242.652565763805
2.874921875,379.08614315190323,199.63765598903774,201.10821343454265,31.36903610959009,38.29303025612226,0.004214762854164596,0.0025044158397102096,5.042091796437757,0.5189999999999962,0.8737345873134494,1.1751560295311743,3.014214422177248,0.5958185775040866,0.0,109.22687763520402,0.5774352743609286,6.0,285.6859400695126,96878.95482392941,1.1813497329860747,338.89567968212464,-0.04259371966749109,-4.542673223737945e-05,201.9203417904841,24082.89195115068
2.894921875,383.072692181731,199.01783152775013,200.48248847514017,31.21382085683632,38.77768864765826,0.004313973608864576,0.0029675583498087474,5.042091796437757,0.5189999999999962,0.8737345873134494,1.1748122932253502,3.0107770591190075,0.5939995837657207,0.0,108.45077013742353,0.5771139697402028,6.0,285.6600275008187,96832.19928457926,1.180886702148768,338.87997666549614,0.0010727810109565391,1.756886618559465e-05,201.29456508584187,23924.470505243495
2.914921875,387.04687670305736,198.40104242591326,199.85983761355155,31.061492507154984,39.26061236816691,0.004415675962635029,0.002535022915323759,5.042091796437757,0.5189999999999962,0.8737345873134494,1.1749922662616872,3.0125767894823774,0.5921894145431519,0.0,107.67657419778645,0.5767951436488818,6.0,285.6341953014301,96785.58876019304,1.1804250238066005,338.86432235266665,0.04472842429181234,-9.670958698435045e-06,200.67186466358757,23767.384071616812
2.934921875,391.0087478380452,197.78636115607662,199.24009220588766,30.917328715084214,39.74187622117009,0.004519472475946437,0.0013727681734506524,5.042091796437757,0.5189999999999962,0.8737345873134494,1.175601086490857,3.018664991774076,0.5903881287589565,0.0,106.9073334443356,0.5764787928416292,6.0,285.60844313905267,96739.12265119347,1.179964692775866,338.84871654226595,0.07547698546109377,-4.36113612797896e-05,200.05225969176246,23611.62838503059
2.954921875,394.95834071257667,197.17314720832212,198.6230977036507,30.788595895901803,40.22165968241406,0.00462471657250038,0.00014640517071401658,5.042091796437757,0.5189999999999962,0.8737345873134494,1.176251598566791,3.025170112533415,0.5885956342594346,0.0,106.14821562429125,0.5761648876065476,6.0,285.5827707853682,96692.80054561279,1.1795057057256875,338.8331590959332,-0.08485028094383143,0.00013774748727406219,199.4357181861987,23457.187176255055
2.974921875,398.89568196175844,196.56120970302237,198.00875480297765,30.67160919091592,40.70019029458189,0.004730690551937161,0.0015638677665419382,5.042091796437757,0.5189999999999962,0.8737345873134494,1.1753487775388682,3.016141902254188,0.5868117156890528,0.0,105.40075837060454,0.575853377004188,6.0,285.55717806724857,96646.62213106584,1.1790480603072546,338.8176499087526,-0.07138113518836028,2.762714358518786e-05,198.82216644868797,23304.034575234153
2.994921875,402.8207993508904,195.95084877858952,197.39707137537576,30.5506153675574,41.17767787888992,0.00483679618346291,0.002477441520640488,5.042091796437757,0.5189999999999962,0.8737345873134494,1.1747454469957104,3.0101085968226093,0.5850361908274784,0.0,104.66150050005083,0.5755442163542693,6.0,285.5316648042192,96600.5870819122,1.1785917540361568,338.80218887135686,-0.04024342906455843,4.682854421783927e-05,198.2115420213105,23152.147626648864
3.014921875,406.7337309820969,195.34277151080275,196.78817529830175,30.409773645336724,41.654258375229105,0.0049425961754947095,0.002647408653264664,5.042091796437757,0.5189999999999962,0.8737345873134494,1.1745783778496603,3.008437905362109,0.5832690171387883,0.0,103.92603347047783,0.5752373856219848,6.0,285.50623074861636,96554.69495127781,1.1781367832216953,338.7867758336615,-0.0009459225519194625,-2.4871692739004787e-05,197.60382976011877,23001.514618561403
3.034921875,410.6345312670305,194.7378530903965,196.1822538709566,30.24667016272168,42.12996079618158,0.005047880058048069,0.0020568788488027523,5.042091796437757,0.5189999999999962,0.8737345873134494,1.174856578381988,3.0112199106853854,0.5815102435986,0.0,103.19352119874982,0.5749328807413657,6.0,285.48087554676425,96508.94510100514,1.1776831422711755,338.7714105813392,0.03481465752602244,-3.9813967041474506e-05,196.9990454913959,22852.131085325145
3.0549218750000002,414.52327124237604,194.13683421123508,195.57945569489542,30.073488908601924,42.604706859904574,0.00515282059537304,0.0009050227807500271,5.042091796437757,0.5189999999999962,0.8737345873134494,1.1754659062717425,3.017313189582931,0.579759872189636,0.0,102.46711103785955,0.5746306895121285,6.0,285.4555987369245,96463.33669795294,1.1772308236515456,338.7560928345763,0.057120569098736036,-0.00021588433208353882,196.3971890852344,22703.988834032727
3.0749218750000002,418.40003332915074,193.54008726418553,194.97982258934252,29.90581765469276,43.07834152951671,0.0052577353972982155,0.0004603528334736014,5.042091796437757,0.5189999999999962,0.8737345873134494,1.175662300710154,3.0192771339670466,0.5780177800019805,0.0,101.75027653606966,0.5743307783233238,6.0,285.4303997833605,96417.86877546078,1.176779818497452,338.74082226871644,-0.06037253284363395,-0.0005528044409399379,195.7982180838089,22557.069944752864
3.0949218750000003,422.26490299370084,192.94754652425982,194.3832906889032,29.751008913422496,43.55068295869047,0.0053629815493443644,0.001647371243125699,5.042091796437757,0.5189999999999962,0.8737345873134494,1.1749009617126944,3.01166374399245,0.5762837763876251,0.0,101.0431480281403,0.5740331022538592,6.0,285.4052781305409,96372.54033115169,1.176330117580491,338.7255985471078,-0.04456443802771936,-0.000144079128688635,195.20206708988593,22411.351408633513
3.1149218750000003,426.1179604952223,192.35877574643732,193.7897359442026,29.606831553003442,44.02157592533452,0.005469015272680448,0.0023347678886457917,5.042091796437757,0.5189999999999962,0.8737345873134494,1.1744353471065425,3.0070075979309308,0.574557723547271,0.0,100.34260719273283,0.5737376258466202,6.0,285.380233256781,96327.35042371975,1.17588171226942,338.7104213536093,-0.014999538961354725,-0.00011978535553384829,194.60868863466672,22266.81458645351
3.1349218750000003,429.9592748124547,191.7731100566797,193.1990172972455,29.468528534821598,44.49093524691034,0.005576160420749702,0.0023532120355565767,5.042091796437757,0.5189999999999962,0.8737345873134494,1.1743620641834185,3.0062747686996905,0.5728395939074697,0.0,99.64567356563525,0.5734443327578815,6.0,285.355264713719,96282.29824415997,1.175434595237713,338.6952904165137,0.019492784406471515,-0.00022605018487070343,194.01807262056826,22123.449582731133
3.1549218750000003,433.78890081438277,191.18983415062314,192.61099672429322,29.335779540259036,44.95876803151706,0.005684757119989119,0.001727536496237538,5.042091796437757,0.5189999999999962,0.8737345873134494,1.1746664630455452,3.009318757320958,0.5711294137257754,0.0,98.95237318109022,0.5731532159043169,6.0,285.3303721447065,96237.38314895112,1.1749887607941534,338.6802055196921,0.049188779537604865,-0.00032215500056499143,193.4302272189869,21981.25076230445
3.1749218750000003,437.6068800443017,190.6083545211027,192.02554636138217,29.21212452652156,45.425168455937666,0.005795038644485661,0.0006536423566316906,5.042091796437757,0.5189999999999962,0.8737345873134494,1.1752359475527543,3.0150136023930485,0.5694271605890348,0.0,98.26532390254594,0.5728642599591008,6.0,285.305555279712,96192.60465085994,1.1745442047929988,338.6651664995055,0.06649139734128355,-0.0009039945431453574,192.84514415022613,21840.20881224897
3.1949218750000004,441.41324454612675,190.02833387415882,191.44256505805114,29.098389551860357,45.8902891992414,0.005907171031765744,0.0005591253481034397,5.042091796437757,0.5189999999999962,0.8737345873134494,1.1752315919693905,3.014970046559411,0.5677327214423666,0.0,97.58686929939485,0.57257743437293,6.0,285.28081391045015,96147.96237406501,1.174100924189714,338.6501732297328,-0.0670793085220863,-0.0009337620100323515,192.26278446464508,21700.30758652872
3.2149218750000004,445.20802289552694,189.44976718078772,190.86200887288805,28.98833601994104,46.35429882275864,0.006020985645636069,0.0015776973741202678,5.042091796437757,0.5189999999999962,0.8737345873134494,1.1745743935180957,3.0083980620464623,0.5660459450336107,0.0,96.91670499624995,0.5722927024273454,6.0,285.25614785117904,96103.45598342165,1.1736589163393936,338.6352255978145,-0.05174335310273374,-0.00031441395880127333,191.68309629518487,21561.52820316672
3.2349218750000004,448.9912469214684,188.87297789918966,190.28391429386383,28.871133921224946,46.817338231556946,0.006136082285618659,0.002137680773646137,5.042091796437757,0.5189999999999962,0.8737345873134494,1.1741882827004844,3.0045369538703492,0.5643667282316553,0.0,96.25235273386544,0.5720100358316338,6.0,285.23155689501044,96059.08510562939,1.173218178214009,338.62032347837635,-0.025234665163737416,-0.00013391986917232984,191.10604407423605,21423.85562793147
3.2549218750000004,452.7629574815391,188.29852068241158,189.70838722668068,28.739206397736467,47.279486432431945,0.00625203922925411,0.0021112504138320375,5.042091796437757,0.5189999999999962,0.8737345873134494,1.174146277687339,3.004116903738896,0.5626950475444785,0.0,95.59172761540458,0.5717294198905489,6.0,285.20704077637,96014.8492614972,1.1727787057291132,338.6054667104802,0.004546214528211586,-3.09143334638889e-05,190.531619189474,21287.280979505784
3.2749218750000004,456.52320736398326,187.72700177815491,189.13555319273718,28.59376757076516,47.74074474819363,0.006368627132075847,0.0015311378371227172,5.042091796437757,0.5189999999999962,0.8737345873134494,1.1744292830492526,3.006946957358032,0.561030910329827,0.0,94.93501396163563,0.571450845161073,6.0,285.18259915213406,95970.74783190747,1.1723404934047241,338.59065508619324,0.029937103875306,-0.00019243442502102712,189.95982345217945,21151.797739284804
3.2949218750000004,460.2720604041766,187.1588939956107,188.56549954697277,28.44324470692267,48.20104265438903,0.006485569550872017,0.0005701037075445933,5.042091796437757,0.5189999999999962,0.8737345873134494,1.174937763001094,3.0120317568764454,0.5593742812210217,0.0,94.28419293356112,0.5711742951153986,6.0,285.15823160737284,95926.78006817818,1.1719035344671482,338.57588835406796,0.044607059585520206,-0.0003240705690100819,189.39064418682565,21017.396185594276
3.3149218750000005,464.0095874197364,186.59440817221102,187.99824178958025,28.296816505748613,48.6602616602992,0.006602690421321957,0.0005082679128906022,5.042091796437757,0.5189999999999962,0.8737345873134494,1.1749191119156035,3.0118452460215406,0.5577250555517181,0.0,93.64095548805012,0.5708997418213821,6.0,285.13393768177167,95882.94513973738,1.171467821321829,338.5611662351537,-0.04506003402798674,-0.0003769490506778084,188.82404524615558,20884.061469310607
3.3349218750000005,467.73586045075393,186.03345868377116,187.43372728512023,28.158888799095035,49.118270259913906,0.006720122017561915,0.0014189205568198215,5.042091796437757,0.5189999999999962,0.8737345873134494,1.1743299664454774,3.0059537913202794,0.5560831007572851,0.0,93.00504624399578,0.5706271529642343,6.0,285.1097169070701,95839.24220167552,1.171033346224318,338.5464884456845,-0.031778245241487535,-0.0002299265245333035,188.2599810453666,20751.776806652353
3.3549218750000005,471.4509472310149,185.47571203177546,186.87186218792056,28.02882954185604,49.57495974936103,0.006838161359260268,0.0019345169736687397,5.042091796437757,0.5189999999999962,0.8737345873134494,1.1739744782860324,3.0023989097258297,0.5544483212508524,0.0,92.3746084862523,0.5703565026338071,6.0,285.0855688429984,95795.6704595888,1.1706001019250005,338.53185471885706,-0.008892122326578135,-0.00017661841003999785,187.69841853880777,20620.528352693094
3.3749218750000005,475.15490710883904,184.92068364438202,186.3125376012597,27.904545079893907,50.030272758509625,0.0069573451581457744,0.0019411052548346218,5.042091796437757,0.5189999999999962,0.8737345873134494,1.1739179541662355,3.00183366852786,0.5528206836329799,0.0,91.74802654495667,0.5700877753942981,6.0,285.06149310379254,95752.2292174209,1.170168082145378,338.5172648208983,0.017157824067457434,-0.00022308646477431024,187.13934575985547,20490.30703161425
3.3949218750000005,478.847789258444,184.36785890694802,185.75564517299026,27.785836636693123,50.48421676320212,0.007078022513888419,0.001456503109716661,5.042091796437757,0.5189999999999962,0.8737345873134494,1.1741499192941223,3.0041533198067283,0.5512001830563077,0.0,91.1253174256703,0.5698209606112441,6.0,285.0374893698201,95708.91789844063,1.1697372817876004,338.502718558111,0.04010408041321655,-0.00040784360215157943,186.5827604342886,20361.105976218376
3.4149218750000006,482.52963319284225,183.81680370605312,185.2010850431057,27.674134540996615,50.936860654546834,0.007200524277919664,0.0006214160985960451,5.042091796437757,0.5189999999999962,0.8737345873134494,1.1745891732670943,3.008545859536449,0.5495867874941072,0.0,90.50837406167075,0.5695589527615745,6.0,285.0135573842465,95665.7360392266,1.1693076968756453,338.4882157748534,0.053901041387972,-0.0008890396738345152,186.02865111231387,20232.916386193603
3.4349218750000006,486.2004713557972,183.2672579178638,184.64877570569325,27.56930824574151,51.388315709202246,0.007324998909042472,0.00033989793692691027,5.042091796437757,0.5189999999999962,0.8737345873134494,1.174704493963964,3.009699066505145,0.547980400713429,0.0,89.89940530073807,0.5693072182823227,6.0,284.9896969361873,95622.68325926783,1.1688793242537892,338.47375634332946,-0.05575403623267117,-0.0015225565819442328,185.4769846319972,20105.724837447215
3.4549218750000006,489.860333236015,182.7191902410984,184.09867875947901,27.467115183641145,51.83870695315058,0.00745123662441277,0.0011849264425003573,5.042091796437757,0.5189999999999962,0.8737345873134494,1.1741581484448125,3.0042356113136304,0.5463809098707324,0.0,89.29703997902554,0.569057279309704,6.0,284.9659078339659,95579.75921271119,1.1684521611070835,338.45934014738333,-0.04574273756183553,-0.0003478108151443248,184.92772222397502,19979.516831121608
3.4749218750000006,493.5092500208834,182.17279759124787,183.55081123720507,27.360880305161032,52.28814362320699,0.007579027826893459,0.0017090076829495075,5.042091796437757,0.5189999999999962,0.8737345873134494,1.173802017370331,3.0006743005688152,0.5447882301882814,0.0,88.69997319545256,0.5688091133249231,6.0,284.94218987486425,95536.96353378092,1.1680262044183594,338.4449670641677,-0.02682463652459023,-0.0003078035056358365,184.3808346230191,19854.2800574796
3.4949218750000006,497.1472586999666,181.62844829973798,183.00523864506872,27.245252691825982,52.736694622719824,0.007707874813064817,0.0017954927553597497,5.042091796437757,0.5189999999999962,0.8737345873134494,1.1737032591570378,2.9996867184358833,0.5432023222222624,0.0,88.10685799992841,0.5685627050354507,6.0,284.9185428184502,95494.29578865139,1.1676014504889332,338.4306369479808,-0.004046529504249124,-0.0001999126018477195,183.83630790130258,19730.00560461275
3.5149218750000006,500.7744044601293,181.08657414132304,182.46204705739743,27.11977744568446,53.18437510217409,0.007837160317369342,0.001440475413739405,5.042091796437757,0.5189999999999962,0.8737345873134494,1.1738639101003034,3.00129322786854,0.5416231716768898,0.0,87.51785605843332,0.5683180431505628,6.0,284.89496637100916,95452.1858489174,1.1671831575808111,338.41634962083157,0.016877904575120097,-0.0002659127582442442,183.29413662895,19606.77484376783
3.5349218750000007,504.39074065987415,180.54754014550733,181.9213014442471,26.989027686448328,53.631146870060334,0.0079663065938125,0.0007480705685050168,5.042091796437757,0.5189999999999962,0.8737345873134494,1.1742237842100678,3.0048919689661835,0.5400507357885004,0.0,86.93493643708608,0.5680751120538797,6.0,284.8714601857108,95411.7821872279,1.1667853736378466,338.40210487254075,0.030811668870276285,-0.0005132849421675028,182.7543057287929,19484.811841560513
3.5549218750000007,507.99632647885676,180.0115532733431,181.38302540391427,26.8588497885007,54.07693207990911,0.008094940173993159,0.00010185113728805488,5.042091796437757,0.5189999999999962,0.8737345873134494,1.1745582799542087,3.0082369264075925,0.5384849396209976,0.0,86.35775177292646,0.5678338912952379,6.0,284.8480238778874,95371.4986346,1.1663887068387293,338.38790246999974,-0.03465639858770233,-0.003614186606789484,182.21678923003384,19363.777784141617
3.5749218750000007,511.5912232624132,179.4786212382886,180.84719574287394,26.733561616749668,54.521635594327876,0.008223026771084557,0.0008984408132482415,5.042091796437757,0.5189999999999962,0.8737345873134494,1.1740443086759773,3.0030972136252787,0.5369256889891877,0.0,85.78655073561166,0.5675943576421842,6.0,284.8246570487943,95331.33450565045,1.1659931510006345,338.37374217156935,-0.02848112289691561,-0.00042981257970474353,181.68155465131963,19243.660159676478
3.5949218750000007,515.1754906015615,178.9485663766676,180.31375259774472,26.614443483781447,54.96516963697948,0.008350986817863835,0.0014567205589182462,5.042091796437757,0.5189999999999962,0.8737345873134494,1.173672177170987,2.999375898575376,0.5353728986311599,0.0,85.22052194982452,0.5673564894297087,6.0,284.8013593110898,95291.2891345962,1.1655987001279398,338.3596237425204,-0.013709021044086315,-0.00035463328048129713,181.14857254278178,19124.44722129843
3.6149218750000007,518.7491830785724,178.42107678236346,179.78261647147463,26.500890521986953,55.407475421799184,0.00847949996969241,0.0016541988451649631,5.042091796437757,0.5189999999999962,0.8737345873134494,1.1735126649026268,2.997780775891774,0.5338265170070889,0.0,84.6585538209864,0.5671202703220588,6.0,284.77813030998925,95251.36191161466,1.165205348770652,338.34554696785347,0.005692986394860818,-0.00043375661759228714,180.61782488270765,19006.129748373038
3.6349218750000007,522.3123483033964,177.89577953005463,179.25370196495305,26.392325882698707,55.848536964788714,0.008609382901790683,0.0014579425884137412,5.042091796437757,0.5189999999999962,0.8737345873134494,1.173584629647961,2.9985004233451162,0.5322865209045355,0.0,84.10016815165858,0.5668856884182282,6.0,284.7549697360279,95211.55230478171,1.164813092241062,338.3315116600329,0.024963446081070224,-0.0005089370066178952,180.08930325389122,18888.700626915048
3.6549218750000008,525.8650264978223,177.372322077626,178.72692736214108,26.28894859940051,56.28838424740916,0.008741414184771281,0.0009289728928939444,5.042091796437757,0.5189999999999962,0.8737345873134494,1.1738527127568041,3.001181254433547,0.5307528871222094,0.0,83.5458289972074,0.5666527318953536,6.0,284.73187732776415,95171.85986471782,1.1644219266601812,338.3175176606251,0.03964436967915173,-0.0008397082628788244,179.5629992623958,18772.152813165783
3.674921875000001,529.4072516506018,176.85044387451586,178.20222341662267,26.190757797238227,56.72708515300821,0.008875963526737866,0.00020265940936947216,5.042091796437757,0.5189999999999962,0.8737345873134494,1.1742384042554082,3.005038169419587,0.52922556785462,0.0,82.99641934958512,0.5664213852849201,6.0,284.7088528642711,95132.28421168229,1.1640318488312082,338.30356483574826,0.04640373204788797,-0.0035372070860132682,179.03889620744116,18656.47759468355
3.694921875000001,532.9390538991659,176.33002562134783,177.67954405558484,26.096071152413366,57.16472906128444,0.009012982726002818,0.0005471180020963876,5.042091796437757,0.5189999999999962,0.8737345873134494,1.1739946070956158,3.002600197821663,0.5277044903165633,0.0,82.45241373271824,0.5661916294677454,6.0,284.6858961496554,95092.82500896345,1.1636428559777532,338.28965306669113,-0.04438349181165721,-0.0011561073674648237,178.51696895092527,18541.664586506722
3.714921875000001,536.4604625957123,175.8111085472838,177.15887660344202,26.00126876967254,57.601406669451954,0.009151900646955001,0.0011458836726422766,5.042091796437757,0.5189999999999962,0.8737345873134494,1.1736023978508683,2.9986781053741884,0.5261895783460726,0.0,81.91346323357051,0.5659634449751425,6.0,284.66300699312785,95053.4819286227,1.163254945406414,338.2757822378355,-0.03412047711821268,-0.0005301294078549978,177.99719122041452,18427.70326555669
3.734921875000001,539.9715094270631,175.29387905672948,176.64024493168918,25.90213465427363,58.03719062763433,0.009291798222849035,0.001463961874785996,5.042091796437757,0.5189999999999962,0.8737345873134494,1.1733761468400647,2.996415595266153,0.5246807755072185,0.0,81.37872461661024,0.5657368154599827,6.0,284.64018518872405,95014.25461663774,1.1628681141631008,338.2619522243668,-0.0184839671112544,-0.00036408743532142834,177.47954341766643,18314.58457968995
3.754921875000001,543.472230848336,174.7786174800417,176.1236998875253,25.796137065889347,58.47212128216369,0.00943163232290737,0.0014393641587575796,5.042091796437757,0.5189999999999962,0.8737345873134494,1.173351614808536,2.9961702749508645,0.523178049756435,0.0,80.84756867074606,0.5655117283520597,6.0,284.6174304994858,94975.14266571231,1.1624823587646436,338.2481628826884,-0.0010946595097815275,-0.000376411275348758,176.96401419066189,18202.30124383528
3.774921875000001,546.962669257759,174.2656236637996,175.60929913063245,25.683840922859225,58.906200203508945,0.009570467015283832,0.001090769742128307,5.042091796437757,0.5189999999999962,0.8737345873134494,1.1735178963004484,2.99783308986999,0.521681377433534,0.0,80.32004455646067,0.5652881724183851,6.0,284.5947426498245,94936.14560215049,1.1620976750689034,338.23441404579364,0.013846304211193981,-0.00037841435050975803,176.4505950148339,18090.846598989858
3.794921875000001,550.4428725497828,173.75513600323438,175.09708387104416,25.568411536614608,59.33939307868627,0.00970777650537876,0.0005093761695019957,5.042091796437757,0.5189999999999962,0.8737345873134494,1.1738220676256579,3.0008748031220844,0.5201907212813269,0.0,79.79673947298944,0.5650661344757322,6.0,284.57212132842636,94897.26289084961,1.161714058323527,338.22070552502635,0.02322666961849472,-0.0006780708076895822,175.93927275934274,17980.213084099763
3.814921875000001,553.9128922885827,173.24727654820825,174.58706468033043,25.45370136595746,59.77164053612556,0.009843655218924524,0.00016831422400898804,5.042091796437757,0.5189999999999962,0.8737345873134494,1.1739859856125119,3.0025139829906244,0.5187060218598253,0.0,79.27820834977457,0.56484559814471,6.0,284.54956620012416,94858.49395570684,1.161331503366867,338.20703711727526,-0.025165216845552254,-0.0023177752486949455,175.43002678810012,17870.391663634957
3.834921875000001,557.3727811157976,172.74203116783627,174.07921978192604,25.342461330638088,60.202873732887305,0.009978796814443998,0.0007872772639317694,5.042091796437757,0.5189999999999962,0.8737345873134494,1.1735853099467295,2.9985072263328005,0.5172272078368365,0.0,78.76448628403641,0.5646265454169089,6.0,284.5270769227473,94819.83820858135,1.160950004913535,338.19340861518486,-0.0196855274917103,-0.000624484135702641,174.9228324468544,17761.37256440857
3.854921875000001,560.822590096955,172.23926053731904,173.57350232560714,25.23579290955773,60.63303091341704,0.010114289290691171,0.0012158052118772724,5.042091796437757,0.5189999999999962,0.8737345873134494,1.1732979073315928,2.9956332001814334,0.5157542153294583,0.0,78.25506451884246,0.5644089595313184,6.0,284.50465316436976,94781.29507894149,1.160569557846994,338.17981981760806,-0.008154538863890197,-0.0004021357056596017,174.41766761028805,17653.14661778239
3.874921875000001,564.2623665422218,171.73873517277772,173.06985096597418,25.13367159004089,61.06207164216619,0.010251230230444365,0.0013683329252434338,5.042091796437757,0.5189999999999962,0.8737345873134494,1.1731733655876908,2.9943877827424137,0.5142870001707434,0.0,77.74931637687934,0.5641928267623891,6.0,284.48229461747553,94742.86403821252,1.1601901574600992,338.1662705381902,0.006532965952305059,-0.0004161929573096152,173.91451683401385,17545.70609196314
3.894921875000001,567.6921526942822,171.2401868604557,172.5681997410709,25.035868828524002,61.48998574493821,0.010390460062027821,0.001222149507671625,5.042091796437757,0.5189999999999962,0.8737345873134494,1.1732247593463152,2.9949017203286576,0.5128255338787397,0.0,77.24696866019382,0.5639781357875611,6.0,284.46000100748716,94704.54461443634,1.1598117996002075,338.15276061053726,0.021201856053552022,-0.00039438520791282387,173.41336999266844,17439.04439774531
3.914921875000001,571.1119854776852,170.74336055206493,172.0684852547766,24.942296836992853,61.91679513624703,0.010532315854689903,0.0008200857076233538,5.042091796437757,0.5189999999999962,0.8737345873134494,1.1734271880469496,2.9969260073350013,0.5113697884985894,0.0,76.74825289042786,0.5637648754372773,6.0,284.43777209439503,94666.33639507194,1.15943448069729,338.1392898892034,0.03269687933833322,-0.0005385714411543809,172.91421715370512,17333.155043314484
3.934921875000001,574.5218972561981,170.24806168272877,171.57065347524966,24.852627447113843,62.34254867757488,0.010676589699772483,0.0002552668636964355,5.042091796437757,0.5189999999999962,0.8737345873134494,1.1737265320602976,2.999919447468482,0.5099197230981086,0.0,76.25364342177944,0.5635530327232634,6.0,284.4156076678347,94628.23901853383,1.159058197680827,338.1258582467078,0.03874422986349805,-0.0013640879559432037,172.41704400947157,17228.030718913495
3.954921875000001,577.9219174060828,169.7541907440834,171.07466709860276,24.76553813438595,62.767311614450854,0.010822672167138872,0.0003451171227035335,5.042091796437757,0.5189999999999962,0.8737345873134494,1.1736411011428851,2.9990651382943567,0.5084752823833965,0.0,75.76343829147463,0.5633425926626762,6.0,284.39350753686045,94590.25215661454,1.1586829478065632,338.11246556733744,-0.0381556467589692,-0.0006999149899570643,171.92183140669832,17123.663213950298
3.974921875000001,581.3120744178751,169.2617584103614,170.58051190026347,24.67867298069647,63.19115197124489,0.010969717569924297,0.0008521739715189544,5.042091796437757,0.5189999999999962,0.8737345873134494,1.1733108034164266,2.9957621610297713,0.5070364073414049,0.0,75.27749799118705,0.5631335398502437,6.0,284.3714715162838,94552.37549100241,1.158308728424756,338.09911173886803,-0.03145095419269608,-0.00018846114445261592,171.42855894139586,17020.044142207986
3.994921875000001,584.6923980376362,168.77087740117835,170.08819863193034,24.589277642931435,63.614127318484805,0.011116933424930578,0.001162907455933369,5.042091796437757,0.5189999999999962,0.8737345873134494,1.1730969665403659,2.9936237922691644,0.5056030483926837,0.0,74.79536338421296,0.5629258603678445,6.0,284.34949941275534,94514.6086893584,1.1579355367438486,338.08579664412974,-0.02029629074093053,-7.747015949310175e-05,170.93720940154094,16917.165821064784
4.014921875000001,588.0629210582412,168.28173189217316,169.59775769450158,24.495465483839613,64.03627421562359,0.011263663355838721,0.001221054931456259,5.042091796437757,0.5189999999999962,0.8737345873134494,1.1730321523816727,2.9929756506822325,0.5041751701113922,0.0,74.31661321470031,0.5627195424459102,6.0,284.32759101312143,94476.95138530276,1.1575633696325662,338.0725201539516,-0.007255091251018669,-3.05876522057596e-05,170.44777035860562,16815.021572002963
4.034921875,591.4236802866798,167.79453179347135,169.10922744678984,24.397052688157864,64.4576028037219,0.011409503078831778,0.001024102997814965,5.042091796437757,0.5189999999999962,0.8737345873134494,1.173117771320628,2.9938318400717856,0.502752744743711,0.0,73.84114942450697,0.562514575501968,6.0,284.30574607813656,94439.40316760793,1.1571922235128402,338.0592821233507,0.0049176898197486885,7.280443937616234e-05,169.96023197360313,16713.605272156477
4.054921875,594.7747165485383,167.30946074280058,168.6226396155591,24.295576024188378,64.87809699575325,0.011554501235835164,0.0006218354124497804,5.042091796437757,0.5189999999999962,0.8737345873134494,1.1733248603375597,2.9959027302411023,0.5013357402634111,0.0,73.36921324272184,0.5623109484108753,6.0,284.2839643424345,94401.96358014841,1.156822094358984,338.0460823915153,0.013814149409390056,7.446992987416735e-05,169.47458295889638,16612.9105542918
4.074921874999999,598.116073739814,166.8266366923282,168.1380085631604,24.193480517657466,65.29772011761173,0.01169908364064182,0.00010389328214315808,5.042091796437757,0.5189999999999962,0.8737345873134494,1.1736010189281412,2.9986643161469173,0.4999241127896993,0.0,72.90117872720403,0.5621089147607056,6.0,284.2622455206912,94364.6321324944,1.1564529778021246,338.03292078553886,0.017680972119319238,-0.0004659874400524487,168.99080801742122,16512.93031219842
4.094921874999999,601.447797221877,166.34608603682358,167.6553249691904,24.093140079082264,65.7164243767001,0.01184384535131975,0.0004202198021796594,5.042091796437757,0.5189999999999962,0.8737345873134494,1.173386106019204,2.9965151870575446,0.49851780464959594,0.0,72.43775482605976,0.5619128628330556,6.0,284.2405893180578,94327.40831784417,1.1560848693073067,338.019797126743,-0.015976136215747765,-0.00023050388500454606,168.50888719172573,16413.65658856882
4.1149218749999985,604.7699319595054,165.86774504127163,167.17455973226544,23.995836049624334,66.13416203708621,0.011989277684917274,0.0008446869182474346,5.042091796437757,0.5189999999999962,0.8737345873134494,1.1731079809419984,2.99373393628549,0.4971167585175713,0.0,71.97815365488934,0.5617180904730934,6.0,284.2189954422632,94290.29163382693,1.155717764379157,338.00671123801146,-0.009280825639058249,-0.00013959392916617367,168.028800647825,16315.081520852747
4.134921874999998,608.0825208799647,165.39147717985628,166.69567080126697,23.90213430132252,66.55089589048784,0.0121358199642469,0.001087465463812781,5.042091796437757,0.5189999999999962,0.8737345873134494,1.172937192049012,2.992026047355625,0.4957209294011606,0.0,71.5220110436543,0.5615245852495065,6.0,284.1974636142802,94253.28160083605,1.1553516587433021,337.9936629502538,0.0008920834779331505,-0.0001866254219762669,167.55053272940242,16217.198127619658
4.154921874999998,611.3856036621659,164.91709894326286,166.21860847523453,23.812088128410856,66.9666071727177,0.012283805366744394,0.0011064095843705242,5.042091796437757,0.5189999999999962,0.8737345873134494,1.172898151435441,2.9916356412199163,0.49433028362061543,0.0,71.0690332372769,0.561332336386819,6.0,284.1759935761959,94216.37777555734,1.1549865484804116,337.9806521071747,0.012405555505874492,-0.00018323605446388607,167.07407161442023,16120.000230714737
4.174921874999997,614.6792161392714,164.4444159123927,165.74332182848198,23.72558976159124,67.38129955006089,0.012433429049541566,0.0009054705019060318,5.042091796437757,0.5189999999999962,0.8737345873134494,1.1729885162340001,2.992539289205507,0.49294479313288464,0.0,70.61918045781276,0.5611413339615533,6.0,284.1545850950947,94179.57975764334,1.1546224300925323,337.96767856762744,0.02283877936331958,-0.00022755818156401205,166.59940739712036,16023.48207494496
4.194921874999997,617.963390445124,163.97325780332116,165.26976420754573,23.64236119311934,67.79499818263312,0.012584626608286218,0.0005334883589419308,5.042091796437757,0.5189999999999962,0.8737345873134494,1.173179900012658,2.994453126992085,0.49156442679150425,0.0,70.17265031274522,0.5609515676910438,6.0,284.13323796210665,94142.88718807738,1.154259300487234,337.9547422050366,0.03023011768397745,-0.00039185575906660084,166.1265291334894,15927.637754973151
4.214921874999996,621.2381557952234,163.5035065562797,164.7978982433769,23.561724946346843,68.207744577585,0.012737225418569541,7.022074624593472e-05,5.042091796437757,0.5189999999999962,0.8737345873134494,1.1734256343073208,2.996910469938714,0.49018914527158364,0.0,69.72968413550217,0.5607630262441459,6.0,284.111951987331,94106.29974044813,1.1538971568915573,337.9418429043226,0.03311939114291305,-0.002291692206149817,165.65542312477368,15832.460888691463
4.234921874999996,624.5035397329868,163.0351148148932,164.32770059993487,23.482426716846085,68.61958853351388,0.0128909240525584,0.00039197677093092396,5.042091796437757,0.5189999999999962,0.8737345873134494,1.1732087870244814,2.9947419971103195,0.48881890290814034,0.0,69.29036435160465,0.5605756975072811,6.0,284.09072699173555,94069.81710702566,1.153535996714418,337.92898055699175,-0.031610083903042374,-0.0002417701235003027,165.186073536735,15737.944741160542
4.2549218749999955,627.7595695775611,162.5681070976388,163.85916412927648,23.402765605942253,69.03057907804691,0.013045368683510113,0.0007645086178805644,5.042091796437757,0.5189999999999962,0.8737345873134494,1.1729624553606226,2.9922786804717316,0.4874536543431295,0.0,68.85454566522716,0.5603895695008033,6.0,284.06956279774585,94033.43898258569,1.1531758173865885,337.916155055434,-0.02574959228572558,-3.003614956777945e-05,164.71846464335087,15644.082654546835
4.274921874999995,631.0062738100853,162.10257274318081,163.3922980038486,23.321025938970298,69.44075612087725,0.013200308045876448,0.0009787331289411556,5.042091796437757,0.5189999999999962,0.8737345873134494,1.1728096534416574,2.99075066128208,0.48609336059697583,0.0,68.42195310246815,0.5602046312020565,6.0,284.0484592202344,93997.16504892155,1.1528166162073457,337.90336628746206,-0.016970938707354607,6.87154333349096e-06,164.2525828757033,15550.868433233663
4.294921874999995,634.2436831799733,161.63864458429117,162.9271233354733,23.236155980372835,69.85014404050956,0.013355594418314212,0.0009985196716567584,5.042091796437757,0.5189999999999962,0.8737345873134494,1.1727714086769212,2.9903682136347176,0.4847379903089549,0.0,67.99236425527492,0.560020872700659,6.0,284.02741605933016,93960.99496248417,1.1524583902219638,337.89061413195407,-0.0070590598146547945,5.594116891390134e-05,163.78841723858199,15458.296414015913
4.314921874999994,637.4718312704232,161.1764675354921,162.46366502548827,23.148212167393808,70.25874855412918,0.01351119079926933,0.000827699675287463,5.042091796437757,0.5189999999999962,0.8737345873134494,1.1728454514081301,2.991108640946807,0.48338751544940434,0.0,67.5657417437557,0.5598382846047535,6.0,284.0064330967422,93924.92834806394,1.1521011361589533,337.87789845662576,0.0019213884543488084,1.9513760312611082e-05,163.32595786021446,15366.361184465903
4.334921874999994,640.690754398524,160.7161653678607,162.0019426170919,23.058260662615265,70.66655743236221,0.013667107411202417,0.0005062578957960319,5.042091796437757,0.5189999999999962,0.8737345873134494,1.1730084487672006,2.992738614537511,0.48204190497717586,0.0,67.14221925192138,0.5596568571803588,6.0,283.9855100964096,93888.9647999067,1.1517448504408965,337.8652191184242,0.008438384475537856,-3.116808253543985e-05,162.86519384937614,15275.057177602328
4.354921874999993,643.9004909294703,160.25781571239463,161.54196368003073,22.967867625612637,71.07354455679769,0.013823375073037958,9.926947697374635e-05,5.042091796437757,0.5189999999999962,0.8737345873134494,1.1732223272238922,2.9948773991044275,0.48070112125761927,0.0,66.72196927404812,0.5594765798756011,6.0,283.96464680895843,93853.10388937578,1.1513895292601637,337.8525759662288,0.011359409801503514,-0.000354010590103555,162.4061120867412,15184.378449687385
4.374921874999993,647.1010801995277,159.80143704894468,161.08372115659435,22.878540407267145,71.47967627733074,0.013979957122651052,0.0003156141165932747,5.042091796437757,0.5189999999999962,0.8737345873134494,1.1730688377790488,2.9933425046559936,0.4793651214183748,0.0,66.3050601726598,0.5592974415140184,6.0,283.94384297870306,93817.34517698517,1.151035168698014,337.83996884509406,-0.010353485441002962,-0.00017330618776467503,161.94869768540846,15094.31877390635
4.3949218749999925,650.2925613028214,159.34698719197806,160.6271942233262,22.79136117047558,71.88491869325044,0.014136903670416655,0.000661476212403287,5.042091796437757,0.5189999999999962,0.8737345873134494,1.1728393335836147,2.9910474627016526,0.47803386231380707,0.0,65.89139473701562,0.5591194309666012,6.0,283.9230983515316,93781.68822595417,1.1506817648588876,337.82739760102817,-0.005664169966963136,-0.00011222522330583016,161.49293567064166,15004.871959069367
4.414921874999992,653.4749719478704,158.89437242860043,160.17235157022333,22.706922284584014,72.28924468812255,0.01429434385913113,0.0008763489931807758,5.042091796437757,0.5189999999999962,0.8737345873134494,1.172687300186288,2.9895271287283864,0.4767073055580508,0.0,65.48076704977974,0.5589425378219148,6.0,283.9024126823388,93746.13261498285,1.150329313997086,337.81486208549734,0.0017745105174808813,-0.0001473906081323461,161.03881268224197,14916.032166449435
4.434921874999992,656.648347594603,158.4434644732998,159.71915561121406,22.62541663403904,72.69263937553526,0.014452466744771603,0.0009249496526593172,5.042091796437757,0.5189999999999962,0.8737345873134494,1.1726333127391688,2.988987254257194,0.47538541929098926,0.0,65.0729916483672,0.5587667526113038,6.0,283.88178574063505,93710.67794789374,1.1499778126124964,337.80236215882485,0.010430328111734449,-0.00011766703478290458,160.58631757235955,14827.794016293627
4.454921874999991,659.8127209715825,157.99412278446943,159.26756685506308,22.546804527127065,73.09510320257772,0.014611416859665181,0.0008038483561576477,5.042091796437757,0.5189999999999962,0.8737345873134494,1.1726793446190287,2.9894475730557923,0.47406817574228755,0.0,64.66800794846557,0.5585920664738525,6.0,283.8612173136847,93675.32385902562,1.1496272575042727,337.78989769209295,0.01864784209552673,-0.00010576922342002922,160.13544058306445,14740.15243029311
4.474921874999991,662.9681220841638,157.54621927754548,158.81754829950938,22.4708367199257,73.49665190978574,0.014771247271106925,0.0005422121756558695,5.042091796437757,0.5189999999999962,0.8737345873134494,1.1728083544296926,2.990737671162431,0.4727555465548565,0.0,64.26589240735983,0.5584184705308863,6.0,283.8407072064529,93640.0700131425,1.149277645770165,337.7774685671105,0.02495066657060882,-0.00029658317188825206,159.6861717663602,14653.102337213171
4.49492187499999,666.1145786630893,157.09965694047085,158.36906884802627,22.397025631344462,73.89731365121402,0.014932059091019854,0.00019146728943860147,5.042091796437757,0.5189999999999962,0.8737345873134494,1.1729902496039033,2.9925566229045386,0.4714474994414721,0.0,63.86677265765645,0.5582459554463106,6.0,283.8202552386899,93604.9161004215,1.148928974757033,337.7650746746461,0.028383732020876927,-0.0009767313595025996,159.23849985402398,14566.638465658256
4.51492187499999,669.2521169280218,156.6543833499808,157.9221064597574,22.324542815325945,74.2971241518584,0.015093989754963002,0.00018373962139295788,5.042091796437757,0.5189999999999962,0.8737345873134494,1.172970086561461,2.992354992480115,0.4701439981117506,0.0,63.47072146640797,0.5580745114237285,6.0,283.7998612399678,93569.8618279224,1.1485812419764145,337.7527159114205,-0.0284446324007086,-0.0010178489831650002,158.79241223169754,14480.755341664699
4.5349218749999896,672.3807625446375,156.21039579590183,157.47665017700837,22.252255923188947,74.6961207842552,0.015257087961930167,0.0005148499361730196,5.042091796437757,0.5189999999999962,0.8737345873134494,1.17275028994641,2.990157026329605,0.46884500518393424,0.0,63.07769302333392,0.5579041285946105,6.0,283.77952504345984,93534.90690889441,1.1482344449985535,337.7403921763366,-0.02522991707032929,-0.00033149450795825315,158.34789592073852,14395.447469337405
4.554921874999989,675.5005416092321,155.76773897256882,157.0327006357422,22.178969461665332,75.09433665793854,0.015421299135178642,0.0007450723158928413,5.042091796437757,0.5189999999999962,0.8737345873134494,1.172590272302563,2.9885568498911352,0.467550485836511,0.0,62.68754335829642,0.5577347974967684,6.0,283.75924647953997,93500.0510517756,1.147888581343295,337.7281033666012,-0.019411904853244972,-0.0002539895109976245,157.9049388096978,14310.709553378614
4.574921874999989,678.6114814962456,155.32649348135735,156.59026796699175,22.1037711625047,75.4917956925751,0.015586377549558245,0.0008367864890382134,5.042091796437757,0.5189999999999962,0.8737345873134494,1.1725120260672022,2.9877743875375273,0.4662604096304978,0.0,62.300115195017085,0.5575665093066797,6.0,283.73902537027436,93465.29395072396,1.147543648386081,337.71584937438627,-0.012088842779711317,-0.00023122247235465835,157.46353026801285,14226.536606064083
4.594921874999988,681.713611417974,154.88675915173923,156.14936771976596,22.026332934640884,75.88850947132073,0.01575190991520053,0.0007778260827498776,5.042091796437757,0.5189999999999962,0.8737345873134494,1.1725226363086867,2.9878804899523725,0.4649747494301708,0.0,61.915324173738355,0.5573992556910191,6.0,283.71886152578315,93430.63527936391,1.1471996432957852,337.7036300846246,-0.0047445726332256246,-0.00016963780695134734,157.02366078025742,14142.92387619015
4.614921874999988,684.8069625790991,154.44863171309257,155.71001464778834,21.947040239449805,76.28447645282631,0.015917502195895772,0.0005845416743724167,5.042091796437757,0.5189999999999962,0.8737345873134494,1.172612534451139,2.9887794713768967,0.46369347812833156,0.0,61.53319251194474,0.5572330283761315,6.0,283.69875474323584,93396.07468905991,1.1468565630174419,337.6914453744009,0.0014658804027778071,-0.00014469851254807765,156.58532083983945,14059.866646879864
4.634921874999987,687.8915679074942,154.0121849902802,155.27221783716922,21.866782419305824,76.679683591902,0.016082868103260452,0.0002953502384224603,5.042091796437757,0.5189999999999962,0.8737345873134494,1.1727592360577297,2.9902464874428025,0.4624165657620852,0.0,61.1538060773956,0.5570678187749729,6.0,283.67870480860125,93361.61181192395,1.1465144043019606,337.67929511401235,0.005310214261594107,-0.0001620021431723983,156.14849997558326,13977.36006147621
4.654921874999987,690.967461450065,153.5774558694569,154.83597697808148,21.786646310542615,77.07410987006777,0.01624791312434548,3.827913703433828e-05,5.042091796437757,0.5189999999999962,0.8737345873134494,1.172887318887607,2.9915273157415756,0.4611439786734985,0.0,60.77723681720631,0.5569036178836383,6.0,283.65871150057455,93327.24626756563,1.1461731637730341,337.6671791693482,-0.006296891831561876,-0.0016679051720994264,155.7131864696103,13895.399076479183
4.674921874999987,694.034677587079,153.14444008276647,154.40128179235464,21.707584041914686,77.46773090529767,0.01641266103777159,0.0003556109644464035,5.042091796437757,0.5189999999999962,0.8737345873134494,1.1726765897797593,2.9894200246630986,0.45987568127912937,0.0,60.40348142540113,0.5567404165148533,6.0,283.63877459568397,93292.97767187002,1.1458328380142455,337.65509740498453,-0.004772172336798882,-0.00017912774002276316,155.27936795648804,13813.978572398808
4.694921874999986,697.0932502055572,152.71309392309615,153.96811312213146,21.630315231459612,77.86052387614775,0.016577190783159865,0.0006059833539101586,5.042091796437757,0.5189999999999962,0.8737345873134494,1.1725056700290266,2.9877108271557717,0.45861163899147156,0.0,60.03245220979246,0.556578205675307,6.0,283.61889387366386,93258.805646233,1.1454934236607894,337.64304968744034,-0.0005829047321490038,-0.00012910290869221774,154.8470324112359,13733.093531594008
4.714921874999986,700.1432119835993,152.28334130833048,153.53644510195252,21.555238121918148,78.25247186730284,0.016741640871373867,0.0007484394196313088,5.042091796437757,0.5189999999999962,0.8737345873134494,1.1723985691897645,2.9866398187631504,0.45735182054075885,0.0,59.66402253439977,0.5564169768602074,6.0,283.5990691221066,93224.7298255572,1.1451549174789604,337.63103588799663,0.005409132777395861,-9.485635381538255e-05,154.41616893443754,13652.739176797351
4.734921874999985,703.1845938444776,151.85508538032138,153.1062478896229,21.482515324206837,78.64356723928185,0.016906219890308053,0.0007611481230604899,5.042091796437757,0.5189999999999962,0.8737345873134494,1.1723680458558652,2.9863345854241574,0.45609619834161363,0.0,59.29809240474678,0.556256722093819,6.0,283.5793001400109,93190.7498643511,1.1448173164268607,337.6190558848466,0.012085331224372239,-0.0001600429645293039,153.98676787676334,13572.9109903848
4.754921874999985,706.2174246988181,151.4282245546481,152.67749091690507,21.41208307435948,79.03381323810152,0.017071208955381424,0.0006468720696344844,5.042091796437757,0.5189999999999962,0.8737345873134494,1.1724124668467535,2.9867787953330405,0.45484474675828346,0.0,58.93463628560749,0.5560974337021949,6.0,283.55958673945764,93156.8654396096,1.144480617683172,337.60710956411134,0.0181677394132129,-0.00022251672487195252,153.55882025348427,13493.604608098529
4.774921874999984,709.2417315176315,151.00266849917165,152.25014595853938,21.34369279371836,79.4232235393147,0.017236878589392532,0.00042964053890002314,5.042091796437757,0.5189999999999962,0.8737345873134494,1.172517763284796,2.9878317597134663,0.4535974395733625,0.0,58.573696467465716,0.5559391039885956,6.0,283.5399287451354,93123.07624999796,1.1441448186392116,337.59519681955203,0.022785989926922406,-0.00044383918095997066,153.13231688961417,13414.815667070272
4.794921874999984,712.2575396723125,150.57834947140026,151.82418940665974,21.276917647972432,79.81182012294637,0.017403502524548076,0.00014779185255256477,5.042091796437757,0.5189999999999962,0.8737345873134494,1.1726614540663407,2.9892686675289126,0.452354248422592,0.0,58.21533530802623,0.5557817250363024,6.0,283.5203259921299,93089.38201205329,1.143809916861334,337.5833175512307,0.02528670585254874,-0.0015047753417995358,152.70724789089218,13336.539713196487
4.814921874999984,715.2648734775274,150.15523020796354,151.39960420105965,21.21109308226563,80.19962992614923,0.01757132254748511,0.00015065711946713392,5.042091796437757,0.5189999999999962,0.8737345873134494,1.172637309705917,2.9890272239246762,0.4511151429179372,0.0,57.85958248166248,0.555625288727496,6.0,283.50077832239606,93055.78245411896,1.1434759100307623,337.571471663372,-0.025240203144627316,-0.001561960761201678,152.28360268444044,13258.772209162033
4.834921874999983,718.2637568486672,149.73330868837314,150.97638141018703,21.145403800964708,80.58668087367822,0.01774047248656291,0.0004140610696417124,5.042091796437757,0.5189999999999962,0.8737345873134494,1.1724595769831876,2.9872498966973815,0.4498800922032498,0.0,57.50642299168538,0.5554699821602053,6.0,283.48128558048364,93022.27730899934,1.1431427958706453,337.5596590617731,-0.02277683343658565,-0.0005644249530852397,151.86137054280806,13181.508626105835
4.854921874999983,721.2542139945012,149.31261475202018,150.554519665437,21.079072062152708,80.97299777839972,0.01791095989432024,0.0006014263113446723,5.042091796437757,0.5189999999999962,0.8737345873134494,1.1723269359830084,2.9859234866955897,0.4486490656082883,0.0,57.1559348911201,0.5553174110547344,6.0,283.4618476090357,92988.86630622097,1.1428105720691388,337.5478796510756,-0.018496081902009888,-0.00035120856171248446,151.44054080351404,13104.744480880776
4.874921874999982,724.2362699731677,148.89320235382525,150.13402407569384,21.011472649924396,81.35859912119022,0.018082568017730873,0.0006858557114734499,5.042091796437757,0.5189999999999962,0.8737345873134494,1.1722551415734968,2.985205542600473,0.4474220353095831,0.0,56.80783444272752,0.5551657522981679,6.0,283.4424642451744,92955.54916582078,1.1424792362176133,337.5361333325757,-0.013063335184333702,-0.00030133971639426907,151.02110376618782,13028.4754897273
4.894921874999982,727.2099510797639,148.47513879205042,149.71490374489218,20.942362050397797,81.74349494414476,0.018254941677099814,0.0006570642132768084,5.042091796437757,0.5189999999999962,0.8737345873134494,1.1722502006561815,2.9851561334273202,0.4461989764273545,0.0,56.46206276311367,0.5550149987220756,6.0,283.4231353179815,92922.32559401574,1.1421487857675243,337.52442000269684,-0.007508780309471644,-0.00022327363680765415,150.60305072443984,12952.697570511038
4.9149218749999815,730.1752849626197,148.05849009179033,149.29716764331803,20.871934439463995,82.12768627173637,0.018427619675088266,0.0005243308462750117,5.042091796437757,0.5189999999999962,0.8737345873134494,1.1723066683380046,2.9857208102455512,0.44497986434323994,0.0,56.118616428798155,0.5548651432377504,6.0,283.40386064774293,92889.19528190378,1.1418192180174032,337.51273955253225,-0.00265865457104046,-0.00014955701653916016,150.18637306020108,12877.406684472739
4.934921874999981,733.1323004868964,147.64331024244433,148.88082165471604,20.8006849245597,82.51116593962423,0.01860025110997349,0.0003105984543860036,5.042091796437757,0.5189999999999962,0.8737345873134494,1.1724111014810061,2.986765141675567,0.44376467313238,0.0,55.77752969985264,0.5547161786435383,6.0,283.38464004683516,92856.15790698773,1.1414905301279277,337.5010918683821,0.0008474188507209244,-0.00016116871241004851,149.77106171479394,12802.59874557951
4.954921874999981,736.0810273945591,147.2296315240242,148.46586608844774,20.72931886047636,82.89392056380589,0.018772557082500276,5.2942359916515776e-05,5.042091796437757,0.5189999999999962,0.8737345873134494,1.1725417175448967,2.9880713023144723,0.44255337486503754,0.0,55.43884085634324,0.5545680975414833,6.0,283.3654733219353,92823.21313697427,1.1411627191596438,337.4894768330928,0.0022700062352483167,-0.0006426651768486247,149.35710695392112,12728.269581876903
4.97492187499998,739.0214957968011,146.8174577818238,148.05229420844805,20.658582247818263,83.27593347406861,0.0189443760495991,0.00020959181900024384,5.042091796437757,0.5189999999999962,0.8737345873134494,1.1724278585323613,2.9869327121891187,0.4413459402101172,0.0,55.102554898905154,0.5544208924138528,6.0,283.3463602773208,92790.3606354449,1.1408357821293493,337.47789432805644,-0.0016429378365939542,-0.0001371603834801158,148.94449857234665,12654.41497246764
4.99492187499998,741.9537355892002,146.40676433983606,147.64009256768105,20.589051085665247,83.65718812454504,0.019115687075200605,0.00043094148355551795,5.042091796437757,0.5189999999999962,0.8737345873134494,1.1722760124508613,2.985414251374119,0.4401423399874858,0.0,54.76862919841723,0.5542745558136294,6.0,283.3273007186702,92757.60006839006,1.1405097160751172,337.46634423551416,0.0009078851214768881,-0.0001272676711910593,148.5332264188416,12581.030738164814
5.014921874999979,744.8777759350759,145.99750366761603,147.22924267855043,20.521107946276917,84.03767114697474,0.01928662260465041,0.000581532704135841,5.042091796437757,0.5189999999999962,0.8737345873134494,1.1721661065961453,2.9843151928269585,0.4389425466119818,0.0,54.43699120781342,0.554129080538778,6.0,283.308294456422,92724.9311099814,1.140184518113781,337.4548264405918,0.004972723327547756,-0.00022290324584302773,148.12328088433767,12508.112824188649
5.034921874999979,747.7936448606016,145.58961063883407,146.81972238383997,20.454968934252392,84.417374775833,0.01945753064063305,0.000639613435167491,5.042091796437757,0.5189999999999962,0.8737345873134494,1.1721108930378865,2.9837630572443707,0.4377465347215387,0.0,54.10756923133067,0.5539844597051334,6.0,283.28934130840605,92692.35344709536,1.1398601854860444,337.4433408328941,0.009828906819096622,-0.0003070759626555821,147.71465311445849,12435.657334798392
5.0549218749999785,750.7013689983335,145.1830127645417,146.4115081291861,20.390671849713335,84.79629839702538,0.019628865283654977,0.0005990689107556573,5.042091796437757,0.5189999999999962,0.8737345873134494,1.17211394414402,2.983793568305706,0.436554280656185,0.0,53.78032232819864,0.5538406866796926,6.0,283.2704411015108,92659.86678217864,1.1395367155851033,337.4318873075156,0.01480816465032628,-0.0004094564914338103,147.30733483399135,12363.660501953435
5.074921874999978,753.600973530712,144.7776393385655,146.00457682583482,20.328107630920922,85.17444888717054,0.01980109954179511,0.00046872378074116295,5.042091796437757,0.5189999999999962,0.8737345873134494,1.17217008480812,2.9843549749467058,0.4353657612630003,0.0,53.45524948734327,0.5536977549340196,6.0,283.2515936720504,92627.47083387942,1.1392141059630498,337.4204657652625,0.01898490623672301,-0.0005688088379670608,146.90131794360966,12292.118616170837
5.094921874999978,756.4924823318354,144.37343119093504,145.59890787921995,20.266990968872417,85.55183974710249,0.019974547798839434,0.0002725965988625626,5.042091796437757,0.5189999999999962,0.8737345873134494,1.1722652175537602,2.985306302403108,0.4341809526899101,0.0,53.13237666400588,0.5535556578986911,6.0,283.23279886484306,92595.16533546335,1.1388923543152087,337.4090761120949,0.02186413590257715,-0.001001006081004208,146.49659411257176,12221.027957720687
5.114921874999977,759.3759182680517,143.97034796669183,145.19448483747587,20.20692221027469,85.92848928318362,0.020149369615515576,4.2863466675528895e-05,5.042091796437757,0.5189999999999962,0.8737345873134494,1.1723804193198062,2.9864583200635675,0.43299982991821606,0.0,52.81172672303478,0.5534143889083473,6.0,283.21405653125765,92562.95003145526,1.1385714584467903,337.39771825794213,0.02220747602735682,-0.006244033705134146,146.09315462048312,12150.384770311355
5.134921874999977,762.2513036140869,143.56837108548166,144.79129625040076,20.147376164416944,86.30441812796488,0.020325584813753652,0.00018900719645179064,5.042091796437757,0.5189999999999962,0.8737345873134494,1.1722737615904295,2.9853917427698007,0.431822367198616,0.0,52.49329705194587,0.5532739412552705,6.0,283.1953665265084,92530.82467298988,1.1382514162266504,337.3863921150641,-0.02245651720701701,-0.0012954933459316188,145.69099050372745,12080.185285648535
5.154921874999976,765.1186605021489,143.1675045053779,144.3893361332872,20.08779946978507,86.67964661438295,0.02050310159414956,0.00038429036230356635,5.042091796437757,0.5189999999999962,0.8737345873134494,1.1721382712386395,2.9840368392519,0.43064853899039834,0.0,52.17705185582589,0.5531343083018696,6.0,283.176728706736,92498.78901279421,1.1379322255373447,337.375097596282,-0.0202783221429635,-0.0005580983900221862,145.2900928715819,12010.425775574879
5.174921874999976,767.9780113506652,142.76777266561882,143.98860373682942,20.027671671472216,87.05419232316666,0.020681675520730827,0.0005171809533789958,5.042091796437757,0.5189999999999962,0.8737345873134494,1.1720397756082352,2.983051882947858,0.42947832085074733,0.0,51.86293396437049,0.5529954835854256,6.0,283.15814292622065,92466.84280039748,1.1376138842274137,337.3638346132897,-0.01686124398820084,-0.00031350498260389716,144.8904532054849,11941.10260051862
5.1949218749999755,770.829379225081,142.3692142342981,143.58910213947428,19.96665050769193,87.42806806473844,0.02086098681909362,0.0005706574388781488,5.042091796437757,0.5189999999999962,0.8737345873134494,1.1719882585265167,2.9825367121306723,0.42831168970376454,0.0,51.55088808679943,0.5528574608478374,6.0,283.1396090350369,92434.98577810008,1.1372963900711885,337.3526030752324,-0.012761519189607197,-0.0001939766420670611,144.4920634491162,11872.212222768676
5.214921874999975,773.6727880434364,141.97187456619977,143.1908363334088,19.90461962411723,87.80128076720555,0.02104067538467062,0.0005392622049692664,5.042091796437757,0.5189999999999962,0.8737345873134494,1.1719869130595133,2.9825232574606386,0.4271486234000759,0.0,51.24088011536488,0.5527202339812805,6.0,283.12112687771764,92403.21767867671,1.1369797407458593,337.3414028878969,-0.008604467070706638,-0.00011564578536674486,144.09491585941555,11803.75118051915
5.234921874999975,776.5082626350123,141.57579838604764,142.79381124639573,19.84171546184528,88.17383119242562,0.02122038597841637,0.0004298219765071537,5.042091796437757,0.5189999999999962,0.8737345873134494,1.1720317316046287,2.9829714429117926,0.42598909986591327,0.0,50.932904120676774,0.5525837969264943,6.0,283.1026962928724,92371.53822472127,1.1366639338248878,337.3302339534807,-0.004972436562157233,-3.870213501030721e-05,143.69900271940116,11735.716039973377
5.254921874999974,779.3358286449082,141.1810211952792,142.39802944444546,19.778286813016056,88.545714505603,0.021399823721352153,0.0002601774051715378,5.042091796437757,0.5189999999999962,0.8737345873134494,1.1721122394738137,2.9837765216036427,0.4248330962584376,0.0,50.626973683327186,0.5524481435734461,6.0,283.0843171138081,92339.94712971285,1.1363489667885802,337.31909617096767,-0.0023629921077335434,0.00011841525269147428,143.30431605340988,11668.103348880664
5.274921874999974,782.1555122905248,140.78756375513382,142.00348970629523,19.714810419948456,88.91692166683079,0.021578875397144648,5.708497548652333e-05,5.042091796437757,0.5189999999999962,0.8737345873134494,1.1722126954422445,2.9847810812879505,0.4236805886707591,0.0,50.323103311094876,0.5523132677278526,6.0,283.06598917011155,92308.44410073647,1.1360348370511664,337.3079894370876,-0.0011529636607860135,0.0003488729283686195,142.91084752805546,11600.909621231656
5.294921874999973,784.9673400191115,140.3954282729665,141.6101861635114,19.65178034513314,89.28744138033773,0.021757606168911935,0.00015239392360859563,5.042091796437757,0.5189999999999962,0.8737345873134494,1.1721370046314554,2.98402417318006,0.4225315524728636,0.0,50.021290482200875,0.5521791631523691,6.0,283.04771228987573,92277.02884230917,1.135721541998928,337.2969136476647,0.0015540408643322052,-1.581842980946195e-05,142.5185885678532,11534.131357088327
5.314921874999973,787.7713381353122,140.00459817259264,141.2181084221683,19.58963458559867,89.65726222530279,0.02193617307448135,0.00033396980942373993,5.042091796437757,0.5189999999999962,0.8737345873134494,1.1720105149204172,2.9827592760696775,0.42138596311882554,0.0,49.72150812245512,0.5520458236613179,6.0,283.02948630212046,92245.70106054127,1.1354090790316966,337.285868699085,0.0033874565758368886,-7.337988515379326e-05,142.12753062813366,11467.765087470225
5.3349218749999725,790.5675324342637,139.61503994708616,140.82724219159098,19.528689982981522,90.02637477355063,0.022114752912591018,0.0004646460919346517,5.042091796437757,0.5189999999999962,0.8737345873134494,1.1719142362237709,2.9817964891032145,0.4202437969649152,0.0,49.42371144464881,0.5519132432151419,6.0,283.01131103917726,92214.46046723555,1.1350974456037675,337.2748544897414,0.006282758217125964,-0.000127808199084652,141.73766547155822,11401.807418998322
5.354921874999972,793.3559479153357,139.2267080732359,140.437570554601,19.469120006940503,90.39477325757125,0.022293572742122177,0.0005284539266244396,5.042091796437757,0.5189999999999962,0.8737345873134494,1.1718575452351248,2.981229579216753,0.4191050316723566,0.0,49.12785444856866,0.5517814159653041,6.0,282.9931863385503,92183.30678308557,1.1347866392558537,337.26387092116147,0.009873931660508204,-0.00023806110302593993,141.34898530435495,11336.255055132277
5.374921874999972,796.1366085938597,138.83955118766465,140.0490754064219,19.41099070130135,90.76245667421232,0.022472918052579345,0.0005182275501669269,5.042091796437757,0.5189999999999962,0.8737345873134494,1.1718446427708993,2.9811005545744984,0.4179696460283004,0.0,48.83390420555021,0.5516503362313676,6.0,282.9751120441399,92152.23973977906,1.1344766576361407,337.2529178987488,0.013579891480046596,-0.0002826318395933462,140.9614827161515,11271.104785494876
5.394921874999971,798.9095374521269,138.45351782614017,139.66173870132857,19.354228312584794,91.12942907210352,0.022653048088445527,0.00043885134407331317,5.042091796437757,0.5189999999999962,0.8737345873134494,1.1718726536434954,2.981380663300459,0.4168376193799425,0.0,48.54184919126067,0.5515199984339512,6.0,282.95708800656115,92121.25908054545,1.1341674985058294,337.24199533197606,0.016965036350866235,-0.00031589411896945613,140.5751504891226,11206.353454387256
5.414921874999971,801.6747564892966,138.06856224765286,139.27554371245745,19.298693824064838,91.49569925069167,0.022834115257868923,0.000301626207923392,5.042091796437757,0.5189999999999962,0.8737345873134494,1.1719349436603792,2.9820035634692976,0.41570893098552614,0.0,48.25169305549469,0.5513903970192292,6.0,282.9391140828196,92090.36455959824,1.1338591597336507,337.23110313418863,0.019634821012874323,-0.00040653658909121107,140.18998137898328,11141.997925279684
5.43492187499997,804.4322868811819,137.68464857097203,138.8904759585068,19.24411682672848,91.86127981521443,0.0230161227813354,0.00012741017409145116,5.042091796437757,0.5189999999999962,0.8737345873134494,1.1720192429028549,2.9828465558940542,0.41458355962855714,0.0,47.96344533302262,0.5512615264147498,6.0,282.9211901352723,92059.55594034982,1.1335516392781229,337.220241221975,0.02113859237964309,-0.0008384286615398908,139.8059679846071,11078.035059864456
5.45492187499997,807.1821492268933,137.3017553655391,138.50652434842473,19.190147708651697,92.22618573687689,0.023198985573219824,5.9101277757276084e-05,5.042091796437757,0.5189999999999962,0.8737345873134494,1.1720411191058375,2.983065317923881,0.41346148361424817,0.0,47.67710654734283,0.5511333810295624,6.0,282.90331603002517,92028.83299265578,1.1332449351601062,337.2094095141953,-0.02132263080830886,-0.0012564139944861348,139.42310274642375,11014.461717741233
5.4749218749999695,809.9243638520844,136.9198768753504,138.12368161146972,19.136377785626387,92.59043260994827,0.02338257987235617,0.00023055969816502045,5.042091796437757,0.5189999999999962,0.8737345873134494,1.1719214364401198,2.9818684912667037,0.41234268117673606,0.0,47.392660110696085,0.55100595530107,6.0,282.88549163496145,91998.19548942694,1.1329390454290198,337.19860793078664,-0.02025277251847292,-0.00016605188603891892,139.0413780832436,10951.274777857747
5.494921874999969,812.6589511208392,136.53902235946322,137.74194429165615,19.082432348800438,92.95403489062967,0.023566707247460284,0.00036492782572116047,5.042091796437757,0.5189999999999962,0.8737345873134494,1.1718238162120598,2.9808922889861034,0.4112271309926738,0.0,47.11007402769923,0.5508792437531878,6.0,282.8677168177145,91967.64320314478,1.132633968128074,337.18783639153503,-0.018141620002179448,-4.03240195114372e-06,138.66078656491803,10888.471165188663
5.514921874999969,815.3859317064143,136.15921256811134,137.3613119807244,19.028016964347845,93.31700439783573,0.023751191449559256,0.00044575361560895174,5.042091796437757,0.5189999999999962,0.8737345873134494,1.171757935380445,2.980233480669956,0.41011481248926895,0.0,46.829310902974925,0.5507532410303055,6.0,282.84999144390827,91937.17590283648,1.1323297012640592,337.17709481500845,-0.01535948679006977,6.949557460165671e-05,138.28132101573365,10826.047866135052
5.534921874999968,818.1053267762763,135.78047592205823,136.9817863837095,18.97295842510278,93.67934931363735,0.023935865286492882,0.00046380366768053623,5.042091796437757,0.5189999999999962,0.8737345873134494,1.1717292155605483,2.979946282470989,0.4090057058127466,0.0,46.550339033036124,0.5506279418923816,6.0,282.8323153759542,91906.79335200766,1.132026242786686,337.1663831178282,-0.012169151391624092,0.0001165778955124033,137.90297450343826,10764.001925883174
5.554921874999968,820.8171581035393,135.4028431937935,136.6033699225745,18.917259078153183,94.04107359886063,0.024120616981572775,0.0004194509459947215,5.042091796437757,0.5189999999999962,0.8737345873134494,1.1717374307350965,2.9800284342164707,0.4078997914648922,0.0,46.273140594624785,0.5505033411727576,6.0,282.81468847232696,91876.49530739736,1.131723590576117,337.15570121423013,-0.0092356935910193,0.00010137539465176117,137.52574021648397,10702.330428486985
5.574921874999967,823.5214480485774,135.02634174113157,136.22606418978032,18.86106653810397,94.40217712538677,0.02430536761774472,0.0003208062147728969,5.042091796437757,0.5189999999999962,0.8737345873134494,1.1717778114487019,2.980432241352524,0.4067970498204576,0.0,45.99771116728651,0.5503794337232817,6.0,282.79711058768424,91846.28151918338,1.131421742444984,337.1450490161367,-0.00671470815606315,0.0001585252399256365,137.14961130133798,10641.03047124486
5.594921874999967,826.2182194585032,134.65099221223977,135.84986904720853,18.80462159553236,94.76265625316059,0.02449006775340276,0.0001813029257292626,5.042091796437757,0.5189999999999962,0.8737345873134494,1.171842457631084,2.9810787031763453,0.4056974608127739,0.0,45.72405314321954,0.5502562143791373,6.0,282.7795815735197,91816.15173210544,1.131120696149579,337.1344264335529,-0.005005746661733483,0.00025339560894091615,136.77458075666334,10580.099148417645
5.6149218749999665,828.9074954953091,134.27680518663155,135.47478176618768,18.748255832769427,95.12250479480925,0.024674715782365454,2.169405909221817e-05,5.042091796437757,0.5189999999999962,0.8737345873134494,1.1719191385567043,2.9818455124325483,0.4046010038654485,0.0,45.452167527633485,0.550133677951707,6.0,282.76210127928044,91786.10568738525,1.130820449409013,337.123833375244,-0.004050895155091883,0.0015978660863832357,136.4006414105919,10519.53354812813
5.634921874999966,831.5892994091341,133.9037785978987,135.10079643402696,18.692288314305426,95.48171528360162,0.02485938228583126,0.0001410233442126445,5.042091796437757,0.5189999999999962,0.8737345873134494,1.1718310596438368,2.980964723303874,0.40350765813384143,0.0,45.18204555889081,0.550011819256035,6.0,282.7446695538406,91756.1431252597,1.1305209999305241,337.1132697496274,0.004706469568986006,7.287219570836668e-05,136.02778600251412,10459.330765444705
5.654921874999966,834.2636542923941,133.53189876380864,134.72790430100798,18.637024489621044,95.84028035241347,0.025044189537140018,0.00028117647327420656,5.042091796437757,0.5189999999999962,0.8737345873134494,1.1717308099614256,2.979962226479762,0.4024174029401755,0.0,44.91366642314175,0.549890633159342,6.0,282.7272862470994,91726.26378772782,1.1302223454369338,337.1027354657423,0.006135620270226478,-6.99171332369214e-05,135.656007330153,10399.487925257237
5.674921874999965,836.9305828430633,133.1611404765765,134.35609388921858,18.58268861117253,96.19819406867725,0.025229286287928237,0.00038301371386044827,5.042091796437757,0.5189999999999962,0.8737345873134494,1.171653321213384,2.979187338999345,0.4013302181885625,0.0,44.64700093896636,0.5497701146265324,6.0,282.7099512115201,91696.46742119562,1.1299244836931097,337.09223043418115,0.008302115046243126,-0.00015879745512908583,135.2852983898191,10340.00220368688
5.694921874999965,839.590107176992,132.7914712331052,133.9853520750087,18.5294164991918,96.55545299873926,0.0254148606301125,0.00043486662388448184,5.042091796437757,0.5189999999999962,0.8737345873134494,1.1716054561363263,2.9787086882287683,0.4002460845522266,0.0,44.382019498435604,0.5496502587398114,6.0,282.69266430334955,91666.75377857283,1.1296274125269616,337.0817545678298,0.011031089746717161,-0.00026940690223958694,134.9156524397685,10280.870837335886
5.714921874999964,842.2422487042492,132.42285345721373,133.6156645610136,18.47728027524201,96.91205690860237,0.025601117067063323,0.0004307596102581558,5.042091796437757,0.5189999999999962,0.8737345873134494,1.171590726241164,2.9785613892771456,0.3991649831991911,0.0,44.11874529585049,0.5495316381095441,6.0,282.67542538342235,91637.12262065463,1.129331129843306,337.071307782354,0.013859691155096719,-0.0002996432293844635,134.5470629078727,10222.091108642411
5.734921874999964,844.8870280736664,132.05524952612623,133.2470170415081,18.42623054331368,97.26800906298143,0.025788213695578002,0.0003733124105620115,5.042091796437757,0.5189999999999962,0.8737345873134494,1.1716075874710141,2.978730001575647,0.39808689546797793,0.0,43.85713283691053,0.5494138386023526,6.0,282.65823431752113,91607.57371674108,1.1290356336301168,337.0608899964178,0.016481901393438452,-0.000400717744451797,134.1795232823476,10163.660328855241
5.7549218749999635,847.5244652145685,131.68862540940592,132.87939619872222,18.376143417688425,97.62331599054154,0.025976236822886193,0.00027168352976864084,5.042091796437757,0.5189999999999962,0.8737345873134494,1.1716506512217035,2.979160639082541,0.39701180320298124,0.0,43.597165433692446,0.5492966853577906,6.0,282.64109097610526,91578.10684417104,1.1287409219539206,337.0505011315198,0.018560285196449755,-0.0006232125570162914,133.81302722469314,10105.575854774388
5.774921874999963,850.1545794379026,131.3229539894205,132.51279037718402,18.326843186835028,97.97798691134037,0.02616525943823386,0.0001391922245984375,5.042091796437757,0.5189999999999962,0.8737345873134494,1.1717120760142108,2.9797748870076135,0.3959396881064736,0.0,43.33884316129247,0.5491801737051913,6.0,282.6239952336536,91548.72178719215,1.1284469929485488,337.0401411115941,0.019878895951656914,-0.0011631644279740338,133.44756835108643,10047.835055203257
5.794921874999963,852.7773895989803,130.9582170253312,132.14719007583298,18.278076782475942,98.33203281307112,0.026355276898543775,8.994921519564716e-06,5.042091796437757,0.5189999999999962,0.8737345873134494,1.1717722818354621,2.9803769452201267,0.39487053168707853,0.0,43.082163024204256,0.5490642989823433,6.0,282.60694696760663,91519.41833514268,1.1281538447969968,337.02980986236963,-0.014383310151685272,-0.014322422200722074,133.08314021474888,9990.435308112486
5.814921874999962,855.3929142938474,130.5944069852836,131.78258846388084,18.22957113262809,98.68546535058367,0.026546167137870915,0.00014593596982542405,5.042091796437757,0.5189999999999962,0.8737345873134494,1.1716746543702576,2.979400670568082,0.3938043154187958,0.0,42.82711371737021,0.5489490565527819,6.0,282.58994605708995,91490.19628025757,1.1278614757095071,337.0195073105965,-0.01975785781752157,-0.0006028756003721044,132.7197363592293,9933.374008438697
5.834921874999962,858.0011720697088,130.23152616118634,131.4189812390298,18.181066812532308,99.03829568383581,0.026737754304203953,0.0002628924401008222,5.042091796437757,0.5189999999999962,0.8737345873134494,1.1715889654317881,2.978543781183387,0.3927410209931731,0.0,42.573675636663715,0.5488344418328276,6.0,282.5729923815469,91461.05541531743,1.1275698839000665,337.0092333832174,-0.018493878069387838,-0.00015013723339241762,132.35735040305136,9876.648580413166
5.854921874999961,860.6021816002375,129.86958475837574,131.05636620708302,18.132354099504035,99.39053352643303,0.026929819426365378,0.0003447553284222234,5.042091796437757,0.5189999999999962,0.8737345873134494,1.1715241229271245,2.9778953561367505,0.3916806305013318,0.0,42.32182487684288,0.548720450310651,6.0,282.5560858195984,91431.9955316899,1.1272790675668145,336.99898800667665,-0.016609767472255073,5.347182425723998e-05,131.99597610076586,9820.25648619469
5.874921874999961,863.1959618304265,129.50859918695858,130.69474287230778,18.083280087116414,99.74218637355003,0.027122198750292984,0.00038253017860541167,5.042091796437757,0.5189999999999962,0.8737345873134494,1.1714854198748395,2.9775083256139,0.3906231264740476,0.0,42.071538203270684,0.5486070775498276,6.0,282.5392262481022,91403.01641771126,1.12698902487584,336.98877110634993,-0.014393949294594548,9.710168420875028e-05,131.63560735620962,9764.195227286782
5.894921874999961,865.7825320694377,129.1485888393041,130.3341115994426,18.033785797675137,100.09325901984627,0.027314765410546185,0.00037284901027104207,5.042091796437757,0.5189999999999962,0.8737345873134494,1.1714748351316158,2.9774024781816633,0.3895684917530453,0.0,41.82279778944199,0.5484943191748076,6.0,282.52241354154864,91374.11785764914,1.126699753950786,336.9785826061785,-0.012068021889122805,0.0001570038537039483,131.27623817896796,9708.462337577239
5.91492187499996,868.3619120177567,128.78957320400846,129.97447283207543,17.983916598656588,100.44375343460908,0.027507438306367954,0.0003183724914380338,5.042091796437757,0.5189999999999962,0.8737345873134494,1.1714908010504628,2.9775621373701333,0.3885167092707218,0.0,41.57559324632498,0.5483821708468628,6.0,282.50564757188454,91345.29963139907,1.1264112528697943,336.968422428562,-0.0099649913653057,0.0002338945351959235,130.9178626100914,9653.055372028703
5.93492187499996,870.934121740456,128.43156853073907,129.6158261906592,17.933799423053692,100.79366892466794,0.027700184920041074,0.00022655635898935722,5.042091796437757,0.5189999999999962,0.8737345873134494,1.1715289288969397,2.9779434158349027,0.38746776182189613,0.0,41.32991990787377,0.5482706282395751,6.0,282.488928208687,91316.56151478323,1.1261235196684745,336.95829049446434,-0.008335807351085781,0.0002690878651812759,130.5604746452224,9597.97189523963
5.954921874999959,873.4991815730084,128.0745853490048,129.25816981043985,17.883626517210164,101.14300265779268,0.02789301046908312,0.0001091856716855387,5.042091796437757,0.5189999999999962,0.8737345873134494,1.1715822746298177,2.9784768731636824,0.3864216319510846,0.0,41.08577508946533,0.5481596870269565,6.0,282.4722553197754,91287.90328060271,1.1258365523504261,336.9481867237839,-0.0072725562775192406,0.0004616529417176644,130.20406819676336,9543.20947599499
5.974921874999959,876.057111992617,127.71862719632442,128.90150002129653,17.833614158513246,101.4917503690404,0.028085959397868038,2.0888021281183342e-05,5.042091796437757,0.5189999999999962,0.8737345873134494,1.1716185477323178,2.9788396041886833,0.3853783019953013,0.0,40.84315355826285,0.5480493428881865,6.0,282.455628772048,91259.32470007514,1.1255503489016232,336.9381110358611,0.006787053010480375,0.0016936890763744133,129.84863710850445,9488.765689612566
5.994921874999958,878.6079334687413,127.36368954102929,128.54581110624596,17.783988558972144,101.83990717903143,0.028279080208724897,0.00014576976619796103,5.042091796437757,0.5189999999999962,0.8737345873134494,1.1715288579713938,2.977942706579444,0.3843377542523194,0.0,40.602044644328565,0.5479395915254923,6.0,282.43904843245315,91230.82554450468,1.1252649073071403,336.9280633500666,0.0075040628393514466,8.564671300908907e-05,129.49417521254782,9434.6381264287
6.014921874999958,881.1516662957592,127.00975957580587,128.19109529737312,17.7349545536238,102.18746851097922,0.02847246853679669,0.0002525558614676422,5.042091796437757,0.5189999999999962,0.8737345873134494,1.17144998053365,2.9771539322020057,0.3832999712220887,0.0,40.36243160243908,0.5478304286894206,6.0,282.42251416907754,91202.40558715156,1.1249802255698858,336.918043586461,0.008653706438615667,-5.310113680575411e-05,129.14067641089292,9380.824403729815
6.034921874999958,883.6883304445623,126.65681805449569,127.8373432803916,17.686644571023386,102.53443090659043,0.028666225585361464,0.0003302140650180622,5.042091796437757,0.5189999999999962,0.8737345873134494,1.1713884197650333,2.9765383245158383,0.3822649358045692,0.0,40.124294530627076,0.5477218501991329,6.0,282.4060258521103,91174.06460489018,1.124696301727233,336.9080516663788,0.010333107599438061,-8.805280124884497e-05,128.7881347422908,9327.322175316089
6.054921874999957,886.2179454505547,126.30484101961747,127.48454464508409,17.639164592329603,102.88079264374588,0.028860443316219533,0.00036995645390335756,5.042091796437757,0.5189999999999962,0.8737345873134494,1.171349351716557,2.9761476440310752,0.3812326313810358,0.0,39.88761345429169,0.5476138519501929,6.0,282.38958335457136,91145.80237946048,1.124413133863585,336.89808751287023,0.012371079251572726,-0.00011941895125276134,128.43654440977,9274.129135176448
6.074921874999957,888.7405303354491,125.9538013226752,127.13268825720208,17.59256077704615,103.22655416741053,0.029055197000062698,0.000367555356739577,5.042091796437757,0.5189999999999962,0.8737345873134494,1.1713352642559296,2.9760067694248016,0.38020304178094055,0.0,39.65237202050297,0.5475064299102947,6.0,282.37318655281956,91117.61869834158,1.124130720119166,336.88815105100866,0.014576360643767612,-0.0001823746575693139,128.08589976955045,9221.243015502216
6.094921874999956,891.2561035690524,125.60367143951513,126.78176293478118,17.546804000998975,103.5717182976597,0.029250559794148253,0.00032474961300206013,5.042091796437757,0.5189999999999962,0.8737345873134494,1.1713451315343848,2.9761054422093536,0.3791761511302003,0.0,39.41855973981673,0.5473995801027355,6.0,282.35683532680116,91089.51335517885,1.1238490586943384,336.8782422080415,0.016567971304147926,-0.00028121774534652273,127.73619527995257,9168.661578951669
6.114921874999956,893.7646830923186,125.25442646106453,126.4317581650105,17.50181607317397,103.91629009851457,0.029446611996249608,0.00024730063522306436,5.042091796437757,0.5189999999999962,0.8737345873134494,1.1713755608588359,2.9764097354538643,0.3781519436594068,0.0,39.18617080078909,0.5472932985859943,6.0,282.3405295598999,91061.48614952623,1.1235681478470636,336.86836091329934,0.018262145194540533,-0.0004097260793495564,127.3874254367227,9116.382609048715
6.1349218749999554,896.2662863838399,124.9060452619187,126.08266437875656,17.457472268747946,104.26027650736052,0.0296434010310312,0.00014453782257228126,5.042091796437757,0.5189999999999962,0.8737345873134494,1.1714210547775963,2.9768646746414684,0.37713040358675165,0.0,38.95520154936557,0.547187581441363,6.0,282.32426913850503,91033.53688610345,1.1232879858854932,336.8585070979341,0.019370239501287884,-0.0007325650820199038,127.03958473347453,9064.40390429537
6.154921874999955,898.7609305593922,124.55851291854938,125.73447356536775,17.413600000369033,104.60368578591103,0.029840951270750808,2.934060964343112e-05,5.042091796437757,0.5189999999999962,0.8737345873134494,1.1714740125899425,2.977394252764931,0.37611151506873675,0.0,38.725647244914775,0.547082424767761,6.0,282.30805395136395,91005.66537368385,1.1230085711568565,336.8486806945266,0.019562474069715376,-0.0035681034254320945,126.69266764492353,9012.723275601871
6.174921874999955,901.2486325025154,124.21182121725357,125.38717943035907,17.37001759855732,104.946526808596,0.030039254337303808,8.681913333304518e-05,5.042091796437757,0.5189999999999962,0.8737345873134494,1.1714249355671555,2.976903482537061,0.3750952622685354,0.0,38.497499264236446,0.5469778246887265,6.0,282.29188388873365,90977.87142363536,1.1227299020328583,336.83888163657264,-0.019733791102142174,-0.0010563830673652613,126.34666864971037,8961.338549351018
6.194921874999954,903.7294089968942,123.86596836814623,125.04077736139271,17.326534397106165,105.28880835016452,0.030238268675635983,0.00018934897055424382,5.042091796437757,0.5189999999999962,0.8737345873134494,1.1713493120917429,2.9761472477829343,0.37408162947194207,0.0,38.2707445174266,0.5468737773641716,6.0,282.27575884152014,90950.15484844158,1.1224519768948684,336.8291098579612,-0.018968654958951732,-0.000386166436954813,126.00158226924992,8910.247572673728
6.214921874999954,906.2032768577446,123.52095911317099,124.69526449332879,17.282968003306898,105.6305383885277,0.030437926555688107,0.000267129598551583,5.042091796437757,0.5189999999999962,0.8737345873134494,1.1712884174924632,2.975538301790137,0.3730706011978903,0.0,38.04536645045841,0.5467702790013901,6.0,282.2596787004246,90922.51546023389,1.1221747941192115,336.8193652924573,-0.017658090705402144,-0.00015731007991289826,125.65740310474888,8859.44821837355
6.234921874999953,908.6702530480688,123.17680314887907,124.35063932265588,17.23920052400678,105.97172349713603,0.030638118479071753,0.0003127475355129031,5.042091796437757,0.5189999999999962,0.8737345873134494,1.1712466197598679,2.9751203244641844,0.3720621622455501,0.0,37.82134809902444,0.5466673258594169,6.0,282.24364335518754,90894.9530694924,1.121898352064141,336.80964787324365,-0.016028816435179304,-1.903053860688194e-05,125.31412585288138,8808.938386775952
6.254921874999953,911.1303547538794,122.83351286670234,124.0069011188271,17.195162924134223,106.31236846140348,0.030838774925397803,0.00032191654774241295,5.042091796437757,0.5189999999999962,0.8737345873134494,1.1712264422677914,2.9749185495434194,0.3710562976466131,0.0,37.59867457001791,0.5465649142436724,6.0,282.2276526940998,90867.46748420574,1.1216226490614052,336.7999575326245,-0.01421865105054921,6.920248862531753e-06,124.97174528959215,8758.716003111967
6.2749218749999525,913.5835994244021,122.49110181938526,123.66404950517759,17.150854983815506,106.65247608244523,0.031039837993911627,0.00029462889008084384,5.042091796437757,0.5189999999999962,0.8737345873134494,1.1712278879564424,2.9749330064299295,0.37005299256126717,0.0,37.37733483323973,0.5464630404949797,6.0,282.2117066037414,90840.05850942172,1.1213476834117309,336.79029420186725,-0.0125120400598576,4.3510704636591915e-05,124.63025623499057,8708.779012334682
6.294921874999952,916.0300047697004,122.1495820911241,123.32208374489065,17.106335223496252,106.99204720457573,0.031241254630952824,0.00023448585865849166,5.042091796437757,0.5189999999999962,0.8737345873134494,1.1712488352698196,2.9751424795637016,0.36905223213865307,0.0,37.157321612802946,0.5463617009751661,6.0,282.1958049689969,90812.72594727394,1.1210734533850784,336.7806578112121,-0.01101508579648816,0.00011890671232777739,124.28965350635174,8659.125372406199
6.314921874999952,918.4695887158455,121.80896300686396,122.98100238278256,17.061721669317304,107.33108096399205,0.03144298670221113,0.00014898890768244436,5.042091796437757,0.5189999999999962,0.8737345873134494,1.1712848620998406,2.975502747863912,0.36805400143005634,0.0,36.93863003240435,0.546260892058213,6.0,282.179947673347,90785.46959748263,1.1207999572256566,336.77104829004827,-0.00996323550947873,0.0002152367662032113,123.949931888947,8609.753050216244
6.334921874999951,920.9023693292835,121.4692492134847,122.64080273678135,17.01716385940762,107.66957519682165,0.03164501675530905,4.798022114252396e-05,5.042091796437757,0.5189999999999962,0.8737345873134494,1.1713301609217668,2.9759557360831734,0.3670582853609778,0.0,36.72125507857728,0.5461606101274729,6.0,282.1641345993596,90758.28925819973,1.1205271931603962,336.7614655672119,-0.009359156048551205,0.0005770571900706039,123.61108612675078,8560.66002035175
6.354921874999951,923.3283647195522,121.13044005280814,122.30148074528026,16.97281798785696,108.00752695937182,0.031847358236780865,5.80484445594751e-05,5.042091796437757,0.5189999999999962,0.8737345873134494,1.1713098424462718,2.9757525513282235,0.3660650687982467,0.0,36.505189530252956,0.5460608515824628,6.0,282.1483656293229,90731.18472709568,1.1202551594098527,336.75190957136965,0.00938349595847233,0.0003026629927510816,123.27311094518437,8511.844268329834
6.37492187499995,925.7475929263417,120.79252947653004,121.96303096733723,16.92884544245652,108.34493313041672,0.03205004574729385,0.00015708423273382843,5.042091796437757,0.5189999999999962,0.8737345873134494,1.1712369834476033,2.9750239613415386,0.3650743366699316,0.0,36.29042292123669,0.5459616128508308,6.0,282.13264064597877,90704.15580262132,1.1199838542008782,336.74238023146313,0.009961403136231737,2.5674421170910923e-05,122.9360010916553,8463.303796235226
6.39492187499995,928.1600718134443,120.45550580706686,121.62544654682542,16.885383808746347,108.6817909771215,0.03225311818145346,0.0002388902048035538,5.042091796437757,0.5189999999999962,0.8737345873134494,1.1711744060206923,2.974398187072429,0.364086074103246,0.0,36.076941803207326,0.5458628904019207,6.0,282.1169595332126,90677.20228519269,1.119713275778525,336.73287747712686,0.011010135185826617,-5.0500355088276444e-05,122.59975138213647,8415.036629078453
6.4149218749999495,930.5658189669913,120.11935315840107,121.28871959877861,16.84252563985011,109.01809869833004,0.032456623898622194,0.00029596937123591276,5.042091796437757,0.5189999999999962,0.8737345873134494,1.1711265316856874,2.9739194437223793,0.3631002665236383,0.0,35.86473155945212,0.5457646807562527,6.0,282.1013221767145,90650.32397832807,1.1194434224174776,336.723401239089,0.012407901526587434,-6.410691086424331e-05,122.26435673465922,8367.040819243264
6.434921874999949,932.9648516248361,119.78405296436345,120.95284160753238,16.800336282867814,109.3538558019635,0.03266060891741584,0.0003227923351322989,5.042091796437757,0.5189999999999962,0.8737345873134494,1.171096619016036,2.9736203170258646,0.3621168996794435,0.0,35.653778152859516,0.5456669804874608,6.0,282.08572846443855,90623.52068943683,1.1191742924299968,336.7139514494497,0.014040656553360033,-0.00013891862479227025,121.9298121776894,8319.314447397863
6.454921874999949,935.3571866335876,119.44958485080392,120.61780364283591,16.758830873299626,109.68906333389006,0.032865112592846864,0.0003176841781728698,5.042091796437757,0.5189999999999962,0.8737345873134494,1.171085652876529,2.9735106556307955,0.36113595961226086,0.0,35.44407000456539,0.5455697862188222,6.0,282.0701782868817,90596.79223029954,1.1189058841707684,336.70452804185027,0.015690459244858925,-0.0001290574884698473,121.59611284018699,8271.85562087132
6.474921874999948,937.7428404325427,119.11592878201566,120.28359689489538,16.717987691341996,110.02372396161871,0.03307016752313502,0.0002819562926460958,5.042091796437757,0.5189999999999962,0.8737345873134494,1.1710928596376144,2.97358272324165,0.36015743256401916,0.0,35.235598451765114,0.5454730946135937,6.0,282.0546715371884,90570.13841724752,1.118638196038736,336.69513095153616,0.017249283982182537,-0.000102069312749241,121.26325392031148,8224.662469136745
6.494921874999948,940.121829074355,118.78306625257761,119.95021296417394,16.677753063757756,110.35784186127051,0.033275763156742764,0.0002195490587506186,5.042091796437757,0.5189999999999962,0.8737345873134494,1.171115917253172,2.9738132993972255,0.35918130488532884,0.0,35.02835725662106,0.545376902365625,6.0,282.03920811101665,90543.55907093185,1.1183712264748087,336.6857601152761,0.018548245872724176,-0.00020778757517108222,120.93123065451367,8177.733139394327
6.514921874999947,942.4941682672136,118.45098166548772,119.61764420744248,16.638022993478327,110.69142248984667,0.03348190600655919,0.00013821474781896252,5.042091796437757,0.5189999999999962,0.8737345873134494,1.1711502520753927,2.9741566476194325,0.35820756296456563,0.0,34.82234154036453,0.5452812061921575,6.0,282.02378790626307,90517.05401585213,1.1181049739571585,336.6764154711954,0.019427064288706074,-0.00045848278741712826,120.60003829358249,8131.065793151742
6.534921874999947,944.859873447665,118.1196634331259,119.28588402482045,16.59868591502031,111.02447219727337,0.03368863244292263,4.6298715951781065e-05,5.042091796437757,0.5189999999999962,0.8737345873134494,1.1711909368166113,2.974563495031619,0.35723619320214317,0.0,34.61754564453367,0.5451860028311623,6.0,282.0084108225902,90490.62307954296,1.1178394369930704,336.66709695848965,0.019838136766128136,-0.0018477797628998452,120.26967209386768,8084.658604879967
6.5549218749999465,947.2189598623249,117.78910416762972,118.95492692280565,16.559618063865322,111.35699779521998,0.03389601400920929,4.801342363491507e-05,5.042091796437757,0.5189999999999962,0.8737345873134494,1.1711763074035157,2.974417200900663,0.3562671820380461,0.0,34.41396216546672,0.5450912890439179,6.0,281.99307676089484,90464.26609166087,1.1175746141097906,336.65780451710225,-0.019833585819579013,-0.0021329390324126246,119.9401273264234,8038.509763087879
6.574921874999946,949.571442653161,117.45930100177242,118.62476861796532,16.52067969377698,111.68900611219931,0.03410410933491988,0.00013355804718814652,5.042091796437757,0.5189999999999962,0.8737345873134494,1.1711121585377586,2.973775712243092,0.3553005160043908,0.0,34.21158138930809,0.5449970616199813,6.0,281.9777856227544,90437.98288303164,1.1173105038449664,336.64853808738917,-0.019422821999553277,-0.0007985938753952724,119.61139929457318,7992.6174725002975
6.594921874999946,951.917336952425,117.13025560726638,118.29540606202303,16.48174302833436,112.02050350418475,0.034312924548337155,0.0002023413757703389,5.042091796437757,0.5189999999999962,0.8737345873134494,1.171058007058233,2.973234197447836,0.35433618178051096,0.0,34.010391610541376,0.544903317382321,6.0,281.9625373098092,90411.77328458958,1.1170471047360004,336.6392976097444,-0.018583155999769663,-0.00047682258342786083,119.28348335230993,7946.979956300651
6.614921874999945,954.2566579597169,116.80197278216168,117.96683708210904,16.44272526525048,112.35149546347547,0.03452240906330623,0.00024877700166658293,5.042091796437757,0.5189999999999962,0.8737345873134494,1.1710171481407936,2.9728256082734417,0.3533741662183374,0.0,33.81038062530608,0.5448100531894893,6.0,281.9473317232618,90385.63712651655,1.1167844153113966,336.63008302429665,-0.01746436286879821,-0.0002570231412861565,118.95637491272052,7901.595457022242
6.634921874999945,956.5894209948362,116.47445967584899,117.63906017780361,16.403562895702336,112.68198635654038,0.03473248553725827,0.0002686514374953509,5.042091796437757,0.5189999999999962,0.8737345873134494,1.170992066035689,2.972574787222395,0.35241445633168994,0.0,33.611536827291516,0.5447172659342712,6.0,281.9321687635335,90359.57423765147,1.116522434084829,336.62089427070134,-0.016163778541050566,-0.00013945463488227274,118.6300694442965,7856.462235837499
6.654921874999944,958.9156415350636,116.14772464845841,117.3120742108836,16.36424159048537,113.01197924365832,0.034943093481251034,0.0002610303390266954,5.042091796437757,0.5189999999999962,0.8737345873134494,1.1709833099157998,2.9724872260235036,0.35145703924852295,0.0,33.41385042146455,0.544624952538786,6.0,281.91704833002206,90333.5844450738,1.1162611595509484,336.6117312879934,-0.0148753446612363,-8.753299805965489e-05,118.30456245479756,7811.578570227116
6.674921874999944,961.2353352224349,115.82177564650664,116.98587795971906,16.32478083563182,113.34147585290705,0.035154149027437416,0.00022718709222095213,5.042091796437757,0.5189999999999962,0.8737345873134494,1.1709901285166406,2.972555412031912,0.3505019021404666,0.0,33.217313575103766,0.5445331099474846,6.0,281.90197032105414,90307.66757402226,1.1160005901845622,336.6025940145588,-0.013653135316741716,1.7238239703474206e-05,117.97984946751811,7766.9427507127775
6.6949218749999435,963.548517848207,115.4966194716307,116.66046990826888,16.285234145550525,113.67047666976177,0.035365545574063496,0.00017057989471122286,5.042091796437757,0.5189999999999962,0.8737345873134494,1.171010482672064,2.9727589535861454,0.34954903215529937,0.0,33.02192726191438,0.5444418537149796,6.0,281.88693463398664,90281.82344806839,1.1157407244423723,336.5934823881959,-0.012647613342373723,0.00023817945308232563,117.65592599857568,7722.553077798784
6.714921874999943,965.8552053176767,115.17226052348686,116.33584787369975,16.245687156812817,113.99898112238472,0.03557716392769895,9.707205319756885e-05,5.042091796437757,0.5189999999999962,0.8737345873134494,1.1710409122489487,2.9730632493549924,0.348598416265407,0.0,32.82768667414285,0.5443511936044456,6.0,281.8719411654351,90256.05188950963,1.1154815607669253,336.5843963462537,-0.01193535803546865,0.0007425753904453451,117.33278750595208,7678.407855285297
6.734921874999943,968.1554135958482,114.84870026028001,116.01200892692223,16.20624261260786,114.32698786613476,0.035788907153605706,1.569174348253064e-05,5.042091796437757,0.5189999999999962,0.8737345873134494,1.1710760824548125,2.973414951413631,0.3476500415368171,0.0,32.63457792572203,0.5442609946186066,6.0,281.856989811627,90230.35271997633,1.1152230975927142,336.57533582584597,-0.010027361293861196,0.005981576179993498,117.01042948012352,7634.505402191169
6.754921874999942,970.4491586391983,114.52593627235069,115.68894912646364,16.16702073275693,114.65449514121579,0.03600070671190086,7.147381073300678e-05,5.042091796437757,0.5189999999999962,0.8737345873134494,1.1710301564663554,2.97295569152906,0.3467038950652254,0.0,32.442593827508524,0.5441712537698782,6.0,281.8420804688452,90204.72576119413,1.1149653333538492,336.56630076412023,0.011752532049993818,0.0014195996292857493,116.68884742261464,7590.844049892555
6.774921874999942,972.7364563157626,114.20396223044541,115.36666351384672,16.12813442066581,114.98150118619655,0.03621254325568061,0.00014799220193468265,5.042091796437757,0.5189999999999962,0.8737345873134494,1.1709720368397813,2.972374495263319,0.3457599640346402,0.0,32.25172537768985,0.5440819680967702,6.0,281.82721303394754,90179.17083587674,1.114708266493043,336.55729109857225,0.012376939809209994,0.0005378433261047863,116.36803686583828,7547.4221446749225
6.794921874999941,975.0173223323274,113.8827684553292,115.04514627772782,16.089663619060502,115.30800461444709,0.0364244650452691,0.00021085077152436968,5.042091796437757,0.5189999999999962,0.8737345873134494,1.170922074060697,2.971874867472475,0.34481823579089027,0.0,32.06196235440766,0.5439931346706136,6.0,281.81238740483985,90153.68776853944,1.1144518954698062,336.548306767333,0.013216294772500782,0.00022585623279903176,116.0479933979231,7504.238050877404
6.814921874999941,977.2917721788749,113.56234310471224,114.72439107505238,16.05166449580199,115.63400470148902,0.03663656239692882,0.00025524089552847554,5.042091796437757,0.5189999999999962,0.8737345873134494,1.170883105725123,2.9714851841167356,0.3438786978815379,0.0,31.87329420970586,0.5439047505990201,6.0,281.79760348083727,90128.27638611982,1.1141962187667063,336.53934770938736,0.014281991107187631,5.857132132546159e-05,115.72871267620626,7461.290152504292
6.8349218749999405,979.5598210891219,113.24267238056252,114.40439108697046,16.014185199867327,115.9595015888838,0.03684894065835273,0.00027703285760747687,5.042091796437757,0.5189999999999962,0.8737345873134494,1.170857568215515,2.9712298090206546,0.34294133807159427,0.0,31.685710688843837,0.5438168130270142,6.0,281.7828611629207,90102.93651841854,1.1139412348938202,336.53041386472995,0.015513801419395012,-2.9639109243847955e-05,115.41019043255788,7418.576853743249
6.85492187499994,981.82148400758,112.92374146759477,114.08513926217857,15.977244504018763,116.28449645332896,0.03706169621322956,0.00027440267313580435,5.042091796437757,0.5189999999999962,0.8737345873134494,1.1708465369259482,2.9711194961249876,0.3420061443263237,0.0,31.49920274009248,0.5437293191350699,6.0,281.7681603539507,90077.66799846747,1.113686942392461,336.5215051744941,0.016828196176543457,-7.185576172915959e-05,115.09242246761973,7376.096578046121
6.87492187499994,984.0767755799247,112.60553536069062,113.76662852670978,15.940827405884479,116.60899155488504,0.037274893002266316,0.00024822427150739866,5.042091796437757,0.5189999999999962,0.8737345873134494,1.1708494957062263,2.9711490839277688,0.3410731047712874,0.0,31.313762957245668,0.5436422661350544,6.0,281.75350095873046,90052.47066263718,1.1134333398362766,336.51262158099064,0.018036101598248016,-0.00014583596213036477,114.7754046373538,7333.84776622375
6.894921874999939,986.325710161243,112.28804021595128,113.44885213154886,15.904885348231907,116.93299019252848,0.03748857422428017,0.00020205700928913604,5.042091796437757,0.5189999999999962,0.8737345873134494,1.1708643436065944,2.9712975629314498,0.3401422076368751,0.0,31.12938537302709,0.5435556512647937,6.0,281.7388828839519,90027.3443505449,1.1131804258303495,336.50376302767484,0.019048250959456437,-0.0002678901836432825,114.45913283434918,7291.828873891865
6.914921874999939,988.5683018485672,111.97124415883384,113.13180386083589,15.869363056375246,117.25649653539317,0.037702786868362634,0.00014004808616547125,5.042091796437757,0.5189999999999962,0.8737345873134494,1.1708886333246191,2.971540460111697,0.3392134412178844,0.0,30.946064542490568,0.5434694717841216,6.0,281.72430603798426,90002.28890469097,1.1129281990075557,336.49492945901846,0.019842850590318862,-0.00042846901113015757,114.14360297416292,7250.038369582787
6.934921874999938,990.8045645237127,111.65513767405986,112.81547813543581,15.834175104536186,117.57951540238476,0.03791755418444846,6.861855780656363e-05,5.042091796437757,0.5189999999999962,0.8737345873134494,1.1709185714821884,2.9718398416873892,0.3382867938576041,0.0,30.763795053429238,0.5433837249732532,6.0,281.70977033059586,89977.30416998024,1.112676658023764,336.48612082034106,0.020259373479790666,-0.0007629258368007884,113.82881098989557,7208.4747339254045
6.954921874999938,993.0345119089574,111.3397143504461,112.49987021677076,15.799230164322166,117.90205197860082,0.038132871363166294,5.827611533858865e-06,5.042091796437757,0.5189999999999962,0.8737345873134494,1.1709434721199965,2.9720888480654706,0.3373622539493654,0.0,30.582570631018903,0.5432984081327951,6.0,281.6952756725918,89952.3899931,1.1124258015515907,336.4773370575906,0.0,0.0,113.5147528326291,7167.136459570244
6.9749218749999375,995.2581576258245,111.02497041090655,112.18497609050807,15.764446453199154,118.22411151895167,0.0383487029287636,7.62320920806125e-05,5.042091796437757,0.5189999999999962,0.8737345873134494,1.1708896022223334,2.9715501490888396,0.3364398099590802,0.0,30.40238389021547,0.5432135185856819,6.0,281.68082197543214,89927.54622186327,1.1121756282737982,336.46857811711186,-0.020221344151333878,-0.0002944440170146554,113.20142447892304,7126.022052001902
6.994921874999937,997.4755152480691,110.71090497578894,111.87079254696185,15.72973897154833,118.54569908425403,0.03856502034187921,0.00013740427650006263,5.042091796437757,0.5189999999999962,0.8737345873134494,1.170841267082158,2.9710667976870853,0.3355194504491667,0.0,30.223226470116135,0.5431290536792084,6.0,281.66640915088755,89902.77270461668,1.1119261368773405,336.45984394543785,-0.019747542627824938,-9.679735724603357e-05,112.8888219387857,7085.1300304003635
7.014921874999937,999.6865983561504,110.3975193464171,111.55731699537684,15.695042982070571,118.86681927289521,0.038781797868667305,0.00018447351173895736,5.042091796437757,0.5189999999999962,0.8737345873134494,1.1708013440530471,2.970667567395977,0.3346011640923791,0.0,30.045089478448414,0.5430450107861009,6.0,281.652037110685,89878.06928963205,1.1116773260472435,336.4511344890751,-0.019062724722086824,4.340847509944598e-06,112.57694126024613,7044.458928059967
7.034921874999936,1001.8914205716629,110.08481621559555,111.24454681790588,15.660362657607092,119.18747603643715,0.038999002862431034,0.00021304266961289214,5.042091796437757,0.5189999999999962,0.8737345873134494,1.170772429559238,2.9703784224578866,0.3336849379068053,0.0,29.868300228720617,0.542961387143442,6.0,281.63770576628417,89854.44850385988,1.1114417206521687,336.4424496943682,-0.018157670837756264,5.4653109571694864e-05,112.26577793547871,7004.08615571409
7.054921874999936,1004.0899955786804,109.77279926209667,110.93247946211936,15.62561255036543,119.50767250233287,0.0392165955139901,0.00022108396036445177,5.042091796437757,0.5189999999999962,0.8737345873134494,1.1707557195434382,2.970211322299887,0.3327707580634025,0.0,29.69256385136323,0.542878179928078,6.0,281.6234150287386,89831.06196780101,1.1112088287201145,336.43378950741555,-0.01719921623790947,0.00010918786758549307,111.95532717252587,6963.943108418073
7.074921874999935,1006.2823371502144,109.46147350684504,110.62111342411788,15.590773962895753,119.82741090877501,0.03943452674973044,0.0002080463121876001,5.042091796437757,0.5189999999999962,0.8737345873134494,1.1707515390126066,2.970169516991572,0.3318586134726469,0.0,29.517816938344087,0.5427953865827062,6.0,281.6091648085236,89807.74173762811,1.1109765735504722,336.4251538739653,-0.016219784341177837,0.00022349429487936496,111.645585101936,6924.0152194523735
7.094921874999935,1008.4684591598223,109.15084377401548,110.3104471914227,15.55586886413896,120.14669259653547,0.039652732348046255,0.00017546205975712084,5.042091796437757,0.5189999999999962,0.8737345873134494,1.170758983393224,2.970243960797745,0.3309484931849788,0.0,29.34405327765017,0.5427130045773917,6.0,281.59495501546115,89784.4876657663,1.1107449538701883,336.41654273936945,-0.01536103984996272,0.00040383655857294503,111.33654790209435,6884.301088420426
7.114921874999935,1010.6483755668243,108.84091371241416,110.0004789434412,15.52094559341284,120.46551808925118,0.03987113987376991,0.00012679453844685956,5.042091796437757,0.5189999999999962,0.8737345873134494,1.1707760076645886,2.970414203511391,0.3300403862518138,0.0,29.171267436630075,0.542631031396799,6.0,281.5807855588156,89761.2996037284,1.1105139683960201,336.4079560486423,-0.01467185872380209,0.0007380947886654894,111.0282117524771,6844.799323751432
7.134921874999934,1012.8221003865996,108.53168514711012,109.69120637209653,15.486069224444638,120.78388724639768,0.04008968432906314,6.685771598130372e-05,5.042091796437757,0.5189999999999962,0.8737345873134494,1.1707997677809487,2.970651804674993,0.3291342817170893,0.0,28.99945418386412,0.5425494645393678,6.0,281.5666563474871,89738.17740243099,1.110283615837682,336.3993937465772,-0.01417734449516186,0.0016542232176518258,110.72057283084398,6805.508542328171
7.154921874999934,1014.9896476487884,108.22315772321704,109.38262658630202,15.45130916628075,121.10179947486301,0.04030833298689472,7.417231668804235e-06,5.042091796437757,0.5189999999999962,0.8737345873134494,1.1708233025328318,2.970887152193824,0.32823016863142923,0.0,28.828607939713383,0.5424683015185282,6.0,281.55256729028287,89715.12091263889,1.1100538949022762,336.3908557779114,0.0,0.0,110.41362731805464,6766.427370062867
7.174921874999933,1017.1510313548628,107.91532889953501,109.07473611460941,15.416742546678151,121.41925394256634,0.04052710396530684,6.726920241297804e-05,5.042091796437757,0.5189999999999962,0.8737345873134494,1.170776280812851,2.9704169349940157,0.3273280360819589,0.0,28.65872244995259,0.5423875398652954,6.0,281.5385182961934,89692.12998541656,1.109824804298793,336.38234208749316,0.014214686831929692,0.0011981273496933795,110.1073714081488,6727.554443105483
7.194921874999933,1019.3062654287935,107.60819347525337,108.76753078345834,15.382442527949589,121.7362498253992,0.04074604960795518,0.00012862317067512328,5.042091796437757,0.5189999999999962,0.8737345873134494,1.170728435985871,2.969938486724215,0.32642787323248135,0.0,28.489790627566357,0.5423071771317438,6.0,281.52450927471284,89669.20447265288,1.1095963427433453,336.373852620476,0.014664015955402116,0.00034848585025875766,109.8018013219181,6688.888409459252
7.214921874999932,1021.4553636701243,107.30174426195569,108.46100590590879,15.348470046120728,122.0527865415207,0.04096524802856696,0.00017985082750454246,5.042091796437757,0.5189999999999962,0.8737345873134494,1.1706866481036964,2.9695206079024694,0.3255296693623012,0.0,28.321804760993324,0.5422272108943024,6.0,281.5105401361442,89646.34422756026,1.1093685089641516,336.36538732250335,0.015330497073787246,9.699736981540823e-05,109.4969133200169,6650.4279305085465
7.234921874999932,1023.598339715726,106.99597228829553,108.15515634106343,15.314865863963636,122.36886394200982,0.04118477779579317,0.00021737091088134747,5.042091796437757,0.5189999999999962,0.8737345873134494,1.1706530321771325,2.96918444863683,0.3246334138927432,0.0,28.15475697448195,0.5421476387559026,6.0,281.4966107918478,89623.54910508147,1.1091413017056018,336.35694613985976,0.016137749987343585,-5.791953583525581e-05,109.19270371192022,6612.171682009506
7.254921874999932,1025.735207011782,106.6908675879798,107.8499767080561,15.281662427170723,122.68448245018993,0.041404709357509985,0.00023831967597697464,5.042091796437757,0.5189999999999962,0.8737345873134494,1.1706292787578714,2.9689469144442193,0.3237390963937518,0.0,27.9886395619251,0.542068458346327,6.0,281.4827211544234,89600.81896218768,1.1089147197312383,336.3485290195806,0.017085330270709662,-0.0001543004892020076,108.88916885816664,6574.118354244073
7.274921874999931,1027.865978795386,106.38641917146978,107.54546137653793,15.248876728030801,122.99964315263114,0.04162510124795588,0.0002410777934910407,5.042091796437757,0.5189999999999962,0.8737345873134494,1.170616343469736,2.9688175615628665,0.3228467065827609,0.0,27.82344537239932,0.5419896673218698,6.0,281.46887113783,89578.15365807415,1.1086887618257233,336.340135909525,0.018067078130602772,-0.00029354110954005246,108.58630516998832,6536.266651849022
7.294921874999931,1029.990668081407,106.08261604920314,107.24160473930391,15.216502295745672,123.31434786324381,0.04184601511750434,0.00022593140109626494,5.042091796437757,0.5189999999999962,0.8737345873134494,1.1706140567850425,2.9687946947159305,0.32195623430224657,0.0,27.659168102542782,0.541911263363124,6.0,281.4550606574708,89555.55305429996,1.1084634267962439,336.3317667584273,0.0190327909640551,-0.0004417752221804411,108.28410910176477,6498.615292781825
7.31492187499993,1032.1092876697317,105.77944771780392,106.93840133891474,15.184515454440087,123.62859908641632,0.04206751669253028,0.00019458621852538438,5.042091796437757,0.5189999999999962,0.8737345873134494,1.1706214113786806,2.9688682406523115,0.32106766949434734,0.0,27.495802202701302,0.541833244172547,6.0,281.44128963014674,89533.01701471103,1.1082387134717602,336.323421515869,0.019895319789869415,-0.0006874562457671661,107.98257714246509,6461.163007169836
7.33492187499993,1034.2218501581096,105.47690462757855,106.63584599085542,15.152879043071943,123.94239995236278,0.0422896668501164,0.00014986573879878943,5.042091796437757,0.5189999999999962,0.8737345873134494,1.170636739811608,2.9690215249815854,0.32018100217823764,0.0,27.333342611266026,0.5417556074723058,6.0,281.4275579739723,89510.54540530342,1.108014620701657,336.3151001322272,0.020568316264413296,-0.0010304537811541027,107.68170580801085,6423.908536285307
7.354921874999929,1036.3283679698036,105.1749789047825,106.33393397812173,15.121536116723002,124.25575408029388,0.04251251738508916,9.618211531812206e-05,5.042091796437757,0.5189999999999962,0.8737345873134494,1.1706574344823677,2.9692284716891826,0.31929622243133493,0.0,27.17178444305762,0.5416783510024891,6.0,281.41386560819626,89488.13809392918,1.1077911473528237,336.3068025585669,0.021004010490361033,-0.0017199019614665132,107.38149163491123,6386.850631680051
7.374921874999929,1038.4288533880226,104.87366436510996,106.0326610565469,15.09042959169109,124.56866540948592,0.04273609452399927,3.823268028868943e-05,5.042091796437757,0.5189999999999962,0.8737345873134494,1.170680717453422,2.969461301399725,0.31841332038638837,0.0,27.01112250768266,0.5416014725207301,6.0,281.4002124529778,89465.79494993023,1.1075682923060124,336.29852874650453,0.02085112621496213,-0.004456435599511651,107.08193117923179,6349.988054963361
7.394921874999929,1040.5233185907282,104.57295684704532,105.73202354968522,15.059499612104243,124.88113803007846,0.04296040360831421,2.2603534037246076e-05,5.042091796437757,0.5189999999999962,0.8737345873134494,1.1706790049355258,2.9694441762207635,0.31753228623564117,0.0,26.851351151867753,0.5415249698024465,6.0,281.38659842916024,89443.51584376793,1.107346054452156,336.2902786480711,-0.019977056226693404,-0.0075777624798925546,106.78302101794283,6313.319577864539
7.414921874999928,1042.6117756912777,104.27285387283463,105.43201826035242,15.028687346556518,125.19317598737432,0.04318544154514011,7.559935507804977e-05,5.042091796437757,0.5189999999999962,0.8737345873134494,1.1706367187716855,2.9690213145823607,0.31665311023937764,0.0,26.692464193297965,0.5414488406414546,6.0,281.3730234580067,89421.3006465909,1.1071244326880632,336.2820522155521,-0.021066973607112897,-0.002059791939055058,106.48475775173536,6276.843982463264
7.434921874999928,1044.6942367711692,103.97335479893076,105.13264251637379,14.997936903908894,125.50478312638025,0.04341118198476352,0.00012088798531216074,5.042091796437757,0.5189999999999962,0.8737345873134494,1.1705990542244709,2.968644669110214,0.3157757827348846,0.0,26.53445502661212,0.541373082850608,6.0,281.3594874609874,89399.1492298866,1.1069034259129487,336.27384940135835,-0.02073253156739203,-0.0010546923529869431,106.18713800798663,6240.560061437687
7.454921874999927,1046.7707139143558,103.6744604502062,104.83389407282567,14.967202203864918,125.81596293045338,0.043637564972544916,0.00015423759725098252,5.042091796437757,0.5189999999999962,0.8737345873134494,1.1705685132202608,2.9683392590681135,0.31490029413887466,0.0,26.37731685973661,0.541297694261862,6.0,281.34599035955665,89377.06146511645,1.106683033024797,336.26567015789135,-0.02021448152150167,-0.000604730069026041,105.8901584415258,6204.466618048703
7.474921874999927,1048.841219232776,103.37617263352139,104.53577097834237,14.93645937521421,126.1267184036507,0.04386452163115241,0.00017381681952130716,5.042091796437757,0.5189999999999962,0.8737345873134494,1.170546176794729,2.968115894812795,0.3140266349417954,0.0,26.221043080239365,0.5412226727256387,6.0,281.33253207498694,89355.03722344412,1.1064632529176532,336.25751443744207,-0.01960742022791003,-0.0002949795239415947,105.59381573268212,6168.562465811601
7.4949218749999265,1050.9057648794417,103.07849369253546,104.23827145066973,14.905692582239555,126.43705201362775,0.04409195615192697,0.00017845374662758823,5.042091796437757,0.5189999999999962,0.8737345873134494,1.1705327366306877,2.9679814931723825,0.31315479569649085,0.0,26.06562740980876,0.5411480161097191,6.0,281.3191125282836,89333.07637559639,1.1062440844802377,336.2493821921399,-0.018922834068149857,1.2091741138643691e-05,105.29810658345083,6132.846427960957
7.514921874999926,1052.9643630577832,102.78142624843095,103.94139380202135,14.874899906754319,126.7469656526486,0.0443197578244906,0.0001680013226246738,5.042091796437757,0.5189999999999962,0.8737345873134494,1.170528279308442,2.967936919949925,0.31228476700315394,0.0,25.911064046577344,0.541073722297836,6.0,281.3057316401244,89311.17879176376,1.1060255265949523,336.2412733739154,-0.01826373508312132,0.0003500076676489898,105.00302771241697,6097.317336782304
7.534921874999926,1055.017026022171,102.484972671891,103.64513628930551,14.844092901512315,127.056460640623,0.04454782387584822,0.00014330604544064268,5.042091796437757,0.5189999999999962,0.8737345873134494,1.170532304895052,2.9679771758160256,0.3114165394924556,0.0,25.757347670659406,0.5409997891881332,6.0,281.2923893308559,89289.34434159484,1.1058075781378274,336.2331879344987,-0.017638995967811728,0.0006883149139716683,104.70857584907806,6061.974032890636
7.554921874999925,1057.06376606926,102.18913470133145,103.34949700527253,14.813302386306681,127.36553777147445,0.044776068415310295,0.00010673547097081581,5.042091796437757,0.5189999999999962,0.8737345873134494,1.170543414258733,2.9680882694528354,0.3105501038139985,0.0,25.60447336855851,0.5409262146921022,6.0,281.2790855205498,89267.57289428847,1.1055902379794398,336.22512582545323,-0.01715722876323531,0.0012586512054783181,104.4147477299692,6026.815364734557
7.574921874999925,1059.1045955184309,101.89391285972863,103.05447371518838,14.782574046124296,127.67419741073353,0.04500442063824274,6.197887895400612e-05,5.042091796437757,0.5189999999999962,0.8737345873134494,1.1705594259652454,2.96824838651796,0.30968545063219693,0.0,25.452436365963408,0.5408529967341626,6.0,281.2658201291302,89245.86431880176,1.105373504986993,336.2170869982529,-0.01671223478153429,0.0026168247255342436,104.1215400972985,5991.840188403862
7.594921874999924,1061.1395266865075,101.5993063489678,102.76006382813853,14.751945414651397,127.98243961953408,0.045232825826574945,1.5056906329409242e-05,5.042091796437757,0.5189999999999962,0.8737345873134494,1.1705767770284419,2.9684218971499243,0.3088225706349424,0.0,25.30123172980589,0.5407801332523274,6.0,281.25259307653766,89224.218484119,1.1051573780270023,336.2090714043818,-0.011676969806248334,0.012019192487631062,103.82894970188809,5957.047367937207
7.614921874999924,1063.168571862141,101.30531315225224,102.46626442723276,14.721464874455975,128.29026427941227,0.04546124625555337,4.354878062174316e-05,5.042091796437757,0.5189999999999962,0.8737345873134494,1.1705495250854545,2.9681493777200507,0.3079614545480877,0.0,25.1508543016105,0.5407076221993456,6.0,281.23940428289603,89202.63525952418,1.1049418559680202,336.201078995435,0.016199962512044128,0.004514244051963974,103.5369733080707,5922.435775847399
7.6349218749999235,1065.1917432787309,101.0119297577893,102.17307219580512,14.691176262956096,128.5976712233832,0.0456896540353262,9.32368835558528e-05,5.042091796437757,0.5189999999999962,0.8737345873134494,1.1705097768900445,2.967751895765951,0.30710209315376275,0.0,25.001298576931593,0.5406354615441467,6.0,281.22625366868823,89181.11451488898,1.1047269376835174,336.19310972322506,0.016907907266368583,0.002142891872646434,103.24560769987504,5888.004293784224
7.654921874999923,1067.2090530869043,100.71915138517086,101.8804834832607,14.66111958644969,128.90466036848875,0.04591804462206925,0.00013820992657163377,5.042091796437757,0.5189999999999962,0.8737345873134494,1.1704728754292217,2.967382881157723,0.30624447731037296,0.0,24.852558758073325,0.5405636492733986,6.0,281.2131411549351,89159.65612096556,1.1045126220548123,336.1851635398907,0.01738523269856344,0.001356618337744485,102.95484968777609,5853.751813248913
7.674921874999923,1069.2205133298144,100.42697213123745,101.58849434792253,14.631331208842566,129.21123183438735,0.04614644008791722,0.0001749461546311649,5.042091796437757,0.5189999999999962,0.8737345873134494,1.1704409034053063,2.9670631609185683,0.3053885979687265,0.0,24.70462885662772,0.5404921833927187,6.0,281.2000666633562,89138.2599496493,1.1042989079737022,336.17724039799384,0.017973683043195007,0.0009054788581922504,102.66469611413888,5819.6772361449775
7.694921874999922,1071.2261359210177,100.13538497508715,101.29710055989318,14.601845346614049,129.51738604911137,0.04637489759609046,0.00020041786692146226,5.042091796437757,0.5189999999999962,0.8737345873134494,1.1704156504418062,2.9668106312835674,0.3045344461844191,0.0,24.557502823244388,0.5404210619275475,6.0,281.18703011651337,89116.92587421411,1.1040857943448241,336.1693402506071,0.018675198382275292,0.0006374225013802266,102.37514385740018,5785.779475173915
7.714921874999922,1073.2259326255235,99.84438215032537,101.00629770424138,14.572679010142569,129.8231238391999,0.046603482146997256,0.00021300823440068166,5.042091796437757,0.5189999999999962,0.8737345873134494,1.1703980713570432,2.9666348404359377,0.3036820131216643,0.0,24.411174837344987,0.540350282923301,6.0,281.17403143793405,89095.653769514,1.1038732800876758,336.16146305138807,0.019434092370746926,0.00047509646733092086,102.0861898333695,5752.057453896165
7.734921874999921,1075.2199150483088,99.55395543330435,100.71608125952592,14.543839820029048,130.12844648391481,0.046832254850719894,0.00021186379477755577,5.042091796437757,0.5189999999999962,0.8737345873134494,1.1703886701124713,2.9665408279902183,0.3028312900496191,0.0,24.26563941298621,0.5402798444448946,6.0,281.16107055218595,89074.44351210528,1.1036613641378477,336.15360875462466,0.020216228563466714,0.00030192727114063524,101.79783099399792,5718.51010650116
7.754921874999921,1077.208094629453,99.26409666615065,100.42644674044413,14.515321214092511,130.43335573768994,0.0470612819736874,0.00019733549627568296,5.042091796437757,0.5189999999999962,0.8737345873134494,1.1703872391151788,2.966526518017294,0.30198226833067016,0.0,24.120891509030308,0.540209744575613,6.0,281.14814738490855,89053.2949802983,1.1034500454475513,336.1457773152546,0.02098267406746048,8.667533161020377e-05,101.51006432343691,5685.136377273196
7.7749218749999205,1079.1904826491273,98.97479807812492,100.13738978436861,14.487103281158904,130.73785380585318,0.04729064591154728,0.00017092249835973063,5.042091796437757,0.5189999999999962,0.8737345873134494,1.1703928923256732,2.966583050122238,0.301134939406964,0.0,23.976926484477364,0.5401399814158505,6.0,281.1352618627806,89032.20805410438,1.103239322985099,336.13796868884504,0.021628483959808705,-0.0001371344555786973,101.22288683349531,5651.93521999327
7.79492187499992,1081.1670902403532,98.68605272246712,99.84890627075742,14.459152003275133,131.04194328391196,0.047520422297612205,0.00013529297662984047,5.042091796437757,0.5189999999999962,0.8737345873134494,1.1704040523081876,2.966694649947381,0.3002892947866423,0.0,23.833739958082013,0.5400705530818496,6.0,281.1224139134377,89011.18261510007,1.1030291957335574,336.13018283154327,0.022142812239991472,-0.0004087112625244198,100.93629555898927,5618.905597334723
7.81492187499992,1083.1379284078944,98.39785483710664,99.56099241902966,14.431431358468327,131.34562706841118,0.047750673481909194,9.333418654514242e-05,5.042091796437757,0.5189999999999962,0.8737345873134494,1.1704190116881654,2.96684424374716,0.29944532602665225,0.0,23.691329662071375,0.5400015057971231,6.0,281.10960346534864,88990.21854622624,1.1028196626887514,336.1224197000013,0.02250769604109747,-0.0008542687519976771,100.65028755193413,5586.046480137215
7.834921874999919,1085.1030080523833,98.11019975007824,99.27364476033938,14.403902885866072,131.6489082435598,0.047981448694757976,4.819432233455054e-05,5.042091796437757,0.5189999999999962,0.8737345873134494,1.1704359077686097,2.967013204551603,0.29860302471929867,0.0,23.549690049335073,0.5399328145511186,6.0,281.0968304476595,88969.3157315314,1.1026107228567035,336.1146792512817,0.02262152115758176,-0.0023500575266945777,100.36485987698961,5553.356846829096
7.854921874999919,1087.062339992616,97.82308391785462,98.98686016072881,14.376528087589547,131.95178997821287,0.04821279833922023,7.097959754695811e-06,5.042091796437757,0.5189999999999962,0.8737345873134494,1.1704504622330019,2.9671587491955242,0.29776238253734794,0.0,23.40881531577945,0.5398644524216986,6.0,281.08409479004797,88948.47405593458,1.1024023752512748,336.10696144276903,0.0,0.0,100.08000962658744,5520.835685032312
7.874921874999918,1089.0159349875296,97.53650489683716,98.70063580920753,14.349270590423366,132.25427542562846,0.04844478803102542,4.149169668847536e-05,5.042091796437757,0.5189999999999962,0.8737345873134494,1.17042035616603,2.966857688525806,0.2969233912125636,0.0,23.268700543702074,0.5397964175848373,6.0,281.071396422581,88927.69340499151,1.1021946188918308,336.0992662320841,-0.02231042234189899,-0.004512966251219347,99.79573391368469,5488.481990676816
7.894921874999918,1090.9638037579718,97.25046130669492,98.41496920870127,14.322092633355133,132.55636762478466,0.04867746752183676,7.859612070650229e-05,5.042091796437757,0.5189999999999962,0.8737345873134494,1.1703886947347268,2.966541074212774,0.29608604253532855,0.0,23.12934062514516,0.53972870823121,6.0,281.05873527557316,88906.97366466314,1.1019874528009341,336.0915935769973,-0.02238352309949902,-0.0026247235320192744,99.51202987160518,5456.294767907817
7.9149218749999175,1092.9059570072275,96.96495282814526,98.12985817685063,14.29496394504397,132.85806940842693,0.048910873023690606,0.00010788738111251356,5.042091796437757,0.5189999999999962,0.8737345873134494,1.1703617091285548,2.966271218151053,0.29525032835528003,0.0,22.99073035517755,0.5396613225661385,6.0,281.046111279453,88886.31472109715,1.1017808760021637,336.0839434353485,-0.022128023345989505,-0.0019752716620514677,99.228894654224,5424.273029032283
7.934921874999917,1094.8424054399338,96.67997974438434,97.84530071710117,14.267861339434612,133.15938331942834,0.04914500871158377,0.0001273841250969293,5.042091796437757,0.5189999999999962,0.8737345873134494,1.1703405707441337,2.9660598343068423,0.2944162405770297,0.0,22.852864555579355,0.53959425880914,6.0,281.0335243646404,88865.7164604269,1.1015748875181066,336.0763157649721,-0.021761396359869806,-0.0015368357429312283,98.94632543450182,5392.415794286841
7.954921874999917,1096.7731597721825,96.39554294849196,97.56129502048216,14.240771491160636,133.46031156828448,0.04937984681346032,0.000136062411577816,5.042091796437757,0.5189999999999962,0.8737345873134494,1.1703258844340716,2.9659129712062215,0.29358377115605067,0.0,22.715738204372716,0.5395275151934986,6.0,281.0209744614808,88845.17876866391,1.1013694863692862,336.0687105236574,-0.021325461298937448,-0.0012147558394652448,98.66431940308647,5360.722091621207
7.974921874999916,1098.6982307403698,96.1116434801682,97.2778393333853,14.213690547425475,133.76085599658882,0.049615339707005324,0.00013361921022614687,5.042091796437757,0.5189999999999962,0.8737345873134494,1.1703178289294724,2.96583241616023,0.2927529120894169,0.0,22.579346505492534,0.5394610899654292,6.0,281.0084615001876,88824.70153160368,1.101164671573222,336.0611276691137,-0.020896326633460822,-0.0009574925915063692,98.38287376518636,5329.1909562983565
7.994921874999916,1100.6176291010077,95.82828234753153,96.9949319056935,14.186628416562494,134.06101808193847,0.049851430101090916,0.00012086135550119784,5.042091796437757,0.5189999999999962,0.8737345873134494,1.1703159266621896,2.965813393487402,0.2919236554088147,0.0,22.44368493243602,0.5393949813834377,6.0,280.99598541084345,88804.28463482777,1.1009604421444514,336.05356715897113,-0.020506638404238522,-0.0007539780938776759,98.10198573821846,5297.821430589679
8.014921874999915,1102.531365626886,95.54546007430905,96.71257086101244,14.159597929059359,134.36079895924826,0.05008806302310892,9.880604591112865e-05,5.042091796437757,0.5189999999999962,0.8737345873134494,1.1703195761416245,2.965849888281751,0.2910959931733925,0.0,22.30874913566778,0.5393291877176768,6.0,280.98354612342524,88783.92796374454,1.1007567970949401,336.04602895079574,-0.020153824195623435,-0.0005920991381703801,97.82165254940651,5266.612563471593
8.034921874999915,1104.439451097897,95.26317685189922,96.43075423890355,14.13261206457371,134.6601994660502,0.05032518249968896,6.848592328667933e-05,5.042091796437757,0.5189999999999962,0.8737345873134494,1.1703281671301058,2.9659357981665635,0.2902699174692289,0.0,22.17453488119878,0.5392637072498365,6.0,280.97114356786363,88763.63140368689,1.1005537354350603,336.03851300212534,-0.01986481446896226,-0.00026262666612613685,97.54187143560934,5235.563410569214
8.054921874999915,1106.3418962931967,94.98143237407166,96.14947994747672,14.10569218515019,134.95922018125964,0.050562729431121334,3.168561556868046e-05,5.042091796437757,0.5189999999999962,0.8737345873134494,1.1703406441835782,2.9660605687012875,0.28944542040850607,0.0,22.041038016579225,0.5391985382730126,6.0,280.9587776740942,88743.39483999547,1.100351256174426,336.03101927050113,-0.019664473313871045,0.000721707037908043,97.262639643049,5204.673034089061
8.074921874999914,1108.2387119776884,94.70022547165709,95.86874566018142,14.078877134702381,135.2578614893252,0.050800637950879295,9.01985639458289e-06,5.042091796437757,0.5189999999999962,0.8737345873134494,1.1703447970750918,2.966102097616423,0.28862249413298874,0.0,21.908254362590856,0.5391336790919147,6.0,280.946448372145,88723.21815816255,1.1001493583233366,336.02354771351986,0.0,0.0,96.98395442849144,5173.940502910255
8.094921874999914,1110.1299088813707,94.41955384835752,95.58854874229979,14.052197335945221,135.5561236762154,0.051038848062027596,4.9582225060977214e-05,5.042091796437757,0.5189999999999962,0.8737345873134494,1.1703115437615763,2.9657695644812687,0.2878011308243048,0.0,21.776179581252258,0.5390691280236048,6.0,280.93415559227105,88703.10124405172,1.099948040894977,336.0160982889163,0.01964396231936302,0.002001042475362866,96.70581306272086,5143.364892920974
8.114921874999913,1112.0154976815281,94.13941454695279,95.30888638455109,14.025676231646278,135.85400701197347,0.05127730373802218,8.916663863473949e-05,5.042091796437757,0.5189999999999962,0.8737345873134494,1.1702789174420059,2.965443301285564,0.28698132271506305,0.0,21.64480920970544,0.5390048833982868,6.0,280.92189926507007,88683.04398408727,1.099747302907318,336.00867095463246,0.019876760008902313,0.001614621326519721,96.4282128342908,5112.9452873759965
8.134921874999913,1113.8954889881545,93.85980381528901,95.02975556646804,13.999341537756413,136.1515118181736,0.051515944306727714,0.00012500478000845622,5.042091796437757,0.5189999999999962,0.8737345873134494,1.1702485567767942,2.9651396946334474,0.2861630620982034,0.0,21.514138660492964,0.5389409435599444,6.0,280.90967932157696,88663.0462654093,1.0995471433846746,336.00126566887565,0.020223719220023625,0.0013809063236120479,96.1511510526774,5082.680777182192
8.154921874999912,1115.769893328349,93.58071710657276,94.75115305789683,13.973216154281547,136.4486385395844,0.05175472432235712,0.00015501325561724012,5.042091796437757,0.5189999999999962,0.8737345873134494,1.1702216941652908,2.964871068518413,0.285346341336683,0.0,21.38416327673146,0.5388773068669928,6.0,280.8974956933657,88643.10797603961,1.0993475613593704,335.99388239017964,0.02065081941733671,0.0012268671498749525,95.87462505154552,5052.570461190369
8.174921874999912,1117.6387211325252,93.30214931593338,94.47307548662272,13.94732289987169,136.74538780721207,0.05199361888853493,0.00017712477434565755,5.042091796437757,0.5189999999999962,0.8737345873134494,1.1701995521525628,2.9646496483911333,0.2845311528692889,0.0,21.254878378076167,0.5388139716926172,6.0,280.88534831263854,88623.22900502854,1.0991485558732166,335.986521077459,0.021181846622644267,0.0010747222993098195,95.59863219071103,5022.613446343113
8.194921874999912,1119.5019827230676,93.02409475506347,94.19551933155232,13.92167296335569,137.04176048988074,0.05223262449293611,0.00019022092861170387,5.042091796437757,0.5189999999999962,0.8737345873134494,1.1701827915553815,2.964482042419321,0.2837174892150487,0.0,21.126279401712374,0.5387509364249968,6.0,280.87323711230005,88603.40924257548,1.0989501259787222,335.9791816900538,0.021764684108028388,0.0009090637321855641,95.32316985762873,4992.808847768092
8.214921874999911,1121.359688305451,92.74654749367866,93.91848101893089,13.896272524292106,137.3377577343223,0.052471766030894686,0.00019361845258592162,5.042091796437757,0.5189999999999962,0.8737345873134494,1.1701718159943926,2.9643722868094313,0.2829053429718317,0.0,20.998361940114865,0.5386881994670734,6.0,280.86116202601454,88583.64858012344,1.0987522707400519,335.9718641877648,0.02236637254381936,0.0006827507837296529,95.04823546692526,4963.155788663474
8.23492187499991,1123.2118479657192,92.46950158395127,93.64195698492001,13.871120469952801,137.63338097638803,0.052711094388107345,0.00018730741392041875,5.042091796437757,0.5189999999999962,0.8737345873134494,1.1701666310734957,2.964320437600463,0.2820947068118141,0.0,20.871121794369003,0.5386257592360837,6.0,280.8491229882228,88563.94691038581,1.0985549892332989,335.96456853086306,0.022973105922355644,0.0005131911106035056,94.77382645887144,4933.653400071032
8.25492187499991,1125.0584716725639,92.19295117964428,93.36594370818854,13.846208678945013,137.9286319314935,0.052950666170294085,0.00017184815448154564,5.042091796437757,0.5189999999999962,0.8737345873134494,1.1701669054007189,2.9643231808726944,0.2812855734758253,0.0,20.744554965613734,0.5385636141630105,6.0,280.83711993412834,88544.30412732431,1.0983582805462733,335.95729468008176,0.02352419771290111,0.0002836695116838564,94.49994029747363,4904.300820610918
8.27492187499991,1126.8995692802741,91.91689081682928,93.09043778870756,13.821520483836087,138.22351258109373,0.05319054398990342,0.0001485581196799758,5.042091796437757,0.5189999999999962,0.8737345873134494,1.170171859792806,2.9643727247935647,0.2804779357667954,0.0,20.618657631359355,0.538501762691975,6.0,280.8251527996782,88524.72012611754,1.098162143778195,335.95004259660504,0.024002342794589803,-7.29174612859484e-05,94.22657446826277,4875.097196188826
8.29492187499991,1128.7351505402,91.6413156468903,92.8154360130926,13.797033325489673,138.51802512132647,0.05343080514359002,0.00011930503304336612,5.042091796437757,0.5189999999999962,0.8737345873134494,1.1701803893641325,2.9644580205068305,0.27967178654268826,0.0,20.49342606025121,0.5384402032795977,6.0,280.8132215214887,88505.19480303908,1.0979665780384793,335.9428122420221,0.024398424131530722,-0.0006461358652785087,93.9537264759012,4846.041679685046
8.314921874999909,1130.5652251128183,91.36622142914806,92.54093535242102,13.772725505976696,138.81217190935405,0.053671532606103335,8.59178961898064e-05,5.042091796437757,0.5189999999999962,0.8737345873134494,1.1701914119198493,2.964568246063999,0.2788671187131571,0.0,20.36885651018378,0.5383789343946528,6.0,280.8013260367667,88485.72805532916,1.097771582445459,335.9356035782806,0.024657264509039746,-0.001574104012284108,93.68139384304047,4817.133430777005
8.334921874999909,1132.3898025801814,91.09160457958403,92.26693297635184,13.748574375290293,139.10595540847555,0.05391280530719591,5.039047711608109e-05,5.042091796437757,0.5189999999999962,0.8737345873134494,1.1702037472341669,2.9646915992071743,0.2780639252374052,0.0,20.244945197125624,0.5383179545178193,6.0,280.7894662832288,88466.3197810622,1.0975771561250633,335.92841656763665,0.02466294858243884,-0.0036126277543503497,93.40957410958323,4788.371615805787
8.354921874999908,1134.208892458758,90.81746211691942,91.99342623826533,13.724555467072586,139.39937813203258,0.05415468566733366,1.6107017980420704e-05,5.042091796437757,0.5189999999999962,0.8737345873134494,1.1702153907026223,2.964808033891728,0.27726219912335637,0.0,20.12168826828264,0.5382572621415331,6.0,280.77764219901803,88446.96987901024,1.0973832982094562,335.9212511726049,0.02119365322866867,-0.013303160525623975,93.13826483238579,4759.755407689427
8.374921874999908,1136.0225042136615,90.54379192841596,91.72041275195384,13.700640582393737,139.69244258178657,0.05439721453261361,2.2459515383454826e-05,5.042091796437757,0.5189999999999962,0.8737345873134494,1.170203003510835,2.964684161973856,0.27646193342660735,0.0,19.99908177991515,0.5381968557698265,6.0,280.76585372261115,88427.67824849163,1.0971900078355237,335.9141073559024,-0.022884936322437537,-0.010080528037222944,92.86746358488573,4731.283985829024
8.394921874999907,1137.8306472743886,90.27059252759362,91.44789032291104,13.676802077891384,139.98515118028595,0.05464040480006099,5.116823342006465e-05,5.042091796437757,0.5189999999999962,0.8737345873134494,1.1701774142387413,2.964428269252919,0.27566312124993575,0.0,19.877121695280213,0.5381367339182083,6.0,280.75410079271643,88408.44478920354,1.0969972841432019,335.90698508038616,-0.024513112208488137,-0.00423286406483988,92.59716795691484,4702.956536034238
8.414921874999907,1139.6333310486393,89.99786318527856,91.17585698640686,13.653021634843068,140.2775062123504,0.054884242701843694,7.486295781158761e-05,5.042091796437757,0.5189999999999962,0.8737345873134494,1.1701548374710233,2.964202501575739,0.2748657557420303,0.0,19.755803944115545,0.5380768951134893,6.0,280.7423833481838,88389.26940107501,1.0968051262740073,335.8998843089994,-0.02456087658908216,-0.0026087705211426306,92.32737555425366,4674.772250424378
8.434921874999906,1141.4305649332703,89.72560354490038,90.90431089703046,13.629282376377176,140.5695097796051,0.05512869999550966,9.1432936208689e-05,5.042091796437757,0.5189999999999962,0.8737345873134494,1.1701365224356348,2.964019351221854,0.2740698300948589,0.0,19.635124470937253,0.5380173378935069,6.0,280.73070132793373,88370.15198415042,1.0966135333698712,335.89280500472785,-0.02437677776533312,-0.001715508646163331,92.05808399773133,4646.730327286249
8.454921874999906,1143.2223583225534,89.45381365750082,90.63325033836982,13.60557444092885,140.86116376720486,0.05537372944383193,0.0001000021013679035,5.042091796437757,0.5189999999999962,0.8737345873134494,1.1701229871129724,2.963883997995229,0.2732753375405247,0.0,19.5150792998933,0.537958060806815,6.0,280.7190546709034,88351.09243850164,1.0964225045722638,335.88574713056744,-0.024129564084961037,-0.0010678840968049287,91.78929092215714,4618.82997091841
8.474921874999906,1145.008720613233,89.18249371828846,90.36267364647622,13.581896780322062,141.1524698247002,0.0556192727917309,0.00010047608472019315,5.042091796437757,0.5189999999999962,0.8737345873134494,1.170114286861418,2.963796995479686,0.27248227134672576,0.0,19.395664578994317,0.5378990624122759,6.0,280.70744331601395,88332.09066417426,1.096232039021656,335.87871064950446,-0.023868923963536973,-0.0005477955613726138,91.52099397478666,4591.0703914325695
8.494921874999905,1146.7896612053894,88.9116438238346,90.09257913898021,13.558252038454386,141.44342936519038,0.055865267331569816,9.30714492505518e-05,5.042091796437757,0.5189999999999962,0.8737345873134494,1.170110293313996,2.9637570600054652,0.27169062481252754,0.0,19.276876575169563,0.5378403412786804,6.0,280.69586720216495,88313.14656117835,1.096042135857428,335.871695524512,-0.023603846266440506,-5.6807456017418834e-05,91.25319081389767,4563.450804571003
8.514921874999905,1148.5651894999985,88.64126393636555,89.82296510405277,13.534646097916186,141.73404357870038,0.05611165332317742,7.829825466834609e-05,5.042091796437757,0.5189999999999962,0.8737345873134494,1.1701107046607706,2.9637611734732117,0.27090039126606236,0.0,19.158711664107283,0.5377818959845171,6.0,280.68432626825,88294.26002951448,1.0958527942181349,335.8647017185595,-0.023340961371644122,0.0005591206249522327,90.9858791080171,4535.970431593281
8.534921874999904,1150.3353148953397,88.37135382987117,89.55382978431516,13.511088991855791,142.02431345034307,0.05635837223798428,5.705039512082528e-05,5.042091796437757,0.5189999999999962,0.8737345873134494,1.1701149920194256,2.9638040470597615,0.270111564062971,0.0,19.041166310306856,0.5377237251177991,6.0,280.6728204531803,88275.43096921191,1.0956640132418891,335.85772919462727,-0.02311265673668889,0.0015261894006281228,90.71905653539852,4508.628499189999
8.554921874999904,1152.1000467815516,88.10191287581125,89.2851713145293,13.487595852385919,142.3142397862457,0.05660537635245914,3.0811565955181456e-05,5.042091796437757,0.5189999999999962,0.8737345873134494,1.1701222771944377,2.963876898809883,0.26932413658587856,0.0,18.92423703313725,0.5376658272759686,6.0,280.6613496959199,88256.65928038648,1.0954757920669445,335.85077791572746,-0.022685854715253535,0.004027907845395768,90.45272078384895,4481.424239433059
8.574921874999903,1153.8593945317186,87.83293999130682,89.0169877067645,13.464184612530211,142.6038232541419,0.05685262299587118,6.649191332485156e-06,5.042091796437757,0.5189999999999962,0.8737345873134494,1.1701283733556282,2.963937860421788,0.26853810224693947,0.0,18.807920358993282,0.5376082010660281,6.0,280.6499139355438,88237.9448633354,1.0952881298326491,335.84384784493955,0.0,0.0,90.18686955158996,4454.356889830085
8.594921874999903,1155.613367491687,87.56443357647046,88.74927683274358,13.44087423296198,142.8930644290781,0.05710007931107639,3.2938803633089276e-05,5.042091796437757,0.5189999999999962,0.8737345873134494,1.1701046167367979,2.9637002942334845,0.2677534544920318,0.0,18.692212784160056,0.537550845104788,6.0,280.638513111304,88219.28761864571,1.0951010256805354,335.83693894545024,0.02247064685541109,0.005098738569592315,89.92150054867388,4427.425693432515
8.614921874999903,1157.3619749708605,87.29639149800097,88.48203641970375,13.417684671995161,143.18196383457038,0.05734772733253032,6.492710044582358e-05,5.042091796437757,0.5189999999999962,0.8737345873134494,1.1700775245248163,2.9634293721136684,0.2669701868058269,0.0,18.577110754617433,0.5374937580191739,6.0,280.62714716268937,88200.687447292,1.0949144787553042,335.83005118058975,0.02302948741994292,0.002740085687944518,89.65661149869246,4400.62989896946
8.634921874999902,1159.1052262295061,87.02881101032973,88.21526402851512,13.394635791973263,143.47052199837788,0.05759555797663693,9.545272131275111e-05,5.042091796437757,0.5189999999999962,0.8737345873134494,1.1700513394756666,2.963167521622172,0.26618829271854033,0.0,18.46261065663598,0.5374369384466482,6.0,280.6158160295082,88182.1442507716,1.0947284882061843,335.823184513882,0.023329943688110033,0.0018530228287116828,89.39220014105359,4373.968761035566
8.654921874999902,1160.8431304685744,86.76168899908468,87.94895712491913,13.371738628850851,143.75873949714455,0.05784357191401644,0.00012326404653586093,5.042091796437757,0.5189999999999962,0.8737345873134494,1.1700268024144644,2.96292215101015,0.265407765811195,0.0,18.348708860464644,0.5373803850355174,6.0,280.60451965195426,88163.65793121274,1.094543053188022,335.81633890908427,0.02364487618026432,0.0012935874070206107,89.12826423275513,4347.441540224652
8.674921874999901,1162.5756968234657,86.49502200415323,87.68311308656216,13.349006575527957,144.0466169838922,0.05809178566131215,0.00014706618673777203,5.042091796437757,0.5189999999999962,0.8737345873134494,1.170004679543716,2.9627009223026657,0.2646285997190353,0.0,18.23540172126649,0.5373240964450989,6.0,280.59325797064747,88145.22839144098,1.0943581728619511,335.8095143302124,0.02400333725049714,0.0009156975882850741,88.86480154953342,4321.047503197756
8.6949218749999,1164.3029343571438,86.22880618649876,87.41772919381046,13.32645132231364,144.33415521806506,0.0583402267202546,0.00016568956287130675,5.042091796437757,0.5189999999999962,0.8737345873134494,1.1699856627035377,2.962510753900882,0.26385078813505164,0.0,18.122685605156917,0.537268071345891,6.0,280.58203092667856,88126.85553505234,1.0941738463961326,335.80271074156724,0.024426279108841584,0.0006140745921335808,88.60180988704928,4294.78592275316
8.7149218749999,1166.0248520515968,85.96303740486354,87.15280265221206,13.304084293718244,144.62135510232554,0.05858893090743907,0.00017799278389249714,5.042091796437757,0.5189999999999962,0.8737345873134494,1.1699704270275517,2.962358397141023,0.26307432481264764,0.0,18.01055690861641,0.5372123084196795,6.0,280.5708384616646,88108.53926650422,1.0939900729666716,335.79592810776876,0.024875011756877164,0.00034844611269046143,88.33928706178763,4268.656077867495
8.7349218749999,1167.741458804803,85.69771130722371,86.88833061881375,13.281909287558072,144.90821769571684,0.058837938908382625,0.0001835064372886271,5.042091796437757,0.5189999999999962,0.8737345873134494,1.1699592498715414,2.96224662558092,0.26229920356569403,0.0,17.899012126328664,0.5371568063594517,6.0,280.55968051776875,88090.27949114762,1.0938068517579462,335.78916639376786,0.02536878920606796,8.404307033993206e-05,88.07723091107361,4242.657253647978
8.7549218749999,1169.4527634259916,85.43282347144685,86.6243102426345,13.259927727758333,145.19474423384477,0.05908729782433796,0.0001819908473564029,5.042091796437757,0.5189999999999962,0.8737345873134494,1.1699522728295395,2.9621768551609007,0.26152541826770476,0.0,17.78804784509672,0.5371015638692511,6.0,280.54855703773103,88072.07611527761,1.0936241819631196,335.782425564865,0.025843664339049794,-0.00013956781656827884,87.81563929279575,4216.788741257461
8.7749218749999,1171.158774636616,85.16836953825687,86.36073870261768,13.23813405050858,145.4809361247532,0.059337051776576784,0.0001738307618352056,5.042091796437757,0.5189999999999962,0.8737345873134494,1.169949268052411,2.962146807389616,0.2607529628488746,0.0,17.677660774196845,0.5370465796638794,6.0,280.53746796486195,88053.92904612294,1.093442062784042,335.77570558670635,0.02630762616934253,-0.0003222886331839417,87.5545100844051,4191.049837768579
8.794921874999899,1172.85950107215,84.90434530204571,86.09761323349159,13.216521093420981,145.7667949412908,0.05958723577447543,0.00015956856977404187,5.042091796437757,0.5189999999999962,0.8737345873134494,1.1699499146016117,2.9621532728816224,0.2599818312931709,0.0,17.56784770436128,0.536991852468607,6.0,280.526413243031,88035.83819182689,1.0932604934310624,335.7690064252768,0.026722534591905652,-0.0005357933568964114,87.29384118193192,4165.439846021355
8.814921874999898,1174.554951287509,84.64074690227193,85.83493118079396,13.19507499940786,146.05232239827532,0.05983787822572319,0.00014037866115317876,5.042091796437757,0.5189999999999962,0.8737345873134494,1.1699535174046478,2.9621893009119837,0.25921201763402596,0.0,17.45860551452697,0.5369373810187903,6.0,280.51539281663116,88017.8034613897,1.0930794731224593,335.76232804687845,0.027075649135605912,-0.0008530983261764293,87.03363049852906,4139.958074436421
8.834921874999898,1176.2451337640978,84.37757086172297,85.5726900117301,13.173780762338236,146.33752032300572,0.06008900951565619,0.00011754167436572234,5.042091796437757,0.5189999999999962,0.8737345873134494,1.169959318419474,2.9622473110602465,0.25844351595148035,0.0,17.34993110970699,0.5368831640595948,6.0,280.50440663053337,87999.82476459352,1.0928990010836894,335.75567041810325,0.027383208676463256,-0.0012270770537005696,86.77387596350104,4114.603836876603
8.854921874999897,1177.93005691708,84.11481404093068,85.31088730179299,13.152629418706335,146.6223906250961,0.06034065407392244,9.177125197311971e-05,5.042091796437757,0.5189999999999962,0.8737345873134494,1.169966895314616,2.962323080011666,0.25767632037048044,0.0,17.24182137593444,0.5368292003458042,6.0,280.49345463003897,87981.90201192515,1.092719076546619,335.7490335058036,0.027632402411649052,-0.0016011639724776835,86.51457552172062,4089.376452547182
8.874921874999897,1179.6097291019328,83.85247363507082,85.04952073391934,13.13160366926073,146.90693526958955,0.060592817509036646,6.458997488020315e-05,5.042091796437757,0.5189999999999962,0.8737345873134494,1.1699753463812397,2.9624075906779024,0.2569104250594592,0.0,17.134273225716928,0.5367754886416526,6.0,280.48253676083743,87964.03511450626,1.0925396987488274,335.7424172770675,0.02779433709823885,-0.0021929816189324054,86.25572713314173,4064.2752459069025
8.894921874999897,1181.284158622465,83.59054724374062,84.78858811885594,13.110690909187312,147.1911562442291,0.060845495903558054,3.714813162246042e-05,5.042091796437757,0.5189999999999962,0.8737345873134494,1.169983990132332,2.9624940281888246,0.25614582422853,0.0,17.02728353633374,0.5367220277206305,6.0,280.47165296895395,87946.2239840081,1.0923608669327545,335.7358216991861,0.027780584508587357,-0.003653433169770176,85.99732877218081,4039.299546567248
8.914921874999896,1182.953353738333,83.32903286865609,84.52808739467501,13.089871277857485,147.47505552915,0.061098681155616716,1.151115425588199e-05,5.042091796437757,0.5189999999999962,0.8737345873134494,1.1699916024609969,2.9625701514754743,0.2553825121285771,0.0,16.920849169592895,0.5366688163653567,6.0,280.4608032007008,87928.46853257164,1.0921825803449037,335.7292467396247,0.0,0.0,85.73937842740027,4014.448689221678
8.934921874999896,1184.6173226748558,83.06792909346959,84.26801667945846,13.069128840090356,147.7586350574082,0.06135235756832838,1.2969892293835666e-05,5.042091796437757,0.5189999999999962,0.8737345873134494,1.1699831948444763,2.962486075310269,0.25462048304954904,0.0,16.81496695208841,0.536615853367396,6.0,280.44998740261343,87910.76867270304,1.092004838234795,335.72269236598373,-0.027231788523063932,-0.006774577041971091,85.48187410092193,3989.7220135496295
8.954921874999895,1186.276073631668,82.80723471849534,84.00837416442214,13.048456060360481,148.04189668069333,0.06160649626442856,3.244001957466899e-05,5.042091796437757,0.5189999999999962,0.8737345873134494,1.169964149836445,2.962295625229956,0.2538597313190655,0.0,16.70963370633244,0.5365631375271007,6.0,280.4392055213941,87893.12431718167,1.091827639854046,335.71615854596484,-0.027974804212833163,-0.0015480165083616587,85.22481380794743,3965.1188641323506
8.974921874999895,1187.9296147868977,82.54694880931459,83.74915812811952,13.027841812026216,148.32484215377713,0.061861064398385374,4.772279440504143e-05,5.042091796437757,0.5189999999999962,0.8737345873134494,1.169947622208394,2.9621303489494455,0.25310025130131114,0.0,16.604846268468055,0.536510667653475,6.0,280.42845750388517,87875.53537901575,1.091650984455926,335.7096452473544,-0.02792480300871568,-0.0002068501369739726,84.96819557637942,3940.638590380963
8.994921874999894,1189.5779543028063,82.28707067043682,83.49036692845338,13.007275216880567,148.60747311314148,0.062116025666338684,5.761899653124995e-05,5.042091796437757,0.5189999999999962,0.8737345873134494,1.1699343219710248,2.961997346575753,0.25234203739503297,0.0,16.50060149773149,0.5364584425639781,6.0,280.41774329703173,87858.00177138216,1.0914748712947582,335.7031524380012,-0.027781722126098012,0.0005580846504394532,84.71201744614055,3916.280546436985
9.014921874999894,1191.2211003299726,82.02759989824014,83.23199901805263,12.986749368991306,148.8897910617432,0.062371340890993665,6.148802885205896e-05,5.042091796437757,0.5189999999999962,0.8737345873134494,1.169924628230161,2.9619004091671153,0.25158508403172686,0.0,16.39689629965369,0.5364064610843446,6.0,280.4070628478552,87840.52340758214,1.0912992996254736,335.69668008580027,-0.027584173362816915,0.0012063945000374053,84.45627746855779,3892.0440910808775
9.034921874999894,1192.8590610127544,81.76853617063371,82.97405288181841,12.966263853260472,149.17179734870484,0.06262697454202194,5.928113247633505e-05,5.042091796437757,0.5189999999999962,0.8737345873134494,1.1699185696392187,2.9618398232576926,0.2508293856722155,0.0,16.293727646166072,0.5363547220482954,6.0,280.3964161034171,87823.10020098303,1.091124268703031,335.6902281586708,-0.02741077339576003,0.0018029394276053007,84.20097370520526,3867.928587591724
9.054921874999893,1194.491844487773,81.50987903550264,82.71652697435057,12.94582294102926,149.4534931775399,0.06288289944355625,5.140072775487914e-05,5.042091796437757,0.5189999999999962,0.8737345873134494,1.1699159077615136,2.961813204480641,0.25007493680519705,0.0,16.191092576210114,0.5363032242973891,6.0,280.3858030108295,87805.73206503454,1.0909497777825798,335.68379662456266,-0.027217668421034392,0.002497614613693311,83.94610422741613,3843.9334036730734
9.074921874999893,1196.1194588819174,81.25162797816579,82.45941973885245,12.925431423138107,149.73487961620629,0.06313909833753731,3.835923298501031e-05,5.042091796437757,0.5189999999999962,0.8737345873134494,1.1699163391590646,2.9618175184561513,0.24932173194402255,0.0,16.088988661052444,0.5362519827038517,6.0,280.3752235172675,87788.41891328983,1.0907758261196758,335.67738545146415,-0.026965683601033144,0.0038719236304226535,83.69166711520027,3820.057911325734
9.094921874999892,1197.741912309375,80.99378223263507,82.2027295517167,12.905097130911066,150.01595761091485,0.06339555273941302,2.114758811035865e-05,5.042091796437757,0.5189999999999962,0.8737345873134494,1.169919276944253,2.9618468963080358,0.2485697656280346,0.0,15.987412599212984,0.5362009818423459,6.0,280.36467756998906,87771.16065943724,1.090602412970601,335.6709946074134,-0.025983581235908534,0.007868944564804102,83.43766045769401,3796.301486862382
9.114921874999892,1199.3592128680611,80.73634093725451,81.94645476945074,12.884824451539346,150.2967280023852,0.06365224775503403,6.730922303463298e-06,5.042091796437757,0.5189999999999962,0.8737345873134494,1.1699205935048276,2.9618600619137814,0.24781903242782272,0.0,15.88636149601289,0.5361502188073968,6.0,280.3541651163576,87753.95721733815,1.090429537592747,335.66462406051266,0.0,0.0,83.18408235492511,3772.663511041018
9.134921874999892,1200.971368636144,80.47930296122392,81.690593676677,12.864625838365617,150.57719154150644,0.06390917381297317,2.7144623714143063e-05,5.042091796437757,0.5189999999999962,0.8737345873134494,1.1699013024945502,2.961667151811007,0.2470695269425492,0.0,15.78583252914642,0.5360996924714954,6.0,280.343686103865,87736.808501064,1.090257199244991,335.6582737789422,0.02628830688838773,0.006664664820573102,82.93093091691591,3749.1433689547534
9.154921874999891,1202.5783876664302,80.22266687601447,81.43514447792818,12.844512071638329,150.857348913424,0.0641663292567692,5.32975000807834e-05,5.042091796437757,0.5189999999999962,0.8737345873134494,1.1698786454262766,2.961440581128272,0.2463212438021895,0.0,15.685822871722287,0.536049401714928,6.0,280.3332404801682,87719.71442495601,1.0900853971882942,335.6519437309819,0.027008538011700788,0.0032808498222873647,82.67820426443798,3725.7404500729017
9.17492187499989,1204.1802779792727,79.96643089994262,81.18010528172991,12.824498614652237,151.13720076734103,0.06442371876985771,8.008158809950096e-05,5.042091796437757,0.5189999999999962,0.8737345873134494,1.1698556495452133,2.961210622317638,0.24557417767090903,0.0,15.58632967581767,0.5359993454259513,6.0,280.3228281931347,87702.67490370062,1.089914130686468,335.6456338850396,0.027277611040409197,0.0019664545319277196,82.4259005301496,3702.4541483158023
9.19492187499989,1205.7770475556495,79.71059283768095,80.92547408326914,12.804598170231854,151.4167477453803,0.06468135633713966,0.00010605224787084416,5.042091796437757,0.5189999999999962,0.8737345873134494,1.1698331706735254,2.96098583360076,0.24482832325102807,0.0,15.487350074040265,0.5359495225010037,6.0,280.31244919088823,87685.6898524031,1.0897433990069132,335.63934420967826,0.027535789640749514,0.0012060728793829995,82.17401785993019,3679.283862145302
9.21492187499989,1207.3687043296575,79.45515022979357,80.67124880908145,12.78482127843192,151.69599051354456,0.06493926459202826,0.00013010552094145896,5.042091796437757,0.5189999999999962,0.8737345873134494,1.1698118625063463,2.9607727519289684,0.24408367528654615,0.0,15.388881189850606,0.5358999318448818,6.0,280.3021034218572,87668.7591866674,1.0895732014214283,335.6330746736455,0.027807476529051994,0.0006547532156143364,81.92255441406719,3656.2289946400842
9.23492187499989,1208.9552561837734,79.2001003846873,80.41742732680198,12.765174945052447,151.974929781368,0.0651974754285987,0.00015148960139712864,5.042091796437757,0.5189999999999962,0.8737345873134494,1.1697921699442042,2.9605758263075477,0.24334022856557588,0.0,15.290920157225521,0.535850572370842,6.0,280.29179083480545,87651.88282264657,1.0894035372067195,335.6268252458921,0.028122829152803168,0.0002323506777625177,81.67150836807399,3633.2889535352165
9.254921874999889,1210.536710944092,78.94544034665421,80.16400743602962,12.745670182514147,152.25356632147452,0.06545602764685235,0.00016906420425309395,5.042091796437757,0.5189999999999962,0.8737345873134494,1.1697747679022232,2.960401805887738,0.24259797792289062,0.0,15.193464100355502,0.5358014430007052,6.0,280.2815113788634,87635.06067709338,1.0892344056449121,335.62059589559124,0.0284748341233987,-9.871076090368606e-05,81.42087791354604,3610.463151263836
9.274921874999889,1212.1130763755089,78.69116696599585,79.91098688926554,12.726311447694968,152.53190098918495,0.06571495977276084,0.000182302385443948,5.042091796437757,0.5189999999999962,0.8737345873134494,1.1697599679356967,2.9602538062224726,0.2418569182416619,0.0,15.096510190213861,0.5357525426649071,6.0,280.27126500355917,87618.2926674116,1.089065806024072,335.61438659215685,0.028860072627259384,-0.0003791821899273083,81.17066125874479,3587.7510049734688
9.294921874999888,1213.684360178589,78.43727693997212,79.6583634040775,12.707103985683869,152.80993473523603,0.06597430948907079,0.00019060022247337482,5.042091796437757,0.5189999999999962,0.8737345873134494,1.169748127260785,2.960135399473356,0.24111704445428972,0.0,15.000055625951312,0.5357038703024855,6.0,280.26105165883916,87601.57871168929,1.088897737638543,335.60819730525657,0.02926550387755563,-0.0006356273489180447,80.92085662887558,3565.151936513941
9.314921874999888,1215.2505699870212,78.18376693170262,79.40613469816445,12.68804826793365,153.08766861603962,0.06623411534819557,0.00019381463178665638,5.042091796437757,0.5189999999999962,0.8737345873134494,1.1697393302612655,2.960047429478161,0.24037835154204806,0.0,14.90409767327287,0.5356554248609903,6.0,280.2508712950843,87584.9187287259,1.0887301997892245,335.60202800482114,0.029675093677296052,-0.0008723003011097557,80.67146226596715,3542.665372389811
9.334921874999887,1216.811713367676,77.9306336137833,79.15429850203954,12.669144561155921,153.3651037935492,0.06649441136409119,0.00019181578278131667,5.042091796437757,0.5189999999999962,0.8737345873134494,1.1697336536437761,2.959990663303267,0.23964083453407653,0.0,14.808633644587953,0.5356072052963518,6.0,280.2407238631101,87568.31263803161,1.0885631917835685,335.5958786610447,0.030096532340666875,-0.0010832582618819572,80.42247642852944,3520.290743692872
9.354921874999887,1218.3677978208068,77.67787364041929,78.90285255058926,12.650389516967824,153.6422415345195,0.06675522561742095,0.0001848382250984629,5.042091796437757,0.5189999999999962,0.8737345873134494,1.169730958470188,2.959963711567386,0.23890448850677576,0.0,14.713660919543377,0.5355592105727753,6.0,280.2306093141647,87551.7603598252,1.0883967129355632,335.5897492443838,0.03049189190727136,-0.0013152084572102096,80.17389739134666,3498.0274860472214
9.374921874999886,1219.9188307814943,77.42548384470763,78.65179464117548,12.631775790424337,153.91908320486957,0.06701658076066916,0.00017351789411728183,5.042091796437757,0.5189999999999962,0.8737345873134494,1.1697308681981013,2.959962808846519,0.2381693085811175,0.0,14.619176940446595,0.5355114396625044,6.0,280.2205275999203,87535.26181501876,1.0882307625655823,335.58363972555173,0.030849143192602558,-0.0016162793318951858,79.9257234445695,3475.8750394935096
9.394921874999886,1221.4648196232797,77.17346129358786,78.40112264967773,12.613293656616785,154.1956302554854,0.06727849954655098,0.00015871874196181856,5.042091796437757,0.5189999999999962,0.8737345873134494,1.169732871275513,2.9599828396206362,0.2374352899205935,0.0,14.525179189751478,0.5354638915456243,6.0,280.2104786724487,87518.81692517892,1.0880653399999998,335.57755007550395,0.031164504505831064,-0.001935904850850553,79.67795289301976,3453.8328483926275
9.414921874999886,1223.0057716636393,76.92180326162715,78.15083452243853,12.594935301447853,154.4718842009709,0.06754100102867097,0.0001411295790412842,5.042091796437757,0.5189999999999962,0.8737345873134494,1.169736559874274,2.960019725608245,0.236702427729376,0.0,14.431665158723778,0.5354165652098876,6.0,280.20046248418635,87502.42561246872,1.0879004445706095,335.57148026541694,0.031436031983784356,-0.0023375071900936335,79.43058405556458,3431.900361336217
9.434921874999885,1224.541694167514,76.6705072423609,77.90092827958962,12.576693327468133,154.7478466061634,0.067804097400365,0.0001214151580035248,5.042091796437757,0.5189999999999962,0.8737345873134494,1.1697415403642197,2.960069530507703,0.23597071725111537,0.0,14.338632350124476,0.535369459650578,6.0,280.19047898791115,87486.08779961002,1.0877360756142496,335.5654302666742,0.031674806420886645,-0.0028539633837022893,79.18361526470625,3410.0770310777148
9.454921874999885,1226.0725943517282,76.41957094647329,77.65140201441578,12.558558588061775,155.02351906932736,0.06806779801026805,0.00010041987502607426,5.042091796437757,0.5189999999999962,0.8737345873134494,1.169747312577387,2.960127252639375,0.23524015376777285,0.0,14.246078279927415,0.5353225738703822,6.0,280.18052813671375,87469.80340983647,1.0875722324723338,335.5594000508485,0.031824317420676845,-0.0035611557955214416,78.93704486618321,3388.3623144649823
9.474921874999884,1227.598479389907,76.16899233075029,77.40225390188083,12.540517715885777,155.29890320359382,0.06833210871450116,7.940625513061542e-05,5.042091796437757,0.5189999999999962,0.8737345873134494,1.1697531284120064,2.9601854109855696,0.23451073259823146,0.0,14.154000473571061,0.5352759068792454,6.0,280.1706098839656,87453.57236684127,1.0874089144903283,335.55338958968315,0.03185866152530992,-0.004519194099327897,78.69087121849637,3366.755672367285
9.494921874999884,1229.119356418474,75.91876971451502,77.15348223322734,12.522561734150937,155.57400061443334,0.06859702874628702,5.918343549277543e-05,5.042091796437757,0.5189999999999962,0.8737345873134494,1.1697585082066326,2.960239208931832,0.233782449096536,0.0,14.062396436718888,0.5352294576942089,6.0,280.1607241832799,87437.39459471335,1.0872461210171138,335.5473988550676,0.031795906745066736,-0.005812038349705702,78.44509269230991,3345.256569592248
9.514921874999883,1230.6352325413966,75.66890152548389,76.9050853402209,12.504684642448954,155.8488128821807,0.06886254755280985,4.02910259804697e-05,5.042091796437757,0.5189999999999962,0.8737345873134494,1.169763131876869,2.9602854456341965,0.23305529865164643,0.0,13.971263672380477,0.5351832253393437,6.0,280.1508709884809,87421.27001788684,1.0870838514044796,335.5414278190194,0.03149251369549985,-0.007677256979632806,78.19970767036143,3323.8644748477577
9.534921874999883,1232.1461148337391,75.41938643734932,76.65706163612585,12.48687700168334,156.12334154934945,0.06912864017261096,2.367389362566782e-05,5.042091796437757,0.5189999999999962,0.8737345873134494,1.1697664390553697,2.9603185174192026,0.23232927668613204,0.0,13.880599694908497,0.5351372088456174,6.0,280.14105025358066,87405.19856110333,1.086922105006745,335.53547645366984,0.030568022804771184,-0.010997366562978278,77.9547145470178,3302.5788606746005
9.554921874999883,1233.6520103455766,75.17022329442644,76.4094095931387,12.469132204238337,156.3975881066722,0.06939527471964356,1.0494120950668461e-05,5.042091796437757,0.5189999999999962,0.8737345873134494,1.169767740471126,2.9603315315767653,0.23160437865521072,0.0,13.790402023960182,0.5350914072507872,6.0,280.1312619327537,87389.18014937025,1.0867608811803453,335.52954473124873,0.0,0.0,77.7101117279466,3281.399203389707
9.574921874999882,1235.1529261057483,74.92141112061479,76.16212774489608,12.451444630774684,156.67155397992633,0.06966241739498057,5.236629322732239e-06,5.042091796437757,0.5189999999999962,0.8737345873134494,1.1697643770785058,2.9602978976505634,0.23088060004549787,0.0,13.700668192432447,0.5350458195992723,6.0,280.12150598031263,87373.21470792088,1.0866001792834301,335.5236326240695,0.0,0.0,77.46589762969035,3260.324983021993
9.594921874999882,1236.6488691245645,74.67294902627508,75.91521465841225,12.433810161641633,156.94524052087127,0.06993003076612883,9.605159512358448e-06,5.042091796437757,0.5189999999999962,0.8737345873134494,1.1697553384398103,2.9602075112636084,0.23015793637392196,0.0,13.611395755553568,0.535000444942042,6.0,280.1117823506903,87357.30216218563,1.086439998675577,335.51774010451834,0.0,0.0,77.22207067929781,3239.3556832542363
9.614921874999881,1238.1398463956139,74.4248362149109,75.66866893590525,12.416227808461365,157.2186490017081,0.07019806721026664,1.2395007658863102e-05,5.042091796437757,0.5189999999999962,0.8737345873134494,1.169747266149625,2.9601267883617566,0.2294363831866532,0.0,13.522582296603352,0.5349552823365037,6.0,280.1020909984285,87341.44243777274,1.0862803387176,335.51186714504763,0.0,0.0,76.97862931396062,3218.49079136647
9.63492187499988,1239.6258648964806,74.17707187824647,75.42248918318623,12.398694575798332,157.49178061369412,0.07046647480754485,1.1642804672379804e-05,5.042091796437757,0.5189999999999962,0.8737345873134494,1.1697413238831207,2.9600673656967125,0.22871593605830629,0.0,13.434225427175624,0.5349103308464103,6.0,280.0924318781729,87325.63546046073,1.0861211987714743,335.50601371817277,0.0,0.0,76.73557198074283,3197.7297981882316
9.65492187499988,1241.1069315895013,73.92965529311493,75.17667403855137,12.38121120894491,157.76463646562726,0.07073520729756627,7.761359604799862e-06,5.042091796437757,0.5189999999999962,0.8737345873134494,1.1697372668704946,2.960026795570452,0.22799659059115984,0.0,13.346322789775654,0.5348655895417699,6.0,280.0828049446682,87309.88115619031,1.0859625782002584,335.50017979646896,0.0,0.0,76.49289713631605,3177.072198051852
9.67492187499988,1242.583053421312,73.68258562395008,74.93122211331513,12.363779772186302,158.03721758687786,0.07100422656631604,6.646034828803155e-06,5.042091796437757,0.5189999999999962,0.8737345873134494,1.1697316003494416,2.9599701303599213,0.2272783424146754,0.0,13.258872056654797,0.5348210574987751,6.0,280.0732101527615,87294.17945106915,1.0858044763681425,335.4943653525735,0.0,0.0,76.2506032467964,3156.517488755124
9.69492187499988,1244.0542373223902,73.43586206218939,74.68613203356581,12.346402781265045,158.30952493041855,0.07127350398329214,1.6734004020886166e-05,5.042091796437757,0.5189999999999962,0.8737345873134494,1.1697193227140452,2.9598473540059578,0.22656118718520368,0.0,13.171870926798313,0.5347767337997442,6.0,280.06364745740444,87278.53027137686,1.085646892640503,335.48857035918707,0.02932916645020353,0.013944009183528148,76.00868878764416,3136.0651715295544
9.71492187499988,1245.5204902047167,73.18948358415149,74.44140236737323,12.329087325467675,158.58155938284318,0.071543019022031,3.142527714153132e-05,5.042091796437757,0.5189999999999962,0.8737345873134494,1.169704346518018,2.9596975920456847,0.2258451205864767,0.0,13.085317118951803,0.5347326175331117,6.0,280.05411681366934,87262.93354358978,1.0854898263841513,335.48279478908364,0.03145295611203339,0.008243186970859106,75.76715224382882,3115.7147510312893
9.734921874999879,1246.9818189592233,72.94344906743174,74.19703165984937,12.311837032333704,158.85332177508846,0.07181275554250584,4.889356876841995e-05,5.042091796437757,0.5189999999999962,0.8737345873134494,1.1696877544520639,2.959531671386144,0.22513013833047213,0.0,12.999208368437765,0.534688707793441,6.0,280.044618176765,87247.38919440813,1.0853332769676125,335.4770386151196,0.03207685742327165,0.005778571621001031,75.52599211011902,3095.46573534219
9.754921874999878,1248.4382304524931,72.69775725252418,73.95301842177099,12.294658260950223,159.1248128958244,0.07208270142095273,6.823061424754094e-05,5.042091796437757,0.5189999999999962,0.8737345873134494,1.1696700849873334,2.9593549767388394,0.22441623615868053,0.0,12.913542419032538,0.534645003681461,6.0,280.0351515020588,87231.89715079116,1.0851772437614793,335.4713018102476,0.03239358348127773,0.004406683255480774,75.28520689150852,3075.3176359818503
9.774921874999878,1249.8897315250922,72.45240673949755,73.70936112863947,12.277556104239517,159.39603349864484,0.07235284668453415,8.885135469173897e-05,5.042091796437757,0.5189999999999962,0.8737345873134494,1.1696516849267757,2.959170976133263,0.2237034098429715,0.0,12.828317023697297,0.5346015043040769,6.0,280.02571674508687,87216.45733997485,1.085021726138593,335.4655843475226,0.03264055382791786,0.0036057688177867963,75.04479510350578,3055.2699679074244
9.794921874999877,1251.3363289873744,72.20739594939283,73.46605820935997,12.260537622227226,159.66698431854923,0.07262318363409606,0.0001099450772452783,5.042091796437757,0.5189999999999962,0.8737345873134494,1.169633034716337,2.958984474028876,0.22299165518760394,0.0,12.743529934663737,0.5345582087744503,6.0,280.01631386158203,87201.06968951655,1.0848667234744973,335.4598862001187,0.032872830522546505,0.0029988920505922704,74.80475527280973,3035.3222495451923
9.814921874999877,1252.7780296168694,71.96272316747108,73.22310805946536,12.243607003754843,159.93766608240904,0.07289370794810172,0.00013102425562352843,5.042091796437757,0.5189999999999962,0.8737345873134494,1.169614423166808,2.9587983585335853,0.22228096803060043,0.0,12.659178914986297,0.5345151162120365,6.0,280.0069428074903,87185.73412732278,1.084712235147718,335.45420734133916,0.033114515808243226,0.0024958748049941143,74.56508593777062,3015.474002803238
9.834921874999877,1254.214840155592,71.71838655079392,72.98050904357298,12.226771623574994,160.20807951961606,0.07316442130640981,0.0001512962001297923,5.042091796437757,0.5189999999999962,0.8737345873134494,1.1695963198151595,2.958617325017101,0.2215713442451308,0.0,12.575261722564724,0.5344722257426243,6.0,279.99760353898864,87170.45058167784,1.084558260540057,335.44854774462715,0.03338635520277806,0.002079274062289657,74.32578564885398,2995.724753083784
9.854921874999876,1255.6467673068587,71.47438406554257,72.73825947678529,12.210038800788366,160.47822537443062,0.07343533134900855,0.00016995098186465665,5.042091796437757,0.5189999999999962,0.8737345873134494,1.1695792042829931,2.9584461696954367,0.22086277974152482,0.0,12.491776116398874,0.5344295364984095,6.0,279.9882960125054,87155.21898127763,1.084404799036933,335.44290738357824,0.033701939169597545,0.0017545815070871096,74.08685296931596,2976.0740293119834
9.874921874999876,1257.0738177311637,71.23071348287606,72.49635762374872,12.193414847565833,160.74810442166756,0.07370644815689188,0.00018626674260462708,5.042091796437757,0.5189999999999962,0.8737345873134494,1.1695635039090773,2.958289165956278,0.22015527046942904,0.0,12.408719864288418,0.5343870476180757,6.0,279.9790201847474,87140.0392552736,1.0842518500278286,335.43728623195693,0.03403427750405689,0.0014445230935018394,73.84828647592776,2956.5213639679578
9.894921874999875,1258.4959980435676,70.98737246238376,72.25480172397104,12.1769021027777,161.0177174766695,0.07397778756703864,0.00019992239173538277,5.042091796437757,0.5189999999999962,0.8737345873134494,1.169549408554614,2.9581482124116465,0.21944881241876305,0.0,12.326090764423665,0.5343447582468018,6.0,279.9697760127168,87124.91133330046,1.084099412906573,335.4316842637064,0.03438714356093641,0.0011063525845547272,73.61008475929586,2937.0662930850463
9.914921874999875,1259.9133148113133,70.74435863168642,72.01359001591979,12.160503912827664,161.28706540433575,0.07424937449741566,0.000210503670480413,5.042091796437757,0.5189999999999962,0.8737345873134494,1.169537163281106,2.958025759676566,0.21874340162019607,0.0,12.24388662886528,0.534302667536239,6.0,279.9605634537264,87109.83514550158,1.0839474870715995,335.4261014529582,0.03475161971205002,0.0007302735808506733,73.37224642402107,2917.7083562347925
9.934921874999874,1261.3257745538756,70.50166951412412,71.77272071517847,12.14422274616815,161.5561491191825,0.07452124184080054,0.00021769358063305997,5.042091796437757,0.5189999999999962,0.8737345873134494,1.1695269555631749,2.9579236824972543,0.21803903414565504,0.0,12.162105295299677,0.5342607746444902,6.0,279.9513824653998,87094.81062252843,1.083796071925943,335.42053777403225,0.03514717620886608,0.00035059036339625527,73.13477008886619,2898.447096511778
9.954921874999874,1262.7333837402314,70.25930260279785,71.53219203688222,12.12805917917114,161.8249695954809,0.07479342894592696,0.00022136116662460755,5.042091796437757,0.5189999999999962,0.8737345873134494,1.1695188627285409,2.9578427541509145,0.21733570610877162,0.0,12.080744635291342,0.5342190787360845,6.0,279.9422330056885,87079.83769556963,1.083645166877537,335.41499320144726,0.035526234139839914,-4.125073383468052e-05,72.89765438690537,2879.2820605176944
9.974921874999874,1264.136148789524,70.01725538715824,71.29200220361834,12.112012545692705,162.0935278649779,0.07506597723611413,0.00022150364695762344,5.042091796437757,0.5189999999999962,0.8737345873134494,1.16951288625781,2.9577829894436047,0.21663341366428335,0.0,11.999802553094309,0.5341775789818912,6.0,279.93311503286805,87064.91629634392,1.0834947713391463,335.40946770991803,0.03591011531604287,-0.000447567163966134,72.66089796531976,2860.2127983164896
9.994921874999873,1265.5340760708816,69.77552540996248,71.05214946256969,12.09607977846955,162.36182501767306,0.07533892994756278,0.0002183731322776173,5.042091796437757,0.5189999999999962,0.8737345873134494,1.1695088767234911,2.957742894100417,0.21593215300746235,0.0,11.919276992251381,0.5341362745590338,6.0,279.92402850553924,87050.046357102,1.0833448847283855,335.4039612743568,0.03627503896609672,-0.0008728288260684878,72.42449948520338,2841.2388633910373
10.014921874999873,1266.9271719052895,69.53411028863836,70.81263209177686,12.080257923360731,162.62986219516802,0.07561233176038708,0.00021221174842744187,5.042091796437757,0.5189999999999962,0.8737345873134494,1.1695066906774993,2.957721033640499,0.21523192037304348,0.0,11.839165919012148,0.5340951646507791,6.0,279.9149733826156,87035.22781060672,1.0831955064675265,335.39847386986503,0.03662829772148459,-0.0013146640900877134,72.18845762119909,2822.359812586419
10.034921874999872,1268.315442566594,69.29300773189331,70.57344840509377,12.064544327318284,162.8976405871897,0.07588622451623021,0.00020322299930796635,5.042091796437757,0.5189999999999962,0.8737345873134494,1.1695062076030227,2.9577162028957327,0.21453271203462762,0.0,11.75946731870376,0.5340542484464517,6.0,279.9059496233171,87020.46059012235,1.0830466359833895,335.39300547173013,0.03696532608290829,-0.0017478413077265885,71.95277106129497,2803.5752060666887
10.054921874999872,1269.698894283678,69.05221551657147,70.33459674505868,12.048933307294757,163.1651614239454,0.07616064338303881,0.0001919437935822592,5.042091796437757,0.5189999999999962,0.8737345873134494,1.1695071094912426,2.9577252217779315,0.2138345243039482,0.0,11.680179211274222,0.5340135251413443,6.0,279.8969571871561,87005.74462939141,1.0828982727071155,335.3875560554166,0.037253697415699887,-0.0022077710250116857,71.71743850657377,2784.8846072681554
10.074921874999871,1271.077533242724,68.81173159551926,70.0960755153859,12.033418478611033,163.432425968237,0.07643561979275235,0.00017899111472330633,5.042091796437757,0.5189999999999962,0.8737345873134494,1.1695090308715068,2.9577444355805738,0.2131373535292945,0.0,11.601299632982565,0.5339729939365786,6.0,279.88799603392226,86991.07986261067,1.0827504160739252,335.3821255965569,0.03752611994225796,-0.0026922935483616258,71.48245867067959,2766.2875828313163
10.094921874999871,1272.4513655902513,68.57155405697097,69.85788316857295,12.017994600209727,163.69943550488944,0.07671117871973605,0.00016486381795817367,5.042091796437757,0.5189999999999962,0.8737345873134494,1.1695116762100102,2.9577708889656074,0.21244119609481202,0.0,11.522826624553428,0.5339326540390201,6.0,279.87906612366334,86976.46622439877,1.0826030655227963,335.37671407094,0.037758129418372484,-0.0032021376593290413,71.24783027957827,2747.7837025562458
10.11492187499987,1273.8203974361288,68.33168114577468,69.62001821222032,12.002655815260773,163.96619133039093,0.07698733952254856,0.0001501165367152687,5.042091796437757,0.5189999999999962,0.8737345873134494,1.1695147168623568,2.957801295489073,0.21174604841943126,0.0,11.444758237428196,0.5338925046611709,6.0,279.87016741666514,86961.90364976421,1.0824562204961419,335.3713214544991,0.037971732968022615,-0.0036909321977416556,71.013552071193,2729.372539348947
10.13492187499987,1275.1846348560284,68.09211120079313,69.38247918998123,11.987397454978508,164.23269474462626,0.07726411269477247,0.0001351783894836814,5.042091796437757,0.5189999999999962,0.8737345873134494,1.169517898486957,2.9578331117350753,0.2110519069565748,0.0,11.367092525998048,0.5338525450211096,6.0,279.86129987343577,86947.39207407928,1.0823098804395521,335.36594772330204,0.03815044994556708,-0.0041219879950809245,70.77962279530188,2711.053669188658
10.15492187499987,1276.5440838939908,67.85284271351956,69.14526469926008,11.972211841928553,164.4989470423098,0.07754149923106576,0.00012084092887670303,5.042091796437757,0.5189999999999962,0.8737345873134494,1.1695207518897266,2.9578616457627716,0.21035876819304475,0.0,11.289827562990649,0.5338127743423849,6.0,279.85246345468903,86932.9314330527,1.0821640448015186,335.36059285354156,0.03829431426164534,-0.00452854243376835,70.54604121316021,2692.8266710744265
10.17492187499987,1277.8987505655707,67.61387434270794,68.90837339555486,11.957095197597518,164.76494950247505,0.07781949251138118,0.00010746784091696247,5.042091796437757,0.5189999999999962,0.8737345873134494,1.1695230613475074,2.9578847403405795,0.20966662864801963,0.0,11.212961414059414,0.5337731918539173,6.0,279.84365812132376,86918.52166269619,1.082018713033102,335.3552568215222,0.03842555989434375,-0.004887039438557837,70.31280609715934,2674.6911269750626
10.194921874999869,1279.2486408603952,67.37520484768265,68.6718039720984,11.942041203635705,165.0307033801458,0.07809808093135336,9.56858837900736e-05,5.042091796437757,0.5189999999999962,0.8737345873134494,1.169524455167219,2.957898678537696,0.20897548487259887,0.0,11.136492160773907,0.533733796789931,6.0,279.83488383440744,86904.16269929733,1.0818738845876577,335.3499396036509,0.038546138471329164,-0.0050791684102400895,70.0799162306697,2656.6466217938955
10.214921874999868,1280.5937607448354,67.1368331112919,68.43555516668877,11.927047271341058,165.29620989771374,0.07837724766899089,8.575972990254416e-05,5.042091796437757,0.5189999999999962,0.8737345873134494,1.1695247762178413,2.957901889043919,0.2082853334487845,0.0,11.060417886186112,0.533694588389858,6.0,279.82614055515853,86889.85447939101,1.0817295589205518,335.3446411764261,0.038684937414727325,-0.005114096265521525,69.8473704076949,2638.6927433196265
10.234921874999868,1281.934116162922,66.89875804459801,68.19962573265644,11.912110991423853,165.56147024253715,0.07865696998466214,7.792079359629314e-05,5.042091796437757,0.5189999999999962,0.8737345873134494,1.169523887068357,2.9578929975490764,0.20759617098946997,0.0,10.984736686585306,0.5336555658982971,6.0,279.81742824494097,86875.59693974977,1.081585735489065,335.3393615164342,0.03883086652796428,-0.004857133896986878,69.61516743286536,2620.8290822038743
10.254921874999868,1283.2697130383372,66.66097868941405,67.96401446993943,11.89722673078952,165.82648556083277,0.07893722164416841,7.276928786607568e-05,5.042091796437757,0.5189999999999962,0.8737345873134494,1.169521431694116,2.957868443806666,0.20690799413734082,0.0,10.909446679175884,0.5336167285649145,6.0,279.8087468652508,86861.39001736263,1.0814424137521814,335.33410060034197,0.03900665760478743,-0.004248367010465966,69.38330612106601,2603.0552319111284
10.274921874999867,1284.6005572761005,66.42349412599768,67.72872019682531,11.88239454114564,166.0912569526903,0.07921797284143756,7.034106203803996e-05,5.042091796437757,0.5189999999999962,0.8737345873134494,1.169517388606875,2.957828012934256,0.20622079956434877,0.0,10.83454598724909,0.5335780756443761,6.0,279.8000963777053,86847.2336494171,1.0812995931704084,335.3288584048894,0.039190915948225706,-0.003425363667547375,69.15178529725658,2585.3707886838883
10.294921874999867,1285.926654762842,66.18630343181115,67.49374173729667,11.867614560787205,166.35578547203048,0.0794991944332816,7.062267128232648e-05,5.042091796437757,0.5189999999999962,0.8737345873134494,1.1695117655936043,2.957771782801548,0.2055345839715752,0.0,10.760032751675535,0.5335396063963033,6.0,279.7914767440415,86833.1277732963,1.0811572732057495,335.3236349068892,0.03936748485164305,-0.002434624631022332,68.92060379642385,2567.7753515183995
10.314921874999866,1287.2480113667032,65.94940569363612,67.25907792467501,11.852885477953294,166.62007212784272,0.07978085670447532,7.374876130113427e-05,5.042091796437757,0.5189999999999962,0.8737345873134494,1.169504482704536,2.9576989539108656,0.20484934408909514,0.0,10.685905133871685,0.5335013200852287,6.0,279.7828879261164,86819.07232658005,1.081015453321718,335.31843008322653,0.039517305833615936,-0.001297439622153441,68.68976046353406,2550.268522140685
10.334921874999866,1288.564632938052,65.7128000252797,67.02472760691464,11.838207283838711,166.88411788261703,0.08006292965605781,7.972711416368574e-05,5.042091796437757,0.5189999999999962,0.8737345873134494,1.169495535247658,2.957609479342085,0.20416507667546782,0.0,10.612161311504615,0.5334632159805317,6.0,279.77432988590266,86805.0672470372,1.0808741329832603,335.313243910857,0.039645748571822605,-0.000258453517953041,68.45925415335996,2532.849904973259
10.354921874999865,1289.8765253089746,65.47648549754572,66.7906896251971,11.823581508511777,167.14792365497033,0.08034538337101935,8.836495009102583e-05,5.042091796437757,0.5189999999999962,0.8737345873134494,1.1694850374693628,2.957504501559134,0.20348177851796811,0.0,10.538799476517204,0.5334252933564161,6.0,279.76580258549166,86791.11247263104,1.0807333116568125,335.30807636680794,0.03975554009736302,0.0005700854051037233,68.22908373055675,2515.5191071208874
10.374921874999865,1291.1836942928799,65.2404611610313,66.55696282086356,11.80900961893962,167.4114903218629,0.08062818929312937,9.947208745008202e-05,5.042091796437757,0.5189999999999962,0.8737345873134494,1.1694731021119724,2.95738514798523,0.2027994464325934,0.0,10.465817836918525,0.5333875514918736,6.0,279.75730598709623,86777.2079415236,1.0805929888103465,335.3029274281803,0.03987493382648385,0.00125601007678542,67.999248069663,2498.2757383507883
10.394921874999865,1292.486145683363,65.00472597312555,66.32354601311552,11.794494740101277,167.67481872330762,0.08091131940080094,0.00011267385416963376,5.042091796437757,0.5189999999999962,0.8737345873134494,1.1694599512944663,2.957253639810169,0.20211807726471503,0.0,10.39321461114046,0.5333499896706853,6.0,279.74884005305813,86763.3535920876,1.0804531639134904,335.29779707215323,0.03999559874035128,0.001775536919893613,67.76974605531821,2481.11941108896
10.414921874999864,1293.7838852527475,64.76927886443525,66.0904380194412,11.780040192756605,167.93790966811918,0.08119474558091107,0.0001275660735044387,5.042091796437757,0.5189999999999962,0.8737345873134494,1.1694458246195918,2.9571123730614235,0.20143766788951903,0.0,10.320988028336238,0.5333126071814094,6.0,279.7404047458571,86749.54936292209,1.0803138364376912,335.2926852759894,0.04016019313583052,0.002117857228387036,67.54057658240978,2464.0497404112098
10.434921874999864,1295.0769187506703,64.53411862508497,65.85763762091538,11.765650026457765,168.20076393944103,0.08147844162174625,0.00014366118096617779,5.042091796437757,0.5189999999999962,0.8737345873134494,1.1694310110771704,2.9569642376372096,0.20075821521316065,0.0,10.249136324846075,0.5332754033174077,6.0,279.73200002812064,86735.7951928674,1.0801750058563642,335.2875920170411,0.04033916296971228,0.0023246126670057434,67.31173855645955,2447.066344051426
10.454921874999863,1296.3652519019372,64.29924397496843,65.62514358385019,11.751326922868875,168.46338230268486,0.08176238475731913,0.00016063199927757548,5.042091796437757,0.5189999999999962,0.8737345873134494,1.1694157045714562,2.956811172580067,0.20007971617362813,0.0,10.177657749799426,0.5332383773768561,6.0,279.7236258626374,86722.09102102803,1.080036671645129,335.28251727275824,0.04054134123002697,0.0024545403765924797,67.08323089391304,2430.168842402503
10.474921874999863,1297.6488904049693,64.06465357219906,65.39295466247492,11.737074927907086,168.72576551137564,0.0820465536549963,0.0001779754360445874,5.042091796437757,0.5189999999999962,0.8737345873134494,1.1694002032012103,2.9566561588776086,0.19940216774130218,0.0,10.106550610470846,0.5332015316101304,6.0,279.7152822123677,86708.43678678908,1.0798988332819752,335.27746102069483,0.040784542159196226,0.002460309720989818,66.85505252232649,2413.356858509347
10.494921874999863,1298.9278399302796,63.8303459450653,65.16106957828256,11.722897959714658,168.987914312822,0.08233093311803749,0.00019520344996437416,5.042091796437757,0.5189999999999962,0.8737345873134494,1.1693847960838524,2.9565020877040293,0.19872556692045865,0.0,10.035813115660538,0.5331648627660079,6.0,279.70696904045315,86694.83242983256,1.0797614902474304,335.27242323851465,0.04105718808212232,0.002355459632031502,66.62720238086978,2396.630018084439
10.514921874999862,1300.2021061181244,63.59631957849267,64.92948704685485,11.708797175958933,169.2498294564995,0.08261551572190924,0.0002121506399356771,5.042091796437757,0.5189999999999962,0.8737345873134494,1.1693695811064293,2.9563499379297986,0.19804991075065959,0.0,9.965443536394133,0.5331283697642086,6.0,279.6986863102322,86681.27789016231,1.079624642024812,335.26740390400073,0.04133798772621202,0.0021904764694790193,66.39967942079268,2379.9879495202617
10.534921874999862,1301.4716945784207,63.362572917791184,64.69820577890411,11.694774378214742,169.51151169477401,0.08290030060713563,0.0002285869313600032,5.042091796437757,0.5189999999999962,0.8737345873134494,1.169354694447634,2.9562010713418463,0.19737519630657857,0.0,9.895440158916172,0.533092051922298,6.0,279.69043398524025,86667.7731081049,1.0794882881002412,335.2624029950556,0.041640604459776784,0.002017718300488407,66.17248260536435,2363.430283862951
10.554921874999861,1302.736610889068,63.12910433005844,64.4672244686332,11.680834911960424,169.77296178890717,0.08318529015957675,0.00024385848511315948,5.042091796437757,0.5189999999999962,0.8737345873134494,1.1693405233112877,2.9560593599783824,0.19670142069924854,0.0,9.825801258895812,0.5330559085627037,6.0,279.68221202922103,86654.31802432747,1.079352427962823,335.25742048970795,0.04199079891214988,0.0018424635605721789,65.94561091029091,2346.9566548205516
10.57492187499986,1303.9968605939785,62.895912046485286,64.23654177628185,11.666982488488896,170.03418051596762,0.08347048890532405,0.00025749372483845594,5.042091796437757,0.5189999999999962,0.8737345873134494,1.169327346852014,2.9559275953856456,0.19602858107774254,0.0,9.756525127814657,0.5330199390127632,6.0,279.6740204061391,86640.91257985866,1.0792170611048606,335.2524563661203,0.04233846649577671,0.001667773637904956,65.71906332427837,2330.5666987811055
10.59492187499986,1305.2524492014559,62.662994295106344,64.00615636893309,11.653215638708474,170.29516867449834,0.08375590518976457,0.00026960472997438655,5.042091796437757,0.5189999999999962,0.8737345873134494,1.169315098446027,2.9558051113257755,0.19535667462912845,0.0,9.68761009814089,0.5329841426046789,6.0,279.6658590801905,86627.55671610594,1.0790821870220322,335.2475106025954,0.04269346642880034,0.0014885999272749128,65.49283884901652,2314.2600547889806
10.61492187499986,1306.5033821844393,62.43034928643392,63.77606691610789,11.6395368896647,170.55592708395952,0.08404155013096652,0.0002798494356854678,5.042091796437757,0.5189999999999962,0.8737345873134494,1.1693039805119998,2.9556939319855036,0.19468569857865778,0.0,9.619054492610797,0.5329485186754854,6.0,279.6577280158011,86614.2503748529,1.0789478052133659,335.2425831775755,0.04307783525728466,0.001312820582599846,65.26693649924007,2298.0363645263315
10.63492187499986,1307.749664979184,62.197975160621176,63.54627207371282,11.625949687781038,170.81645658930404,0.0843274359817874,0.00028777436173851986,5.042091796437757,0.5189999999999962,0.8737345873134494,1.1692942614591653,2.9555967414571582,0.19401565019100236,0.0,9.550856640186161,0.5329130665670737,6.0,279.6496271776353,86600.99349827338,1.078813915181386,335.237674069647,0.04347101097475366,0.0011387156620176022,65.0413553031419,2281.895272319655
10.654921874999859,1308.9913029843353,61.965870023445774,63.31677049516494,11.612452452062445,171.07675806421184,0.08461357680658993,0.0002935000944858486,5.042091796437757,0.5189999999999962,0.8737345873134494,1.1692858696643844,2.9555128235093497,0.19334652677055886,0.0,9.483014915921704,0.5328777856261623,6.0,279.6415565306018,86587.78602894128,1.0786805164322115,335.2327832575447,0.04386315200943525,0.0009589116500449535,64.81609430247383,2265.83642512388
10.674921874999859,1310.2283015610988,61.73403200818037,63.087560850351046,11.599045533155286,171.3368324106862,0.08489998819743019,0.00029693086632325347,5.042091796437757,0.5189999999999962,0.8737345873134494,1.169278861696374,2.9554427438292463,0.19267832566094123,0.0,9.41552769834284,0.5328426752042281,6.0,279.63351603985285,86574.6279098287,1.078547608475542,335.2279107201508,0.0442634616517991,0.0007978978818731147,64.59115255237415,2249.8594724871327
10.694921874999858,1311.460666033271,61.50245924828846,62.85864181726288,11.58572820354789,171.59668055909876,0.08518668628614894,0.00029809154530664094,5.042091796437757,0.5189999999999962,0.8737345873134494,1.1692732226998814,2.95538635386432,0.19201104424533558,0.0,9.34839338810441,0.5328077346574823,6.0,279.6255056707837,86561.51908430575,1.078415190824658,335.2230564364949,0.04466677776653143,0.0006429927994531211,64.36652912148445,2233.9640665360016
10.714921874999858,1312.6884016874046,61.27114990562856,62.63001209068004,11.572498116588932,171.85630346779155,0.08547368585286555,0.00029719513941632336,5.042091796437757,0.5189999999999962,0.8737345873134494,1.169268826413298,2.9553423909984855,0.19134467994631132,0.0,9.281610411603939,0.5327729633468167,6.0,279.61752538903187,86548.45949613865,1.0782832629964012,335.2182203857533,0.04505428157327633,0.0004587881548007013,64.14222309188402,2218.149861948076
10.734921874999857,1313.911513774097,61.04010221240873,62.401670394967695,11.55935283352014,172.11570211902983,0.08576100412600264,0.00029447246866554913,5.042091796437757,0.5189999999999962,0.8737345873134494,1.1692655360515374,2.9553094873808794,0.19067923022499095,0.0,9.215177210233788,0.532738360637719,6.0,279.60957516046835,86535.44908947607,1.0781518245110429,335.21340254724385,0.045433585985202654,0.00024400891735633316,63.918233558808474,2202.416515909601
10.754921874999857,1315.1300075090073,60.809314442450344,62.1736154751922,11.54629136041904,172.37487751587952,0.08604866000374041,0.00028999029418835126,5.042091796437757,0.5189999999999962,0.8737345873134494,1.1692633120271978,2.9552872471374836,0.19001469258102807,0.0,9.149092229443617,0.5327039259002293,6.0,279.60165495119145,86522.48780883837,1.0780208748921734,335.208602900422,0.045812487635202834,5.347471240745953e-05,63.6945596306396,2186.7636880923496
10.774921874999857,1316.343888073622,60.57878490906516,61.9458460964469,11.53331172410438,172.63383067992035,0.08633667168944047,0.00028392760888217104,5.042091796437757,0.5189999999999962,0.8737345873134494,1.1692620482869973,2.9552746097354787,0.18935106455248343,0.0,9.083353933618275,0.5326696585088926,6.0,279.59376472752143,86509.57559910938,1.0778904136666236,335.203821424878,0.04618840890145298,-0.00014095521981248214,63.47120042886121,2171.191040628359
10.794921874999856,1317.5531606161792,60.34851196863726,61.71836104493214,11.520410060600003,172.89256264848265,0.08662505563460716,0.0002766914163323352,5.042091796437757,0.5189999999999962,0.8737345873134494,1.1692615037128813,2.9552691639943185,0.18868834371559104,0.0,9.017960810586848,0.5326355578427056,6.0,279.5859044559948,86496.7124055266,1.0777604403643677,335.1990581003329,0.046541278056546634,-0.00035961055375411896,63.24815508797798,2155.698238082299
10.814921874999856,1318.7578302529569,60.11849407413632,61.49115914437504,11.50758469457967,173.15107447073564,0.08691382891796415,0.000268435436681296,5.042091796437757,0.5189999999999962,0.8737345873134494,1.1692615872152206,2.955269999017711,0.18802652768394257,0.0,8.952911345146122,0.5326016232850334,6.0,279.57807410335573,86483.89817366752,1.0776309545183858,335.19431290663357,0.046889547116122025,-0.0006134489882243447,63.02542275523925,2140.284947410744
10.834921874999855,1319.9579020696485,59.888729722042335,61.264239239632914,11.494831818581995,173.40936720355276,0.08720300917163903,0.00025957003252977535,5.042091796437757,0.5189999999999962,0.8737345873134494,1.1692620556552282,2.955274683417788,0.18736561410860972,0.0,8.888204044800469,0.5325678542235769,6.0,279.57027363654726,86471.13284943491,1.0775019556645185,335.1895858237476,0.04721221139182015,-0.0008948420371701378,62.80300259067702,2124.950837943221
10.854921874999855,1321.15338112292,59.65921750590748,61.03760021312462,11.482147971663117,173.66744190684875,0.08749261477253037,0.0002504667367327667,5.042091796437757,0.5189999999999962,0.8737345873134494,1.169262688865091,2.9552810155164155,0.1867056006772637,0.0,8.823837423386369,0.5325342500502874,6.0,279.562503022701,86458.41637904035,1.0773734433413018,335.1848768317568,0.047526805177937996,-0.0011771229532537618,62.5808937668078,2109.695581340622
10.874921874999854,1322.3442724420165,59.42995608770687,60.81124097593419,11.469529739993577,173.92529963881793,0.08778266310955783,0.00024149697360460414,5.042091796437757,0.5189999999999962,0.8737345873134494,1.169263266707615,2.955286793941656,0.18604648511399716,0.0,8.759810002795104,0.5325008101613191,6.0,279.5547622291269,86445.74870898708,1.0772454170897956,335.1801859108509,0.047812738434887425,-0.001480315845477434,62.359095468569926,2094.518851569971
10.894921874999854,1323.5305810302455,59.200944216180396,60.58516047342074,11.456974287545718,174.1829414516198,0.08807317004792302,0.00023296011191172196,5.042091796437757,0.5189999999999962,0.8737345873134494,1.169263611705067,2.9552902439161755,0.18538826517880205,0.0,8.69612030990172,0.5324675339569632,6.0,279.54705122330336,86433.12978605428,1.0771178764534277,335.17551304132184,0.048097917811007154,-0.0017320131026567688,62.137606893145595,2079.4203248717195
10.914921874999854,1324.712311866407,58.97218068028919,60.359357670781776,11.444479070604627,174.44036838729198,0.0883641480023639,0.00022512705941082515,5.042091796437757,0.5189999999999962,0.8737345873134494,1.1692635632194552,2.955289759060058,0.18473093866756046,0.0,8.632766879095211,0.5324344208416106,6.0,279.5393699728683,86420.55955728175,1.0769908209778383,335.17085820355817,0.048364481094758306,-0.0019512189604948794,61.916427249955106,2064.3996797389023
10.934921874999853,1325.8894699059156,58.74366437611779,60.1338315737034,11.432039461179926,174.69758147467894,0.08865560546856528,0.00021853446680827361,5.042091796437757,0.5189999999999962,0.8737345873134494,1.1692628031263872,2.9552821581293776,0.18407450341130102,0.0,8.569748263943135,0.5324014702236762,6.0,279.53171844561155,86408.03796995811,1.0768642502107646,335.16622137804063,0.048603579690072764,-0.0021628285213391623,61.695555760405014,2049.4565968801353
10.954921874999853,1327.0620600830105,58.515394264361,59.908581215076154,11.419654248567232,174.95458172300255,0.08894755035665723,0.00021330644675710605,5.042091796437757,0.5189999999999962,0.8737345873134494,1.1692612577274808,2.9552667041403136,0.18341895727573906,0.0,8.50706301076297,0.5323686815155391,6.0,279.5240966094604,86395.56497159718,1.0767381637018039,335.16160254533304,0.0488533621871317,-0.002361381496729024,61.474991657730676,2034.590759189112
10.974921874999852,1328.2300873111847,58.28736932550874,59.68360564114142,11.407321155688141,175.21137012105646,0.08923998946092314,0.00020969388833049925,5.042091796437757,0.5189999999999962,0.8737345873134494,1.1692587782040997,2.955241908906503,0.18276429816160783,0.0,8.44470968126021,0.5323360541335216,6.0,279.5165044324773,86383.1405099335,1.0766125610023678,335.15700168608123,0.04907630271590671,-0.002522721577969261,61.25473418710545,2019.8018517323887
10.994921874999852,1329.3935564844396,58.05958861402347,59.45890392816968,11.395037771296902,175.46794763385978,0.0895329276728353,0.00020796288877824847,5.042091796437757,0.5189999999999962,0.8737345873134494,1.1692552067318491,2.955206194183997,0.1821105240038945,0.0,8.382686848301226,0.5323035874978166,6.0,279.5089418828511,86370.76453290888,1.0764874416655499,335.1524187810078,0.049308661556015675,-0.002592103546033634,61.03478260538202,2005.0895617127724
11.014921874999851,1330.552472477934,57.832051197947344,59.23447516373363,11.382803813811131,175.7243152012228,0.08982636696970886,0.00020812806399363865,5.042091796437757,0.5189999999999962,0.8737345873134494,1.1692505345242596,2.955159472108102,0.18145763277211663,0.0,8.320993087110313,0.532271281032464,6.0,279.5014089288934,86358.43698866566,1.0763628052460574,335.1478538109094,0.04954580499956347,-0.0025760551236446282,60.81513618118303,1990.4535784561783
11.034921874999851,1331.7068401484391,57.60475615657961,59.01031844596771,11.370618528910693,175.9804737369306,0.09012030567404086,0.0002102696090991475,5.042091796437757,0.5189999999999962,0.8737345873134494,1.1692447139592361,2.955101266457867,0.18080562247025225,0.0,8.259626987104953,0.5322391341653113,6.0,279.4939055390351,86346.1578255417,1.076238651300164,335.1433067566553,0.049785317760331474,-0.0024662853333509835,60.59579419487576,1975.8935933909252
11.05492187499985,1332.8566643343377,57.377702590062,58.786432886561606,11.358482102049468,176.23642412933387,0.09041473827431779,0.00021435245886554125,5.042091796437757,0.5189999999999962,0.8737345873134494,1.1692377657424027,2.9550317842895324,0.1801544911368238,0.0,8.19858714543552,0.532207146327983,6.0,279.4864316818268,86333.92699207045,1.0761149793857103,335.13877759918705,0.05002877998536816,-0.002280426774779691,60.376755938598706,1961.4093000306216
11.07492187499985,1334.0019498559188,57.15088957053718,58.56281759559263,11.346394277409008,176.49216724102857,0.0907096568083284,0.00022039987397175939,5.042091796437757,0.5189999999999962,0.8737345873134494,1.1692296760425476,2.9549508872909813,0.17950423684523673,0.0,8.137872173046496,0.5321753169558604,6.0,279.4789873259365,86321.74443697787,1.075991789062075,335.1342663195175,0.05028068298120624,-0.002030608477302325,60.158020716373315,1947.0003939625628
11.09492187499985,1335.142701515087,56.924316203252324,58.33947170053003,11.334354148908668,176.74770391033007,0.09100504989662091,0.00022851611995679271,5.042091796437757,0.5189999999999962,0.8737345873134494,1.1692203830570098,2.9548579574356038,0.17885485770367116,0.0,8.077480695556678,0.5321436454880413,6.0,279.47157244015193,86309.61010918545,1.0758690798902066,335.1297728987321,0.05052345908354555,-0.0017321493350887982,59.93958784406636,1932.6665728265348
11.11492187499985,1336.2789240958973,56.697981579742354,58.11639433166684,11.32236315851866,177.00303495020708,0.0913009048992536,0.00023851054819378647,5.042091796437757,0.5189999999999962,0.8737345873134494,1.1692099997633076,2.954754124498582,0.1782063518553108,0.0,8.017411339056794,0.5321121313673148,6.0,279.46418699337664,86297.52395780459,1.0757468514325688,335.1252973179862,0.05079090216138608,-0.0013757104165803345,59.7214566494647,1918.407536300824
11.134921874999849,1337.410622363878,56.471884763153795,57.893584617655485,11.310421778756599,177.25816115091013,0.09159720569513603,0.0002503174451495788,5.042091796437757,0.5189999999999962,0.8737345873134494,1.169198565126497,2.9546397781304745,0.17755871747896668,0.0,7.957662744973681,0.5320807740401565,6.0,279.45683095463477,86285.48593214368,1.0756251032532123,335.1208395585087,0.051060570336109994,-0.0010038652562494547,59.50362647248336,1904.22298609697
11.154921874999848,1338.537801065503,56.24602477381146,57.671041681110644,11.298532723509272,177.51308328211007,0.09189393385975939,0.0002635858416850239,5.042091796437757,0.5189999999999962,0.8737345873134494,1.1691862871369156,2.954516998234662,0.176911952789675,0.0,7.898233553166664,0.5320495729567211,6.0,279.4495042930742,86273.49598171389,1.0755038349178352,335.116399601603,0.05134325995234056,-0.0006253865999264939,59.28609666536465,1890.1126259537095
11.174921874999848,1339.6604649273072,56.02040061274257,57.44876464602685,11.28669652699599,177.76780209608094,0.09219106989771052,0.00027823347716608704,5.042091796437757,0.5189999999999962,0.8737345873134494,1.1691732145678924,2.954386272544429,0.17626605603923257,0.0,7.839122423422191,0.5320185275708307,6.0,279.4422069779725,86261.5540562384,1.0753830459938787,335.11197742865136,0.05163529280575655,-0.00029648036094457437,59.0688665928567,1876.0761616294697
11.194921874999848,1340.7786186554172,55.79501122617918,57.22675262685393,11.274915016157651,178.0223183295976,0.09248859429978686,0.00029400886632371487,5.042091796437757,0.5189999999999962,0.8737345873134494,1.1691594964492962,2.9542490913584674,0.17562102551701272,0.0,7.780328017200645,0.5319876373399788,6.0,279.43493897873975,86249.66010565753,1.0752627360505804,335.1075730211163,0.05194046514047921,-2.0637011827652704e-05,58.85193563248567,1862.113300900544
11.214921874999847,1341.8922669345063,55.56985552001176,57.005004733131,11.263190906672493,178.27663270752112,0.09278648950649937,0.00031054270847443273,5.042091796437757,0.5189999999999962,0.8737345873134494,1.1691453515803831,2.954107642669337,0.17497685955072687,0.0,7.721848998006244,0.5319569017253272,6.0,279.4277002649257,86237.81408013978,1.0751429046590852,335.103186360545,0.05226495097192564,0.00019546914953001148,58.63530317481013,1848.2237535579354
11.234921874999847,1343.0014144267304,55.34493235345619,56.783520067682225,11.251525140371607,178.53074594640407,0.09308473975196925,0.0003276877050230421,5.042091796437757,0.5189999999999962,0.8737345873134494,1.1691308672133531,2.953962798999037,0.17433355650738444,0.0,7.6636840471204914,0.5319263201917153,6.0,279.4204908062262,86226.01593009317,1.0750235513925654,335.09881742857306,0.052592829086966005,0.00041809169557888734,58.41896862374184,1834.407231408103
11.254921874999846,1344.1060657714813,55.12024057930217,56.5622977391807,11.23991784763877,178.784658755613,0.09338332997273538,0.0003453993808012088,5.042091796437757,0.5189999999999962,0.8737345873134494,1.1691160696794465,2.9538148236599704,0.17369111479343177,0.0,7.605831859487197,0.5318958922076269,6.0,279.41331057248533,86214.26560616789,1.0749046758262455,335.0944662069261,0.05293093436332845,0.0005917508786231336,58.20293139659094,1820.663448255934
11.274921874999846,1345.2062255848552,54.89577901544461,56.34133685344955,11.2283714261318,179.0383718392783,0.09368224547587056,0.00036333965596748753,5.042091796437757,0.5189999999999962,0.8737345873134494,1.1691011592008294,2.953665718873799,0.17304953285566624,0.0,7.548291122639099,0.531865617245196,6.0,279.4061595336984,86202.56305926188,1.0747862775374621,335.09013267742125,0.05329778624137468,0.0007164547336900999,57.98719092437097,1806.99211990399
11.294921874999845,1346.3018984586863,54.67154640438598,56.120636501056794,11.216888941432156,179.2918858994987,0.09398147400044754,0.0003810805795104152,5.042091796437757,0.5189999999999962,0.8737345873134494,1.1690863891755598,2.953518018621104,0.17240880918259388,0.0,7.491060525130054,0.5318354947802301,6.0,279.3990376600185,86190.90824053122,1.0746683561057702,335.0858168219712,0.053684134965169085,0.0007924141278260681,57.771746652252844,1793.3929641607358
11.314921874999845,1347.3930889590945,54.447541455424144,55.90019577063498,11.205471980828095,179.54520164092855,0.0942810069976514,0.0003983811896864468,5.042091796437757,0.5189999999999962,0.8737345873134494,1.1690719022038836,2.9533731489043413,0.1717689423051938,0.0,7.43413877237235,0.5318055242922058,6.0,279.39194492176586,86179.30110140545,1.0745509111130997,335.0815186225901,0.05408438954927928,0.0008380010166351757,57.5565980398204,1779.8657008360192
11.334921874999845,1348.47980162598,54.22376282723914,55.68001374359954,11.194122523011442,179.79831977252957,0.09458083774229237,0.0004149494286148574,5.042091796437757,0.5189999999999962,0.8737345873134494,1.1690578711097135,2.9532328379626405,0.17112993079784203,0.0,7.377524574046148,0.5317757052642723,6.0,279.3848812894311,86167.74159359306,1.0744339421438125,335.0772380613953,0.05450271033592376,0.0008838310610348873,57.34174456137862,1766.410051739352
11.354921874999844,1349.5620409719565,54.00020913431932,55.4600894963409,11.18284110421118,180.05124101093543,0.09488096082982844,0.0004306718370157856,5.042091796437757,0.5189999999999962,0.8737345873134494,1.1690443629264715,2.9530977561302207,0.1704917732792713,0.0,7.32121665868274,0.5317460371832531,6.0,279.37784673368225,86156.22966909278,1.0743174487848186,335.07297512061143,0.05492611822307909,0.0008929296791148662,57.127185706274204,1753.0257406787046
11.374921874999844,1350.6398114820577,53.77687900924561,55.24042211968594,11.171628173513705,180.3039660815193,0.09518137274695534,0.00044544568593240163,5.042091796437757,0.5189999999999962,0.8737345873134494,1.1690314383233036,2.9529685100985414,0.16985446841243548,0.0,7.265213764423436,0.5317165195395985,6.0,279.3708412253666,86144.76528019668,1.0742014306256085,335.0687297825722,0.055370961789262534,0.0008661849523573349,56.91292097884879,1739.71249343634
11.394921874999843,1351.7131176135542,53.5537710356122,55.02101069816598,11.160485362993484,180.55649571910948,0.09548207311246576,0.0004590150965030851,5.042091796437757,0.5189999999999962,0.8737345873134494,1.169019248639924,2.9528466132647457,0.16921801490587338,0.0,7.20951462821904,0.5316871518274069,6.0,279.36386473551187,86133.3483794922,1.0740858872582761,335.0645020297202,0.05582432653591841,0.0008262171196534156,56.698949898894234,1726.4700377753768
11.414921874999843,1352.781963795146,53.33088378169189,54.80185432062857,11.149412980687911,180.80883067051218,0.095783063846585,0.0004712964745050913,5.042091796437757,0.5189999999999962,0.8737345873134494,1.1690078431957107,2.9527325588226128,0.16858241151417114,0.0,7.154118007353468,0.5316579335444016,6.0,279.35691723533154,86121.97891987069,1.0739708182776062,335.0602918446109,0.05628994415381462,0.0007833936318229401,56.48527200180647,1713.2981034276206
11.434921874999842,1353.8463544268534,53.10821580008876,54.58295208023704,11.138412471208781,181.06097169497576,0.09608434744939011,0.0004820511841922836,5.042091796437757,0.5189999999999962,0.8737345873134494,1.1689973631011599,2.9526277578771043,0.167947657038499,0.0,7.099022657936264,0.5316288641919146,6.0,279.34999869622544,86110.6568545285,1.0738562232810882,335.05609920991265,0.05677147582971433,0.0007225184102056283,56.271886838763706,1700.1964220826324
11.454921874999842,1354.9062938793998,52.8857656255397,54.36430307394522,11.127482954833388,181.3129195661002,0.0963859279712583,0.0004913479856704293,5.042091796437757,0.5189999999999962,0.8737345873134494,1.1689877674794107,2.9525318016596125,0.16731375032742912,0.0,7.044227367077633,0.5315999432748789,6.0,279.34310908978387,86099.3821369737,1.0737421018689841,335.051924108409,0.05724337632470788,0.0006598063573751155,56.05879397699908,1687.1647273824171
11.474921874999842,1355.961786494675,52.66353183499076,54.14590642119256,11.116623205525178,181.56467507063095,0.09668781055273333,0.0004993015130091495,5.042091796437757,0.5189999999999962,0.8737345873134494,1.168978988315969,2.9524440100251947,0.16668069027633042,0.0,6.989730935494376,0.5315711703017578,6.0,279.33624838778456,86088.15472102098,1.0736284536442793,335.04776652299745,0.05772247580918925,0.000597759693267625,55.84599299959601,1674.2027548870262
11.494921874999841,1357.012836586118,52.441513004562196,53.92776125058152,11.105833333296678,181.8162390074886,0.09699000067228748,0.0005058514253836059,5.042091796437757,0.5189999999999962,0.8737345873134494,1.1689710611999384,2.95236473886489,0.16604847582821555,0.0,6.9355321615606265,0.5315425447845396,6.0,279.3294165621902,86076.97456078777,1.0735152782126451,335.0436264366873,0.05821020638951391,0.000539154335808481,55.63348350576995,1661.3102420696262
11.51492187499984,1358.059448438715,52.21970771680069,53.70986670223429,11.095113381456349,182.067612187904,0.09729250387734707,0.0005109435482937968,5.042091796437757,0.5189999999999962,0.8737345873134494,1.1689640180796723,2.952294307662229,0.16541710597412618,0.0,6.881629853820156,0.5315140662387119,6.0,279.3226135851483,86065.84161069406,1.0734025751824392,335.03950383259985,0.058698900470471105,0.00046438345778999874,55.421265110995826,1648.4869283021512
11.53492187499984,1359.101626309169,51.998114557123216,53.492221926772814,11.084462098592518,182.31879543505426,0.0975953264155313,0.0005146983352300614,5.042091796437757,0.5189999999999962,0.8737345873134494,1.1689577875415058,2.9522320022805637,0.16478657975358688,0.0,6.828022843095883,0.5314857341832372,6.0,279.3158394289904,86054.75582546074,1.073290344164688,335.0353986939682,0.05918825002264697,0.0003911918021809441,55.20933744715837,1635.7325548422184
11.55492187499984,1360.139374426221,51.77673215170045,53.27482609714634,11.073877836830931,182.5697895832817,0.0978984750177811,0.0005172918242780834,5.042091796437757,0.5189999999999962,0.8737345873134494,1.1689522652838304,2.95217677970381,0.16415689625438334,0.0,6.774709973728468,0.5314575481405,6.0,279.30909406622953,86043.71716010614,1.0731785847730564,335.0313110041351,0.05967406584202389,0.0003007913811900622,54.997700162475844,1623.0468648065382
11.57492187499984,1361.1726969915157,51.555559157861666,53.05767840567709,11.063359834516891,182.82059547578353,0.0982019573538719,0.0005187827084579465,5.042091796437757,0.5189999999999962,0.8737345873134494,1.168947416481735,2.952128291682856,0.1635280546127567,0.0,6.721690090834761,0.5314295076362703,6.0,279.3023774695551,86032.7255699368,1.073067296623753,335.02724074655043,0.06016362993455249,0.0001894095626474699,54.78635292156309,1610.4296031526321
11.594921874999839,1362.2015981799534,51.334594247628544,52.840778058999845,11.052907120031305,183.07121396377116,0.09850578279369966,0.000519260178133774,5.042091796437757,0.5189999999999962,0.8737345873134494,1.1689431882660073,2.9520860095255785,0.16290005401397523,0.0,6.668962050698216,0.5314016121996865,6.0,279.29568961183026,86021.78101054374,1.072956479335496,335.02318790476915,0.06064669769215538,5.396783271266231e-05,54.57529540562106,1597.880516668075
11.614921874999839,1363.2260821401696,51.11383612114694,52.62412428229658,11.042517967997732,183.3216459052811,0.09880996212727432,0.0005189179739170485,5.042091796437757,0.5189999999999962,0.8737345873134494,1.168939465883826,2.9520487857037647,0.1622728936924231,0.0,6.616524725663327,0.5313738613632147,6.0,279.2890304660889,86010.88343779737,1.0728461325294614,335.0191524624499,0.06113164713287035,-7.996672397474121e-05,54.364527312464816,1585.3993539501287
11.634921874999838,1364.246152995135,50.893283517906696,52.407716322838006,11.032190450436236,183.57189216366922,0.09911450686375332,0.0005179796659309155,5.042091796437757,0.5189999999999962,0.8737345873134494,1.168936116927138,2.952015296136885,0.161646572931673,0.0,6.564376998358903,0.5313462546626078,6.0,279.2824000055316,86000.0328078411,1.0727362558292215,335.01513440335214,0.061596574559326406,-0.00022648438759039603,54.154048356545694,1572.9858653850927
11.654921874999838,1365.2618148432744,50.672935240022056,52.19155345723201,11.021922050353034,183.8219536046884,0.09941942853108567,0.0005167524105780384,5.042091796437757,0.5189999999999962,0.8737345873134494,1.168932959504942,2.951983721914926,0.1610210910641215,0.0,6.512517764959981,0.5313187916368456,6.0,279.2757982035187,85989.22907707944,1.072626848860624,335.0111337113324,0.0620637976710356,-0.00035149842368526656,53.94385826882703,1560.6398031191704
11.674921874999837,1366.2730717593197,50.45279012314943,51.97563498238539,11.011710762600147,184.07183109433862,0.09972473780902302,0.0005154765632343734,5.042091796437757,0.5189999999999962,0.8737345873134494,1.1689298512674846,2.9519526395403517,0.1603964474715303,0.0,6.4609459244702405,0.5312914718281158,6.0,279.2692250335644,85978.47220216892,1.0725179112517038,335.00715037034,0.0625135183672473,-0.0004637882831023185,53.7339567969633,1548.3609210471573
11.694921874999837,1367.2799277954753,50.232847064913955,51.75996022436848,11.00155494223858,184.32152549589617,0.10003044389254527,0.0005143485083202738,5.042091796437757,0.5189999999999962,0.8737345873134494,1.1689266758902679,2.9519208857681845,0.15977264158457538,0.0,6.409660380306092,0.5312642947817501,6.0,279.2626804693294,85967.76214000571,1.0724094426325557,335.00318436441364,0.06296921999914885,-0.0005777812458512665,53.52434370514689,1536.148974781851
11.714921874999837,1368.2823869818408,50.01310496883753,51.54452852101223,10.991454011193767,184.5710376690052,0.10033655532181555,0.0005134189151528944,5.042091796437757,0.5189999999999962,0.8737345873134494,1.1689234033087739,2.9518881599532443,0.15914967288400064,0.0,6.358660033684698,0.5312372600462311,6.0,279.256164484618,85957.09884772109,1.0723014426352935,334.9992356776785,0.06341806503015883,-0.00068753713678247,53.31501877449277,1524.0037216546623
11.734921874999836,1369.2804533270628,49.79356277429232,51.32933923128829,10.981405451809861,184.82036846816823,0.10064307988736508,0.0005130086792863416,5.042091796437757,0.5189999999999962,0.8737345873134494,1.1689198434834442,2.951852561699948,0.15852754090043314,0.0,6.307943811480883,0.5312103671731406,6.0,279.24967705337406,85946.48228267457,1.0721939108939786,334.9953042943447,0.0638585034717714,-0.0007938022162723023,53.105981802974775,1511.9249206902248
11.754921874999836,1370.27413081899,49.57421947770035,51.1143917419783,10.971407461574334,185.06951874124712,0.10095002476689109,0.0005133445305863613,5.042091796437757,0.5189999999999962,0.8737345873134494,1.1689158621187075,2.95181274805258,0.15790624521433114,0.0,6.257510641554156,0.5311836157171137,6.0,279.2432181496765,85935.91240244683,1.0720868470445526,334.991390198704,0.06429095778192186,-0.0008852736702183517,52.89723260540624,1499.9123325837202
11.774921874999835,1371.2634234258849,49.35507411298553,50.89968546155168,10.961458450594394,185.3184893264809,0.10125739655131544,0.0005146248600296655,5.042091796437757,0.5189999999999962,0.8737345873134494,1.1689113416975234,2.95176754384074,0.15728578545619792,0.0,6.207359457407389,0.5311570052358049,6.0,279.23678774773174,85925.38916482698,1.0719802507247067,334.98749337512544,0.06472197384972955,-0.0009526229102526791,52.6887710135095,1487.9657196832713
11.794921874999835,1372.2483350968728,49.1361257244344,50.68521981176659,10.95155838968525,185.56728105160553,0.10156519996418083,0.0005168329273832852,5.042091796437757,0.5189999999999962,0.8737345873134494,1.1689062920664681,2.951717047530187,0.15666616130730984,0.0,6.157489186283948,0.5311305352898753,6.0,279.2303858218703,85914.91252780762,1.0718741215738354,334.9836138080534,0.06516281311679242,-0.0009899973906766426,52.48059687615808,1476.084845982176
11.814921874999834,1373.2288697618928,48.917373359735926,50.47099422563152,10.941706915863763,185.8158947343161,0.10187343780107015,0.0005200016201117437,5.042091796437757,0.5189999999999962,0.8737345873134494,1.1689006936993043,2.9516610638585483,0.1560473725004397,0.0,6.10789876664827,0.5311042054429798,6.0,279.2240123465477,85904.48244958547,1.0717684592330416,334.97975148200794,0.06559814554437313,-0.0010140555554234737,52.272710059617616,1464.269477110919
11.834921874999834,1374.2050313320935,48.698816089749414,50.257008153652215,10.931902590115468,186.0643311815406,0.10218211179168589,0.0005243167822529955,5.042091796437757,0.5189999999999962,0.8737345873134494,1.1688944365282343,2.951598492147849,0.15542941881997838,0.0,6.05858715475904,0.5310780152617279,6.0,279.21766729634135,85894.09888855711,1.0716632633450978,334.97590638158283,0.06603589473819872,-0.001040612495461901,52.06511044758491,1452.519380317631
11.854921874999834,1375.176823700294,48.48045301272577,50.04326106521942,10.922143813988182,186.31259118854655,0.10249122315980368,0.0005299866682075513,5.042091796437757,0.5189999999999962,0.8737345873134494,1.168887397232924,2.9515280991947446,0.15481230010224084,0.0,6.009553316244938,0.5310519643156527,6.0,279.2113506459481,85883.76180331412,1.071558533554394,334.97207849144456,0.06646010064331594,-0.0010334209732546177,51.85779794128889,1440.8343244520224
11.874921874999833,1376.1442507416546,48.26228326085795,49.82975245069628,10.912429729179395,186.56067553751146,0.10280077210811711,0.0005371200273917012,5.042091796437757,0.5189999999999962,0.8737345873134494,1.1688795114167025,2.951449241032531,0.15419601623562446,0.0,5.960796218341339,0.531026052177173,6.0,279.20506237017923,85873.4711526359,1.0714542695068712,334.96826779632863,0.06688876708061692,-0.0010190781821429577,51.65077245954169,1429.2140799465074
11.894921874999833,1377.1073163140757,48.04430597799187,49.61648181453732,10.902759616013922,186.80858499682662,0.1031107575611302,0.000545805365131077,5.042091796437757,0.5189999999999962,0.8737345873134494,1.1688707266865506,2.9513613937310113,0.15358056716131788,0.0,5.912314835127785,0.531000278421579,6.0,279.19880244395847,85863.22689548542,1.0713504708499746,334.96447428103886,0.06732099584641942,-0.0009597451711889227,51.44403393897462,1417.658418807583
11.914921874999832,1378.0660242585616,47.82652033108378,49.403448678944606,10.893132561574701,187.05632032051267,0.10342117663542282,0.0005561631100696298,5.042091796437757,0.5189999999999962,0.8737345873134494,1.1688609717755822,2.951263844621328,0.1529659528735714,0.0,5.864108151007023,0.5309746426269987,6.0,279.19257084231936,85853.02899100544,1.0712471372326193,334.9606979304456,0.06774925899616772,-0.0008837567663743865,51.237582334127126,1406.1671145989437
11.934921874999832,1379.0203783995355,47.60892548720634,49.190652576781254,10.883548762122963,187.30388224776593,0.10373202437528722,0.0005681558783417215,5.042091796437757,0.5189999999999962,0.8737345873134494,1.1688502688550926,2.9511568154164314,0.15235217342048085,0.0,5.816175148133716,0.5309491443743857,6.0,279.186367540403,85842.87739851505,1.0711442683051562,334.95693872948425,0.06819360474366588,-0.0007784353119823775,51.03141761770777,1394.7399424339812
11.954921874999831,1379.9703825446854,47.39152060704957,48.97809304968477,10.874008780493199,187.5512715037357,0.10404329469803163,0.0005816937532592129,5.042091796437757,0.5189999999999962,0.8737345873134494,1.168838671204091,2.9510408389064158,0.15173922890484526,0.0,5.768514812937922,0.53092378324751,6.0,279.18019251345953,85832.77207751134,1.0710418637193893,334.9531966631565,0.06863994864282756,-0.0006656798560832852,50.825539780880355,1383.3766789694785
11.974921874999831,1380.916040484778,47.174304841176976,48.765769647062335,10.864512677529225,187.79848880037412,0.10435498017371281,0.000596757701468975,5.042091796437757,0.5189999999999962,0.8737345873134494,1.1688261901572052,2.950916028437558,0.15112711948501928,0.0,5.721126144274305,0.5308985588329469,6.0,279.17404573684894,85822.71298767146,1.0709399231285972,334.94947171653047,0.06909445173789214,-0.0005386169367833485,50.619948833548186,1372.07710239892
11.99492187499983,1381.8573559936378,46.95727734108716,48.553681929690754,10.855060636889633,188.0455348368459,0.10466707261961086,0.0006133099471150716,5.042091796437757,0.5189999999999962,0.8737345873134494,1.1688128481547897,2.9507826084134026,0.1505158453754753,0.0,5.674008147303312,0.5308734707200544,6.0,279.1679271860413,85812.7000888527,1.0708384461875367,334.94576387474103,0.06956175937097123,-0.0003979687493685826,50.414644804540984,1360.840992440253
12.01492187499983,1382.7943328278923,46.74043723565196,48.34182946253063,10.845653520011684,188.29241030053407,0.10497956269588472,0.000631214105523969,5.042091796437757,0.5189999999999962,0.8737345873134494,1.1687987260022576,2.950641386888082,0.1499054068480539,0.0,5.627159828193072,0.5308485185664996,6.0,279.1618368366187,85802.73334109531,1.0707374325524712,334.9420731229909,0.07003311167064631,-0.0002604996380497946,50.209627742032566,1349.6681303359387
12.03492187499983,1383.7269747267312,46.52378365336321,48.13021182186579,10.836291454575715,188.53911586799387,0.10529244060068839,0.0006504391067424567,5.042091796437757,0.5189999999999962,0.8737345873134494,1.1687838421789136,2.950492548654642,0.14929580423249056,0.0,5.580580209948636,0.5308237022584029,6.0,279.15577466427624,85792.81270462506,1.070636881881198,334.93839944655144,0.07051616599387257,-0.00013265270617490572,50.00489771371607,1338.558298839568
12.05492187499983,1384.655285411778,46.30731570764579,47.91882859089752,10.826974639336198,188.78565220560387,0.10560569664998737,0.0006709420314822501,5.042091796437757,0.5189999999999962,0.8737345873134494,1.1687682221835267,2.9503363487007728,0.14868703791756094,0.0,5.5342683150135485,0.5307990210361133,6.0,279.1497406448234,85782.93813985452,1.0705367938330637,334.93474283076296,0.07100377554908019,-3.4971803139311893e-06,49.80045480718617,1327.5112822133751
12.074921874999829,1385.579268586893,46.09103250938312,47.707679363846005,10.817704140038341,189.03201997038502,0.10591932135825857,0.0006925513958126518,5.042091796437757,0.5189999999999962,0.8737345873134494,1.168751967582677,2.9501738026922752,0.14807910835180757,0.0,5.488223166688134,0.530774474500037,6.0,279.1437347541852,85773.10960738525,1.0704371680689841,334.93110326103624,0.07150886534324324,0.00013419286037961073,49.596299130181436,1316.5268662179283
12.094921874999828,1386.4989279378558,45.874933136655415,47.49676373670941,10.80848084949419,189.27821981110705,0.10623330439561476,0.0007151189797125021,5.042091796437757,0.5189999999999962,0.8737345873134494,1.1687351661577765,2.9500057884432707,0.14747201604507332,0.0,5.442443796108316,0.530750062253334,6.0,279.1377569684039,85763.3270680111,1.0703380042514834,334.9274807228528,0.07202921000065514,0.0002583976427026836,49.39243081109653,1305.6048381158994
12.114921874999828,1387.4142671317736,45.659016644497925,47.28608131058366,10.799305853417764,189.52425237007418,0.10654763555335332,0.000738464945696476,5.042091796437757,0.5189999999999962,0.8737345873134494,1.1687179243726893,2.9498333705923985,0.14686576156958356,0.0,5.396929237834506,0.5307257839019114,6.0,279.13180726364345,85753.59048272457,1.070239302044756,334.92387520176794,0.07255974818388987,0.0003746609516954054,49.18884999934381,1294.744986667362
12.134921874999828,1388.3252898167,45.44328207836924,47.075631696106896,10.79018003649569,189.77011828434905,0.10686230491229688,0.0007624365354048694,5.042091796437757,0.5189999999999962,0.8737345873134494,1.168700332642582,2.9496574532913256,0.14626034556084064,0.0,5.351678534292069,0.530701639054409,6.0,279.12588561619145,85743.89981272083,1.0701410611147104,334.92028668341203,0.07310935996671375,0.0004699944781303958,48.98555686565166,1283.947102121382
12.154921874999827,1389.231999621299,45.22772844347959,46.86541450412449,10.781104343406694,190.01581818684355,0.10717730370640889,0.0007868695263087125,5.042091796437757,0.5189999999999962,0.8737345873134494,1.1686824881355689,2.949479008221194,0.14565576871935046,0.0,5.306690732699483,0.5306776273222162,6.0,279.1199920024615,85734.2550194013,1.070043281129006,334.9167151534917,0.07366434299180809,0.0005488152938050572,48.78255160264156,1273.210976221872
12.174921874999827,1390.1344001542654,45.012354749309765,46.655429359874724,10.772078994107243,190.2613527080019,0.10749262392065952,0.0008117072085018127,5.042091796437757,0.5189999999999962,0.8737345873134494,1.1686644244060855,2.949298370926361,0.14505203181108853,0.0,5.261964895209842,0.5306537483194391,6.0,279.11412639899726,85724.6560643798,1.069945961757116,334.91316059779234,0.07423524270321344,0.0006179580810838527,48.579834424983176,1262.5364021908943
12.194921874999826,1391.0324950042868,44.79715998221403,46.44567589464612,10.763104873373042,190.50672247610703,0.10780825871193808,0.0008367913708739423,5.042091796437757,0.5189999999999962,0.8737345873134494,1.1686462350185667,2.9491164770511724,0.1444491356690377,0.0,5.217500081336859,0.5306300016629077,6.0,279.10828878247213,85715.10290948297,1.0698491026703345,334.90962300217814,0.07481763416480651,0.00068080184939497,48.37740556990789,1251.923174730363
12.214921874999826,1391.9262877397457,44.58214311736546,46.23615374976585,10.754181974149967,190.75192811822865,0.10812420176443226,0.0008620970169282322,5.042091796437757,0.5189999999999962,0.8737345873134494,1.1686279347379478,2.9489334742449835,0.14384708119414852,0.0,5.173295368283672,0.5306063869721611,6.0,279.10247912969163,85705.59551675348,1.0697527035418086,334.90610235259317,0.07541158541518704,0.0007356411662325309,48.175265297529286,1241.3710900132764
12.234921874999825,1392.8157819083815,44.367303124663074,46.026862578715466,10.745311688424584,190.99697026124832,0.10844044726229829,0.000887384397640887,5.042091796437757,0.5189999999999962,0.8737345873134494,1.1686096652904783,2.9487507797702883,0.14324586935644384,0.0,5.129349819899922,0.5305829038694362,6.0,279.0966974175955,85696.13384845354,1.069656764046575,334.9025986350629,0.07602557250300288,0.0007666459627835469,47.97341389121176,1230.879945677122
12.254921874999825,1393.7009810369868,44.152638935582054,45.817802037071914,10.736495216901599,191.24184953278345,0.10875699073212275,0.0009124388355390797,5.042091796437757,0.5189999999999962,0.8737345873134494,1.1685915535289273,2.9485696621547786,0.14264550119699465,0.0,5.0856625074421515,0.5305595519796897,6.0,279.0909436232596,85686.71786706818,1.069561283861596,334.8991118356953,0.07665278196102356,0.0007824470400244319,47.77185165823112,1220.4495408318421
12.274921874999825,1394.5818886308602,43.938149474701746,45.60897179265132,10.727732037938631,191.48656656269026,0.10907382926396476,0.0009373099910535229,5.042091796437757,0.5189999999999962,0.8737345873134494,1.16857357000688,2.9483898269343056,0.1420459778286742,0.0,5.04223253290139,0.5305363309305723,6.0,279.0852177238994,85677.34753531106,1.0694662626658182,334.89564194068305,0.07728129248949256,0.0007870878155764247,47.57057893002588,1210.0796760462622
12.294921874999824,1395.4585081739037,43.72383367310618,45.40037152990976,10.719022718390049,191.73112198297434,0.10939096127765316,0.0009618791344417182,5.042091796437757,0.5189999999999962,0.8737345873134494,1.168555784817923,2.9482119750447366,0.14144730043688597,0.0,4.999058988874858,0.5305132403523989,6.0,279.0795196968696,85668.02281612347,1.0693717001401637,334.892188936303,0.0779289291388033,0.0007796429166129834,47.36959606243963,1199.7701533337918
12.314921874999824,1396.33084312844,43.50969044003183,45.19200094139038,10.710368029107515,191.97551642837436,0.10970838606323846,0.0009859939024674583,5.042091796437757,0.5189999999999962,0.8737345873134494,1.1685382879085873,2.9480370059513783,0.1408494702814543,0.0,4.956140970618843,0.5304902798781659,6.0,279.07384951966515,85658.74367267621,1.0692775959675507,334.88875280891705,0.07859274358392317,0.000756124612046213,47.168903436352856,1189.520776157619
12.334921874999823,1397.1988969347617,43.29571867113744,44.98385973062484,10.701768087759442,192.219750537583,0.11002610414752749,0.0010096022228591398,5.042091796437757,0.5189999999999962,0.8737345873134494,1.168521141464214,2.947865541507646,0.14025248869788257,0.0,4.913477589388841,0.5304674491435407,6.0,279.06820716992405,85649.51006837442,1.0691839498329432,334.88533354497395,0.07925685686281872,0.0007335263893282147,46.96850145810309,1179.3313494246183
12.354921874999823,1398.0626730112836,43.08191727789197,44.775947621521595,10.693222536064743,192.46382495300008,0.11034411700633971,0.0010327254455688472,5.042091796437757,0.5189999999999962,0.8737345873134494,1.1685042711142113,2.9476968380076185,0.13965635709771906,0.0,4.8710679704227395,0.530444747786817,6.0,279.06259262542665,85640.32196685599,1.0690907614233363,334.8819311310085,0.07993584502909447,0.00069585476279723,46.76839055960589,1169.2016794638162
12.374921874999822,1398.922174754533,42.86828516215122,44.56826435073146,10.68473151516666,192.70774032086936,0.11066242696250364,0.0010553067618214605,5.042091796437757,0.5189999999999962,0.8737345873134494,1.1684877404291754,2.947531531157259,0.13906107697037243,0.0,4.828911237735204,0.5304221754489249,6.0,279.0570058640955,85631.17933199159,1.0689980304277573,334.87854555364186,0.08062104879425885,0.0006499421768922368,46.56857119896136,1159.1315740290338
12.394921874999822,1399.7774055391626,42.65482123315522,44.36080967320116,10.676294136962197,192.95149729136006,0.11098103748549452,0.0010774527001551862,5.042091796437757,0.5189999999999962,0.8737345873134494,1.1684714862719825,2.9473689895853306,0.13846664988389124,0.0,4.787006538912531,0.5303997317734006,6.0,279.0514468639954,85622.0821278846,1.068905756537267,334.87517679958125,0.08130798806372729,0.0006045753488718949,46.369043860713795,1149.1208422836892
12.414921874999822,1400.6283687181797,42.4415244195243,44.15358336616215,10.667910682391591,193.19509651813374,0.11129995245897444,0.00109908398724474,5.042091796437757,0.5189999999999962,0.8737345873134494,1.168455555379599,2.9472096806614956,0.1378730774857384,0.0,4.745353008943516,0.5303774164063546,6.0,279.0459156033318,85613.03031886861,1.0688139394449339,334.8718248556191,0.08201506457650483,0.0005374292122935557,46.169809056109386,1139.1692947852857
12.434921874999821,1401.4750676229617,42.22839362739721,43.94658521639508,10.659581646852171,193.43853865841433,0.11161917675705124,0.0011200877805220598,5.042091796437757,0.5189999999999962,0.8737345873134494,1.1684400142740348,2.9470542696058533,0.1372803615051305,0.0,4.70394978549408,0.5303552289964997,6.0,279.0404120604507,85604.02386950732,1.0687225788458359,334.8684897086331,0.08272574556613611,0.0004704633788150025,45.970867323878224,1129.2767434955072
12.45492187499982,1402.317505563099,42.015427778166995,43.73981503228628,10.651306055717207,193.6818243734662,0.11193871636222877,0.0011405844903388666,5.042091796437757,0.5189999999999962,0.8737345873134494,1.1684247917486066,2.9469020443515714,0.13668850375344713,0.0,4.662796037603917,0.5303331691951024,6.0,279.03493621383984,85595.06274459619,1.068631674437076,334.865171345587,0.08344088786161372,0.00039411331381940083,45.772219230369984,1119.4430017578454
12.47492187499982,1403.1556858267581,41.80262580391166,43.53327264265952,10.643083221017903,193.9249543278438,0.11225857777218695,0.0011606508491756795,5.042091796437757,0.5189999999999962,0.8737345873134494,1.168409842311841,2.9467525499839153,0.13609750612542712,0.0,4.621890936546416,0.5303112366559671,6.0,279.02948804212605,85586.14690915853,1.0685412259177474,334.86186975352837,0.08416153258796343,0.0003141923925462975,45.573865369952806,1109.6678842879764
12.49492187499982,1403.9896116808698,41.58998664664112,43.3269578968225,10.634913190317125,194.1679291890568,0.11257876821896523,0.0011802460011984125,5.042091796437757,0.5189999999999962,0.8737345873134494,1.1683951900144294,2.9466060270097993,0.13550737060040072,0.0,4.581233647364194,0.5302894310354168,6.0,279.0240675240743,85577.2763284436,1.0684512329889109,334.858584919589,0.0848927744099796,0.0002397416076577372,45.3758063654245,1099.9512071643883
12.51492187499982,1404.8192863712322,41.377509254467455,43.12087066368389,10.626795461112055,194.4107496274393,0.11289929491907055,0.0011994177793084187,5.042091796437757,0.5189999999999962,0.8737345873134494,1.1683808064878025,2.9464621917435307,0.13491809924369572,0.0,4.540823351188812,0.530267751992282,6.0,279.01867463858696,85568.45096792537,1.0683616953535862,334.8553168309837,0.08562891815213171,0.00015541876292901092,45.17804286848183,1090.2927878214543
12.534921874999819,1405.6447131227208,41.16519258553276,42.91501083327232,10.618729137290178,194.653416315772,0.11322016540049046,0.001218278955447088,5.042091796437757,0.5189999999999962,0.8737345873134494,1.1683666250522784,2.9463203773882896,0.13432969420778992,0.0,4.500659242883051,0.5302461991878791,6.0,279.0133093647023,85559.67079330042,1.068272612716731,334.85206547500957,0.08636343916412104,6.947442283112767e-05,44.98057556010488,1080.6924450379745
12.554921874999819,1406.4658951395845,40.953035627256114,42.709378323005225,10.610713140398529,194.8959299287094,0.11354138756791901,0.001236974439246881,5.042091796437757,0.5189999999999962,0.8737345873134494,1.1683525600619253,2.946179727484759,0.13374215773298523,0.0,4.460740527460435,0.5302247722859688,6.0,279.00797168159266,85550.93577048475,1.0681839847852101,334.84883083904515,0.0871026759990225,-1.2636162072526277e-05,44.78340515078126,1071.1499989177157
12.574921874999818,1407.2828356060456,40.7410373805482,42.503973073034224,10.602746770541835,195.1382911415252,0.11386296925076402,0.001255589481514538,5.042091796437757,0.5189999999999962,0.8737345873134494,1.168338561128877,2.9460397381542758,0.1331554921489032,0.0,4.42106640972949,0.5302034709527457,6.0,279.00266156856065,85542.24586560734,1.0680958112677292,334.84561291054774,0.08784693358219961,-9.905636948387994e-05,44.58653238100512,1061.665270882884
12.594921874999818,1408.095537686513,40.52919686462544,42.29879504805743,10.594829099905533,195.38050062975512,0.11418491840806864,0.0012742485244259362,5.042091796437757,0.5189999999999962,0.8737345873134494,1.1683245547311596,2.9458996741771015,0.132569699875675,0.0,4.38163610523231,0.5301822948568156,6.0,278.99737900503766,85533.60104500795,1.0680080918748156,334.84241167705284,0.08859227832035627,-0.0001780522424934007,44.389958021674104,1052.2380836623402
12.614921874999817,1408.9040045259553,40.31751311903415,42.09384423824889,10.586959740492691,195.6225590684834,0.11450724266052925,0.001292988913567359,5.042091796437757,0.5189999999999962,0.8737345873134494,1.1683105187647267,2.9457593145127725,0.1319847834251314,0.0,4.342448825854425,0.5301612436691705,6.0,278.99212397058125,85525.00127523312,1.067920826318779,334.8392271261722,0.08934811801476687,-0.00025784147036417076,44.19368287448622,1042.8682612794541
12.634921874999817,1409.7082392501493,40.105985183599984,41.88912065336028,10.579138039658572,195.8644671319244,0.11482994944337412,0.0013118927113168744,5.042091796437757,0.5189999999999962,0.8737345873134494,1.1682964048044175,2.945618174909681,0.13140074540276547,0.0,4.303503794675065,0.5301403170631933,6.0,278.986896444874,85516.44652303358,1.067834014313683,334.8360592455937,0.09009978662059458,-0.00032486907418343694,43.997707772595554,1033.5556290518045
12.654921874999816,1410.508244965959,39.89461212587337,41.68462433157463,10.571362513750808,196.10622549293885,0.11515304563059564,0.0013311818881499157,5.042091796437757,0.5189999999999962,0.8737345873134494,1.1682820817745978,2.9454749446114836,0.13081758850829622,0.0,4.264800256998585,0.5301195147146069,6.0,278.98169640772124,85507.93675536117,1.067747655575319,334.8329080230791,0.09085622589953546,-0.000378110528569417,43.80203358079935,1024.3000135683012
12.674921874999816,1411.3040247618528,39.683393041140064,41.480355339811695,10.563632584340526,196.3478348220309,0.11547653693647289,0.001350931355453345,5.042091796437757,0.5189999999999962,0.8737345873134494,1.1682675054661773,2.9453291815272786,0.13023531553689727,0.0,4.226337447395755,0.5300988363014523,6.0,278.97652383904796,85499.47193936346,1.0676617498211494,334.82977344646304,0.0916215324324277,-0.00043690079665227415,43.606661195947936,1015.1012426766046
12.694921874999816,1412.095581708207,39.472327024194286,41.27631376531902,10.55594784421175,196.58929578683396,0.11580042863316106,0.0013711892351436312,5.042091796437757,0.5189999999999962,0.8737345873134494,1.1682526475361539,2.9451806022270444,0.1296539293814676,0.0,4.188114603306565,0.5300782815040964,6.0,278.97137871889663,85491.05204238041,1.0675762967702762,334.82665550365135,0.09238237722979485,-0.0005001714701220903,43.411591547703395,1005.9591454863923
12.714921874999815,1412.882918857601,39.26141320152325,41.07249972601026,10.548306723340211,196.8306090516247,0.11612472619967629,0.001392200219788134,5.042091796437757,0.5189999999999962,0.8737345873134494,1.168237363605798,2.9450277629234867,0.12907343303309898,0.0,4.150130991109226,0.5300578500051804,6.0,278.96626102742556,85482.67703194138,1.0674912961434109,334.8235541826199,0.09315048684020714,-0.0005550748764924977,43.21682559869458,996.8735523440071
12.734921874999815,1413.6660392452898,39.050650709829426,40.868913364130684,10.54070904531552,197.07177527645794,0.11644943500259505,0.001413976997752921,5.042091796437757,0.5189999999999962,0.8737345873134494,1.1682216462449262,2.9448705893147675,0.1284938295830976,0.0,4.112385856133192,0.5300375414896181,6.0,278.9611707449056,85474.34687575992,1.0674067476628228,334.8204694714128,0.09392247415073293,-0.0006040300618748683,43.02236434519245,987.8442948309754
12.754921874999814,1414.444945889397,38.84003870499132,40.665554849427394,10.53315350437448,197.31279511692696,0.11677455985850103,0.0014367247633496152,5.042091796437757,0.5189999999999962,0.8737345873134494,1.1682053744685874,2.9447078715513797,0.1279151222242844,0.0,4.074878472341745,0.5300173556445709,6.0,278.9561078517189,85466.06154173185,1.0673226510523208,334.81740135814164,0.09469266653558366,-0.0006403286138683155,42.82820881754397,978.871205750861
12.774921874999814,1415.2196417914577,38.629576368995586,40.46242438164164,10.525639324714762,197.55366922317177,0.11710010479834516,0.0014605626618195376,5.042091796437757,0.5189999999999962,0.8737345873134494,1.1681884780896241,2.9445389077617468,0.1273373142521387,0.0,4.037608109654974,0.5299972921594136,6.0,278.9510723283555,85457.82099792943,1.0672390060371946,334.8143498309835,0.09547185566610274,-0.0006738737382621877,42.63436008055345,969.9541191133452
12.794921874999813,1415.9901299366954,38.41926288913167,40.259522184454916,10.518166173426241,197.79439823947487,0.11742607316890609,0.0014855357552615073,5.042091796437757,0.5189999999999962,0.8737345873134494,1.168170930662824,2.9443634334937463,0.12676040906704492,0.0,4.000574035106707,0.5299773507257403,6.0,278.9460641554115,85449.62521259848,1.0671558123441858,334.81131487817936,0.09625771317106656,-0.0007003582320407762,42.440819234233196,961.09287013478
12.814921874999813,1416.7564132941652,38.20909745902911,40.05684850623869,10.510733751034325,198.03498280416088,0.11775246783025463,0.0015116839577239847,5.042091796437757,0.5189999999999962,0.8737345873134494,1.1681527087875219,2.9441812147407243,0.12618441017598764,0.0,3.963775520905146,0.5299575310373471,6.0,278.9410833135879,85441.47415415672,1.0670730697014739,334.8082964880343,0.09704691669384448,-0.0007214281170838225,42.2475874143698,952.2872952297092
12.834921874999813,1417.5184948169626,37.99907928951114,39.85440362384662,10.503341057149683,198.27542354935306,0.11807929095496898,0.001539169482790169,5.042091796437757,0.5189999999999962,0.8737345873134494,1.1681337169773223,2.9439912966387283,0.12560932119390084,0.0,3.9272118600278128,0.5299378327902042,6.0,278.9361297836897,85433.3677911917,1.0669907778386538,334.80529464891595,0.09784339031528419,-0.0007279655154588207,42.05466579297429,943.5372319966685
12.854921874999812,1418.2763774424777,37.78920760486813,39.65218784188951,10.49598781591528,198.515721100642,0.11840654408346488,0.0015680322600421907,5.042091796437757,0.5189999999999962,0.8737345873134494,1.1681139318870126,2.943793445735632,0.1250351458454957,0.0,3.8908823365426586,0.5299182556824414,6.0,278.93120354662386,85425.30609245802,1.0669089364867097,334.8023093492541,0.09864609225034875,-0.000734940953741519,41.86205557889275,934.8425192107998
12.874921874999812,1419.030064092738,37.579481635435464,39.4502014908719,10.488673563941132,198.7558760765698,0.11873422803080377,0.0015983451091570527,5.042091796437757,0.5189999999999962,0.8737345873134494,1.16809331078958,2.9435872347613046,0.12446188796719879,0.0,3.854786244384467,0.5298987994143377,6.0,278.92630458339715,85417.28902687365,1.0668275453779785,334.7993405775387,0.09945887968433323,-0.0007318389718006374,41.669758018453656,926.2029968175466
12.894921874999811,1419.779557674371,37.36990061467108,39.24844492679329,10.481398282319525,198.99588908893136,0.11906234306933691,0.0016301045789733533,5.042091796437757,0.5189999999999962,0.8737345873134494,1.168071856006491,2.9433726869304166,0.12388955150925347,0.0,3.8189228737393077,0.5298794636883135,6.0,278.9214328751166,85409.31656352044,1.0667466042461557,334.7963883223207,0.10028042186194283,-0.0007226917349301822,41.477774396170176,917.6185059282323
12.914921874999811,1420.5248610787137,37.160463777875776,39.04691853125356,10.474161690955281,199.23576074275968,0.11939088900967706,0.00166335330873892,5.042091796437757,0.5189999999999962,0.8737345873134494,1.168049542620147,2.943149553066975,0.12331814053771122,0.0,3.7832915261856077,0.5298602482089195,6.0,278.91658840298834,85401.38867164282,1.0666661128262838,334.793452572211,0.10111028247032863,-0.0007071143005055465,41.28610603540547,909.0888888133469
12.93492187499981,1421.2659771818671,36.95117037089942,38.8456227146608,10.466963468352688,199.4754916364288,0.11971986517642334,0.0016981418360407668,5.042091796437757,0.5189999999999962,0.8737345873134494,1.168026341188521,2.9429175387507156,0.12274765923614729,0.0,3.747891510011935,0.5298411526828128,6.0,278.9117711483178,85393.50532064734,1.0665860708547459,334.79053331588057,0.1019456923118061,-0.0006850975999676778,41.09475429894572,900.6139888912011
12.95492187499981,1422.0029088449303,36.74201964557315,38.64455791532624,10.459803157505892,199.7150823613834,0.12004927023574616,0.001734546604568982,5.042091796437757,0.5189999999999962,0.8737345873134494,1.1680022069617528,2.942676196483034,0.12217811190775446,0.0,3.7127221426170283,0.5298221768187467,6.0,278.9069810925079,85385.6664801001,1.0665064780692435,334.7876305420598,0.10279193627097599,-0.0006614899658799924,40.90372058969974,892.1936507216127
12.97492187499981,1422.7356589141048,36.533010860061545,38.4437246001145,10.452680535472583,199.95453350213907,0.12037910237721376,0.0017726034221354373,5.042091796437757,0.5189999999999962,0.8737345873134494,1.1679771191868575,2.942425318734081,0.12160950297739952,0.0,3.677782741883622,0.5298033203275552,6.0,278.9022182170583,85377.87211972568,1.0664273342087849,334.7847442395373,0.1036473928349355,-0.0006376594426425301,40.71300635138595,883.8277199984365
12.99492187499981,1423.4642302207908,36.324143273902415,38.24312326346881,10.445595498066034,200.19384563630385,0.12070935971383116,0.0018123272008431046,5.042091796437757,0.5189999999999962,0.8737345873134494,1.167951069481224,2.9421648216777463,0.12104183699393821,0.0,3.643072628503526,0.5297845829221481,6.0,278.89748250356485,85370.12220940611,1.0663486390136758,334.7818743971603,0.1045103205267258,-0.0006081804866681236,40.522613069306175,875.5160435452426
13.014921874999809,1424.1886255816426,36.115416154103535,38.042754429873135,10.43854769195117,200.43301933468368,0.12104004006364061,0.0018537782544426333,5.042091796437757,0.5189999999999962,0.8737345873134494,1.1679240227288223,2.941894354153729,0.12047511863218761,0.0,3.608591134766353,0.5297659643174896,6.0,278.8927739337193,85362.41671918023,1.0662703922255135,334.7790210038339,0.10538603262063173,-0.0005749407942071201,40.33254227100452,867.2584693053574
13.034921874999808,1424.9088477986534,35.906828765885635,37.842618651590705,10.431537189835351,200.6720551613253,0.12137114102648568,0.0018969407393296985,5.042091796437757,0.5189999999999962,0.8737345873134494,1.1678959886745934,2.94161401361144,0.1199093526955176,0.0,3.5743375882087354,0.5297474642305982,6.0,278.88809248930875,85354.75561924287,1.0661925935871794,334.77618404852115,0.10627397589090279,-0.0005384033665551265,40.142795527133636,859.0548463402292
13.054921874999808,1425.6248996591182,35.69838037619843,37.64271651038489,10.424564270119902,200.91095367380942,0.12170265965952745,0.0019417613600067338,5.042091796437757,0.5189999999999962,0.8737345873134494,1.1678669991965909,2.9413241188314143,0.11934454411809294,0.0,3.540311316284731,0.5297290823805325,6.0,278.8834381522157,85347.13887994523,1.0661152428428435,334.7733635202427,0.10717595421845638,-0.0005022522269774854,39.95337445220397,850.9050248220206
13.074921874999808,1426.336783935572,35.4900702421096,37.44304861460625,10.417629030958151,201.14971542358586,0.12203459299968562,0.0019882188251921385,5.042091796437757,0.5189999999999962,0.8737345873134494,1.1678370672719258,2.941024799584764,0.1187806979678023,0.0,3.50651165580448,0.5297108184883986,6.0,278.87881090441874,85339.56647179545,1.066038339737972,334.77055940807776,0.10809033756092622,-0.0004667264307137672,39.7642807055631,842.8088560353109
13.094921874999807,1427.0445033857286,35.281897624853336,37.243615604194154,10.41073139333794,201.38834095630492,0.12236693799634131,0.0020363240437402605,5.042091796437757,0.5189999999999962,0.8737345873134494,1.1678061869593668,2.9407159964591734,0.11821781944821011,0.0,3.472937953173127,0.5296926722773219,6.0,278.87421072799276,85332.03836545939,1.0659618840193341,334.7677717011636,0.10901620855650358,-0.00043270852795937654,39.575515992047784,834.7661923640713
13.114921874999807,1427.7480607525172,35.07386178041073,37.044418148461745,10.403871293495103,201.62683081194575,0.12269969159698992,0.002086084965095364,5.042091796437757,0.5189999999999962,0.8737345873134494,1.1677743540776953,2.940397667642458,0.11765591390144312,0.0,3.439589559565968,0.5296746434724505,6.0,278.8696376051086,85324.55453176012,1.0658858754349991,334.76500038869585,0.10995301511506814,-0.00039078916424432,39.38708206294897,826.7768872912638
13.134921874999806,1428.447458764021,34.86596197265496,36.84545695084635,10.39704866811768,201.86518552513812,0.12303285052468031,0.002137509950406139,5.042091796437757,0.5189999999999962,0.8737345873134494,1.1677415642315148,2.940069769180653,0.11709498681025375,0.0,3.406465831326303,0.5296567318009275,6.0,278.86509151803386,85317.11494167866,1.0658103137343444,334.7622454599285,0.11090526634212047,-0.0003505813051968459,39.19898071670126,818.8407953860525
13.154921874999806,1429.142700133547,34.658197457976584,36.64673274490984,10.390263809324441,202.10340562522012,0.12336641125483976,0.0021905413696711664,5.042091796437757,0.5189999999999962,0.8737345873134494,1.1677078518626505,2.9397326454920103,0.11653504380126402,0.0,3.3735661200067915,0.5296389369919019,6.0,278.86057244913195,85309.71956635322,1.0657351986680483,334.759506904174,0.11187072170200073,-0.00030960504807747106,39.01121379996746,810.957772306893
13.174921874999805,1429.833787559479,34.450567488938226,36.44824629624053,10.38351686109002,202.3414916367201,0.12370037016717862,0.0022451481699206897,5.042091796437757,0.5189999999999962,0.8737345873134494,1.1676732357759227,2.939386484624733,0.1159760906476299,0.0,3.3408897856825726,0.5296212587765171,6.0,278.8560803808634,85302.36837708071,1.0656605299881061,334.75678471080323,0.11285185463192335,-0.0002671109197755042,38.82378320852924,803.1276747956117
13.194921874999805,1430.5207237252528,34.243071319026754,36.2499984046861,10.376807590296647,202.57944407959445,0.12403472342789988,0.0023013696506336665,5.042091796437757,0.5189999999999962,0.8737345873134494,1.1676376933970634,2.939031060836139,0.11541813327161246,0.0,3.3084362039349227,0.5296036968878957,6.0,278.85161529578585,85295.06134531708,1.0655863074478342,334.7540788692462,0.1138421896430075,-0.00022076487230531853,38.636690888146525,795.3503606694228
13.214921874999805,1431.203511299407,34.03570820362669,36.05198990543527,10.370136010055516,202.81726346930742,0.1243694669902258,0.0023591995551704857,5.042091796437757,0.5189999999999962,0.8737345873134494,1.1676012289923599,2.938666416789104,0.11486117774730717,0.0,3.27620474843313,0.5295862510611273,6.0,278.8471771765538,85287.79844267672,1.0655125308018656,334.7513893689916,0.11484827158541698,-0.00017286623244782022,38.44993883546978,787.6256888143988
13.234921874999804,1431.882152935594,33.82847739598644,35.85422166860336,10.363502320817549,203.05495031699428,0.12470459655423301,0.0024185956724515133,5.042091796437757,0.5189999999999962,0.8737345873134494,1.1675638679619067,2.9382928064845726,0.11430523030370655,0.0,3.244194791914427,0.529568921033265,6.0,278.84276600591863,85280.57964093237,1.065439199806148,334.74871619958674,0.11587067183202646,-0.00012338922202391483,38.26352909906387,779.9535191827207
13.254921874999804,1432.556651272433,33.62137814230263,35.656694598603984,10.356906702436453,203.2925051299212,0.12504010755638167,0.0024795190749245,5.042091796437757,0.5189999999999962,0.8737345873134494,1.167525633772982,2.937910464595326,0.11375029732800696,0.0,3.2124057120717198,0.5295517065433268,6.0,278.8383817667292,85273.40491201669,1.0653663142179632,334.7460593506379,0.11690752351766419,-7.415226645634033e-05,38.077463780513725,772.3337127923758
13.274921874999803,1433.2270089334659,33.41440969063402,35.459409637752984,10.35034919797309,203.52992841174307,0.12537599533594343,0.0025419563226030764,5.042091796437757,0.5189999999999962,0.8737345873134494,1.1674865349191774,2.93751947605728,0.11319638536823558,0.0,3.180836895158455,0.5295346073322755,6.0,278.83402444193246,85266.27422802272,1.0652938737959294,334.74341881181107,0.11796013915053614,-2.725947813717989e-05,37.89174503530244,764.766131716679
13.294921874999803,1433.8932285271492,33.20757128004892,35.262367763860524,10.343830088119818,203.76722066268246,0.12571225521721371,0.0026058477509220326,5.042091796437757,0.5189999999999962,0.8737345873134494,1.1674466070420555,2.9371201972860606,0.11264350113689119,0.0,3.1494877243551826,0.5295176231430253,6.0,278.82969401457353,85259.18756120396,1.0652218783000045,334.74079457283153,0.11902984605964614,1.6213701034491947e-05,37.70637507402861,757.2506390867316
13.314921874999802,1434.5553126466955,33.000862149087695,35.065569993768584,10.337349492082314,204.00438237999649,0.126048882596995,0.002671163858916954,5.042091796437757,0.5189999999999962,0.8737345873134494,1.1674058680615018,2.9367128074805238,0.11209165151380941,0.0,3.118357592040725,0.5295007537204253,6.0,278.82539046779647,85252.14488397604,1.0651503274915046,334.7381866234847,0.1201156735348168,5.845844759947321e-05,37.521356163364146,749.7870990824358
13.334921874999802,1435.213263870042,32.7942815345911,34.8690173839519,10.33090742026287,204.24141405819037,0.12638587311194302,0.002737895751341116,5.042091796437757,0.5189999999999962,0.8737345873134494,1.1673643237884197,2.9362973647497026,0.11154084354947351,0.0,3.0874458984869073,0.5294839988112525,6.0,278.8211137848447,85245.14616891713,1.0650792211331066,334.7355949536159,0.1212150370838292,9.690931257398135e-05,37.336690627161204,742.3753769286637
13.354921874999802,1435.8670847598648,32.58782866971545,34.672711030897034,10.324503958429416,204.478316189145,0.1267232225921398,0.0028060195946713346,5.042091796437757,0.5189999999999962,0.8737345873134494,1.1673219888130275,2.9358740149957807,0.11099108446841671,0.0,3.0567520459085173,0.5294673581642064,6.0,278.81686394906086,85238.19138876768,1.065008558988848,334.7330195531309,0.12233140789655353,0.0001324482852595843,37.15238084758973,735.0153388917147
13.374921874999801,1436.516777863504,32.381502786452145,34.4766520728943,10.318139028600877,204.71508926240412,0.1270609271493846,0.002875543276027665,5.042091796437757,0.5189999999999962,0.8737345873134494,1.1672788591213374,2.93544271807888,0.11044238167252132,0.0,3.0262754464620087,0.5294508315298988,6.0,278.8126409438872,85231.2805164313,1.0649383408241369,334.73046041199564,0.12346432197978846,0.00016260731356041342,36.96842926624041,727.7068522734678
13.3949218749998,1437.1623457129137,32.17530311822478,34.2808416918766,10.311812913265005,204.9517337654138,0.1273989831835358,0.0029464036033492813,5.042091796437757,0.5189999999999962,0.8737345873134494,1.167234972399769,2.935003850863196,0.10989474274435435,0.0,2.996015504233725,0.5294344186608406,6.0,278.808444752866,85224.41352497526,1.0648685664057553,334.7279175202368,0.12461367370671642,0.00019182001727989758,36.78483838523989,720.4497854051197
13.4149218749998,1437.8037908246627,31.969228894044477,34.08528111272266,10.305525368388341,205.1882501836596,0.12773738736221998,0.0030186408165053125,5.042091796437757,0.5189999999999962,0.8737345873134494,1.1671903056553834,2.9345571834193396,0.10934817545101701,0.0,2.9659716459589465,0.5294181193114451,6.0,278.8042753596397,85217.59038763047,1.0647992355018627,334.72539086794166,0.12577611240683365,0.00022275106151064145,36.60161076853793,713.2440076467325
13.4349218749998,1438.44111569999,31.763279348151105,33.889971607267434,10.299276474408728,205.42463900070382,0.12807613641138038,0.0030922310446030877,5.042091796437757,0.5189999999999962,0.8737345873134494,1.1671448735232874,2.93410286209838,0.10880268774714398,0.0,2.936143291476807,0.5294019332379998,6.0,278.80013274795004,85210.81107779092,1.0647303478819896,334.7228804452577,0.12695769356629988,0.00024455662023704146,36.41874904290998,706.0893893746572
13.4549218749998,1439.0743228247711,31.55745371177625,33.69491449296237,10.293066027953783,205.66090069838427,0.1284152273571661,0.003167206866444773,5.042091796437757,0.5189999999999962,0.8737345873134494,1.1670986575503184,2.9336407023686895,0.10825828777907255,0.0,2.906529875375109,0.5293858601986747,6.0,278.79601690163895,85204.07556901402,1.0646619033170412,334.7203862423932,0.12815304691368923,0.00026678391826339104,36.23625589935132,698.9858019833474
13.474921874999799,1439.7034146695507,31.35175122071658,33.50011113632059,10.286893900184976,205.89703575688708,0.12875465757476132,0.003243586606350912,5.042091796437757,0.5189999999999962,0.8737345873134494,1.1670516476704187,2.9331706035696925,0.10771498388811124,0.0,2.8771308343021813,0.529369899953499,6.0,278.7919278046479,85197.38383502027,1.0645939015792956,334.71790824961664,0.12936044753403708,0.00028507990588719375,36.054134094169754,691.9331178744216
13.494921874999799,1440.3283936896535,31.146171116982227,33.30556295459595,10.280759879790262,206.13304465467868,0.12909442463068693,0.0033214054630574005,5.042091796437757,0.5189999999999962,0.8737345873134494,1.1670038239520817,2.9326923663863225,0.10717278461415387,0.0,2.847945612702669,0.5293540522643464,6.0,278.78786544101723,85190.73584969204,1.064526342442392,334.71544645725646,0.13058768944507843,0.00029686659829955065,35.8723864501939,684.9312104493345
13.514921874999798,1440.9492623252363,30.94071264401006,33.11127141556998,10.274663841266024,206.3689278685428,0.12943452660397922,0.0034006819920064067,5.042091796437757,0.5189999999999962,0.8737345873134494,1.1669551762627492,2.932205889492998,0.10663169869981858,0.0,2.8189736565223136,0.5293383168949346,6.0,278.78382979488595,85184.13158707306,1.0644592256813263,334.7130008557009,0.13182943962191437,0.0003046228182154325,35.691015858157215,677.9799541078091
13.534921874999798,1441.5660230013677,30.73537504511971,32.91723803835701,10.268605731248641,206.6046858735724,0.12977496201934624,0.003481420217644003,5.042091796437757,0.5189999999999962,0.8737345873134494,1.1669057029877443,2.931711156742949,0.10609173509447059,0.0,2.790214413388355,0.529322693610818,6.0,278.7798208504911,85177.57102136753,1.0643925510724417,334.7105714353976,0.13308825040348565,0.0003092902637259724,35.510025278043074,671.079224243685
13.554921874999797,1442.1786781279955,30.53015756872553,32.72346439628864,10.262585469500708,206.84031914335552,0.13011572986554992,0.003563629966212913,5.042091796437757,0.5189999999999962,0.8737345873134494,1.1668553991424335,2.931208118289841,0.10555290295797094,0.0,2.761667336424485,0.5293071821793697,6.0,278.775838592168,85171.05412694057,1.0643263183934355,334.7081581868538,0.13436390330609613,0.0003140118189142,35.329417740338165,664.2288972362861
13.574921874999797,1442.7872301000461,30.325059462538853,32.52995211651944,10.25660279986509,207.07582814992864,0.1304568293257173,0.003647357381171653,5.042091796437757,0.5189999999999962,0.8737345873134494,1.1668042385239799,2.930696512105304,0.10501521166512366,0.0,2.7333318904558888,0.5292917823697829,6.0,278.77188300434966,85164.58087831696,1.0642605274233456,334.70576110063587,0.1356538099799052,0.0003112083337676878,35.14919634751959,657.4288504496003
13.594921874999796,1443.39168129745,30.120079980933493,32.336702883627204,10.250657362471422,207.31121336386016,0.130798259922255,0.0037326711472680366,5.042091796437757,0.5189999999999962,0.8737345873134494,1.1667521817826678,2.930175944692184,0.10447867080939595,0.0,2.7052075496062558,0.5292764939530478,6.0,278.7679540715666,85158.15125018111,1.064195177942552,334.70338016736935,0.1369559058981238,0.00030891243463520017,34.96936427529869,650.6789622212461
13.614921874999796,1443.9920340853446,29.915218389231985,32.1437184422781,10.244748704933983,207.54647525402402,0.13114002154627946,0.003819660663681167,5.042091796437757,0.5189999999999962,0.8737345873134494,1.1666991775484767,2.929645902350273,0.10394329020674437,0.0,2.6772937971550315,0.5292613167019288,6.0,278.76405177844526,85151.7652173747,1.064130269732753,334.7010153777378,0.1382752488523132,0.0003092843570275395,34.78992477390021,643.9791118518667
13.634921874999796,1444.5882908142457,29.7104739609326,31.951000597840448,10.238876517883474,207.78161428743,0.13148211407991883,0.003908387099098247,5.042091796437757,0.5189999999999962,0.8737345873134494,1.166645191023616,2.9291060371016653,0.10340907990002876,0.0,2.6495901155522907,0.5292462503909581,6.0,278.7601761097074,85145.42275489501,1.0640658025769487,334.6986667224827,0.1396117565164443,0.0003100450920737437,34.61088116953831,637.3291796008883
13.654921874999795,1445.1804538201484,29.505845969120614,31.75855121533836,10.2330407677933,208.01663092918565,0.13182453742062472,0.003998854292447648,5.042091796437757,0.5189999999999962,0.8737345873134494,1.1665902209772534,2.9285563366380396,0.10287605016401881,0.0,2.6220959799098855,0.5292312947964418,6.0,278.75632705016903,85139.12383789374,1.0640017762594292,334.69633419240245,0.14096138415121812,0.00030313879160185866,34.4322368660908,630.7290466884554
13.674921874999795,1445.7685254245912,29.301333696684896,31.566372224054362,10.227240906218007,208.25152564251775,0.13216729166025507,0.004091175259360027,5.042091796437757,0.5189999999999962,0.8737345873134494,1.166534202436594,2.9279961512314445,0.10234421150918172,0.0,2.594810892839821,0.5292164496964302,6.0,278.7525045847401,85132.86844167637,1.0639381905657703,334.69401777835253,0.1423289332604782,0.0002906435940895661,34.253995346365535,624.1785952812037
13.694921874999794,1446.3525079348483,29.096936430907487,31.37446561750116,10.221476855562022,208.48629888857823,0.13251037735818086,0.004185365044986834,5.042091796437757,0.5189999999999962,0.8737345873134494,1.1664771277445702,2.927425404311208,0.10181357468656467,0.0,2.567734340971803,0.5292017148707151,6.0,278.74870869842346,85126.65654170013,1.063875045282812,334.6917174712446,0.14371458985943578,0.00027545020873560866,34.076160173733165,617.677708490501
13.714921874999794,1446.9324036439393,28.89265346216171,31.182833454707737,10.215748230268122,208.7209511265638,0.13285379555134263,0.004281504956440458,5.042091796437757,0.5189999999999962,0.8737345873134494,1.1664189506124656,2.9268436329901615,0.10128415069264099,0.0,2.540865829671146,0.5291870901008245,6.0,278.7449393763144,85120.48811357384,1.0638123401986583,334.6894332620465,0.14511180008858238,0.0002593262332945824,33.89873499374773,611.2262703690601
13.734921874999793,1447.5082148308009,28.688484093123524,30.991477864626965,10.210054529812396,208.95548281356173,0.1331975475394891,0.004379702562620677,5.042091796437757,0.5189999999999962,0.8737345873134494,1.1663596095207958,2.926250222073463,0.10075595077330225,0.0,2.5142048749552717,0.529172575169992,6.0,278.74119660359975,85114.36313305616,1.0637500751026596,334.68716514178146,0.14652595733596138,0.00024252767338561726,33.721723535481416,604.8241658961242
13.754921874999793,1448.0799437605265,28.484427633992873,30.800401046443508,10.20439550398142,209.1898944042862,0.1335416348655844,0.0044800132632350645,5.042091796437757,0.5189999999999962,0.8737345873134494,1.166299073500613,2.9256448618716346,0.10022898642893599,0.0,2.4877509862239546,0.5291581698631511,6.0,278.73748036555656,85108.28157605299,1.0636882497853868,334.6849131015273,0.14796014939320087,0.0002241817714120237,33.5451296132226,598.4712809748006
13.774921874999793,1448.6475926844305,28.280483397253825,30.609605269851958,10.198770779085898,209.42418635111395,0.13388605920352814,0.004582520282515407,5.042091796437757,0.5189999999999962,0.8737345873134494,1.1662372954389835,2.9250270812553403,0.0997032694198173,0.0,2.461503683806781,0.5291438739822086,6.0,278.7337906475512,85102.2434186168,1.0636268640386262,334.682677132416,0.14940593001276342,0.00020616118692976104,33.368957128279,592.1675024319368
13.794921874999792,1449.2111638402146,28.07665071121836,30.41909288088369,10.193179738173837,209.6583591039514,0.13423082235885833,0.0046873616834397615,5.042091796437757,0.5189999999999962,0.8737345873134494,1.166174196384116,2.9243960907066646,0.0991788117699946,0.0,2.4354625052895926,0.5291296873119106,6.0,278.7301274350386,85096.24863694485,1.0635659176553607,334.6804572256334,0.1508679533947197,0.00018965792821310396,33.19321007027683,585.9127179989064
13.814921874999792,1449.7706594522201,27.872928908663535,30.228866300457696,10.187622121443198,209.89241310996505,0.13457592614644867,0.004794599552949423,5.042091796437757,0.5189999999999962,0.8737345873134494,1.1661097417922521,2.923751544788027,0.0986556257731957,0.0,2.409626975920679,0.5291156096304409,6.0,278.72649071356057,85090.29720737651,1.0635054104297432,334.6782533724177,0.15234713012420528,0.00017124513927767684,33.01789251913601,579.706816315441
13.834921874999791,1450.3260817315186,27.66931733242163,30.03892802800286,10.18209743571765,210.12634881358397,0.13492137241277072,0.0049043486394443805,5.042091796437757,0.5189999999999962,0.8737345873134494,1.1660438665620603,2.9230927924861083,0.09813372399759994,0.0,2.3839966378813786,0.529101640729416,6.0,278.72288046874513,85084.38910639235,1.0634453421570893,334.6760655640595,0.15384057965907175,0.0001537529611630404,32.84300864666608,573.5496869187963
13.85492187499979,1450.8774328761465,27.46581533385389,29.84928064302564,10.176605096030995,210.3601666562692,0.13526716302097122,0.005016746249716889,5.042091796437757,0.5189999999999962,0.8737345873134494,1.1659764926212286,2.9224190530777916,0.0976131192911637,0.0,2.3585710437628618,0.5290877804020919,6.0,278.71929668630503,85078.52431061155,1.0633857126338504,334.67389379190087,0.1553503321938951,0.0001348799665489808,32.66856271834707,567.4412202383701
13.87492187499979,1451.4247150712783,27.26242227878742,29.659926808923174,10.171144710292586,210.59386707639052,0.13561329990474646,0.005131889239532123,5.042091796437757,0.5189999999999962,0.8737345873134494,1.1659075656043338,2.921729782908844,0.0970938247864428,0.0,2.333349741678363,0.5290740284433361,6.0,278.7157393520367,85072.70279679011,1.0633265216575956,334.6717380473342,0.15687613606715714,0.00011456944113374872,32.49455909494215,561.3813075833637
13.89492187499979,1451.9679304895005,27.059137538500096,29.47086927249338,10.165715603784273,210.82745050894778,0.13595978506271084,0.005249939602449581,5.042091796437757,0.5189999999999962,0.8737345873134494,1.1658369934324009,2.9210240611895144,0.09657585390673348,0.0,2.3083323004164384,0.529060384649635,6.0,278.71220845181824,85066.92454181793,1.0632677690269843,334.66959832180186,0.15841631620485147,9.219551071133666e-05,32.321002234551514,555.3698411446817
13.91492187499979,1452.507081290944,26.855960499407395,29.282110868977178,10.16031738270428,211.06091738552237,0.13630662066371696,0.005370999123002384,5.042091796437757,0.5189999999999962,0.8737345873134494,1.1657647192303733,2.9203013191692384,0.09605922037078359,0.0,2.2835182794451914,0.5290468488190598,6.0,278.7087039716088,85061.18952271744,1.0632094545417512,334.66747460679494,0.15997498102368155,7.313204329836262e-05,32.147896694187736,549.4067139790978
13.93492187499979,1453.0421696235553,26.652890554137823,29.093654521739055,10.154949663854035,211.2942681340164,0.13665380889147294,0.005495168941325916,5.042091796437757,0.5189999999999962,0.8737345873134494,1.1656906866695866,2.919560993561372,0.09554393819914754,0.0,2.2589072429195984,0.5290334207512725,6.0,278.7052258974469,85055.49771664062,1.0631515780026772,334.6653668938528,0.16155052797496466,5.3021909572165626e-05,31.975247131901313,543.4918200113028
13.954921874999789,1453.5731976231928,26.449927103155588,28.905503245131715,10.14961206983085,211.52750317867446,0.13700135189497098,0.005622550587291113,5.042091796437757,0.5189999999999962,0.8737345873134494,1.165614839369388,2.918802520559385,0.09503002171986795,0.0,2.234498759910367,0.5290201002475124,6.0,278.70177421544923,85049.84910086806,1.0630941392115814,334.6632751745623,0.16314514658857013,3.3498019097223664e-05,31.803058308680797,537.6250540269491
13.974921874999788,1454.1001674138142,26.247069555775937,28.71766014723229,10.144304074812224,211.76062293996267,0.13734925186356942,0.0057532813585560545,5.042091796437757,0.5189999999999962,0.8737345873134494,1.1655371003780635,2.91802513064614,0.09451748557422407,0.0,2.210292413402314,0.5290068871105811,6.0,278.69834891181017,85044.24365280694,1.0630371379712988,334.66119944055697,0.16475245628716922,1.4049719027912921e-05,31.63133509037537,531.8063116653419
13.994921874999788,1454.6230811076978,26.044317334139542,28.53012843349699,10.139024954826164,211.99362783440395,0.13769751090303772,0.005887546698245315,5.042091796437757,0.5189999999999962,0.8737345873134494,1.1654573650544053,2.917227777409559,0.09400634472225071,0.0,2.1862878039805898,0.5289937811448188,6.0,278.6949499727999,85038.68134998869,1.0629805740856593,334.65913968351674,0.1663781616697976,-4.285936869470353e-06,31.460082449540526,526.0354894084692
14.014921874999787,1455.141940805685,25.841669872083454,28.3429114090149,10.133774470481711,212.2265182743843,0.13804613112721154,0.006025423276908951,5.042091796437757,0.5189999999999962,0.8737345873134494,1.1653755921025029,2.916410047890534,0.09349661444881242,0.0,2.1624845096169287,0.5289807821560941,6.0,278.69157738476304,85033.16217006635,1.0629244473594597,334.65709589516644,0.16802347133538645,-2.3367306353299277e-05,31.289305467469624,520.3124845752452
14.034921874999787,1455.65674859732,25.639126606002442,28.156012478594395,10.128552268538275,212.45929466812578,0.1383951146257626,0.006167015367401481,5.042091796437757,0.5189999999999962,0.8737345873134494,1.1652917244154946,2.915571371020451,0.09298831037070644,0.0,2.138882120056383,0.5289678899518152,6.0,278.6882311341174,85027.6860908132,1.0628687575984521,334.6550680672751,0.16968783376747862,-4.3121310109558444e-05,31.11900933656967,514.637195326018
14.054921874999787,1456.1675065609743,25.436686981569036,27.969435151482433,10.123357897869282,212.6919574196868,0.13874446352269915,0.006312451841720583,5.042091796437757,0.5189999999999962,0.8737345873134494,1.1652056908654138,2.9147110355196437,0.09248144844231972,0.0,2.1154802363856877,0.528955104340903,6.0,278.68491120735365,85022.25309012127,1.0628135046093277,334.65305619165633,0.17137099320181318,-6.312816383712938e-05,30.94919936225339,509.0095206497001
14.074921874999786,1456.6742167639986,25.23435045358713,27.78318304419509,10.118191023356847,212.9245069289197,0.13909417994709586,0.006461836435621556,5.042091796437757,0.5189999999999962,0.8737345873134494,1.1651174351267528,2.9138284781330337,0.09197604496202384,0.0,2.0922784579606577,0.5289424251337788,6.0,278.681617591034,85016.86314599992,1.0627586881997024,334.6510602601666,0.17307208905836344,-7.824312092789408e-05,30.779880965078036,503.42936035808316
14.094921874999786,1457.1768812629393,25.032116483663827,27.5972598828108,10.113051154782639,213.1569435913411,0.1394442659496176,0.006615311158782632,5.042091796437757,0.5189999999999962,0.8737345873134494,1.1650268789795093,2.9129229166605985,0.09147211657885863,0.0,2.0692763993444654,0.5289298521423589,6.0,278.67835027179086,85011.51623657337,1.0627043081780956,334.6490802647053,0.17479255999026908,-9.541360350667495e-05,30.61105968298094,497.8966150821816
14.114921874999785,1457.6755021036518,24.829984543409974,27.41166950695402,10.107937810864941,213.38926779815887,0.1397947234444017,0.006773018292620815,5.042091796437757,0.5189999999999962,0.8737345873134494,1.1649339443441427,2.911993570306932,0.09096968029882148,0.0,2.046473680378763,0.5289173851800352,6.0,278.67510923632625,85006.2123400796,1.0626503643539147,334.6471161972137,0.17653087015142654,-0.00011116220448268005,30.44274117338309,492.4111862631393
14.134921874999785,1458.1700813215396,24.62795411600409,27.226415873373593,10.102850485698069,213.6214799361158,0.14014555430515888,0.006935108344409197,5.042091796437757,0.5189999999999962,0.8737345873134494,1.1648385487036148,2.9110396139016537,0.09046875349129488,0.0,2.023869928399839,0.5289050240616566,6.0,278.67189447141,85000.95143486773,1.062596856537433,334.64516804967445,0.1782891644576367,-0.00012293497743379926,30.274931215338945,486.9729761436416
14.154921874999784,1458.66062094175,24.426024690516076,27.041503057599215,10.097788875614317,213.8535803874063,0.14049676027178126,0.0071016856768091035,5.042091796437757,0.5189999999999962,0.8737345873134494,1.1647406365120339,2.910060491985844,0.08996935389642617,0.0,2.0014647629835,0.5288927686035332,6.0,278.6687059638786,84995.73349939601,1.0625437845397676,334.6432358141104,0.1800684015741015,-0.00013646168582871066,30.1076357120049,481.5818877685392
14.174921874999784,1459.147122979261,24.224195763429183,26.856935257769177,10.092752723222766,214.0855695297562,0.14084834291450574,0.0072728449262531745,5.042091796437757,0.5189999999999962,0.8737345873134494,1.164640158114368,2.909055708009185,0.08947149963193173,0.0,1.979257805596208,0.528880618623422,6.0,278.66554370063477,84990.55851223085,1.062491148172871,334.64131948258466,0.18186738655311627,-0.0001476354678967588,29.94086069291522,476.2378249780853
14.194921874999784,1459.6295894390605,24.022466837494328,26.67271679779721,10.087741502317296,214.3174477363694,0.14120030371070952,0.007448747230301028,5.042091796437757,0.5189999999999962,0.8737345873134494,1.1645370257984045,2.90802438484955,0.08897520920021919,0.0,1.9572487015427213,0.5288685739405182,6.0,278.6624076686461,84985.42645204492,1.0624389472495106,334.63941904719957,0.1836869735286914,-0.00015957116619124168,29.774612316364394,470.9406924035226
14.214921874999783,1460.1080223162965,23.82083742595827,26.48885213215567,10.082754749736997,214.54921537592304,0.14155264407155613,0.007629540887128589,5.042091796437757,0.5189999999999962,0.8737345873134494,1.1644311596383874,2.9069657232493795,0.08848050149499731,0.0,1.9354370977620923,0.5288566343754326,6.0,278.65929785494404,84980.33729761557,1.0623871815832562,334.6375345000961,0.18552724343396101,-0.0001703660849877171,29.608896871617965,465.6903954562111
14.234921874999783,1460.582423596438,23.619307048718834,26.30534584852181,10.077792336519243,214.78087281254895,0.14190536534863063,0.007815294368832304,5.042091796437757,0.5189999999999962,0.8737345873134494,1.1643225260428014,2.9058793872935196,0.08798739580891532,0.0,1.913822622681569,0.5288447997501906,6.0,278.6562142466231,84975.29102782308,1.0623358509884597,334.6356658334536,0.18739202800884774,-0.00017793068036653858,29.443720781468,460.4868403267066
14.254921874999782,1461.0527952554019,23.417875229936463,26.12220267097988,10.072853842164346,215.0124204058718,0.142258468740948,0.008006148549834627,5.042091796437757,0.5189999999999962,0.8737345873134494,1.1642110500414242,2.904764627279748,0.08749591184120069,0.0,1.8924049306218627,0.5288330698882296,6.0,278.65315683083986,84970.2876216494,1.0622849552802438,334.6338130394889,0.18927509447774013,-0.00018224079237214787,29.279090604787957,455.32993398268854
14.274921874999782,1461.5191392596712,23.216541502247157,25.93942746517243,10.067938765620397,215.2438585110568,0.14261195524037465,0.008202266341943628,5.042091796437757,0.5189999999999962,0.8737345873134494,1.1640966443968304,2.903620570833809,0.08700606970457947,0.0,1.8711836877050563,0.5288214446143761,6.0,278.6501255948121,84965.32705817676,1.0622344942744895,334.6319761104561,0.19117926431215226,-0.00018783986930113425,29.115013038847515,450.21958415839225
14.294921874999782,1461.9814575664993,23.015305409741167,25.75702524320601,10.06304671249657,215.47518747874537,0.1429658256555038,0.008403786469736272,5.042091796437757,0.5189999999999962,0.8737345873134494,1.1639792362147774,2.9024464890132795,0.08651788993231584,0.0,1.8501585579640623,0.5288099237548237,6.0,278.64712052581774,84960.40931658559,1.0621844677878132,334.63015503864557,0.19310746829248027,-0.00019301310848980215,28.951494921667322,445.1556993445112
14.314921874999781,1462.4397521240485,22.814166499780022,25.575001165650242,10.058177488203869,215.70640765508372,0.1433200807087464,0.008610799286280562,5.042091796437757,0.5189999999999962,0.8737345873134494,1.1638587807826004,2.9012419346915097,0.08603139348684358,0.0,1.8293291953641098,0.5287985071371489,6.0,278.6441416111937,84955.53437615304,1.0621348756375544,334.6283498163834,0.19505757440489213,-0.00019627133239931823,28.78854323490642,440.138188793658
14.33492187499978,1462.8940248715185,22.613124329066974,25.393360547589978,10.053330519544902,215.93751938177115,0.14367472102849269,0.008823491340103863,5.042091796437757,0.5189999999999962,0.8737345873134494,1.1637351785850274,2.9000059127157796,0.08554660176667558,0.0,1.8086952885501866,0.5287871945902799,6.0,278.6411888383351,84950.70221625158,1.0620857176417597,334.62656043603107,0.19702888978878508,-0.0001972555261843653,28.62616510617355,435.166962507086
14.35492187499978,1463.3442777393311,22.41217846111134,25.212108862451647,10.048505662758185,216.16852299603434,0.1440297470904537,0.009041943007358234,5.042091796437757,0.5189999999999962,0.8737345873134494,1.1636083914743112,2.8987380416086173,0.08506353661444468,0.0,1.7882564978819797,0.5287759859444942,6.0,278.63826219469433,84945.91281634705,1.062036993619165,334.62478688998476,0.19902732178069257,-0.00019749402135560022,28.46436781171697,430.2419312323017
14.37492187499978,1463.7905126491917,22.211328462480832,25.031251745700033,10.043702651682327,216.39941883077262,0.14438515919759462,0.009266266220881048,5.042091796437757,0.5189999999999962,0.8737345873134494,1.1634783635979515,2.897437762845021,0.08458222032534858,0.0,1.768012498012114,0.5287648810314219,6.0,278.6353616677802,84941.16615599801,1.0619887033891893,334.62302917067484,0.20104892233836955,-0.00019491672831698748,28.303158779249564,425.3630064638761
14.39492187499978,1464.2327315142102,22.010573905881238,24.85079500052583,10.038921159528051,216.6302072146253,0.1447409574977425,0.009496589421325495,5.042091796437757,0.5189999999999962,0.8737345873134494,1.1633450300917512,2.8961044277830172,0.08410267565469157,0.0,1.7479629735086621,0.5287538796840258,6.0,278.6324872451576,84936.46221485447,1.061940846771921,334.6212872705655,0.2030947743561367,-0.00019338231012990797,28.142545590471745,420.53010043428293
14.414921874999779,1464.6709362390054,21.809914370603106,24.670744602977646,10.034160835683828,216.86088847206247,0.14509714199296447,0.009733048474113245,5.042091796437757,0.5189999999999962,0.8737345873134494,1.1632083223266871,2.894737350132377,0.08362492582585085,0.0,1.7281076161311062,0.5287429817365906,6.0,278.62963891444645,84931.80097265675,1.061893423588108,334.61956118215454,0.20516340054416154,-0.0001919324829942218,27.982535983736433,415.74312610841355
14.434921874999779,1465.105128719854,21.60934944301142,24.49110670725621,10.029421348079543,217.09146292341967,0.14545371259483944,0.009975775704109723,5.042091796437757,0.5189999999999962,0.8737345873134494,1.1630681742017994,2.8933358688835,0.0831489945382532,0.0,1.7084461212576059,0.5287321870247101,6.0,278.62681666332094,84927.18240923388,1.061846433659141,334.6178508979725,0.20725748784571651,-0.0001870005779292994,27.82313785671754,411.0019971775756
14.454921874999778,1465.5353108448303,21.408878716439286,24.311887651018345,10.024702298602653,217.32193088494918,0.14581066911254043,0.010224921849482538,5.042091796437757,0.5189999999999962,0.8737345873134494,1.1629245096319034,2.8918992231845397,0.08267490597550341,0.0,1.6889781952581704,0.5287214953852784,6.0,278.6240204795086,84922.60650450215,1.0617998768070405,334.6161564105822,0.20937405092430883,-0.00018380688554783827,27.66435926912923,406.30662805444695
14.474921874999778,1465.961484493953,21.208501791711488,24.133093961024745,10.020003336662239,217.55229266886332,0.14616801123898163,0.010480626732484264,5.042091796437757,0.5189999999999962,0.8737345873134494,1.1627772593241563,2.890426720107069,0.08220268481345899,0.0,1.6697035457319873,0.5287109066564757,6.0,278.6212503507893,84918.07323846359,1.06175375285444,334.6144777125783,0.21151642863483175,-0.00017978391472351485,27.506208445427273,401.6569338669998
14.494921874999777,1466.3836515393239,21.008218276837642,23.954732358748416,10.015324055378734,217.78254858339562,0.14652573859288193,0.010743046097559545,5.042091796437757,0.5189999999999962,0.8737345873134494,1.162626345490822,2.8889175817737267,0.08173235622848499,0.0,1.6506218906181895,0.5287004206777602,6.0,278.6185062649944,84913.58259120438,1.061708061624571,334.6128147965866,0.21368161226922483,-0.00017536485084661063,27.348693777570688,397.052830453772
14.514921874999777,1466.8018138452906,20.808027787560103,23.776809766385337,10.010664188863036,218.01269893283106,0.14688385076595759,0.011012299770161613,5.042091796437757,0.5189999999999962,0.8737345873134494,1.162471711388821,2.8873712407537155,0.08126394590558852,0.0,1.6317329401829583,0.5286900372898551,6.0,278.6157882100056,84909.13454289321,1.0616628029412476,334.6111676552634,0.2158755847032681,-0.00016777256756477264,27.191823827743136,392.49423435760445
14.534921874999776,1467.2159732685468,20.60792994264133,23.59933331171476,10.00602356033985,218.24274401762267,0.14724234718361007,0.01128848444384299,5.042091796437757,0.5189999999999962,0.8737345873134494,1.1623133139673252,2.8857872665387574,0.08079748004750156,0.0,1.6130364008183637,0.5286797563347548,6.0,278.6130961737544,84904.72907378018,1.0616179766288543,334.60953628129516,0.21809663961522438,-0.0001627252346152701,27.035607331391695,387.9810628282455
14.554921874999776,1467.6261316582022,20.407924365065526,23.422310334722695,10.001401821530838,218.47268413454785,0.1476012272090769,0.011571742612452291,5.042091796437757,0.5189999999999962,0.8737345873134494,1.1621510847055292,2.8841649739207975,0.08033298538291181,0.0,1.5945319994461467,0.5286695776557142,6.0,278.61043014422165,84900.36616419606,1.0615735825123396,334.60792066739833,0.22034146372363694,-0.0001561846725768006,26.880053199980626,383.51323381635945
14.574921874999776,1468.0322908559103,20.208010687444038,23.245748395476824,9.996798614770125,218.7025195767917,0.14796049016183946,0.011862220135312405,5.042091796437757,0.5189999999999962,0.8737345873134494,1.1619849538174083,2.8825036650395885,0.07987048917391158,0.0,1.5762194688907505,0.5286595010972182,6.0,278.60779010943656,84896.04579455094,1.0615296204172031,334.60632080631854,0.22261373278790392,-0.00015163554252627787,26.72517052348345,379.0906659600269
14.594921874999775,1468.4344526960326,20.008188546403463,23.069655279363012,9.992213616670181,218.93225063399046,0.14832013536206978,0.012160054351086939,5.042091796437757,0.5189999999999962,0.8737345873134494,1.1618148570075575,2.8808026969410805,0.0794100192252339,0.0,1.558098543546794,0.5286495265049909,6.0,278.6051760574758,84891.76794533247,1.0614860901694771,334.60473669083035,0.22491262994863528,-0.00014314485684685676,26.570968573473166,374.7132785883906
14.614921874999775,1468.8326190057282,19.8084575857717,22.89403900482238,9.987646603192166,219.16187759236928,0.1486801620882409,0.012465356114301492,5.042091796437757,0.5189999999999962,0.8737345873134494,1.1616407456205273,2.879061583070779,0.0789516038920976,0.0,1.5401689523894182,0.5286396537259763,6.0,278.60258797646276,84887.53259710492,1.0614429915957182,334.60316831373643,0.22723912380724876,-0.0001371223961037567,26.41745680574698,370.3809917120366
14.634921874999774,1469.226791605079,19.60881745430429,22.718907829910044,9.983097199364535,219.39140073483986,0.14904056954543204,0.012778277348813599,5.042091796437757,0.5189999999999962,0.8737345873134494,1.1614625484206216,2.8772796110717214,0.07849527208892719,0.0,1.5224304440233118,0.5286298826083362,6.0,278.600025854567,84883.33973050781,1.0614003245229933,334.6016156678676,0.22959203501856534,-0.0001301604971389298,26.26464486324391,366.09372602188967
14.654921874999774,1469.6169723072135,19.409267807147195,22.54427026002985,9.978565106042304,219.62082034110114,0.14940135691251769,0.013098949686469909,5.042091796437757,0.5189999999999962,0.8737345873134494,1.1612802063566718,2.875456190432224,0.07804105329739851,0.0,1.5048827639678697,0.5286202130014351,6.0,278.5974896800031,84879.1893262547,1.0613580887788678,334.60007874608186,0.23197344665467398,-0.00012187888278350563,26.11254257873671,361.851402882025
14.674921874999773,1470.0031629184207,19.20980830578187,22.37013505551983,9.974049988021187,219.8501366877563,0.14976252331465603,0.013427514759393917,5.042091796437757,0.5189999999999962,0.8737345873134494,1.1610936554482196,2.873590681347702,0.07758897757470717,0.0,1.4875256659493488,0.528610644755831,6.0,278.59497944103026,84875.0813651318,1.0613162841913921,334.5985575412643,0.2343804259070889,-0.00011575060301931655,25.961159977598523,357.65394432504013
14.694921874999773,1470.385365238292,19.01043861893449,22.196511239708357,9.969551487184237,220.07935004839806,0.15012406785416982,0.013764120647316153,5.042091796437757,0.5189999999999962,0.8737345873134494,1.1609028288383665,2.8716824152491705,0.07713907556156602,0.0,1.470358910689471,0.5286011777232618,6.0,278.5924951259511,84871.01582799664,1.061274910589088,334.5970520463263,0.23681546423272715,-0.00010779638497456618,25.810507280478802,353.5012730454844
14.714921874999773,1470.7635810598642,18.811158422481927,22.0234081069616,9.965069198004024,220.3084606936961,0.15048598961871168,0.014108928751010514,5.042091796437757,0.5189999999999962,0.8737345873134494,1.160707652973952,2.869730656605025,0.07669137849030376,0.0,1.4533822687622608,0.528591811756635,6.0,278.59003672311087,84866.99269577645,1.061233967800933,334.5955622542052,0.23927747758592183,-0.00010017414935861214,25.660594906013248,349.3933123949585
14.734921874999772,1471.1378121697662,18.611967399824707,21.850835231096458,9.960602751289343,220.53746889148508,0.15084828767116581,0.014462090503004765,5.042091796437757,0.5189999999999962,0.8737345873134494,1.1605080607463596,2.8677347343291015,0.07624591819277853,0.0,1.4365955114822673,0.5285825467100161,6.0,278.5876042208965,84863.01194946661,1.0611934556563447,334.59408815786327,0.24176674444946517,-9.198633078252608e-05,25.51143347347177,345.32998637636655
14.754921874999772,1471.5080603483693,18.412865241315814,21.678802473820916,9.956151869741626,220.76637490685044,0.15121096102123033,0.014823731296850483,5.042091796437757,0.5189999999999962,0.8737345873134494,1.1603040004767584,2.8656941316330897,0.07580272710836056,0.0,1.4199984040890856,0.5285733824386207,6.0,278.58519760773555,84859.0735701291,1.0611533739851657,334.59262975028776,0.24428512730075258,-8.27656719115153e-05,25.363033805429783,341.3112196398079
14.774921874999771,1471.8743273699,18.213851642408628,21.5073199931465,9.95171621134005,220.99517900226346,0.15157400865009452,0.015193994040791815,5.042091796437757,0.5189999999999962,0.8737345873134494,1.160095411469024,2.8636082415557462,0.07536183829210646,0.0,1.4035907230917415,0.5285643187988118,6.0,278.58281687209563,84855.1775388912,1.0611137226176504,334.59118702448995,0.2468317506232184,-7.299778999751567e-05,25.215406930503562,337.3369374812942
14.79492187499977,1472.2366150025623,18.01492630584938,21.336398253047342,9.947295406118705,221.22388143770604,0.15193742944481348,0.015573028986013124,5.042091796437757,0.5189999999999962,0.8737345873134494,1.1598822297796976,2.8614764246624813,0.07492328542196738,0.0,1.3873722523928216,0.528555355648082,6.0,278.58046200248333,84851.3238369443,1.0610745013844531,334.5897599735049,0.24940524067739364,-6.292195677307411e-05,25.068564085762464,333.4070658340514
14.81492187499977,1472.594925008698,17.816088942271417,21.166048032983458,9.942889095910243,221.45248247075767,0.15230122225885176,0.01596098237928914,5.042091796437757,0.5189999999999962,0.8737345873134494,1.159664394598796,2.8592980728534645,0.07448710280608693,0.0,1.371342778640979,0.5285464928450401,6.0,278.57813298744344,84847.51244554215,1.0610357101166121,334.58834859039075,0.25200863451241645,-5.225189156134237e-05,24.922516719171288,329.52153126222817
14.83492187499977,1472.949259144917,17.617339266945876,20.996280436810906,9.938497025650593,221.68098235671818,0.1526653858681841,0.016357969900697183,5.042091796437757,0.5189999999999962,0.8737345873134494,1.1594418630497028,2.857072757362533,0.07405332539076516,0.0,1.3555020797895023,0.5285377302494149,6.0,278.575829815558,84843.74334599944,1.0609973486455329,334.58695286822814,0.2546413248072539,-4.098319368442071e-05,24.777276492255506,325.6802609621778
14.85492187499977,1473.2996191621912,17.418677001841733,20.827106903249604,9.9341188136194,221.9093813487751,0.1530299189711967,0.016764142197155444,5.042091796437757,0.5189999999999962,0.8737345873134494,1.1592145736327963,2.854799863193469,0.07362198876714576,0.0,1.3398499526364005,0.5285290677220382,6.0,278.57355247544575,84840.01651969083,1.060959416802981,334.58557280012013,0.2573026565299259,-3.311544782144338e-05,24.632855282339474,321.8831827542214
14.87492187499977,1473.646006806006,17.220101876663712,20.658539216366993,9.929754134069622,222.1376796981095,0.15339482027723655,0.017179632483047016,5.042091796437757,0.5189999999999962,0.8737345873134494,1.1589824754896523,2.8524788817620284,0.07319312917779186,0.0,1.3243861907486218,0.5285205051248286,6.0,278.57130095576093,84836.33194804941,1.0609219144210658,334.5842083791911,0.25999242300815845,-2.227258095511799e-05,24.489265184747367,318.1302250756133
14.894921874999769,1473.9884238165034,17.021613626516125,20.490589515578232,9.92540259652031,222.36587765401467,0.1537600884995924,0.017604591189018616,5.042091796437757,0.5189999999999962,0.8737345873134494,1.1587455091392,2.850109218257506,0.07276678352376156,0.0,1.3091105993528507,0.5285120423207936,6.0,278.5690752451927,84832.68961256501,1.0608848413322234,334.58285959858677,0.26271069552896914,-1.2835135200184539e-05,24.34651851517147,314.4213169801696
14.914921874999768,1474.3268719286061,16.823211995563543,20.323270307323412,9.921063829273372,222.5939754640401,0.15412572233285873,0.018039161713698786,5.042091796437757,0.5189999999999962,0.8737345873134494,1.158503619995124,2.8476903268167453,0.07234298937006395,0.0,1.2940229848836897,0.5285036791740018,6.0,278.56687533246406,84829.08949478304,1.060848197369206,334.5815264514732,0.2654570859200244,-4.425428806044721e-06,24.204627811498696,310.75638812631746
14.934921874999768,1474.6613528721946,16.62489673418981,20.15659447553863,9.916737492438191,222.8219733740792,0.15449172049639393,0.018483476196225274,5.042091796437757,0.5189999999999962,0.8737345873134494,1.1582567606902228,2.8452217337677332,0.0719217849522036,0.0,1.2791231529176532,0.5284954155495851,6.0,278.5647012063307,84825.53157630254,1.0608119823650626,334.5802089310364,0.2682337959301857,3.1784125260143816e-06,24.063605836001347,307.13536877740125
14.954921874999767,1474.991868372219,16.42666759906369,19.99057529312084,9.912423237389472,223.04987162853402,0.154858081745744,0.01893766705471044,5.042091796437757,0.5189999999999962,0.8737345873134494,1.1580048846790851,2.842702973656357,0.0715032091818122,0.0,1.2644109131645977,0.5284872513137299,6.0,278.5625528555806,84822.01583877498,1.0607761961531244,334.57890703048184,0.2710391495283198,1.3095542416370523e-05,23.92346557722264,303.55818979701723
14.974921874999767,1475.3184201488352,16.228524354204318,19.82522643390428,9.908120774356332,223.27767047045523,0.15522480484448734,0.019401846686804173,5.042091796437757,0.5189999999999962,0.8737345873134494,1.1577479574334126,2.840133701199632,0.07108730165162498,0.0,1.2498860700965477,0.5284791863336611,6.0,278.56043026903257,84818.54226390283,1.0607408385669945,334.5776207430338,0.27387569250694077,2.24670093756227e-05,23.78422025164302,300.0247826420131
14.994921874999767,1475.6410099175207,16.030466767862524,19.66056198403397,9.903829820537197,223.5053701417078,0.1555918885298175,0.019876122296197538,5.042091796437757,0.5189999999999962,0.8737345873134494,1.1574859482133788,2.8375136089992936,0.07067410264109758,0.0,1.2355484294059988,0.5284712204776484,6.0,278.5583334355361,84815.11083343832,1.0607059094405336,334.5763500619349,0.2767422994553807,3.060883324108811e-05,23.64588330556098,296.5350793643994
15.014921874999766,1475.9596393891775,15.832494614709852,19.496596454816892,9.899550040012187,223.73297088315184,0.15595933155567202,0.02036061364385006,5.042091796437757,0.5189999999999962,0.8737345873134494,1.1572188203177436,2.8348423300429415,0.0702636531203096,0.0,1.2213978062460675,0.5284633536149863,6.0,278.55626234397033,84811.72152918237,1.060671408607849,334.575094980446,0.2796364226012202,3.934164005659879e-05,23.5084684164007,293.0890126024591
15.034921874999766,1476.2743102702807,15.634607676848068,19.333344795582335,9.895281073809544,223.96047293477858,0.15632713268396242,0.020855444069395098,5.042091796437757,0.5189999999999962,0.8737345873134494,1.1569465360780578,2.832119487646083,0.0698559947535871,0.0,1.2074340212755823,0.5284555856159798,6.0,278.5542169832432,84808.37433298296,1.06063733590328,334.5738554918454,0.28256115242354507,4.6580374901392216e-05,23.37198949392576,289.68651557366866
15.054921874999765,1476.585024263001,15.436805741225248,19.170822406087755,9.89102265170139,224.18787653587813,0.15669529071051722,0.021360706433257614,5.042091796437757,0.5189999999999962,0.8737345873134494,1.156669075504199,2.8293448819074962,0.06945116990356466,0.0,1.1936568843973543,0.5284479163519467,6.0,278.55219734229047,84805.06922673389,1.0606036911613839,334.57263158942806,0.28551539212121463,5.3689066078846544e-05,23.236460681600114,286.3275220756163
15.074921874999765,1476.8917830653074,15.239088601812128,19.009045150237476,9.88677443506348,224.41518192522872,0.15706380446946522,0.02187651010550365,5.042091796437757,0.5189999999999962,0.8737345873134494,1.1563864105096993,2.826518231962498,0.06904922163348995,0.0,1.180066216883333,0.5284403456951983,6.0,278.5502034100755,84801.80619237362,1.0605704742169255,334.57142326650575,0.28849989113628816,6.141942659914463e-05,23.10189635736113,283.0119664768988
15.094921874999764,1477.1945883711066,15.04145605774039,18.848029369228456,9.8825361441736,224.64238934125098,0.1574326728089942,0.022402942150293398,5.042091796437757,0.5189999999999962,0.8737345873134494,1.1560985261389067,2.823639388254573,0.06865019370994105,0.0,1.1666618327655764,0.5284328735190388,6.0,278.54823517558776,84798.58521188385,1.060537684904863,334.5702305164062,0.29151255905317014,6.838500926668059e-05,22.968311134530914,279.73978371642437
15.114921874999764,1477.493441870355,14.843907915015315,18.687791895729827,9.878307388306018,224.86949902219467,0.15780189459673985,0.02294011886161306,5.042091796437757,0.5189999999999962,0.8737345873134494,1.1558053924629819,2.820708051495324,0.06825413060398423,0.0,1.1534435639144203,0.5284254996977471,6.0,278.54629262784266,84795.4062672883,1.060505323060336,334.56905333247266,0.2945554779994874,7.407964495946085e-05,22.835719862205956,276.5109092951417
15.134921874999764,1477.7883452491978,14.6464439861221,18.528350067878947,9.874087906285851,225.09651120629917,0.15817146876395496,0.023488111896807447,5.042091796437757,0.5189999999999962,0.8737345873134494,1.1555070047924896,2.8177241747904014,0.06786107749216455,0.0,1.1404112237812059,0.5284182241065692,6.0,278.5443757558802,84792.2693406512,1.0604733885186497,334.56789170806337,0.2976280629696644,8.036314492936459e-05,22.704137625591006,273.32527927207263
15.154921874999763,1478.0793001900722,14.449064087936689,18.36972174322665,9.86987743379333,225.3234261319946,0.1585413942751467,0.024046988224199616,5.042091796437757,0.5189999999999962,0.8737345873134494,1.1552033618272277,2.8146877451377827,0.06747108025731081,0.0,1.1275646266189645,0.5284110466217196,6.0,278.5424845487645,84789.17441407623,1.0604418811152652,334.5667456365513,0.30072950249359026,8.662204678610907e-05,22.573579746271044,270.1828302646937
15.174921874999763,1478.3663083718047,14.25176804334213,18.211925313670836,9.8656756660403,225.55024403810742,0.15891167012820465,0.024616821438370934,5.042091796437757,0.5189999999999962,0.8737345873134494,1.1548944595263015,2.811598722128521,0.06708418548753224,0.0,1.1149035932275497,0.5284039671203637,6.0,278.54061899558326,84786.12146970551,1.060410800685789,334.5656151113235,0.303859989234677,9.089174069081978e-05,22.444061781878347,267.08349944094135
15.194921874999762,1478.6493714697497,14.054555680916787,18.05497972021789,9.861482301579134,225.77696516403188,0.15928229536955227,0.025197677985164278,5.042091796437757,0.5189999999999962,0.8737345873134494,1.1545802985699631,2.808457112565137,0.06670044047487673,0.0,1.10242794410371,0.5283969854806111,6.0,278.5387790854466,84783.11048971806,1.0603801470659588,334.5645001257807,0.3070205892456235,9.602039247593488e-05,22.315599525646526,264.0272245151977
15.214921874999762,1478.9284911558784,13.857426834457247,17.898904467940092,9.857297097577929,226.00358974994913,0.15965326908398778,0.02578959942121181,5.042091796437757,0.5189999999999962,0.8737345873134494,1.1542608938538834,2.80526306540434,0.06631989321322418,0.0,1.0901374901276597,0.5283901015815075,6.0,278.53696480748675,84780.14145632891,1.060349920091633,334.563400673337,0.31020929244388357,0.00010040862822347749,22.188209005708845,261.0139437451358
15.234921874999761,1479.2036690988841,13.66038134237834,17.74371964110057,9.853119812808414,226.23011803703406,0.16002459040804326,0.026392619666506547,5.042091796437757,0.5189999999999962,0.8737345873134494,1.1539362650906013,2.802016777771519,0.0659425923952865,0.0,1.078032041160831,0.5283833153030296,6.0,278.53517615085724,84777.21435178794,1.0603201195987808,334.56231674741946,0.31342712195079986,0.00010679840854584886,22.06190648409782,258.0435959287859
15.254921874999761,1479.474906964281,13.463419047652764,17.589445918548133,9.848950177787836,226.456550267669,0.1603962584816635,0.027006774087411818,5.042091796437757,0.5189999999999962,0.8737345873134494,1.1536064319017798,2.7987184458833037,0.06556858740848083,0.0,1.0661114108252223,0.5283766265260774,6.0,278.5334131047322,84774.32915837885,1.060290745423471,334.5612483414677,0.31667416736018617,0.00011062663095401967,21.936708455367988,255.1161204004051
15.27492187499976,1479.7422064144866,13.266539798397204,17.436104589363964,9.844787939616722,226.6828866856751,0.16076827247145106,0.027632085063656903,5.042091796437757,0.5189999999999962,0.8737345873134494,1.1532714215258029,2.7953683421235342,0.06519792832958188,0.0,1.0543754089474164,0.5283700351324612,6.0,278.5316756583058,84771.4858584183,1.0602617974018644,334.5601954489333,0.31994886285312063,0.00011257884468940919,21.81263164481046,252.231457024889
15.29492187499976,1480.0055691089258,13.069743446875373,17.28371756831076,9.840632924734798,226.909127536524,0.16114063162135062,0.02826854149482884,5.042091796437757,0.5189999999999962,0.8737345873134494,1.1529312796404254,2.7919669232697597,0.06483066591875428,0.0,1.0428238303279806,0.5283635410048982,6.0,278.52996380079196,84768.68443425473,1.0602332753702013,334.55915806327994,0.3232521269429991,0.00011467598556142052,21.689693006460207,249.3895461958272
15.31492187499976,1480.2649967041107,12.873029848940337,17.13230741144104,9.836484928645989,227.1352730675744,0.16151333524863248,0.02891613329631475,5.042091796437757,0.5189999999999962,0.8737345873134494,1.1525860518211186,2.788514645076692,0.06446685161235302,0.0,1.0314564729542426,0.5283571440270084,6.0,278.52827752142326,84765.92486826763,1.0602051791647955,334.55813617798253,0.32658456220017806,0.00011847994551889311,21.567909720691397,246.590328832808
15.33492187499976,1480.5204908536873,12.67639886257408,16.98189733159261,9.832343905248022,227.36132352833707,0.16188638271664588,0.029574790309717363,5.042091796437757,0.5189999999999962,0.8737345873134494,1.1522358158955404,2.785012285820909,0.0641065375148783,0.0,1.0202731045954376,0.5283508440833138,6.0,278.526616809451,84763.20714286693,1.0601775086220266,334.5571297865273,0.3299473062069944,0.00011942317216681158,21.44729919153002,243.83374638137255
15.354921874999759,1480.7720532084763,12.479850347125955,16.832511213999396,9.828209671202174,227.5872791707466,0.16225977343617626,0.03024447646826838,5.042091796437757,0.5189999999999962,0.8737345873134494,1.1518806317754768,2.781460444620274,0.06374977638948716,0.0,1.0092735139154998,0.528344641059237,6.0,278.5249816541449,84760.53124049265,1.0601502635783393,334.5561388824118,0.3333359262703284,0.00012063782425346327,21.327879043483964,241.11974081143256
15.374921874999758,1481.019685416521,12.283384165635008,16.6841736323187,9.82408211354383,227.81314024942444,0.16263350689133907,0.030925123025681137,5.042091796437757,0.5189999999999962,0.8737345873134494,1.1515205768552845,2.777859895418351,0.06339662164612908,0.0,0.9984574740938349,0.5283385348410787,6.0,278.5233720447926,84757.8971436143,1.0601234438702347,334.5551634591443,0.336752911687899,0.00012241866551264386,21.209667117578242,238.44825460762536
15.394921874999758,1481.2633891231394,12.087000181910906,16.53690986364835,9.819961159882718,228.03890702193868,0.16300758261579204,0.03161663747846028,5.042091796437757,0.5189999999999962,0.8737345873134494,1.1511557410816269,2.7742115376817744,0.06304712733007203,0.0,0.9878247473830888,0.528332525316029,6.0,278.52178797069956,84755.30483473046,1.0600970493342692,334.55420351024395,0.3401975419716824,0.00012287604868639314,21.09268146752118,235.81923077306044
15.414921874999758,1481.5031659709373,11.8906982610739,16.390745903934477,9.815846749610053,228.2645797490965,0.16338200019549376,0.032318912427182024,5.042091796437757,0.5189999999999962,0.8737345873134494,1.1507862221215732,2.770516348081238,0.06270134810789409,0.0,0.9773750898791012,0.5283266123721556,6.0,278.5202294211889,84752.75429636847,1.0600710798070492,334.5532590292405,0.3436702041657882,0.0001230248251438652,20.97694035502287,233.23261282461425
15.434921874999757,1481.739017599828,11.694478268984536,16.245708482914743,9.81173883558626,228.49015869522833,0.16375675927397015,0.03303182465353331,5.042091796437757,0.5189999999999962,0.8737345873134494,1.1504121257155533,2.7667753840210385,0.06235933925235576,0.0,0.9671082509562283,0.5283207958984011,6.0,278.5186963856011,84750.24551108436,1.0600455351252327,334.5523300096743,0.34716814671017665,0.00012452723702466897,20.86246224473936,230.6883447910052
15.454921874999757,1481.9709456470498,11.498340072101248,16.101825078774507,9.807637375322065,228.7156441284735,0.1641318595253095,0.033755237653718115,5.042091796437757,0.5189999999999962,0.8737345873134494,1.1500335642171817,2.762989769037323,0.0620211566255819,0.0,0.9570239746967302,0.5283150757845771,6.0,278.51718885329416,84747.77846146263,1.060020415125526,334.55141644509627,0.35069279279988314,0.0001246403486856436,20.749265798651592,228.1863712097689
15.474921874999756,1482.1989517471748,11.302283536780406,15.959123932278954,9.803542443220943,228.94103632106928,0.16450730065672378,0.034488964348437415,5.042091796437757,0.5189999999999962,0.8737345873134494,1.1496506758611298,2.7591608854768035,0.06168685666085194,0.0,0.9471219781738115,0.5283094519213617,6.0,278.51570681364336,84745.3531301161,1.0599957196446832,334.55051832906787,0.3542448908742904,0.0001234218028531722,20.63736986997893,225.7266371257864
15.494921874999756,1482.4230375320658,11.106308525884693,15.81763406002227,9.799454182623167,229.16633554967967,0.16488308244304967,0.035232782093703244,5.042091796437757,0.5189999999999962,0.8737345873134494,1.1492636165829686,2.7552902926951917,0.061356496343826915,0.0,0.9374019595417633,0.5283039242003142,6.0,278.5142502560416,84742.96949968644,1.0599714485195115,334.5496356551612,0.3578238168425258,0.00012395538615800523,20.526793496904524,223.30908809775462
15.514921874999756,1482.6432046308219,10.910414899538138,15.677385267660181,9.795372710884578,229.39154209573005,0.165259204697803,0.03598646356824707,5.042091796437757,0.5189999999999962,0.8737345873134494,1.1488725437507328,2.7513795643728334,0.06103013319058106,0.0,0.9278636159407636,0.5282984925138673,6.0,278.5128191698996,84740.62755284469,1.0599476015868776,334.5487684169592,0.36142826363192126,0.00012290285079903402,20.417555895231878,220.93367019364777
15.534921874999755,1482.85945466971,10.714602515188007,15.538408162279344,9.791298205768166,229.616656245746,0.16563566726272005,0.03674974801444621,5.042091796437757,0.5189999999999962,0.8737345873134494,1.1484776309204525,2.747430436070031,0.06070782522411449,0.0,0.9185066266506602,0.5282931567553195,6.0,278.51141354464687,84738.32727229204,1.0599241786837144,334.54791660805597,0.3650581611908373,0.00012230222349876254,20.30967645053349,218.6003299880455
15.554921874999755,1483.0717892721093,10.51887122561929,15.40073416361715,9.787230848545496,229.84167829167745,0.1660124700319035,0.03752235975666659,5.042091796437757,0.5189999999999962,0.8737345873134494,1.1480790580278568,2.7434447071440737,0.06038963094982413,0.0,0.9093306639653126,0.5282879168188452,6.0,278.5100333697313,84736.06864076038,1.0599011796470292,334.54708022205716,0.3687124860891746,0.00012123498314453769,20.203174709951238,216.3090145650556
15.574921874999754,1483.2802100584065,10.323220879424595,15.264395514624633,9.783170908302889,230.06660853125518,0.1663896129378515,0.03830397989877824,5.042091796437757,0.5189999999999962,0.8737345873134494,1.1476770257459956,2.7394243843254618,0.06007560932823146,0.0,0.9003353761907614,0.5282827725994854,6.0,278.5086786346203,84733.85164101345,1.0598786043139135,334.54625925257994,0.37239112629246196,0.00012126950129508793,20.09807037307923,214.05967151485854
15.594921874999754,1483.484718645903,10.127651318625631,15.129425290521745,9.779118690981942,230.2914472683305,0.16676709593102026,0.03909426289675153,5.042091796437757,0.5189999999999962,0.8737345873134494,1.1472717466482347,2.735371593347853,0.05976581974690393,0.0,0.8915203973503223,0.5282777239931601,6.0,278.5073493288016,84731.67625584781,1.059856452521554,334.54545369325376,0.37609403341621284,0.00011967134070497092,19.9943832825772,211.85224893817835
15.614921874999753,1483.6853166486655,9.932162378097493,14.995857406821328,9.775074566379732,230.51619481325017,0.16714491898511413,0.03989282730603279,5.042091796437757,0.5189999999999962,0.8737345873134494,1.1468634496795491,2.731288623660997,0.059460321989805255,0.0,0.8828853414679737,0.5282727708966684,6.0,278.50604544178367,84729.54246809438,1.0598347241072492,334.5446635377209,0.379820062651108,0.00011789769649095199,19.892133413923947,209.68669544626226
15.634921874999753,1483.8820056773873,9.73675388480135,14.863726625864949,9.771038977166112,230.74085148321433,0.16752308213183675,0.04069925248498047,5.042091796437757,0.5189999999999962,0.8737345873134494,1.1464523815162149,2.7271779420276543,0.059159176204711,0.0,0.8744298003353143,0.5282679132076902,6.0,278.504766963097,84727.45026062004,1.0598134189084263,334.54388877963675,0.3835709896916143,0.00011475610294349898,19.791340864523768,207.5629601612848
15.654921874999753,1484.074787339194,9.541425654978852,14.733068561539444,9.767012453777074,230.96541760266518,0.16790158545988276,0.041513073343406384,5.042091796437757,0.5189999999999962,0.8737345873134494,1.1460388088844204,2.72304221570971,0.058862442869523905,0.0,0.8661533400443816,0.5282631508248035,6.0,278.50351388229524,84725.39961632957,1.059792536762659,334.5431294126709,0.38734412881078,0.00011176175350623082,19.692025842445084,205.48099272324987
15.674921874999752,1484.2636632374213,9.34617749363862,14.60391968246796,9.762995559706948,231.18989350368517,0.1682804291164799,0.042333798625250364,5.042091796437757,0.5189999999999962,0.8737345873134494,1.1456230089443236,2.718884216308741,0.058570182755646356,0.0,0.8580555121469927,0.5282584836474857,6.0,278.50228618895676,84723.39051816805,1.0597720775076949,334.5423854305078,0.39113870987222443,0.00010902526266987788,19.594208654174725,203.44074329059202
15.694921874999752,1484.4486349713984,9.151009194707955,14.476317313242681,9.758988829821133,231.4142795263773,0.16865961330737123,0.04316093187633971,5.042091796437757,0.5189999999999962,0.8737345873134494,1.145205258492471,2.7147067117902157,0.058282456888951714,0.0,0.8501358669673621,0.5282539115761116,6.0,278.5010838726859,84721.42294912323,1.0597520409814782,334.54165682684766,0.39495322830370805,0.00010644580131890114,19.497909691569227,201.44216253863522
15.714921874999751,1484.6297041362104,8.95592053949796,14.350299633274064,9.754992964838197,231.63857601924815,0.16903913827340444,0.04399390572973593,5.042091796437757,0.5189999999999962,0.8737345873134494,1.144785866872426,2.7105127955897657,0.05799932650937626,0.0,0.8423939124729661,0.5282494345119615,6.0,278.4999069231146,84719.49689222797,1.059732427022176,334.5409435954075,0.3987897341459399,0.00010360902348748269,19.403149418344867,199.4852016631676
15.73492187499975,1484.8068723224155,8.760911293616623,14.22590567311497,9.751008781239486,231.86278333960786,0.16941900429437007,0.04483209866972222,5.042091796437757,0.5189999999999962,0.8737345873134494,1.1443651670060575,2.7063057969260806,0.057720853029149026,0.0,0.8348291242893026,0.5282450523572425,6.0,278.49875532990427,84717.61233056328,1.059713235468209,334.540245729922,0.40264650515185685,0.00010088443831284617,19.309948356112226,197.56981238918968
15.75492187499975,1484.9801411157166,8.565981205800279,14.10317530836153,9.74703710395374,232.08690185398524,0.1697992116789962,0.04567487161267363,5.042091796437757,0.5189999999999962,0.8737345873134494,1.1439434966997353,2.7020890938628583,0.05744709798814702,0.0,0.827440968840364,0.5282407650150976,6.0,278.49762908274784,84715.76924726184,1.059694466158287,334.5395632241452,0.40652281869808626,9.782632316967973e-05,19.218327069449373,195.6959469744323
15.77492187499975,1485.1495120966142,8.371130006599195,13.98214925066963,9.743078906124051,232.31093193853758,0.17017976077786898,0.046521520623285094,5.042091796437757,0.5189999999999962,0.8737345873134494,1.143521222001858,2.6978663468840858,0.057178123007204255,0.0,0.8202288732229485,0.5282365723896156,6.0,278.496528171372,84713.96762551164,1.0596761189314483,334.53889607185147,0.41041801724207694,9.349651162139639e-05,19.128306150290644,193.86355821345828
15.79492187499975,1485.3149868400176,8.176357406358543,13.862869035621106,9.739135207489147,232.53487397946967,0.17056065198101228,0.04737131175075453,5.042091796437757,0.5189999999999962,0.8737345873134494,1.1430987194188569,2.6936413210540744,0.05691398973967145,0.0,0.8131922473574174,0.5282324743858466,6.0,278.49545258553985,84712.20744856016,1.0596581936271008,334.5382442668372,0.4143318441930666,9.080228905311235e-05,19.03990620173047,192.07259944430825
15.814921874999749,1485.476566914826,7.981663093259049,13.745377007256549,9.735207135533773,232.75872837345025,0.17094188571964478,0.048223460568738184,5.042091796437757,0.5189999999999962,0.8737345873134494,1.14267638579126,2.6894179847781063,0.056654759820888106,0.0,0.8063304708516548,0.5282284709098188,6.0,278.4944023150536,84710.48869971882,1.0596406900850672,334.5376078029225,0.41826199135435815,8.696839628492608e-05,18.953147821129036,190.32302455525613
15.834921874999749,1485.634253883472,7.787046732627627,13.629716299097,9.731295868159384,232.9824955280318,0.17132346245235539,0.04907715223290412,5.042091796437757,0.5189999999999962,0.8737345873134494,1.1422546280314234,2.6852004071797397,0.056400494815033224,0.0,0.7996429059982797,0.5282245618685466,6.0,278.4933773497574,84708.81136236782,1.0596236081456376,334.536986673953,0.42220810492098537,8.401774499260204e-05,18.868051582341124,188.61478798796577
15.854921874999748,1485.7880493014525,7.592507964509129,13.515930811175672,9.727402692349793,233.2061758620536,0.17170538267353752,0.04993152198949692,5.042091796437757,0.5189999999999962,0.8737345873134494,1.1418338724820585,2.6809928516860904,0.056151256160725145,0.0,0.7931288851657481,0.52822074717005,6.0,278.49237767954054,84707.17541996112,1.0596069476496166,334.5363808738016,0.42616992308031804,8.076450574302698e-05,18.784638017526746,186.9478447460932
15.874921874999748,1485.9379547167937,7.3980464017228025,13.404065183015586,9.723529029023974,233.42976980606082,0.17208764689582487,0.05078564723189414,5.042091796437757,0.5189999999999962,0.8737345873134494,1.1414145684559611,2.676799811425117,0.055907105114479924,0.0,0.7867877054555479,0.5282170267233744,6.0,278.49140329434084,84705.58085603216,1.0595907084383847,334.53579039637054,0.4301470471062014,7.703858701579456e-05,18.702927598245513,185.3221504030071
15.894921874999747,1486.0839716694843,7.203661627512144,13.294164762222696,9.719676399612245,233.65327780271522,0.17247025566297844,0.05163855966509836,5.042091796437757,0.5189999999999962,0.8737345873134494,1.1409971819081897,2.672625945947402,0.055668102692443135,0.0,0.7806186366056495,0.5282134004386118,6.0,278.49045418414835,84704.02765419988,1.0595748903539592,334.5352152355939,0.4341371349510806,7.400655868068044e-05,18.62294071597361,183.7376611110737
15.914921874999747,1486.2261016908649,7.009353193269888,13.186275568478921,9.715846430499031,233.87670030720247,0.1728532095421814,0.05248924460341399,5.042091796437757,0.5189999999999962,0.8737345873134494,1.1405821955001298,2.668476081866804,0.05543430961024595,0.0,0.7746209205441369,0.5282098682269227,6.0,278.4895303390094,84702.5157981752,1.05955949323906,334.5346553854397,0.4381403027217697,6.974356412010332e-05,18.544697661993396,182.1943336110954
15.934921874999747,1486.364346302969,6.81512061661831,13.080444252696951,9.712040842254396,234.10003778763738,0.17323650913136723,0.05333664560184657,5.042091796437757,0.5189999999999962,0.8737345873134494,1.1401701060927334,2.6643551877928395,0.05520578622092299,0.0,0.7687937745079073,0.5282064300005579,6.0,278.4886317490307,84701.04527176806,1.0595445169371815,334.5341108399126,0.442154377039523,6.611615480214166e-05,18.46821860663477,180.6921252410404
15.954921874999746,1486.4987070178254,6.620963379035231,12.976718051056597,9.708261508557783,234.32329072545645,0.17362015506840758,0.054179645208784,5.042091796437757,0.5189999999999962,0.8737345873134494,1.1397614338507849,2.6602684653733544,0.05498259245134262,0.0,0.7631363781681486,0.5282030856728827,6.0,278.4877584043841,84699.61605889478,1.0595299612926696,334.5335815930568,0.4461798678601112,6.193451304939662e-05,18.393523578019014,179.2309939465003
15.974921874999746,1486.6291853367136,6.426880923592709,12.87514473373596,9.704510409020097,234.546459615803,0.1740041480237697,0.055017082293545516,5.042091796437757,0.5189999999999962,0.8737345873134494,1.1393567135735454,2.6562212626009596,0.054764787736988584,0.0,0.7576478851607894,0.528199835158401,6.0,278.48691029531136,84698.22814358608,1.0595158261508013,334.5330676389587,0.45021469875644615,5.767197545491012e-05,18.320632440251217,177.81089829119063
15.994921874999745,1486.755782749362,6.232872651953169,12.775772548116814,9.700789634664828,234.76954496790455,0.17438848870513207,0.055847751385034616,5.042091796437757,0.5189999999999962,0.8737345873134494,1.1389564948549487,2.652219075414992,0.05455243095563065,0.0,0.7523274227021458,0.5281966783727875,6.0,278.4860874121291,84696.8815099955,1.0595021113578722,334.53256897175027,0.4542573830154501,5.393603559066169e-05,18.249564871241155,176.4317974703107
16.014921874999747,1486.878500733111,6.03893792308577,12.678650156322384,9.697101431887274,234.99254730542998,0.17477317784958213,0.0566703888366721,5.042091796437757,0.5189999999999962,0.8737345873134494,1.138561348580959,2.648267612675095,0.05434558035873652,0.0,0.7471740821850913,0.5281936152329064,6.0,278.48528974523475,84695.57614240838,1.0594888167612884,334.53208558561226,0.45830785581871064,5.091520991320423e-05,18.180340339768613,175.0936513185573
16.034921874999746,1486.9973407520158,5.845076048724306,12.583826566866076,9.69344820797592,235.21546716683622,0.17515821620569214,0.05748367230116812,5.042091796437757,0.5189999999999962,0.8737345873134494,1.1381718669857963,2.6443727967234687,0.054144293503293146,0.0,0.7421869187028782,0.5281906456568557,6.0,278.48451728511185,84694.31202525136,1.0594759422096625,334.5316174747778,0.4623655280316196,4.801616940487154e-05,18.11297808268576,173.7964203292605
16.054921874999746,1487.1123042558752,5.651286291631134,12.4913510604019,9.689832452053233,235.43830510570803,0.17554360453659593,0.058286249487072034,5.042091796437757,0.5189999999999962,0.8737345873134494,1.1377886497994532,2.640540624860037,0.05394862718114324,0.0,0.7373649705991714,0.5281877695639924,6.0,278.4837700223368,84693.08914310276,1.0594634875529207,334.5311646335361,0.4664260587732126,4.529734881740608e-05,18.047497081288288,172.54006566496673
16.074921874999745,1487.2233926792453,5.457567863899976,12.401273109379645,9.686256782103083,235.6610616910575,0.17592934361150073,0.05907672353269871,5.042091796437757,0.5189999999999962,0.8737345873134494,1.1374123112794328,2.6367772396598332,0.05375863734726285,0.0,0.7327072495509084,0.5281849868749571,6.0,278.4830479475849,84691.90748070298,1.0594514526424088,334.53072705623646,0.47049120461079935,4.166690361257863e-05,17.98391603733239,171.32454916783647
16.094921874999745,1487.330607440377,5.26391992296464,12.313642291626957,9.682724002806177,235.8837375076115,0.17631543422080306,0.05985363471145722,5.042091796437757,0.5189999999999962,0.8737345873134494,1.1370434888993628,2.6330890158591336,0.053574379048453864,0.0,0.7282127279288448,0.5281822975117163,6.0,278.4823510516375,84690.76702296593,1.0594398373310083,334.53030473729234,0.4745568880246246,3.8070208497698456e-05,17.92225334919048,170.14983337820743
16.114921874999744,1487.4339499401153,5.070341569763891,12.228508197844768,9.679237009291283,236.1063331560645,0.176701877187209,0.06061549534834981,5.042091796437757,0.5189999999999962,0.8737345873134494,1.1366828268100988,2.6294823949664936,0.05339590635026762,0.0,0.7238803626841067,0.5281797013975909,6.0,278.4816793253892,84689.6677549906,1.0594286414732557,334.52989767118584,0.47862391124735365,3.499967694917247e-05,17.86252708741525,169.01588154622715
16.134921874999744,1487.5334215607306,4.8768318458978195,12.14592033309536,9.675798835291326,236.32884925330936,0.17708867335062137,0.061360774988479826,5.042091796437757,0.5189999999999962,0.8737345873134494,1.136330983055742,2.6259639574229254,0.053223272264016665,0.0,0.7197090851382063,0.5281771984572916,6.0,278.4810327598552,84688.60966207364,1.0594178649254695,334.5295058524723,0.4826887234405547,3.169961010389855e-05,17.80475497033309,167.9226576472972
16.154921874999744,1487.6290236647114,4.683389730791769,12.065928012396505,9.672412706918271,236.5512864326267,0.17747582357249134,0.06208788371558692,5.042091796437757,0.5189999999999962,0.8737345873134494,1.1359886375914596,2.622540502780102,0.05305652867349512,0.0,0.7156977892836042,0.528174788616955,6.0,278.4804113461794,84687.59272972203,1.0594075075458806,334.5291292757847,0.4867524896677317,2.8020219483557217e-05,17.748954339540028,166.87012639765408
16.174921874999743,1487.7207575934744,4.490014137386046,11.988580250693689,9.66908205500339,236.773645343852,0.17786332874136385,0.06279516982189116,5.042091796437757,0.5189999999999962,0.8737345873134494,1.135656493510193,2.619219061967435,0.05289572626247476,0.0,0.7118453299188033,0.528172471804193,6.0,278.4798150756424,84686.61694366699,1.0593975691947743,334.5287679358393,0.4908127681827003,2.4312104626232232e-05,17.6951421356571,165.85825327552413
16.194921874999743,1487.8086246660093,4.296703909527853,11.91392564737232,9.665810362208239,236.9959266535068,0.17825118977536225,0.06348097436710325,5.042091796437757,0.5189999999999962,0.8737345873134494,1.135335251731366,2.616006644179165,0.05274091444146636,0.0,0.7081505604450193,0.5281702479481298,6.0,278.47924393967094,84685.68228987821,1.059388049734635,334.5284218274406,0.4948661959434311,2.119195778653492e-05,17.643334873839812,164.88700453698493
16.214921874999742,1487.89262617748,4.103457820574194,11.842012265582074,9.662601271963187,237.21813104488126,0.17863940762024455,0.06414359558945039,5.042091796437757,0.5189999999999962,0.8737345873134494,1.135025628160248,2.6129104084679855,0.05259214127415763,0.0,0.7046123080615615,0.5281681169794298,6.0,278.47869792984636,84684.78875457887,1.0593789490302992,334.5280909454869,0.4989128610072759,1.735368933640242e-05,17.5935486191793,163.95634722786338
16.234921874999742,1487.9727633977836,3.91027456975085,11.772887506934936,9.659458553259947,237.440259218064,0.17902798324500768,0.06478130294217241,5.042091796437757,0.5189999999999962,0.8737345873134494,1.1347283475738312,2.609937602603818,0.05244945340561208,0.0,0.7012293834211345,0.5281660788303422,6.0,278.4781770379144,84683.93632426091,1.059370266949113,334.52777528497614,0.502949098502572,1.3419656035393301e-05,17.545798962692423,163.06624920331322
16.25492187499974,1488.0490375700447,3.717152780593793,11.706597981883085,9.656386123100903,237.6623118899264,0.17941691765697132,0.06539233129224369,5.042091796437757,0.5189999999999962,0.8737345873134494,1.134444146867176,2.6070955955372654,0.052312895990160736,0.0,0.6980005764308533,0.528164133434732,6.0,278.47768125579466,84683.12498570106,1.0593620033610933,334.52747484101155,0.5069749464366903,9.363391752651557e-06,17.50010099720895,162.2166791406685
16.27492187499974,1488.1214499090675,3.524090996350154,11.643189376612414,9.653388062046321,237.88428979404728,0.17980621189603402,0.06597487748102158,5.042091796437757,0.5189999999999962,0.8737345873134494,1.1341737772314568,2.604391899180074,0.052182512621964695,0.0,0.6949246537102612,0.5281622807281336,6.0,278.477210575591,84682.35472597725,1.0593541581390973,334.52718960880816,0.5109871394073705,5.443357232853374e-06,17.456469294152008,161.40760656266656
16.29492187499974,1488.190001599707,3.33108767897828,11.58270631672921,9.650468545687188,238.10619368059164,0.1801958670365004,0.06652712567318914,5.042091796437757,0.5189999999999962,0.8737345873134494,1.1339179930721976,2.601834057587482,0.052058345264932464,0.0,0.6920003762374709,0.5281605206477774,6.0,278.47676498960186,84681.62553248604,1.059346731158999,334.5269195836987,0.5149837782219295,1.509849682902395e-06,17.414917880102486,160.6390018489164
16.31492187499974,1488.2546937952181,3.1381412059581013,11.525192228767326,9.647631904823728,238.32802431611506,0.18058588418153748,0.06704722847982676,5.042091796437757,0.5189999999999962,0.8737345873134494,1.1336775615371832,2.599429742237338,0.05194043418528444,0.0,0.6892264860395734,0.5281588531326327,6.0,278.4763444903311,84680.93739296011,1.0593397222998682,334.52666476114064,0.5189636806738857,-2.9413530316819156e-06,17.375460214248736,159.91083625459805
16.33492187499974,1488.3155276155396,2.9452498677712122,11.470689200171238,9.644882560030279,238.54978248330778,0.18097626447357568,0.06753333103979309,5.042091796437757,0.5189999999999962,0.8737345873134494,1.1334532522220901,2.597186649086407,0.05182881788551523,0.0,0.6866017230818182,0.5281572781234469,6.0,278.475949070499,84680.29029548651,1.0593331314441568,334.5264251367224,0.522923319007793,-5.751377665519754e-06,17.33810916630363,159.223081927101
16.35492187499974,1488.372504145532,2.752411866076887,11.419237838585584,9.642225076975004,238.77146898066823,0.18136700907184808,0.06798355365677942,5.042091796437757,0.5189999999999962,0.8737345873134494,1.1332458461146244,2.59511258801175,0.05172353303994174,0.0,0.6841248130673293,0.528155795562779,6.0,278.475578723054,84679.68422852545,1.0593269584778895,334.5262007061707,0.5268613497723696,-8.792415585217586e-06,17.302876994951802,158.57571192029633
16.37492187499974,1488.4256244331855,2.5596253109966844,11.370877131512454,9.639664107795628,238.9930846220969,0.1817581191468913,0.0683960132749566,5.042091796437757,0.5189999999999962,0.8737345873134494,1.1330561266892882,2.593215393758388,0.05162461443292339,0.0,0.6817944826567395,0.5281544053950384,6.0,278.4752334411843,84679.11918092931,1.0593212032908588,334.5259914653577,0.5307759601710216,-1.2941845185702604e-05,17.269775327190512,157.9687002116439
16.39492187499974,1488.4748894877528,2.3668882190460447,11.325644307219461,9.637204471667308,239.21463023642247,0.18214959588931298,0.06876879731076105,5.042091796437757,0.5189999999999962,0.8737345873134494,1.132884893000911,2.5915030568746156,0.05153209489921032,0.0,0.6796094412141725,0.5281531075665202,6.0,278.47491321832956,84678.59514196252,1.0593158657768276,334.52579741030775,0.5346641088427845,-1.6549497184468868e-05,17.238815138381984,157.40202171730792
16.414921874999738,1488.5203002778637,2.174198511058966,11.283574697953213,9.634851013680604,239.43610666683847,0.18254144051870222,0.06910001288492192,5.042091796437757,0.5189999999999962,0.8737345873134494,1.1327329382148772,2.5899835090142775,0.051446005266917075,0.0,0.6775684158384916,0.5281519020254403,6.0,278.47461804819386,84678.11210132165,1.0593109458337329,334.52561853720545,0.538522810261366,-1.926131028418443e-05,17.210006733183764,156.87565230691234
16.434921874999738,1488.5618577296066,1.9815540116905623,11.244701606346938,9.632608632239588,239.6575147702524,0.18293365426149755,0.06938777831981152,5.042091796437757,0.5189999999999962,0.8737345873134494,1.132601054776328,2.5886646746287867,0.05136637430248286,0.0,0.6756701458212884,0.5281507887219552,6.0,278.4743479247575,84677.67004915577,1.0593064433638955,334.52545484240306,0.5423503673178622,-2.2893854940413453e-05,17.183359727143202,156.38956881265327
16.454921874999737,1488.599562724581,1.7889524468579072,11.209056176513831,9.630482391753164,239.87885541654273,0.18332623836294998,0.06963018559743994,5.042091796437757,0.5189999999999962,0.8737345873134494,1.1324900528670017,2.587554655535522,0.051293228659849234,0.0,0.6739133568203728,0.5281497676081998,6.0,278.4741028422902,84677.26897608719,1.059302358274229,334.52530632242787,0.5461451944094691,-2.6906152816819897e-05,17.1588830297024,155.94374904504318
16.474921874999737,1488.6334160978993,1.5963914422311563,11.176667270612766,9.628477363698387,240.1001294877294,0.1837191940899546,0.06982535486876519,5.042091796437757,0.5189999999999962,0.8737345873134494,1.1324007367860542,2.586661494726048,0.05122659283237265,0.0,0.6722968001614879,0.5281488386383142,6.0,278.47388279536364,84676.9088732327,1.0592986904764583,334.5251729739904,0.5499029710112263,-3.013716522201615e-05,17.136584828117638,155.53817180491959
16.494921874999736,1488.663418636188,1.4038685229648393,11.147561351879098,9.626598646869839,240.32133787703847,0.18411252273107753,0.06997142774043244,5.042091796437757,0.5189999999999962,0.8737345873134494,1.132333909451167,2.5859932213771764,0.051166489107466316,0.0,0.6708192491733492,0.528148001768461,6.0,278.47368777886476,84676.58973222488,1.059295439887336,334.525054793992,0.5536211364380376,-3.309463549019812e-05,17.116472572291364,155.1728168904923
16.514921874999736,1488.6895710755691,1.2113811140019304,11.121762375254148,9.62485132751505,240.54248148786627,0.1845062255802906,0.07006658067308937,5.042091796437757,0.5189999999999962,0.8737345873134494,1.132290367742588,2.585557804291385,0.05111293752456547,0.0,0.6694795099467279,0.5281472569568357,6.0,278.4735177880088,84676.31154523345,1.05929260642886,334.52495177953335,0.5572969246747181,-3.642678920169791e-05,17.098552960715566,154.8476651019097
16.534921874999736,1488.7118740996566,1.0189265392697333,11.099291686857445,9.623240506630278,240.7635612326309,0.18490030394367546,0.07010901537480455,5.042091796437757,0.5189999999999962,0.8737345873134494,1.1322709083870228,2.585363210735734,0.05106595583745944,0.0,0.6682764162165986,0.5281466041636839,6.0,278.47337281835223,84676.07430498676,1.0592901900284935,334.52486392792144,0.5609260353035171,-3.9812863740695684e-05,17.082831927875365,154.56269824858657
16.554921874999735,1488.730328337541,0.8265020227104622,11.080167932875815,9.62177125332661,240.98457803151825,0.18529475913564133,0.07009697390417256,5.042091796437757,0.5189999999999962,0.8737345873134494,1.1322763225868435,2.585417352733941,0.051025559479558266,0.0,0.6672088419571027,0.5281460433513017,6.0,278.47325286580593,84675.87800479306,1.0592881906193805,334.5247912366784,0.5645073077270344,-4.2629554716290454e-05,17.069314632633947,154.31789914961382
16.574921874999735,1488.7449343617886,0.6341046880609033,11.064406979191716,9.620448663731047,241.2055328111146,0.18568959247515626,0.07002871788994602,5.042091796437757,0.5189999999999962,0.8737345873134494,1.1323074070517114,2.5857281973826196,0.05099176153390636,0.0,0.6662756892194884,0.5281455744840454,6.0,278.47315792664835,84675.72263856191,1.059286608140564,334.5247337035489,0.5680373165743478,-4.6755611689994875e-05,17.058005448204895,154.11325163733716
16.594921874999734,1488.7556926864406,0.44173155871973,11.052021842399455,9.619277771534618,241.42642650292825,0.18608480529746987,0.06990255743864826,5.042091796437757,0.5189999999999962,0.8737345873134494,1.13236495237905,2.5863036506560055,0.05096457270733649,0.0,0.6654759113000083,0.5281451975283359,6.0,278.47308799753813,84675.60820082537,1.0592854425372038,334.5246913265081,0.5715127038021796,-5.0435872831576046e-05,17.04890795350912,153.9487405596157
16.614921874999734,1488.7626037650184,0.24937956045612383,11.043022632435202,9.618263491934142,241.64726004179798,0.18648039895353163,0.0697168683351871,5.042091796437757,0.5189999999999962,0.8737345873134494,1.1324497367756052,2.587151494621558,0.050944001307356684,0.0,0.6648085280003598,0.5281449124526407,6.0,278.47304307552736,84675.53468675929,1.0592846937607916,334.5246641037696,0.5749298702230538,-5.40105307537457e-05,17.042024925445496,153.82435177156984
16.634921874999733,1488.7656679885972,0.05704552243585337,11.037416508091376,9.617410663093171,241.86803436417506,0.18687637479574407,0.06947007614511118,5.042091796437757,0.5189999999999962,0.8737345873134494,1.1325625348786477,2.5882794756519822,0.05093005322423992,0.0,0.6642726183047499,0.528144719227463,6.0,278.4730231580741,84675.50209220374,1.05928436176936,334.5246520337929,0.5782854392571041,-5.6297000661225055e-05,17.037358332901412,153.74007213116582
16.654921874999733,1488.7648856838923,-0.13527381948408781,11.03520764525517,9.6167239767482,242.08875040629178,0.1872727341750821,0.06916067723376118,5.042091796437757,0.5189999999999962,0.8737345873134494,1.132704109698701,2.589695223852515,0.050922731916325174,0.0,0.6638673393465265,0.5281446178253123,6.0,278.47302824305467,84675.51041368338,1.0592844465276898,334.5246551152911,0.5815759899208267,-5.892839717682981e-05,17.034909331837106,153.69588948612386
16.674921874999733,1488.7602571114232,-0.3275818203911779,11.03639721869848,9.61620794745645,242.3094091022042,0.18766947842568005,0.06878724642336266,5.042091796437757,0.5189999999999962,0.8737345873134494,1.132875210611671,2.5914062329822163,0.050922038400217265,0.0,0.6635919365507322,0.5281446082206772,6.0,278.4730583287757,84675.55964842706,1.0592849480075097,334.5246733472381,0.5847969237690114,-6.24209386619111e-05,17.034678262008196,153.69179266197634
