time_s,altitude_m,vertical_speed_m_s,ground_speed_m_s,acceleration_m_s2,east_m,north_m,aoa_rad,mass_kg,motor_mass_kg,cg_m,cp_m,stability_cal,mach,thrust_N,drag_N,cd,wind_m_s,temperature_K,pressure_Pa,density_kg_m3,sound_speed_m_s,pitch_rate_rad_s,yaw_rate_rad_s,air_speed_m_s,q_Pa
0.0,0.0,0.0,0.0,0.0,0.0,0.0,0.0,5.931790714488936,1.264,0.9411779389341709,nan,nan,0.0,0.0,0.0,1.275721331769331,0.0,288.15,101325.0,1.2249994633486807,340.3889,0.0,0.0,0.0,0.0
0.004,0.0,0.005246751510988132,0.005246751510988132,7.870127238000744,0.0,0.0,0.0,5.931576247593652,1.2637855331047163,0.9411616748018662,nan,nan,1.541399120531878e-05,104.84847822794296,1.6894004061193145e-07,1.275721331783867,0.0,288.15,101325.0,1.2249994633486807,340.3889,0.0,0.0,0.005246751510988134,1.686113848198299e-05
0.0078125,0.00011801628939663437,0.06736952644684775,0.06736952644684885,24.71906104501098,-1.5440220946306788e-11,-1.252149731641336e-18,1.8066697795662518e-07,5.931371833834085,1.2635811193451492,0.9411461719560107,nan,nan,0.00019791928155957742,204.7821840389511,2.78534237903332e-05,1.2757213341658953,0.0,288.1499992328941,101324.9986158667,1.2249994498759431,340.3888995351339,0.0,0.0,0.06736952644684888,0.002779923771463384
0.0118125,0.0006132850790613037,0.18727474203217842,0.18727474203218908,35.23387151648469,-1.497858315653235e-10,-2.810866386689157e-17,3.375038997204953e-07,5.930815379186862,1.2630246646979268,0.9411039647320153,nan,nan,0.0005501787612970706,267.12452244475503,0.00017835638661870253,1.057144831708573,0.0,288.14999601364696,101324.99280719378,1.224999393336065,340.38889758427007,0.0,0.0,0.18727474203218916,0.02148148462606719
0.015625,0.0016076166402432895,0.34071106183150024,0.3407110618315406,45.25760478323628,-5.672156582751135e-10,-1.5609448369279064e-16,4.867459228951107e-07,5.930285008351229,1.262494293862293,0.9410637285990404,nan,nan,0.0010009464708453657,326.5445637377869,0.000512488097727814,0.9177314111032305,0.0,288.1499895504918,101324.9811453509,1.2249992798231846,340.38889366759804,0.0,0.0,0.3407110618315407,0.07110142513779259
0.019625,0.0033796944119029843,0.5571218743984336,0.5571218743985427,62.948680388226784,-1.5661133346160082e-09,-5.706351716140524e-16,6.256713502173829e-07,5.9293865659520675,1.2615958514631318,0.9409955526050063,nan,nan,0.0016367216915345677,431.39304196572994,0.0012363752552015537,0.8280455660061177,0.0,288.1499780319863,101324.96036184834,1.224999077522792,340.38888668738366,0.0,0.0,0.5571218743985429,0.19011053638523032
0.0234375,0.006002063139676143,0.8292643447595627,0.8292643447597937,79.81537420641195,-3.376459842584856e-09,-1.5082211672486402e-15,7.46397959373503e-07,5.928530238040367,1.2607395235514314,0.9409305531273581,nan,nan,0.002436226335104834,531.326747776738,0.00253995162139417,0.7677925926778697,0.0,288.1499609865896,101324.92960585779,1.2249987781531566,340.3888763578733,0.0,0.0,0.8292643447597942,0.42120318389313444
0.0274375,0.00996788736414916,1.1562089614925313,1.1562089614929882,83.65716524173948,-6.6254519159131715e-09,-3.514825299116535e-15,8.890887433395856e-07,5.92737095752532,1.2595802430363845,0.9408425281422651,nan,nan,0.0033967297255007864,553.996689015212,0.004657199018676783,0.7241970547264426,0.0,288.14993520873213,101324.88309338568,1.2249983254145638,340.38886073649167,0.0,0.0,1.1562089614929887,0.8188006178060256
0.03125,0.014992791952717854,1.4821340872718014,1.4821340872726079,87.32015839880852,-1.149187064632615e-08,-7.0116089933040206e-15,1.0431877150051553e-06,5.926266018284417,1.2584753037954808,0.9407585972735348,nan,nan,0.004354238179973388,575.6039767581328,0.0073445011972893635,0.6950117346862603,0.0,288.1499025468523,101324.82415967573,1.224997751771214,340.3888409433925,0.0,0.0,1.4821340872726083,1.3454894203852348
0.035250000000000004,0.02163269574444443,1.8410196695895804,1.8410196695909322,92.12294991563722,-1.8997193940810556e-08,-1.3205785234795821e-14,1.2119509320014824e-06,5.925002402523016,1.25721168803408,0.9406625750115559,nan,nan,0.005408578630097358,603.9414033062255,0.010950290250339117,0.6716049139186472,0.0,288.14985938747765,101324.74628473159,1.224996993759278,340.3888147888115,0.0,0.0,1.8410196695909333,2.0759738774840426
0.0390625,0.029332186708072187,2.200967400301389,2.20096740030252,96.70237509781738,-2.750326081048179e-08,-2.0674877351915158e-14,1.013607609969562e-06,5.92379801875043,1.2560073042614948,0.9405710156631231,nan,nan,0.006466039719231178,630.9505129848765,0.015232101163268409,0.6536390623637836,0.0,288.14980934078636,101324.6559826056,1.2249961147845032,340.38878446051655,0.0,0.0,2.2009674003025204,2.967098306539442
0.043062500000000004,0.03892462381287395,2.598988685109353,2.598988685110311,102.30867464105339,-3.642765883767785e-08,-2.8511301868237095e-14,8.585965806775317e-07,5.922408814266566,1.2546180997776304,0.9404653596734192,nan,nan,0.007635354313240204,664.0108439576513,0.020727607405032093,0.6378905787250507,0.0,288.1497469899452,101324.54347939364,1.2249950197103519,340.38874667590676,0.0,0.0,2.598988685110312,4.137262768229209
0.046875,0.04958975339419597,2.9992301818939233,2.9992301818947533,107.65444498991442,-4.493372570734909e-08,-3.598039398535643e-14,7.4401424722792e-07,5.921084728742883,1.2532940142539473,0.9403646101617158,nan,nan,0.00881119185443604,695.5214719160772,0.027046265507346994,0.6250200284554319,0.0,288.14967766660294,101324.41839529657,1.2249938021768993,340.3887046659614,0.0,0.0,2.999230181894754,5.50964340555072
0.050875000000000004,0.06244415334889937,3.427030575885111,3.427030575885837,106.24561567094834,-5.3858123734545147e-08,-4.3816818501678366e-14,6.508925458145719e-07,5.919645288770033,1.2518545742810976,0.9402550322120803,nan,nan,0.01006799297005602,687.0202439516494,0.034665922290624346,0.6135833184057035,0.0,288.1495941130032,101324.26763472687,1.2249923347150993,340.38865403247996,0.0,0.0,3.427030575885839,7.193484860317484
0.0546875,0.07627860139601049,3.829531079732566,3.829531079733216,104.90206682166449,-6.236419060421638e-08,-5.12859106187977e-14,5.824810351637703e-07,5.918273322545911,1.2504826080569753,0.9401505411151345,nan,nan,0.011250468097122835,678.9175110480542,0.042641752985667344,0.6044371596421653,0.0,288.1495041890909,101324.10537983543,1.2249907553697907,340.3885995385891,0.0,0.0,3.8295310797332176,8.982433540342605
0.058687500000000004,0.092432179894854,4.246317449586138,4.246317449586725,103.49098671735663,-7.128858863141244e-08,-5.912233513511964e-14,5.253583956898569e-07,5.916868660988513,1.2490779464995772,0.9400435096869661,nan,nan,0.012474913228904741,670.4162830836264,0.051716021378972306,0.5962222050941273,0.0,288.14939919083065,101323.91592543025,1.224988911270512,340.38853590964334,0.0,0.0,4.246317449586726,11.044017306516686
0.0625,0.1093701345198643,4.638311884650593,4.638311884651129,102.14531981451154,-7.979465550108367e-08,-6.659142725223897e-14,4.810098526349404e-07,5.915529842941618,1.247739128452682,0.9399414480452155,nan,nan,0.013626524704771706,662.3135501800311,0.06100046545828482,0.5894159661993297,0.0,288.1492890941256,101323.7172716076,1.2249869776250824,340.38846919104014,0.0,0.0,4.638311884651131,13.177146416541063
0.0665,0.1287427397869719,5.048539581679016,5.048539581679509,102.96856903764923,-8.871905352827973e-08,-7.442785176856091e-14,4.4178864599387987e-07,5.914132909920987,1.2463421954320508,0.939834906884396,nan,nan,0.014831703099301893,667.0364546047133,0.07148869236626897,0.5830626854725471,0.0,288.1491631721914,101323.49006341296,1.2249847660368982,340.38839288234794,0.0,0.0,5.048539581679511,15.611053903782093
0.0703125,0.14874053033059031,5.442603365904445,5.442603365904902,103.75345247792697,-9.722512039795097e-08,-8.189694388568025e-14,4.099850801288396e-07,5.912801458135697,1.2450107436467617,0.9397333129829363,nan,nan,0.015989395464761063,671.5379728844883,0.08230155197896125,0.577570348136721,0.0,288.14903318655286,101323.25552284274,1.2249824830751619,340.38831411105105,0.0,0.0,5.442603365904904,18.14317353904469
0.0743125,0.17133933345560742,5.856388638327022,5.856388638327448,103.13911513225773,-1.0614951842514702e-07,-8.973336840200219e-14,3.8107370890809594e-07,5.911402592980874,1.2436118784919388,0.9396265259329815,nan,nan,0.01720502710310819,667.7596493447427,0.0944284407197949,0.5723401197012634,0.0,288.1488862943325,101322.99047675378,1.224979903177534,340.3882250943655,0.0,0.0,5.8563886383274495,21.00674419516481
0.078125,0.19441496752871115,6.248489718024302,6.248489718024701,102.5531926609595,-1.1465558529481826e-07,-9.720246051912153e-14,3.5731729293709584e-07,5.910069299630184,1.2422785851412481,0.9395246974735944,nan,nan,0.01835695516449331,664.1584347209225,0.1066458821991051,0.5678139481182911,0.0,288.14873630271103,101322.7198382369,1.2249772688417853,340.3881341994429,0.0,0.0,6.248489718024705,23.913775797315086
0.082125,0.22022643202659126,6.656512449621175,6.656512449621549,101.45807079922318,-1.235799833220143e-07,-1.0503888503544347e-13,3.351933324099197e-07,5.90869168795147,1.2409009734625345,0.9394194359906372,nan,nan,0.019555659463651523,657.5463685263676,0.12010520848972524,0.5634838501905002,0.0,288.1485685281918,101322.4171130139,1.2249743221778528,340.38803252808424,0.0,0.0,6.656512449621553,27.138790388740414
0.0859375,0.24633921054776248,7.041330713036178,7.0413307130365315,100.41371277307684,-1.3208605019168555e-07,-1.1250797715256282e-13,3.1680303253932877e-07,5.907378651820196,1.2395879373312602,0.9393190629433562,nan,nan,0.0206861938960823,651.2442429346823,0.13349240592592285,0.5597076740369158,0.0,288.1483987951314,101322.11085388238,1.224971341112103,340.38792966984965,0.0,0.0,7.041330713036535,30.367246695163022
0.0899375,0.27531174328462904,7.445910788189417,7.445910788189751,101.87641205005961,-1.410104482188816e-07,-1.2034440166888476e-13,2.9988008435812865e-07,5.9059971758730985,1.2382064613841628,0.9392134099381608,nan,nan,0.021874786487945528,659.7454708991102,0.14828925432709802,0.556018680824468,0.0,288.14821047366866,101321.77105462634,1.224968033569312,340.3878155470432,0.0,0.0,7.445910788189756,33.957086187897886
0.09375,0.3044430511659516,7.83697295361128,7.836972953611598,103.2710320159879,-1.4951651508855284e-07,-1.278134937860041e-13,2.846862848779986e-07,5.904680456611022,1.2368897421220857,0.9391126634016033,nan,nan,0.02302366664606213,667.8482038027054,0.16329207458148304,0.5526942526691909,0.0,288.1480211201674,101321.42939320396,1.2249647078961812,340.38770079882147,0.0,0.0,7.8369729536116015,37.61753007105316
0.09775,0.3366158950627997,8.24914489612231,8.249144896122612,102.81488407977567,-1.584409131157489e-07,-1.3564991830232604e-13,2.706930357901008e-07,5.903287387858773,1.235496673369838,0.9390060261863042,nan,nan,0.02423456531473283,665.0144611478961,0.17984671937113905,0.5494175095772225,0.0,288.1478119966821,101321.05205966119,1.224961034991727,340.38757406998934,0.0,0.0,8.249144896122615,41.67831405123158
0.1015625,0.3688119213854674,8.640297377381197,8.640297377381485,102.37981038222813,-1.6694697998542013e-07,-1.4311901041944538e-13,2.580956827951792e-07,5.901959619204288,1.2341689047153517,0.9389043407344936,nan,nan,0.02538371331607766,662.3135501800311,0.1962584736036282,0.546500016919054,0.0,288.14760272251095,101320.67445422742,1.2249573594353929,340.38744724984167,0.0,0.0,8.640297377381488,45.7244358362652
0.1055625,0.40419007703482296,9.048262283985254,9.04826228398553,101.60256552482316,-1.7587137801261618e-07,-1.5095543493576733e-13,2.466581070012881e-07,5.900582007525573,1.2327912930366378,0.93879878974659,nan,nan,0.026582255196098713,657.590645755349,0.21410046801321125,0.5436355257168929,0.0,288.14737276449927,101320.25952774935,1.2249533205952885,340.38730789528654,0.0,0.0,9.048262283985533,50.14410749942754
0.109375,0.4394231861487078,9.43420920376841,9.434209203768672,100.86132253556487,-1.8437744488228742e-07,-1.5842452705288667e-13,2.370174783555702e-07,5.899268971394299,1.2314782569053637,0.9386981405762357,nan,nan,0.02771611288515561,653.0891274755738,0.23165832666761643,0.5410767976774453,0.0,288.14714374929,101319.84630242408,1.224949298307576,340.3871691120697,0.0,0.0,9.434209203768678,54.51287943713492
0.113375,0.4779686819501846,9.838980826108694,9.838980826108946,101.52451636197122,-1.9330184290948347e-07,-1.662609515692086e-13,2.2647804250673496e-07,5.897893291849777,1.2301025773608416,0.9385926414793262,nan,nan,0.028905276425322975,656.8674510153194,0.2507791903232753,0.538536109499471,0.0,288.1468932035673,101319.39422835394,1.224944897863333,340.38701728136175,0.0,0.0,9.83898082610895,59.29072841798103
0.1171875,0.5162191652797797,10.227248242770077,10.22724824277032,102.15677631216812,-2.018079097791547e-07,-1.7373004368632795e-13,2.1798519549262258e-07,5.896582097283905,1.228791382794969,0.9384920418335878,nan,nan,0.03004595431235272,660.4686656391395,0.26979803263693797,0.5362240552522556,0.0,288.1466445754257,101318.94561428571,1.2249405310908412,340.386866612708,0.0,0.0,10.227248242770324,64.06231143124114
0.1211875,0.5579463278653121,10.63656190519086,10.636561905191094,102.50005923266778,-2.1073230780635076e-07,-1.815664682026499e-13,2.1020674675205215e-07,5.895194824934232,1.2274041104452964,0.9383855565015483,nan,nan,0.03124846486334615,662.3578274090124,0.2905640012569711,0.5339075492165466,0.0,288.14637334886885,101318.45622459611,1.2249357674032062,340.3867022494145,0.0,0.0,10.636561905191098,69.29244158835364
0.125,0.5992439399893968,11.027967126636733,11.027967126636959,102.82727387030424,-2.19238374676022e-07,-1.8903556031976924e-13,2.021291846968317e-07,5.89387258097595,1.2260818664870148,0.9382840160109586,nan,nan,0.03239836434280031,664.1584347209225,0.3111069510170518,0.5317986846271793,0.0,288.14610491439004,101317.97187281358,1.224931052745403,340.3865395781204,0.0,0.0,11.02796712663696,74.48564355784897
0.129,0.6441763499886131,11.437718621629456,11.437718621629672,102.04839699663121,-2.2816277270321805e-07,-1.9687198483609118e-13,1.948579673561758e-07,5.892491105028853,1.2247003905399176,0.9381778781769593,nan,nan,0.03360216471253919,659.4355302962404,0.33332882275033965,0.5296931302274969,0.0,288.14581285372503,101317.44489094327,1.2249259231183232,340.3863625893574,0.0,0.0,11.437718621629676,80.12326653043574
0.1328125,0.6885224977439239,11.825362303060956,11.825362303061167,101.30558355493105,-2.366688395728893e-07,-2.0434107695321052e-13,1.8907453925087362e-07,5.891174385766776,1.2233836712778403,0.9380766692208061,nan,nan,0.03474101688929865,654.9340120164652,0.3551359671090199,0.5279561233051648,0.0,288.1455246037646,101316.92478494662,1.224920860410613,340.38618790988136,0.0,0.0,11.825362303061171,85.64597267099856
0.1368125,0.7366370157827509,12.232552802265836,12.232552802266039,102.28971257232,-2.4559323760008537e-07,-2.1217750146953246e-13,1.818918528517145e-07,5.889790977685487,1.2220002631965512,0.9379702855140875,nan,nan,0.03593729724559847,660.6014973260837,0.3800208768586259,0.5279676204057098,0.0,288.14521185939736,101316.36048228167,1.224915367481422,340.38599838679477,0.0,0.0,12.232552802266046,91.64531867870164
0.140625,0.7840192946151817,12.624320800906727,12.624320800906924,103.22796774333575,-2.540993044697566e-07,-2.196465935866518e-13,1.7694148550984163e-07,5.888472416858008,1.2206817023690726,0.9378688420168751,nan,nan,0.03708826973743909,666.003319261814,0.4047592521826116,0.5279790494544416,0.0,288.144903874585,101315.8047675555,1.224909958135681,340.3858117479985,0.0,0.0,12.624320800906931,97.6090787141427
0.144625,0.8353446004345113,13.038881861940904,13.038881861941096,104.05259767501573,-2.6302370249695266e-07,-2.2748301810297374e-13,1.7055158529072421e-07,5.88706775530061,1.2192770408116744,0.9377607243690861,nan,nan,0.038306207709899724,670.7262236864962,0.43178707175780245,0.5279915358181223,0.0,288.14457026009717,101315.20280773062,1.224904098625555,340.3856095776189,0.0,0.0,13.038881861941102,104.12446741507028
0.1484375,0.8858134523148413,13.43708096362599,13.437080963626174,104.83876556589702,-2.7152976936662387e-07,-2.3495211022009306e-13,1.659323085197815e-07,5.885728937253715,1.2179382227647793,0.9376576267021282,nan,nan,0.03947607781662209,675.2277419662713,0.45857136966930573,0.5280039092659301,0.0,288.14424221255996,101314.61089267516,1.224898336878538,340.3854107808113,0.0,0.0,13.437080963626181,110.58084830430576
0.1524375,0.9403971218054852,13.853912544493191,13.85391254449337,103.57690993152455,-2.8045416739381995e-07,-2.42788534736415e-13,1.6118070224511593e-07,5.8843300720988925,1.2165393576099564,0.9375498549011855,nan,nan,0.04070069061881595,667.6710948867799,0.4874731774799532,0.5280172604837683,0.0,288.14388741870823,101313.97071770487,1.2248921053510027,340.3851957757372,0.0,0.0,13.853912544493378,117.54731767600879
0.15625,0.9939650019043452,14.246505831509538,14.246505831509712,102.37356319498167,-2.8896023426349116e-07,-2.502576268535343e-13,1.5628469708117136e-07,5.882996778748201,1.2152060642592657,0.9374470871985898,nan,nan,0.04185409600561087,660.4686656391395,0.5155028163887296,0.5280302083722757,0.0,288.1435392274876,101313.34245624185,1.224885989775825,340.3849847718575,0.0,0.0,14.246505831509719,124.3032237249513
0.16025,1.0517760668562137,14.660540062322514,14.660540062322685,104.64369021721394,-2.9788463229068724e-07,-2.5809405136985626e-13,1.5269146510898484e-07,5.881586320788228,1.2137956062992923,0.9373383210798525,nan,nan,0.04307049525133041,673.6927980282495,0.5459130463055467,0.5280442554353574,0.0,288.1431634555654,101312.66442933136,1.2248793897610128,340.3847570540727,0.0,0.0,14.660540062322692,131.6325424220026
0.1640625,1.1084351250973838,15.063619935563052,15.063619935563217,106.80817056755838,-3.0639069916035845e-07,-2.655631434869756e-13,1.4826468186179114e-07,5.880241978045128,1.2124512635561926,0.9372346048062443,nan,nan,0.044254713233056145,686.2970492116199,0.5763569124861054,0.5280583174798092,0.0,288.1427951716868,101311.99991352901,1.2248729212486344,340.38453387404223,0.0,0.0,15.063619935563224,138.9695775195638
0.1680625,1.1695501304853386,15.495397970507835,15.495397970507995,109.0809888932619,-3.1531509718755453e-07,-2.733995680032975e-13,1.4370159448672777e-07,5.878777420327786,1.2109867058388502,0.9371215599392798,nan,nan,0.045523246174117855,699.5211816007298,0.6098858241515601,0.5280738038624767,0.0,288.14239792415185,101311.28313693404,1.224865944002075,340.38429314203603,0.0,0.0,15.495397970508002,147.04966302119874
0.171875,1.2294243391707793,15.915399969924433,15.91539996992459,111.24805639503606,-3.2382116405722574e-07,-2.8086866012041684e-13,1.3978528260658483e-07,5.877381513753444,1.2095907992645083,0.9370137616115807,nan,nan,0.046757183918320316,712.1254327841002,0.6434110192749147,0.52808928784786,0.0,288.1420087417954,101310.58091280503,1.2248591083934701,340.384057297528,0.0,0.0,15.915399969924596,155.12837925525727
0.175875,1.2939695581028416,16.355617942572728,16.35561794257288,108.86072629664402,-3.327455620844218e-07,-2.887050846367388e-13,1.3657139822709094e-07,5.875918888170293,1.2081281736813576,0.9369007559865367,nan,nan,0.04805051766808791,697.9567195100539,0.6795139758338133,0.5281059616852861,0.0,288.1415891978723,101309.82390555363,1.2248517394928709,340.3838030539106,0.0,0.0,16.355617942572888,163.8277406433159
0.1796875,1.3571109909884083,16.76631012300215,16.7663101230023,106.58416845775328,-3.4125162895409303e-07,-2.961741767538581e-13,1.332800374925012e-07,5.874524823161353,1.2067341086724173,0.9367929951231951,nan,nan,0.04925710983752295,684.4521646707285,0.7140852172905855,0.5281219274668019,0.0,288.1411787785585,101309.08336236005,1.2248445308368225,340.38355433980644,0.0,0.0,16.766310123002306,172.15750562111677
0.1836875,1.4250272482672084,17.191404305872524,17.19140430587267,105.9628528799919,-3.501760269812891e-07,-3.0401060127018003e-13,1.2990531157078375e-07,5.8730989081278455,1.2053081936389098,0.9366827193374967,nan,nan,0.05050601769140765,680.6738411309827,0.7507735158454112,0.528138870249346,0.0,288.14073732288625,101308.28681847813,1.2248367770313753,340.38328681766905,0.0,0.0,17.191404305872677,180.99681416419045
0.1875,1.4913381351776638,17.594258191908494,17.594258191908636,105.37026993199791,-3.586820938509603e-07,-3.1147969338729935e-13,1.2731557704981472e-07,5.871739832861534,1.203949118372598,0.9365775628767572,nan,nan,0.051689587516617105,677.0726265071627,0.7863918399639438,0.5281553182042233,0.0,288.1403063021213,101307.5091029003,1.2248292064835626,340.3830256190855,0.0,0.0,17.594258191908644,189.577791567709
0.1915,1.5625607618536925,18.01771312737915,18.017713127379288,106.35724205995496,-3.676064918781564e-07,-3.193161179036213e-13,1.237783411580038e-07,5.870310053559643,1.2025193390707072,0.9364668832382057,nan,nan,0.05293368535325348,682.7401118167813,0.8247229563911302,0.5281730180778782,0.0,288.1398433550479,101306.67378084623,1.2248210751494997,340.3827450731591,0.0,0.0,18.017713127379295,198.81172373199206
0.1953125,1.632028532054389,18.424993726714348,18.424993726714483,107.29819390725426,-3.761125587478276e-07,-3.267852100207406e-13,1.2105760581248948e-07,5.868947295162528,1.2011565806735924,0.9363613415131772,nan,nan,0.054130266017482914,688.1419337525115,0.8624520465640187,0.5281904391207642,0.0,288.1393918145416,101305.85904031781,1.2248131441384542,340.38247143961223,0.0,0.0,18.42499372671449,207.90002426981587
0.1993125,1.7065843748201301,18.85229814010698,18.852298140107113,106.3539200649285,-3.850369567750237e-07,-3.3462163453706255e-13,1.1827430029502178e-07,5.867517515860637,1.1997268013717015,0.936250556510493,nan,nan,0.055385679308891336,682.4744484428929,0.9029448234686676,0.5282091353746304,0.0,288.13890720156365,101304.98462522491,1.2248046322036115,340.38217776414757,0.0,0.0,18.85229814010712,217.65338366188195
0.203125,1.7792295156530085,19.25605598754878,19.256055987548912,105.4533916555127,-3.935430236446949e-07,-3.4209072665418187e-13,1.1638178938488153e-07,5.866154757463523,1.1983640429745868,0.9361449142885739,nan,nan,0.05657191660869146,677.0726265071627,0.9420613834918385,0.5282271953562041,0.0,288.13843500814824,101304.1326194637,1.2247963383833582,340.38189161493784,0.0,0.0,19.25605598754892,227.0746030447582
0.207125,1.857097851709504,19.6782332707711,19.678233270771226,105.6352370035245,-4.02467421671891e-07,-3.499271511705038e-13,1.144579909424277e-07,5.864734638832591,1.1969439243436546,0.9360347732129121,nan,nan,0.057812273472550746,678.0172073920992,0.9838512474528514,0.5282464886550031,0.0,288.13792886396385,101303.21935437567,1.2247874482061478,340.38158489156206,0.0,0.0,19.678233270771234,237.13897608355796
0.2109375,1.9328892481315036,20.081297887126993,20.081297887127118,105.80848428565014,-4.109734885415622e-07,-3.5739624328762313e-13,1.1151007970493862e-07,5.863381088262483,1.1955903737735474,0.9359297453402858,nan,nan,0.05899648039558353,678.9175110480542,1.0245972478664012,0.5282652990764751,0.0,288.13743621988715,101302.33044830897,1.2247787951217879,340.3812863492516,0.0,0.0,20.081297887127125,246.9512450828793
0.2149375,2.0140622517990883,20.5055400167755,20.505540016775623,106.3125897001898,-4.198978865687583e-07,-3.6523266780394507e-13,1.1050996910178164e-07,5.861953241094784,1.1941625266058482,0.9358188999023414,nan,nan,0.0602429102340004,681.7512537028634,1.068379088722547,0.5282855099400954,0.0,288.1369085953633,101301.37842500793,1.2247695275878887,340.3809666087902,0.0,0.0,20.505540016775633,257.49381327603413
0.21875,2.0930134222180414,20.91177274907522,20.91177274907534,106.79311394096068,-4.284039534384295e-07,-3.727017599210644e-13,1.0745380149674388e-07,5.86059232426307,1.192801609774135,0.9357132000709376,nan,nan,0.06143643125364095,684.4521646707285,1.111162809731177,0.5283052589804734,0.0,288.1363954127556,101300.45246008749,1.224760513688462,340.3806556201299,0.0,0.0,20.911772749075347,267.7952577490606
0.22275,2.177511903788135,21.336729349366344,21.33672934936646,105.68508429606788,-4.3732835146562556e-07,-3.8053818443738633e-13,1.0430812835693365e-07,5.859172205632138,1.1913814911432028,0.9356028497954542,nan,nan,0.06268496714223655,677.8400984761736,1.1568194854272449,0.5283263330589315,0.0,288.13584617262535,101299.46143450357,1.2247508664138371,340.380322780611,0.0,0.0,21.336729349366472,278.7876020561127
0.2265625,2.25962369958891,21.737639651609477,21.73763965160959,104.62842497965595,-4.458344183352968e-07,-3.8800727655450564e-13,1.0215721428991925e-07,5.857818655062031,1.1900279405730956,0.9354976223876798,nan,nan,0.06386285825728764,671.5379728844883,1.200737313703283,0.5283466034713709,0.0,288.13531244595265,101298.49840074407,1.2247414915942347,340.3799993422473,0.0,0.0,21.7376396516096,289.3604729549035
0.2305625,2.3474083266791235,22.15393406543223,22.153934065432345,103.51868315501068,-4.5475881636249286e-07,-3.958437010708276e-13,1.0106459234841571e-07,5.856425586309784,1.188634871820848,0.9353892719750476,nan,nan,0.06508595279952077,664.9259066899333,1.2472084072409804,0.5283680512338038,0.0,288.1347418458766,101297.46883418021,1.2247314690610656,340.3796535586012,0.0,0.0,22.15393406543235,300.5471396154717
0.234375,2.4326199670488537,22.546581880245917,22.546581880246027,102.46040932127619,-4.6326488323216407e-07,-4.033127931879469e-13,9.884312124119404e-08,5.855097817655297,1.1873071031663616,0.9352859524982157,nan,nan,0.06623957653681803,658.6237810982482,1.2918503827833776,0.5283886537301554,0.0,288.13418797021416,101296.46944443871,1.2247217402525798,340.3793179099498,0.0,0.0,22.546581880246034,311.29264067825636
0.238375,2.523626457224241,22.956783039716207,22.956783039716314,102.64015800442004,-4.7218928125936015e-07,-4.1114921770426884e-13,9.65705618025044e-08,5.8537163417082,1.1859256272192642,0.9351784040693838,nan,nan,0.06744477707375524,659.5683619831846,1.3393287127272273,0.5284105640290503,0.0,288.133596428028,101295.40209082016,1.2247113497914912,340.378959435385,0.0,0.0,22.956783039716317,322.71994477946
0.2421875,2.6118955528336514,23.348425112390743,23.34842511239085,102.81140972172379,-4.806953481290314e-07,-4.1861830982138816e-13,9.541398640621977e-08,5.852399622446123,1.184608907957187,0.9350758497131961,nan,nan,0.06859545314201838,660.4686656391395,1.3854607474949916,0.5284318518288698,0.0,288.13302267890657,101294.36684225246,1.224701271825505,340.3786117434174,0.0,0.0,23.34842511239086,333.82230940160434
0.2461875,2.706110932111168,23.759061369594598,23.7590613695947,102.50667485339984,-4.896197461562274e-07,-4.264547343377101e-13,9.305772182939053e-08,5.851020078633217,1.1832293641442815,0.9349683526729827,nan,nan,0.06980193952964386,658.5795038692668,1.434671422345502,0.5284545589795873,0.0,288.1324102789413,101293.2618537423,1.2246905149089427,340.37824062903843,0.0,0.0,23.759061369594708,345.66460967973836
0.25,2.7974366247735456,24.149314001427797,24.1493140014279,102.21597744225956,-4.981258130258986e-07,-4.339238264548294e-13,9.185692672385244e-08,5.849705200936541,1.1819144864476059,0.9348658473634927,nan,nan,0.07094854089160404,656.7788965573568,1.4822375950326578,0.5284765060544938,0.0,288.13181666193896,101292.1907564135,1.2246800878748914,340.377880897135,0.0,0.0,24.149314001427914,357.11020245315467
0.254,2.8948512251139826,24.557890264050084,24.557890264050187,102.07212063220707,-5.070502110530947e-07,-4.4176025097115136e-13,9.185692672385244e-08,5.848331453526211,1.1805407390372755,0.9347587034514337,nan,nan,0.0721489830186673,655.8343156724203,1.5328709341587081,0.5284998669604697,0.0,288.13118346703675,101291.04824640161,1.224668965597577,340.3774971810243,0.0,0.0,24.5578902640502,369.2927874458314
0.2578125,2.9892196663522266,24.946778552080993,24.946778552081092,101.9348200306627,-5.155562779227659e-07,-4.492293430882707e-13,8.940696716308596e-08,5.84702210052574,1.1792313860368044,0.9346565350483896,nan,nan,0.07329158361653501,654.9340120164652,1.5818568305159484,0.5285224664378896,0.0,288.13057007216867,101289.94146273113,1.2246581910677785,340.3771254637342,0.0,0.0,24.946778552081106,381.0779670912737
0.2618125,3.0898235981417175,25.355522105657432,25.35552210565753,102.43696482916748,-5.24480675949962e-07,-4.570657676045926e-13,8.815645848363069e-08,5.845644488847026,1.1778537743580906,0.9345489910319819,nan,nan,0.07449252528626255,657.7677546712744,1.6341770421325739,0.5285466027067661,0.0,288.12991614661206,101288.76154720612,1.2246467045494631,340.3767291848469,0.0,0.0,25.355522105657545,393.66421475150884
0.265625,3.187237154329136,25.74697544558567,25.746975445585765,102.91561396751459,-5.329867428196332e-07,-4.64534859721712e-13,8.688795409866128e-08,5.844331452715752,1.1765407382268165,0.9344464409504575,nan,nan,0.07564266961565208,660.4686656391395,1.6850848658884183,0.5285700859172107,0.0,288.12928295849684,101287.61904944039,1.2246355822446402,340.3763454728491,0.0,0.0,25.74697544558578,405.909593570864
0.269625,3.291047134057318,26.157702622720127,26.157702622720223,102.44792061081667,-5.419111408468293e-07,-4.723712842380339e-13,8.560065398421929e-08,5.842953841037039,1.1751631265481026,0.9343387978760783,nan,nan,0.07684944736890639,657.6349229843304,1.7393416459903663,0.5285951123802585,0.0,288.1286081936286,101286.40153234582,1.224623729566997,340.375936565339,0.0,0.0,26.15770262272024,418.9593345854451
0.2734375,3.3915168431280143,26.547435086882523,26.54743508688262,102.0018478911414,-5.504172077165005e-07,-4.798403763551533e-13,8.296615425989067e-08,5.841640804905764,1.1738500904168285,0.9342361533147016,nan,nan,0.07799454397723465,654.9340120164652,1.791622787958534,0.5286192260590764,0.0,288.12795514051965,101285.22319102836,1.2246122582174657,340.3755408151549,0.0,0.0,26.54743508688263,431.5327310139061
0.2774375,3.4985217803450444,26.954828999813916,26.95482899981401,101.69506549400047,-5.593416057436965e-07,-4.876768008714752e-13,8.296615425989067e-08,5.840272853898009,1.1724821394090734,0.934129166778283,nan,nan,0.07919153742332836,653.0448502465924,1.8471037643737205,0.5286448139841733,0.0,288.1272596084277,101283.96820243665,1.2246000406367328,340.3751193227072,0.0,0.0,26.954828999814023,444.8744211269316
0.28125,3.602025433944713,27.341983658837353,27.341983658837446,101.40242159998017,-5.678476726133678e-07,-4.951458929885946e-13,8.161702118890975e-08,5.838969025593743,1.1711783111048069,0.934027148575902,nan,nan,0.08032906889162982,651.2442429346823,1.900615436441643,0.5286694920814746,0.0,288.12658683467936,101282.75427803422,1.22458822276849,340.37471162181566,0.0,0.0,27.341983658837464,457.74132407066753
0.28525,3.7122063574745865,27.74892050367725,27.748920503677343,102.06601830470406,-5.767720706405638e-07,-5.029823175049165e-13,8.161702118890975e-08,5.837597210317604,1.1698064958286682,0.9339197615267826,nan,nan,0.08152472830137127,655.022566474428,1.9576883535482277,0.5286958107626024,0.0,288.1258706586764,101281.46204044548,1.2245756424404648,340.37427761915785,0.0,0.0,27.748920503677358,471.46320762585873
0.2890625,3.818742422054779,28.13925303427844,28.13925303427853,102.69860339814059,-5.852781375102351e-07,-5.104514096220359e-13,7.884953353001449e-08,5.836289698882535,1.1684989843935987,0.9338173612571963,nan,nan,0.08267160469315805,658.6237810982482,2.013229215654555,0.5287214211492172,0.0,288.12517817425663,101280.21255094405,1.2245634782186683,340.3738579735995,0.0,0.0,28.139253034278543,484.8154335067018
0.2930625,3.9321193400281307,28.54878514107828,28.54878514107837,102.06738677075676,-5.942025355374311e-07,-5.182878341383579e-13,7.884953353001449e-08,5.834917883606396,1.16712716911746,0.9337098755752513,nan,nan,0.08387489793979505,654.8454575585025,2.0723406906675255,0.5287486761017903,0.0,288.1244412242898,101278.88282969642,1.2245505328482493,340.3734113819196,0.0,0.0,28.54878514107838,499.0246286713248
0.296875,4.041701907975782,28.936769633124804,28.93676963312489,101.46540450062778,-6.027086024071024e-07,-5.257569262554772e-13,7.742870483855356e-08,5.833610372171326,1.1658196576823905,0.9336073812314944,1.1688801435815361,2.352727623500417,0.08501488471720979,651.2442429346823,2.129134282829516,0.5287748605856063,0.0,288.1237289375981,101277.5976098159,1.224538020653578,340.37297973618445,0.0,0.0,28.936769633124904,512.6752739242283
0.30259375,4.20884208697084,29.51642689557959,29.51642689558602,101.25619427304385,-6.646231361574588e-07,-5.503689199156433e-13,6.600390252575428e-07,5.8316629167592335,1.1638722022702974,0.9334546371954301,1.1688854008142546,2.354307636188245,0.08671805855627122,649.8937874507498,2.2154218099995417,0.5288146398153462,0.0,288.1226425264347,101275.63733561445,1.2245189363817663,340.37232137101944,0.0,0.0,29.51642689558603,533.4123612259618
0.3046875,4.270863992654254,29.72835176919121,29.728351769202487,101.17949716476735,-7.121161341446071e-07,-5.727253287945491e-13,8.710490313575235e-07,5.830949913958085,1.1631591994691486,0.9333986889999993,1.1688873520828214,2.35488663082822,0.08734074788213017,649.3993583937909,2.2473986598173026,0.5288293803637459,0.0,288.1222393840477,101274.90992259882,1.2245118546074574,340.3720770667329,0.0,0.0,29.7283517692025,541.0964202620106
0.307828125,4.364729447131567,30.04693672021868,30.046936720239767,101.7004820269707,-8.086418734752673e-07,-6.291218511507928e-13,1.184712601322062e-06,5.829875858674652,1.1620851441857158,0.9333143837561658,1.1688903153783938,2.35575931622228,0.088276834040868,652.3659327355444,2.2959023853533953,0.5288517382990986,0.0,288.1216292585936,101273.80903812013,1.224501136840977,340.37170733070775,0.0,0.0,30.04693672023978,552.7510824193445
0.3125,4.506217677650252,30.5238792089776,30.523879209018947,102.47558869278375,-1.0090525144927389e-06,-7.830229853708857e-13,1.6459545026187446e-06,5.828278134646062,1.160487420157127,0.9331889169734011,1.1688948196582931,2.35705902684892,0.08967822098979489,656.7788965573568,2.3694884119106767,0.5288856554056622,0.0,288.12070958509526,101272.14961828607,1.2244849813141705,340.3711500085677,0.0,0.0,30.52387920901896,570.4307378952853
0.3203125,4.747806655983548,31.322113672175455,31.322113672265928,101.8722700247479,-1.498926286669038e-06,-1.3099110485472824e-12,2.403525428685397e-06,5.825598807934854,1.1578080934459187,0.9329783591399695,1.16890253577178,2.359241766318104,0.0920236666443258,653.0891274755738,2.495255765255856,0.5289436168666733,0.0,288.1191392567361,101269.31618443175,1.2244573957621279,340.3701983895821,0.0,0.0,31.32211367226594,600.6421503268349
0.328125,4.995619861854411,32.118104980376856,32.11810498053552,101.90141609494192,-2.187193385518895e-06,-2.3110298464693896e-12,3.1432621177293387e-06,5.822927028622833,1.155136314133897,0.932768201475535,1.1689104503900665,2.361422489145315,0.09436254185352709,653.0891274755738,2.6239249735517896,0.5290029067482475,0.0,288.1175284708979,101266.40975081915,1.2244290991915983,340.3692222533641,0.0,0.0,32.118104980535534,631.5437960337676
0.3359375,5.249659082356631,32.91679827308246,32.91679827332709,102.56405103195148,-3.076894675400548e-06,-3.9455837541553725e-12,3.855284913529758e-06,5.820247701911624,1.1524569874226889,0.9325572563816849,1.1689186214438128,2.363613650621279,0.09670937586147495,656.7788965573568,2.7563003213254884,0.5290638947461951,0.0,288.11587721596464,101263.43029648864,1.224400091374673,340.3682215928746,0.0,0.0,32.9167982733271,663.3283050676047
0.34375,5.509935737860157,33.71199781205959,33.71199781240875,101.00676001486332,-4.171580631291504e-06,-6.374733381881281e-12,4.551249834899986e-06,5.817579696299196,1.1497889818102605,0.9323470095304506,1.1689269751737397,2.3657996564328907,0.09904596615839073,647.5544738528995,2.8913513305263705,0.529126105698128,0.0,288.1141854177039,101260.37768749845,1.2243703709828264,340.3671963631285,0.0,0.0,33.71199781240876,695.7477265484791
0.3515625,5.7763870228337035,34.49873983808422,34.498739838556546,100.39904008302894,-5.475728608711517e-06,-9.763332857207487e-12,5.232811733171032e-06,5.81493810658392,1.1471473920949848,0.9321386542564483,1.1689354511557537,2.3679679689930544,0.10135772949728976,643.8647047711166,3.0281631692772737,0.5291891180717977,0.0,288.11245348435153,101257.25266045217,1.2243399451627062,340.36614681151707,0.0,0.0,34.49873983855656,728.5820819603423
0.359375,6.0489790857951915,35.28568871663499,35.2856887172491,101.05985621258802,-6.993737520388301e-06,-1.4279329763728255e-11,5.89980612123389e-06,5.812296516868645,1.1445058023797092,0.931930109594603,1.1689441441280475,2.3701403453344447,0.10367012219802305,647.5544738528995,3.1681948485562605,0.529253602851173,0.0,288.1106816359423,101254.055612371,1.2243088177544144,340.36507307138106,0.0,0.0,35.285688717249116,762.1811062676817
0.3671875,6.327732894933883,36.075320038746455,36.075320039520946,101.08567407174701,-8.729970895297629e-06,-2.009368230786309e-11,6.552665975640885e-06,5.809647379754183,1.141856665265247,0.9317207786308954,1.1689530836318844,2.37232305000989,0.1059904181491243,647.5544738528995,3.3119065402165955,0.5293197709535391,0.0,288.1088697361829,101250.7862973332,1.2242769863376584,340.36397506012685,0.0,0.0,36.07532003952096,796.6546131506417
0.375,6.612653249623267,36.863909966783346,36.86390996773695,100.79322443824157,-1.0688771506365778e-05,-2.7380303404674867e-11,7.192816902463198e-06,5.807002016339314,1.1392113018503782,0.9315115552750225,1.1689622255883816,2.3745067031335907,0.10830767714200407,645.709589312008,3.4586319901334597,0.5293873150584698,0.0,288.1070177538774,101247.44465905013,1.2242444503378203,340.3628527588497,0.0,0.0,36.863909967736966,831.8421867944605
0.3828125,6.903741694618131,37.65641950845164,37.656419509603,102.08926875191095,-1.2874445302436661e-05,-3.631600199755077e-11,7.819887474091644e-06,5.804345331825665,1.1365546173367296,0.9313012445912994,1.168971631276442,2.376703866851426,0.11063647533761951,653.0891274755738,3.6093143421378158,0.5294566681587878,0.0,288.10512567898496,101244.03067940446,1.224211209551329,340.3617061614649,0.0,0.0,37.65641950960301,867.9693775314831
0.390625,7.201048243190389,38.45408925034804,38.4540892517158,102.11409473931475,-1.529128483547281e-05,-4.708042295920958e-11,8.434294176673807e-06,5.801673552513644,1.133882838024708,0.9310895447061979,1.168981319466622,2.378917747604242,0.11298045833573973,653.0891274755738,3.7642473497805202,0.5295279643118631,0.0,288.1031931864192,101240.54377182429,1.2241772582390515,340.36053507097006,0.0,0.0,38.454089251715814,905.1058492534836
0.3984375,7.504574394482175,39.246979967361995,39.246979968965206,100.86570173011636,-1.7943572185468755e-05,-5.985600212525462e-11,9.03873043338844e-06,5.799016867999995,1.1312261535110593,0.9308788474428417,1.168991163549399,2.3811231610655734,0.11531042464930821,645.709589312008,3.9215036142560615,0.529600316484191,0.0,288.10122026643586,101236.9839187272,1.2241425962012007,340.3593394814601,0.0,0.0,39.24697996896522,942.7889895287686
0.40625,7.8142795494305,40.03881294105374,40.03881294291138,101.84355225806617,-2.0835530078201808e-05,-7.482790593257376e-11,9.632848709757324e-06,5.79636395718594,1.1285732426970039,0.930668256736252,1.1690012093503528,2.383329526141008,0.11763730800814258,651.2442429346823,4.081787858274725,0.5296740479705536,0.0,288.0992071829287,101233.35159627217,1.2241072280450067,340.35811955285476,0.0,0.0,40.03881294291139,981.1871526192101
0.4140625,8.13018131223215,40.83082428263371,40.830824284764795,100.91116014209524,-2.3971335890973362e-05,-9.218394760952265e-11,1.0216938548871886e-05,5.793711046371884,1.1259203318829485,0.9304574731728361,1.1690114726823426,2.385539995095065,0.11996474071186335,645.709589312008,4.245347179225902,0.5297492715253003,0.0,288.09715382147044,101229.64659799146,1.2240711517304435,340.3568752158111,0.0,0.0,40.83082428476481,1020.3589121299775
0.421875,8.452248674139065,41.618033947436075,41.61803394985996,100.61439204724844,-2.735512677562499e-05,-1.1211451613252856e-10,1.0792700278371157e-05,5.791073230356202,1.1232825158672661,0.9302476974706745,1.1690218841162083,2.3877418664553383,0.1222780913366638,643.8647047711166,4.411126143134564,0.5298255014866633,0.0,288.0950603836181,101225.86928756574,1.2240343707685453,340.35560659247255,0.0,0.0,41.61803394985997,1060.0509450388085
0.4296875,8.780470013688493,42.407901540575764,42.407901543311446,101.59172170723703,-3.099097831541587e-05,-1.348125000413539e-10,1.1358585448058314e-05,5.788427866941333,1.1206371524523973,0.9300371295388549,1.1690325456477364,2.389954161088815,0.12459927737870748,649.3993583937909,4.580685928891977,0.5299034542327268,0.0,288.092926944911,101222.01980129528,1.2239968864558337,340.3543137286161,0.0,0.0,42.40790154331146,1100.6364295982116
0.4375,9.114882294201138,43.2016697939392,43.20166979700565,101.61286062337668,-3.488293977672724e-05,-1.6047320404819747e-10,1.1914678141846498e-05,5.785771182427684,1.1179804679387486,0.9298254666713291,1.1690434772253626,2.3921801055403344,0.12693195078044958,649.3993583937909,4.7543360478821395,0.529983270806998,0.0,288.09075326508764,101218.09770566225,1.2239586945396017,340.35299647864315,0.0,0.0,43.201669797005664,1142.1886292978577
0.4453125,9.455493283789572,43.994354934583114,43.994354937999695,101.31441219009402,-3.903504084143633e-05,-1.8929429037618459e-10,1.2462690192524054e-05,5.783118271613629,1.1153275571246932,0.9296139104054577,1.1690546083629074,2.394406979574497,0.12926146917753834,647.5544738528995,4.931004949829171,0.5300644581900029,0.0,288.08853929365534,101214.10290955975,1.2239197941006408,340.35165481195514,0.0,0.0,43.99435493799971,1184.4503796532504
0.453125,9.802297748233233,44.788445002045734,44.78844500583166,101.97261924557688,-4.345126775719054e-05,-2.2147571902100973e-10,1.3002242994912752e-05,5.78046158709998,1.1126708726110446,0.9294018586063811,1.1690659754599115,2.3966411685353037,0.13159514325795013,651.2442429346823,5.111251964784873,0.5301472721982837,0.0,288.08628506463646,101210.03547437639,1.2238801857040975,340.3502887491697,0.0,0.0,44.788445005831676,1227.5547672700236
0.4609375,10.155322881619384,45.58643055393943,45.58643055811376,102.31162254738463,-4.813557390389798e-05,-2.572196708041264e-10,1.353289627243525e-05,5.777793581487552,1.1100028669986162,0.9291887069223419,1.169077617612834,2.39888910690492,0.13394029127598361,653.0891274755738,5.295678152300404,0.5302319875229745,0.0,288.08399040126943,101205.89508117111,1.2238398662108487,340.34889818316924,0.0,0.0,45.586430558113776,1271.644673602979
0.46875,10.514586121682212,46.3845680555108,46.38456806009295,102.01145345582502,-5.309189086615932e-05,-2.9673048003235986e-10,1.4056045065582343e-05,5.775125575875124,1.1073348613861878,0.9289753582937058,1.1690894796407125,2.401141213470067,0.13628591475120078,651.2442429346823,5.483445128720041,0.5303182183669345,0.0,288.08165519020906,101201.6815254285,1.2237988335952876,340.3474830452667,0.0,0.0,46.38456806009297,1316.5188227305937
0.4765625,10.880085394036856,47.184102174988176,47.1841021799975,102.669252497977,-5.8324110953515594e-05,-3.402145744694979e-10,1.4571583360834124e-05,5.772453796563102,1.104663082074166,0.9287615102625462,1.1691015813208172,2.4034007105827104,0.138635671261081,654.9340120164652,5.674858164890981,0.5304061036901588,0.0,288.0792794449387,101197.39483147764,1.223757088059675,340.34604334363286,0.0,0.0,47.18410217999751,1362.2493708781515
0.484375,11.251844597494825,47.98627782554458,47.98627783100031,102.68762059745556,-6.383609146591536e-05,-3.878803993530093e-10,1.5079349325459351e-05,5.769774469851893,1.101983755362958,0.9285468592499332,1.1691139437663287,2.405670845163955,0.14099321920810678,654.9340120164652,5.870243405967713,0.5304957918594149,0.0,288.07686301011626,101193.03471902548,1.2237146268390773,340.34457898413046,0.0,0.0,47.98627783100032,1408.9133484220683
0.4921875,11.629864845198199,48.78609564199597,48.786095647917925,102.0655843934703,-6.963165833208909e-05,-4.3993834671823813e-10,1.5581157492294805e-05,5.767102690539872,1.0993119760509362,0.9283326142814394,1.1691264872373273,2.4079387295588783,0.143343870014553,651.2442429346823,6.068386310097651,0.5305867250202358,0.0,288.0744058785062,101188.60117501677,1.2236714497703487,340.34308996237473,0.0,0.0,48.78609564791797,1456.2198862542539
0.5,12.014134206347675,49.5885497676453,49.588549774052744,103.36270328377829,-7.571458397919371e-05,-4.966006899202985e-10,1.6075583753055864e-05,5.764423363828664,1.096632649339728,0.9281175646560528,1.1691392929437625,2.410217282877097,0.1457022979956081,658.6237810982482,6.270529847521045,0.5306794717695874,0.0,288.07190812765873,101184.09433937976,1.223627558179631,340.3415763253612,0.0,0.0,49.58854977405278,1504.4649307030686
0.5078125,12.404699305448611,50.39613777140982,50.396137778321716,103.37973045475943,-8.208861001611671e-05,-5.580814902948979e-10,1.656208261831231e-05,5.761728942319083,1.0939382278301468,0.9279011017848063,1.169152405232935,2.412513034481286,0.14807584229832407,658.6237810982482,6.477355494427802,0.5307743428976462,0.0,288.0693694545146,101179.51366528716,1.2235829467041381,340.34003788943585,0.0,0.0,50.396137778321744,1553.810060347408
0.515625,12.801564424262423,51.20010264165011,51.20010264908659,102.43508919674751,-8.875745685867733e-05,-6.245965267050426e-10,1.7043671722247384e-05,5.759045841908281,1.0912551274193454,0.9276853471479878,1.1691656777583264,2.414803306103386,0.1504387733522801,653.0891274755738,6.686630372898095,0.5308703147322227,0.0,288.06678983124226,101174.85910252108,1.2235376148167376,340.3384746377328,0.0,0.0,51.20010264908662,1603.7216529639927
0.5234375,13.204697974185946,52.00294075244029,52.002940760421154,103.09143372956315,-9.57247828780493e-05,-6.963632474434655e-10,1.7519672335231315e-05,5.756366515197072,1.0885758007081372,0.9274696952568507,1.1691791512057812,2.4170945594893043,0.15279842648109326,656.7788965573568,6.89897791788731,0.5309676728893842,0.0,288.0641694631678,101170.13102156289,1.223491566087046,340.3368866946797,0.0,0.0,52.00294076042119,1654.3476984099145
0.53125,13.614113943382735,52.80714950652241,52.807149515067124,102.78588205092119,-0.00010299419311189302,-7.736006724039102e-10,1.798942338002873e-05,5.753683414786272,1.0858927002973358,0.9272535383602305,1.169192868956849,2.4193933059661843,0.15516214024369357,654.9340120164652,7.115063871361592,0.5310667196688201,0.0,288.061508259368,101165.32925835488,1.2234447988780917,340.335274005177,0.0,0.0,52.80714951506715,1705.846048875522
0.5390625,14.029800196580396,53.607714559928574,53.60771456905741,102.1586177084286,-0.00011056924969501509,-8.565293040210859e-10,1.8454779826008e-05,5.751011635474249,1.083220920985314,0.9270380930993326,1.169206741879874,2.421686487805413,0.15751518157866273,651.2442429346823,7.333527805678169,0.5311668314283874,0.0,288.05880629872223,101160.45395522345,1.2233973145363113,340.3336366170257,0.0,0.0,53.60771456905743,1757.8916866825332
0.546875,14.451731502635385,54.407135175907854,54.407135185640655,102.49299527293087,-0.00011845344967718224,-9.453710616232578e-10,1.891498604726121e-05,5.748343629861822,1.0805529153728857,0.9268227522896542,1.1692208127553334,2.4239806046567924,0.15986489440157028,653.0891274755738,7.555025351397924,0.5312683072330391,0.0,288.05606374523285,101155.50540808764,1.2233491159036358,340.3319746296111,6.382648337376468e-05,8.237798591287617e-06,54.407135185640676,1810.6400989348442
0.5546875,14.879925016069032,55.21167552742388,55.21167553777938,103.46932757114838,-0.00012665023730473962,-1.0403491773649017e-09,1.9368013195111804e-05,5.74566052945102,1.0778698149620842,0.9266059914563901,1.1692351968745607,2.4262920541817055,0.1622296853631096,658.6237810982482,7.781322525906205,0.531371953411357,0.0,288.0532804873955,101150.48341575367,1.223300200979611,340.33028797536167,6.993155330414994e-05,4.076579632423775e-06,55.211675537779406,1864.5108099371946
0.5625,15.314420730190955,56.01882585899985,56.01882586999719,103.16103162088963,-0.00013516303337806395,-1.1416880883658265e-09,1.9814897189411008e-05,5.742969881641032,1.0751791671520963,0.9263884174924287,1.16924985119344,2.428614337010112,0.1646021807708328,656.7788965573568,8.011764489949837,0.5314774688818613,0.0,288.05045626525373,101145.38750916702,1.223250565153945,340.3285764967438,7.370361036277118e-05,9.080740893789318e-07,56.018825869997215,1919.346713271932
0.5703125,15.75521615760639,56.82481943907039,56.824819450729386,103.17322861434874,-0.00014399522374587345,-1.249613380091115e-09,2.025706953169489e-05,5.740283007530637,1.0724922930417016,0.926170945142931,1.1692647059842465,2.430937608413155,0.16697131327268086,656.7788965573568,8.245286725509185,0.5315843657338963,0.0,288.04759109497553,101140.21771750068,1.2232002086684197,340.3268402035552,7.839305455313911e-05,1.3721321180950862e-06,56.824819450729414,1974.893497491285
0.578125,16.20231531725113,57.63341792155506,57.63341793389473,103.82794350999633,-0.00015315014145393625,-1.3643517254669667e-09,2.0693292499730162e-05,5.737588586021056,1.0697978715321204,0.9259526573753597,1.1692798332253322,2.433271758499725,0.16934813646323366,660.4686656391395,8.482993096370233,0.5316931470131022,0.0,288.04468495043784,101134.97399361925,1.2231491310209168,340.32507907996535,8.55194889216607e-05,1.1074065904827588e-06,57.633417933894755,2031.4127201768579
0.5859375,16.65573854493505,58.442105378880235,58.442105391920066,103.19589119309659,-0.00016263108105885664,-1.4861307829489565e-09,2.1124575864881493e-05,5.734894164511475,1.0671034500225391,0.9257341644917952,1.1692951856891185,2.4356102119732324,0.1717252582650662,656.7788965573568,8.724163351963039,0.5318034822619094,0.0,288.0417376994579,101129.65609901777,1.2230973298445296,340.3232930458715,9.243129894039664e-05,3.328507658745559e-06,58.442105391920094,2088.7320399877935
0.59375,17.115466889415895,59.24836438093157,59.24836439469156,103.2063164667519,-0.00017244128687585964,-1.61517913322159e-09,2.155191163235469e-05,5.73220729040108,1.0644165759121444,0.9255160790903877,1.1693107134057308,2.4379463431534307,0.17409528195479676,656.7788965573568,8.96803392785382,0.5319150216597249,0.0,288.03874946521876,101124.26425596255,1.2230448072600153,340.3214821759226,9.851295206648099e-05,1.9002409978691644e-06,59.248364394691585,2146.6690949284994
0.6015625,17.58149444448491,60.054702518534015,60.05470253303355,103.21614969484831,-0.0001825839408131024,-1.7517262075210021e-09,2.197446913409804e-05,5.729520416290685,1.0617297018017497,0.9252977891455013,1.169326465104053,2.4402867595855158,0.17646557626581577,656.7788965573568,9.2153527672513,0.5320281054795871,0.0,288.0357202861108,101118.79853372353,1.2229915638972895,340.3196464933832,0.00010652614810421772,2.685024456015316e-06,60.05470253303357,2205.400689020425
0.609375,18.05382836369879,60.863631770519156,60.86363178577693,103.86969633013918,-0.00019306217377660658,-1.8960021796669228e-09,2.2391418171224532e-05,5.726825994781104,1.0590352802921685,0.9250786803311023,1.1693424923399558,2.4426381200885348,0.17884352300978112,660.4686656391395,9.466912053114,0.532143093694303,0.0,288.03265011563593,101113.25884840147,1.2229375988935893,340.3177859700754,0.00011468979940584715,3.812558587814247e-06,60.86363178577695,2265.113814988044
0.6171875,18.532498709437586,61.67640807908154,61.67640809511584,104.20096728617952,-0.00020387907856939238,-2.04823786105222e-09,2.2802394497793298e-05,5.724120252172743,1.0563295376838076,0.9248584433145418,1.1693588233654324,2.4450038005089056,0.18123281341468245,662.3135501800311,9.72314784147584,0.5322601833916686,0.0,288.02953875838864,101107.64484741502,1.2228829087680066,340.3159004875835,0.0001231637807672522,1.862972956068457e-06,61.67640809511586,2325.910645125324
0.625,19.017519137360594,62.48799283320827,62.48799285003857,103.56457636755684,-0.00021503771389841112,-2.2086646164470976e-09,2.3209337090695934e-05,5.721418283263976,1.0536275687750398,0.9246383055915348,1.1693753555577908,2.44737049966256,0.183618642452771,658.6237810982482,9.982489650037309,0.5323786568347266,0.0,288.02638612560713,101101.95637060622,1.2228274919133124,340.31398999211797,0.00012853615505067358,6.063543854023317e-06,62.4879928500386,2387.4173662246967
0.6328125,19.50886391890419,63.29586107290176,63.29586109055299,103.24956808338608,-0.00022654108010526088,-2.3775143284100402e-09,2.256856990812612e-05,5.7187276354539875,1.0509369209650519,0.9244188835187047,1.1693926537868686,2.449737702681639,0.1859935909932312,656.7788965573568,10.244101107746571,0.5324981317411731,0.0,288.0231923845271,101096.19371972796,1.2227713512215772,340.3120545850234,0.00014114928361845747,5.1534402805959945e-06,63.29586109055302,2449.4348027260144
0.640625,20.006517114257786,64.10378610125977,64.10378611978074,103.57916730356692,-0.0002383984516226755,-2.2490218152642433e-09,2.1842581368446045e-05,5.716036987643999,1.048246273155064,0.9241992548735515,1.169410224877365,2.452109700038135,0.18836874717501348,658.6237810982482,10.509186262137012,0.5326191556426532,0.0,288.0199576387573,101090.35708172753,1.2227144884660157,340.31009432908695,0.00015177579915988282,9.85187441301456e-06,64.10378611978076,2512.247508359705
0.6484375,20.510482426261554,64.91050118776543,64.91050120720962,102.9397444389597,-0.0002506228509608755,-1.3626703036655577e-09,2.1054212340562294e-05,5.713350113533605,1.0455593990446692,0.9239797278339215,1.1694280281105665,2.45448300276645,0.19074038922536232,654.9340120164652,10.77732489569674,0.5327415358028816,0.0,288.01668186422927,101084.4464131768,1.222656903174905,340.30810920972294,0.0001624985807889399,1.1529194492738064e-05,64.91050120720966,2575.7548941246046
0.65625,21.020730673946602,65.71221606621958,65.71221608664543,102.29911625929924,-0.0002632279953610413,9.38938150725549e-10,2.0220244325402154e-05,5.710678334221583,1.0428876197326475,0.9237612292548664,1.1694459697339379,2.456847404790715,0.19309737972292484,651.2442429346823,11.04721848298807,0.5328646800301634,0.0,288.0133652506193,101078.46205631967,1.2225985986334424,340.3060993418753,0.00016810114998054226,1.0070272721858309e-05,65.71221608664548,2639.648657569694
0.6640625,21.537232618928453,66.51270867427714,66.51270869574621,102.62691957412463,-0.0002762281997993633,5.2546224159129765e-09,1.933513950142913e-05,5.708010328609155,1.0402196141202191,0.9235428351751563,1.1694641328149664,2.4592129763981005,0.19545082050923723,653.0891274755738,11.320104950628425,0.5329891508894805,0.0,288.01000798797696,101072.40435407335,1.2225395781330766,340.30406484071403,0.00018053503204964943,1.0707236656931439e-05,66.51270869574623,2704.22112618142
0.671875,22.059998413163225,67.31576108772893,67.3157611103066,102.95442551110378,-0.0002896386012115907,1.2197772518279474e-08,1.8372376406190626e-05,5.70533477559754,1.0375440611086042,0.9233236181661042,1.1694826170673687,2.4615899890126447,0.19781182593536115,654.9340120164652,11.597288382017641,0.533115540195657,0.0,288.00661001031443,101066.27318737244,1.2224798404636783,340.3020056662506,0.0001902658767891522,7.878839963269545e-06,67.31576111030664,2769.779722292531
0.6796875,22.589041464923874,68.11884373316437,68.11884375692185,102.63460907275771,-0.0003034752269447876,2.2263623210360933e-08,1.7344477961048075e-05,5.702659222585925,1.0348685080969893,0.9231041954541662,1.1695013598792525,2.463971644250863,0.20017296331860007,653.0891274755738,11.877914281346026,0.5332434584620946,0.0,288.00317123047796,101060.06839896034,1.2224193840422783,340.29992176566964,0.00020253833179987305,1.1903363185701597e-05,68.11884375692186,2836.1210785578546
0.6875,23.124352122782987,68.92068851564298,68.92068854065705,102.63755747340451,-0.0003177547887363673,3.597418800331461e-08,1.626303202715383e-05,5.699987443273903,1.0321967287849676,0.9228848766673781,1.1695203254187632,2.466354487513851,0.20253050672650533,653.0891274755738,12.1615348159934,0.5333727105253707,0.0,287.9996917112019,101053.79010203214,1.2223582099203925,340.29781317698837,0.00021054903396202173,1.7873069994535304e-05,68.9206885406571,2903.1382192907217
0.6953125,23.665930570490815,69.72381878161119,69.72381880796411,102.96371651288374,-0.0003324948622037378,5.3904921699476866e-08,1.5141552288474198e-05,5.697311890262288,1.0295211757733527,0.9226650419712724,1.169539563492714,2.468745215214415,0.20489187176445883,654.9340120164652,12.44904827590326,0.5335036924983014,0.0,287.9961714512918,101047.43829443275,1.2222963180250472,340.2956798994828,0.0002183944863518782,2.1337437302403977e-05,69.72381880796416,2971.042327340088
0.703125,24.21378683351296,70.52696517757704,70.52696520535659,102.64163864957392,-0.0003477139051419895,7.69396988341743e-08,1.3984293214903287e-05,5.694636337250674,1.0268456227617377,0.9224450007020517,1.1695590429034701,2.471140422014184,0.20725332886999637,653.0891274755738,12.74001150427804,0.5336362014102658,0.0,287.99261038558217,101041.01285858026,1.2222337071578966,340.29352189366284,0.0,0.0,70.52696520535662,3039.7275095524237
0.7109375,24.767914433007043,71.33012379977073,71.33012382907006,102.96689365055444,-0.00036343080936237994,1.0607058981546729e-07,1.2793503868337884e-05,5.6919607842390585,1.0241700697501228,0.9222247525684121,1.1695787624332235,2.4735400986481135,0.20961486707212726,654.9340120164652,13.034427164711316,0.5337702369372168,0.0,287.9890085561854,101034.51387046064,1.2221703780061075,340.2913391850484,0.0,0.0,71.33012382907009,3109.193232005522
0.71875,25.328320035521845,72.1332890962855,72.13328912720364,102.6433003729852,-0.000379665207422536,1.4216756861009065e-07,1.15367615413778e-05,5.689285231227443,1.0214945167385079,0.9220042972785013,1.1695987413243605,2.4759444404585915,0.2119764705878211,653.0891274755738,13.332297265620985,0.5339057984505042,0.0,287.9853659197691,101027.94125188644,1.222106329753913,340.2891317473801,0.0,0.0,72.1332891272037,3179.43879368253
0.7265625,25.894987182752523,72.93265566855302,72.93265570119624,101.99439885864736,-0.0003964371320624165,1.859380574429175e-07,1.0232552636234622e-05,5.686620999314608,1.0188302848256727,0.9217845686701899,1.1696188761473172,2.478343074771273,0.21432695698005996,649.3993583937909,13.63218662163494,0.5340422335090735,0.0,287.9816825833121,101021.29519588598,1.222041564227876,340.2868996454871,0.0,0.0,72.9326557011963,3250.1247991655873
0.734375,26.467886169177817,73.72948363605725,73.72948367053861,101.99346350493671,-0.00041376721450923557,2.3799571602937691e-07,8.916710925595696e-06,5.68396431480096,1.016173600312024,0.9215652574111919,1.1696391737339509,2.48073916322759,0.21667002960025766,649.3993583937909,13.934532069924714,0.5341797393576151,0.0,287.9779587399003,101014.57605085526,1.2219760847682481,340.2846429963796,0.0,0.0,73.72948367053868,3321.3534597406133
0.7421875,27.04702024803712,74.53010697743898,74.53010701390518,102.96608008503874,-0.00043168053638322135,2.9874887860784096e-07,7.587354638275093e-06,5.681296309188531,1.0135055946995957,0.9213448051658355,1.1696597909408228,2.4831498577498734,0.21902430270689208,654.9340120164652,14.241754940177408,0.5343194121657842,0.0,287.9741943683877,101007.78377863925,1.2219098909478594,340.28236178724296,0.0,0.0,74.53010701390527,3393.6939502327587
0.75,27.632428967825305,75.33452299558468,75.33452303416473,102.9643211046193,-0.00045020362241290907,3.684749059396943e-07,6.2663590795206374e-06,5.678616982477323,1.0108262679883875,0.921123209007394,1.1696807179894295,2.4855750898203555,0.221389769210133,654.9340120164652,14.553907524212729,0.5344612732349712,0.0,287.9703892117091,101000.91791540034,1.2218429781902576,340.28005586229574,0.0,0.0,75.33452303416482,3467.15683825807
0.7578125,28.224122127829396,76.13892287295883,76.13892291378747,102.96194793603378,-0.00046935943220536734,4.475395943769896e-07,4.943413905357209e-06,5.6759376557661145,1.0081469412771793,0.920901403639993,1.1697018674566184,2.4880046381662546,0.22375523661695496,654.9340120164652,14.869536884486577,0.5346046622935052,0.0,287.9665432061691,100993.97834620935,1.2217753453184002,340.27772518293847,0.0,0.0,76.13892291378757,3541.398664065964
0.765625,28.82209627566593,76.94203167456206,76.94203171778024,102.63378449967144,-0.0004891710698262622,5.362031139556487e-07,3.6301993474622134e-06,5.6732621027545,1.0054713882655644,0.9206797016116949,1.1697231997138682,2.4904349810217328,0.22611695866034032,653.0891274755738,15.188137136294166,0.5347493487598188,0.0,287.96265637420817,100986.96511155693,1.2217069926692885,340.27536976277014,0.0,0.0,76.94203171778031,3616.2992727403484
0.7734375,29.42633137812153,77.74130249531724,77.74130254107209,101.97940532729069,-0.0005096614996503736,6.346649605174311e-07,2.332210248293672e-06,5.6705978708416644,1.0028071563527292,0.920458729788836,1.1697446444658777,2.4928591467704164,0.2284674508371101,649.3993583937909,15.508665954472097,0.5348948597718381,0.0,287.95872884604216,100979.87844639912,1.2216379224747345,340.2729896807016,0.0,0.0,77.74130254107216,3691.6127379961376
0.78125,30.036794112667764,78.5367277887931,78.53672783724286,101.6493518264946,-0.0005308535744043397,7.430157769626463e-07,1.2046923000460243e-06,5.66794496002761,1.0001542455386738,0.9202384905252216,1.1697661066357652,2.495276161105436,0.23080669115595281,647.5544738528995,15.83107444585761,0.535041172453814,0.0,287.95476083826765,100972.71874155331,1.221568138485351,340.27058506799017,0.0,0.0,78.53672783724298,3767.3269007261542
0.7890625,30.65347096247514,79.3333868514382,79.33338690275531,102.29531050872735,-0.000552774002120775,8.592338498284293e-07,8.763859243710687e-07,5.66528827551396,0.9974975610250252,0.920017731271496,1.1697873450924179,2.4976961382092187,0.23314960718191025,651.2442429346823,16.157414319689735,0.5351892133401174,0.0,287.9507524387439,100965.4861555493,1.2214976421874175,340.2681559778788,0.0,0.0,79.33338690275541,3843.9225491758516
0.796875,31.276384796152232,80.1325471757341,80.1325472300693,102.28963376607616,-0.000575445431828147,9.82338015449538e-07,1.723066572263918e-06,5.6626240436011255,0.99483332911219,0.9197961368338177,1.169808172436505,2.5001203560268737,0.23549992456965765,651.2442429346823,16.48823484371804,0.5353392286191055,0.0,287.946703498825,100958.18042017658,1.2214264309071514,340.2657023202879,0.0,0.0,80.13254723006939,3921.527043593826
0.8046875,31.90554852092965,80.93420696043579,80.93420701793896,102.93521126988949,-0.0005988876472977317,1.1142415038786613e-06,2.787274051312864e-06,5.659952264289104,0.9921615498001684,0.919573705146311,1.169829158476775,2.5025545333046404,0.23785763873025526,654.9340120164652,16.823572345244937,0.5354912323902068,0.0,287.9426139346139,100950.80138405501,1.2213545031087016,340.26322404437605,0.0,0.0,80.9342070179391,4000.1472099488283
0.8125,32.54099159655744,81.73963628939133,81.7396363502384,103.25461610933968,-0.0006231228403876594,1.256468330884237e-06,3.843373172443172e-06,5.657269163878302,0.9894784493893669,0.919350119517142,1.1698504738895419,2.505003543723999,0.2402264830974907,656.7788965573568,17.1640053157119,0.5356454834050688,0.0,287.93848355462234,100943.34870167107,1.2212818553630256,340.26072103410115,0.0,0.0,81.7396363502385,4079.916845706373
0.8203125,33.182726877403795,82.54373664649326,82.54373671084336,102.59493630594045,-0.0006481724942250843,1.4097429270377362e-06,4.868371506956372e-06,5.654589837167094,0.9867991226781587,0.919126636619265,1.16987199472828,2.507453581090151,0.24259147421295268,653.0891274755738,17.50739298543983,0.5358010131873281,0.0,287.93431227529686,100935.82222226459,1.221208486138593,340.2581932388299,0.0,0.0,82.54373671084348,4160.332757916302
0.828125,33.83072736869647,83.34395365849777,83.34395372652733,102.26050054596095,-0.0006740561892761267,1.575404274731909e-06,5.8233425279697735e-06,5.651921831554666,0.9841311170657303,0.9189038874696172,1.1698936718672082,2.50989784397591,0.24494510521315757,651.2442429346823,17.852611347541608,0.5359573134728571,0.0,287.93010027210346,100928.22226243895,1.2211343984592138,340.2556407648947,0.0,0.0,83.34395372652747,4241.130807472146
0.8359375,34.48497266179219,84.14282995377795,84.14283002566847,102.2517318889672,-0.0007007947850983777,1.7553817826661155e-06,6.713051675112368e-06,5.649257599641831,0.9814668851528952,0.9186812434306891,1.1699155711191234,2.512343276884342,0.24729484905289773,651.2442429346823,18.20073078883047,0.5361148659451347,0.0,287.9258476776983,100920.5490615534,1.2210595945954008,340.25306369268515,0.0,0.0,84.14283002566857,4322.560638546631
0.84375,35.14545890204603,84.94163532431847,84.94163540025612,102.24234373867343,-0.0007284094077440817,1.951794140115211e-06,7.567780309626587e-06,5.646593367728996,0.97880265324006,0.9184583892915058,1.1699377097917016,2.514793205001958,0.24964443807551195,651.2442429346823,18.552301634487183,0.5362739171114745,0.0,287.92155451713666,100912.80266481644,1.2209840749245264,340.2504620373848,0.0,0.0,84.94163540025625,4404.749759280859
0.8515625,35.81219216575159,85.74291832977049,85.74291840994921,102.88604153545018,-0.0007569214001586947,2.16675023408891e-06,8.354636054502585e-06,5.6439215884169744,0.9761308739280383,0.9182346925445221,1.169960180721715,2.5172548817719296,0.25200136310825727,654.9340120164652,18.908471346431387,0.5364350284029912,0.0,287.9172207509226,100904.98300096332,1.2209078386878576,340.2478357750591,0.0,0.0,85.74291840994935,4487.964461094596
0.859375,36.485201769669445,86.5479524785175,86.5479525631352,103.20261733637582,-0.0007863529913498794,2.402513441711399e-06,9.077730651453782e-06,5.641238488006173,0.9734477735172369,0.9180098346886908,1.1699830206932431,2.519731860045523,0.25436936783247815,656.7788965573568,19.26985254008187,0.536598434991063,0.0,287.9128461884971,100897.08972615757,1.2208308824684642,340.24518479022925,0.0,0.0,86.54795256313533,4572.346219195918
0.8671875,37.1645003767417,87.35162466542872,87.35162475468032,102.53732682383765,-0.0008167249622468543,2.6611751347927566e-06,9.736936852923723e-06,5.638559161294964,0.9707684468060287,0.9177850795433061,1.1700060833248769,2.5222100378157073,0.25673342523524645,653.0891274755738,19.63416268603601,0.5367630985865004,0.0,287.90843074755117,100889.12269188411,1.220753204752785,340.242509033016,0.0,0.0,87.35162475468049,4657.36046334532
0.875,37.85005735813989,88.15009482866506,88.1500949227413,101.87090176964182,-0.000848055451519539,2.9448615615099598e-06,1.032459081668187e-05,5.635894929382129,0.9681042148931935,0.9175613787276401,1.1700292586461285,2.524678799184884,0.25908224930886664,649.3993583937909,19.99961626662005,0.536928214670328,0.0,287.9039746271721,100881.08225736776,1.220674808977102,340.2398086240663,0.0,0.0,88.15009492274142,4742.58971435774
0.8828125,38.54184203141011,88.94719150242486,88.94719160152299,102.18576390978593,-0.000880361864462705,3.25535020512101e-06,1.085507404587036e-05,5.633234471168887,0.9654437566799516,0.9173377836199137,1.1700526483179807,2.5271486469806703,0.2614270926565777,651.2442429346823,20.367932746851274,0.5370945558821352,0.0,287.8994780267958,100872.9687824623,1.2205956985836486,340.23708368423826,0.0,0.0,88.94719160152314,4828.434230535935
0.890625,39.23986029492827,89.7454668468857,89.7454669512091,102.17262461710696,-0.000913663099548593,3.5944093256976008e-06,1.1313828686006915e-05,5.630570239256052,0.9627795247671165,0.9171136596077512,1.1700763368866447,2.5296267727889354,0.26377545689146487,651.2442429346823,20.740299063139016,0.5372626540912788,0.0,287.89494090808296,100864.78219798965,1.2205158728310173,340.2343341902983,-0.0001857824128744985,2.2024270215358997e-05,89.74546695120928,4915.169275432228
0.8984375,39.94412134538871,90.54619773034752,90.54619784010293,102.81441319611378,-0.0009479777135547604,3.963931005519038e-06,1.1722839259407686e-05,5.6278984599440305,0.9601077454550948,0.9168886875814218,1.1701003513499544,2.5321166376853252,0.2661310955746955,654.9340120164652,21.11734201458216,0.5374327885441023,0.0,287.89036321125496,100856.522396088,1.2204353305998925,340.23156010602054,-0.00017948494349241223,2.7472956290460512e-05,90.5461978401031,5002.939059175557
0.90625,40.65465435460884,91.35066110678777,91.35066122218629,103.1281255956147,-0.0009833250907422897,4.365524431442059e-06,1.2096173057631e-05,5.625215359533229,0.9574246450442934,0.9166625472159761,1.1701247248127418,2.534621775967657,0.26849776270739106,656.7788965573568,21.499711386746263,0.537605248230369,0.0,287.885744746695,100848.18903462082,1.220354068485668,340.2287613164972,-0.0001728108871634938,3.588684520216733e-05,91.35066122218646,5091.892757215338
0.9140625,41.371471791911915,92.15372920733539,92.15372932858224,102.4571758758644,-0.0010197233057283926,4.799985274679062e-06,1.2342596826238985e-05,5.622536032822021,0.9547453183330852,0.9164365095347674,1.1701493558892342,2.5371284635446676,0.27086038745868024,653.0891274755738,21.88498158301778,0.5377789418660766,0.0,287.88108543335255,100839.78196734386,1.220272084993014,340.22593777261164,-0.00015189355974773759,4.421594144921808e-05,92.15372932858243,5181.464310821307
0.921875,42.09454605040643,92.95283327434804,92.95283340163938,102.11335003028135,-0.0010571872654878943,5.267086200701231e-06,1.2469859371372419e-05,5.619868027209592,0.9520773127206568,0.9162112127751487,1.1701741588033092,2.539629460281605,0.2732114199407788,651.2442429346823,22.271884661900373,0.5379532994224001,0.0,287.87638545067233,100831.30151803968,1.2201893832096005,340.2230895831074,-0.0001436478499490916,4.4713458020470974e-05,92.95283340163957,5271.357991982036
0.9296875,42.82385614823347,93.75053054350079,93.75053067703274,102.09705086472175,-0.0010957309960034525,5.765688321261342e-06,1.2507507811058383e-05,5.617203795296757,0.9494130808078216,0.9159860211166513,1.1701991935204423,2.5421317240379104,0.27555837671958117,651.2442429346823,22.66163253876577,0.5381288633703498,0.0,287.87164493503644,100822.7479327903,1.2201059654651174,340.2202168306321,-0.00012794745915293545,4.049498148589484e-05,93.75053067703291,5361.8544951772055
0.9375,43.55939775212919,94.54809800402023,94.54809814397376,102.08011891656311,-0.0011353684886747715,6.294259367528975e-06,1.1480626694851052e-05,5.614539563383922,0.9467488488949865,0.91576061574061,1.1702250772685003,2.5446446152789037,0.27790501163774606,651.2442429346823,23.054846320633125,0.5383059104394378,0.0,287.86686391461114,100814.12126241768,1.220021832184616,340.21731953225435,-0.00010461976588962643,4.3816609957724644e-05,94.54809814397392,5453.096728903801
0.9453125,44.30116648507126,95.34424675045088,95.34424689692976,101.7338464065459,-0.0011761047127887825,6.852205956429e-06,1.0471869881368021e-05,5.61187910517068,0.9440883906817445,0.9155353160683587,1.1702511273788425,2.547158113104838,0.2802475366711041,649.3993583937909,23.450882702753255,0.5384841507298509,0.0,287.862042417847,100805.42155825694,1.21993698379761,340.21439770521533,0.0,0.0,95.34424689692992,5544.934078774331
0.953125,45.04915124420491,96.14025599536117,96.14025614846904,102.0444337433269,-0.0012179398350319883,7.439507858320576e-06,9.481366600696697e-06,5.609218646957438,0.9414279324685026,0.9153098026763716,1.170277384219191,2.5496758154281927,0.28258971223558577,651.2442429346823,23.850375249977294,0.538663866240741,0.0,287.85718051691265,100796.64895052597,1.2198514215024556,340.21145139324904,0.0,0.0,96.14025614846922,5637.51214817222
0.9609375,45.80335760636692,96.93611978407148,96.93611994390928,101.69658276727681,-0.0012608750291809197,8.056190427769785e-06,8.509554654902535e-06,5.606558188744197,0.9387674742552607,0.915084075260402,1.1703038474145357,2.552197721541337,0.28493152134317185,649.3993583937909,24.253324156266252,0.5388450551454955,0.0,287.8522781755586,100787.8033738178,1.2197651445889797,340.20848057438855,0.0,0.0,96.93611994390946,5730.829500855425
0.96875,46.56377437835061,97.7305483972091,97.73054856387222,101.67704218531229,-0.0013049102789456746,8.702230372957368e-06,7.557459987158919e-06,5.603901504230548,0.9361107897416121,0.9148584541523044,1.1703304740471057,2.554720198948013,0.28726917345198566,649.3993583937909,24.659068223679842,0.5390274199832195,0.0,287.8473354665407,100778.88495941,1.2196781542648112,340.20548529272367,0.0,0.0,97.73054856387239,5824.731658615138
0.9765625,47.33040037099407,98.52610825820075,98.52610843178736,101.98619425039794,-0.0013500461315579392,9.377631108660198e-06,6.626293557627154e-06,5.601241046017305,0.9334503315283702,0.9146322980779793,1.1703573475829292,2.557250495049499,0.2896102127644809,651.2442429346823,25.06892697182981,0.5392115487198865,0.0,287.8423523975885,100769.89372124946,1.219590450592645,340.20246555293863,0.0,0.0,98.52610843178755,5919.522537315961
0.984375,48.10324105097987,99.32022077883478,99.32022095943498,101.30648649935775,-0.0013962834903989824,1.0082413527317692e-05,5.718746513098591e-06,5.598584361503657,0.9307936470147216,0.9144062483098985,1.17038438131426,2.5597813300436156,0.29194706025696243,647.5544738528995,25.481569262846982,0.5393968446416946,0.0,287.83732893316864,100760.82959522113,1.219502032873106,340.1994213335002,0.0,0.0,99.32022095943513,6014.892737844836
0.9921875,48.88227504022665,100.1128816729156,100.11288186061665,101.61461400513946,-0.0014436214016475537,1.0816521406618723e-05,4.839185077454592e-06,5.595931450689601,0.9281407362006662,0.9141803054567897,1.1704115715295753,2.5623126607278555,0.29427970364932826,649.3993583937909,25.89697857464114,0.5395832988843969,0.0,287.8322652122385,100751.69283205409,1.2194129034774948,340.19635271861654,0.0,0.0,100.11288186061682,6110.837246199278
1.0,49.66751109178994,100.90794818917455,100.9079483840695,101.92232474755302,-0.0014920607985739035,1.1579981939442957e-05,3.995512347085326e-06,5.59327099247636,0.9254802779874243,0.9139535045608044,1.1704390438042103,2.5648553924340587,0.2966194817640543,651.2442429346823,26.317197181745335,0.5397718207739295,0.0,287.82716117790335,100742.48332908966,1.2193230613293597,340.1932596738094,0.0,0.0,100.90794838406968,6207.826133805594
1.0078125,50.458957918085304,101.70155059299043,101.70155079516147,101.23976768456157,-0.0015416025387802546,1.2372821044408555e-05,3.2039922245384473e-06,5.590614307962712,0.9228235934737756,0.9137268099675251,1.1704666580073961,2.5673984803987104,0.2989550201190298,647.5544738528995,26.740182167991946,0.5399614967903739,0.0,287.8220167735324,100733.20098414582,1.2192325053561548,340.1901421647607,0.0,0.0,101.70155079516164,6305.386137440467
1.015625,51.25659399578109,102.49368462542674,102.49368483495338,101.5464542669223,-0.0015922454020020516,1.3194978035181152e-05,2.4990895547638157e-06,5.587961397148656,0.9201706826597202,0.9135002222878497,1.1704943926309253,2.569941703430756,0.3012863065070771,649.3993583937909,27.165922376606492,0.5401524294944788,0.0,287.8168321390274,100723.84604965517,1.2191412379442934,340.1870002762506,0.0,0.0,102.49368483495357,6403.512184378007
1.0234375,52.06042797560666,103.2882129829169,103.28821319988452,101.85271439764229,-0.0016439900594395927,1.4046475929444345e-05,1.9567102807323153e-06,5.585300938935414,0.9175102244464783,0.9132727738084706,1.1705223363394686,2.5724956253099793,0.3036246960745259,651.2442429346823,27.596514499656546,0.5403455309342173,0.0,287.81160721815854,100714.41842415916,1.2190492580271655,340.18383397420405,0.0,0.0,103.28821319988468,6502.686067504893
1.03125,52.87047182813421,104.08255101605354,104.08255124053952,101.49771041559835,-0.0016968373289512873,1.4927345902317144e-05,1.715964307878099e-06,5.582640480722172,0.9148497662332364,0.913045108543799,1.170550318155064,2.5750520961126497,0.3059625916923147,649.3993583937909,28.03056704554984,0.5405400896651682,0.0,287.8063419331171,100704.91796726303,1.2189565641575149,340.180643211469,0.0,0.0,104.08255124053967,6602.586395539605
1.0390625,53.68671060400509,104.87411224997028,104.87411248204383,101.14185486311047,-0.0017507861757933816,1.583754176340645e-05,1.8774871779018646e-06,5.579987569908116,0.912196855419181,0.9128178729658898,1.1705781870715628,2.57760314105673,0.3082923904862248,647.5544738528995,28.466645114888806,0.5407354649089007,0.0,287.80103638107397,100695.3448542977,1.2188631579679148,340.1774280469308,0.0,0.0,104.87411248204404,6702.881652310084
1.046875,54.509132676152596,105.66676566795562,105.66676590769178,101.77733754896816,-0.001805835687229791,1.6777025417061256e-05,2.3458327825869377e-06,5.577330885394468,0.9095401709055324,0.9125900975160017,1.1706061355972581,2.580160380812564,0.31062546622197634,651.2442429346823,28.90688472451527,0.540932606015303,0.0,287.795690637605,100685.69922162918,1.2187690407103797,340.17418852638866,0.0,0.0,105.66676590769195,6804.061787919257
1.0546875,55.33775664676041,106.46050543070584,106.46050567817734,101.41993066396894,-0.0018619868596731445,1.77458426115305e-05,2.9688857568304168e-06,5.574670427181227,0.9068797126922905,0.9123617809597163,1.1706342547803799,2.582724738206635,0.31296180239594396,649.3993583937909,29.35130300077211,0.5411315180414602,0.0,287.790304581796,100675.98085108506,1.2186742101769166,340.1709245765684,0.0,0.0,106.46050567817755,6906.128809864679
1.0625,56.17257079342695,107.25144963447043,107.25144988973913,101.06167552811725,-0.0019192386208281642,1.874395252235997e-05,3.6603209444782874e-06,5.572017516367171,0.9042268018782351,0.9121338950093254,1.1706624561463959,2.5852856113707046,0.3152899878250634,647.5544738528995,29.79770933562533,0.5413312249468609,0.0,287.7848782898427,100666.18988014942,1.2185786676292525,340.16763624364467,0.0,0.0,107.25144988973932,7008.578133871737
1.0703125,57.013556619022275,108.04088538708339,108.04088565021144,101.03377604727329,-0.0019775893583045623,1.9771293716707102e-05,4.381169464055806e-06,5.569368379252708,0.901577664763773,0.9119061165818265,1.1706908077242637,2.587846911424372,0.31761380648814136,647.5544738528995,30.246810084572303,0.5415320395018114,0.0,287.77941188197633,100656.32652576262,1.2184824151041105,340.1643236004777,0.0,0.0,108.04088565021162,7111.570855464747
1.078125,57.860709053484065,108.83010066864125,108.83010093969118,101.00523481018327,-0.0020370382529562203,2.082784114718839e-05,5.113421994868892e-06,5.566719242138246,0.8989285276493109,0.9116781213601045,1.1707193666135056,2.590412452534011,0.31993704512098603,647.5544738528995,30.69933558225263,0.5417342843906842,0.0,287.7739053911523,100646.390847388,1.2183854531010905,340.1609866670383,0.0,0.0,108.83010093969136,7215.273091666106
1.0859375,58.714019610415505,109.61650059523002,109.61650087425639,100.3130309985788,-0.0020975841788367687,2.1913558880719822e-05,5.848112539416065e-06,5.564077652422971,0.8962869379340352,0.9114505595207455,1.1707480418463203,2.592974823255748,0.3222520756976164,643.8647047711166,31.153774870872272,0.5419372873627566,0.0,287.7683588725323,100636.38294455675,1.218287782510325,340.15762547675456,0.0,0.0,109.61650087425656,7319.337318997034
1.09375,59.57346627709124,110.40267086132096,110.40267114838142,100.94647045070761,-0.0021592250288866746,2.3028371422198093e-05,6.580326463176556e-06,5.5614360627076955,0.8936453482187596,0.9112227815052019,1.1707769309292357,2.5955414942403388,0.3245664999225743,647.5544738528995,31.61161507630981,0.5421417067824176,0.0,287.76277246919886,100626.30307544128,1.218189405769824,340.1542401163345,0.0,0.0,110.4026711483816,7424.102935958112
1.1015625,60.43907085200984,111.19249270508006,111.19249300023841,101.24782650574264,-0.0022219614959493343,2.417232548963029e-05,7.307010442807698e-06,5.55878315189364,0.8909924374047042,0.9109938094196747,1.1708061819095927,2.5981237248991804,0.32689172869818045,649.3993583937909,32.075158021771074,0.5423485604205096,0.0,287.75714603946193,100616.15098438169,1.2180903203022373,340.1508304999139,0.0,0.0,111.19249300023863,7530.094584005501
1.109375,61.31084834811679,111.9820735550671,111.98207385837668,100.88476244273085,-0.0022857937677453954,2.5345447750433063e-05,8.026748071915422e-06,5.556130241079584,0.8883395265906489,0.9107646186774583,1.1708356512693963,2.60071032591938,0.32921631912556093,647.5544738528995,32.54213565117265,0.5425568402096321,0.0,287.7514794857372,100605.92649530133,1.2179905243060156,340.1473965683567,0.0,0.0,111.98207385837685,7636.79137063481
1.1171875,62.1887833562758,112.76881470420001,112.7688150157223,100.52086420160745,-0.002350719955910323,2.6547677965411033e-05,8.740887029617506e-06,5.553484877664715,0.88569416317578,0.9105358619352937,1.1708652388914613,2.6032937695616765,0.33153263160302987,645.709589312008,33.010986925465595,0.542765853318843,0.0,287.74577290818416,100595.62978892353,1.2178900194614868,340.1439383823596,0.0,0.0,112.76881501572251,7743.835334224367
1.125,63.07285704612925,113.55400766645054,113.55400798623337,100.48843293067058,-0.002416739572740604,2.777727100448354e-05,8.592790488948577e-06,5.55084328794944,0.8830525734605044,0.9103072139515852,1.170895499483424,2.6058828553183875,0.3338444633027135,645.709589312008,33.48246147176636,0.5429759304025465,0.0,287.74002642920016,100585.26108609683,1.2177888078403396,340.1404560160953,0.0,0.0,113.55400798623356,7851.396642414615
1.1328125,63.96306744153128,114.34024336691758,114.34024369511542,100.78781012499158,-0.0024838569681853583,2.9029052878273262e-05,8.31235069202174e-06,5.548197924534572,0.8804072100456355,0.9100780211348722,1.170926100408276,2.608480792734038,0.3361594318723975,647.5544738528995,33.95812638747096,0.5431877625876751,0.0,287.73424006163003,100574.8204099981,1.2176868895843709,340.1369494773478,0.0,0.0,114.3402436951156,7959.8312644465805
1.140625,64.85942266806784,115.12621765900836,115.1262179958005,100.42150199945303,-0.002552084050453459,3.029206417449015e-05,7.969892716229957e-06,5.5455525611197025,0.8777618466307666,0.9098486096570666,1.1709569502110744,2.611083405540078,0.3384737037138868,645.709589312008,34.43719921359069,0.5434010015937717,0.0,287.72841375265756,100564.30766532784,1.217584263678224,340.1334187341105,0.0,0.0,115.1262179958007,8068.958962459225
1.1484375,65.76190374652528,115.90802709807731,115.90802744365821,99.72160500550318,-0.0026214331334967543,3.155547284472629e-05,7.5871205139549305e-06,5.542918518803614,0.8751278043146775,0.9096199623987119,1.1709878824729116,2.613679200741997,0.3407758028885629,642.019820230225,34.91726175475839,0.5436145779629993,0.0,287.72254762564756,100553.72307468043,1.2174809322092788,340.12986386114244,0.0,0.0,115.90802744365841,8178.227780508514
1.15625,66.67047811521572,116.68696566083197,116.68696601541515,99.68656723453078,-0.0026919176421376836,3.280865620730857e-05,7.219501107977875e-06,5.54029202388671,0.8725013093977749,0.9093917538103545,1.1710189123899584,2.616271585796038,0.3430695337761878,642.019820230225,35.399070723446165,0.5438288253478072,0.0,287.71664189225106,100543.06701994987,1.2173768988199265,340.12628498670415,0.0,0.0,116.68696601541538,8287.809429580513
1.1640625,67.5851436420885,117.46823015679176,117.46823052061663,100.31705058948923,-0.002763554052649091,3.4041515033263394e-05,6.918328476157798e-06,5.5376579815706215,0.8698672670816858,0.9091626720388796,1.171050214908816,2.618875428699364,0.34537017581041785,645.709589312008,35.88586253095687,0.5440451697436777,0.0,287.7106965663264,100532.33952614159,1.2172721636681179,340.1226821191938,0.0,0.0,117.46823052061683,8398.43854702615
1.171875,68.50592864578516,118.2531174298689,118.2531178031848,100.61399323458282,-0.002836361475597122,3.52453467323871e-05,6.6171391067107825e-06,5.535012618155752,0.867221903666817,0.9089323862333648,1.1710818837245343,2.6214949749116943,0.34768154272348395,647.5544738528995,36.37849724104116,0.5442639866981545,0.0,287.70471146380237,100521.54026112534,1.2171667234242374,340.1190551470643,0.0,0.0,118.25311780318502,8510.307934499953
1.1796875,69.43284785552237,119.03771805766179,119.03771844072098,100.24366262942233,-0.0029103587415996008,3.64120255310479e-05,6.292561181108356e-06,5.532367254740883,0.8645765402519481,0.9087018802003718,1.1711137777379583,2.624118975375865,0.34999214100993,645.709589312008,36.87453472933631,0.5444841977829699,0.0,287.6986864889391,100510.66905215211,1.2170605763137798,340.11540401229706,0.0,0.0,119.03771844072118,8622.861045971069
1.1875,70.36588544767353,119.8194222553586,119.81942264842083,99.87250838156393,-0.0029855636709416873,3.753440630897255e-05,5.964058299250685e-06,5.529729438725202,0.8619387242362657,0.9084718122162436,1.1711457791020743,2.6267396688583067,0.35229429775679566,643.8647047711166,37.37233974898708,0.5447056665177461,0.0,287.6926217445901,100499.72608480652,1.2169537240603745,340.11172877722163,0.0,0.0,119.81942264842104,8735.716140899483
1.1953125,71.305022163546,120.59952719637977,120.59952759974179,99.83425606049333,-0.0030619952373414946,3.8605484925852126e-05,5.755456567173658e-06,5.527095396409113,0.8593046819201766,0.9082418542411824,1.171177865593168,2.629360113519855,0.354591827104942,643.8647047711166,37.872678123533696,0.544928144115483,0.0,287.6865173559369,100488.71158496077,1.2168461687807735,340.1080295176978,0.0,0.0,120.59952759974202,8849.055046303589
1.203125,72.25025227533611,121.37933076992377,121.37933118389294,99.79535837007923,-0.003139675368008446,3.961772002758576e-05,5.687189760900533e-06,5.524461354093023,0.8566706396040875,0.9080116769799328,1.1712100776825332,2.6319840070260034,0.356888545517054,643.8647047711166,38.37638039914744,0.5451519931137478,0.0,287.6803733602103,100477.62561979238,1.216737911041781,340.1043062562875,0.0,0.0,121.37933118389313,8963.06455980284
1.2109375,73.20157340890859,122.15882793146768,122.1588283563597,99.75581465801937,-0.003218626300549535,4.056345917171783e-05,5.721696641821032e-06,5.521827311776934,0.8540365972879984,0.9077812801186801,1.1712424374412158,2.634611573225357,0.35918443861045984,643.8647047711166,38.88344507332769,0.5453772107586483,0.0,287.67418977284206,100466.46821714599,1.2166289510256025,340.10055900234227,0.0,0.0,122.15882835635988,9077.742690689409
1.21875,74.15898315069808,122.93801363144178,122.93801406758554,99.71562428721407,-0.0032988703534170406,4.1435759604314404e-05,5.823895388106165e-06,5.519193269460845,0.8514025549719093,0.9075506633430117,1.1712749654337173,2.6372430209070563,0.3614794919862632,643.8647047711166,39.39387056896384,0.5456037942597812,0.0,287.6679666095204,100455.23940532867,1.2165192889184189,340.0967877653694,0.0,0.0,122.93801406758571,9193.087426974436
1.2265625,75.12247564655722,123.71557678726276,123.71557723499646,99.3404431043741,-0.0033804307348213676,4.222824406153677e-05,6.02716512221542e-06,5.516563000844349,0.8487722863554135,0.9073201572076371,1.171307586628908,2.6398742942127083,0.3637698510065729,642.019820230225,39.90678468928758,0.545831358025,0.0,287.66170390829734,100443.93925299976,1.2164089252999821,340.0929925684282,0.0,0.0,123.71557723499663,9308.900194853895
1.234375,76.09203139683737,124.49020572743328,124.49020618710857,98.96446645732091,-0.0034633301294839025,4.293610307526606e-05,6.2811708659941894e-06,5.51394027962704,0.8461495651381041,0.9070900935287173,1.171340274054255,2.642501805255376,0.36605165906988624,640.1749356893337,40.421290438055614,0.5460595065672321,0.0,287.6554017959205,100432.56798885747,1.2162978623127074,340.08917348832784,0.0,0.0,124.49020618710878,9424.977460375578
1.2421875,77.06763426244542,125.26450879216243,125.26450926413128,99.25701911910903,-0.003547591580186321,4.3554876137666835e-05,6.6009789461580424e-06,5.511317558409731,0.8435268439207948,0.9068598108847726,1.1713731280539117,2.6451331716913904,0.3683325859639877,642.019820230225,40.93911582804356,0.5462889980682202,0.0,287.64906037729406,100421.12580218629,1.216186101713837,340.0853305886402,0.0,0.0,125.2645092641315,9541.708026312772
1.25,78.04929529370469,126.04109548717278,126.04109597179455,99.54907492983192,-0.0036332390053511474,4.408114618956107e-05,6.913769466522345e-06,5.508687289793235,0.840896575304299,0.9066286453314522,1.171406304010491,2.6477765867903877,0.3706203053640781,643.8647047711166,41.462038233036765,0.5465206103703326,0.0,287.6426795805909,100409.61256338448,1.2160736421454579,340.0814638258381,0.0,0.0,126.0410959717948,9659.490539991551
1.2578125,79.03701868595577,126.81472788241612,126.81472838003909,98.50072236494775,-0.0037202958758414976,4.4511910959987085e-05,7.231470735288352e-06,5.506064568575925,0.8382738540869896,0.9063979231862388,1.1714395702433933,2.6504164705715447,0.37289941583901814,638.3300511484423,41.98650653402087,0.5467527826987414,0.0,287.63625937854124,100398.0282232477,1.2159604830342126,340.077573183396,0.0,0.0,126.81472838003931,9777.523247700177
1.265625,80.03076089562603,127.5827841091943,127.58278462016514,98.12157629210323,-0.003808781493042727,4.484600061548951e-05,7.453679394053614e-06,5.503456942156989,0.8356662276680532,0.9061683109277161,1.1714728696720775,2.6530455874436143,0.3751622076759566,636.4851666075507,42.51067671764536,0.546984706449804,0.0,287.6298000541784,100386.3732924691,1.2158466292756795,340.07365883283217,0.0,0.0,127.5827846201654,9895.39085853464
1.2734375,81.03050560924756,128.35311419762243,128.35311472230873,99.08282329119048,-0.003898716893465978,4.508377638188162e-05,7.629641909816836e-06,5.500841768338866,0.8330510538499303,0.9059378154521407,1.1715065130825328,2.6556869763039215,0.37743176430370873,642.019820230225,43.03992923820334,0.5472187387961396,0.0,287.6233017135399,100374.64796237832,1.215732082645772,340.06972083840515,0.0,0.0,128.35311472230896,10014.302506641172
1.28125,82.036284209637,129.12571168141983,129.12571222019315,98.7020362859727,-0.003990126625208071,4.5227210268815034e-05,7.796654360878403e-06,5.498219047121557,0.830428332632621,0.9057064345500293,1.171540480339241,2.6583404578921175,0.37970806755391795,640.1749356893337,43.57429742104962,0.5474548907233654,0.0,287.61676415263736,100362.8518649075,1.2156168394549514,340.06575907649824,-0.00010892655717706978,-0.00014625967064695985,129.12571222019338,10134.263026264365
1.2890625,83.04808368520992,129.8940202421739,129.8940207953656,97.98486348136848,-0.004083030645993666,4.527893003174197e-05,7.965224727875832e-06,5.495607647003027,0.8278169325140913,0.9054758329940708,1.1715744761598152,2.6609864316574448,0.3819718382954137,636.4851666075507,44.10920401244092,0.5476911569252557,0.0,287.6101874560461,100350.98515266072,1.2155009010995554,340.06177359836397,-0.00011776257684279735,-0.00013917590246558358,129.89402079536586,10254.24312386125
1.296875,84.06586709152779,130.65803398153034,130.65803454946726,97.60256123557376,-0.004177444846069838,4.5241876284484905e-05,8.176637970382112e-06,5.493007567983277,0.8252168534943414,0.9052460133215892,1.1716084724723905,2.6636245915080137,0.38422305905159904,634.6402820666593,44.64459086603951,0.5479275123352819,0.0,287.6035718639051,100339.04825893436,1.2153842717181838,340.0577645495265,-0.00013423138315464092,-0.00013998009841439287,130.6580345494675,10374.22966188438
1.3046875,85.08961451501828,131.42168245223388,131.42168303526918,97.89134797374325,-0.004273387072289295,4.5119072914580135e-05,8.445751542021923e-06,5.490407488963527,0.8226167744745915,0.9050159759788124,1.1716426340099206,2.6662665803110817,0.3864732854395294,636.4851666075507,45.18320683368322,0.5481651577643198,0.0,287.59691750565236,100327.04141728122,1.2152669534979148,340.0537320084253,-0.00014148035216896563,-0.00011292107002703282,131.42168303526938,10494.838068744322
1.3125,86.1193264935128,132.18364658278267,132.18364718126617,97.17138239292024,-0.004370877278218279,4.491272321335299e-05,8.686111690966837e-06,5.4878111836433705,0.8200204691544348,0.9047860550021507,1.1716769521502366,2.668908971480859,0.38871863883729835,632.7953975257678,45.72410580943576,0.5484036783434539,0.0,287.59022437779214,100314.96462139345,1.2151489462818525,340.04967597294205,-0.00013452281520141563,-0.0001144886500516847,132.1836471812664,10615.855056840728
1.3203125,87.15497617722289,132.94260947602288,132.94261009028753,97.12302397374656,-0.004469931721596868,4.462545081712331e-05,8.836778070119401e-06,5.485222425722401,0.8174317112334647,0.9045565856928485,1.1717114018082584,2.671548161154099,0.3909552467067288,632.7953975257678,46.266318745885485,0.5486426502751265,0.0,287.58349265484804,100302.81818617407,1.2150302530514232,340.0455965488379,-0.00011978858441447439,-9.243266812761504e-05,132.9426100902877,10737.062920648983
1.328125,88.19654693224265,133.69856399402778,133.69856462438898,96.40124944546072,-0.004570566055466756,4.4259424569945706e-05,8.812635421012632e-06,5.4826412152006165,0.8148505007116811,0.9043275696383636,1.171746030771902,2.674184611335385,0.3931830881274251,629.1056284439849,46.80980456313357,0.5488820553422513,0.0,287.5767224449404,100290.60230671092,1.2149108756171678,340.0414938016339,-9.40044851480634e-05,-8.674024807851066e-05,133.6985646243891,10858.4519431271
1.3359375,89.24400497015156,134.45019101289355,134.4501916595888,96.0151808537155,-0.004672791932871548,4.381687932116073e-05,7.945239901432091e-06,5.480071325777613,0.8122806112886772,0.9040993437163084,1.1717811712269222,2.6768182751061373,0.39539828373567476,627.2607439030935,47.35356192708682,0.5491214571649884,0.0,287.569913967694,100278.31737928557,1.2147908177556948,340.03736786442255,-6.382267058127123e-05,-8.777335132674844e-05,134.45019165958897,10979.798149211125
1.34375,90.29732330489199,135.19879904125548,135.1987997043405,95.62838910154643,-0.004776608214068625,4.32993144159982e-05,7.118982000083511e-06,5.477508983753795,0.8097182692648599,0.9038715748497087,1.1718163575385798,2.679447826888711,0.3976046815783754,625.4158593622021,47.89850042141819,0.5493612521663276,0.0,287.56306739851817,100265.96372039922,1.2146700824640597,340.033218843502,0.0,0.0,135.19879970434067,11101.304396328558
1.3515625,91.3564817554641,135.94569835762698,135.9456990371598,95.57774463783528,-0.00488200843063051,4.270701301260977e-05,6.342873159846126e-06,5.474950415429571,0.8071597009406358,0.9036439287042922,1.1718516433132877,2.682077146089955,0.39980613512050533,625.4158593622021,48.445555171234794,0.5496018468033068,0.0,287.5561828685895,100253.54156674119,1.214548671959282,340.02904681836526,0.0,0.0,135.94569903715998,11223.178550811976
1.359375,92.42147037654709,136.6908830425378,136.69088373857178,95.1894494234959,-0.004988987102564196,4.20402133025944e-05,5.629997100632641e-06,5.4723956208049405,0.804604906316005,0.9034164059231369,1.1718870193785336,2.684706134553967,0.4020026271716202,623.5709748213105,48.9948273247777,0.5498446152618118,0.0,287.5492604425524,100241.05103495343,1.2144265872848867,340.0248518281868,0.0,0.0,136.69088373857198,11345.414665461407
1.3671875,93.49226889590972,137.433031395464,137.4330321080406,94.80044632503926,-0.005097537586403423,4.129920689937212e-05,4.999222990364498e-06,5.469848373579496,0.8020576590905606,0.9031893436953824,1.171922411046732,2.687330673513495,0.4041902707795987,621.7260902804192,49.54519803581924,0.5500878611062374,0.0,287.5423002521766,100228.49236279525,1.2143038306679825,340.020633952819,0.0,0.0,137.43303210804072,11467.787209112625
1.375,94.56885013910933,138.17082020581356,138.17082093496214,94.07341654731582,-0.005207652427852738,4.0484322765313744e-05,4.476478466462534e-06,5.467312447452832,0.799521732963896,0.902963080462747,1.1719577379770374,2.689946575142904,0.4063651743206874,618.0363211986363,50.09562015173728,0.5503309982354182,0.0,287.5353024740958,100215.86586897731,1.2141804051269187,340.0163932993021,0.0,0.0,138.1708209349623,11590.06575800255
1.3828125,95.65117659547047,138.90424438633056,138.90424513207586,93.68309446015994,-0.005319322996600411,3.959594377435691e-05,4.093590635262714e-06,5.464787842424947,0.7969971279360111,0.902737618743759,1.1719929777211036,2.6925535897734454,0.4085273226157802,616.1914366577448,50.64603558190404,0.5505740022116183,0.0,287.52826735212943,100203.17199343696,1.2140563148652064,340.0121300153904,0.0,0.0,138.904245132076,11712.237595103874
1.390625,96.73922100966409,139.63461653101166,139.63461729338107,93.29209661459097,-0.0054325416452532015,3.8634408468429134e-05,3.882517494431228e-06,5.462270784796249,0.7944800703073127,0.9025126235723427,1.172028171230654,2.695155476583112,0.41068057596864654,614.3465521168533,51.19739331984517,0.5508172877100893,0.0,287.5211950634372,100190.41105583357,1.2139315629107932,340.007844208443,0.0,0.0,139.6346172933812,11834.513405187592
1.3984375,97.83296982616783,140.36589000687042,140.3658907859087,93.91380581717931,-0.00554730208180372,3.759999341192739e-05,3.86187389475862e-06,5.4597499534679566,0.7919592389790211,0.9022870831552049,1.1720634962064973,2.697764130512924,0.41283656183517375,618.0363211986363,51.75269668114614,0.5510621631489687,0.0,287.5140856961299,100177.58321515066,1.2138061507208218,340.0035359318547,0.0,0.0,140.36589078590885,11957.558394960915
1.40625,98.93244380959575,141.099378638786,141.0993794345413,93.85919528199148,-0.0056636015531557555,3.649281354983624e-05,4.025961746108559e-06,5.457221574740479,0.789430860251543,0.9020606581647823,1.1720990209389641,2.700383627741818,0.4149991450463847,618.0363211986363,52.312979708594526,0.5513090760097151,0.0,287.5069391152376,100164.68822785413,1.213680075816688,339.999205103834,0.0,0.0,141.0993794345415,12081.59947936357
1.4140625,100.03764650034768,141.83243830964227,141.8324391221518,93.80399175567456,-0.005781435454851746,3.5313068247672215e-05,3.355442405606033e-06,5.454693196013,0.7869024815240648,0.9018340232677314,1.1721352208183415,2.703011975506101,0.41716054936898583,618.0363211986363,52.87622132414921,0.5515571434750148,0.0,287.4997552977477,100151.72605242101,1.2135533376940124,339.9948517104351,0.0,0.0,141.83243912215198,12206.186929999572
1.421875,101.14856764684531,142.56242165691668,142.56242248627024,93.07167902810187,-0.005900801145241388,3.407271428425783e-05,2.980008712970194e-06,5.452172364684709,0.7843816501957732,0.9016078556346484,1.172171297983063,2.7056344234841454,0.419312988559924,614.3465521168533,53.440349336539455,0.5518054630349538,0.0,287.49253431029547,100138.69680908514,1.21342593742951,339.9904757920391,0.0,0.0,142.5624224862704,12330.861256670107
1.4296875,102.26516943232305,143.28668093297875,143.28668177925204,92.33863244579081,-0.006021695216739322,3.2790038435513774e-05,3.1168371003443395e-06,5.44966662815479,0.7818759136658546,0.9013828349393905,1.1722069910040536,2.70824156064663,0.42144867470421987,610.6567830350704,54.0032427364231,0.5520531135286414,0.0,287.4852763986899,100125.60094137382,1.2132978792610192,339.98607749760606,0.0,0.0,143.28668177925226,12455.153771277424
1.4375,103.38742089229818,144.0105007593459,144.0105016226101,92.95913274887216,-0.006144114681534549,3.148446054233058e-05,3.5862299928861955e-06,5.447160891624872,0.779370177135936,0.9011576072215799,1.1722426642586916,2.710850570371117,0.42358315126444734,614.3465521168533,54.569013013423444,0.5523018816180945,0.0,287.4779817642,100112.43881244851,1.213169166640817,339.98165694910523,0.0,0.0,144.0105016226103,12579.972581872686
1.4453125,104.51534268049905,144.73784333673441,144.737844217121,93.24046742092281,-0.0062680615788595784,3.0176217583068303e-05,4.12051461781372e-06,5.444643833996174,0.7768531195072377,0.9009311531927774,1.172278673807868,2.713475206150907,0.4257280730271871,616.1914366577448,55.14081504374842,0.5525531340067136,0.0,287.47065027257673,100099.21018007562,1.213039797100769,339.9772140651815,0.0,0.0,144.73784421712122,12706.011767836377
1.453125,105.64894851809872,145.4647342355215,145.4647351332106,92.84352774403087,-0.006393541172599627,2.888673373126336e-05,4.746762500926809e-06,5.442126776367475,0.7743360618785393,0.9007044896878403,1.1723148071769394,2.71610317489099,0.42787175045697323,614.3465521168533,55.71551942662412,0.5528055097510013,0.0,287.4632818346323,100085.91488332876,1.2129097689669495,339.9727487917872,0.0,0.0,145.4647351332108,12832.578786172087
1.4609375,106.78821417254736,146.1858727094748,146.18587362464385,91.76787542859901,-0.006520558619860495,2.7636432098287693e-05,5.354847914822344e-06,5.43962481353715,0.771834099048214,0.90047897760112,1.1723508617720793,2.718718841709593,0.4299985919219777,608.811898494179,56.288855270279186,0.5530571574209702,0.0,287.4558766078784,100072.55320641515,1.2127790849183395,339.9682612243743,0.0,0.0,146.18587362464405,12958.73228929791
1.46875,107.93308778849678,146.9012546978821,146.90125563072664,91.3698433709284,-0.006649117444156091,2.6443407072298356e-05,5.72836763878862e-06,5.437137945505198,0.7693472310162617,0.900254620400359,1.1723869607759603,2.721323403756013,0.4321085849697968,606.9670139532875,56.86074595783233,0.5533080460558542,0.0,287.44843492937474,100059.12575751111,1.2126477508028073,339.9637515672011,0.0,0.0,146.9012556307268,13084.456441296217
1.4765625,109.08353472076625,147.61219903263026,147.61219998339124,90.63185252798506,-0.006779224584329732,2.5321713474961647e-05,5.939117591029365e-06,5.434662398572025,0.766871684083089,0.9000310806235818,1.172423124673734,2.7239204405015216,0.43420560854968826,603.2772448715046,57.43219283799346,0.5535586109859435,0.0,287.44095702431497,100045.63294294655,1.2125157704945275,339.95921995673484,0.0,0.0,147.61219998339138,13209.972274765452
1.484375,110.2395168309304,148.3187014268587,148.31870239579908,90.23269399585469,-0.006910888600156408,2.4281604791677812e-05,6.038482991818371e-06,5.432198172737632,0.7644074582486962,0.899808360785951,1.1724593195719781,2.7265095878602716,0.43628964974643225,601.4323603306132,58.00313752373702,0.5538088283007736,0.0,287.4334431405989,100032.0752100213,1.212383148268781,339.95466654320296,0.0,0.0,148.3187023957992,13335.267444724679
1.4921875,111.40100630358552,149.02208305080845,149.02208403824824,89.83293683917518,-0.007044121212453812,2.3330519506731706e-05,6.115288411971288e-06,5.429741494302426,0.7619507798134898,0.8995861218618921,1.1724955578106315,2.729094359487394,0.43836459466353506,599.5874757897218,58.57461348401911,0.5540591456796731,0.0,287.42589345902667,100018.45288496341,1.212249887216847,339.95009143617017,0.0,0.0,149.0220840382484,13460.569103219135
1.5,112.56798219634501,149.72366664503997,149.7236676513645,89.7723833268381,-0.0071789387714809635,2.2477075143617825e-05,6.229826033346508e-06,5.427288589566812,0.7594978750778767,0.8993640235877839,1.1725318700870473,2.731678464992634,0.44043433426146894,599.5874757897218,59.14767935637547,0.5543100203922838,0.0,287.41830811572373,100004.766213392,1.2121159896415628,339.9454947181286,0.0,0.0,149.72366765136468,13586.109133058171
1.5078125,113.74043735741591,150.42477502578816,150.42477605143583,89.71128244621791,-0.007315361713692107,2.1729594934115466e-05,6.233050816354186e-06,5.4248356848312,0.7570449703422636,0.8991417244648606,1.1725684122598843,2.7342668779502364,0.44250275999995403,599.5874757897218,59.72341759885443,0.5545619187070515,0.0,287.41068715717677,99991.0152791856,1.2119814562633437,339.9408764172491,0.0,0.0,150.42477605143603,13712.123829324923
1.515625,114.91836805749018,151.12540391736215,151.1254049627454,89.64963435090426,-0.007453411596140239,2.1092918709467385e-05,6.212104483431514e-06,5.422382780095586,0.7545920656066505,0.8989192242205514,1.1726051324523719,2.7368590823182046,0.44456985962221085,599.5874757897218,60.30182339120084,0.5548148370460684,0.0,287.4030306076263,99977.20012608275,1.2118462874095506,339.9362365482216,0.0,0.0,151.12540496274553,13838.610830922556
1.5234375,116.10177053386043,151.82554904521217,151.82555011077739,89.5874391974102,-0.007593109034681027,2.057081457515646e-05,6.071176358257392e-06,5.419929875359973,0.7521391608710374,0.8986965225817901,1.1726420869546186,2.7394556437282844,0.4466356208732913,599.5874757897218,60.88289183767081,0.5550687718052352,0.0,287.3953384915299,99963.32079821371,1.211710483410986,339.93157512586714,0.0,0.0,151.82555011077753,13965.567762753892
1.53125,117.29063752738088,152.52387636078575,152.5238774469648,89.18429282069991,-0.0077344755374350385,2.0162427123773414e-05,5.782303392290526e-06,5.417480744323953,0.7496900298350175,0.8984739623582123,1.1726792215863202,2.742052592281079,0.44869611953721855,597.7425912488302,61.46549261631276,0.5553232351259244,0.0,287.387610856072,99949.37738071609,1.2115740449993355,339.92689217877967,0.0,0.0,152.52387744696492,14092.74650487479
1.5390625,118.48494442956073,153.21772145262818,153.21772255988193,88.43999373284016,-0.007877531161183442,1.9864219827458386e-05,5.53003754580227e-06,5.4150429343867135,0.7472522198977775,0.8982522309918203,1.1727162844543937,2.744640534625734,0.4507435173613217,594.0528221670475,62.04747474762348,0.5555784540166644,0.0,287.37984786120785,99935.37016220624,1.2114369748972131,339.922187803892,0.0,0.0,153.21772255988202,14219.64763100087
1.546875,119.68464580950395,153.9044182254206,153.9044193542083,87.35436265990981,-0.008022295803331013,1.9668311521532798e-05,5.405672211003013e-06,5.41262399294744,0.7448332784585037,0.8980320183926971,1.1727530758922593,2.747210574995622,0.4527699705896222,588.518168544373,62.626605513536724,0.5558343048555665,0.0,287.3720498022382,99921.29967551245,1.211299278217338,339.91746218015635,0.0,0.0,153.90441935420841,14345.762751952416
1.5546875,120.8896892742596,154.58662588486783,154.58662703565375,87.29072455707309,-0.008168788047672721,1.9566896687826752e-05,5.298468225303626e-06,5.410216372606945,0.7424256581180095,0.8978126408931687,1.1727897986861766,2.749771577930079,0.454783301654128,588.518168544373,63.204846939954194,0.556089623951274,0.0,287.3642170197173,99907.16653511621,1.211160960872229,339.9127155139487,0.0,0.0,154.58662703565392,14471.572036891275
1.5625,122.1000605389794,155.26833433913703,155.2683355124367,87.22656645705054,-0.008317030048293067,1.9549213651275788e-05,5.324658432662562e-06,5.407808752266451,0.7400180377775154,0.8975930680547316,1.1728265962300615,2.7523352817532984,0.4567952485055927,588.518168544373,63.78559404073707,0.5563458878701757,0.0,287.3563496064966,99892.97090855487,1.2110220244007681,339.90794786153697,0.0,0.0,155.26833551243683,14597.814500698129
1.5703125,123.31575568775682,155.94953952689042,155.94954072319908,87.16188864530714,-0.008467045827603489,1.9604143416648183e-05,5.428176215730204e-06,5.405401131925957,0.7376104174370213,0.897373299616368,1.1728635013266249,2.754902017102568,0.4588057994890385,588.518168544373,64.36884151820763,0.55660309297609,0.0,287.34844758802956,99878.71284175545,1.210882469151406,339.9031592383459,0.0,0.0,155.94954072319925,14724.487786596897
1.578125,124.53676382838773,156.62757075518581,156.62757197497362,86.41407617742233,-0.008618856885871313,1.9719928175106434e-05,5.611627738058769e-06,5.40300105898465,0.7352103444957137,0.897154025166157,1.1729003667412026,2.757463415750455,0.4608070975310043,584.82839946259,64.95225453054493,0.5568602254254577,0.0,287.34051103511547,99864.39246246526,1.2107422962731411,339.89834968727996,0.0,0.0,156.62757197497382,14851.083842122998
1.5859375,125.76305320884421,157.30242545384365,157.3024266975739,86.34865585931867,-0.00877248152926723,1.988171220586698e-05,5.833780818779618e-06,5.4006085334425284,0.7328178189535925,0.8969352462820096,1.1729372144917811,2.760019682097715,0.46279913487633184,584.82839946259,65.53579353923496,0.5571172690077353,0.0,287.33254015414246,99850.01014308234,1.2106015093097178,339.8935193334103,0.0,0.0,157.30242669757408,14977.59422344577
1.59375,126.99460593927827,157.97409808459744,157.974099352705,85.59951228384558,-0.00892793836057586,2.0073407186270655e-05,6.0896544658337555e-06,5.398223555299594,0.730432840810658,0.896716964540481,1.1729740450023842,2.762570804619032,0.4647818951051605,581.1386303808073,66.11941632234452,0.557374206437308,0.0,287.32453506139467,99835.56609342467,1.2104601102136225,339.88866824720515,0.0,0.0,157.9740993527052,15104.00993304121
1.6015625,128.23139019872892,158.6425862230343,158.6425875159122,85.5333824179481,-0.009085241933963793,2.0278862335029922e-05,6.368621017893754e-06,5.395846124555845,0.7280554100669099,0.896499181516746,1.1730108621566473,2.765116806399013,0.4667553708777765,581.1386303808073,66.70308347350337,0.5576310216440737,0.0,287.31649596370823,99821.06068669877,1.210318102536968,339.8837965540072,-0.00015762755241474435,7.034240532926894e-05,158.64258751591237,15230.322615234356
1.609375,129.47339152015198,159.3092201098303,159.30922142785937,85.12484772766281,-0.009244406495547367,2.0483011897503765e-05,6.624953037075583e-06,5.393472467511691,0.7256817530227551,0.896281552640692,1.1730477646386157,2.7676621199792373,0.4687234759418294,579.2937458399157,67.28794319101226,0.5578882120806958,0.0,287.308422955119,99806.49409257884,1.2101754878394932,339.8789043108021,-0.00014667591364958375,8.651590384854728e-05,159.3092214278596,15356.780849826684
1.6171875,130.7205884463475,159.97266041049846,159.97266175403027,84.71582590085995,-0.009405443532684986,2.067159826419464e-05,6.690720937633536e-06,5.391106357866723,0.7233156433777868,0.8960644250212131,1.1730847756620322,2.770203506408191,0.47068226962570986,577.4488612990243,67.87277624025272,0.5581452509499243,0.0,287.3003161750987,99791.86656272186,1.2100322684835916,339.87399160210987,-0.00012658353389883998,5.99501223942881e-05,159.97266175403053,15483.120663200856
1.625,131.97295949407683,160.63424017451513,160.6342415437772,84.64852706894972,-0.009568361449241046,2.083034223409665e-05,5.756131674813807e-06,5.388744021921347,0.7209533074324117,0.895847453479299,1.1731224457552294,2.772749922759304,0.472635674005742,577.4488612990243,68.45874501003071,0.5584026411081187,0.0,287.29217576328847,99777.17834909022,1.2098884468347633,339.8690585125528,0.0,0.0,160.63424154377736,15609.593308372363
1.6328125,133.23048662608716,161.29128004378225,161.29128143872487,83.55368851218722,-0.009733154502008193,2.0954095820046284e-05,4.848467827969387e-06,5.386393007074752,0.7186022925858164,0.8956313327865327,1.1731600164127707,2.7752868362623793,0.47457580548264333,571.91420767635,69.04340662471066,0.5586593288050761,0.0,287.28400183693043,99762.42966323068,1.2097440248628641,339.86410511317985,0.0,0.0,161.2912814387251,15735.671287314606
1.640625,134.4931169504196,161.9411028282692,161.94110424881165,82.80093191839867,-0.009899806177686737,2.1043140244238404e-05,3.9749528295661805e-06,5.384060860726123,0.7162701462371873,0.8954167601324802,1.1731973287326032,2.77780568600123,0.47649478617962665,568.224438594567,69.62427382941898,0.5589142442014918,0.0,287.27579473982223,99747.62112547726,1.2095990085410546,339.85913161233225,0.0,0.0,161.94110424881185,15860.819368705907
1.6484375,135.76082544032192,162.59441294051513,162.59441438666997,84.44626314626007,-0.010068303699165285,2.1097713080087546e-05,3.1499306613135515e-06,5.381717393278715,0.7139266787897786,0.8952009585388176,1.1732349769859685,2.780340184471508,0.4784241124488466,577.4488612990243,70.21103042829584,0.5591715627301964,0.0,287.26755463463786,99732.75302935186,1.2094534006427926,339.8541381085905,0.0,0.0,162.59441438667014,15987.125663608904
1.65625,137.03367417102405,163.25521830454065,163.2552197763533,84.71981729818086,-0.010238646147231413,2.1117911128012113e-05,2.4065259993728433e-06,5.379351283633746,0.7115605691448103,0.8949828811476763,1.173273173320517,2.7829029217284074,0.4803755786778132,579.2937458399157,70.80740278615548,0.5594328837026956,0.0,287.25928111788835,99717.82464681602,1.2093071939364524,339.84912435744036,0.0,0.0,163.25521977635353,16115.388978438723
1.6640625,138.31167634157313,163.9114601639444,163.91146166134385,83.27813800597545,-0.010410825981751018,2.1103909293035328e-05,1.8244036362129798e-06,5.376996495087558,0.7092057805986217,0.89476565663744,1.1733111855205425,2.7854552888310247,0.48231370306697585,571.91420767635,71.40237823441187,0.5596934630045036,0.0,287.25097410377975,99702.83582306706,1.2091603868030258,339.8440903068905,0.0,0.0,163.9114616613441,16243.236264556013
1.671875,139.59475791088303,164.55509719759306,164.55509872042785,81.49301710465708,-0.010584823754936133,2.1056024648777742e-05,1.5671034842891994e-06,5.374675669837708,0.7068849553487724,0.8945513789275532,1.17334845092588,2.787970719983268,0.484214822808224,562.6897849718927,71.98845433981586,0.5599500789332817,0.0,287.2426340735792,99687.78742648283,1.209012987645074,339.83903624858897,0.0,0.0,164.5550987204281,16369.056863448559
1.6796875,140.88281690621642,165.18612781345678,165.1861293615692,80.05087534032121,-0.010760616135228317,2.0974621409099114e-05,1.7598517407711184e-06,5.372388807884198,0.7045980933952624,0.8943400559008696,1.1733848860757359,2.7904483017486625,0.48607893132705493,555.310246808327,72.5654716390909,0.5602026722262222,0.0,287.2342616901096,99672.68065303266,1.2088650080757504,339.8339625842064,0.0,0.0,165.1861293615694,16492.821732384145
1.6875,142.1757757887825,165.81125642594196,165.81125799923078,79.98199161242952,-0.010938183037258435,2.0860026924993393e-05,2.276124935523766e-06,5.3701170407290615,0.7023263262401254,0.8941299495401107,1.1734209459905551,2.792909964504444,0.4879257556459188,555.310246808327,73.13954003434286,0.5604538738573932,0.0,287.2258574573729,99657.51641211662,1.208716456903174,339.828869619168,0.0,0.0,165.81125799923097,16615.846369228417
1.6953125,143.47361638205885,166.4358451907527,166.43584678916153,79.91267433724875,-0.011117512415916929,2.0712473454942543e-05,2.9387794930149673e-06,5.367845273573924,0.7000545590849884,0.8939196653378884,1.1734570436994134,2.79537378361525,0.48977107442483553,555.310246808327,73.7156227319876,0.5607058156737089,0.0,287.2174214935166,99642.29491691483,1.2085673361162788,339.8237574250711,0.0,0.0,166.43584678916176,16739.19608022695
1.703125,144.77634144806146,167.0625758410629,167.06257746455603,80.53025397329385,-0.011298595073398329,2.0532159313327558e-05,3.660017618883435e-06,5.365565959019601,0.6977752445306649,0.893708503561085,1.1734933878588232,2.797848842977382,0.4916227795852576,559.0000158901098,74.29624547354753,0.5609595790555325,0.0,287.2089537805876,99627.01613503353,1.2084176452980657,339.81862599103613,0.0,0.0,167.06257746455623,16863.410712869227
1.7109375,146.08396419935792,167.68741356649642,167.68741521499666,79.42823633382739,-0.01148142324787948,2.031926585822096e-05,4.403816281225694e-06,5.36329041816487,0.6954997036759346,0.8934975123544512,1.1735297642914615,2.800322519370103,0.4934689982032594,553.4653622674355,74.87761747362464,0.5612135377343233,0.0,287.20045423270415,99611.67991151138,1.208267382830134,339.8134752650187,0.0,0.0,167.68741521499686,16987.677087932592
1.71875,147.39642786316105,168.3009534080161,168.30095508141318,77.63806421936097,-0.011665979647176757,2.0074087868639165e-05,5.156533859079315e-06,5.361045066906886,0.6932543524179503,0.8932891448025009,1.173565624524604,2.8027647972210312,0.49528205276887044,544.2409395629782,75.45077165421641,0.5614638550848124,0.0,287.19192321888943,99596.28691219809,1.208116555136256,339.808305470647,0.0,0.0,168.30095508141343,17110.078459156673
1.7265625,148.71364417756376,168.90588417704743,168.9058858752073,77.224191727617,-0.0118522458666878,1.9794941077924244e-05,4.8804658399542465e-06,5.358822357846461,0.6910316433575255,0.893082706455893,1.1736017321744387,2.805190257185457,0.4970698544159767,542.3960550220868,76.01814066220764,0.5617115793277654,0.0,287.1833613128458,99580.83817225788,1.2079651722604043,339.8031169555846,0.0,0.0,168.90588587520753,17231.138959361993
1.734375,150.0355738798421,169.5075802756187,169.50758199888898,76.80999013279715,-0.012040219949311757,1.9481101484959364e-05,4.43348988012895e-06,5.356607196185223,0.6888164816962873,0.8928767986379906,1.1736378949583952,2.807610963204046,0.49884821852347766,540.5511704811953,76.5847791196726,0.5619588761309069,0.0,287.174768769781,99565.33415217671,1.2078132386167946,339.7979098744873,0.0,0.0,169.5075819988892,17351.940403850072
1.7421875,151.36218117820235,170.10200307904478,170.10200482779993,75.36229508650646,-0.012229913717797844,1.9130127029055553e-05,3.893083430699502e-06,5.354410903021951,0.6866201885330152,0.8926724765190064,1.173673991199044,2.8100151468003753,0.5006052591862388,533.1716323176295,77.1470512797228,0.5622061942668177,0.0,287.16614582234166,99549.77527173235,1.2076607582213945,339.79268436833905,0.0,0.0,170.1020048278002,17471.646067851303
1.75,152.69340224268598,170.69049853540105,170.69050031007197,75.29249325955318,-0.012421337682366477,1.874122844158642e-05,3.356897928140789e-06,5.352229704657052,0.6844389901681162,0.8924693927129329,1.1737102117740823,2.8124081906114937,0.5023449364819799,533.1716323176295,77.70643762926935,0.5624559152857661,0.0,287.1574928854225,99534.16227954323,1.2075077383138013,339.78744068856605,0.0,0.0,170.69050031007222,17590.518042363627
1.7578125,154.0292152873697,171.27710075194395,171.27710255305738,74.87766115381758,-0.012614510472711428,1.831223697284806e-05,2.84499032313516e-06,5.350052279991746,0.6822615655028104,0.8922664950992448,1.1737470343661636,2.814805392669187,0.5040791223864874,531.326747776738,78.26624422758435,0.562705684583993,0.0,287.1488101006321,99518.49543112174,1.207354181301752,339.78217892098303,0.0,0.0,171.27710255305757,17709.378079925922
1.765625,155.3695949913632,171.85911400451818,171.859115832554,74.11775584346253,-0.012809452207696553,1.7841576787879364e-05,2.3056868675337194e-06,5.34788617642522,0.6800954619362843,0.8920644884768013,1.173784306729334,2.8171981825253276,0.5057998829665309,527.6369786949551,78.82381805553113,0.5629543459356455,0.0,287.1400976325561,99502.77502343949,1.2072000899996382,339.776899165329,0.0,0.0,171.85911583255418,17827.66274644412
1.7734375,156.71450199089915,172.4365373029956,172.43653915841466,73.70259964414704,-0.013006178573437553,1.7330379704701107e-05,1.8991236183562058e-06,5.3457313939574735,0.6779406794685381,0.8918633752121169,1.1738219140724255,2.819585388603086,0.5075072147238016,525.7920941540636,79.37910668654159,0.563201879698805,0.0,287.13135573705915,99487.00151816748,1.2070454688367422,339.7716015766579,0.0,0.0,172.43653915841486,17945.362275669264
1.78125,158.0639074376938,173.01071616037837,173.01071804365935,73.28718054149192,-0.013204705432443673,1.6780052756983754e-05,1.6648672028963169e-06,5.343584158888914,0.6757934443999783,0.8916628050268481,1.1738599020822902,2.8219709705544203,0.5092050772420826,523.9472096131723,79.93338398825415,0.5634488437562847,0.0,287.122584601655,99471.17525364776,1.206890321034056,339.7662862686029,0.0,0.0,173.01071804365952,18062.74812048126
1.7890625,159.41778246449533,173.58029997527328,173.58030188688696,72.52630783697808,-0.013405050097988508,1.619214357213589e-05,1.5851361926762572e-06,5.341448244919134,0.6736575304301984,0.8914631323460562,1.1738981751748296,2.824350428287734,0.5108894950197133,520.2574405313893,80.48527933752248,0.5636946437592063,0.0,287.11378441398074,99455.2965684448,1.2067346498152287,339.7609533548723,0.0,0.0,173.58030188688707,18179.53062948249
1.796875,160.77609117047598,174.14663716701423,174.14663910738858,72.4559719978568,-0.013607226494572952,1.5566127937041664e-05,1.5734666646976064e-06,5.33931987834854,0.6715291638596048,0.8912640063161279,1.1739368574791598,2.8267285116303187,0.5125644362640268,520.2574405313893,81.03608045933586,0.5639398427764879,0.0,287.10495540739186,99439.36588361514,1.2065784592131998,339.75560297687946,0.0,0.0,174.14663910738872,18295.983784470613
1.8046875,162.13881169103973,174.70837455852393,174.70837652804278,71.34887481305564,-0.013811247605135605,1.4903690571228115e-05,1.432140361728858e-06,5.337202832876727,0.669412118387791,0.8910657819173821,1.1739759565628796,2.829101746454975,0.5142259177967252,514.722786908715,81.58440387328854,0.5641838418064655,0.0,287.09609772400825,99423.38345559388,1.2064217516474383,339.750235220749,0.0,0.0,174.70837652804295,18411.81571424207
1.8125,163.50588699912615,175.26146279206475,175.26146479102337,70.24179242790963,-0.01401711977449318,1.4209568267080862e-05,1.3638429731671002e-06,5.335108429602473,0.6673177151135368,0.8908695227640621,1.174015047323337,2.8314552455927497,0.5158620200733975,509.1881332860406,82.12614841557624,0.5644248636533507,0.0,287.0872117345057,99407.34995321285,1.2062645335816322,339.74485031111044,0.0,0.0,175.26146479102349,18526.16115113828
1.8203125,164.87725655923376,175.80860349432533,175.80860552299225,69.82623112735892,-0.014224847674183829,1.3489789853809532e-05,1.390047535898659e-06,5.333029121126591,0.6652384066376555,0.8906745256026471,1.1740542790851827,2.8337975348253552,0.5174806938265321,507.34324874514914,82.66393092883904,0.5646640504255866,0.0,287.07829783236497,99391.26608645203,1.2061068118842968,339.73944848641315,0.0,0.0,175.80860552299242,18639.576169307627
1.828125,166.25288797218226,176.3524968698951,176.35249892872991,69.41047831684637,-0.01443443673454054,1.275136435822168e-05,1.4069568767048196e-06,5.330957360049896,0.6631666455609608,0.8904800849471463,1.1740938877251976,2.8361380277805135,0.5190898862677706,505.49836420425765,83.2004082919253,0.5649025583635657,0.0,287.06935622818077,99375.13223529952,1.2059485901890983,339.73402987427755,0.0,0.0,176.3524989287301,18752.62351087968
1.8359375,167.63275234211912,176.89178971979536,176.89179180907342,68.64853920369958,-0.014645898981197124,1.2006844397792295e-05,1.6230641370048042e-06,5.328896920071982,0.6611062055830459,0.8902865568571521,1.1741336363679364,2.8384707951078436,0.5206856138304254,501.8085951224748,83.73417757132832,0.5651397817477859,0.0,287.06038710977623,99358.94873865525,1.2057898717273476,339.7285945885244,0.0,0.0,176.89179180907357,18865.008192681133
1.84375,169.01681724961844,177.4291865305284,177.42918865057618,68.92497014267937,-0.014859238893484174,1.127039450226495e-05,2.0362315457154037e-06,5.32684025379366,0.6590495393047241,0.8900932339106115,1.1741737121197666,2.8408047820915514,0.5222758367614826,503.6534796633662,84.26793594740631,0.5653768914087619,0.0,287.0513906878775,99342.71597674474,1.2056306601362234,339.72314275685375,0.0,0.0,177.4291886505764,18977.29992634728
1.8515625,170.40507490895283,177.96333013152963,177.96333228271808,67.81588490915418,-0.015074467747457899,1.0553011898196425e-05,2.4476036118784296e-06,5.324791134914524,0.6570004204255888,0.8899004718876374,1.1742141198305298,2.8431364794289236,0.5238565599856656,498.1188260406919,84.80028157074163,0.5656132818104097,0.0,287.0423670130918,99326.43404088155,1.205470956219618,339.71767440993364,0.0,0.0,177.96333228271823,19089.20376627989
1.859375,171.79747524423496,178.49016278313294,178.4901649658021,67.0533288451448,-0.01529159205772622,9.862702578195015e-06,2.785680321380221e-06,5.322760884533356,0.6549701700444198,0.8897093384645844,1.1742545751739917,2.8454523670940723,0.5254158383300184,494.429056958909,85.32703077419542,0.565847146335744,0.0,287.03331641091245,99310.10351837189,1.2053107656468376,339.71218974501295,0.0,0.0,178.49016496580225,19199.840542000133
1.8671875,173.1939717139965,179.01239177552492,179.01239398999954,66.63730754341607,-0.015510617650530745,9.205018330501832e-06,3.0894674925163056e-06,5.320741955250966,0.6529512407620306,0.8895191261964319,1.1742952417636188,2.8477611556718685,0.5269616401894341,492.5841724180175,85.85088453817944,0.5660796574312211,0.0,287.024239183859,99293.7249550692,1.2051500936816941,339.70668894541853,0.0,0.0,179.01239398999968,19309.780823049176
1.875,174.5945354004301,179.53137007893017,179.53137232544273,66.22115389039725,-0.01573155085374089,8.589082921050069e-06,3.4052006275403603e-06,5.3187305733677634,0.6509398588788279,0.8893294814061145,1.1743361830023205,2.85006701596206,0.5284979477767303,490.7392878771261,86.37318862839604,0.5663113993341458,0.0,287.01513551989717,99277.29869013092,1.2049889435612142,339.7011721250577,0.0,0.0,179.53137232544285,19419.308790677896
1.8828125,175.99914090357083,180.04709669064312,180.04709896948955,65.80487578754754,-0.015954393379097254,8.021878589148484e-06,2.798563435929373e-06,5.316726738883747,0.6489360243948117,0.8891404055453184,1.1743779373780345,2.8523753183271614,0.5300247577390015,488.89440333623463,86.89390904938854,0.5665423594454172,0.0,287.00600558412674,99260.82502145604,1.2048273181181872,339.69563938398085,0.0,0.0,180.04709896948967,19528.418192373985
1.890625,177.40776634556047,180.56092598611465,180.56092829714115,65.73539711293505,-0.016179139654297552,7.50779500148083e-06,2.3947793334682112e-06,5.3147266780993245,0.6469359636103887,0.8889515435859082,1.1744199394321604,2.8546839584625214,0.5315460567821042,488.89440333623463,87.414417732989,0.5667731313431635,0.0,286.99684951875383,99244.3042056352,1.2046652197805505,339.69009080836486,0.0,0.0,180.56092829714123,19637.39762457553
1.8984375,178.82039336276856,181.07014394539138,181.0701462884044,64.62450984665071,-0.01640577325244135,7.046333907893341e-06,2.285908066327917e-06,5.312737938413681,0.6449472239247455,0.8887636096616377,1.1744619035224577,2.8569829386082,0.5330538549100091,483.3597497135603,87.93187170057286,0.5670024910215232,0.0,286.98766744314196,99227.73645804299,1.2045026505721745,339.68452647054403,0.0,0.0,181.07014628840452,19745.651572722523
1.90625,180.2369718106908,181.57339665223554,181.5733990271055,64.20820419081265,-0.01663427268628978,6.636935842983899e-06,2.4970451639694152e-06,5.310764293526411,0.6429735790374752,0.8885769630267644,1.1745036862138802,2.8592672318711587,0.53454416548815,481.5148651726688,88.44481012975221,0.567229812637352,0.0,286.9784596832305,99211.12236679041,1.2043396161749875,339.67894656803765,0.0,0.0,181.57339902710558,19852.87572474816
1.9140625,181.65746568122057,182.07203980687916,182.07204221341445,63.444512398869826,-0.01686462292299599,6.278381483861363e-06,2.087598970316179e-06,5.30880196973792,0.6410112552489847,0.888391249435834,1.1745459369615627,2.861546875257287,0.5360209788236584,477.82509609088595,88.95459264294803,0.5674556856201834,0.0,286.96922647307207,99194.46235419223,1.2041761206450179,339.6733512426817,0.0,0.0,182.07204221341456,19959.356810387442
1.921875,183.0818283614499,182.56335969158468,182.56336213012858,62.33349755593153,-0.017096817701041777,5.966765128205748e-06,1.4277925331843764e-06,5.306858514447396,0.6390677999584605,0.8882071861839707,1.1745881908916214,2.863810047076507,0.5374763048315231,472.29044246821155,89.45832025389998,0.5676788664507737,0.0,286.95996811565055,99177.75696693973,1.2040121692598087,339.6677406780842,0.0,0.0,182.56336213012872,20064.490274687923
1.9296875,184.51000264821676,183.04871655529234,183.04871902632334,61.91788719464934,-0.017330864595366896,5.691419341847925e-06,6.551429014498294e-07,5.304930153955245,0.6371394394663094,0.888024419254009,1.1746304613711342,2.8660604211712526,0.5389141469977142,470.4455579273202,89.9573540365785,0.567899945439794,0.0,286.9506849827866,99161.00687593015,1.203847768517145,339.66211509956867,0.0,0.0,183.04871902632348,20168.563391903535
1.9375,185.9419596389953,183.53218455477332,183.53218705879928,61.849901344169965,-0.017566778904155436,5.4364873587870245e-06,7.873681076540498e-07,5.303005567162687,0.6352148526737514,0.8878418774581494,1.174672484727665,2.868306072695157,0.5403464993964872,470.4455579273202,90.45594563234452,0.5681207529984349,0.0,286.9413772623465,99144.21242014167,1.203682921658195,339.656474620982,0.0,0.0,183.53218705879942,20272.46609579536
1.9453125,187.3776881076259,184.0137617167859,184.01376425434412,61.433882133245085,-0.017804577890610383,5.1845480859645705e-06,1.5396584693301638e-06,5.301084754069723,0.6332940395807868,0.8876595614314402,1.1747144212950134,2.8705485986357315,0.5417733560627813,468.6006733864287,90.95407544065603,0.5683412817037956,0.0,286.93204502730043,99127.37373123833,1.2035176298896477,339.6508192865441,0.0,0.0,184.01376425434427,20376.194608966864
1.953125,188.81716620151627,184.49208857068143,184.49209114235782,61.0178240858346,-0.018044279128574117,4.922206044492781e-06,2.3410952529461613e-06,5.299171488375944,0.6313807738870085,0.887477830382442,1.1747564802018313,2.8727864981938933,0.5431907141512471,466.7557888455372,91.45027842187946,0.5685609040314471,0.0,286.92268841969013,99110.49106551442,1.203351895641803,339.64514918233226,0.0,0.0,184.4920911423579,20479.443808330052
1.9609375,190.26036498524957,184.96580508988242,184.96580769625405,60.25368802949375,-0.018285901184199684,4.637720336331235e-06,2.8672250439667256e-06,5.297269543780946,0.62947882929201,0.8872970445528648,1.1747987200704018,2.875016755175369,0.544594568863939,463.0660197637543,91.9430707663429,0.5687789858853748,0.0,286.9133076275958,99093.56476233387,1.2031857221609394,339.63946442232304,0.0,0.0,184.96580769625416,20581.905530849657
1.96875,191.70723781897257,185.43219225869836,185.4321949001991,59.14156409182723,-0.01852945654216904,4.324339004659859e-06,3.1086693770092366e-06,5.2953864676839135,0.6275957531949778,0.8871179242939007,1.1748408863175086,2.877229620236079,0.5459769136803505,457.53136614107996,92.42949476378494,0.5689942630501943,0.0,286.90390295417666,99076.59536870405,1.203019114732706,339.6337651902311,0.0,0.0,185.43219490019922,20682.965622648862
1.9765625,193.15772745477338,185.8926139611843,185.89261663814816,58.726430143219396,-0.0187749514050048,3.979778058753524e-06,3.315633934837857e-06,5.2935184863852545,0.6257277718963187,0.8869401139591356,1.174882935289077,2.879428213299414,0.5473417631474855,455.68648160018853,92.91094575415934,0.5692073382242928,0.0,286.89447477154397,99059.58355604697,1.2028520798655689,339.62805171155566,0.0,0.0,185.89261663814827,20782.91728084317
1.984375,194.61180501129485,186.3511536317544,186.35115634454522,58.65971355163015,-0.019022391106456024,3.6013875142335077e-06,3.471682755572981e-06,5.291654278786188,0.6238635642972528,0.8867625376813905,1.174925236524815,2.881626988434246,0.5487011398274338,455.68648160018853,93.39176896861342,0.5694200752416548,0.0,286.88502326742656,99042.52966309257,1.2026846208025574,339.6223241000605,0.0,0.0,186.35115634454536,20882.66616495621
1.9921875,196.06945223212105,186.8050862878211,186.80508903670085,57.54718456988147,-0.0192717823175756,3.183619215220384e-06,3.677629526013166e-06,5.289801392285902,0.6220106777969666,0.8865859157786795,1.174967470549832,2.8838155477115257,0.5500470197932479,450.15182797751413,93.86905590100058,0.569631538764861,0.0,286.8755485604912,99025.43390395804,1.2025167395636152,339.6165824276577,0.0,0.0,186.80508903670105,20981.59702370692
2.0,197.53061894673462,187.2530522213861,187.25305500673974,57.132137704938216,-0.019523126639704104,2.7252078047996496e-06,3.9231675767169584e-06,5.287963600583989,0.6201728860950534,0.8864106104838003,1.1750095027190302,2.8859889223522983,0.5513753984831161,448.30694343662276,94.34272910057253,0.5698497744469874,0.0,286.8660509768462,99008.29686705944,1.202348441845024,339.6108268919688,0.0,0.0,187.25305500673988,21079.396503535823
2.0078125,198.99527272928296,187.69777572092602,187.69777854322317,56.71712293384985,-0.019776434397608837,2.2305158350928543e-06,4.07169969203838e-06,5.286133356281263,0.6183426417923267,0.8862359039841468,1.1750516554540757,2.88815751469929,0.5526942968936863,446.4620588957313,94.81420498395514,0.5700669395318844,0.0,286.8565307272596,98991.11893269769,1.2021797313003448,339.6050576207193,0.0,0.0,187.6977785432233,21176.670105947207
2.015625,200.4633882493052,188.13925706607557,188.13925992570344,56.30214757371366,-0.020031715777659224,1.7064414786767073e-06,4.019034061225799e-06,5.284310659377722,0.6165199448887865,0.8860617976504864,1.1750939809290089,2.890321832785224,0.5540037153622388,444.6171743548398,95.2834543567927,0.5702830236708222,0.0,286.84698797637947,98973.90039795665,1.2020106107665354,339.599274713686,0.0,0.0,188.13925992570364,21273.412847728436
2.0234375,201.93494372988232,188.57886012262534,188.57886301978152,56.23622760801528,-0.020288976285194903,1.1624081491534137e-06,3.096933106339152e-06,5.2824917361737755,0.6147010216848395,0.8858879320092922,1.1751369952117996,2.892490632025074,0.5553076695932986,444.6171743548398,95.75194446927827,0.5704986814081209,0.0,286.83742286575574,98956.64151824308,1.2018410826717332,339.593478256648,0.0,0.0,188.5788630197817,21369.92882625112
2.03125,203.40992804341607,189.0165834714111,189.01658640586436,55.82099727790448,-0.020548204937017055,6.008770273566422e-07,3.056591041803416e-06,5.280676586669421,0.6128858721804858,0.8857143076820289,1.1751796599314914,2.8946535224946257,0.5566061552109592,442.77228981394836,96.2196573110353,0.570713906110544,0.0,286.82783546771776,98939.34242406505,1.2016711482175824,339.587668293437,0.0,0.0,189.01658640586453,21466.214743652145
2.0390625,204.88831229222816,189.44833413353138,189.44833710550873,54.7073323643568,-0.020809392100278806,2.7916312263402117e-08,3.0598582992152062e-06,5.278876531963441,0.6110858174745052,0.8855420092994442,1.175222062896456,2.8968005359701188,0.5578871189069733,437.237636191274,96.6820595517306,0.570926687535203,0.0,286.8182259701005,98922.00345434393,1.201500810653384,339.58184493788093,0.0,0.0,189.44833710550895,21561.3360109971
2.046875,206.37003916707533,189.87275135860327,189.87275436828332,53.94358505268209,-0.02107253413521191,-5.434525553156685e-07,2.1501606263593095e-06,5.277095345755426,0.6093046312664908,0.8853714012768905,1.1752646185654352,2.8989321728854467,0.5591465523554733,433.5478671094911,97.13759132354257,0.5711363389936057,0.0,286.808594745414,98904.62528122107,1.2013300765030075,339.5760084157209,0.0,0.0,189.87275436828352,21654.97344566561
2.0546875,207.8550656089857,190.29393383116886,190.29393687828392,53.87912413712587,-0.02133761809844016,-1.1062491849082478e-06,1.2711485318560024e-06,5.275321706946599,0.6075309924576628,0.8852014016910135,1.1753071601238476,2.9010575843283415,0.5603965245257256,433.5478671094911,97.59073507781709,0.5713448532051906,0.0,286.7989420735416,98887.20840970607,1.2011589506497296,339.5701588965662,0.0,0.0,190.29393687828411,21748.05328195932
2.0625,209.34337345587684,190.7118804216167,190.7118835059109,53.115313448997256,-0.02160462438730634,-1.6605737035167882e-06,5.077339719951452e-07,5.273555615536957,0.6057649010480214,0.8850320118856133,1.1753496287857998,2.903176169001865,0.5616370316273627,429.8580980277082,98.04146133102091,0.5715522196829772,0.0,286.7892680725368,98869.75305280973,1.2009874351087109,339.5642964519573,0.0,0.0,190.71188350591112,21840.570518506553
2.0703125,210.83493032100841,191.12659365964774,191.1265967810243,53.051272506790944,-0.02187353619499389,-2.2121613196572295e-06,6.92863937471086e-07,5.271797071526502,0.6040063570375664,0.884863233201057,1.1753915254253806,2.905282922243236,0.562868080550778,429.8580980277082,98.48974497290035,0.5717584297985321,0.0,286.77957295291344,98852.2595903742,1.2008155335349369,339.55842120946556,0.0,0.0,191.12659678102446,21932.52106382576
2.078125,212.3297144989182,191.53670578997705,191.5367089479377,51.93760418358021,-0.022144332046962194,-2.7582017815623288e-06,1.4814482357070094e-06,5.270049848614827,0.6022591341258913,0.8846954295216243,1.1754329063648556,2.9073747684323137,0.5640856426900165,424.32344440503385,98.93402812704795,0.5719627969615617,0.0,286.769856855757,98834.72827696822,1.20064324835308,339.55253325458875,0.0,0.0,191.53670894793788,22023.585729289574
2.0859375,213.82768650107974,191.94495574313913,191.9449589374231,52.574264893234826,-0.022416984932882193,-3.2959489512567982e-06,2.3082855845374545e-06,5.268306399402745,0.6005156849138094,0.8845278773259937,1.1754743739379057,2.9094649661191196,0.5652977836560584,428.0132134868167,99.37734318846339,0.5721666653643778,0.0,286.760120037743,98817.15957572601,1.2004705840381513,339.54663274287225,0.0,0.0,191.9449589374233,22114.389189519963
2.09375,215.3288638167054,192.3568093628214,192.35681259325412,52.860200134103536,-0.02269148214393799,-3.825500314161426e-06,3.131832743516394e-06,5.266551629091883,0.5987609146029477,0.8843591251126407,1.1755165105518453,2.9115738543920453,0.5665206011720437,429.8580980277082,99.82582109006427,0.5723727451887299,0.0,286.7503623851914,98799.55328152841,1.2002975384979937,339.54071960542603,0.0,0.0,192.3568125932543,22206.190642930167
2.1015625,216.833256771545,192.76679098989328,192.7667942562088,52.095210685058895,-0.022967809835615704,-4.346952900516386e-06,3.94551684346985e-06,5.264800632480615,0.5970099179916792,0.884190623678876,1.1755587588350214,2.9136813515614532,0.567737969054392,426.16832894592534,100.27332074366618,0.5725783214225497,0.0,286.7405838309849,98781.9092732717,1.2001241104655636,339.5347938015768,0.0,0.0,192.76679425620898,22297.728093378348
2.109375,218.3408258019277,193.16942910516278,193.16943240700328,50.980323107679354,-0.023245945300934892,-4.860404345403042e-06,4.747440735148548e-06,5.263068504367313,0.5952777898783771,0.8840238276799103,1.1756005433390266,2.9157671565911634,0.5689337718581774,420.63367532325094,100.71364132473477,0.5727806589884122,0.0,286.73078463228745,98764.2280149714,1.1999503044252102,339.5288554871662,0.0,0.0,193.16943240700348,22387.73058885246
2.1171875,219.85150642577105,193.56335980036962,193.56336313735187,49.86611487760676,-0.023525861441755523,-5.365952524688057e-06,5.537139970068181e-06,5.26135901845157,0.5935683039626344,0.88385910434072,1.1756417046099683,2.917826002692483,0.5701039910256809,415.0990217005766,101.1451743158471,0.5729790543674294,0.0,286.7209652082325,98746.51026289433,1.199776127735468,339.52290491618885,2.3977079013943267e-05,-5.62061365809064e-05,193.56336313735204,22475.87144348201
2.125,221.36523777032642,193.9513273072944,193.95133067907653,49.45362789993135,-0.023807531902462938,-5.863694715698165e-06,6.314278043914931e-06,5.2596646273342005,0.5918739128452647,0.883695729850188,1.1756825143014817,2.919867844512938,0.5712567076887229,413.2541371596851,101.57096432839336,0.5731748564747826,0.0,286.71112595449284,98728.75673097579,1.1996015873405512,339.51694232842266,6.14398184235315e-05,-5.5391038988701535e-05,193.95133067907676,22562.777635165257
2.1328125,222.88198395689835,194.33470302684916,194.33470643310918,48.690679799175115,-0.024090934937652925,-6.35372685281884e-06,7.078882846218072e-06,5.257981557315611,0.5901908428266748,0.8835333427063601,1.1757231055286135,2.921897628222534,0.5723959601513432,409.5643680779022,101.99252406331239,0.5733687363252802,0.0,286.70126710428013,98710.96784001273,1.1994266873042072,339.5109678651938,0.00012689486439283388,-6.036682659044846e-05,194.33470643310943,22648.761017301807
2.140625,224.40170198754242,194.71211998131218,194.712123421799,47.928186261529696,-0.024376047635364113,-6.836144402391251e-06,6.829984254379098e-06,5.256313582095394,0.5885228676064579,0.8833723093516656,1.1757639121076768,2.9239160275601126,0.5735177211515042,405.8745989961193,102.40825575113601,0.5735599938272631,0.0,286.69138893708094,98693.14409429902,1.1992514325121881,339.50498169587104,0.00011923026913075533,-9.642945131009351e-05,194.7121234217991,22733.4964556097
2.1484375,225.92434889329056,195.08495248489237,195.08495595995095,47.5170000233955,-0.024662864047667127,-7.323616849183944e-06,6.321131592664996e-06,5.254656927973956,0.5868662134850208,0.8832122677890296,1.1758046254267709,2.9259235763774125,0.5746260376610272,404.0297144552279,102.8196842653478,0.573749304452277,0.0,286.6814917321936,98675.28599778863,1.1990758278481157,339.49898398970936,0.00020497619787341123,-0.00015773502665011912,195.08495595995117,22817.297888548037
2.15625,227.449892435447,195.45320218108478,195.45320569146955,46.755052530367784,-0.024951399529762046,-7.837375253752937e-06,5.4321630799323095e-06,5.253011594951299,0.5852208804623634,0.8830532199915511,1.175845306925566,2.9279208693401504,0.5757209137072282,400.33994537344495,103.22677525926666,0.5739366564321721,0.0,286.6715756991696,98657.39392858742,1.1988998769591948,339.49297487369677,0.00021995905430965306,-0.00019998798731494572,195.45320569146978,22900.159943255218
2.1640625,228.9782968247156,195.81824419397068,195.81824774091598,46.69570845051503,-0.02524168639249617,-8.401665168594394e-06,4.359016285502933e-06,5.251373809327828,0.5835830948388925,0.8828948027917872,1.1758859815681846,2.9299117877639733,0.576806399043449,400.33994537344495,103.63107389494103,0.5741227322899329,0.0,286.66164107063935,98639.46830644389,1.1987235839030685,339.48695448880744,0.0,0.0,195.81824774091626,22982.399737857155
2.171875,230.50955129261195,196.18282217612446,196.18282576093765,46.636261781504146,-0.025533771173301054,-9.035372392952421e-06,3.4485485345564644e-06,5.249736023704357,0.5819453092154215,0.8827362867476584,1.1759267387997703,2.931904520521119,0.5778905751112074,400.33994537344495,104.03571689430372,0.5743089125125591,0.0,286.651687916598,98621.50925765428,1.1985469498520664,339.4809228774584,0.0,0.0,196.1828257609379,23064.658394222315
2.1796875,232.0436450621609,196.54419051332664,196.54419413728223,45.87416935916575,-0.025827700549008088,-9.746207377310114e-06,3.1549668064161244e-06,5.248105785480073,0.5803150709911371,0.8825784029382937,1.1759670066409917,2.9338860370269804,0.5789653540484329,396.65017629166204,104.4375302109566,0.5744938033890209,0.0,286.6417163070959,98603.51690861447,1.1983699759797009,339.4748800821001,0.0,0.0,196.54419413728237,23146.28854499373
2.1875,233.58054592064414,196.90235266615218,196.90235633040996,45.81535173915013,-0.02612351623963946,-1.0539938609010993e-05,3.370661107291837e-06,5.246483094654975,0.5786923801660392,0.8824211526344331,1.1760068423866152,2.935856897521821,0.580030745436473,396.65017629166204,104.83649343994666,0.5746773981329388,0.0,286.6317264515158,98585.49163712567,1.1981926659327853,339.46882622961857,0.0,0.0,196.90235633041019,23227.287100079517
2.1953125,235.12023239548245,197.25593518132652,197.2559388866429,44.70197917933796,-0.02642124836222061,-1.141984335896293e-05,3.589417244649032e-06,5.2448717249286565,0.577081010439721,0.8822649031394845,1.1760463849430802,2.9378148180359576,0.5810827027696873,391.1155226689877,105.23098891330115,0.5748589892722726,0.0,286.6217184894293,98567.43369502523,1.198015022119827,339.4627614045942,0.0,0.0,197.2559388866431,23307.325604835474
2.203125,236.66265084250614,197.60219646121297,197.6022002081738,43.94105368695332,-0.026720911567321072,-1.2380283709563431e-05,4.02949000377963e-06,5.243279223700305,0.5754885092113692,0.8821103889066749,1.1760851899188471,2.939748010121722,0.5821131486387211,387.4257535872048,105.61779485763738,0.5750371671165467,0.0,286.6116927695237,98549.34371146937,1.1978370506621265,339.4566858183314,0.0,0.0,197.602200208174,23385.74977552584
2.2109375,238.2077548184368,197.9438892428836,197.9438930328054,43.532380006706006,-0.027022532755587556,-1.3410921162548163e-05,4.570504604764495e-06,5.241698043570732,0.5739073290817971,0.8819568802278999,1.1761236246553055,2.9416674442740565,0.5831301910637442,385.58086904631335,106.00006415086618,0.5752133185467024,0.0,286.6016495936801,98531.22223115992,1.1976587568516242,339.45059965377015,0.0,0.0,197.94389303280553,23463.203830800485
2.21875,239.7555193796595,198.2837646860939,198.28376851964654,43.47574968818037,-0.027326143569048188,-1.4495993073764719e-05,4.999933593033669e-06,5.240120637140754,0.5723299226518183,0.8818036456087246,1.1761621172515593,2.943584716428347,0.5841419341361197,385.58086904631335,106.38097562439997,0.5753888392150733,0.0,286.59158912403217,98513.06954664367,1.1974801435004672,339.4445030091635,0.0,0.0,198.28376851964666,23540.33580537484
2.2265625,241.3059339079446,198.62182249621307,198.62182637392058,43.06713376355174,-0.0276317593627035,-1.5617825745580304e-05,5.186738686203724e-06,5.238547004410369,0.5707562899214327,0.8816506856278771,1.1762007413059907,2.9455005567811363,0.5851483767234886,383.7359845054219,106.76051598770108,0.5755637244528475,0.0,286.5815114295983,98494.88578245467,1.1973012117681499,339.4383959263366,-0.00013923913710754454,-0.00011950289369836504,198.6218263739207,23617.1434993942
2.234375,242.85897704543203,198.95668896823526,198.95669289054672,42.65876846241854,-0.027939389551715186,-1.675333425748076e-05,5.421647793802881e-06,5.236980919079169,0.5691902045902335,0.8814983680040361,1.1762391648387533,2.947407968347172,0.5861454714205957,381.8910999645305,107.13706180843367,0.5757372648083194,0.0,286.57141664920465,98476.67118908482,1.197121964053967,339.432278489418,-0.00016488210969576176,-6.642288482395284e-05,198.95669289054686,23693.29763736184
2.2421875,244.41462386750186,199.2883660833043,199.2883700506208,42.250659683756886,-0.028249041157460276,-1.788416077628423e-05,5.75628597401434e-06,5.235422381147156,0.5676316666582208,0.881346693972396,1.1762773517572909,2.949306577848949,0.5871332234800379,380.046215423639,107.51059273098703,0.5759094534007902,0.0,286.5613049448612,98458.42605885815,1.196942403169494,339.4261507965859,-0.0001576955053277959,-9.190271321030095e-05,199.28837005062093,23768.795127135567
2.25,245.97284588120797,199.6154797529505,199.6154837655103,41.490596313959855,-0.028560719531943564,-1.8990678897706033e-05,5.817143087586925e-06,5.233875164313924,0.566084449824988,0.8811960323403464,1.1763153581514472,2.9511932581110076,0.5881075839478898,376.3564463418561,107.87946862720699,0.5760795750148989,0.0,286.55117650177215,98440.15072594916,1.196762532338916,339.4200129600739,-9.493693672903925e-05,-2.3773246913499826e-05,199.6154837655105,23843.30419458223
2.2578125,247.53360386636123,199.9380343163581,199.93803837432182,41.08346126811059,-0.02887441809233974,-2.0058648722178203e-05,4.896998599892222e-06,5.23233926857947,0.5645485540905348,0.8810463849839455,1.1763535936679694,2.953072086840239,0.5890685647009987,374.5115618009646,108.2436627664987,0.5762476207994992,0.0,286.5410315748686,98421.84565034496,1.1965823560256432,339.4138651343704,0.0,0.0,199.9380383743219,23916.8209798907
2.265625,249.0968658010097,200.25603230350598,200.2560364065537,40.32418296442715,-0.02919012147006887,-2.108037967700625e-05,4.01181768571399e-06,5.230814693943797,0.5630239794548615,0.8808977537682912,1.1763914518077903,2.954936980394991,0.5900161723305736,370.82179271918176,108.60314670608926,0.5764135811382194,0.0,286.5308703722934,98403.51120760935,1.196401877863188,339.40770744560984,0.0,0.0,200.25603640655385,23989.341259632318
2.2734375,250.662596104212,200.57085551455498,200.57085966216277,40.27057982519675,-0.02950780656151474,-2.2055125117089064e-05,3.1843540904114247e-06,5.2292976667073106,0.5615069522183747,0.8807497723279051,1.1764290730627978,2.9567930073489266,0.5909544772310188,370.82179271918176,108.95952585169879,0.5765781598927509,0.0,286.5206931253226,98385.14781504717,1.196221101896928,339.4015400339455,0.0,0.0,200.57085966216295,24061.19182547602
2.28125,252.23077715104242,200.88250430653682,200.8825084982937,39.511672123300166,-0.029827445321780218,-2.2984855992171027e-05,2.448828014625224e-06,5.22778818687001,0.5599974723810743,0.8806024418693791,1.1764664318962514,2.9586399002687234,0.5918834799070587,367.13202363739885,109.31277928360065,0.5767413498439489,0.0,286.5104999485182,98366.75567936926,1.1960400300999119,339.39536296880203,0.0,0.0,200.88250849829384,24132.36945086618
2.2890625,253.8013698006166,201.1882266625278,201.1882308979615,38.75341382570285,-0.030149009926913474,-2.387018000692627e-05,1.8917433487600259e-06,5.2262938018310825,0.5585030873421469,0.8804565008825734,1.1765031477480317,2.960466468654582,0.5927950709254847,363.44225455561593,109.6596146828574,0.5769017161075345,0.0,286.500291096296,98348.3352596326,1.1958586669302904,339.38917640435534,0.0,0.0,201.18823089796166,24202.2087941754
2.296875,255.37432777260818,201.4880277083797,201.48803198701523,37.995818317936795,-0.03047247126618932,-2.4711708414111258e-05,1.6737791910344012e-06,5.2248145115905285,0.5570237971015926,0.8803119518246216,1.1765391171375439,2.9622716531292226,0.5936892641951964,359.7524854738331,109.99999936083555,0.5770592478246463,0.0,286.490066869478,98329.88709862785,1.1956770176719076,339.3829805229037,0.0,0.0,201.48803198701538,24270.705240583316
2.3046875,256.94960482714316,201.78191267383076,201.78191699519078,37.23889880941393,-0.03079780042120505,-2.5510046859911504e-05,1.8935031649631726e-06,5.2233503161483466,0.5555596016594112,0.8801687971313201,1.1765742736115816,2.964054764802615,0.5945660739276933,356.0627163920501,110.33390156861732,0.577213934455871,0.0,286.47982756862353,98311.41173867125,1.1954950876053592,339.3767755065859,0.0,0.0,201.78191699519093,24337.854339805694
2.3125,258.52715835777485,202.07126614206967,202.07127050570406,36.83568379562893,-0.03112496940733782,-2.6265791979762387e-05,2.419179541086586e-06,5.221897441804945,0.5541067273160096,0.8800266699530812,1.1766088511643928,2.9658218121131164,0.5954295788023828,354.2178318511587,110.66293883668507,0.57736648425985,0.0,286.46957347067445,98292.90967946502,1.195312881592997,339.37056152322873,0.0,0.0,202.0712705057042,24403.984937863508
2.3203125,260.10695297425514,202.35471151635443,202.35471592178206,35.726573664389015,-0.03145395191928523,-2.697952743289366e-05,2.6864690197139132e-06,5.220459662259917,0.5526689477709811,0.8798859415403499,1.1766430111645227,2.967570696241728,0.5962757215140682,348.68317822848434,110.98543512961137,0.5775161693697618,0.0,286.45930480566733,98274.38133607747,1.195130403664934,339.36433871223437,0.0,0.0,202.35471592178217,24468.759903371287
2.328125,261.68893176552484,202.6308762097706,202.6308806565315,34.97175845078278,-0.0317847177179444,-2.7665373192989603e-05,3.3677942959125814e-06,5.219040751212854,0.5512500367239187,0.8797469839390536,1.1766761836398993,2.9692919970084573,0.5971004561229759,344.9934091467014,111.29970880954704,0.5776622603038924,0.0,286.4490219435241,98255.82737597992,1.1949476603384421,339.35810729777563,0.0,0.0,202.63088065653162,24531.841578648695
2.3359375,263.2730450657014,202.90114674324545,202.90115123098425,34.21767039585872,-0.03211724203924147,-2.8362454865613905e-05,4.240997180872011e-06,5.217636934964165,0.5498462204752294,0.8796094302341706,1.1767086568736824,2.9709922663951183,0.597907866959481,341.3036400649185,111.60738227932819,0.5778054671204309,0.0,286.43872520707293,98237.24838166997,1.194764657295572,339.3518674754862,0.0,0.0,202.9011512309844,24593.559712142305
2.34375,264.85924325292996,203.1641481106204,203.16415263909394,33.11092879232537,-0.03245150366406876,-2.9106229373594414e-05,5.597959904568047e-06,5.216251987213442,0.5484612727245063,0.8794736528175362,1.1767400843487443,2.9726643153120813,0.5986939008491335,335.76898644224417,111.90676746245124,0.5779450578331389,0.0,286.42841491885594,98218.64493512882,1.194581400214853,339.3456194408267,-0.00011804510466877396,-0.00017588818518172078,203.16415263909408,24653.575574335224
2.3515625,266.4474659718496,203.4198886125877,203.4198931814258,32.35881602480819,-0.03278747835650074,-2.9933029197027096e-05,7.238774912046727e-06,5.214885907960685,0.5470951934717495,0.8793396545781774,1.1767705755737237,2.974309209955462,0.5994585807091807,332.07921736046126,112.19783372456708,0.5780810224112036,0.0,286.41809147118295,98200.01774422369,1.1943978960165842,339.33936343153687,-0.00016262882260803608,-0.00019239795698288055,203.41989318142595,24711.88520587644
2.359375,268.0376637185674,203.6697560935989,203.66976070250726,31.60736899696236,-0.03312514403491257,-3.088803175393505e-05,8.690967337288947e-06,5.213534923506302,0.5457442090173656,0.8792070679200399,1.1768005691431118,2.9759350122307193,0.6002059949854981,328.3894482786784,112.48274954764962,0.5782168169406812,0.0,286.4077551858293,98181.3673895523,1.194214150369078,339.3330996426125,-0.00011287279832178128,-0.00018791995480908058,203.6697607025074,24768.820365996347
2.3671875,269.62979062682615,203.91375464237876,203.91375929124763,30.856440726893794,-0.03346448282590938,-3.201588952586662e-05,9.62080868209778e-06,5.212199033850291,0.5444083193613548,0.8790758950926892,1.176830255163396,2.9775436007070675,0.6009361545034594,324.69967919689543,112.76231796031108,0.5783566669875687,0.0,286.39740636092563,98162.69440904897,1.1940301685218544,339.3268282547209,-5.063086607219143e-05,-0.0001989884715948784,203.9137592912478,24824.37748924548
2.375,271.22381166452305,204.15603611178457,204.15604080084094,31.167565405347652,-0.03380548821361381,-3.3352880123764784e-05,1.0277383916265986e-05,5.210866917893873,0.5430762034049372,0.8789450258382319,1.1768599887344695,2.9791496289623765,0.6016612938954512,326.5445637377869,113.04016574822192,0.5784957033632163,0.0,286.38704522418055,98143.99921358157,1.1938459544737943,339.3205494058534,-3.148558564739428e-05,-0.00019371108659070043,204.15604080084114,24879.564045486703
2.3828125,272.819720614087,204.39521660686404,204.39522133650837,30.062903283279496,-0.03414816808283217,-3.492693103259601e-05,1.0351052769571635e-05,5.209542349336642,0.5417516348477062,0.8788148316920157,1.1768897801071285,2.9807494841511284,0.6023773343825556,321.0099101151125,113.31459606703498,0.5786331397280353,0.0,286.3766718160084,98125.2818760718,1.1936615088945508,339.3142631205011,6.573777758934237e-05,-0.00017190743805563398,204.39522133650854,24934.041043349214
2.390625,274.4174572589657,204.6230060199777,204.62301079066714,28.25161073281384,-0.03449252492843619,-3.675437087833838e-05,9.931609962398499e-06,5.208247970376156,0.5404572558872212,0.8786875409582602,1.1769185500312906,2.9823100907303046,0.6030598426858862,311.78548741065526,113.57546859345803,0.578764273697746,0.0,286.3662865278167,98106.54310275886,1.1934768386954757,339.3079696358569,8.866782236201512e-05,-0.0002041798719056215,204.62301079066734,24985.78166466418
2.3984375,276.0169218559966,204.83803604055117,204.8380408527634,26.79642638177044,-0.03483856057874294,-3.883656274709356e-05,9.389930989730906e-06,5.206987554712011,0.5391968402230753,0.8785635293984996,1.1769458980590464,2.9838236866054677,0.6037047835582579,304.4059492470895,113.82105455382911,0.5788883096079652,0.0,286.355890007936,98087.78406346294,1.1932919553589532,339.3016693448092,9.721491064716684e-05,-0.00017908026650677243,204.83804085276364,25034.443630224396
2.40625,277.618018380419,205.0403206008599,205.04032545506936,24.988859917688814,-0.03518627717819318,-4.116485599508318e-05,8.597634274253182e-06,5.205761102344205,0.5379703878552689,0.8784428018218083,1.1769718884751998,2.985290866533915,0.6043121953344357,295.18152654263224,114.05131248434579,0.579005234476487,0.0,286.34548288052724,98069.00588439355,1.1931068699407974,339.2953626255995,0.00012921488976920742,-0.0002072846037768176,205.04032545506948,25080.022153094556
2.4140625,279.22063290439434,205.2257244516146,205.22572934860224,22.47513787297343,-0.03553567814180981,-4.372475673105886e-05,7.523463329127839e-06,5.204579934371517,0.5367892198825813,0.8783264780926521,1.1769960133858741,2.9866953529322204,0.6048698871736776,282.2673347563921,114.2611198027221,0.5791126794780628,0.0,286.3350658861214,98050.20990173331,1.1929215955698036,339.2890499269896,0.00015903353890434334,-0.00023432579553865564,205.22572934860247,25121.49728883207
2.421875,280.82463002960543,205.39565438897972,205.39565932959914,21.027300710337425,-0.03588677377249297,-4.6490160208030467e-05,6.3142604611515065e-06,5.203440277094355,0.5356495626054195,0.8782141923588037,1.1770183464558683,2.988041540970646,0.605382001761831,274.88779659282625,114.45213706174813,0.5792114203466017,0.0,286.32463990480755,98031.39770347757,1.192736147860974,339.28273178231336,0.00014045961351741954,-0.00021964767865900544,205.39565932959925,25159.20468900072
2.4296875,282.42991417214466,205.55566463078452,205.55566961566421,19.93561791997067,-0.036239575016896196,-4.9427317061213384e-05,4.885217921177092e-06,5.2023270357143465,0.5345363212254105,0.8781044617755033,1.1770396183913865,2.989351566158832,0.6058649066795329,269.3531429701519,114.63112980734631,0.5793045966449776,0.0,286.31420555788105,98012.5704106654,1.192550537830146,339.2764085680759,0.0001861229549089156,-0.0002178121652460726,205.55566961566439,25194.49842760692
2.4375,284.03639345508793,205.69884345223656,205.69884848172262,16.718973976230366,-0.03659408374606089,-5.249543501104432e-05,3.1210374514677175e-06,5.201259078729456,0.5334683642405205,0.8779991506644291,1.177059025349982,2.9905987468555284,0.6062982273295209,252.74918210212883,114.78957200862777,0.5793882613310695,0.0,286.3037634425419,97993.72910085914,1.1923647760676792,339.2700806461804,0.0,0.0,205.69884848172276,25225.67890041189
2.4453125,285.64389320173944,205.8169089308952,205.81691400526915,13.506625404345387,-0.03695028578839724,-5.564032302098661e-05,2.4679760042799496e-06,5.200259048337244,0.5324683338483089,0.8779004985711782,1.1770746653989637,2.991741668277854,0.6066575482676412,236.14522123410578,114.91723204733704,0.5794576782250047,0.0,286.29331469418867,97974.8758227237,1.1921788827424222,339.26374870467833,0.0,0.0,205.8169140052693,25250.707636365154
2.453125,287.2522101310884,205.90712476074393,205.9071298801707,9.58967124880427,-0.03730816144150232,-5.8793912532723326e-05,3.874473843063139e-06,5.199334491936898,0.5315437774479624,0.877809258157853,1.1770856217774468,2.9927636361959373,0.6069347983556665,215.8514912842998,115.01068760667879,0.5795112646648746,0.0,286.2828606341479,97956.01296040467,1.1919928813373006,339.2574135442936,0.0,0.0,205.90712988017083,25268.905789124787
2.4609375,288.8611196084999,205.96953188374832,205.96953704814686,6.38746244891434,-0.03766768117224586,-6.189102373888658e-05,5.842851522853446e-06,5.198485409528416,0.530694695039481,0.8777254373529902,1.1770927708288415,2.993673334758512,0.6071300921028597,199.24753041627676,115.0699457347573,0.5795490236554447,0.0,286.2724027225447,97937.14314848988,1.1918067978118994,339.2510760498621,-0.00034361066337695244,-5.702014434535131e-05,205.96953704814703,25280.278162627576
2.46875,290.47041896501486,206.00693993478268,206.00694514403474,3.18999016010366,-0.038028812564658676,-6.487196679946616e-05,7.730730469644478e-06,5.1977042537126135,0.529913539223678,0.8776482980256749,1.177096835499966,2.994485374742911,0.6072517055204131,182.64356954825368,115.0984393737423,0.5795725423554083,0.0,286.2619422767274,97918.26876394657,1.191620655592598,339.2447370196968,-0.00030530102850535325,-2.8355281069149124e-05,206.0069451440349,25285.51195038281
2.4765625,292.0799274774377,206.02492932092355,206.02493457476177,1.416099479376941,-0.03839152222080014,-6.768326214793487e-05,9.358842711787184e-06,5.196975929691116,0.5291852152021805,0.8775763549608845,1.1770986173653086,2.995222624044241,0.607316083014477,173.41914684379643,115.10302867726102,0.5795849939346662,0.0,286.25148047139663,97899.39192635498,1.1914344755739517,339.23839716566636,-0.00025225726036155825,-4.161477155277468e-05,206.02493457476197,25285.97690297825
2.484375,293.6895224208163,206.02906979441764,206.02907509228697,0.3563203150861252,-0.038755776975212514,-7.028347215587613e-05,1.0681430489644572e-05,5.1962853426655515,0.5284946281766156,0.8775081208889463,1.1770988408076097,2.9959071991866346,0.607339639218672,164.1947241393392,115.09057039570207,0.5795895503505775,0.0,286.2410181042647,97880.51407507312,1.1912482719469377,339.2320569711844,-0.00019907999029235098,-2.1367864518977335e-05,206.02907509228712,25283.041282296945
2.4921875,295.2990992939759,206.02076885204613,206.02077419341927,1.7693967321300117,-0.03912153938308694,-7.263785130967975e-05,1.1468396789695375e-05,5.195628718936326,0.5278380044473899,0.8774432257682923,1.1770978176831828,2.9965459191489052,0.607326520252606,156.81518597577337,115.06280341035274,0.5795870127635616,0.0,286.2305558545891,97861.63643572465,1.1910620567982617,339.225716847881,-0.0001187351046586881,3.0979107892246735e-06,206.0207741934194,25277.052108986867
2.5,296.9085645823234,206.00004498499774,206.00005036913262,3.5356851633067894,-0.03948877154978055,-7.471675498534253e-05,1.1128294528123859e-05,5.19500605850344,0.5272153440145035,0.8773816721377952,1.1770958993181877,2.9971422718039253,0.6072767779108104,147.59076327131612,115.0197608461374,0.5795773915960731,0.0,286.22009433021486,97842.76010507901,1.1908758409469644,339.2193771641102,-0.00010902782786270071,-5.810440647979819e-07,206.00005036913277,25268.01594979117
2.5078125,298.51782131055717,205.96830518389865,205.96831061001976,4.589553209041689,-0.039857428679119344,-7.651062675910868e-05,1.0865991725534901e-05,5.194413587667299,0.5266228731783631,0.8773230892246272,1.1770925524744698,2.9976946324984253,0.6071945572644337,142.05610964864175,114.96318666781252,0.5795614899935645,0.0,286.20963416148135,97823.88622049401,1.1906896356157008,339.2130383018577,5.883104174699273e-06,3.0330795300367848e-05,205.96831061001987,25256.28044733867
2.515625,300.12679792655547,205.92833844526967,205.92834391266084,5.641745522132642,-0.04022747175654968,-7.802911861480536e-05,1.0680318278608612e-05,5.193843759028718,0.5260530445397822,0.8772667325399984,1.1770881290786497,2.9982139653865123,0.6070880781040942,136.5214560259674,114.89652359813033,0.5795408995730433,0.0,286.1991758134774,97805.01562115611,1.190503449088396,339.20670054296727,0.0001000091614543828,-1.654289252888772e-05,205.92834391266098,25242.532034394215
2.5234375,301.73542659695715,205.87877118277066,205.87877669069957,7.047164537963011,-0.04059886244629132,-7.92772746424762e-05,9.579453439017485e-06,5.193300346287289,0.5255096317983541,0.8772129768962618,1.177083043184786,2.998700662885243,0.6069532891092174,129.14191786240158,114.81809766856793,0.5795148392938356,0.0,286.18871972711975,97786.14910263696,1.1903172892210225,339.2003641546346,0.000161851767300825,-2.8104920294125348e-05,205.87877669069977,25226.4363832131
2.53125,303.3436323804883,205.82100673434724,205.82101228195793,7.740402654304295,-0.04097156004216298,-8.027784880252954e-05,8.261884288731727e-06,5.192779575743421,0.5249888612544854,0.8771614505136084,1.177077060581853,2.999156100682446,0.6067943254384078,125.4521487806187,114.72964937484493,0.5794841115975972,0.0,286.1782663895268,97767.28754387212,1.190131164694507,339.19402943205324,0.00018973223365168735,-5.54484336020355e-05,205.8210122819582,25208.34023093214
2.5390625,304.95136573462077,205.75783072252585,205.75783630908975,8.432516306293095,-0.04134552614777025,-8.106600033514034e-05,6.8292689910743465e-06,5.192273899997925,0.5244831855089898,0.8771114077584341,1.1770704721077776,2.999590643493435,0.6066193980193542,121.7623796988358,114.63461309669593,0.5794503062947036,0.0,286.16781612272496,97748.43152591241,1.1899450812524823,339.1876965703714,0.0002316299932926814,-3.812891054092407e-05,205.75783630909004,25188.928357612127
2.546875,306.55858080294655,205.68786477097194,205.68787039616564,9.478521755594661,-0.04172073114654895,-8.168884969873705e-05,5.322823263954106e-06,5.191787092750396,0.5239963782614604,0.8770632230608227,1.1770630823857422,2.9999985932491944,0.6064244418062761,116.22772607616145,114.5313103878499,0.5794126404697865,0.0,286.15736922478084,97729.58158657666,1.1897590442135673,339.1813657502172,0.00023390856671197106,-4.403273651295944e-05,205.68787039616583,25167.86539825476
2.5546875,308.16521735811057,205.60973359383019,205.60973925736928,10.522807307498011,-0.04209715382712451,-8.219195150508352e-05,3.953303620728957e-06,5.191322927700426,0.5235322132114906,0.8770172710957704,1.1770545971506288,3.0003732605485833,0.6062054004604644,110.69307245348709,114.4180718465398,0.5793703340739583,0.0,286.14692608717223,97710.7384322308,1.1895730605615662,339.1750372088264,0.0,0.0,205.60973925736954,25144.817591832485
2.5625,309.7712188890313,205.5262255039889,205.5262312061355,10.85520587078777,-0.042474781769321006,-8.262938158421306e-05,2.798841120384523e-06,5.190873857448829,0.5230831429598937,0.8769728056820995,1.1770453213309493,3.0007251564884982,0.6059704932624231,108.84818791259563,114.29833239331151,0.5793249782409708,0.0,286.13648707722126,97691.90272565513,1.1893871368520745,339.1687111687961,0.0,0.0,205.5262312061357,25120.469883875907
2.5703125,311.3765542605765,205.43873511026885,205.43874085149932,11.542176970586686,-0.042853618937153094,-8.305767833939827e-05,2.628397571341991e-06,5.190436108296012,0.5226453938070765,0.8769294538395677,1.177034977197033,3.001055233574653,0.6057238310318008,105.15841883081274,114.17381267035576,0.579277369399277,0.0,286.12605239730624,97673.07483201257,1.1892012767045481,339.1623877527676,0.0,0.0,205.43874085149952,25095.165275585834
2.578125,312.9811851602533,205.34588218390516,205.34588796491064,12.228013076475065,-0.04323367590978903,-8.3530347930217e-05,4.192022676823512e-06,5.190013453941568,0.5222227394526324,0.8768875899490876,1.177022951928262,3.0013536197917445,0.6054613432503002,101.46864974902982,114.04283602097797,0.5792267247649453,0.0,286.11562229645835,97654.25520064445,1.189015484570552,339.1560671116538,0.0,0.0,205.34588796491087,25068.568555516053
2.5859375,314.58507334240215,205.24906336044484,205.24906918205977,12.557546051545179,-0.043614966222876146,-8.410219638285509e-05,6.003133959427849e-06,5.189602120685904,0.5218114061969681,0.8768468408653455,1.1770102983720332,3.001634575066877,0.605187146820925,99.62376520813838,113.9071241334423,0.5791738416798093,0.0,286.10519702327434,97635.44428010826,1.1888297648952026,339.14974939610426,-0.00021285347624780423,-0.0002523979276691942,205.24906918206005,25041.022985375566
2.59375,316.18818061740404,205.14412068007326,205.1441265428947,14.307319004285443,-0.043997507102612236,-8.482216405835518e-05,7.453202739895232e-06,5.189213429627799,0.5214227151388633,0.8768083289139367,1.1769968600548955,3.0018853114095876,0.6048889806466587,90.39934250368113,113.76161298256673,0.5791163595732274,0.0,286.09477682598686,97616.64251830424,1.1886441221184116,339.143434756548,-0.00019238332108245158,-0.00020862686988012822,205.14412654289495,25011.516570995518
2.6015625,317.79041465897944,205.0255194674676,205.02552537201376,16.054124623100332,-0.04438129767875776,-8.572339507898537e-05,8.484036027230766e-06,5.188862475565626,0.521071761076691,0.8767735510302382,1.1769819876863012,3.00208436656063,0.6045505228735635,81.17491979922386,113.59957836830681,0.5790511400317908,0.0,286.0843623047166,97597.85099806494,1.1884585669511845,339.13712355665825,-0.00015155481236043687,-0.0002135308972672432,205.02552537201404,24978.70487387282
2.609375,319.3916688506617,204.89328300300764,204.89328894945896,17.797938644062498,-0.04476633165268236,-8.682564778299e-05,9.06265054093294e-06,5.188549258499386,0.5207585440104511,0.8767425087308006,1.1769657107169778,3.002232019861771,0.6041718391604912,71.9504970947666,113.42109631661977,0.5789782071644245,0.0,286.07395415247066,97579.0709698228,1.1882731117627643,339.1308162163972,-0.00011928233396213066,-0.0001829011973000744,204.89328894945922,24942.601142718035
2.6171875,320.99183675858546,204.7474347509894,204.74744073933869,19.5387379418692,-0.04515259426116661,-8.813555537105319e-05,9.434800563289937e-06,5.188273778429079,0.5204830639401438,0.8767152033695377,1.1769478950595988,3.0023269169006115,0.6037529957197537,62.72607439030935,113.22624738994764,0.5788975865200178,0.0,286.0635530610692,97560.30368186874,1.1880877689048295,339.1245131550079,-0.00010581743790795045,-0.00017487921213469486,204.74744073933905,24903.2193093574
2.625,322.5908085173249,204.58661017508516,204.58661620548506,21.631770049120227,-0.04554006682898872,-8.965722722216072e-05,9.879683385138342e-06,5.188039809054298,0.5202490945653622,0.8766920102374963,1.1769282163253032,3.0023620608780686,0.6032899657807411,51.65676714496064,113.01342931267529,0.578808517908513,0.0,286.05315974463736,97541.55042274007,1.1879025511301422,339.1182148052502,-0.0001282844710292668,-0.00013058234719279,204.58661620548543,24860.23662253531
2.6328125,324.1884599973719,204.40944822593238,204.40945429838524,23.721100474356277,-0.04592873120807872,-9.139459395563553e-05,1.0355878210498358e-05,5.187851124074635,0.5200604095856997,0.8766733045749265,1.1769065419707032,3.0023323739577665,0.6027787324613704,40.58745989961193,112.78105723049806,0.5787102466754368,0.0,286.04277501001707,97522.81264826789,1.1877174728476168,339.1119216560703,-0.00011651430410179683,-0.0001692958666848456,204.40945429838558,24813.33320610964
2.640625,325.7846709079223,204.21875448339853,204.21876059791603,25.096115286963055,-0.046318566960226605,-9.33537063070198e-05,1.0568936800286054e-05,5.187700176090905,0.5199094616019696,0.8766583390651598,1.1768834037351448,3.0022506466998498,0.6022275657287851,33.207921736046124,112.5326116412995,0.5786043813424128,0.0,286.03239963909846,97504.09176926178,1.1875325480255863,339.1056341812937,-7.821676712422346e-05,-0.00017341504585872416,204.2187605979164,24763.201882084744
2.6484375,327.37934647048405,204.01593970087802,204.0159458575757,26.823979764107463,-0.04670955897201109,-9.553572286872786e-05,1.024285486707659e-05,5.187583191403514,0.5197924769145789,0.8766467401960533,1.1768591491705687,3.0021240897451538,0.6016406230224437,23.98349903158887,112.26987020493752,0.5784917379425093,0.0,286.0220342479418,97485.38889731458,1.1873477876804202,339.0993527542528,1.8694923545047208e-05,-0.00022084047389493437,204.01594585757604,24710.195305865844
2.65625,328.97239207592537,203.80241479257685,203.80242099163175,27.838117704761213,-0.047101692736775724,-9.792901370459637e-05,9.296079587771686e-06,5.18749639631287,0.5197056818239341,0.876638134245437,1.1768340102247987,3.001958759793617,0.6010220625716292,18.448845408914515,111.9946042665982,0.5783731310871735,0.0,286.01167945150644,97466.7051420329,1.1871632028120194,339.09307774761294,5.213404498181352e-05,-0.00021732725241793005,203.80242099163215,24654.66515624321
2.6640625,330.56374943533535,203.5851389895341,203.58514523104762,27.784526964643934,-0.04749496083816982,-0.00010050691361332906,8.007332769024258e-06,5.187420922321005,0.519630207832069,0.8766306505760273,1.1768086821575725,3.001780315815452,0.6003924056990081,18.448845408914515,111.71527134781124,0.5782525066465279,0.0,286.0013356286703,97448.04118704793,1.1869788002145778,339.08680939097417,7.642860408543367e-05,-0.00026256115027812807,203.585145231048,24598.302558602678
2.671875,332.1534254253811,203.3738344584998,203.3738407430109,26.309965816831657,-0.04788936781901057,-0.00010322351578048776,6.666117359452674e-06,5.187330353530767,0.519539639041831,0.8766216698852793,1.1767841812142814,3.0016251132900207,0.5997803240207878,25.82838357248032,111.44416796841624,0.5781382792305515,0.0,285.991002734735,97429.39695170792,1.1867945791321621,339.08054765724944,7.316227596641509e-05,-0.00024221122365320204,203.37384074301127,24543.457287049663
2.6796875,333.7414811027229,203.16848440420452,203.16849073165938,26.259685034432906,-0.0482849244464197,-0.00010603594584118926,5.302824795557249e-06,5.1872246899421555,0.51943397545322,0.8766111920163778,1.176760481847015,3.0014928983063713,0.599185769437062,25.82838357248032,111.1816328668373,0.5780324961650886,0.0,285.9806803728323,97410.77171992058,1.1866105325291931,339.0742923059364,4.9677590430917264e-05,-0.00026637238074661546,203.1684907316598,24490.11993491079
2.6875,335.3279376317287,202.9649149406954,202.96492131099066,25.854238064514927,-0.04868162350821162,-0.00010889666219557833,4.2949737651568e-06,5.1871152526539515,0.5193245381650158,0.8766003394878554,1.1767368505609295,3.0013651107307404,0.5985964332213576,27.673268113371773,110.92164246807307,0.5779277392863195,0.0,285.97036840539374,97392.16524346331,1.186426657991805,339.06804325366863,0.0,0.0,202.96492131099103,24437.280291320872
2.6953125,336.91280529030905,202.76034445644103,202.76035086898213,26.515633642111776,-0.04907945216271755,-0.00011175842729531287,3.923959872876012e-06,5.18700958906534,0.5192188745764048,0.8765898607499283,1.1767127839595013,3.00122923209573,0.5980041119168354,23.98349903158887,110.66087154610675,0.5778225498355054,0.0,285.96006676561296,97373.57740179346,1.1862429543672968,339.06180045996143,0.0,0.0,202.7603508689825,24384.267752321743
2.703125,338.49604372010924,202.54644576199996,202.54645221590533,28.24194583368911,-0.04947837550307558,-0.00011458681052791092,4.310352448225193e-06,5.186930341373882,0.5191396268849465,0.8765820014163117,1.176687209037764,3.001052076214523,0.597384245155325,14.759076327131611,110.38941614672126,0.5777125738717608,0.0,285.94977571581927,97355.0086682469,1.1860594263725284,339.0555640837865,0.0,0.0,202.54645221590573,24329.082711420273
2.7109375,340.07756203133414,202.3204608244238,202.3204673187772,29.609814903131756,-0.04987834783796868,-0.00011734391977045627,5.348562112903299e-06,5.186885056978763,0.5190943424898276,0.8765775102607052,1.1766598661854613,3.0008235592475607,0.5967286962152326,7.3795381635658055,110.10405187850967,0.5775963843218073,0.0,285.9394958467963,97336.46010880859,1.1858760845838785,339.0493344831586,-0.00019599157343642263,-7.403259177948381e-05,202.32046731877753,24271.07174690786
2.72265625,342.44646455903506,201.97162072466418,201.9716272784434,29.925461006954148,-0.0504801872484378,-0.00012126587298833743,6.823950935245546e-06,5.186856754231814,0.5190660397428781,0.8765747032486279,1.1766178641883598,3.000431609397319,0.595716214214385,5.304043055062923,109.66524806188578,0.5774171684410817,0.0,285.92409798036624,97308.67685203139,1.185601438487166,339.04000337610194,-0.00014131128195732088,-1.3206958502854908e-05,201.97162727844378,24181.8459998493
2.740234375,345.99209927194386,201.4414339263992,201.4414405663138,30.39778446351873,-0.051386993992128184,-0.00012649218575249644,8.414143572446295e-06,5.18681430011139,0.5190235856224541,0.8765704926730735,1.176554749143499,2.9998425647042537,0.5941769023906498,2.1908003923085984,109.00106486815972,0.577145250305569,0.0,285.9010513547323,97267.09249872224,1.185190309001281,339.02603712096777,-7.622280052449473e-05,0.00011354594888803822,201.44144056631407,24046.713723184253
2.7421875,346.3854815600999,201.38201208884738,201.38201873822874,30.45018089127673,-0.0514880396631766,-0.00012701408000350155,8.419894506790911e-06,5.186809582986898,0.5190188684979625,0.8765700248270905,1.1765478025937506,2.9997777776666013,0.5940043451459437,1.8448845408914514,108.92682890369345,0.5771148095745277,0.0,285.89849436985935,97262.47878372314,1.185144690782036,339.0244875881348,-5.679416899992305e-05,0.00011748521776202206,201.3820187382291,24031.60404851061
2.7451171875,346.9753372763611,201.29283402178606,201.2928406852982,30.428723464960086,-0.05163971483710346,-0.0001277747672661666,8.439465728848614e-06,5.1868067527122035,0.5190160382232676,0.8765697441190919,1.1765373809532373,2.999676368341454,0.5937453711679264,1.8448845408914516,108.81548488837727,0.5770691397606631,0.0,285.89466030770365,97255.56076466801,1.185076287171306,339.0221641464684,-4.726756476234217e-05,0.000129132583856819,201.29284068529856,24008.939101473006
2.75,347.9578498457961,201.14434346747137,201.14435015435893,30.393025322970505,-0.05189278839664149,-0.00012898393408149105,8.500560669272245e-06,5.186802035587712,0.519011321098776,0.8765692762717476,1.1765200380440044,2.9995076177225677,0.59331414763382,1.8448845408914514,108.6302449513338,0.5769931355716653,0.0,285.8882739760023,97244.03753875043,1.1849623443745807,339.0182940294574,-1.6207666422389375e-05,9.860358431040722e-05,201.14435015435927,23971.225132010786
2.7578125,349.52836308752256,200.90712056239934,200.9071272862336,30.33607475171001,-0.05229842673257156,-0.00013076789856657258,8.668378307706742e-06,5.186794488188525,0.5190037736995895,0.8765685277142262,1.1764923603152613,2.9992383260103503,0.5926252268780806,1.8448845408914514,108.33472506525843,0.576871819661148,0.0,285.8780656399311,97225.61805033474,1.1847802000801992,339.01210777779824,3.970155641760967e-05,8.442369536023488e-05,200.907127286234,23911.040757054725
2.765625,351.09702114471236,200.66895325222697,200.6689600124091,30.634688170986287,-0.05270493272203626,-0.0001323692380617535,8.18815756860345e-06,5.186790714488932,0.5189999999999962,0.8765681534346484,1.1764650393016636,2.998968858670151,0.5919334824106911,0.0,108.03863393133801,0.5767501402081676,0.0,285.86786936255936,97207.2203201247,1.1845982579598975,339.005928833711,0.00010818232884906404,0.00010713871174718059,200.66896001240946,23850.719990568363
2.77734375,353.4465088882652,200.31045572508813,200.31046254051395,30.54896665078942,-0.05331629895818149,-0.00013444765058401783,6.990518908313958e-06,5.186790714488932,0.5189999999999962,0.8765681534346484,1.1764243555926557,2.998562021580072,0.5908921171936217,0.0,107.59405115798404,0.5765672142918346,0.0,285.85259769222625,97179.66476622973,1.1843257263746347,338.9966742014891,0.00016016883747894923,0.00016531078272885181,200.3104625405143,23760.109359049453
2.794921875,356.96287803847764,199.77458617689425,199.77459307839223,30.421248234760355,-0.05423705324123455,-0.00013696671402357798,3.270049553751317e-06,5.186790714488932,0.5189999999999962,0.8765681534346484,1.1763650514409152,2.997968980062667,0.5893354453146767,0.0,106.93165573570789,0.5762943358141649,0.0,285.8297412927499,97138.42364892695,1.1839177866030006,338.9828232234064,0.0,0.0,199.77459307839254,23625.013155730496
2.814921875,360.95229513886994,199.16760404980204,199.16761105636428,30.277180691507652,-0.055290418574830094,-0.00013943813136984434,5.0547233949611825e-06,5.186790714488932,0.5189999999999962,0.8765681534346484,1.1762948781773541,2.9972672474270565,0.5875720853776716,0.0,106.18446511426953,0.5759860450284877,0.0,285.8038100815973,97091.63447191547,1.183454888755587,338.967108909448,-0.0004478700143731374,0.00012560888371512696,199.16761105636468,23472.488813168755
2.834921875,364.9296013226835,198.5634901474401,198.56349726881135,30.134424538122424,-0.05635044895335693,-0.0001422544749180525,1.1401121780699306e-05,5.186790714488932,0.5189999999999962,0.8765681534346484,1.1762229126915649,2.996547592569164,0.5858169415689878,0.0,105.44407603095142,0.5756800547702787,0.0,285.7779575914025,97044.98733565965,1.1829933125317273,338.95144230038994,-0.0003822796696533699,1.2626108845945966e-05,198.56349726881166,23321.212202815947
2.854921875,368.8948536932732,197.9622184120523,197.96222565423847,29.992962623940528,-0.05741768012348805,-0.00014614351056173715,1.4260481330616988e-05,5.186790714488932,0.5189999999999962,0.8765681534346484,1.1761538933435354,2.995857399088869,0.5840699392645384,0.0,104.71040267994806,0.5753763398337881,0.0,285.7521834509937,96998.48157043284,1.1825330520428246,338.9358231713022,-8.120237770274224e-05,-0.00018100968310007936,197.96222565423884,23171.16918617075
2.874921875,372.84810883613943,197.36376311395696,197.3637704804133,29.85277845752477,-0.05849235863348536,-0.00015140019594937296,1.2298767070592969e-05,5.186790714488932,0.5189999999999962,0.8765681534346484,1.1760885988375427,2.995204454028942,0.5823310047829665,0.0,103.98336068928892,0.5750748753828029,0.0,285.7264872925651,96952.11651258192,1.1820741014537186,338.9202512992945,6.168711644688647e-05,-0.0002593022265307849,197.36377048041368,23022.345834741125
2.894921875,376.78942282543096,196.7680988474662,196.76810633712086,29.713856456910616,-0.059574506506512796,-0.00015753550909364998,9.258406951839575e-06,5.186790714488932,0.5189999999999962,0.8765681534346484,1.176024814888895,2.994566614542465,0.5806000653647378,0.0,103.26286727971464,0.5747756369429371,0.0,285.7008687516347,96905.89150445112,1.181616454982016,338.90472646349065,-5.120519961717642e-06,-0.00021074782439695,196.76810633712128,22874.728425747402
2.914921875,380.7188512303496,196.1752005211813,196.17520812994263,29.57618088804972,-0.06066382086800166,-0.00016386899184843946,6.885094389348422e-06,5.186790714488932,0.5189999999999962,0.8765681534346484,1.1759615047158125,2.9939335128116404,0.5788770491542433,0.0,102.54884093726295,0.5744786003945506,0.0,285.6753274670027,96859.80589430683,1.181160106897429,338.88924844500366,-5.8498139448655864e-05,-0.00023938945703866848,196.17520812994294,22728.30343813119
2.934921875,384.63644912138665,195.5850433548394,195.58505107609244,29.439736280852586,-0.06175981580778588,-0.0001697970968271903,7.1816176905895125e-06,5.186790714488932,0.5189999999999962,0.8765681534346484,1.1758974801067454,2.9932932667209697,0.5771618851879634,0.0,101.84120143809677,0.57418374196681,0.0,285.649863080711,96813.85903626446,1.1807050515211321,338.87381702691084,-0.00013849732598893817,-0.0001957406015394242,195.58505107609284,22583.05754910252
2.954921875,388.5422710765092,194.9976028766762,194.99761069964836,29.304507910776366,-0.06286181601415415,-0.000174736870321647,1.054965379920122e-05,5.186790714488932,0.5189999999999962,0.8765681534346484,1.17583249701554,2.992643435808916,0.5754545033808377,0.0,101.1398698475781,0.5738910382315235,0.0,285.6244752380027,96768.05029021594,1.180251283225125,338.8584319942296,-0.0001440927027407109,-7.566434815001351e-05,194.99761069964876,22438.97763059949
2.974921875,392.436371187236,194.4128549098044,194.41286282688716,29.170481259039004,-0.06396901768562395,-0.00017841302345677088,1.2088497563818103e-05,5.186790714488932,0.5189999999999962,0.8765681534346484,1.17576943771087,2.992012842762216,0.5737548345129334,0.0,100.44476840134945,0.5736004660971129,0.0,285.59916358728293,96722.37902175837,1.1797987964316048,338.8430931338935,3.587383129460214e-05,-7.663594389962975e-05,194.41286282688753,22296.05074582608
2.994921875,396.318803064497,193.83077557529265,193.83078358196732,29.03764137319417,-0.06508099476132441,-0.000180859824061445,1.2043125483176048e-05,5.186790714488932,0.5189999999999962,0.8765681534346484,1.175708150587153,2.9913999715250448,0.5720628102171311,0.0,99.75582065035675,0.5733120028028413,0.0,285.57392778008074,96676.8446021254,1.1793475856123627,338.8278002347289,7.40829376601237e-05,-7.51028747368064e-05,193.83078358196772,22154.264145922327
3.014921875,400.1896198446077,193.25134128774718,193.25134938138712,28.905973817555804,-0.06619742164124856,-0.00018238590173310252,1.0707549744507877e-05,5.186790714488932,0.5189999999999962,0.8765681534346484,1.175648455236646,2.990803018019975,0.5703783629631872,0.0,99.07295138073692,0.5730256259125063,0.0,285.54876747101,96631.44640811712,1.178897645288168,338.8125530874321,0.00019811372846585313,-0.0002074526251660793,193.25134938138748,22013.605266405255
3.034921875,404.0488741950317,192.67452874708076,192.67453692926085,28.77546455409943,-0.06731821494575178,-0.0001835965812481758,8.75177812421931e-06,5.186790714488932,0.5189999999999962,0.8765681534346484,1.1755899497119968,2.9902179627734835,0.568701426044206,0.0,98.39608658658332,0.5727413133086274,0.0,285.52368231773227,96586.18382203241,1.178448970028173,338.79735148454574,0.0002190589738559107,-0.00031039139476274797,192.67453692926128,21874.0617238511
3.0549218750000002,407.89661832004987,192.100314934172,192.10032321285107,28.646099799989372,-0.06844364736503808,-0.000185085739957505,7.672072346950376e-06,5.186790714488932,0.5189999999999962,0.8765681534346484,1.1755317449828788,2.9896359154823036,0.5670319335638535,0.0,97.72515343769784,0.5724590431868418,0.0,285.49867198091965,96541.05623160256,1.178001554449329,338.7821952204373,-2.5600455873775522e-05,-0.00045916522925648694,192.10032321285146,21735.621312685642
3.0749218750000002,411.7329039663671,191.5286771102869,191.5286854975728,28.51786534961607,-0.06957435731359501,-0.00018747196530482645,1.0070407148702433e-05,5.186790714488932,0.5189999999999962,0.8765681534346484,1.1754723003190022,2.989041468843537,0.5653698204220107,0.0,97.06008026163326,0.57217879405011,0.0,285.4737361242186,96496.06302992544,1.1775553932158072,338.7670840912765,-0.000188583642864022,-0.00046041462620785535,191.52868549757318,21598.272001904188
3.0949218750000003,415.5577824286859,190.95959281398515,190.95960132353179,28.390746959365526,-0.07071118118820627,-0.0001910722163323678,1.2190115297068312e-05,5.186790714488932,0.5189999999999962,0.8765681534346484,1.1754138238092906,2.9884567037464214,0.5637150223049435,0.0,96.40079641611712,0.5719005447037637,0.0,285.4488744142135,96451.20361540014,1.177110481038425,338.7520178950134,-0.00022361839423699271,-0.00032419890563652323,190.9596013235321,21462.001932186096
3.1149218750000003,419.37130455525016,190.39303986000607,190.39304850126138,28.264730414003427,-0.07185484701622226,-0.00019568428146518664,1.2840141330301841e-05,5.186790714488932,0.5189999999999962,0.8765681534346484,1.1753570109956455,2.9878885756099702,0.5620674756731033,0.0,95.74723238388026,0.5716242742502217,0.0,285.42408652039086,96406.47739166197,1.1766668126740694,338.73699643135683,-6.780391662256263e-05,-0.0002701315873286312,190.39304850126175,21326.79941287219
3.1349218750000003,423.173520753301,189.82899633286945,189.82900510753822,28.139802108797284,-0.07300567369709608,-0.00020086354292557198,1.017474375438148e-05,5.186790714488932,0.5189999999999962,0.8765681534346484,1.175302943456267,2.987347900216185,0.5604271177491497,0.0,95.09931972040948,0.5713499620838138,0.0,285.3993721151035,96361.88376751848,1.176224382925137,338.7220195017527,1.1920821112127986e-05,-0.0003750983219821979,189.82900510753853,21192.65291900495
3.1549218750000003,426.96448099442097,189.26744057796964,189.26744948037236,28.015949906563613,-0.07416337607749206,-0.00020586349720194862,9.963217691407287e-06,5.186790714488932,0.5189999999999962,0.8765681534346484,1.1752482135398272,2.9868006010517876,0.5587938865035328,0.0,94.45699121856056,0.5710775878852697,0.0,285.37473087353624,96317.42215688675,1.1757831866389787,338.70708690936294,-0.00018836284259243427,-0.0003062879349711078,189.26744948037276,21059.551088229524
3.1749218750000003,430.7442348196055,188.7083511946922,188.70836021426885,27.893161024992946,-0.07532740061964123,-0.0002098725979895795,1.166455436235111e-05,5.186790714488932,0.5189999999999962,0.8765681534346484,1.1751931337908943,2.9862498035624583,0.557167720640863,0.0,93.82018056312602,0.5708071316164138,0.0,285.3501624736725,96273.09197873391,1.175343218707378,338.6921984590456,-0.00010422555039856682,-0.0002581501653562779,188.70836021426922,20927.482717802177
3.1949218750000004,434.5128313444026,188.15170703481266,188.1517161579871,27.771423553711198,-0.07649683974734206,-0.00021241979745692549,1.3516848165080874e-05,5.186790714488932,0.5189999999999962,0.8765681534346484,1.175138736637196,2.9857058320254746,0.5555485595936547,0.0,93.18882244701256,0.5705385735161541,0.0,285.3256665962614,96228.8926570169,1.174904474066022,338.6773539573344,-2.1690276580087802e-05,-0.00017979999073318052,188.15171615798747,20796.436762196314
3.2149218750000004,438.2703192638256,187.5974871939247,187.5974964103406,27.650725617819212,-0.0776708527685536,-0.00021353925143063508,1.403609498054329e-05,5.186790714488932,0.5189999999999962,0.8765681534346484,1.175085890699672,2.985177372650235,0.5539363435102725,0.0,92.56285255603534,0.5702718940955643,0.0,285.30124292478513,96184.82362062481,1.1744669476939957,338.66255321241977,0.00010531898236900213,-0.0001956141053320986,187.5974964103409,20666.402330310222
3.2349218750000004,442.01674685723674,187.04567100984804,187.04568031663027,27.531055217881665,-0.07884893399506218,-0.0002137089261904704,1.16043026001874e-05,5.186790714488932,0.5189999999999962,0.8765681534346484,1.1750355436795854,2.9846739024493694,0.5523310132447455,0.0,91.94220755892921,0.5700070741333406,0.0,285.27689114542795,96140.88430332165,1.174030634613279,338.6477960341293,0.00030961658933477887,-0.00019792133688382307,187.04568031663058,20537.368682855675
3.2549218750000004,445.7521619931633,186.49623806259683,186.49624746430447,27.412400223903447,-0.08003112678202876,-0.00021354286504367807,8.238374844323588e-06,5.186790714488932,0.5189999999999962,0.8765681534346484,1.1749865004862,2.9841834705155144,0.550732510344289,0.0,91.32682519909332,0.5697440946709417,0.0,285.2526109470444,96097.07414368981,1.1735955298882492,338.6330822339089,0.00021765427155040539,-0.00021304391087303233,186.49624746430473,20409.325229615333
3.2749218750000004,449.47661213231083,185.94916737035874,185.94917687392618,27.294934014974917,-0.0812177862751369,-0.0002135495706647673,6.884175201703999e-06,5.186790714488932,0.5189999999999962,0.8765681534346484,1.1749370183340426,2.9836886489939416,0.5491407746604108,0.0,90.71760703784705,0.5694889865992354,0.0,285.22840202113997,96053.39258509473,1.173161628625396,338.61841162481085,-1.552432401852704e-05,-0.0004433751261063388,185.94917687392646,20282.261351202294
3.2949218750000004,453.1901442638962,185.40443349436703,185.40444310980928,27.178611559151893,-0.08240936596697346,-0.0002142714047048037,8.58209866516867e-06,5.186790714488932,0.5189999999999962,0.8765681534346484,1.1748864774248726,2.9831832399022415,0.5475557328618136,0.0,90.11432019213237,0.5692407894632217,0.0,285.20426406228466,96009.83907643166,1.172728925980805,338.6037840217445,-6.406551648534652e-05,-0.00029760253064955484,185.40444310980956,20156.165554712163
3.3149218750000005,456.89280491757813,184.86201633879057,184.8620260732475,27.063261296443013,-0.08360639237489424,-0.000216000187426794,8.12786975587387e-06,5.186790714488932,0.5189999999999962,0.8765681534346484,1.1748379399754518,2.9826978654080336,0.5459773273554205,0.0,89.51607842059893,0.5689943275529171,0.0,285.1801967680357,95966.41307198566,1.1722974171588327,338.5891992414297,-2.5400370108533536e-05,-0.00024091991346883554,184.86202607324776,20031.027611104997
3.3349218750000005,460.5846402340075,184.321896563511,184.32190642215156,26.948872296833237,-0.08480913833490569,-0.00021860572931555294,6.58290735059635e-06,5.186790714488932,0.5189999999999962,0.8765681534346484,1.174790774475125,2.9822262104047645,0.5444055027620041,0.0,88.92282377436366,0.568749583398473,0.0,285.1561998384789,95923.11403060424,1.1718670974039536,338.57465710211824,-3.553802073851737e-05,-0.00032799426672001605,184.3219064221518,19906.837545682083
3.3549218750000005,464.26569596921325,183.78405504881138,183.78406503619672,26.835433787709572,-0.08601787367543515,-0.00022175468302548245,6.432021976063562e-06,5.186790714488932,0.5189999999999962,0.8765681534346484,1.1747435103431736,2.9817535690852512,0.5428402043370457,0.0,88.33449918401803,0.5685065397646678,0.0,285.1322729762001,95879.94141564585,1.1714379620003081,338.56015742357727,-0.00018644447573273925,-0.0002318884468507223,183.78406503619703,19783.585519430682
3.3749218750000005,467.9360174990586,183.2484728949215,183.24848301318116,26.722934901142175,-0.08723270664680843,-0.00022477863312185732,9.51326822620157e-06,5.186790714488932,0.5189999999999962,0.8765681534346484,1.1746950582249553,2.981269047903069,0.5412813779602821,0.0,87.75104842252719,0.5682651796468301,0.0,285.10841588625607,95836.89469492766,1.1710100062712425,338.5457000270712,-0.00033518224346173575,-0.00011423325949054282,183.24848301318139,19661.261826669983
3.3949218750000005,471.5956498235301,182.71513141608582,182.71514166607193,26.611364369049497,-0.08845370341704022,-0.00022707364582106955,1.1696481364077167e-05,5.186790714488932,0.5189999999999962,0.8765681534346484,1.174647847530826,2.980796940961775,0.539728970127278,0.0,87.17241602010859,0.5680254862671275,0.0,285.08462827614704,95793.97334067523,1.1705832255788664,338.53128473534514,-8.927272912078951e-05,-0.00013043960880741062,182.71514166607216,19539.85689287893
3.4149218750000006,475.24463757110954,182.1840121454383,182.18402252087924,26.50071155153636,-0.08968063047756536,-0.00022817254390905312,1.1229070563091703e-05,5.186790714488932,0.5189999999999962,0.8765681534346484,1.174602905999034,2.9803475256438547,0.538182927943439,0.0,86.59854732699063,0.5677874430712802,0.0,285.06090985578777,95751.17682947127,1.170157615323603,338.5169113726074,6.858150888685628e-06,-0.00010006483443252038,182.18402252087952,19419.36127273095
3.4349218750000006,478.8830250030036,181.6550968196735,181.65510731216307,26.390966754075773,-0.09091292711642666,-0.0002279792202694823,1.0089450691814641e-05,5.186790714488932,0.5189999999999962,0.8765681534346484,1.1745590618151782,2.9799090838052975,0.5366431991110252,0.0,86.02938858326583,0.5675510337242426,0.0,285.03726033748046,95708.504642206,1.169733170943751,338.50257976451314,9.239280975883063e-05,-0.00012563052039123466,181.65510731216332,19299.765647652912
3.4549218750000006,482.51085601715886,181.12836737889984,181.12837798034093,26.282120329980508,-0.09215008743438545,-0.0002266890571774803,9.343063717219443e-06,5.186790714488932,0.5189999999999962,0.8765681534346484,1.174515681440336,2.9794752800568745,0.535109731921481,0.0,85.46488679909007,0.5673162421067579,0.0,285.01367943588843,95665.95626403006,1.1693098879150727,338.4882897381484,0.0001144073751271805,-7.015600177828022e-05,181.12837798034118,19181.060823802363
3.4749218750000006,486.1281741523319,180.60380596166638,180.60381666859655,26.174161939257903,-0.0933917002673824,-0.0002246201393344342,8.72488119729612e-06,5.186790714488932,0.5189999999999962,0.8765681534346484,1.174472915793952,2.979047623593035,0.5335824752465798,0.0,84.9049897325358,0.567083052311774,0.0,284.9901668680098,95623.5311843068,1.1688877617503757,338.47404112201394,0.00010568418599258994,-0.0002470197980922061,180.60381666859683,19063.23772998857
3.4949218750000006,489.7350225920801,180.08139491015146,180.08140572003532,26.067081915917917,-0.09463756325774435,-0.00022227906508596828,8.876152813275683e-06,5.186790714488932,0.5189999999999962,0.8765681534346484,1.1744303815415544,2.9786222810690597,0.5320613785302927,0.0,84.34964591701161,0.5668514486410193,0.0,284.96672235315145,95581.22889656549,1.1684667879991009,338.4598337460098,8.923835902772892e-05,-0.0002470695646811496,180.08140572003563,18946.287415675266
3.5149218750000006,493.3314441687515,179.5611167589132,179.5611276749715,25.960870599565514,-0.09588761183655659,-0.00022021267033586273,8.675022976077835e-06,5.186790714488932,0.5189999999999962,0.8765681534346484,1.1743887348983897,2.978205814637412,0.5305463917810428,0.0,83.79880460670678,0.5666214156016799,0.0,284.9433456129031,95539.04889845442,1.1680469622469114,338.4456674414193,0.00012592832308291286,-0.00033288669919353403,179.56112767497174,18830.201049039133
3.5349218750000007,496.91748136732076,179.0429542379863,179.04296526805297,25.855518299297017,-0.09714214979016689,-0.00021889382569542683,9.209580671521262e-06,5.186790714488932,0.5189999999999962,0.8765681534346484,1.1743473291591755,2.9777917572452703,0.529037465563475,0.0,83.25241582354631,0.5663929379030468,0.0,284.9200363711124,95496.99069169608,1.1676282801152988,338.4315420408941,-4.8138569935302205e-05,-0.00035991810979001083,179.04296526805325,18714.96991502184
3.5549218750000007,500.4931763293054,178.5268901182827,178.52690127242792,25.751060650145305,-0.09840166329914488,-0.00021859462275196543,1.087841920793605e-05,5.186790714488932,0.5189999999999962,0.8765681534346484,1.1743059242026042,2.977377707679557,0.5275345505382386,0.0,82.71066765421206,0.5661660003850516,0.0,284.8967943538595,95455.32788152383,1.1672140889104272,338.4174573784388,-0.00015559503093439208,-0.0002870300540089302,178.52690127242826,18600.638793174512
3.5749218750000007,504.058570822471,178.01290361684005,178.01291490284402,25.64772450894879,-0.0996665908255016,-0.0002194885630224978,1.1777404972886926e-05,5.186790714488932,0.5189999999999962,0.8765681534346484,1.1742656373815523,2.9769748394690385,0.5260375868329097,0.0,82.1747378091184,0.5659405864188588,0.0,284.8736192896539,95415.49336810065,1.166821913860241,338.40341328953025,-8.791150568491845e-05,-0.00025172362806911134,178.0129149028443,18487.47520839823
3.5949218750000007,507.61370619783366,177.5009755913179,177.5009870152725,25.545212399757574,-0.10093728217061801,-0.00022151755251125535,1.1244592379683542e-05,5.186790714488932,0.5189999999999962,0.8765681534346484,1.1742268538707645,2.9765870043611606,0.5245465194054713,0.0,81.64308284307539,0.5657166802317088,0.0,284.85051090971405,95375.77347508387,1.1664308037216964,338.38940961128674,-8.290253776112285e-05,-0.0003097114661717693,177.50098701527278,18375.1346085372
3.6149218750000007,511.15862346067735,176.99108964781303,176.9911012155473,25.44351538999406,-0.10221399714153312,-0.00022434097540304117,1.08340255137965e-05,5.186790714488932,0.5189999999999962,0.8765681534346484,1.1741886524829097,2.9762049904826124,0.5230613013222358,0.0,81.11565613455456,0.5654942673860854,0.0,284.82746894750557,95336.16774434035,1.16604075451649,338.3754461821884,-0.0001241916125770743,-0.00035002595954967204,176.99110121554764,18263.60883216732
3.6349218750000007,514.6933632902117,176.48322957356527,176.48324128795727,25.342624233206045,-0.103496931200153,-0.00022743536657089016,1.1051398757361317e-05,5.186790714488932,0.5189999999999962,0.8765681534346484,1.1741507301559266,2.9758257672127817,0.5215818861601694,0.0,80.59241170150092,0.5652733336290126,0.0,284.8044931386136,95296.67572137993,1.1656517622979674,338.3615228419999,-0.0001471769012596324,-0.0002695350982835095,176.48324128795755,18152.889823589747
3.6549218750000008,518.2179660431882,175.9773793341145,175.97739119282446,25.2425300635493,-0.10478602520100797,-0.00023010310132038714,1.1831672124675739e-05,5.186790714488932,0.5189999999999962,0.8765681534346484,1.174113120465771,2.9754496703112263,0.5201082279999742,0.0,80.07330420197196,0.565053864889166,0.0,284.78158322071926,95257.2969553152,1.165263823150775,338.34763943175585,-0.0001242414083044404,-0.0002051383940538956,175.97739119282474,18042.969631161137
3.674921875000001,521.732471757405,175.47352306824095,175.47353506394512,25.14322449188637,-0.10608094752836347,-0.00023181321492617385,1.2104008787702058e-05,5.186790714488932,0.5189999999999962,0.8765681534346484,1.1740764500955874,2.975082966609389,0.5186402814187567,0.0,79.55828891304353,0.5648358472739611,0.0,284.75873893357686,95218.03099882226,1.1648769331905167,338.3337957937476,-4.1095111264138974e-05,-0.00011018128693003867,175.4735350639454,17933.8404056186
3.694921875000001,525.2369201551177,174.97164508207297,174.97165720664455,25.04469947911828,-0.10738120060626087,-0.0002322460032146649,1.1289515451918732e-05,5.186790714488932,0.5189999999999962,0.8765681534346484,1.1740410557707992,2.9747290233615074,0.51717800148451,0.0,79.04732174827522,0.564619267066945,0.0,284.7359600189917,95178.8774081026,1.1644910885634268,338.31999177150897,6.676440307898837e-05,-8.013554044239708e-05,174.97165720664486,17825.494398553197
3.714921875000001,528.7313506463745,174.47172984899646,174.4717420948784,24.946946668661184,-0.10868630867967423,-0.0002314438375540952,9.573077021396688e-06,5.186790714488932,0.5189999999999962,0.8765681534346484,1.1740068238667758,2.9743867043212733,0.5157213437477706,0.0,78.54035925646012,0.5644041107248057,0.0,284.71324622079857,95139.83574284588,1.1641062854460438,338.306227209804,0.00015977108735771716,-0.00018640347851416977,174.4717420948787,17717.92396071005
3.734921875000001,532.2158023323663,173.97376200935042,173.9737743689603,24.849957774914724,-0.10999581953597584,-0.0002297683861818465,9.01225875447755e-06,5.186790714488932,0.5189999999999962,0.8765681534346484,1.1739725364279097,2.974043829932612,0.5142702642351259,0.0,78.03735861871722,0.5641903648746898,0.0,284.6905972848396,95100.90556619246,1.1637225200448889,338.2925019546128,6.535147435397987e-05,-0.00028488825962357157,173.9737743689606,17611.12154043916
3.754921875000001,535.6903140087145,173.47772636435985,173.4777388328226,24.753725334152715,-0.11130932713897454,-0.00022779236383641867,1.0137554671682763e-05,5.186790714488932,0.5189999999999962,0.8765681534346484,1.1739378759998258,2.9736972256517733,0.5128247194413343,0.0,77.53827758227057,0.5639780163113528,0.0,284.66801295894334,95062.0864446967,1.1633397885961445,338.2788158531197,1.6579576032320088e-05,-0.0003861529823916762,173.4777388328229,17505.0796820729
3.774921875000001,539.1549241686275,172.983607872868,172.9836204525592,24.65824120674138,-0.11262674258373438,-0.00022620104644314223,1.1871513002587208e-05,5.186790714488932,0.5189999999999962,0.8765681534346484,1.1739034734652547,2.9733532003060623,0.5113846663252334,0.0,77.0430744627129,0.5637670519948981,0.0,284.6454929929039,95023.3779482917,1.1629580873653513,338.26516875369975,-3.957035395198418e-05,-0.00033458962814453654,172.9836204525595,17399.791024584312
3.794921875000001,542.6096710061329,172.4913916576616,172.49140435394474,24.563497044914072,-0.11394824563357826,-0.00022555390345232491,1.2804676281746745e-05,5.186790714488932,0.5189999999999962,0.8765681534346484,1.173870155649685,2.9730200221503664,0.5099500623026183,0.0,76.55170813871352,0.5635574590481012,0.0,284.6230371384601,94984.77965025313,1.1625774126470925,338.2515605059068,3.993223384657777e-06,-0.0002569850898336433,172.49140435394503,17295.248300057134
3.814921875000001,546.0545924193215,172.00106300181216,172.00107582045632,24.469484739227344,-0.11527409925982154,-0.00022612345278750202,1.1517199931841123e-05,5.186790714488932,0.5189999999999962,0.8765681534346484,1.173838755613543,2.9727060217889454,0.5085208652406032,0.0,76.06413804982115,0.5633492247539856,0.0,284.6006451492744,94946.29112716304,1.1621977607646803,338.23799096046025,0.00012620559081186775,-0.00023879037711588857,172.00107582045658,17191.444332277315
3.834921875000001,549.4897260135099,171.51260734297222,171.51262029105985,24.37619680435782,-0.11660456421145196,-0.00022789054938876044,8.304105761965824e-06,5.186790714488932,0.5189999999999962,0.8765681534346484,1.1738090951541573,2.9724094171950886,0.5070970334512831,0.0,75.5803242400468,0.5631423365533236,0.0,284.5783167809122,94907.91195887454,1.1618191280698469,338.2244599692328,0.00013019645473660236,-0.0003620306759096031,171.5126202910602,17088.372035296434
3.854921875000001,552.9151091042824,171.02601027144382,171.02602335724686,24.283625451314954,-0.11794000776460202,-0.00023049434996698227,6.255542255031579e-06,5.186790714488932,0.5189999999999962,0.8765681534346484,1.1737793473702867,2.972111939356382,0.5056785256831735,0.0,75.10022733321725,0.5629367820418493,0.0,284.55605179082215,94869.64172847774,1.1614415109424516,338.21096738523823,-5.986869653036716e-05,-0.00030778869803093755,171.02602335724714,16986.024411865706
3.874921875000001,556.3307787205763,170.54125753158166,170.54127076122109,24.191763186108023,-0.11928075307067357,-0.00023352432040660688,7.560926132708275e-06,5.186790714488932,0.5189999999999962,0.8765681534346484,1.1737482164884396,2.9718006305379117,0.5042653011160508,0.0,74.62380844937505,0.5627325489679973,0.0,284.5338499383162,94831.48002226536,1.1610649057901792,338.19751306261963,-0.0002687318719468286,-0.00020140158652858075,170.54127076122143,16884.394552119767
3.894921875000001,559.7367716076901,170.05833501472924,170.05834839406964,24.100602653958475,-0.1206270533637432,-0.0002365189793767918,1.054704357727692e-05,5.186790714488932,0.5189999999999962,0.8765681534346484,1.1737166851110599,2.971485316764114,0.5028573193557383,0.0,74.15102921730039,0.5625296252306614,0.0,284.51171098455,94793.42642969909,1.1606893090482489,338.1840968566373,-0.00028231836562752656,-2.5090142579016795e-05,170.05834839407,16783.475632274458
3.914921875000001,563.1331242302298,169.57722875946533,169.57724229397357,24.010136473538985,-0.12197912796507894,-0.0002391711019071113,1.30910157061017e-05,5.186790714488932,0.5189999999999962,0.8765681534346484,1.1736860012841148,2.9711784784946635,0.5014545404290096,0.0,73.68185177231663,0.5623279988769967,0.0,284.4896346925035,94755.48054337662,1.160314717179129,338.17071862365714,-0.0001838301490140335,5.070514731423328e-06,169.5772422939739,16683.260913349925
3.934921875000001,566.5198727750557,169.0979249539503,169.0979386445944,23.9203566731698,-0.12333710705795216,-0.0002413135394377151,1.2002189286537184e-05,5.186790714488932,0.5189999999999962,0.8765681534346484,1.1736580431515364,2.9708988971688797,0.5000569247790082,0.0,73.2162387144391,0.5621276581003231,0.0,284.4676208269621,94717.6419589988,1.1599411266722497,338.157378221139,4.666009502564038e-06,5.125066972943838e-05,169.09793864459473,16583.743739944766
3.954921875000001,569.8970531467515,168.620408791113,168.62042263423788,23.831373227327035,-0.1247008559725381,-0.00024293125034578845,7.837515011237939e-06,5.186790714488932,0.5189999999999962,0.8765681534346484,1.1736321700023804,2.9706401656773194,0.4986644298915745,0.0,72.75475907299096,0.5619332780620379,0.0,284.44566915454607,94679.91027542026,1.159568534044542,338.1440755076549,0.00013238093665359586,0.00018089790463169249,168.62042263423825,16484.917316289113
3.974921875000001,573.2647009462789,168.14466548416,168.1446794722354,23.743065351167793,-0.12607001114637015,-0.00024431311619909133,3.3067150655806745e-06,5.186790714488932,0.5189999999999962,0.8765681534346484,1.173606835112564,2.9703868167791545,0.4972770133005134,0.0,72.29678475901305,0.5617403413696411,0.0,284.4237794438492,94642.2850948878,1.1591969358428327,338.1308103429726,0.0,0.0,168.14467947223577,16386.774907006315
3.994921875000001,576.6228514967345,167.67068167145703,167.67069579367092,23.65542131233894,-0.1274440895435935,-0.00024589420180740626,6.1101302517860626e-06,5.186790714488932,0.5189999999999962,0.8765681534346484,1.17357736190625,2.970092084716015,0.49589463674239764,0.0,71.84225412394227,0.5615486370125572,0.0,284.4019514652712,94604.7660227527,1.1588263286410387,338.11758258795436,-0.00021020841429961705,7.03806036642498e-05,167.67069579367126,16289.31010949255
4.014921875000001,579.9715398556751,167.19844414214845,167.1984583867044,23.568434715484152,-0.12882247800088545,-0.0002479662097495609,1.1402153945042957e-05,5.186790714488932,0.5189999999999962,0.8765681534346484,1.1735466072773628,2.9697845384271435,0.4945172623933957,0.0,71.39113198910351,0.5613581539051039,0.0,284.38018499093806,94567.35266733299,1.1584567090388482,338.10439210450846,-0.00014279568435441423,2.2649561006851976e-05,167.19845838670477,16192.516602598234
4.034921875,583.3108008177514,166.7279398164226,166.72795417470417,23.48209885144068,-0.13020462836506816,-0.0002507359095163686,1.5075660241998017e-05,5.186790714488932,0.5189999999999962,0.8765681534346484,1.1735169926255544,2.9694883919090596,0.49314485281660786,0.0,70.94338360621104,0.5611688810951357,0.0,284.35847979468457,94530.04463988404,1.1580880736614632,338.09123875557884,-5.0292023298981755e-05,9.893579934039967e-05,166.72795417470456,16096.388142299882
4.054921875,586.6406689173755,166.25915574986976,166.25917021414463,23.396407172636223,-0.13159010056876802,-0.0002541812297874255,1.6554573105286506e-05,5.186790714488932,0.5189999999999962,0.8765681534346484,1.1734888561655994,2.9692070273095093,0.4917773709560215,0.0,70.49897469219997,0.5609808077619232,0.0,284.33683565203705,94492.84155456876,1.1577204191593415,338.0781224051344,9.913216495822213e-05,0.00012145160288509783,166.25917021414503,16000.918560480837
4.074921874999999,589.9611784313333,165.79207912451392,165.79209369345747,23.311353439343353,-0.1329786464856046,-0.00025813844526356933,1.5326871108072098e-05,5.186790714488932,0.5189999999999962,0.8765681534346484,1.1734624984171411,2.9689434498249265,0.4904147801332832,0.0,70.05787143148177,0.5607939232144433,0.0,284.3152523401963,94455.74302842836,1.1573537422079465,338.06504291815895,0.00023877707200602443,3.6462256584765395e-05,165.79209369345787,15906.101763911276
4.094921874999999,593.2723633813481,165.32669725161287,165.32671193042538,23.226931281859653,-0.13437033003549526,-0.0002623396442504676,1.0949677023598584e-05,5.186790714488932,0.5189999999999962,0.8765681534346484,1.1734381791991086,2.9687002576446018,0.48905704404015693,0.0,69.62004048575746,0.5606082168891007,0.0,284.2937296380212,94418.74868135377,1.1569880395074945,338.0520001606409,0.00037271540848528176,0.00014693248949355106,165.3267119304257,15811.931732962028
4.1149218749999985,596.5742575366506,164.86299757063807,164.86301237029537,23.143134081174576,-0.13576551203591763,-0.0002665255168688497,6.15149100393093e-06,5.186790714488932,0.5189999999999962,0.8765681534346484,1.173414286971599,2.9684613353695064,0.4877041267331094,0.0,69.185449023378,0.5604236783477684,0.0,284.27226732601173,94381.85813605691,1.15662330778271,338.0389939995631,0.0003013853547720136,0.00035650954733217386,164.86301237029573,15718.402520473508
4.134921874999998,599.8668944165519,164.4009676507872,164.40098258368047,23.059955445225675,-0.13716473831177764,-0.00027042324582961404,5.745977409945465e-06,5.186790714488932,0.5189999999999962,0.8765681534346484,1.17338797930409,2.9681982586944153,0.48635599262726265,0.0,68.75406459493912,0.5602402972757655,0.0,284.2508651862924,94345.07101804191,1.156259543782572,338.02602430289323,0.0,0.0,164.40098258368084,15625.50825059894
4.154921874999998,603.1503072930246,163.9405951878508,163.94061026560308,22.977388728309645,-0.13856853516566914,-0.0002737760165420504,9.009794611236798e-06,5.186790714488932,0.5189999999999962,0.8765681534346484,1.173359681176391,2.9679152774174242,0.4850126064937273,0.0,68.32585512569604,0.5600580634803187,0.0,284.22952300259533,94308.38695557634,1.1558967442800667,338.01309093957275,-0.0002434033649249475,0.00027627232344460073,163.94061026560345,15533.243117879727
4.174921874999997,606.4245291932046,163.4818680013454,163.48188323418904,22.89542785369305,-0.13997735288647614,-0.0002764917608291809,1.1522192212220504e-05,5.186790714488932,0.5189999999999962,0.8765681534346484,1.1733319998189033,2.967638463842549,0.48367393345589527,0.0,67.90078894055965,0.5598769668889005,0.0,284.2082405602441,94271.80557966318,1.1555349060719406,338.000193779508,-0.0002435862268383322,0.0001906362866760829,163.48188323418944,15441.60138626588
4.194921874999997,609.689592901839,163.02477403344585,163.0247894289533,22.81406664364399,-0.1413915587408265,-0.0002786277876498855,1.3208019774082e-05,5.186790714488932,0.5189999999999962,0.8765681534346484,1.1733049779993825,2.9673682456473403,0.4823399389845245,0.0,67.47883480035071,0.5596969975474235,0.0,284.18701764613803,94235.32652401354,1.1551740259784649,337.98733269355967,-0.00017746162998806975,0.00011673117500090755,163.02478942895374,15350.577388071984
4.214921874999996,612.9455309637309,162.569301347662,162.56931690926888,22.733299191410623,-0.14281136262587565,-0.0002802607484683738,1.3834113180055704e-05,5.186790714488932,0.5189999999999962,0.8765681534346484,1.173278751783051,2.967105983484025,0.4810105888933619,0.0,67.0599618686164,0.5595181456185295,0.0,284.16585404873575,94198.94942501928,1.1548141008431985,337.97450755353384,-0.00016631822036594553,0.00014847861902232457,162.5693169092693,15260.165522981128
4.234921874999996,616.1923756861131,162.11543812182728,162.11545385241524,22.653119947086886,-0.1442368349898506,-0.0002815102677048934,1.4349864650786238e-05,5.186790714488932,0.5189999999999962,0.8765681534346484,1.1732527593363549,2.966846059017064,0.4796858493335207,0.0,66.64413973133006,0.5593404013797318,0.0,284.14474955804025,94162.67392172654,1.1544551275327561,337.9617182321724,-0.00017132978167399063,0.00020714297198768481,162.11545385241564,15170.360256982938
4.2549218749999955,619.4301591409378,161.66317265098255,161.66318855222985,22.57352277661601,-0.14566803015229252,-0.0002826393311199703,1.4186930657072958e-05,5.186790714488932,0.5189999999999962,0.8765681534346484,1.173227334572014,2.9665918113736542,0.478365686789639,0.0,66.23133833826289,0.559163755221818,0.0,284.1237039655839,94126.49965581017,1.1540971029365887,337.94896460314385,-0.0001219793389818391,0.00022684040257486593,161.6631885522303,15081.156121438305
4.274921874999995,622.6589131672322,161.2124933475137,161.21250941764947,22.494501887056483,-0.14710489958494724,-0.000284030040076256,1.3663121640721614e-05,5.186790714488932,0.5189999999999962,0.8765681534346484,1.1732022884099595,2.966341349753111,0.4770500680757088,0.0,65.82152804155663,0.5589881976472282,0.0,284.10271706441296,94090.42627154733,1.1537400239667537,337.9362465410343,-8.050638067746127e-05,0.00019472590738840425,161.21250941764993,14992.54771213519
4.294921874999995,625.8786693734277,160.7633887385952,160.76340497118744,22.41605157413016,-0.14854720177489303,-0.0002860754436499246,1.2672979864862675e-05,5.186790714488932,0.5189999999999962,0.8765681534346484,1.1731776816254995,2.9660952819085105,0.4757389603307168,0.0,65.41467956446327,0.558813719268427,0.0,284.0817886490727,94054.45341579156,1.1533838875576885,337.9235639213381,-3.196012594822178e-05,0.00020958822738524776,160.7634049711879,14904.529688344706
4.314921874999994,629.0894591396207,160.31584746221387,160.31586384735704,22.33816655220182,-0.14999449556500083,-0.0002890730119416557,1.2872826737426007e-05,5.186790714488932,0.5189999999999962,0.8765681534346484,1.173152535033778,2.9658438159912945,0.4744323310141199,0.0,65.0107640320998,0.5586403108062723,0.0,284.06091851559245,94018.58073794747,1.1530286906659915,337.91091662044903,-0.00010721000283795177,0.00013883329353423434,160.31586384735755,14817.09677187925
4.334921874999994,632.2913136197332,159.86985826387217,159.86987479107944,22.260841773747384,-0.15144628167441698,-0.00029321738416410284,1.4712925444054059e-05,5.186790714488932,0.5189999999999962,0.8765681534346484,1.1731265812860827,2.9655842785143425,0.4731301479012734,0.0,64.60975291675665,0.5584679630883994,0.0,284.04010646147174,93982.8078899466,1.1526744302702125,337.8983045156519,-9.037823725994301e-05,6.242295018363549e-05,159.8698747910799,14730.243746160033
4.354921874999993,635.4842637436662,159.4254099951306,159.4254266568634,22.184072007088393,-0.15290210678390423,-0.0002986200172564366,1.5120515990608716e-05,5.186790714488932,0.5189999999999962,0.8765681534346484,1.1731016328276422,2.9653347939299377,0.47183237908114284,0.0,64.21161798697925,0.5582966670479222,0.0,284.0193522856662,93947.13452622342,1.1523211033706475,337.8857274851137,5.6082176417179696e-06,3.3170474240616105e-06,159.4254266568639,14643.965455438496
4.374921874999993,638.6683402194177,158.9824916147037,158.98250840769362,22.107851628407804,-0.15436170186635617,-0.0003052489505351279,1.4369294122818985e-05,5.186790714488932,0.5189999999999962,0.8765681534346484,1.1730775267044664,2.9650937326981794,0.470538992953148,0.0,63.816331426362936,0.5581264137220376,0.0,283.9986557885738,93911.56030369156,1.1519687069891298,337.8731854078757,0.00013137400007198448,-6.096498795831369e-05,158.9825084076941,14558.25680397333
4.3949218749999925,641.8435735352433,158.5410921891789,158.5411091131131,22.032175412659928,-0.1558249513503318,-0.00031297774511573765,1.2044508213051453e-05,5.186790714488932,0.5189999999999962,0.8765681534346484,1.1730545064366806,2.9648635300203217,0.46924995822162346,0.0,63.42386576238332,0.5579571942503317,0.0,283.9780167720209,93876.08488171975,1.1516172381688232,337.8606781638447,0.0001982238611085604,-4.012996188775591e-05,158.5411091131135,14473.112755070633
4.414921874999992,645.0099939617904,158.10120089108912,158.10121794781904,21.957038063978956,-0.15729186183540497,-0.0003215243833753973,8.22110716274131e-06,5.186790714488932,0.5189999999999962,0.8765681534346484,1.1730325264819177,2.9646437304726923,0.46796524389179556,0.0,63.03419388519296,0.5577889998733052,0.0,283.95743503924837,93840.70792210799,1.1512666939740144,337.8482056337845,0.00030617734734393934,-3.7827633246483884e-05,158.10121794781946,14388.528330230085
4.434921874999992,648.1676315541947,157.66280699617337,157.6628241902591,21.882434475756767,-0.1587625351901881,-0.00033057107344031756,3.5278951508329672e-06,5.186790714488932,0.5189999999999962,0.8765681534346484,1.173011214307169,2.9644306087252046,0.4666848192657561,0.0,62.6472890334522,0.5576218219309156,0.0,283.9369103948977,93805.42908906406,1.1509170714899093,337.835767699308,0.0,0.0,157.66282419025953,14304.498608301928
4.454921874999991,651.3165161541416,157.22589988364828,157.2259172213254,21.808359445703015,-0.16023717120505038,-0.0003396867430928321,4.693156143319643e-06,5.186790714488932,0.5189999999999962,0.8765681534346484,1.1729865959070043,2.964184424723558,0.46540865393872694,0.0,62.263124781647484,0.5574556518611752,0.0,283.9164426449981,93770.24804918052,1.1505683678224319,337.8233642428688,0.0,0.0,157.22591722132583,14221.018724672473
4.474921874999991,654.4566773919338,156.7904690369791,156.7904865230009,21.73480762815224,-0.16171599509767215,-0.0003483882995203474,1.0555366668357726e-05,5.186790714488932,0.5189999999999962,0.8765681534346484,1.172959355445996,2.963912020113476,0.4641367177951794,0.0,61.88167501508938,0.5572904811987454,0.0,283.8960315969524,93735.16447141161,1.1502205800980265,337.81099514775315,-0.0003009407028755958,0.00014473249237253826,156.79048652300142,14138.083870451099
4.49492187499999,657.588144688576,156.35650404130766,156.3565216775406,21.66177393185802,-0.1631991042324623,-0.00035618725732795495,1.48312822628652e-05,5.186790714488932,0.5189999999999962,0.8765681534346484,1.1729332015081442,2.963650480734957,0.46286898100653473,0.0,61.50291389534216,0.5571263015737525,0.0,283.8756770595242,93700.17802705,1.1498737054634516,337.7986602980717,-0.00017613236519403727,9.511321742804118e-05,156.35652167754102,14055.68929176346
4.51492187499999,660.7109472577662,155.92399458062107,155.92401236656292,21.589253305088548,-0.1646864815608258,-0.00036273320971607454,1.5996054720606282e-05,5.186790714488932,0.5189999999999962,0.8765681534346484,1.172909033184627,2.9634087974997856,0.4616054140286002,0.0,61.12681588489454,0.5569631047105825,0.0,283.8553788428245,93665.28838970445,1.149527741085588,337.78635957875167,2.3291572736655805e-05,6.29183647198175e-05,155.9240123665633,13973.830289037314
4.5349218749999896,663.8251141078694,155.49293043735616,155.49294836980084,21.51724109604134,-0.1661780040239915,-0.0003679476600402461,1.4091504298152582e-05,5.186790714488932,0.5189999999999962,0.8765681534346484,1.1728868246261641,2.9631867119151565,0.4603459875979918,0.0,60.75335580646411,0.5568008824265579,0.0,283.8351367582988,93630.49523527785,1.1491826841512476,337.77409287552905,0.00013340057985511216,3.516154882392714e-05,155.4929483698012,13892.502216235758
4.554921874999989,666.9306740438246,155.0633014868988,155.0633195631606,21.44573262633408,-0.1676735163029932,-0.00037199969812203444,1.0685389852484874e-05,5.186790714488932,0.5189999999999962,0.8765681534346484,1.1728656489591882,2.9629749552453974,0.45909067272650655,0.0,60.382508845795,0.5566396266303684,0.0,283.8149506187151,93595.79824194586,1.1488385318669883,337.76186007494135,0.0002211893440143202,-9.09595917822255e-05,155.063319563161,13811.700479976844
4.574921874999989,670.0276556690617,154.63509770199653,154.63511591731321,21.374723181920114,-0.16917281977648677,-0.00037523648013802703,7.731405414976058e-06,5.186790714488932,0.5189999999999962,0.8765681534346484,1.1728443512457012,2.962761978110527,0.4578394406970717,0.0,60.0142504864507,0.5564793293207202,0.0,283.7948202381511,93561.1970901355,1.148495281458928,337.7496610643195,0.00019549688706812696,-0.00031602980643929686,154.63511591731358,13731.42053875945
4.594921874999988,673.1160873873739,154.20830914570277,154.2083274968074,21.304208553771904,-0.170675698369579,-0.000378182476818773,8.88640339736289e-06,5.186790714488932,0.5189999999999962,0.8765681534346484,1.172820770604902,2.962526171702536,0.4565922630612339,0.0,59.648556502953326,0.5563199825852002,0.0,283.77474543198207,93526.69146250426,1.1481529301725646,337.7374957317811,-7.034123822157296e-05,-0.0003653780622489271,154.20832749680775,13651.657902291327
4.614921874999988,676.19599740473,153.78292597342167,153.78294445886644,21.234184037887932,-0.1721820289089828,-0.0003814142920927689,1.273218554722705e-05,5.186790714488932,0.5189999999999962,0.8765681534346484,1.1727957431682905,2.9622758973364203,0.4553491116357111,0.0,59.285402932396416,0.5561615785990321,0.0,283.75472601686926,93492.2810439198,1.1478114752725987,337.72536396622274,-9.00185698749237e-05,-0.00030384423840996023,153.78294445886672,13572.40813076926
4.634921874999987,679.2674137311208,153.35893843169532,153.35895705294462,21.16464491850199,-0.1736917836249735,-0.00038542909024968176,1.6154109613610982e-05,5.186790714488932,0.5189999999999962,0.8765681534346484,1.1727711070674958,2.962029536328473,0.4541099585011934,0.0,58.92476608041511,0.556004109624132,0.0,283.73476181074767,93457.96552143937,1.147470914042757,337.71326565731306,-0.00013112089597887874,-0.0002265130088388524,153.35895705294493,13493.666834301903
4.654921874999987,682.3303641824053,152.93633685991648,152.93635561941602,21.09558674423136,-0.17520499790033325,-0.00039059986570595006,1.7985127480807247e-05,5.186790714488932,0.5189999999999962,0.8765681534346484,1.1727475503295504,2.961793968949019,0.45287477599857057,0.0,58.56662253821498,0.5558475680078482,0.0,283.71485263281437,93423.74458428919,1.1471312437856112,337.7012006954855,-1.2410417892179097e-05,-0.0002754268749324402,152.93635561941633,13415.4296721865
4.674921874999987,685.3848763821021,152.51511168523828,152.5151305886566,21.027004944656955,-0.17672180884413036,-0.00039713170014418254,1.779738950023648e-05,5.186790714488932,0.5189999999999962,0.8765681534346484,1.1727253245216267,2.9615717108697823,0.4516435367263265,0.0,58.21094919216786,0.5556919461818632,0.0,283.6949983035163,93389.61792384437,1.1467924618224057,337.6891689719309,8.075286811465353e-05,-0.0002525398322422372,152.51513058865694,13337.692352263706
4.694921874999986,688.4309777631902,152.09525342650068,152.09527247962293,20.95889489048112,-0.1782424224019686,-0.0004050370509389825,1.5402712687602793e-05,5.186790714488932,0.5189999999999962,0.8765681534346484,1.1727045396995424,2.961363862648939,0.4504162135364371,0.0,57.85772322500645,0.5555372366609193,0.0,283.67519864453925,93355.58523360886,1.1464545654928813,337.6771703785908,0.00011898351986658372,-0.00026084647460202935,152.09527247962322,13260.450630192114
4.714921874999986,691.4686955690592,151.6767525178064,151.6767717260107,20.891278438217373,-0.1797670233772058,-0.0004141697884782786,1.1383521656404614e-05,5.186790714488932,0.5189999999999962,0.8765681534346484,1.1726848508294558,2.9611669739480737,0.44919277901964194,0.0,57.50705806406735,0.5553847461893424,0.0,283.6554534788011,93321.64620920477,1.146117552155196,337.6652048081535,0.00022067190167785974,-0.00024810401702867585,151.67677172601103,13183.700278759765
4.734921874999985,694.4980568473454,151.25959908113197,151.25961844880257,20.824138048779794,-0.1812957654449711,-0.0004241856990028177,5.455575398932258e-06,5.186790714488932,0.5189999999999962,0.8765681534346484,1.1726664247088412,2.9609827127419273,0.4479732048317896,0.0,57.1588624646351,0.5552338243608483,0.0,283.63576263049225,93287.80054844132,1.1457814191866327,337.6532721540783,0.0,0.0,151.2596184488029,13107.437048469446
4.754921874999985,697.5190884543663,150.8437838638663,150.84380339398385,20.7574560468006,-0.1828287648591827,-0.000434528702496572,5.740003886120756e-06,5.186790714488932,0.5189999999999962,0.8765681534346484,1.172644463192749,2.960763097581006,0.44675746447100395,0.0,56.813043923510186,0.5550837863414394,0.0,283.6161259250466,93254.04795126521,1.1454461639831304,337.6413723105783,0.0,0.0,150.8438033939842,13031.656830150803
4.774921874999984,700.5318170631222,150.42929774099187,150.42931743662638,20.69122815595986,-0.1843661007880868,-0.00044459184227805203,1.207360091463371e-05,5.186790714488932,0.5189999999999962,0.8765681534346484,1.1726190612119418,2.9605090777729335,0.4455455318092854,0.0,56.46958075531077,0.5549346250163428,0.0,283.5965431890897,93220.38811967129,1.1451117839584228,337.6295051725883,-0.00038480775697581697,-9.497554704752205e-06,150.42931743662675,12956.355567651564
4.794921874999984,703.5362691649703,150.016131673516,150.01615153521323,20.625450001346195,-0.18590781102156279,-0.0004538141777969829,1.6514930800664536e-05,5.186790714488932,0.5189999999999962,0.8765681534346484,1.1725949086431648,2.960267552085164,0.4443373809573476,0.0,56.12845147392268,0.554786333347939,0.0,283.5770142504277,93186.82075768377,1.1447782765438734,337.61767063575917,-0.0001956756403544833,4.858164755052293e-06,150.01615153521362,12881.529249435735
4.814921874999984,706.5324710713247,149.60427670636963,149.60429673108462,20.560117438792076,-0.18745381867218136,-0.0004617893137584751,1.821073098181555e-05,5.186790714488932,0.5189999999999962,0.8765681534346484,1.1725725084377963,2.960043550031478,0.44313298626307734,0.0,55.789634856667725,0.5546389043748868,0.0,283.5575389380364,93153.34557133736,1.144445639188312,337.60586859645,-5.7031903616817714e-05,3.636994133417816e-05,149.604296731085,12807.17390805555
4.834921874999983,709.5204489153032,149.19372396277544,149.19374414698945,20.495226477522916,-0.1890039313265296,-0.0004683818969838907,1.640762657078169e-05,5.186790714488932,0.5189999999999962,0.8765681534346484,1.172552304655109,2.959841512204605,0.44193232230734314,0.0,55.45310994890716,0.5544923312109321,0.0,283.5381170820505,93119.96226865871,1.1441138693578736,337.59409895172263,0.0001824564872536284,-9.734961591160609e-06,149.1937441469898,12733.285619476683
4.854921874999983,712.5002286532871,148.78446464799993,148.78448498603194,20.430773213588353,-0.19055795155148814,-0.0004737218174840519,1.1735608142485028e-05,5.186790714488932,0.5189999999999962,0.8765681534346484,1.172533924255829,2.9596577082118056,0.44073536390097184,0.0,55.11885610290957,0.5543466070438742,0.0,283.5187485137536,93086.67055964912,1.143782964535849,337.5823615993347,0.00027280930409882755,-0.00010314602151645952,148.78448498603225,12659.860502479329
4.874921874999982,715.4718360665487,148.37649004384463,148.37651052989264,20.36675396307409,-0.19211560638217154,-0.0004781950635106303,7.862802128057786e-06,5.186790714488932,0.5189999999999962,0.8765681534346484,1.1725151992718845,2.9594704583723606,0.4395420860795745,0.0,54.786852953326914,0.5542017251342822,0.0,283.4994330655674,93053.4701562663,1.143452922222525,337.5706564377339,0.00019666058083624193,-0.00036583960752620823,148.3765105298929,12586.894717943358
4.894921874999982,718.435296762758,147.96979150935738,147.96981213801584,20.30316503182085,-0.19367665601868528,-0.0004823709407851288,1.0653975954417455e-05,5.186790714488932,0.5189999999999962,0.8765681534346484,1.1724926636671882,2.959245102325397,0.43835246410123396,0.0,54.457080342969384,0.5540576788145745,0.0,283.48017057104204,93020.36077240751,1.1431237399350407,337.5589833660515,-0.0001808962791274098,-0.00037997519055311957,147.96981213801612,12514.38446830654
4.9149218749999815,721.3906361775429,147.56436048055014,147.5643812469556,20.240002584201697,-0.19524086770076873,-0.00048691356350699265,1.704787924026105e-05,5.186790714488932,0.5189999999999962,0.8765681534346484,1.1724681247714859,2.958999713368374,0.43716647344465964,0.0,54.12951830858666,0.5539144614881626,0.0,283.46096086484596,92987.34212389219,1.142795415207235,337.54734228409666,-0.0002278259635311256,-0.00027421491057664257,147.56438124695597,12442.325997055626
4.934921874999981,724.3378795760019,147.1601884676879,147.160209370381,20.177262902701095,-0.19680807180979928,-0.0004923798553594164,2.0909488642521498e-05,5.186790714488932,0.5189999999999962,0.8765681534346484,1.1724452061197224,2.958770526850739,0.43598408980929465,0.0,53.80414703560553,0.5537720666288407,0.0,283.441803782756,92954.413928445,1.1424679455895024,337.53573309235014,-4.6620959034052054e-05,-0.0002718767532837825,147.1602093703813,12370.715588334178
4.954921874999981,727.2770520541762,146.75726705596395,146.75728809858464,20.114942264109885,-0.19837828545243605,-0.0004991385876979465,2.099052165492541e-05,5.186790714488932,0.5189999999999962,0.8765681534346484,1.1724246442622537,2.958564908276052,0.43480528911395305,0.0,53.480946965457264,0.5536304877800032,0.0,283.4226991616478,92921.5759056794,1.142141328648647,337.5241556919586,9.525671599640829e-05,-0.0003107461738393977,146.75728809858495,12299.549566470912
4.97492187499998,730.2081785405644,146.3555879055585,146.3556090966944,20.053036697098776,-0.1999517122422834,-0.0005073103847422214,1.8422747382737564e-05,5.186790714488932,0.5189999999999962,0.8765681534346484,1.1724057696483285,2.9583761621368008,0.43363004749160855,0.0,53.15989884947099,0.5534897185534096,0.0,283.4036468394863,92888.82777708078,1.14181556196774,337.5126099847287,0.00021301721956940912,-0.0003542801471736302,146.35560909669468,12228.824295296245
4.99492187499998,733.1312837976344,145.9551427536072,145.95516410360204,19.99154256292357,-0.20152868858927178,-0.0005167856732187501,1.396373973287351e-05,5.186790714488932,0.5189999999999962,0.8765681534346484,1.1723881338207542,2.9581998038610577,0.43245834128631144,0.0,52.84098367365497,0.5533497526282181,0.0,283.38464665531535,92856.16926598942,1.14149064314597,337.50109587312113,0.0001642514757504965,-0.0004455479427047221,145.95516410360233,12158.53617758748
5.014921874999979,736.0463924233329,145.55592340935794,145.5559449304544,19.93045611403518,-0.20310958992047015,-0.0005272672631284192,1.1044675941534427e-05,5.186790714488932,0.5189999999999962,0.8765681534346484,1.1723697084797886,2.9580155504514014,0.4312901470488037,0.0,52.52418267101807,0.5532105837498772,0.0,283.3656984492483,92823.60009758378,1.1411665697984956,337.4896132602445,-4.551999230302886e-05,-0.000542425750642235,145.55594493045473,12088.68165444794
5.034921874999979,738.9535288525277,145.15792175683484,145.15794346037623,19.86977369195111,-0.20469482762788765,-0.0005383408523850746,1.240692372155313e-05,5.186790714488932,0.5189999999999962,0.8765681534346484,1.1723488726606606,2.957807192260121,0.43012544153578414,0.0,52.2094772463754,0.5530722057294613,0.0,283.34680206245855,92791.11999886433,1.1408433395563085,337.47816204984986,-0.0003444160013254273,-0.0003981191225668696,145.15794346037657,12019.257204898207
5.0549218749999785,741.8527173584997,144.76112975289317,144.76115164763686,19.809491440069664,-0.2062847380174233,-0.0005494867029675076,1.6408614450907848e-05,5.186790714488932,0.5189999999999962,0.8765681534346484,1.1723265954279187,2.9575844199327026,0.4289642017075242,0.0,51.8968489883843,0.5529346124428188,0.0,283.3279573371697,92758.72869863687,1.1405209500660856,337.46674214632486,-0.00031734123072190177,-0.000208533633948277,144.76115164763715,11950.25934537964
5.074921874999978,744.7439820544107,144.36553942774822,144.36556151746433,19.749605649692622,-0.20787949812119005,-0.0005601940661744234,1.9049169128720083e-05,5.186790714488932,0.5189999999999962,0.8765681534346484,1.1723052397764226,2.957370863417742,0.42780640472740217,0.0,51.58627965295587,0.5527977978299565,0.0,283.3091641166463,92726.42592749612,1.1401993989900456,337.45535345468767,-0.00024265220101843816,-0.00010891854303331683,144.36556151746467,11881.68462937032
5.094921874999978,747.6273468947101,143.97114288110592,143.9711651652403,19.69011304022734,-0.20947913394778536,-0.0005700979508270946,2.0201479554935637e-05,5.186790714488932,0.5189999999999962,0.8765681534346484,1.1722848798982506,2.957167264636021,0.4266520279595985,0.0,51.27775124642301,0.552661755894211,0.0,283.29042224518435,92694.21141781003,1.139878684005815,337.4439958805817,-0.00010917072537536467,-4.495025214159732e-05,143.9711651652406,11813.529646903176
5.114921874999977,750.5028356765329,143.57793228056468,143.57795475539012,19.631010096862454,-0.2110835176580684,-0.0005789919737859752,1.8951898795534257e-05,5.186790714488932,0.5189999999999962,0.8765681534346484,1.1722660548238626,2.9569790138921412,0.4255010489658905,0.0,50.97124597041398,0.5525264807013248,0.0,283.2717315681025,92662.08490370415,1.13955880280629,337.43266933027013,-1.2100101870909748e-06,-4.046733497667639e-05,143.5779547553904,11745.791024040009
5.134921874999977,753.3704720410382,143.18589986060323,143.18592252039224,19.57229360458431,-0.2126924265393405,-0.00058680184849543,1.6009278048732732e-05,5.186790714488932,0.5189999999999962,0.8765681534346484,1.172248344861974,2.956801914273256,0.42435344550279597,0.0,50.66674627351622,0.5523919663785741,0.0,283.25309193173325,92630.04612104667,1.1392397530995082,337.42137371063035,0.0001041048502511735,-3.128417591188952e-05,143.18592252039252,11678.465422371319
5.154921874999976,756.2302794747538,142.79503792430515,142.79506075998225,19.513960252841393,-0.21430556120945746,-0.0005935989757167648,1.2009134155640474e-05,5.186790714488932,0.5189999999999962,0.8765681534346484,1.172231373606461,2.9566322017181244,0.4232091955192942,0.0,50.36423480520392,0.5522582071139736,0.0,283.23450318341406,92598.09480743343,1.1389215326085183,337.4101089291489,0.0001785318762100782,-0.00011957363621139708,142.79506075998253,11611.549538553905
5.174921874999976,759.0822813109186,142.4053388387508,142.40536184016415,19.456006983415328,-0.215922532998906,-0.000599550322288977,8.686546254094219e-06,5.186790714488932,0.5189999999999962,0.8765681534346484,1.1722141147798124,2.9564596134516394,0.42206827715397394,0.0,50.06369441449635,0.5521251971554217,0.0,283.215965171479,92566.23070217288,1.13860413907125,337.3988748939163,0.00013754120774170917,-0.00020836745982164888,142.40536184016443,11545.040103822534
5.1949218749999755,761.9265007307565,142.01679503570793,142.01681819249134,19.398430536478006,-0.2175429449159217,-0.0006049426536461955,9.640325783585943e-06,5.186790714488932,0.5189999999999962,0.8765681534346484,1.1721944404342184,2.956262869995699,0.4209306687329798,0.0,49.76510813833593,0.5519929308099508,0.0,283.19747774525007,92534.45354627185,1.1382875702403903,337.3876715136215,-3.149823033478791e-05,-0.00026336324627558816,142.01681819249163,11478.933883551175
5.214921874999975,764.7629607647723,141.62939901153754,141.62942231350758,19.341227861998686,-0.21916640779127783,-0.0006100845292127022,1.3710979401131557e-05,5.186790714488932,0.5189999999999962,0.8765681534346484,1.172173034843161,2.9560488140851247,0.41979634876843125,0.0,49.46845917796354,0.5518614024430377,0.0,283.17904075502895,92502.7630824211,1.137971823883259,337.37649869754756,-9.767807717703588e-05,-0.0002457286130693329,141.62942231350786,11413.227676845016
5.234921874999975,767.5916842940251,141.24314332416668,141.24316676444678,19.28439587034417,-0.22079257838433294,-0.000615307051846813,1.7662414941443254e-05,5.186790714488932,0.5189999999999962,0.8765681534346484,1.1721518096991739,2.955836562645254,0.41866529595760854,0.0,49.17373090322607,0.5517306064780116,0.0,283.16065405208883,92471.15905498108,1.1376568977816848,337.36535635556584,-5.677808525334372e-05,-0.00023080229587536997,141.24316676444704,11347.918316178577
5.254921874999974,770.4126940513572,140.8580205949763,140.8580441705082,19.227931389001462,-0.22242126059312178,-0.0006209438402332696,1.9746327042981492e-05,5.186790714488932,0.5189999999999962,0.8765681534346484,1.1721317974503975,2.9556364401574906,0.41753748918087874,0.0,48.88090685744347,0.5516005373953211,0.0,283.14231748866615,92439.6412099682,1.1373427897318884,337.3542443981317,7.674880393320358e-05,-0.0001557880099774237,140.85804417050844,11283.002666969594
5.274921874999974,773.2260126226691,140.47402350825652,140.47404722032311,19.17183119711342,-0.22405240273218607,-0.0006272024776916679,1.905095247339863e-05,5.186790714488932,0.5189999999999962,0.8765681534346484,1.1721135361911914,2.9554538275654294,0.4164129075001886,0.0,48.58997077637059,0.5514711897318751,0.0,283.1240309179526,92408.20929504058,1.1370294975443558,337.3431627362793,0.00020087288799368753,-0.00015085096448427953,140.47404722032334,11218.477627188253
5.294921874999973,776.0316624481758,140.09114481115887,140.0911686648799,19.116092207572446,-0.22568609615070492,-0.0006341610636455109,1.5627816140422562e-05,5.186790714488932,0.5189999999999962,0.8765681534346484,1.1720969947527433,2.9552884131809485,0.41529153015595105,0.0,48.300906612878784,0.5513425580802059,0.0,283.10579419408685,92376.86305948399,1.1367170190437192,337.3321112816167,0.0003190403776718712,-0.00010869158637098952,140.09116866488014,11154.340126884526
5.314921874999973,778.8296658236652,139.70937731303908,139.70940131656013,19.06071129588334,-0.22732253727078644,-0.0006417361204731995,9.925974308063115e-06,5.186790714488932,0.5189999999999962,0.8765681534346484,1.172081907024751,2.9551375359010255,0.4141733365642598,0.0,48.01369852312374,0.5512146370876794,0.0,283.08760717214614,92345.60225419789,1.136405352068634,337.32108994632057,0.00045493830342466875,-8.794945971923605e-05,139.7094013165604,11090.587127738889
5.3349218749999725,781.6200449017113,139.32871388380858,139.32873804828915,19.005685481742205,-0.22896203909034188,-0.0006497030931228737,2.5961825788074133e-06,5.186790714488932,0.5189999999999962,0.8765681534346484,1.1720678876762236,2.9549973424157514,0.41305830631444157,0.0,47.72833084600879,0.5510874214557532,0.0,283.06946970813885,92314.42663168171,1.136094494471659,337.31009864313216,0.0,0.0,139.32873804828938,11027.21562263661
5.354921874999972,784.4028216929079,138.94914745561405,138.94917179278121,18.95101146849161,-0.23060497211088102,-0.0006577756178497237,4.510426670268655e-06,5.186790714488932,0.5189999999999962,0.8765681534346484,1.172048508999126,2.9548035556447747,0.41194641916688884,0.0,47.44478807840305,0.5509609059392739,0.0,283.0513816589961,92283.33594602122,1.1357844441191407,337.29913728535166,0.0,0.0,138.94917179278147,10964.222635261993
5.374921874999972,787.1780180671245,138.57067102258785,138.57069554221556,18.896686328197934,-0.23225165886738094,-0.0006656347521914103,1.1012240414031399e-05,5.186790714488932,0.5189999999999962,0.8765681534346484,1.1720265225366906,2.9545836910204213,0.4108376550521679,0.0,47.16305485414787,0.550835085345927,0.0,283.03334288256366,92252.32995287444,1.135475198891087,337.2882057868336,-0.00044459896867217084,0.0001385788829812422,138.57069554221576,10901.605219764993
5.394921874999971,789.9456557546699,138.19327763549634,138.19330234777843,18.84270732801005,-0.2339024077700832,-0.0006729625969414159,1.7226928205044046e-05,5.186790714488932,0.5189999999999962,0.8765681534346484,1.1720048091048991,2.9543665567025066,0.4097319940697298,0.0,46.883115978773944,0.5507099545356471,0.0,283.01535323759464,92221.40840945859,1.1351667566810553,337.27730406198236,-0.000394193512664409,0.0001640042627659932,138.19330234777863,10839.36046041044
5.414921874999971,792.7057563474666,137.81696040448767,137.81698531915313,18.789071073573226,-0.23555751487142695,-0.0006795298921683975,2.071407196384947e-05,5.186790714488932,0.5189999999999962,0.8765681534346484,1.1719848105424873,2.954166571078388,0.40862941648646556,0.0,46.60495637468553,0.5505855084200171,0.0,282.99741258374144,92190.57107453707,1.1348591153960406,337.26643202574735,-0.00023919851149554948,0.00018013257220214792,137.81698531915333,10777.485471222786
5.43492187499997,795.4583413002516,137.44171250107792,137.4417376242493,18.735774559128274,-0.2372172085279258,-0.000685269018100422,2.1439016862580247e-05,5.186790714488932,0.5189999999999962,0.8765681534346484,1.1719665465965194,2.9539839316187098,0.40752990273596995,0.0,46.32856115844069,0.5504617419617508,0.0,282.97952078154833,92159.81770840597,1.134552272956356,337.2555895936183,-0.00010556529935501561,0.00015949147335086195,137.44173762424947,10715.977395672015
5.45492187499997,798.2034319317762,137.0675271549714,137.06755248800255,18.6828149142489,-0.23888157331501939,-0.0006902560470637912,1.944003113599337e-05,5.186790714488932,0.5189999999999962,0.8765681534346484,1.1719499939542284,2.953818405195799,0.4064334334150495,0.0,46.05391563202776,0.5503386501738744,0.0,282.96167769244346,92129.14807288066,1.1342462272955158,337.24477668162075,1.472893140603376e-05,0.0001880941914323946,137.06755248800275,10654.833406218215
5.4749218749999695,800.9410494259491,136.6943976519401,136.69442319160945,18.63018924080499,-0.2405505367447464,-0.0006946708525375757,1.4383465001109145e-05,5.186790714488932,0.5189999999999962,0.8765681534346484,1.1719353492565727,2.9536719582192426,0.4053399892815179,0.0,45.78100527311756,0.550216228119059,0.0,282.9438831787313,92098.5619312831,1.1339409763601274,337.2339932063112,0.0001800625406352664,0.00019793856010234532,136.69442319160964,10594.050703929342
5.494921874999969,803.671214832968,136.3223173345147,136.32234307164396,18.577894944275542,-0.24222384876093514,-0.0006987935247344482,7.463964719326055e-06,5.186790714488932,0.5189999999999962,0.8765681534346484,1.171921905613814,2.9535375217916546,0.4042495512516405,0.0,45.50981575681176,0.5500944709089226,0.0,282.9261371035857,92068.05904842907,1.133636518109777,337.2232390847729,0.0001956978258075473,0.0002681996494079385,136.32234307164413,10533.626518085135
5.514921874999969,806.3939490704113,135.95127959742806,135.95130551917484,18.525929604267155,-0.24390109503821356,-0.0007029606215047718,5.798619877116173e-06,5.186790714488932,0.5189999999999962,0.8765681534346484,1.1719054544680758,2.9533730103342735,0.40316210039758055,0.0,45.24033291233681,0.5499733737033401,0.0,282.9084393310423,92037.63919061612,1.1333328505169264,337.2125142346116,0.0,0.0,135.95130551917504,10473.558105785965
5.534921874999968,809.1092729242582,135.58127788680738,135.5813039794655,18.47429088073547,-0.24558180660400528,-0.0007074876961766859,1.1917193766450469e-05,5.186790714488932,0.5189999999999962,0.8765681534346484,1.1718844991048851,2.9531634567023666,0.40207761794656965,0.0,44.97254267160638,0.5498529317099516,0.0,282.8907897259923,92007.30212561204,1.133029971566816,337.20181857395136,-0.0002269240665175595,5.7117170862646747e-05,135.5813039794657,10413.842751655811
5.554921874999968,811.8172070499234,135.21230570029977,135.21233195198394,18.42297606296147,-0.24726554136382567,-0.0007126269846344871,1.8029807756958106e-05,5.186790714488932,0.5189999999999962,0.8765681534346484,1.1718636444181718,2.9529549098352335,0.4009960852810001,0.0,44.70643109222453,0.5497331401837775,0.0,282.87318815417547,91977.04762264338,1.1327278792573627,337.1911520214303,-0.00021273548597412425,-4.107538753446575e-05,135.21233195198414,10354.477767595808
5.574921874999967,814.5177719733098,134.84435658553727,134.8443829868546,18.371983406684187,-0.24895192330517904,-0.0007185701270519708,2.2681481302104957e-05,5.186790714488932,0.5189999999999962,0.8765681534346484,1.1718437499331376,2.952755964984891,0.3999174839279618,0.0,44.44198898864658,0.5496140514883293,0.0,282.85563448217346,91946.87545238368,1.1324265715990598,337.18051449619713,-7.129098585633169e-05,-5.5467310225580375e-05,134.8443829868548,10295.46049199651
5.594921874999967,817.2109880908441,134.4774240180001,134.47745056330567,18.32132011075233,-0.25064068595295863,-0.0007254371509391448,2.415656099324357e-05,5.186790714488932,0.5189999999999962,0.8765681534346484,1.1718258293070951,2.9525767587244665,0.39884179519878843,0.0,44.17925315158582,0.5494962906801245,0.0,282.83812857740946,91916.78538695302,1.1321260466149885,337.1699059179101,9.081898884785748e-05,-7.985718506104913e-05,134.47745056330587,10236.788270997367
5.6149218749999665,819.896875668575,134.11150155257982,134.1115282424524,18.270972647740713,-0.25233172067419507,-0.0007332577396089246,2.2702685642354396e-05,5.186790714488932,0.5189999999999962,0.8765681534346484,1.171809735490619,2.952415820559705,0.39776900064219856,0.0,43.91815402854161,0.5493791643075719,0.0,282.82067030815426,91886.77719992818,1.1318263023409327,337.1593262067415,0.00023176746284002083,-4.464174789844578e-05,134.1115282424526,10178.45848172235
5.634921874999966,822.575454845569,133.74658290050866,133.7466097388068,18.220938436571846,-0.25402508130834717,-0.0007419428324417466,1.8688414744879e-05,5.186790714488932,0.5189999999999962,0.8765681534346484,1.1717952499795188,2.952270965448703,0.39669908225648165,0.0,43.65867832393348,0.5492626678238614,0.0,282.80325954350377,91856.85066630461,1.131527336825017,337.1487752833633,0.000349811434489529,-2.5808402009578398e-05,133.746609738807,10120.468542795432
5.654921874999966,825.2467456356352,133.38266182410186,133.38268881769523,18.17121497164874,-0.25572090980435713,-0.0007513038165543666,1.2427380829785465e-05,5.186790714488932,0.5189999999999962,0.8765681534346484,1.171782186781002,2.9521403334635363,0.39563202218533206,0.0,43.40081289674242,0.5491467967264687,0.0,282.78589615336836,91827.00556247722,1.1312291481275276,337.13825306894125,0.0004765940515398,1.8482632669393305e-05,133.38268881769545,10062.815898398723
5.674921874999965,827.9107679283156,133.01973213490035,133.01975929469148,18.12179977618527,-0.25741946927864295,-0.0007610455839973492,4.964211763517979e-06,5.186790714488932,0.5189999999999962,0.8765681534346484,1.1717699276272298,2.952017741925813,0.39456780271622444,0.0,43.14454475568419,0.5490315465566171,0.0,282.7685800084659,91797.24166622933,1.1309317343208183,337.12775948513035,0.0,0.0,133.01975929469168,10005.498017959304
5.694921874999965,830.5675414899082,132.65778769713032,132.65781503487796,18.07269019027243,-0.25912109911666903,-0.0007708457600465557,3.687999766092483e-06,5.186790714488932,0.5189999999999962,0.8765681534346484,1.1717541022914537,2.9518594885680525,0.3935064062782796,0.0,42.88986102877993,0.5489169128986893,0.0,282.75131098031557,91767.55875672113,1.1306350934892093,337.11729445407127,0.0,0.0,132.65781503487818,9948.512395813848
5.714921874999964,833.2170859644979,132.2968224245057,132.29684995281914,18.023883760561468,-0.26082614875218935,-0.0007804368596347581,9.71031056450466e-06,5.186790714488932,0.5189999999999962,0.8765681534346484,1.1717340524300386,2.951658989953901,0.39244781544224056,0.0,42.63674894465151,0.5488028913798719,0.0,282.73408894123077,91737.95661447835,1.130339223728888,337.10685789838584,-0.0004344989838232398,0.00020566714229536826,132.29684995281934,9891.856550983495
5.734921874999964,835.8594208749439,131.93683028080952,131.93685801216196,17.9753777402126,-0.2625349757464579,-0.000789657377216949,1.4772545557876898e-05,5.186790714488932,0.5189999999999962,0.8765681534346484,1.1717146611581577,2.9514650772350923,0.3913920129193432,0.0,42.385195857585316,0.5486894776696858,0.0,282.71691376431284,91708.43502138101,1.1300441231478127,337.0964497411736,-0.00035962733932652543,0.00014177547449366714,131.93685801216216,9835.528026895243
5.7549218749999635,838.4945656238957,131.5778052823667,131.57783322530824,17.92716955955747,-0.2642478858730027,-0.0007984167464300092,1.802308228478901e-05,5.186790714488932,0.5189999999999962,0.8765681534346484,1.1716964314203293,2.9512827798568084,0.39033898156039926,0.0,42.13518925022586,0.5485766674795415,0.0,282.69978532344464,91678.99376065227,1.1297497898656133,337.0860699060074,-0.000251276612660649,0.0001041265909013578,131.5778332253085,9779.524391116825
5.774921874999963,841.1225394948287,131.21974149380884,131.21976965280854,17.879256673320157,-0.26596503465494287,-0.0008066657632731631,1.8389337020714328e-05,5.186790714488932,0.5189999999999962,0.8765681534346484,1.1716799968612257,2.9511184342657724,0.38928870435405116,0.0,41.88671673055693,0.5484644565622128,0.0,282.6827034932836,91649.63261684669,1.129456222013489,337.07571831692985,-0.00010951170761738208,0.00011780531836544229,131.21976965280874,9723.843235052993
5.794921874999963,843.7433616529884,130.862633027528,130.86266140278477,17.831636925482226,-0.2676864496915565,-0.0008144330925713003,1.6758944548353914e-05,5.186790714488932,0.5189999999999962,0.8765681534346484,1.17166483201167,2.9509667857702158,0.3882411644251149,0.0,41.639766078839806,0.548352840711323,0.0,282.66566814925557,91620.3513758398,1.129163417734119,337.06539489844886,-4.165961742351056e-05,0.00016710153466452694,130.86266140278497,9668.482173649681
5.814921874999962,846.3570511463153,130.50647404072166,130.50650263001566,17.78430796642679,-0.26941205890164605,-0.0008218570966743543,1.3362860877720686e-05,5.186790714488932,0.5189999999999962,0.8765681534346484,1.1716507997024317,2.950826462677832,0.3871963450319172,0.0,41.39432520400762,0.5482418157607316,0.0,282.64867916754895,91591.14982481775,1.128871375181571,337.05509957553465,5.83016018964961e-05,0.00016739434990360207,130.50650263001592,9613.438845051618
5.834921874999962,848.9636269063756,130.1512587386326,130.1512875356017,17.737267518913338,-0.2711416914145156,-0.0008291328206900913,8.83387538721284e-06,5.186790714488932,0.5189999999999962,0.8765681534346484,1.1716375251387106,2.950693717040621,0.38615422956535356,0.0,41.15038214971358,0.5481313775841092,0.0,282.63173642510856,91562.02775226682,1.1285800925212117,337.0448322736158,4.983545634542832e-05,0.0001924182252479425,130.1512875356019,9558.710910349286
5.854921874999961,851.563107749271,129.79698136963555,129.79701036622055,17.69051354799248,-0.2728750932564105,-0.0008364610629170502,6.301746698904875e-06,5.186790714488932,0.5189999999999962,0.8765681534346484,1.1716231566892155,2.95055003254567,0.3851148015467317,0.0,40.90792508919382,0.5480215220943881,0.0,282.6148397996297,91532.98494796337,1.128289567929619,337.03459291857564,0.0,0.0,129.79701036622077,9504.296053268612
5.874921874999961,854.1555123765254,129.44363622702858,129.44366541388035,17.6440438413853,-0.2746119622270183,-0.0008440762469842667,9.235210290467137e-06,5.186790714488932,0.5189999999999962,0.8765681534346484,1.1716056419592413,2.9503748852459286,0.38407804462708844,0.0,40.66694230188855,0.5479122452433751,0.0,282.59798916955253,91504.02120296386,1.1279997995944953,337.02438143674885,-0.00022425440056150558,6.285606363048646e-05,129.4436654138805,9450.191979936779
5.894921874999961,856.7408593759609,129.09121764791348,129.09124701552008,17.597856303614222,-0.27635198779843045,-0.0008522004835924566,1.3965385442609571e-05,5.186790714488932,0.5189999999999962,0.8765681534346484,1.1715871502694297,2.9501899683478126,0.38304394258605523,0.0,40.427422171300556,0.5478035430213188,0.0,282.5811844140562,91475.13630959512,1.1277107857145843,337.0141977549181,-0.00017257459515032257,8.209951830647763e-07,129.0912470155203,9396.396418628341
5.91492187499996,859.3191672225787,128.73972001240514,128.73974955282048,17.551948654745626,-0.27809487404474326,-0.0008610294312950512,1.8133041766225397e-05,5.186790714488932,0.5189999999999962,0.8765681534346484,1.171569076318889,2.950009228842406,0.38201247933134475,0.0,40.1893531927938,0.5476954114565478,0.0,282.56442541305324,91446.33006144445,1.127422524499585,337.00404180031023,-9.720948185847886e-05,-5.830646991311007e-07,128.73974955282065,9342.907119544248
5.93492187499996,861.8904542794235,128.38913774472115,128.38916745181353,17.50631873722164,-0.2798403804374565,-0.0008706618609949735,2.0794617162624822e-05,5.186790714488932,0.5189999999999962,0.8765681534346484,1.1715519776135446,2.949838241788961,0.3809836388976433,0.0,39.95272397495693,0.5475878466150487,0.0,282.5477120471837,91417.60225334998,1.1271350141700691,336.99391350059335,-1.9718097180176114e-05,-3.285830608523703e-05,128.3891674518137,9289.721854564186
5.954921874999959,864.4547387984667,128.03946531390247,128.03949518208955,17.46096454833023,-0.28158831350374547,-0.0008811382816093135,2.1340632337101103e-05,5.186790714488932,0.5189999999999962,0.8765681534346484,1.1715362140413246,2.949680606066761,0.37995740544430495,0.0,39.71752324529525,0.5474808445999241,0.0,282.53104419780993,91388.95268139083,1.1268482529573929,336.98381278387285,0.00013998112875261888,-4.909277592117781e-05,128.03949518208972,9236.83841694309
5.974921874999959,867.0120389214472,127.69069722660345,127.69072725701959,17.415883918078904,-0.28333857436753035,-0.0008924255173724023,1.9064875471649334e-05,5.186790714488932,0.5189999999999962,0.8765681534346484,1.1715222027990875,2.94954049364439,0.3789337632560595,0.0,39.483739854113466,0.5473744015511695,0.0,282.51442174701054,91360.38114287771,1.1265622391036183,336.9737395786884,0.00027490201935959893,-7.849504118759777e-05,127.69072725701976,9184.25462115759
5.994921874999958,869.5623726806818,127.34282803505224,127.34285823248779,17.37107475268663,-0.28509123546168,-0.0009044073137585895,1.4517585822251676e-05,5.186790714488932,0.5189999999999962,0.8765681534346484,1.1715096179426148,2.949414645079663,0.37791269673929795,0.0,39.25136280142342,0.5472685136449931,0.0,282.49784457757556,91331.88743634381,1.1262769708614346,336.9636938140108,0.0003866124691663643,-7.927069140794871e-05,127.34285823248791,9131.968302539613
6.014921874999958,872.1057579999612,126.99585233402132,126.99588270643905,17.326534835655433,-0.28684646267999914,-0.000916899428731692,8.35519416151423e-06,5.186790714488932,0.5189999999999962,0.8765681534346484,1.1714980707348133,2.949299173001648,0.37689419042077754,0.0,39.02038120644352,0.547163177093394,0.0,282.48131257300025,91303.47136153487,1.12599244649407,336.95367541923815,0.0004194724416999163,-5.115391642706156e-05,126.99588270643922,9079.97731703132
6.034921874999958,874.6422126954134,126.64976476240786,126.64979531832839,17.282261870036574,-0.28860447397391487,-0.0009296611282201282,2.847681691564657e-06,5.186790714488932,0.5189999999999962,0.8765681534346484,1.1714862178927135,2.94918064458065,0.37587822894603223,0.0,38.79078429666627,0.5470583881437139,0.0,282.4648256174798,91275.1327193995,1.1257086642752088,336.94368432419276,0.0,0.0,126.64979531832854,9028.279540928597
6.054921874999957,877.1717544763737,126.30456000191134,126.30459074893803,17.238253833136696,-0.29036547852417655,-0.0009424381916797327,4.258839460854165e-06,5.186790714488932,0.5189999999999962,0.8765681534346484,1.1714703533086195,2.94902199873971,0.37486479707887704,0.0,38.56256137911004,0.5469541430783063,0.0,282.4483835959035,91246.87131207941,1.125425622488905,336.9337204591176,0.0,0.0,126.3045907489382,8976.872870679788
6.074921874999957,879.6944009462185,125.96023277482344,125.96026372011464,17.194508645890433,-0.2921296619786378,-0.0009549794940914911,8.989563158718541e-06,5.186790714488932,0.5189999999999962,0.8765681534346484,1.1714526053453505,2.94884451910702,0.3738538797006724,0.0,38.33570186480557,0.5468504382141839,0.0,282.43198639384957,91218.68694290018,1.125143319429501,336.92378375467285,-0.0002814994624761165,0.00018251876713284943,125.96026372011482,8925.75522267492
6.094921874999956,882.2101696031881,125.61677784524521,125.61680899443427,17.151024154692344,-0.29389717954790656,-0.0009670745868230179,1.2737651697872303e-05,5.186790714488932,0.5189999999999962,0.8765681534346484,1.1714355184396676,2.9486736500501918,0.3728454618093744,0.0,38.110195266375726,0.5467472699026471,0.0,282.41563389757926,91190.57941636202,1.124861753401551,336.91387414193304,-0.0002444233067828259,0.0001608313331009105,125.61680899443446,8874.924533026886
6.114921874999956,884.7190778412132,125.27419001773679,125.27422137476073,17.10779838586473,-0.2956681339840498,-0.0009785656358235325,1.4776836255740445e-05,5.186790714488932,0.5189999999999962,0.8765681534346484,1.1714195216941417,2.948513682594932,0.37183952851826835,0.0,37.88603119864327,0.5466446345288842,0.0,282.3993259940321,91162.54853813053,1.124580922719736,336.90399155238345,-0.00012901169167171253,0.0001600918051578333,125.27422137476093,8824.378757339786
6.1349218749999554,887.2211429507105,124.93246413681496,124.93249570398467,17.06482928732707,-0.29744258651150046,-0.0009893770227153255,1.4635504524272949e-05,5.186790714488932,0.5189999999999962,0.8765681534346484,1.171404893578155,2.9483674014350645,0.37083606505523786,0.0,37.66319938498361,0.546542528511629,0.0,282.38306257082036,91134.59411502784,1.1243008257087894,336.89413591791714,-5.732242676243791e-05,0.0001423899429408074,124.93249570398487,8774.115870505184
6.154921874999955,889.7163821193943,124.59159508696291,124.5916268643291,17.022114885862806,-0.29922053265420606,-0.0009995279246104067,1.2751171867838741e-05,5.186790714488932,0.5189999999999962,0.8765681534346484,1.1713913747821778,2.9482322134752934,0.36983505676074646,0.0,37.44168967052057,0.5464409483026922,0.0,282.3668435162239,91106.71595502352,1.1240214607034174,336.8843071708317,2.9933869005671973e-05,0.00015206561346695326,124.59162686432929,8724.133866439635
6.174921874999955,892.2048124330495,124.25157779102385,124.25160977690331,16.979653415152097,-0.3010019172268108,-0.0010091155165150776,9.901269391641478e-06,5.186790714488932,0.5189999999999962,0.8765681534346484,1.1713785048997942,2.9481035146514576,0.3688364890865561,0.0,37.221492010371094,0.546339890386572,0.0,282.35066871918514,91078.91386722596,1.1237428260482245,336.8745052438262,5.7108992767500656e-05,0.0001492745463343388,124.25160977690348,8674.43075786
6.194921874999954,894.6864508762883,123.91240720860576,123.91243940125892,16.937442934058637,-0.3027866563253999,-0.0010182652313357006,6.42281534267791e-06,5.186790714488932,0.5189999999999962,0.8765681534346484,1.1713660840566429,2.947979306219944,0.36784034759445094,0.0,37.00259645471746,0.5462393512800694,0.0,282.33453806930413,91051.18766187389,1.1234649200976385,336.8647300699983,0.0,0.0,123.91243940125906,8625.004576061448
6.214921874999954,897.1613143333104,123.57407833927046,123.5741107351108,16.895481506129947,-0.304574648097775,-0.001027148575707655,1.755366908240397e-06,5.186790714488932,0.5189999999999962,0.8765681534346484,1.1713544433248395,2.9478628989019104,0.3668466179554509,0.0,36.7849931492652,0.5461393275319553,0.0,282.3184514568335,91023.5371503279,1.12318774121584,336.8549815828411,0.0,0.0,123.57411073511096,8575.853370720804
6.234921874999953,899.6294195886844,123.23658621961691,123.23661881389502,16.853767262147954,-0.30636574111965603,-0.0010359607303085114,3.4397160890750794e-06,5.186790714488932,0.5189999999999962,0.8765681534346484,1.1713391206121537,2.9477096717750526,0.3658552859485397,0.0,36.56867234433881,0.5460398157225944,0.0,282.3024087726735,90995.96214506173,1.122911287776683,336.84525971624015,0.0,0.0,123.23661881389516,8526.975209679165
6.254921874999953,902.0907833280862,122.89992592388215,122.89995871042169,16.812298488769684,-0.3081597520680482,-0.0010448980859805277,8.000161311695048e-06,5.186790714488932,0.5189999999999962,0.8765681534346484,1.1713221716890947,2.9475401825444623,0.36486633745967534,0.0,36.353624375201484,0.5459408124635987,0.0,282.28640990836743,90968.462459654,1.1226355581636251,336.8355644044707,0.0,0.0,122.89995871042181,8478.368178740107
6.2749218749999525,904.545422139018,122.56409256039848,122.56412553468131,16.771073458382805,-0.30995650288419946,-0.0010541200361598557,1.1255872012806108e-05,5.186790714488932,0.5189999999999962,0.8765681534346484,1.1713060696535489,2.947379162189004,0.36387975848125553,0.0,36.1398396622335,0.5458423143975317,0.0,282.27045475609634,90941.03790878016,1.1223605507696595,336.8258955821944,-2.619154515222697e-05,-0.00012886955301366886,122.5641255346815,8430.030381491026
6.294921874999952,906.9933525115171,122.22908127461547,122.22911443348872,16.730090342834675,-0.31175586387673027,-0.0010637315090869374,1.258932079603511e-05,5.186790714488932,0.5189999999999962,0.8765681534346484,1.1712911793873853,2.947230259527368,0.36289553511109873,0.0,35.92730871776932,0.5457443181975652,0.0,282.2545432086751,90913.68830820461,1.1220862639972433,336.8162531844571,8.167101842297572e-05,-0.00010878917749798372,122.22911443348886,8381.959939103856
6.314921874999952,909.4345908388752,121.89488724624333,121.8949205902229,16.68934733270359,-0.31355777212196034,-0.0010737802818358688,1.2131210952118805e-05,5.186790714488932,0.5189999999999962,0.8765681534346484,1.171277423090423,2.9470926965577458,0.36191365355171284,0.0,35.71602215887412,0.5456468205671693,0.0,282.2386751595473,90886.41347477265,1.1218126962582302,336.8066371466857,0.00014999407048988102,-0.0001031697191444242,121.89492059022307,8334.1549901511
6.334921874999951,911.8691534183598,121.56150569315803,121.56153922421225,16.6488425951095,-0.3153622357226013,-0.0010842511035881583,1.009742529564504e-05,5.186790714488932,0.5189999999999962,0.8765681534346484,1.1712646725758984,2.9469651914124992,0.3609341001085077,0.0,35.50597070293785,0.5455498182397001,0.0,282.22285050278066,90859.21322640238,1.1215398459738004,336.7970474046851,0.00026259945922790275,-9.805358351180428e-05,121.56153922421241,8286.613690375161
6.354921874999951,914.2970564519436,121.22893186790304,121.22896559039194,16.60857439692436,-0.31716931440364393,-0.0010950521275543087,6.419201632890893e-06,5.186790714488932,0.5189999999999962,0.8765681534346484,1.1712529681045585,2.9468481466991,0.35995686118881637,0.0,35.29714516188395,0.5454533079780717,0.0,282.20706913306236,90832.08738207664,1.1212677115743892,336.7874838946358,0.0,0.0,121.22896559039214,8239.334212497406
6.37492187499995,916.7183160470103,120.89716105964098,120.89719497883135,16.568540885231354,-0.31897912077458546,-0.0011060464975073342,2.4440175770831193e-06,5.186790714488932,0.5189999999999962,0.8765681534346484,1.1712415119102817,2.9467335847563323,0.3589819233005296,0.0,35.089536445794124,0.5453572865743939,0.0,282.1913309456944,90805.03576183502,1.120996291499618,336.7779465530908,0.0,0.0,120.89719497883151,8192.314746011556
6.39492187499995,919.1329482170777,120.56618859174428,120.56622271448381,16.528740234778645,-0.32079178730798485,-0.0011170911089782435,2.4345962055075405e-06,5.186790714488932,0.5189999999999962,0.8765681534346484,1.171227781058358,2.9465962762370954,0.3580092730513913,0.0,34.88313554235425,0.5452617508496775,0.0,282.175635836589,90778.05818676585,1.1207255841982244,336.76843531697295,0.0,0.0,120.56622271448398,8145.553497009431
6.4149218749999495,921.5409688825199,120.23600982675158,120.23604415684925,16.48917072529536,-0.3226074306625585,-0.001128011908048152,6.680940232705721e-06,5.186790714488932,0.5189999999999962,0.8765681534346484,1.1712116033952618,2.946434499606133,0.35703889714803266,0.0,34.67793352509559,0.5451666976535174,0.0,282.1599837022636,90751.1544789981,1.120455588127992,336.75895012357176,0.0,0.0,120.2360441568494,8099.048687996565
6.434921874999949,923.9423938712654,119.90662015720841,119.90665469969278,16.449830627584227,-0.3244261372790384,-0.0011386252335121906,1.0327558271095449e-05,5.186790714488932,0.5189999999999962,0.8765681534346484,1.1711958515590097,2.9462769812436127,0.356070782395174,0.0,34.47392154789954,0.5450721238637949,0.0,282.1443744398367,90724.32446169361,1.1201863017556826,336.74949091054106,-0.00023827648003936494,0.0001397919970162984,119.90665469969288,8052.798557717344
6.454921874999949,926.3372389194597,119.5780150126389,119.57804977080282,16.410718225324658,-0.3262479908884132,-0.0011487763017074483,1.3158147217679889e-05,5.186790714488932,0.5189999999999962,0.8765681534346484,1.1711806530913005,2.94612499656652,0.3551049156949425,0.0,34.27109084967695,0.544978026386394,0.0,282.1288079470235,90697.56795903968,1.1199177235569704,336.74005761589626,-0.0002044744604690637,0.00018440875106133224,119.57804977080292,8006.801360987162
6.474921874999948,928.7255196721591,119.25018985404382,119.25022483161693,16.371831948058926,-0.32807305015822996,-0.0011583583630712618,1.4870291265113851e-05,5.186790714488932,0.5189999999999962,0.8765681534346484,1.1711661864994014,2.9459803306475294,0.354141284045797,0.0,34.069432753126655,0.5448844021548824,0.0,282.11328412213095,90670.88479624125,1.1196498520163771,336.7306501780114,-0.0001465662349904625,0.00019163569288081414,119.25022483161703,7961.055368508513
6.494921874999948,931.1072516839802,118.92314017721344,118.92317537693307,16.333169871199843,-0.3299013754409853,-0.0011673236183308484,1.4848182795322933e-05,5.186790714488932,0.5189999999999962,0.8765681534346484,1.1711528157266806,2.9458466229203215,0.3531798745417058,0.0,33.86893866271022,0.5447912481302196,0.0,282.09780286405413,90644.27479951378,1.1193826856272064,336.7212685356168,-7.065178807627931e-05,0.00012457427044914798,118.92317537693316,7915.558866700439
6.514921874999947,933.4824504198116,118.59686151270151,118.59689693451928,16.294730381583566,-0.33173296705252114,-0.0011756772297195684,1.3828157157833119e-05,5.186790714488932,0.5189999999999962,0.8765681534346484,1.1711401046365688,2.9457195120192035,0.35222067437102295,0.0,33.66960008345613,0.5446985613004391,0.0,282.0823640722712,90617.73779607515,1.1191162228914768,336.7119126277963,-2.6553476146030466e-05,9.420639014971778e-05,118.59689693451938,7870.310157516174
6.534921874999947,935.851131255479,118.27134942417864,118.27138506468782,16.256511881180536,-0.3335677529424316,-0.0011834458496474771,1.1598340616133182e-05,5.186790714488932,0.5189999999999962,0.8765681534346484,1.1711281781838228,2.945600247491743,0.35126367081525794,0.0,33.47140859576089,0.5446063386803233,0.0,282.0669676468394,90591.27361413835,1.1188504623198554,336.7025823939847,6.962787495122084e-05,5.4137901863447685e-05,118.2713850646879,7825.307558258007
6.5549218749999465,938.2133094783818,117.94659950482698,117.9466353600132,16.218512770393442,-0.3354056047854533,-0.0011906898646715644,8.293135470367849e-06,5.186790714488932,0.5189999999999962,0.8765681534346484,1.17111695641737,2.9454880298272155,0.35030885124827316,0.0,33.27435586693804,0.5445145773111226,0.0,282.0516134883905,90564.88208290428,1.1185854024315953,336.6932777739646,0.0,0.0,117.94663536001329,7780.549401413193
6.574921874999946,940.5690002880517,117.62260736783513,117.62264343148577,16.180733569982895,-0.33724635712680345,-0.0011975340584033122,5.620187824662413e-06,5.186790714488932,0.5189999999999962,0.8765681534346484,1.1711054283249627,2.945372748903142,0.3493562030951905,0.0,33.078443929609435,0.5444234435605813,0.0,282.0363014981276,90538.56303255557,1.118321041754485,336.6839987078653,0.0,0.0,117.62264343148586,7736.034032707274
6.594921874999946,942.9182187961958,117.2993686278118,117.29940489350292,16.143171763520737,-0.33908981731619814,-0.0012041652733519748,7.0163110805971926e-06,5.186790714488932,0.5189999999999962,0.8765681534346484,1.171091559382933,2.945234059482845,0.34840571378783836,0.0,32.88365905646032,0.5443328458592884,0.0,282.0210315778247,90512.31629425604,1.1180573788248518,336.6747451361618,0.0,0.0,117.29940489350301,7691.759809038927
6.614921874999945,945.2609800275161,116.97687896939534,116.97691543113666,16.105824858641554,-0.34093580005917495,-0.0012108095221472243,1.1631232115877013e-05,5.186790714488932,0.5189999999999962,0.8765681534346484,1.1710758523327678,2.945076988981193,0.34745737096457924,0.0,32.68998818798418,0.5442427001079264,0.0,282.0058036298211,90486.14170014164,1.11779441218748,336.6655169996716,-0.0001056387634969299,-0.00021064361047968977,116.97691543113675,7647.725107208307
6.634921874999945,947.5972989207759,116.65513411090156,116.65517076378961,16.068691336129984,-0.34278414183398287,-0.001217694097978187,1.576868871544287e-05,5.186790714488932,0.5189999999999962,0.8765681534346484,1.1710604942535372,2.9449234081888873,0.3465111623624043,0.0,32.49742328890425,0.5441530034543874,0.0,281.99061755701496,90460.03908330842,1.1175321403954999,336.6563142395511,-5.479542063685689e-05,-0.00017357699285825112,116.65517076378968,7603.928318980732
6.654921874999944,949.9271903294068,116.33412980041388,116.33416664185174,16.031769706762073,-0.34463471866468187,-0.001224992722992234,1.874828429267209e-05,5.186790714488932,0.5189999999999962,0.8765681534346484,1.1710458873895888,2.9447773395494035,0.34556707580703666,0.0,32.305956401911374,0.5440637530716792,0.0,281.9754732628588,90434.00827780581,1.1172705620103294,336.64713679729243,-1.4160876116293622e-05,-0.0002134685439996746,116.3341666418518,7560.367850526521
6.674921874999944,952.2506690221043,116.01386181640812,116.01389884631219,15.99505847200916,-0.34648747145460457,-0.0012328500531234383,2.0164690473464824e-05,5.186790714488932,0.5189999999999962,0.8765681534346484,1.171032271218611,2.944641177839625,0.34462509921180995,0.0,32.11557964581403,0.5439749461576288,0.0,281.9603706513563,90408.04911862998,1.1170096756016177,336.6379846147219,7.61144341019086e-05,-0.00024493630360171594,116.01389884631229,7517.042122252512
6.6949218749999435,954.5677496834293,115.69432596692809,115.69436318853204,15.958556158533424,-0.34834241453730974,-0.0012413716241777093,1.9533296719991853e-05,5.186790714488932,0.5189999999999962,0.8765681534346484,1.1710199321554478,2.944517787207993,0.34368522057702466,0.0,31.926285216042004,0.5438865799346341,0.0,281.94530962705767,90382.16144171706,1.1167494797471846,336.628857633997,0.00016565639238535647,-0.0002716992666679626,115.69436318853208,7473.949568656116
6.714921874999943,956.8784469144027,115.37551809025429,115.37555550982317,15.922261187863215,-0.35019964614260607,-0.0012506013637468235,1.692204496805591e-05,5.186790714488932,0.5189999999999962,0.8765681534346484,1.1710088296247552,2.944406761901067,0.34274742798873004,0.0,31.738065395905075,0.5437986516493654,0.0,281.93029009505636,90356.34508393658,1.1164899730329647,336.61975579760417,0.0002487514306617906,-0.00030181154321941333,115.37555550982323,7431.088638155923
6.734921874999943,959.1827752331195,115.05743405525573,115.0574716810908,15.886172074434564,-0.3520593245839305,-0.0012604954000859038,1.272370706409985e-05,5.186790714488932,0.5189999999999962,0.8765681534346484,1.1709987308369778,2.9443057740232934,0.3418117096176916,0.0,31.550912551519893,0.5437111585724856,0.0,281.9153119609847,90330.59988308453,1.1162311540529475,336.6106790483567,0.00025373831751462656,-0.00037029490936817344,115.05747168109087,7388.457792932173
6.754921874999942,961.4807490753473,114.74006976058112,114.74010760235696,15.850287331682475,-0.35392165204770387,-0.0012709295769970511,8.370355094942438e-06,5.186790714488932,0.5189999999999962,0.8765681534346484,1.1709887877943994,2.9442063435975094,0.3408780537180067,0.0,31.364819127441134,0.5436240979983423,0.0,281.9003751310102,90304.92567787673,1.1159730214091181,336.60162732939216,0.0,0.0,114.74010760235701,7346.05550875376
6.774921874999942,963.7723827951269,114.42342113438526,114.42345920255515,15.814605451362906,-0.35578684906705144,-0.0012817110089380634,7.89866968983607e-06,5.186790714488932,0.5189999999999962,0.8765681534346484,1.170976610753377,2.9440845731872853,0.3399464486265257,0.0,31.179777635669428,0.5435374672447356,0.0,281.88547951183165,90279.32230794206,1.1157155737113986,336.59260058417,0.0,0.0,114.42345920255522,7303.880274841769
6.794921874999941,966.0576906653624,114.10748413502459,114.10752243926896,15.77912494835776,-0.3576551364823719,-0.0012925798519357417,1.307908626406554e-05,5.186790714488932,0.5189999999999962,0.8765681534346484,1.1709611512440177,2.943929978093692,0.33901688276210423,0.0,30.995780652111716,0.5434512636526747,0.0,281.8706250106751,90253.78961381593,1.1154588095775924,336.5835987564691,-0.0004863763028101374,-0.00016215674292464736,114.10752243926902,7261.930593727172
6.814921874999941,968.3366868784111,113.7922547491858,113.79229329855852,15.743844396041766,-0.3595267123571414,-0.001303261552288702,1.9494865207148283e-05,5.186790714488932,0.5189999999999962,0.8765681534346484,1.1709450231600547,2.943768697254062,0.3380893446251182,0.0,30.81282080691808,0.5433654845861597,0.0,281.8558115352903,90228.32743693364,1.1152027276333243,336.5746217903859,-0.00046606977584832444,-4.044269034119696e-05,113.79229329855859,7220.204981121092
6.8349218749999405,970.6093855466546,113.47772899323364,113.47776779494457,15.708762247321125,-0.36140174888862897,-0.001313501317985451,2.4642777022306665e-05,5.186790714488932,0.5189999999999962,0.8765681534346484,1.1709297077662253,2.9436155433157682,0.3371638227974452,0.0,30.63089077870221,0.5432801274320078,0.0,281.8410389939467,90202.93561962408,1.1149473265119876,336.56566963033174,-0.00037968665147272945,3.7811859962385734e-05,113.47776779494467,7178.701965806218
6.85492187499994,972.8758007030929,113.16390291187602,113.16394197121454,15.673877016034806,-0.3632803615431468,-0.0013231044164760516,2.7377342665847258e-05,5.186790714488932,0.5189999999999962,0.8765681534346484,1.1709158826761126,2.943477292414641,0.3362403059419183,0.0,30.449983308396952,0.5431951895996336,0.0,281.8263072954299,90177.61400510297,1.114692604854683,336.5567422210305,-0.00022836097914543256,7.97505017795476e-05,113.16394197121463,7137.420089506553
6.87492187499994,975.1359463019108,112.85077257915948,112.85081189822039,15.639187228817827,-0.36516260543333234,-0.0013319634998514706,2.744347710755491e-05,5.186790714488932,0.5189999999999962,0.8765681534346484,1.1709036984946584,2.943355450600099,0.3353187828017536,0.0,30.270091220556818,0.543110668520828,0.0,281.81161634903754,90152.36243746661,1.1144385613101666,336.54783950751676,-0.00010202696383380342,8.531195116002616e-05,112.85081189822044,7096.357906757445
6.894921874999939,977.3898362190539,112.53833409705588,112.53837367430084,15.604691592334207,-0.3670484535555093,-0.0013400597778818408,2.5458641531932645e-05,5.186790714488932,0.5189999999999962,0.8765681534346484,1.170892789413118,2.9432463597846956,0.3343992421988629,0.0,30.09120743245262,0.5430265616494367,0.0,281.7969660645761,90127.18076168546,1.1141851945347907,336.53896143513316,-8.334906049448432e-07,7.373205579332493e-05,112.53837367430089,7055.5139847296505
6.914921874999939,979.6374842527754,112.22658359396868,112.22662342486237,15.570388757384071,-0.36893779534662957,-0.001347427793693136,2.115305777810224e-05,5.186790714488932,0.5189999999999962,0.8765681534346484,1.1708833148214581,2.9431516138680966,0.3334816730326363,0.0,29.91332492166667,0.542942866461087,0.0,281.78235635235694,90102.06882359798,1.113932503192452,336.5301079495283,0.00012258961252326192,8.761199651883271e-05,112.22662342486241,7014.886903075394
6.934921874999938,981.8789041241507,111.91551722367417,111.91555730212173,15.536277551766702,-0.37083046792846147,-0.001354175554499625,1.539611598174441e-05,5.186790714488932,0.5189999999999962,0.8765681534346484,1.1708747598152698,2.943066063806213,0.3325660642792048,0.0,29.73643675289477,0.5428595804529583,0.0,281.767787123193,90077.02646990487,1.113680485954543,336.5212789966549,0.00016323609324367253,0.00012162644070087651,111.91555730212175,6974.475253796258
6.954921874999938,984.1141094775896,111.6051311656618,111.60517148472107,15.502356741895289,-0.3727262804508458,-0.0013604667881296,8.904026747647437e-06,5.186790714488932,0.5189999999999962,0.8765681534346484,1.170866700122417,2.9429854668776843,0.3316524049903241,0.0,29.56053604729257,0.5427767011435232,0.0,281.75325828839567,90052.05354816344,1.1134291414999007,336.5124745227678,0.0,0.0,111.6051714847211,6934.277641096549
6.9749218749999375,986.343113881353,111.29542162588815,111.29546217766473,15.468625011567717,-0.3746250274145614,-0.0013664972714964702,1.6970322701346452e-06,5.186790714488932,0.5189999999999962,0.8765681534346484,1.1708591234441186,2.942909700094701,0.3307406842932141,0.0,29.3856159790502,0.5426942260723753,0.0,281.7387697597712,90027.14990678176,1.1131784685147588,336.5036944744213,0.0,0.0,111.29546217766476,6894.292681278106
6.994921874999937,988.5659308280733,110.98638483555487,110.98642561207394,15.435081140396168,-0.376526493928812,-0.0013724857182234832,5.636678141796099e-06,5.186790714488932,0.5189999999999962,0.8765681534346484,1.1708450071081322,2.9427685367348375,0.32983089138985655,0.0,29.211669783617925,0.5426121528000114,0.0,281.7243214496175,90002.31539501283,1.112928465692695,336.4949387984682,0.0,0.0,110.98642561207399,6854.519002613457
7.014921874999937,990.7825737352641,110.67801705133157,110.67805804503651,15.401723837098643,-0.3784304691566697,-0.0013786605249657107,1.2836647668364719e-05,5.186790714488932,0.5189999999999962,0.8765681534346484,1.1708290194705806,2.9426086603593213,0.3289230155565749,0.0,29.03869075105686,0.5425304789076395,0.0,281.70991327072073,89977.54986294894,1.112679131734583,336.48620744205675,-0.0002458292841907682,-0.00012810561497067561,110.67805804503652,6814.955245231925
7.034921874999936,992.9930559458286,110.37031455514784,110.37035575948534,15.3685518723749,-0.3803367571289448,-0.001385244011834613,1.875772707616067e-05,5.186790714488932,0.5189999999999962,0.8765681534346484,1.1708138473750653,2.9424569394041686,0.3280170461437003,0.0,28.86667221862478,0.5424492019969972,0.0,281.6955451363521,89952.85316151599,1.1124304653485435,336.47750035262936,-0.00015573829458015833,-0.0001474094497120135,110.37035575948536,6775.600061010354
7.054921874999936,995.1973907285523,110.06327365386366,110.06331506407516,15.335564012856473,-0.3822452032073375,-0.0013924199183649613,2.292297019091904e-05,5.186790714488932,0.5189999999999962,0.8765681534346484,1.1707997728023738,2.9423161936772533,0.32711297257523064,0.0,28.695607579790746,0.5423683196901693,0.0,281.6812169602644,89928.22514246791,1.112182465249896,336.4688174779202,-6.850244680519843e-05,-0.0001745566291248721,110.0633150640752,6736.452113464491
7.074921874999935,997.3955912786039,109.75689067868097,109.75693229298595,15.302759048596545,-0.3841557065135872,-0.0014003240486971243,2.469363856242408e-05,5.186790714488932,0.5189999999999962,0.8765681534346484,1.170787173516608,2.9421902008195953,0.32621078434827244,0.0,28.52549028640072,0.5422878296293906,0.0,281.66692865668904,89903.66565838116,1.1119351301611107,336.46015876595357,6.083404937450091e-05,-0.00020134977817411515,109.75693229298598,6697.510077632444
7.094921874999935,999.5876707180233,109.45116198544567,109.45120380566827,15.270135673560247,-0.38606824298187553,-0.0014090277552040757,2.3918559332188215e-05,5.186790714488932,0.5189999999999962,0.8765681534346484,1.1707761386938478,2.942079852591993,0.3253104710323099,0.0,28.356313862974996,0.542207729476831,0.0,281.65268014033285,89879.17456264923,1.111688458811761,336.45152416504175,0.00017102273417019177,-0.00022253327330573708,109.45120380566833,6658.772639952155
7.114921874999935,1001.7736420932725,109.14608346939731,109.1461255002162,15.237750020769655,-0.3879828651924972,-0.0014185309423723703,2.096536189275066e-05,5.186790714488932,0.5189999999999962,0.8765681534346484,1.1707664503819306,2.9419829694728215,0.3244120208228306,0.0,28.18836955502945,0.5421280167863038,0.0,281.6384713263937,89855.70132926863,1.11145419609236,336.4429136237946,0.0002666839846120978,-0.00025584798880599603,109.14612550021626,6620.308404379938
7.134921874999934,1003.953518361674,108.84165066318552,108.84169291142429,15.205555706924288,-0.3898996854178609,-0.0014287618184524807,1.6418361503945916e-05,5.186790714488932,0.5189999999999962,0.8765681534346484,1.1707577623590442,2.941896089243957,0.32351542083257256,0.0,28.021417137279627,0.5420486890306306,0.0,281.6243021306491,89832.51369419039,1.1112232862461933,336.4343270911734,0.0003181523262811304,-0.0002622039318962767,108.84169291142432,6582.061173174373
7.154921874999934,1006.1273124010405,108.53785997722397,108.53790245018078,15.173538032222295,-0.3918188408521332,-0.0014395869647971583,1.053292876888348e-05,5.186790714488932,0.5189999999999962,0.8765681534346484,1.1707499231725682,2.9418176973791974,0.3226206607754412,0.0,27.855380729079886,0.5419697439274895,0.0,281.6101724693932,89809.39075659493,1.1109929975388757,336.4257645164523,0.00035811142571123047,-0.000289876117624894,108.53790245018084,6544.013320868755
7.174921874999933,1008.295037018529,108.23470789060909,108.23475059587368,15.14169582044433,-0.39374047488901953,-0.001450806714568028,4.22328982901239e-06,5.186790714488932,0.5189999999999962,0.8765681534346484,1.170742391247217,2.9417423781256855,0.32172773056631604,0.0,27.69025418040602,0.5418911792252743,0.0,281.59608225937956,89786.33238025082,1.1107633288039251,336.417225849184,0.0,0.0,108.23475059587375,6506.163593627283
7.194921874999933,1010.4567049511182,107.93219090645368,107.93223385138793,15.11002788179523,-0.395664730774535,-0.0014621768433037321,5.808548323741786e-06,5.186790714488932,0.5189999999999962,0.8765681534346484,1.1707302405592592,2.9416208712461076,0.32083662018731723,0.0,27.526031393275034,0.5418129926910755,0.0,281.5820314178177,89763.33842967308,1.1105342788812698,336.40871103919756,0.0,0.0,107.93223385138798,6468.510748215592
7.214921874999932,1012.6123288660855,107.63030555151865,107.630348743003,15.078533038083421,-0.39759174251262874,-0.0014734340274395739,1.2238662148729858e-05,5.186790714488932,0.5189999999999962,0.8765681534346484,1.1707152765234667,2.9414712308881827,0.3199473196875261,0.0,27.362706309626066,0.5417351821105226,0.0,281.5680198623704,89740.40877011823,1.1103058466172029,336.40022003659647,-0.0004466241197072392,6.724201186314297e-05,107.63034874300305,6431.053551905895
7.234921874999932,1014.7619213614764,107.32904837599169,107.32909182034817,15.047210103983144,-0.39952163166370414,-0.0014843421022475074,1.8109184465459765e-05,5.186790714488932,0.5189999999999962,0.8765681534346484,1.1707006987158404,2.941325452811919,0.3190598191828744,0.0,27.20027291770216,0.5416577452876399,0.0,281.5540475111504,89717.54326757914,1.110078030864341,336.39175279175714,-0.0003960054413967805,9.950124173181745e-05,107.32909182034822,6393.790782389811
7.254921874999932,1016.9054949665789,107.02841595351687,107.02845965618677,15.016057852484137,-0.4014544982047237,-0.0014947056881169523,2.26002429431108e-05,5.186790714488932,0.5189999999999962,0.8765681534346484,1.1706869922329939,2.941188387983454,0.3181741088555274,0.0,27.038725254395626,0.5415806800446596,0.0,281.54011428271724,89694.74178878011,1.1098508304815802,336.38330925532665,-0.00030334358489811245,0.00012629339969176163,107.02845965618684,6356.72122767157
7.274921874999931,1019.0430621423859,106.72840488160482,106.72844884636693,14.985075055382696,-0.4033904189341658,-0.001504376902227677,2.5019178332604372e-05,5.186790714488932,0.5189999999999962,0.8765681534346484,1.1706745668409302,2.941064134062817,0.31729017895376,0.0,26.878057406152262,0.5415039842218807,0.0,281.5262200960745,89672.00420117192,1.1096242443340543,336.37488937822116,-0.00020607710839536125,9.815406621632396e-05,106.72844884636702,6319.843685981953
7.294921874999931,1021.1746352820871,106.42901178170095,106.42905600946624,14.954260529052386,-0.40532941270454687,-0.0015132726434997116,2.528150084721477e-05,5.186790714488932,0.5189999999999962,0.8765681534346484,1.1706634722576827,2.940953188230343,0.31640801979092376,0.0,26.718263522862834,0.5414276556774493,0.0,281.51236487066643,89649.33037292652,1.1093982712930874,336.36649311162387,-8.635462093779781e-05,0.00010303397104677997,106.42905600946631,6283.156965656741
7.31492187499993,1023.3002267115177,106.13023329704464,106.13027778653073,14.923613185065818,-0.4072714436356246,-0.0015213655640593504,2.3463296683248348e-05,5.186790714488932,0.5189999999999962,0.8765681534346484,1.1706536631519526,2.9408550971730416,0.31552762174469384,0.0,26.559337816018928,0.5413516922871644,0.0,281.4985485263751,89626.72017293237,1.1091729102361558,336.3581204069833,3.129056931705558e-05,7.671593395142026e-05,106.13027778653081,6246.659885027641
7.33492187499993,1025.4198486896098,105.8320660938872,105.83211084077149,14.893131962617078,-0.40921641743876086,-0.0015286925019939975,1.9711769473323524e-05,5.186790714488932,0.5189999999999962,0.8765681534346484,1.1706450521225937,2.9407689868794527,0.3146489752561888,0.0,26.401274556142333,0.541276091944277,0.0,281.48477098351754,89604.17347078958,1.1089481600468445,336.3497712160116,0.00011863000358991642,8.335169763269977e-05,105.8321108407716,6210.351272309295
7.354921874999929,1027.5335134088145,105.53450685782342,105.53455185726416,14.86281588895654,-0.4111642016977134,-0.0015353484977168473,1.490793968057388e-05,5.186790714488932,0.5189999999999962,0.8765681534346484,1.1706371172571435,2.94068963822495,0.3137720708290997,0.0,26.244068075234793,0.5412008525592893,0.0,281.4710321628427,89581.6901368054,1.10872401961481,336.34144549068264,0.00018632567797888317,7.151022549573353e-05,105.53455185726425,6174.2299654878425
7.374921874999929,1029.641232995515,105.23755229648106,105.23759754273675,14.83266390664775,-0.4131146505687642,-0.0015414757371004278,9.648855697227724e-06,5.186790714488932,0.5189999999999962,0.8765681534346484,1.1706295047537136,2.9406135131906517,0.3128968990290813,0.0,26.087712747760172,0.5411259720597809,0.0,281.45733198552915,89559.27004198989,1.1085004878357425,336.3331431832307,0.0002223072333897463,-1.6459615518893927e-05,105.23759754273688,6138.294812220993
7.394921874999929,1031.7430195104619,104.9411991389744,104.94124462542314,14.802674949088464,-0.41506760158523115,-0.001547248758053957,6.012336945655093e-06,5.186790714488932,0.5189999999999962,0.8765681534346484,1.170620983901624,2.940528304669755,0.31202345048333746,0.0,25.932202995937917,0.5410514483902509,0.0,281.443670373182,89536.91305805121,1.1082775636113265,336.3248642461483,0.0,0.0,104.94124462542325,6102.544669746614
7.414921874999928,1033.8388849491932,104.64544413512289,104.645489854946,14.772848043342716,-0.41702288392038345,-0.001552848485985793,8.01985700600354e-06,5.186790714488932,0.5189999999999962,0.8765681534346484,1.1706091729185786,2.940410194839301,0.3111517158802952,0.0,25.777533285183914,0.5409772795119705,0.0,281.4300472478302,89514.61905739126,1.1080552458492028,336.3166086321851,0.0,0.0,104.64548985494609,6066.978404795658
7.434921874999928,1035.9288412424478,104.3502840547153,104.35033000219644,14.74318217877194,-0.41898033403379176,-0.0015584672101974382,1.2903433368414408e-05,5.186790714488932,0.5189999999999962,0.8765681534346484,1.1705957105319635,2.9402755709731507,0.3102816859692676,0.0,25.623698123291316,0.5409034634028346,0.0,281.4164625319241,89492.38791310113,1.1078335334629288,336.308376294346,-8.505587947162925e-05,-0.0002448344896622798,104.35033000219653,6031.594893505382
7.454921874999927,1038.0129002565652,104.05571568832487,104.05576185922145,14.713676318883547,-0.42093982060457347,-0.0015642963825090958,1.7450309552255652e-05,5.186790714488932,0.5189999999999962,0.8765681534346484,1.1705824989268512,2.940143454922027,0.30941335156014016,0.0,25.47069205935357,0.5408299980572177,0.0,281.4029161483323,89470.21949895703,1.1076124253719468,336.30016718588934,-7.268783860578371e-05,-0.0002273666622935676,104.05576185922149,5996.3930213342865
7.474921874999927,1040.0910737939048,103.76173584732665,103.76178223905791,14.684329420260482,-0.422901247445618,-0.0015704988807096604,2.1255726899403675e-05,5.186790714488932,0.5189999999999962,0.8765681534346484,1.1705697774938586,2.9400162405921013,0.30854670352289876,0.0,25.31850969348615,0.5407568814858162,0.0,281.3894080203396,89448.11368941564,1.1073919205015401,336.29198126032577,-5.422828847510555e-05,-0.0002459727854457744,103.76178223905796,5961.371682971608
7.4949218749999265,1042.1633735932587,103.46834136357174,103.46838797554071,14.655140452258388,-0.4248645568173377,-0.001577225991241711,2.400950262130608e-05,5.186790714488932,0.5189999999999962,0.8765681534346484,1.1705577296006933,2.939895761660448,0.3076817327870787,0.0,25.16714567185487,0.5406841117154875,0.0,281.3759380716438,89426.07035960989,1.1071720177828006,336.28381847141617,7.012679805377497e-06,-0.00025783789509100643,103.46838797554075,5926.5297822446755
7.514921874999926,1044.2298113302627,103.17552908948126,103.17557592315514,14.626108351654054,-0.4268297337878546,-0.0015846013605136115,2.5355200428375533e-05,5.186790714488932,0.5189999999999962,0.8765681534346484,1.170546566033761,2.939784125991126,0.3068184303413474,0.0,25.01659468667,0.5406116867890991,0.0,281.3625062263533,89404.08938534446,1.1069527161525878,336.27567877317006,6.534407463681674e-05,-0.0002374039824474272,103.1755759231552,5891.866232032244
7.534921874999926,1046.2903986178112,102.8832958985246,102.88334295681793,14.59723209382573,-0.42879680065285075,-0.001592699850307501,2.4888414402179807e-05,5.186790714488932,0.5189999999999962,0.8765681534346484,1.1705365259971292,2.9396837256248074,0.30595678723287256,0.0,24.866851477624678,0.5405396047653636,0.0,281.3491124089842,89382.17064309146,1.106734014553492,336.26756211984446,0.00015576912601914566,-0.00026570708107263717,102.88334295681801,5857.379954170442
7.554921874999925,1048.3451470064651,102.59163868404451,102.59168597165764,14.568510680390446,-0.43076581585003126,-0.0016015380093568046,2.2866762852617593e-05,5.186790714488932,0.5189999999999962,0.8765681534346484,1.1705274566783097,2.9395930324366124,0.3050967945666899,0.0,24.71791084260956,0.540467863718673,0.0,281.335756544458,89360.31400998603,1.1065159119337966,336.25946846594155,0.00019235772546828504,-0.0002872042802273697,102.59168597165771,5823.069879359595
7.574921874999925,1050.394067984856,102.30055435956145,102.30060188268718,14.539943081007886,-0.43273686924808746,-0.0016110861720648223,2.0052262904725988e-05,5.186790714488932,0.5189999999999962,0.8765681534346484,1.170518906575939,2.9395075314129047,0.304238443504749,0.0,24.569767632669322,0.54039646173891,0.0,281.32243855809844,89338.51936382205,1.1062984072474424,336.2513977662077,0.0002059239273927482,-0.00030972472089677895,102.30060188268726,5788.93494705978
7.594921874999924,1052.437172980091,102.01003985913381,102.0100876246565,14.511528333146924,-0.43471007304112375,-0.0016212804139405298,1.6319397710811737e-05,5.186790714488932,0.5189999999999962,0.8765681534346484,1.170510949770857,2.9394279633620854,0.3033817252654947,0.0,24.42241673342536,0.5403253969313034,0.0,281.3091583756294,89316.78658304787,1.1060814994539891,336.2433499756314,0.00021877894621823092,-0.0003842691253043359,102.01008762465659,5754.974105407794
7.614921874999924,1054.4744733581488,101.7200921357998,101.7201401519055,14.483265421090135,-0.43668555824357574,-0.001632023587721918,1.2524078048531048e-05,5.186790714488932,0.5189999999999962,0.8765681534346484,1.1705030791191715,2.9393492568452304,0.302526631123449,0.0,24.27585308268127,0.5402546674162869,0.0,281.295915923172,89295.11554676204,1.1058651875185794,336.2353250494423,0.00014246248517614556,-0.0004285131311518605,101.7201401519056,5721.186311134942
7.6349218749999235,1056.5059804242783,101.43070816358525,101.43075643816114,14.455153318272586,-0.4386634655612954,-0.0016431906013623142,9.92935161201463e-06,5.186790714488932,0.5189999999999962,0.8765681534346484,1.1704945462975693,2.9392639286292086,0.30167315240862735,0.0,24.130071657778384,0.5401842713293432,0.0,281.2827111272422,89273.50613470913,1.1056494704119024,336.2273229431088,-4.226897150456479e-05,-0.0004526130016075361,101.43075643816123,5687.570529479295
7.654921874999923,1058.5317054234035,101.14188493609014,101.1419334764127,14.427191077604174,-0.44064392588862594,-0.0016546394304736715,1.0049582178933434e-05,5.186790714488932,0.5189999999999962,0.8765681534346484,1.1704844541073127,2.9391630067266425,0.3008212805061865,0.0,23.98506747550957,0.5401142068208709,0.0,281.2695439147478,89251.95822727536,1.1054343471101573,336.2193436123372,-0.0002739345699415747,-0.00035235348256713384,101.14193347641279,5654.125734107548
7.674921874999923,1060.55165954051,100.85361946550945,100.85366827870006,14.399377750820001,-0.4426270581937425,-0.0016662216639670255,1.2713450320122798e-05,5.186790714488932,0.5189999999999962,0.8765681534346484,1.1704729036628208,2.939047502281723,0.29997100685581346,0.0,23.840835703611624,0.5400444745698769,0.0,281.25641421298667,89230.47170548458,1.1052198165950171,336.21138701306995,-0.0003689009870897511,-0.00020727623703752226,100.85366827870016,5620.85090702786
7.694921874999922,1062.5658539009805,100.56590877757573,100.56595786963544,14.37171288386348,-0.44461296730724503,-0.0016777864995230624,1.5842408337538853e-05,5.186790714488932,0.5189999999999962,0.8765681534346484,1.1704611257114133,2.938929722767648,0.2991223229324757,0.0,23.69737443847842,0.5399751413119596,0.0,281.2433219496436,89209.04645099457,1.105005877853599,336.203453101484,-0.000347022789915767,-8.473821042287522e-05,100.56595786963555,5587.7450378072235
7.714921874999922,1064.5742995708752,100.27874991808669,100.27879929348634,14.344194906749738,-0.4466017288266457,-0.0016892036486065246,1.8223053999899138e-05,5.186790714488932,0.5189999999999962,0.8765681534346484,1.1704498386249405,2.93881685190292,0.2982752202675043,0.0,23.554675648883617,0.5399061340317843,0.0,281.2302670527893,89187.6823460942,1.1047925298784398,336.1955418339903,-0.0002845904950103195,-7.1405986906095825e-06,100.27879929348641,5554.807124304832
7.734921874999921,1066.577007557441,99.99213995818758,99.99218961923039,14.316822832674795,-0.44859338241516034,-0.0017003760589969356,1.9098882885272685e-05,5.186790714488932,0.5189999999999962,0.8765681534346484,1.170439490174357,2.938713367397084,0.29742969046364987,0.0,23.412734509837108,0.5398374509388889,0.0,281.21724945087664,89166.3792736979,1.1045797716674481,336.18765316723125,-0.00020036919791146195,9.194958519634995e-06,99.99218961923047,5522.03617316735
7.754921874999921,1068.573988809541,99.70607598815502,99.70612593437536,14.289595714586802,-0.4505879161684512,-0.0017112395299813746,1.8350572796655294e-05,5.186790714488932,0.5189999999999962,0.8765681534346484,1.1704301507908095,2.93861997356161,0.2965857251767191,0.0,23.271546244434457,0.5397690902570405,0.0,281.204269072738,89145.13711734113,1.1043676022238635,336.1797870580792,-9.780561948942264e-05,1.9850047033187852e-05,99.70612593437544,5489.431199077264
7.7749218749999205,1070.5652542180358,99.42055511701699,99.42060534478878,14.26251271257513,-0.4525852552125778,-0.0017217562626925744,1.6246222913141586e-05,5.186790714488932,0.5189999999999962,0.8765681534346484,1.170421661465024,2.9385350803037555,0.29574331611508664,0.0,23.131106123313913,0.5397010502240962,0.0,281.19132584758273,89123.95576117639,1.1041560205562224,336.1719434636351,-3.929233596226328e-05,3.89616802762997e-05,99.42060534478887,5456.991224673973
7.79492187499992,1072.5508146161126,99.13557446881892,99.13562497430415,14.235573015776895,-0.45458529502547196,-0.001731920764644207,1.3483237297381295e-05,5.186790714488932,0.5189999999999962,0.8765681534346484,1.170413608899164,2.9384545546451544,0.2949024550385408,0.0,22.99140946187405,0.5396333290918138,0.0,281.17841970499524,89102.83508996961,1.1039450256783274,336.1641223412271,-1.497605277239492e-07,6.528441510222573e-05,99.13562497430425,5424.71528045117
7.81492187499992,1074.530680779626,98.85113118602042,98.85118196477701,14.208775776921467,-0.45658792255727054,-0.0017417508487849777,1.0432089999939768e-05,5.186790714488932,0.5189999999999962,0.8765681534346484,1.1704057734347635,2.93837620000115,0.2940631337584684,0.0,22.85245161131258,0.5395659251257693,0.0,281.1655505749324,89081.77498909656,1.103734616609217,336.15632364840906,3.3654840017123575e-05,6.866986261323074e-05,98.8511819647771,5392.602404704493
7.834921874999919,1076.5048634274524,98.56722242831447,98.56727347589577,14.182120053637355,-0.45859301996744645,-0.0017512816831034294,7.554198008737544e-06,5.186790714488932,0.5189999999999962,0.8765681534346484,1.1703978814921165,2.9382972805746808,0.2932253441373094,0.0,22.71422796075177,0.5394988366052185,0.0,281.15271838772156,89060.77534453914,1.1035247923731337,336.14854734295926,0.0,0.0,98.56727347589586,5360.6516434527775
7.854921874999919,1078.4733732218472,98.28384537414973,98.28389668502933,14.155604957038046,-0.46060046256053344,-0.00176055861281234,6.3772617786634444e-06,5.186790714488932,0.5189999999999962,0.8765681534346484,1.1703890279308302,2.9382087449618175,0.29238907808812054,0.0,22.5767339388686,0.5394320618229672,0.0,281.13992307405795,89039.83604288152,1.1033155519994915,336.1407933828791,0.0,0.0,98.28389668502943,5328.862050364047
7.874921874999918,1080.4362207688118,98.00099721930998,98.00104878707364,14.12922968110548,-0.46261010415579445,-0.0017696279519277972,8.211635020702166e-06,5.186790714488932,0.5189999999999962,0.8765681534346484,1.170378436253814,2.9381028281916564,0.2915543275741363,0.0,22.439965011533406,0.5393655990852433,0.0,281.1271645650027,89018.95697130624,1.1031068945228395,336.13306172639165,0.0,0.0,98.00104878707377,5297.232686682051
7.894921874999918,1082.3934166184295,97.71867517622961,97.71872699433125,14.102993429990548,-0.46462179104225454,-0.0017785580797539371,1.133807999129082e-05,5.186790714488932,0.5189999999999962,0.8765681534346484,1.170367124561164,2.937989711265155,0.2907210846084272,0.0,22.3039166791452,0.5392994467115764,0.0,281.1144427919802,88998.13801759065,1.102898818982836,336.12535233194,3.7662455736759264e-05,-0.00010117138434414887,97.71872699433133,5265.7626211570905
7.9149218749999175,1084.3449712651884,97.43687647278622,97.43692853641836,14.07689536983913,-0.46663538438151503,-0.0017874183582355012,1.4358565933840108e-05,5.186790714488932,0.5189999999999962,0.8765681534346484,1.170355920687322,2.937877672526735,0.2898893412536408,0.0,22.168584478090015,0.539233603034687,0.0,281.10175768677624,88977.37907010347,1.1026913244242151,336.1176651581864,5.952901779532128e-05,-0.00012996596891238032,97.43692853641848,5234.450929980407
7.934921874999917,1086.2908951483064,97.1555983545144,97.15565066012115,14.050934664995536,-0.4686507809789616,-0.001796282593894563,1.672584155452167e-05,5.186790714488932,0.5189999999999962,0.8765681534346484,1.1703451485397187,2.9377699510507025,0.2890590896215895,0.0,22.033963981862545,0.539168066400362,0.0,281.089109181536,88956.68001780138,1.1024844098967603,336.1100001640108,8.71030035126039e-05,-0.00014535974123313584,97.15565066012125,5203.296696713626
7.954921874999917,1088.2311986520779,96.87483808328916,96.87489062927862,14.025110463784637,-0.47066790705360306,-0.001805230258836462,1.8281332184585042e-05,5.186790714488932,0.5189999999999962,0.8765681534346484,1.1703349018044271,2.9376674836977865,0.28823032187291964,0.0,21.900050802527396,0.5391028351673396,0.0,281.07649720876145,88936.04075022522,1.1022780744552707,336.10235730850945,0.0001334493781592992,-0.00014861576060533897,96.87489062927872,5172.299012221758
7.974921874999916,1090.1658921062049,96.5945929381422,96.59464572459785,13.999421918060357,-0.4726867261561188,-0.0018143333446171805,1.8902632497070245e-05,5.186790714488932,0.5189999999999962,0.8765681534346484,1.1703252527477297,2.9375709931308123,0.2874030302165776,0.0,21.766840589720747,0.5390379077071783,0.0,281.06392170130965,88915.46115749657,1.1020723171595315,336.0947365509936,0.00016473416249507703,-0.000153681309299535,96.59464572459791,5141.456974599517
7.994921874999916,1092.0949857861417,96.31486021500908,96.3149132435148,13.973868140184443,-0.47470722979468477,-0.0018236491997538073,1.8908645879458236e-05,5.186790714488932,0.5189999999999962,0.8765681534346484,1.1703160122424425,2.9374785880779406,0.28657720690941235,0.0,21.634329034200526,0.5389732824041383,0.0,281.05138259239004,88894.94113031407,1.101867137074283,336.08713785098837,0.00018543201668059044,-0.0001439489424928064,96.31491324351488,5110.769689103251
8.014921874999915,1094.0184899134345,96.0356372272701,96.03569049998636,13.948448307336372,-0.47672943136582735,-0.0018332125051779456,1.8241675073444828e-05,5.186790714488932,0.5189999999999962,0.8765681534346484,1.170307214228039,2.937390607933906,0.28575284425557174,0.0,21.502511860429095,0.5389089576550471,0.0,281.03887981556267,88874.48055994975,1.101662533269189,336.07956116823095,0.0002273897439020203,-0.00016160797822847245,96.03569049998639,5080.2362680761335
8.034921874999915,1095.936414656054,95.75692130397897,95.75697482442769,13.923161665943706,-0.47875336179054245,-0.0018430415300330618,1.6404709947496615e-05,5.186790714488932,0.5189999999999962,0.8765681534346484,1.1702991529014692,2.9373099946682077,0.28492993460633326,0.0,21.37138482607393,0.5388449318692008,0.0,281.0264133047356,88854.07933824554,1.1014585048188061,336.07200646266983,0.00028544589311460625,-0.00018328845594737104,95.75697482442773,5049.855830889547
8.054921874999915,1097.8487701287097,95.47870978971925,95.47876356355171,13.89800740861248,-0.48077908312394024,-0.001853134659635076,1.3226440570733909e-05,5.186790714488932,0.5189999999999962,0.8765681534346484,1.170291929546574,2.9372377611192544,0.28410847035964126,0.0,21.240943729084556,0.5387812034682432,0.0,281.01398299416337,88833.73735760996,1.1012550508025554,336.064473694463,0.0003327257978438979,-0.0002096393252016866,95.47876356355178,5019.62750387452
8.074921874999914,1099.7555663931682,95.20100004602958,95.20105408015961,13.872984653763703,-0.48280669220765887,-0.0018634736036818,9.752670551045517e-06,5.186790714488932,0.5189999999999962,0.8765681534346484,1.170284924427819,2.937167709931706,0.28328844395949876,0.0,21.11118441025692,0.5387177708860347,0.0,281.00158881844436,88813.45451101463,1.1010521703046934,336.0569628239773,0.0,0.0,95.20105408015965,4989.550420248764
8.094921874999914,1101.6568134585975,94.92378945128641,94.92384375298633,13.848092592621454,-0.4848362984006699,-0.0018740253769560992,6.5037210130311505e-06,5.186790714488932,0.5189999999999962,0.8765681534346484,1.1702778291087452,2.9370967567409676,0.2824698478955244,0.0,20.98210273788441,0.5386546325685352,0.0,280.9892307125191,88793.23069199068,1.10084986241428,336.0494738117866,0.0,0.0,94.92384375298636,4959.62372005016
8.114921874999913,1103.5525212818964,94.64707540024068,94.64712997662383,13.82333035417279,-0.48686801163345433,-0.0018847503860769483,4.666395640236965e-06,5.186790714488932,0.5189999999999962,0.8765681534346484,1.1702699402196293,2.937017867849808,0.2816526747027382,0.0,20.853694612953113,0.5385917869737052,0.0,280.9769086116676,88773.06579462529,1.1006481262251497,336.0420066186706,0.0,0.0,94.64712997662383,4929.846550078954
8.134921874999913,1105.4426997680252,94.37085530406438,94.37091016141383,13.798697197462067,-0.4889019295181144,-0.0018956065411020347,5.219449451648511e-06,5.186790714488932,0.5189999999999962,0.8765681534346484,1.1702606777202542,2.9369252428560575,0.28083691696125845,0.0,20.725955967968773,0.538529232571402,0.0,280.9646224515078,88752.95971355803,1.1004469608358785,336.0345612056137,0.0,0.0,94.37091016141386,4900.218063837272
8.154921874999912,1107.3273587703125,94.09512658839257,94.09518173331739,13.774192385464502,-0.49093814396208696,-0.001906545260201726,7.96933548823352e-06,5.186790714488932,0.5189999999999962,0.8765681534346484,1.1702501559455163,2.9368200251086782,0.28002256729592745,0.0,20.59888277147681,0.5384669678432701,0.0,280.95237216799296,88732.91234397773,1.100246365349758,336.02713753380374,0.0,0.0,94.09518173331743,4870.737421466747
8.174921874999912,1109.2065080907573,93.81988669483592,93.81994213377722,13.74981505009502,-0.4929767484414406,-0.0019175170460677725,1.0850542234439006e-05,5.186790714488932,0.5189999999999962,0.8765681534346484,1.1702395983297726,2.936714448951242,0.2792096183759176,0.0,20.472471021634213,0.5384049912826313,0.0,280.94015769741003,88712.92358161925,1.1000463388747679,336.0197355646305,-0.0003644537896413863,-8.456552498393386e-05,93.81994213377723,4841.403789685999
8.194921874999912,1111.0801574803545,93.54513308138773,93.54518881963189,13.725564414317564,-0.4950178239346657,-0.001928470294115169,1.3334607805044936e-05,5.186790714488932,0.5189999999999962,0.8765681534346484,1.1702293177317924,2.9366116429714393,0.2783980629144905,0.0,20.346716749840677,0.5383433013943877,0.0,280.9279789763777,88692.99332275992,1.0998468805235446,336.0123552596849,-0.0003301571398378477,-4.796847782760186e-05,93.54518881963189,4812.216341733996
8.214921874999911,1112.9483166394164,93.27086322163298,93.27091926297508,13.701439681644525,-0.49706142441910495,-0.0019393459878366715,1.5103707020667677e-05,5.186790714488932,0.5189999999999962,0.8765681534346484,1.1702195022224025,2.93651348787754,0.2775878936685925,0.0,20.221616019521964,0.538281896694913,0.0,280.9158359418438,88673.12146421625,1.0996479894133528,336.00499658075734,-0.00029029532465434126,-2.0458133497180405e-05,93.27091926297506,4783.174257308237
8.23492187499991,1114.8109952178806,92.99707460424901,92.99713095101951,13.67744010792454,-0.49910757378963133,-0.0019500828342336482,1.5990688732666152e-05,5.186790714488932,0.5189999999999962,0.8765681534346484,1.1702102505994887,2.936420971648402,0.27677910343846446,0.0,20.09716492709541,0.5382207757119459,0.0,280.90372853108374,88653.30790334055,1.0994496646660576,335.9976594898368,-0.00022577870932498755,2.821582425103559e-05,92.9971309510195,4754.276722504019
8.25492187499991,1116.668202815605,92.72376473302111,92.72382138598704,13.65356493249492,-0.5011562724447067,-0.001960633931027757,1.5805356192590616e-05,5.186790714488932,0.5189999999999962,0.8765681534346484,1.1702016753423428,2.936335219076943,0.2759716850673287,0.0,19.973359601552236,0.5381599369844895,0.0,280.8916566816985,88633.55253801786,1.0992519054080951,335.9903439491093,-0.00017470241509842508,3.288425038159711e-05,92.72382138598704,4725.522929756886
8.27492187499991,1118.519948982677,92.45093112677966,92.450988084947,13.629813420629118,-0.5032074869833771,-0.001970969743734033,1.4755731446557235e-05,5.186790714488932,0.5189999999999962,0.8765681534346484,1.1701936530057946,2.936254995711461,0.27516563144092193,0.0,19.850196207321478,0.5380993790627012,0.0,280.87962033161256,88613.8552666626,1.0990547107704476,335.9830499209572,-0.00013264809998926556,2.857537510404329e-05,92.45098808494699,4696.912077780381
8.29492187499991,1120.3662432197034,92.17857131849009,92.17862857965926,13.606184876903624,-0.5052611574353776,-0.0019810646979305075,1.3272945329825098e-05,5.186790714488932,0.5189999999999962,0.8765681534346484,1.1701859279755151,2.9361777454086666,0.27436093548704277,0.0,19.727670942094278,0.5380391005077831,0.0,280.8676194190719,88594.21598821558,1.0988580798886143,335.97577736795756,-8.319651960171512e-05,2.496361610600365e-05,92.17862857965925,4668.443371504833
8.314921874999909,1122.2070949781023,91.90668285651508,91.90674041649606,13.582678603543753,-0.5073171968282072,-0.001990903179261435,1.152724011844718e-05,5.186790714488932,0.5189999999999962,0.8765681534346484,1.1701783991712618,2.936102457366133,0.2735575901753322,0.0,19.605780032798126,0.5379790998918932,0.0,280.8556538826423,88574.63460214078,1.0986620119025863,335.96852625288125,-4.1648260775582075e-05,6.0909588410862626e-05,91.90674041649604,4640.11602202469
8.334921874999909,1124.042513660379,91.63526330132291,91.63532115623127,13.559293908406879,-0.5093755051715352,-0.0020004782590916075,9.483076037295408e-06,5.186790714488932,0.5189999999999962,0.8765681534346484,1.170171087460538,2.9360293402588953,0.27275558851666076,0.0,19.48451973596565,0.5379193757980246,0.0,280.8437236612075,88555.1110084225,1.0984665059568204,335.9612965386917,0.0,0.0,91.63532115623124,4611.929246532958
8.354921874999908,1125.8725086204006,91.36431022786762,91.36436837406467,13.536030087019485,-0.5114359820131977,-0.0020097973004435886,7.378016201936538e-06,5.186790714488932,0.5189999999999962,0.8765681534346484,1.1701638518867807,2.9359569845213227,0.2719549235632135,0.0,19.363886339652634,0.5378599268199413,0.0,280.8318286939674,88535.64510756239,1.0982715612002156,335.95408818854423,0.0,0.0,91.36436837406463,4583.882268279879
8.374921874999908,1127.6970891636681,91.09382122530558,91.0938796594589,13.512886446077712,-0.513498539097815,-0.0020189051443466693,6.168684796984118e-06,5.186790714488932,0.5189999999999962,0.8765681534346484,1.1701561254257848,2.9358797199113638,0.27115558840801907,0.0,19.24387616299708,0.5378007515620704,0.0,280.8199689204361,88516.23680057662,1.0980771767860875,335.9469011657843,0.0,0.0,91.09387965945888,4555.97431651313
8.394921874999907,1129.5162645476178,90.82379389785217,90.82385261596635,13.489862314083334,-0.5155630846618784,-0.002027868024757188,6.7174163611041425e-06,5.186790714488932,0.5189999999999962,0.8765681534346484,1.1701473969553202,2.9357924352067175,0.2703575761844472,0.0,19.124485553556955,0.5377418486393943,0.0,280.80814428044044,88496.8859889926,1.0978833518721403,335.9397354339469,0.0,0.0,90.82385261596635,4528.204626417539
8.414921874999907,1131.3300439818968,90.55422586226746,90.5542848611713,13.46695699875497,-0.5176295281963278,-0.0020367660053678995,9.001534816428244e-06,5.186790714488932,0.5189999999999962,0.8765681534346484,1.1701376796367264,2.9356952620207797,0.26956088006604983,0.0,19.00571088871464,0.537683216677369,0.0,280.7963547141176,88477.59257484607,1.0976900856204421,335.9325909567553,0.0,0.0,90.5542848611713,4500.5724390669
8.434921874999906,1133.1384366286286,90.28511474939259,90.28517402658066,13.444169844310759,-0.5196977931102055,-0.0020456820147750155,1.1559680843378285e-05,5.186790714488932,0.5189999999999962,0.8765681534346484,1.1701278391273706,2.9355968569272215,0.26876549326624916,0.0,18.887548571805418,0.5376248543118312,0.0,280.7846001619139,88458.3564606783,1.097497377197401,335.92546769811986,8.0361850594261e-05,-0.00020265481990490826,90.28517402658063,4473.07700137107
8.454921874999906,1134.941451602684,90.01645820332446,90.01651775754333,13.421500158400274,-0.5217678218176077,-0.0020546995100662858,1.3846266105165793e-05,5.186790714488932,0.5189999999999962,0.8765681534346484,1.1701181985032016,2.935500450685532,0.26797140903811073,0.0,18.7699950354967,0.5375667601889133,0.0,280.7728805645825,88439.1775495332,1.09730522577374,335.918365622137,8.053126900084316e-05,-0.00021242580802066082,90.01651775754331,4445.717566026334
8.474921874999906,1136.739097971957,89.74825388195451,89.74831371313097,13.398947226700002,-0.5238395761909745,-0.0020638952373171413,1.575740550812318e-05,5.186790714488932,0.5189999999999962,0.8765681534346484,1.170108819100924,2.9354066566627544,0.26717862067400067,0.0,18.65304674211997,0.5375089329649498,0.0,280.76119586318225,88420.05574495437,1.0971136305244722,335.9112846930884,8.118554474961268e-05,-0.0002087410851229406,89.74831371313091,4418.493391462384
8.494921874999905,1138.53138475764,89.48049945743631,89.48055956600884,13.376510367004167,-0.5259130345375616,-0.0020733344811745937,1.7173114729436556e-05,5.186790714488932,0.5189999999999962,0.8765681534346484,1.1700997718008241,2.9353161836617567,0.26638712150521493,0.0,18.536700182297157,0.5374513713063829,0.0,280.74954599907534,88400.99095098217,1.096922590628875,335.9042248754397,9.748026637778109e-05,-0.00021682820044819466,89.4805595660088,4391.403741788827
8.514921874999905,1140.3183209345011,89.21319261517128,89.21325300233555,13.354188915927873,-0.5279881859829608,-0.0020830676252209844,1.793954998276386e-05,5.186790714488932,0.5189999999999962,0.8765681534346484,1.1700911475890945,2.9352299415444603,0.2655969049016929,0.0,18.420951874702915,0.537394073889675,0.0,280.7379309139257,88381.9830721508,1.0967321052704662,335.897186133839,0.00013594237773706418,-0.0002237500396176184,89.21325300233548,4364.447886744957
8.534921874999904,1142.09991543115,88.94633105392256,88.94639172166706,13.331982203030561,-0.5300650338569394,-0.002093131453488672,1.7922838926781605e-05,5.186790714488932,0.5189999999999962,0.8765681534346484,1.170083025579961,2.9351487214531256,0.2648079642717445,0.0,18.30579836641833,0.5373370394012222,0.0,280.7263505496975,88363.03201348546,1.0965421736369767,335.8901684331167,0.00015861501753343092,-0.0002319499551567067,88.94639172166701,4337.625101650453
8.554921874999904,1143.8761771303057,88.67991248567563,88.67997343681576,13.30988956535859,-0.5321435934820974,-0.0021035414455803387,1.7153042444454994e-05,5.186790714488932,0.5189999999999962,0.8765681534346484,1.170075387779982,2.9350723434533363,0.2640202930616426,0.0,18.19123623393361,0.5372802665372607,0.0,280.714804848653,88344.13768049945,1.0963527949203289,335.88317173828375,0.00018667712450923455,-0.00023376971461140848,88.6799734368157,4310.934667352057
8.574921874999903,1145.647114869058,88.41393463566818,88.4139958737429,13.287910340605018,-0.5342238940813484,-0.0021142984477706597,1.571743374778063e-05,5.186790714488932,0.5189999999999962,0.8765681534346484,1.1700681823047614,2.9350002887011293,0.26323388475531584,0.0,18.077262082129305,0.5372237540037783,0.0,280.7032937533511,88325.29997919149,1.096163968316612,335.87619601453076,0.00019590403462303634,-0.0002518668248773386,88.41399587374286,4284.375870174067
8.594921874999903,1147.4127374391362,88.1483952423327,88.14845677144295,13.266043882473134,-0.5363059737857392,-0.0021253870256359585,1.371688917720976e-05,5.186790714488932,0.5189999999999962,0.8765681534346484,1.1700613492089562,2.9349319577430775,0.2624487328740157,0.0,17.963872543463665,0.5371675005164278,0.0,280.69181720664557,88306.51881604278,1.0959756930260567,335.86924122722723,0.00021785025158020687,-0.0002830143123603037,88.14845677144291,4257.94800186841
8.614921874999903,1149.1730535871625,87.8832920569013,87.88335388183998,13.244289529888574,-0.5383898836830919,-0.0021367782402477212,1.0983500259306781e-05,5.186790714488932,0.5189999999999962,0.8765681534346484,1.170054987803259,2.9348683436861043,0.2616648309760209,0.0,17.851064276297432,0.5371115048004418,0.0,280.6803751516834,88287.79409801432,1.095787968253012,335.86230734192014,0.0,0.0,87.88335388183991,4231.650359566383
8.634921874999902,1150.9280720149202,87.61862284399702,87.61868496968306,13.22264664111358,-0.540475679273398,-0.0021484219844621504,7.636594332108306e-06,5.186790714488932,0.5189999999999962,0.8765681534346484,1.1700490272236685,2.934808737890201,0.2608821726563375,0.0,17.738833967607327,0.5370557655905488,0.0,280.668967531903,88269.12573254408,1.095600793205922,335.85539432433325,0.0,0.0,87.61868496968302,4205.482245730708
8.654921874999902,1152.677801379608,87.35438538055537,87.35444781241355,13.201114595360213,-0.5425634207687201,-0.002160248990119239,4.851626782259118e-06,5.186790714488932,0.5189999999999962,0.8765681534346484,1.1700427707663328,2.934746173316843,0.26010075154631557,0.0,17.62717833225688,0.5370002816308834,0.0,280.6575942910325,88250.5136275443,1.095414167097301,335.8485021403657,0.0,0.0,87.3544478124135,4179.442968105286
8.674921874999901,1154.422250294094,87.09057745656902,87.09064020008246,13.179692731688387,-0.5446531722913253,-0.002172188155873375,4.568852515570896e-06,5.186790714488932,0.5189999999999962,0.8765681534346484,1.1700350684162402,2.934669149815917,0.25932056131341524,0.0,17.516094108001923,0.5369450516749092,0.0,280.64625537308837,88231.95769139871,1.0952280891437116,335.84163075609155,0.0,0.0,87.0906402000824,4153.5318396702605
8.6949218749999,1156.1614273271703,86.82719687450528,86.8272599352742,13.158380431021643,-0.5467449995492317,-0.002184171257281535,7.039517363026282e-06,5.186790714488932,0.5189999999999962,0.8765681534346484,1.1700257710959527,2.9345761766130427,0.2585415956609912,0.0,17.405578057567272,0.5368900744853417,0.0,280.6349507223734,88213.45783295996,1.0950425585657402,335.8347801377583,0.0,0.0,86.82725993527418,4127.74817859801
8.7149218749999,1157.8953410038098,86.56424144977738,86.56430483301364,13.137177025835246,-0.5488389626151177,-0.0021961307525571695,9.93846013163178e-06,5.186790714488932,0.5189999999999962,0.8765681534346484,1.1700162564429308,2.9344810300828237,0.2577638483280271,0.0,17.29562696760812,0.5368353488340698,0.0,280.6236802834752,88195.01396154678,1.0948575745879743,335.827950251786,0.0,0.0,86.5643048330136,4102.091308207939
8.7349218749999,1159.6239998054182,86.30170901060319,86.30177272068256,13.116081885801867,-0.5509351142888331,-0.002208002777014354,1.2582846155201249e-05,5.186790714488932,0.5189999999999962,0.8765681534346484,1.170006928937561,2.934387755029125,0.25698731308889927,0.0,17.186237650402198,0.5367808735020796,0.0,280.61244400126475,88176.62598694129,1.0946731364389783,335.82114106476644,-0.0003353008649451503,4.609086181964835e-05,86.30177272068254,4076.560556922571
8.7549218749999,1161.3474121700924,86.0395973975334,86.03966143791695,13.095094397458412,-0.553033488766707,-0.002219727670825868,1.4547082605322918e-05,5.186790714488932,0.5189999999999962,0.8765681534346484,1.1699980405744166,2.934298871397681,0.2562119837530811,0.0,17.077406942383114,0.5367266472793741,0.0,280.60124182089436,88158.29381938634,1.0944892433512712,335.81435254346195,-0.0002950627306522922,7.918615601511349e-05,86.03966143791692,4051.1552582221493
8.7749218749999,1163.0655864928613,85.77790446323378,85.7779688365153,13.074213962611532,-0.5551341056842638,-0.0022312580199656553,1.5779450244082644e-05,5.186790714488932,0.5189999999999962,0.8765681534346484,1.1699896218327905,2.9342146839814207,0.255437854164882,0.0,16.969131706259184,0.5366726689648966,0.0,280.5900736877964,88140.0173695829,1.0943058945613033,335.8075846548046,-0.0002454187822970308,0.00011523534043667714,85.77796883651526,4025.8747506007358
8.794921874999899,1164.7785311259283,85.51662807246498,85.51669278033805,13.05343996957544,-0.5572369693290248,-0.002242564680562506,1.61482186380458e-05,5.186790714488932,0.5189999999999962,0.8765681534346484,1.1699817506060082,2.934135971713597,0.2546649182031593,0.0,16.86140882953649,0.5366189373664529,0.0,280.57893954768144,88121.79654868746,1.0941230893094356,335.80083736589495,-0.00020930757574931503,0.00011547749079328299,85.51669278033803,4000.718377521825
8.814921874999898,1166.4862543789106,85.25576610191436,85.25583114518227,13.032771822553634,-0.5593420701878653,-0.00225363231160591,1.592409925965009e-05,5.186790714488932,0.5189999999999962,0.8765681534346484,1.1699742662941524,2.934061128595039,0.25389316978095494,0.0,16.754235227077917,0.5365654513006282,0.0,280.5678393465371,88103.6312683095,1.093940826839915,335.7941106440015,-0.00018202374478088105,0.00011277441190420145,85.25583114518224,3975.6854873720295
8.834921874999898,1168.188764519078,84.99531644009691,84.99538181868229,13.012208967335525,-0.5614493836723298,-0.002264450064224022,1.5305023212141332e-05,5.186790714488932,0.5189999999999962,0.8765681534346484,1.1699670514497578,2.933988980151093,0.25312260284521204,0.0,16.64760783803808,0.5365122095927108,0.0,280.55677303062595,88085.52144050898,1.0937591064008558,335.78740445655933,-0.00013810564814514885,0.0001371704467634234,84.99538181868225,3950.775433417659
8.854921874999897,1169.886069771583,84.73527698671113,84.73534270023504,12.991750816481373,-0.5635588752293449,-0.002275016217640638,1.377351819344036e-05,5.186790714488932,0.5189999999999962,0.8765681534346484,1.169960412558437,2.933922591237886,0.25235321137656225,0.0,16.541523622255383,0.5364592110766218,0.0,280.5457405464847,88067.46697779385,1.0935779272442168,335.78071877116975,-8.918389890242356e-05,0.00015823187422914453,84.735342700235,3925.9875737639254
8.874921874999897,1171.578178319691,84.47564565337193,84.47571170090862,12.971396781462,-0.5656705042535287,-0.002285349819421668,1.1525410026259433e-05,5.186790714488932,0.5189999999999962,0.8765681534346484,1.1699542334145079,2.933860799798594,0.2515849893890647,0.0,16.435979567831673,0.5364064545948408,0.0,280.534741840922,88049.46779311763,1.0933972886257801,335.7740535555987,0.0,0.0,84.47571170090855,3901.321271312955
8.894921874999897,1173.2650983050187,84.21642036359128,84.2164867433251,12.951146253623387,-0.5677842188765275,-0.0022954844681295126,8.394843946729446e-06,5.186790714488932,0.5189999999999962,0.8765681534346484,1.1699486121787042,2.933804587440557,0.25081793092986776,0.0,16.330972685434013,0.5363539389983278,0.0,280.5237768610174,88031.52379987684,1.093217189805131,335.76740877777655,0.0,0.0,84.21648674332504,3876.7758937198014
8.914921874999896,1174.9468378277693,83.95759905242505,83.95766576156045,12.930998724523347,-0.5698999523346827,-0.0023054661029065487,4.897497347488281e-06,5.186790714488932,0.5189999999999962,0.8765681534346484,1.1699432430869474,2.9337508965229895,0.25005203007892124,0.0,16.226500011509927,0.5363016631464497,0.0,280.51284555411945,88013.63491190854,1.0930376300456346,335.76078440579636,0.0,0.0,83.95766576156038,3852.350813350399
8.934921874999896,1176.6234049469417,83.69917966406,83.6992467001203,12.910953757044195,-0.5720176327949947,-0.0023153495593878724,1.6177199119893992e-06,5.186790714488932,0.5189999999999962,0.8765681534346484,1.1699377796371218,2.933696262024733,0.24928728094593625,0.0,16.122559109452894,0.5362496427436696,0.0,280.5019478678449,87995.8010434881,1.0928586086144172,335.75418040791396,0.0,0.0,83.69924670012021,3828.0454071554095
8.954921874999895,1178.294807680528,83.44116015423106,83.44122751462261,12.891010657214402,-0.5741371909918227,-0.0023251922441761435,2.9840296155886613e-06,5.186790714488932,0.5189999999999962,0.8765681534346484,1.1699295970595764,2.9336144362492798,0.24852367767242894,0.0,16.01914658153489,0.5361978610308479,0.0,280.49108375007654,87978.02210932704,1.0926801247823499,335.74759675254643,0.0,0.0,83.4412275146225,3803.8590567016845
8.974921874999895,1179.9610540057633,83.18353849124887,83.18360617303156,12.87116886972224,-0.5762585549418789,-0.002335050282761235,6.745273597575626e-06,5.186790714488932,0.5189999999999962,0.8765681534346484,1.169920029328682,2.9335187589403353,0.24776121443540586,0.0,15.916259492836458,0.5361463156631627,0.0,280.4802531489625,87960.29802457047,1.0925021778240243,335.7410334082713,0.0,0.0,83.18360617303146,3779.7911482527875
8.994921874999894,1181.6221518593568,82.9263126542392,82.92638065446369,12.8514278773001,-0.578381650790695,-0.0023449779136900917,1.0339730962663223e-05,5.186790714488932,0.5189999999999962,0.8765681534346484,1.1699105944528236,2.9334244101817517,0.2469998854438178,0.0,15.813894966881723,0.5360950055330622,0.0,280.4694560129142,87942.62870479452,1.0923247670177307,335.734490343826,0.0,0.0,82.92638065446357,3755.84107262758
9.014921874999894,1183.2781091377067,82.66948063269933,82.66954894910917,12.83178715596815,-0.5805064085299674,-0.0023550296182059823,1.3316911900793315e-05,5.186790714488932,0.5189999999999962,0.8765681534346484,1.169901559289838,2.933334058551896,0.2462396849383366,0.0,15.71205014794187,0.5360439295410617,0.0,280.45869229060486,87925.0140660042,1.0921478916454412,335.72796752810655,7.956508366033706e-05,-0.00017123064466843395,82.66954894910906,3732.008225161859
9.034921874999894,1184.928933697106,82.41304042690197,82.41310905815143,12.812246144185865,-0.5826327738241521,-0.0023652482820687806,1.558993353908134e-05,5.186790714488932,0.5189999999999962,0.8765681534346484,1.169892975167926,2.9332482173327743,0.24548060719112477,0.0,15.610722202860403,0.535993086595677,0.0,280.4479619309688,87907.45402463102,1.0919715509927872,335.7214649301671,9.963034029945098e-05,-0.00014907105793784766,82.41310905815132,3708.292005670104
9.054921874999893,1186.574633353968,82.15699004855948,82.15705899365959,12.79280429397953,-0.5847607022496296,-0.002375664809037019,1.726446632459643e-05,5.186790714488932,0.5189999999999962,0.8765681534346484,1.16988477927996,2.9331662584531157,0.24472264650552553,0.0,15.509908321739621,0.5359424756133528,0.0,280.4372648831992,87889.94849753077,1.0917957443490423,335.7149825192187,0.0001353542607396643,-0.00014574798914502625,82.15705899365945,3684.691818405157
9.074921874999893,1188.215215885045,81.90132751962494,81.9013967785185,12.773461088395173,-0.5868901582738782,-0.00238629814359977,1.829696344481397e-05,5.186790714488932,0.5189999999999962,0.8765681534346484,1.169876997297624,2.933088438629755,0.2439657972158646,0.0,15.409605716223066,0.5358920955183986,0.0,280.42660109674716,87872.49740198109,1.0916204710070994,335.70852026462876,0.00014879233987279432,-0.00016504986826552972,81.90139677851839,3661.207072021612
9.094921874999892,1189.8506890276349,81.64605087292259,81.64612044631814,12.754215988659277,-0.5890211208212935,-0.002397164029454847,1.8704329050191685e-05,5.186790714488932,0.5189999999999962,0.8765681534346484,1.1698696190323365,2.933014655976881,0.24321005368712928,0.0,15.30981162022128,0.5358419452429176,0.0,280.41597052132033,87855.10065567933,1.0914457302634542,335.70207813592015,0.00020256752103988524,-0.0001747318151232142,81.64612044631801,3637.83717953587
9.114921874999892,1191.481060479796,81.39115815148514,81.39122804131124,12.735068495852378,-0.5911535832877117,-0.002408270982285368,1.8017358730021695e-05,5.186790714488932,0.5189999999999962,0.8765681534346484,1.1698629224187327,2.932947689840842,0.24245541031485368,0.0,15.210523286667602,0.5357920237267497,0.0,280.4053731068813,87837.75817674019,1.0912715214181836,335.69565610277004,0.00024851874429648207,-0.00018464368644907801,81.39122804131112,3614.581558292666
9.134921874999892,1193.1063379005518,81.13664740895685,81.13671761829329,12.716018052930044,-0.5932875581253958,-0.00241961660727338,1.6708581082148683e-05,5.186790714488932,0.5189999999999962,0.8765681534346484,1.1698566272694546,2.9328847383480614,0.24170186152476925,0.0,15.111737995737498,0.535742329917399,0.0,280.3948088036464,87820.46988369363,1.0910978437749292,335.6892541350097,0.000262470533103142,-0.00020904768237313233,81.13671761829319,3591.439629924925
9.154921874999891,1194.7265289101074,80.88251670980384,80.88258724249143,12.697064127795299,-0.5954230717538052,-0.002431192656622611,1.4955696507254876e-05,5.186790714488932,0.5189999999999962,0.8765681534346484,1.169850628110145,2.932824746754966,0.2409494017724843,0.0,15.013453046986172,0.5356928627699645,0.0,280.38427756208426,87803.2356954825,1.0909246966408748,335.68287220262306,0.0002886854478216975,-0.0002248759833985542,80.88258724249133,3568.410820314806
9.17492187499989,1196.3416410900634,80.62876412902628,80.6288349895076,12.678206209141281,-0.5975601600585629,-0.0024429844955555827,1.2620210320552301e-05,5.186790714488932,0.5189999999999962,0.8765681534346484,1.1698450069059914,2.932768534713429,0.24019802554332378,0.0,14.915665759357756,0.5356436212470812,0.0,280.3737793329146,87786.05553146031,1.0907520793267291,335.67651027574624,0.00029738088440697433,-0.0002545136432165432,80.62883498950748,3545.494559559883
9.19492187499989,1197.9516819836213,80.37538775176532,80.37545894524332,12.65944378359744,-0.599698868792299,-0.0024549710865773493,9.8023254350477e-06,5.186790714488932,0.5189999999999962,0.8765681534346484,1.1698397041030597,2.9327155066841124,0.2394477273521147,0.0,14.818373473769364,0.5355946043188591,0.0,280.36331406710644,87768.929311389,1.0905799911467053,335.6701683246665,0.0,0.0,80.3754589452432,3522.6902819379684
9.21492187499989,1199.5566590957887,80.1223856735019,80.12245720579757,12.640776334179376,-0.6018392536847512,-0.002467122746706018,6.887802860409466e-06,5.186790714488932,0.5189999999999962,0.8765681534346484,1.169834490935988,2.9326633750133944,0.238698501742891,0.0,14.721573552007747,0.535545810962816,0.0,280.35288171587734,87751.85695543683,1.0904084314185036,335.6638463198217,0.0,0.0,80.12245720579746,3499.997425869895
9.23492187499989,1201.156579893587,79.86975600006883,79.86982787739373,12.622203335744812,-0.6039813768600688,-0.0024794065416767477,5.001665264082634e-06,5.186790714488932,0.5189999999999962,0.8765681534346484,1.1698287004285557,2.9326054699390722,0.23795034328868517,0.0,14.625263375809931,0.5354972401638181,0.0,280.34248223069164,87734.83838417608,1.0902373994632912,335.65754423179914,0.0,0.0,79.86982787739363,3477.415433885154
9.254921874999889,1202.7514518062578,79.61749684773824,79.61756907631529,12.603724261512443,-0.6061253029002714,-0.0024917880818654528,5.25721752111249e-06,5.186790714488932,0.5189999999999962,0.8765681534346484,1.1698216724771295,2.9325351904248107,0.23720324659134565,0.0,14.529440345032533,0.5354488909140216,0.0,280.3321155632593,87717.8735185809,1.090066894605683,335.65126203133514,0.0,0.0,79.61756907631516,3454.943752588591
9.274921874999889,1204.341282225473,79.36560634308698,79.36567892883285,12.58533860919155,-0.6082710924202738,-0.002504229987286221,7.37803124963855e-06,5.186790714488932,0.5189999999999962,0.8765681534346484,1.169813570804131,2.932454173694826,0.23645720628132913,0.0,14.434101879479094,0.5354007622128135,0.0,280.3217816655344,87700.96228002512,1.0898969161737242,335.64499968931386,0.0,0.0,79.36567892883274,3432.5818326266335
9.294921874999888,1205.9260785055349,79.11408262282511,79.11415557113627,12.567045860711055,-0.6104188005142049,-0.002516692750244146,9.895089134946724e-06,5.186790714488932,0.5189999999999962,0.8765681534346484,1.1698052659495406,2.9323711251489213,0.23571221701750636,0.0,14.339245417710734,0.535352853066754,0.0,280.31148048971403,87684.10459028003,1.0897274634988694,335.6387571767667,0.0,0.0,79.11415557113615,3410.329128654201
9.314921874999888,1207.5058479635813,78.86292383360002,78.86299714925698,12.548845523348131,-0.6125684716785007,-0.0025291336076432853,1.2289574038545136e-05,5.186790714488932,0.5189999999999962,0.8765681534346484,1.1697970652988763,2.932289118642278,0.23496827348694035,0.0,14.244868417934589,0.5353051624895167,0.0,280.3012119882367,87667.30037151223,1.0895585359159659,335.63253446487147,0.0,0.0,78.86299714925686,3388.185099301096
9.334921874999887,1209.0805978797825,78.6121281318825,78.61220181899517,12.530737092892297,-0.6147201398628718,-0.0025415123195575815,1.4145048430452173e-05,5.186790714488932,0.5189999999999962,0.8765681534346484,1.1697892155490341,2.9322106211438568,0.23422537040467806,0.0,14.150968356797438,0.5352576895018311,0.0,280.29097611378137,87650.54954628163,1.0893901327632338,335.6263315249515,-0.00034068695314181535,3.421591006586396e-05,78.61220181899505,3366.1492071390617
9.354921874999887,1210.6503354975382,78.36169368431077,78.36176774586137,12.512720077041203,-0.6168738259682143,-0.00255379295650172,1.5323524181988158e-05,5.186790714488932,0.5189999999999962,0.8765681534346484,1.1697817983373247,2.932136449026762,0.23348350251358482,0.0,14.057542730710678,0.5352104331314287,0.0,280.28077281926596,87633.85203753918,1.0892222533822498,335.6201483284752,-0.0003036902851338045,5.045671579335911e-05,78.36176774586124,3344.2209186503633
9.374921874999886,1212.215068023676,78.11161866702895,78.11169310497483,12.494794003804643,-0.6190295350426611,-0.002565944169047043,1.597669259471663e-05,5.186790714488932,0.5189999999999962,0.8765681534346484,1.1697747236121636,2.9320657017751515,0.2327426645840507,0.0,13.96458905662776,0.5351633924129789,0.0,280.2706020578461,87617.20776862491,1.0890548971179272,335.6139848470547,-0.00027422450470068657,5.204233111325686e-05,78.11169310497473,3322.399704192945
9.394921874999886,1213.774802628642,77.86190126547935,77.86197608098023,12.476958422427966,-0.6211872567779543,-0.002577934578251833,1.636126463630658e-05,5.186790714488932,0.5189999999999962,0.8765681534346484,1.1697678390586965,2.9319968562404806,0.23200285141375027,0.0,13.872104871250752,0.5351165663880324,0.0,280.2604637829138,87600.61666326581,1.0888880633184994,335.6078410524458,-0.00024735678905714786,8.182006085721945e-05,77.8619760809801,3300.685037967444
9.414921874999886,1215.3295464466814,77.6125396743484,77.61261486798688,12.45921285801542,-0.623346972359635,-0.0025897338811426457,1.6416596505742753e-05,5.186790714488932,0.5189999999999962,0.8765681534346484,1.169761180512718,2.9319302707806947,0.23126405782747106,0.0,13.780087728709246,0.5350699541049662,0.0,280.25035794809656,87584.07864557397,1.0887217513355034,335.60171691654654,-0.0002169083654272126,9.215062768240143e-05,77.61261486798679,3279.076397986445
9.434921874999885,1216.8793065760299,77.36353209793174,77.36360766949535,12.4415568294649,-0.6255086530897553,-0.0026013174444751933,1.601967004979917e-05,5.186790714488932,0.5189999999999962,0.8765681534346484,1.1697548207357338,2.931866673010853,0.23052627867690184,0.0,13.68853520147935,0.535023554618928,0.0,280.2402845072558,87567.59364004452,1.0885559605237631,335.59561241139704,-0.00016126920064876262,0.00010237742252849476,77.36360766949525,3257.573266042849
9.454921874999885,1218.4240900791028,77.11487674987487,77.11495269832658,12.423989871882503,-0.6276722581463161,-0.0026126649863961256,1.5194793784743669e-05,5.186790714488932,0.5189999999999962,0.8765681534346484,1.1697487452019053,2.9318059176725684,0.22978950884043117,0.0,13.597444881248364,0.5349773669917828,0.0,280.2302434144858,87551.16157155359,1.0883906902413698,335.5895275091784,-0.00011842843105843448,0.00010787287322903693,77.11495269832648,3236.17512767879
9.474921874999884,1219.9639039826818,76.86657185307277,76.86664817654302,12.406511554919339,-0.6298377350831592,-0.002623762300213279,1.439852410863559e-05,5.186790714488932,0.5189999999999962,0.8765681534346484,1.1697426831434594,2.9317452970881095,0.2290537432229201,0.0,13.506814379740979,0.5349313902920552,0.0,280.22023462411255,87534.78236535637,1.088225939849667,335.5834621822122,-8.866000656910468e-05,0.0001315727160419086,76.86664817654295,3214.881472154106
9.494921874999884,1221.49875527809,76.61861563886697,76.6186923353636,12.389121445146838,-0.6320050253697327,-0.0026346012662366897,1.3608635878476245e-05,5.186790714488932,0.5189999999999962,0.8765681534346484,1.169736647586958,2.931684941523095,0.22831897675545657,0.0,13.416641324511861,0.5348856235948743,0.0,280.2102580906924,87518.45594708523,1.0880617087132336,335.57741640295956,-2.2229575786167328e-05,0.00014520344786884157,76.61869233536349,3193.691792414568
9.514921874999883,1223.028650921369,76.37100634762984,76.37108341513982,12.371819092465284,-0.6341740690380467,-0.0026451830739184046,1.2575979749618978e-05,5.186790714488932,0.5189999999999962,0.8765681534346484,1.1697307861000223,2.931626326653739,0.22758520439529348,0.0,13.326923360266028,0.5348400659819286,0.0,280.2003137690111,87502.1822427478,1.0878979961998678,335.5713901440207,0.0,0.0,76.37108341513972,3172.605585065515
9.534921874999883,1224.5535978334547,76.12374222857031,76.12381966526048,12.354604057944826,-0.636344809027442,-0.002655522844417836,1.14864854649764e-05,5.186790714488932,0.5189999999999962,0.8765681534346484,1.1697249883310037,2.9315683489635522,0.22685242112557172,0.0,13.237658151117632,0.5347947165414078,0.0,280.19040161408253,87485.96117872518,1.0877348016805721,335.565383378134,0.0,0.0,76.12381966526038,3151.6223503396923
9.554921874999883,1226.0736029003604,75.87682154017321,75.87689934408462,12.337475871389861,-0.638517188578387,-0.0026656478699388204,1.070245755095952e-05,5.186790714488932,0.5189999999999962,0.8765681534346484,1.1697190393782062,2.9315088594355774,0.22612062195512905,0.0,13.148843379058814,0.5347495743679518,0.0,280.1805215811476,87469.79268176993,1.0875721245295358,335.5593960781755,0.0,0.0,75.87689934408453,3130.7415920677677
9.574921874999882,1227.5886729733568,75.63024254964468,75.63032071886686,12.320434126061985,-0.6406911507089387,-0.0026755946637257388,1.0449220814270509e-05,5.186790714488932,0.5189999999999962,0.8765681534346484,1.1697128055258688,2.931446520912203,0.22538980191828523,0.0,13.060476742857336,0.5347046385625974,0.0,280.17067362567315,87453.67667900417,1.0874099641241173,335.55342821715794,0.0,0.0,75.63032071886677,3109.962817648428
9.594921874999882,1229.098814869144,75.38400353260604,75.38408206570867,12.303478384088772,-0.6428666416895525,-0.002685406548139339,1.0720005557192389e-05,5.186790714488932,0.5189999999999962,0.8765681534346484,1.169706290648403,2.9313813721375457,0.2246599560747048,0.0,12.972555958014766,0.5346599082327304,0.0,280.16085770335053,87437.61309791773,1.0872483198448306,335.54747976823046,0.0,0.0,75.38408206570855,3089.2855380208935
9.614921874999881,1230.6040353700214,75.13810277351506,75.1381816694849,12.286608197423446,-0.645043615498345,-0.002695136681781507,1.1922009240387078e-05,5.186790714488932,0.5189999999999962,0.8765681534346484,1.1696992532299872,2.931310997953388,0.22393107950918623,0.0,12.88507875867874,0.5346153824920338,0.0,280.15107377009485,87421.6018663664,1.0870871910753284,335.5415507046775,0.0,0.0,75.13818166948478,3068.709267635605
9.63492187499988,1232.1043412240667,74.89253856569344,74.89261782377102,12.269823152510625,-0.6472220306583123,-0.0027048431528828307,1.3585789990587649e-05,5.186790714488932,0.5189999999999962,0.8765681534346484,1.1696919714039167,2.931238179692682,0.2232031673314524,0.0,12.798042893779792,0.5345710604604366,0.0,280.1413217820435,87405.64291256998,1.0869265772023864,335.53564099991837,0.00020517181060756597,-0.0001639197833756995,74.89261782377092,3048.2335244252217
9.65492187499988,1233.5997391453056,74.6473092106018,74.64738883081223,12.253122821026045,-0.6494018532112491,-0.0027145793588315855,1.522755050386722e-05,5.186790714488932,0.5189999999999962,0.8765681534346484,1.169684731852633,2.9311657841798464,0.22247621467606626,0.0,12.711446128603907,0.5345269412640702,0.0,280.1316016955555,87389.73616511047,1.086766477615887,335.52975062750664,0.00019097256106339998,-0.0001863751865606612,74.64738883081215,3027.8578297792606
9.67492187499988,1235.0902358138826,74.40241301855319,74.40249300144308,12.236506782048014,-0.6515830575084309,-0.0027243914079129678,1.6504151049024823e-05,5.186790714488932,0.5189999999999962,0.8765681534346484,1.1696777378505359,2.931095844158874,0.22175021670219933,0.0,12.62528624502195,0.5344830240352166,0.0,280.12191346720977,87373.8815529303,1.0866068917088048,335.5238795611291,0.00021518675565845776,-0.0002189227072002977,74.402493001443,3007.5817085149324
9.69492187499988,1236.5758378762264,74.15784830776636,74.15792865504751,12.219974627865362,-0.6537656301487625,-0.0027343199782421763,1.7099704152173575e-05,5.186790714488932,0.5189999999999962,0.8765681534346484,1.1696711765282433,2.931030230935948,0.22102516859351973,0.0,12.53956104126655,0.5344393079122639,0.0,280.1122570538045,87358.0790053305,1.0864478188771904,335.51802777460557,0.00023497115949948501,-0.0002297067540987455,74.15792865504743,2987.404688851474
9.71492187499988,1238.0565519452168,73.91361340520409,73.9136941194715,12.20352592383333,-0.6559495722991316,-0.002744397701817283,1.7031668726623457e-05,5.186790714488932,0.5189999999999962,0.8765681534346484,1.1696650374170379,2.930968839823894,0.22030106555793985,0.0,12.4542683335611,0.534395792039654,0.0,280.10263241235606,87342.32845196898,1.086289258520156,335.51219524188775,0.00024799154272759174,-0.00025283477693028114,73.91369411947143,2967.326302380877
9.734921874999879,1239.53238460036,73.66970664633492,73.66978773095403,12.187160232371134,-0.6581348948454306,-0.0027546479682937085,1.641616368027711e-05,5.186790714488932,0.5189999999999962,0.8765681534346484,1.1696592515652997,2.9309109813065124,0.2195779028274174,0.0,12.369405955173722,0.5343524755678337,0.0,280.09303950009763,87326.62982285867,1.0861312100398588,335.50638193705913,0.00026546485142152186,-0.0002631558946725073,73.66978773095396,2947.3460840403363
9.754921874999878,1241.0033423879545,73.42612637513615,73.42620783406025,12.170877137262865,-0.6603216189693661,-0.002765082545767041,1.5221220701072054e-05,5.186790714488932,0.5189999999999962,0.8765681534346484,1.1696538378065315,2.9308568437188307,0.21885567565776412,0.0,12.284971755130798,0.5343093576532063,0.0,280.0834782744783,87310.98304836571,1.085973672841486,335.5005878343338,0.0002683130378876913,-0.0002775353630571826,73.42620783406016,2927.4635720851206
9.774921874999878,1242.4694318212655,73.18287094407856,73.18295278161148,12.154676201330226,-0.6625097701117667,-0.0027757042196885255,1.3647779848739088e-05,5.186790714488932,0.5189999999999962,0.8765681534346484,1.1696486769097687,2.9308052347512024,0.21813437932844448,0.0,12.200963599534592,0.5342664374580848,0.0,280.07394869316175,87295.38805920765,1.0858166463332384,335.494812908056,0.0,0.0,73.1829527816114,2907.678308061419
9.794921874999877,1243.93065938069,72.93993871401322,72.94002093462808,12.138557026650194,-0.6646993779154652,-0.0027865048033831,1.169314921840451e-05,5.186790714488932,0.5189999999999962,0.8765681534346484,1.1696437703414446,2.9307561690679615,0.2174140091424122,0.0,12.117379369579824,0.534223714150644,0.0,280.0644507140255,87279.8447864516,1.085660129926316,335.4890571326995,0.0,0.0,72.94002093462798,2887.9898367804285
9.814921874999877,1245.3870315139231,72.69732805383916,72.69741066226082,12.122519201641044,-0.6668904736743076,-0.002797468523140638,9.71186538855441e-06,5.186790714488932,0.5189999999999962,0.8765681534346484,1.1696389078119969,2.930707543773484,0.21669456042591367,0.0,12.034216963142827,0.534181186904876,0.0,280.0549842951595,87264.3531615126,1.0855041230349016,335.4833204828667,0.0,0.0,72.69741066226072,2868.397706291769
9.834921874999877,1246.8385546361221,72.45503734083414,72.45512034173164,12.106562312214278,-0.6690830894225459,-0.0028085765307287753,7.767322287331312e-06,5.186790714488932,0.5189999999999962,0.8765681534346484,1.1696340516383283,2.9306589820367988,0.21597602852831788,0.0,11.951474292460293,0.5341388549005434,0.0,280.0455493948652,87248.91311615174,1.0853486250761475,335.4776029332883,0.0,0.0,72.45512034173157,2848.9014678578437
9.854921874999876,1248.2852351300685,72.21306496024972,72.21314835828464,12.090685952455226,-0.6712772567382652,-0.0028198080069814103,5.945339234519333e-06,5.186790714488932,0.5189999999999962,0.8765681534346484,1.1696291507759466,2.930609973412982,0.2152584088219772,0.0,11.869149285163147,0.5340967173231366,0.0,280.03614597165455,87233.52458247454,1.0851936354701581,335.4719044588227,0.0,0.0,72.21314835828453,2829.500675929209
9.874921874999876,1249.7270793463324,71.9714093054714,71.97149310512603,12.074889728786065,-0.6734730039513869,-0.002831137250624581,4.42311044975892e-06,5.186790714488932,0.5189999999999962,0.8765681534346484,1.1696241000894136,2.9305594665476518,0.21454169670205683,0.0,11.787239884189216,0.5340547733638292,0.0,280.0267739842488,87218.18749292914,1.0850391536399782,335.46622503445474,0.0,0.0,71.97149310512593,2810.194888119321
9.894921874999875,1251.1640936034273,71.73006877757922,71.73015298336153,12.059173261030232,-0.6756703588184341,-0.0028425346298043865,4.188604823681407e-06,5.186790714488932,0.5189999999999962,0.8765681534346484,1.1696183137056015,2.9305016027095308,0.2138258875863533,0.0,11.705744048224316,0.5340130222194335,0.0,280.0174333915777,87202.90178030464,1.0848851790115743,335.4605646352961,0.0,0.0,71.73015298336144,2790.983665179218
9.914921874999875,1252.5962841879664,71.48904178538476,71.4891264019363,12.043536152125828,-0.6778693489514117,-0.002853964910709468,5.607451690287768e-06,5.186790714488932,0.5189999999999962,0.8765681534346484,1.1696115746648192,2.9304342123017078,0.21311097691512376,0.0,11.62465975075192,0.5339714630923565,0.0,280.0081241527782,87187.66737772952,1.084731711013825,335.45492323658357,0.0,0.0,71.48912640193618,2771.8665709726793
9.934921874999874,1254.0236573548186,71.24832674582488,71.2484117775826,12.027977989860391,-0.6800700022604661,-0.002865391299474981,7.7400165667573e-06,5.186790714488932,0.5189999999999962,0.8765681534346484,1.1696044399791055,2.93036286544457,0.21239696015093626,0.0,11.543984979809707,0.5339300951905575,0.0,279.99884622719367,87172.48421866991,1.0845787490785037,335.4493008136794,0.0,0.0,71.24841177758249,2752.843172452166
9.954921874999874,1255.4462193272736,71.00792208381553,71.00800753476389,12.012498381073677,-0.6822723401911599,-0.0028767745152217055,9.895930594638908e-06,5.186790714488932,0.5189999999999962,0.8765681534346484,1.1695973188493138,2.9302916541466537,0.21168383277850986,0.0,11.463717737863151,0.5338889177275052,0.0,279.9895995743727,87157.35223692782,1.084426292640265,335.44369734206987,0.0,0.0,71.00800753476379,2733.9130396346604
9.974921874999874,1256.8639762971964,70.7678262320714,70.76791210562206,11.99709693830168,-0.6844763781533523,-0.0028880767637611904,1.1805905171332919e-05,5.186790714488932,0.5189999999999962,0.8765681534346484,1.1695903707643254,2.930222173296769,0.21097159030456425,0.0,11.383856041993695,0.5338479299221374,0.0,279.9803841540682,87142.27136663957,1.0842743411366282,335.4381127973653,0.0,0.0,70.76791210562196,2715.075745577964
9.994921874999873,1258.2769344251828,70.52803763094838,70.52812392991657,11.981773286513198,-0.6866821229129364,-0.0028992628657027618,1.3463287786753808e-05,5.186790714488932,0.5189999999999962,0.8765681534346484,1.1695835995691657,2.930154461345172,0.21026022825764493,0.0,11.304397924271361,0.533807130998816,0.0,279.9711999262363,87127.24154227409,1.084122894007967,335.4325471552992,0.0,0.0,70.52812392991645,2696.3308663565745
10.014921874999873,1259.6850998407112,70.28855472828963,70.28864145496884,11.966527049326418,-0.6888895740296288,-0.002910299224030128,1.4795119747470023e-05,5.186790714488932,0.5189999999999962,0.8765681534346484,1.1695770484340315,2.9300889499938307,0.20954974218796432,0.0,11.225341431069571,0.5337665201872882,0.0,279.9620468510354,87112.26269863128,1.083971950697491,335.42700039172746,-0.0002768549242624902,0.00017926822663252338,70.2886414549687,2677.6779810381486
10.034921874999872,1261.0884786422916,70.04937597927547,70.04946313560616,11.95135785596036,-0.691098724093368,-0.0029211579135306957,1.561082799575537e-05,5.186790714488932,0.5189999999999962,0.8765681534346484,1.1695708302029237,2.9300267676827527,0.20884012766724105,0.0,11.146684622697839,0.5337260967226425,0.0,279.95292488882507,87097.33477084048,1.0838215106512354,335.421472482628,-0.00023095368435483303,0.00020104516178110843,70.04946313560602,2659.116671660132
10.054921874999872,1262.487076897612,69.81049984676646,69.81058743411366,11.936265334786487,-0.6933095611632761,-0.0029318184784112777,1.597933995071615e-05,5.186790714488932,0.5189999999999962,0.8765681534346484,1.1695649039110945,2.92996750476446,0.208131380288563,0.0,11.068425574678747,0.5336858598452714,0.0,279.9438340001655,87082.45769435889,1.0836715733180464,335.4159634041003,-0.0002046795722139823,0.00021035342034497295,69.81058743411353,2640.646523207187
10.074921874999871,1263.8809006436911,69.5719248008075,69.57201282016159,11.92124912339308,-0.6955220662376287,-0.0029422661118570096,1.6023003212862626e-05,5.186790714488932,0.5189999999999962,0.8765681534346484,1.169559196909579,2.9299104347493063,0.20742349566617724,0.0,10.99056237702856,0.5336458088008262,0.0,279.934774145816,87067.63140496993,1.083522138149567,335.4104731323645,-0.00016270269375069836,0.000219543687375154,69.57201282016146,2622.2671235869398
10.094921874999871,1265.2699558870208,69.33364931872416,69.33373777075766,11.90630885655288,-0.6977362160515863,-0.002952492013235814,1.5723189560928625e-05,5.186790714488932,0.5189999999999962,0.8765681534346484,1.169553720139724,2.9298556670507545,0.20671646943535446,0.0,10.913093133368664,0.5336059428401793,0.0,279.92574528673435,87052.85583878173,1.0833732046002242,335.405001643761,-0.00012500757864683558,0.00022891689148007673,69.33373777075754,2603.978063607835
10.11492187499987,1266.654248603713,69.09567188511444,69.0957607701891,11.891444184731071,-0.6999519830472707,-0.0029624920908786533,1.511184201690275e-05,5.186790714488932,0.5189999999999962,0.8765681534346484,1.1695484545512476,2.929803011165991,0.20601029725222247,0.0,10.836015961471073,0.5335662612193832,0.0,279.91674738407585,87038.13093222561,1.0832247721272161,335.39954891474997,-7.365147762944571e-05,0.00024384327914170984,69.09576077018897,2585.7789369563784
10.13492187499987,1268.0337847396415,68.85799099157349,68.85808030998069,11.876654753333348,-0.7021693377272067,-0.0029722691620243094,1.4081274071888895e-05,5.186790714488932,0.5189999999999962,0.8765681534346484,1.1695434639007642,2.929753104661158,0.2053049747936476,0.0,10.759328992508955,0.5335267631996337,0.0,279.9077803991923,87023.45662205451,1.0830768401904982,335.3941149219105,0.0,0.0,68.85808030998058,2567.6693401757834
10.15492187499987,1269.4085702105835,68.62060513690213,68.6206948888302,11.861940199994924,-0.7043882493810651,-0.002981833672253581,1.2915447688957563e-05,5.186790714488932,0.5189999999999962,0.8765681534346484,1.1695385797073519,2.929704262727034,0.204600497757048,0.0,10.683030372617825,0.5334874480472285,0.0,279.89884429363116,87008.83284534152,1.082929408252771,335.3886996419405,0.0,0.0,68.62069488883009,2549.6488726430784
10.17492187499987,1270.778610902364,68.38351282709124,68.38360301255148,11.84730016915169,-0.7066086860760769,-0.0029912014451557185,1.1569808911946992e-05,5.186790714488932,0.5189999999999962,0.8765681534346484,1.1695338282901266,2.9296567485547818,0.20389686186023087,0.0,10.607118260386578,0.5334483150335282,0.0,279.8899390291346,86994.25953947833,1.082782475779466,335.3833030516556,0.0,0.0,68.38360301255138,2531.7171365470035
10.194921874999869,1272.1439126709986,68.14671257514568,68.1468031940304,11.832734320486505,-0.7088306138544956,-0.0030003924846288875,1.0335811051845786e-05,5.186790714488932,0.5189999999999962,0.8765681534346484,1.1695290367380498,2.929608833034013,0.20319406284126684,0.0,10.531590828663443,0.5334093634349202,0.0,279.8810645676385,86979.73664217371,1.0826360422387336,335.37792512798893,0.0,0.0,68.14680319403027,2513.873736867019
10.214921874999868,1273.504481342832,67.91020290085439,67.91029395317054,11.818242300793923,-0.7110539980163025,-0.0030094294463632195,9.247572276420511e-06,5.186790714488932,0.5189999999999962,0.8765681534346484,1.1695241847060005,2.9295603127135204,0.20249209645833438,0.0,10.456446262807118,0.533370592532779,0.0,279.87222087127157,86965.26409145207,1.0824901071014295,335.3725658479906,0.0,0.0,67.91029395317041,2496.1182813517466
10.234921874999868,1274.860322714674,67.67398233112536,67.6740738168494,11.803823771536726,-0.7132788056397229,-0.0030183404520649024,8.47505426014307e-06,5.186790714488932,0.5189999999999962,0.8765681534346484,1.1695191713294182,2.929510178947697,0.20179095848959516,0.0,10.381682761638569,0.5333320016134313,0.0,279.8634079023546,86950.84182565195,1.082344669841103,335.36722518882686,0.0,0.0,67.67407381684927,2478.4503804983365
10.254921874999868,1276.2114425539412,67.43804939957974,67.43814131885809,11.789478389857033,-0.7155050042910504,-0.003027156694294957,8.473442820127075e-06,5.186790714488932,0.5189999999999962,0.8765681534346484,1.1695137265747924,2.929455731401439,0.20109064473302027,0.0,10.307298537539094,0.5332935899681173,0.0,279.8546256233994,86936.4697834246,1.0821997299339843,335.36190312778,0.0,0.0,67.43814131885797,2460.8696475308075
10.274921874999867,1277.557846598791,67.20240264676079,67.20249499985944,11.775205814557035,-0.7177325633729588,-0.0030359108906936054,9.152200527461904e-06,5.186790714488932,0.5189999999999962,0.8765681534346484,1.1695079040370326,2.9293975060238417,0.20039115100627145,0.0,10.233291815091157,0.5332553568929544,0.0,279.84587399710784,86922.14790373245,1.0820552868589706,335.3565996422474,0.0,0.0,67.20249499985931,2443.375698379903
10.294921874999867,1278.899540558259,66.96704061983371,66.96713340732111,11.761005727071284,-0.7199614546174585,-0.003044639407520268,1.03023507695151e-05,5.186790714488932,0.5189999999999962,0.8765681534346484,1.169501827500234,2.9293367406558555,0.1996924731465077,0.0,10.159660860697173,0.5332173032050486,0.0,279.8371529863713,86907.87612584772,1.0819113400976155,335.351314709741,0.0,0.0,66.96713340732101,2425.9681516613045
10.314921874999866,1280.2365301123878,66.73196187240616,66.73205509530477,11.746877790436859,-0.7221916549762305,-0.003053379945500403,1.1727583069370268e-05,5.186790714488932,0.5189999999999962,0.8765681534346484,1.1694956132627805,2.9292745982813204,0.19899460700976196,0.0,10.086403931765064,0.5331794286184091,0.0,279.82846255426944,86893.65438935105,1.0817678891341163,335.34604830788726,0.0,0.0,66.73205509530467,2408.6466286436253
10.334921874999866,1281.568820912362,66.49716496507702,66.49725862476743,11.73282166067586,-0.7244231456189832,-0.003062169926788268,1.3243511276930735e-05,5.186790714488932,0.5189999999999962,0.8765681534346484,1.16948937056838,2.929212171337315,0.19829754847184602,0.0,10.01351925425355,0.5331417305151606,0.0,279.81980266406964,86879.48263413004,1.0816249334553008,335.3408004144262,0.0,0.0,66.49725862476733,2391.410753253692
10.354921874999865,1282.8964185806444,66.26264846503976,66.26274256338148,11.718837009221662,-0.7266559132134406,-0.0030710445558773244,1.46783623423979e-05,5.186790714488932,0.5189999999999962,0.8765681534346484,1.1694832011435745,2.9291504770892605,0.1976012934278197,0.0,9.941005103592497,0.5331042082105956,0.0,279.8111732792258,86865.36080037778,1.0814824725506176,335.33557100721083,0.0,0.0,66.26274256338134,2374.2601520469207
10.374921874999865,1284.219328711109,66.0284109462246,66.02850548544731,11.704923493651348,-0.7288899489980557,-0.003080036669336275,1.5964179464576035e-05,5.186790714488932,0.5189999999999962,0.8765681534346484,1.1694771451951391,2.9290899176049066,0.19690583779173607,0.0,9.868859767878075,0.5330668610247068,0.0,279.80257436337774,86851.28882859151,1.0813405059121206,335.33036006420696,0.00020855759103855114,-0.000304605700965584,66.02850548544718,2357.1944541846915
10.394921874999865,1285.537556869175,65.7944509891709,65.79454597185457,11.691080789322918,-0.7311252482397422,-0.0030891745544090335,1.6930073493560137e-05,5.186790714488932,0.5189999999999962,0.8765681534346484,1.1694713039585833,2.9290315052393487,0.1962111774965312,0.0,9.797081547223256,0.5330296882821529,0.0,279.7940058803503,86837.2666595711,1.0811990330344583,335.3251675634923,0.0001999174520422741,-0.0003150820126084256,65.79454597185445,2340.21329141538
10.414921874999864,1286.8511085919379,65.56076718105672,65.56086261002149,11.677308572653773,-0.7333618098425393,-0.0030984800000519444,1.748430782334117e-05,5.186790714488932,0.5189999999999962,0.8765681534346484,1.1694657317132173,2.9289757827856886,0.19551730849384932,0.0,9.725668754265671,0.532992689312223,0.0,279.7854677941524,86823.29423441776,1.0810580534148622,335.3199934832563,0.00021457696631168316,-0.00032980407503839623,65.56086261002137,2323.316298054011
10.434921874999864,1288.1599893883001,65.32735811526311,65.32745399386269,11.663606523000388,-0.7355996363152152,-0.003107968813159644,1.752484890594217e-05,5.186790714488932,0.5189999999999962,0.8765681534346484,1.1694604888782638,2.9289233544361535,0.19482422675395242,0.0,9.654619713891826,0.5329558634488043,0.0,279.77696006897605,86809.37149453252,1.0809175665531339,335.3148378017995,0.00021792745746243328,-0.00033858835013119104,65.32745399386256,2306.503110964079
10.454921874999863,1289.4642047390978,65.09422239190683,65.09431872372812,11.649974306057523,-0.7378387349958003,-0.0031176500936863803,1.713310216401796e-05,5.186790714488932,0.5189999999999962,0.8765681534346484,1.169455527079417,2.9288737364476845,0.19413192826554374,0.0,9.583932763870425,0.5329192100303468,0.0,279.76848266919586,86795.49838161502,1.080777571951634,335.30970049753273,0.00022035464721962392,-0.0003480847291721725,65.09431872372798,2289.7733695374836
10.474921874999863,1290.7637600972341,64.86135861742216,64.86145540635215,11.636411615871346,-0.7400791153227856,-0.003127525202530599,1.6259413491132323e-05,5.186790714488932,0.5189999999999962,0.8765681534346484,1.169450875685841,2.928827222511926,0.19344040903562146,0.0,9.513606253670627,0.5328827283998282,0.0,279.76003555936796,86781.67483766198,1.0806380691152695,335.304581548977,0.0002284756229542515,-0.0003706304416894558,64.86145540635201,2273.1267156753424
10.494921874999863,1292.0586608878023,64.62876540440428,64.62886265481653,11.62291814199265,-0.742320790866693,-0.003137590422667671,1.4906770425436044e-05,5.186790714488932,0.5189999999999962,0.8765681534346484,1.1694465328240393,2.9287837938939085,0.19274966508937377,0.0,9.443638545007127,0.5328464179047239,0.0,279.75161870422926,86767.90080496598,1.080499057551483,335.2994809347629,0.0,0.0,64.62886265481642,2256.5627937699405
10.514921874999862,1293.3489125082099,64.39644137178105,64.3965390884902,11.609493558326186,-0.7445637806803725,-0.003147836025501262,1.3402921481323878e-05,5.186790714488932,0.5189999999999962,0.8765681534346484,1.169442304057507,2.9287415062285858,0.19205969247000443,0.0,9.374028012376005,0.5328102778969699,0.0,279.7432320686966,86754.17622611405,1.080360536770241,335.2943986336302,0.0,0.0,64.39653908849009,2240.0812506851967
10.534921874999862,1294.6345203283101,64.16438514514641,64.1644833329831,11.596137532541187,-0.7468081057140012,-0.003158250430664298,1.198186795796239e-05,5.186790714488932,0.5189999999999962,0.8765681534346484,1.1694380505447937,2.928698971101452,0.1913704872386012,0.0,9.304773041443113,0.5327743077329319,0.0,279.73487561786595,86740.50104398637,1.0802225062840216,335.2893346244268,0.0,0.0,64.16448333298295,2223.6817357382865
10.554921874999861,1295.9154896905313,63.93259535649039,63.93269402010908,11.582849757800599,-0.7490537857560672,-0.0031688192563654907,1.0441791342798353e-05,5.186790714488932,0.5189999999999962,0.8765681534346484,1.1694338918754323,2.9286573844078387,0.19068204547403034,0.0,9.235872028386812,0.5327385067733739,0.0,279.7265493170115,86726.87520175481,1.0800849656078035,335.284288886109,0.0,0.0,63.932694020108954,2207.363900682042
10.57492187499986,1297.1918259100034,63.70107064378729,63.701169787847014,11.569629921520788,-0.7513008381917299,-0.0031795240845823134,8.731381145045124e-06,5.186790714488932,0.5189999999999962,0.8765681534346484,1.1694298583688703,2.928617049342218,0.1899943632728254,0.0,9.16732338144755,0.5327028743834269,0.0,279.71825313158496,86713.29864288161,1.0799479142590533,335.27926139774047,0.0,0.0,63.70116978784689,2191.1273996873315
10.59492187499986,1298.4635342746774,63.46980965124497,63.46990928028434,11.556477722914284,-0.753549279517538,-0.003190342223582844,7.348916722111421e-06,5.186790714488932,0.5189999999999962,0.8765681534346484,1.1694256544613855,2.92857501026737,0.18930743674902492,0.0,9.099125521138124,0.5326674099325559,0.0,279.7099870272146,86699.77131111812,1.0798113517577144,335.27425213849205,0.0,0.0,63.46990928028421,2174.971889324418
10.61492187499986,1299.730620045449,63.23881102920031,63.23891114757744,11.543392853794362,-0.7557991244249853,-0.003201250701518211,6.350010560676762e-06,5.186790714488932,0.5189999999999962,0.8765681534346484,1.1694212470783798,2.9285309364373133,0.18862126203405916,0.0,9.031276878329075,0.5326321127945292,0.0,279.70175096970456,86686.29315050352,1.079675277626198,335.269261087641,0.0,0.0,63.238911147577326,2158.897028545605
10.63492187499986,1300.9930884562837,63.00807343415151,63.00817404591287,11.53037500103677,-0.7580503837680941,-0.003212225859144956,5.593257594799653e-06,5.186790714488932,0.5189999999999962,0.8765681534346484,1.1694167199486807,2.928485665140322,0.1879358352766396,0.0,8.963775895020314,0.532596982347388,0.0,279.69354492503413,86672.86410536342,1.0795396913893682,335.2642882245707,0.0,0.0,63.00817404591274,2142.9024786680666
10.654921874999859,1302.2509447143361,62.77759552857625,62.777696637461894,11.517423880844786,-0.7603030644744017,-0.003223242631573052,5.44208686121177e-06,5.186790714488932,0.5189999999999962,0.8765681534346484,1.1694118575163832,2.9284370408173475,0.18725115264262895,0.0,8.896621025033458,0.5325620179734156,0.0,279.6853688593568,86659.48412030858,1.0794045925745328,335.2593335287702,0.0,0.0,62.777696637461794,2126.987903356387
10.674921874999859,1303.5041940000688,62.547375980787415,62.547477590335276,11.504539189823916,-0.762557170614907,-0.0032342756585449174,5.801184918303062e-06,5.186790714488932,0.5189999999999962,0.8765681534346484,1.1694067161608235,2.92838562726175,0.1865672103149106,0.0,8.829810732907752,0.5325272190591067,0.0,279.67722273899955,86646.15314023377,1.079269980711433,335.2543969798337,0.0,0.0,62.54747759033516,2111.1529686052254
10.694921874999858,1304.7528414673704,62.3174134650976,62.317515578544324,11.491720635170802,-0.7648127029591918,-0.0032453009392925973,6.392059742555144e-06,5.186790714488932,0.5189999999999962,0.8765681534346484,1.1694014609443097,2.928333075096613,0.18588400449327866,0.0,8.763343494145403,0.5324925849951376,0.0,279.66910653046205,86632.87111031637,1.079135855332232,335.24947855746,0.0,0.0,62.317515578544224,2095.397342722583
10.714921874999858,1305.9968922436751,62.08770666164893,62.08780928195761,11.478967928751631,-0.7670696583400024,-0.0032562980451367567,7.120198325657603e-06,5.186790714488932,0.5189999999999962,0.8765681534346484,1.169396147840756,2.928279944061075,0.18520153139431295,0.0,8.697217795385319,0.5324581151763366,0.0,279.6610202004161,86619.63797601518,1.0790022159715031,335.24457824145213,0.0,0.0,62.0878092819575,2079.7206963128665
10.734921874999857,1307.236351430077,61.858254256323875,61.85835738625664,11.466280782352932,-0.7693280307994889,-0.0032672467856009373,7.995261050622603e-06,5.186790714488932,0.5189999999999962,0.8765681534346484,1.1693907710195564,2.928226175849079,0.1845197872512524,0.0,8.631432134248334,0.5324238090016536,0.0,279.65296371570446,86606.45368306916,1.0788690621662205,335.2396960117169,0.0,0.0,61.85835738625653,2064.1227022600615
10.754921874999857,1308.4712241014454,61.629054940727954,61.62915858289585,11.453658912168235,-0.7715878121932975,-0.0032781277190513207,8.789841208041348e-06,5.186790714488932,0.5189999999999962,0.8765681534346484,1.1693854652532556,2.9281731181860713,0.1838387683138804,0.0,8.565985018784357,0.5323896658741314,0.0,279.6449370433406,86593.31817749629,1.078736393455748,335.23483184826443,0.0,0.0,61.62915858289574,2048.6030357113
10.774921874999857,1309.7015153065379,61.40010741215901,61.400211569063764,11.441102029001852,-0.7738489927186251,-0.00328892427323424,9.336192898734145e-06,5.186790714488932,0.5189999999999962,0.8765681534346484,1.1693803299326615,2.9281217649801303,0.1831584708484142,0.0,8.5008749677315,0.532355685200877,0.0,279.6369401505075,86580.23140559223,1.0786042093818298,335.22998573120753,0.0,0.0,61.40021156906368,2033.1613740606567
10.794921874999856,1310.9272300681164,61.171410373731874,61.17151504764223,11.428609846174878,-0.7761115607392789,-0.003299624056423242,9.711693912821139e-06,5.186790714488932,0.5189999999999962,0.8765681534346484,1.169375319076547,2.9280716564189855,0.18247889113738755,0.0,8.436100510822795,0.5323218663930329,0.0,279.6289730045572,86567.1933139292,1.0784725094885776,335.2251576407617,0.0,0.0,61.17151504764214,2017.7973969329225
10.814921874999856,1312.148373383063,60.942962534277655,60.943067727159516,11.416182076224738,-0.7783755010578809,-0.0033102178565270575,9.787284135236028e-06,5.186790714488932,0.5189999999999962,0.8765681534346484,1.1693705091454194,2.9280235571077093,0.18180002547951668,0.0,8.371660188018902,0.5322882088657475,0.0,279.6210355730101,86554.2038493547,1.078341293322463,335.2203475572441,0.0,0.0,60.943067727159416,2002.510786167137
10.834921874999855,1313.3649502224923,60.71476260824228,60.71486832175373,11.40381844270311,-0.7806407951806532,-0.003320700003423373,9.669533313981097e-06,5.186790714488932,0.5189999999999962,0.8765681534346484,1.1693658368596698,2.927976834250213,0.18112187018959525,0.0,8.307552550158878,0.5322547120381476,0.0,279.6131278235538,86541.26295899031,1.0782105604323042,335.21555546107356,0.0,0.0,60.714868321753634,1987.3012258009046
10.854921874999855,1314.5769655318634,60.486809315588445,60.48691555112746,11.391518677836977,-0.7829074211793356,-0.003331068199879421,9.446701583581625e-06,5.186790714488932,0.5189999999999962,0.8765681534346484,1.169361249793413,2.9279309635876447,0.18044442159836402,0.0,8.243776158445762,0.5322213753333099,0.0,279.6052497240429,86528.37059023052,1.078080310369257,335.21078133277,0.0,0.0,60.48691555112736,1972.1684020542734
10.874921874999854,1315.7844242310875,60.25910138162134,60.25920814051114,11.379282507286781,-0.7851753554521983,-0.0033413237083375295,9.194608136867072e-06,5.186790714488932,0.5189999999999962,0.8765681534346484,1.1693567028924088,2.927885494577603,0.17976767605240662,0.0,8.180329584356933,0.5321881981782333,0.0,279.5974012424979,86515.5266907416,1.077950542686807,335.2060251529537,0.0,0.0,60.25920814051105,1957.1120033143236
10.894921874999854,1316.9873312146376,60.0316375370965,60.03174482062197,11.367109672014362,-0.7874445734180684,-0.0033514714648427138,8.950985015685651e-06,5.186790714488932,0.5189999999999962,0.8765681534346484,1.1693521737053014,2.9278402027065296,0.17909162991403121,0.0,8.11721140952184,0.5321551800038116,0.0,279.58958234710485,86502.73120846036,1.0778212569407548,335.20128690234554,0.0,0.0,60.03174482062187,1942.131720119567
10.914921874999854,1318.1856913516526,59.804416517928026,59.80452432762996,11.354999903656198,-0.7897150516930602,-0.003361519549094852,8.67893825790841e-06,5.186790714488932,0.5189999999999962,0.8765681534346484,1.1693476840219028,2.9277953058725434,0.17841627956117456,0.0,8.054420225602946,0.5321223202448065,0.0,279.58179300621424,86489.98409159314,1.0776924526892113,335.19656656176585,0.0,0.0,59.80452432762987,1927.2272451449626
10.934921874999853,1319.3795094860454,59.577437065678524,59.5775454031137,11.342952918337927,-0.7919867688759082,-0.003371479520282081,8.671656468309981e-06,5.186790714488932,0.5189999999999962,0.8765681534346484,1.1693430598835919,2.927749064489434,0.177741621387274,0.0,7.991954634800252,0.5320896183398208,0.0,279.5740331883407,86477.28528861457,1.077564129492585,335.19186411213445,0.0,0.0,59.5775454031136,1912.3982731863528
10.954921874999853,1320.5687904366162,59.35069792735621,59.35080679402206,11.33096845437258,-0.7942597023384393,-0.003381364666002651,8.899674081431362e-06,5.186790714488932,0.5189999999999962,0.8765681534346484,1.169338318674093,2.9277016523944464,0.17706765180115844,0.0,7.929813248843287,0.5320570737312711,0.0,279.566302862162,86464.63474826646,1.0774362869135732,335.18717953447015,0.0,0.0,59.35080679402194,1897.644501145441
10.974921874999852,1321.753538997156,59.12419785510907,59.124307252639746,11.3190462492078,-0.7965338301621581,-0.003391191014560683,9.428656022216715e-06,5.186790714488932,0.5189999999999962,0.8765681534346484,1.1693334213905124,2.9276526795586397,0.17639436722694993,0.0,7.867994689552571,0.5320246858653619,0.0,279.55860199651846,86452.03241955658,1.0773089245171503,335.1825128098902,0.0,0.0,59.124307252639625,1882.96562801511
10.994921874999852,1322.9337599365533,58.89793560648069,58.898045536544764,11.307186040915905,-0.7988091310390543,-0.0034009761929745513,1.0296357345089955e-05,5.186790714488932,0.5189999999999962,0.8765681534346484,1.1693283455351364,2.9276019210048796,0.17572176410394133,0.0,7.806497588604789,0.5319924541920587,0.0,279.5509305604124,86439.47825175764,1.0771820418705609,335.1778639196099,0.0,0.0,58.898045536544636,1868.3613548643555
11.014921874999851,1324.1094579988974,58.67190994404973,58.67202040857685,11.295387575918134,-0.8010855851790604,-0.0034107381948676567,1.1255447874281141e-05,5.186790714488932,0.5189999999999962,0.8765681534346484,1.1693232377158562,2.9275508428120776,0.17504983888650663,0.0,7.745320587003649,0.5319603781650635,0.0,279.54328852300716,86426.97219440613,1.077055638543308,335.17323284494233,0.0,0.0,58.67202040857673,1853.8313848240316
11.034921874999851,1325.2806379035817,58.44611963557855,58.4462306368007,11.283650593916708,-0.8033631752288591,-0.0034204945724521044,1.2212117539990388e-05,5.186790714488932,0.5189999999999962,0.8765681534346484,1.1693181534995722,2.9275000006492378,0.17437858804399586,0.0,7.684462335628857,0.5319284572417884,0.0,279.5356758536267,86414.51419730124,1.076929714107145,335.1686195672978,0.0,0.0,58.44623063680059,1839.375423072378
11.05492187499985,1326.447304345406,58.22056345405723,58.220674994466876,11.271974841040688,-0.8056418871227959,-0.003430261859686,1.302173931627514e-05,5.186790714488932,0.5189999999999962,0.8765681534346484,1.1693131785565296,2.9274502512188114,0.17370800806062275,0.0,7.623921494836131,0.5318966908833301,0.0,279.52809252175484,86402.10421050373,1.0768042681360652,335.16402406818344,0.0,0.0,58.22067499446677,1824.993176820517
11.07492187499985,1327.6094619946814,57.99524017746496,57.99535225997952,11.260360059243894,-0.8079217096402224,-0.0034400560388142044,1.3661626431792366e-05,5.186790714488932,0.5189999999999962,0.8765681534346484,1.1693083262738746,2.9274017283922613,0.1730380954353731,0.0,7.5636967347408905,0.5318650785544458,0.0,279.5205384970345,86389.74218433491,1.0766793002062933,335.1594463292029,0.0,0.0,57.99535225997943,1810.684355298495
11.09492187499985,1328.7671154973298,57.770148589073635,57.77026121685149,11.248805985578738,-0.8102026350418449,-0.0034498912066512396,1.4243039349465818e-05,5.186790714488932,0.5189999999999962,0.8765681534346484,1.16930353059356,2.927353771589115,0.17236884668187494,0.0,7.503786735243168,0.5318336197235254,0.0,279.5130137492673,86377.42806937548,1.0765548098962752,335.154886332056,0.0,0.0,57.77026121685138,1796.4486697406412
11.11492187499985,1329.9202694749908,57.54528747726333,57.54540065367126,11.237312368988821,-0.8124846573099008,-0.003459781163238999,1.4651964083948725e-05,5.186790714488932,0.5189999999999962,0.8765681534346484,1.1692988590592974,2.9273070562464896,0.17170025832830466,0.0,7.444190185193321,0.5318023138625696,0.0,279.50551824841256,86365.16181646443,1.0764307967866693,335.15034405853805,0.0,0.0,57.545400653671166,1782.285833371797
11.134921874999849,1331.0689285251221,57.32065563545932,57.32076936406745,11.225878955660018,-0.8147677722582025,-0.0034697368878724255,1.4921509737101758e-05,5.186790714488932,0.5189999999999962,0.8765681534346484,1.1692942919426923,2.9272613850804383,0.17103232691728507,0.0,7.384905783110287,0.5317711604471629,0.0,279.4980519645867,86352.943376698,1.0763072604603363,335.14581949053957,0.0,0.0,57.320769364067374,1768.1955613934792
11.154921874999848,1332.213097221099,57.0962518619907,57.09636614667364,11.214505504105604,-0.8170519776182986,-0.0034797670168866244,1.4876486793978472e-05,5.186790714488932,0.5189999999999962,0.8765681534346484,1.1692899330827071,2.9272177964805866,0.17036504900578484,0.0,7.325932236340288,0.5317401589564508,0.0,279.49061486806283,86340.77270142856,1.0761842005023312,335.14131261004604,0.0,0.0,57.096366146673546,1754.1775709701942
11.174921874999848,1333.3527801123134,56.8720749602486,56.8721898050891,11.2031917639906,-0.8193372737205743,-0.0034898780357914636,1.4629328363653559e-05,5.186790714488932,0.5189999999999962,0.8765681534346484,1.169285715725574,2.927175622909256,0.16969842116500578,0.0,7.267268262110299,0.5317093088731147,0.0,279.48320692926995,86328.64974226366,1.076061616499892,335.1368233991376,0.0,0.0,56.872189805089015,1740.231581215606
11.194921874999848,1334.487981724274,56.64812373840771,56.648239147846255,11.191937491399404,-0.8216236629966953,-0.0035000749568173278,1.4182899862054174e-05,5.186790714488932,0.5189999999999962,0.8765681534346484,1.1692816380852635,2.9271348465061506,0.16903243998028986,0.0,7.208912586564549,0.5316786096833487,0.0,279.4758281187922,86316.57445106482,1.0759395080424334,335.1323518399881,0.0,0.0,56.64823914784617,1726.3573131792161
11.214921874999847,1335.6187065587012,56.42439700954994,56.42451298837338,11.180742448213016,-0.8239111509824956,-0.003510362010851445,1.3461011615699361e-05,5.186790714488932,0.5189999999999962,0.8765681534346484,1.1692777452879386,2.9270959185329013,0.16836710205101224,0.0,7.15086394478506,0.5316480608768348,0.0,279.4684784073684,86304.54677994667,1.0758178747215363,335.12789791486523,0.0,0.0,56.42451298837333,1712.5544898328758
11.234921874999847,1336.744959093626,56.200893591646384,56.20101014495991,11.169606376784069,-0.8261997462347338,-0.003520741808533908,1.2600506843343225e-05,5.186790714488932,0.5189999999999962,0.8765681534346484,1.169273956097811,2.9270580266316246,0.16770240399048147,0.0,7.093121081315066,0.5316176619467202,0.0,279.4611577658914,86292.5666812758,1.0756967161309394,335.1234616061302,0.0,0.0,56.20101014495985,1698.8228360575451
11.254921874999846,1337.8667437834906,55.97761230782295,55.97772944071674,11.158529028655463,-0.828489458053746,-0.003531215576857144,1.1809656756733978e-05,5.186790714488932,0.5189999999999962,0.8765681534346484,1.169270146917299,2.9270199348265056,0.16703834242582605,0.0,7.035682749701968,0.5315874123895927,0.0,279.4538661654073,86280.63410766967,1.0755760318665286,335.1190428962368,0.0,0.0,55.97772944071669,1685.162078629882
11.274921874999846,1338.984065059247,55.7545519859173,55.75466970354507,11.147510173690629,-0.8307802953477396,-0.003541783364477221,1.1061159154907716e-05,5.186790714488932,0.5189999999999962,0.8765681534346484,1.1692663338687388,2.9269818043409033,0.16637491399790474,0.0,6.9785477118960015,0.5315573117054587,0.0,279.44660357711484,86268.7490119957,1.075455821526331,335.1146417677316,0.0,0.0,55.754669703545005,1671.5719462094285
11.294921874999845,1340.0969273284509,55.531711458359574,55.53182976610619,11.13654957993805,-0.8330722676145176,-0.0035524448903557246,1.0255550307271243e-05,5.186790714488932,0.5189999999999962,0.8765681534346484,1.1692625758665718,2.926944224319233,0.16571211536122127,0.0,6.921714738575776,0.5315273593977201,0.0,279.43936997236506,86256.9113473701,1.0753360847105018,335.11025820325324,0.0,0.0,55.53182976610615,1658.0521693259734
11.314921874999845,1341.2053349753523,55.30908956237871,55.30920846578464,11.125647006795061,-0.835365386399616,-0.003563198657100723,9.472334254364501e-06,5.186790714488932,0.5189999999999962,0.8765681534346484,1.1692588256879517,2.9269067225330323,0.16504994318381766,0.0,6.8651826094612005,0.5314975549731521,0.0,279.4321653226602,86245.12106715703,1.0752168210213207,335.10589218553207,0.0,0.0,55.30920846578459,1644.602480366602
11.334921874999845,1342.3092923609956,55.086685139989555,55.08680464465521,11.114802209260704,-0.8376596631685318,-0.003574041757591309,8.689012627063524e-06,5.186790714488932,0.5189999999999962,0.8765681534346484,1.1692550966017754,2.9268694316712693,0.16438839414718046,0.0,6.808950112801412,0.5314678979418798,0.0,279.4249895996535,86233.37812496748,1.0750980300631796,335.10154369739,0.0,0.0,55.08680464465517,1631.222613563095
11.354921874999844,1343.4088038233128,54.86449703795807,54.86461714944978,11.10401496049207,-0.8399551088582533,-0.0035849689469618696,8.013791291254462e-06,5.186790714488932,0.5189999999999962,0.8765681534346484,1.1692513243604574,2.9268317092580896,0.16372746494614546,0.0,6.753016045629217,0.5314383878173569,0.0,279.4178427751485,86221.68247465829,1.0749797114425745,335.09721272174,0.0,0.0,54.864617149449735,1617.9123049794007
11.374921874999844,1344.5038736772162,54.64252410757959,54.64264483152018,11.09328503323054,-0.8422517339826547,-0.0035959733519691315,7.595295953906603e-06,5.186790714488932,0.5189999999999962,0.8765681534346484,1.1692474207332635,2.92679267298615,0.16306715228879098,0.0,6.697379213545199,0.5314090241163424,0.0,279.4107248210981,86210.03407033114,1.0748618647680985,335.0928992415854,0.0,0.0,54.6426448315201,1604.6712924989877
11.394921874999843,1345.5945062146898,54.42076520472962,54.420886546810344,11.08261219350276,-0.8445495491894882,-0.0036070473003001016,7.41250022148772e-06,5.186790714488932,0.5189999999999962,0.8765681534346484,1.1692433981181394,2.926752446834909,0.16240745289635883,0.0,6.6420384304656395,0.5313798063588799,0.0,279.4036357096045,86198.43286633166,1.074744489650432,335.08860324002035,0.0,0.0,54.42088654681028,1591.4993158128452
11.414921874999843,1346.6807057048825,54.19921919004609,54.19934115582164,11.071996205413294,-0.8468485642283311,-0.0036181814778664147,7.472943481167246e-06,5.186790714488932,0.5189999999999962,0.8765681534346484,1.1692392519907482,2.926710985560997,0.16174836350315433,0.0,6.5869925188092875,0.5313507340682757,0.0,279.39657541291825,86186.87881724829,1.0746275857023329,335.0843247002285,0.0,0.0,54.19934115582155,1578.396116407152
11.434921874999842,1347.7624763942024,53.977884928742085,53.978007523580715,11.061436840313057,-0.849148786554358,-0.003629366013462016,7.563201762351353e-06,5.186790714488932,0.5189999999999962,0.8765681534346484,1.1692351088441868,2.9266695540953833,0.1610898808564549,0.0,6.532240309178117,0.5313218067710765,0.0,279.38954390343764,86175.37187791147,1.0745111525386324,335.08006360548325,0.0,0.0,53.97800752358062,1565.3614375512373
11.454921874999842,1348.8398225064072,53.756761290581906,53.756884519607446,11.050933875688992,-0.8514502209274327,-0.003640589380473135,7.741264388606432e-06,5.186790714488932,0.5189999999999962,0.8765681534346484,1.1692309342145255,2.9266278077987704,0.16043200171641775,0.0,6.4777806407789,0.5312930239970495,0.0,279.3825411537083,86163.9120033925,1.0743951897762212,335.0758199391472,0.0,0.0,53.75688451960735,1552.3950242855924
11.474921874999842,1349.9127482426934,53.53584714964165,53.53597101788005,11.040487095155763,-0.8537528700092948,-0.0036518394995159235,8.063538647934569e-06,5.186790714488932,0.5189999999999962,0.8765681534346484,1.169226694579121,2.926585411444725,0.15977472285597982,0.0,6.4236123610891624,0.5312643852791594,0.0,279.3755671364225,86152.4991490027,1.074279697034045,335.07159368467205,0.0,0.0,53.53597101787996,1539.4966234098556
11.494921874999841,1350.9812577817838,53.315141384513936,53.315265896806466,11.03009627234748,-0.8560567346547991,-0.003663104856013242,8.36920106908659e-06,5.186790714488932,0.5189999999999962,0.8765681534346484,1.1692224852752662,2.926543318406177,0.1591180410607763,0.0,6.369734325569631,0.5312358901535494,0.0,279.36862182441837,86141.13327029244,1.074164673933096,335.0673848255975,0.0,0.0,53.31526589680635,1526.6659834712289
11.51492187499984,1352.0453552800175,53.094642878220505,53.09476803919259,11.01976118382983,-0.8583618132954688,-0.00367437467145054,8.510272197647055e-06,5.186790714488932,0.5189999999999962,0.8765681534346484,1.169218393980415,2.926502405457666,0.1584619531290494,0.0,6.316145397829436,0.5312075381595195,0.0,279.36170519067986,86129.81432305017,1.0740501200964023,335.063193345552,0.0,0.0,53.09476803919248,1513.9028547528205
11.53492187499984,1353.1050448714384,52.87435051822532,52.874476332210726,11.009481614972533,-0.8606681015998329,-0.00368563845033681,8.521653467382157e-06,5.186790714488932,0.5189999999999962,0.8765681534346484,1.1692143999472748,2.9264624651262636,0.1578064558715582,0.0,6.262844449771279,0.5311793288395062,0.0,279.35481720833565,86118.54226330153,1.073936035149023,335.0590192282514,0.0,0.0,52.87447633221062,1501.2069892620789
11.55492187499984,1354.1603306678826,52.65426319622274,52.65438966736596,10.999257352391151,-0.8629755924515243,-0.0036968862599678514,8.446789960295862e-06,5.186790714488932,0.5189999999999962,0.8765681534346484,1.1692104773399994,2.926423239053509,0.15715154611148172,0.0,6.20983036135092,0.5311512617390618,0.0,279.34795785065876,86107.31704730836,1.0738224187180385,335.0548624574992,0.0,0.0,52.65438966736585,1488.5781407192133
11.57492187499984,1355.2112167590626,52.43437980823272,52.43450694046645,10.98908817737907,-0.8652842766430323,-0.0037081084090262394,8.25426148782544e-06,5.186790714488932,0.5189999999999962,0.8765681534346484,1.1692066447241178,2.9263849128946937,0.1564972206843343,0.0,6.1571020204278994,0.5311233364068345,0.0,279.3411270910661,86096.13863156785,1.0737092704325424,335.05072301718604,0.0,0.0,52.434506940466335,1476.0160645459232
11.594921874999839,1356.2577072126555,52.21469925463257,52.21482705159294,10.978973873091341,-0.867594142172589,-0.003719295167749698,7.951776780469548e-06,5.186790714488932,0.5189999999999962,0.8765681534346484,1.1692028974607585,2.9263474402611,0.15584347643787821,0.0,6.10465832283453,0.5310955523945483,0.0,279.3343249031177,86085.00697281156,1.0735965899236335,335.04660089128936,0.0,0.0,52.21482705159284,1463.520517854175
11.614921874999839,1357.2998060743882,51.99522044003655,51.99534890506708,10.968914235297168,-0.8699051739746049,-0.0037304373195239087,7.643830924768185e-06,5.186790714488932,0.5189999999999962,0.8765681534346484,1.1691991734970313,2.926310200623828,0.15519031023203253,0.0,6.052498172367308,0.531067909256983,0.0,279.32755126051643,86073.92202800457,1.0734843768244096,335.04249606387293,0.0,0.0,51.995348905066976,1451.091259434998
11.634921874999838,1358.3375173681216,51.775942273200386,51.77607140942092,10.958909053374105,-0.8722173541901268,-0.0037415270710349003,7.456687570197287e-06,5.186790714488932,0.5189999999999962,0.8765681534346484,1.1691953978931036,2.926272444584551,0.15453771893878596,0.0,6.000620480640141,0.5310404065519547,0.0,279.3208061371072,86062.88375434454,1.0733726307699578,335.03840851908694,0.0,0.0,51.77607140942081,1438.7280497474437
11.654921874999838,1359.3708450959323,51.55686366696433,51.55699347736624,10.948958132410104,-0.8745306632835381,-0.003752557981036685,7.568631144523933e-06,5.186790714488932,0.5189999999999962,0.8765681534346484,1.1691914648153945,2.92623311380746,0.15388569944210898,0.0,5.949024167064198,0.5310130438402965,0.0,279.3140895068764,86051.89210926082,1.0732613513973481,335.0343382411671,0.0,0.0,51.55699347736612,1426.4306509076166
11.674921874999837,1360.3997932381933,51.337983538101554,51.33811402576809,10.939061270145901,-0.8768450812204501,-0.003763525097599607,7.964207161381787e-06,5.186790714488932,0.5189999999999962,0.8765681534346484,1.1691873833741506,2.9261922993950216,0.15323424863787832,0.0,5.897708158598703,0.5309858206858389,0.0,279.3074013439517,86040.94705041366,1.0731505383456255,335.03028521443474,0.0,0.0,51.338114025767986,1414.1988266780281
11.694921874999837,1361.4243657536551,51.119300807598805,51.11943197561438,10.929218253786038,-0.8791605880921104,-0.003774424502928794,8.609815632222611e-06,5.186790714488932,0.5189999999999962,0.8765681534346484,1.1691831734421347,2.9261502000748627,0.1525833634337896,0.0,5.8466713898668,0.5309587366553914,0.0,279.3007416226012,86030.0485356933,1.0730401912558032,335.02624942329635,0.0,0.0,51.11943197561427,1402.0323424568137
11.714921874999837,1362.444566579529,50.90081440051655,50.90094625198891,10.919428882743405,-0.8814771637947219,-0.0037852539589490926,9.334325730303187e-06,5.186790714488932,0.5189999999999962,0.8765681534346484,1.169178936438707,2.926107830040586,0.15193304074928063,0.0,5.795912802955799,0.5309317913187231,0.0,279.29411031723305,86019.19652321913,1.0729303097708545,335.02223085224324,0.0,0.0,50.90094625198878,1389.9309652672282
11.734921874999836,1363.4603996315675,50.68252324594492,50.68265578404087,10.909692956295917,-0.8837947882761539,-0.0037960130133795093,1.0207491197632313e-05,5.186790714488932,0.5189999999999962,0.8765681534346484,1.1691746309449795,2.9260647751033106,0.15128327751544401,0.0,5.745431347744841,0.5309049842485448,0.0,279.2875074023948,86008.39097133873,1.072820893535705,335.0182294858513,0.0,0.0,50.68265578404075,1377.89446374703
11.754921874999836,1364.4718688041457,50.46442627706461,50.464559504954295,10.90001027233716,-0.8861134417057395,-0.0038067031627781844,1.1228210357410647e-05,5.186790714488932,0.5189999999999962,0.8765681534346484,1.1691702575487042,2.926021041140557,0.15063407067493895,0.0,5.695225981549927,0.530878315020489,0.0,279.28093285277305,85997.6318386271,1.0727119421972267,335.01424530878046,0.0,0.0,50.46455950495417,1365.9226081379372
11.774921874999835,1365.478977970342,50.24652243098176,50.24665635192006,10.890380636619524,-0.8884331040889765,-0.0038173267467092645,1.2360061855931991e-05,5.186790714488932,0.5189999999999962,0.8765681534346484,1.1691658377953482,2.9259768436069975,0.14998541718191152,0.0,5.645295669197879,0.5308517832231938,0.0,279.27438664319277,85986.91908388583,1.0726034554042283,335.0102783057748,0.0,0.0,50.24665635191992,1354.0151702753249
11.794921874999835,1366.4817309820153,50.02881064862697,50.02894526610134,10.880803859804036,-0.8907537564201707,-0.0038278866316677424,1.3379234761309905e-05,5.186790714488932,0.5189999999999962,0.8765681534346484,1.169161504365761,2.925933509311126,0.1493373140018951,0.0,5.595639387018644,0.5308253888668064,0.0,279.2678687486169,85976.25266614217,1.0724954328074507,335.00632846166184,0.0,0.0,50.028945266101196,1342.171923577642
11.814921874999834,1367.480131669882,49.811289874813006,49.81142519261719,10.871279745750616,-0.8930753819290329,-0.003838386931566554,1.4150463097624786e-05,5.186790714488932,0.5189999999999962,0.8765681534346484,1.1691573374528874,2.9258918401823895,0.1486897581117644,0.0,5.5462561095167064,0.530799131096411,0.0,279.26137914414574,85965.63254464827,1.0723878740595574,335.0023957613523,0.0,0.0,49.811425192617044,1330.3926430368833
11.834921874999834,1368.4741838435937,49.59395905830145,49.59409508052008,10.861808095760153,-0.8953979660009393,-0.0038488334999681587,1.4723659347971654e-05,5.186790714488932,0.5189999999999962,0.8765681534346484,1.1691533073791383,2.925851539444898,0.1480427464996722,0.0,5.497144823490752,0.53077300949915,0.0,279.25491780501665,85955.05867888035,1.072280778815129,334.99848018984005,0.0,0.0,49.59409508051995,1318.6771052088147
11.854921874999834,1369.4638912918167,49.37681715177472,49.37695388275747,10.85238871457449,-0.8977214960178759,-0.0038592340379080673,1.519777458576412e-05,5.186790714488932,0.5189999999999962,0.8765681534346484,1.169149355387186,2.9258120195253743,0.14739627616493767,0.0,5.44830452309882,0.5307470236649987,0.0,279.24848470660316,85944.53102853787,1.0721741467306565,334.9945817322015,0.0,0.0,49.376953882757356,1307.0250882024154
11.874921874999833,1370.4492577823105,49.1598631118183,49.1600005561427,10.843021408599173,-0.900045960985,-0.0038695971673409772,1.558731976264561e-05,5.186790714488932,0.5189999999999962,0.8765681534346484,1.1691454728138435,2.9257731937919504,0.14675034411796295,0.0,5.39973420957559,0.5307211731867465,0.0,279.242079824415,85934.04955354266,1.0720679774645319,334.9907003735955,0.0,0.0,49.160000556142556,1295.4363716699083
11.894921874999833,1371.430287062004,48.94309589885844,48.94323406132893,10.833705986614417,-0.9023713514609676,-0.0038799318864183555,1.5915967869464773e-05,5.186790714488932,0.5189999999999962,0.8765681534346484,1.1691416455696737,2.9257349213502524,0.1461049473801592,0.0,5.351432891328312,0.530695457659979,0.0,279.2357031340969,85923.61421403816,1.0719622706770429,334.98683609926275,0.0,0.0,48.943234061328795,1283.9107367970423
11.914921874999832,1372.4069828570737,48.726514477180366,48.726653362780105,10.824442254894826,-0.9046976592600724,-0.003890246853048497,1.623996884633623e-05,5.186790714488932,0.5189999999999962,0.8765681534346484,1.1691378402155372,2.9256968678088877,0.14546008298386226,0.0,5.303399583928986,0.530669876683062,0.0,279.229354611429,85913.2249703885,1.071857026030365,334.982988894526,0.0,0.0,48.72665336277996,1272.4479662932704
11.934921874999832,1373.3793488730196,48.51011781485838,48.51025742874531,10.815230026483233,-0.9070248770655722,-0.0039005499106675727,1.6507843721611145e-05,5.186790714488932,0.5189999999999962,0.8765681534346484,1.1691340872356648,2.9256593380101634,0.14481574797226035,0.0,5.255633309819398,0.530644429857123,0.0,279.22303423232535,85902.8817831778,1.0717522431885553,334.9791587447892,0.0,0.0,48.51025742874518,1261.0478443822115
11.954921874999831,1374.3473887947407,48.29390488368716,48.294045231232296,10.806069117067292,-0.9093529986679311,-0.00391084867383425,1.6642242316922357e-05,5.186790714488932,0.5189999999999962,0.8765681534346484,1.1691304324463065,2.9256227901165808,0.14417193939931752,0.0,5.208133098403302,0.5306191167860353,0.0,279.21674197283414,85892.5846132093,1.0716479218175445,334.9753456355375,0.0,0.0,48.294045231232154,1249.710156792122
11.974921874999831,1375.311106286609,48.077874659167186,48.07801574598052,10.79695933969068,-0.9116820192939711,-0.003921150172036281,1.6658425243441807e-05,5.186790714488932,0.5189999999999962,0.8765681534346484,1.1691268667533812,2.925587133187327,0.14352865432969714,0.0,5.160897986214835,0.530593937076401,0.0,279.21047780913705,85882.33342150459,1.0715440615851308,334.971549552337,0.0,0.0,48.078015745980395,1238.434690746435
11.99492187499983,1376.2705049925435,47.862026120548975,47.86216795243263,10.787900508338716,-0.9140119353168024,-0.00393146111096148,1.6573032358028714e-05,5.186790714488932,0.5189999999999962,0.8765681534346484,1.1691233802237257,2.925552267890773,0.14288588983867928,0.0,5.113927016711254,0.5305688903375335,0.0,279.2042417175484,85872.1281693028,1.0714406621609733,334.96777048083436,0.0,0.0,47.86216795243251,1227.2212349542806
12.01492187499983,1377.225588536085,47.646358250703585,47.64650083371026,10.778892442270072,-0.9163427443434727,-0.003941787326575966,1.6328674486460272e-05,5.186790714488932,0.5189999999999962,0.8765681534346484,1.169120006836489,2.9255185340184062,0.14224364301209233,0.0,5.067219240097725,0.5305439761814416,0.0,279.19803367451544,85861.96881805985,1.0713377232165837,334.96400840675636,0.0,0.0,47.64650083371015,1216.0695796013129
12.03492187499983,1378.1763605204687,47.43087003621184,47.43101337658475,10.769934956887273,-0.918674445218626,-0.003952134127136947,1.5990688732666152e-05,5.186790714488932,0.5189999999999962,0.8765681534346484,1.1691167077866904,2.9254855435204195,0.14160191094622823,0.0,5.020773713621145,0.5305191942228127,0.0,279.19185365661696,85851.85532944764,1.0712352444253224,334.96026331590986,0.0,0.0,47.43101337658463,1204.9795163403478
12.05492187499983,1379.1228245286977,47.21556046727793,47.21570457145188,10.761027868051189,-0.9210070376720372,-0.003962506591125214,1.562871834104379e-05,5.186790714488932,0.5189999999999962,0.8765681534346484,1.1691134416998588,2.925452882652103,0.14096069074777057,0.0,4.974589501307167,0.5304945440789967,0.0,279.1857016405634,85841.7876653533,1.0711332254623884,334.95653519418147,0.0,0.0,47.215704571451745,1193.9508382822808
12.074921874999829,1380.0649841236161,47.00042853780209,47.00057341230432,10.752170996731593,-0.9233405219829661,-0.003972909513809069,1.5200937394569914e-05,5.186790714488932,0.5189999999999962,0.8765681534346484,1.1691102333436223,2.9254207990897383,0.14031997953371547,0.0,4.928665673732706,0.5304700253699894,0.0,279.1795776031965,85831.76578787836,1.071031666004815,334.9528240275371,0.0,0.0,47.000573412304206,1182.9833399869642
12.094921874999828,1381.0028428479814,46.785473245202745,46.7856188967086,10.743364165792567,-0.9256748985997052,-0.00398334645791189,1.4688811616286125e-05,5.186790714488932,0.5189999999999962,0.8765681534346484,1.1691070936478616,2.925389402132131,0.1396797744313055,0.0,4.88300130821197,0.5304456377184176,0.0,279.1734815214881,85821.78965933807,1.0709305657314627,334.9491298020218,0.0,0.0,46.78561889670847,1172.0768174543743
12.114921874999828,1381.9364042245343,46.570693590407174,46.570840025778566,10.734607200303882,-0.9280101687029986,-0.003993820205862154,1.406433609243112e-05,5.186790714488932,0.5189999999999962,0.8765681534346484,1.1691040391728407,2.925358857381922,0.1390400725779542,0.0,4.837595488701345,0.530421380749522,0.0,279.1674133725405,85811.85924226054,1.070829924323012,334.94545250375955,0.0,0.0,46.57084002577844,1161.2310681156912
12.134921874999828,1382.8656717560702,46.35608857790835,46.35623580414834,10.725899925205143,-0.9303463341025602,-0.0040043327513562075,1.3327095748163477e-05,5.186790714488932,0.5189999999999962,0.8765681534346484,1.1691010701163111,2.925329166816627,0.13840087112116792,0.0,4.7924473058097075,0.5303972540911424,0.0,279.1613731335855,85801.97449938607,1.0707297414619572,334.94179211895283,0.0,0.0,46.356235804148206,1150.4458908244058
12.154921874999827,1383.7906489255083,46.14165721560973,46.14180523994976,10.7172421666411,-0.9326833972655655,-0.0040148858324117465,1.2474025397477437e-05,5.186790714488932,0.5189999999999962,0.8765681534346484,1.1690981882379718,2.925300348033234,0.1377621672184818,0.0,4.747555856709091,0.5303732573737017,0.0,279.1553607819842,85792.1353936664,1.0706300168326008,334.9381486338824,0.0,0.0,46.14180523994962,1139.7210858477347
12.174921874999827,1384.7113391959613,45.927398514986635,45.927547344783285,10.70863374693658,-0.9350213614452412,-0.004025480383101932,1.1595803690453637e-05,5.186790714488932,0.5189999999999962,0.8765681534346484,1.1690953397033923,2.9252718626874383,0.13712395803737587,0.0,4.702920245199748,0.5303493902301902,0.0,279.1493762952262,85782.34188826391,1.0705307501210461,334.9345220349071,0.0,0.0,45.92754734478314,1129.0564548577731
12.194921874999826,1385.6277460108063,45.71331149097304,45.713461133695205,10.700074493551982,-0.9373602300602538,-0.004036117038417461,1.068590934501286e-05,5.186790714488932,0.5189999999999962,0.8765681534346484,1.1690925283180913,2.9252437488344283,0.13648624075521,0.0,4.658539581427275,0.530325652296151,0.0,279.14341965092973,85772.59394655094,1.0704319410151903,334.93091230846346,0.0,0.0,45.71346113369507,1118.4518009230312
12.214921874999826,1386.539872793754,45.49939516198116,45.49954562515163,10.691564231733208,-0.9397000062539738,-0.004046795729326007,9.846826676081586e-06,5.186790714488932,0.5189999999999962,0.8765681534346484,1.1690896932412242,2.925215398065758,0.1358490125591493,0.0,4.614412982077225,0.5303020432096645,0.0,279.1374908268406,85762.89153210906,1.0703335892047208,334.9273194410654,0.0,0.0,45.4995456251515,1107.9069284998843
12.234921874999825,1387.4477229489178,45.285648549857,45.285799841013656,10.68310279674965,-0.9420406927645685,-0.004057515627465583,8.983843227289087e-06,5.186790714488932,0.5189999999999962,0.8765681534346484,1.1690868905761043,2.925187371414558,0.1352122706460928,0.0,4.570539570028206,0.5302785626113324,0.0,279.131589800832,85753.23460872822,1.0702356943811049,334.9237434193042,0.0,0.0,45.2857998410135,1097.4216434241398
12.254921874999825,1388.35129986088,45.072070679675846,45.07222280651512,10.674690025521675,-0.9443822922011285,-0.004068275602606297,8.029140572106729e-06,5.186790714488932,0.5189999999999962,0.8765681534346484,1.1690841605415954,2.925160071069469,0.13457601222261048,0.0,4.526918474568456,0.530255210144265,0.0,279.12571655090426,85743.62314040618,1.0701382562375865,334.920184229848,0.0,0.0,45.07222280651498,1086.9957529028143
12.274921874999825,1389.2506068947587,44.85866057989301,44.858813550236455,10.66632574355165,-0.9467248075067856,-0.0040790739941612975,7.137049562615371e-06,5.186790714488932,0.5189999999999962,0.8765681534346484,1.1690814115329298,2.925132580982813,0.1339402345048675,0.0,4.483548831470568,0.5302319854540645,0.0,279.11987105518403,85734.05709134774,1.0700412744691803,334.91664185944154,0.0,0.0,44.85881355023632,1076.6290655057633
12.294921874999824,1390.1456473962749,44.645417282411415,44.64557110407977,10.658009785341497,-0.9490682412996266,-0.004089908954940832,6.293972496475172e-06,5.186790714488932,0.5189999999999962,0.8765681534346484,1.1690786515165057,2.9251049808185723,0.13330493471855306,0.0,4.440429782630622,0.5302088881888111,0.0,279.11405329192417,85724.53642596402,1.069944748772663,334.91311629490605,0.0,0.0,44.64557110407962,1066.3213911574583
12.314921874999824,1391.036424691821,44.43233982237421,44.432494503246055,10.64974198832667,-0.951412595524933,-0.004100778213630134,5.444208119082709e-06,5.186790714488932,0.5189999999999962,0.8765681534346484,1.169075913557175,2.9250776012252664,0.13267011009881544,0.0,4.397560476164365,0.5301859179990486,0.0,279.1082632395031,85715.06110887171,1.0698486788465689,334.9096075231389,0.0,0.0,44.432494503245906,1056.0725411289259
12.334921874999823,1391.9229420885238,44.21942723816552,44.21958278621113,10.641522187366151,-0.9537578719588732,-0.004111678768655515,4.6124810868256865e-06,5.186790714488932,0.5189999999999962,0.8765681534346484,1.1690731828721868,2.925050294375383,0.1320357578901927,0.0,4.354940066434028,0.5301630745377697,0.0,279.1025008764246,85705.63110489248,1.069753064391184,334.9061155311133,0.0,0.0,44.21958278621098,1045.8823280296854
12.354921874999823,1392.8052028743125,44.00667857155159,44.00683499470069,10.633350219160942,-0.9561040717478049,-0.004122607277068512,3.858911683973965e-06,5.186790714488932,0.5189999999999962,0.8765681534346484,1.169070423761679,2.9250227032703044,0.13140187534654127,0.0,4.3125677139621015,0.530140357460402,0.0,279.0967661813169,85696.24637905219,1.0696579051085402,334.9026403058781,0.0,0.0,44.00683499470054,1035.7505657997162
12.374921874999822,1393.6832103179825,43.794092867410825,43.79425017366757,10.625225924658876,-0.9584511952761523,-0.004133560074908534,3.1852953045915476e-06,5.186790714488932,0.5189999999999962,0.8765681534346484,1.1690676351318405,2.9249948169719207,0.13076845973097087,0.0,4.27044258535679,0.5301177664247938,0.0,279.0910591329331,85686.90689658023,1.0695632007024078,334.89918183455745,0.0,0.0,43.794250173667415,1025.6770697015897
12.394921874999822,1394.5569676692594,43.58166917393098,43.581827371267984,10.617149139406948,-0.9607992423922567,-0.00414453337793483,2.701346681983019e-06,5.186790714488932,0.5189999999999962,0.8765681534346484,1.169064751826154,2.9249659839150564,0.1301355083157764,0.0,4.22856385333193,0.5300953010912002,0.0,279.08537971014977,85677.61262290881,1.0694689508782904,334.89574010435075,0.0,0.0,43.58182737126783,1015.6616563126207
12.414921874999822,1395.426478158865,43.36940654227774,43.36956563883794,10.609119710504892,-0.9631482118820834,-0.00415552359003986,2.33006708809519e-06,5.186790714488932,0.5189999999999962,0.8765681534346484,1.1690618194791684,2.9249366604451996,0.1295030183823703,0.0,4.1869306965918325,0.530072961122269,0.0,279.07972789196737,85668.36352367235,1.06937515534342,334.8923151025322,0.0,0.0,43.36956563883778,1005.7041435170861
12.434921874999821,1396.2917449985694,43.157304026638776,43.15746403087354,10.601137506116126,-0.9654981051781333,-0.004166521243034713,1.990685827572584e-06,5.186790714488932,0.5189999999999962,0.8765681534346484,1.169058885945176,2.9249073251052757,0.1288709872212267,0.0,4.145542299860858,0.5300507461830273,0.0,279.0741036575093,85659.15956470679,1.0692818138067508,334.8889068164506,0.0,0.0,43.157464030873385,995.8043504986907
12.45492187499982,1397.1527713812711,42.945360685409426,42.945521605001666,10.593202290683465,-0.9678489203906584,-0.004177519196764006,1.716223086994014e-06,5.186790714488932,0.5189999999999962,0.8765681534346484,1.1690559315941988,2.924877781595504,0.12823941213179632,0.0,4.104397853856368,0.5300286559408675,0.0,279.0685069860217,85650.00071204886,1.0691889259789522,334.8855152335292,0.0,0.0,42.9455216050015,985.9620977326414
12.47492187499982,1398.0095604810626,42.73357557932856,42.73373742195752,10.58531397289994,-0.9702006510562027,-0.004188517678063623,1.571772335421516e-06,5.186790714488932,0.5189999999999962,0.8765681534346484,1.1690529177647055,2.924847643300571,0.12760829042244265,0.0,4.063496555226539,0.5300066900655337,0.0,279.0629378568731,85640.8869319353,1.0690964915724024,334.8821403412651,0.0,0.0,42.73373742195735,976.1772069781127
12.49492187499982,1398.8621154532777,42.52194777201819,42.522110545565525,10.577472396399822,-0.9725532913572051,-0.004199516923916671,1.498363440690346e-06,5.186790714488932,0.5189999999999962,0.8765681534346484,1.1690498794053281,2.9248172597067965,0.12697761941038727,0.0,4.022837606496614,0.5299848482291087,0.0,279.0573962495537,85631.81819080241,1.0690045103011852,334.87878212722956,0.0,0.0,42.522110545565354,966.4495012709225
12.51492187499982,1399.7104394345538,42.31047633015871,42.31064004271659,10.569677411131103,-0.974906836121899,-0.004210517156081669,1.5533701174288119e-06,5.186790714488932,0.5189999999999962,0.8765681534346484,1.1690467824255522,2.924786289909037,0.12634739642164503,0.0,3.982420216066976,0.5299631301060006,0.0,279.05188214367536,85622.79445528536,1.068912981881083,334.87544057906723,0.0,0.0,42.31064004271644,956.7788049160988
12.534921874999819,1400.5545355428912,42.09916032338742,42.09932498334595,10.561928872859987,-0.9772612811450822,-0.004221518598176692,1.9018108658920122e-06,5.186790714488932,0.5189999999999962,0.8765681534346484,1.1690435288163812,2.924753753817327,0.12571761879095994,0.0,3.9422435981789348,0.5299415353729298,0.0,279.04639551897117,85613.81569221757,1.0688219060295725,334.8721156844965,0.0,0.0,42.099324983345774,947.1649434805289
12.554921874999819,1401.3944068777128,41.88799882465991,41.8881644404111,10.554226509561191,-0.9796166239218604,-0.004232521482340892,2.532057645988491e-06,5.186790714488932,0.5189999999999962,0.8765681534346484,1.1690401254917333,2.9247197205708484,0.12508828386174312,0.0,3.902306972854806,0.5299200637089161,0.0,279.04093635529483,85604.88186863005,1.0687312824658184,334.8688074313087,0.0,0.0,41.88816444041094,937.6077437856868
12.574921874999818,1402.2300565199573,41.67699091178269,41.677157489857535,10.546570335505088,-0.9819728513839977,-0.0042435154317911694,3.3272661318810108e-06,5.186790714488932,0.5189999999999962,0.8765681534346484,1.169036641709695,2.9246848827504643,0.124459388985972,0.0,3.8626095658529973,0.5298987147952644,0.0,279.03550463262025,85595.99295175046,1.0686411109106646,334.86551580736784,0.0,0.0,41.67715748985735,928.1070338998479
12.594921874999818,1403.0614875321112,41.46613566235729,41.466303210609645,10.538960142191945,-0.9843299502020382,-0.004254492654919975,4.29368110286953e-06,5.186790714488932,0.5189999999999962,0.8765681534346484,1.1690330737441723,2.9246492030952385,0.12383093152416667,0.0,3.8231506086692977,0.5298774883155533,0.0,279.03010033104124,85587.14890900272,1.0685513910866327,334.862240800611,0.0,0.0,41.466303210609475,918.6626431315285
12.614921874999817,1403.888702958257,41.255432158247004,41.255600684548384,10.531395784102944,-0.9866879104814122,-0.004265449884073101,5.333158690994894e-06,5.186790714488932,0.5189999999999962,0.8765681534346484,1.1690294797262821,2.9246132629163366,0.12320290884532528,0.0,3.7839293384441377,0.529856383955622,0.0,279.0247234307713,85578.3497080065,1.068462122717915,334.8589823990474,0.0,0.0,41.25560068454822,909.2744020223522
12.634921874999817,1404.7117058241436,41.044879484185145,41.04504899648772,10.523877116320994,-0.9890467218190729,-0.004276384280162245,6.404241021780221e-06,5.186790714488932,0.5189999999999962,0.8765681534346484,1.1690258842374555,2.92457730802807,0.1225753183268566,0.0,3.7449449979640006,0.5298354014035584,0.0,279.01937391214307,85569.59531657651,1.0683733055303715,334.8557405907587,0.0,0.0,41.045048996487566,899.9421423399439
12.654921874999816,1405.5304991372436,40.83447672779664,40.834647234152655,10.516403994934917,-0.9914063735884966,-0.0042872934764249734,7.57996160158258e-06,5.186790714488932,0.5189999999999962,0.8765681534346484,1.1690222438901905,2.9245409045554203,0.12194815735451696,0.0,3.7061968356802817,0.529814540349686,0.0,279.0140517556079,85560.88570272188,1.068284939251522,334.8525153638984,0.0,0.0,40.83464723415249,890.6656970709357
12.674921874999816,1406.3450858868107,40.62422297960912,40.62439448815761,10.508976275043317,-0.9937668551450745,-0.004298175081340566,8.805426369555748e-06,5.186790714488932,0.5189999999999962,0.8765681534346484,1.1690185912207676,2.924504377861191,0.12132142332234847,0.0,3.6676841055635245,0.5297938004865513,0.0,279.0087569417357,85552.2208346455,1.0681970236105411,334.8493067066919,0.0,0.0,40.62439448815746,881.4449004140589
12.694921874999816,1407.1554690439382,40.41411733302591,40.414289851986055,10.501593812074384,-0.9961281555626876,-0.004309027118137236,1.0025370134361494e-05,5.186790714488932,0.5189999999999962,0.8765681534346484,1.1690149589649559,2.924468055303074,0.1206951136326204,0.0,3.6294060671112636,0.5297731815089124,0.0,279.00348945121436,85543.60068074346,1.0681095583382547,334.8461146074359,0.0,0.0,40.414289851985906,872.2795877733321
12.714921874999815,1407.9616515616167,40.20415888436037,40.204332421967464,10.49425646352206,-0.9984902634085486,-0.004319848484000795,1.1358849351284451e-05,5.186790714488932,0.5189999999999962,0.8765681534346484,1.1690112764466112,2.924431230119627,0.1200692256957633,0.0,3.5913619854592342,0.5297526831137259,0.0,278.99824926484945,85535.02520960441,1.0680225431671322,334.84293905449874,0.0,0.0,40.20433242196732,863.1695957512037
12.734921874999815,1408.7636363747904,39.99434673267121,39.99452129725724,10.486964092731045,-1.000853166772635,-0.004330638637726151,1.2712742954580301e-05,5.186790714488932,0.5189999999999962,0.8765681534346484,1.1690075988625739,2.924394454279254,0.11944375693031134,0.0,3.5535511310693315,0.5297323050001355,0.0,278.9930363635638,85526.49439000896,1.0679359778312827,334.83978003631967,0.0,0.0,39.99452129725708,854.1147621418671
12.754921874999814,1409.5614264004128,39.784679979803116,39.784855579815634,10.479716559331873,-1.0032168537115291,-0.004341397500105905,1.4158440070871407e-05,5.186790714488932,0.5189999999999962,0.8765681534346484,1.1690038838251837,2.9243573039053525,0.11881870476284231,0.0,3.5159727799844234,0.52971204686946,0.0,278.9878507283973,85518.00819092906,1.06784986206645,334.8366375414088,0.0,0.0,39.78485557981549,845.1149259245984
12.774921874999814,1410.355024537502,39.57515773042308,39.57533437438612,10.47251372377339,-1.005581312049582,-0.004352125117862501,1.5696766074292056e-05,5.186790714488932,0.5189999999999962,0.8765681534346484,1.1690001307938604,2.92431977359212,0.11819406662791496,0.0,3.4786262136109056,0.5296919084251815,0.0,278.9826923405062,85509.5665815275,1.0677641956100075,334.8335115583468,0.0,0.0,39.575334374385974,836.1699272571103
12.794921874999813,1411.1444336671975,39.365779091927614,39.365956788476005,10.465355450264472,-1.0079465294247947,-0.004362821743182475,1.7273447651995237e-05,5.186790714488932,0.5189999999999962,0.8765681534346484,1.1689963719363943,2.924282185017458,0.11756983996801414,0.0,3.441510718672752,0.5296718893729332,0.0,278.9775611811632,85501.1695311572,1.0676789782009515,334.8304020757849,0.0,0.0,39.365956788475856,827.2796074690717
12.814921874999813,1411.9296566528133,39.15654317440585,39.15672193233613,10.458241604753866,-1.0103124934766257,-0.004373488057152163,1.8834101035238735e-05,5.186790714488932,0.5189999999999962,0.8765681534346484,1.1689926394588475,2.92424486024199,0.11694602223349235,0.0,3.4046255872246154,0.529651989420489,0.0,278.97245723175666,85492.81700936069,1.067594209579899,334.8273090824446,0.0,0.0,39.15672193233598,818.4438090556313
12.834921874999813,1412.7106963398926,38.94744909068356,38.94762891893959,10.451172050378315,-1.0126791920254183,-0.004384125057977893,2.043423025601686e-05,5.186790714488932,0.5189999999999962,0.8765681534346484,1.1689889003979816,2.924207469633332,0.11632261088250884,0.0,3.3679701167755756,0.5296322082777506,0.0,278.9673804737907,85484.50898586957,1.0675098894890795,334.8242325671172,0.0,0.0,38.947628918939415,809.6623756709538
12.854921874999812,1413.4875555562621,38.738495956280666,38.73867686396145,10.444146653546738,-1.015046613076043,-0.004394734055878228,2.2030584462900617e-05,5.186790714488932,0.5189999999999962,0.8765681534346484,1.1689851803780458,2.924170269433973,0.11569960338097161,0.0,3.331543609997493,0.5296125456567369,0.0,278.96233088888425,85476.24543060387,1.0674260176723336,334.82117251866384,0.0,0.0,38.73867686396128,800.9351521218583
12.874921874999812,1414.2602371120859,38.52968288938267,38.529864885759125,10.437165281464171,-1.0174147446791482,-0.004405316516403152,2.361794563222852e-05,5.186790714488932,0.5189999999999962,0.8765681534346484,1.1689814824386715,2.9241332900402304,0.11507699720248085,0.0,3.295345374865972,0.5295930012715729,0.0,278.9573084587714,85468.02631367148,1.0673425938751042,334.81812892601545,0.0,0.0,38.529864885758954,792.2619843615231
12.894921874999811,1415.0287437999175,38.32100901079738,38.321192105352885,10.430227803934555,-1.0197835752829898,-0.0044158742577527004,2.5131540589924805e-05,5.186790714488932,0.5189999999999962,0.8765681534346484,1.1689778449779153,2.924096915432669,0.11445478982827362,0.0,3.2593747244842595,0.529573574838478,0.0,278.9523131653005,85459.85160536766,1.0672596178444358,334.8151017781721,0.0,0.0,38.32119210535273,783.642719483264
12.914921874999811,1415.7930783947531,38.11247344394191,38.1126576464062,10.423334090128986,-1.0221530938500183,-0.00442640947846475,2.6554906121344404e-05,5.186790714488932,0.5189999999999962,0.8765681534346484,1.1689742777150025,2.9240612428035404,0.11383297874716719,0.0,3.2236309772190785,0.5295542660757552,0.0,278.9473449904341,85451.72127617437,1.0671770893289654,334.81209106420306,0.0008136626698353852,0.00011586178667034885,38.112657646406035,775.0772057143388
12.93492187499981,1416.5532436540832,37.90407531485814,37.90426063520472,10.416484010000799,-1.0245232900291632,-0.004436924718037822,2.788429732314537e-05,5.186790714488932,0.5189999999999962,0.8765681534346484,1.168970782831598,2.924026293969496,0.11321156145549911,0.0,3.188113456627058,0.5295350747037804,0.0,278.94240391624845,85443.63529675985,1.0670950080789212,334.80909677324655,0.0008286869326579778,9.271110883634873e-05,37.90426063520455,766.565292409765
12.95492187499981,1417.3092423179455,37.69581375218886,37.69600020063685,10.409677432843466,-1.0268941540219783,-0.004447422642670872,2.914636656738194e-05,5.186790714488932,0.5189999999999962,0.8765681534346484,1.16896734447442,2.923991910397715,0.11259053545707119,0.0,3.1528214914634427,0.5295160004449904,0.0,278.93748992493335,85435.59363797795,1.0670133738461163,334.8061188945096,0.0008448312094702774,6.755710132702631e-05,37.696000200636675,758.1068300462399
12.97492187499981,1418.0610771089762,37.487687887168114,37.48787547417376,10.402914230139045,-1.0292656765628732,-0.004457906113210937,3.0342229465364108e-05,5.186790714488932,0.5189999999999962,0.8765681534346484,1.1689639619417695,2.923958085071211,0.11196989826309246,0.0,3.117754415553092,0.5294970430238738,0.0,278.93260299879165,85427.5962708676,1.0669321863839434,334.80315741726776,0.0008602350526430759,4.027856017335957e-05,37.4878754741736,749.7016702160961
12.99492187499981,1418.808750732462,37.2796968535754,37.27988558985029,10.396194274861871,-1.0316378488634184,-0.004468378397183192,3.146307055698093e-05,5.186790714488932,0.5189999999999962,0.8765681534346484,1.1689606404271091,2.9239248699246065,0.11134964739212422,0.0,3.082911567784539,0.5294782021669586,0.0,278.927743120239,85419.64316665233,1.0668514454473712,334.80021233086484,0.0008729000365908099,1.5439428825090162e-05,37.27988558985012,741.3496656213372
13.014921874999809,1419.5522658763903,37.07183978775279,37.07202968424447,10.389517439312051,-1.0340106626447967,-0.004478842957767469,3.254406781996788e-05,5.186790714488932,0.5189999999999962,0.8765681534346484,1.1689573590125295,2.9238920557788104,0.11072978037002158,0.0,3.0482922921881723,0.5294594776028024,0.0,278.92291027180346,85411.73429673963,1.066771150792939,334.7972836247129,0.0008868489332677964,-8.503212923634788e-06,37.072029684244285,733.0506700676764
13.034921874999808,1420.2916252115012,36.8641158285438,36.86430689645945,10.382883598798553,-1.0363841100629347,-0.004489303435783163,3.3561702459342376e-05,5.186790714488932,0.5189999999999962,0.8765681534346484,1.1689541316198246,2.9238597818517618,0.1101102947298817,0.0,3.0138959377047736,0.5294408690619823,0.0,278.9181044361252,85403.86963272051,1.0666913021787527,334.79437128829187,0.0009012134457883284,-3.2093523168777633e-05,36.86430689645926,724.8045384587134
13.054921874999808,1421.0268313913364,36.6565241172988,36.656716368103645,10.376292630423723,-1.0387581838094964,-0.004499763368500952,3.446657911310697e-05,5.186790714488932,0.5189999999999962,0.8765681534346484,1.168950987509605,2.9238283407495644,0.10949118801198664,0.0,2.979721858214329,0.5294223762770836,0.0,278.9133255959563,85396.04914636888,1.0666118993644795,334.7914753111495,0.0009170787845536784,-5.740877940010813e-05,36.65671636810345,716.611126790089
13.074921874999808,1421.7578870522884,36.44906379780295,36.44925724327355,10.36974441105481,-1.0411328771933972,-0.004510226486139045,3.524392077195675e-05,5.186790714488932,0.5189999999999962,0.8765681534346484,1.168947935412509,2.923797819778605,0.10887245776375458,0.0,2.945769412635169,0.52940399898269,0.0,278.9085737341601,85388.27280964107,1.0665329421113434,334.788595682901,0.0009325901695925917,-8.372112937340924e-05,36.44925724327335,708.4702921437968
13.094921874999807,1422.4847948136512,36.24173401632864,36.2419286685324,10.36323881740932,-1.0435081842139309,-0.004520696605643194,3.591174592310141e-05,5.186790714488932,0.5189999999999962,0.8765681534346484,1.168944964596675,2.923768111620265,0.10825410153967835,0.0,2.9120379648985093,0.5293857369153734,0.0,278.90384883371127,85380.54059467533,1.0664544301821217,334.78573239322907,0.0009464796873266052,-0.00011101035316319576,36.2419286685322,700.381892682379
13.114921874999807,1423.207557277668,36.03453392157503,36.03472979289261,10.35677572692859,-1.045884099452556,-0.00453117762813239,3.6489198508353705e-05,5.186790714488932,0.5189999999999962,0.8765681534346484,1.1689420636707546,2.9237391023610613,0.10763611690127523,0.0,2.8785268838555935,0.5293675898136838,0.0,278.89915087769515,85372.85247379122,1.0663763633411387,334.7828854318833,0.0009581385426413183,-0.00013264951797377296,36.03472979289242,692.3457876433146
13.134921874999806,1423.9261770295811,35.82746266471662,35.827659767794714,10.350355017926427,-1.0482606180850536,-0.004541673326177525,3.699665751010438e-05,5.186790714488932,0.5189999999999962,0.8765681534346484,1.1689392205064137,2.923710670717653,0.10701850141702625,0.0,2.8452355432491285,0.5293495574181385,0.0,278.8944798493077,85365.2084194892,1.066298741354263,334.78005478868045,0.0009711338499348221,-0.0001566495071296471,35.82765976779452,684.361837333324
13.154921874999806,1424.64065663768,35.62051939931086,35.62071774709106,10.343976571534105,-1.0506377356905345,-0.004552187277627343,3.7403817268335825e-05,5.186790714488932,0.5189999999999962,0.8765681534346484,1.1689364530387731,2.9236829960412467,0.10640125266232989,0.0,2.812163321573985,0.5293316394712132,0.0,278.88983573185504,85357.60840445,1.0662215639889017,334.7772404535042,0.0009832216741640564,-0.0001799231407732249,35.620717747090865,676.4299031229039
13.174921874999805,1425.3509986533488,35.41370328129925,35.41390288702668,10.337640268852967,-1.0530154483790295,-0.004562722901603615,3.770598614877477e-05,5.186790714488932,0.5189999999999962,0.8765681534346484,1.1689337640242297,2.923656105895812,0.10578436821944728,0.0,2.779309602214581,0.5293138357173316,0.0,278.8852185087532,85350.05240153422,1.066144831013997,334.77444241630445,0.0009962146745532414,-0.00020150301624403843,35.4139028870265,668.5498474407976
13.194921874999805,1426.057205611115,35.20701346901515,35.20721434621994,10.331345989621171,-1.0553937527071091,-0.004573283334670433,3.7957607142332065e-05,5.186790714488932,0.5189999999999962,0.8765681534346484,1.1689311211230637,2.9236296768841528,0.10516784567744634,0.0,2.746673773489745,0.5292961459028556,0.0,278.8806281635277,85342.54038378177,1.0660685422000213,334.77166066709776,0.0010048481617329237,-0.00022016963555072515,35.20721434621977,660.7215337685025
13.214921874999805,1426.7592800286964,35.00044912317099,35.00065128564375,10.32509361619049,-1.057772645483481,-0.004583871410500827,3.8176615034511386e-05,5.186790714488932,0.5189999999999962,0.8765681534346484,1.168928513656201,2.9236036022155263,0.1045516826321481,0.0,2.7142552284196624,0.5292785697760755,0.0,278.87606467981345,85335.07232441133,1.0659926973189726,334.76889519596693,0.0010142222573938078,-0.0002365710933857409,35.000651285643585,652.944826634851
13.234921874999804,1427.4572244070484,34.794009406817466,34.79421286860785,10.318883032304546,-1.0601521236340428,-0.004594489608737639,3.835252056592051e-05,5.186790714488932,0.5189999999999962,0.8765681534346484,1.1689259478126623,2.923577943780139,0.10393587668607605,0.0,2.682053364718421,0.5292611070872009,0.0,278.87152804135417,85327.64819681991,1.0659172961443706,334.7661459930606,0.001025000368342283,-0.0002511623588610613,34.79421286860768,645.2195916106731
13.254921874999804,1428.1510412304106,34.58769348530765,34.58789826074165,10.312714122977715,-1.0625321842849096,-0.004605139989251792,3.847731723817269e-05,5.186790714488932,0.5189999999999962,0.8765681534346484,1.1689234283065661,2.923552748719177,0.103320425448407,0.0,2.650067584835081,0.5292437575883504,0.0,278.8670182320023,85320.26797458231,1.065842338451252,334.7634130485934,0.0010354029239936161,-0.00026444917661588315,34.587898260741476,637.5456953035273
13.274921874999803,1428.8407329663526,34.38150052631069,34.38170662997464,10.306586773515665,-1.0649128247313222,-0.004615824269560231,3.856551792590349e-05,5.186790714488932,0.5189999999999962,0.8765681534346484,1.1689209464898154,2.923527930551669,0.10270532653491479,0.0,2.6182972959693984,0.5292265210335432,0.0,278.86253523571867,85312.93163145067,1.0657678240161672,334.7606963528455,0.0010462027652879298,-0.00027710988489698684,34.38170662997446,629.9230053523826
13.294921874999803,1429.5263020658201,34.17542969975041,34.17563714652019,10.300500871122706,-1.067294042345133,-0.004626543863529504,3.859297763212762e-05,5.186790714488932,0.5189999999999962,0.8765681534346484,1.1689185166549843,2.923503632203358,0.10209057756792411,0.0,2.586741909919665,0.5292093971786888,0.0,278.8580790365721,85305.63914135397,1.065693752617175,334.7579958961627,0.001058467867859298,-0.00028978619161378706,34.17563714652002,622.3513904224751
13.314921874999802,1430.2077509631802,33.96948017781787,33.969688982856496,10.294456303347635,-1.0696758347011668,-0.004637299877674082,3.8559782935593176e-05,5.186790714488932,0.5189999999999962,0.8765681534346484,1.168916138715841,2.9234798528119263,0.1014761761762556,0.0,2.5554008431889326,0.5291923857815783,0.0,278.8536496187393,85298.3904783975,1.065620124033838,334.75531166895604,0.0010711721592145584,-0.0002999771783484708,33.96968898285633,614.830720200098
13.334921874999802,1430.8850820762657,33.76365113495086,33.763861313709064,10.288452957880853,-1.07205819954575,-0.004648093198864228,3.848116904921977e-05,5.186790714488932,0.5189999999999962,0.8765681534346484,1.1689138035923945,2.9234565015774603,0.10086211999517586,0.0,2.5242735169394903,0.5291754866018754,0.0,278.84924696650427,85291.18561686247,1.0655469380472216,334.7526436617016,0.0010822754510120601,-0.000309754715031637,33.763861313708894,607.3608653874984
13.354921874999802,1431.5582978064213,33.557941747807774,33.558153316033305,10.282490723913256,-1.0744411346855292,-0.004658924464519577,3.835784660056555e-05,5.186790714488932,0.5189999999999962,0.8765681534346484,1.1689115108366814,2.9234335740203297,0.1002484066663477,0.0,2.4933593569080634,0.5291586994011067,0.0,278.84487106425826,85284.02453120542,1.0654741944398851,334.7499918649405,0.0010945807307830586,-0.0003180715603931803,33.55815331603314,599.9416976978191
13.374921874999801,1432.2274005385461,33.352351195260056,33.35256416899668,10.276569491018874,-1.0768246380260011,-0.004669794088248533,3.8213960336218115e-05,5.186790714488932,0.5189999999999962,0.8765681534346484,1.1689092460895774,2.923410926549289,0.09963503383777866,0.0,2.462657793543997,0.5291420239614351,0.0,278.8405218964994,85276.90719605789,1.0654018929958815,334.7473562692786,0.0011074950567035858,-0.00032635903144904836,33.35256416899652,592.573089850065
13.3949218749998,1432.8923926411394,33.14687865837729,33.14709305396066,10.270689151044706,-1.079208707577212,-0.004680702241505269,3.8013022843257407e-05,5.186790714488932,0.5189999999999962,0.8765681534346484,1.1689070309558016,2.9233887752115315,0.09902199916376936,0.0,2.432168261616646,0.529125460042071,0.0,278.8361994478326,85269.83358622582,1.0653300335007518,334.7447368653866,0.0011211911727723538,-0.0003312385196602122,33.1470930539605,585.2549155641105
13.4149218749998,1433.553276466343,32.94152332039309,32.941739154465125,10.264849594113068,-1.0815933413986745,-0.004691648839331647,3.779878904212248e-05,5.186790714488932,0.5189999999999962,0.8765681534346484,1.1689048394526598,2.923366860180113,0.09840930030486926,0.0,2.4018902005524656,0.5291090073972934,0.0,278.83190370296876,85262.80367668919,1.0652586157415214,334.74213364399907,0.00113335801198353,-0.00033084879990163344,32.94173915446498,577.9870495558351
13.4349218749998,1434.2100543499855,32.73628436672521,32.73650165620915,10.259050713624722,-1.083978537461123,-0.004702633431164487,3.755988357855615e-05,5.186790714488932,0.5189999999999962,0.8765681534346484,1.1689026782871286,2.923345248524801,0.09779693492782088,0.0,2.371823054240459,0.529092665795993,0.0,278.8276346467251,85255.81744260146,1.0651876395066957,334.7395465959154,0.001148654627824415,-0.0003332954640005188,32.736501656209,570.7693675321694
13.4549218749998,1434.862728611625,32.53116098490427,32.53137974703527,10.253292402524503,-1.086364293715352,-0.004713655333111706,3.7326819879942774e-05,5.186790714488932,0.5189999999999962,0.8765681534346484,1.1689005293289554,2.923323758943069,0.09718490070551544,0.0,2.341966271131624,0.5290764350088792,0.0,278.8233922640244,85248.87485928916,1.0651171045862566,334.73697571199875,0.0011625531128775447,-0.0003304602057960067,32.53137974703513,563.6017461863147
13.474921874999799,1435.5113015545917,32.326152364605456,32.326372616911385,10.247574554561472,-1.0887506080581837,-0.004724713666758823,3.7114748483925986e-05,5.186790714488932,0.5189999999999962,0.8765681534346484,1.1688983835543902,2.9233023011974177,0.09657319531694039,0.0,2.312319304108189,0.5290603148084722,0.0,278.8191765398951,85241.9759022515,1.0650470107716583,334.73442098317645,0.001174028809889992,-0.0003260873394439663,32.32637261691125,556.4840631929104
13.494921874999799,1436.1557754660305,32.12125769762166,32.12147945791347,10.241897064864013,-1.0911374781832992,-0.004735807299282415,3.694838396804893e-05,5.186790714488932,0.5189999999999962,0.8765681534346484,1.168896226267076,2.9232807283242743,0.09596181644713025,0.0,2.2828816105064424,0.5290443049690936,0.0,278.8149874594708,85235.1205471598,1.064977357855823,334.7318824004393,0.0011889181701723683,-0.00032175073598752487,32.121479457913345,549.4161972032825
13.514921874999798,1436.796152616943,31.916476177829367,31.91669946420959,10.236259829374488,-1.0935249016034694,-0.004746935049698907,3.683429606868791e-05,5.186790714488932,0.5189999999999962,0.8765681534346484,1.16889405353617,2.9232590010152157,0.0953507617871205,0.0,2.2536526520461417,0.529028405266859,0.0,278.8108250079899,85228.30876985709,1.064908145633139,334.72935995484187,0.0012030836607398235,-0.0003156200028373234,31.91669946420944,542.3980278407698
13.534921874999798,1437.4324352622286,31.711807001160306,31.712031832043344,10.230662745691957,-1.0959128755919725,-0.0047580956675699745,3.676287702270847e-05,5.186790714488932,0.5189999999999962,0.8765681534346484,1.1688918710318466,2.923237175971981,0.09474002903390076,0.0,2.2246318948143133,0.529012615479669,0.0,278.8066891707955,85221.54054635773,1.0648393738994542,334.7268536375021,0.0012183908589189596,-0.00030690100545377653,31.7120318320432,535.4294356960796
13.554921874999797,1438.0646256407267,31.507249365612488,31.50747575971673,10.225105711635813,-1.0983013972861497,-0.004769287825936893,3.672485724577273e-05,5.186790714488932,0.5189999999999962,0.8765681534346484,1.1688896842166094,2.9232153078196097,0.09412961589036493,0.0,2.1958188092721675,0.528996935387201,0.0,278.80257993333527,85214.81585284688,1.064771042452073,334.7243634396012,0.00123508785390628,-0.00029347647004293413,31.50747575971657,528.5103023226513
13.574921874999797,1438.6927259752565,31.302802471201947,31.303030447574315,10.21958862576453,-1.1006904636035921,-0.004780509985913367,3.673569642290487e-05,5.186790714488932,0.5189999999999962,0.8765681534346484,1.1688874838917889,2.923193304571404,0.09351952006526659,0.0,2.167212870272708,0.5289813647709014,0.0,278.7984972811608,85208.1346656801,1.0647031510897547,334.7218893523834,0.0012509151569412794,-0.0002813630040884673,31.303030447574166,521.6405102321202
13.594921874999796,1439.3167384726576,31.098465519966908,31.098695097985964,10.214111386877324,-1.1030800713256235,-0.00479176048252623,3.682336833021556e-05,5.186790714488932,0.5189999999999962,0.8765681534346484,1.1688852534232321,2.9231709998858366,0.09290973927316884,0.0,2.1388135570166464,0.5289659034139769,0.0,278.7944411999277,85201.49696138297,1.0646356996127069,334.7194313671562,0.001264268772980812,-0.0002644088408802287,31.09869509798581,514.8199428897578
13.614921874999796,1439.936665323831,30.894237715982953,30.89446891532974,10.208673894206798,-1.105470216968078,-0.004803037593237685,3.702855505213882e-05,5.186790714488932,0.5189999999999962,0.8765681534346484,1.1688829686491164,2.92314815214468,0.09230027123439571,0.0,2.1106203530306153,0.5289505511013866,0.0,278.7904116753951,85194.90271665057,1.064568687822583,334.71698947528944,0.0012791860772891856,-0.00024124352186192242,30.89446891532959,508.04848470997143
13.634921874999796,1440.552508703779,30.690118265323377,30.69035110597587,10.203276048537981,-1.1078608966474202,-0.004814339354732944,3.7366304055833396e-05,5.186790714488932,0.5189999999999962,0.8765681534346484,1.168880620606772,2.9231246717212342,0.09169111367498602,0.0,2.082632746085488,0.5289353076198343,0.0,278.7864086934254,85188.3519083471,1.06450211552248,334.7145636682158,0.0012956214465568816,-0.00021403016545084943,30.690351105975722,501.32602105187004
13.654921874999795,1441.1642707716453,30.486106376002873,30.486340878271843,10.197917753489202,-1.110252106104909,-0.004825663595456116,3.780187884186863e-05,5.186790714488932,0.5189999999999962,0.8765681534346484,1.168878229874274,2.9231007643962545,0.09108226432665086,0.0,2.0548502281392467,0.5289201727577608,0.0,278.7824322399843,85181.84451350546,1.064435982516931,334.71215393743046,0.001309922165699128,-0.00018931861953542462,30.48634087827169,494.6524382149087
13.674921874999795,1441.771953670753,30.282201257993616,30.282437442525058,10.192598911177846,-1.1126438407952703,-0.004837008048325468,3.837862264459566e-05,5.186790714488932,0.5189999999999962,0.8765681534346484,1.1688757707074353,2.9230761727278685,0.09047372092672379,0.0,2.027272295519298,0.5289051463053354,0.0,278.77848230114006,85175.38050932686,1.0643702886119062,334.7097602744909,0.0013254730774591042,-0.00016596744617628173,30.282437442524913,488.02762343449496
13.694921874999794,1442.3755595286439,30.07840212319077,30.078640010987645,10.187319426484596,-1.1150360958483403,-0.004848370544955781,3.9057160125982334e-05,5.186790714488932,0.5189999999999962,0.8765681534346484,1.1688732664328796,2.923051129982311,0.08986548121811747,0.0,1.9998984486459377,0.5288902280544484,0.0,278.7745588630638,85168.95987318034,1.0643050336148054,334.7073826710167,0.0013424327936585494,-0.00014224504526639647,30.07864001098751,481.45146487769716
13.714921874999794,1442.9750904571172,29.874708185392507,29.87494779784099,10.182079203596448,-1.117428866219024,-0.004859749021705188,3.984541525817086e-05,5.186790714488932,0.5189999999999962,0.8765681534346484,1.168870712325335,2.9230255889068655,0.0892575429492793,0.0,1.9727281922182451,0.5288754177987037,0.0,278.77066191202874,85162.5825826024,1.0642402173344576,334.7050211186894,0.001355820188516592,-0.00011728713022522122,29.874947797840854,474.9238516389885
13.734921874999793,1443.570548552267,29.671118660322236,29.671360019178607,10.176878147141776,-1.119822146643983,-0.00487114142320485,4.076861301723365e-05,5.186790714488932,0.5189999999999962,0.8765681534346484,1.1688680933840792,2.922999399494307,0.0886499038741423,0.0,1.9457610351466448,0.5288607153334115,0.0,278.76679143441027,85156.24861529662,1.0641758395811154,334.70267560925265,0.0013698349938616628,-9.143685632591225e-05,29.67136001917848,468.4446737359729
13.754921874999793,1444.1619358945206,29.467632765589197,29.467875892990957,10.171716163893718,-1.1222159315474072,-0.00488254572631662,4.1807228011206536e-05,5.186790714488932,0.5189999999999962,0.8765681534346484,1.1688654211662706,2.922972677316221,0.08804256175208164,0.0,1.9189964904329044,0.5288461204555797,0.0,278.7629474166856,85149.9579491332,1.0641119001664519,334.7003461345115,0.0013868138224773772,-6.586520490047019e-05,29.46787589299083,462.01382210521007
13.774921874999793,1444.7492545486766,29.264249720646582,29.264494639150776,10.16659316092051,-1.1246102151460566,-0.004893959888945632,4.2958719366638534e-05,5.186790714488932,0.5189999999999962,0.8765681534346484,1.1688626971519827,2.922945437173342,0.08743551434787283,0.0,1.8924340752488598,0.5288316329639073,0.0,278.75912984543356,85143.71056214861,1.0640483989035585,334.69803268633274,0.0014002200371193078,-3.957845431430467e-05,29.264494639150655,455.63118859809765
13.794921874999792,1445.3325065639408,29.060968746834472,29.061215479395628,10.161509044941758,-1.1270049914552878,-0.004905381874238686,4.425983023047459e-05,5.186790714488932,0.5189999999999962,0.8765681534346484,1.1688598995093988,2.9229174607475037,0.08682875943164128,0.0,1.8660733109554308,0.5288172526587771,0.0,278.7553387073344,85137.5064325452,1.0639853356069395,334.69573525664464,0.0014136079409055606,-1.2173986343932806e-05,29.061215479395496,449.2966659766978
13.814921874999792,1445.9116939739645,28.857789067312897,28.858037637313945,10.156463725283368,-1.1294002542014152,-0.004916809611091328,4.568527129762106e-05,5.186790714488932,0.5189999999999962,0.8765681534346484,1.1688570432179322,2.922888897832837,0.08622229477882294,0.0,1.8399137229148883,0.5288029793422475,0.0,278.75157398916923,85131.3455386907,1.0639227100925104,334.69345383743655,0.0014276393394388126,1.3303337693608765e-05,28.858037637313824,443.0101479097178
13.834921874999791,1446.4868187968802,28.65470990706887,28.65496033832907,10.151457111002996,-1.1317959969207165,-0.004928241025569053,4.72460461689335e-05,5.186790714488932,0.5189999999999962,0.8765681534346484,1.1688541217204984,2.9228596828584994,0.08561611817011804,0.0,1.813954840634501,0.5287888128180467,0.0,278.74783567782026,85125.22785911801,1.0638605221775936,334.6911884207591,0.00144010981237354,3.862896553096268e-05,28.65496033832895,436.77152896845575
13.85492187499979,1447.0578830353386,28.451730492893248,28.451982809684154,10.146489111552963,-1.134192212905943,-0.004939674056028815,4.8966843633080134e-05,5.186790714488932,0.5189999999999962,0.8765681534346484,1.1688511203401883,2.9228296690553988,0.08501022739144819,0.0,1.7881961977127017,0.5287747528915637,0.0,278.74412376027027,85119.15337252464,1.0637987716809156,334.68893899872376,0.0014525663754205876,6.168422425858378e-05,28.451982809684036,430.5807046228176
13.87492187499979,1447.6248886765438,28.248850053389884,28.24910428042606,10.141559638070767,-1.1365888952235996,-0.004951106703653255,5.08387963534984e-05,5.186790714488932,0.5189999999999962,0.8765681534346484,1.1688480443139329,2.922798908792844,0.08440462023391004,0.0,1.7626373317366295,0.5287607993698431,0.0,278.74043822360244,85113.12205777245,1.063737458422603,334.6867055635031,0.0014648299580625706,8.215649211032493e-05,28.249104280425946,424.4375712373354
13.89492187499979,1448.1878376922903,28.04606781892184,28.04632398139156,10.136668601198858,-1.1389860366282238,-0.004962537046786111,5.289905718287897e-05,5.186790714488932,0.5189999999999962,0.8765681534346484,1.1688448715716766,2.9227671813702814,0.08379929449373605,0.0,1.7372777844061094,0.5287469520615767,0.0,278.7367790550001,85107.13389388719,1.0636765822241798,334.6844881073301,0.00147569699795179,9.938453484784992e-05,28.046323981391453,418.342026067293
13.91492187499979,1448.746732038997,27.843383021636036,27.843641145190865,10.131815913685001,-1.1413836296229125,-0.004973963315519802,5.513722623685413e-05,5.186790714488932,0.5189999999999962,0.8765681534346484,1.1688416082594082,2.9227345482475973,0.08319424797224693,0.0,1.7121171013454777,0.528733210777097,0.0,278.7331462417465,85101.18886005817,1.063616142908564,334.6822866224984,0.0014881788393894782,0.00011719990274381635,27.843641145190755,412.2939672548057
13.93492187499979,1449.3015736577436,27.64079489540924,27.641055006194026,10.12700148910156,-1.143781666386181,-0.004985383819781319,5.754173259343797e-05,5.186790714488932,0.5189999999999962,0.8765681534346484,1.168838261212553,2.922701077779045,0.08258947847581316,0.0,1.6871548321657002,0.5287195753283703,0.0,278.72953977122467,85095.28693563788,1.0635561403000644,334.68010110136214,0.0015009378028798801,0.00013213928549435497,27.64105500619392,406.2932938250244
13.954921874999789,1449.8523644743045,27.438302675841214,27.43856480051604,10.122225241763287,-1.1461801388735633,-0.004996796940231684,6.009942015937546e-05,5.186790714488932,0.5189999999999962,0.8765681534346484,1.1688348382160625,2.92266684781414,0.08198498381581204,0.0,1.6623905304443638,0.5287060455289903,0.0,278.725959630917,85089.42810014157,1.0634965742243767,334.6779315363357,0.001515560523950263,0.00014538478070293383,27.43856480051593,400.3399056823312
13.974921874999788,1450.399106399183,27.23590560024226,27.236169766001986,10.117487086091527,-1.1485790388209511,-0.005008201181235996,6.282232362754206e-05,5.186790714488932,0.5189999999999962,0.8765681534346484,1.1688313321024728,2.9226317866782434,0.08138076180858536,0.0,1.6378237537629359,0.5286926211941702,0.0,278.7224058084053,85083.61233324699,1.0634374445085824,334.6757779198936,0.0015272267868258493,0.0001565489787971269,27.236169766001876,394.4337036065759
13.994921874999788,1450.9418013276459,27.03360290763559,27.033869142211582,10.112786936423356,-1.1509783577248873,-0.0050195951130601315,6.575720692454046e-05,5.186790714488932,0.5189999999999962,0.8765681534346484,1.1688277151055386,2.9225956167089016,0.08077681027539504,0.0,1.6134540637170383,0.5286793021407374,0.0,278.7188782913703,85077.83961479392,1.0633787509811428,334.6736402445704,0.001540045265503175,0.0001663774566542804,27.033869142211476,388.5745892493261
14.014921874999787,1451.4804511397574,26.831393838736687,26.831662170404687,10.10812470995874,-1.1533780867922963,-0.0050309774258038625,6.88696044793135e-05,5.186790714488932,0.5189999999999962,0.8765681534346484,1.168824007646813,2.922558542121646,0.08017312704238151,0.0,1.5892810256515402,0.528666088187126,0.0,278.71537706759153,85072.10992478387,1.063320493471898,334.67151850296045,0.001554728931600636,0.00017347951909038183,26.831662170404584,382.7624651301833
14.034921874999787,1452.0150577004124,26.629277635902973,26.629548093528722,10.103500324078135,-1.155778216993156,-0.005042346924216729,7.214459941908942e-05,5.186790714488932,0.5189999999999962,0.8765681534346484,1.1688202185579233,2.922520651232748,0.07956970994052812,0.0,1.5653042088482123,0.5286529791533705,0.0,278.7119021249473,85066.42324337972,1.0632626718120632,334.6694126877181,0.0015707404205566606,0.00017804277711905872,26.629548093528626,376.9972346331856
14.054921874999787,1452.5456228593698,26.42725354314535,26.427526156203186,10.098913696488907,-1.1581787391208347,-0.005053702569271539,7.558491920874933e-05,5.186790714488932,0.5189999999999962,0.8765681534346484,1.1688163461933296,2.9224819275868117,0.07896655680561658,0.0,1.5415231865098242,0.5286399748610991,0.0,278.7084534514141,85060.7795509053,1.0632052858342251,334.6673227915569,0.0015877167321488117,0.00018048857920783322,26.427526156203097,371.27880200316116
14.074921874999786,1453.0721484512849,26.225320806113533,26.22559560470544,10.094364746161647,-1.1605796438244733,-0.0050650434704931175,7.917463582062003e-05,5.186790714488932,0.5189999999999962,0.8765681534346484,1.1688123999801912,2.922442465455427,0.07836366547818628,0.0,1.5179375356600218,0.5286270751335279,0.0,278.7050310350666,85055.17882784517,1.0631483353723405,334.66524880725035,0.0016047958160964528,0.00018453728719711003,26.225595604705347,365.60707234215243
14.094921874999786,1453.594636295742,26.023478672070453,26.023755686957056,10.089853392143699,-1.1629809215866242,-0.005076368844538958,8.292561139680244e-05,5.186790714488932,0.5189999999999962,0.8765681534346484,1.1688083728612852,2.922402194266368,0.07776103380349544,0.0,1.4945468372368644,0.5286142797954536,0.0,278.7016348640777,85049.62105484414,1.0630918202617305,334.6631907276311,0.0016227679454657962,0.00018508573838382677,26.023755686956964,359.98195160588864
14.114921874999785,1454.113088197287,25.821726389893147,25.822005652509127,10.08537955414798,-1.1653825627881242,-0.005087677994601441,8.684951431418564e-05,5.186790714488932,0.5189999999999962,0.8765681534346484,1.168804257891875,2.9223610445722645,0.0771586596314789,0.0,1.4713506760134096,0.5286015886732484,0.0,278.6982649267176,85044.10621270705,1.063035740339081,334.6611485455909,0.0016403489445878591,0.00018484433146735395,25.82200565250905,354.40334660026343
14.134921874999785,1454.6275059454592,25.620063210063805,25.620344752527792,10.08094315258551,-1.1677845576502546,-0.0050989703544471595,9.096397102456311e-05,5.186790714488932,0.5189999999999962,0.8765681534346484,1.1688000445947735,2.9223189116012502,0.0765565408167065,0.0,1.448348640597631,0.5285890015948521,0.0,278.6949212113545,85038.6342823983,1.0629800954424369,334.6591222540808,0.0016588219919965593,0.00018559780196664974,25.620344752527707,348.87116497784973
14.154921874999784,1455.137891314824,25.418488384632198,25.41877223978163,10.076544109356364,-1.1701868962249231,-0.005110245441046037,9.525337657607161e-05,5.186790714488932,0.5189999999999962,0.8765681534346484,1.1687957422058748,2.922275887712263,0.0759546752183475,0.0,1.4255403233099377,0.5285765183897679,0.0,278.69160370645363,85033.20524504162,1.0629248854112006,334.65711184611087,0.0016786401559560503,0.0001832859231434256,25.418772239781546,343.38531523450354
14.174921874999784,1455.6442460650023,25.21700116720995,25.21728736862773,10.0721823471827,-1.1725895684719458,-0.005121502844424516,9.9695370158977e-05,5.186790714488932,0.5189999999999962,0.8765681534346484,1.1687913639716896,2.9222321053704112,0.0753530607001305,0.0,1.4029253202287768,0.5285641388890545,0.0,278.68831240057744,85027.81908191968,1.0628701100861286,334.65511731474993,0.0016987578478664348,0.00018103532168676768,25.217287368627645,337.9457067059571
14.194921874999784,1456.1465719407036,25.0156008129519,25.01588939499831,10.067857788431246,-1.1749925642472772,-0.005132742263004987,0.0001043150316709033,5.186790714488932,0.5189999999999962,0.8765681534346484,1.1687868949942353,2.922187415595868,0.0747516951303053,0.0,1.380503231330939,0.5285518629253212,0.0,278.6850472823854,85022.47577447377,1.0628157693093288,334.65313865312555,0.001719558276060897,0.00017680984659379165,25.01588939499823,332.5522495644634
14.214921874999783,1456.6448706717554,24.81428657855795,24.81457757638611,10.063570356473498,-1.1773958733169219,-0.005143963515404797,0.00010912849204379751,5.186790714488932,0.5189999999999962,0.8765681534346484,1.1687823256842635,2.922141722496151,0.07415057638160095,0.0,1.3582736603246859,0.5285396903327217,0.0,278.68180834063355,85017.17530430348,1.0627618629242583,334.65117585442397,0.0017408348526457482,0.00017196056634355427,24.81457757638604,327.2048548154387
14.234921874999783,1457.1391439731349,24.61305772224361,24.61335117183189,10.05931997663047,-1.17979948535794,-0.005155166540198089,0.00011409592216727849,5.186790714488932,0.5189999999999962,0.8765681534346484,1.168777679651265,2.9220952621661653,0.07354970233119017,0.0,1.336236214483885,0.5285276209469482,0.0,278.6785955641746,85011.91765316638,1.062708390775719,334.64922891188985,0.001765044293246487,0.00016801148767461535,24.613351171831816,321.9034342941919
14.254921874999782,1457.629393544998,24.411913503718374,24.412209441911905,10.055106573853474,-1.1822033899916726,-0.005166351351006231,0.00011922838299908541,5.186790714488932,0.5189999999999962,0.8765681534346484,1.168772950314299,2.922047968796505,0.07294907086065369,0.0,1.3143905049503664,0.5285156546052249,0.0,278.67540894195747,85006.70280297767,1.0626553527098568,334.64729781882625,0.0017875481688953765,0.0001647604805170788,24.412209441911834,316.6479006626871
14.274921874999782,1458.1156210727104,24.210853184186558,24.2111516487236,10.05093007338064,-1.1846075768151114,-0.005177518010285034,0.00012455234779588305,5.186790714488932,0.5189999999999962,0.8765681534346484,1.1687681219523056,2.9219996851765715,0.07234867985593914,0.0,1.292736146623611,0.5285037911463029,0.0,278.67224846302736,85001.53073580991,1.0626027485741572,334.6453825685946,0.0018101149156183336,0.00015924243662367236,24.211151648723526,311.43816740628637
14.294921874999782,1458.5978282268761,24.00987602634649,24.010177055871438,10.046790401516203,-1.1870120353614728,-0.005188666632288293,0.00013007804609317168,5.186790714488932,0.5189999999999962,0.8765681534346484,1.1687631884819822,2.9219503504733377,0.07174852720732054,0.0,1.2712727580452037,0.5284920304104543,0.0,278.6691141165253,84996.40143389265,1.0625505782174434,334.64348315461433,0.0018345640422268883,0.00015295895126934516,24.01017705587136,306.27414883053154
14.314921874999781,1459.0760166633684,23.808981294346733,23.809284928456343,10.042687486045743,-1.1894167551045236,-0.0051997974232088386,0.00013578244957176679,5.186790714488932,0.5189999999999962,0.8765681534346484,1.1687581635461244,2.921900101114759,0.07114861080936843,0.0,1.2499999613178132,0.5284803722394668,0.0,278.6660058916881,84991.31487961214,1.062498841489873,334.641599570363,0.001859199830530063,0.0001469795262735826,23.80928492845627,301.15576005804826
14.33492187499978,1459.5501880233574,23.60816825379287,23.608474533061017,10.038621254079239,-1.1918217254746473,-0.0052109106732683205,0.0001417089250888397,5.186790714488932,0.5189999999999962,0.8765681534346484,1.1687530214074506,2.9218486797280216,0.07054892856090761,0.0,1.2289173824297017,0.5284688164766371,0.0,278.66292377784816,84986.27105551105,1.0624475382429368,334.63973180937603,0.0018832985068351195,0.00014144719807968062,23.60847453306095,296.0829170253733
14.35492187499978,1460.0203439333402,23.407436171725376,23.407745137737887,10.034591634924755,-1.1942269358319793,-0.005222006722173857,0.00014782864886113696,5.186790714488932,0.5189999999999962,0.8765681534346484,1.1687477791453529,2.921796257107044,0.06994947836498294,0.0,1.2080246507640842,0.5284573629667666,0.0,278.6598677644333,84981.2699442881,1.0623966683294541,334.63787986524653,0.0019106654738703724,0.00013535792554803834,23.407745137737823,291.0555364798816
14.37492187499978,1460.4864860051687,23.206784316593815,23.20709601199789,10.030598558107673,-1.1966323755260788,-0.00523308594909605,0.0001541344386738592,5.186790714488932,0.5189999999999962,0.8765681534346484,1.168742441006404,2.9217428757175554,0.06935025812882745,0.0,1.1873213994028902,0.5284460115561549,0.0,278.6568378409664,84976.3115287978,1.0623462316035712,334.6360437316256,0.0019384039132942506,0.0001301969384443628,23.207096011997823,286.07353597676115
14.39492187499978,1460.9486158360778,23.00621195825361,23.00652642679706,10.026641953609893,-1.199038033908448,-0.00524414877549948,0.0001606307019662984,5.186790714488932,0.5189999999999962,0.8765681534346484,1.1687370043614633,2.9216885092681486,0.06875126576382401,0.0,1.1668072650833803,0.5284347620925952,0.0,278.6538339970655,84971.39579205016,1.0622962279207588,334.63422340222166,0.001967038295082964,0.00012345901813392302,23.006526426797,281.1368338759643
14.414921874999779,1461.4067350087137,22.80571836795475,22.8060356545241,10.022721751972721,-1.2014439003538986,-0.005255195664315742,0.00016732714502684374,5.186790714488932,0.5189999999999962,0.8765681534346484,1.1687314634400885,2.9216331000544002,0.06815249918546981,0.0,1.1464818881643206,0.5284236144253684,0.0,278.65085622244334,84966.52271721036,1.0622466571378095,334.6324188708007,0.0019953965477304283,0.00011610161289234911,22.806035654524035,276.2453493392108
14.434921874999779,1461.8608450911609,22.605302818329896,22.605622968987934,10.018837884549336,-1.2038499642475433,-0.00526622713618422,0.00017423146920762255,5.186790714488932,0.5189999999999962,0.8765681534346484,1.1687258136612624,2.921576602266139,0.0675539563133409,0.0,1.1263449125848282,0.5284125684052378,0.0,278.6479045069074,84961.69228759847,1.0621975191128348,334.6306301311859,0.0020250541028519367,0.00011034013027128197,22.605622968987866,271.3990023270221
14.454921874999778,1462.3109476369707,22.404964583379115,22.40528764540567,10.014990283116036,-1.2062562149796119,-0.005277243757429287,0.00018136361188867707,5.186790714488932,0.5189999999999962,0.8765681534346484,1.1687200431912093,2.921518897565608,0.0669556350710578,0.0,1.1063959859077768,0.5284016238844436,0.0,278.64497884035967,84956.90448668918,1.0621488137052626,334.62885717725794,0.00205384570154027,0.00010277740129511134,22.405287645405604,266.5977135957934
14.474921874999778,1462.757044185188,22.204702938459434,22.20502896039039,10.011178880247153,-1.2086626419338153,-0.0052882461264073,0.00018873679972291677,5.186790714488932,0.5189999999999962,0.8765681534346484,1.1687141441747197,2.921459907400713,0.06635753338625076,0.0,1.086634759231951,0.5283907807166983,0.0,278.64207921279626,84952.15929811142,1.0621005407758355,334.62710000295453,0.0020837951142787105,9.542960763846229e-05,22.20502896039033,261.8414046948902
14.494921874999777,1463.1991362603783,22.004517160270147,22.004846191939453,10.007403609064731,-1.2110692344806122,-0.005299234883894187,0.00019637485063735103,5.186790714488932,0.5189999999999962,0.8765681534346484,1.168708102478628,2.9213994904397964,0.0657596491905264,0.0,1.0670608872493226,0.5283800387571815,0.0,278.6392056143075,84947.45670564822,1.062052700186607,334.62535860227035,0.002112750882717722,8.795349039993177e-05,22.004846191939397,257.1299979637856
14.514921874999777,1463.6372253726543,21.80440652684009,21.80473861942255,10.003664403822357,-1.2134759819527632,-0.0053102107239475956,0.00020427870175952973,5.186790714488932,0.5189999999999962,0.8765681534346484,1.1687019175400986,2.921337641054501,0.0651619804194337,0.0,1.0476740280898535,0.528369397862534,0.0,278.6363580350777,84942.7966932363,1.0620052918009404,334.6236329692571,0.002144409773202396,8.200076152682463e-05,21.8047386194225,252.46341652922092
14.534921874999776,1464.071313017702,21.60437031750028,21.604705523572175,9.999961199675063,-1.215882873665601,-0.005321174332542517,0.00021243455943427989,5.186790714488932,0.5189999999999962,0.8765681534346484,1.1686955975303275,2.92127444095679,0.06456452501243708,0.0,1.0284738433341332,0.5283588578908537,0.0,278.6335364653849,84938.17924496585,1.061958315483505,334.6219230980232,0.002177495065105708,7.414117204710773e-05,21.604705523572115,247.84158430244713
14.554921874999776,1464.5014006768076,21.404407812875032,21.404746186472053,9.996293931912001,-1.2182898989491675,-0.005332126424164098,0.0002208586201175357,5.186790714488932,0.5189999999999962,0.8765681534346484,1.1686891328389448,2.9212097940429635,0.06396728091288362,0.0,1.0094599981969663,0.5283484187016898,0.0,278.63074089560075,84933.60434508022,1.0619117711002755,334.62022898273403,0.002209731568249603,6.708785395089291e-05,21.40474618647199,243.2644259764495
14.574921874999776,1464.9274898168824,21.204518294884448,21.204859891543812,9.992662536461557,-1.220697047144029,-0.005343067742468568,0.0002295698317256014,5.186790714488932,0.5189999999999962,0.8765681534346484,1.1686825122265763,2.921143587919278,0.06337024606796478,0.0,0.9906321614010395,0.5283380801560389,0.0,278.62797131619027,84929.07197797569,1.0618656585185273,334.6185506176113,0.002243302715479209,5.876250224246973e-05,21.204859891543755,238.7318670231549
14.594921874999775,1465.3495818904887,21.004701046714253,21.005045923538326,9.989066950050482,-1.2231043075756538,-0.00535399906957819,0.00023858197265367418,5.186790714488932,0.5189999999999962,0.8765681534346484,1.168675727520453,2.9210757408580443,0.06277341842869201,0.0,0.9719900051277784,0.528327842116339,0.0,278.6252277177118,84924.58212820116,1.0618199776068367,334.6168879969334,0.0022775335347633256,5.278119960261132e-05,21.00504592353827,234.24383369077614
14.614921874999775,1465.7676783358656,20.804955352811596,20.80530356852369,9.985507110347033,-1.225511669573682,-0.0053649212045105985,0.00024789281342574727,5.186790714488932,0.5189999999999962,0.8765681534346484,1.168668780039394,2.9210062660474554,0.06217679594986269,0.0,0.953533204949581,0.5283177044464654,0.0,278.62251009081683,84920.13478045788,1.0617747282350765,334.615241115035,0.0023128928813742587,4.516020064847462e-05,20.805303568523637,229.8002530011056
14.634921874999774,1466.181780576953,20.605280498865817,20.60563211387573,9.981982955223748,-1.2279191224699884,-0.005375834945237778,0.00025752633394482514,5.186790714488932,0.5189999999999962,0.8765681534346484,1.1686616555661788,2.920935021315304,0.061580376590033147,0.0,0.935261440017502,0.5283076670117259,0.0,278.61981842624976,84915.72991959921,1.0617299102744142,334.61360996630737,0.0023485079598071215,3.818937637001825e-05,20.605632113875675,225.40105274689017
14.654921874999774,1466.5918900234174,20.405675771799118,20.40603084826705,9.978494423456704,-1.2303266555955668,-0.005386741100728004,0.000267494577111702,5.186790714488932,0.5189999999999962,0.8765681534346484,1.1686543469621742,2.920861935275257,0.06098415831148767,0.0,0.9171743928692969,0.5282977296788559,0.0,278.61715271484775,84911.36753063035,1.0616855235973108,334.6119945451977,0.0023855340705643915,3.1979023834409e-05,20.406030848266987,221.04616148920144
14.674921874999773,1466.9980080706755,20.206140459753254,20.206499061657002,9.975041454363035,-1.2327342582842624,-0.005397640475686624,0.00027781640458690956,5.186790714488932,0.5189999999999962,0.8765681534346484,1.1686468430491155,2.92078689614467,0.06038813908021016,0.0,0.8992717495071343,0.5282878923160134,0.0,278.61451294754056,84907.04759870807,1.0616415680775175,334.6103948462096,0.0024220596867229323,2.4540019601769493e-05,20.20649906165694,216.73550855485038
14.694921874999773,1467.4001360999196,20.006673852078897,20.007036045281385,9.971623987859434,-1.235141919860139,-0.005408533876039646,0.00028851558638494644,5.186790714488932,0.5189999999999962,0.8765681534346484,1.1686391297410244,2.920709763063759,0.05979231686585477,0.0,0.8815531993783183,0.5282781547927751,0.0,278.6118991153505,84902.77010914043,1.0615980435900734,334.6088108639024,0.0024594912077683887,1.834508984348175e-05,20.00703604528132,212.46902403382083
14.714921874999773,1467.7982754781403,19.807275239321996,19.807641091642815,9.968241964398594,-1.2375496296251325,-0.005419422106679246,0.0002996247054813967,5.186790714488932,0.5189999999999962,0.8765681534346484,1.1686311877319961,2.920630342973477,0.05919668964171892,0.0,0.8640184353859085,0.5282685169801316,0.0,278.60931120939205,84898.53504738657,1.061554950011304,334.60724259289157,0.0024970629549688197,1.2122409830636316e-05,19.807641091642754,208.24663877674462
14.734921874999772,1468.1924275581514,19.607943913211514,19.608313494501118,9.964895325197556,-1.2399573768460062,-0.005430305963123229,0.00031117135621994813,5.186790714488932,0.5189999999999962,0.8765681534346484,1.1686230006770681,2.920548472424197,0.05860125538471596,0.0,0.8466671538063716,0.5282589787504826,0.0,278.606749220872,84894.34239905642,1.0615122872188179,334.6056900278485,0.0025348482119725104,6.380260398582339e-06,19.608313494501054,204.06828439239877
14.754921874999772,1468.582593678613,19.40867916664492,19.409052548864462,9.961584012368675,-1.2423651507397215,-0.005441186217634528,0.00032316900548175724,5.186790714488932,0.5189999999999962,0.8765681534346484,1.168614560609858,2.9204640717520944,0.058006012075350485,0.0,0.8294990542252602,0.5282495399776326,0.0,278.604213141089,84890.1921499105,1.0614700550915064,334.6041531635,0.00257386103000324,1.3364623970183278e-06,19.409052548864402,199.9338932452451
14.774921874999771,1468.9687751640543,19.20948029367027,19.209857550981486,9.958307968502659,-1.2447729404781724,-0.0054520636239572115,0.00033564270984975936,5.186790714488932,0.5189999999999962,0.8765681534346484,1.1686058526962273,2.9203769926157883,0.05741095769769613,0.0,0.8125138396619446,0.5282402005367869,0.0,278.6017029614336,84886.0842858596,1.06142825350954,334.6026319946288,0.0026134934423060843,-3.2818454324288555e-06,19.20985755098142,195.84339845301017
14.79492187499977,1469.3509733248973,19.010346589478903,19.010727798331736,9.955067136770428,-1.2471807351881037,-0.005462938892742725,0.0003486233756118866,5.186790714488932,0.5189999999999962,0.8765681534346484,1.168596858642028,2.9202870520737942,0.056816090239368816,0.0,0.7957112165306481,0.5282309603045467,0.0,278.5992186733881,84882.01879296458,1.061386882354366,334.60112651607324,0.002652874974901237,-7.5911303447924705e-06,19.01072779833168,191.79673388425638
14.81492187499977,1469.729189457479,18.81127735039378,18.81166258961716,9.951861461021348,-1.249588523933519,-0.00547381270801464,0.0003621414782169119,5.186790714488932,0.5189999999999962,0.8765681534346484,1.1685875604115803,2.9201940697693183,0.05622140769150261,0.0,0.7790908945953372,0.5282218191589053,0.0,278.59676026852634,84877.99565743614,1.0613459415087072,334.5996367227269,0.0026936826080055576,-1.138560739984665e-05,18.8116625896171,187.79383415599443
14.83492187499977,1470.103424844074,18.612271873848776,18.612661224755854,9.948690886004039,-1.2519962957123185,-0.005484685710922931,0.00037621182126099036,5.186790714488932,0.5189999999999962,0.8765681534346484,1.1685779492629704,2.9200979582832196,0.05562690804873283,0.0,0.762652586868793,0.5282127769792433,0.0,278.59432773851347,84874.01486563456,1.0613054308565602,334.59816260953914,0.0027354991361597724,-1.4759514575753907e-05,18.61266122475579,183.83463463136675
14.85492187499977,1470.4736807529166,18.413329458380787,18.41372300487366,9.945555356797477,-1.2544040394693412,-0.005495558497953271,0.00039087134178502025,5.186790714488932,0.5189999999999962,0.8765681534346484,1.1685680033436197,2.919998499089712,0.0550325893091724,0.0,0.7463960098185677,0.5282038336463251,0.0,278.59192107510603,84870.07640406945,1.0612653502831921,334.59670417151426,0.0027778822170948982,-1.9677292257489255e-05,18.413723004873596,179.91907141730567
14.87492187499977,1470.839958438223,18.214449403619234,18.214847232296496,9.942454819258016,-1.2568117440835747,-0.005506431645373596,0.0004061497171532463,5.186790714488932,0.5189999999999962,0.8765681534346484,1.168557705108437,2.9198955167378857,0.05443844947439048,0.0,0.7303208831883508,0.5281949890422944,0.0,278.58954027015153,84866.18025939954,1.0612256996751401,334.59526140371185,0.002820670172992772,-2.2613921250751488e-05,18.214847232296442,176.04708136222914
14.894921874999769,1471.2022591402124,18.015631010267953,18.016033210544865,9.939389219735146,-1.2592193983597484,-0.005517305705064781,0.00042208870482937145,5.186790714488932,0.5189999999999962,0.8765681534346484,1.168547029862465,2.919788764278165,0.05384448654939748,0.0,0.7144269301022321,0.5281862430506697,0.0,278.5871853155886,84862.32641843247,1.0611864789202077,334.5938343012467,0.00286385960521708,-2.6055183251935857e-05,18.01603321054481,172.2186020537984
14.914921874999768,1471.560584085129,17.8168735801005,17.817280244325705,9.936358505261536,-1.2616269910287237,-0.005528181196077061,0.00043872915761682606,5.186790714488932,0.5189999999999962,0.8765681534346484,1.1685359534554154,2.919678000207669,0.053250698542622474,0.0,0.6987138769781491,0.5281775955563415,0.0,278.58485620344663,84858.5148681245,1.061147687907464,334.59242285928866,0.0029072038071607585,-2.9700846642825316e-05,17.817280244325644,168.43357181664635
14.934921874999768,1471.914934485263,17.61817641594117,17.618587639527995,9.933362623576315,-1.264034510725593,-0.005539058615177152,0.00045610906956381457,5.186790714488932,0.5189999999999962,0.8765681534346484,1.1685244534400399,2.919563000053914,0.052657083465901415,0.0,0.6831814535040197,0.5281690464455667,0.0,278.5825529258458,84854.74559558035,1.061109326527241,334.59102707306255,0.0029518628003112014,-3.3313897313376256e-05,17.618587639527934,164.69192971019478
14.954921874999767,1472.2653115389717,17.41953882165254,17.419954703217496,9.930401523032627,-1.2664419459955758,-0.005549938438443234,0.0004742700448134193,5.186790714488932,0.5189999999999962,0.8765681534346484,1.168512505240197,2.9194435180554854,0.052063639334463015,0.0,0.6678293926670384,0.5281605956059663,0.0,278.58027547499665,84851.01858805293,1.0610713946711332,334.589646937848,0.0029969033899028114,-3.5360070712580174e-05,17.419954703217435,160.99361552647443
14.974921874999767,1472.6117164306993,17.22096010212505,17.22138074363145,9.927475152731281,-1.2688492852894468,-0.005560821112411899,0.0004932470891247536,5.186790714488932,0.5189999999999962,0.8765681534346484,1.168500088199093,2.9193193476444455,0.051470364166914424,0.0,0.6526574306774069,0.5281522429265201,0.0,278.5780238432004,84847.33383294314,1.0610338922319928,334.58828244897944,0.0030436544330701707,-3.741178142824481e-05,17.221380743631393,157.33856978796155
14.994921874999767,1472.9541503309986,17.022439563258224,17.022865070176156,9.924583462409851,-1.27125651696676,-0.0055717070441650045,0.0005130766173426313,5.186790714488932,0.5189999999999962,0.8765681534346484,1.1684871808355635,2.91919027400915,0.05087725598523544,0.0,0.6376653070074312,0.5281439882975637,0.0,278.57579802284846,84843.69131779966,1.060996819103931,334.58693360184617,0.0030914930599655432,-3.978380886841878e-05,17.0228650701761,153.72673374548464
15.014921874999766,1473.29261439655,16.823976511952633,16.82440699342235,9.921726402320092,-1.2736636293029964,-0.005582596611958716,0.0005338063661420169,5.186790714488932,0.5189999999999962,0.8765681534346484,1.1684737549753579,2.919056015407094,0.050284312814766294,0.0,0.622852764448406,0.5281358316107849,0.0,278.5735980064224,84840.09103031874,1.0609601751823137,334.58560039189194,0.003139095345088929,-4.148116211013511e-05,16.824406993422286,150.15804937610602
15.034921874999766,1473.6271097701822,16.625570256099362,16.626005825101736,9.91890392329069,-1.2760706104800787,-0.005593490162584261,0.0005554911147112546,5.186790714488932,0.5189999999999962,0.8765681534346484,1.1684597782870725,2.91891624852424,0.049691532684198805,0.0,0.6082195490766248,0.5281277727595893,0.0,278.57142378649377,84836.53295834393,1.060923960363762,334.5842828146152,0.0031880516374967684,-4.357059226779947e-05,16.626005825101668,146.63245938104131
15.054921874999765,1473.957637580891,16.427220104562792,16.42766087810631,9.916115976938187,-1.2784774485862311,-0.005604388017381599,0.0005781753636705022,5.186790714488932,0.5189999999999962,0.8765681534346484,1.1684452245426462,2.9187707110799774,0.04909891362557579,0.0,0.5937654101241903,0.5281198116383279,0.0,278.5692753557242,84833.01708986597,1.0608881745461474,334.58298086556886,0.003237805159249108,-4.531908941626116e-05,16.42766087810624,143.14990718364172
15.074921874999765,1474.2841989438598,16.22892536717223,16.229371466485837,9.91336251536533,-1.2808841316214872,-0.005615290472964131,0.0006019179743632678,5.186790714488932,0.5189999999999962,0.8765681534346484,1.1684300590273868,2.9186190559273837,0.0485064536742851,0.0,0.5794901001378306,0.5281119481423804,0.0,278.5671527068649,84829.5434130225,1.0608528176285932,334.5816945403601,0.0032887334986342652,-4.6428414790069435e-05,16.229371466485784,139.71033692735784
15.094921874999764,1474.6067949604776,16.03068535470637,16.031136905448413,9.910643491395128,-1.2832906474904973,-0.005626197795502287,0.000626772998159058,5.186790714488932,0.5189999999999962,0.8765681534346484,1.1684142498932035,2.9184609645855506,0.047914150869062595,0.0,0.5653933748381562,0.5281041821688048,0.0,278.56505583275685,84826.11191609791,1.0608178895114702,334.5804238346507,0.003339826869827577,-4.759071809824485e-05,16.03113690544836,136.31369347376815
15.114921874999764,1474.9254267183583,15.83249937888389,15.83295651135987,9.907958858275252,-1.2856969840044836,-0.005637110222009953,0.0006528157684005549,5.186790714488932,0.5189999999999962,0.8765681534346484,1.1683977527148282,2.918295992801797,0.0473220032519922,0.0,0.5514749932971297,0.5280965136159931,0.0,278.5629847263306,84822.72258752308,1.0607833900963963,334.5791687441564,0.0033921193023841154,-4.8967041806415684e-05,15.832956511359816,132.95992240060136
15.134921874999764,1475.24009529136,15.634366752350555,15.634829601745377,9.905308570082697,-1.288103128873785,-0.0056480279704049004,0.0006801072613868451,5.186790714488932,0.5189999999999962,0.8765681534346484,1.1683805315914662,2.918123781568177,0.04673000886851192,0.0,0.5377347176733872,0.5280889423836672,0.0,278.56093938060616,84819.37541587527,1.0607493192862352,334.5779292646473,0.003445351663904639,-4.9675229327204756e-05,15.634829601745322,129.64896999980357
15.154921874999763,1475.5508017396023,15.436286788663654,15.436755495293168,9.902692581492422,-1.29050906971119,-0.005658951233017377,0.0007087141193446529,5.186790714488932,0.5189999999999962,0.8765681534346484,1.16836254729408,2.917943938594315,0.04613816576742653,0.0,0.5241723133446887,0.5280814683728761,0.0,278.55891978869255,84816.07038987782,1.060715676985093,334.5767053919477,0.003499179359776488,-5.009295847515271e-05,15.436755495293113,126.38078327565071
15.174921874999763,1475.8575471094855,15.23825880228245,15.23873351185728,9.900110847723274,-1.292914794035117,-0.005669880177093022,0.000738714648337743,5.186790714488932,0.5189999999999962,0.8765681534346484,1.1683437537198957,2.9177560028524727,0.045546472000917285,0.0,0.5107875489460594,0.5280740914859916,0.0,278.5569259437883,84812.80749840003,1.0606824630983174,334.5754971219357,0.0035537373701386137,-5.109953256266478e-05,15.238733511857227,123.15530994285061
15.194921874999762,1476.1603324337075,15.04028210855556,15.040762972462622,9.897563324606136,-1.2953202892619136,-0.005680814948274705,0.0007701929543564505,5.186790714488932,0.5189999999999962,0.8765681534346484,1.1683241013677106,2.917559479330621,0.04495492562455847,0.0,0.49758019631953315,0.5280668116267059,0.0,278.5549578391809,84809.58673045697,1.0606496775324972,334.57430445054365,0.0036095551230934,-5.1361899924420734e-05,15.04076297246257,119.97249842468958
15.214921874999762,1476.4591587312823,14.842356023708136,14.842843199311579,9.895049968661787,-1.297725542710041,-0.005691755669197763,0.0008032313142241228,5.186790714488932,0.5189999999999962,0.8765681534346484,1.1683035418567296,2.917353884220811,0.04436352469733867,0.0,0.4845500304456487,0.5280596287000281,0.0,278.55301546824666,84806.40807520924,1.0606173201954587,334.5731273737575,0.003665770068951119,-5.164331329144014e-05,14.842843199311526,116.83229785120733
15.234921874999761,1476.7540270075567,14.644479864828996,14.644973515792223,9.892570737011017,-1.3001305415995328,-0.005702702442660626,0.0008379190232408986,5.186790714488932,0.5189999999999962,0.8765681534346484,1.1682820226942818,2.9171386925963336,0.04377226728168677,0.0,0.47169682950198716,0.5280525426122805,0.0,278.55109882445083,84803.27152196284,1.060585390996266,334.57196588761724,0.003722911361407532,-5.0805301097039085e-05,14.64497351579217,113.73465805739934
15.254921874999761,1477.0449382542283,14.44665294985857,14.44715324648785,9.890125587339897,-1.3025352730520292,-0.005713655343445657,0.0008743570775968325,5.186790714488932,0.5189999999999962,0.8765681534346484,1.1682594845127843,2.916913310781358,0.0431811514435019,0.0,0.45902037489382286,0.5280455532710958,0.0,278.5492079013475,84800.17706016896,1.0605538898452174,334.5708199882166,0.003781071874517218,-5.084999897789188e-05,14.447153246487796,110.67952958143927
15.27492187499976,1477.3318934493618,14.248874597577554,14.249381717187932,9.88771447796193,-1.304939724094056,-0.005724614423541943,0.0009126524017497725,5.186790714488932,0.5189999999999962,0.8765681534346484,1.1682358644911983,2.9166771105654985,0.042590175252187674,0.0,0.44652045120119077,0.5280386605854139,0.0,278.54734269257915,84797.12467942377,1.060522816653845,334.569689671703,0.0038396383947328495,-5.1366835684459223e-05,14.249381717187875,107.66686366292166
15.29492187499976,1477.6148935574054,14.051144127593645,14.051658254902017,9.885337367886157,-1.3073438816541472,-0.005735579721845024,0.0009529101066606036,5.186790714488932,0.5189999999999962,0.8765681534346484,1.1682111009400782,2.916429475054297,0.04199933678069518,0.0,0.4341968461048599,0.5280318644654787,0.0,278.54550319187683,84794.11436946833,1.0604921713349147,334.56857493427736,0.0038990950001048246,-5.147767332113479e-05,14.051658254901968,104.69661224114556
15.31492187499976,1477.8939395292082,13.85346086032893,13.853982187875578,9.882994216678334,-1.3097477325649898,-0.005746551264027825,0.0009952492003760221,5.186790714488932,0.5189999999999962,0.8765681534346484,1.1681851240166978,2.9161697058204936,0.04140863410557172,0.0,0.4220493505067656,0.5280251648228349,0.0,278.5436893930601,84791.1461201883,1.0604619538024205,334.5674757721944,0.003959764972739955,-5.062694122905543e-05,13.853982187875529,101.76872795341818
15.33492187499976,1478.1690323020352,13.655824117006322,13.656352845608872,9.880684984679023,-1.3121512635708925,-0.005757529058756054,0.0010397778496519666,5.186790714488932,0.5189999999999962,0.8765681534346484,1.1681579038167507,2.915897503821022,0.04081806530701876,0.0,0.410077758310599,0.5280185615703253,0.0,278.5419012900368,84788.2199216139,1.0604321639715872,334.5663921817623,0.004022193595368727,-5.069962492737254e-05,13.656352845608824,98.88316413339497
15.354921874999759,1478.4401727995844,13.458233219636922,13.45876955887809,9.878409632666331,-1.3145544613352482,-0.005768513098678107,0.0010866333897355742,5.186790714488932,0.5189999999999962,0.8765681534346484,1.168129295997657,2.9156114256300856,0.040227628468956556,0.0,0.39828186675369587,0.5280120546220881,0.0,278.5401388768027,84785.33576391962,1.0604028017588678,334.5653241593425,0.004084655596754011,-5.0380036915190863e-05,13.458769558878044,96.039874809437
15.374921874999758,1478.707361932001,13.260687491010644,13.261231659757444,9.876168122088934,-1.3169573124449696,-0.0057795033652446575,0.0011359561719471625,5.186790714488932,0.5189999999999962,0.8765681534346484,1.1680992490040034,2.9153109556935495,0.039637321679091585,0.0,0.38666147617725755,0.5280056438935529,0.0,278.53840214744196,84782.49363742411,1.06037386708194,334.56427170134987,0.004148262597491253,-4.9615566455336445e-05,13.261231659757403,93.23881470296598
15.394921874999758,1478.9706005880405,13.0631850782831,13.063737305212946,9.874077713515852,-1.3193598033503375,-0.00579049982559049,0.0011878941918561992,5.186790714488932,0.5189999999999962,0.8765681534346484,1.1680676762478925,2.9149952281324407,0.03904713951266961,0.0,0.37582481177794197,0.5288555872086405,0.0,278.5366910961777,84779.69353267358,1.060345359860558,334.5632348042837,0.004212827051496565,-4.914679769596792e-05,13.063737305212907,90.47992293090267
15.414921874999758,1479.229889611888,12.865724173192545,12.866284697397127,9.872016901989596,-1.3217619201859823,-0.005801502432614462,0.0012426078397081617,5.186790714488932,0.5189999999999962,0.8765681534346484,1.168034483925624,2.9146633049097557,0.03845707667985063,0.0,0.3651416339735585,0.5297274514607895,0.0,278.5350057175227,84776.9354406883,1.060317280019061,334.5622134648188,0.004278595148942257,-4.859304380612306e-05,12.86628469739709,87.7631408852121
15.434921874999757,1479.4852298278718,12.66830419565832,12.668873267332364,9.869984977628596,-1.3241636489686668,-0.005812511127711446,0.00130027049866656,5.186790714488932,0.5189999999999962,0.8765681534346484,1.1679995706854693,2.9143141725082087,0.037867131563743245,0.0,0.35460826079718594,0.5306167826274948,0.0,278.5333460061188,84774.2193526998,1.0602896274836997,334.561207679708,0.004344641835543934,-4.736922429498639e-05,12.66887326733233,85.08842808400769
15.454921874999757,1479.7366220487652,12.47092456789448,12.471502449038217,9.867981945152819,-1.3265649756678803,-0.0058235258385241975,0.0013610709295410676,5.186790714488932,0.5189999999999962,0.8765681534346484,1.1679628262810182,2.9139467284636975,0.037277302556334206,0.0,0.3442247169251768,0.5315242117547875,0.0,278.531711956683,84771.54526006248,1.0602624021817346,334.5602174457499,0.004411622856211391,-4.652148819760781e-05,12.471502449038182,82.4557446725271
15.474921874999756,1479.9840670757849,12.27358471200926,12.274171677187558,9.86600781046619,-1.3289658862110456,-0.00583454648029299,0.0014252010458105984,5.186790714488932,0.5189999999999962,0.8765681534346484,1.167924138711431,2.913559852767825,0.036687588051483914,0.0,0.3339910326237721,0.5324504033374011,0.0,278.5301035640074,84768.91315425372,1.060235604041439,334.5592427597885,0.004479923179888997,-4.595289062724494e-05,12.274171677187523,79.86505138900496
15.494921874999756,1480.2275656985887,12.076284049980469,12.076880387147868,9.86406258063152,-1.3313663664951425,-0.005845572960914132,0.0014928629365097204,5.186790714488932,0.5189999999999962,0.8765681534346484,1.167883390260454,2.913152368258055,0.03609798644505099,0.0,0.3239072439296088,0.5333960576668437,0.0,278.52852082295914,84766.3230268738,1.060209232992097,334.55828361871323,0.004549434319531808,-4.463971437530906e-05,12.076880387147835,77.31630956404014
15.514921874999756,1480.4671186952721,11.879022003633704,11.879628015025599,9.862146263829542,-1.3337664023985092,-0.005856605178424047,0.0015642817230413924,5.186790714488932,0.5189999999999962,0.8765681534346484,1.1678404497330461,2.9127229629839766,0.03550849613502604,0.0,0.31397339289973375,0.5343619133859748,0.0,278.5269637284807,84763.77486964602,1.0601832889640057,334.55734001945933,0.00461982085445054,-4.376094784404079e-05,11.879628015025565,74.8094811199578
15.534921874999755,1480.7027268323654,11.681797994619215,11.682413997717205,9.860258869452325,-1.3361659797925312,-0.005867643020731599,0.0016396970083350846,5.186790714488932,0.5189999999999962,0.8765681534346484,1.1677951777012743,2.912270242666258,0.03491911552168548,0.0,0.30418952766163276,0.5353487502720284,0.0,278.5254322755896,84761.2686744167,1.0601577718884767,334.5564119590073,0.004691193545491642,-4.260965541775333e-05,11.682413997717173,72.34452857020601
15.554921874999755,1480.9343908648304,11.484611444386896,11.48523777296855,9.858400408097387,-1.3385650845504644,-0.005878686369119639,0.0017193709552635779,5.186790714488932,0.5189999999999962,0.8765681534346484,1.1677474216784254,2.911792682437769,0.03432984300777016,0.0,0.2945557026323375,0.536357392272757,0.0,278.5239264593786,84758.8044331552,1.0601326816978334,334.5554994343834,0.004763345547491789,-4.150229865686058e-05,11.48523777296852,69.92141501879712
15.574921874999754,1481.1621115360554,11.287461774162164,11.288098779440785,9.85657089165113,-1.3409637025609862,-0.005889735097611306,0.0018035808811570915,5.186790714488932,0.5189999999999962,0.8765681534346484,1.1676970205566282,2.911288671219797,0.033740676998683536,0.0,0.2850719785889758,0.5373887108235459,0.0,278.5224462750156,84756.38213795402,1.0601080183254148,334.5546024426595,0.004836388315341214,-3.9987626143282414e-05,11.288098779440755,67.54010415976016
15.594921874999754,1481.3858895778503,11.090348404919482,11.09099645678701,9.854770333292285,-1.3433618197389259,-0.005900789071958473,0.001892626897878075,5.186790714488932,0.5189999999999962,0.8765681534346484,1.1676438001811555,2.9107564674650708,0.03315161590272203,0.0,0.2757384228982531,0.5384436284769255,0.0,278.5209917177439,84754.00178102877,1.0600837817055748,334.5537209809528,0.004910446838441481,-3.891915031347894e-05,11.090996456786984,65.20056027664484
15.614921874999753,1481.6057257104426,10.893270757356257,10.893930245738105,9.852998747542165,-1.3457594220409754,-0.00591184815108636,0.0019868311981422124,5.186790714488932,0.5189999999999962,0.8765681534346484,1.1675875737438624,2.910194203092139,0.03256265813133267,0.0,0.2665551096694897,0.539523122880083,0.0,278.5195627828821,84751.66335471832,1.0600599717736832,334.55285504642654,0.00498531279549119,-3.7819843373106715e-05,10.893930245738082,62.90274824204226
15.634921874999753,1481.8216206424702,10.696228251865858,10.696899588200235,9.851256150304204,-1.3481564954790202,-0.0059229121909087,0.002086539949750255,5.186790714488932,0.5189999999999962,0.8765681534346484,1.1675281408300349,2.909599873953864,0.03197380209940582,0.0,0.25752211994217356,0.5406282311407355,0.0,278.51815946582394,84749.36685148478,1.060036588466126,334.5520046362893,0.005061658511665836,-3.701359999241645e-05,10.696899588200212,60.64663351713867
15.654921874999753,1482.0335750709758,10.499220308508935,10.499903927366804,9.849542558909166,-1.350553026137554,-0.005933981044805419,0.002192124235168557,5.186790714488932,0.5189999999999962,0.8765681534346484,1.1674652868228697,2.908971333882212,0.03138504622561097,0.0,0.24863954187176987,0.5417600546272641,0.0,278.51678176203865,84747.11226391362,1.0600136317203077,334.5511697477954,0.005138829794352412,-3.606181242127226e-05,10.49990392736678,58.432182151315
15.674921874999752,1482.2415896813995,10.302246346985001,10.302942707844046,9.847857992135438,-1.352949000192361,-0.005945054564363068,0.0023039886555043317,5.186790714488932,0.5189999999999962,0.8765681534346484,1.1673987780254627,2.908306245908142,0.03079638893277333,0.0,0.2399074710095999,0.5429197642554107,0.0,278.51542966707086,84744.89958471373,1.0599911014746515,334.55035037824496,0.00521676899314232,-3.495876088159548e-05,10.302942707844023,56.25936078176269
15.694921874999752,1482.445665147572,10.105305786603218,10.106015375793328,9.846202470240609,-1.3553444039273708,-0.005956132599899957,0.002422580316261917,5.186790714488932,0.5189999999999962,0.8765681534346484,1.1673283563985666,2.907602029639181,0.03020782864830037,0.0,0.23132601060250052,0.5441086063212801,0.0,278.51410317654074,84742.72880671745,1.0599689976685986,334.5495465249837,0.005295217065649179,-3.376670471754975e-05,10.106015375793302,54.1281366331286
15.714921874999751,1482.6458021317058,9.908398046251515,9.909121379093941,9.844576015079635,-1.357739223752412,-0.005967214999390098,0.0025483740635853618,5.186790714488932,0.5189999999999962,0.8765681534346484,1.1672537483756216,2.906855949409731,0.029619363804669667,0.0,0.22289527163502004,0.5453279089490257,0.0,278.5128022861439,84740.59992288078,1.0599473202426122,334.5487581854032,0.005374889954430517,-3.261442580180494e-05,9.909121379093916,52.03847751720511
15.73492187499975,1482.8420012843865,9.711522544364266,9.712260167529218,9.842978650132244,-1.3601334462235413,-0.005978301609352279,0.0026818814242740045,5.186790714488932,0.5189999999999962,0.8765681534346484,1.1671746597527544,2.906065063181059,0.029030992839986315,0.0,0.21461537314296147,0.5465790892317403,0.0,278.51152699165146,84738.51292628334,1.059926069138177,334.5479853569408,0.0054554797765924605,-3.140074630612626e-05,9.712260167529195,49.99035183266346
15.75492187499975,1483.0342632445636,9.514678698889556,9.51543119299733,9.84141040052996,-1.3625270580657178,-0.005989392274867181,0.0028236647135766956,5.186790714488932,0.5189999999999962,0.8765681534346484,1.167090767499633,2.9052261406498445,0.028442714198614313,0.0,0.20648644260440954,0.547863661155927,0.0,278.5102772889103,84736.46781012851,1.0599052442977999,334.54722803707966,0.005536950506376273,-3.0246692967433464e-05,9.515431192997307,47.98372856481106
15.77492187499975,1483.2225886395406,9.317865927255214,9.318633909751739,9.839871293152473,-1.3649200461957829,-0.00600048684092291,0.00297432993192895,5.186790714488932,0.5189999999999962,0.8765681534346484,1.1670017241514656,2.9043357071681717,0.027854526331896497,0.0,0.1985086160982848,0.549183244413846,0.0,278.509053173843,84734.46456774362,1.0598848456650127,334.54648622334884,0.005619298699157527,-2.936401303856362e-05,9.31863390975172,46.018577285385916
15.79492187499975,1483.406978084964,9.121083646333405,9.12186777467627,9.8383613566674,-1.3673123977472943,-0.00601158515281191,0.0031345409841474626,5.186790714488932,0.5189999999999962,0.8765681534346484,1.1669071496188779,2.903389961842294,0.027266427698977903,0.0,0.19068203872345454,0.5505395742244514,0.0,278.5078546424477,84732.50319257993,1.0598648731843725,334.5457599133233,0.005702609416216124,-2.807442863492772e-05,9.12186777467625,44.094868152391896
15.814921874999749,1483.5874321848119,8.924331272403963,8.925132247599675,9.83688062161297,-1.3697041000963053,-0.006022687056774724,0.003305020901127815,5.186790714488932,0.5189999999999962,0.8765681534346484,1.1668066307421512,2.902384773075027,0.026678416767747327,0.0,0.18300686488000584,0.5519345123030676,0.0,278.5066816907987,84730.58367821286,1.059845326801463,334.545049104624,0.005786505996299944,-2.7042662326683027e-05,8.925132247599654,42.21257190997217
15.834921874999749,1483.7639515313817,8.727608221116453,8.728426791655496,9.835429120463445,-1.3720951408887503,-0.006033792399821816,0.0034865635320105804,5.186790714488932,0.5189999999999962,0.8765681534346484,1.166699714684326,2.9013156124967763,0.02609049201591419,0.0,0.1754832586899968,0.5533700591430147,0.0,278.505534315046,84728.70601834204,1.0598262064628965,334.5443537949179,0.005871073689844623,-2.5813870100163514e-05,8.728426791655478,40.37165988831558
15.854921874999748,1483.9365367052771,8.53091390745041,8.531750873696211,9.834006887718736,-1.374485508068047,-0.0060449010306519784,0.0036800369292345845,5.186790714488932,0.5189999999999962,0.8765681534346484,1.1665859072948357,2.900177538601872,0.025502651932247655,0.0,0.16811139433293373,0.5548483677998386,0.0,278.5044125114157,84726.87020679154,1.059807512116316,334.5436739819179,0.0059564082674418714,-2.46709590622618e-05,8.531750873696188,38.57210400361186
15.874921874999748,1484.1051882753945,8.334247745673993,8.335103964769566,9.832613959990747,-1.3768751899055682,-0.0060560127994020736,0.0038863907024479505,5.186790714488932,0.5189999999999962,0.8765681534346484,1.1664646691905793,2.8989651575593087,0.024914895018001777,0.0,0.16089145644283304,0.5563717594016647,0.0,278.5033162762099,84725.07623750991,1.0597892437103946,334.5430096633832,0.006042569194908522,-2.362557701471151e-05,8.335103964769546,36.813876758046966
15.894921874999747,1484.2699067989083,8.13760914930086,8.138485540668242,9.831250376089956,-1.3792641750322974,-0.006067127558685725,0.004106668905613956,5.186790714488932,0.5189999999999962,0.8765681534346484,1.1663354086509146,2.897672552162661,0.024327219788559645,0.0,0.15382364059008566,0.5579427406486104,0.0,278.50224560580705,84723.32410457043,1.0597714011948396,334.5423608371191,0.006129233313440985,-2.2455918643922448e-05,8.138485540668224,35.096951239842745
15.914921874999747,1484.4306928212548,7.940997531045165,7.941895082565348,9.82991617712514,-1.3816524524722018,-0.006078245163806363,0.0043420216165102705,5.186790714488932,0.5189999999999962,0.8765681534346484,1.1661974753991147,2.896293219644662,0.023739624775334294,0.0,0.1469081537641282,0.5595640236117116,0.0,278.5012004966618,84721.61380217121,1.0597539845203936,334.54172750097706,0.0062165732097780885,-2.1536048979724595e-05,7.941895082565329,33.42130112334113
15.934921874999747,1484.5875468761164,7.744412302774511,7.745332077751161,9.828611406610246,-1.3840400116775242,-0.006089365473446512,0.004593719061570856,5.186790714488932,0.5189999999999962,0.8765681534346484,1.1660501530051441,2.8948199957049567,0.023152108527972184,0.0,0.1401452149045284,0.5612385481993525,0.0,278.5001809453052,84719.94532463541,1.059736993638836,334.54110965285497,0.006304326774929721,-2.0499751713015668e-05,7.745332077751141,31.786900669133175
15.954921874999746,1484.7404694854044,7.547852875460682,7.548796020490045,9.827336110580955,-1.3864268425655217,-0.006100488350372645,0.004863163648772659,5.186790714488932,0.5189999999999962,0.8765681534346484,1.1658926526332651,2.8932449919861667,0.022564669616915913,0.0,0.13353505542032976,0.5629695077291254,0.0,278.49918694834486,84718.31866641136,1.0597204285029846,334.54050729069695,0.006392726254440283,-1.9571298382640193e-05,7.548796020490026,30.19372472423764
15.974921874999746,1484.8894611592398,7.351318659127971,7.3522864130200265,9.826090337717023,-1.3888129355571361,-0.006111613661606158,0.005151911019711716,5.186790714488932,0.5189999999999962,0.8765681534346484,1.1657241016930184,2.8915594825836997,0.021977306636393367,0.0,0.1270779198403613,0.5647603781285255,0.0,278.4982185024649,84716.73382207287,1.0597042890667008,334.53992041249376,0.006481541815793464,-1.866401857420021e-05,7.352286413020008,28.641748722329286
15.994921874999745,1485.034522395934,7.154809062798922,7.155802766722981,9.824874139477782,-1.3911982816177004,-0.006122741278929755,0.005461690538787452,5.186790714488932,0.5189999999999962,0.8765681534346484,1.1655435330324297,2.889753795977813,0.021390018207916948,0.0,0.12077406647105955,0.5666149513927966,0.0,278.4972756044264,84715.19078631932,1.0596885752848866,334.5393490162824,0.006570663524941973,-1.7691324756304843e-05,7.155802766722964,27.130948684021295
16.014921874999747,1485.1756536819682,6.958323494437281,6.9593446034983355,9.82368757024773,-1.3935828722992798,-0.006133871079085157,0.005794427596133467,5.186790714488932,0.5189999999999962,0.8765681534346484,1.1653498733201328,2.887817198854844,0.020802802984391067,0.0,0.11462376808918474,0.5685373740577648,0.0,278.4963582510672,84713.68955397594,1.0596732871134917,334.53879310014673,0.006660205048544019,-1.6645036573010758e-05,6.959344603498319,25.66130121719643
16.034921874999746,1485.3128554919726,6.761861360887926,6.762911457384045,9.82253068749362,-1.3959666997852103,-0.006145002943794006,0.00615227197529218,5.186790714488932,0.5189999999999962,0.8765681534346484,1.1651419282106945,2.8857377477604604,0.020215659654958903,0.0,0.10862731272280653,0.5705321916061625,0.0,278.49546643930216,84712.23011999404,1.0596584245095135,334.53825266221713,0.006750180974675693,-1.5623347051779048e-05,6.762911457384031,24.232783517404272
16.054921874999746,1485.446128288702,6.565422067813468,6.566502876474304,9.821403551939857,-1.3983497569370846,-0.006156136760260738,0.006537635650701156,5.186790714488932,0.5189999999999962,0.8765681534346484,1.1649183624211283,2.8835020898647987,0.01962858695073609,0.0,0.10278500456268236,0.5726043999265444,0.0,278.4946001661234,84710.81247945121,1.0596439874310004,334.53772770067076,0.006840085872556359,-1.4622083551023721e-05,6.566502876474289,22.845373368309055
16.074921874999745,1485.5754725230122,6.3690050196272034,6.370118425199631,9.820306227757388,-1.4007320373431102,-0.006167272421456183,0.006953230493457169,5.186790714488932,0.5189999999999962,0.8765681534346484,1.164677680375862,2.881095269412136,0.019041583651627725,0.0,0.09709716487122796,0.574759505195716,0.0,278.4937594286004,84709.43662755168,1.0596299758370549,334.5372182137319,0.006930262828266015,-1.3777761500147221e-05,6.370118425199614,21.49904914219995
16.094921874999745,1485.700888633834,6.172609619422199,6.173757687051176,9.81923878276685,-1.4031135353689828,-0.006178409826774271,0.007402112835922199,5.186790714488932,0.5189999999999962,0.8765681534346484,1.1644182034687376,2.878500500340891,0.018454648594473284,0.0,0.09156413297221282,0.5770035938738427,0.0,278.49294422388004,84708.10255962644,1.0596163896878357,334.5367241996713,0.0070202859355300365,-1.294837844193718e-05,6.173757687051161,20.19378980057175
16.114921874999744,1485.8223770481463,5.976235268895969,5.977420267850046,9.818201288670204,-1.4054942462107545,-0.006189548882567723,0.007887744942034314,5.186790714488932,0.5189999999999962,0.8765681534346484,1.1641380383461781,2.8756988491152966,0.017867780682820605,0.0,0.0861862674457983,0.5793434149063676,0.0,278.49215454918703,84706.81027113367,1.059603228944561,334.53624565680735,0.007110340386558702,-1.2089869148120485e-05,5.977420267850031,18.929574894768606
16.134921874999744,1485.9399381809478,5.779881368270427,5.781105799692861,9.817193821298222,-1.4078741659501461,-0.006200689502322193,0.008414060790953243,5.186790714488932,0.5189999999999962,0.8765681534346484,1.1638350437188953,2.872668902842469,0.017280978898721523,0.0,0.08096394734358758,0.5817864767457577,0.0,278.4913904018238,84705.55975765898,1.0595904935695122,334.53578258350524,0.007200092822136608,-1.1290044919161966e-05,5.781105799692845,17.70638456670242
16.154921874999744,1486.0535724352255,5.583547316206619,5.584813945739954,9.816216460882275,-1.4102532916119679,-0.006211831607088429,0.008985546988517227,5.186790714488932,0.5189999999999962,0.8765681534346484,1.1635067897370988,2.869386363024503,0.016694242317046255,0.0,0.07589757354692693,0.5843411624761831,0.0,278.490651779171,84704.35101491575,1.0595781835260378,334.5353349781776,0.007289734855350101,-1.0555130176783957e-05,5.5848139457399375,16.524199549647015
16.174921874999743,1486.1632802019237,5.387232509713755,5.388544406061926,9.815269292356986,-1.4126316212241947,-0.006222975125904096,0.009607343084485402,5.186790714488932,0.5189999999999962,0.8765681534346484,1.1631505078824373,2.865823544477889,0.016107570122961563,0.0,0.07098757029650803,0.5870168671965548,0.0,278.48993867868745,84703.18403874544,1.0595662987785546,334.5349028392846,0.007379061327662347,-9.84605435323579e-06,5.38854440606191,15.383001169114916
16.194921874999743,1486.2690618599092,5.190936344051737,5.192296924824191,9.814352405709023,-1.415009153880491,-0.006234119996178032,0.010285370284158662,5.186790714488932,0.5189999999999962,0.8765681534346484,1.162763026788979,2.8619487335433056,0.015520961633408513,0.0,0.06623438697267793,0.5898241629628046,0.0,278.48925109791054,84702.058825118,1.059554839292554,334.53448616533376,0.007467795639239173,-9.110787429557762e-06,5.192296924824176,14.282771343816707
16.214921874999742,1486.3709177759363,4.994658212626459,4.99607129917821,9.813465896348154,-1.4173858898050293,-0.006245266164032696,0.011026480052476645,5.186790714488932,0.5189999999999962,0.8765681534346484,1.162340699598085,2.857725461634365,0.014934416323682023,0.0,0.06163849995338591,0.5927749981083308,0.0,278.48858903445637,84700.97537013222,1.0595438050346049,334.53408495488054,0.007555979740823959,-8.462654332626434e-06,4.996071299178197,13.223492586709844
16.234921874999742,1486.468848304607,4.798397506877257,4.799867390349271,9.812609865531336,-1.419761830419687,-0.006256413584633899,0.011838644708671305,5.186790714488932,0.5189999999999962,0.8765681534346484,1.161879311204892,2.853111577702435,0.0143479338605765,0.0,0.057200414768098985,0.5958829397933203,0.0,278.48795248602005,84699.93367001614,1.0595331959723582,334.5336992065281,0.0076433275133681354,-7.841672357338982e-06,4.799867390349259,12.20514800614776
16.25492187499974,1486.5628537883322,4.602153616155301,4.603685137575544,9.811784420835728,-1.422136978413841,-0.006267562222648814,0.012731194890867064,5.186790714488932,0.5189999999999962,0.8765681534346484,1.161373964043827,2.848058106091785,0.013761514144054713,0.0,0.05292066850128142,0.599163471382066,0.0,278.4873414503758,84698.93372112748,1.059523012074551,334.53332891892774,0.007729849100884075,-7.247402122824856e-06,4.603685137575532,11.227721307130697
16.27492187499974,1486.6529345572876,4.40592592759211,4.407524575788372,9.810989676692092,-1.4245113378166399,-0.0062787120525761774,0.013715120553733712,5.186790714488932,0.5189999999999962,0.8765681534346484,1.1608189349142108,2.8425078147956238,0.013175157360100272,0.0,0.048799832512549726,0.6026343600076658,0.0,278.4867559253776,84697.97551995415,1.0595132533110116,334.53297409077885,0.007815301218335124,-6.663678526488624e-06,4.407524575788359,10.291196792671162
16.29492187499974,1486.7390909293679,4.209713825956469,4.211385858252617,9.810225754995084,-1.4268849140719948,-0.006289863059121708,0.014803458240998291,5.186790714488932,0.5189999999999962,0.8765681534346484,1.160207492786814,2.8363933935216554,0.012588864048397095,0.0,0.044838515554827346,0.6063161148919278,0.0,278.4861959089591,84697.05906311465,1.059503919652665,334.5326347208292,0.007899540911032827,-6.100461042100916e-06,4.211385858252605,9.395559365276677
16.31492187499974,1486.8213232101386,4.013516693498579,4.015269285864435,9.809492785788837,-1.4292577141160152,-0.006301015237553469,0.01601178793685254,5.186790714488932,0.5189999999999962,0.8765681534346484,1.1595316685012105,2.82963515066562,0.012002635189909733,0.0,0.04103736728490288,0.6102325642990067,0.0,278.4856613991341,84696.18434735862,1.0594950110715369,334.53231080787526,0.007982458886762975,-5.584756229250166e-06,4.015269285864424,8.540794528564993
16.33492187499974,1486.8996316927837,3.8173339097794203,3.8191753454984667,9.808790908058482,-1.4316297464571022,-0.006312168594119446,0.01735888594190423,5.186790714488932,0.5189999999999962,0.8765681534346484,1.1587819561692638,2.8221380273461536,0.011416472321514966,0.0,0.037397082323773805,0.6144115894121933,0.0,278.4851523939969,84695.35136956743,1.0594865275407606,334.5320023507621,0.008063806074956692,-5.006644844469806e-06,3.8191753454984556,7.726888389020596
16.35492187499974,1486.9740166580495,3.6211648514832184,3.623104760831826,9.808120270632031,-1.4340010212586234,-0.006323323146383271,0.01886758660957652,5.186790714488932,0.5189999999999962,0.8765681534346484,1.1579469255629142,2.8137877212826576,0.010830377687929982,0.0,0.03391840489581335,0.6188860684837821,0.0,278.48466889172266,84694.56012675476,1.059478469034583,334.53170934838397,0.008143452431256039,-4.470843092320522e-06,3.623104760831816,6.953827657906017
16.37492187499974,1487.044478374186,3.425008892210522,3.42705856063909,9.807481033226905,-1.4363715504241241,-0.0063344789236223775,0.02056594176545674,5.186790714488932,0.5189999999999962,0.8765681534346484,1.157012709392269,2.804445559576206,0.010244354445866202,0.0,0.03060213421792152,0.6236951067725792,0.0,278.4842108905678,84693.81061606719,1.059470835528371,334.5314317996841,0.008221224523334361,-4.005538734483334e-06,3.42705856063908,6.221599653343828
16.39492187499974,1487.111017096882,3.228865402248799,3.2310381719730317,9.80687336765466,-1.4387413476851272,-0.006345635967264494,0.022488798744463807,5.186790714488932,0.5189999999999962,0.8765681534346484,1.1559623191768105,2.79394165742162,0.009658406942573512,0.0,0.027449130721079962,0.628885661025223,0.0,278.48377838887023,84693.1028347849,1.059463626998618,334.53116970365534,0.00829689635761161,-3.5375442522353308e-06,3.2310381719730223,5.53019230258652
16.414921874999738,1487.1736330691974,3.032733748316993,3.035045549471445,9.806297459230926,-1.4411104286913643,-0.0063567943313258424,0.024679992471710516,5.186790714488932,0.5189999999999962,0.8765681534346484,1.1547747147818719,2.782065613472234,0.009072541102375365,0.0,0.024460323331870537,0.6345147181615564,0.0,278.4833713850502,84692.43678032247,1.0594568434229517,334.5309230593404,0.008370242278622075,-3.0630172219629857e-06,3.0350455494714366,4.879594144495502
16.434921874999738,1487.232326521488,2.836613293279732,2.8390833582274393,9.805753508407008,-1.4434788111033974,-0.0063679540828166,0.02719544007900218,5.186790714488932,0.5189999999999962,0.8765681534346484,1.1534235227634488,2.7685536932880037,0.008486764973319948,0.0,0.021636717921167132,0.6406522675982192,0.0,278.4829898776103,84691.81245022957,1.0594504847801434,334.53069186583184,0.008441070029446726,-2.6400114463190938e-06,2.83908335822743,4.26979433225383
16.454921874999737,1487.2870976713257,2.6405033958263835,2.643155237983961,9.805241732663575,-1.4458465146874944,-0.00637911530219393,0.030107608427472825,5.186790714488932,0.5189999999999962,0.8765681534346484,1.1518752361352522,2.7530708270060376,0.007901089516931983,0.0,0.01897940713033011,0.6473854349273083,0.0,278.48263386513634,84691.22984219182,1.059444551050114,334.5304761222726,0.008509175721536755,-2.244524018516392e-06,2.643155237983953,3.700782636343639
16.474921874999737,1487.3379467234117,2.444403410109288,2.447266194155087,9.804762368703924,-1.448213561412608,-0.00639027808381099,0.03351212526482675,5.186790714488932,0.5189999999999962,0.8765681534346484,1.1500866316902771,2.7351847825562867,0.007315529777084813,0.0,0.016489581757539576,0.6548243570165362,0.0,278.4823033462978,84690.68895403182,1.0594390422139468,334.5302758278565,0.008574273878673738,-1.8488628727147266e-06,2.44726619415508,3.1725494478238696
16.494921874999736,1487.3848738694815,2.2483126853352706,2.2514231927726813,9.80431567493179,-1.4505799755491644,-0.006401442536370352,0.037537828636980825,5.186790714488932,0.5189999999999962,0.8765681534346484,1.1480009828882274,2.714328294535789,0.006730106658461926,0.0,0.014168543656111832,0.6631107418107911,0.0,278.48199831984834,84690.18978371006,1.0594339582538952,334.5300909818281,0.008636120908901875,-1.4686237385693596e-06,2.251423192772675,2.6850857819532394
16.514921874999736,1487.4278792882012,2.0522305653052606,2.0556360950559114,9.803901934141901,-1.4529457837693072,-0.006412608783375842,0.04236254148237182,5.186790714488932,0.5189999999999962,0.8765681534346484,1.1455423580492494,2.6897420461460095,0.006144849720245158,0.0,0.0120177197789888,0.6724307010305103,0.0,278.48171878462665,84689.732329326,1.0594292991533951,334.52992158348377,0.00869445553461531,-1.1143093371824458e-06,2.0556360950559047,2.2383832822143472
16.534921874999736,1487.4669631450552,1.8561563879000758,1.8599191812053046,9.803521456145473,-1.4553110152480224,-0.0064237769635973755,0.04823876883917579,5.186790714488932,0.5189999999999962,0.8765681534346484,1.1426067777212274,2.6603862428657896,0.005559801731158204,0.0,0.010038675960862383,0.6830346394311672,0.0,278.4814647395571,84689.31658911941,1.059425064897077,334.5297676321716,0.008748987830673339,-7.782969823042662e-07,1.8599191812052995,1.8324342248091894
16.554921874999735,1487.5021255922209,1.6600894845200747,1.6642937469392698,9.803174579560666,-1.4576757017642767,-0.006434947231530958,0.055537440025125666,5.186790714488932,0.5189999999999962,0.8765681534346484,1.1390480233788343,2.624798699441858,0.004975026431234235,0.0,0.008233126493845165,0.6952693142452521,0.0,278.48123618365054,84688.94256147153,1.0594212554707805,334.5296291272922,0.008799459378482904,-4.5339804186250883e-07,1.664293746939265,1.4672315237152667
16.574921874999735,1487.5333667684345,1.4640291795127303,1.4687927690800349,9.802861670710122,-1.4600398778007064,-0.006446119757851884,0.06482639981696676,5.186790714488932,0.5189999999999962,0.8765681534346484,1.1346539405635696,2.5808578712892114,0.004390622478545001,0.0,0.006602928938770137,0.7096319962602321,0.0,278.48103311600516,84688.61024490661,1.0594178708615662,334.52950606829916,0.008845569734984265,-1.567709375124336e-07,1.4687927690800304,1.142768736417639
16.594921874999734,1487.5606867988445,1.2679747896922706,1.2734698530289146,9.802583114078367,-1.4624035806393199,-0.006457294729848892,0.0770206626387281,5.186790714488932,0.5189999999999962,0.8765681534346484,1.1291049875289916,2.525368340943431,0.0038067501956823052,0.0,0.005150035637997691,0.7268673581171362,0.0,278.4808555358075,84688.31963809344,1.059414911057735,334.5293984546994,0.008887011424635747,1.2920453559385015e-07,1.2734698530289108,0.8590400704650014
16.614921874999734,1487.5840857948588,1.0719256242510031,1.0784178575262655,9.80233927843845,-1.4647668504484304,-0.006468472351815192,0.0936943626932585,5.186790714488932,0.5189999999999962,0.8765681534346484,1.1218976675348638,2.453295141002153,0.003223687244322066,0.0,0.003876320107920138,0.7481535984564383,0.0,278.4807034423334,84688.07073984694,1.0594123760488425,334.52930628605407,0.00892346735957332,4.0120108942514585e-07,1.078417857526262,0.6160403910361314
16.634921874999733,1487.6035638540009,0.8758809859534846,0.8838120236774399,9.802130408391607,-1.4671297303509352,-0.00647965284535061,0.117800252074835,5.186790714488932,0.5189999999999962,0.8765681534346484,1.112193857638137,2.3562570420348847,0.002641957549822088,0.0,0.0027830192695966977,0.7754940902476215,0.0,278.480576834949,84687.86354912976,1.059410265825715,334.5292295619791,0.008954617950002325,6.626985592256504e-07,0.883812023677437,0.4137652297261965
16.654921874999733,1487.6191210598226,0.6798401765465317,0.6900254199339962,9.801956256079578,-1.4694922664509606,-0.006490836449467817,0.15558267739458284,5.186790714488932,0.5189999999999962,0.8765681534346484,1.0985031671321603,2.2193501369751187,0.0020626763982267153,0.0,0.0018688359695381248,0.8126467031491733,0.0,278.4804757131111,84687.69806505313,1.0594085803804594,334.5291682821453,0.008980144242951751,9.076110448340177e-07,0.6900254199339941,0.2522107946682174
16.674921874999733,1487.6307574820469,0.48380251796248175,0.49801014972493607,9.801814588110538,-1.4718545077558982,-0.006502023420204911,0.22281190098877848,5.186790714488932,0.5189999999999962,0.8765681534346484,1.0779796003371913,2.0141144690254285,0.0014886899713937752,0.0,0.0011222367895271702,0.8677201534401331,0.0,278.48040007636666,84687.57428687542,1.059407319706447,334.52912244627817,0.008999746937565537,1.1373953347059297e-06,0.49801014972493457,0.13137398135386585
16.694921874999732,1487.638473177683,0.28776744070055255,0.31105752253995544,9.801696036587044,-1.4742165057738348,-0.006513214028709385,0.3726215357682547,5.186790714488932,0.5189999999999962,0.8765681534346484,1.0451524184369099,1.6858426500226142,0.0009298369855665677,0.0,0.0004936036447777146,0.962162974844789,0.0,278.48034992434503,84687.49221399019,1.0594064837981945,334.5290920541531,0.009013046170416022,1.3541037956802358e-06,0.31105752253995456,0.051252381275234675
16.71492187499973,1487.6422681936879,0.09173442160672768,0.14953381852604952,9.801617470780412,-1.4765783231907659,-0.006524408602143246,0.8933625471401518,5.186790714488932,0.5189999999999962,0.8765681534346484,1.1930334151177866,3.1646526168313813,0.0004469979704599872,0.0,5.058902720662272e-05,1.1572171832886942,0.0,278.480325256741,84687.45184589797,1.0594060726510732,334.5290771055851,0.00901674737001086,1.5586199936502314e-06,0.1495338185260491,0.011844352112456071
16.73492187499973,1487.6421425598696,-0.10429773122058775,0.15755273669272157,9.801595810623663,-1.4789400768538459,-0.0065356077275122056,2.2770941503661324,5.186790714488932,0.5189999999999962,0.8765681534346484,1.3104538861967951,4.338857327621467,0.0004709687355814658,0.0,-6.097554206411142e-05,1.140849293711654,0.0,278.4803260733608,84687.45318228168,1.0594060862620798,334.5290776004566,0.009016565833354069,1.751070345249283e-06,0.1575527366927211,0.013148747044642613
16.75492187499973,1487.6380962912056,-0.3003288267121442,0.32270930038868745,9.801503287875038,-1.4813017837558415,-0.006546811522034212,2.749628493774961,5.186790714488932,0.5189999999999962,0.8765681534346484,1.36020506327838,4.836369098437315,0.0009646673686136219,0.0,-0.0005210759155210606,0.9540478172310143,0.0,278.48035237410716,84687.49622298201,1.0594065246295836,334.52909353870893,0.009021094164342542,1.932185163788593e-06,0.32270930038868656,0.05516398240931038
