ISO-10303-21;
HEADER;
FILE_DESCRIPTION(('FreeCAD Model'),'2;1');
FILE_NAME('Open CASCADE Shape Model','2026-10-01T15:59:51',('FreeCAD'),(
    'FreeCAD'),'Open CASCADE STEP processor 7.8','FreeCAD','Unknown');
FILE_SCHEMA(('AUTOMOTIVE_DESIGN { 1 0 10303 214 1 1 1 1 }'));
ENDSEC;
DATA;
#1 = APPLICATION_PROTOCOL_DEFINITION('international standard',
  'automotive_design',2000,#2);
#2 = APPLICATION_CONTEXT(
  'core data for automotive mechanical design processes');
#3 = SHAPE_DEFINITION_REPRESENTATION(#4,#10);
#4 = PRODUCT_DEFINITION_SHAPE('','',#5);
#5 = PRODUCT_DEFINITION('design','',#6,#9);
#6 = PRODUCT_DEFINITION_FORMATION('','',#7);
#7 = PRODUCT('Open CASCADE STEP translator 7.8 1',
  'Open CASCADE STEP translator 7.8 1','',(#8));
#8 = PRODUCT_CONTEXT('',#2,'mechanical');
#9 = PRODUCT_DEFINITION_CONTEXT('part definition',#2,'design');
#10 = SHAPE_REPRESENTATION('',(#11,#15,#165,#315,#1563,#1985,#3983,#4081
    ,#4173,#4271,#4363,#4461,#4553,#4651,#4743,#4841,#4933,#5031,#5123,
    #5221,#5313,#5411,#5503,#5653,#5803,#5953,#6045,#6137,#8583,#9897,
    #10325,#10475,#10625,#10775,#10925,#11075,#11225,#11375,#11428,
    #11481,#11534,#11762,#11912,#12062,#12212,#12362,#14496,#14594,
    #14686,#14784,#14876,#14974,#15066,#15164,#15256,#15406),#15698);
#11 = AXIS2_PLACEMENT_3D('',#12,#13,#14);
#12 = CARTESIAN_POINT('',(0.,0.,0.));
#13 = DIRECTION('',(0.,0.,1.));
#14 = DIRECTION('',(1.,0.,-0.));
#15 = MANIFOLD_SOLID_BREP('',#16);
#16 = CLOSED_SHELL('',(#17,#57,#97,#119,#141,#153));
#17 = ADVANCED_FACE('',(#18),#52,.F.);
#18 = FACE_BOUND('',#19,.F.);
#19 = EDGE_LOOP('',(#20,#30,#38,#46));
#20 = ORIENTED_EDGE('',*,*,#21,.F.);
#21 = EDGE_CURVE('',#22,#24,#26,.T.);
#22 = VERTEX_POINT('',#23);
#23 = CARTESIAN_POINT('',(825.,-44.,-4.));
#24 = VERTEX_POINT('',#25);
#25 = CARTESIAN_POINT('',(825.,-44.,4.));
#26 = LINE('',#27,#28);
#27 = CARTESIAN_POINT('',(825.,-44.,-4.));
#28 = VECTOR('',#29,1.);
#29 = DIRECTION('',(0.,0.,1.));
#30 = ORIENTED_EDGE('',*,*,#31,.T.);
#31 = EDGE_CURVE('',#22,#32,#34,.T.);
#32 = VERTEX_POINT('',#33);
#33 = CARTESIAN_POINT('',(825.,-40.,-4.));
#34 = LINE('',#35,#36);
#35 = CARTESIAN_POINT('',(825.,-44.,-4.));
#36 = VECTOR('',#37,1.);
#37 = DIRECTION('',(0.,1.,0.));
#38 = ORIENTED_EDGE('',*,*,#39,.T.);
#39 = EDGE_CURVE('',#32,#40,#42,.T.);
#40 = VERTEX_POINT('',#41);
#41 = CARTESIAN_POINT('',(825.,-40.,4.));
#42 = LINE('',#43,#44);
#43 = CARTESIAN_POINT('',(825.,-40.,-4.));
#44 = VECTOR('',#45,1.);
#45 = DIRECTION('',(0.,0.,1.));
#46 = ORIENTED_EDGE('',*,*,#47,.F.);
#47 = EDGE_CURVE('',#24,#40,#48,.T.);
#48 = LINE('',#49,#50);
#49 = CARTESIAN_POINT('',(825.,-44.,4.));
#50 = VECTOR('',#51,1.);
#51 = DIRECTION('',(0.,1.,0.));
#52 = PLANE('',#53);
#53 = AXIS2_PLACEMENT_3D('',#54,#55,#56);
#54 = CARTESIAN_POINT('',(825.,-44.,-4.));
#55 = DIRECTION('',(1.,0.,0.));
#56 = DIRECTION('',(0.,0.,1.));
#57 = ADVANCED_FACE('',(#58),#92,.T.);
#58 = FACE_BOUND('',#59,.T.);
#59 = EDGE_LOOP('',(#60,#70,#78,#86));
#60 = ORIENTED_EDGE('',*,*,#61,.F.);
#61 = EDGE_CURVE('',#62,#64,#66,.T.);
#62 = VERTEX_POINT('',#63);
#63 = CARTESIAN_POINT('',(1.065E+03,-44.,-4.));
#64 = VERTEX_POINT('',#65);
#65 = CARTESIAN_POINT('',(1.065E+03,-44.,4.));
#66 = LINE('',#67,#68);
#67 = CARTESIAN_POINT('',(1.065E+03,-44.,-4.));
#68 = VECTOR('',#69,1.);
#69 = DIRECTION('',(0.,0.,1.));
#70 = ORIENTED_EDGE('',*,*,#71,.T.);
#71 = EDGE_CURVE('',#62,#72,#74,.T.);
#72 = VERTEX_POINT('',#73);
#73 = CARTESIAN_POINT('',(1.065E+03,-40.,-4.));
#74 = LINE('',#75,#76);
#75 = CARTESIAN_POINT('',(1.065E+03,-44.,-4.));
#76 = VECTOR('',#77,1.);
#77 = DIRECTION('',(0.,1.,0.));
#78 = ORIENTED_EDGE('',*,*,#79,.T.);
#79 = EDGE_CURVE('',#72,#80,#82,.T.);
#80 = VERTEX_POINT('',#81);
#81 = CARTESIAN_POINT('',(1.065E+03,-40.,4.));
#82 = LINE('',#83,#84);
#83 = CARTESIAN_POINT('',(1.065E+03,-40.,-4.));
#84 = VECTOR('',#85,1.);
#85 = DIRECTION('',(0.,0.,1.));
#86 = ORIENTED_EDGE('',*,*,#87,.F.);
#87 = EDGE_CURVE('',#64,#80,#88,.T.);
#88 = LINE('',#89,#90);
#89 = CARTESIAN_POINT('',(1.065E+03,-44.,4.));
#90 = VECTOR('',#91,1.);
#91 = DIRECTION('',(0.,1.,0.));
#92 = PLANE('',#93);
#93 = AXIS2_PLACEMENT_3D('',#94,#95,#96);
#94 = CARTESIAN_POINT('',(1.065E+03,-44.,-4.));
#95 = DIRECTION('',(1.,0.,0.));
#96 = DIRECTION('',(0.,0.,1.));
#97 = ADVANCED_FACE('',(#98),#114,.F.);
#98 = FACE_BOUND('',#99,.F.);
#99 = EDGE_LOOP('',(#100,#106,#107,#113));
#100 = ORIENTED_EDGE('',*,*,#101,.F.);
#101 = EDGE_CURVE('',#22,#62,#102,.T.);
#102 = LINE('',#103,#104);
#103 = CARTESIAN_POINT('',(825.,-44.,-4.));
#104 = VECTOR('',#105,1.);
#105 = DIRECTION('',(1.,0.,0.));
#106 = ORIENTED_EDGE('',*,*,#21,.T.);
#107 = ORIENTED_EDGE('',*,*,#108,.T.);
#108 = EDGE_CURVE('',#24,#64,#109,.T.);
#109 = LINE('',#110,#111);
#110 = CARTESIAN_POINT('',(825.,-44.,4.));
#111 = VECTOR('',#112,1.);
#112 = DIRECTION('',(1.,0.,0.));
#113 = ORIENTED_EDGE('',*,*,#61,.F.);
#114 = PLANE('',#115);
#115 = AXIS2_PLACEMENT_3D('',#116,#117,#118);
#116 = CARTESIAN_POINT('',(825.,-44.,-4.));
#117 = DIRECTION('',(0.,1.,0.));
#118 = DIRECTION('',(0.,0.,1.));
#119 = ADVANCED_FACE('',(#120),#136,.T.);
#120 = FACE_BOUND('',#121,.T.);
#121 = EDGE_LOOP('',(#122,#128,#129,#135));
#122 = ORIENTED_EDGE('',*,*,#123,.F.);
#123 = EDGE_CURVE('',#32,#72,#124,.T.);
#124 = LINE('',#125,#126);
#125 = CARTESIAN_POINT('',(825.,-40.,-4.));
#126 = VECTOR('',#127,1.);
#127 = DIRECTION('',(1.,0.,0.));
#128 = ORIENTED_EDGE('',*,*,#39,.T.);
#129 = ORIENTED_EDGE('',*,*,#130,.T.);
#130 = EDGE_CURVE('',#40,#80,#131,.T.);
#131 = LINE('',#132,#133);
#132 = CARTESIAN_POINT('',(825.,-40.,4.));
#133 = VECTOR('',#134,1.);
#134 = DIRECTION('',(1.,0.,0.));
#135 = ORIENTED_EDGE('',*,*,#79,.F.);
#136 = PLANE('',#137);
#137 = AXIS2_PLACEMENT_3D('',#138,#139,#140);
#138 = CARTESIAN_POINT('',(825.,-40.,-4.));
#139 = DIRECTION('',(0.,1.,0.));
#140 = DIRECTION('',(0.,0.,1.));
#141 = ADVANCED_FACE('',(#142),#148,.F.);
#142 = FACE_BOUND('',#143,.F.);
#143 = EDGE_LOOP('',(#144,#145,#146,#147));
#144 = ORIENTED_EDGE('',*,*,#31,.F.);
#145 = ORIENTED_EDGE('',*,*,#101,.T.);
#146 = ORIENTED_EDGE('',*,*,#71,.T.);
#147 = ORIENTED_EDGE('',*,*,#123,.F.);
#148 = PLANE('',#149);
#149 = AXIS2_PLACEMENT_3D('',#150,#151,#152);
#150 = CARTESIAN_POINT('',(825.,-44.,-4.));
#151 = DIRECTION('',(0.,0.,1.));
#152 = DIRECTION('',(1.,0.,0.));
#153 = ADVANCED_FACE('',(#154),#160,.T.);
#154 = FACE_BOUND('',#155,.T.);
#155 = EDGE_LOOP('',(#156,#157,#158,#159));
#156 = ORIENTED_EDGE('',*,*,#47,.F.);
#157 = ORIENTED_EDGE('',*,*,#108,.T.);
#158 = ORIENTED_EDGE('',*,*,#87,.T.);
#159 = ORIENTED_EDGE('',*,*,#130,.F.);
#160 = PLANE('',#161);
#161 = AXIS2_PLACEMENT_3D('',#162,#163,#164);
#162 = CARTESIAN_POINT('',(825.,-44.,4.));
#163 = DIRECTION('',(0.,0.,1.));
#164 = DIRECTION('',(1.,0.,0.));
#165 = MANIFOLD_SOLID_BREP('',#166);
#166 = CLOSED_SHELL('',(#167,#207,#247,#269,#291,#303));
#167 = ADVANCED_FACE('',(#168),#202,.F.);
#168 = FACE_BOUND('',#169,.F.);
#169 = EDGE_LOOP('',(#170,#180,#188,#196));
#170 = ORIENTED_EDGE('',*,*,#171,.F.);
#171 = EDGE_CURVE('',#172,#174,#176,.T.);
#172 = VERTEX_POINT('',#173);
#173 = CARTESIAN_POINT('',(825.,40.,-4.));
#174 = VERTEX_POINT('',#175);
#175 = CARTESIAN_POINT('',(825.,40.,4.));
#176 = LINE('',#177,#178);
#177 = CARTESIAN_POINT('',(825.,40.,-4.));
#178 = VECTOR('',#179,1.);
#179 = DIRECTION('',(0.,0.,1.));
#180 = ORIENTED_EDGE('',*,*,#181,.T.);
#181 = EDGE_CURVE('',#172,#182,#184,.T.);
#182 = VERTEX_POINT('',#183);
#183 = CARTESIAN_POINT('',(825.,44.,-4.));
#184 = LINE('',#185,#186);
#185 = CARTESIAN_POINT('',(825.,40.,-4.));
#186 = VECTOR('',#187,1.);
#187 = DIRECTION('',(0.,1.,0.));
#188 = ORIENTED_EDGE('',*,*,#189,.T.);
#189 = EDGE_CURVE('',#182,#190,#192,.T.);
#190 = VERTEX_POINT('',#191);
#191 = CARTESIAN_POINT('',(825.,44.,4.));
#192 = LINE('',#193,#194);
#193 = CARTESIAN_POINT('',(825.,44.,-4.));
#194 = VECTOR('',#195,1.);
#195 = DIRECTION('',(0.,0.,1.));
#196 = ORIENTED_EDGE('',*,*,#197,.F.);
#197 = EDGE_CURVE('',#174,#190,#198,.T.);
#198 = LINE('',#199,#200);
#199 = CARTESIAN_POINT('',(825.,40.,4.));
#200 = VECTOR('',#201,1.);
#201 = DIRECTION('',(0.,1.,0.));
#202 = PLANE('',#203);
#203 = AXIS2_PLACEMENT_3D('',#204,#205,#206);
#204 = CARTESIAN_POINT('',(825.,40.,-4.));
#205 = DIRECTION('',(1.,0.,0.));
#206 = DIRECTION('',(0.,0.,1.));
#207 = ADVANCED_FACE('',(#208),#242,.T.);
#208 = FACE_BOUND('',#209,.T.);
#209 = EDGE_LOOP('',(#210,#220,#228,#236));
#210 = ORIENTED_EDGE('',*,*,#211,.F.);
#211 = EDGE_CURVE('',#212,#214,#216,.T.);
#212 = VERTEX_POINT('',#213);
#213 = CARTESIAN_POINT('',(1.065E+03,40.,-4.));
#214 = VERTEX_POINT('',#215);
#215 = CARTESIAN_POINT('',(1.065E+03,40.,4.));
#216 = LINE('',#217,#218);
#217 = CARTESIAN_POINT('',(1.065E+03,40.,-4.));
#218 = VECTOR('',#219,1.);
#219 = DIRECTION('',(0.,0.,1.));
#220 = ORIENTED_EDGE('',*,*,#221,.T.);
#221 = EDGE_CURVE('',#212,#222,#224,.T.);
#222 = VERTEX_POINT('',#223);
#223 = CARTESIAN_POINT('',(1.065E+03,44.,-4.));
#224 = LINE('',#225,#226);
#225 = CARTESIAN_POINT('',(1.065E+03,40.,-4.));
#226 = VECTOR('',#227,1.);
#227 = DIRECTION('',(0.,1.,0.));
#228 = ORIENTED_EDGE('',*,*,#229,.T.);
#229 = EDGE_CURVE('',#222,#230,#232,.T.);
#230 = VERTEX_POINT('',#231);
#231 = CARTESIAN_POINT('',(1.065E+03,44.,4.));
#232 = LINE('',#233,#234);
#233 = CARTESIAN_POINT('',(1.065E+03,44.,-4.));
#234 = VECTOR('',#235,1.);
#235 = DIRECTION('',(0.,0.,1.));
#236 = ORIENTED_EDGE('',*,*,#237,.F.);
#237 = EDGE_CURVE('',#214,#230,#238,.T.);
#238 = LINE('',#239,#240);
#239 = CARTESIAN_POINT('',(1.065E+03,40.,4.));
#240 = VECTOR('',#241,1.);
#241 = DIRECTION('',(0.,1.,0.));
#242 = PLANE('',#243);
#243 = AXIS2_PLACEMENT_3D('',#244,#245,#246);
#244 = CARTESIAN_POINT('',(1.065E+03,40.,-4.));
#245 = DIRECTION('',(1.,0.,0.));
#246 = DIRECTION('',(0.,0.,1.));
#247 = ADVANCED_FACE('',(#248),#264,.F.);
#248 = FACE_BOUND('',#249,.F.);
#249 = EDGE_LOOP('',(#250,#256,#257,#263));
#250 = ORIENTED_EDGE('',*,*,#251,.F.);
#251 = EDGE_CURVE('',#172,#212,#252,.T.);
#252 = LINE('',#253,#254);
#253 = CARTESIAN_POINT('',(825.,40.,-4.));
#254 = VECTOR('',#255,1.);
#255 = DIRECTION('',(1.,0.,0.));
#256 = ORIENTED_EDGE('',*,*,#171,.T.);
#257 = ORIENTED_EDGE('',*,*,#258,.T.);
#258 = EDGE_CURVE('',#174,#214,#259,.T.);
#259 = LINE('',#260,#261);
#260 = CARTESIAN_POINT('',(825.,40.,4.));
#261 = VECTOR('',#262,1.);
#262 = DIRECTION('',(1.,0.,0.));
#263 = ORIENTED_EDGE('',*,*,#211,.F.);
#264 = PLANE('',#265);
#265 = AXIS2_PLACEMENT_3D('',#266,#267,#268);
#266 = CARTESIAN_POINT('',(825.,40.,-4.));
#267 = DIRECTION('',(0.,1.,0.));
#268 = DIRECTION('',(0.,0.,1.));
#269 = ADVANCED_FACE('',(#270),#286,.T.);
#270 = FACE_BOUND('',#271,.T.);
#271 = EDGE_LOOP('',(#272,#278,#279,#285));
#272 = ORIENTED_EDGE('',*,*,#273,.F.);
#273 = EDGE_CURVE('',#182,#222,#274,.T.);
#274 = LINE('',#275,#276);
#275 = CARTESIAN_POINT('',(825.,44.,-4.));
#276 = VECTOR('',#277,1.);
#277 = DIRECTION('',(1.,0.,0.));
#278 = ORIENTED_EDGE('',*,*,#189,.T.);
#279 = ORIENTED_EDGE('',*,*,#280,.T.);
#280 = EDGE_CURVE('',#190,#230,#281,.T.);
#281 = LINE('',#282,#283);
#282 = CARTESIAN_POINT('',(825.,44.,4.));
#283 = VECTOR('',#284,1.);
#284 = DIRECTION('',(1.,0.,0.));
#285 = ORIENTED_EDGE('',*,*,#229,.F.);
#286 = PLANE('',#287);
#287 = AXIS2_PLACEMENT_3D('',#288,#289,#290);
#288 = CARTESIAN_POINT('',(825.,44.,-4.));
#289 = DIRECTION('',(0.,1.,0.));
#290 = DIRECTION('',(0.,0.,1.));
#291 = ADVANCED_FACE('',(#292),#298,.F.);
#292 = FACE_BOUND('',#293,.F.);
#293 = EDGE_LOOP('',(#294,#295,#296,#297));
#294 = ORIENTED_EDGE('',*,*,#181,.F.);
#295 = ORIENTED_EDGE('',*,*,#251,.T.);
#296 = ORIENTED_EDGE('',*,*,#221,.T.);
#297 = ORIENTED_EDGE('',*,*,#273,.F.);
#298 = PLANE('',#299);
#299 = AXIS2_PLACEMENT_3D('',#300,#301,#302);
#300 = CARTESIAN_POINT('',(825.,40.,-4.));
#301 = DIRECTION('',(0.,0.,1.));
#302 = DIRECTION('',(1.,0.,0.));
#303 = ADVANCED_FACE('',(#304),#310,.T.);
#304 = FACE_BOUND('',#305,.T.);
#305 = EDGE_LOOP('',(#306,#307,#308,#309));
#306 = ORIENTED_EDGE('',*,*,#197,.F.);
#307 = ORIENTED_EDGE('',*,*,#258,.T.);
#308 = ORIENTED_EDGE('',*,*,#237,.T.);
#309 = ORIENTED_EDGE('',*,*,#280,.F.);
#310 = PLANE('',#311);
#311 = AXIS2_PLACEMENT_3D('',#312,#313,#314);
#312 = CARTESIAN_POINT('',(825.,40.,4.));
#313 = DIRECTION('',(0.,0.,1.));
#314 = DIRECTION('',(1.,0.,0.));
#315 = MANIFOLD_SOLID_BREP('',#316);
#316 = CLOSED_SHELL('',(#317,#357,#560,#664,#699,#716,#827,#844,#868,
    #892,#909,#921,#945,#969,#993,#1010,#1034,#1051,#1068,#1085,#1110,
    #1135,#1160,#1206,#1221,#1252,#1276,#1300,#1317,#1332,#1347,#1378,
    #1402,#1426,#1443,#1480,#1504,#1534,#1551));
#317 = ADVANCED_FACE('',(#318),#352,.F.);
#318 = FACE_BOUND('',#319,.F.);
#319 = EDGE_LOOP('',(#320,#330,#338,#346));
#320 = ORIENTED_EDGE('',*,*,#321,.F.);
#321 = EDGE_CURVE('',#322,#324,#326,.T.);
#322 = VERTEX_POINT('',#323);
#323 = CARTESIAN_POINT('',(851.,-39.5,-1.5));
#324 = VERTEX_POINT('',#325);
#325 = CARTESIAN_POINT('',(851.,-19.5,-1.5));
#326 = LINE('',#327,#328);
#327 = CARTESIAN_POINT('',(851.,-39.5,-1.5));
#328 = VECTOR('',#329,1.);
#329 = DIRECTION('',(0.,1.,0.));
#330 = ORIENTED_EDGE('',*,*,#331,.F.);
#331 = EDGE_CURVE('',#332,#322,#334,.T.);
#332 = VERTEX_POINT('',#333);
#333 = CARTESIAN_POINT('',(851.,-39.5,-4.));
#334 = LINE('',#335,#336);
#335 = CARTESIAN_POINT('',(851.,-39.5,-4.));
#336 = VECTOR('',#337,1.);
#337 = DIRECTION('',(0.,0.,1.));
#338 = ORIENTED_EDGE('',*,*,#339,.T.);
#339 = EDGE_CURVE('',#332,#340,#342,.T.);
#340 = VERTEX_POINT('',#341);
#341 = CARTESIAN_POINT('',(851.,-19.5,-4.));
#342 = LINE('',#343,#344);
#343 = CARTESIAN_POINT('',(851.,-39.5,-4.));
#344 = VECTOR('',#345,1.);
#345 = DIRECTION('',(0.,1.,0.));
#346 = ORIENTED_EDGE('',*,*,#347,.F.);
#347 = EDGE_CURVE('',#324,#340,#348,.T.);
#348 = LINE('',#349,#350);
#349 = CARTESIAN_POINT('',(851.,-19.5,-4.));
#350 = VECTOR('',#351,1.);
#351 = DIRECTION('',(0.,0.,-1.));
#352 = PLANE('',#353);
#353 = AXIS2_PLACEMENT_3D('',#354,#355,#356);
#354 = CARTESIAN_POINT('',(851.,-39.5,-4.));
#355 = DIRECTION('',(1.,0.,0.));
#356 = DIRECTION('',(0.,0.,1.));
#357 = ADVANCED_FACE('',(#358,#511,#522,#533,#544),#555,.T.);
#358 = FACE_BOUND('',#359,.T.);
#359 = EDGE_LOOP('',(#360,#370,#378,#384,#385,#393,#401,#409,#417,#425,
    #433,#441,#449,#457,#465,#473,#481,#489,#497,#505));
#360 = ORIENTED_EDGE('',*,*,#361,.F.);
#361 = EDGE_CURVE('',#362,#364,#366,.T.);
#362 = VERTEX_POINT('',#363);
#363 = CARTESIAN_POINT('',(845.5,19.5,-1.5));
#364 = VERTEX_POINT('',#365);
#365 = CARTESIAN_POINT('',(851.,19.5,-1.5));
#366 = LINE('',#367,#368);
#367 = CARTESIAN_POINT('',(845.5,19.5,-1.5));
#368 = VECTOR('',#369,1.);
#369 = DIRECTION('',(1.,0.,0.));
#370 = ORIENTED_EDGE('',*,*,#371,.F.);
#371 = EDGE_CURVE('',#372,#362,#374,.T.);
#372 = VERTEX_POINT('',#373);
#373 = CARTESIAN_POINT('',(845.5,-19.5,-1.5));
#374 = LINE('',#375,#376);
#375 = CARTESIAN_POINT('',(845.5,-19.5,-1.5));
#376 = VECTOR('',#377,1.);
#377 = DIRECTION('',(0.,1.,0.));
#378 = ORIENTED_EDGE('',*,*,#379,.T.);
#379 = EDGE_CURVE('',#372,#324,#380,.T.);
#380 = LINE('',#381,#382);
#381 = CARTESIAN_POINT('',(845.5,-19.5,-1.5));
#382 = VECTOR('',#383,1.);
#383 = DIRECTION('',(1.,0.,0.));
#384 = ORIENTED_EDGE('',*,*,#321,.F.);
#385 = ORIENTED_EDGE('',*,*,#386,.T.);
#386 = EDGE_CURVE('',#322,#387,#389,.T.);
#387 = VERTEX_POINT('',#388);
#388 = CARTESIAN_POINT('',(861.,-39.5,-1.5));
#389 = LINE('',#390,#391);
#390 = CARTESIAN_POINT('',(851.,-39.5,-1.5));
#391 = VECTOR('',#392,1.);
#392 = DIRECTION('',(1.,0.,0.));
#393 = ORIENTED_EDGE('',*,*,#394,.T.);
#394 = EDGE_CURVE('',#387,#395,#397,.T.);
#395 = VERTEX_POINT('',#396);
#396 = CARTESIAN_POINT('',(861.,-19.5,-1.5));
#397 = LINE('',#398,#399);
#398 = CARTESIAN_POINT('',(861.,-39.5,-1.5));
#399 = VECTOR('',#400,1.);
#400 = DIRECTION('',(0.,1.,0.));
#401 = ORIENTED_EDGE('',*,*,#402,.T.);
#402 = EDGE_CURVE('',#395,#403,#405,.T.);
#403 = VERTEX_POINT('',#404);
#404 = CARTESIAN_POINT('',(923.,-19.5,-1.5));
#405 = LINE('',#406,#407);
#406 = CARTESIAN_POINT('',(845.5,-19.5,-1.5));
#407 = VECTOR('',#408,1.);
#408 = DIRECTION('',(1.,0.,0.));
#409 = ORIENTED_EDGE('',*,*,#410,.F.);
#410 = EDGE_CURVE('',#411,#403,#413,.T.);
#411 = VERTEX_POINT('',#412);
#412 = CARTESIAN_POINT('',(923.,-39.5,-1.5));
#413 = LINE('',#414,#415);
#414 = CARTESIAN_POINT('',(923.,-39.5,-1.5));
#415 = VECTOR('',#416,1.);
#416 = DIRECTION('',(0.,1.,0.));
#417 = ORIENTED_EDGE('',*,*,#418,.T.);
#418 = EDGE_CURVE('',#411,#419,#421,.T.);
#419 = VERTEX_POINT('',#420);
#420 = CARTESIAN_POINT('',(933.,-39.5,-1.5));
#421 = LINE('',#422,#423);
#422 = CARTESIAN_POINT('',(923.,-39.5,-1.5));
#423 = VECTOR('',#424,1.);
#424 = DIRECTION('',(1.,0.,0.));
#425 = ORIENTED_EDGE('',*,*,#426,.T.);
#426 = EDGE_CURVE('',#419,#427,#429,.T.);
#427 = VERTEX_POINT('',#428);
#428 = CARTESIAN_POINT('',(933.,-19.5,-1.5));
#429 = LINE('',#430,#431);
#430 = CARTESIAN_POINT('',(933.,-39.5,-1.5));
#431 = VECTOR('',#432,1.);
#432 = DIRECTION('',(0.,1.,0.));
#433 = ORIENTED_EDGE('',*,*,#434,.T.);
#434 = EDGE_CURVE('',#427,#435,#437,.T.);
#435 = VERTEX_POINT('',#436);
#436 = CARTESIAN_POINT('',(938.5,-19.5,-1.5));
#437 = LINE('',#438,#439);
#438 = CARTESIAN_POINT('',(845.5,-19.5,-1.5));
#439 = VECTOR('',#440,1.);
#440 = DIRECTION('',(1.,0.,0.));
#441 = ORIENTED_EDGE('',*,*,#442,.T.);
#442 = EDGE_CURVE('',#435,#443,#445,.T.);
#443 = VERTEX_POINT('',#444);
#444 = CARTESIAN_POINT('',(938.5,19.5,-1.5));
#445 = LINE('',#446,#447);
#446 = CARTESIAN_POINT('',(938.5,-19.5,-1.5));
#447 = VECTOR('',#448,1.);
#448 = DIRECTION('',(0.,1.,0.));
#449 = ORIENTED_EDGE('',*,*,#450,.F.);
#450 = EDGE_CURVE('',#451,#443,#453,.T.);
#451 = VERTEX_POINT('',#452);
#452 = CARTESIAN_POINT('',(933.,19.5,-1.5));
#453 = LINE('',#454,#455);
#454 = CARTESIAN_POINT('',(845.5,19.5,-1.5));
#455 = VECTOR('',#456,1.);
#456 = DIRECTION('',(1.,0.,0.));
#457 = ORIENTED_EDGE('',*,*,#458,.T.);
#458 = EDGE_CURVE('',#451,#459,#461,.T.);
#459 = VERTEX_POINT('',#460);
#460 = CARTESIAN_POINT('',(933.,39.5,-1.5));
#461 = LINE('',#462,#463);
#462 = CARTESIAN_POINT('',(933.,17.5,-1.5));
#463 = VECTOR('',#464,1.);
#464 = DIRECTION('',(0.,1.,0.));
#465 = ORIENTED_EDGE('',*,*,#466,.F.);
#466 = EDGE_CURVE('',#467,#459,#469,.T.);
#467 = VERTEX_POINT('',#468);
#468 = CARTESIAN_POINT('',(923.,39.5,-1.5));
#469 = LINE('',#470,#471);
#470 = CARTESIAN_POINT('',(923.,39.5,-1.5));
#471 = VECTOR('',#472,1.);
#472 = DIRECTION('',(1.,0.,0.));
#473 = ORIENTED_EDGE('',*,*,#474,.F.);
#474 = EDGE_CURVE('',#475,#467,#477,.T.);
#475 = VERTEX_POINT('',#476);
#476 = CARTESIAN_POINT('',(923.,19.5,-1.5));
#477 = LINE('',#478,#479);
#478 = CARTESIAN_POINT('',(923.,17.5,-1.5));
#479 = VECTOR('',#480,1.);
#480 = DIRECTION('',(0.,1.,0.));
#481 = ORIENTED_EDGE('',*,*,#482,.F.);
#482 = EDGE_CURVE('',#483,#475,#485,.T.);
#483 = VERTEX_POINT('',#484);
#484 = CARTESIAN_POINT('',(861.,19.5,-1.5));
#485 = LINE('',#486,#487);
#486 = CARTESIAN_POINT('',(845.5,19.5,-1.5));
#487 = VECTOR('',#488,1.);
#488 = DIRECTION('',(1.,0.,0.));
#489 = ORIENTED_EDGE('',*,*,#490,.T.);
#490 = EDGE_CURVE('',#483,#491,#493,.T.);
#491 = VERTEX_POINT('',#492);
#492 = CARTESIAN_POINT('',(861.,39.5,-1.5));
#493 = LINE('',#494,#495);
#494 = CARTESIAN_POINT('',(861.,17.5,-1.5));
#495 = VECTOR('',#496,1.);
#496 = DIRECTION('',(0.,1.,0.));
#497 = ORIENTED_EDGE('',*,*,#498,.F.);
#498 = EDGE_CURVE('',#499,#491,#501,.T.);
#499 = VERTEX_POINT('',#500);
#500 = CARTESIAN_POINT('',(851.,39.5,-1.5));
#501 = LINE('',#502,#503);
#502 = CARTESIAN_POINT('',(851.,39.5,-1.5));
#503 = VECTOR('',#504,1.);
#504 = DIRECTION('',(1.,0.,0.));
#505 = ORIENTED_EDGE('',*,*,#506,.F.);
#506 = EDGE_CURVE('',#364,#499,#507,.T.);
#507 = LINE('',#508,#509);
#508 = CARTESIAN_POINT('',(851.,17.5,-1.5));
#509 = VECTOR('',#510,1.);
#510 = DIRECTION('',(0.,1.,0.));
#511 = FACE_BOUND('',#512,.T.);
#512 = EDGE_LOOP('',(#513));
#513 = ORIENTED_EDGE('',*,*,#514,.T.);
#514 = EDGE_CURVE('',#515,#515,#517,.T.);
#515 = VERTEX_POINT('',#516);
#516 = CARTESIAN_POINT('',(857.7,-35.5,-1.5));
#517 = CIRCLE('',#518,1.7);
#518 = AXIS2_PLACEMENT_3D('',#519,#520,#521);
#519 = CARTESIAN_POINT('',(856.,-35.5,-1.5));
#520 = DIRECTION('',(0.,0.,-1.));
#521 = DIRECTION('',(1.,0.,0.));
#522 = FACE_BOUND('',#523,.T.);
#523 = EDGE_LOOP('',(#524));
#524 = ORIENTED_EDGE('',*,*,#525,.T.);
#525 = EDGE_CURVE('',#526,#526,#528,.T.);
#526 = VERTEX_POINT('',#527);
#527 = CARTESIAN_POINT('',(929.7,-35.5,-1.5));
#528 = CIRCLE('',#529,1.7);
#529 = AXIS2_PLACEMENT_3D('',#530,#531,#532);
#530 = CARTESIAN_POINT('',(928.,-35.5,-1.5));
#531 = DIRECTION('',(0.,0.,-1.));
#532 = DIRECTION('',(1.,0.,0.));
#533 = FACE_BOUND('',#534,.T.);
#534 = EDGE_LOOP('',(#535));
#535 = ORIENTED_EDGE('',*,*,#536,.T.);
#536 = EDGE_CURVE('',#537,#537,#539,.T.);
#537 = VERTEX_POINT('',#538);
#538 = CARTESIAN_POINT('',(857.7,35.5,-1.5));
#539 = CIRCLE('',#540,1.7);
#540 = AXIS2_PLACEMENT_3D('',#541,#542,#543);
#541 = CARTESIAN_POINT('',(856.,35.5,-1.5));
#542 = DIRECTION('',(0.,0.,-1.));
#543 = DIRECTION('',(1.,0.,0.));
#544 = FACE_BOUND('',#545,.T.);
#545 = EDGE_LOOP('',(#546));
#546 = ORIENTED_EDGE('',*,*,#547,.T.);
#547 = EDGE_CURVE('',#548,#548,#550,.T.);
#548 = VERTEX_POINT('',#549);
#549 = CARTESIAN_POINT('',(929.7,35.5,-1.5));
#550 = CIRCLE('',#551,1.7);
#551 = AXIS2_PLACEMENT_3D('',#552,#553,#554);
#552 = CARTESIAN_POINT('',(928.,35.5,-1.5));
#553 = DIRECTION('',(0.,0.,-1.));
#554 = DIRECTION('',(1.,0.,0.));
#555 = PLANE('',#556);
#556 = AXIS2_PLACEMENT_3D('',#557,#558,#559);
#557 = CARTESIAN_POINT('',(892.,0.,-1.5));
#558 = DIRECTION('',(0.,0.,1.));
#559 = DIRECTION('',(1.,0.,0.));
#560 = ADVANCED_FACE('',(#561,#625),#659,.T.);
#561 = FACE_BOUND('',#562,.T.);
#562 = EDGE_LOOP('',(#563,#564,#565,#573,#581,#587,#588,#596,#604,#610,
    #611,#619));
#563 = ORIENTED_EDGE('',*,*,#347,.F.);
#564 = ORIENTED_EDGE('',*,*,#379,.F.);
#565 = ORIENTED_EDGE('',*,*,#566,.F.);
#566 = EDGE_CURVE('',#567,#372,#569,.T.);
#567 = VERTEX_POINT('',#568);
#568 = CARTESIAN_POINT('',(845.5,-19.5,-25.));
#569 = LINE('',#570,#571);
#570 = CARTESIAN_POINT('',(845.5,-19.5,-4.));
#571 = VECTOR('',#572,1.);
#572 = DIRECTION('',(0.,0.,1.));
#573 = ORIENTED_EDGE('',*,*,#574,.T.);
#574 = EDGE_CURVE('',#567,#575,#577,.T.);
#575 = VERTEX_POINT('',#576);
#576 = CARTESIAN_POINT('',(938.5,-19.5,-25.));
#577 = LINE('',#578,#579);
#578 = CARTESIAN_POINT('',(845.5,-19.5,-25.));
#579 = VECTOR('',#580,1.);
#580 = DIRECTION('',(1.,0.,0.));
#581 = ORIENTED_EDGE('',*,*,#582,.T.);
#582 = EDGE_CURVE('',#575,#435,#583,.T.);
#583 = LINE('',#584,#585);
#584 = CARTESIAN_POINT('',(938.5,-19.5,-25.));
#585 = VECTOR('',#586,1.);
#586 = DIRECTION('',(0.,0.,1.));
#587 = ORIENTED_EDGE('',*,*,#434,.F.);
#588 = ORIENTED_EDGE('',*,*,#589,.T.);
#589 = EDGE_CURVE('',#427,#590,#592,.T.);
#590 = VERTEX_POINT('',#591);
#591 = CARTESIAN_POINT('',(933.,-19.5,-4.));
#592 = LINE('',#593,#594);
#593 = CARTESIAN_POINT('',(933.,-19.5,-4.));
#594 = VECTOR('',#595,1.);
#595 = DIRECTION('',(0.,0.,-1.));
#596 = ORIENTED_EDGE('',*,*,#597,.F.);
#597 = EDGE_CURVE('',#598,#590,#600,.T.);
#598 = VERTEX_POINT('',#599);
#599 = CARTESIAN_POINT('',(923.,-19.5,-4.));
#600 = LINE('',#601,#602);
#601 = CARTESIAN_POINT('',(845.5,-19.5,-4.));
#602 = VECTOR('',#603,1.);
#603 = DIRECTION('',(1.,0.,0.));
#604 = ORIENTED_EDGE('',*,*,#605,.F.);
#605 = EDGE_CURVE('',#403,#598,#606,.T.);
#606 = LINE('',#607,#608);
#607 = CARTESIAN_POINT('',(923.,-19.5,-4.));
#608 = VECTOR('',#609,1.);
#609 = DIRECTION('',(0.,0.,-1.));
#610 = ORIENTED_EDGE('',*,*,#402,.F.);
#611 = ORIENTED_EDGE('',*,*,#612,.T.);
#612 = EDGE_CURVE('',#395,#613,#615,.T.);
#613 = VERTEX_POINT('',#614);
#614 = CARTESIAN_POINT('',(861.,-19.5,-4.));
#615 = LINE('',#616,#617);
#616 = CARTESIAN_POINT('',(861.,-19.5,-4.));
#617 = VECTOR('',#618,1.);
#618 = DIRECTION('',(0.,0.,-1.));
#619 = ORIENTED_EDGE('',*,*,#620,.F.);
#620 = EDGE_CURVE('',#340,#613,#621,.T.);
#621 = LINE('',#622,#623);
#622 = CARTESIAN_POINT('',(845.5,-19.5,-4.));
#623 = VECTOR('',#624,1.);
#624 = DIRECTION('',(1.,0.,0.));
#625 = FACE_BOUND('',#626,.T.);
#626 = EDGE_LOOP('',(#627,#637,#645,#653));
#627 = ORIENTED_EDGE('',*,*,#628,.T.);
#628 = EDGE_CURVE('',#629,#631,#633,.T.);
#629 = VERTEX_POINT('',#630);
#630 = CARTESIAN_POINT('',(871.,-19.5,-11.));
#631 = VERTEX_POINT('',#632);
#632 = CARTESIAN_POINT('',(913.,-19.5,-11.));
#633 = LINE('',#634,#635);
#634 = CARTESIAN_POINT('',(858.25,-19.5,-11.));
#635 = VECTOR('',#636,1.);
#636 = DIRECTION('',(1.,0.,0.));
#637 = ORIENTED_EDGE('',*,*,#638,.T.);
#638 = EDGE_CURVE('',#631,#639,#641,.T.);
#639 = VERTEX_POINT('',#640);
#640 = CARTESIAN_POINT('',(913.,-19.5,-21.));
#641 = LINE('',#642,#643);
#642 = CARTESIAN_POINT('',(913.,-19.5,-23.));
#643 = VECTOR('',#644,1.);
#644 = DIRECTION('',(0.,0.,-1.));
#645 = ORIENTED_EDGE('',*,*,#646,.F.);
#646 = EDGE_CURVE('',#647,#639,#649,.T.);
#647 = VERTEX_POINT('',#648);
#648 = CARTESIAN_POINT('',(871.,-19.5,-21.));
#649 = LINE('',#650,#651);
#650 = CARTESIAN_POINT('',(858.25,-19.5,-21.));
#651 = VECTOR('',#652,1.);
#652 = DIRECTION('',(1.,0.,0.));
#653 = ORIENTED_EDGE('',*,*,#654,.F.);
#654 = EDGE_CURVE('',#629,#647,#655,.T.);
#655 = LINE('',#656,#657);
#656 = CARTESIAN_POINT('',(871.,-19.5,-23.));
#657 = VECTOR('',#658,1.);
#658 = DIRECTION('',(0.,0.,-1.));
#659 = PLANE('',#660);
#660 = AXIS2_PLACEMENT_3D('',#661,#662,#663);
#661 = CARTESIAN_POINT('',(892.,-19.5,-13.02366255144));
#662 = DIRECTION('',(-0.,-1.,-0.));
#663 = DIRECTION('',(0.,0.,-1.));
#664 = ADVANCED_FACE('',(#665,#683),#694,.F.);
#665 = FACE_BOUND('',#666,.F.);
#666 = EDGE_LOOP('',(#667,#668,#676,#682));
#667 = ORIENTED_EDGE('',*,*,#339,.F.);
#668 = ORIENTED_EDGE('',*,*,#669,.T.);
#669 = EDGE_CURVE('',#332,#670,#672,.T.);
#670 = VERTEX_POINT('',#671);
#671 = CARTESIAN_POINT('',(861.,-39.5,-4.));
#672 = LINE('',#673,#674);
#673 = CARTESIAN_POINT('',(851.,-39.5,-4.));
#674 = VECTOR('',#675,1.);
#675 = DIRECTION('',(1.,0.,0.));
#676 = ORIENTED_EDGE('',*,*,#677,.T.);
#677 = EDGE_CURVE('',#670,#613,#678,.T.);
#678 = LINE('',#679,#680);
#679 = CARTESIAN_POINT('',(861.,-39.5,-4.));
#680 = VECTOR('',#681,1.);
#681 = DIRECTION('',(0.,1.,0.));
#682 = ORIENTED_EDGE('',*,*,#620,.F.);
#683 = FACE_BOUND('',#684,.F.);
#684 = EDGE_LOOP('',(#685));
#685 = ORIENTED_EDGE('',*,*,#686,.T.);
#686 = EDGE_CURVE('',#687,#687,#689,.T.);
#687 = VERTEX_POINT('',#688);
#688 = CARTESIAN_POINT('',(857.7,-35.5,-4.));
#689 = CIRCLE('',#690,1.7);
#690 = AXIS2_PLACEMENT_3D('',#691,#692,#693);
#691 = CARTESIAN_POINT('',(856.,-35.5,-4.));
#692 = DIRECTION('',(0.,0.,-1.));
#693 = DIRECTION('',(1.,0.,0.));
#694 = PLANE('',#695);
#695 = AXIS2_PLACEMENT_3D('',#696,#697,#698);
#696 = CARTESIAN_POINT('',(851.,-39.5,-4.));
#697 = DIRECTION('',(0.,0.,1.));
#698 = DIRECTION('',(1.,0.,0.));
#699 = ADVANCED_FACE('',(#700),#711,.F.);
#700 = FACE_BOUND('',#701,.F.);
#701 = EDGE_LOOP('',(#702,#703,#704,#705));
#702 = ORIENTED_EDGE('',*,*,#669,.F.);
#703 = ORIENTED_EDGE('',*,*,#331,.T.);
#704 = ORIENTED_EDGE('',*,*,#386,.T.);
#705 = ORIENTED_EDGE('',*,*,#706,.F.);
#706 = EDGE_CURVE('',#670,#387,#707,.T.);
#707 = LINE('',#708,#709);
#708 = CARTESIAN_POINT('',(861.,-39.5,-4.));
#709 = VECTOR('',#710,1.);
#710 = DIRECTION('',(0.,0.,1.));
#711 = PLANE('',#712);
#712 = AXIS2_PLACEMENT_3D('',#713,#714,#715);
#713 = CARTESIAN_POINT('',(851.,-39.5,-4.));
#714 = DIRECTION('',(0.,1.,0.));
#715 = DIRECTION('',(0.,0.,1.));
#716 = ADVANCED_FACE('',(#717,#788),#822,.T.);
#717 = FACE_BOUND('',#718,.T.);
#718 = EDGE_LOOP('',(#719,#727,#735,#741,#742,#750,#758,#764,#765,#773,
    #781,#787));
#719 = ORIENTED_EDGE('',*,*,#720,.T.);
#720 = EDGE_CURVE('',#364,#721,#723,.T.);
#721 = VERTEX_POINT('',#722);
#722 = CARTESIAN_POINT('',(851.,19.5,-4.));
#723 = LINE('',#724,#725);
#724 = CARTESIAN_POINT('',(851.,19.5,-4.));
#725 = VECTOR('',#726,1.);
#726 = DIRECTION('',(0.,0.,-1.));
#727 = ORIENTED_EDGE('',*,*,#728,.T.);
#728 = EDGE_CURVE('',#721,#729,#731,.T.);
#729 = VERTEX_POINT('',#730);
#730 = CARTESIAN_POINT('',(861.,19.5,-4.));
#731 = LINE('',#732,#733);
#732 = CARTESIAN_POINT('',(845.5,19.5,-4.));
#733 = VECTOR('',#734,1.);
#734 = DIRECTION('',(1.,0.,0.));
#735 = ORIENTED_EDGE('',*,*,#736,.F.);
#736 = EDGE_CURVE('',#483,#729,#737,.T.);
#737 = LINE('',#738,#739);
#738 = CARTESIAN_POINT('',(861.,19.5,-4.));
#739 = VECTOR('',#740,1.);
#740 = DIRECTION('',(0.,0.,-1.));
#741 = ORIENTED_EDGE('',*,*,#482,.T.);
#742 = ORIENTED_EDGE('',*,*,#743,.T.);
#743 = EDGE_CURVE('',#475,#744,#746,.T.);
#744 = VERTEX_POINT('',#745);
#745 = CARTESIAN_POINT('',(923.,19.5,-4.));
#746 = LINE('',#747,#748);
#747 = CARTESIAN_POINT('',(923.,19.5,-4.));
#748 = VECTOR('',#749,1.);
#749 = DIRECTION('',(0.,0.,-1.));
#750 = ORIENTED_EDGE('',*,*,#751,.T.);
#751 = EDGE_CURVE('',#744,#752,#754,.T.);
#752 = VERTEX_POINT('',#753);
#753 = CARTESIAN_POINT('',(933.,19.5,-4.));
#754 = LINE('',#755,#756);
#755 = CARTESIAN_POINT('',(845.5,19.5,-4.));
#756 = VECTOR('',#757,1.);
#757 = DIRECTION('',(1.,0.,0.));
#758 = ORIENTED_EDGE('',*,*,#759,.F.);
#759 = EDGE_CURVE('',#451,#752,#760,.T.);
#760 = LINE('',#761,#762);
#761 = CARTESIAN_POINT('',(933.,19.5,-4.));
#762 = VECTOR('',#763,1.);
#763 = DIRECTION('',(0.,0.,-1.));
#764 = ORIENTED_EDGE('',*,*,#450,.T.);
#765 = ORIENTED_EDGE('',*,*,#766,.F.);
#766 = EDGE_CURVE('',#767,#443,#769,.T.);
#767 = VERTEX_POINT('',#768);
#768 = CARTESIAN_POINT('',(938.5,19.5,-25.));
#769 = LINE('',#770,#771);
#770 = CARTESIAN_POINT('',(938.5,19.5,-4.));
#771 = VECTOR('',#772,1.);
#772 = DIRECTION('',(0.,0.,1.));
#773 = ORIENTED_EDGE('',*,*,#774,.F.);
#774 = EDGE_CURVE('',#775,#767,#777,.T.);
#775 = VERTEX_POINT('',#776);
#776 = CARTESIAN_POINT('',(845.5,19.5,-25.));
#777 = LINE('',#778,#779);
#778 = CARTESIAN_POINT('',(845.5,19.5,-25.));
#779 = VECTOR('',#780,1.);
#780 = DIRECTION('',(1.,0.,0.));
#781 = ORIENTED_EDGE('',*,*,#782,.T.);
#782 = EDGE_CURVE('',#775,#362,#783,.T.);
#783 = LINE('',#784,#785);
#784 = CARTESIAN_POINT('',(845.5,19.5,-4.));
#785 = VECTOR('',#786,1.);
#786 = DIRECTION('',(0.,0.,1.));
#787 = ORIENTED_EDGE('',*,*,#361,.T.);
#788 = FACE_BOUND('',#789,.T.);
#789 = EDGE_LOOP('',(#790,#800,#808,#816));
#790 = ORIENTED_EDGE('',*,*,#791,.F.);
#791 = EDGE_CURVE('',#792,#794,#796,.T.);
#792 = VERTEX_POINT('',#793);
#793 = CARTESIAN_POINT('',(871.,19.5,-11.));
#794 = VERTEX_POINT('',#795);
#795 = CARTESIAN_POINT('',(913.,19.5,-11.));
#796 = LINE('',#797,#798);
#797 = CARTESIAN_POINT('',(858.25,19.5,-11.));
#798 = VECTOR('',#799,1.);
#799 = DIRECTION('',(1.,0.,0.));
#800 = ORIENTED_EDGE('',*,*,#801,.T.);
#801 = EDGE_CURVE('',#792,#802,#804,.T.);
#802 = VERTEX_POINT('',#803);
#803 = CARTESIAN_POINT('',(871.,19.5,-21.));
#804 = LINE('',#805,#806);
#805 = CARTESIAN_POINT('',(871.,19.5,-23.));
#806 = VECTOR('',#807,1.);
#807 = DIRECTION('',(0.,0.,-1.));
#808 = ORIENTED_EDGE('',*,*,#809,.T.);
#809 = EDGE_CURVE('',#802,#810,#812,.T.);
#810 = VERTEX_POINT('',#811);
#811 = CARTESIAN_POINT('',(913.,19.5,-21.));
#812 = LINE('',#813,#814);
#813 = CARTESIAN_POINT('',(858.25,19.5,-21.));
#814 = VECTOR('',#815,1.);
#815 = DIRECTION('',(1.,0.,0.));
#816 = ORIENTED_EDGE('',*,*,#817,.F.);
#817 = EDGE_CURVE('',#794,#810,#818,.T.);
#818 = LINE('',#819,#820);
#819 = CARTESIAN_POINT('',(913.,19.5,-23.));
#820 = VECTOR('',#821,1.);
#821 = DIRECTION('',(0.,0.,-1.));
#822 = PLANE('',#823);
#823 = AXIS2_PLACEMENT_3D('',#824,#825,#826);
#824 = CARTESIAN_POINT('',(892.,19.5,-13.02366255144));
#825 = DIRECTION('',(0.,1.,0.));
#826 = DIRECTION('',(0.,0.,1.));
#827 = ADVANCED_FACE('',(#828),#839,.T.);
#828 = FACE_BOUND('',#829,.T.);
#829 = EDGE_LOOP('',(#830,#831,#832,#833));
#830 = ORIENTED_EDGE('',*,*,#566,.T.);
#831 = ORIENTED_EDGE('',*,*,#371,.T.);
#832 = ORIENTED_EDGE('',*,*,#782,.F.);
#833 = ORIENTED_EDGE('',*,*,#834,.F.);
#834 = EDGE_CURVE('',#567,#775,#835,.T.);
#835 = LINE('',#836,#837);
#836 = CARTESIAN_POINT('',(845.5,-19.5,-25.));
#837 = VECTOR('',#838,1.);
#838 = DIRECTION('',(0.,1.,0.));
#839 = PLANE('',#840);
#840 = AXIS2_PLACEMENT_3D('',#841,#842,#843);
#841 = CARTESIAN_POINT('',(845.5,0.,-13.25));
#842 = DIRECTION('',(-1.,-0.,-0.));
#843 = DIRECTION('',(0.,0.,-1.));
#844 = ADVANCED_FACE('',(#845),#863,.F.);
#845 = FACE_BOUND('',#846,.F.);
#846 = EDGE_LOOP('',(#847,#848,#856,#862));
#847 = ORIENTED_EDGE('',*,*,#720,.T.);
#848 = ORIENTED_EDGE('',*,*,#849,.T.);
#849 = EDGE_CURVE('',#721,#850,#852,.T.);
#850 = VERTEX_POINT('',#851);
#851 = CARTESIAN_POINT('',(851.,39.5,-4.));
#852 = LINE('',#853,#854);
#853 = CARTESIAN_POINT('',(851.,17.5,-4.));
#854 = VECTOR('',#855,1.);
#855 = DIRECTION('',(0.,1.,0.));
#856 = ORIENTED_EDGE('',*,*,#857,.T.);
#857 = EDGE_CURVE('',#850,#499,#858,.T.);
#858 = LINE('',#859,#860);
#859 = CARTESIAN_POINT('',(851.,39.5,-4.));
#860 = VECTOR('',#861,1.);
#861 = DIRECTION('',(0.,0.,1.));
#862 = ORIENTED_EDGE('',*,*,#506,.F.);
#863 = PLANE('',#864);
#864 = AXIS2_PLACEMENT_3D('',#865,#866,#867);
#865 = CARTESIAN_POINT('',(851.,17.5,-4.));
#866 = DIRECTION('',(1.,0.,0.));
#867 = DIRECTION('',(0.,0.,1.));
#868 = ADVANCED_FACE('',(#869),#887,.T.);
#869 = FACE_BOUND('',#870,.T.);
#870 = EDGE_LOOP('',(#871,#879,#880,#881));
#871 = ORIENTED_EDGE('',*,*,#872,.F.);
#872 = EDGE_CURVE('',#850,#873,#875,.T.);
#873 = VERTEX_POINT('',#874);
#874 = CARTESIAN_POINT('',(861.,39.5,-4.));
#875 = LINE('',#876,#877);
#876 = CARTESIAN_POINT('',(851.,39.5,-4.));
#877 = VECTOR('',#878,1.);
#878 = DIRECTION('',(1.,0.,0.));
#879 = ORIENTED_EDGE('',*,*,#857,.T.);
#880 = ORIENTED_EDGE('',*,*,#498,.T.);
#881 = ORIENTED_EDGE('',*,*,#882,.F.);
#882 = EDGE_CURVE('',#873,#491,#883,.T.);
#883 = LINE('',#884,#885);
#884 = CARTESIAN_POINT('',(861.,39.5,-4.));
#885 = VECTOR('',#886,1.);
#886 = DIRECTION('',(0.,0.,1.));
#887 = PLANE('',#888);
#888 = AXIS2_PLACEMENT_3D('',#889,#890,#891);
#889 = CARTESIAN_POINT('',(851.,39.5,-4.));
#890 = DIRECTION('',(0.,1.,0.));
#891 = DIRECTION('',(0.,0.,1.));
#892 = ADVANCED_FACE('',(#893),#904,.T.);
#893 = FACE_BOUND('',#894,.T.);
#894 = EDGE_LOOP('',(#895,#896,#902,#903));
#895 = ORIENTED_EDGE('',*,*,#736,.T.);
#896 = ORIENTED_EDGE('',*,*,#897,.T.);
#897 = EDGE_CURVE('',#729,#873,#898,.T.);
#898 = LINE('',#899,#900);
#899 = CARTESIAN_POINT('',(861.,17.5,-4.));
#900 = VECTOR('',#901,1.);
#901 = DIRECTION('',(0.,1.,0.));
#902 = ORIENTED_EDGE('',*,*,#882,.T.);
#903 = ORIENTED_EDGE('',*,*,#490,.F.);
#904 = PLANE('',#905);
#905 = AXIS2_PLACEMENT_3D('',#906,#907,#908);
#906 = CARTESIAN_POINT('',(861.,17.5,-4.));
#907 = DIRECTION('',(1.,0.,0.));
#908 = DIRECTION('',(0.,0.,1.));
#909 = ADVANCED_FACE('',(#910),#916,.T.);
#910 = FACE_BOUND('',#911,.T.);
#911 = EDGE_LOOP('',(#912,#913,#914,#915));
#912 = ORIENTED_EDGE('',*,*,#394,.F.);
#913 = ORIENTED_EDGE('',*,*,#706,.F.);
#914 = ORIENTED_EDGE('',*,*,#677,.T.);
#915 = ORIENTED_EDGE('',*,*,#612,.F.);
#916 = PLANE('',#917);
#917 = AXIS2_PLACEMENT_3D('',#918,#919,#920);
#918 = CARTESIAN_POINT('',(861.,-39.5,-4.));
#919 = DIRECTION('',(1.,0.,0.));
#920 = DIRECTION('',(0.,0.,1.));
#921 = ADVANCED_FACE('',(#922),#940,.F.);
#922 = FACE_BOUND('',#923,.F.);
#923 = EDGE_LOOP('',(#924,#925,#933,#939));
#924 = ORIENTED_EDGE('',*,*,#743,.T.);
#925 = ORIENTED_EDGE('',*,*,#926,.T.);
#926 = EDGE_CURVE('',#744,#927,#929,.T.);
#927 = VERTEX_POINT('',#928);
#928 = CARTESIAN_POINT('',(923.,39.5,-4.));
#929 = LINE('',#930,#931);
#930 = CARTESIAN_POINT('',(923.,17.5,-4.));
#931 = VECTOR('',#932,1.);
#932 = DIRECTION('',(0.,1.,0.));
#933 = ORIENTED_EDGE('',*,*,#934,.T.);
#934 = EDGE_CURVE('',#927,#467,#935,.T.);
#935 = LINE('',#936,#937);
#936 = CARTESIAN_POINT('',(923.,39.5,-4.));
#937 = VECTOR('',#938,1.);
#938 = DIRECTION('',(0.,0.,1.));
#939 = ORIENTED_EDGE('',*,*,#474,.F.);
#940 = PLANE('',#941);
#941 = AXIS2_PLACEMENT_3D('',#942,#943,#944);
#942 = CARTESIAN_POINT('',(923.,17.5,-4.));
#943 = DIRECTION('',(1.,0.,0.));
#944 = DIRECTION('',(0.,0.,1.));
#945 = ADVANCED_FACE('',(#946),#964,.T.);
#946 = FACE_BOUND('',#947,.T.);
#947 = EDGE_LOOP('',(#948,#956,#957,#958));
#948 = ORIENTED_EDGE('',*,*,#949,.F.);
#949 = EDGE_CURVE('',#927,#950,#952,.T.);
#950 = VERTEX_POINT('',#951);
#951 = CARTESIAN_POINT('',(933.,39.5,-4.));
#952 = LINE('',#953,#954);
#953 = CARTESIAN_POINT('',(923.,39.5,-4.));
#954 = VECTOR('',#955,1.);
#955 = DIRECTION('',(1.,0.,0.));
#956 = ORIENTED_EDGE('',*,*,#934,.T.);
#957 = ORIENTED_EDGE('',*,*,#466,.T.);
#958 = ORIENTED_EDGE('',*,*,#959,.F.);
#959 = EDGE_CURVE('',#950,#459,#960,.T.);
#960 = LINE('',#961,#962);
#961 = CARTESIAN_POINT('',(933.,39.5,-4.));
#962 = VECTOR('',#963,1.);
#963 = DIRECTION('',(0.,0.,1.));
#964 = PLANE('',#965);
#965 = AXIS2_PLACEMENT_3D('',#966,#967,#968);
#966 = CARTESIAN_POINT('',(923.,39.5,-4.));
#967 = DIRECTION('',(0.,1.,0.));
#968 = DIRECTION('',(0.,0.,1.));
#969 = ADVANCED_FACE('',(#970),#988,.F.);
#970 = FACE_BOUND('',#971,.F.);
#971 = EDGE_LOOP('',(#972,#973,#981,#987));
#972 = ORIENTED_EDGE('',*,*,#410,.F.);
#973 = ORIENTED_EDGE('',*,*,#974,.F.);
#974 = EDGE_CURVE('',#975,#411,#977,.T.);
#975 = VERTEX_POINT('',#976);
#976 = CARTESIAN_POINT('',(923.,-39.5,-4.));
#977 = LINE('',#978,#979);
#978 = CARTESIAN_POINT('',(923.,-39.5,-4.));
#979 = VECTOR('',#980,1.);
#980 = DIRECTION('',(0.,0.,1.));
#981 = ORIENTED_EDGE('',*,*,#982,.T.);
#982 = EDGE_CURVE('',#975,#598,#983,.T.);
#983 = LINE('',#984,#985);
#984 = CARTESIAN_POINT('',(923.,-39.5,-4.));
#985 = VECTOR('',#986,1.);
#986 = DIRECTION('',(0.,1.,0.));
#987 = ORIENTED_EDGE('',*,*,#605,.F.);
#988 = PLANE('',#989);
#989 = AXIS2_PLACEMENT_3D('',#990,#991,#992);
#990 = CARTESIAN_POINT('',(923.,-39.5,-4.));
#991 = DIRECTION('',(1.,0.,0.));
#992 = DIRECTION('',(0.,0.,1.));
#993 = ADVANCED_FACE('',(#994),#1005,.T.);
#994 = FACE_BOUND('',#995,.T.);
#995 = EDGE_LOOP('',(#996,#997,#1003,#1004));
#996 = ORIENTED_EDGE('',*,*,#759,.T.);
#997 = ORIENTED_EDGE('',*,*,#998,.T.);
#998 = EDGE_CURVE('',#752,#950,#999,.T.);
#999 = LINE('',#1000,#1001);
#1000 = CARTESIAN_POINT('',(933.,17.5,-4.));
#1001 = VECTOR('',#1002,1.);
#1002 = DIRECTION('',(0.,1.,0.));
#1003 = ORIENTED_EDGE('',*,*,#959,.T.);
#1004 = ORIENTED_EDGE('',*,*,#458,.F.);
#1005 = PLANE('',#1006);
#1006 = AXIS2_PLACEMENT_3D('',#1007,#1008,#1009);
#1007 = CARTESIAN_POINT('',(933.,17.5,-4.));
#1008 = DIRECTION('',(1.,0.,0.));
#1009 = DIRECTION('',(0.,0.,1.));
#1010 = ADVANCED_FACE('',(#1011),#1029,.F.);
#1011 = FACE_BOUND('',#1012,.F.);
#1012 = EDGE_LOOP('',(#1013,#1021,#1022,#1023));
#1013 = ORIENTED_EDGE('',*,*,#1014,.F.);
#1014 = EDGE_CURVE('',#975,#1015,#1017,.T.);
#1015 = VERTEX_POINT('',#1016);
#1016 = CARTESIAN_POINT('',(933.,-39.5,-4.));
#1017 = LINE('',#1018,#1019);
#1018 = CARTESIAN_POINT('',(923.,-39.5,-4.));
#1019 = VECTOR('',#1020,1.);
#1020 = DIRECTION('',(1.,0.,0.));
#1021 = ORIENTED_EDGE('',*,*,#974,.T.);
#1022 = ORIENTED_EDGE('',*,*,#418,.T.);
#1023 = ORIENTED_EDGE('',*,*,#1024,.F.);
#1024 = EDGE_CURVE('',#1015,#419,#1025,.T.);
#1025 = LINE('',#1026,#1027);
#1026 = CARTESIAN_POINT('',(933.,-39.5,-4.));
#1027 = VECTOR('',#1028,1.);
#1028 = DIRECTION('',(0.,0.,1.));
#1029 = PLANE('',#1030);
#1030 = AXIS2_PLACEMENT_3D('',#1031,#1032,#1033);
#1031 = CARTESIAN_POINT('',(923.,-39.5,-4.));
#1032 = DIRECTION('',(0.,1.,0.));
#1033 = DIRECTION('',(0.,0.,1.));
#1034 = ADVANCED_FACE('',(#1035),#1046,.T.);
#1035 = FACE_BOUND('',#1036,.T.);
#1036 = EDGE_LOOP('',(#1037,#1038,#1039,#1045));
#1037 = ORIENTED_EDGE('',*,*,#426,.F.);
#1038 = ORIENTED_EDGE('',*,*,#1024,.F.);
#1039 = ORIENTED_EDGE('',*,*,#1040,.T.);
#1040 = EDGE_CURVE('',#1015,#590,#1041,.T.);
#1041 = LINE('',#1042,#1043);
#1042 = CARTESIAN_POINT('',(933.,-39.5,-4.));
#1043 = VECTOR('',#1044,1.);
#1044 = DIRECTION('',(0.,1.,0.));
#1045 = ORIENTED_EDGE('',*,*,#589,.F.);
#1046 = PLANE('',#1047);
#1047 = AXIS2_PLACEMENT_3D('',#1048,#1049,#1050);
#1048 = CARTESIAN_POINT('',(933.,-39.5,-4.));
#1049 = DIRECTION('',(1.,0.,0.));
#1050 = DIRECTION('',(0.,0.,1.));
#1051 = ADVANCED_FACE('',(#1052),#1063,.T.);
#1052 = FACE_BOUND('',#1053,.T.);
#1053 = EDGE_LOOP('',(#1054,#1055,#1061,#1062));
#1054 = ORIENTED_EDGE('',*,*,#582,.F.);
#1055 = ORIENTED_EDGE('',*,*,#1056,.T.);
#1056 = EDGE_CURVE('',#575,#767,#1057,.T.);
#1057 = LINE('',#1058,#1059);
#1058 = CARTESIAN_POINT('',(938.5,-19.5,-25.));
#1059 = VECTOR('',#1060,1.);
#1060 = DIRECTION('',(0.,1.,0.));
#1061 = ORIENTED_EDGE('',*,*,#766,.T.);
#1062 = ORIENTED_EDGE('',*,*,#442,.F.);
#1063 = PLANE('',#1064);
#1064 = AXIS2_PLACEMENT_3D('',#1065,#1066,#1067);
#1065 = CARTESIAN_POINT('',(938.5,0.,-13.25));
#1066 = DIRECTION('',(1.,0.,0.));
#1067 = DIRECTION('',(0.,0.,1.));
#1068 = ADVANCED_FACE('',(#1069),#1080,.F.);
#1069 = FACE_BOUND('',#1070,.T.);
#1070 = EDGE_LOOP('',(#1071,#1072,#1078,#1079));
#1071 = ORIENTED_EDGE('',*,*,#686,.T.);
#1072 = ORIENTED_EDGE('',*,*,#1073,.T.);
#1073 = EDGE_CURVE('',#687,#515,#1074,.T.);
#1074 = LINE('',#1075,#1076);
#1075 = CARTESIAN_POINT('',(857.7,-35.5,-6.));
#1076 = VECTOR('',#1077,1.);
#1077 = DIRECTION('',(0.,0.,1.));
#1078 = ORIENTED_EDGE('',*,*,#514,.F.);
#1079 = ORIENTED_EDGE('',*,*,#1073,.F.);
#1080 = CYLINDRICAL_SURFACE('',#1081,1.7);
#1081 = AXIS2_PLACEMENT_3D('',#1082,#1083,#1084);
#1082 = CARTESIAN_POINT('',(856.,-35.5,-6.));
#1083 = DIRECTION('',(-0.,-0.,-1.));
#1084 = DIRECTION('',(1.,0.,0.));
#1085 = ADVANCED_FACE('',(#1086),#1105,.F.);
#1086 = FACE_BOUND('',#1087,.T.);
#1087 = EDGE_LOOP('',(#1088,#1097,#1103,#1104));
#1088 = ORIENTED_EDGE('',*,*,#1089,.T.);
#1089 = EDGE_CURVE('',#1090,#1090,#1092,.T.);
#1090 = VERTEX_POINT('',#1091);
#1091 = CARTESIAN_POINT('',(929.7,-35.5,-4.));
#1092 = CIRCLE('',#1093,1.7);
#1093 = AXIS2_PLACEMENT_3D('',#1094,#1095,#1096);
#1094 = CARTESIAN_POINT('',(928.,-35.5,-4.));
#1095 = DIRECTION('',(0.,0.,-1.));
#1096 = DIRECTION('',(1.,0.,0.));
#1097 = ORIENTED_EDGE('',*,*,#1098,.T.);
#1098 = EDGE_CURVE('',#1090,#526,#1099,.T.);
#1099 = LINE('',#1100,#1101);
#1100 = CARTESIAN_POINT('',(929.7,-35.5,-6.));
#1101 = VECTOR('',#1102,1.);
#1102 = DIRECTION('',(0.,0.,1.));
#1103 = ORIENTED_EDGE('',*,*,#525,.F.);
#1104 = ORIENTED_EDGE('',*,*,#1098,.F.);
#1105 = CYLINDRICAL_SURFACE('',#1106,1.7);
#1106 = AXIS2_PLACEMENT_3D('',#1107,#1108,#1109);
#1107 = CARTESIAN_POINT('',(928.,-35.5,-6.));
#1108 = DIRECTION('',(-0.,-0.,-1.));
#1109 = DIRECTION('',(1.,0.,0.));
#1110 = ADVANCED_FACE('',(#1111),#1130,.F.);
#1111 = FACE_BOUND('',#1112,.T.);
#1112 = EDGE_LOOP('',(#1113,#1122,#1128,#1129));
#1113 = ORIENTED_EDGE('',*,*,#1114,.T.);
#1114 = EDGE_CURVE('',#1115,#1115,#1117,.T.);
#1115 = VERTEX_POINT('',#1116);
#1116 = CARTESIAN_POINT('',(857.7,35.5,-4.));
#1117 = CIRCLE('',#1118,1.7);
#1118 = AXIS2_PLACEMENT_3D('',#1119,#1120,#1121);
#1119 = CARTESIAN_POINT('',(856.,35.5,-4.));
#1120 = DIRECTION('',(0.,0.,-1.));
#1121 = DIRECTION('',(1.,0.,0.));
#1122 = ORIENTED_EDGE('',*,*,#1123,.T.);
#1123 = EDGE_CURVE('',#1115,#537,#1124,.T.);
#1124 = LINE('',#1125,#1126);
#1125 = CARTESIAN_POINT('',(857.7,35.5,-6.));
#1126 = VECTOR('',#1127,1.);
#1127 = DIRECTION('',(0.,0.,1.));
#1128 = ORIENTED_EDGE('',*,*,#536,.F.);
#1129 = ORIENTED_EDGE('',*,*,#1123,.F.);
#1130 = CYLINDRICAL_SURFACE('',#1131,1.7);
#1131 = AXIS2_PLACEMENT_3D('',#1132,#1133,#1134);
#1132 = CARTESIAN_POINT('',(856.,35.5,-6.));
#1133 = DIRECTION('',(-0.,-0.,-1.));
#1134 = DIRECTION('',(1.,0.,0.));
#1135 = ADVANCED_FACE('',(#1136),#1155,.F.);
#1136 = FACE_BOUND('',#1137,.T.);
#1137 = EDGE_LOOP('',(#1138,#1147,#1153,#1154));
#1138 = ORIENTED_EDGE('',*,*,#1139,.T.);
#1139 = EDGE_CURVE('',#1140,#1140,#1142,.T.);
#1140 = VERTEX_POINT('',#1141);
#1141 = CARTESIAN_POINT('',(929.7,35.5,-4.));
#1142 = CIRCLE('',#1143,1.7);
#1143 = AXIS2_PLACEMENT_3D('',#1144,#1145,#1146);
#1144 = CARTESIAN_POINT('',(928.,35.5,-4.));
#1145 = DIRECTION('',(0.,0.,-1.));
#1146 = DIRECTION('',(1.,0.,0.));
#1147 = ORIENTED_EDGE('',*,*,#1148,.T.);
#1148 = EDGE_CURVE('',#1140,#548,#1149,.T.);
#1149 = LINE('',#1150,#1151);
#1150 = CARTESIAN_POINT('',(929.7,35.5,-6.));
#1151 = VECTOR('',#1152,1.);
#1152 = DIRECTION('',(0.,0.,1.));
#1153 = ORIENTED_EDGE('',*,*,#547,.F.);
#1154 = ORIENTED_EDGE('',*,*,#1148,.F.);
#1155 = CYLINDRICAL_SURFACE('',#1156,1.7);
#1156 = AXIS2_PLACEMENT_3D('',#1157,#1158,#1159);
#1157 = CARTESIAN_POINT('',(928.,35.5,-6.));
#1158 = DIRECTION('',(-0.,-0.,-1.));
#1159 = DIRECTION('',(1.,0.,0.));
#1160 = ADVANCED_FACE('',(#1161,#1167),#1201,.F.);
#1161 = FACE_BOUND('',#1162,.F.);
#1162 = EDGE_LOOP('',(#1163,#1164,#1165,#1166));
#1163 = ORIENTED_EDGE('',*,*,#834,.F.);
#1164 = ORIENTED_EDGE('',*,*,#574,.T.);
#1165 = ORIENTED_EDGE('',*,*,#1056,.T.);
#1166 = ORIENTED_EDGE('',*,*,#774,.F.);
#1167 = FACE_BOUND('',#1168,.F.);
#1168 = EDGE_LOOP('',(#1169,#1179,#1187,#1195));
#1169 = ORIENTED_EDGE('',*,*,#1170,.T.);
#1170 = EDGE_CURVE('',#1171,#1173,#1175,.T.);
#1171 = VERTEX_POINT('',#1172);
#1172 = CARTESIAN_POINT('',(935.5,-16.5,-25.));
#1173 = VERTEX_POINT('',#1174);
#1174 = CARTESIAN_POINT('',(848.5,-16.5,-25.));
#1175 = LINE('',#1176,#1177);
#1176 = CARTESIAN_POINT('',(847.,-16.5,-25.));
#1177 = VECTOR('',#1178,1.);
#1178 = DIRECTION('',(-1.,0.,0.));
#1179 = ORIENTED_EDGE('',*,*,#1180,.T.);
#1180 = EDGE_CURVE('',#1173,#1181,#1183,.T.);
#1181 = VERTEX_POINT('',#1182);
#1182 = CARTESIAN_POINT('',(848.5,16.5,-25.));
#1183 = LINE('',#1184,#1185);
#1184 = CARTESIAN_POINT('',(848.5,-18.,-25.));
#1185 = VECTOR('',#1186,1.);
#1186 = DIRECTION('',(0.,1.,0.));
#1187 = ORIENTED_EDGE('',*,*,#1188,.F.);
#1188 = EDGE_CURVE('',#1189,#1181,#1191,.T.);
#1189 = VERTEX_POINT('',#1190);
#1190 = CARTESIAN_POINT('',(935.5,16.5,-25.));
#1191 = LINE('',#1192,#1193);
#1192 = CARTESIAN_POINT('',(847.,16.5,-25.));
#1193 = VECTOR('',#1194,1.);
#1194 = DIRECTION('',(-1.,0.,0.));
#1195 = ORIENTED_EDGE('',*,*,#1196,.F.);
#1196 = EDGE_CURVE('',#1171,#1189,#1197,.T.);
#1197 = LINE('',#1198,#1199);
#1198 = CARTESIAN_POINT('',(935.5,-18.,-25.));
#1199 = VECTOR('',#1200,1.);
#1200 = DIRECTION('',(0.,1.,0.));
#1201 = PLANE('',#1202);
#1202 = AXIS2_PLACEMENT_3D('',#1203,#1204,#1205);
#1203 = CARTESIAN_POINT('',(845.5,-19.5,-25.));
#1204 = DIRECTION('',(0.,0.,1.));
#1205 = DIRECTION('',(1.,0.,0.));
#1206 = ADVANCED_FACE('',(#1207,#1213),#1216,.F.);
#1207 = FACE_BOUND('',#1208,.F.);
#1208 = EDGE_LOOP('',(#1209,#1210,#1211,#1212));
#1209 = ORIENTED_EDGE('',*,*,#982,.F.);
#1210 = ORIENTED_EDGE('',*,*,#1014,.T.);
#1211 = ORIENTED_EDGE('',*,*,#1040,.T.);
#1212 = ORIENTED_EDGE('',*,*,#597,.F.);
#1213 = FACE_BOUND('',#1214,.F.);
#1214 = EDGE_LOOP('',(#1215));
#1215 = ORIENTED_EDGE('',*,*,#1089,.T.);
#1216 = PLANE('',#1217);
#1217 = AXIS2_PLACEMENT_3D('',#1218,#1219,#1220);
#1218 = CARTESIAN_POINT('',(923.,-39.5,-4.));
#1219 = DIRECTION('',(0.,0.,1.));
#1220 = DIRECTION('',(1.,0.,0.));
#1221 = ADVANCED_FACE('',(#1222),#1247,.F.);
#1222 = FACE_BOUND('',#1223,.F.);
#1223 = EDGE_LOOP('',(#1224,#1232,#1233,#1241));
#1224 = ORIENTED_EDGE('',*,*,#1225,.F.);
#1225 = EDGE_CURVE('',#629,#1226,#1228,.T.);
#1226 = VERTEX_POINT('',#1227);
#1227 = CARTESIAN_POINT('',(871.,-16.5,-11.));
#1228 = LINE('',#1229,#1230);
#1229 = CARTESIAN_POINT('',(871.,-20.,-11.));
#1230 = VECTOR('',#1231,1.);
#1231 = DIRECTION('',(0.,1.,0.));
#1232 = ORIENTED_EDGE('',*,*,#628,.T.);
#1233 = ORIENTED_EDGE('',*,*,#1234,.T.);
#1234 = EDGE_CURVE('',#631,#1235,#1237,.T.);
#1235 = VERTEX_POINT('',#1236);
#1236 = CARTESIAN_POINT('',(913.,-16.5,-11.));
#1237 = LINE('',#1238,#1239);
#1238 = CARTESIAN_POINT('',(913.,-20.,-11.));
#1239 = VECTOR('',#1240,1.);
#1240 = DIRECTION('',(0.,1.,0.));
#1241 = ORIENTED_EDGE('',*,*,#1242,.F.);
#1242 = EDGE_CURVE('',#1226,#1235,#1243,.T.);
#1243 = LINE('',#1244,#1245);
#1244 = CARTESIAN_POINT('',(859.75,-16.5,-11.));
#1245 = VECTOR('',#1246,1.);
#1246 = DIRECTION('',(1.,0.,0.));
#1247 = PLANE('',#1248);
#1248 = AXIS2_PLACEMENT_3D('',#1249,#1250,#1251);
#1249 = CARTESIAN_POINT('',(871.,-20.,-11.));
#1250 = DIRECTION('',(0.,0.,1.));
#1251 = DIRECTION('',(1.,0.,0.));
#1252 = ADVANCED_FACE('',(#1253),#1271,.F.);
#1253 = FACE_BOUND('',#1254,.F.);
#1254 = EDGE_LOOP('',(#1255,#1256,#1257,#1265));
#1255 = ORIENTED_EDGE('',*,*,#1234,.F.);
#1256 = ORIENTED_EDGE('',*,*,#638,.T.);
#1257 = ORIENTED_EDGE('',*,*,#1258,.T.);
#1258 = EDGE_CURVE('',#639,#1259,#1261,.T.);
#1259 = VERTEX_POINT('',#1260);
#1260 = CARTESIAN_POINT('',(913.,-16.5,-21.));
#1261 = LINE('',#1262,#1263);
#1262 = CARTESIAN_POINT('',(913.,-20.,-21.));
#1263 = VECTOR('',#1264,1.);
#1264 = DIRECTION('',(0.,1.,0.));
#1265 = ORIENTED_EDGE('',*,*,#1266,.F.);
#1266 = EDGE_CURVE('',#1235,#1259,#1267,.T.);
#1267 = LINE('',#1268,#1269);
#1268 = CARTESIAN_POINT('',(913.,-16.5,-23.5));
#1269 = VECTOR('',#1270,1.);
#1270 = DIRECTION('',(0.,0.,-1.));
#1271 = PLANE('',#1272);
#1272 = AXIS2_PLACEMENT_3D('',#1273,#1274,#1275);
#1273 = CARTESIAN_POINT('',(913.,-20.,-21.));
#1274 = DIRECTION('',(1.,0.,0.));
#1275 = DIRECTION('',(0.,0.,1.));
#1276 = ADVANCED_FACE('',(#1277),#1295,.T.);
#1277 = FACE_BOUND('',#1278,.T.);
#1278 = EDGE_LOOP('',(#1279,#1287,#1288,#1289));
#1279 = ORIENTED_EDGE('',*,*,#1280,.F.);
#1280 = EDGE_CURVE('',#647,#1281,#1283,.T.);
#1281 = VERTEX_POINT('',#1282);
#1282 = CARTESIAN_POINT('',(871.,-16.5,-21.));
#1283 = LINE('',#1284,#1285);
#1284 = CARTESIAN_POINT('',(871.,-20.,-21.));
#1285 = VECTOR('',#1286,1.);
#1286 = DIRECTION('',(0.,1.,0.));
#1287 = ORIENTED_EDGE('',*,*,#646,.T.);
#1288 = ORIENTED_EDGE('',*,*,#1258,.T.);
#1289 = ORIENTED_EDGE('',*,*,#1290,.F.);
#1290 = EDGE_CURVE('',#1281,#1259,#1291,.T.);
#1291 = LINE('',#1292,#1293);
#1292 = CARTESIAN_POINT('',(859.75,-16.5,-21.));
#1293 = VECTOR('',#1294,1.);
#1294 = DIRECTION('',(1.,0.,0.));
#1295 = PLANE('',#1296);
#1296 = AXIS2_PLACEMENT_3D('',#1297,#1298,#1299);
#1297 = CARTESIAN_POINT('',(871.,-20.,-21.));
#1298 = DIRECTION('',(0.,0.,1.));
#1299 = DIRECTION('',(1.,0.,0.));
#1300 = ADVANCED_FACE('',(#1301),#1312,.T.);
#1301 = FACE_BOUND('',#1302,.T.);
#1302 = EDGE_LOOP('',(#1303,#1304,#1305,#1306));
#1303 = ORIENTED_EDGE('',*,*,#1225,.F.);
#1304 = ORIENTED_EDGE('',*,*,#654,.T.);
#1305 = ORIENTED_EDGE('',*,*,#1280,.T.);
#1306 = ORIENTED_EDGE('',*,*,#1307,.F.);
#1307 = EDGE_CURVE('',#1226,#1281,#1308,.T.);
#1308 = LINE('',#1309,#1310);
#1309 = CARTESIAN_POINT('',(871.,-16.5,-23.5));
#1310 = VECTOR('',#1311,1.);
#1311 = DIRECTION('',(0.,0.,-1.));
#1312 = PLANE('',#1313);
#1313 = AXIS2_PLACEMENT_3D('',#1314,#1315,#1316);
#1314 = CARTESIAN_POINT('',(871.,-20.,-21.));
#1315 = DIRECTION('',(1.,0.,0.));
#1316 = DIRECTION('',(0.,0.,1.));
#1317 = ADVANCED_FACE('',(#1318,#1324),#1327,.F.);
#1318 = FACE_BOUND('',#1319,.F.);
#1319 = EDGE_LOOP('',(#1320,#1321,#1322,#1323));
#1320 = ORIENTED_EDGE('',*,*,#849,.F.);
#1321 = ORIENTED_EDGE('',*,*,#728,.T.);
#1322 = ORIENTED_EDGE('',*,*,#897,.T.);
#1323 = ORIENTED_EDGE('',*,*,#872,.F.);
#1324 = FACE_BOUND('',#1325,.F.);
#1325 = EDGE_LOOP('',(#1326));
#1326 = ORIENTED_EDGE('',*,*,#1114,.T.);
#1327 = PLANE('',#1328);
#1328 = AXIS2_PLACEMENT_3D('',#1329,#1330,#1331);
#1329 = CARTESIAN_POINT('',(851.,17.5,-4.));
#1330 = DIRECTION('',(0.,0.,1.));
#1331 = DIRECTION('',(1.,0.,0.));
#1332 = ADVANCED_FACE('',(#1333,#1339),#1342,.F.);
#1333 = FACE_BOUND('',#1334,.F.);
#1334 = EDGE_LOOP('',(#1335,#1336,#1337,#1338));
#1335 = ORIENTED_EDGE('',*,*,#926,.F.);
#1336 = ORIENTED_EDGE('',*,*,#751,.T.);
#1337 = ORIENTED_EDGE('',*,*,#998,.T.);
#1338 = ORIENTED_EDGE('',*,*,#949,.F.);
#1339 = FACE_BOUND('',#1340,.F.);
#1340 = EDGE_LOOP('',(#1341));
#1341 = ORIENTED_EDGE('',*,*,#1139,.T.);
#1342 = PLANE('',#1343);
#1343 = AXIS2_PLACEMENT_3D('',#1344,#1345,#1346);
#1344 = CARTESIAN_POINT('',(923.,17.5,-4.));
#1345 = DIRECTION('',(0.,0.,1.));
#1346 = DIRECTION('',(1.,0.,0.));
#1347 = ADVANCED_FACE('',(#1348),#1373,.F.);
#1348 = FACE_BOUND('',#1349,.F.);
#1349 = EDGE_LOOP('',(#1350,#1358,#1366,#1372));
#1350 = ORIENTED_EDGE('',*,*,#1351,.F.);
#1351 = EDGE_CURVE('',#1352,#792,#1354,.T.);
#1352 = VERTEX_POINT('',#1353);
#1353 = CARTESIAN_POINT('',(871.,16.5,-11.));
#1354 = LINE('',#1355,#1356);
#1355 = CARTESIAN_POINT('',(871.,16.,-11.));
#1356 = VECTOR('',#1357,1.);
#1357 = DIRECTION('',(0.,1.,0.));
#1358 = ORIENTED_EDGE('',*,*,#1359,.T.);
#1359 = EDGE_CURVE('',#1352,#1360,#1362,.T.);
#1360 = VERTEX_POINT('',#1361);
#1361 = CARTESIAN_POINT('',(913.,16.5,-11.));
#1362 = LINE('',#1363,#1364);
#1363 = CARTESIAN_POINT('',(859.75,16.5,-11.));
#1364 = VECTOR('',#1365,1.);
#1365 = DIRECTION('',(1.,0.,0.));
#1366 = ORIENTED_EDGE('',*,*,#1367,.T.);
#1367 = EDGE_CURVE('',#1360,#794,#1368,.T.);
#1368 = LINE('',#1369,#1370);
#1369 = CARTESIAN_POINT('',(913.,16.,-11.));
#1370 = VECTOR('',#1371,1.);
#1371 = DIRECTION('',(0.,1.,0.));
#1372 = ORIENTED_EDGE('',*,*,#791,.F.);
#1373 = PLANE('',#1374);
#1374 = AXIS2_PLACEMENT_3D('',#1375,#1376,#1377);
#1375 = CARTESIAN_POINT('',(871.,16.,-11.));
#1376 = DIRECTION('',(0.,0.,1.));
#1377 = DIRECTION('',(1.,0.,0.));
#1378 = ADVANCED_FACE('',(#1379),#1397,.T.);
#1379 = FACE_BOUND('',#1380,.T.);
#1380 = EDGE_LOOP('',(#1381,#1382,#1390,#1396));
#1381 = ORIENTED_EDGE('',*,*,#1351,.F.);
#1382 = ORIENTED_EDGE('',*,*,#1383,.T.);
#1383 = EDGE_CURVE('',#1352,#1384,#1386,.T.);
#1384 = VERTEX_POINT('',#1385);
#1385 = CARTESIAN_POINT('',(871.,16.5,-21.));
#1386 = LINE('',#1387,#1388);
#1387 = CARTESIAN_POINT('',(871.,16.5,-23.5));
#1388 = VECTOR('',#1389,1.);
#1389 = DIRECTION('',(0.,0.,-1.));
#1390 = ORIENTED_EDGE('',*,*,#1391,.T.);
#1391 = EDGE_CURVE('',#1384,#802,#1392,.T.);
#1392 = LINE('',#1393,#1394);
#1393 = CARTESIAN_POINT('',(871.,16.,-21.));
#1394 = VECTOR('',#1395,1.);
#1395 = DIRECTION('',(0.,1.,0.));
#1396 = ORIENTED_EDGE('',*,*,#801,.F.);
#1397 = PLANE('',#1398);
#1398 = AXIS2_PLACEMENT_3D('',#1399,#1400,#1401);
#1399 = CARTESIAN_POINT('',(871.,16.,-21.));
#1400 = DIRECTION('',(1.,0.,0.));
#1401 = DIRECTION('',(0.,0.,1.));
#1402 = ADVANCED_FACE('',(#1403),#1421,.T.);
#1403 = FACE_BOUND('',#1404,.T.);
#1404 = EDGE_LOOP('',(#1405,#1406,#1414,#1420));
#1405 = ORIENTED_EDGE('',*,*,#1391,.F.);
#1406 = ORIENTED_EDGE('',*,*,#1407,.T.);
#1407 = EDGE_CURVE('',#1384,#1408,#1410,.T.);
#1408 = VERTEX_POINT('',#1409);
#1409 = CARTESIAN_POINT('',(913.,16.5,-21.));
#1410 = LINE('',#1411,#1412);
#1411 = CARTESIAN_POINT('',(859.75,16.5,-21.));
#1412 = VECTOR('',#1413,1.);
#1413 = DIRECTION('',(1.,0.,0.));
#1414 = ORIENTED_EDGE('',*,*,#1415,.T.);
#1415 = EDGE_CURVE('',#1408,#810,#1416,.T.);
#1416 = LINE('',#1417,#1418);
#1417 = CARTESIAN_POINT('',(913.,16.,-21.));
#1418 = VECTOR('',#1419,1.);
#1419 = DIRECTION('',(0.,1.,0.));
#1420 = ORIENTED_EDGE('',*,*,#809,.F.);
#1421 = PLANE('',#1422);
#1422 = AXIS2_PLACEMENT_3D('',#1423,#1424,#1425);
#1423 = CARTESIAN_POINT('',(871.,16.,-21.));
#1424 = DIRECTION('',(0.,0.,1.));
#1425 = DIRECTION('',(1.,0.,0.));
#1426 = ADVANCED_FACE('',(#1427),#1438,.F.);
#1427 = FACE_BOUND('',#1428,.F.);
#1428 = EDGE_LOOP('',(#1429,#1430,#1436,#1437));
#1429 = ORIENTED_EDGE('',*,*,#1367,.F.);
#1430 = ORIENTED_EDGE('',*,*,#1431,.T.);
#1431 = EDGE_CURVE('',#1360,#1408,#1432,.T.);
#1432 = LINE('',#1433,#1434);
#1433 = CARTESIAN_POINT('',(913.,16.5,-23.5));
#1434 = VECTOR('',#1435,1.);
#1435 = DIRECTION('',(0.,0.,-1.));
#1436 = ORIENTED_EDGE('',*,*,#1415,.T.);
#1437 = ORIENTED_EDGE('',*,*,#817,.F.);
#1438 = PLANE('',#1439);
#1439 = AXIS2_PLACEMENT_3D('',#1440,#1441,#1442);
#1440 = CARTESIAN_POINT('',(913.,16.,-21.));
#1441 = DIRECTION('',(1.,0.,0.));
#1442 = DIRECTION('',(0.,0.,1.));
#1443 = ADVANCED_FACE('',(#1444,#1469),#1475,.T.);
#1444 = FACE_BOUND('',#1445,.T.);
#1445 = EDGE_LOOP('',(#1446,#1454,#1455,#1463));
#1446 = ORIENTED_EDGE('',*,*,#1447,.F.);
#1447 = EDGE_CURVE('',#1171,#1448,#1450,.T.);
#1448 = VERTEX_POINT('',#1449);
#1449 = CARTESIAN_POINT('',(935.5,-16.5,-4.));
#1450 = LINE('',#1451,#1452);
#1451 = CARTESIAN_POINT('',(935.5,-16.5,-26.));
#1452 = VECTOR('',#1453,1.);
#1453 = DIRECTION('',(0.,0.,1.));
#1454 = ORIENTED_EDGE('',*,*,#1170,.T.);
#1455 = ORIENTED_EDGE('',*,*,#1456,.T.);
#1456 = EDGE_CURVE('',#1173,#1457,#1459,.T.);
#1457 = VERTEX_POINT('',#1458);
#1458 = CARTESIAN_POINT('',(848.5,-16.5,-4.));
#1459 = LINE('',#1460,#1461);
#1460 = CARTESIAN_POINT('',(848.5,-16.5,-26.));
#1461 = VECTOR('',#1462,1.);
#1462 = DIRECTION('',(0.,0.,1.));
#1463 = ORIENTED_EDGE('',*,*,#1464,.F.);
#1464 = EDGE_CURVE('',#1448,#1457,#1465,.T.);
#1465 = LINE('',#1466,#1467);
#1466 = CARTESIAN_POINT('',(847.,-16.5,-4.));
#1467 = VECTOR('',#1468,1.);
#1468 = DIRECTION('',(-1.,0.,0.));
#1469 = FACE_BOUND('',#1470,.T.);
#1470 = EDGE_LOOP('',(#1471,#1472,#1473,#1474));
#1471 = ORIENTED_EDGE('',*,*,#1242,.F.);
#1472 = ORIENTED_EDGE('',*,*,#1307,.T.);
#1473 = ORIENTED_EDGE('',*,*,#1290,.T.);
#1474 = ORIENTED_EDGE('',*,*,#1266,.F.);
#1475 = PLANE('',#1476);
#1476 = AXIS2_PLACEMENT_3D('',#1477,#1478,#1479);
#1477 = CARTESIAN_POINT('',(848.5,-16.5,-26.));
#1478 = DIRECTION('',(0.,1.,0.));
#1479 = DIRECTION('',(0.,0.,1.));
#1480 = ADVANCED_FACE('',(#1481),#1499,.F.);
#1481 = FACE_BOUND('',#1482,.F.);
#1482 = EDGE_LOOP('',(#1483,#1484,#1485,#1493));
#1483 = ORIENTED_EDGE('',*,*,#1447,.F.);
#1484 = ORIENTED_EDGE('',*,*,#1196,.T.);
#1485 = ORIENTED_EDGE('',*,*,#1486,.T.);
#1486 = EDGE_CURVE('',#1189,#1487,#1489,.T.);
#1487 = VERTEX_POINT('',#1488);
#1488 = CARTESIAN_POINT('',(935.5,16.5,-4.));
#1489 = LINE('',#1490,#1491);
#1490 = CARTESIAN_POINT('',(935.5,16.5,-26.));
#1491 = VECTOR('',#1492,1.);
#1492 = DIRECTION('',(0.,0.,1.));
#1493 = ORIENTED_EDGE('',*,*,#1494,.F.);
#1494 = EDGE_CURVE('',#1448,#1487,#1495,.T.);
#1495 = LINE('',#1496,#1497);
#1496 = CARTESIAN_POINT('',(935.5,-18.,-4.));
#1497 = VECTOR('',#1498,1.);
#1498 = DIRECTION('',(0.,1.,0.));
#1499 = PLANE('',#1500);
#1500 = AXIS2_PLACEMENT_3D('',#1501,#1502,#1503);
#1501 = CARTESIAN_POINT('',(935.5,-16.5,-26.));
#1502 = DIRECTION('',(1.,0.,0.));
#1503 = DIRECTION('',(0.,0.,1.));
#1504 = ADVANCED_FACE('',(#1505,#1523),#1529,.F.);
#1505 = FACE_BOUND('',#1506,.F.);
#1506 = EDGE_LOOP('',(#1507,#1508,#1509,#1517));
#1507 = ORIENTED_EDGE('',*,*,#1486,.F.);
#1508 = ORIENTED_EDGE('',*,*,#1188,.T.);
#1509 = ORIENTED_EDGE('',*,*,#1510,.T.);
#1510 = EDGE_CURVE('',#1181,#1511,#1513,.T.);
#1511 = VERTEX_POINT('',#1512);
#1512 = CARTESIAN_POINT('',(848.5,16.5,-4.));
#1513 = LINE('',#1514,#1515);
#1514 = CARTESIAN_POINT('',(848.5,16.5,-26.));
#1515 = VECTOR('',#1516,1.);
#1516 = DIRECTION('',(0.,0.,1.));
#1517 = ORIENTED_EDGE('',*,*,#1518,.F.);
#1518 = EDGE_CURVE('',#1487,#1511,#1519,.T.);
#1519 = LINE('',#1520,#1521);
#1520 = CARTESIAN_POINT('',(847.,16.5,-4.));
#1521 = VECTOR('',#1522,1.);
#1522 = DIRECTION('',(-1.,0.,0.));
#1523 = FACE_BOUND('',#1524,.F.);
#1524 = EDGE_LOOP('',(#1525,#1526,#1527,#1528));
#1525 = ORIENTED_EDGE('',*,*,#1359,.F.);
#1526 = ORIENTED_EDGE('',*,*,#1383,.T.);
#1527 = ORIENTED_EDGE('',*,*,#1407,.T.);
#1528 = ORIENTED_EDGE('',*,*,#1431,.F.);
#1529 = PLANE('',#1530);
#1530 = AXIS2_PLACEMENT_3D('',#1531,#1532,#1533);
#1531 = CARTESIAN_POINT('',(848.5,16.5,-26.));
#1532 = DIRECTION('',(0.,1.,0.));
#1533 = DIRECTION('',(0.,0.,1.));
#1534 = ADVANCED_FACE('',(#1535),#1546,.T.);
#1535 = FACE_BOUND('',#1536,.T.);
#1536 = EDGE_LOOP('',(#1537,#1538,#1539,#1540));
#1537 = ORIENTED_EDGE('',*,*,#1456,.F.);
#1538 = ORIENTED_EDGE('',*,*,#1180,.T.);
#1539 = ORIENTED_EDGE('',*,*,#1510,.T.);
#1540 = ORIENTED_EDGE('',*,*,#1541,.F.);
#1541 = EDGE_CURVE('',#1457,#1511,#1542,.T.);
#1542 = LINE('',#1543,#1544);
#1543 = CARTESIAN_POINT('',(848.5,-18.,-4.));
#1544 = VECTOR('',#1545,1.);
#1545 = DIRECTION('',(0.,1.,0.));
#1546 = PLANE('',#1547);
#1547 = AXIS2_PLACEMENT_3D('',#1548,#1549,#1550);
#1548 = CARTESIAN_POINT('',(848.5,-16.5,-26.));
#1549 = DIRECTION('',(1.,0.,0.));
#1550 = DIRECTION('',(0.,0.,1.));
#1551 = ADVANCED_FACE('',(#1552),#1558,.F.);
#1552 = FACE_BOUND('',#1553,.F.);
#1553 = EDGE_LOOP('',(#1554,#1555,#1556,#1557));
#1554 = ORIENTED_EDGE('',*,*,#1464,.F.);
#1555 = ORIENTED_EDGE('',*,*,#1494,.T.);
#1556 = ORIENTED_EDGE('',*,*,#1518,.T.);
#1557 = ORIENTED_EDGE('',*,*,#1541,.F.);
#1558 = PLANE('',#1559);
#1559 = AXIS2_PLACEMENT_3D('',#1560,#1561,#1562);
#1560 = CARTESIAN_POINT('',(845.5,-19.5,-4.));
#1561 = DIRECTION('',(0.,0.,1.));
#1562 = DIRECTION('',(1.,0.,0.));
#1563 = MANIFOLD_SOLID_BREP('',#1564);
#1564 = CLOSED_SHELL('',(#1565,#1605,#1636,#1728,#1752,#1837,#1849,#1871
    ,#1888,#1905,#1917,#1939,#1956,#1973));
#1565 = ADVANCED_FACE('',(#1566),#1600,.F.);
#1566 = FACE_BOUND('',#1567,.F.);
#1567 = EDGE_LOOP('',(#1568,#1578,#1586,#1594));
#1568 = ORIENTED_EDGE('',*,*,#1569,.F.);
#1569 = EDGE_CURVE('',#1570,#1572,#1574,.T.);
#1570 = VERTEX_POINT('',#1571);
#1571 = CARTESIAN_POINT('',(845.5,-19.5,-27.));
#1572 = VERTEX_POINT('',#1573);
#1573 = CARTESIAN_POINT('',(845.5,-19.5,-25.));
#1574 = LINE('',#1575,#1576);
#1575 = CARTESIAN_POINT('',(845.5,-19.5,-27.));
#1576 = VECTOR('',#1577,1.);
#1577 = DIRECTION('',(0.,0.,1.));
#1578 = ORIENTED_EDGE('',*,*,#1579,.T.);
#1579 = EDGE_CURVE('',#1570,#1580,#1582,.T.);
#1580 = VERTEX_POINT('',#1581);
#1581 = CARTESIAN_POINT('',(845.5,19.5,-27.));
#1582 = LINE('',#1583,#1584);
#1583 = CARTESIAN_POINT('',(845.5,-19.5,-27.));
#1584 = VECTOR('',#1585,1.);
#1585 = DIRECTION('',(0.,1.,0.));
#1586 = ORIENTED_EDGE('',*,*,#1587,.T.);
#1587 = EDGE_CURVE('',#1580,#1588,#1590,.T.);
#1588 = VERTEX_POINT('',#1589);
#1589 = CARTESIAN_POINT('',(845.5,19.5,-25.));
#1590 = LINE('',#1591,#1592);
#1591 = CARTESIAN_POINT('',(845.5,19.5,-27.));
#1592 = VECTOR('',#1593,1.);
#1593 = DIRECTION('',(0.,0.,1.));
#1594 = ORIENTED_EDGE('',*,*,#1595,.F.);
#1595 = EDGE_CURVE('',#1572,#1588,#1596,.T.);
#1596 = LINE('',#1597,#1598);
#1597 = CARTESIAN_POINT('',(845.5,-19.5,-25.));
#1598 = VECTOR('',#1599,1.);
#1599 = DIRECTION('',(0.,1.,0.));
#1600 = PLANE('',#1601);
#1601 = AXIS2_PLACEMENT_3D('',#1602,#1603,#1604);
#1602 = CARTESIAN_POINT('',(845.5,-19.5,-27.));
#1603 = DIRECTION('',(1.,0.,0.));
#1604 = DIRECTION('',(0.,0.,1.));
#1605 = ADVANCED_FACE('',(#1606),#1631,.F.);
#1606 = FACE_BOUND('',#1607,.F.);
#1607 = EDGE_LOOP('',(#1608,#1616,#1617,#1625));
#1608 = ORIENTED_EDGE('',*,*,#1609,.F.);
#1609 = EDGE_CURVE('',#1570,#1610,#1612,.T.);
#1610 = VERTEX_POINT('',#1611);
#1611 = CARTESIAN_POINT('',(938.5,-19.5,-27.));
#1612 = LINE('',#1613,#1614);
#1613 = CARTESIAN_POINT('',(845.5,-19.5,-27.));
#1614 = VECTOR('',#1615,1.);
#1615 = DIRECTION('',(1.,0.,0.));
#1616 = ORIENTED_EDGE('',*,*,#1569,.T.);
#1617 = ORIENTED_EDGE('',*,*,#1618,.T.);
#1618 = EDGE_CURVE('',#1572,#1619,#1621,.T.);
#1619 = VERTEX_POINT('',#1620);
#1620 = CARTESIAN_POINT('',(938.5,-19.5,-25.));
#1621 = LINE('',#1622,#1623);
#1622 = CARTESIAN_POINT('',(845.5,-19.5,-25.));
#1623 = VECTOR('',#1624,1.);
#1624 = DIRECTION('',(1.,0.,0.));
#1625 = ORIENTED_EDGE('',*,*,#1626,.F.);
#1626 = EDGE_CURVE('',#1610,#1619,#1627,.T.);
#1627 = LINE('',#1628,#1629);
#1628 = CARTESIAN_POINT('',(938.5,-19.5,-27.));
#1629 = VECTOR('',#1630,1.);
#1630 = DIRECTION('',(0.,0.,1.));
#1631 = PLANE('',#1632);
#1632 = AXIS2_PLACEMENT_3D('',#1633,#1634,#1635);
#1633 = CARTESIAN_POINT('',(845.5,-19.5,-27.));
#1634 = DIRECTION('',(0.,1.,0.));
#1635 = DIRECTION('',(0.,0.,1.));
#1636 = ADVANCED_FACE('',(#1637,#1655,#1689),#1723,.T.);
#1637 = FACE_BOUND('',#1638,.T.);
#1638 = EDGE_LOOP('',(#1639,#1640,#1641,#1649));
#1639 = ORIENTED_EDGE('',*,*,#1595,.F.);
#1640 = ORIENTED_EDGE('',*,*,#1618,.T.);
#1641 = ORIENTED_EDGE('',*,*,#1642,.T.);
#1642 = EDGE_CURVE('',#1619,#1643,#1645,.T.);
#1643 = VERTEX_POINT('',#1644);
#1644 = CARTESIAN_POINT('',(938.5,19.5,-25.));
#1645 = LINE('',#1646,#1647);
#1646 = CARTESIAN_POINT('',(938.5,-19.5,-25.));
#1647 = VECTOR('',#1648,1.);
#1648 = DIRECTION('',(0.,1.,0.));
#1649 = ORIENTED_EDGE('',*,*,#1650,.F.);
#1650 = EDGE_CURVE('',#1588,#1643,#1651,.T.);
#1651 = LINE('',#1652,#1653);
#1652 = CARTESIAN_POINT('',(845.5,19.5,-25.));
#1653 = VECTOR('',#1654,1.);
#1654 = DIRECTION('',(1.,0.,0.));
#1655 = FACE_BOUND('',#1656,.T.);
#1656 = EDGE_LOOP('',(#1657,#1667,#1675,#1683));
#1657 = ORIENTED_EDGE('',*,*,#1658,.T.);
#1658 = EDGE_CURVE('',#1659,#1661,#1663,.T.);
#1659 = VERTEX_POINT('',#1660);
#1660 = CARTESIAN_POINT('',(891.,-10.5,-25.));
#1661 = VERTEX_POINT('',#1662);
#1662 = CARTESIAN_POINT('',(865.,-10.5,-25.));
#1663 = LINE('',#1664,#1665);
#1664 = CARTESIAN_POINT('',(855.25,-10.5,-25.));
#1665 = VECTOR('',#1666,1.);
#1666 = DIRECTION('',(-1.,0.,0.));
#1667 = ORIENTED_EDGE('',*,*,#1668,.T.);
#1668 = EDGE_CURVE('',#1661,#1669,#1671,.T.);
#1669 = VERTEX_POINT('',#1670);
#1670 = CARTESIAN_POINT('',(865.,10.5,-25.));
#1671 = LINE('',#1672,#1673);
#1672 = CARTESIAN_POINT('',(865.,-15.,-25.));
#1673 = VECTOR('',#1674,1.);
#1674 = DIRECTION('',(0.,1.,0.));
#1675 = ORIENTED_EDGE('',*,*,#1676,.F.);
#1676 = EDGE_CURVE('',#1677,#1669,#1679,.T.);
#1677 = VERTEX_POINT('',#1678);
#1678 = CARTESIAN_POINT('',(891.,10.5,-25.));
#1679 = LINE('',#1680,#1681);
#1680 = CARTESIAN_POINT('',(855.25,10.5,-25.));
#1681 = VECTOR('',#1682,1.);
#1682 = DIRECTION('',(-1.,0.,0.));
#1683 = ORIENTED_EDGE('',*,*,#1684,.F.);
#1684 = EDGE_CURVE('',#1659,#1677,#1685,.T.);
#1685 = LINE('',#1686,#1687);
#1686 = CARTESIAN_POINT('',(891.,-15.,-25.));
#1687 = VECTOR('',#1688,1.);
#1688 = DIRECTION('',(0.,1.,0.));
#1689 = FACE_BOUND('',#1690,.T.);
#1690 = EDGE_LOOP('',(#1691,#1701,#1709,#1717));
#1691 = ORIENTED_EDGE('',*,*,#1692,.T.);
#1692 = EDGE_CURVE('',#1693,#1695,#1697,.T.);
#1693 = VERTEX_POINT('',#1694);
#1694 = CARTESIAN_POINT('',(919.,-10.5,-25.));
#1695 = VERTEX_POINT('',#1696);
#1696 = CARTESIAN_POINT('',(893.,-10.5,-25.));
#1697 = LINE('',#1698,#1699);
#1698 = CARTESIAN_POINT('',(869.25,-10.5,-25.));
#1699 = VECTOR('',#1700,1.);
#1700 = DIRECTION('',(-1.,0.,0.));
#1701 = ORIENTED_EDGE('',*,*,#1702,.T.);
#1702 = EDGE_CURVE('',#1695,#1703,#1705,.T.);
#1703 = VERTEX_POINT('',#1704);
#1704 = CARTESIAN_POINT('',(893.,10.5,-25.));
#1705 = LINE('',#1706,#1707);
#1706 = CARTESIAN_POINT('',(893.,-15.,-25.));
#1707 = VECTOR('',#1708,1.);
#1708 = DIRECTION('',(0.,1.,0.));
#1709 = ORIENTED_EDGE('',*,*,#1710,.F.);
#1710 = EDGE_CURVE('',#1711,#1703,#1713,.T.);
#1711 = VERTEX_POINT('',#1712);
#1712 = CARTESIAN_POINT('',(919.,10.5,-25.));
#1713 = LINE('',#1714,#1715);
#1714 = CARTESIAN_POINT('',(869.25,10.5,-25.));
#1715 = VECTOR('',#1716,1.);
#1716 = DIRECTION('',(-1.,0.,0.));
#1717 = ORIENTED_EDGE('',*,*,#1718,.F.);
#1718 = EDGE_CURVE('',#1693,#1711,#1719,.T.);
#1719 = LINE('',#1720,#1721);
#1720 = CARTESIAN_POINT('',(919.,-15.,-25.));
#1721 = VECTOR('',#1722,1.);
#1722 = DIRECTION('',(0.,1.,0.));
#1723 = PLANE('',#1724);
#1724 = AXIS2_PLACEMENT_3D('',#1725,#1726,#1727);
#1725 = CARTESIAN_POINT('',(845.5,-19.5,-25.));
#1726 = DIRECTION('',(0.,0.,1.));
#1727 = DIRECTION('',(1.,0.,0.));
#1728 = ADVANCED_FACE('',(#1729),#1747,.T.);
#1729 = FACE_BOUND('',#1730,.T.);
#1730 = EDGE_LOOP('',(#1731,#1739,#1740,#1741));
#1731 = ORIENTED_EDGE('',*,*,#1732,.F.);
#1732 = EDGE_CURVE('',#1580,#1733,#1735,.T.);
#1733 = VERTEX_POINT('',#1734);
#1734 = CARTESIAN_POINT('',(938.5,19.5,-27.));
#1735 = LINE('',#1736,#1737);
#1736 = CARTESIAN_POINT('',(845.5,19.5,-27.));
#1737 = VECTOR('',#1738,1.);
#1738 = DIRECTION('',(1.,0.,0.));
#1739 = ORIENTED_EDGE('',*,*,#1587,.T.);
#1740 = ORIENTED_EDGE('',*,*,#1650,.T.);
#1741 = ORIENTED_EDGE('',*,*,#1742,.F.);
#1742 = EDGE_CURVE('',#1733,#1643,#1743,.T.);
#1743 = LINE('',#1744,#1745);
#1744 = CARTESIAN_POINT('',(938.5,19.5,-27.));
#1745 = VECTOR('',#1746,1.);
#1746 = DIRECTION('',(0.,0.,1.));
#1747 = PLANE('',#1748);
#1748 = AXIS2_PLACEMENT_3D('',#1749,#1750,#1751);
#1749 = CARTESIAN_POINT('',(845.5,19.5,-27.));
#1750 = DIRECTION('',(0.,1.,0.));
#1751 = DIRECTION('',(0.,0.,1.));
#1752 = ADVANCED_FACE('',(#1753,#1764,#1798),#1832,.F.);
#1753 = FACE_BOUND('',#1754,.F.);
#1754 = EDGE_LOOP('',(#1755,#1756,#1757,#1763));
#1755 = ORIENTED_EDGE('',*,*,#1579,.F.);
#1756 = ORIENTED_EDGE('',*,*,#1609,.T.);
#1757 = ORIENTED_EDGE('',*,*,#1758,.T.);
#1758 = EDGE_CURVE('',#1610,#1733,#1759,.T.);
#1759 = LINE('',#1760,#1761);
#1760 = CARTESIAN_POINT('',(938.5,-19.5,-27.));
#1761 = VECTOR('',#1762,1.);
#1762 = DIRECTION('',(0.,1.,0.));
#1763 = ORIENTED_EDGE('',*,*,#1732,.F.);
#1764 = FACE_BOUND('',#1765,.F.);
#1765 = EDGE_LOOP('',(#1766,#1776,#1784,#1792));
#1766 = ORIENTED_EDGE('',*,*,#1767,.T.);
#1767 = EDGE_CURVE('',#1768,#1770,#1772,.T.);
#1768 = VERTEX_POINT('',#1769);
#1769 = CARTESIAN_POINT('',(891.,-10.5,-27.));
#1770 = VERTEX_POINT('',#1771);
#1771 = CARTESIAN_POINT('',(865.,-10.5,-27.));
#1772 = LINE('',#1773,#1774);
#1773 = CARTESIAN_POINT('',(855.25,-10.5,-27.));
#1774 = VECTOR('',#1775,1.);
#1775 = DIRECTION('',(-1.,0.,0.));
#1776 = ORIENTED_EDGE('',*,*,#1777,.T.);
#1777 = EDGE_CURVE('',#1770,#1778,#1780,.T.);
#1778 = VERTEX_POINT('',#1779);
#1779 = CARTESIAN_POINT('',(865.,10.5,-27.));
#1780 = LINE('',#1781,#1782);
#1781 = CARTESIAN_POINT('',(865.,-15.,-27.));
#1782 = VECTOR('',#1783,1.);
#1783 = DIRECTION('',(0.,1.,0.));
#1784 = ORIENTED_EDGE('',*,*,#1785,.F.);
#1785 = EDGE_CURVE('',#1786,#1778,#1788,.T.);
#1786 = VERTEX_POINT('',#1787);
#1787 = CARTESIAN_POINT('',(891.,10.5,-27.));
#1788 = LINE('',#1789,#1790);
#1789 = CARTESIAN_POINT('',(855.25,10.5,-27.));
#1790 = VECTOR('',#1791,1.);
#1791 = DIRECTION('',(-1.,0.,0.));
#1792 = ORIENTED_EDGE('',*,*,#1793,.F.);
#1793 = EDGE_CURVE('',#1768,#1786,#1794,.T.);
#1794 = LINE('',#1795,#1796);
#1795 = CARTESIAN_POINT('',(891.,-15.,-27.));
#1796 = VECTOR('',#1797,1.);
#1797 = DIRECTION('',(0.,1.,0.));
#1798 = FACE_BOUND('',#1799,.F.);
#1799 = EDGE_LOOP('',(#1800,#1810,#1818,#1826));
#1800 = ORIENTED_EDGE('',*,*,#1801,.T.);
#1801 = EDGE_CURVE('',#1802,#1804,#1806,.T.);
#1802 = VERTEX_POINT('',#1803);
#1803 = CARTESIAN_POINT('',(919.,-10.5,-27.));
#1804 = VERTEX_POINT('',#1805);
#1805 = CARTESIAN_POINT('',(893.,-10.5,-27.));
#1806 = LINE('',#1807,#1808);
#1807 = CARTESIAN_POINT('',(869.25,-10.5,-27.));
#1808 = VECTOR('',#1809,1.);
#1809 = DIRECTION('',(-1.,0.,0.));
#1810 = ORIENTED_EDGE('',*,*,#1811,.T.);
#1811 = EDGE_CURVE('',#1804,#1812,#1814,.T.);
#1812 = VERTEX_POINT('',#1813);
#1813 = CARTESIAN_POINT('',(893.,10.5,-27.));
#1814 = LINE('',#1815,#1816);
#1815 = CARTESIAN_POINT('',(893.,-15.,-27.));
#1816 = VECTOR('',#1817,1.);
#1817 = DIRECTION('',(0.,1.,0.));
#1818 = ORIENTED_EDGE('',*,*,#1819,.F.);
#1819 = EDGE_CURVE('',#1820,#1812,#1822,.T.);
#1820 = VERTEX_POINT('',#1821);
#1821 = CARTESIAN_POINT('',(919.,10.5,-27.));
#1822 = LINE('',#1823,#1824);
#1823 = CARTESIAN_POINT('',(869.25,10.5,-27.));
#1824 = VECTOR('',#1825,1.);
#1825 = DIRECTION('',(-1.,0.,0.));
#1826 = ORIENTED_EDGE('',*,*,#1827,.F.);
#1827 = EDGE_CURVE('',#1802,#1820,#1828,.T.);
#1828 = LINE('',#1829,#1830);
#1829 = CARTESIAN_POINT('',(919.,-15.,-27.));
#1830 = VECTOR('',#1831,1.);
#1831 = DIRECTION('',(0.,1.,0.));
#1832 = PLANE('',#1833);
#1833 = AXIS2_PLACEMENT_3D('',#1834,#1835,#1836);
#1834 = CARTESIAN_POINT('',(845.5,-19.5,-27.));
#1835 = DIRECTION('',(0.,0.,1.));
#1836 = DIRECTION('',(1.,0.,0.));
#1837 = ADVANCED_FACE('',(#1838),#1844,.T.);
#1838 = FACE_BOUND('',#1839,.T.);
#1839 = EDGE_LOOP('',(#1840,#1841,#1842,#1843));
#1840 = ORIENTED_EDGE('',*,*,#1626,.F.);
#1841 = ORIENTED_EDGE('',*,*,#1758,.T.);
#1842 = ORIENTED_EDGE('',*,*,#1742,.T.);
#1843 = ORIENTED_EDGE('',*,*,#1642,.F.);
#1844 = PLANE('',#1845);
#1845 = AXIS2_PLACEMENT_3D('',#1846,#1847,#1848);
#1846 = CARTESIAN_POINT('',(938.5,-19.5,-27.));
#1847 = DIRECTION('',(1.,0.,0.));
#1848 = DIRECTION('',(0.,0.,1.));
#1849 = ADVANCED_FACE('',(#1850),#1866,.T.);
#1850 = FACE_BOUND('',#1851,.T.);
#1851 = EDGE_LOOP('',(#1852,#1858,#1859,#1865));
#1852 = ORIENTED_EDGE('',*,*,#1853,.F.);
#1853 = EDGE_CURVE('',#1768,#1659,#1854,.T.);
#1854 = LINE('',#1855,#1856);
#1855 = CARTESIAN_POINT('',(891.,-10.5,-28.));
#1856 = VECTOR('',#1857,1.);
#1857 = DIRECTION('',(0.,0.,1.));
#1858 = ORIENTED_EDGE('',*,*,#1767,.T.);
#1859 = ORIENTED_EDGE('',*,*,#1860,.T.);
#1860 = EDGE_CURVE('',#1770,#1661,#1861,.T.);
#1861 = LINE('',#1862,#1863);
#1862 = CARTESIAN_POINT('',(865.,-10.5,-28.));
#1863 = VECTOR('',#1864,1.);
#1864 = DIRECTION('',(0.,0.,1.));
#1865 = ORIENTED_EDGE('',*,*,#1658,.F.);
#1866 = PLANE('',#1867);
#1867 = AXIS2_PLACEMENT_3D('',#1868,#1869,#1870);
#1868 = CARTESIAN_POINT('',(865.,-10.5,-28.));
#1869 = DIRECTION('',(0.,1.,0.));
#1870 = DIRECTION('',(0.,0.,1.));
#1871 = ADVANCED_FACE('',(#1872),#1883,.F.);
#1872 = FACE_BOUND('',#1873,.F.);
#1873 = EDGE_LOOP('',(#1874,#1875,#1876,#1882));
#1874 = ORIENTED_EDGE('',*,*,#1853,.F.);
#1875 = ORIENTED_EDGE('',*,*,#1793,.T.);
#1876 = ORIENTED_EDGE('',*,*,#1877,.T.);
#1877 = EDGE_CURVE('',#1786,#1677,#1878,.T.);
#1878 = LINE('',#1879,#1880);
#1879 = CARTESIAN_POINT('',(891.,10.5,-28.));
#1880 = VECTOR('',#1881,1.);
#1881 = DIRECTION('',(0.,0.,1.));
#1882 = ORIENTED_EDGE('',*,*,#1684,.F.);
#1883 = PLANE('',#1884);
#1884 = AXIS2_PLACEMENT_3D('',#1885,#1886,#1887);
#1885 = CARTESIAN_POINT('',(891.,-10.5,-28.));
#1886 = DIRECTION('',(1.,0.,0.));
#1887 = DIRECTION('',(0.,0.,1.));
#1888 = ADVANCED_FACE('',(#1889),#1900,.T.);
#1889 = FACE_BOUND('',#1890,.T.);
#1890 = EDGE_LOOP('',(#1891,#1892,#1893,#1899));
#1891 = ORIENTED_EDGE('',*,*,#1860,.F.);
#1892 = ORIENTED_EDGE('',*,*,#1777,.T.);
#1893 = ORIENTED_EDGE('',*,*,#1894,.T.);
#1894 = EDGE_CURVE('',#1778,#1669,#1895,.T.);
#1895 = LINE('',#1896,#1897);
#1896 = CARTESIAN_POINT('',(865.,10.5,-28.));
#1897 = VECTOR('',#1898,1.);
#1898 = DIRECTION('',(0.,0.,1.));
#1899 = ORIENTED_EDGE('',*,*,#1668,.F.);
#1900 = PLANE('',#1901);
#1901 = AXIS2_PLACEMENT_3D('',#1902,#1903,#1904);
#1902 = CARTESIAN_POINT('',(865.,-10.5,-28.));
#1903 = DIRECTION('',(1.,0.,0.));
#1904 = DIRECTION('',(0.,0.,1.));
#1905 = ADVANCED_FACE('',(#1906),#1912,.F.);
#1906 = FACE_BOUND('',#1907,.F.);
#1907 = EDGE_LOOP('',(#1908,#1909,#1910,#1911));
#1908 = ORIENTED_EDGE('',*,*,#1877,.F.);
#1909 = ORIENTED_EDGE('',*,*,#1785,.T.);
#1910 = ORIENTED_EDGE('',*,*,#1894,.T.);
#1911 = ORIENTED_EDGE('',*,*,#1676,.F.);
#1912 = PLANE('',#1913);
#1913 = AXIS2_PLACEMENT_3D('',#1914,#1915,#1916);
#1914 = CARTESIAN_POINT('',(865.,10.5,-28.));
#1915 = DIRECTION('',(0.,1.,0.));
#1916 = DIRECTION('',(0.,0.,1.));
#1917 = ADVANCED_FACE('',(#1918),#1934,.T.);
#1918 = FACE_BOUND('',#1919,.T.);
#1919 = EDGE_LOOP('',(#1920,#1926,#1927,#1933));
#1920 = ORIENTED_EDGE('',*,*,#1921,.F.);
#1921 = EDGE_CURVE('',#1802,#1693,#1922,.T.);
#1922 = LINE('',#1923,#1924);
#1923 = CARTESIAN_POINT('',(919.,-10.5,-28.));
#1924 = VECTOR('',#1925,1.);
#1925 = DIRECTION('',(0.,0.,1.));
#1926 = ORIENTED_EDGE('',*,*,#1801,.T.);
#1927 = ORIENTED_EDGE('',*,*,#1928,.T.);
#1928 = EDGE_CURVE('',#1804,#1695,#1929,.T.);
#1929 = LINE('',#1930,#1931);
#1930 = CARTESIAN_POINT('',(893.,-10.5,-28.));
#1931 = VECTOR('',#1932,1.);
#1932 = DIRECTION('',(0.,0.,1.));
#1933 = ORIENTED_EDGE('',*,*,#1692,.F.);
#1934 = PLANE('',#1935);
#1935 = AXIS2_PLACEMENT_3D('',#1936,#1937,#1938);
#1936 = CARTESIAN_POINT('',(893.,-10.5,-28.));
#1937 = DIRECTION('',(0.,1.,0.));
#1938 = DIRECTION('',(0.,0.,1.));
#1939 = ADVANCED_FACE('',(#1940),#1951,.F.);
#1940 = FACE_BOUND('',#1941,.F.);
#1941 = EDGE_LOOP('',(#1942,#1943,#1944,#1950));
#1942 = ORIENTED_EDGE('',*,*,#1921,.F.);
#1943 = ORIENTED_EDGE('',*,*,#1827,.T.);
#1944 = ORIENTED_EDGE('',*,*,#1945,.T.);
#1945 = EDGE_CURVE('',#1820,#1711,#1946,.T.);
#1946 = LINE('',#1947,#1948);
#1947 = CARTESIAN_POINT('',(919.,10.5,-28.));
#1948 = VECTOR('',#1949,1.);
#1949 = DIRECTION('',(0.,0.,1.));
#1950 = ORIENTED_EDGE('',*,*,#1718,.F.);
#1951 = PLANE('',#1952);
#1952 = AXIS2_PLACEMENT_3D('',#1953,#1954,#1955);
#1953 = CARTESIAN_POINT('',(919.,-10.5,-28.));
#1954 = DIRECTION('',(1.,0.,0.));
#1955 = DIRECTION('',(0.,0.,1.));
#1956 = ADVANCED_FACE('',(#1957),#1968,.F.);
#1957 = FACE_BOUND('',#1958,.F.);
#1958 = EDGE_LOOP('',(#1959,#1960,#1961,#1967));
#1959 = ORIENTED_EDGE('',*,*,#1945,.F.);
#1960 = ORIENTED_EDGE('',*,*,#1819,.T.);
#1961 = ORIENTED_EDGE('',*,*,#1962,.T.);
#1962 = EDGE_CURVE('',#1812,#1703,#1963,.T.);
#1963 = LINE('',#1964,#1965);
#1964 = CARTESIAN_POINT('',(893.,10.5,-28.));
#1965 = VECTOR('',#1966,1.);
#1966 = DIRECTION('',(0.,0.,1.));
#1967 = ORIENTED_EDGE('',*,*,#1710,.F.);
#1968 = PLANE('',#1969);
#1969 = AXIS2_PLACEMENT_3D('',#1970,#1971,#1972);
#1970 = CARTESIAN_POINT('',(893.,10.5,-28.));
#1971 = DIRECTION('',(0.,1.,0.));
#1972 = DIRECTION('',(0.,0.,1.));
#1973 = ADVANCED_FACE('',(#1974),#1980,.T.);
#1974 = FACE_BOUND('',#1975,.T.);
#1975 = EDGE_LOOP('',(#1976,#1977,#1978,#1979));
#1976 = ORIENTED_EDGE('',*,*,#1928,.F.);
#1977 = ORIENTED_EDGE('',*,*,#1811,.T.);
#1978 = ORIENTED_EDGE('',*,*,#1962,.T.);
#1979 = ORIENTED_EDGE('',*,*,#1702,.F.);
#1980 = PLANE('',#1981);
#1981 = AXIS2_PLACEMENT_3D('',#1982,#1983,#1984);
#1982 = CARTESIAN_POINT('',(893.,-10.5,-28.));
#1983 = DIRECTION('',(1.,0.,0.));
#1984 = DIRECTION('',(0.,0.,1.));
#1985 = MANIFOLD_SOLID_BREP('',#1986);
#1986 = CLOSED_SHELL('',(#1987,#2027,#2069,#2253,#2636,#2653,#2665,#2682
    ,#2738,#2762,#2809,#2826,#2843,#2860,#2884,#2958,#2975,#2992,#3009,
    #3033,#3105,#3136,#3160,#3184,#3215,#3239,#3263,#3275,#3306,#3330,
    #3354,#3371,#3395,#3412,#3436,#3448,#3465,#3477,#3489,#3520,#3544,
    #3568,#3593,#3624,#3648,#3672,#3697,#3721,#3745,#3762,#3797,#3821,
    #3845,#3862,#3882,#3908,#3939,#3951));
#1987 = ADVANCED_FACE('',(#1988),#2022,.F.);
#1988 = FACE_BOUND('',#1989,.F.);
#1989 = EDGE_LOOP('',(#1990,#2000,#2008,#2016));
#1990 = ORIENTED_EDGE('',*,*,#1991,.F.);
#1991 = EDGE_CURVE('',#1992,#1994,#1996,.T.);
#1992 = VERTEX_POINT('',#1993);
#1993 = CARTESIAN_POINT('',(969.,-39.5,4.));
#1994 = VERTEX_POINT('',#1995);
#1995 = CARTESIAN_POINT('',(969.,-24.,4.));
#1996 = LINE('',#1997,#1998);
#1997 = CARTESIAN_POINT('',(969.,-39.5,4.));
#1998 = VECTOR('',#1999,1.);
#1999 = DIRECTION('',(0.,1.,0.));
#2000 = ORIENTED_EDGE('',*,*,#2001,.F.);
#2001 = EDGE_CURVE('',#2002,#1992,#2004,.T.);
#2002 = VERTEX_POINT('',#2003);
#2003 = CARTESIAN_POINT('',(969.,-39.5,1.5));
#2004 = LINE('',#2005,#2006);
#2005 = CARTESIAN_POINT('',(969.,-39.5,1.5));
#2006 = VECTOR('',#2007,1.);
#2007 = DIRECTION('',(0.,0.,1.));
#2008 = ORIENTED_EDGE('',*,*,#2009,.T.);
#2009 = EDGE_CURVE('',#2002,#2010,#2012,.T.);
#2010 = VERTEX_POINT('',#2011);
#2011 = CARTESIAN_POINT('',(969.,-24.,1.5));
#2012 = LINE('',#2013,#2014);
#2013 = CARTESIAN_POINT('',(969.,-39.5,1.5));
#2014 = VECTOR('',#2015,1.);
#2015 = DIRECTION('',(0.,1.,0.));
#2016 = ORIENTED_EDGE('',*,*,#2017,.F.);
#2017 = EDGE_CURVE('',#1994,#2010,#2018,.T.);
#2018 = LINE('',#2019,#2020);
#2019 = CARTESIAN_POINT('',(969.,-24.,1.5));
#2020 = VECTOR('',#2021,1.);
#2021 = DIRECTION('',(0.,0.,-1.));
#2022 = PLANE('',#2023);
#2023 = AXIS2_PLACEMENT_3D('',#2024,#2025,#2026);
#2024 = CARTESIAN_POINT('',(969.,-39.5,1.5));
#2025 = DIRECTION('',(1.,0.,0.));
#2026 = DIRECTION('',(0.,0.,1.));
#2027 = ADVANCED_FACE('',(#2028,#2053),#2064,.T.);
#2028 = FACE_BOUND('',#2029,.T.);
#2029 = EDGE_LOOP('',(#2030,#2031,#2039,#2047));
#2030 = ORIENTED_EDGE('',*,*,#1991,.F.);
#2031 = ORIENTED_EDGE('',*,*,#2032,.T.);
#2032 = EDGE_CURVE('',#1992,#2033,#2035,.T.);
#2033 = VERTEX_POINT('',#2034);
#2034 = CARTESIAN_POINT('',(979.,-39.5,4.));
#2035 = LINE('',#2036,#2037);
#2036 = CARTESIAN_POINT('',(969.,-39.5,4.));
#2037 = VECTOR('',#2038,1.);
#2038 = DIRECTION('',(1.,0.,0.));
#2039 = ORIENTED_EDGE('',*,*,#2040,.T.);
#2040 = EDGE_CURVE('',#2033,#2041,#2043,.T.);
#2041 = VERTEX_POINT('',#2042);
#2042 = CARTESIAN_POINT('',(979.,-24.,4.));
#2043 = LINE('',#2044,#2045);
#2044 = CARTESIAN_POINT('',(979.,-39.5,4.));
#2045 = VECTOR('',#2046,1.);
#2046 = DIRECTION('',(0.,1.,0.));
#2047 = ORIENTED_EDGE('',*,*,#2048,.F.);
#2048 = EDGE_CURVE('',#1994,#2041,#2049,.T.);
#2049 = LINE('',#2050,#2051);
#2050 = CARTESIAN_POINT('',(965.,-24.,4.));
#2051 = VECTOR('',#2052,1.);
#2052 = DIRECTION('',(1.,0.,0.));
#2053 = FACE_BOUND('',#2054,.T.);
#2054 = EDGE_LOOP('',(#2055));
#2055 = ORIENTED_EDGE('',*,*,#2056,.T.);
#2056 = EDGE_CURVE('',#2057,#2057,#2059,.T.);
#2057 = VERTEX_POINT('',#2058);
#2058 = CARTESIAN_POINT('',(975.7,-35.5,4.));
#2059 = CIRCLE('',#2060,1.7);
#2060 = AXIS2_PLACEMENT_3D('',#2061,#2062,#2063);
#2061 = CARTESIAN_POINT('',(974.,-35.5,4.));
#2062 = DIRECTION('',(0.,0.,-1.));
#2063 = DIRECTION('',(1.,0.,0.));
#2064 = PLANE('',#2065);
#2065 = AXIS2_PLACEMENT_3D('',#2066,#2067,#2068);
#2066 = CARTESIAN_POINT('',(969.,-39.5,4.));
#2067 = DIRECTION('',(0.,0.,1.));
#2068 = DIRECTION('',(1.,0.,0.));
#2069 = ADVANCED_FACE('',(#2070),#2248,.T.);
#2070 = FACE_BOUND('',#2071,.T.);
#2071 = EDGE_LOOP('',(#2072,#2082,#2088,#2089,#2090,#2098,#2106,#2114,
    #2122,#2130,#2138,#2146,#2154,#2162,#2170,#2178,#2186,#2194,#2202,
    #2210,#2218,#2226,#2234,#2242));
#2072 = ORIENTED_EDGE('',*,*,#2073,.F.);
#2073 = EDGE_CURVE('',#2074,#2076,#2078,.T.);
#2074 = VERTEX_POINT('',#2075);
#2075 = CARTESIAN_POINT('',(965.,-24.,1.5));
#2076 = VERTEX_POINT('',#2077);
#2077 = CARTESIAN_POINT('',(965.,-24.,10.));
#2078 = LINE('',#2079,#2080);
#2079 = CARTESIAN_POINT('',(965.,-24.,4.));
#2080 = VECTOR('',#2081,1.);
#2081 = DIRECTION('',(0.,0.,1.));
#2082 = ORIENTED_EDGE('',*,*,#2083,.T.);
#2083 = EDGE_CURVE('',#2074,#2010,#2084,.T.);
#2084 = LINE('',#2085,#2086);
#2085 = CARTESIAN_POINT('',(965.,-24.,1.5));
#2086 = VECTOR('',#2087,1.);
#2087 = DIRECTION('',(1.,0.,0.));
#2088 = ORIENTED_EDGE('',*,*,#2017,.F.);
#2089 = ORIENTED_EDGE('',*,*,#2048,.T.);
#2090 = ORIENTED_EDGE('',*,*,#2091,.T.);
#2091 = EDGE_CURVE('',#2041,#2092,#2094,.T.);
#2092 = VERTEX_POINT('',#2093);
#2093 = CARTESIAN_POINT('',(979.,-24.,1.5));
#2094 = LINE('',#2095,#2096);
#2095 = CARTESIAN_POINT('',(979.,-24.,1.5));
#2096 = VECTOR('',#2097,1.);
#2097 = DIRECTION('',(0.,0.,-1.));
#2098 = ORIENTED_EDGE('',*,*,#2099,.T.);
#2099 = EDGE_CURVE('',#2092,#2100,#2102,.T.);
#2100 = VERTEX_POINT('',#2101);
#2101 = CARTESIAN_POINT('',(981.,-24.,1.5));
#2102 = LINE('',#2103,#2104);
#2103 = CARTESIAN_POINT('',(965.,-24.,1.5));
#2104 = VECTOR('',#2105,1.);
#2105 = DIRECTION('',(1.,0.,0.));
#2106 = ORIENTED_EDGE('',*,*,#2107,.F.);
#2107 = EDGE_CURVE('',#2108,#2100,#2110,.T.);
#2108 = VERTEX_POINT('',#2109);
#2109 = CARTESIAN_POINT('',(981.,-24.,4.));
#2110 = LINE('',#2111,#2112);
#2111 = CARTESIAN_POINT('',(981.,-24.,1.5));
#2112 = VECTOR('',#2113,1.);
#2113 = DIRECTION('',(0.,0.,-1.));
#2114 = ORIENTED_EDGE('',*,*,#2115,.T.);
#2115 = EDGE_CURVE('',#2108,#2116,#2118,.T.);
#2116 = VERTEX_POINT('',#2117);
#2117 = CARTESIAN_POINT('',(983.,-24.,4.));
#2118 = LINE('',#2119,#2120);
#2119 = CARTESIAN_POINT('',(965.,-24.,4.));
#2120 = VECTOR('',#2121,1.);
#2121 = DIRECTION('',(1.,0.,0.));
#2122 = ORIENTED_EDGE('',*,*,#2123,.F.);
#2123 = EDGE_CURVE('',#2124,#2116,#2126,.T.);
#2124 = VERTEX_POINT('',#2125);
#2125 = CARTESIAN_POINT('',(983.,-24.,1.5));
#2126 = LINE('',#2127,#2128);
#2127 = CARTESIAN_POINT('',(983.,-24.,1.));
#2128 = VECTOR('',#2129,1.);
#2129 = DIRECTION('',(0.,0.,1.));
#2130 = ORIENTED_EDGE('',*,*,#2131,.T.);
#2131 = EDGE_CURVE('',#2124,#2132,#2134,.T.);
#2132 = VERTEX_POINT('',#2133);
#2133 = CARTESIAN_POINT('',(992.,-24.,1.5));
#2134 = LINE('',#2135,#2136);
#2135 = CARTESIAN_POINT('',(993.54545454545,-24.,1.5));
#2136 = VECTOR('',#2137,1.);
#2137 = DIRECTION('',(1.,0.,0.));
#2138 = ORIENTED_EDGE('',*,*,#2139,.T.);
#2139 = EDGE_CURVE('',#2132,#2140,#2142,.T.);
#2140 = VERTEX_POINT('',#2141);
#2141 = CARTESIAN_POINT('',(992.,-24.,4.));
#2142 = LINE('',#2143,#2144);
#2143 = CARTESIAN_POINT('',(992.,-24.,1.));
#2144 = VECTOR('',#2145,1.);
#2145 = DIRECTION('',(0.,0.,1.));
#2146 = ORIENTED_EDGE('',*,*,#2147,.T.);
#2147 = EDGE_CURVE('',#2140,#2148,#2150,.T.);
#2148 = VERTEX_POINT('',#2149);
#2149 = CARTESIAN_POINT('',(994.,-24.,4.));
#2150 = LINE('',#2151,#2152);
#2151 = CARTESIAN_POINT('',(965.,-24.,4.));
#2152 = VECTOR('',#2153,1.);
#2153 = DIRECTION('',(1.,0.,0.));
#2154 = ORIENTED_EDGE('',*,*,#2155,.T.);
#2155 = EDGE_CURVE('',#2148,#2156,#2158,.T.);
#2156 = VERTEX_POINT('',#2157);
#2157 = CARTESIAN_POINT('',(994.,-24.,1.5));
#2158 = LINE('',#2159,#2160);
#2159 = CARTESIAN_POINT('',(994.,-24.,1.5));
#2160 = VECTOR('',#2161,1.);
#2161 = DIRECTION('',(0.,0.,-1.));
#2162 = ORIENTED_EDGE('',*,*,#2163,.T.);
#2163 = EDGE_CURVE('',#2156,#2164,#2166,.T.);
#2164 = VERTEX_POINT('',#2165);
#2165 = CARTESIAN_POINT('',(1.021E+03,-24.,1.5));
#2166 = LINE('',#2167,#2168);
#2167 = CARTESIAN_POINT('',(965.,-24.,1.5));
#2168 = VECTOR('',#2169,1.);
#2169 = DIRECTION('',(1.,0.,0.));
#2170 = ORIENTED_EDGE('',*,*,#2171,.F.);
#2171 = EDGE_CURVE('',#2172,#2164,#2174,.T.);
#2172 = VERTEX_POINT('',#2173);
#2173 = CARTESIAN_POINT('',(1.021E+03,-24.,4.));
#2174 = LINE('',#2175,#2176);
#2175 = CARTESIAN_POINT('',(1.021E+03,-24.,1.5));
#2176 = VECTOR('',#2177,1.);
#2177 = DIRECTION('',(0.,0.,-1.));
#2178 = ORIENTED_EDGE('',*,*,#2179,.T.);
#2179 = EDGE_CURVE('',#2172,#2180,#2182,.T.);
#2180 = VERTEX_POINT('',#2181);
#2181 = CARTESIAN_POINT('',(1.023E+03,-24.,4.));
#2182 = LINE('',#2183,#2184);
#2183 = CARTESIAN_POINT('',(965.,-24.,4.));
#2184 = VECTOR('',#2185,1.);
#2185 = DIRECTION('',(1.,0.,0.));
#2186 = ORIENTED_EDGE('',*,*,#2187,.F.);
#2187 = EDGE_CURVE('',#2188,#2180,#2190,.T.);
#2188 = VERTEX_POINT('',#2189);
#2189 = CARTESIAN_POINT('',(1.023E+03,-24.,1.5));
#2190 = LINE('',#2191,#2192);
#2191 = CARTESIAN_POINT('',(1.023E+03,-24.,1.));
#2192 = VECTOR('',#2193,1.);
#2193 = DIRECTION('',(0.,0.,1.));
#2194 = ORIENTED_EDGE('',*,*,#2195,.T.);
#2195 = EDGE_CURVE('',#2188,#2196,#2198,.T.);
#2196 = VERTEX_POINT('',#2197);
#2197 = CARTESIAN_POINT('',(1.032E+03,-24.,1.5));
#2198 = LINE('',#2199,#2200);
#2199 = CARTESIAN_POINT('',(1.013545454545E+03,-24.,1.5));
#2200 = VECTOR('',#2201,1.);
#2201 = DIRECTION('',(1.,0.,0.));
#2202 = ORIENTED_EDGE('',*,*,#2203,.T.);
#2203 = EDGE_CURVE('',#2196,#2204,#2206,.T.);
#2204 = VERTEX_POINT('',#2205);
#2205 = CARTESIAN_POINT('',(1.032E+03,-24.,4.));
#2206 = LINE('',#2207,#2208);
#2207 = CARTESIAN_POINT('',(1.032E+03,-24.,1.));
#2208 = VECTOR('',#2209,1.);
#2209 = DIRECTION('',(0.,0.,1.));
#2210 = ORIENTED_EDGE('',*,*,#2211,.T.);
#2211 = EDGE_CURVE('',#2204,#2212,#2214,.T.);
#2212 = VERTEX_POINT('',#2213);
#2213 = CARTESIAN_POINT('',(1.041E+03,-24.,4.));
#2214 = LINE('',#2215,#2216);
#2215 = CARTESIAN_POINT('',(965.,-24.,4.));
#2216 = VECTOR('',#2217,1.);
#2217 = DIRECTION('',(1.,0.,0.));
#2218 = ORIENTED_EDGE('',*,*,#2219,.T.);
#2219 = EDGE_CURVE('',#2212,#2220,#2222,.T.);
#2220 = VERTEX_POINT('',#2221);
#2221 = CARTESIAN_POINT('',(1.041E+03,-24.,1.5));
#2222 = LINE('',#2223,#2224);
#2223 = CARTESIAN_POINT('',(1.041E+03,-24.,1.5));
#2224 = VECTOR('',#2225,1.);
#2225 = DIRECTION('',(0.,0.,-1.));
#2226 = ORIENTED_EDGE('',*,*,#2227,.T.);
#2227 = EDGE_CURVE('',#2220,#2228,#2230,.T.);
#2228 = VERTEX_POINT('',#2229);
#2229 = CARTESIAN_POINT('',(1.045E+03,-24.,1.5));
#2230 = LINE('',#2231,#2232);
#2231 = CARTESIAN_POINT('',(965.,-24.,1.5));
#2232 = VECTOR('',#2233,1.);
#2233 = DIRECTION('',(1.,0.,0.));
#2234 = ORIENTED_EDGE('',*,*,#2235,.T.);
#2235 = EDGE_CURVE('',#2228,#2236,#2238,.T.);
#2236 = VERTEX_POINT('',#2237);
#2237 = CARTESIAN_POINT('',(1.045E+03,-24.,10.));
#2238 = LINE('',#2239,#2240);
#2239 = CARTESIAN_POINT('',(1.045E+03,-24.,1.5));
#2240 = VECTOR('',#2241,1.);
#2241 = DIRECTION('',(0.,0.,1.));
#2242 = ORIENTED_EDGE('',*,*,#2243,.F.);
#2243 = EDGE_CURVE('',#2076,#2236,#2244,.T.);
#2244 = LINE('',#2245,#2246);
#2245 = CARTESIAN_POINT('',(965.,-24.,10.));
#2246 = VECTOR('',#2247,1.);
#2247 = DIRECTION('',(1.,0.,0.));
#2248 = PLANE('',#2249);
#2249 = AXIS2_PLACEMENT_3D('',#2250,#2251,#2252);
#2250 = CARTESIAN_POINT('',(1.004566831683E+03,-24.,5.688118811881));
#2251 = DIRECTION('',(-0.,-1.,-0.));
#2252 = DIRECTION('',(0.,0.,-1.));
#2253 = ADVANCED_FACE('',(#2254,#2469,#2480,#2505,#2516,#2541,#2575,
    #2586,#2620),#2631,.T.);
#2254 = FACE_BOUND('',#2255,.T.);
#2255 = EDGE_LOOP('',(#2256,#2266,#2274,#2282,#2290,#2298,#2306,#2314,
    #2322,#2330,#2338,#2346,#2354,#2362,#2370,#2378,#2384,#2385,#2393,
    #2401,#2409,#2417,#2423,#2424,#2432,#2440,#2446,#2447,#2455,#2461,
    #2462,#2463));
#2256 = ORIENTED_EDGE('',*,*,#2257,.T.);
#2257 = EDGE_CURVE('',#2258,#2260,#2262,.T.);
#2258 = VERTEX_POINT('',#2259);
#2259 = CARTESIAN_POINT('',(965.,24.,1.5));
#2260 = VERTEX_POINT('',#2261);
#2261 = CARTESIAN_POINT('',(969.,24.,1.5));
#2262 = LINE('',#2263,#2264);
#2263 = CARTESIAN_POINT('',(965.,24.,1.5));
#2264 = VECTOR('',#2265,1.);
#2265 = DIRECTION('',(1.,0.,0.));
#2266 = ORIENTED_EDGE('',*,*,#2267,.T.);
#2267 = EDGE_CURVE('',#2260,#2268,#2270,.T.);
#2268 = VERTEX_POINT('',#2269);
#2269 = CARTESIAN_POINT('',(969.,39.5,1.5));
#2270 = LINE('',#2271,#2272);
#2271 = CARTESIAN_POINT('',(969.,21.5,1.5));
#2272 = VECTOR('',#2273,1.);
#2273 = DIRECTION('',(0.,1.,0.));
#2274 = ORIENTED_EDGE('',*,*,#2275,.T.);
#2275 = EDGE_CURVE('',#2268,#2276,#2278,.T.);
#2276 = VERTEX_POINT('',#2277);
#2277 = CARTESIAN_POINT('',(979.,39.5,1.5));
#2278 = LINE('',#2279,#2280);
#2279 = CARTESIAN_POINT('',(969.,39.5,1.5));
#2280 = VECTOR('',#2281,1.);
#2281 = DIRECTION('',(1.,0.,0.));
#2282 = ORIENTED_EDGE('',*,*,#2283,.F.);
#2283 = EDGE_CURVE('',#2284,#2276,#2286,.T.);
#2284 = VERTEX_POINT('',#2285);
#2285 = CARTESIAN_POINT('',(979.,24.,1.5));
#2286 = LINE('',#2287,#2288);
#2287 = CARTESIAN_POINT('',(979.,21.5,1.5));
#2288 = VECTOR('',#2289,1.);
#2289 = DIRECTION('',(0.,1.,0.));
#2290 = ORIENTED_EDGE('',*,*,#2291,.T.);
#2291 = EDGE_CURVE('',#2284,#2292,#2294,.T.);
#2292 = VERTEX_POINT('',#2293);
#2293 = CARTESIAN_POINT('',(981.,24.,1.5));
#2294 = LINE('',#2295,#2296);
#2295 = CARTESIAN_POINT('',(965.,24.,1.5));
#2296 = VECTOR('',#2297,1.);
#2297 = DIRECTION('',(1.,0.,0.));
#2298 = ORIENTED_EDGE('',*,*,#2299,.T.);
#2299 = EDGE_CURVE('',#2292,#2300,#2302,.T.);
#2300 = VERTEX_POINT('',#2301);
#2301 = CARTESIAN_POINT('',(981.,28.,1.5));
#2302 = LINE('',#2303,#2304);
#2303 = CARTESIAN_POINT('',(981.,21.5,1.5));
#2304 = VECTOR('',#2305,1.);
#2305 = DIRECTION('',(0.,1.,0.));
#2306 = ORIENTED_EDGE('',*,*,#2307,.T.);
#2307 = EDGE_CURVE('',#2300,#2308,#2310,.T.);
#2308 = VERTEX_POINT('',#2309);
#2309 = CARTESIAN_POINT('',(994.,28.,1.5));
#2310 = LINE('',#2311,#2312);
#2311 = CARTESIAN_POINT('',(981.,28.,1.5));
#2312 = VECTOR('',#2313,1.);
#2313 = DIRECTION('',(1.,0.,0.));
#2314 = ORIENTED_EDGE('',*,*,#2315,.F.);
#2315 = EDGE_CURVE('',#2316,#2308,#2318,.T.);
#2316 = VERTEX_POINT('',#2317);
#2317 = CARTESIAN_POINT('',(994.,24.,1.5));
#2318 = LINE('',#2319,#2320);
#2319 = CARTESIAN_POINT('',(994.,21.5,1.5));
#2320 = VECTOR('',#2321,1.);
#2321 = DIRECTION('',(0.,1.,0.));
#2322 = ORIENTED_EDGE('',*,*,#2323,.T.);
#2323 = EDGE_CURVE('',#2316,#2324,#2326,.T.);
#2324 = VERTEX_POINT('',#2325);
#2325 = CARTESIAN_POINT('',(1.021E+03,24.,1.5));
#2326 = LINE('',#2327,#2328);
#2327 = CARTESIAN_POINT('',(965.,24.,1.5));
#2328 = VECTOR('',#2329,1.);
#2329 = DIRECTION('',(1.,0.,0.));
#2330 = ORIENTED_EDGE('',*,*,#2331,.T.);
#2331 = EDGE_CURVE('',#2324,#2332,#2334,.T.);
#2332 = VERTEX_POINT('',#2333);
#2333 = CARTESIAN_POINT('',(1.021E+03,28.,1.5));
#2334 = LINE('',#2335,#2336);
#2335 = CARTESIAN_POINT('',(1.021E+03,21.5,1.5));
#2336 = VECTOR('',#2337,1.);
#2337 = DIRECTION('',(0.,1.,0.));
#2338 = ORIENTED_EDGE('',*,*,#2339,.T.);
#2339 = EDGE_CURVE('',#2332,#2340,#2342,.T.);
#2340 = VERTEX_POINT('',#2341);
#2341 = CARTESIAN_POINT('',(1.031E+03,28.,1.5));
#2342 = LINE('',#2343,#2344);
#2343 = CARTESIAN_POINT('',(1.021E+03,28.,1.5));
#2344 = VECTOR('',#2345,1.);
#2345 = DIRECTION('',(1.,0.,0.));
#2346 = ORIENTED_EDGE('',*,*,#2347,.T.);
#2347 = EDGE_CURVE('',#2340,#2348,#2350,.T.);
#2348 = VERTEX_POINT('',#2349);
#2349 = CARTESIAN_POINT('',(1.031E+03,39.5,1.5));
#2350 = LINE('',#2351,#2352);
#2351 = CARTESIAN_POINT('',(1.031E+03,21.5,1.5));
#2352 = VECTOR('',#2353,1.);
#2353 = DIRECTION('',(0.,1.,0.));
#2354 = ORIENTED_EDGE('',*,*,#2355,.T.);
#2355 = EDGE_CURVE('',#2348,#2356,#2358,.T.);
#2356 = VERTEX_POINT('',#2357);
#2357 = CARTESIAN_POINT('',(1.041E+03,39.5,1.5));
#2358 = LINE('',#2359,#2360);
#2359 = CARTESIAN_POINT('',(1.031E+03,39.5,1.5));
#2360 = VECTOR('',#2361,1.);
#2361 = DIRECTION('',(1.,0.,0.));
#2362 = ORIENTED_EDGE('',*,*,#2363,.F.);
#2363 = EDGE_CURVE('',#2364,#2356,#2366,.T.);
#2364 = VERTEX_POINT('',#2365);
#2365 = CARTESIAN_POINT('',(1.041E+03,24.,1.5));
#2366 = LINE('',#2367,#2368);
#2367 = CARTESIAN_POINT('',(1.041E+03,21.5,1.5));
#2368 = VECTOR('',#2369,1.);
#2369 = DIRECTION('',(0.,1.,0.));
#2370 = ORIENTED_EDGE('',*,*,#2371,.T.);
#2371 = EDGE_CURVE('',#2364,#2372,#2374,.T.);
#2372 = VERTEX_POINT('',#2373);
#2373 = CARTESIAN_POINT('',(1.045E+03,24.,1.5));
#2374 = LINE('',#2375,#2376);
#2375 = CARTESIAN_POINT('',(965.,24.,1.5));
#2376 = VECTOR('',#2377,1.);
#2377 = DIRECTION('',(1.,0.,0.));
#2378 = ORIENTED_EDGE('',*,*,#2379,.F.);
#2379 = EDGE_CURVE('',#2228,#2372,#2380,.T.);
#2380 = LINE('',#2381,#2382);
#2381 = CARTESIAN_POINT('',(1.045E+03,-24.,1.5));
#2382 = VECTOR('',#2383,1.);
#2383 = DIRECTION('',(0.,1.,0.));
#2384 = ORIENTED_EDGE('',*,*,#2227,.F.);
#2385 = ORIENTED_EDGE('',*,*,#2386,.F.);
#2386 = EDGE_CURVE('',#2387,#2220,#2389,.T.);
#2387 = VERTEX_POINT('',#2388);
#2388 = CARTESIAN_POINT('',(1.041E+03,-39.5,1.5));
#2389 = LINE('',#2390,#2391);
#2390 = CARTESIAN_POINT('',(1.041E+03,-39.5,1.5));
#2391 = VECTOR('',#2392,1.);
#2392 = DIRECTION('',(0.,1.,0.));
#2393 = ORIENTED_EDGE('',*,*,#2394,.F.);
#2394 = EDGE_CURVE('',#2395,#2387,#2397,.T.);
#2395 = VERTEX_POINT('',#2396);
#2396 = CARTESIAN_POINT('',(1.031E+03,-39.5,1.5));
#2397 = LINE('',#2398,#2399);
#2398 = CARTESIAN_POINT('',(1.031E+03,-39.5,1.5));
#2399 = VECTOR('',#2400,1.);
#2400 = DIRECTION('',(1.,0.,0.));
#2401 = ORIENTED_EDGE('',*,*,#2402,.T.);
#2402 = EDGE_CURVE('',#2395,#2403,#2405,.T.);
#2403 = VERTEX_POINT('',#2404);
#2404 = CARTESIAN_POINT('',(1.031E+03,-28.,1.5));
#2405 = LINE('',#2406,#2407);
#2406 = CARTESIAN_POINT('',(1.031E+03,-39.5,1.5));
#2407 = VECTOR('',#2408,1.);
#2408 = DIRECTION('',(0.,1.,0.));
#2409 = ORIENTED_EDGE('',*,*,#2410,.F.);
#2410 = EDGE_CURVE('',#2411,#2403,#2413,.T.);
#2411 = VERTEX_POINT('',#2412);
#2412 = CARTESIAN_POINT('',(1.021E+03,-28.,1.5));
#2413 = LINE('',#2414,#2415);
#2414 = CARTESIAN_POINT('',(1.021E+03,-28.,1.5));
#2415 = VECTOR('',#2416,1.);
#2416 = DIRECTION('',(1.,0.,0.));
#2417 = ORIENTED_EDGE('',*,*,#2418,.T.);
#2418 = EDGE_CURVE('',#2411,#2164,#2419,.T.);
#2419 = LINE('',#2420,#2421);
#2420 = CARTESIAN_POINT('',(1.021E+03,-28.,1.5));
#2421 = VECTOR('',#2422,1.);
#2422 = DIRECTION('',(0.,1.,0.));
#2423 = ORIENTED_EDGE('',*,*,#2163,.F.);
#2424 = ORIENTED_EDGE('',*,*,#2425,.F.);
#2425 = EDGE_CURVE('',#2426,#2156,#2428,.T.);
#2426 = VERTEX_POINT('',#2427);
#2427 = CARTESIAN_POINT('',(994.,-28.,1.5));
#2428 = LINE('',#2429,#2430);
#2429 = CARTESIAN_POINT('',(994.,-28.,1.5));
#2430 = VECTOR('',#2431,1.);
#2431 = DIRECTION('',(0.,1.,0.));
#2432 = ORIENTED_EDGE('',*,*,#2433,.F.);
#2433 = EDGE_CURVE('',#2434,#2426,#2436,.T.);
#2434 = VERTEX_POINT('',#2435);
#2435 = CARTESIAN_POINT('',(981.,-28.,1.5));
#2436 = LINE('',#2437,#2438);
#2437 = CARTESIAN_POINT('',(981.,-28.,1.5));
#2438 = VECTOR('',#2439,1.);
#2439 = DIRECTION('',(1.,0.,0.));
#2440 = ORIENTED_EDGE('',*,*,#2441,.T.);
#2441 = EDGE_CURVE('',#2434,#2100,#2442,.T.);
#2442 = LINE('',#2443,#2444);
#2443 = CARTESIAN_POINT('',(981.,-28.,1.5));
#2444 = VECTOR('',#2445,1.);
#2445 = DIRECTION('',(0.,1.,0.));
#2446 = ORIENTED_EDGE('',*,*,#2099,.F.);
#2447 = ORIENTED_EDGE('',*,*,#2448,.F.);
#2448 = EDGE_CURVE('',#2449,#2092,#2451,.T.);
#2449 = VERTEX_POINT('',#2450);
#2450 = CARTESIAN_POINT('',(979.,-39.5,1.5));
#2451 = LINE('',#2452,#2453);
#2452 = CARTESIAN_POINT('',(979.,-39.5,1.5));
#2453 = VECTOR('',#2454,1.);
#2454 = DIRECTION('',(0.,1.,0.));
#2455 = ORIENTED_EDGE('',*,*,#2456,.F.);
#2456 = EDGE_CURVE('',#2002,#2449,#2457,.T.);
#2457 = LINE('',#2458,#2459);
#2458 = CARTESIAN_POINT('',(969.,-39.5,1.5));
#2459 = VECTOR('',#2460,1.);
#2460 = DIRECTION('',(1.,0.,0.));
#2461 = ORIENTED_EDGE('',*,*,#2009,.T.);
#2462 = ORIENTED_EDGE('',*,*,#2083,.F.);
#2463 = ORIENTED_EDGE('',*,*,#2464,.T.);
#2464 = EDGE_CURVE('',#2074,#2258,#2465,.T.);
#2465 = LINE('',#2466,#2467);
#2466 = CARTESIAN_POINT('',(965.,-24.,1.5));
#2467 = VECTOR('',#2468,1.);
#2468 = DIRECTION('',(0.,1.,0.));
#2469 = FACE_BOUND('',#2470,.T.);
#2470 = EDGE_LOOP('',(#2471));
#2471 = ORIENTED_EDGE('',*,*,#2472,.F.);
#2472 = EDGE_CURVE('',#2473,#2473,#2475,.T.);
#2473 = VERTEX_POINT('',#2474);
#2474 = CARTESIAN_POINT('',(1.0377E+03,-35.5,1.5));
#2475 = CIRCLE('',#2476,1.7);
#2476 = AXIS2_PLACEMENT_3D('',#2477,#2478,#2479);
#2477 = CARTESIAN_POINT('',(1.036E+03,-35.5,1.5));
#2478 = DIRECTION('',(0.,0.,-1.));
#2479 = DIRECTION('',(1.,0.,0.));
#2480 = FACE_BOUND('',#2481,.T.);
#2481 = EDGE_LOOP('',(#2482,#2483,#2491,#2499));
#2482 = ORIENTED_EDGE('',*,*,#2195,.F.);
#2483 = ORIENTED_EDGE('',*,*,#2484,.T.);
#2484 = EDGE_CURVE('',#2188,#2485,#2487,.T.);
#2485 = VERTEX_POINT('',#2486);
#2486 = CARTESIAN_POINT('',(1.023E+03,-26.,1.5));
#2487 = LINE('',#2488,#2489);
#2488 = CARTESIAN_POINT('',(1.023E+03,-13.,1.5));
#2489 = VECTOR('',#2490,1.);
#2490 = DIRECTION('',(0.,-1.,0.));
#2491 = ORIENTED_EDGE('',*,*,#2492,.T.);
#2492 = EDGE_CURVE('',#2485,#2493,#2495,.T.);
#2493 = VERTEX_POINT('',#2494);
#2494 = CARTESIAN_POINT('',(1.032E+03,-26.,1.5));
#2495 = LINE('',#2496,#2497);
#2496 = CARTESIAN_POINT('',(1.013545454545E+03,-26.,1.5));
#2497 = VECTOR('',#2498,1.);
#2498 = DIRECTION('',(1.,0.,0.));
#2499 = ORIENTED_EDGE('',*,*,#2500,.F.);
#2500 = EDGE_CURVE('',#2196,#2493,#2501,.T.);
#2501 = LINE('',#2502,#2503);
#2502 = CARTESIAN_POINT('',(1.032E+03,-13.,1.5));
#2503 = VECTOR('',#2504,1.);
#2504 = DIRECTION('',(0.,-1.,0.));
#2505 = FACE_BOUND('',#2506,.T.);
#2506 = EDGE_LOOP('',(#2507));
#2507 = ORIENTED_EDGE('',*,*,#2508,.F.);
#2508 = EDGE_CURVE('',#2509,#2509,#2511,.T.);
#2509 = VERTEX_POINT('',#2510);
#2510 = CARTESIAN_POINT('',(975.7,-35.5,1.5));
#2511 = CIRCLE('',#2512,1.7);
#2512 = AXIS2_PLACEMENT_3D('',#2513,#2514,#2515);
#2513 = CARTESIAN_POINT('',(974.,-35.5,1.5));
#2514 = DIRECTION('',(0.,0.,-1.));
#2515 = DIRECTION('',(1.,0.,0.));
#2516 = FACE_BOUND('',#2517,.T.);
#2517 = EDGE_LOOP('',(#2518,#2519,#2527,#2535));
#2518 = ORIENTED_EDGE('',*,*,#2131,.F.);
#2519 = ORIENTED_EDGE('',*,*,#2520,.T.);
#2520 = EDGE_CURVE('',#2124,#2521,#2523,.T.);
#2521 = VERTEX_POINT('',#2522);
#2522 = CARTESIAN_POINT('',(983.,-26.,1.5));
#2523 = LINE('',#2524,#2525);
#2524 = CARTESIAN_POINT('',(983.,-13.,1.5));
#2525 = VECTOR('',#2526,1.);
#2526 = DIRECTION('',(0.,-1.,0.));
#2527 = ORIENTED_EDGE('',*,*,#2528,.T.);
#2528 = EDGE_CURVE('',#2521,#2529,#2531,.T.);
#2529 = VERTEX_POINT('',#2530);
#2530 = CARTESIAN_POINT('',(992.,-26.,1.5));
#2531 = LINE('',#2532,#2533);
#2532 = CARTESIAN_POINT('',(993.54545454545,-26.,1.5));
#2533 = VECTOR('',#2534,1.);
#2534 = DIRECTION('',(1.,0.,0.));
#2535 = ORIENTED_EDGE('',*,*,#2536,.F.);
#2536 = EDGE_CURVE('',#2132,#2529,#2537,.T.);
#2537 = LINE('',#2538,#2539);
#2538 = CARTESIAN_POINT('',(992.,-13.,1.5));
#2539 = VECTOR('',#2540,1.);
#2540 = DIRECTION('',(0.,-1.,0.));
#2541 = FACE_BOUND('',#2542,.T.);
#2542 = EDGE_LOOP('',(#2543,#2553,#2561,#2569));
#2543 = ORIENTED_EDGE('',*,*,#2544,.F.);
#2544 = EDGE_CURVE('',#2545,#2547,#2549,.T.);
#2545 = VERTEX_POINT('',#2546);
#2546 = CARTESIAN_POINT('',(1.023E+03,26.,1.5));
#2547 = VERTEX_POINT('',#2548);
#2548 = CARTESIAN_POINT('',(1.032E+03,26.,1.5));
#2549 = LINE('',#2550,#2551);
#2550 = CARTESIAN_POINT('',(1.013545454545E+03,26.,1.5));
#2551 = VECTOR('',#2552,1.);
#2552 = DIRECTION('',(1.,0.,0.));
#2553 = ORIENTED_EDGE('',*,*,#2554,.T.);
#2554 = EDGE_CURVE('',#2545,#2555,#2557,.T.);
#2555 = VERTEX_POINT('',#2556);
#2556 = CARTESIAN_POINT('',(1.023E+03,24.,1.5));
#2557 = LINE('',#2558,#2559);
#2558 = CARTESIAN_POINT('',(1.023E+03,12.,1.5));
#2559 = VECTOR('',#2560,1.);
#2560 = DIRECTION('',(0.,-1.,0.));
#2561 = ORIENTED_EDGE('',*,*,#2562,.T.);
#2562 = EDGE_CURVE('',#2555,#2563,#2565,.T.);
#2563 = VERTEX_POINT('',#2564);
#2564 = CARTESIAN_POINT('',(1.032E+03,24.,1.5));
#2565 = LINE('',#2566,#2567);
#2566 = CARTESIAN_POINT('',(1.013545454545E+03,24.,1.5));
#2567 = VECTOR('',#2568,1.);
#2568 = DIRECTION('',(1.,0.,0.));
#2569 = ORIENTED_EDGE('',*,*,#2570,.F.);
#2570 = EDGE_CURVE('',#2547,#2563,#2571,.T.);
#2571 = LINE('',#2572,#2573);
#2572 = CARTESIAN_POINT('',(1.032E+03,12.,1.5));
#2573 = VECTOR('',#2574,1.);
#2574 = DIRECTION('',(0.,-1.,0.));
#2575 = FACE_BOUND('',#2576,.T.);
#2576 = EDGE_LOOP('',(#2577));
#2577 = ORIENTED_EDGE('',*,*,#2578,.F.);
#2578 = EDGE_CURVE('',#2579,#2579,#2581,.T.);
#2579 = VERTEX_POINT('',#2580);
#2580 = CARTESIAN_POINT('',(1.0377E+03,35.5,1.5));
#2581 = CIRCLE('',#2582,1.7);
#2582 = AXIS2_PLACEMENT_3D('',#2583,#2584,#2585);
#2583 = CARTESIAN_POINT('',(1.036E+03,35.5,1.5));
#2584 = DIRECTION('',(0.,0.,-1.));
#2585 = DIRECTION('',(1.,0.,0.));
#2586 = FACE_BOUND('',#2587,.T.);
#2587 = EDGE_LOOP('',(#2588,#2598,#2606,#2614));
#2588 = ORIENTED_EDGE('',*,*,#2589,.F.);
#2589 = EDGE_CURVE('',#2590,#2592,#2594,.T.);
#2590 = VERTEX_POINT('',#2591);
#2591 = CARTESIAN_POINT('',(983.,26.,1.5));
#2592 = VERTEX_POINT('',#2593);
#2593 = CARTESIAN_POINT('',(992.,26.,1.5));
#2594 = LINE('',#2595,#2596);
#2595 = CARTESIAN_POINT('',(993.54545454545,26.,1.5));
#2596 = VECTOR('',#2597,1.);
#2597 = DIRECTION('',(1.,0.,0.));
#2598 = ORIENTED_EDGE('',*,*,#2599,.T.);
#2599 = EDGE_CURVE('',#2590,#2600,#2602,.T.);
#2600 = VERTEX_POINT('',#2601);
#2601 = CARTESIAN_POINT('',(983.,24.,1.5));
#2602 = LINE('',#2603,#2604);
#2603 = CARTESIAN_POINT('',(983.,12.,1.5));
#2604 = VECTOR('',#2605,1.);
#2605 = DIRECTION('',(0.,-1.,0.));
#2606 = ORIENTED_EDGE('',*,*,#2607,.T.);
#2607 = EDGE_CURVE('',#2600,#2608,#2610,.T.);
#2608 = VERTEX_POINT('',#2609);
#2609 = CARTESIAN_POINT('',(992.,24.,1.5));
#2610 = LINE('',#2611,#2612);
#2611 = CARTESIAN_POINT('',(993.54545454545,24.,1.5));
#2612 = VECTOR('',#2613,1.);
#2613 = DIRECTION('',(1.,0.,0.));
#2614 = ORIENTED_EDGE('',*,*,#2615,.F.);
#2615 = EDGE_CURVE('',#2592,#2608,#2616,.T.);
#2616 = LINE('',#2617,#2618);
#2617 = CARTESIAN_POINT('',(992.,12.,1.5));
#2618 = VECTOR('',#2619,1.);
#2619 = DIRECTION('',(0.,-1.,0.));
#2620 = FACE_BOUND('',#2621,.T.);
#2621 = EDGE_LOOP('',(#2622));
#2622 = ORIENTED_EDGE('',*,*,#2623,.F.);
#2623 = EDGE_CURVE('',#2624,#2624,#2626,.T.);
#2624 = VERTEX_POINT('',#2625);
#2625 = CARTESIAN_POINT('',(975.7,35.5,1.5));
#2626 = CIRCLE('',#2627,1.7);
#2627 = AXIS2_PLACEMENT_3D('',#2628,#2629,#2630);
#2628 = CARTESIAN_POINT('',(974.,35.5,1.5));
#2629 = DIRECTION('',(0.,0.,-1.));
#2630 = DIRECTION('',(1.,0.,0.));
#2631 = PLANE('',#2632);
#2632 = AXIS2_PLACEMENT_3D('',#2633,#2634,#2635);
#2633 = CARTESIAN_POINT('',(1.004090909091E+03,0.,1.5));
#2634 = DIRECTION('',(-0.,-0.,-1.));
#2635 = DIRECTION('',(-1.,0.,0.));
#2636 = ADVANCED_FACE('',(#2637),#2648,.F.);
#2637 = FACE_BOUND('',#2638,.F.);
#2638 = EDGE_LOOP('',(#2639,#2640,#2641,#2642));
#2639 = ORIENTED_EDGE('',*,*,#2456,.F.);
#2640 = ORIENTED_EDGE('',*,*,#2001,.T.);
#2641 = ORIENTED_EDGE('',*,*,#2032,.T.);
#2642 = ORIENTED_EDGE('',*,*,#2643,.F.);
#2643 = EDGE_CURVE('',#2449,#2033,#2644,.T.);
#2644 = LINE('',#2645,#2646);
#2645 = CARTESIAN_POINT('',(979.,-39.5,1.5));
#2646 = VECTOR('',#2647,1.);
#2647 = DIRECTION('',(0.,0.,1.));
#2648 = PLANE('',#2649);
#2649 = AXIS2_PLACEMENT_3D('',#2650,#2651,#2652);
#2650 = CARTESIAN_POINT('',(969.,-39.5,1.5));
#2651 = DIRECTION('',(0.,1.,0.));
#2652 = DIRECTION('',(0.,0.,1.));
#2653 = ADVANCED_FACE('',(#2654),#2660,.T.);
#2654 = FACE_BOUND('',#2655,.T.);
#2655 = EDGE_LOOP('',(#2656,#2657,#2658,#2659));
#2656 = ORIENTED_EDGE('',*,*,#2040,.F.);
#2657 = ORIENTED_EDGE('',*,*,#2643,.F.);
#2658 = ORIENTED_EDGE('',*,*,#2448,.T.);
#2659 = ORIENTED_EDGE('',*,*,#2091,.F.);
#2660 = PLANE('',#2661);
#2661 = AXIS2_PLACEMENT_3D('',#2662,#2663,#2664);
#2662 = CARTESIAN_POINT('',(979.,-39.5,1.5));
#2663 = DIRECTION('',(1.,0.,0.));
#2664 = DIRECTION('',(0.,0.,1.));
#2665 = ADVANCED_FACE('',(#2666),#2677,.F.);
#2666 = FACE_BOUND('',#2667,.T.);
#2667 = EDGE_LOOP('',(#2668,#2669,#2675,#2676));
#2668 = ORIENTED_EDGE('',*,*,#2508,.T.);
#2669 = ORIENTED_EDGE('',*,*,#2670,.T.);
#2670 = EDGE_CURVE('',#2509,#2057,#2671,.T.);
#2671 = LINE('',#2672,#2673);
#2672 = CARTESIAN_POINT('',(975.7,-35.5,-1.));
#2673 = VECTOR('',#2674,1.);
#2674 = DIRECTION('',(0.,0.,1.));
#2675 = ORIENTED_EDGE('',*,*,#2056,.F.);
#2676 = ORIENTED_EDGE('',*,*,#2670,.F.);
#2677 = CYLINDRICAL_SURFACE('',#2678,1.7);
#2678 = AXIS2_PLACEMENT_3D('',#2679,#2680,#2681);
#2679 = CARTESIAN_POINT('',(974.,-35.5,-1.));
#2680 = DIRECTION('',(-0.,-0.,-1.));
#2681 = DIRECTION('',(1.,0.,0.));
#2682 = ADVANCED_FACE('',(#2683),#2733,.T.);
#2683 = FACE_BOUND('',#2684,.T.);
#2684 = EDGE_LOOP('',(#2685,#2686,#2694,#2702,#2710,#2718,#2726,#2732));
#2685 = ORIENTED_EDGE('',*,*,#2073,.T.);
#2686 = ORIENTED_EDGE('',*,*,#2687,.T.);
#2687 = EDGE_CURVE('',#2076,#2688,#2690,.T.);
#2688 = VERTEX_POINT('',#2689);
#2689 = CARTESIAN_POINT('',(965.,-6.,10.));
#2690 = LINE('',#2691,#2692);
#2691 = CARTESIAN_POINT('',(965.,-24.,10.));
#2692 = VECTOR('',#2693,1.);
#2693 = DIRECTION('',(0.,1.,0.));
#2694 = ORIENTED_EDGE('',*,*,#2695,.F.);
#2695 = EDGE_CURVE('',#2696,#2688,#2698,.T.);
#2696 = VERTEX_POINT('',#2697);
#2697 = CARTESIAN_POINT('',(965.,-6.,6.));
#2698 = LINE('',#2699,#2700);
#2699 = CARTESIAN_POINT('',(965.,-6.,5.));
#2700 = VECTOR('',#2701,1.);
#2701 = DIRECTION('',(0.,0.,1.));
#2702 = ORIENTED_EDGE('',*,*,#2703,.F.);
#2703 = EDGE_CURVE('',#2704,#2696,#2706,.T.);
#2704 = VERTEX_POINT('',#2705);
#2705 = CARTESIAN_POINT('',(965.,6.,6.));
#2706 = LINE('',#2707,#2708);
#2707 = CARTESIAN_POINT('',(965.,-15.,6.));
#2708 = VECTOR('',#2709,1.);
#2709 = DIRECTION('',(0.,-1.,0.));
#2710 = ORIENTED_EDGE('',*,*,#2711,.T.);
#2711 = EDGE_CURVE('',#2704,#2712,#2714,.T.);
#2712 = VERTEX_POINT('',#2713);
#2713 = CARTESIAN_POINT('',(965.,6.,10.));
#2714 = LINE('',#2715,#2716);
#2715 = CARTESIAN_POINT('',(965.,6.,5.));
#2716 = VECTOR('',#2717,1.);
#2717 = DIRECTION('',(0.,0.,1.));
#2718 = ORIENTED_EDGE('',*,*,#2719,.T.);
#2719 = EDGE_CURVE('',#2712,#2720,#2722,.T.);
#2720 = VERTEX_POINT('',#2721);
#2721 = CARTESIAN_POINT('',(965.,24.,10.));
#2722 = LINE('',#2723,#2724);
#2723 = CARTESIAN_POINT('',(965.,-24.,10.));
#2724 = VECTOR('',#2725,1.);
#2725 = DIRECTION('',(0.,1.,0.));
#2726 = ORIENTED_EDGE('',*,*,#2727,.F.);
#2727 = EDGE_CURVE('',#2258,#2720,#2728,.T.);
#2728 = LINE('',#2729,#2730);
#2729 = CARTESIAN_POINT('',(965.,24.,4.));
#2730 = VECTOR('',#2731,1.);
#2731 = DIRECTION('',(0.,0.,1.));
#2732 = ORIENTED_EDGE('',*,*,#2464,.F.);
#2733 = PLANE('',#2734);
#2734 = AXIS2_PLACEMENT_3D('',#2735,#2736,#2737);
#2735 = CARTESIAN_POINT('',(965.,0.,5.502066115702));
#2736 = DIRECTION('',(-1.,-0.,-0.));
#2737 = DIRECTION('',(0.,0.,-1.));
#2738 = ADVANCED_FACE('',(#2739),#2757,.F.);
#2739 = FACE_BOUND('',#2740,.F.);
#2740 = EDGE_LOOP('',(#2741,#2749,#2755,#2756));
#2741 = ORIENTED_EDGE('',*,*,#2742,.F.);
#2742 = EDGE_CURVE('',#2743,#2108,#2745,.T.);
#2743 = VERTEX_POINT('',#2744);
#2744 = CARTESIAN_POINT('',(981.,-28.,4.));
#2745 = LINE('',#2746,#2747);
#2746 = CARTESIAN_POINT('',(981.,-28.,4.));
#2747 = VECTOR('',#2748,1.);
#2748 = DIRECTION('',(0.,1.,0.));
#2749 = ORIENTED_EDGE('',*,*,#2750,.F.);
#2750 = EDGE_CURVE('',#2434,#2743,#2751,.T.);
#2751 = LINE('',#2752,#2753);
#2752 = CARTESIAN_POINT('',(981.,-28.,1.5));
#2753 = VECTOR('',#2754,1.);
#2754 = DIRECTION('',(0.,0.,1.));
#2755 = ORIENTED_EDGE('',*,*,#2441,.T.);
#2756 = ORIENTED_EDGE('',*,*,#2107,.F.);
#2757 = PLANE('',#2758);
#2758 = AXIS2_PLACEMENT_3D('',#2759,#2760,#2761);
#2759 = CARTESIAN_POINT('',(981.,-28.,1.5));
#2760 = DIRECTION('',(1.,0.,0.));
#2761 = DIRECTION('',(0.,0.,1.));
#2762 = ADVANCED_FACE('',(#2763),#2804,.T.);
#2763 = FACE_BOUND('',#2764,.T.);
#2764 = EDGE_LOOP('',(#2765,#2766,#2774,#2780,#2781,#2789,#2797,#2803));
#2765 = ORIENTED_EDGE('',*,*,#2742,.F.);
#2766 = ORIENTED_EDGE('',*,*,#2767,.T.);
#2767 = EDGE_CURVE('',#2743,#2768,#2770,.T.);
#2768 = VERTEX_POINT('',#2769);
#2769 = CARTESIAN_POINT('',(994.,-28.,4.));
#2770 = LINE('',#2771,#2772);
#2771 = CARTESIAN_POINT('',(981.,-28.,4.));
#2772 = VECTOR('',#2773,1.);
#2773 = DIRECTION('',(1.,0.,0.));
#2774 = ORIENTED_EDGE('',*,*,#2775,.T.);
#2775 = EDGE_CURVE('',#2768,#2148,#2776,.T.);
#2776 = LINE('',#2777,#2778);
#2777 = CARTESIAN_POINT('',(994.,-28.,4.));
#2778 = VECTOR('',#2779,1.);
#2779 = DIRECTION('',(0.,1.,0.));
#2780 = ORIENTED_EDGE('',*,*,#2147,.F.);
#2781 = ORIENTED_EDGE('',*,*,#2782,.F.);
#2782 = EDGE_CURVE('',#2783,#2140,#2785,.T.);
#2783 = VERTEX_POINT('',#2784);
#2784 = CARTESIAN_POINT('',(992.,-26.,4.));
#2785 = LINE('',#2786,#2787);
#2786 = CARTESIAN_POINT('',(992.,-27.,4.));
#2787 = VECTOR('',#2788,1.);
#2788 = DIRECTION('',(0.,1.,0.));
#2789 = ORIENTED_EDGE('',*,*,#2790,.T.);
#2790 = EDGE_CURVE('',#2783,#2791,#2793,.T.);
#2791 = VERTEX_POINT('',#2792);
#2792 = CARTESIAN_POINT('',(983.,-26.,4.));
#2793 = LINE('',#2794,#2795);
#2794 = CARTESIAN_POINT('',(982.,-26.,4.));
#2795 = VECTOR('',#2796,1.);
#2796 = DIRECTION('',(-1.,0.,0.));
#2797 = ORIENTED_EDGE('',*,*,#2798,.T.);
#2798 = EDGE_CURVE('',#2791,#2116,#2799,.T.);
#2799 = LINE('',#2800,#2801);
#2800 = CARTESIAN_POINT('',(983.,-27.,4.));
#2801 = VECTOR('',#2802,1.);
#2802 = DIRECTION('',(0.,1.,0.));
#2803 = ORIENTED_EDGE('',*,*,#2115,.F.);
#2804 = PLANE('',#2805);
#2805 = AXIS2_PLACEMENT_3D('',#2806,#2807,#2808);
#2806 = CARTESIAN_POINT('',(981.,-28.,4.));
#2807 = DIRECTION('',(0.,0.,1.));
#2808 = DIRECTION('',(1.,0.,0.));
#2809 = ADVANCED_FACE('',(#2810),#2821,.T.);
#2810 = FACE_BOUND('',#2811,.T.);
#2811 = EDGE_LOOP('',(#2812,#2818,#2819,#2820));
#2812 = ORIENTED_EDGE('',*,*,#2813,.F.);
#2813 = EDGE_CURVE('',#2521,#2791,#2814,.T.);
#2814 = LINE('',#2815,#2816);
#2815 = CARTESIAN_POINT('',(983.,-26.,1.));
#2816 = VECTOR('',#2817,1.);
#2817 = DIRECTION('',(0.,0.,1.));
#2818 = ORIENTED_EDGE('',*,*,#2520,.F.);
#2819 = ORIENTED_EDGE('',*,*,#2123,.T.);
#2820 = ORIENTED_EDGE('',*,*,#2798,.F.);
#2821 = PLANE('',#2822);
#2822 = AXIS2_PLACEMENT_3D('',#2823,#2824,#2825);
#2823 = CARTESIAN_POINT('',(983.,-26.,1.));
#2824 = DIRECTION('',(1.,0.,0.));
#2825 = DIRECTION('',(0.,0.,1.));
#2826 = ADVANCED_FACE('',(#2827),#2838,.F.);
#2827 = FACE_BOUND('',#2828,.F.);
#2828 = EDGE_LOOP('',(#2829,#2835,#2836,#2837));
#2829 = ORIENTED_EDGE('',*,*,#2830,.F.);
#2830 = EDGE_CURVE('',#2529,#2783,#2831,.T.);
#2831 = LINE('',#2832,#2833);
#2832 = CARTESIAN_POINT('',(992.,-26.,1.));
#2833 = VECTOR('',#2834,1.);
#2834 = DIRECTION('',(0.,0.,1.));
#2835 = ORIENTED_EDGE('',*,*,#2536,.F.);
#2836 = ORIENTED_EDGE('',*,*,#2139,.T.);
#2837 = ORIENTED_EDGE('',*,*,#2782,.F.);
#2838 = PLANE('',#2839);
#2839 = AXIS2_PLACEMENT_3D('',#2840,#2841,#2842);
#2840 = CARTESIAN_POINT('',(992.,-26.,1.));
#2841 = DIRECTION('',(1.,0.,0.));
#2842 = DIRECTION('',(0.,0.,1.));
#2843 = ADVANCED_FACE('',(#2844),#2855,.T.);
#2844 = FACE_BOUND('',#2845,.T.);
#2845 = EDGE_LOOP('',(#2846,#2847,#2853,#2854));
#2846 = ORIENTED_EDGE('',*,*,#2775,.F.);
#2847 = ORIENTED_EDGE('',*,*,#2848,.F.);
#2848 = EDGE_CURVE('',#2426,#2768,#2849,.T.);
#2849 = LINE('',#2850,#2851);
#2850 = CARTESIAN_POINT('',(994.,-28.,1.5));
#2851 = VECTOR('',#2852,1.);
#2852 = DIRECTION('',(0.,0.,1.));
#2853 = ORIENTED_EDGE('',*,*,#2425,.T.);
#2854 = ORIENTED_EDGE('',*,*,#2155,.F.);
#2855 = PLANE('',#2856);
#2856 = AXIS2_PLACEMENT_3D('',#2857,#2858,#2859);
#2857 = CARTESIAN_POINT('',(994.,-28.,1.5));
#2858 = DIRECTION('',(1.,0.,0.));
#2859 = DIRECTION('',(0.,0.,1.));
#2860 = ADVANCED_FACE('',(#2861),#2879,.F.);
#2861 = FACE_BOUND('',#2862,.F.);
#2862 = EDGE_LOOP('',(#2863,#2871,#2877,#2878));
#2863 = ORIENTED_EDGE('',*,*,#2864,.F.);
#2864 = EDGE_CURVE('',#2865,#2172,#2867,.T.);
#2865 = VERTEX_POINT('',#2866);
#2866 = CARTESIAN_POINT('',(1.021E+03,-28.,4.));
#2867 = LINE('',#2868,#2869);
#2868 = CARTESIAN_POINT('',(1.021E+03,-28.,4.));
#2869 = VECTOR('',#2870,1.);
#2870 = DIRECTION('',(0.,1.,0.));
#2871 = ORIENTED_EDGE('',*,*,#2872,.F.);
#2872 = EDGE_CURVE('',#2411,#2865,#2873,.T.);
#2873 = LINE('',#2874,#2875);
#2874 = CARTESIAN_POINT('',(1.021E+03,-28.,1.5));
#2875 = VECTOR('',#2876,1.);
#2876 = DIRECTION('',(0.,0.,1.));
#2877 = ORIENTED_EDGE('',*,*,#2418,.T.);
#2878 = ORIENTED_EDGE('',*,*,#2171,.F.);
#2879 = PLANE('',#2880);
#2880 = AXIS2_PLACEMENT_3D('',#2881,#2882,#2883);
#2881 = CARTESIAN_POINT('',(1.021E+03,-28.,1.5));
#2882 = DIRECTION('',(1.,0.,0.));
#2883 = DIRECTION('',(0.,0.,1.));
#2884 = ADVANCED_FACE('',(#2885,#2942),#2953,.T.);
#2885 = FACE_BOUND('',#2886,.T.);
#2886 = EDGE_LOOP('',(#2887,#2888,#2896,#2904,#2912,#2918,#2919,#2927,
    #2935,#2941));
#2887 = ORIENTED_EDGE('',*,*,#2864,.F.);
#2888 = ORIENTED_EDGE('',*,*,#2889,.T.);
#2889 = EDGE_CURVE('',#2865,#2890,#2892,.T.);
#2890 = VERTEX_POINT('',#2891);
#2891 = CARTESIAN_POINT('',(1.031E+03,-28.,4.));
#2892 = LINE('',#2893,#2894);
#2893 = CARTESIAN_POINT('',(1.021E+03,-28.,4.));
#2894 = VECTOR('',#2895,1.);
#2895 = DIRECTION('',(1.,0.,0.));
#2896 = ORIENTED_EDGE('',*,*,#2897,.F.);
#2897 = EDGE_CURVE('',#2898,#2890,#2900,.T.);
#2898 = VERTEX_POINT('',#2899);
#2899 = CARTESIAN_POINT('',(1.031E+03,-39.5,4.));
#2900 = LINE('',#2901,#2902);
#2901 = CARTESIAN_POINT('',(1.031E+03,-39.5,4.));
#2902 = VECTOR('',#2903,1.);
#2903 = DIRECTION('',(0.,1.,0.));
#2904 = ORIENTED_EDGE('',*,*,#2905,.T.);
#2905 = EDGE_CURVE('',#2898,#2906,#2908,.T.);
#2906 = VERTEX_POINT('',#2907);
#2907 = CARTESIAN_POINT('',(1.041E+03,-39.5,4.));
#2908 = LINE('',#2909,#2910);
#2909 = CARTESIAN_POINT('',(1.031E+03,-39.5,4.));
#2910 = VECTOR('',#2911,1.);
#2911 = DIRECTION('',(1.,0.,0.));
#2912 = ORIENTED_EDGE('',*,*,#2913,.T.);
#2913 = EDGE_CURVE('',#2906,#2212,#2914,.T.);
#2914 = LINE('',#2915,#2916);
#2915 = CARTESIAN_POINT('',(1.041E+03,-39.5,4.));
#2916 = VECTOR('',#2917,1.);
#2917 = DIRECTION('',(0.,1.,0.));
#2918 = ORIENTED_EDGE('',*,*,#2211,.F.);
#2919 = ORIENTED_EDGE('',*,*,#2920,.F.);
#2920 = EDGE_CURVE('',#2921,#2204,#2923,.T.);
#2921 = VERTEX_POINT('',#2922);
#2922 = CARTESIAN_POINT('',(1.032E+03,-26.,4.));
#2923 = LINE('',#2924,#2925);
#2924 = CARTESIAN_POINT('',(1.032E+03,-28.06514084507,4.));
#2925 = VECTOR('',#2926,1.);
#2926 = DIRECTION('',(0.,1.,0.));
#2927 = ORIENTED_EDGE('',*,*,#2928,.T.);
#2928 = EDGE_CURVE('',#2921,#2929,#2931,.T.);
#2929 = VERTEX_POINT('',#2930);
#2930 = CARTESIAN_POINT('',(1.023E+03,-26.,4.));
#2931 = LINE('',#2932,#2933);
#2932 = CARTESIAN_POINT('',(1.027809859155E+03,-26.,4.));
#2933 = VECTOR('',#2934,1.);
#2934 = DIRECTION('',(-1.,0.,0.));
#2935 = ORIENTED_EDGE('',*,*,#2936,.T.);
#2936 = EDGE_CURVE('',#2929,#2180,#2937,.T.);
#2937 = LINE('',#2938,#2939);
#2938 = CARTESIAN_POINT('',(1.023E+03,-28.06514084507,4.));
#2939 = VECTOR('',#2940,1.);
#2940 = DIRECTION('',(0.,1.,0.));
#2941 = ORIENTED_EDGE('',*,*,#2179,.F.);
#2942 = FACE_BOUND('',#2943,.T.);
#2943 = EDGE_LOOP('',(#2944));
#2944 = ORIENTED_EDGE('',*,*,#2945,.T.);
#2945 = EDGE_CURVE('',#2946,#2946,#2948,.T.);
#2946 = VERTEX_POINT('',#2947);
#2947 = CARTESIAN_POINT('',(1.0377E+03,-35.5,4.));
#2948 = CIRCLE('',#2949,1.7);
#2949 = AXIS2_PLACEMENT_3D('',#2950,#2951,#2952);
#2950 = CARTESIAN_POINT('',(1.036E+03,-35.5,4.));
#2951 = DIRECTION('',(0.,0.,-1.));
#2952 = DIRECTION('',(1.,0.,0.));
#2953 = PLANE('',#2954);
#2954 = AXIS2_PLACEMENT_3D('',#2955,#2956,#2957);
#2955 = CARTESIAN_POINT('',(1.03261971831E+03,-30.13028169014,4.));
#2956 = DIRECTION('',(0.,0.,1.));
#2957 = DIRECTION('',(1.,0.,0.));
#2958 = ADVANCED_FACE('',(#2959),#2970,.T.);
#2959 = FACE_BOUND('',#2960,.T.);
#2960 = EDGE_LOOP('',(#2961,#2967,#2968,#2969));
#2961 = ORIENTED_EDGE('',*,*,#2962,.F.);
#2962 = EDGE_CURVE('',#2485,#2929,#2963,.T.);
#2963 = LINE('',#2964,#2965);
#2964 = CARTESIAN_POINT('',(1.023E+03,-26.,1.));
#2965 = VECTOR('',#2966,1.);
#2966 = DIRECTION('',(0.,0.,1.));
#2967 = ORIENTED_EDGE('',*,*,#2484,.F.);
#2968 = ORIENTED_EDGE('',*,*,#2187,.T.);
#2969 = ORIENTED_EDGE('',*,*,#2936,.F.);
#2970 = PLANE('',#2971);
#2971 = AXIS2_PLACEMENT_3D('',#2972,#2973,#2974);
#2972 = CARTESIAN_POINT('',(1.023E+03,-26.,1.));
#2973 = DIRECTION('',(1.,0.,0.));
#2974 = DIRECTION('',(0.,0.,1.));
#2975 = ADVANCED_FACE('',(#2976),#2987,.F.);
#2976 = FACE_BOUND('',#2977,.F.);
#2977 = EDGE_LOOP('',(#2978,#2984,#2985,#2986));
#2978 = ORIENTED_EDGE('',*,*,#2979,.F.);
#2979 = EDGE_CURVE('',#2493,#2921,#2980,.T.);
#2980 = LINE('',#2981,#2982);
#2981 = CARTESIAN_POINT('',(1.032E+03,-26.,1.));
#2982 = VECTOR('',#2983,1.);
#2983 = DIRECTION('',(0.,0.,1.));
#2984 = ORIENTED_EDGE('',*,*,#2500,.F.);
#2985 = ORIENTED_EDGE('',*,*,#2203,.T.);
#2986 = ORIENTED_EDGE('',*,*,#2920,.F.);
#2987 = PLANE('',#2988);
#2988 = AXIS2_PLACEMENT_3D('',#2989,#2990,#2991);
#2989 = CARTESIAN_POINT('',(1.032E+03,-26.,1.));
#2990 = DIRECTION('',(1.,0.,0.));
#2991 = DIRECTION('',(0.,0.,1.));
#2992 = ADVANCED_FACE('',(#2993),#3004,.T.);
#2993 = FACE_BOUND('',#2994,.T.);
#2994 = EDGE_LOOP('',(#2995,#2996,#3002,#3003));
#2995 = ORIENTED_EDGE('',*,*,#2913,.F.);
#2996 = ORIENTED_EDGE('',*,*,#2997,.F.);
#2997 = EDGE_CURVE('',#2387,#2906,#2998,.T.);
#2998 = LINE('',#2999,#3000);
#2999 = CARTESIAN_POINT('',(1.041E+03,-39.5,1.5));
#3000 = VECTOR('',#3001,1.);
#3001 = DIRECTION('',(0.,0.,1.));
#3002 = ORIENTED_EDGE('',*,*,#2386,.T.);
#3003 = ORIENTED_EDGE('',*,*,#2219,.F.);
#3004 = PLANE('',#3005);
#3005 = AXIS2_PLACEMENT_3D('',#3006,#3007,#3008);
#3006 = CARTESIAN_POINT('',(1.041E+03,-39.5,1.5));
#3007 = DIRECTION('',(1.,0.,0.));
#3008 = DIRECTION('',(0.,0.,1.));
#3009 = ADVANCED_FACE('',(#3010),#3028,.T.);
#3010 = FACE_BOUND('',#3011,.T.);
#3011 = EDGE_LOOP('',(#3012,#3013,#3014,#3022));
#3012 = ORIENTED_EDGE('',*,*,#2235,.F.);
#3013 = ORIENTED_EDGE('',*,*,#2379,.T.);
#3014 = ORIENTED_EDGE('',*,*,#3015,.T.);
#3015 = EDGE_CURVE('',#2372,#3016,#3018,.T.);
#3016 = VERTEX_POINT('',#3017);
#3017 = CARTESIAN_POINT('',(1.045E+03,24.,10.));
#3018 = LINE('',#3019,#3020);
#3019 = CARTESIAN_POINT('',(1.045E+03,24.,4.));
#3020 = VECTOR('',#3021,1.);
#3021 = DIRECTION('',(0.,0.,1.));
#3022 = ORIENTED_EDGE('',*,*,#3023,.F.);
#3023 = EDGE_CURVE('',#2236,#3016,#3024,.T.);
#3024 = LINE('',#3025,#3026);
#3025 = CARTESIAN_POINT('',(1.045E+03,-24.,10.));
#3026 = VECTOR('',#3027,1.);
#3027 = DIRECTION('',(0.,1.,0.));
#3028 = PLANE('',#3029);
#3029 = AXIS2_PLACEMENT_3D('',#3030,#3031,#3032);
#3030 = CARTESIAN_POINT('',(1.045E+03,0.,5.75));
#3031 = DIRECTION('',(1.,0.,0.));
#3032 = DIRECTION('',(0.,0.,1.));
#3033 = ADVANCED_FACE('',(#3034),#3100,.T.);
#3034 = FACE_BOUND('',#3035,.T.);
#3035 = EDGE_LOOP('',(#3036,#3037,#3038,#3039,#3045,#3046,#3054,#3062,
    #3070,#3078,#3086,#3094));
#3036 = ORIENTED_EDGE('',*,*,#2687,.F.);
#3037 = ORIENTED_EDGE('',*,*,#2243,.T.);
#3038 = ORIENTED_EDGE('',*,*,#3023,.T.);
#3039 = ORIENTED_EDGE('',*,*,#3040,.F.);
#3040 = EDGE_CURVE('',#2720,#3016,#3041,.T.);
#3041 = LINE('',#3042,#3043);
#3042 = CARTESIAN_POINT('',(965.,24.,10.));
#3043 = VECTOR('',#3044,1.);
#3044 = DIRECTION('',(1.,0.,0.));
#3045 = ORIENTED_EDGE('',*,*,#2719,.F.);
#3046 = ORIENTED_EDGE('',*,*,#3047,.F.);
#3047 = EDGE_CURVE('',#3048,#2712,#3050,.T.);
#3048 = VERTEX_POINT('',#3049);
#3049 = CARTESIAN_POINT('',(968.,6.,10.));
#3050 = LINE('',#3051,#3052);
#3051 = CARTESIAN_POINT('',(964.,6.,10.));
#3052 = VECTOR('',#3053,1.);
#3053 = DIRECTION('',(-1.,0.,0.));
#3054 = ORIENTED_EDGE('',*,*,#3055,.T.);
#3055 = EDGE_CURVE('',#3048,#3056,#3058,.T.);
#3056 = VERTEX_POINT('',#3057);
#3057 = CARTESIAN_POINT('',(968.,21.,10.));
#3058 = LINE('',#3059,#3060);
#3059 = CARTESIAN_POINT('',(968.,-22.5,10.));
#3060 = VECTOR('',#3061,1.);
#3061 = DIRECTION('',(0.,1.,0.));
#3062 = ORIENTED_EDGE('',*,*,#3063,.F.);
#3063 = EDGE_CURVE('',#3064,#3056,#3066,.T.);
#3064 = VERTEX_POINT('',#3065);
#3065 = CARTESIAN_POINT('',(1.042E+03,21.,10.));
#3066 = LINE('',#3067,#3068);
#3067 = CARTESIAN_POINT('',(966.5,21.,10.));
#3068 = VECTOR('',#3069,1.);
#3069 = DIRECTION('',(-1.,0.,0.));
#3070 = ORIENTED_EDGE('',*,*,#3071,.F.);
#3071 = EDGE_CURVE('',#3072,#3064,#3074,.T.);
#3072 = VERTEX_POINT('',#3073);
#3073 = CARTESIAN_POINT('',(1.042E+03,-21.,10.));
#3074 = LINE('',#3075,#3076);
#3075 = CARTESIAN_POINT('',(1.042E+03,-22.5,10.));
#3076 = VECTOR('',#3077,1.);
#3077 = DIRECTION('',(0.,1.,0.));
#3078 = ORIENTED_EDGE('',*,*,#3079,.T.);
#3079 = EDGE_CURVE('',#3072,#3080,#3082,.T.);
#3080 = VERTEX_POINT('',#3081);
#3081 = CARTESIAN_POINT('',(968.,-21.,10.));
#3082 = LINE('',#3083,#3084);
#3083 = CARTESIAN_POINT('',(966.5,-21.,10.));
#3084 = VECTOR('',#3085,1.);
#3085 = DIRECTION('',(-1.,0.,0.));
#3086 = ORIENTED_EDGE('',*,*,#3087,.T.);
#3087 = EDGE_CURVE('',#3080,#3088,#3090,.T.);
#3088 = VERTEX_POINT('',#3089);
#3089 = CARTESIAN_POINT('',(968.,-6.,10.));
#3090 = LINE('',#3091,#3092);
#3091 = CARTESIAN_POINT('',(968.,-22.5,10.));
#3092 = VECTOR('',#3093,1.);
#3093 = DIRECTION('',(0.,1.,0.));
#3094 = ORIENTED_EDGE('',*,*,#3095,.T.);
#3095 = EDGE_CURVE('',#3088,#2688,#3096,.T.);
#3096 = LINE('',#3097,#3098);
#3097 = CARTESIAN_POINT('',(964.,-6.,10.));
#3098 = VECTOR('',#3099,1.);
#3099 = DIRECTION('',(-1.,0.,0.));
#3100 = PLANE('',#3101);
#3101 = AXIS2_PLACEMENT_3D('',#3102,#3103,#3104);
#3102 = CARTESIAN_POINT('',(965.,-24.,10.));
#3103 = DIRECTION('',(0.,0.,1.));
#3104 = DIRECTION('',(1.,0.,0.));
#3105 = ADVANCED_FACE('',(#3106),#3131,.F.);
#3106 = FACE_BOUND('',#3107,.F.);
#3107 = EDGE_LOOP('',(#3108,#3116,#3117,#3125));
#3108 = ORIENTED_EDGE('',*,*,#3109,.T.);
#3109 = EDGE_CURVE('',#3110,#2260,#3112,.T.);
#3110 = VERTEX_POINT('',#3111);
#3111 = CARTESIAN_POINT('',(969.,24.,4.));
#3112 = LINE('',#3113,#3114);
#3113 = CARTESIAN_POINT('',(969.,24.,1.5));
#3114 = VECTOR('',#3115,1.);
#3115 = DIRECTION('',(0.,0.,-1.));
#3116 = ORIENTED_EDGE('',*,*,#2267,.T.);
#3117 = ORIENTED_EDGE('',*,*,#3118,.T.);
#3118 = EDGE_CURVE('',#2268,#3119,#3121,.T.);
#3119 = VERTEX_POINT('',#3120);
#3120 = CARTESIAN_POINT('',(969.,39.5,4.));
#3121 = LINE('',#3122,#3123);
#3122 = CARTESIAN_POINT('',(969.,39.5,1.5));
#3123 = VECTOR('',#3124,1.);
#3124 = DIRECTION('',(0.,0.,1.));
#3125 = ORIENTED_EDGE('',*,*,#3126,.F.);
#3126 = EDGE_CURVE('',#3110,#3119,#3127,.T.);
#3127 = LINE('',#3128,#3129);
#3128 = CARTESIAN_POINT('',(969.,21.5,4.));
#3129 = VECTOR('',#3130,1.);
#3130 = DIRECTION('',(0.,1.,0.));
#3131 = PLANE('',#3132);
#3132 = AXIS2_PLACEMENT_3D('',#3133,#3134,#3135);
#3133 = CARTESIAN_POINT('',(969.,21.5,1.5));
#3134 = DIRECTION('',(1.,0.,0.));
#3135 = DIRECTION('',(0.,0.,1.));
#3136 = ADVANCED_FACE('',(#3137),#3155,.T.);
#3137 = FACE_BOUND('',#3138,.T.);
#3138 = EDGE_LOOP('',(#3139,#3140,#3141,#3149));
#3139 = ORIENTED_EDGE('',*,*,#2275,.F.);
#3140 = ORIENTED_EDGE('',*,*,#3118,.T.);
#3141 = ORIENTED_EDGE('',*,*,#3142,.T.);
#3142 = EDGE_CURVE('',#3119,#3143,#3145,.T.);
#3143 = VERTEX_POINT('',#3144);
#3144 = CARTESIAN_POINT('',(979.,39.5,4.));
#3145 = LINE('',#3146,#3147);
#3146 = CARTESIAN_POINT('',(969.,39.5,4.));
#3147 = VECTOR('',#3148,1.);
#3148 = DIRECTION('',(1.,0.,0.));
#3149 = ORIENTED_EDGE('',*,*,#3150,.F.);
#3150 = EDGE_CURVE('',#2276,#3143,#3151,.T.);
#3151 = LINE('',#3152,#3153);
#3152 = CARTESIAN_POINT('',(979.,39.5,1.5));
#3153 = VECTOR('',#3154,1.);
#3154 = DIRECTION('',(0.,0.,1.));
#3155 = PLANE('',#3156);
#3156 = AXIS2_PLACEMENT_3D('',#3157,#3158,#3159);
#3157 = CARTESIAN_POINT('',(969.,39.5,1.5));
#3158 = DIRECTION('',(0.,1.,0.));
#3159 = DIRECTION('',(0.,0.,1.));
#3160 = ADVANCED_FACE('',(#3161),#3179,.T.);
#3161 = FACE_BOUND('',#3162,.T.);
#3162 = EDGE_LOOP('',(#3163,#3171,#3172,#3173));
#3163 = ORIENTED_EDGE('',*,*,#3164,.T.);
#3164 = EDGE_CURVE('',#3165,#2284,#3167,.T.);
#3165 = VERTEX_POINT('',#3166);
#3166 = CARTESIAN_POINT('',(979.,24.,4.));
#3167 = LINE('',#3168,#3169);
#3168 = CARTESIAN_POINT('',(979.,24.,1.5));
#3169 = VECTOR('',#3170,1.);
#3170 = DIRECTION('',(0.,0.,-1.));
#3171 = ORIENTED_EDGE('',*,*,#2283,.T.);
#3172 = ORIENTED_EDGE('',*,*,#3150,.T.);
#3173 = ORIENTED_EDGE('',*,*,#3174,.F.);
#3174 = EDGE_CURVE('',#3165,#3143,#3175,.T.);
#3175 = LINE('',#3176,#3177);
#3176 = CARTESIAN_POINT('',(979.,21.5,4.));
#3177 = VECTOR('',#3178,1.);
#3178 = DIRECTION('',(0.,1.,0.));
#3179 = PLANE('',#3180);
#3180 = AXIS2_PLACEMENT_3D('',#3181,#3182,#3183);
#3181 = CARTESIAN_POINT('',(979.,21.5,1.5));
#3182 = DIRECTION('',(1.,0.,0.));
#3183 = DIRECTION('',(0.,0.,1.));
#3184 = ADVANCED_FACE('',(#3185),#3210,.F.);
#3185 = FACE_BOUND('',#3186,.F.);
#3186 = EDGE_LOOP('',(#3187,#3195,#3196,#3204));
#3187 = ORIENTED_EDGE('',*,*,#3188,.T.);
#3188 = EDGE_CURVE('',#3189,#2292,#3191,.T.);
#3189 = VERTEX_POINT('',#3190);
#3190 = CARTESIAN_POINT('',(981.,24.,4.));
#3191 = LINE('',#3192,#3193);
#3192 = CARTESIAN_POINT('',(981.,24.,1.5));
#3193 = VECTOR('',#3194,1.);
#3194 = DIRECTION('',(0.,0.,-1.));
#3195 = ORIENTED_EDGE('',*,*,#2299,.T.);
#3196 = ORIENTED_EDGE('',*,*,#3197,.T.);
#3197 = EDGE_CURVE('',#2300,#3198,#3200,.T.);
#3198 = VERTEX_POINT('',#3199);
#3199 = CARTESIAN_POINT('',(981.,28.,4.));
#3200 = LINE('',#3201,#3202);
#3201 = CARTESIAN_POINT('',(981.,28.,1.5));
#3202 = VECTOR('',#3203,1.);
#3203 = DIRECTION('',(0.,0.,1.));
#3204 = ORIENTED_EDGE('',*,*,#3205,.F.);
#3205 = EDGE_CURVE('',#3189,#3198,#3206,.T.);
#3206 = LINE('',#3207,#3208);
#3207 = CARTESIAN_POINT('',(981.,21.5,4.));
#3208 = VECTOR('',#3209,1.);
#3209 = DIRECTION('',(0.,1.,0.));
#3210 = PLANE('',#3211);
#3211 = AXIS2_PLACEMENT_3D('',#3212,#3213,#3214);
#3212 = CARTESIAN_POINT('',(981.,21.5,1.5));
#3213 = DIRECTION('',(1.,0.,0.));
#3214 = DIRECTION('',(0.,0.,1.));
#3215 = ADVANCED_FACE('',(#3216),#3234,.T.);
#3216 = FACE_BOUND('',#3217,.T.);
#3217 = EDGE_LOOP('',(#3218,#3219,#3220,#3228));
#3218 = ORIENTED_EDGE('',*,*,#2307,.F.);
#3219 = ORIENTED_EDGE('',*,*,#3197,.T.);
#3220 = ORIENTED_EDGE('',*,*,#3221,.T.);
#3221 = EDGE_CURVE('',#3198,#3222,#3224,.T.);
#3222 = VERTEX_POINT('',#3223);
#3223 = CARTESIAN_POINT('',(994.,28.,4.));
#3224 = LINE('',#3225,#3226);
#3225 = CARTESIAN_POINT('',(981.,28.,4.));
#3226 = VECTOR('',#3227,1.);
#3227 = DIRECTION('',(1.,0.,0.));
#3228 = ORIENTED_EDGE('',*,*,#3229,.F.);
#3229 = EDGE_CURVE('',#2308,#3222,#3230,.T.);
#3230 = LINE('',#3231,#3232);
#3231 = CARTESIAN_POINT('',(994.,28.,1.5));
#3232 = VECTOR('',#3233,1.);
#3233 = DIRECTION('',(0.,0.,1.));
#3234 = PLANE('',#3235);
#3235 = AXIS2_PLACEMENT_3D('',#3236,#3237,#3238);
#3236 = CARTESIAN_POINT('',(981.,28.,1.5));
#3237 = DIRECTION('',(0.,1.,0.));
#3238 = DIRECTION('',(0.,0.,1.));
#3239 = ADVANCED_FACE('',(#3240),#3258,.T.);
#3240 = FACE_BOUND('',#3241,.T.);
#3241 = EDGE_LOOP('',(#3242,#3250,#3251,#3252));
#3242 = ORIENTED_EDGE('',*,*,#3243,.T.);
#3243 = EDGE_CURVE('',#3244,#2316,#3246,.T.);
#3244 = VERTEX_POINT('',#3245);
#3245 = CARTESIAN_POINT('',(994.,24.,4.));
#3246 = LINE('',#3247,#3248);
#3247 = CARTESIAN_POINT('',(994.,24.,1.5));
#3248 = VECTOR('',#3249,1.);
#3249 = DIRECTION('',(0.,0.,-1.));
#3250 = ORIENTED_EDGE('',*,*,#2315,.T.);
#3251 = ORIENTED_EDGE('',*,*,#3229,.T.);
#3252 = ORIENTED_EDGE('',*,*,#3253,.F.);
#3253 = EDGE_CURVE('',#3244,#3222,#3254,.T.);
#3254 = LINE('',#3255,#3256);
#3255 = CARTESIAN_POINT('',(994.,21.5,4.));
#3256 = VECTOR('',#3257,1.);
#3257 = DIRECTION('',(0.,1.,0.));
#3258 = PLANE('',#3259);
#3259 = AXIS2_PLACEMENT_3D('',#3260,#3261,#3262);
#3260 = CARTESIAN_POINT('',(994.,21.5,1.5));
#3261 = DIRECTION('',(1.,0.,0.));
#3262 = DIRECTION('',(0.,0.,1.));
#3263 = ADVANCED_FACE('',(#3264),#3270,.F.);
#3264 = FACE_BOUND('',#3265,.F.);
#3265 = EDGE_LOOP('',(#3266,#3267,#3268,#3269));
#3266 = ORIENTED_EDGE('',*,*,#2433,.F.);
#3267 = ORIENTED_EDGE('',*,*,#2750,.T.);
#3268 = ORIENTED_EDGE('',*,*,#2767,.T.);
#3269 = ORIENTED_EDGE('',*,*,#2848,.F.);
#3270 = PLANE('',#3271);
#3271 = AXIS2_PLACEMENT_3D('',#3272,#3273,#3274);
#3272 = CARTESIAN_POINT('',(981.,-28.,1.5));
#3273 = DIRECTION('',(0.,1.,0.));
#3274 = DIRECTION('',(0.,0.,1.));
#3275 = ADVANCED_FACE('',(#3276),#3301,.F.);
#3276 = FACE_BOUND('',#3277,.F.);
#3277 = EDGE_LOOP('',(#3278,#3286,#3287,#3295));
#3278 = ORIENTED_EDGE('',*,*,#3279,.T.);
#3279 = EDGE_CURVE('',#3280,#2324,#3282,.T.);
#3280 = VERTEX_POINT('',#3281);
#3281 = CARTESIAN_POINT('',(1.021E+03,24.,4.));
#3282 = LINE('',#3283,#3284);
#3283 = CARTESIAN_POINT('',(1.021E+03,24.,1.5));
#3284 = VECTOR('',#3285,1.);
#3285 = DIRECTION('',(0.,0.,-1.));
#3286 = ORIENTED_EDGE('',*,*,#2331,.T.);
#3287 = ORIENTED_EDGE('',*,*,#3288,.T.);
#3288 = EDGE_CURVE('',#2332,#3289,#3291,.T.);
#3289 = VERTEX_POINT('',#3290);
#3290 = CARTESIAN_POINT('',(1.021E+03,28.,4.));
#3291 = LINE('',#3292,#3293);
#3292 = CARTESIAN_POINT('',(1.021E+03,28.,1.5));
#3293 = VECTOR('',#3294,1.);
#3294 = DIRECTION('',(0.,0.,1.));
#3295 = ORIENTED_EDGE('',*,*,#3296,.F.);
#3296 = EDGE_CURVE('',#3280,#3289,#3297,.T.);
#3297 = LINE('',#3298,#3299);
#3298 = CARTESIAN_POINT('',(1.021E+03,21.5,4.));
#3299 = VECTOR('',#3300,1.);
#3300 = DIRECTION('',(0.,1.,0.));
#3301 = PLANE('',#3302);
#3302 = AXIS2_PLACEMENT_3D('',#3303,#3304,#3305);
#3303 = CARTESIAN_POINT('',(1.021E+03,21.5,1.5));
#3304 = DIRECTION('',(1.,0.,0.));
#3305 = DIRECTION('',(0.,0.,1.));
#3306 = ADVANCED_FACE('',(#3307),#3325,.T.);
#3307 = FACE_BOUND('',#3308,.T.);
#3308 = EDGE_LOOP('',(#3309,#3310,#3311,#3319));
#3309 = ORIENTED_EDGE('',*,*,#2339,.F.);
#3310 = ORIENTED_EDGE('',*,*,#3288,.T.);
#3311 = ORIENTED_EDGE('',*,*,#3312,.T.);
#3312 = EDGE_CURVE('',#3289,#3313,#3315,.T.);
#3313 = VERTEX_POINT('',#3314);
#3314 = CARTESIAN_POINT('',(1.031E+03,28.,4.));
#3315 = LINE('',#3316,#3317);
#3316 = CARTESIAN_POINT('',(1.021E+03,28.,4.));
#3317 = VECTOR('',#3318,1.);
#3318 = DIRECTION('',(1.,0.,0.));
#3319 = ORIENTED_EDGE('',*,*,#3320,.F.);
#3320 = EDGE_CURVE('',#2340,#3313,#3321,.T.);
#3321 = LINE('',#3322,#3323);
#3322 = CARTESIAN_POINT('',(1.031E+03,28.,1.5));
#3323 = VECTOR('',#3324,1.);
#3324 = DIRECTION('',(0.,0.,1.));
#3325 = PLANE('',#3326);
#3326 = AXIS2_PLACEMENT_3D('',#3327,#3328,#3329);
#3327 = CARTESIAN_POINT('',(1.021E+03,28.,1.5));
#3328 = DIRECTION('',(0.,1.,0.));
#3329 = DIRECTION('',(0.,0.,1.));
#3330 = ADVANCED_FACE('',(#3331),#3349,.F.);
#3331 = FACE_BOUND('',#3332,.F.);
#3332 = EDGE_LOOP('',(#3333,#3334,#3335,#3343));
#3333 = ORIENTED_EDGE('',*,*,#3320,.F.);
#3334 = ORIENTED_EDGE('',*,*,#2347,.T.);
#3335 = ORIENTED_EDGE('',*,*,#3336,.T.);
#3336 = EDGE_CURVE('',#2348,#3337,#3339,.T.);
#3337 = VERTEX_POINT('',#3338);
#3338 = CARTESIAN_POINT('',(1.031E+03,39.5,4.));
#3339 = LINE('',#3340,#3341);
#3340 = CARTESIAN_POINT('',(1.031E+03,39.5,1.5));
#3341 = VECTOR('',#3342,1.);
#3342 = DIRECTION('',(0.,0.,1.));
#3343 = ORIENTED_EDGE('',*,*,#3344,.F.);
#3344 = EDGE_CURVE('',#3313,#3337,#3345,.T.);
#3345 = LINE('',#3346,#3347);
#3346 = CARTESIAN_POINT('',(1.031E+03,21.5,4.));
#3347 = VECTOR('',#3348,1.);
#3348 = DIRECTION('',(0.,1.,0.));
#3349 = PLANE('',#3350);
#3350 = AXIS2_PLACEMENT_3D('',#3351,#3352,#3353);
#3351 = CARTESIAN_POINT('',(1.031E+03,21.5,1.5));
#3352 = DIRECTION('',(1.,0.,0.));
#3353 = DIRECTION('',(0.,0.,1.));
#3354 = ADVANCED_FACE('',(#3355),#3366,.F.);
#3355 = FACE_BOUND('',#3356,.F.);
#3356 = EDGE_LOOP('',(#3357,#3358,#3359,#3360));
#3357 = ORIENTED_EDGE('',*,*,#2410,.F.);
#3358 = ORIENTED_EDGE('',*,*,#2872,.T.);
#3359 = ORIENTED_EDGE('',*,*,#2889,.T.);
#3360 = ORIENTED_EDGE('',*,*,#3361,.F.);
#3361 = EDGE_CURVE('',#2403,#2890,#3362,.T.);
#3362 = LINE('',#3363,#3364);
#3363 = CARTESIAN_POINT('',(1.031E+03,-28.,1.5));
#3364 = VECTOR('',#3365,1.);
#3365 = DIRECTION('',(0.,0.,1.));
#3366 = PLANE('',#3367);
#3367 = AXIS2_PLACEMENT_3D('',#3368,#3369,#3370);
#3368 = CARTESIAN_POINT('',(1.021E+03,-28.,1.5));
#3369 = DIRECTION('',(0.,1.,0.));
#3370 = DIRECTION('',(0.,0.,1.));
#3371 = ADVANCED_FACE('',(#3372),#3390,.T.);
#3372 = FACE_BOUND('',#3373,.T.);
#3373 = EDGE_LOOP('',(#3374,#3375,#3376,#3384));
#3374 = ORIENTED_EDGE('',*,*,#2355,.F.);
#3375 = ORIENTED_EDGE('',*,*,#3336,.T.);
#3376 = ORIENTED_EDGE('',*,*,#3377,.T.);
#3377 = EDGE_CURVE('',#3337,#3378,#3380,.T.);
#3378 = VERTEX_POINT('',#3379);
#3379 = CARTESIAN_POINT('',(1.041E+03,39.5,4.));
#3380 = LINE('',#3381,#3382);
#3381 = CARTESIAN_POINT('',(1.031E+03,39.5,4.));
#3382 = VECTOR('',#3383,1.);
#3383 = DIRECTION('',(1.,0.,0.));
#3384 = ORIENTED_EDGE('',*,*,#3385,.F.);
#3385 = EDGE_CURVE('',#2356,#3378,#3386,.T.);
#3386 = LINE('',#3387,#3388);
#3387 = CARTESIAN_POINT('',(1.041E+03,39.5,1.5));
#3388 = VECTOR('',#3389,1.);
#3389 = DIRECTION('',(0.,0.,1.));
#3390 = PLANE('',#3391);
#3391 = AXIS2_PLACEMENT_3D('',#3392,#3393,#3394);
#3392 = CARTESIAN_POINT('',(1.031E+03,39.5,1.5));
#3393 = DIRECTION('',(0.,1.,0.));
#3394 = DIRECTION('',(0.,0.,1.));
#3395 = ADVANCED_FACE('',(#3396),#3407,.F.);
#3396 = FACE_BOUND('',#3397,.F.);
#3397 = EDGE_LOOP('',(#3398,#3399,#3405,#3406));
#3398 = ORIENTED_EDGE('',*,*,#2897,.F.);
#3399 = ORIENTED_EDGE('',*,*,#3400,.F.);
#3400 = EDGE_CURVE('',#2395,#2898,#3401,.T.);
#3401 = LINE('',#3402,#3403);
#3402 = CARTESIAN_POINT('',(1.031E+03,-39.5,1.5));
#3403 = VECTOR('',#3404,1.);
#3404 = DIRECTION('',(0.,0.,1.));
#3405 = ORIENTED_EDGE('',*,*,#2402,.T.);
#3406 = ORIENTED_EDGE('',*,*,#3361,.T.);
#3407 = PLANE('',#3408);
#3408 = AXIS2_PLACEMENT_3D('',#3409,#3410,#3411);
#3409 = CARTESIAN_POINT('',(1.031E+03,-39.5,1.5));
#3410 = DIRECTION('',(1.,0.,0.));
#3411 = DIRECTION('',(0.,0.,1.));
#3412 = ADVANCED_FACE('',(#3413),#3431,.T.);
#3413 = FACE_BOUND('',#3414,.T.);
#3414 = EDGE_LOOP('',(#3415,#3423,#3424,#3425));
#3415 = ORIENTED_EDGE('',*,*,#3416,.T.);
#3416 = EDGE_CURVE('',#3417,#2364,#3419,.T.);
#3417 = VERTEX_POINT('',#3418);
#3418 = CARTESIAN_POINT('',(1.041E+03,24.,4.));
#3419 = LINE('',#3420,#3421);
#3420 = CARTESIAN_POINT('',(1.041E+03,24.,1.5));
#3421 = VECTOR('',#3422,1.);
#3422 = DIRECTION('',(0.,0.,-1.));
#3423 = ORIENTED_EDGE('',*,*,#2363,.T.);
#3424 = ORIENTED_EDGE('',*,*,#3385,.T.);
#3425 = ORIENTED_EDGE('',*,*,#3426,.F.);
#3426 = EDGE_CURVE('',#3417,#3378,#3427,.T.);
#3427 = LINE('',#3428,#3429);
#3428 = CARTESIAN_POINT('',(1.041E+03,21.5,4.));
#3429 = VECTOR('',#3430,1.);
#3430 = DIRECTION('',(0.,1.,0.));
#3431 = PLANE('',#3432);
#3432 = AXIS2_PLACEMENT_3D('',#3433,#3434,#3435);
#3433 = CARTESIAN_POINT('',(1.041E+03,21.5,1.5));
#3434 = DIRECTION('',(1.,0.,0.));
#3435 = DIRECTION('',(0.,0.,1.));
#3436 = ADVANCED_FACE('',(#3437),#3443,.F.);
#3437 = FACE_BOUND('',#3438,.F.);
#3438 = EDGE_LOOP('',(#3439,#3440,#3441,#3442));
#3439 = ORIENTED_EDGE('',*,*,#2394,.F.);
#3440 = ORIENTED_EDGE('',*,*,#3400,.T.);
#3441 = ORIENTED_EDGE('',*,*,#2905,.T.);
#3442 = ORIENTED_EDGE('',*,*,#2997,.F.);
#3443 = PLANE('',#3444);
#3444 = AXIS2_PLACEMENT_3D('',#3445,#3446,#3447);
#3445 = CARTESIAN_POINT('',(1.031E+03,-39.5,1.5));
#3446 = DIRECTION('',(0.,1.,0.));
#3447 = DIRECTION('',(0.,0.,1.));
#3448 = ADVANCED_FACE('',(#3449),#3460,.F.);
#3449 = FACE_BOUND('',#3450,.T.);
#3450 = EDGE_LOOP('',(#3451,#3452,#3458,#3459));
#3451 = ORIENTED_EDGE('',*,*,#2472,.T.);
#3452 = ORIENTED_EDGE('',*,*,#3453,.T.);
#3453 = EDGE_CURVE('',#2473,#2946,#3454,.T.);
#3454 = LINE('',#3455,#3456);
#3455 = CARTESIAN_POINT('',(1.0377E+03,-35.5,-1.));
#3456 = VECTOR('',#3457,1.);
#3457 = DIRECTION('',(0.,0.,1.));
#3458 = ORIENTED_EDGE('',*,*,#2945,.F.);
#3459 = ORIENTED_EDGE('',*,*,#3453,.F.);
#3460 = CYLINDRICAL_SURFACE('',#3461,1.7);
#3461 = AXIS2_PLACEMENT_3D('',#3462,#3463,#3464);
#3462 = CARTESIAN_POINT('',(1.036E+03,-35.5,-1.));
#3463 = DIRECTION('',(-0.,-0.,-1.));
#3464 = DIRECTION('',(1.,0.,0.));
#3465 = ADVANCED_FACE('',(#3466),#3472,.T.);
#3466 = FACE_BOUND('',#3467,.T.);
#3467 = EDGE_LOOP('',(#3468,#3469,#3470,#3471));
#3468 = ORIENTED_EDGE('',*,*,#2979,.F.);
#3469 = ORIENTED_EDGE('',*,*,#2492,.F.);
#3470 = ORIENTED_EDGE('',*,*,#2962,.T.);
#3471 = ORIENTED_EDGE('',*,*,#2928,.F.);
#3472 = PLANE('',#3473);
#3473 = AXIS2_PLACEMENT_3D('',#3474,#3475,#3476);
#3474 = CARTESIAN_POINT('',(1.023E+03,-26.,1.));
#3475 = DIRECTION('',(0.,1.,0.));
#3476 = DIRECTION('',(0.,0.,1.));
#3477 = ADVANCED_FACE('',(#3478),#3484,.T.);
#3478 = FACE_BOUND('',#3479,.T.);
#3479 = EDGE_LOOP('',(#3480,#3481,#3482,#3483));
#3480 = ORIENTED_EDGE('',*,*,#2830,.F.);
#3481 = ORIENTED_EDGE('',*,*,#2528,.F.);
#3482 = ORIENTED_EDGE('',*,*,#2813,.T.);
#3483 = ORIENTED_EDGE('',*,*,#2790,.F.);
#3484 = PLANE('',#3485);
#3485 = AXIS2_PLACEMENT_3D('',#3486,#3487,#3488);
#3486 = CARTESIAN_POINT('',(983.,-26.,1.));
#3487 = DIRECTION('',(0.,1.,0.));
#3488 = DIRECTION('',(0.,0.,1.));
#3489 = ADVANCED_FACE('',(#3490),#3515,.F.);
#3490 = FACE_BOUND('',#3491,.F.);
#3491 = EDGE_LOOP('',(#3492,#3500,#3501,#3509));
#3492 = ORIENTED_EDGE('',*,*,#3493,.F.);
#3493 = EDGE_CURVE('',#2547,#3494,#3496,.T.);
#3494 = VERTEX_POINT('',#3495);
#3495 = CARTESIAN_POINT('',(1.032E+03,26.,4.));
#3496 = LINE('',#3497,#3498);
#3497 = CARTESIAN_POINT('',(1.032E+03,26.,1.));
#3498 = VECTOR('',#3499,1.);
#3499 = DIRECTION('',(0.,0.,1.));
#3500 = ORIENTED_EDGE('',*,*,#2544,.F.);
#3501 = ORIENTED_EDGE('',*,*,#3502,.T.);
#3502 = EDGE_CURVE('',#2545,#3503,#3505,.T.);
#3503 = VERTEX_POINT('',#3504);
#3504 = CARTESIAN_POINT('',(1.023E+03,26.,4.));
#3505 = LINE('',#3506,#3507);
#3506 = CARTESIAN_POINT('',(1.023E+03,26.,1.));
#3507 = VECTOR('',#3508,1.);
#3508 = DIRECTION('',(0.,0.,1.));
#3509 = ORIENTED_EDGE('',*,*,#3510,.F.);
#3510 = EDGE_CURVE('',#3494,#3503,#3511,.T.);
#3511 = LINE('',#3512,#3513);
#3512 = CARTESIAN_POINT('',(1.027809859155E+03,26.,4.));
#3513 = VECTOR('',#3514,1.);
#3514 = DIRECTION('',(-1.,0.,0.));
#3515 = PLANE('',#3516);
#3516 = AXIS2_PLACEMENT_3D('',#3517,#3518,#3519);
#3517 = CARTESIAN_POINT('',(1.023E+03,26.,1.));
#3518 = DIRECTION('',(0.,1.,0.));
#3519 = DIRECTION('',(0.,0.,1.));
#3520 = ADVANCED_FACE('',(#3521),#3539,.F.);
#3521 = FACE_BOUND('',#3522,.F.);
#3522 = EDGE_LOOP('',(#3523,#3531,#3537,#3538));
#3523 = ORIENTED_EDGE('',*,*,#3524,.F.);
#3524 = EDGE_CURVE('',#3525,#3494,#3527,.T.);
#3525 = VERTEX_POINT('',#3526);
#3526 = CARTESIAN_POINT('',(1.032E+03,24.,4.));
#3527 = LINE('',#3528,#3529);
#3528 = CARTESIAN_POINT('',(1.032E+03,27.06514084507,4.));
#3529 = VECTOR('',#3530,1.);
#3530 = DIRECTION('',(0.,1.,0.));
#3531 = ORIENTED_EDGE('',*,*,#3532,.F.);
#3532 = EDGE_CURVE('',#2563,#3525,#3533,.T.);
#3533 = LINE('',#3534,#3535);
#3534 = CARTESIAN_POINT('',(1.032E+03,24.,1.));
#3535 = VECTOR('',#3536,1.);
#3536 = DIRECTION('',(0.,0.,1.));
#3537 = ORIENTED_EDGE('',*,*,#2570,.F.);
#3538 = ORIENTED_EDGE('',*,*,#3493,.T.);
#3539 = PLANE('',#3540);
#3540 = AXIS2_PLACEMENT_3D('',#3541,#3542,#3543);
#3541 = CARTESIAN_POINT('',(1.032E+03,24.,1.));
#3542 = DIRECTION('',(1.,0.,0.));
#3543 = DIRECTION('',(0.,0.,1.));
#3544 = ADVANCED_FACE('',(#3545),#3563,.T.);
#3545 = FACE_BOUND('',#3546,.T.);
#3546 = EDGE_LOOP('',(#3547,#3555,#3561,#3562));
#3547 = ORIENTED_EDGE('',*,*,#3548,.F.);
#3548 = EDGE_CURVE('',#3549,#3503,#3551,.T.);
#3549 = VERTEX_POINT('',#3550);
#3550 = CARTESIAN_POINT('',(1.023E+03,24.,4.));
#3551 = LINE('',#3552,#3553);
#3552 = CARTESIAN_POINT('',(1.023E+03,27.06514084507,4.));
#3553 = VECTOR('',#3554,1.);
#3554 = DIRECTION('',(0.,1.,0.));
#3555 = ORIENTED_EDGE('',*,*,#3556,.F.);
#3556 = EDGE_CURVE('',#2555,#3549,#3557,.T.);
#3557 = LINE('',#3558,#3559);
#3558 = CARTESIAN_POINT('',(1.023E+03,24.,1.));
#3559 = VECTOR('',#3560,1.);
#3560 = DIRECTION('',(0.,0.,1.));
#3561 = ORIENTED_EDGE('',*,*,#2554,.F.);
#3562 = ORIENTED_EDGE('',*,*,#3502,.T.);
#3563 = PLANE('',#3564);
#3564 = AXIS2_PLACEMENT_3D('',#3565,#3566,#3567);
#3565 = CARTESIAN_POINT('',(1.023E+03,24.,1.));
#3566 = DIRECTION('',(1.,0.,0.));
#3567 = DIRECTION('',(0.,0.,1.));
#3568 = ADVANCED_FACE('',(#3569),#3588,.F.);
#3569 = FACE_BOUND('',#3570,.T.);
#3570 = EDGE_LOOP('',(#3571,#3572,#3580,#3587));
#3571 = ORIENTED_EDGE('',*,*,#2578,.T.);
#3572 = ORIENTED_EDGE('',*,*,#3573,.T.);
#3573 = EDGE_CURVE('',#2579,#3574,#3576,.T.);
#3574 = VERTEX_POINT('',#3575);
#3575 = CARTESIAN_POINT('',(1.0377E+03,35.5,4.));
#3576 = LINE('',#3577,#3578);
#3577 = CARTESIAN_POINT('',(1.0377E+03,35.5,-1.));
#3578 = VECTOR('',#3579,1.);
#3579 = DIRECTION('',(0.,0.,1.));
#3580 = ORIENTED_EDGE('',*,*,#3581,.F.);
#3581 = EDGE_CURVE('',#3574,#3574,#3582,.T.);
#3582 = CIRCLE('',#3583,1.7);
#3583 = AXIS2_PLACEMENT_3D('',#3584,#3585,#3586);
#3584 = CARTESIAN_POINT('',(1.036E+03,35.5,4.));
#3585 = DIRECTION('',(0.,0.,-1.));
#3586 = DIRECTION('',(1.,0.,0.));
#3587 = ORIENTED_EDGE('',*,*,#3573,.F.);
#3588 = CYLINDRICAL_SURFACE('',#3589,1.7);
#3589 = AXIS2_PLACEMENT_3D('',#3590,#3591,#3592);
#3590 = CARTESIAN_POINT('',(1.036E+03,35.5,-1.));
#3591 = DIRECTION('',(-0.,-0.,-1.));
#3592 = DIRECTION('',(1.,0.,0.));
#3593 = ADVANCED_FACE('',(#3594),#3619,.F.);
#3594 = FACE_BOUND('',#3595,.F.);
#3595 = EDGE_LOOP('',(#3596,#3604,#3605,#3613));
#3596 = ORIENTED_EDGE('',*,*,#3597,.F.);
#3597 = EDGE_CURVE('',#2592,#3598,#3600,.T.);
#3598 = VERTEX_POINT('',#3599);
#3599 = CARTESIAN_POINT('',(992.,26.,4.));
#3600 = LINE('',#3601,#3602);
#3601 = CARTESIAN_POINT('',(992.,26.,1.));
#3602 = VECTOR('',#3603,1.);
#3603 = DIRECTION('',(0.,0.,1.));
#3604 = ORIENTED_EDGE('',*,*,#2589,.F.);
#3605 = ORIENTED_EDGE('',*,*,#3606,.T.);
#3606 = EDGE_CURVE('',#2590,#3607,#3609,.T.);
#3607 = VERTEX_POINT('',#3608);
#3608 = CARTESIAN_POINT('',(983.,26.,4.));
#3609 = LINE('',#3610,#3611);
#3610 = CARTESIAN_POINT('',(983.,26.,1.));
#3611 = VECTOR('',#3612,1.);
#3612 = DIRECTION('',(0.,0.,1.));
#3613 = ORIENTED_EDGE('',*,*,#3614,.F.);
#3614 = EDGE_CURVE('',#3598,#3607,#3615,.T.);
#3615 = LINE('',#3616,#3617);
#3616 = CARTESIAN_POINT('',(982.,26.,4.));
#3617 = VECTOR('',#3618,1.);
#3618 = DIRECTION('',(-1.,0.,0.));
#3619 = PLANE('',#3620);
#3620 = AXIS2_PLACEMENT_3D('',#3621,#3622,#3623);
#3621 = CARTESIAN_POINT('',(983.,26.,1.));
#3622 = DIRECTION('',(0.,1.,0.));
#3623 = DIRECTION('',(0.,0.,1.));
#3624 = ADVANCED_FACE('',(#3625),#3643,.T.);
#3625 = FACE_BOUND('',#3626,.T.);
#3626 = EDGE_LOOP('',(#3627,#3635,#3641,#3642));
#3627 = ORIENTED_EDGE('',*,*,#3628,.F.);
#3628 = EDGE_CURVE('',#3629,#3607,#3631,.T.);
#3629 = VERTEX_POINT('',#3630);
#3630 = CARTESIAN_POINT('',(983.,24.,4.));
#3631 = LINE('',#3632,#3633);
#3632 = CARTESIAN_POINT('',(983.,22.75,4.));
#3633 = VECTOR('',#3634,1.);
#3634 = DIRECTION('',(0.,1.,0.));
#3635 = ORIENTED_EDGE('',*,*,#3636,.F.);
#3636 = EDGE_CURVE('',#2600,#3629,#3637,.T.);
#3637 = LINE('',#3638,#3639);
#3638 = CARTESIAN_POINT('',(983.,24.,1.));
#3639 = VECTOR('',#3640,1.);
#3640 = DIRECTION('',(0.,0.,1.));
#3641 = ORIENTED_EDGE('',*,*,#2599,.F.);
#3642 = ORIENTED_EDGE('',*,*,#3606,.T.);
#3643 = PLANE('',#3644);
#3644 = AXIS2_PLACEMENT_3D('',#3645,#3646,#3647);
#3645 = CARTESIAN_POINT('',(983.,24.,1.));
#3646 = DIRECTION('',(1.,0.,0.));
#3647 = DIRECTION('',(0.,0.,1.));
#3648 = ADVANCED_FACE('',(#3649),#3667,.F.);
#3649 = FACE_BOUND('',#3650,.F.);
#3650 = EDGE_LOOP('',(#3651,#3659,#3665,#3666));
#3651 = ORIENTED_EDGE('',*,*,#3652,.F.);
#3652 = EDGE_CURVE('',#3653,#3598,#3655,.T.);
#3653 = VERTEX_POINT('',#3654);
#3654 = CARTESIAN_POINT('',(992.,24.,4.));
#3655 = LINE('',#3656,#3657);
#3656 = CARTESIAN_POINT('',(992.,22.75,4.));
#3657 = VECTOR('',#3658,1.);
#3658 = DIRECTION('',(0.,1.,0.));
#3659 = ORIENTED_EDGE('',*,*,#3660,.F.);
#3660 = EDGE_CURVE('',#2608,#3653,#3661,.T.);
#3661 = LINE('',#3662,#3663);
#3662 = CARTESIAN_POINT('',(992.,24.,1.));
#3663 = VECTOR('',#3664,1.);
#3664 = DIRECTION('',(0.,0.,1.));
#3665 = ORIENTED_EDGE('',*,*,#2615,.F.);
#3666 = ORIENTED_EDGE('',*,*,#3597,.T.);
#3667 = PLANE('',#3668);
#3668 = AXIS2_PLACEMENT_3D('',#3669,#3670,#3671);
#3669 = CARTESIAN_POINT('',(992.,24.,1.));
#3670 = DIRECTION('',(1.,0.,0.));
#3671 = DIRECTION('',(0.,0.,1.));
#3672 = ADVANCED_FACE('',(#3673),#3692,.F.);
#3673 = FACE_BOUND('',#3674,.T.);
#3674 = EDGE_LOOP('',(#3675,#3676,#3684,#3691));
#3675 = ORIENTED_EDGE('',*,*,#2623,.T.);
#3676 = ORIENTED_EDGE('',*,*,#3677,.T.);
#3677 = EDGE_CURVE('',#2624,#3678,#3680,.T.);
#3678 = VERTEX_POINT('',#3679);
#3679 = CARTESIAN_POINT('',(975.7,35.5,4.));
#3680 = LINE('',#3681,#3682);
#3681 = CARTESIAN_POINT('',(975.7,35.5,-1.));
#3682 = VECTOR('',#3683,1.);
#3683 = DIRECTION('',(0.,0.,1.));
#3684 = ORIENTED_EDGE('',*,*,#3685,.F.);
#3685 = EDGE_CURVE('',#3678,#3678,#3686,.T.);
#3686 = CIRCLE('',#3687,1.7);
#3687 = AXIS2_PLACEMENT_3D('',#3688,#3689,#3690);
#3688 = CARTESIAN_POINT('',(974.,35.5,4.));
#3689 = DIRECTION('',(0.,0.,-1.));
#3690 = DIRECTION('',(1.,0.,0.));
#3691 = ORIENTED_EDGE('',*,*,#3677,.F.);
#3692 = CYLINDRICAL_SURFACE('',#3693,1.7);
#3693 = AXIS2_PLACEMENT_3D('',#3694,#3695,#3696);
#3694 = CARTESIAN_POINT('',(974.,35.5,-1.));
#3695 = DIRECTION('',(-0.,-0.,-1.));
#3696 = DIRECTION('',(1.,0.,0.));
#3697 = ADVANCED_FACE('',(#3698),#3716,.T.);
#3698 = FACE_BOUND('',#3699,.T.);
#3699 = EDGE_LOOP('',(#3700,#3708,#3709,#3710));
#3700 = ORIENTED_EDGE('',*,*,#3701,.F.);
#3701 = EDGE_CURVE('',#2696,#3702,#3704,.T.);
#3702 = VERTEX_POINT('',#3703);
#3703 = CARTESIAN_POINT('',(968.,-6.,6.));
#3704 = LINE('',#3705,#3706);
#3705 = CARTESIAN_POINT('',(963.,-6.,6.));
#3706 = VECTOR('',#3707,1.);
#3707 = DIRECTION('',(1.,0.,0.));
#3708 = ORIENTED_EDGE('',*,*,#2695,.T.);
#3709 = ORIENTED_EDGE('',*,*,#3095,.F.);
#3710 = ORIENTED_EDGE('',*,*,#3711,.F.);
#3711 = EDGE_CURVE('',#3702,#3088,#3712,.T.);
#3712 = LINE('',#3713,#3714);
#3713 = CARTESIAN_POINT('',(968.,-6.,6.));
#3714 = VECTOR('',#3715,1.);
#3715 = DIRECTION('',(0.,0.,1.));
#3716 = PLANE('',#3717);
#3717 = AXIS2_PLACEMENT_3D('',#3718,#3719,#3720);
#3718 = CARTESIAN_POINT('',(963.,-6.,6.));
#3719 = DIRECTION('',(0.,1.,0.));
#3720 = DIRECTION('',(0.,0.,1.));
#3721 = ADVANCED_FACE('',(#3722),#3740,.T.);
#3722 = FACE_BOUND('',#3723,.T.);
#3723 = EDGE_LOOP('',(#3724,#3732,#3733,#3734));
#3724 = ORIENTED_EDGE('',*,*,#3725,.F.);
#3725 = EDGE_CURVE('',#2704,#3726,#3728,.T.);
#3726 = VERTEX_POINT('',#3727);
#3727 = CARTESIAN_POINT('',(968.,6.,6.));
#3728 = LINE('',#3729,#3730);
#3729 = CARTESIAN_POINT('',(963.,6.,6.));
#3730 = VECTOR('',#3731,1.);
#3731 = DIRECTION('',(1.,0.,0.));
#3732 = ORIENTED_EDGE('',*,*,#2703,.T.);
#3733 = ORIENTED_EDGE('',*,*,#3701,.T.);
#3734 = ORIENTED_EDGE('',*,*,#3735,.T.);
#3735 = EDGE_CURVE('',#3702,#3726,#3736,.T.);
#3736 = LINE('',#3737,#3738);
#3737 = CARTESIAN_POINT('',(968.,-6.,6.));
#3738 = VECTOR('',#3739,1.);
#3739 = DIRECTION('',(0.,1.,0.));
#3740 = PLANE('',#3741);
#3741 = AXIS2_PLACEMENT_3D('',#3742,#3743,#3744);
#3742 = CARTESIAN_POINT('',(963.,-6.,6.));
#3743 = DIRECTION('',(0.,0.,1.));
#3744 = DIRECTION('',(1.,0.,0.));
#3745 = ADVANCED_FACE('',(#3746),#3757,.F.);
#3746 = FACE_BOUND('',#3747,.F.);
#3747 = EDGE_LOOP('',(#3748,#3749,#3750,#3751));
#3748 = ORIENTED_EDGE('',*,*,#3725,.F.);
#3749 = ORIENTED_EDGE('',*,*,#2711,.T.);
#3750 = ORIENTED_EDGE('',*,*,#3047,.F.);
#3751 = ORIENTED_EDGE('',*,*,#3752,.F.);
#3752 = EDGE_CURVE('',#3726,#3048,#3753,.T.);
#3753 = LINE('',#3754,#3755);
#3754 = CARTESIAN_POINT('',(968.,6.,6.));
#3755 = VECTOR('',#3756,1.);
#3756 = DIRECTION('',(0.,0.,1.));
#3757 = PLANE('',#3758);
#3758 = AXIS2_PLACEMENT_3D('',#3759,#3760,#3761);
#3759 = CARTESIAN_POINT('',(963.,6.,6.));
#3760 = DIRECTION('',(0.,1.,0.));
#3761 = DIRECTION('',(0.,0.,1.));
#3762 = ADVANCED_FACE('',(#3763),#3792,.T.);
#3763 = FACE_BOUND('',#3764,.T.);
#3764 = EDGE_LOOP('',(#3765,#3773,#3781,#3787,#3788,#3789,#3790,#3791));
#3765 = ORIENTED_EDGE('',*,*,#3766,.F.);
#3766 = EDGE_CURVE('',#3767,#3080,#3769,.T.);
#3767 = VERTEX_POINT('',#3768);
#3768 = CARTESIAN_POINT('',(968.,-21.,4.));
#3769 = LINE('',#3770,#3771);
#3770 = CARTESIAN_POINT('',(968.,-21.,3.));
#3771 = VECTOR('',#3772,1.);
#3772 = DIRECTION('',(0.,0.,1.));
#3773 = ORIENTED_EDGE('',*,*,#3774,.T.);
#3774 = EDGE_CURVE('',#3767,#3775,#3777,.T.);
#3775 = VERTEX_POINT('',#3776);
#3776 = CARTESIAN_POINT('',(968.,21.,4.));
#3777 = LINE('',#3778,#3779);
#3778 = CARTESIAN_POINT('',(968.,-22.5,4.));
#3779 = VECTOR('',#3780,1.);
#3780 = DIRECTION('',(0.,1.,0.));
#3781 = ORIENTED_EDGE('',*,*,#3782,.T.);
#3782 = EDGE_CURVE('',#3775,#3056,#3783,.T.);
#3783 = LINE('',#3784,#3785);
#3784 = CARTESIAN_POINT('',(968.,21.,3.));
#3785 = VECTOR('',#3786,1.);
#3786 = DIRECTION('',(0.,0.,1.));
#3787 = ORIENTED_EDGE('',*,*,#3055,.F.);
#3788 = ORIENTED_EDGE('',*,*,#3752,.F.);
#3789 = ORIENTED_EDGE('',*,*,#3735,.F.);
#3790 = ORIENTED_EDGE('',*,*,#3711,.T.);
#3791 = ORIENTED_EDGE('',*,*,#3087,.F.);
#3792 = PLANE('',#3793);
#3793 = AXIS2_PLACEMENT_3D('',#3794,#3795,#3796);
#3794 = CARTESIAN_POINT('',(968.,-21.,3.));
#3795 = DIRECTION('',(1.,0.,0.));
#3796 = DIRECTION('',(0.,0.,1.));
#3797 = ADVANCED_FACE('',(#3798),#3816,.T.);
#3798 = FACE_BOUND('',#3799,.T.);
#3799 = EDGE_LOOP('',(#3800,#3808,#3814,#3815));
#3800 = ORIENTED_EDGE('',*,*,#3801,.F.);
#3801 = EDGE_CURVE('',#3802,#3072,#3804,.T.);
#3802 = VERTEX_POINT('',#3803);
#3803 = CARTESIAN_POINT('',(1.042E+03,-21.,4.));
#3804 = LINE('',#3805,#3806);
#3805 = CARTESIAN_POINT('',(1.042E+03,-21.,3.));
#3806 = VECTOR('',#3807,1.);
#3807 = DIRECTION('',(0.,0.,1.));
#3808 = ORIENTED_EDGE('',*,*,#3809,.T.);
#3809 = EDGE_CURVE('',#3802,#3767,#3810,.T.);
#3810 = LINE('',#3811,#3812);
#3811 = CARTESIAN_POINT('',(966.5,-21.,4.));
#3812 = VECTOR('',#3813,1.);
#3813 = DIRECTION('',(-1.,0.,0.));
#3814 = ORIENTED_EDGE('',*,*,#3766,.T.);
#3815 = ORIENTED_EDGE('',*,*,#3079,.F.);
#3816 = PLANE('',#3817);
#3817 = AXIS2_PLACEMENT_3D('',#3818,#3819,#3820);
#3818 = CARTESIAN_POINT('',(968.,-21.,3.));
#3819 = DIRECTION('',(0.,1.,0.));
#3820 = DIRECTION('',(0.,0.,1.));
#3821 = ADVANCED_FACE('',(#3822),#3840,.F.);
#3822 = FACE_BOUND('',#3823,.F.);
#3823 = EDGE_LOOP('',(#3824,#3825,#3833,#3839));
#3824 = ORIENTED_EDGE('',*,*,#3801,.F.);
#3825 = ORIENTED_EDGE('',*,*,#3826,.T.);
#3826 = EDGE_CURVE('',#3802,#3827,#3829,.T.);
#3827 = VERTEX_POINT('',#3828);
#3828 = CARTESIAN_POINT('',(1.042E+03,21.,4.));
#3829 = LINE('',#3830,#3831);
#3830 = CARTESIAN_POINT('',(1.042E+03,-22.5,4.));
#3831 = VECTOR('',#3832,1.);
#3832 = DIRECTION('',(0.,1.,0.));
#3833 = ORIENTED_EDGE('',*,*,#3834,.T.);
#3834 = EDGE_CURVE('',#3827,#3064,#3835,.T.);
#3835 = LINE('',#3836,#3837);
#3836 = CARTESIAN_POINT('',(1.042E+03,21.,3.));
#3837 = VECTOR('',#3838,1.);
#3838 = DIRECTION('',(0.,0.,1.));
#3839 = ORIENTED_EDGE('',*,*,#3071,.F.);
#3840 = PLANE('',#3841);
#3841 = AXIS2_PLACEMENT_3D('',#3842,#3843,#3844);
#3842 = CARTESIAN_POINT('',(1.042E+03,-21.,3.));
#3843 = DIRECTION('',(1.,0.,0.));
#3844 = DIRECTION('',(0.,0.,1.));
#3845 = ADVANCED_FACE('',(#3846),#3857,.F.);
#3846 = FACE_BOUND('',#3847,.F.);
#3847 = EDGE_LOOP('',(#3848,#3849,#3855,#3856));
#3848 = ORIENTED_EDGE('',*,*,#3834,.F.);
#3849 = ORIENTED_EDGE('',*,*,#3850,.T.);
#3850 = EDGE_CURVE('',#3827,#3775,#3851,.T.);
#3851 = LINE('',#3852,#3853);
#3852 = CARTESIAN_POINT('',(966.5,21.,4.));
#3853 = VECTOR('',#3854,1.);
#3854 = DIRECTION('',(-1.,0.,0.));
#3855 = ORIENTED_EDGE('',*,*,#3782,.T.);
#3856 = ORIENTED_EDGE('',*,*,#3063,.F.);
#3857 = PLANE('',#3858);
#3858 = AXIS2_PLACEMENT_3D('',#3859,#3860,#3861);
#3859 = CARTESIAN_POINT('',(968.,21.,3.));
#3860 = DIRECTION('',(0.,1.,0.));
#3861 = DIRECTION('',(0.,0.,1.));
#3862 = ADVANCED_FACE('',(#3863,#3874),#3877,.T.);
#3863 = FACE_BOUND('',#3864,.T.);
#3864 = EDGE_LOOP('',(#3865,#3866,#3872,#3873));
#3865 = ORIENTED_EDGE('',*,*,#3126,.F.);
#3866 = ORIENTED_EDGE('',*,*,#3867,.T.);
#3867 = EDGE_CURVE('',#3110,#3165,#3868,.T.);
#3868 = LINE('',#3869,#3870);
#3869 = CARTESIAN_POINT('',(965.,24.,4.));
#3870 = VECTOR('',#3871,1.);
#3871 = DIRECTION('',(1.,0.,0.));
#3872 = ORIENTED_EDGE('',*,*,#3174,.T.);
#3873 = ORIENTED_EDGE('',*,*,#3142,.F.);
#3874 = FACE_BOUND('',#3875,.T.);
#3875 = EDGE_LOOP('',(#3876));
#3876 = ORIENTED_EDGE('',*,*,#3685,.T.);
#3877 = PLANE('',#3878);
#3878 = AXIS2_PLACEMENT_3D('',#3879,#3880,#3881);
#3879 = CARTESIAN_POINT('',(969.,21.5,4.));
#3880 = DIRECTION('',(0.,0.,1.));
#3881 = DIRECTION('',(1.,0.,0.));
#3882 = ADVANCED_FACE('',(#3883),#3903,.T.);
#3883 = FACE_BOUND('',#3884,.T.);
#3884 = EDGE_LOOP('',(#3885,#3886,#3892,#3893,#3894,#3895,#3901,#3902));
#3885 = ORIENTED_EDGE('',*,*,#3205,.F.);
#3886 = ORIENTED_EDGE('',*,*,#3887,.T.);
#3887 = EDGE_CURVE('',#3189,#3629,#3888,.T.);
#3888 = LINE('',#3889,#3890);
#3889 = CARTESIAN_POINT('',(965.,24.,4.));
#3890 = VECTOR('',#3891,1.);
#3891 = DIRECTION('',(1.,0.,0.));
#3892 = ORIENTED_EDGE('',*,*,#3628,.T.);
#3893 = ORIENTED_EDGE('',*,*,#3614,.F.);
#3894 = ORIENTED_EDGE('',*,*,#3652,.F.);
#3895 = ORIENTED_EDGE('',*,*,#3896,.T.);
#3896 = EDGE_CURVE('',#3653,#3244,#3897,.T.);
#3897 = LINE('',#3898,#3899);
#3898 = CARTESIAN_POINT('',(965.,24.,4.));
#3899 = VECTOR('',#3900,1.);
#3900 = DIRECTION('',(1.,0.,0.));
#3901 = ORIENTED_EDGE('',*,*,#3253,.T.);
#3902 = ORIENTED_EDGE('',*,*,#3221,.F.);
#3903 = PLANE('',#3904);
#3904 = AXIS2_PLACEMENT_3D('',#3905,#3906,#3907);
#3905 = CARTESIAN_POINT('',(981.,21.5,4.));
#3906 = DIRECTION('',(0.,0.,1.));
#3907 = DIRECTION('',(1.,0.,0.));
#3908 = ADVANCED_FACE('',(#3909,#3931),#3934,.T.);
#3909 = FACE_BOUND('',#3910,.T.);
#3910 = EDGE_LOOP('',(#3911,#3912,#3918,#3919,#3920,#3921,#3927,#3928,
    #3929,#3930));
#3911 = ORIENTED_EDGE('',*,*,#3296,.F.);
#3912 = ORIENTED_EDGE('',*,*,#3913,.T.);
#3913 = EDGE_CURVE('',#3280,#3549,#3914,.T.);
#3914 = LINE('',#3915,#3916);
#3915 = CARTESIAN_POINT('',(965.,24.,4.));
#3916 = VECTOR('',#3917,1.);
#3917 = DIRECTION('',(1.,0.,0.));
#3918 = ORIENTED_EDGE('',*,*,#3548,.T.);
#3919 = ORIENTED_EDGE('',*,*,#3510,.F.);
#3920 = ORIENTED_EDGE('',*,*,#3524,.F.);
#3921 = ORIENTED_EDGE('',*,*,#3922,.T.);
#3922 = EDGE_CURVE('',#3525,#3417,#3923,.T.);
#3923 = LINE('',#3924,#3925);
#3924 = CARTESIAN_POINT('',(965.,24.,4.));
#3925 = VECTOR('',#3926,1.);
#3926 = DIRECTION('',(1.,0.,0.));
#3927 = ORIENTED_EDGE('',*,*,#3426,.T.);
#3928 = ORIENTED_EDGE('',*,*,#3377,.F.);
#3929 = ORIENTED_EDGE('',*,*,#3344,.F.);
#3930 = ORIENTED_EDGE('',*,*,#3312,.F.);
#3931 = FACE_BOUND('',#3932,.T.);
#3932 = EDGE_LOOP('',(#3933));
#3933 = ORIENTED_EDGE('',*,*,#3581,.T.);
#3934 = PLANE('',#3935);
#3935 = AXIS2_PLACEMENT_3D('',#3936,#3937,#3938);
#3936 = CARTESIAN_POINT('',(1.03261971831E+03,30.130281690141,4.));
#3937 = DIRECTION('',(0.,0.,1.));
#3938 = DIRECTION('',(1.,0.,0.));
#3939 = ADVANCED_FACE('',(#3940),#3946,.T.);
#3940 = FACE_BOUND('',#3941,.T.);
#3941 = EDGE_LOOP('',(#3942,#3943,#3944,#3945));
#3942 = ORIENTED_EDGE('',*,*,#3809,.F.);
#3943 = ORIENTED_EDGE('',*,*,#3826,.T.);
#3944 = ORIENTED_EDGE('',*,*,#3850,.T.);
#3945 = ORIENTED_EDGE('',*,*,#3774,.F.);
#3946 = PLANE('',#3947);
#3947 = AXIS2_PLACEMENT_3D('',#3948,#3949,#3950);
#3948 = CARTESIAN_POINT('',(965.,-24.,4.));
#3949 = DIRECTION('',(0.,0.,1.));
#3950 = DIRECTION('',(1.,0.,0.));
#3951 = ADVANCED_FACE('',(#3952),#3978,.T.);
#3952 = FACE_BOUND('',#3953,.T.);
#3953 = EDGE_LOOP('',(#3954,#3955,#3956,#3957,#3958,#3959,#3960,#3961,
    #3962,#3963,#3964,#3965,#3966,#3967,#3968,#3969,#3970,#3971,#3972,
    #3973,#3974,#3975,#3976,#3977));
#3954 = ORIENTED_EDGE('',*,*,#2257,.F.);
#3955 = ORIENTED_EDGE('',*,*,#2727,.T.);
#3956 = ORIENTED_EDGE('',*,*,#3040,.T.);
#3957 = ORIENTED_EDGE('',*,*,#3015,.F.);
#3958 = ORIENTED_EDGE('',*,*,#2371,.F.);
#3959 = ORIENTED_EDGE('',*,*,#3416,.F.);
#3960 = ORIENTED_EDGE('',*,*,#3922,.F.);
#3961 = ORIENTED_EDGE('',*,*,#3532,.F.);
#3962 = ORIENTED_EDGE('',*,*,#2562,.F.);
#3963 = ORIENTED_EDGE('',*,*,#3556,.T.);
#3964 = ORIENTED_EDGE('',*,*,#3913,.F.);
#3965 = ORIENTED_EDGE('',*,*,#3279,.T.);
#3966 = ORIENTED_EDGE('',*,*,#2323,.F.);
#3967 = ORIENTED_EDGE('',*,*,#3243,.F.);
#3968 = ORIENTED_EDGE('',*,*,#3896,.F.);
#3969 = ORIENTED_EDGE('',*,*,#3660,.F.);
#3970 = ORIENTED_EDGE('',*,*,#2607,.F.);
#3971 = ORIENTED_EDGE('',*,*,#3636,.T.);
#3972 = ORIENTED_EDGE('',*,*,#3887,.F.);
#3973 = ORIENTED_EDGE('',*,*,#3188,.T.);
#3974 = ORIENTED_EDGE('',*,*,#2291,.F.);
#3975 = ORIENTED_EDGE('',*,*,#3164,.F.);
#3976 = ORIENTED_EDGE('',*,*,#3867,.F.);
#3977 = ORIENTED_EDGE('',*,*,#3109,.T.);
#3978 = PLANE('',#3979);
#3979 = AXIS2_PLACEMENT_3D('',#3980,#3981,#3982);
#3980 = CARTESIAN_POINT('',(1.004566831683E+03,24.,5.688118811881));
#3981 = DIRECTION('',(0.,1.,0.));
#3982 = DIRECTION('',(0.,0.,1.));
#3983 = MANIFOLD_SOLID_BREP('',#3984);
#3984 = CLOSED_SHELL('',(#3985,#4018,#4027,#4047,#4072));
#3985 = ADVANCED_FACE('',(#3986),#4013,.T.);
#3986 = FACE_BOUND('',#3987,.F.);
#3987 = EDGE_LOOP('',(#3988,#3998,#4005,#4006));
#3988 = ORIENTED_EDGE('',*,*,#3989,.T.);
#3989 = EDGE_CURVE('',#3990,#3992,#3994,.T.);
#3990 = VERTEX_POINT('',#3991);
#3991 = CARTESIAN_POINT('',(857.5,-35.5,-6.5));
#3992 = VERTEX_POINT('',#3993);
#3993 = CARTESIAN_POINT('',(857.5,-35.5,3.5));
#3994 = LINE('',#3995,#3996);
#3995 = CARTESIAN_POINT('',(857.5,-35.5,-6.5));
#3996 = VECTOR('',#3997,1.);
#3997 = DIRECTION('',(0.,0.,1.));
#3998 = ORIENTED_EDGE('',*,*,#3999,.T.);
#3999 = EDGE_CURVE('',#3992,#3992,#4000,.T.);
#4000 = CIRCLE('',#4001,1.5);
#4001 = AXIS2_PLACEMENT_3D('',#4002,#4003,#4004);
#4002 = CARTESIAN_POINT('',(856.,-35.5,3.5));
#4003 = DIRECTION('',(0.,0.,1.));
#4004 = DIRECTION('',(1.,0.,0.));
#4005 = ORIENTED_EDGE('',*,*,#3989,.F.);
#4006 = ORIENTED_EDGE('',*,*,#4007,.F.);
#4007 = EDGE_CURVE('',#3990,#3990,#4008,.T.);
#4008 = CIRCLE('',#4009,1.5);
#4009 = AXIS2_PLACEMENT_3D('',#4010,#4011,#4012);
#4010 = CARTESIAN_POINT('',(856.,-35.5,-6.5));
#4011 = DIRECTION('',(0.,0.,1.));
#4012 = DIRECTION('',(1.,0.,0.));
#4013 = CYLINDRICAL_SURFACE('',#4014,1.5);
#4014 = AXIS2_PLACEMENT_3D('',#4015,#4016,#4017);
#4015 = CARTESIAN_POINT('',(856.,-35.5,-6.5));
#4016 = DIRECTION('',(-0.,-0.,-1.));
#4017 = DIRECTION('',(1.,0.,0.));
#4018 = ADVANCED_FACE('',(#4019),#4022,.F.);
#4019 = FACE_BOUND('',#4020,.T.);
#4020 = EDGE_LOOP('',(#4021));
#4021 = ORIENTED_EDGE('',*,*,#4007,.F.);
#4022 = PLANE('',#4023);
#4023 = AXIS2_PLACEMENT_3D('',#4024,#4025,#4026);
#4024 = CARTESIAN_POINT('',(856.,-35.5,-6.5));
#4025 = DIRECTION('',(0.,0.,1.));
#4026 = DIRECTION('',(1.,0.,0.));
#4027 = ADVANCED_FACE('',(#4028,#4039),#4042,.F.);
#4028 = FACE_BOUND('',#4029,.F.);
#4029 = EDGE_LOOP('',(#4030));
#4030 = ORIENTED_EDGE('',*,*,#4031,.T.);
#4031 = EDGE_CURVE('',#4032,#4032,#4034,.T.);
#4032 = VERTEX_POINT('',#4033);
#4033 = CARTESIAN_POINT('',(858.8,-35.5,3.5));
#4034 = CIRCLE('',#4035,2.8);
#4035 = AXIS2_PLACEMENT_3D('',#4036,#4037,#4038);
#4036 = CARTESIAN_POINT('',(856.,-35.5,3.5));
#4037 = DIRECTION('',(0.,0.,1.));
#4038 = DIRECTION('',(1.,0.,0.));
#4039 = FACE_BOUND('',#4040,.F.);
#4040 = EDGE_LOOP('',(#4041));
#4041 = ORIENTED_EDGE('',*,*,#3999,.F.);
#4042 = PLANE('',#4043);
#4043 = AXIS2_PLACEMENT_3D('',#4044,#4045,#4046);
#4044 = CARTESIAN_POINT('',(856.,-35.5,3.5));
#4045 = DIRECTION('',(0.,0.,1.));
#4046 = DIRECTION('',(1.,0.,0.));
#4047 = ADVANCED_FACE('',(#4048),#4067,.T.);
#4048 = FACE_BOUND('',#4049,.F.);
#4049 = EDGE_LOOP('',(#4050,#4058,#4065,#4066));
#4050 = ORIENTED_EDGE('',*,*,#4051,.T.);
#4051 = EDGE_CURVE('',#4032,#4052,#4054,.T.);
#4052 = VERTEX_POINT('',#4053);
#4053 = CARTESIAN_POINT('',(858.8,-35.5,5.9));
#4054 = LINE('',#4055,#4056);
#4055 = CARTESIAN_POINT('',(858.8,-35.5,3.5));
#4056 = VECTOR('',#4057,1.);
#4057 = DIRECTION('',(0.,0.,1.));
#4058 = ORIENTED_EDGE('',*,*,#4059,.T.);
#4059 = EDGE_CURVE('',#4052,#4052,#4060,.T.);
#4060 = CIRCLE('',#4061,2.8);
#4061 = AXIS2_PLACEMENT_3D('',#4062,#4063,#4064);
#4062 = CARTESIAN_POINT('',(856.,-35.5,5.9));
#4063 = DIRECTION('',(0.,0.,1.));
#4064 = DIRECTION('',(1.,0.,0.));
#4065 = ORIENTED_EDGE('',*,*,#4051,.F.);
#4066 = ORIENTED_EDGE('',*,*,#4031,.F.);
#4067 = CYLINDRICAL_SURFACE('',#4068,2.8);
#4068 = AXIS2_PLACEMENT_3D('',#4069,#4070,#4071);
#4069 = CARTESIAN_POINT('',(856.,-35.5,3.5));
#4070 = DIRECTION('',(-0.,-0.,-1.));
#4071 = DIRECTION('',(1.,0.,0.));
#4072 = ADVANCED_FACE('',(#4073),#4076,.T.);
#4073 = FACE_BOUND('',#4074,.F.);
#4074 = EDGE_LOOP('',(#4075));
#4075 = ORIENTED_EDGE('',*,*,#4059,.F.);
#4076 = PLANE('',#4077);
#4077 = AXIS2_PLACEMENT_3D('',#4078,#4079,#4080);
#4078 = CARTESIAN_POINT('',(856.,-35.5,5.9));
#4079 = DIRECTION('',(0.,0.,1.));
#4080 = DIRECTION('',(1.,0.,0.));
#4081 = MANIFOLD_SOLID_BREP('',#4082);
#4082 = CLOSED_SHELL('',(#4083,#4116,#4136,#4156));
#4083 = ADVANCED_FACE('',(#4084),#4111,.T.);
#4084 = FACE_BOUND('',#4085,.F.);
#4085 = EDGE_LOOP('',(#4086,#4096,#4103,#4104));
#4086 = ORIENTED_EDGE('',*,*,#4087,.T.);
#4087 = EDGE_CURVE('',#4088,#4090,#4092,.T.);
#4088 = VERTEX_POINT('',#4089);
#4089 = CARTESIAN_POINT('',(859.2,-35.5,-6.5));
#4090 = VERTEX_POINT('',#4091);
#4091 = CARTESIAN_POINT('',(859.2,-35.5,-4.));
#4092 = LINE('',#4093,#4094);
#4093 = CARTESIAN_POINT('',(859.2,-35.5,-6.5));
#4094 = VECTOR('',#4095,1.);
#4095 = DIRECTION('',(0.,0.,1.));
#4096 = ORIENTED_EDGE('',*,*,#4097,.T.);
#4097 = EDGE_CURVE('',#4090,#4090,#4098,.T.);
#4098 = CIRCLE('',#4099,3.2);
#4099 = AXIS2_PLACEMENT_3D('',#4100,#4101,#4102);
#4100 = CARTESIAN_POINT('',(856.,-35.5,-4.));
#4101 = DIRECTION('',(0.,0.,1.));
#4102 = DIRECTION('',(1.,0.,0.));
#4103 = ORIENTED_EDGE('',*,*,#4087,.F.);
#4104 = ORIENTED_EDGE('',*,*,#4105,.F.);
#4105 = EDGE_CURVE('',#4088,#4088,#4106,.T.);
#4106 = CIRCLE('',#4107,3.2);
#4107 = AXIS2_PLACEMENT_3D('',#4108,#4109,#4110);
#4108 = CARTESIAN_POINT('',(856.,-35.5,-6.5));
#4109 = DIRECTION('',(0.,0.,1.));
#4110 = DIRECTION('',(1.,0.,0.));
#4111 = CYLINDRICAL_SURFACE('',#4112,3.2);
#4112 = AXIS2_PLACEMENT_3D('',#4113,#4114,#4115);
#4113 = CARTESIAN_POINT('',(856.,-35.5,-6.5));
#4114 = DIRECTION('',(-0.,-0.,-1.));
#4115 = DIRECTION('',(1.,0.,0.));
#4116 = ADVANCED_FACE('',(#4117,#4120),#4131,.F.);
#4117 = FACE_BOUND('',#4118,.F.);
#4118 = EDGE_LOOP('',(#4119));
#4119 = ORIENTED_EDGE('',*,*,#4105,.T.);
#4120 = FACE_BOUND('',#4121,.F.);
#4121 = EDGE_LOOP('',(#4122));
#4122 = ORIENTED_EDGE('',*,*,#4123,.T.);
#4123 = EDGE_CURVE('',#4124,#4124,#4126,.T.);
#4124 = VERTEX_POINT('',#4125);
#4125 = CARTESIAN_POINT('',(857.7,-35.5,-6.5));
#4126 = CIRCLE('',#4127,1.7);
#4127 = AXIS2_PLACEMENT_3D('',#4128,#4129,#4130);
#4128 = CARTESIAN_POINT('',(856.,-35.5,-6.5));
#4129 = DIRECTION('',(0.,0.,-1.));
#4130 = DIRECTION('',(1.,0.,0.));
#4131 = PLANE('',#4132);
#4132 = AXIS2_PLACEMENT_3D('',#4133,#4134,#4135);
#4133 = CARTESIAN_POINT('',(856.,-35.5,-6.5));
#4134 = DIRECTION('',(0.,0.,1.));
#4135 = DIRECTION('',(1.,0.,0.));
#4136 = ADVANCED_FACE('',(#4137,#4140),#4151,.T.);
#4137 = FACE_BOUND('',#4138,.T.);
#4138 = EDGE_LOOP('',(#4139));
#4139 = ORIENTED_EDGE('',*,*,#4097,.T.);
#4140 = FACE_BOUND('',#4141,.T.);
#4141 = EDGE_LOOP('',(#4142));
#4142 = ORIENTED_EDGE('',*,*,#4143,.T.);
#4143 = EDGE_CURVE('',#4144,#4144,#4146,.T.);
#4144 = VERTEX_POINT('',#4145);
#4145 = CARTESIAN_POINT('',(857.7,-35.5,-4.));
#4146 = CIRCLE('',#4147,1.7);
#4147 = AXIS2_PLACEMENT_3D('',#4148,#4149,#4150);
#4148 = CARTESIAN_POINT('',(856.,-35.5,-4.));
#4149 = DIRECTION('',(0.,0.,-1.));
#4150 = DIRECTION('',(1.,0.,0.));
#4151 = PLANE('',#4152);
#4152 = AXIS2_PLACEMENT_3D('',#4153,#4154,#4155);
#4153 = CARTESIAN_POINT('',(856.,-35.5,-4.));
#4154 = DIRECTION('',(0.,0.,1.));
#4155 = DIRECTION('',(1.,0.,0.));
#4156 = ADVANCED_FACE('',(#4157),#4168,.F.);
#4157 = FACE_BOUND('',#4158,.T.);
#4158 = EDGE_LOOP('',(#4159,#4160,#4166,#4167));
#4159 = ORIENTED_EDGE('',*,*,#4123,.T.);
#4160 = ORIENTED_EDGE('',*,*,#4161,.T.);
#4161 = EDGE_CURVE('',#4124,#4144,#4162,.T.);
#4162 = LINE('',#4163,#4164);
#4163 = CARTESIAN_POINT('',(857.7,-35.5,-7.));
#4164 = VECTOR('',#4165,1.);
#4165 = DIRECTION('',(0.,0.,1.));
#4166 = ORIENTED_EDGE('',*,*,#4143,.F.);
#4167 = ORIENTED_EDGE('',*,*,#4161,.F.);
#4168 = CYLINDRICAL_SURFACE('',#4169,1.7);
#4169 = AXIS2_PLACEMENT_3D('',#4170,#4171,#4172);
#4170 = CARTESIAN_POINT('',(856.,-35.5,-7.));
#4171 = DIRECTION('',(-0.,-0.,-1.));
#4172 = DIRECTION('',(1.,0.,0.));
#4173 = MANIFOLD_SOLID_BREP('',#4174);
#4174 = CLOSED_SHELL('',(#4175,#4208,#4217,#4237,#4262));
#4175 = ADVANCED_FACE('',(#4176),#4203,.T.);
#4176 = FACE_BOUND('',#4177,.F.);
#4177 = EDGE_LOOP('',(#4178,#4188,#4195,#4196));
#4178 = ORIENTED_EDGE('',*,*,#4179,.T.);
#4179 = EDGE_CURVE('',#4180,#4182,#4184,.T.);
#4180 = VERTEX_POINT('',#4181);
#4181 = CARTESIAN_POINT('',(857.5,35.5,-6.5));
#4182 = VERTEX_POINT('',#4183);
#4183 = CARTESIAN_POINT('',(857.5,35.5,3.5));
#4184 = LINE('',#4185,#4186);
#4185 = CARTESIAN_POINT('',(857.5,35.5,-6.5));
#4186 = VECTOR('',#4187,1.);
#4187 = DIRECTION('',(0.,0.,1.));
#4188 = ORIENTED_EDGE('',*,*,#4189,.T.);
#4189 = EDGE_CURVE('',#4182,#4182,#4190,.T.);
#4190 = CIRCLE('',#4191,1.5);
#4191 = AXIS2_PLACEMENT_3D('',#4192,#4193,#4194);
#4192 = CARTESIAN_POINT('',(856.,35.5,3.5));
#4193 = DIRECTION('',(0.,0.,1.));
#4194 = DIRECTION('',(1.,0.,0.));
#4195 = ORIENTED_EDGE('',*,*,#4179,.F.);
#4196 = ORIENTED_EDGE('',*,*,#4197,.F.);
#4197 = EDGE_CURVE('',#4180,#4180,#4198,.T.);
#4198 = CIRCLE('',#4199,1.5);
#4199 = AXIS2_PLACEMENT_3D('',#4200,#4201,#4202);
#4200 = CARTESIAN_POINT('',(856.,35.5,-6.5));
#4201 = DIRECTION('',(0.,0.,1.));
#4202 = DIRECTION('',(1.,0.,0.));
#4203 = CYLINDRICAL_SURFACE('',#4204,1.5);
#4204 = AXIS2_PLACEMENT_3D('',#4205,#4206,#4207);
#4205 = CARTESIAN_POINT('',(856.,35.5,-6.5));
#4206 = DIRECTION('',(-0.,-0.,-1.));
#4207 = DIRECTION('',(1.,0.,0.));
#4208 = ADVANCED_FACE('',(#4209),#4212,.F.);
#4209 = FACE_BOUND('',#4210,.T.);
#4210 = EDGE_LOOP('',(#4211));
#4211 = ORIENTED_EDGE('',*,*,#4197,.F.);
#4212 = PLANE('',#4213);
#4213 = AXIS2_PLACEMENT_3D('',#4214,#4215,#4216);
#4214 = CARTESIAN_POINT('',(856.,35.5,-6.5));
#4215 = DIRECTION('',(0.,0.,1.));
#4216 = DIRECTION('',(1.,0.,0.));
#4217 = ADVANCED_FACE('',(#4218,#4229),#4232,.F.);
#4218 = FACE_BOUND('',#4219,.F.);
#4219 = EDGE_LOOP('',(#4220));
#4220 = ORIENTED_EDGE('',*,*,#4221,.T.);
#4221 = EDGE_CURVE('',#4222,#4222,#4224,.T.);
#4222 = VERTEX_POINT('',#4223);
#4223 = CARTESIAN_POINT('',(858.8,35.5,3.5));
#4224 = CIRCLE('',#4225,2.8);
#4225 = AXIS2_PLACEMENT_3D('',#4226,#4227,#4228);
#4226 = CARTESIAN_POINT('',(856.,35.5,3.5));
#4227 = DIRECTION('',(0.,0.,1.));
#4228 = DIRECTION('',(1.,0.,0.));
#4229 = FACE_BOUND('',#4230,.F.);
#4230 = EDGE_LOOP('',(#4231));
#4231 = ORIENTED_EDGE('',*,*,#4189,.F.);
#4232 = PLANE('',#4233);
#4233 = AXIS2_PLACEMENT_3D('',#4234,#4235,#4236);
#4234 = CARTESIAN_POINT('',(856.,35.5,3.5));
#4235 = DIRECTION('',(0.,0.,1.));
#4236 = DIRECTION('',(1.,0.,0.));
#4237 = ADVANCED_FACE('',(#4238),#4257,.T.);
#4238 = FACE_BOUND('',#4239,.F.);
#4239 = EDGE_LOOP('',(#4240,#4248,#4255,#4256));
#4240 = ORIENTED_EDGE('',*,*,#4241,.T.);
#4241 = EDGE_CURVE('',#4222,#4242,#4244,.T.);
#4242 = VERTEX_POINT('',#4243);
#4243 = CARTESIAN_POINT('',(858.8,35.5,5.9));
#4244 = LINE('',#4245,#4246);
#4245 = CARTESIAN_POINT('',(858.8,35.5,3.5));
#4246 = VECTOR('',#4247,1.);
#4247 = DIRECTION('',(0.,0.,1.));
#4248 = ORIENTED_EDGE('',*,*,#4249,.T.);
#4249 = EDGE_CURVE('',#4242,#4242,#4250,.T.);
#4250 = CIRCLE('',#4251,2.8);
#4251 = AXIS2_PLACEMENT_3D('',#4252,#4253,#4254);
#4252 = CARTESIAN_POINT('',(856.,35.5,5.9));
#4253 = DIRECTION('',(0.,0.,1.));
#4254 = DIRECTION('',(1.,0.,0.));
#4255 = ORIENTED_EDGE('',*,*,#4241,.F.);
#4256 = ORIENTED_EDGE('',*,*,#4221,.F.);
#4257 = CYLINDRICAL_SURFACE('',#4258,2.8);
#4258 = AXIS2_PLACEMENT_3D('',#4259,#4260,#4261);
#4259 = CARTESIAN_POINT('',(856.,35.5,3.5));
#4260 = DIRECTION('',(-0.,-0.,-1.));
#4261 = DIRECTION('',(1.,0.,0.));
#4262 = ADVANCED_FACE('',(#4263),#4266,.T.);
#4263 = FACE_BOUND('',#4264,.F.);
#4264 = EDGE_LOOP('',(#4265));
#4265 = ORIENTED_EDGE('',*,*,#4249,.F.);
#4266 = PLANE('',#4267);
#4267 = AXIS2_PLACEMENT_3D('',#4268,#4269,#4270);
#4268 = CARTESIAN_POINT('',(856.,35.5,5.9));
#4269 = DIRECTION('',(0.,0.,1.));
#4270 = DIRECTION('',(1.,0.,0.));
#4271 = MANIFOLD_SOLID_BREP('',#4272);
#4272 = CLOSED_SHELL('',(#4273,#4306,#4326,#4346));
#4273 = ADVANCED_FACE('',(#4274),#4301,.T.);
#4274 = FACE_BOUND('',#4275,.F.);
#4275 = EDGE_LOOP('',(#4276,#4286,#4293,#4294));
#4276 = ORIENTED_EDGE('',*,*,#4277,.T.);
#4277 = EDGE_CURVE('',#4278,#4280,#4282,.T.);
#4278 = VERTEX_POINT('',#4279);
#4279 = CARTESIAN_POINT('',(859.2,35.5,-6.5));
#4280 = VERTEX_POINT('',#4281);
#4281 = CARTESIAN_POINT('',(859.2,35.5,-4.));
#4282 = LINE('',#4283,#4284);
#4283 = CARTESIAN_POINT('',(859.2,35.5,-6.5));
#4284 = VECTOR('',#4285,1.);
#4285 = DIRECTION('',(0.,0.,1.));
#4286 = ORIENTED_EDGE('',*,*,#4287,.T.);
#4287 = EDGE_CURVE('',#4280,#4280,#4288,.T.);
#4288 = CIRCLE('',#4289,3.2);
#4289 = AXIS2_PLACEMENT_3D('',#4290,#4291,#4292);
#4290 = CARTESIAN_POINT('',(856.,35.5,-4.));
#4291 = DIRECTION('',(0.,0.,1.));
#4292 = DIRECTION('',(1.,0.,0.));
#4293 = ORIENTED_EDGE('',*,*,#4277,.F.);
#4294 = ORIENTED_EDGE('',*,*,#4295,.F.);
#4295 = EDGE_CURVE('',#4278,#4278,#4296,.T.);
#4296 = CIRCLE('',#4297,3.2);
#4297 = AXIS2_PLACEMENT_3D('',#4298,#4299,#4300);
#4298 = CARTESIAN_POINT('',(856.,35.5,-6.5));
#4299 = DIRECTION('',(0.,0.,1.));
#4300 = DIRECTION('',(1.,0.,0.));
#4301 = CYLINDRICAL_SURFACE('',#4302,3.2);
#4302 = AXIS2_PLACEMENT_3D('',#4303,#4304,#4305);
#4303 = CARTESIAN_POINT('',(856.,35.5,-6.5));
#4304 = DIRECTION('',(-0.,-0.,-1.));
#4305 = DIRECTION('',(1.,0.,0.));
#4306 = ADVANCED_FACE('',(#4307,#4310),#4321,.F.);
#4307 = FACE_BOUND('',#4308,.F.);
#4308 = EDGE_LOOP('',(#4309));
#4309 = ORIENTED_EDGE('',*,*,#4295,.T.);
#4310 = FACE_BOUND('',#4311,.F.);
#4311 = EDGE_LOOP('',(#4312));
#4312 = ORIENTED_EDGE('',*,*,#4313,.T.);
#4313 = EDGE_CURVE('',#4314,#4314,#4316,.T.);
#4314 = VERTEX_POINT('',#4315);
#4315 = CARTESIAN_POINT('',(857.7,35.5,-6.5));
#4316 = CIRCLE('',#4317,1.7);
#4317 = AXIS2_PLACEMENT_3D('',#4318,#4319,#4320);
#4318 = CARTESIAN_POINT('',(856.,35.5,-6.5));
#4319 = DIRECTION('',(0.,0.,-1.));
#4320 = DIRECTION('',(1.,0.,0.));
#4321 = PLANE('',#4322);
#4322 = AXIS2_PLACEMENT_3D('',#4323,#4324,#4325);
#4323 = CARTESIAN_POINT('',(856.,35.5,-6.5));
#4324 = DIRECTION('',(0.,0.,1.));
#4325 = DIRECTION('',(1.,0.,0.));
#4326 = ADVANCED_FACE('',(#4327,#4330),#4341,.T.);
#4327 = FACE_BOUND('',#4328,.T.);
#4328 = EDGE_LOOP('',(#4329));
#4329 = ORIENTED_EDGE('',*,*,#4287,.T.);
#4330 = FACE_BOUND('',#4331,.T.);
#4331 = EDGE_LOOP('',(#4332));
#4332 = ORIENTED_EDGE('',*,*,#4333,.T.);
#4333 = EDGE_CURVE('',#4334,#4334,#4336,.T.);
#4334 = VERTEX_POINT('',#4335);
#4335 = CARTESIAN_POINT('',(857.7,35.5,-4.));
#4336 = CIRCLE('',#4337,1.7);
#4337 = AXIS2_PLACEMENT_3D('',#4338,#4339,#4340);
#4338 = CARTESIAN_POINT('',(856.,35.5,-4.));
#4339 = DIRECTION('',(0.,0.,-1.));
#4340 = DIRECTION('',(1.,0.,0.));
#4341 = PLANE('',#4342);
#4342 = AXIS2_PLACEMENT_3D('',#4343,#4344,#4345);
#4343 = CARTESIAN_POINT('',(856.,35.5,-4.));
#4344 = DIRECTION('',(0.,0.,1.));
#4345 = DIRECTION('',(1.,0.,0.));
#4346 = ADVANCED_FACE('',(#4347),#4358,.F.);
#4347 = FACE_BOUND('',#4348,.T.);
#4348 = EDGE_LOOP('',(#4349,#4350,#4356,#4357));
#4349 = ORIENTED_EDGE('',*,*,#4313,.T.);
#4350 = ORIENTED_EDGE('',*,*,#4351,.T.);
#4351 = EDGE_CURVE('',#4314,#4334,#4352,.T.);
#4352 = LINE('',#4353,#4354);
#4353 = CARTESIAN_POINT('',(857.7,35.5,-7.));
#4354 = VECTOR('',#4355,1.);
#4355 = DIRECTION('',(0.,0.,1.));
#4356 = ORIENTED_EDGE('',*,*,#4333,.F.);
#4357 = ORIENTED_EDGE('',*,*,#4351,.F.);
#4358 = CYLINDRICAL_SURFACE('',#4359,1.7);
#4359 = AXIS2_PLACEMENT_3D('',#4360,#4361,#4362);
#4360 = CARTESIAN_POINT('',(856.,35.5,-7.));
#4361 = DIRECTION('',(-0.,-0.,-1.));
#4362 = DIRECTION('',(1.,0.,0.));
#4363 = MANIFOLD_SOLID_BREP('',#4364);
#4364 = CLOSED_SHELL('',(#4365,#4398,#4407,#4427,#4452));
#4365 = ADVANCED_FACE('',(#4366),#4393,.T.);
#4366 = FACE_BOUND('',#4367,.F.);
#4367 = EDGE_LOOP('',(#4368,#4378,#4385,#4386));
#4368 = ORIENTED_EDGE('',*,*,#4369,.T.);
#4369 = EDGE_CURVE('',#4370,#4372,#4374,.T.);
#4370 = VERTEX_POINT('',#4371);
#4371 = CARTESIAN_POINT('',(929.5,-35.5,-6.5));
#4372 = VERTEX_POINT('',#4373);
#4373 = CARTESIAN_POINT('',(929.5,-35.5,3.5));
#4374 = LINE('',#4375,#4376);
#4375 = CARTESIAN_POINT('',(929.5,-35.5,-6.5));
#4376 = VECTOR('',#4377,1.);
#4377 = DIRECTION('',(0.,0.,1.));
#4378 = ORIENTED_EDGE('',*,*,#4379,.T.);
#4379 = EDGE_CURVE('',#4372,#4372,#4380,.T.);
#4380 = CIRCLE('',#4381,1.5);
#4381 = AXIS2_PLACEMENT_3D('',#4382,#4383,#4384);
#4382 = CARTESIAN_POINT('',(928.,-35.5,3.5));
#4383 = DIRECTION('',(0.,0.,1.));
#4384 = DIRECTION('',(1.,0.,0.));
#4385 = ORIENTED_EDGE('',*,*,#4369,.F.);
#4386 = ORIENTED_EDGE('',*,*,#4387,.F.);
#4387 = EDGE_CURVE('',#4370,#4370,#4388,.T.);
#4388 = CIRCLE('',#4389,1.5);
#4389 = AXIS2_PLACEMENT_3D('',#4390,#4391,#4392);
#4390 = CARTESIAN_POINT('',(928.,-35.5,-6.5));
#4391 = DIRECTION('',(0.,0.,1.));
#4392 = DIRECTION('',(1.,0.,0.));
#4393 = CYLINDRICAL_SURFACE('',#4394,1.5);
#4394 = AXIS2_PLACEMENT_3D('',#4395,#4396,#4397);
#4395 = CARTESIAN_POINT('',(928.,-35.5,-6.5));
#4396 = DIRECTION('',(-0.,-0.,-1.));
#4397 = DIRECTION('',(1.,0.,0.));
#4398 = ADVANCED_FACE('',(#4399),#4402,.F.);
#4399 = FACE_BOUND('',#4400,.T.);
#4400 = EDGE_LOOP('',(#4401));
#4401 = ORIENTED_EDGE('',*,*,#4387,.F.);
#4402 = PLANE('',#4403);
#4403 = AXIS2_PLACEMENT_3D('',#4404,#4405,#4406);
#4404 = CARTESIAN_POINT('',(928.,-35.5,-6.5));
#4405 = DIRECTION('',(0.,0.,1.));
#4406 = DIRECTION('',(1.,0.,0.));
#4407 = ADVANCED_FACE('',(#4408,#4419),#4422,.F.);
#4408 = FACE_BOUND('',#4409,.F.);
#4409 = EDGE_LOOP('',(#4410));
#4410 = ORIENTED_EDGE('',*,*,#4411,.T.);
#4411 = EDGE_CURVE('',#4412,#4412,#4414,.T.);
#4412 = VERTEX_POINT('',#4413);
#4413 = CARTESIAN_POINT('',(930.8,-35.5,3.5));
#4414 = CIRCLE('',#4415,2.8);
#4415 = AXIS2_PLACEMENT_3D('',#4416,#4417,#4418);
#4416 = CARTESIAN_POINT('',(928.,-35.5,3.5));
#4417 = DIRECTION('',(0.,0.,1.));
#4418 = DIRECTION('',(1.,0.,0.));
#4419 = FACE_BOUND('',#4420,.F.);
#4420 = EDGE_LOOP('',(#4421));
#4421 = ORIENTED_EDGE('',*,*,#4379,.F.);
#4422 = PLANE('',#4423);
#4423 = AXIS2_PLACEMENT_3D('',#4424,#4425,#4426);
#4424 = CARTESIAN_POINT('',(928.,-35.5,3.5));
#4425 = DIRECTION('',(0.,0.,1.));
#4426 = DIRECTION('',(1.,0.,0.));
#4427 = ADVANCED_FACE('',(#4428),#4447,.T.);
#4428 = FACE_BOUND('',#4429,.F.);
#4429 = EDGE_LOOP('',(#4430,#4438,#4445,#4446));
#4430 = ORIENTED_EDGE('',*,*,#4431,.T.);
#4431 = EDGE_CURVE('',#4412,#4432,#4434,.T.);
#4432 = VERTEX_POINT('',#4433);
#4433 = CARTESIAN_POINT('',(930.8,-35.5,5.9));
#4434 = LINE('',#4435,#4436);
#4435 = CARTESIAN_POINT('',(930.8,-35.5,3.5));
#4436 = VECTOR('',#4437,1.);
#4437 = DIRECTION('',(0.,0.,1.));
#4438 = ORIENTED_EDGE('',*,*,#4439,.T.);
#4439 = EDGE_CURVE('',#4432,#4432,#4440,.T.);
#4440 = CIRCLE('',#4441,2.8);
#4441 = AXIS2_PLACEMENT_3D('',#4442,#4443,#4444);
#4442 = CARTESIAN_POINT('',(928.,-35.5,5.9));
#4443 = DIRECTION('',(0.,0.,1.));
#4444 = DIRECTION('',(1.,0.,0.));
#4445 = ORIENTED_EDGE('',*,*,#4431,.F.);
#4446 = ORIENTED_EDGE('',*,*,#4411,.F.);
#4447 = CYLINDRICAL_SURFACE('',#4448,2.8);
#4448 = AXIS2_PLACEMENT_3D('',#4449,#4450,#4451);
#4449 = CARTESIAN_POINT('',(928.,-35.5,3.5));
#4450 = DIRECTION('',(-0.,-0.,-1.));
#4451 = DIRECTION('',(1.,0.,0.));
#4452 = ADVANCED_FACE('',(#4453),#4456,.T.);
#4453 = FACE_BOUND('',#4454,.F.);
#4454 = EDGE_LOOP('',(#4455));
#4455 = ORIENTED_EDGE('',*,*,#4439,.F.);
#4456 = PLANE('',#4457);
#4457 = AXIS2_PLACEMENT_3D('',#4458,#4459,#4460);
#4458 = CARTESIAN_POINT('',(928.,-35.5,5.9));
#4459 = DIRECTION('',(0.,0.,1.));
#4460 = DIRECTION('',(1.,0.,0.));
#4461 = MANIFOLD_SOLID_BREP('',#4462);
#4462 = CLOSED_SHELL('',(#4463,#4496,#4516,#4536));
#4463 = ADVANCED_FACE('',(#4464),#4491,.T.);
#4464 = FACE_BOUND('',#4465,.F.);
#4465 = EDGE_LOOP('',(#4466,#4476,#4483,#4484));
#4466 = ORIENTED_EDGE('',*,*,#4467,.T.);
#4467 = EDGE_CURVE('',#4468,#4470,#4472,.T.);
#4468 = VERTEX_POINT('',#4469);
#4469 = CARTESIAN_POINT('',(931.2,-35.5,-6.5));
#4470 = VERTEX_POINT('',#4471);
#4471 = CARTESIAN_POINT('',(931.2,-35.5,-4.));
#4472 = LINE('',#4473,#4474);
#4473 = CARTESIAN_POINT('',(931.2,-35.5,-6.5));
#4474 = VECTOR('',#4475,1.);
#4475 = DIRECTION('',(0.,0.,1.));
#4476 = ORIENTED_EDGE('',*,*,#4477,.T.);
#4477 = EDGE_CURVE('',#4470,#4470,#4478,.T.);
#4478 = CIRCLE('',#4479,3.2);
#4479 = AXIS2_PLACEMENT_3D('',#4480,#4481,#4482);
#4480 = CARTESIAN_POINT('',(928.,-35.5,-4.));
#4481 = DIRECTION('',(0.,0.,1.));
#4482 = DIRECTION('',(1.,0.,0.));
#4483 = ORIENTED_EDGE('',*,*,#4467,.F.);
#4484 = ORIENTED_EDGE('',*,*,#4485,.F.);
#4485 = EDGE_CURVE('',#4468,#4468,#4486,.T.);
#4486 = CIRCLE('',#4487,3.2);
#4487 = AXIS2_PLACEMENT_3D('',#4488,#4489,#4490);
#4488 = CARTESIAN_POINT('',(928.,-35.5,-6.5));
#4489 = DIRECTION('',(0.,0.,1.));
#4490 = DIRECTION('',(1.,0.,0.));
#4491 = CYLINDRICAL_SURFACE('',#4492,3.2);
#4492 = AXIS2_PLACEMENT_3D('',#4493,#4494,#4495);
#4493 = CARTESIAN_POINT('',(928.,-35.5,-6.5));
#4494 = DIRECTION('',(-0.,-0.,-1.));
#4495 = DIRECTION('',(1.,0.,0.));
#4496 = ADVANCED_FACE('',(#4497,#4500),#4511,.F.);
#4497 = FACE_BOUND('',#4498,.F.);
#4498 = EDGE_LOOP('',(#4499));
#4499 = ORIENTED_EDGE('',*,*,#4485,.T.);
#4500 = FACE_BOUND('',#4501,.F.);
#4501 = EDGE_LOOP('',(#4502));
#4502 = ORIENTED_EDGE('',*,*,#4503,.T.);
#4503 = EDGE_CURVE('',#4504,#4504,#4506,.T.);
#4504 = VERTEX_POINT('',#4505);
#4505 = CARTESIAN_POINT('',(929.7,-35.5,-6.5));
#4506 = CIRCLE('',#4507,1.7);
#4507 = AXIS2_PLACEMENT_3D('',#4508,#4509,#4510);
#4508 = CARTESIAN_POINT('',(928.,-35.5,-6.5));
#4509 = DIRECTION('',(0.,0.,-1.));
#4510 = DIRECTION('',(1.,0.,0.));
#4511 = PLANE('',#4512);
#4512 = AXIS2_PLACEMENT_3D('',#4513,#4514,#4515);
#4513 = CARTESIAN_POINT('',(928.,-35.5,-6.5));
#4514 = DIRECTION('',(0.,0.,1.));
#4515 = DIRECTION('',(1.,0.,0.));
#4516 = ADVANCED_FACE('',(#4517,#4520),#4531,.T.);
#4517 = FACE_BOUND('',#4518,.T.);
#4518 = EDGE_LOOP('',(#4519));
#4519 = ORIENTED_EDGE('',*,*,#4477,.T.);
#4520 = FACE_BOUND('',#4521,.T.);
#4521 = EDGE_LOOP('',(#4522));
#4522 = ORIENTED_EDGE('',*,*,#4523,.T.);
#4523 = EDGE_CURVE('',#4524,#4524,#4526,.T.);
#4524 = VERTEX_POINT('',#4525);
#4525 = CARTESIAN_POINT('',(929.7,-35.5,-4.));
#4526 = CIRCLE('',#4527,1.7);
#4527 = AXIS2_PLACEMENT_3D('',#4528,#4529,#4530);
#4528 = CARTESIAN_POINT('',(928.,-35.5,-4.));
#4529 = DIRECTION('',(0.,0.,-1.));
#4530 = DIRECTION('',(1.,0.,0.));
#4531 = PLANE('',#4532);
#4532 = AXIS2_PLACEMENT_3D('',#4533,#4534,#4535);
#4533 = CARTESIAN_POINT('',(928.,-35.5,-4.));
#4534 = DIRECTION('',(0.,0.,1.));
#4535 = DIRECTION('',(1.,0.,0.));
#4536 = ADVANCED_FACE('',(#4537),#4548,.F.);
#4537 = FACE_BOUND('',#4538,.T.);
#4538 = EDGE_LOOP('',(#4539,#4540,#4546,#4547));
#4539 = ORIENTED_EDGE('',*,*,#4503,.T.);
#4540 = ORIENTED_EDGE('',*,*,#4541,.T.);
#4541 = EDGE_CURVE('',#4504,#4524,#4542,.T.);
#4542 = LINE('',#4543,#4544);
#4543 = CARTESIAN_POINT('',(929.7,-35.5,-7.));
#4544 = VECTOR('',#4545,1.);
#4545 = DIRECTION('',(0.,0.,1.));
#4546 = ORIENTED_EDGE('',*,*,#4523,.F.);
#4547 = ORIENTED_EDGE('',*,*,#4541,.F.);
#4548 = CYLINDRICAL_SURFACE('',#4549,1.7);
#4549 = AXIS2_PLACEMENT_3D('',#4550,#4551,#4552);
#4550 = CARTESIAN_POINT('',(928.,-35.5,-7.));
#4551 = DIRECTION('',(-0.,-0.,-1.));
#4552 = DIRECTION('',(1.,0.,0.));
#4553 = MANIFOLD_SOLID_BREP('',#4554);
#4554 = CLOSED_SHELL('',(#4555,#4588,#4597,#4617,#4642));
#4555 = ADVANCED_FACE('',(#4556),#4583,.T.);
#4556 = FACE_BOUND('',#4557,.F.);
#4557 = EDGE_LOOP('',(#4558,#4568,#4575,#4576));
#4558 = ORIENTED_EDGE('',*,*,#4559,.T.);
#4559 = EDGE_CURVE('',#4560,#4562,#4564,.T.);
#4560 = VERTEX_POINT('',#4561);
#4561 = CARTESIAN_POINT('',(929.5,35.5,-6.5));
#4562 = VERTEX_POINT('',#4563);
#4563 = CARTESIAN_POINT('',(929.5,35.5,3.5));
#4564 = LINE('',#4565,#4566);
#4565 = CARTESIAN_POINT('',(929.5,35.5,-6.5));
#4566 = VECTOR('',#4567,1.);
#4567 = DIRECTION('',(0.,0.,1.));
#4568 = ORIENTED_EDGE('',*,*,#4569,.T.);
#4569 = EDGE_CURVE('',#4562,#4562,#4570,.T.);
#4570 = CIRCLE('',#4571,1.5);
#4571 = AXIS2_PLACEMENT_3D('',#4572,#4573,#4574);
#4572 = CARTESIAN_POINT('',(928.,35.5,3.5));
#4573 = DIRECTION('',(0.,0.,1.));
#4574 = DIRECTION('',(1.,0.,0.));
#4575 = ORIENTED_EDGE('',*,*,#4559,.F.);
#4576 = ORIENTED_EDGE('',*,*,#4577,.F.);
#4577 = EDGE_CURVE('',#4560,#4560,#4578,.T.);
#4578 = CIRCLE('',#4579,1.5);
#4579 = AXIS2_PLACEMENT_3D('',#4580,#4581,#4582);
#4580 = CARTESIAN_POINT('',(928.,35.5,-6.5));
#4581 = DIRECTION('',(0.,0.,1.));
#4582 = DIRECTION('',(1.,0.,0.));
#4583 = CYLINDRICAL_SURFACE('',#4584,1.5);
#4584 = AXIS2_PLACEMENT_3D('',#4585,#4586,#4587);
#4585 = CARTESIAN_POINT('',(928.,35.5,-6.5));
#4586 = DIRECTION('',(-0.,-0.,-1.));
#4587 = DIRECTION('',(1.,0.,0.));
#4588 = ADVANCED_FACE('',(#4589),#4592,.F.);
#4589 = FACE_BOUND('',#4590,.T.);
#4590 = EDGE_LOOP('',(#4591));
#4591 = ORIENTED_EDGE('',*,*,#4577,.F.);
#4592 = PLANE('',#4593);
#4593 = AXIS2_PLACEMENT_3D('',#4594,#4595,#4596);
#4594 = CARTESIAN_POINT('',(928.,35.5,-6.5));
#4595 = DIRECTION('',(0.,0.,1.));
#4596 = DIRECTION('',(1.,0.,0.));
#4597 = ADVANCED_FACE('',(#4598,#4609),#4612,.F.);
#4598 = FACE_BOUND('',#4599,.F.);
#4599 = EDGE_LOOP('',(#4600));
#4600 = ORIENTED_EDGE('',*,*,#4601,.T.);
#4601 = EDGE_CURVE('',#4602,#4602,#4604,.T.);
#4602 = VERTEX_POINT('',#4603);
#4603 = CARTESIAN_POINT('',(930.8,35.5,3.5));
#4604 = CIRCLE('',#4605,2.8);
#4605 = AXIS2_PLACEMENT_3D('',#4606,#4607,#4608);
#4606 = CARTESIAN_POINT('',(928.,35.5,3.5));
#4607 = DIRECTION('',(0.,0.,1.));
#4608 = DIRECTION('',(1.,0.,0.));
#4609 = FACE_BOUND('',#4610,.F.);
#4610 = EDGE_LOOP('',(#4611));
#4611 = ORIENTED_EDGE('',*,*,#4569,.F.);
#4612 = PLANE('',#4613);
#4613 = AXIS2_PLACEMENT_3D('',#4614,#4615,#4616);
#4614 = CARTESIAN_POINT('',(928.,35.5,3.5));
#4615 = DIRECTION('',(0.,0.,1.));
#4616 = DIRECTION('',(1.,0.,0.));
#4617 = ADVANCED_FACE('',(#4618),#4637,.T.);
#4618 = FACE_BOUND('',#4619,.F.);
#4619 = EDGE_LOOP('',(#4620,#4628,#4635,#4636));
#4620 = ORIENTED_EDGE('',*,*,#4621,.T.);
#4621 = EDGE_CURVE('',#4602,#4622,#4624,.T.);
#4622 = VERTEX_POINT('',#4623);
#4623 = CARTESIAN_POINT('',(930.8,35.5,5.9));
#4624 = LINE('',#4625,#4626);
#4625 = CARTESIAN_POINT('',(930.8,35.5,3.5));
#4626 = VECTOR('',#4627,1.);
#4627 = DIRECTION('',(0.,0.,1.));
#4628 = ORIENTED_EDGE('',*,*,#4629,.T.);
#4629 = EDGE_CURVE('',#4622,#4622,#4630,.T.);
#4630 = CIRCLE('',#4631,2.8);
#4631 = AXIS2_PLACEMENT_3D('',#4632,#4633,#4634);
#4632 = CARTESIAN_POINT('',(928.,35.5,5.9));
#4633 = DIRECTION('',(0.,0.,1.));
#4634 = DIRECTION('',(1.,0.,0.));
#4635 = ORIENTED_EDGE('',*,*,#4621,.F.);
#4636 = ORIENTED_EDGE('',*,*,#4601,.F.);
#4637 = CYLINDRICAL_SURFACE('',#4638,2.8);
#4638 = AXIS2_PLACEMENT_3D('',#4639,#4640,#4641);
#4639 = CARTESIAN_POINT('',(928.,35.5,3.5));
#4640 = DIRECTION('',(-0.,-0.,-1.));
#4641 = DIRECTION('',(1.,0.,0.));
#4642 = ADVANCED_FACE('',(#4643),#4646,.T.);
#4643 = FACE_BOUND('',#4644,.F.);
#4644 = EDGE_LOOP('',(#4645));
#4645 = ORIENTED_EDGE('',*,*,#4629,.F.);
#4646 = PLANE('',#4647);
#4647 = AXIS2_PLACEMENT_3D('',#4648,#4649,#4650);
#4648 = CARTESIAN_POINT('',(928.,35.5,5.9));
#4649 = DIRECTION('',(0.,0.,1.));
#4650 = DIRECTION('',(1.,0.,0.));
#4651 = MANIFOLD_SOLID_BREP('',#4652);
#4652 = CLOSED_SHELL('',(#4653,#4686,#4706,#4726));
#4653 = ADVANCED_FACE('',(#4654),#4681,.T.);
#4654 = FACE_BOUND('',#4655,.F.);
#4655 = EDGE_LOOP('',(#4656,#4666,#4673,#4674));
#4656 = ORIENTED_EDGE('',*,*,#4657,.T.);
#4657 = EDGE_CURVE('',#4658,#4660,#4662,.T.);
#4658 = VERTEX_POINT('',#4659);
#4659 = CARTESIAN_POINT('',(931.2,35.5,-6.5));
#4660 = VERTEX_POINT('',#4661);
#4661 = CARTESIAN_POINT('',(931.2,35.5,-4.));
#4662 = LINE('',#4663,#4664);
#4663 = CARTESIAN_POINT('',(931.2,35.5,-6.5));
#4664 = VECTOR('',#4665,1.);
#4665 = DIRECTION('',(0.,0.,1.));
#4666 = ORIENTED_EDGE('',*,*,#4667,.T.);
#4667 = EDGE_CURVE('',#4660,#4660,#4668,.T.);
#4668 = CIRCLE('',#4669,3.2);
#4669 = AXIS2_PLACEMENT_3D('',#4670,#4671,#4672);
#4670 = CARTESIAN_POINT('',(928.,35.5,-4.));
#4671 = DIRECTION('',(0.,0.,1.));
#4672 = DIRECTION('',(1.,0.,0.));
#4673 = ORIENTED_EDGE('',*,*,#4657,.F.);
#4674 = ORIENTED_EDGE('',*,*,#4675,.F.);
#4675 = EDGE_CURVE('',#4658,#4658,#4676,.T.);
#4676 = CIRCLE('',#4677,3.2);
#4677 = AXIS2_PLACEMENT_3D('',#4678,#4679,#4680);
#4678 = CARTESIAN_POINT('',(928.,35.5,-6.5));
#4679 = DIRECTION('',(0.,0.,1.));
#4680 = DIRECTION('',(1.,0.,0.));
#4681 = CYLINDRICAL_SURFACE('',#4682,3.2);
#4682 = AXIS2_PLACEMENT_3D('',#4683,#4684,#4685);
#4683 = CARTESIAN_POINT('',(928.,35.5,-6.5));
#4684 = DIRECTION('',(-0.,-0.,-1.));
#4685 = DIRECTION('',(1.,0.,0.));
#4686 = ADVANCED_FACE('',(#4687,#4690),#4701,.F.);
#4687 = FACE_BOUND('',#4688,.F.);
#4688 = EDGE_LOOP('',(#4689));
#4689 = ORIENTED_EDGE('',*,*,#4675,.T.);
#4690 = FACE_BOUND('',#4691,.F.);
#4691 = EDGE_LOOP('',(#4692));
#4692 = ORIENTED_EDGE('',*,*,#4693,.T.);
#4693 = EDGE_CURVE('',#4694,#4694,#4696,.T.);
#4694 = VERTEX_POINT('',#4695);
#4695 = CARTESIAN_POINT('',(929.7,35.5,-6.5));
#4696 = CIRCLE('',#4697,1.7);
#4697 = AXIS2_PLACEMENT_3D('',#4698,#4699,#4700);
#4698 = CARTESIAN_POINT('',(928.,35.5,-6.5));
#4699 = DIRECTION('',(0.,0.,-1.));
#4700 = DIRECTION('',(1.,0.,0.));
#4701 = PLANE('',#4702);
#4702 = AXIS2_PLACEMENT_3D('',#4703,#4704,#4705);
#4703 = CARTESIAN_POINT('',(928.,35.5,-6.5));
#4704 = DIRECTION('',(0.,0.,1.));
#4705 = DIRECTION('',(1.,0.,0.));
#4706 = ADVANCED_FACE('',(#4707,#4710),#4721,.T.);
#4707 = FACE_BOUND('',#4708,.T.);
#4708 = EDGE_LOOP('',(#4709));
#4709 = ORIENTED_EDGE('',*,*,#4667,.T.);
#4710 = FACE_BOUND('',#4711,.T.);
#4711 = EDGE_LOOP('',(#4712));
#4712 = ORIENTED_EDGE('',*,*,#4713,.T.);
#4713 = EDGE_CURVE('',#4714,#4714,#4716,.T.);
#4714 = VERTEX_POINT('',#4715);
#4715 = CARTESIAN_POINT('',(929.7,35.5,-4.));
#4716 = CIRCLE('',#4717,1.7);
#4717 = AXIS2_PLACEMENT_3D('',#4718,#4719,#4720);
#4718 = CARTESIAN_POINT('',(928.,35.5,-4.));
#4719 = DIRECTION('',(0.,0.,-1.));
#4720 = DIRECTION('',(1.,0.,0.));
#4721 = PLANE('',#4722);
#4722 = AXIS2_PLACEMENT_3D('',#4723,#4724,#4725);
#4723 = CARTESIAN_POINT('',(928.,35.5,-4.));
#4724 = DIRECTION('',(0.,0.,1.));
#4725 = DIRECTION('',(1.,0.,0.));
#4726 = ADVANCED_FACE('',(#4727),#4738,.F.);
#4727 = FACE_BOUND('',#4728,.T.);
#4728 = EDGE_LOOP('',(#4729,#4730,#4736,#4737));
#4729 = ORIENTED_EDGE('',*,*,#4693,.T.);
#4730 = ORIENTED_EDGE('',*,*,#4731,.T.);
#4731 = EDGE_CURVE('',#4694,#4714,#4732,.T.);
#4732 = LINE('',#4733,#4734);
#4733 = CARTESIAN_POINT('',(929.7,35.5,-7.));
#4734 = VECTOR('',#4735,1.);
#4735 = DIRECTION('',(0.,0.,1.));
#4736 = ORIENTED_EDGE('',*,*,#4713,.F.);
#4737 = ORIENTED_EDGE('',*,*,#4731,.F.);
#4738 = CYLINDRICAL_SURFACE('',#4739,1.7);
#4739 = AXIS2_PLACEMENT_3D('',#4740,#4741,#4742);
#4740 = CARTESIAN_POINT('',(928.,35.5,-7.));
#4741 = DIRECTION('',(-0.,-0.,-1.));
#4742 = DIRECTION('',(1.,0.,0.));
#4743 = MANIFOLD_SOLID_BREP('',#4744);
#4744 = CLOSED_SHELL('',(#4745,#4778,#4787,#4807,#4832));
#4745 = ADVANCED_FACE('',(#4746),#4773,.T.);
#4746 = FACE_BOUND('',#4747,.F.);
#4747 = EDGE_LOOP('',(#4748,#4758,#4765,#4766));
#4748 = ORIENTED_EDGE('',*,*,#4749,.T.);
#4749 = EDGE_CURVE('',#4750,#4752,#4754,.T.);
#4750 = VERTEX_POINT('',#4751);
#4751 = CARTESIAN_POINT('',(975.5,-35.5,-6.));
#4752 = VERTEX_POINT('',#4753);
#4753 = CARTESIAN_POINT('',(975.5,-35.5,4.));
#4754 = LINE('',#4755,#4756);
#4755 = CARTESIAN_POINT('',(975.5,-35.5,-6.));
#4756 = VECTOR('',#4757,1.);
#4757 = DIRECTION('',(0.,0.,1.));
#4758 = ORIENTED_EDGE('',*,*,#4759,.T.);
#4759 = EDGE_CURVE('',#4752,#4752,#4760,.T.);
#4760 = CIRCLE('',#4761,1.5);
#4761 = AXIS2_PLACEMENT_3D('',#4762,#4763,#4764);
#4762 = CARTESIAN_POINT('',(974.,-35.5,4.));
#4763 = DIRECTION('',(0.,0.,1.));
#4764 = DIRECTION('',(1.,0.,0.));
#4765 = ORIENTED_EDGE('',*,*,#4749,.F.);
#4766 = ORIENTED_EDGE('',*,*,#4767,.F.);
#4767 = EDGE_CURVE('',#4750,#4750,#4768,.T.);
#4768 = CIRCLE('',#4769,1.5);
#4769 = AXIS2_PLACEMENT_3D('',#4770,#4771,#4772);
#4770 = CARTESIAN_POINT('',(974.,-35.5,-6.));
#4771 = DIRECTION('',(0.,0.,1.));
#4772 = DIRECTION('',(1.,0.,0.));
#4773 = CYLINDRICAL_SURFACE('',#4774,1.5);
#4774 = AXIS2_PLACEMENT_3D('',#4775,#4776,#4777);
#4775 = CARTESIAN_POINT('',(974.,-35.5,-6.));
#4776 = DIRECTION('',(-0.,-0.,-1.));
#4777 = DIRECTION('',(1.,0.,0.));
#4778 = ADVANCED_FACE('',(#4779),#4782,.F.);
#4779 = FACE_BOUND('',#4780,.T.);
#4780 = EDGE_LOOP('',(#4781));
#4781 = ORIENTED_EDGE('',*,*,#4767,.F.);
#4782 = PLANE('',#4783);
#4783 = AXIS2_PLACEMENT_3D('',#4784,#4785,#4786);
#4784 = CARTESIAN_POINT('',(974.,-35.5,-6.));
#4785 = DIRECTION('',(0.,0.,1.));
#4786 = DIRECTION('',(1.,0.,0.));
#4787 = ADVANCED_FACE('',(#4788,#4799),#4802,.F.);
#4788 = FACE_BOUND('',#4789,.F.);
#4789 = EDGE_LOOP('',(#4790));
#4790 = ORIENTED_EDGE('',*,*,#4791,.T.);
#4791 = EDGE_CURVE('',#4792,#4792,#4794,.T.);
#4792 = VERTEX_POINT('',#4793);
#4793 = CARTESIAN_POINT('',(976.8,-35.5,4.));
#4794 = CIRCLE('',#4795,2.8);
#4795 = AXIS2_PLACEMENT_3D('',#4796,#4797,#4798);
#4796 = CARTESIAN_POINT('',(974.,-35.5,4.));
#4797 = DIRECTION('',(0.,0.,1.));
#4798 = DIRECTION('',(1.,0.,0.));
#4799 = FACE_BOUND('',#4800,.F.);
#4800 = EDGE_LOOP('',(#4801));
#4801 = ORIENTED_EDGE('',*,*,#4759,.F.);
#4802 = PLANE('',#4803);
#4803 = AXIS2_PLACEMENT_3D('',#4804,#4805,#4806);
#4804 = CARTESIAN_POINT('',(974.,-35.5,4.));
#4805 = DIRECTION('',(0.,0.,1.));
#4806 = DIRECTION('',(1.,0.,0.));
#4807 = ADVANCED_FACE('',(#4808),#4827,.T.);
#4808 = FACE_BOUND('',#4809,.F.);
#4809 = EDGE_LOOP('',(#4810,#4818,#4825,#4826));
#4810 = ORIENTED_EDGE('',*,*,#4811,.T.);
#4811 = EDGE_CURVE('',#4792,#4812,#4814,.T.);
#4812 = VERTEX_POINT('',#4813);
#4813 = CARTESIAN_POINT('',(976.8,-35.5,6.4));
#4814 = LINE('',#4815,#4816);
#4815 = CARTESIAN_POINT('',(976.8,-35.5,4.));
#4816 = VECTOR('',#4817,1.);
#4817 = DIRECTION('',(0.,0.,1.));
#4818 = ORIENTED_EDGE('',*,*,#4819,.T.);
#4819 = EDGE_CURVE('',#4812,#4812,#4820,.T.);
#4820 = CIRCLE('',#4821,2.8);
#4821 = AXIS2_PLACEMENT_3D('',#4822,#4823,#4824);
#4822 = CARTESIAN_POINT('',(974.,-35.5,6.4));
#4823 = DIRECTION('',(0.,0.,1.));
#4824 = DIRECTION('',(1.,0.,0.));
#4825 = ORIENTED_EDGE('',*,*,#4811,.F.);
#4826 = ORIENTED_EDGE('',*,*,#4791,.F.);
#4827 = CYLINDRICAL_SURFACE('',#4828,2.8);
#4828 = AXIS2_PLACEMENT_3D('',#4829,#4830,#4831);
#4829 = CARTESIAN_POINT('',(974.,-35.5,4.));
#4830 = DIRECTION('',(-0.,-0.,-1.));
#4831 = DIRECTION('',(1.,0.,0.));
#4832 = ADVANCED_FACE('',(#4833),#4836,.T.);
#4833 = FACE_BOUND('',#4834,.F.);
#4834 = EDGE_LOOP('',(#4835));
#4835 = ORIENTED_EDGE('',*,*,#4819,.F.);
#4836 = PLANE('',#4837);
#4837 = AXIS2_PLACEMENT_3D('',#4838,#4839,#4840);
#4838 = CARTESIAN_POINT('',(974.,-35.5,6.4));
#4839 = DIRECTION('',(0.,0.,1.));
#4840 = DIRECTION('',(1.,0.,0.));
#4841 = MANIFOLD_SOLID_BREP('',#4842);
#4842 = CLOSED_SHELL('',(#4843,#4876,#4896,#4916));
#4843 = ADVANCED_FACE('',(#4844),#4871,.T.);
#4844 = FACE_BOUND('',#4845,.F.);
#4845 = EDGE_LOOP('',(#4846,#4856,#4863,#4864));
#4846 = ORIENTED_EDGE('',*,*,#4847,.T.);
#4847 = EDGE_CURVE('',#4848,#4850,#4852,.T.);
#4848 = VERTEX_POINT('',#4849);
#4849 = CARTESIAN_POINT('',(977.2,-35.5,-4.));
#4850 = VERTEX_POINT('',#4851);
#4851 = CARTESIAN_POINT('',(977.2,-35.5,-1.5));
#4852 = LINE('',#4853,#4854);
#4853 = CARTESIAN_POINT('',(977.2,-35.5,-4.));
#4854 = VECTOR('',#4855,1.);
#4855 = DIRECTION('',(0.,0.,1.));
#4856 = ORIENTED_EDGE('',*,*,#4857,.T.);
#4857 = EDGE_CURVE('',#4850,#4850,#4858,.T.);
#4858 = CIRCLE('',#4859,3.2);
#4859 = AXIS2_PLACEMENT_3D('',#4860,#4861,#4862);
#4860 = CARTESIAN_POINT('',(974.,-35.5,-1.5));
#4861 = DIRECTION('',(0.,0.,1.));
#4862 = DIRECTION('',(1.,0.,0.));
#4863 = ORIENTED_EDGE('',*,*,#4847,.F.);
#4864 = ORIENTED_EDGE('',*,*,#4865,.F.);
#4865 = EDGE_CURVE('',#4848,#4848,#4866,.T.);
#4866 = CIRCLE('',#4867,3.2);
#4867 = AXIS2_PLACEMENT_3D('',#4868,#4869,#4870);
#4868 = CARTESIAN_POINT('',(974.,-35.5,-4.));
#4869 = DIRECTION('',(0.,0.,1.));
#4870 = DIRECTION('',(1.,0.,0.));
#4871 = CYLINDRICAL_SURFACE('',#4872,3.2);
#4872 = AXIS2_PLACEMENT_3D('',#4873,#4874,#4875);
#4873 = CARTESIAN_POINT('',(974.,-35.5,-4.));
#4874 = DIRECTION('',(-0.,-0.,-1.));
#4875 = DIRECTION('',(1.,0.,0.));
#4876 = ADVANCED_FACE('',(#4877,#4880),#4891,.F.);
#4877 = FACE_BOUND('',#4878,.F.);
#4878 = EDGE_LOOP('',(#4879));
#4879 = ORIENTED_EDGE('',*,*,#4865,.T.);
#4880 = FACE_BOUND('',#4881,.F.);
#4881 = EDGE_LOOP('',(#4882));
#4882 = ORIENTED_EDGE('',*,*,#4883,.T.);
#4883 = EDGE_CURVE('',#4884,#4884,#4886,.T.);
#4884 = VERTEX_POINT('',#4885);
#4885 = CARTESIAN_POINT('',(975.7,-35.5,-4.));
#4886 = CIRCLE('',#4887,1.7);
#4887 = AXIS2_PLACEMENT_3D('',#4888,#4889,#4890);
#4888 = CARTESIAN_POINT('',(974.,-35.5,-4.));
#4889 = DIRECTION('',(0.,0.,-1.));
#4890 = DIRECTION('',(1.,0.,0.));
#4891 = PLANE('',#4892);
#4892 = AXIS2_PLACEMENT_3D('',#4893,#4894,#4895);
#4893 = CARTESIAN_POINT('',(974.,-35.5,-4.));
#4894 = DIRECTION('',(0.,0.,1.));
#4895 = DIRECTION('',(1.,0.,0.));
#4896 = ADVANCED_FACE('',(#4897,#4900),#4911,.T.);
#4897 = FACE_BOUND('',#4898,.T.);
#4898 = EDGE_LOOP('',(#4899));
#4899 = ORIENTED_EDGE('',*,*,#4857,.T.);
#4900 = FACE_BOUND('',#4901,.T.);
#4901 = EDGE_LOOP('',(#4902));
#4902 = ORIENTED_EDGE('',*,*,#4903,.T.);
#4903 = EDGE_CURVE('',#4904,#4904,#4906,.T.);
#4904 = VERTEX_POINT('',#4905);
#4905 = CARTESIAN_POINT('',(975.7,-35.5,-1.5));
#4906 = CIRCLE('',#4907,1.7);
#4907 = AXIS2_PLACEMENT_3D('',#4908,#4909,#4910);
#4908 = CARTESIAN_POINT('',(974.,-35.5,-1.5));
#4909 = DIRECTION('',(0.,0.,-1.));
#4910 = DIRECTION('',(1.,0.,0.));
#4911 = PLANE('',#4912);
#4912 = AXIS2_PLACEMENT_3D('',#4913,#4914,#4915);
#4913 = CARTESIAN_POINT('',(974.,-35.5,-1.5));
#4914 = DIRECTION('',(0.,0.,1.));
#4915 = DIRECTION('',(1.,0.,0.));
#4916 = ADVANCED_FACE('',(#4917),#4928,.F.);
#4917 = FACE_BOUND('',#4918,.T.);
#4918 = EDGE_LOOP('',(#4919,#4920,#4926,#4927));
#4919 = ORIENTED_EDGE('',*,*,#4883,.T.);
#4920 = ORIENTED_EDGE('',*,*,#4921,.T.);
#4921 = EDGE_CURVE('',#4884,#4904,#4922,.T.);
#4922 = LINE('',#4923,#4924);
#4923 = CARTESIAN_POINT('',(975.7,-35.5,-4.5));
#4924 = VECTOR('',#4925,1.);
#4925 = DIRECTION('',(0.,0.,1.));
#4926 = ORIENTED_EDGE('',*,*,#4903,.F.);
#4927 = ORIENTED_EDGE('',*,*,#4921,.F.);
#4928 = CYLINDRICAL_SURFACE('',#4929,1.7);
#4929 = AXIS2_PLACEMENT_3D('',#4930,#4931,#4932);
#4930 = CARTESIAN_POINT('',(974.,-35.5,-4.5));
#4931 = DIRECTION('',(-0.,-0.,-1.));
#4932 = DIRECTION('',(1.,0.,0.));
#4933 = MANIFOLD_SOLID_BREP('',#4934);
#4934 = CLOSED_SHELL('',(#4935,#4968,#4977,#4997,#5022));
#4935 = ADVANCED_FACE('',(#4936),#4963,.T.);
#4936 = FACE_BOUND('',#4937,.F.);
#4937 = EDGE_LOOP('',(#4938,#4948,#4955,#4956));
#4938 = ORIENTED_EDGE('',*,*,#4939,.T.);
#4939 = EDGE_CURVE('',#4940,#4942,#4944,.T.);
#4940 = VERTEX_POINT('',#4941);
#4941 = CARTESIAN_POINT('',(975.5,35.5,-6.));
#4942 = VERTEX_POINT('',#4943);
#4943 = CARTESIAN_POINT('',(975.5,35.5,4.));
#4944 = LINE('',#4945,#4946);
#4945 = CARTESIAN_POINT('',(975.5,35.5,-6.));
#4946 = VECTOR('',#4947,1.);
#4947 = DIRECTION('',(0.,0.,1.));
#4948 = ORIENTED_EDGE('',*,*,#4949,.T.);
#4949 = EDGE_CURVE('',#4942,#4942,#4950,.T.);
#4950 = CIRCLE('',#4951,1.5);
#4951 = AXIS2_PLACEMENT_3D('',#4952,#4953,#4954);
#4952 = CARTESIAN_POINT('',(974.,35.5,4.));
#4953 = DIRECTION('',(0.,0.,1.));
#4954 = DIRECTION('',(1.,0.,0.));
#4955 = ORIENTED_EDGE('',*,*,#4939,.F.);
#4956 = ORIENTED_EDGE('',*,*,#4957,.F.);
#4957 = EDGE_CURVE('',#4940,#4940,#4958,.T.);
#4958 = CIRCLE('',#4959,1.5);
#4959 = AXIS2_PLACEMENT_3D('',#4960,#4961,#4962);
#4960 = CARTESIAN_POINT('',(974.,35.5,-6.));
#4961 = DIRECTION('',(0.,0.,1.));
#4962 = DIRECTION('',(1.,0.,0.));
#4963 = CYLINDRICAL_SURFACE('',#4964,1.5);
#4964 = AXIS2_PLACEMENT_3D('',#4965,#4966,#4967);
#4965 = CARTESIAN_POINT('',(974.,35.5,-6.));
#4966 = DIRECTION('',(-0.,-0.,-1.));
#4967 = DIRECTION('',(1.,0.,0.));
#4968 = ADVANCED_FACE('',(#4969),#4972,.F.);
#4969 = FACE_BOUND('',#4970,.T.);
#4970 = EDGE_LOOP('',(#4971));
#4971 = ORIENTED_EDGE('',*,*,#4957,.F.);
#4972 = PLANE('',#4973);
#4973 = AXIS2_PLACEMENT_3D('',#4974,#4975,#4976);
#4974 = CARTESIAN_POINT('',(974.,35.5,-6.));
#4975 = DIRECTION('',(0.,0.,1.));
#4976 = DIRECTION('',(1.,0.,0.));
#4977 = ADVANCED_FACE('',(#4978,#4989),#4992,.F.);
#4978 = FACE_BOUND('',#4979,.F.);
#4979 = EDGE_LOOP('',(#4980));
#4980 = ORIENTED_EDGE('',*,*,#4981,.T.);
#4981 = EDGE_CURVE('',#4982,#4982,#4984,.T.);
#4982 = VERTEX_POINT('',#4983);
#4983 = CARTESIAN_POINT('',(976.8,35.5,4.));
#4984 = CIRCLE('',#4985,2.8);
#4985 = AXIS2_PLACEMENT_3D('',#4986,#4987,#4988);
#4986 = CARTESIAN_POINT('',(974.,35.5,4.));
#4987 = DIRECTION('',(0.,0.,1.));
#4988 = DIRECTION('',(1.,0.,0.));
#4989 = FACE_BOUND('',#4990,.F.);
#4990 = EDGE_LOOP('',(#4991));
#4991 = ORIENTED_EDGE('',*,*,#4949,.F.);
#4992 = PLANE('',#4993);
#4993 = AXIS2_PLACEMENT_3D('',#4994,#4995,#4996);
#4994 = CARTESIAN_POINT('',(974.,35.5,4.));
#4995 = DIRECTION('',(0.,0.,1.));
#4996 = DIRECTION('',(1.,0.,0.));
#4997 = ADVANCED_FACE('',(#4998),#5017,.T.);
#4998 = FACE_BOUND('',#4999,.F.);
#4999 = EDGE_LOOP('',(#5000,#5008,#5015,#5016));
#5000 = ORIENTED_EDGE('',*,*,#5001,.T.);
#5001 = EDGE_CURVE('',#4982,#5002,#5004,.T.);
#5002 = VERTEX_POINT('',#5003);
#5003 = CARTESIAN_POINT('',(976.8,35.5,6.4));
#5004 = LINE('',#5005,#5006);
#5005 = CARTESIAN_POINT('',(976.8,35.5,4.));
#5006 = VECTOR('',#5007,1.);
#5007 = DIRECTION('',(0.,0.,1.));
#5008 = ORIENTED_EDGE('',*,*,#5009,.T.);
#5009 = EDGE_CURVE('',#5002,#5002,#5010,.T.);
#5010 = CIRCLE('',#5011,2.8);
#5011 = AXIS2_PLACEMENT_3D('',#5012,#5013,#5014);
#5012 = CARTESIAN_POINT('',(974.,35.5,6.4));
#5013 = DIRECTION('',(0.,0.,1.));
#5014 = DIRECTION('',(1.,0.,0.));
#5015 = ORIENTED_EDGE('',*,*,#5001,.F.);
#5016 = ORIENTED_EDGE('',*,*,#4981,.F.);
#5017 = CYLINDRICAL_SURFACE('',#5018,2.8);
#5018 = AXIS2_PLACEMENT_3D('',#5019,#5020,#5021);
#5019 = CARTESIAN_POINT('',(974.,35.5,4.));
#5020 = DIRECTION('',(-0.,-0.,-1.));
#5021 = DIRECTION('',(1.,0.,0.));
#5022 = ADVANCED_FACE('',(#5023),#5026,.T.);
#5023 = FACE_BOUND('',#5024,.F.);
#5024 = EDGE_LOOP('',(#5025));
#5025 = ORIENTED_EDGE('',*,*,#5009,.F.);
#5026 = PLANE('',#5027);
#5027 = AXIS2_PLACEMENT_3D('',#5028,#5029,#5030);
#5028 = CARTESIAN_POINT('',(974.,35.5,6.4));
#5029 = DIRECTION('',(0.,0.,1.));
#5030 = DIRECTION('',(1.,0.,0.));
#5031 = MANIFOLD_SOLID_BREP('',#5032);
#5032 = CLOSED_SHELL('',(#5033,#5066,#5086,#5106));
#5033 = ADVANCED_FACE('',(#5034),#5061,.T.);
#5034 = FACE_BOUND('',#5035,.F.);
#5035 = EDGE_LOOP('',(#5036,#5046,#5053,#5054));
#5036 = ORIENTED_EDGE('',*,*,#5037,.T.);
#5037 = EDGE_CURVE('',#5038,#5040,#5042,.T.);
#5038 = VERTEX_POINT('',#5039);
#5039 = CARTESIAN_POINT('',(977.2,35.5,-4.));
#5040 = VERTEX_POINT('',#5041);
#5041 = CARTESIAN_POINT('',(977.2,35.5,-1.5));
#5042 = LINE('',#5043,#5044);
#5043 = CARTESIAN_POINT('',(977.2,35.5,-4.));
#5044 = VECTOR('',#5045,1.);
#5045 = DIRECTION('',(0.,0.,1.));
#5046 = ORIENTED_EDGE('',*,*,#5047,.T.);
#5047 = EDGE_CURVE('',#5040,#5040,#5048,.T.);
#5048 = CIRCLE('',#5049,3.2);
#5049 = AXIS2_PLACEMENT_3D('',#5050,#5051,#5052);
#5050 = CARTESIAN_POINT('',(974.,35.5,-1.5));
#5051 = DIRECTION('',(0.,0.,1.));
#5052 = DIRECTION('',(1.,0.,0.));
#5053 = ORIENTED_EDGE('',*,*,#5037,.F.);
#5054 = ORIENTED_EDGE('',*,*,#5055,.F.);
#5055 = EDGE_CURVE('',#5038,#5038,#5056,.T.);
#5056 = CIRCLE('',#5057,3.2);
#5057 = AXIS2_PLACEMENT_3D('',#5058,#5059,#5060);
#5058 = CARTESIAN_POINT('',(974.,35.5,-4.));
#5059 = DIRECTION('',(0.,0.,1.));
#5060 = DIRECTION('',(1.,0.,0.));
#5061 = CYLINDRICAL_SURFACE('',#5062,3.2);
#5062 = AXIS2_PLACEMENT_3D('',#5063,#5064,#5065);
#5063 = CARTESIAN_POINT('',(974.,35.5,-4.));
#5064 = DIRECTION('',(-0.,-0.,-1.));
#5065 = DIRECTION('',(1.,0.,0.));
#5066 = ADVANCED_FACE('',(#5067,#5070),#5081,.F.);
#5067 = FACE_BOUND('',#5068,.F.);
#5068 = EDGE_LOOP('',(#5069));
#5069 = ORIENTED_EDGE('',*,*,#5055,.T.);
#5070 = FACE_BOUND('',#5071,.F.);
#5071 = EDGE_LOOP('',(#5072));
#5072 = ORIENTED_EDGE('',*,*,#5073,.T.);
#5073 = EDGE_CURVE('',#5074,#5074,#5076,.T.);
#5074 = VERTEX_POINT('',#5075);
#5075 = CARTESIAN_POINT('',(975.7,35.5,-4.));
#5076 = CIRCLE('',#5077,1.7);
#5077 = AXIS2_PLACEMENT_3D('',#5078,#5079,#5080);
#5078 = CARTESIAN_POINT('',(974.,35.5,-4.));
#5079 = DIRECTION('',(0.,0.,-1.));
#5080 = DIRECTION('',(1.,0.,0.));
#5081 = PLANE('',#5082);
#5082 = AXIS2_PLACEMENT_3D('',#5083,#5084,#5085);
#5083 = CARTESIAN_POINT('',(974.,35.5,-4.));
#5084 = DIRECTION('',(0.,0.,1.));
#5085 = DIRECTION('',(1.,0.,0.));
#5086 = ADVANCED_FACE('',(#5087,#5090),#5101,.T.);
#5087 = FACE_BOUND('',#5088,.T.);
#5088 = EDGE_LOOP('',(#5089));
#5089 = ORIENTED_EDGE('',*,*,#5047,.T.);
#5090 = FACE_BOUND('',#5091,.T.);
#5091 = EDGE_LOOP('',(#5092));
#5092 = ORIENTED_EDGE('',*,*,#5093,.T.);
#5093 = EDGE_CURVE('',#5094,#5094,#5096,.T.);
#5094 = VERTEX_POINT('',#5095);
#5095 = CARTESIAN_POINT('',(975.7,35.5,-1.5));
#5096 = CIRCLE('',#5097,1.7);
#5097 = AXIS2_PLACEMENT_3D('',#5098,#5099,#5100);
#5098 = CARTESIAN_POINT('',(974.,35.5,-1.5));
#5099 = DIRECTION('',(0.,0.,-1.));
#5100 = DIRECTION('',(1.,0.,0.));
#5101 = PLANE('',#5102);
#5102 = AXIS2_PLACEMENT_3D('',#5103,#5104,#5105);
#5103 = CARTESIAN_POINT('',(974.,35.5,-1.5));
#5104 = DIRECTION('',(0.,0.,1.));
#5105 = DIRECTION('',(1.,0.,0.));
#5106 = ADVANCED_FACE('',(#5107),#5118,.F.);
#5107 = FACE_BOUND('',#5108,.T.);
#5108 = EDGE_LOOP('',(#5109,#5110,#5116,#5117));
#5109 = ORIENTED_EDGE('',*,*,#5073,.T.);
#5110 = ORIENTED_EDGE('',*,*,#5111,.T.);
#5111 = EDGE_CURVE('',#5074,#5094,#5112,.T.);
#5112 = LINE('',#5113,#5114);
#5113 = CARTESIAN_POINT('',(975.7,35.5,-4.5));
#5114 = VECTOR('',#5115,1.);
#5115 = DIRECTION('',(0.,0.,1.));
#5116 = ORIENTED_EDGE('',*,*,#5093,.F.);
#5117 = ORIENTED_EDGE('',*,*,#5111,.F.);
#5118 = CYLINDRICAL_SURFACE('',#5119,1.7);
#5119 = AXIS2_PLACEMENT_3D('',#5120,#5121,#5122);
#5120 = CARTESIAN_POINT('',(974.,35.5,-4.5));
#5121 = DIRECTION('',(-0.,-0.,-1.));
#5122 = DIRECTION('',(1.,0.,0.));
#5123 = MANIFOLD_SOLID_BREP('',#5124);
#5124 = CLOSED_SHELL('',(#5125,#5158,#5167,#5187,#5212));
#5125 = ADVANCED_FACE('',(#5126),#5153,.T.);
#5126 = FACE_BOUND('',#5127,.F.);
#5127 = EDGE_LOOP('',(#5128,#5138,#5145,#5146));
#5128 = ORIENTED_EDGE('',*,*,#5129,.T.);
#5129 = EDGE_CURVE('',#5130,#5132,#5134,.T.);
#5130 = VERTEX_POINT('',#5131);
#5131 = CARTESIAN_POINT('',(1.0375E+03,-35.5,-6.));
#5132 = VERTEX_POINT('',#5133);
#5133 = CARTESIAN_POINT('',(1.0375E+03,-35.5,4.));
#5134 = LINE('',#5135,#5136);
#5135 = CARTESIAN_POINT('',(1.0375E+03,-35.5,-6.));
#5136 = VECTOR('',#5137,1.);
#5137 = DIRECTION('',(0.,0.,1.));
#5138 = ORIENTED_EDGE('',*,*,#5139,.T.);
#5139 = EDGE_CURVE('',#5132,#5132,#5140,.T.);
#5140 = CIRCLE('',#5141,1.5);
#5141 = AXIS2_PLACEMENT_3D('',#5142,#5143,#5144);
#5142 = CARTESIAN_POINT('',(1.036E+03,-35.5,4.));
#5143 = DIRECTION('',(0.,0.,1.));
#5144 = DIRECTION('',(1.,0.,0.));
#5145 = ORIENTED_EDGE('',*,*,#5129,.F.);
#5146 = ORIENTED_EDGE('',*,*,#5147,.F.);
#5147 = EDGE_CURVE('',#5130,#5130,#5148,.T.);
#5148 = CIRCLE('',#5149,1.5);
#5149 = AXIS2_PLACEMENT_3D('',#5150,#5151,#5152);
#5150 = CARTESIAN_POINT('',(1.036E+03,-35.5,-6.));
#5151 = DIRECTION('',(0.,0.,1.));
#5152 = DIRECTION('',(1.,0.,0.));
#5153 = CYLINDRICAL_SURFACE('',#5154,1.5);
#5154 = AXIS2_PLACEMENT_3D('',#5155,#5156,#5157);
#5155 = CARTESIAN_POINT('',(1.036E+03,-35.5,-6.));
#5156 = DIRECTION('',(-0.,-0.,-1.));
#5157 = DIRECTION('',(1.,0.,0.));
#5158 = ADVANCED_FACE('',(#5159),#5162,.F.);
#5159 = FACE_BOUND('',#5160,.T.);
#5160 = EDGE_LOOP('',(#5161));
#5161 = ORIENTED_EDGE('',*,*,#5147,.F.);
#5162 = PLANE('',#5163);
#5163 = AXIS2_PLACEMENT_3D('',#5164,#5165,#5166);
#5164 = CARTESIAN_POINT('',(1.036E+03,-35.5,-6.));
#5165 = DIRECTION('',(0.,0.,1.));
#5166 = DIRECTION('',(1.,0.,0.));
#5167 = ADVANCED_FACE('',(#5168,#5179),#5182,.F.);
#5168 = FACE_BOUND('',#5169,.F.);
#5169 = EDGE_LOOP('',(#5170));
#5170 = ORIENTED_EDGE('',*,*,#5171,.T.);
#5171 = EDGE_CURVE('',#5172,#5172,#5174,.T.);
#5172 = VERTEX_POINT('',#5173);
#5173 = CARTESIAN_POINT('',(1.0388E+03,-35.5,4.));
#5174 = CIRCLE('',#5175,2.8);
#5175 = AXIS2_PLACEMENT_3D('',#5176,#5177,#5178);
#5176 = CARTESIAN_POINT('',(1.036E+03,-35.5,4.));
#5177 = DIRECTION('',(0.,0.,1.));
#5178 = DIRECTION('',(1.,0.,0.));
#5179 = FACE_BOUND('',#5180,.F.);
#5180 = EDGE_LOOP('',(#5181));
#5181 = ORIENTED_EDGE('',*,*,#5139,.F.);
#5182 = PLANE('',#5183);
#5183 = AXIS2_PLACEMENT_3D('',#5184,#5185,#5186);
#5184 = CARTESIAN_POINT('',(1.036E+03,-35.5,4.));
#5185 = DIRECTION('',(0.,0.,1.));
#5186 = DIRECTION('',(1.,0.,0.));
#5187 = ADVANCED_FACE('',(#5188),#5207,.T.);
#5188 = FACE_BOUND('',#5189,.F.);
#5189 = EDGE_LOOP('',(#5190,#5198,#5205,#5206));
#5190 = ORIENTED_EDGE('',*,*,#5191,.T.);
#5191 = EDGE_CURVE('',#5172,#5192,#5194,.T.);
#5192 = VERTEX_POINT('',#5193);
#5193 = CARTESIAN_POINT('',(1.0388E+03,-35.5,6.4));
#5194 = LINE('',#5195,#5196);
#5195 = CARTESIAN_POINT('',(1.0388E+03,-35.5,4.));
#5196 = VECTOR('',#5197,1.);
#5197 = DIRECTION('',(0.,0.,1.));
#5198 = ORIENTED_EDGE('',*,*,#5199,.T.);
#5199 = EDGE_CURVE('',#5192,#5192,#5200,.T.);
#5200 = CIRCLE('',#5201,2.8);
#5201 = AXIS2_PLACEMENT_3D('',#5202,#5203,#5204);
#5202 = CARTESIAN_POINT('',(1.036E+03,-35.5,6.4));
#5203 = DIRECTION('',(0.,0.,1.));
#5204 = DIRECTION('',(1.,0.,0.));
#5205 = ORIENTED_EDGE('',*,*,#5191,.F.);
#5206 = ORIENTED_EDGE('',*,*,#5171,.F.);
#5207 = CYLINDRICAL_SURFACE('',#5208,2.8);
#5208 = AXIS2_PLACEMENT_3D('',#5209,#5210,#5211);
#5209 = CARTESIAN_POINT('',(1.036E+03,-35.5,4.));
#5210 = DIRECTION('',(-0.,-0.,-1.));
#5211 = DIRECTION('',(1.,0.,0.));
#5212 = ADVANCED_FACE('',(#5213),#5216,.T.);
#5213 = FACE_BOUND('',#5214,.F.);
#5214 = EDGE_LOOP('',(#5215));
#5215 = ORIENTED_EDGE('',*,*,#5199,.F.);
#5216 = PLANE('',#5217);
#5217 = AXIS2_PLACEMENT_3D('',#5218,#5219,#5220);
#5218 = CARTESIAN_POINT('',(1.036E+03,-35.5,6.4));
#5219 = DIRECTION('',(0.,0.,1.));
#5220 = DIRECTION('',(1.,0.,0.));
#5221 = MANIFOLD_SOLID_BREP('',#5222);
#5222 = CLOSED_SHELL('',(#5223,#5256,#5276,#5296));
#5223 = ADVANCED_FACE('',(#5224),#5251,.T.);
#5224 = FACE_BOUND('',#5225,.F.);
#5225 = EDGE_LOOP('',(#5226,#5236,#5243,#5244));
#5226 = ORIENTED_EDGE('',*,*,#5227,.T.);
#5227 = EDGE_CURVE('',#5228,#5230,#5232,.T.);
#5228 = VERTEX_POINT('',#5229);
#5229 = CARTESIAN_POINT('',(1.0392E+03,-35.5,-4.));
#5230 = VERTEX_POINT('',#5231);
#5231 = CARTESIAN_POINT('',(1.0392E+03,-35.5,-1.5));
#5232 = LINE('',#5233,#5234);
#5233 = CARTESIAN_POINT('',(1.0392E+03,-35.5,-4.));
#5234 = VECTOR('',#5235,1.);
#5235 = DIRECTION('',(0.,0.,1.));
#5236 = ORIENTED_EDGE('',*,*,#5237,.T.);
#5237 = EDGE_CURVE('',#5230,#5230,#5238,.T.);
#5238 = CIRCLE('',#5239,3.2);
#5239 = AXIS2_PLACEMENT_3D('',#5240,#5241,#5242);
#5240 = CARTESIAN_POINT('',(1.036E+03,-35.5,-1.5));
#5241 = DIRECTION('',(0.,0.,1.));
#5242 = DIRECTION('',(1.,0.,0.));
#5243 = ORIENTED_EDGE('',*,*,#5227,.F.);
#5244 = ORIENTED_EDGE('',*,*,#5245,.F.);
#5245 = EDGE_CURVE('',#5228,#5228,#5246,.T.);
#5246 = CIRCLE('',#5247,3.2);
#5247 = AXIS2_PLACEMENT_3D('',#5248,#5249,#5250);
#5248 = CARTESIAN_POINT('',(1.036E+03,-35.5,-4.));
#5249 = DIRECTION('',(0.,0.,1.));
#5250 = DIRECTION('',(1.,0.,0.));
#5251 = CYLINDRICAL_SURFACE('',#5252,3.2);
#5252 = AXIS2_PLACEMENT_3D('',#5253,#5254,#5255);
#5253 = CARTESIAN_POINT('',(1.036E+03,-35.5,-4.));
#5254 = DIRECTION('',(-0.,-0.,-1.));
#5255 = DIRECTION('',(1.,0.,0.));
#5256 = ADVANCED_FACE('',(#5257,#5260),#5271,.F.);
#5257 = FACE_BOUND('',#5258,.F.);
#5258 = EDGE_LOOP('',(#5259));
#5259 = ORIENTED_EDGE('',*,*,#5245,.T.);
#5260 = FACE_BOUND('',#5261,.F.);
#5261 = EDGE_LOOP('',(#5262));
#5262 = ORIENTED_EDGE('',*,*,#5263,.T.);
#5263 = EDGE_CURVE('',#5264,#5264,#5266,.T.);
#5264 = VERTEX_POINT('',#5265);
#5265 = CARTESIAN_POINT('',(1.0377E+03,-35.5,-4.));
#5266 = CIRCLE('',#5267,1.7);
#5267 = AXIS2_PLACEMENT_3D('',#5268,#5269,#5270);
#5268 = CARTESIAN_POINT('',(1.036E+03,-35.5,-4.));
#5269 = DIRECTION('',(0.,0.,-1.));
#5270 = DIRECTION('',(1.,0.,0.));
#5271 = PLANE('',#5272);
#5272 = AXIS2_PLACEMENT_3D('',#5273,#5274,#5275);
#5273 = CARTESIAN_POINT('',(1.036E+03,-35.5,-4.));
#5274 = DIRECTION('',(0.,0.,1.));
#5275 = DIRECTION('',(1.,0.,0.));
#5276 = ADVANCED_FACE('',(#5277,#5280),#5291,.T.);
#5277 = FACE_BOUND('',#5278,.T.);
#5278 = EDGE_LOOP('',(#5279));
#5279 = ORIENTED_EDGE('',*,*,#5237,.T.);
#5280 = FACE_BOUND('',#5281,.T.);
#5281 = EDGE_LOOP('',(#5282));
#5282 = ORIENTED_EDGE('',*,*,#5283,.T.);
#5283 = EDGE_CURVE('',#5284,#5284,#5286,.T.);
#5284 = VERTEX_POINT('',#5285);
#5285 = CARTESIAN_POINT('',(1.0377E+03,-35.5,-1.5));
#5286 = CIRCLE('',#5287,1.7);
#5287 = AXIS2_PLACEMENT_3D('',#5288,#5289,#5290);
#5288 = CARTESIAN_POINT('',(1.036E+03,-35.5,-1.5));
#5289 = DIRECTION('',(0.,0.,-1.));
#5290 = DIRECTION('',(1.,0.,0.));
#5291 = PLANE('',#5292);
#5292 = AXIS2_PLACEMENT_3D('',#5293,#5294,#5295);
#5293 = CARTESIAN_POINT('',(1.036E+03,-35.5,-1.5));
#5294 = DIRECTION('',(0.,0.,1.));
#5295 = DIRECTION('',(1.,0.,0.));
#5296 = ADVANCED_FACE('',(#5297),#5308,.F.);
#5297 = FACE_BOUND('',#5298,.T.);
#5298 = EDGE_LOOP('',(#5299,#5300,#5306,#5307));
#5299 = ORIENTED_EDGE('',*,*,#5263,.T.);
#5300 = ORIENTED_EDGE('',*,*,#5301,.T.);
#5301 = EDGE_CURVE('',#5264,#5284,#5302,.T.);
#5302 = LINE('',#5303,#5304);
#5303 = CARTESIAN_POINT('',(1.0377E+03,-35.5,-4.5));
#5304 = VECTOR('',#5305,1.);
#5305 = DIRECTION('',(0.,0.,1.));
#5306 = ORIENTED_EDGE('',*,*,#5283,.F.);
#5307 = ORIENTED_EDGE('',*,*,#5301,.F.);
#5308 = CYLINDRICAL_SURFACE('',#5309,1.7);
#5309 = AXIS2_PLACEMENT_3D('',#5310,#5311,#5312);
#5310 = CARTESIAN_POINT('',(1.036E+03,-35.5,-4.5));
#5311 = DIRECTION('',(-0.,-0.,-1.));
#5312 = DIRECTION('',(1.,0.,0.));
#5313 = MANIFOLD_SOLID_BREP('',#5314);
#5314 = CLOSED_SHELL('',(#5315,#5348,#5357,#5377,#5402));
#5315 = ADVANCED_FACE('',(#5316),#5343,.T.);
#5316 = FACE_BOUND('',#5317,.F.);
#5317 = EDGE_LOOP('',(#5318,#5328,#5335,#5336));
#5318 = ORIENTED_EDGE('',*,*,#5319,.T.);
#5319 = EDGE_CURVE('',#5320,#5322,#5324,.T.);
#5320 = VERTEX_POINT('',#5321);
#5321 = CARTESIAN_POINT('',(1.0375E+03,35.5,-6.));
#5322 = VERTEX_POINT('',#5323);
#5323 = CARTESIAN_POINT('',(1.0375E+03,35.5,4.));
#5324 = LINE('',#5325,#5326);
#5325 = CARTESIAN_POINT('',(1.0375E+03,35.5,-6.));
#5326 = VECTOR('',#5327,1.);
#5327 = DIRECTION('',(0.,0.,1.));
#5328 = ORIENTED_EDGE('',*,*,#5329,.T.);
#5329 = EDGE_CURVE('',#5322,#5322,#5330,.T.);
#5330 = CIRCLE('',#5331,1.5);
#5331 = AXIS2_PLACEMENT_3D('',#5332,#5333,#5334);
#5332 = CARTESIAN_POINT('',(1.036E+03,35.5,4.));
#5333 = DIRECTION('',(0.,0.,1.));
#5334 = DIRECTION('',(1.,0.,0.));
#5335 = ORIENTED_EDGE('',*,*,#5319,.F.);
#5336 = ORIENTED_EDGE('',*,*,#5337,.F.);
#5337 = EDGE_CURVE('',#5320,#5320,#5338,.T.);
#5338 = CIRCLE('',#5339,1.5);
#5339 = AXIS2_PLACEMENT_3D('',#5340,#5341,#5342);
#5340 = CARTESIAN_POINT('',(1.036E+03,35.5,-6.));
#5341 = DIRECTION('',(0.,0.,1.));
#5342 = DIRECTION('',(1.,0.,0.));
#5343 = CYLINDRICAL_SURFACE('',#5344,1.5);
#5344 = AXIS2_PLACEMENT_3D('',#5345,#5346,#5347);
#5345 = CARTESIAN_POINT('',(1.036E+03,35.5,-6.));
#5346 = DIRECTION('',(-0.,-0.,-1.));
#5347 = DIRECTION('',(1.,0.,0.));
#5348 = ADVANCED_FACE('',(#5349),#5352,.F.);
#5349 = FACE_BOUND('',#5350,.T.);
#5350 = EDGE_LOOP('',(#5351));
#5351 = ORIENTED_EDGE('',*,*,#5337,.F.);
#5352 = PLANE('',#5353);
#5353 = AXIS2_PLACEMENT_3D('',#5354,#5355,#5356);
#5354 = CARTESIAN_POINT('',(1.036E+03,35.5,-6.));
#5355 = DIRECTION('',(0.,0.,1.));
#5356 = DIRECTION('',(1.,0.,0.));
#5357 = ADVANCED_FACE('',(#5358,#5369),#5372,.F.);
#5358 = FACE_BOUND('',#5359,.F.);
#5359 = EDGE_LOOP('',(#5360));
#5360 = ORIENTED_EDGE('',*,*,#5361,.T.);
#5361 = EDGE_CURVE('',#5362,#5362,#5364,.T.);
#5362 = VERTEX_POINT('',#5363);
#5363 = CARTESIAN_POINT('',(1.0388E+03,35.5,4.));
#5364 = CIRCLE('',#5365,2.8);
#5365 = AXIS2_PLACEMENT_3D('',#5366,#5367,#5368);
#5366 = CARTESIAN_POINT('',(1.036E+03,35.5,4.));
#5367 = DIRECTION('',(0.,0.,1.));
#5368 = DIRECTION('',(1.,0.,0.));
#5369 = FACE_BOUND('',#5370,.F.);
#5370 = EDGE_LOOP('',(#5371));
#5371 = ORIENTED_EDGE('',*,*,#5329,.F.);
#5372 = PLANE('',#5373);
#5373 = AXIS2_PLACEMENT_3D('',#5374,#5375,#5376);
#5374 = CARTESIAN_POINT('',(1.036E+03,35.5,4.));
#5375 = DIRECTION('',(0.,0.,1.));
#5376 = DIRECTION('',(1.,0.,0.));
#5377 = ADVANCED_FACE('',(#5378),#5397,.T.);
#5378 = FACE_BOUND('',#5379,.F.);
#5379 = EDGE_LOOP('',(#5380,#5388,#5395,#5396));
#5380 = ORIENTED_EDGE('',*,*,#5381,.T.);
#5381 = EDGE_CURVE('',#5362,#5382,#5384,.T.);
#5382 = VERTEX_POINT('',#5383);
#5383 = CARTESIAN_POINT('',(1.0388E+03,35.5,6.4));
#5384 = LINE('',#5385,#5386);
#5385 = CARTESIAN_POINT('',(1.0388E+03,35.5,4.));
#5386 = VECTOR('',#5387,1.);
#5387 = DIRECTION('',(0.,0.,1.));
#5388 = ORIENTED_EDGE('',*,*,#5389,.T.);
#5389 = EDGE_CURVE('',#5382,#5382,#5390,.T.);
#5390 = CIRCLE('',#5391,2.8);
#5391 = AXIS2_PLACEMENT_3D('',#5392,#5393,#5394);
#5392 = CARTESIAN_POINT('',(1.036E+03,35.5,6.4));
#5393 = DIRECTION('',(0.,0.,1.));
#5394 = DIRECTION('',(1.,0.,0.));
#5395 = ORIENTED_EDGE('',*,*,#5381,.F.);
#5396 = ORIENTED_EDGE('',*,*,#5361,.F.);
#5397 = CYLINDRICAL_SURFACE('',#5398,2.8);
#5398 = AXIS2_PLACEMENT_3D('',#5399,#5400,#5401);
#5399 = CARTESIAN_POINT('',(1.036E+03,35.5,4.));
#5400 = DIRECTION('',(-0.,-0.,-1.));
#5401 = DIRECTION('',(1.,0.,0.));
#5402 = ADVANCED_FACE('',(#5403),#5406,.T.);
#5403 = FACE_BOUND('',#5404,.F.);
#5404 = EDGE_LOOP('',(#5405));
#5405 = ORIENTED_EDGE('',*,*,#5389,.F.);
#5406 = PLANE('',#5407);
#5407 = AXIS2_PLACEMENT_3D('',#5408,#5409,#5410);
#5408 = CARTESIAN_POINT('',(1.036E+03,35.5,6.4));
#5409 = DIRECTION('',(0.,0.,1.));
#5410 = DIRECTION('',(1.,0.,0.));
#5411 = MANIFOLD_SOLID_BREP('',#5412);
#5412 = CLOSED_SHELL('',(#5413,#5446,#5466,#5486));
#5413 = ADVANCED_FACE('',(#5414),#5441,.T.);
#5414 = FACE_BOUND('',#5415,.F.);
#5415 = EDGE_LOOP('',(#5416,#5426,#5433,#5434));
#5416 = ORIENTED_EDGE('',*,*,#5417,.T.);
#5417 = EDGE_CURVE('',#5418,#5420,#5422,.T.);
#5418 = VERTEX_POINT('',#5419);
#5419 = CARTESIAN_POINT('',(1.0392E+03,35.5,-4.));
#5420 = VERTEX_POINT('',#5421);
#5421 = CARTESIAN_POINT('',(1.0392E+03,35.5,-1.5));
#5422 = LINE('',#5423,#5424);
#5423 = CARTESIAN_POINT('',(1.0392E+03,35.5,-4.));
#5424 = VECTOR('',#5425,1.);
#5425 = DIRECTION('',(0.,0.,1.));
#5426 = ORIENTED_EDGE('',*,*,#5427,.T.);
#5427 = EDGE_CURVE('',#5420,#5420,#5428,.T.);
#5428 = CIRCLE('',#5429,3.2);
#5429 = AXIS2_PLACEMENT_3D('',#5430,#5431,#5432);
#5430 = CARTESIAN_POINT('',(1.036E+03,35.5,-1.5));
#5431 = DIRECTION('',(0.,0.,1.));
#5432 = DIRECTION('',(1.,0.,0.));
#5433 = ORIENTED_EDGE('',*,*,#5417,.F.);
#5434 = ORIENTED_EDGE('',*,*,#5435,.F.);
#5435 = EDGE_CURVE('',#5418,#5418,#5436,.T.);
#5436 = CIRCLE('',#5437,3.2);
#5437 = AXIS2_PLACEMENT_3D('',#5438,#5439,#5440);
#5438 = CARTESIAN_POINT('',(1.036E+03,35.5,-4.));
#5439 = DIRECTION('',(0.,0.,1.));
#5440 = DIRECTION('',(1.,0.,0.));
#5441 = CYLINDRICAL_SURFACE('',#5442,3.2);
#5442 = AXIS2_PLACEMENT_3D('',#5443,#5444,#5445);
#5443 = CARTESIAN_POINT('',(1.036E+03,35.5,-4.));
#5444 = DIRECTION('',(-0.,-0.,-1.));
#5445 = DIRECTION('',(1.,0.,0.));
#5446 = ADVANCED_FACE('',(#5447,#5450),#5461,.F.);
#5447 = FACE_BOUND('',#5448,.F.);
#5448 = EDGE_LOOP('',(#5449));
#5449 = ORIENTED_EDGE('',*,*,#5435,.T.);
#5450 = FACE_BOUND('',#5451,.F.);
#5451 = EDGE_LOOP('',(#5452));
#5452 = ORIENTED_EDGE('',*,*,#5453,.T.);
#5453 = EDGE_CURVE('',#5454,#5454,#5456,.T.);
#5454 = VERTEX_POINT('',#5455);
#5455 = CARTESIAN_POINT('',(1.0377E+03,35.5,-4.));
#5456 = CIRCLE('',#5457,1.7);
#5457 = AXIS2_PLACEMENT_3D('',#5458,#5459,#5460);
#5458 = CARTESIAN_POINT('',(1.036E+03,35.5,-4.));
#5459 = DIRECTION('',(0.,0.,-1.));
#5460 = DIRECTION('',(1.,0.,0.));
#5461 = PLANE('',#5462);
#5462 = AXIS2_PLACEMENT_3D('',#5463,#5464,#5465);
#5463 = CARTESIAN_POINT('',(1.036E+03,35.5,-4.));
#5464 = DIRECTION('',(0.,0.,1.));
#5465 = DIRECTION('',(1.,0.,0.));
#5466 = ADVANCED_FACE('',(#5467,#5470),#5481,.T.);
#5467 = FACE_BOUND('',#5468,.T.);
#5468 = EDGE_LOOP('',(#5469));
#5469 = ORIENTED_EDGE('',*,*,#5427,.T.);
#5470 = FACE_BOUND('',#5471,.T.);
#5471 = EDGE_LOOP('',(#5472));
#5472 = ORIENTED_EDGE('',*,*,#5473,.T.);
#5473 = EDGE_CURVE('',#5474,#5474,#5476,.T.);
#5474 = VERTEX_POINT('',#5475);
#5475 = CARTESIAN_POINT('',(1.0377E+03,35.5,-1.5));
#5476 = CIRCLE('',#5477,1.7);
#5477 = AXIS2_PLACEMENT_3D('',#5478,#5479,#5480);
#5478 = CARTESIAN_POINT('',(1.036E+03,35.5,-1.5));
#5479 = DIRECTION('',(0.,0.,-1.));
#5480 = DIRECTION('',(1.,0.,0.));
#5481 = PLANE('',#5482);
#5482 = AXIS2_PLACEMENT_3D('',#5483,#5484,#5485);
#5483 = CARTESIAN_POINT('',(1.036E+03,35.5,-1.5));
#5484 = DIRECTION('',(0.,0.,1.));
#5485 = DIRECTION('',(1.,0.,0.));
#5486 = ADVANCED_FACE('',(#5487),#5498,.F.);
#5487 = FACE_BOUND('',#5488,.T.);
#5488 = EDGE_LOOP('',(#5489,#5490,#5496,#5497));
#5489 = ORIENTED_EDGE('',*,*,#5453,.T.);
#5490 = ORIENTED_EDGE('',*,*,#5491,.T.);
#5491 = EDGE_CURVE('',#5454,#5474,#5492,.T.);
#5492 = LINE('',#5493,#5494);
#5493 = CARTESIAN_POINT('',(1.0377E+03,35.5,-4.5));
#5494 = VECTOR('',#5495,1.);
#5495 = DIRECTION('',(0.,0.,1.));
#5496 = ORIENTED_EDGE('',*,*,#5473,.F.);
#5497 = ORIENTED_EDGE('',*,*,#5491,.F.);
#5498 = CYLINDRICAL_SURFACE('',#5499,1.7);
#5499 = AXIS2_PLACEMENT_3D('',#5500,#5501,#5502);
#5500 = CARTESIAN_POINT('',(1.036E+03,35.5,-4.5));
#5501 = DIRECTION('',(-0.,-0.,-1.));
#5502 = DIRECTION('',(1.,0.,0.));
#5503 = MANIFOLD_SOLID_BREP('',#5504);
#5504 = CLOSED_SHELL('',(#5505,#5545,#5585,#5607,#5629,#5641));
#5505 = ADVANCED_FACE('',(#5506),#5540,.F.);
#5506 = FACE_BOUND('',#5507,.F.);
#5507 = EDGE_LOOP('',(#5508,#5518,#5526,#5534));
#5508 = ORIENTED_EDGE('',*,*,#5509,.F.);
#5509 = EDGE_CURVE('',#5510,#5512,#5514,.T.);
#5510 = VERTEX_POINT('',#5511);
#5511 = CARTESIAN_POINT('',(850.,-32.,8.));
#5512 = VERTEX_POINT('',#5513);
#5513 = CARTESIAN_POINT('',(850.,-32.,20.));
#5514 = LINE('',#5515,#5516);
#5515 = CARTESIAN_POINT('',(850.,-32.,8.));
#5516 = VECTOR('',#5517,1.);
#5517 = DIRECTION('',(0.,0.,1.));
#5518 = ORIENTED_EDGE('',*,*,#5519,.T.);
#5519 = EDGE_CURVE('',#5510,#5520,#5522,.T.);
#5520 = VERTEX_POINT('',#5521);
#5521 = CARTESIAN_POINT('',(850.,32.,8.));
#5522 = LINE('',#5523,#5524);
#5523 = CARTESIAN_POINT('',(850.,-32.,8.));
#5524 = VECTOR('',#5525,1.);
#5525 = DIRECTION('',(0.,1.,0.));
#5526 = ORIENTED_EDGE('',*,*,#5527,.T.);
#5527 = EDGE_CURVE('',#5520,#5528,#5530,.T.);
#5528 = VERTEX_POINT('',#5529);
#5529 = CARTESIAN_POINT('',(850.,32.,20.));
#5530 = LINE('',#5531,#5532);
#5531 = CARTESIAN_POINT('',(850.,32.,8.));
#5532 = VECTOR('',#5533,1.);
#5533 = DIRECTION('',(0.,0.,1.));
#5534 = ORIENTED_EDGE('',*,*,#5535,.F.);
#5535 = EDGE_CURVE('',#5512,#5528,#5536,.T.);
#5536 = LINE('',#5537,#5538);
#5537 = CARTESIAN_POINT('',(850.,-32.,20.));
#5538 = VECTOR('',#5539,1.);
#5539 = DIRECTION('',(0.,1.,0.));
#5540 = PLANE('',#5541);
#5541 = AXIS2_PLACEMENT_3D('',#5542,#5543,#5544);
#5542 = CARTESIAN_POINT('',(850.,-32.,8.));
#5543 = DIRECTION('',(1.,0.,0.));
#5544 = DIRECTION('',(0.,0.,1.));
#5545 = ADVANCED_FACE('',(#5546),#5580,.T.);
#5546 = FACE_BOUND('',#5547,.T.);
#5547 = EDGE_LOOP('',(#5548,#5558,#5566,#5574));
#5548 = ORIENTED_EDGE('',*,*,#5549,.F.);
#5549 = EDGE_CURVE('',#5550,#5552,#5554,.T.);
#5550 = VERTEX_POINT('',#5551);
#5551 = CARTESIAN_POINT('',(945.,-32.,8.));
#5552 = VERTEX_POINT('',#5553);
#5553 = CARTESIAN_POINT('',(945.,-32.,20.));
#5554 = LINE('',#5555,#5556);
#5555 = CARTESIAN_POINT('',(945.,-32.,8.));
#5556 = VECTOR('',#5557,1.);
#5557 = DIRECTION('',(0.,0.,1.));
#5558 = ORIENTED_EDGE('',*,*,#5559,.T.);
#5559 = EDGE_CURVE('',#5550,#5560,#5562,.T.);
#5560 = VERTEX_POINT('',#5561);
#5561 = CARTESIAN_POINT('',(945.,32.,8.));
#5562 = LINE('',#5563,#5564);
#5563 = CARTESIAN_POINT('',(945.,-32.,8.));
#5564 = VECTOR('',#5565,1.);
#5565 = DIRECTION('',(0.,1.,0.));
#5566 = ORIENTED_EDGE('',*,*,#5567,.T.);
#5567 = EDGE_CURVE('',#5560,#5568,#5570,.T.);
#5568 = VERTEX_POINT('',#5569);
#5569 = CARTESIAN_POINT('',(945.,32.,20.));
#5570 = LINE('',#5571,#5572);
#5571 = CARTESIAN_POINT('',(945.,32.,8.));
#5572 = VECTOR('',#5573,1.);
#5573 = DIRECTION('',(0.,0.,1.));
#5574 = ORIENTED_EDGE('',*,*,#5575,.F.);
#5575 = EDGE_CURVE('',#5552,#5568,#5576,.T.);
#5576 = LINE('',#5577,#5578);
#5577 = CARTESIAN_POINT('',(945.,-32.,20.));
#5578 = VECTOR('',#5579,1.);
#5579 = DIRECTION('',(0.,1.,0.));
#5580 = PLANE('',#5581);
#5581 = AXIS2_PLACEMENT_3D('',#5582,#5583,#5584);
#5582 = CARTESIAN_POINT('',(945.,-32.,8.));
#5583 = DIRECTION('',(1.,0.,0.));
#5584 = DIRECTION('',(0.,0.,1.));
#5585 = ADVANCED_FACE('',(#5586),#5602,.F.);
#5586 = FACE_BOUND('',#5587,.F.);
#5587 = EDGE_LOOP('',(#5588,#5594,#5595,#5601));
#5588 = ORIENTED_EDGE('',*,*,#5589,.F.);
#5589 = EDGE_CURVE('',#5510,#5550,#5590,.T.);
#5590 = LINE('',#5591,#5592);
#5591 = CARTESIAN_POINT('',(850.,-32.,8.));
#5592 = VECTOR('',#5593,1.);
#5593 = DIRECTION('',(1.,0.,0.));
#5594 = ORIENTED_EDGE('',*,*,#5509,.T.);
#5595 = ORIENTED_EDGE('',*,*,#5596,.T.);
#5596 = EDGE_CURVE('',#5512,#5552,#5597,.T.);
#5597 = LINE('',#5598,#5599);
#5598 = CARTESIAN_POINT('',(850.,-32.,20.));
#5599 = VECTOR('',#5600,1.);
#5600 = DIRECTION('',(1.,0.,0.));
#5601 = ORIENTED_EDGE('',*,*,#5549,.F.);
#5602 = PLANE('',#5603);
#5603 = AXIS2_PLACEMENT_3D('',#5604,#5605,#5606);
#5604 = CARTESIAN_POINT('',(850.,-32.,8.));
#5605 = DIRECTION('',(0.,1.,0.));
#5606 = DIRECTION('',(0.,0.,1.));
#5607 = ADVANCED_FACE('',(#5608),#5624,.T.);
#5608 = FACE_BOUND('',#5609,.T.);
#5609 = EDGE_LOOP('',(#5610,#5616,#5617,#5623));
#5610 = ORIENTED_EDGE('',*,*,#5611,.F.);
#5611 = EDGE_CURVE('',#5520,#5560,#5612,.T.);
#5612 = LINE('',#5613,#5614);
#5613 = CARTESIAN_POINT('',(850.,32.,8.));
#5614 = VECTOR('',#5615,1.);
#5615 = DIRECTION('',(1.,0.,0.));
#5616 = ORIENTED_EDGE('',*,*,#5527,.T.);
#5617 = ORIENTED_EDGE('',*,*,#5618,.T.);
#5618 = EDGE_CURVE('',#5528,#5568,#5619,.T.);
#5619 = LINE('',#5620,#5621);
#5620 = CARTESIAN_POINT('',(850.,32.,20.));
#5621 = VECTOR('',#5622,1.);
#5622 = DIRECTION('',(1.,0.,0.));
#5623 = ORIENTED_EDGE('',*,*,#5567,.F.);
#5624 = PLANE('',#5625);
#5625 = AXIS2_PLACEMENT_3D('',#5626,#5627,#5628);
#5626 = CARTESIAN_POINT('',(850.,32.,8.));
#5627 = DIRECTION('',(0.,1.,0.));
#5628 = DIRECTION('',(0.,0.,1.));
#5629 = ADVANCED_FACE('',(#5630),#5636,.F.);
#5630 = FACE_BOUND('',#5631,.F.);
#5631 = EDGE_LOOP('',(#5632,#5633,#5634,#5635));
#5632 = ORIENTED_EDGE('',*,*,#5519,.F.);
#5633 = ORIENTED_EDGE('',*,*,#5589,.T.);
#5634 = ORIENTED_EDGE('',*,*,#5559,.T.);
#5635 = ORIENTED_EDGE('',*,*,#5611,.F.);
#5636 = PLANE('',#5637);
#5637 = AXIS2_PLACEMENT_3D('',#5638,#5639,#5640);
#5638 = CARTESIAN_POINT('',(850.,-32.,8.));
#5639 = DIRECTION('',(0.,0.,1.));
#5640 = DIRECTION('',(1.,0.,0.));
#5641 = ADVANCED_FACE('',(#5642),#5648,.T.);
#5642 = FACE_BOUND('',#5643,.T.);
#5643 = EDGE_LOOP('',(#5644,#5645,#5646,#5647));
#5644 = ORIENTED_EDGE('',*,*,#5535,.F.);
#5645 = ORIENTED_EDGE('',*,*,#5596,.T.);
#5646 = ORIENTED_EDGE('',*,*,#5575,.T.);
#5647 = ORIENTED_EDGE('',*,*,#5618,.F.);
#5648 = PLANE('',#5649);
#5649 = AXIS2_PLACEMENT_3D('',#5650,#5651,#5652);
#5650 = CARTESIAN_POINT('',(850.,-32.,20.));
#5651 = DIRECTION('',(0.,0.,1.));
#5652 = DIRECTION('',(1.,0.,0.));
#5653 = MANIFOLD_SOLID_BREP('',#5654);
#5654 = CLOSED_SHELL('',(#5655,#5695,#5735,#5757,#5779,#5791));
#5655 = ADVANCED_FACE('',(#5656),#5690,.F.);
#5656 = FACE_BOUND('',#5657,.F.);
#5657 = EDGE_LOOP('',(#5658,#5668,#5676,#5684));
#5658 = ORIENTED_EDGE('',*,*,#5659,.F.);
#5659 = EDGE_CURVE('',#5660,#5662,#5664,.T.);
#5660 = VERTEX_POINT('',#5661);
#5661 = CARTESIAN_POINT('',(850.,-15.,-23.5));
#5662 = VERTEX_POINT('',#5663);
#5663 = CARTESIAN_POINT('',(850.,-15.,-5.5));
#5664 = LINE('',#5665,#5666);
#5665 = CARTESIAN_POINT('',(850.,-15.,-23.5));
#5666 = VECTOR('',#5667,1.);
#5667 = DIRECTION('',(0.,0.,1.));
#5668 = ORIENTED_EDGE('',*,*,#5669,.T.);
#5669 = EDGE_CURVE('',#5660,#5670,#5672,.T.);
#5670 = VERTEX_POINT('',#5671);
#5671 = CARTESIAN_POINT('',(850.,15.,-23.5));
#5672 = LINE('',#5673,#5674);
#5673 = CARTESIAN_POINT('',(850.,-15.,-23.5));
#5674 = VECTOR('',#5675,1.);
#5675 = DIRECTION('',(0.,1.,0.));
#5676 = ORIENTED_EDGE('',*,*,#5677,.T.);
#5677 = EDGE_CURVE('',#5670,#5678,#5680,.T.);
#5678 = VERTEX_POINT('',#5679);
#5679 = CARTESIAN_POINT('',(850.,15.,-5.5));
#5680 = LINE('',#5681,#5682);
#5681 = CARTESIAN_POINT('',(850.,15.,-23.5));
#5682 = VECTOR('',#5683,1.);
#5683 = DIRECTION('',(0.,0.,1.));
#5684 = ORIENTED_EDGE('',*,*,#5685,.F.);
#5685 = EDGE_CURVE('',#5662,#5678,#5686,.T.);
#5686 = LINE('',#5687,#5688);
#5687 = CARTESIAN_POINT('',(850.,-15.,-5.5));
#5688 = VECTOR('',#5689,1.);
#5689 = DIRECTION('',(0.,1.,0.));
#5690 = PLANE('',#5691);
#5691 = AXIS2_PLACEMENT_3D('',#5692,#5693,#5694);
#5692 = CARTESIAN_POINT('',(850.,-15.,-23.5));
#5693 = DIRECTION('',(1.,0.,0.));
#5694 = DIRECTION('',(0.,0.,1.));
#5695 = ADVANCED_FACE('',(#5696),#5730,.T.);
#5696 = FACE_BOUND('',#5697,.T.);
#5697 = EDGE_LOOP('',(#5698,#5708,#5716,#5724));
#5698 = ORIENTED_EDGE('',*,*,#5699,.F.);
#5699 = EDGE_CURVE('',#5700,#5702,#5704,.T.);
#5700 = VERTEX_POINT('',#5701);
#5701 = CARTESIAN_POINT('',(934.,-15.,-23.5));
#5702 = VERTEX_POINT('',#5703);
#5703 = CARTESIAN_POINT('',(934.,-15.,-5.5));
#5704 = LINE('',#5705,#5706);
#5705 = CARTESIAN_POINT('',(934.,-15.,-23.5));
#5706 = VECTOR('',#5707,1.);
#5707 = DIRECTION('',(0.,0.,1.));
#5708 = ORIENTED_EDGE('',*,*,#5709,.T.);
#5709 = EDGE_CURVE('',#5700,#5710,#5712,.T.);
#5710 = VERTEX_POINT('',#5711);
#5711 = CARTESIAN_POINT('',(934.,15.,-23.5));
#5712 = LINE('',#5713,#5714);
#5713 = CARTESIAN_POINT('',(934.,-15.,-23.5));
#5714 = VECTOR('',#5715,1.);
#5715 = DIRECTION('',(0.,1.,0.));
#5716 = ORIENTED_EDGE('',*,*,#5717,.T.);
#5717 = EDGE_CURVE('',#5710,#5718,#5720,.T.);
#5718 = VERTEX_POINT('',#5719);
#5719 = CARTESIAN_POINT('',(934.,15.,-5.5));
#5720 = LINE('',#5721,#5722);
#5721 = CARTESIAN_POINT('',(934.,15.,-23.5));
#5722 = VECTOR('',#5723,1.);
#5723 = DIRECTION('',(0.,0.,1.));
#5724 = ORIENTED_EDGE('',*,*,#5725,.F.);
#5725 = EDGE_CURVE('',#5702,#5718,#5726,.T.);
#5726 = LINE('',#5727,#5728);
#5727 = CARTESIAN_POINT('',(934.,-15.,-5.5));
#5728 = VECTOR('',#5729,1.);
#5729 = DIRECTION('',(0.,1.,0.));
#5730 = PLANE('',#5731);
#5731 = AXIS2_PLACEMENT_3D('',#5732,#5733,#5734);
#5732 = CARTESIAN_POINT('',(934.,-15.,-23.5));
#5733 = DIRECTION('',(1.,0.,0.));
#5734 = DIRECTION('',(0.,0.,1.));
#5735 = ADVANCED_FACE('',(#5736),#5752,.F.);
#5736 = FACE_BOUND('',#5737,.F.);
#5737 = EDGE_LOOP('',(#5738,#5744,#5745,#5751));
#5738 = ORIENTED_EDGE('',*,*,#5739,.F.);
#5739 = EDGE_CURVE('',#5660,#5700,#5740,.T.);
#5740 = LINE('',#5741,#5742);
#5741 = CARTESIAN_POINT('',(850.,-15.,-23.5));
#5742 = VECTOR('',#5743,1.);
#5743 = DIRECTION('',(1.,0.,0.));
#5744 = ORIENTED_EDGE('',*,*,#5659,.T.);
#5745 = ORIENTED_EDGE('',*,*,#5746,.T.);
#5746 = EDGE_CURVE('',#5662,#5702,#5747,.T.);
#5747 = LINE('',#5748,#5749);
#5748 = CARTESIAN_POINT('',(850.,-15.,-5.5));
#5749 = VECTOR('',#5750,1.);
#5750 = DIRECTION('',(1.,0.,0.));
#5751 = ORIENTED_EDGE('',*,*,#5699,.F.);
#5752 = PLANE('',#5753);
#5753 = AXIS2_PLACEMENT_3D('',#5754,#5755,#5756);
#5754 = CARTESIAN_POINT('',(850.,-15.,-23.5));
#5755 = DIRECTION('',(0.,1.,0.));
#5756 = DIRECTION('',(0.,0.,1.));
#5757 = ADVANCED_FACE('',(#5758),#5774,.T.);
#5758 = FACE_BOUND('',#5759,.T.);
#5759 = EDGE_LOOP('',(#5760,#5766,#5767,#5773));
#5760 = ORIENTED_EDGE('',*,*,#5761,.F.);
#5761 = EDGE_CURVE('',#5670,#5710,#5762,.T.);
#5762 = LINE('',#5763,#5764);
#5763 = CARTESIAN_POINT('',(850.,15.,-23.5));
#5764 = VECTOR('',#5765,1.);
#5765 = DIRECTION('',(1.,0.,0.));
#5766 = ORIENTED_EDGE('',*,*,#5677,.T.);
#5767 = ORIENTED_EDGE('',*,*,#5768,.T.);
#5768 = EDGE_CURVE('',#5678,#5718,#5769,.T.);
#5769 = LINE('',#5770,#5771);
#5770 = CARTESIAN_POINT('',(850.,15.,-5.5));
#5771 = VECTOR('',#5772,1.);
#5772 = DIRECTION('',(1.,0.,0.));
#5773 = ORIENTED_EDGE('',*,*,#5717,.F.);
#5774 = PLANE('',#5775);
#5775 = AXIS2_PLACEMENT_3D('',#5776,#5777,#5778);
#5776 = CARTESIAN_POINT('',(850.,15.,-23.5));
#5777 = DIRECTION('',(0.,1.,0.));
#5778 = DIRECTION('',(0.,0.,1.));
#5779 = ADVANCED_FACE('',(#5780),#5786,.F.);
#5780 = FACE_BOUND('',#5781,.F.);
#5781 = EDGE_LOOP('',(#5782,#5783,#5784,#5785));
#5782 = ORIENTED_EDGE('',*,*,#5669,.F.);
#5783 = ORIENTED_EDGE('',*,*,#5739,.T.);
#5784 = ORIENTED_EDGE('',*,*,#5709,.T.);
#5785 = ORIENTED_EDGE('',*,*,#5761,.F.);
#5786 = PLANE('',#5787);
#5787 = AXIS2_PLACEMENT_3D('',#5788,#5789,#5790);
#5788 = CARTESIAN_POINT('',(850.,-15.,-23.5));
#5789 = DIRECTION('',(0.,0.,1.));
#5790 = DIRECTION('',(1.,0.,0.));
#5791 = ADVANCED_FACE('',(#5792),#5798,.T.);
#5792 = FACE_BOUND('',#5793,.T.);
#5793 = EDGE_LOOP('',(#5794,#5795,#5796,#5797));
#5794 = ORIENTED_EDGE('',*,*,#5685,.F.);
#5795 = ORIENTED_EDGE('',*,*,#5746,.T.);
#5796 = ORIENTED_EDGE('',*,*,#5725,.T.);
#5797 = ORIENTED_EDGE('',*,*,#5768,.F.);
#5798 = PLANE('',#5799);
#5799 = AXIS2_PLACEMENT_3D('',#5800,#5801,#5802);
#5800 = CARTESIAN_POINT('',(850.,-15.,-5.5));
#5801 = DIRECTION('',(0.,0.,1.));
#5802 = DIRECTION('',(1.,0.,0.));
#5803 = MANIFOLD_SOLID_BREP('',#5804);
#5804 = CLOSED_SHELL('',(#5805,#5845,#5885,#5907,#5929,#5941));
#5805 = ADVANCED_FACE('',(#5806),#5840,.F.);
#5806 = FACE_BOUND('',#5807,.F.);
#5807 = EDGE_LOOP('',(#5808,#5818,#5826,#5834));
#5808 = ORIENTED_EDGE('',*,*,#5809,.F.);
#5809 = EDGE_CURVE('',#5810,#5812,#5814,.T.);
#5810 = VERTEX_POINT('',#5811);
#5811 = CARTESIAN_POINT('',(970.,-20.,5.));
#5812 = VERTEX_POINT('',#5813);
#5813 = CARTESIAN_POINT('',(970.,-20.,27.));
#5814 = LINE('',#5815,#5816);
#5815 = CARTESIAN_POINT('',(970.,-20.,5.));
#5816 = VECTOR('',#5817,1.);
#5817 = DIRECTION('',(0.,0.,1.));
#5818 = ORIENTED_EDGE('',*,*,#5819,.T.);
#5819 = EDGE_CURVE('',#5810,#5820,#5822,.T.);
#5820 = VERTEX_POINT('',#5821);
#5821 = CARTESIAN_POINT('',(970.,20.,5.));
#5822 = LINE('',#5823,#5824);
#5823 = CARTESIAN_POINT('',(970.,-20.,5.));
#5824 = VECTOR('',#5825,1.);
#5825 = DIRECTION('',(0.,1.,0.));
#5826 = ORIENTED_EDGE('',*,*,#5827,.T.);
#5827 = EDGE_CURVE('',#5820,#5828,#5830,.T.);
#5828 = VERTEX_POINT('',#5829);
#5829 = CARTESIAN_POINT('',(970.,20.,27.));
#5830 = LINE('',#5831,#5832);
#5831 = CARTESIAN_POINT('',(970.,20.,5.));
#5832 = VECTOR('',#5833,1.);
#5833 = DIRECTION('',(0.,0.,1.));
#5834 = ORIENTED_EDGE('',*,*,#5835,.F.);
#5835 = EDGE_CURVE('',#5812,#5828,#5836,.T.);
#5836 = LINE('',#5837,#5838);
#5837 = CARTESIAN_POINT('',(970.,-20.,27.));
#5838 = VECTOR('',#5839,1.);
#5839 = DIRECTION('',(0.,1.,0.));
#5840 = PLANE('',#5841);
#5841 = AXIS2_PLACEMENT_3D('',#5842,#5843,#5844);
#5842 = CARTESIAN_POINT('',(970.,-20.,5.));
#5843 = DIRECTION('',(1.,0.,0.));
#5844 = DIRECTION('',(0.,0.,1.));
#5845 = ADVANCED_FACE('',(#5846),#5880,.T.);
#5846 = FACE_BOUND('',#5847,.T.);
#5847 = EDGE_LOOP('',(#5848,#5858,#5866,#5874));
#5848 = ORIENTED_EDGE('',*,*,#5849,.F.);
#5849 = EDGE_CURVE('',#5850,#5852,#5854,.T.);
#5850 = VERTEX_POINT('',#5851);
#5851 = CARTESIAN_POINT('',(1.04E+03,-20.,5.));
#5852 = VERTEX_POINT('',#5853);
#5853 = CARTESIAN_POINT('',(1.04E+03,-20.,27.));
#5854 = LINE('',#5855,#5856);
#5855 = CARTESIAN_POINT('',(1.04E+03,-20.,5.));
#5856 = VECTOR('',#5857,1.);
#5857 = DIRECTION('',(0.,0.,1.));
#5858 = ORIENTED_EDGE('',*,*,#5859,.T.);
#5859 = EDGE_CURVE('',#5850,#5860,#5862,.T.);
#5860 = VERTEX_POINT('',#5861);
#5861 = CARTESIAN_POINT('',(1.04E+03,20.,5.));
#5862 = LINE('',#5863,#5864);
#5863 = CARTESIAN_POINT('',(1.04E+03,-20.,5.));
#5864 = VECTOR('',#5865,1.);
#5865 = DIRECTION('',(0.,1.,0.));
#5866 = ORIENTED_EDGE('',*,*,#5867,.T.);
#5867 = EDGE_CURVE('',#5860,#5868,#5870,.T.);
#5868 = VERTEX_POINT('',#5869);
#5869 = CARTESIAN_POINT('',(1.04E+03,20.,27.));
#5870 = LINE('',#5871,#5872);
#5871 = CARTESIAN_POINT('',(1.04E+03,20.,5.));
#5872 = VECTOR('',#5873,1.);
#5873 = DIRECTION('',(0.,0.,1.));
#5874 = ORIENTED_EDGE('',*,*,#5875,.F.);
#5875 = EDGE_CURVE('',#5852,#5868,#5876,.T.);
#5876 = LINE('',#5877,#5878);
#5877 = CARTESIAN_POINT('',(1.04E+03,-20.,27.));
#5878 = VECTOR('',#5879,1.);
#5879 = DIRECTION('',(0.,1.,0.));
#5880 = PLANE('',#5881);
#5881 = AXIS2_PLACEMENT_3D('',#5882,#5883,#5884);
#5882 = CARTESIAN_POINT('',(1.04E+03,-20.,5.));
#5883 = DIRECTION('',(1.,0.,0.));
#5884 = DIRECTION('',(0.,0.,1.));
#5885 = ADVANCED_FACE('',(#5886),#5902,.F.);
#5886 = FACE_BOUND('',#5887,.F.);
#5887 = EDGE_LOOP('',(#5888,#5894,#5895,#5901));
#5888 = ORIENTED_EDGE('',*,*,#5889,.F.);
#5889 = EDGE_CURVE('',#5810,#5850,#5890,.T.);
#5890 = LINE('',#5891,#5892);
#5891 = CARTESIAN_POINT('',(970.,-20.,5.));
#5892 = VECTOR('',#5893,1.);
#5893 = DIRECTION('',(1.,0.,0.));
#5894 = ORIENTED_EDGE('',*,*,#5809,.T.);
#5895 = ORIENTED_EDGE('',*,*,#5896,.T.);
#5896 = EDGE_CURVE('',#5812,#5852,#5897,.T.);
#5897 = LINE('',#5898,#5899);
#5898 = CARTESIAN_POINT('',(970.,-20.,27.));
#5899 = VECTOR('',#5900,1.);
#5900 = DIRECTION('',(1.,0.,0.));
#5901 = ORIENTED_EDGE('',*,*,#5849,.F.);
#5902 = PLANE('',#5903);
#5903 = AXIS2_PLACEMENT_3D('',#5904,#5905,#5906);
#5904 = CARTESIAN_POINT('',(970.,-20.,5.));
#5905 = DIRECTION('',(0.,1.,0.));
#5906 = DIRECTION('',(0.,0.,1.));
#5907 = ADVANCED_FACE('',(#5908),#5924,.T.);
#5908 = FACE_BOUND('',#5909,.T.);
#5909 = EDGE_LOOP('',(#5910,#5916,#5917,#5923));
#5910 = ORIENTED_EDGE('',*,*,#5911,.F.);
#5911 = EDGE_CURVE('',#5820,#5860,#5912,.T.);
#5912 = LINE('',#5913,#5914);
#5913 = CARTESIAN_POINT('',(970.,20.,5.));
#5914 = VECTOR('',#5915,1.);
#5915 = DIRECTION('',(1.,0.,0.));
#5916 = ORIENTED_EDGE('',*,*,#5827,.T.);
#5917 = ORIENTED_EDGE('',*,*,#5918,.T.);
#5918 = EDGE_CURVE('',#5828,#5868,#5919,.T.);
#5919 = LINE('',#5920,#5921);
#5920 = CARTESIAN_POINT('',(970.,20.,27.));
#5921 = VECTOR('',#5922,1.);
#5922 = DIRECTION('',(1.,0.,0.));
#5923 = ORIENTED_EDGE('',*,*,#5867,.F.);
#5924 = PLANE('',#5925);
#5925 = AXIS2_PLACEMENT_3D('',#5926,#5927,#5928);
#5926 = CARTESIAN_POINT('',(970.,20.,5.));
#5927 = DIRECTION('',(0.,1.,0.));
#5928 = DIRECTION('',(0.,0.,1.));
#5929 = ADVANCED_FACE('',(#5930),#5936,.F.);
#5930 = FACE_BOUND('',#5931,.F.);
#5931 = EDGE_LOOP('',(#5932,#5933,#5934,#5935));
#5932 = ORIENTED_EDGE('',*,*,#5819,.F.);
#5933 = ORIENTED_EDGE('',*,*,#5889,.T.);
#5934 = ORIENTED_EDGE('',*,*,#5859,.T.);
#5935 = ORIENTED_EDGE('',*,*,#5911,.F.);
#5936 = PLANE('',#5937);
#5937 = AXIS2_PLACEMENT_3D('',#5938,#5939,#5940);
#5938 = CARTESIAN_POINT('',(970.,-20.,5.));
#5939 = DIRECTION('',(0.,0.,1.));
#5940 = DIRECTION('',(1.,0.,0.));
#5941 = ADVANCED_FACE('',(#5942),#5948,.T.);
#5942 = FACE_BOUND('',#5943,.T.);
#5943 = EDGE_LOOP('',(#5944,#5945,#5946,#5947));
#5944 = ORIENTED_EDGE('',*,*,#5835,.F.);
#5945 = ORIENTED_EDGE('',*,*,#5896,.T.);
#5946 = ORIENTED_EDGE('',*,*,#5875,.T.);
#5947 = ORIENTED_EDGE('',*,*,#5918,.F.);
#5948 = PLANE('',#5949);
#5949 = AXIS2_PLACEMENT_3D('',#5950,#5951,#5952);
#5950 = CARTESIAN_POINT('',(970.,-20.,27.));
#5951 = DIRECTION('',(0.,0.,1.));
#5952 = DIRECTION('',(1.,0.,0.));
#5953 = MANIFOLD_SOLID_BREP('',#5954);
#5954 = CLOSED_SHELL('',(#5955,#5988,#6008,#6028));
#5955 = ADVANCED_FACE('',(#5956),#5983,.T.);
#5956 = FACE_BOUND('',#5957,.F.);
#5957 = EDGE_LOOP('',(#5958,#5968,#5975,#5976));
#5958 = ORIENTED_EDGE('',*,*,#5959,.T.);
#5959 = EDGE_CURVE('',#5960,#5962,#5964,.T.);
#5960 = VERTEX_POINT('',#5961);
#5961 = CARTESIAN_POINT('',(819.,-1.2E-14,-48.3));
#5962 = VERTEX_POINT('',#5963);
#5963 = CARTESIAN_POINT('',(825.,-1.2E-14,-48.3));
#5964 = LINE('',#5965,#5966);
#5965 = CARTESIAN_POINT('',(819.,-1.183E-14,-48.3));
#5966 = VECTOR('',#5967,1.);
#5967 = DIRECTION('',(1.,0.,0.));
#5968 = ORIENTED_EDGE('',*,*,#5969,.T.);
#5969 = EDGE_CURVE('',#5962,#5962,#5970,.T.);
#5970 = CIRCLE('',#5971,48.3);
#5971 = AXIS2_PLACEMENT_3D('',#5972,#5973,#5974);
#5972 = CARTESIAN_POINT('',(825.,0.,0.));
#5973 = DIRECTION('',(1.,-0.,0.));
#5974 = DIRECTION('',(0.,0.,-1.));
#5975 = ORIENTED_EDGE('',*,*,#5959,.F.);
#5976 = ORIENTED_EDGE('',*,*,#5977,.F.);
#5977 = EDGE_CURVE('',#5960,#5960,#5978,.T.);
#5978 = CIRCLE('',#5979,48.3);
#5979 = AXIS2_PLACEMENT_3D('',#5980,#5981,#5982);
#5980 = CARTESIAN_POINT('',(819.,0.,0.));
#5981 = DIRECTION('',(1.,-0.,0.));
#5982 = DIRECTION('',(0.,0.,-1.));
#5983 = CYLINDRICAL_SURFACE('',#5984,48.3);
#5984 = AXIS2_PLACEMENT_3D('',#5985,#5986,#5987);
#5985 = CARTESIAN_POINT('',(819.,0.,0.));
#5986 = DIRECTION('',(-1.,-0.,0.));
#5987 = DIRECTION('',(0.,0.,-1.));
#5988 = ADVANCED_FACE('',(#5989,#5992),#6003,.F.);
#5989 = FACE_BOUND('',#5990,.F.);
#5990 = EDGE_LOOP('',(#5991));
#5991 = ORIENTED_EDGE('',*,*,#5977,.T.);
#5992 = FACE_BOUND('',#5993,.F.);
#5993 = EDGE_LOOP('',(#5994));
#5994 = ORIENTED_EDGE('',*,*,#5995,.F.);
#5995 = EDGE_CURVE('',#5996,#5996,#5998,.T.);
#5996 = VERTEX_POINT('',#5997);
#5997 = CARTESIAN_POINT('',(819.,-9.E-15,-35.));
#5998 = CIRCLE('',#5999,35.);
#5999 = AXIS2_PLACEMENT_3D('',#6000,#6001,#6002);
#6000 = CARTESIAN_POINT('',(819.,0.,0.));
#6001 = DIRECTION('',(1.,-0.,0.));
#6002 = DIRECTION('',(0.,0.,-1.));
#6003 = PLANE('',#6004);
#6004 = AXIS2_PLACEMENT_3D('',#6005,#6006,#6007);
#6005 = CARTESIAN_POINT('',(819.,0.,0.));
#6006 = DIRECTION('',(1.,0.,0.));
#6007 = DIRECTION('',(0.,0.,-1.));
#6008 = ADVANCED_FACE('',(#6009,#6012),#6023,.T.);
#6009 = FACE_BOUND('',#6010,.T.);
#6010 = EDGE_LOOP('',(#6011));
#6011 = ORIENTED_EDGE('',*,*,#5969,.T.);
#6012 = FACE_BOUND('',#6013,.T.);
#6013 = EDGE_LOOP('',(#6014));
#6014 = ORIENTED_EDGE('',*,*,#6015,.F.);
#6015 = EDGE_CURVE('',#6016,#6016,#6018,.T.);
#6016 = VERTEX_POINT('',#6017);
#6017 = CARTESIAN_POINT('',(825.,-9.E-15,-35.));
#6018 = CIRCLE('',#6019,35.);
#6019 = AXIS2_PLACEMENT_3D('',#6020,#6021,#6022);
#6020 = CARTESIAN_POINT('',(825.,0.,0.));
#6021 = DIRECTION('',(1.,-0.,0.));
#6022 = DIRECTION('',(0.,0.,-1.));
#6023 = PLANE('',#6024);
#6024 = AXIS2_PLACEMENT_3D('',#6025,#6026,#6027);
#6025 = CARTESIAN_POINT('',(825.,0.,0.));
#6026 = DIRECTION('',(1.,0.,0.));
#6027 = DIRECTION('',(0.,0.,-1.));
#6028 = ADVANCED_FACE('',(#6029),#6040,.F.);
#6029 = FACE_BOUND('',#6030,.T.);
#6030 = EDGE_LOOP('',(#6031,#6037,#6038,#6039));
#6031 = ORIENTED_EDGE('',*,*,#6032,.T.);
#6032 = EDGE_CURVE('',#5996,#6016,#6033,.T.);
#6033 = LINE('',#6034,#6035);
#6034 = CARTESIAN_POINT('',(819.,-8.57E-15,-35.));
#6035 = VECTOR('',#6036,1.);
#6036 = DIRECTION('',(1.,0.,0.));
#6037 = ORIENTED_EDGE('',*,*,#6015,.T.);
#6038 = ORIENTED_EDGE('',*,*,#6032,.F.);
#6039 = ORIENTED_EDGE('',*,*,#5995,.F.);
#6040 = CYLINDRICAL_SURFACE('',#6041,35.);
#6041 = AXIS2_PLACEMENT_3D('',#6042,#6043,#6044);
#6042 = CARTESIAN_POINT('',(819.,0.,0.));
#6043 = DIRECTION('',(-1.,-0.,0.));
#6044 = DIRECTION('',(0.,0.,-1.));
#6045 = MANIFOLD_SOLID_BREP('',#6046);
#6046 = CLOSED_SHELL('',(#6047,#6080,#6100,#6120));
#6047 = ADVANCED_FACE('',(#6048),#6075,.T.);
#6048 = FACE_BOUND('',#6049,.F.);
#6049 = EDGE_LOOP('',(#6050,#6060,#6067,#6068));
#6050 = ORIENTED_EDGE('',*,*,#6051,.T.);
#6051 = EDGE_CURVE('',#6052,#6054,#6056,.T.);
#6052 = VERTEX_POINT('',#6053);
#6053 = CARTESIAN_POINT('',(1.065E+03,-1.2E-14,-48.3));
#6054 = VERTEX_POINT('',#6055);
#6055 = CARTESIAN_POINT('',(1.071E+03,-1.2E-14,-48.3));
#6056 = LINE('',#6057,#6058);
#6057 = CARTESIAN_POINT('',(1.065E+03,-1.183E-14,-48.3));
#6058 = VECTOR('',#6059,1.);
#6059 = DIRECTION('',(1.,0.,0.));
#6060 = ORIENTED_EDGE('',*,*,#6061,.T.);
#6061 = EDGE_CURVE('',#6054,#6054,#6062,.T.);
#6062 = CIRCLE('',#6063,48.3);
#6063 = AXIS2_PLACEMENT_3D('',#6064,#6065,#6066);
#6064 = CARTESIAN_POINT('',(1.071E+03,0.,0.));
#6065 = DIRECTION('',(1.,-0.,0.));
#6066 = DIRECTION('',(0.,0.,-1.));
#6067 = ORIENTED_EDGE('',*,*,#6051,.F.);
#6068 = ORIENTED_EDGE('',*,*,#6069,.F.);
#6069 = EDGE_CURVE('',#6052,#6052,#6070,.T.);
#6070 = CIRCLE('',#6071,48.3);
#6071 = AXIS2_PLACEMENT_3D('',#6072,#6073,#6074);
#6072 = CARTESIAN_POINT('',(1.065E+03,0.,0.));
#6073 = DIRECTION('',(1.,-0.,0.));
#6074 = DIRECTION('',(0.,0.,-1.));
#6075 = CYLINDRICAL_SURFACE('',#6076,48.3);
#6076 = AXIS2_PLACEMENT_3D('',#6077,#6078,#6079);
#6077 = CARTESIAN_POINT('',(1.065E+03,0.,0.));
#6078 = DIRECTION('',(-1.,-0.,0.));
#6079 = DIRECTION('',(0.,0.,-1.));
#6080 = ADVANCED_FACE('',(#6081,#6084),#6095,.F.);
#6081 = FACE_BOUND('',#6082,.F.);
#6082 = EDGE_LOOP('',(#6083));
#6083 = ORIENTED_EDGE('',*,*,#6069,.T.);
#6084 = FACE_BOUND('',#6085,.F.);
#6085 = EDGE_LOOP('',(#6086));
#6086 = ORIENTED_EDGE('',*,*,#6087,.F.);
#6087 = EDGE_CURVE('',#6088,#6088,#6090,.T.);
#6088 = VERTEX_POINT('',#6089);
#6089 = CARTESIAN_POINT('',(1.065E+03,-9.E-15,-35.));
#6090 = CIRCLE('',#6091,35.);
#6091 = AXIS2_PLACEMENT_3D('',#6092,#6093,#6094);
#6092 = CARTESIAN_POINT('',(1.065E+03,0.,0.));
#6093 = DIRECTION('',(1.,-0.,0.));
#6094 = DIRECTION('',(0.,0.,-1.));
#6095 = PLANE('',#6096);
#6096 = AXIS2_PLACEMENT_3D('',#6097,#6098,#6099);
#6097 = CARTESIAN_POINT('',(1.065E+03,0.,0.));
#6098 = DIRECTION('',(1.,0.,0.));
#6099 = DIRECTION('',(0.,0.,-1.));
#6100 = ADVANCED_FACE('',(#6101,#6104),#6115,.T.);
#6101 = FACE_BOUND('',#6102,.T.);
#6102 = EDGE_LOOP('',(#6103));
#6103 = ORIENTED_EDGE('',*,*,#6061,.T.);
#6104 = FACE_BOUND('',#6105,.T.);
#6105 = EDGE_LOOP('',(#6106));
#6106 = ORIENTED_EDGE('',*,*,#6107,.F.);
#6107 = EDGE_CURVE('',#6108,#6108,#6110,.T.);
#6108 = VERTEX_POINT('',#6109);
#6109 = CARTESIAN_POINT('',(1.071E+03,-9.E-15,-35.));
#6110 = CIRCLE('',#6111,35.);
#6111 = AXIS2_PLACEMENT_3D('',#6112,#6113,#6114);
#6112 = CARTESIAN_POINT('',(1.071E+03,0.,0.));
#6113 = DIRECTION('',(1.,-0.,0.));
#6114 = DIRECTION('',(0.,0.,-1.));
#6115 = PLANE('',#6116);
#6116 = AXIS2_PLACEMENT_3D('',#6117,#6118,#6119);
#6117 = CARTESIAN_POINT('',(1.071E+03,0.,0.));
#6118 = DIRECTION('',(1.,0.,0.));
#6119 = DIRECTION('',(0.,0.,-1.));
#6120 = ADVANCED_FACE('',(#6121),#6132,.F.);
#6121 = FACE_BOUND('',#6122,.T.);
#6122 = EDGE_LOOP('',(#6123,#6129,#6130,#6131));
#6123 = ORIENTED_EDGE('',*,*,#6124,.T.);
#6124 = EDGE_CURVE('',#6088,#6108,#6125,.T.);
#6125 = LINE('',#6126,#6127);
#6126 = CARTESIAN_POINT('',(1.065E+03,-8.57E-15,-35.));
#6127 = VECTOR('',#6128,1.);
#6128 = DIRECTION('',(1.,0.,0.));
#6129 = ORIENTED_EDGE('',*,*,#6107,.T.);
#6130 = ORIENTED_EDGE('',*,*,#6124,.F.);
#6131 = ORIENTED_EDGE('',*,*,#6087,.F.);
#6132 = CYLINDRICAL_SURFACE('',#6133,35.);
#6133 = AXIS2_PLACEMENT_3D('',#6134,#6135,#6136);
#6134 = CARTESIAN_POINT('',(1.065E+03,0.,0.));
#6135 = DIRECTION('',(-1.,-0.,0.));
#6136 = DIRECTION('',(0.,0.,-1.));
#6137 = MANIFOLD_SOLID_BREP('',#6138);
#6138 = CLOSED_SHELL('',(#6139,#6187,#6218,#6257,#6279,#6327,#6358,#6397
    ,#6419,#6459,#6498,#6537,#6554,#6571,#6588,#6628,#6659,#6690,#6723,
    #6770,#6801,#6832,#6863,#6926,#6959,#6990,#7014,#7045,#7076,#7107,
    #7154,#7187,#7218,#7249,#7280,#7313,#7360,#7391,#7422,#7453,#7516,
    #7549,#7580,#7724,#7767,#7810,#7858,#7889,#7913,#7937,#7961,#7979,
    #8024,#8048,#8086,#8103,#8146,#8163,#8179,#8203,#8227,#8239,#8275,
    #8300,#8317,#8329,#8346,#8358,#8375,#8387,#8413,#8437,#8454,#8497));
#6139 = ADVANCED_FACE('',(#6140),#6182,.T.);
#6140 = FACE_BOUND('',#6141,.T.);
#6141 = EDGE_LOOP('',(#6142,#6152,#6160,#6168,#6176));
#6142 = ORIENTED_EDGE('',*,*,#6143,.F.);
#6143 = EDGE_CURVE('',#6144,#6146,#6148,.T.);
#6144 = VERTEX_POINT('',#6145);
#6145 = CARTESIAN_POINT('',(865.,22.,3.5));
#6146 = VERTEX_POINT('',#6147);
#6147 = CARTESIAN_POINT('',(865.,22.,8.));
#6148 = LINE('',#6149,#6150);
#6149 = CARTESIAN_POINT('',(865.,22.,3.5));
#6150 = VECTOR('',#6151,1.);
#6151 = DIRECTION('',(0.,0.,1.));
#6152 = ORIENTED_EDGE('',*,*,#6153,.T.);
#6153 = EDGE_CURVE('',#6144,#6154,#6156,.T.);
#6154 = VERTEX_POINT('',#6155);
#6155 = CARTESIAN_POINT('',(865.,24.,3.5));
#6156 = LINE('',#6157,#6158);
#6157 = CARTESIAN_POINT('',(865.,22.,3.5));
#6158 = VECTOR('',#6159,1.);
#6159 = DIRECTION('',(0.,1.,0.));
#6160 = ORIENTED_EDGE('',*,*,#6161,.T.);
#6161 = EDGE_CURVE('',#6154,#6162,#6164,.T.);
#6162 = VERTEX_POINT('',#6163);
#6163 = CARTESIAN_POINT('',(865.,30.,3.5));
#6164 = LINE('',#6165,#6166);
#6165 = CARTESIAN_POINT('',(865.,22.,3.5));
#6166 = VECTOR('',#6167,1.);
#6167 = DIRECTION('',(0.,1.,0.));
#6168 = ORIENTED_EDGE('',*,*,#6169,.T.);
#6169 = EDGE_CURVE('',#6162,#6170,#6172,.T.);
#6170 = VERTEX_POINT('',#6171);
#6171 = CARTESIAN_POINT('',(865.,30.,8.));
#6172 = LINE('',#6173,#6174);
#6173 = CARTESIAN_POINT('',(865.,30.,3.5));
#6174 = VECTOR('',#6175,1.);
#6175 = DIRECTION('',(0.,0.,1.));
#6176 = ORIENTED_EDGE('',*,*,#6177,.F.);
#6177 = EDGE_CURVE('',#6146,#6170,#6178,.T.);
#6178 = LINE('',#6179,#6180);
#6179 = CARTESIAN_POINT('',(865.,22.,8.));
#6180 = VECTOR('',#6181,1.);
#6181 = DIRECTION('',(0.,1.,0.));
#6182 = PLANE('',#6183);
#6183 = AXIS2_PLACEMENT_3D('',#6184,#6185,#6186);
#6184 = CARTESIAN_POINT('',(865.,22.,3.5));
#6185 = DIRECTION('',(1.,0.,0.));
#6186 = DIRECTION('',(0.,0.,1.));
#6187 = ADVANCED_FACE('',(#6188),#6213,.T.);
#6188 = FACE_BOUND('',#6189,.T.);
#6189 = EDGE_LOOP('',(#6190,#6198,#6206,#6212));
#6190 = ORIENTED_EDGE('',*,*,#6191,.F.);
#6191 = EDGE_CURVE('',#6192,#6162,#6194,.T.);
#6192 = VERTEX_POINT('',#6193);
#6193 = CARTESIAN_POINT('',(857.,30.,3.5));
#6194 = LINE('',#6195,#6196);
#6195 = CARTESIAN_POINT('',(857.,30.,3.5));
#6196 = VECTOR('',#6197,1.);
#6197 = DIRECTION('',(1.,0.,0.));
#6198 = ORIENTED_EDGE('',*,*,#6199,.T.);
#6199 = EDGE_CURVE('',#6192,#6200,#6202,.T.);
#6200 = VERTEX_POINT('',#6201);
#6201 = CARTESIAN_POINT('',(857.,30.,8.));
#6202 = LINE('',#6203,#6204);
#6203 = CARTESIAN_POINT('',(857.,30.,3.5));
#6204 = VECTOR('',#6205,1.);
#6205 = DIRECTION('',(0.,0.,1.));
#6206 = ORIENTED_EDGE('',*,*,#6207,.T.);
#6207 = EDGE_CURVE('',#6200,#6170,#6208,.T.);
#6208 = LINE('',#6209,#6210);
#6209 = CARTESIAN_POINT('',(857.,30.,8.));
#6210 = VECTOR('',#6211,1.);
#6211 = DIRECTION('',(1.,0.,0.));
#6212 = ORIENTED_EDGE('',*,*,#6169,.F.);
#6213 = PLANE('',#6214);
#6214 = AXIS2_PLACEMENT_3D('',#6215,#6216,#6217);
#6215 = CARTESIAN_POINT('',(857.,30.,3.5));
#6216 = DIRECTION('',(0.,1.,0.));
#6217 = DIRECTION('',(0.,0.,1.));
#6218 = ADVANCED_FACE('',(#6219),#6252,.F.);
#6219 = FACE_BOUND('',#6220,.F.);
#6220 = EDGE_LOOP('',(#6221,#6231,#6239,#6245,#6246));
#6221 = ORIENTED_EDGE('',*,*,#6222,.F.);
#6222 = EDGE_CURVE('',#6223,#6225,#6227,.T.);
#6223 = VERTEX_POINT('',#6224);
#6224 = CARTESIAN_POINT('',(857.,22.,3.5));
#6225 = VERTEX_POINT('',#6226);
#6226 = CARTESIAN_POINT('',(857.,22.,8.));
#6227 = LINE('',#6228,#6229);
#6228 = CARTESIAN_POINT('',(857.,22.,3.5));
#6229 = VECTOR('',#6230,1.);
#6230 = DIRECTION('',(0.,0.,1.));
#6231 = ORIENTED_EDGE('',*,*,#6232,.T.);
#6232 = EDGE_CURVE('',#6223,#6233,#6235,.T.);
#6233 = VERTEX_POINT('',#6234);
#6234 = CARTESIAN_POINT('',(857.,24.,3.5));
#6235 = LINE('',#6236,#6237);
#6236 = CARTESIAN_POINT('',(857.,22.,3.5));
#6237 = VECTOR('',#6238,1.);
#6238 = DIRECTION('',(0.,1.,0.));
#6239 = ORIENTED_EDGE('',*,*,#6240,.T.);
#6240 = EDGE_CURVE('',#6233,#6192,#6241,.T.);
#6241 = LINE('',#6242,#6243);
#6242 = CARTESIAN_POINT('',(857.,22.,3.5));
#6243 = VECTOR('',#6244,1.);
#6244 = DIRECTION('',(0.,1.,0.));
#6245 = ORIENTED_EDGE('',*,*,#6199,.T.);
#6246 = ORIENTED_EDGE('',*,*,#6247,.F.);
#6247 = EDGE_CURVE('',#6225,#6200,#6248,.T.);
#6248 = LINE('',#6249,#6250);
#6249 = CARTESIAN_POINT('',(857.,22.,8.));
#6250 = VECTOR('',#6251,1.);
#6251 = DIRECTION('',(0.,1.,0.));
#6252 = PLANE('',#6253);
#6253 = AXIS2_PLACEMENT_3D('',#6254,#6255,#6256);
#6254 = CARTESIAN_POINT('',(857.,22.,3.5));
#6255 = DIRECTION('',(1.,0.,0.));
#6256 = DIRECTION('',(0.,0.,1.));
#6257 = ADVANCED_FACE('',(#6258),#6274,.F.);
#6258 = FACE_BOUND('',#6259,.F.);
#6259 = EDGE_LOOP('',(#6260,#6261,#6267,#6268));
#6260 = ORIENTED_EDGE('',*,*,#6232,.F.);
#6261 = ORIENTED_EDGE('',*,*,#6262,.T.);
#6262 = EDGE_CURVE('',#6223,#6144,#6263,.T.);
#6263 = LINE('',#6264,#6265);
#6264 = CARTESIAN_POINT('',(857.,22.,3.5));
#6265 = VECTOR('',#6266,1.);
#6266 = DIRECTION('',(1.,0.,0.));
#6267 = ORIENTED_EDGE('',*,*,#6153,.T.);
#6268 = ORIENTED_EDGE('',*,*,#6269,.T.);
#6269 = EDGE_CURVE('',#6154,#6233,#6270,.T.);
#6270 = LINE('',#6271,#6272);
#6271 = CARTESIAN_POINT('',(851.5,24.,3.5));
#6272 = VECTOR('',#6273,1.);
#6273 = DIRECTION('',(-1.,0.,0.));
#6274 = PLANE('',#6275);
#6275 = AXIS2_PLACEMENT_3D('',#6276,#6277,#6278);
#6276 = CARTESIAN_POINT('',(857.,22.,3.5));
#6277 = DIRECTION('',(0.,0.,1.));
#6278 = DIRECTION('',(1.,0.,0.));
#6279 = ADVANCED_FACE('',(#6280),#6322,.T.);
#6280 = FACE_BOUND('',#6281,.T.);
#6281 = EDGE_LOOP('',(#6282,#6292,#6300,#6308,#6316));
#6282 = ORIENTED_EDGE('',*,*,#6283,.F.);
#6283 = EDGE_CURVE('',#6284,#6286,#6288,.T.);
#6284 = VERTEX_POINT('',#6285);
#6285 = CARTESIAN_POINT('',(935.,22.,3.5));
#6286 = VERTEX_POINT('',#6287);
#6287 = CARTESIAN_POINT('',(935.,22.,8.));
#6288 = LINE('',#6289,#6290);
#6289 = CARTESIAN_POINT('',(935.,22.,3.5));
#6290 = VECTOR('',#6291,1.);
#6291 = DIRECTION('',(0.,0.,1.));
#6292 = ORIENTED_EDGE('',*,*,#6293,.T.);
#6293 = EDGE_CURVE('',#6284,#6294,#6296,.T.);
#6294 = VERTEX_POINT('',#6295);
#6295 = CARTESIAN_POINT('',(935.,24.,3.5));
#6296 = LINE('',#6297,#6298);
#6297 = CARTESIAN_POINT('',(935.,22.,3.5));
#6298 = VECTOR('',#6299,1.);
#6299 = DIRECTION('',(0.,1.,0.));
#6300 = ORIENTED_EDGE('',*,*,#6301,.T.);
#6301 = EDGE_CURVE('',#6294,#6302,#6304,.T.);
#6302 = VERTEX_POINT('',#6303);
#6303 = CARTESIAN_POINT('',(935.,30.,3.5));
#6304 = LINE('',#6305,#6306);
#6305 = CARTESIAN_POINT('',(935.,22.,3.5));
#6306 = VECTOR('',#6307,1.);
#6307 = DIRECTION('',(0.,1.,0.));
#6308 = ORIENTED_EDGE('',*,*,#6309,.T.);
#6309 = EDGE_CURVE('',#6302,#6310,#6312,.T.);
#6310 = VERTEX_POINT('',#6311);
#6311 = CARTESIAN_POINT('',(935.,30.,8.));
#6312 = LINE('',#6313,#6314);
#6313 = CARTESIAN_POINT('',(935.,30.,3.5));
#6314 = VECTOR('',#6315,1.);
#6315 = DIRECTION('',(0.,0.,1.));
#6316 = ORIENTED_EDGE('',*,*,#6317,.F.);
#6317 = EDGE_CURVE('',#6286,#6310,#6318,.T.);
#6318 = LINE('',#6319,#6320);
#6319 = CARTESIAN_POINT('',(935.,22.,8.));
#6320 = VECTOR('',#6321,1.);
#6321 = DIRECTION('',(0.,1.,0.));
#6322 = PLANE('',#6323);
#6323 = AXIS2_PLACEMENT_3D('',#6324,#6325,#6326);
#6324 = CARTESIAN_POINT('',(935.,22.,3.5));
#6325 = DIRECTION('',(1.,0.,0.));
#6326 = DIRECTION('',(0.,0.,1.));
#6327 = ADVANCED_FACE('',(#6328),#6353,.T.);
#6328 = FACE_BOUND('',#6329,.T.);
#6329 = EDGE_LOOP('',(#6330,#6338,#6346,#6352));
#6330 = ORIENTED_EDGE('',*,*,#6331,.F.);
#6331 = EDGE_CURVE('',#6332,#6302,#6334,.T.);
#6332 = VERTEX_POINT('',#6333);
#6333 = CARTESIAN_POINT('',(927.,30.,3.5));
#6334 = LINE('',#6335,#6336);
#6335 = CARTESIAN_POINT('',(927.,30.,3.5));
#6336 = VECTOR('',#6337,1.);
#6337 = DIRECTION('',(1.,0.,0.));
#6338 = ORIENTED_EDGE('',*,*,#6339,.T.);
#6339 = EDGE_CURVE('',#6332,#6340,#6342,.T.);
#6340 = VERTEX_POINT('',#6341);
#6341 = CARTESIAN_POINT('',(927.,30.,8.));
#6342 = LINE('',#6343,#6344);
#6343 = CARTESIAN_POINT('',(927.,30.,3.5));
#6344 = VECTOR('',#6345,1.);
#6345 = DIRECTION('',(0.,0.,1.));
#6346 = ORIENTED_EDGE('',*,*,#6347,.T.);
#6347 = EDGE_CURVE('',#6340,#6310,#6348,.T.);
#6348 = LINE('',#6349,#6350);
#6349 = CARTESIAN_POINT('',(927.,30.,8.));
#6350 = VECTOR('',#6351,1.);
#6351 = DIRECTION('',(1.,0.,0.));
#6352 = ORIENTED_EDGE('',*,*,#6309,.F.);
#6353 = PLANE('',#6354);
#6354 = AXIS2_PLACEMENT_3D('',#6355,#6356,#6357);
#6355 = CARTESIAN_POINT('',(927.,30.,3.5));
#6356 = DIRECTION('',(0.,1.,0.));
#6357 = DIRECTION('',(0.,0.,1.));
#6358 = ADVANCED_FACE('',(#6359),#6392,.F.);
#6359 = FACE_BOUND('',#6360,.F.);
#6360 = EDGE_LOOP('',(#6361,#6371,#6379,#6385,#6386));
#6361 = ORIENTED_EDGE('',*,*,#6362,.F.);
#6362 = EDGE_CURVE('',#6363,#6365,#6367,.T.);
#6363 = VERTEX_POINT('',#6364);
#6364 = CARTESIAN_POINT('',(927.,22.,3.5));
#6365 = VERTEX_POINT('',#6366);
#6366 = CARTESIAN_POINT('',(927.,22.,8.));
#6367 = LINE('',#6368,#6369);
#6368 = CARTESIAN_POINT('',(927.,22.,3.5));
#6369 = VECTOR('',#6370,1.);
#6370 = DIRECTION('',(0.,0.,1.));
#6371 = ORIENTED_EDGE('',*,*,#6372,.T.);
#6372 = EDGE_CURVE('',#6363,#6373,#6375,.T.);
#6373 = VERTEX_POINT('',#6374);
#6374 = CARTESIAN_POINT('',(927.,24.,3.5));
#6375 = LINE('',#6376,#6377);
#6376 = CARTESIAN_POINT('',(927.,22.,3.5));
#6377 = VECTOR('',#6378,1.);
#6378 = DIRECTION('',(0.,1.,0.));
#6379 = ORIENTED_EDGE('',*,*,#6380,.T.);
#6380 = EDGE_CURVE('',#6373,#6332,#6381,.T.);
#6381 = LINE('',#6382,#6383);
#6382 = CARTESIAN_POINT('',(927.,22.,3.5));
#6383 = VECTOR('',#6384,1.);
#6384 = DIRECTION('',(0.,1.,0.));
#6385 = ORIENTED_EDGE('',*,*,#6339,.T.);
#6386 = ORIENTED_EDGE('',*,*,#6387,.F.);
#6387 = EDGE_CURVE('',#6365,#6340,#6388,.T.);
#6388 = LINE('',#6389,#6390);
#6389 = CARTESIAN_POINT('',(927.,22.,8.));
#6390 = VECTOR('',#6391,1.);
#6391 = DIRECTION('',(0.,1.,0.));
#6392 = PLANE('',#6393);
#6393 = AXIS2_PLACEMENT_3D('',#6394,#6395,#6396);
#6394 = CARTESIAN_POINT('',(927.,22.,3.5));
#6395 = DIRECTION('',(1.,0.,0.));
#6396 = DIRECTION('',(0.,0.,1.));
#6397 = ADVANCED_FACE('',(#6398),#6414,.F.);
#6398 = FACE_BOUND('',#6399,.F.);
#6399 = EDGE_LOOP('',(#6400,#6401,#6407,#6408));
#6400 = ORIENTED_EDGE('',*,*,#6372,.F.);
#6401 = ORIENTED_EDGE('',*,*,#6402,.T.);
#6402 = EDGE_CURVE('',#6363,#6284,#6403,.T.);
#6403 = LINE('',#6404,#6405);
#6404 = CARTESIAN_POINT('',(927.,22.,3.5));
#6405 = VECTOR('',#6406,1.);
#6406 = DIRECTION('',(1.,0.,0.));
#6407 = ORIENTED_EDGE('',*,*,#6293,.T.);
#6408 = ORIENTED_EDGE('',*,*,#6409,.T.);
#6409 = EDGE_CURVE('',#6294,#6373,#6410,.T.);
#6410 = LINE('',#6411,#6412);
#6411 = CARTESIAN_POINT('',(851.5,24.,3.5));
#6412 = VECTOR('',#6413,1.);
#6413 = DIRECTION('',(-1.,0.,0.));
#6414 = PLANE('',#6415);
#6415 = AXIS2_PLACEMENT_3D('',#6416,#6417,#6418);
#6416 = CARTESIAN_POINT('',(927.,22.,3.5));
#6417 = DIRECTION('',(0.,0.,1.));
#6418 = DIRECTION('',(1.,0.,0.));
#6419 = ADVANCED_FACE('',(#6420),#6454,.F.);
#6420 = FACE_BOUND('',#6421,.F.);
#6421 = EDGE_LOOP('',(#6422,#6432,#6440,#6448));
#6422 = ORIENTED_EDGE('',*,*,#6423,.F.);
#6423 = EDGE_CURVE('',#6424,#6426,#6428,.T.);
#6424 = VERTEX_POINT('',#6425);
#6425 = CARTESIAN_POINT('',(927.,-30.,3.5));
#6426 = VERTEX_POINT('',#6427);
#6427 = CARTESIAN_POINT('',(935.,-30.,3.5));
#6428 = LINE('',#6429,#6430);
#6429 = CARTESIAN_POINT('',(927.,-30.,3.5));
#6430 = VECTOR('',#6431,1.);
#6431 = DIRECTION('',(1.,0.,0.));
#6432 = ORIENTED_EDGE('',*,*,#6433,.T.);
#6433 = EDGE_CURVE('',#6424,#6434,#6436,.T.);
#6434 = VERTEX_POINT('',#6435);
#6435 = CARTESIAN_POINT('',(927.,-30.,8.));
#6436 = LINE('',#6437,#6438);
#6437 = CARTESIAN_POINT('',(927.,-30.,3.5));
#6438 = VECTOR('',#6439,1.);
#6439 = DIRECTION('',(0.,0.,1.));
#6440 = ORIENTED_EDGE('',*,*,#6441,.T.);
#6441 = EDGE_CURVE('',#6434,#6442,#6444,.T.);
#6442 = VERTEX_POINT('',#6443);
#6443 = CARTESIAN_POINT('',(935.,-30.,8.));
#6444 = LINE('',#6445,#6446);
#6445 = CARTESIAN_POINT('',(927.,-30.,8.));
#6446 = VECTOR('',#6447,1.);
#6447 = DIRECTION('',(1.,0.,0.));
#6448 = ORIENTED_EDGE('',*,*,#6449,.F.);
#6449 = EDGE_CURVE('',#6426,#6442,#6450,.T.);
#6450 = LINE('',#6451,#6452);
#6451 = CARTESIAN_POINT('',(935.,-30.,3.5));
#6452 = VECTOR('',#6453,1.);
#6453 = DIRECTION('',(0.,0.,1.));
#6454 = PLANE('',#6455);
#6455 = AXIS2_PLACEMENT_3D('',#6456,#6457,#6458);
#6456 = CARTESIAN_POINT('',(927.,-30.,3.5));
#6457 = DIRECTION('',(0.,1.,0.));
#6458 = DIRECTION('',(0.,0.,1.));
#6459 = ADVANCED_FACE('',(#6460),#6493,.F.);
#6460 = FACE_BOUND('',#6461,.F.);
#6461 = EDGE_LOOP('',(#6462,#6463,#6471,#6479,#6487));
#6462 = ORIENTED_EDGE('',*,*,#6433,.F.);
#6463 = ORIENTED_EDGE('',*,*,#6464,.T.);
#6464 = EDGE_CURVE('',#6424,#6465,#6467,.T.);
#6465 = VERTEX_POINT('',#6466);
#6466 = CARTESIAN_POINT('',(927.,-24.,3.5));
#6467 = LINE('',#6468,#6469);
#6468 = CARTESIAN_POINT('',(927.,-30.,3.5));
#6469 = VECTOR('',#6470,1.);
#6470 = DIRECTION('',(0.,1.,0.));
#6471 = ORIENTED_EDGE('',*,*,#6472,.T.);
#6472 = EDGE_CURVE('',#6465,#6473,#6475,.T.);
#6473 = VERTEX_POINT('',#6474);
#6474 = CARTESIAN_POINT('',(927.,-22.,3.5));
#6475 = LINE('',#6476,#6477);
#6476 = CARTESIAN_POINT('',(927.,-30.,3.5));
#6477 = VECTOR('',#6478,1.);
#6478 = DIRECTION('',(0.,1.,0.));
#6479 = ORIENTED_EDGE('',*,*,#6480,.T.);
#6480 = EDGE_CURVE('',#6473,#6481,#6483,.T.);
#6481 = VERTEX_POINT('',#6482);
#6482 = CARTESIAN_POINT('',(927.,-22.,8.));
#6483 = LINE('',#6484,#6485);
#6484 = CARTESIAN_POINT('',(927.,-22.,3.5));
#6485 = VECTOR('',#6486,1.);
#6486 = DIRECTION('',(0.,0.,1.));
#6487 = ORIENTED_EDGE('',*,*,#6488,.F.);
#6488 = EDGE_CURVE('',#6434,#6481,#6489,.T.);
#6489 = LINE('',#6490,#6491);
#6490 = CARTESIAN_POINT('',(927.,-30.,8.));
#6491 = VECTOR('',#6492,1.);
#6492 = DIRECTION('',(0.,1.,0.));
#6493 = PLANE('',#6494);
#6494 = AXIS2_PLACEMENT_3D('',#6495,#6496,#6497);
#6495 = CARTESIAN_POINT('',(927.,-30.,3.5));
#6496 = DIRECTION('',(1.,0.,0.));
#6497 = DIRECTION('',(0.,0.,1.));
#6498 = ADVANCED_FACE('',(#6499),#6532,.T.);
#6499 = FACE_BOUND('',#6500,.T.);
#6500 = EDGE_LOOP('',(#6501,#6502,#6510,#6518,#6526));
#6501 = ORIENTED_EDGE('',*,*,#6449,.F.);
#6502 = ORIENTED_EDGE('',*,*,#6503,.T.);
#6503 = EDGE_CURVE('',#6426,#6504,#6506,.T.);
#6504 = VERTEX_POINT('',#6505);
#6505 = CARTESIAN_POINT('',(935.,-24.,3.5));
#6506 = LINE('',#6507,#6508);
#6507 = CARTESIAN_POINT('',(935.,-30.,3.5));
#6508 = VECTOR('',#6509,1.);
#6509 = DIRECTION('',(0.,1.,0.));
#6510 = ORIENTED_EDGE('',*,*,#6511,.T.);
#6511 = EDGE_CURVE('',#6504,#6512,#6514,.T.);
#6512 = VERTEX_POINT('',#6513);
#6513 = CARTESIAN_POINT('',(935.,-22.,3.5));
#6514 = LINE('',#6515,#6516);
#6515 = CARTESIAN_POINT('',(935.,-30.,3.5));
#6516 = VECTOR('',#6517,1.);
#6517 = DIRECTION('',(0.,1.,0.));
#6518 = ORIENTED_EDGE('',*,*,#6519,.T.);
#6519 = EDGE_CURVE('',#6512,#6520,#6522,.T.);
#6520 = VERTEX_POINT('',#6521);
#6521 = CARTESIAN_POINT('',(935.,-22.,8.));
#6522 = LINE('',#6523,#6524);
#6523 = CARTESIAN_POINT('',(935.,-22.,3.5));
#6524 = VECTOR('',#6525,1.);
#6525 = DIRECTION('',(0.,0.,1.));
#6526 = ORIENTED_EDGE('',*,*,#6527,.F.);
#6527 = EDGE_CURVE('',#6442,#6520,#6528,.T.);
#6528 = LINE('',#6529,#6530);
#6529 = CARTESIAN_POINT('',(935.,-30.,8.));
#6530 = VECTOR('',#6531,1.);
#6531 = DIRECTION('',(0.,1.,0.));
#6532 = PLANE('',#6533);
#6533 = AXIS2_PLACEMENT_3D('',#6534,#6535,#6536);
#6534 = CARTESIAN_POINT('',(935.,-30.,3.5));
#6535 = DIRECTION('',(1.,0.,0.));
#6536 = DIRECTION('',(0.,0.,1.));
#6537 = ADVANCED_FACE('',(#6538),#6549,.T.);
#6538 = FACE_BOUND('',#6539,.T.);
#6539 = EDGE_LOOP('',(#6540,#6541,#6542,#6543));
#6540 = ORIENTED_EDGE('',*,*,#6488,.F.);
#6541 = ORIENTED_EDGE('',*,*,#6441,.T.);
#6542 = ORIENTED_EDGE('',*,*,#6527,.T.);
#6543 = ORIENTED_EDGE('',*,*,#6544,.F.);
#6544 = EDGE_CURVE('',#6481,#6520,#6545,.T.);
#6545 = LINE('',#6546,#6547);
#6546 = CARTESIAN_POINT('',(927.,-22.,8.));
#6547 = VECTOR('',#6548,1.);
#6548 = DIRECTION('',(1.,0.,0.));
#6549 = PLANE('',#6550);
#6550 = AXIS2_PLACEMENT_3D('',#6551,#6552,#6553);
#6551 = CARTESIAN_POINT('',(927.,-30.,8.));
#6552 = DIRECTION('',(0.,0.,1.));
#6553 = DIRECTION('',(1.,0.,0.));
#6554 = ADVANCED_FACE('',(#6555),#6566,.T.);
#6555 = FACE_BOUND('',#6556,.T.);
#6556 = EDGE_LOOP('',(#6557,#6563,#6564,#6565));
#6557 = ORIENTED_EDGE('',*,*,#6558,.F.);
#6558 = EDGE_CURVE('',#6473,#6512,#6559,.T.);
#6559 = LINE('',#6560,#6561);
#6560 = CARTESIAN_POINT('',(927.,-22.,3.5));
#6561 = VECTOR('',#6562,1.);
#6562 = DIRECTION('',(1.,0.,0.));
#6563 = ORIENTED_EDGE('',*,*,#6480,.T.);
#6564 = ORIENTED_EDGE('',*,*,#6544,.T.);
#6565 = ORIENTED_EDGE('',*,*,#6519,.F.);
#6566 = PLANE('',#6567);
#6567 = AXIS2_PLACEMENT_3D('',#6568,#6569,#6570);
#6568 = CARTESIAN_POINT('',(927.,-22.,3.5));
#6569 = DIRECTION('',(0.,1.,0.));
#6570 = DIRECTION('',(0.,0.,1.));
#6571 = ADVANCED_FACE('',(#6572),#6583,.F.);
#6572 = FACE_BOUND('',#6573,.F.);
#6573 = EDGE_LOOP('',(#6574,#6575,#6581,#6582));
#6574 = ORIENTED_EDGE('',*,*,#6472,.F.);
#6575 = ORIENTED_EDGE('',*,*,#6576,.F.);
#6576 = EDGE_CURVE('',#6504,#6465,#6577,.T.);
#6577 = LINE('',#6578,#6579);
#6578 = CARTESIAN_POINT('',(851.5,-24.,3.5));
#6579 = VECTOR('',#6580,1.);
#6580 = DIRECTION('',(-1.,0.,0.));
#6581 = ORIENTED_EDGE('',*,*,#6511,.T.);
#6582 = ORIENTED_EDGE('',*,*,#6558,.F.);
#6583 = PLANE('',#6584);
#6584 = AXIS2_PLACEMENT_3D('',#6585,#6586,#6587);
#6585 = CARTESIAN_POINT('',(927.,-30.,3.5));
#6586 = DIRECTION('',(0.,0.,1.));
#6587 = DIRECTION('',(1.,0.,0.));
#6588 = ADVANCED_FACE('',(#6589),#6623,.F.);
#6589 = FACE_BOUND('',#6590,.F.);
#6590 = EDGE_LOOP('',(#6591,#6601,#6609,#6617));
#6591 = ORIENTED_EDGE('',*,*,#6592,.F.);
#6592 = EDGE_CURVE('',#6593,#6595,#6597,.T.);
#6593 = VERTEX_POINT('',#6594);
#6594 = CARTESIAN_POINT('',(946.,33.,3.5));
#6595 = VERTEX_POINT('',#6596);
#6596 = CARTESIAN_POINT('',(946.,33.,8.));
#6597 = LINE('',#6598,#6599);
#6598 = CARTESIAN_POINT('',(946.,33.,3.));
#6599 = VECTOR('',#6600,1.);
#6600 = DIRECTION('',(0.,0.,1.));
#6601 = ORIENTED_EDGE('',*,*,#6602,.T.);
#6602 = EDGE_CURVE('',#6593,#6603,#6605,.T.);
#6603 = VERTEX_POINT('',#6604);
#6604 = CARTESIAN_POINT('',(929.99749843554,33.,3.5));
#6605 = LINE('',#6606,#6607);
#6606 = CARTESIAN_POINT('',(848.5,33.,3.5));
#6607 = VECTOR('',#6608,1.);
#6608 = DIRECTION('',(-1.,0.,0.));
#6609 = ORIENTED_EDGE('',*,*,#6610,.F.);
#6610 = EDGE_CURVE('',#6611,#6603,#6613,.T.);
#6611 = VERTEX_POINT('',#6612);
#6612 = CARTESIAN_POINT('',(929.99749843554,33.,8.));
#6613 = LINE('',#6614,#6615);
#6614 = CARTESIAN_POINT('',(929.99749843554,33.,3.5));
#6615 = VECTOR('',#6616,1.);
#6616 = DIRECTION('',(-0.,-0.,-1.));
#6617 = ORIENTED_EDGE('',*,*,#6618,.F.);
#6618 = EDGE_CURVE('',#6595,#6611,#6619,.T.);
#6619 = LINE('',#6620,#6621);
#6620 = CARTESIAN_POINT('',(848.5,33.,8.));
#6621 = VECTOR('',#6622,1.);
#6622 = DIRECTION('',(-1.,0.,0.));
#6623 = PLANE('',#6624);
#6624 = AXIS2_PLACEMENT_3D('',#6625,#6626,#6627);
#6625 = CARTESIAN_POINT('',(849.,33.,3.));
#6626 = DIRECTION('',(0.,1.,0.));
#6627 = DIRECTION('',(0.,0.,1.));
#6628 = ADVANCED_FACE('',(#6629),#6654,.F.);
#6629 = FACE_BOUND('',#6630,.F.);
#6630 = EDGE_LOOP('',(#6631,#6641,#6647,#6648));
#6631 = ORIENTED_EDGE('',*,*,#6632,.F.);
#6632 = EDGE_CURVE('',#6633,#6635,#6637,.T.);
#6633 = VERTEX_POINT('',#6634);
#6634 = CARTESIAN_POINT('',(946.,-33.,3.5));
#6635 = VERTEX_POINT('',#6636);
#6636 = CARTESIAN_POINT('',(946.,-33.,8.));
#6637 = LINE('',#6638,#6639);
#6638 = CARTESIAN_POINT('',(946.,-33.,3.));
#6639 = VECTOR('',#6640,1.);
#6640 = DIRECTION('',(0.,0.,1.));
#6641 = ORIENTED_EDGE('',*,*,#6642,.T.);
#6642 = EDGE_CURVE('',#6633,#6593,#6643,.T.);
#6643 = LINE('',#6644,#6645);
#6644 = CARTESIAN_POINT('',(946.,-33.75,3.5));
#6645 = VECTOR('',#6646,1.);
#6646 = DIRECTION('',(0.,1.,0.));
#6647 = ORIENTED_EDGE('',*,*,#6592,.T.);
#6648 = ORIENTED_EDGE('',*,*,#6649,.F.);
#6649 = EDGE_CURVE('',#6635,#6595,#6650,.T.);
#6650 = LINE('',#6651,#6652);
#6651 = CARTESIAN_POINT('',(946.,-33.75,8.));
#6652 = VECTOR('',#6653,1.);
#6653 = DIRECTION('',(0.,1.,0.));
#6654 = PLANE('',#6655);
#6655 = AXIS2_PLACEMENT_3D('',#6656,#6657,#6658);
#6656 = CARTESIAN_POINT('',(946.,-33.,3.));
#6657 = DIRECTION('',(1.,0.,0.));
#6658 = DIRECTION('',(0.,0.,1.));
#6659 = ADVANCED_FACE('',(#6660),#6685,.T.);
#6660 = FACE_BOUND('',#6661,.T.);
#6661 = EDGE_LOOP('',(#6662,#6663,#6671,#6679));
#6662 = ORIENTED_EDGE('',*,*,#6632,.F.);
#6663 = ORIENTED_EDGE('',*,*,#6664,.T.);
#6664 = EDGE_CURVE('',#6633,#6665,#6667,.T.);
#6665 = VERTEX_POINT('',#6666);
#6666 = CARTESIAN_POINT('',(929.99749843554,-33.,3.5));
#6667 = LINE('',#6668,#6669);
#6668 = CARTESIAN_POINT('',(848.5,-33.,3.5));
#6669 = VECTOR('',#6670,1.);
#6670 = DIRECTION('',(-1.,0.,0.));
#6671 = ORIENTED_EDGE('',*,*,#6672,.F.);
#6672 = EDGE_CURVE('',#6673,#6665,#6675,.T.);
#6673 = VERTEX_POINT('',#6674);
#6674 = CARTESIAN_POINT('',(929.99749843554,-33.,8.));
#6675 = LINE('',#6676,#6677);
#6676 = CARTESIAN_POINT('',(929.99749843554,-33.,3.5));
#6677 = VECTOR('',#6678,1.);
#6678 = DIRECTION('',(-0.,-0.,-1.));
#6679 = ORIENTED_EDGE('',*,*,#6680,.F.);
#6680 = EDGE_CURVE('',#6635,#6673,#6681,.T.);
#6681 = LINE('',#6682,#6683);
#6682 = CARTESIAN_POINT('',(848.5,-33.,8.));
#6683 = VECTOR('',#6684,1.);
#6684 = DIRECTION('',(-1.,0.,0.));
#6685 = PLANE('',#6686);
#6686 = AXIS2_PLACEMENT_3D('',#6687,#6688,#6689);
#6687 = CARTESIAN_POINT('',(849.,-33.,3.));
#6688 = DIRECTION('',(0.,1.,0.));
#6689 = DIRECTION('',(0.,0.,1.));
#6690 = ADVANCED_FACE('',(#6691),#6718,.F.);
#6691 = FACE_BOUND('',#6692,.T.);
#6692 = EDGE_LOOP('',(#6693,#6702,#6710,#6717));
#6693 = ORIENTED_EDGE('',*,*,#6694,.F.);
#6694 = EDGE_CURVE('',#6695,#6665,#6697,.T.);
#6695 = VERTEX_POINT('',#6696);
#6696 = CARTESIAN_POINT('',(931.03973683071,-34.5,3.5));
#6697 = CIRCLE('',#6698,3.2);
#6698 = AXIS2_PLACEMENT_3D('',#6699,#6700,#6701);
#6699 = CARTESIAN_POINT('',(928.,-35.5,3.5));
#6700 = DIRECTION('',(0.,0.,1.));
#6701 = DIRECTION('',(1.,0.,0.));
#6702 = ORIENTED_EDGE('',*,*,#6703,.F.);
#6703 = EDGE_CURVE('',#6704,#6695,#6706,.T.);
#6704 = VERTEX_POINT('',#6705);
#6705 = CARTESIAN_POINT('',(931.03973683071,-34.5,8.));
#6706 = LINE('',#6707,#6708);
#6707 = CARTESIAN_POINT('',(931.03973683071,-34.5,3.5));
#6708 = VECTOR('',#6709,1.);
#6709 = DIRECTION('',(-0.,-0.,-1.));
#6710 = ORIENTED_EDGE('',*,*,#6711,.F.);
#6711 = EDGE_CURVE('',#6673,#6704,#6712,.T.);
#6712 = CIRCLE('',#6713,3.2);
#6713 = AXIS2_PLACEMENT_3D('',#6714,#6715,#6716);
#6714 = CARTESIAN_POINT('',(928.,-35.5,8.));
#6715 = DIRECTION('',(0.,0.,-1.));
#6716 = DIRECTION('',(1.,0.,0.));
#6717 = ORIENTED_EDGE('',*,*,#6672,.T.);
#6718 = CYLINDRICAL_SURFACE('',#6719,3.2);
#6719 = AXIS2_PLACEMENT_3D('',#6720,#6721,#6722);
#6720 = CARTESIAN_POINT('',(928.,-35.5,3.5));
#6721 = DIRECTION('',(-0.,-0.,-1.));
#6722 = DIRECTION('',(1.,0.,0.));
#6723 = ADVANCED_FACE('',(#6724),#6765,.T.);
#6724 = FACE_BOUND('',#6725,.T.);
#6725 = EDGE_LOOP('',(#6726,#6734,#6735,#6743,#6751,#6759));
#6726 = ORIENTED_EDGE('',*,*,#6727,.F.);
#6727 = EDGE_CURVE('',#6704,#6728,#6730,.T.);
#6728 = VERTEX_POINT('',#6729);
#6729 = CARTESIAN_POINT('',(947.,-34.5,8.));
#6730 = LINE('',#6731,#6732);
#6731 = CARTESIAN_POINT('',(848.,-34.5,8.));
#6732 = VECTOR('',#6733,1.);
#6733 = DIRECTION('',(1.,0.,0.));
#6734 = ORIENTED_EDGE('',*,*,#6703,.T.);
#6735 = ORIENTED_EDGE('',*,*,#6736,.T.);
#6736 = EDGE_CURVE('',#6695,#6737,#6739,.T.);
#6737 = VERTEX_POINT('',#6738);
#6738 = CARTESIAN_POINT('',(933.,-34.5,3.5));
#6739 = LINE('',#6740,#6741);
#6740 = CARTESIAN_POINT('',(848.,-34.5,3.5));
#6741 = VECTOR('',#6742,1.);
#6742 = DIRECTION('',(1.,0.,0.));
#6743 = ORIENTED_EDGE('',*,*,#6744,.T.);
#6744 = EDGE_CURVE('',#6737,#6745,#6747,.T.);
#6745 = VERTEX_POINT('',#6746);
#6746 = CARTESIAN_POINT('',(933.,-34.5,1.5));
#6747 = LINE('',#6748,#6749);
#6748 = CARTESIAN_POINT('',(933.,-34.5,1.5));
#6749 = VECTOR('',#6750,1.);
#6750 = DIRECTION('',(0.,0.,-1.));
#6751 = ORIENTED_EDGE('',*,*,#6752,.T.);
#6752 = EDGE_CURVE('',#6745,#6753,#6755,.T.);
#6753 = VERTEX_POINT('',#6754);
#6754 = CARTESIAN_POINT('',(947.,-34.5,1.5));
#6755 = LINE('',#6756,#6757);
#6756 = CARTESIAN_POINT('',(848.,-34.5,1.5));
#6757 = VECTOR('',#6758,1.);
#6758 = DIRECTION('',(1.,0.,0.));
#6759 = ORIENTED_EDGE('',*,*,#6760,.T.);
#6760 = EDGE_CURVE('',#6753,#6728,#6761,.T.);
#6761 = LINE('',#6762,#6763);
#6762 = CARTESIAN_POINT('',(947.,-34.5,1.5));
#6763 = VECTOR('',#6764,1.);
#6764 = DIRECTION('',(0.,0.,1.));
#6765 = PLANE('',#6766);
#6766 = AXIS2_PLACEMENT_3D('',#6767,#6768,#6769);
#6767 = CARTESIAN_POINT('',(897.29908675799,-34.5,4.850456621005));
#6768 = DIRECTION('',(-0.,-1.,-0.));
#6769 = DIRECTION('',(0.,0.,-1.));
#6770 = ADVANCED_FACE('',(#6771),#6796,.T.);
#6771 = FACE_BOUND('',#6772,.T.);
#6772 = EDGE_LOOP('',(#6773,#6781,#6789,#6795));
#6773 = ORIENTED_EDGE('',*,*,#6774,.F.);
#6774 = EDGE_CURVE('',#6775,#6737,#6777,.T.);
#6775 = VERTEX_POINT('',#6776);
#6776 = CARTESIAN_POINT('',(933.,-39.5,3.5));
#6777 = LINE('',#6778,#6779);
#6778 = CARTESIAN_POINT('',(933.,-39.5,3.5));
#6779 = VECTOR('',#6780,1.);
#6780 = DIRECTION('',(0.,1.,0.));
#6781 = ORIENTED_EDGE('',*,*,#6782,.F.);
#6782 = EDGE_CURVE('',#6783,#6775,#6785,.T.);
#6783 = VERTEX_POINT('',#6784);
#6784 = CARTESIAN_POINT('',(933.,-39.5,1.5));
#6785 = LINE('',#6786,#6787);
#6786 = CARTESIAN_POINT('',(933.,-39.5,1.5));
#6787 = VECTOR('',#6788,1.);
#6788 = DIRECTION('',(0.,0.,1.));
#6789 = ORIENTED_EDGE('',*,*,#6790,.T.);
#6790 = EDGE_CURVE('',#6783,#6745,#6791,.T.);
#6791 = LINE('',#6792,#6793);
#6792 = CARTESIAN_POINT('',(933.,-39.5,1.5));
#6793 = VECTOR('',#6794,1.);
#6794 = DIRECTION('',(0.,1.,0.));
#6795 = ORIENTED_EDGE('',*,*,#6744,.F.);
#6796 = PLANE('',#6797);
#6797 = AXIS2_PLACEMENT_3D('',#6798,#6799,#6800);
#6798 = CARTESIAN_POINT('',(933.,-39.5,1.5));
#6799 = DIRECTION('',(1.,0.,0.));
#6800 = DIRECTION('',(0.,0.,1.));
#6801 = ADVANCED_FACE('',(#6802),#6827,.F.);
#6802 = FACE_BOUND('',#6803,.F.);
#6803 = EDGE_LOOP('',(#6804,#6812,#6820,#6826));
#6804 = ORIENTED_EDGE('',*,*,#6805,.F.);
#6805 = EDGE_CURVE('',#6806,#6783,#6808,.T.);
#6806 = VERTEX_POINT('',#6807);
#6807 = CARTESIAN_POINT('',(923.,-39.5,1.5));
#6808 = LINE('',#6809,#6810);
#6809 = CARTESIAN_POINT('',(923.,-39.5,1.5));
#6810 = VECTOR('',#6811,1.);
#6811 = DIRECTION('',(1.,0.,0.));
#6812 = ORIENTED_EDGE('',*,*,#6813,.T.);
#6813 = EDGE_CURVE('',#6806,#6814,#6816,.T.);
#6814 = VERTEX_POINT('',#6815);
#6815 = CARTESIAN_POINT('',(923.,-39.5,3.5));
#6816 = LINE('',#6817,#6818);
#6817 = CARTESIAN_POINT('',(923.,-39.5,1.5));
#6818 = VECTOR('',#6819,1.);
#6819 = DIRECTION('',(0.,0.,1.));
#6820 = ORIENTED_EDGE('',*,*,#6821,.T.);
#6821 = EDGE_CURVE('',#6814,#6775,#6822,.T.);
#6822 = LINE('',#6823,#6824);
#6823 = CARTESIAN_POINT('',(923.,-39.5,3.5));
#6824 = VECTOR('',#6825,1.);
#6825 = DIRECTION('',(1.,0.,0.));
#6826 = ORIENTED_EDGE('',*,*,#6782,.F.);
#6827 = PLANE('',#6828);
#6828 = AXIS2_PLACEMENT_3D('',#6829,#6830,#6831);
#6829 = CARTESIAN_POINT('',(923.,-39.5,1.5));
#6830 = DIRECTION('',(0.,1.,0.));
#6831 = DIRECTION('',(0.,0.,1.));
#6832 = ADVANCED_FACE('',(#6833),#6858,.F.);
#6833 = FACE_BOUND('',#6834,.F.);
#6834 = EDGE_LOOP('',(#6835,#6843,#6844,#6852));
#6835 = ORIENTED_EDGE('',*,*,#6836,.F.);
#6836 = EDGE_CURVE('',#6814,#6837,#6839,.T.);
#6837 = VERTEX_POINT('',#6838);
#6838 = CARTESIAN_POINT('',(923.,-34.5,3.5));
#6839 = LINE('',#6840,#6841);
#6840 = CARTESIAN_POINT('',(923.,-39.5,3.5));
#6841 = VECTOR('',#6842,1.);
#6842 = DIRECTION('',(0.,1.,0.));
#6843 = ORIENTED_EDGE('',*,*,#6813,.F.);
#6844 = ORIENTED_EDGE('',*,*,#6845,.T.);
#6845 = EDGE_CURVE('',#6806,#6846,#6848,.T.);
#6846 = VERTEX_POINT('',#6847);
#6847 = CARTESIAN_POINT('',(923.,-34.5,1.5));
#6848 = LINE('',#6849,#6850);
#6849 = CARTESIAN_POINT('',(923.,-39.5,1.5));
#6850 = VECTOR('',#6851,1.);
#6851 = DIRECTION('',(0.,1.,0.));
#6852 = ORIENTED_EDGE('',*,*,#6853,.F.);
#6853 = EDGE_CURVE('',#6837,#6846,#6854,.T.);
#6854 = LINE('',#6855,#6856);
#6855 = CARTESIAN_POINT('',(923.,-34.5,1.5));
#6856 = VECTOR('',#6857,1.);
#6857 = DIRECTION('',(0.,0.,-1.));
#6858 = PLANE('',#6859);
#6859 = AXIS2_PLACEMENT_3D('',#6860,#6861,#6862);
#6860 = CARTESIAN_POINT('',(923.,-39.5,1.5));
#6861 = DIRECTION('',(1.,0.,0.));
#6862 = DIRECTION('',(0.,0.,1.));
#6863 = ADVANCED_FACE('',(#6864),#6921,.T.);
#6864 = FACE_BOUND('',#6865,.T.);
#6865 = EDGE_LOOP('',(#6866,#6876,#6884,#6892,#6900,#6906,#6907,#6915));
#6866 = ORIENTED_EDGE('',*,*,#6867,.F.);
#6867 = EDGE_CURVE('',#6868,#6870,#6872,.T.);
#6868 = VERTEX_POINT('',#6869);
#6869 = CARTESIAN_POINT('',(859.03973683071,-34.5,8.));
#6870 = VERTEX_POINT('',#6871);
#6871 = CARTESIAN_POINT('',(924.96026316928,-34.5,8.));
#6872 = LINE('',#6873,#6874);
#6873 = CARTESIAN_POINT('',(848.,-34.5,8.));
#6874 = VECTOR('',#6875,1.);
#6875 = DIRECTION('',(1.,0.,0.));
#6876 = ORIENTED_EDGE('',*,*,#6877,.T.);
#6877 = EDGE_CURVE('',#6868,#6878,#6880,.T.);
#6878 = VERTEX_POINT('',#6879);
#6879 = CARTESIAN_POINT('',(859.03973683071,-34.5,3.5));
#6880 = LINE('',#6881,#6882);
#6881 = CARTESIAN_POINT('',(859.03973683071,-34.5,3.5));
#6882 = VECTOR('',#6883,1.);
#6883 = DIRECTION('',(-0.,-0.,-1.));
#6884 = ORIENTED_EDGE('',*,*,#6885,.T.);
#6885 = EDGE_CURVE('',#6878,#6886,#6888,.T.);
#6886 = VERTEX_POINT('',#6887);
#6887 = CARTESIAN_POINT('',(861.,-34.5,3.5));
#6888 = LINE('',#6889,#6890);
#6889 = CARTESIAN_POINT('',(848.,-34.5,3.5));
#6890 = VECTOR('',#6891,1.);
#6891 = DIRECTION('',(1.,0.,0.));
#6892 = ORIENTED_EDGE('',*,*,#6893,.T.);
#6893 = EDGE_CURVE('',#6886,#6894,#6896,.T.);
#6894 = VERTEX_POINT('',#6895);
#6895 = CARTESIAN_POINT('',(861.,-34.5,1.5));
#6896 = LINE('',#6897,#6898);
#6897 = CARTESIAN_POINT('',(861.,-34.5,1.5));
#6898 = VECTOR('',#6899,1.);
#6899 = DIRECTION('',(0.,0.,-1.));
#6900 = ORIENTED_EDGE('',*,*,#6901,.T.);
#6901 = EDGE_CURVE('',#6894,#6846,#6902,.T.);
#6902 = LINE('',#6903,#6904);
#6903 = CARTESIAN_POINT('',(848.,-34.5,1.5));
#6904 = VECTOR('',#6905,1.);
#6905 = DIRECTION('',(1.,0.,0.));
#6906 = ORIENTED_EDGE('',*,*,#6853,.F.);
#6907 = ORIENTED_EDGE('',*,*,#6908,.T.);
#6908 = EDGE_CURVE('',#6837,#6909,#6911,.T.);
#6909 = VERTEX_POINT('',#6910);
#6910 = CARTESIAN_POINT('',(924.96026316928,-34.5,3.5));
#6911 = LINE('',#6912,#6913);
#6912 = CARTESIAN_POINT('',(848.,-34.5,3.5));
#6913 = VECTOR('',#6914,1.);
#6914 = DIRECTION('',(1.,0.,0.));
#6915 = ORIENTED_EDGE('',*,*,#6916,.F.);
#6916 = EDGE_CURVE('',#6870,#6909,#6917,.T.);
#6917 = LINE('',#6918,#6919);
#6918 = CARTESIAN_POINT('',(924.96026316928,-34.5,3.5));
#6919 = VECTOR('',#6920,1.);
#6920 = DIRECTION('',(-0.,-0.,-1.));
#6921 = PLANE('',#6922);
#6922 = AXIS2_PLACEMENT_3D('',#6923,#6924,#6925);
#6923 = CARTESIAN_POINT('',(897.29908675799,-34.5,4.850456621005));
#6924 = DIRECTION('',(-0.,-1.,-0.));
#6925 = DIRECTION('',(0.,0.,-1.));
#6926 = ADVANCED_FACE('',(#6927),#6954,.F.);
#6927 = FACE_BOUND('',#6928,.T.);
#6928 = EDGE_LOOP('',(#6929,#6930,#6939,#6947));
#6929 = ORIENTED_EDGE('',*,*,#6916,.T.);
#6930 = ORIENTED_EDGE('',*,*,#6931,.F.);
#6931 = EDGE_CURVE('',#6932,#6909,#6934,.T.);
#6932 = VERTEX_POINT('',#6933);
#6933 = CARTESIAN_POINT('',(926.00250156445,-33.,3.5));
#6934 = CIRCLE('',#6935,3.2);
#6935 = AXIS2_PLACEMENT_3D('',#6936,#6937,#6938);
#6936 = CARTESIAN_POINT('',(928.,-35.5,3.5));
#6937 = DIRECTION('',(0.,0.,1.));
#6938 = DIRECTION('',(1.,0.,0.));
#6939 = ORIENTED_EDGE('',*,*,#6940,.F.);
#6940 = EDGE_CURVE('',#6941,#6932,#6943,.T.);
#6941 = VERTEX_POINT('',#6942);
#6942 = CARTESIAN_POINT('',(926.00250156445,-33.,8.));
#6943 = LINE('',#6944,#6945);
#6944 = CARTESIAN_POINT('',(926.00250156445,-33.,3.5));
#6945 = VECTOR('',#6946,1.);
#6946 = DIRECTION('',(-0.,-0.,-1.));
#6947 = ORIENTED_EDGE('',*,*,#6948,.F.);
#6948 = EDGE_CURVE('',#6870,#6941,#6949,.T.);
#6949 = CIRCLE('',#6950,3.2);
#6950 = AXIS2_PLACEMENT_3D('',#6951,#6952,#6953);
#6951 = CARTESIAN_POINT('',(928.,-35.5,8.));
#6952 = DIRECTION('',(0.,0.,-1.));
#6953 = DIRECTION('',(1.,0.,0.));
#6954 = CYLINDRICAL_SURFACE('',#6955,3.2);
#6955 = AXIS2_PLACEMENT_3D('',#6956,#6957,#6958);
#6956 = CARTESIAN_POINT('',(928.,-35.5,3.5));
#6957 = DIRECTION('',(-0.,-0.,-1.));
#6958 = DIRECTION('',(1.,0.,0.));
#6959 = ADVANCED_FACE('',(#6960),#6985,.T.);
#6960 = FACE_BOUND('',#6961,.T.);
#6961 = EDGE_LOOP('',(#6962,#6963,#6971,#6979));
#6962 = ORIENTED_EDGE('',*,*,#6940,.T.);
#6963 = ORIENTED_EDGE('',*,*,#6964,.T.);
#6964 = EDGE_CURVE('',#6932,#6965,#6967,.T.);
#6965 = VERTEX_POINT('',#6966);
#6966 = CARTESIAN_POINT('',(857.99749843554,-33.,3.5));
#6967 = LINE('',#6968,#6969);
#6968 = CARTESIAN_POINT('',(848.5,-33.,3.5));
#6969 = VECTOR('',#6970,1.);
#6970 = DIRECTION('',(-1.,0.,0.));
#6971 = ORIENTED_EDGE('',*,*,#6972,.F.);
#6972 = EDGE_CURVE('',#6973,#6965,#6975,.T.);
#6973 = VERTEX_POINT('',#6974);
#6974 = CARTESIAN_POINT('',(857.99749843554,-33.,8.));
#6975 = LINE('',#6976,#6977);
#6976 = CARTESIAN_POINT('',(857.99749843554,-33.,3.5));
#6977 = VECTOR('',#6978,1.);
#6978 = DIRECTION('',(-0.,-0.,-1.));
#6979 = ORIENTED_EDGE('',*,*,#6980,.F.);
#6980 = EDGE_CURVE('',#6941,#6973,#6981,.T.);
#6981 = LINE('',#6982,#6983);
#6982 = CARTESIAN_POINT('',(848.5,-33.,8.));
#6983 = VECTOR('',#6984,1.);
#6984 = DIRECTION('',(-1.,0.,0.));
#6985 = PLANE('',#6986);
#6986 = AXIS2_PLACEMENT_3D('',#6987,#6988,#6989);
#6987 = CARTESIAN_POINT('',(849.,-33.,3.));
#6988 = DIRECTION('',(0.,1.,0.));
#6989 = DIRECTION('',(0.,0.,1.));
#6990 = ADVANCED_FACE('',(#6991),#7009,.F.);
#6991 = FACE_BOUND('',#6992,.T.);
#6992 = EDGE_LOOP('',(#6993,#7000,#7001,#7008));
#6993 = ORIENTED_EDGE('',*,*,#6994,.F.);
#6994 = EDGE_CURVE('',#6878,#6965,#6995,.T.);
#6995 = CIRCLE('',#6996,3.2);
#6996 = AXIS2_PLACEMENT_3D('',#6997,#6998,#6999);
#6997 = CARTESIAN_POINT('',(856.,-35.5,3.5));
#6998 = DIRECTION('',(0.,0.,1.));
#6999 = DIRECTION('',(1.,0.,0.));
#7000 = ORIENTED_EDGE('',*,*,#6877,.F.);
#7001 = ORIENTED_EDGE('',*,*,#7002,.F.);
#7002 = EDGE_CURVE('',#6973,#6868,#7003,.T.);
#7003 = CIRCLE('',#7004,3.2);
#7004 = AXIS2_PLACEMENT_3D('',#7005,#7006,#7007);
#7005 = CARTESIAN_POINT('',(856.,-35.5,8.));
#7006 = DIRECTION('',(0.,0.,-1.));
#7007 = DIRECTION('',(1.,0.,0.));
#7008 = ORIENTED_EDGE('',*,*,#6972,.T.);
#7009 = CYLINDRICAL_SURFACE('',#7010,3.2);
#7010 = AXIS2_PLACEMENT_3D('',#7011,#7012,#7013);
#7011 = CARTESIAN_POINT('',(856.,-35.5,3.5));
#7012 = DIRECTION('',(-0.,-0.,-1.));
#7013 = DIRECTION('',(1.,0.,0.));
#7014 = ADVANCED_FACE('',(#7015),#7040,.T.);
#7015 = FACE_BOUND('',#7016,.T.);
#7016 = EDGE_LOOP('',(#7017,#7025,#7033,#7039));
#7017 = ORIENTED_EDGE('',*,*,#7018,.F.);
#7018 = EDGE_CURVE('',#7019,#6886,#7021,.T.);
#7019 = VERTEX_POINT('',#7020);
#7020 = CARTESIAN_POINT('',(861.,-39.5,3.5));
#7021 = LINE('',#7022,#7023);
#7022 = CARTESIAN_POINT('',(861.,-39.5,3.5));
#7023 = VECTOR('',#7024,1.);
#7024 = DIRECTION('',(0.,1.,0.));
#7025 = ORIENTED_EDGE('',*,*,#7026,.F.);
#7026 = EDGE_CURVE('',#7027,#7019,#7029,.T.);
#7027 = VERTEX_POINT('',#7028);
#7028 = CARTESIAN_POINT('',(861.,-39.5,1.5));
#7029 = LINE('',#7030,#7031);
#7030 = CARTESIAN_POINT('',(861.,-39.5,1.5));
#7031 = VECTOR('',#7032,1.);
#7032 = DIRECTION('',(0.,0.,1.));
#7033 = ORIENTED_EDGE('',*,*,#7034,.T.);
#7034 = EDGE_CURVE('',#7027,#6894,#7035,.T.);
#7035 = LINE('',#7036,#7037);
#7036 = CARTESIAN_POINT('',(861.,-39.5,1.5));
#7037 = VECTOR('',#7038,1.);
#7038 = DIRECTION('',(0.,1.,0.));
#7039 = ORIENTED_EDGE('',*,*,#6893,.F.);
#7040 = PLANE('',#7041);
#7041 = AXIS2_PLACEMENT_3D('',#7042,#7043,#7044);
#7042 = CARTESIAN_POINT('',(861.,-39.5,1.5));
#7043 = DIRECTION('',(1.,0.,0.));
#7044 = DIRECTION('',(0.,0.,1.));
#7045 = ADVANCED_FACE('',(#7046),#7071,.F.);
#7046 = FACE_BOUND('',#7047,.F.);
#7047 = EDGE_LOOP('',(#7048,#7056,#7064,#7070));
#7048 = ORIENTED_EDGE('',*,*,#7049,.F.);
#7049 = EDGE_CURVE('',#7050,#7027,#7052,.T.);
#7050 = VERTEX_POINT('',#7051);
#7051 = CARTESIAN_POINT('',(851.,-39.5,1.5));
#7052 = LINE('',#7053,#7054);
#7053 = CARTESIAN_POINT('',(851.,-39.5,1.5));
#7054 = VECTOR('',#7055,1.);
#7055 = DIRECTION('',(1.,0.,0.));
#7056 = ORIENTED_EDGE('',*,*,#7057,.T.);
#7057 = EDGE_CURVE('',#7050,#7058,#7060,.T.);
#7058 = VERTEX_POINT('',#7059);
#7059 = CARTESIAN_POINT('',(851.,-39.5,3.5));
#7060 = LINE('',#7061,#7062);
#7061 = CARTESIAN_POINT('',(851.,-39.5,1.5));
#7062 = VECTOR('',#7063,1.);
#7063 = DIRECTION('',(0.,0.,1.));
#7064 = ORIENTED_EDGE('',*,*,#7065,.T.);
#7065 = EDGE_CURVE('',#7058,#7019,#7066,.T.);
#7066 = LINE('',#7067,#7068);
#7067 = CARTESIAN_POINT('',(851.,-39.5,3.5));
#7068 = VECTOR('',#7069,1.);
#7069 = DIRECTION('',(1.,0.,0.));
#7070 = ORIENTED_EDGE('',*,*,#7026,.F.);
#7071 = PLANE('',#7072);
#7072 = AXIS2_PLACEMENT_3D('',#7073,#7074,#7075);
#7073 = CARTESIAN_POINT('',(851.,-39.5,1.5));
#7074 = DIRECTION('',(0.,1.,0.));
#7075 = DIRECTION('',(0.,0.,1.));
#7076 = ADVANCED_FACE('',(#7077),#7102,.F.);
#7077 = FACE_BOUND('',#7078,.F.);
#7078 = EDGE_LOOP('',(#7079,#7087,#7088,#7096));
#7079 = ORIENTED_EDGE('',*,*,#7080,.F.);
#7080 = EDGE_CURVE('',#7058,#7081,#7083,.T.);
#7081 = VERTEX_POINT('',#7082);
#7082 = CARTESIAN_POINT('',(851.,-34.5,3.5));
#7083 = LINE('',#7084,#7085);
#7084 = CARTESIAN_POINT('',(851.,-39.5,3.5));
#7085 = VECTOR('',#7086,1.);
#7086 = DIRECTION('',(0.,1.,0.));
#7087 = ORIENTED_EDGE('',*,*,#7057,.F.);
#7088 = ORIENTED_EDGE('',*,*,#7089,.T.);
#7089 = EDGE_CURVE('',#7050,#7090,#7092,.T.);
#7090 = VERTEX_POINT('',#7091);
#7091 = CARTESIAN_POINT('',(851.,-34.5,1.5));
#7092 = LINE('',#7093,#7094);
#7093 = CARTESIAN_POINT('',(851.,-39.5,1.5));
#7094 = VECTOR('',#7095,1.);
#7095 = DIRECTION('',(0.,1.,0.));
#7096 = ORIENTED_EDGE('',*,*,#7097,.F.);
#7097 = EDGE_CURVE('',#7081,#7090,#7098,.T.);
#7098 = LINE('',#7099,#7100);
#7099 = CARTESIAN_POINT('',(851.,-34.5,1.5));
#7100 = VECTOR('',#7101,1.);
#7101 = DIRECTION('',(0.,0.,-1.));
#7102 = PLANE('',#7103);
#7103 = AXIS2_PLACEMENT_3D('',#7104,#7105,#7106);
#7104 = CARTESIAN_POINT('',(851.,-39.5,1.5));
#7105 = DIRECTION('',(1.,0.,0.));
#7106 = DIRECTION('',(0.,0.,1.));
#7107 = ADVANCED_FACE('',(#7108),#7149,.T.);
#7108 = FACE_BOUND('',#7109,.T.);
#7109 = EDGE_LOOP('',(#7110,#7120,#7126,#7127,#7135,#7143));
#7110 = ORIENTED_EDGE('',*,*,#7111,.F.);
#7111 = EDGE_CURVE('',#7112,#7114,#7116,.T.);
#7112 = VERTEX_POINT('',#7113);
#7113 = CARTESIAN_POINT('',(848.,-34.5,1.5));
#7114 = VERTEX_POINT('',#7115);
#7115 = CARTESIAN_POINT('',(848.,-34.5,8.));
#7116 = LINE('',#7117,#7118);
#7117 = CARTESIAN_POINT('',(848.,-34.5,3.5));
#7118 = VECTOR('',#7119,1.);
#7119 = DIRECTION('',(0.,0.,1.));
#7120 = ORIENTED_EDGE('',*,*,#7121,.T.);
#7121 = EDGE_CURVE('',#7112,#7090,#7122,.T.);
#7122 = LINE('',#7123,#7124);
#7123 = CARTESIAN_POINT('',(848.,-34.5,1.5));
#7124 = VECTOR('',#7125,1.);
#7125 = DIRECTION('',(1.,0.,0.));
#7126 = ORIENTED_EDGE('',*,*,#7097,.F.);
#7127 = ORIENTED_EDGE('',*,*,#7128,.T.);
#7128 = EDGE_CURVE('',#7081,#7129,#7131,.T.);
#7129 = VERTEX_POINT('',#7130);
#7130 = CARTESIAN_POINT('',(852.96026316928,-34.5,3.5));
#7131 = LINE('',#7132,#7133);
#7132 = CARTESIAN_POINT('',(848.,-34.5,3.5));
#7133 = VECTOR('',#7134,1.);
#7134 = DIRECTION('',(1.,0.,0.));
#7135 = ORIENTED_EDGE('',*,*,#7136,.F.);
#7136 = EDGE_CURVE('',#7137,#7129,#7139,.T.);
#7137 = VERTEX_POINT('',#7138);
#7138 = CARTESIAN_POINT('',(852.96026316928,-34.5,8.));
#7139 = LINE('',#7140,#7141);
#7140 = CARTESIAN_POINT('',(852.96026316928,-34.5,3.5));
#7141 = VECTOR('',#7142,1.);
#7142 = DIRECTION('',(-0.,-0.,-1.));
#7143 = ORIENTED_EDGE('',*,*,#7144,.F.);
#7144 = EDGE_CURVE('',#7114,#7137,#7145,.T.);
#7145 = LINE('',#7146,#7147);
#7146 = CARTESIAN_POINT('',(848.,-34.5,8.));
#7147 = VECTOR('',#7148,1.);
#7148 = DIRECTION('',(1.,0.,0.));
#7149 = PLANE('',#7150);
#7150 = AXIS2_PLACEMENT_3D('',#7151,#7152,#7153);
#7151 = CARTESIAN_POINT('',(897.29908675799,-34.5,4.850456621005));
#7152 = DIRECTION('',(-0.,-1.,-0.));
#7153 = DIRECTION('',(0.,0.,-1.));
#7154 = ADVANCED_FACE('',(#7155),#7182,.F.);
#7155 = FACE_BOUND('',#7156,.T.);
#7156 = EDGE_LOOP('',(#7157,#7158,#7167,#7175));
#7157 = ORIENTED_EDGE('',*,*,#7136,.T.);
#7158 = ORIENTED_EDGE('',*,*,#7159,.F.);
#7159 = EDGE_CURVE('',#7160,#7129,#7162,.T.);
#7160 = VERTEX_POINT('',#7161);
#7161 = CARTESIAN_POINT('',(854.00250156445,-33.,3.5));
#7162 = CIRCLE('',#7163,3.2);
#7163 = AXIS2_PLACEMENT_3D('',#7164,#7165,#7166);
#7164 = CARTESIAN_POINT('',(856.,-35.5,3.5));
#7165 = DIRECTION('',(0.,0.,1.));
#7166 = DIRECTION('',(1.,0.,0.));
#7167 = ORIENTED_EDGE('',*,*,#7168,.F.);
#7168 = EDGE_CURVE('',#7169,#7160,#7171,.T.);
#7169 = VERTEX_POINT('',#7170);
#7170 = CARTESIAN_POINT('',(854.00250156445,-33.,8.));
#7171 = LINE('',#7172,#7173);
#7172 = CARTESIAN_POINT('',(854.00250156445,-33.,3.5));
#7173 = VECTOR('',#7174,1.);
#7174 = DIRECTION('',(-0.,-0.,-1.));
#7175 = ORIENTED_EDGE('',*,*,#7176,.F.);
#7176 = EDGE_CURVE('',#7137,#7169,#7177,.T.);
#7177 = CIRCLE('',#7178,3.2);
#7178 = AXIS2_PLACEMENT_3D('',#7179,#7180,#7181);
#7179 = CARTESIAN_POINT('',(856.,-35.5,8.));
#7180 = DIRECTION('',(0.,0.,-1.));
#7181 = DIRECTION('',(1.,0.,0.));
#7182 = CYLINDRICAL_SURFACE('',#7183,3.2);
#7183 = AXIS2_PLACEMENT_3D('',#7184,#7185,#7186);
#7184 = CARTESIAN_POINT('',(856.,-35.5,3.5));
#7185 = DIRECTION('',(-0.,-0.,-1.));
#7186 = DIRECTION('',(1.,0.,0.));
#7187 = ADVANCED_FACE('',(#7188),#7213,.T.);
#7188 = FACE_BOUND('',#7189,.T.);
#7189 = EDGE_LOOP('',(#7190,#7191,#7199,#7207));
#7190 = ORIENTED_EDGE('',*,*,#7168,.T.);
#7191 = ORIENTED_EDGE('',*,*,#7192,.T.);
#7192 = EDGE_CURVE('',#7160,#7193,#7195,.T.);
#7193 = VERTEX_POINT('',#7194);
#7194 = CARTESIAN_POINT('',(849.,-33.,3.5));
#7195 = LINE('',#7196,#7197);
#7196 = CARTESIAN_POINT('',(848.5,-33.,3.5));
#7197 = VECTOR('',#7198,1.);
#7198 = DIRECTION('',(-1.,0.,0.));
#7199 = ORIENTED_EDGE('',*,*,#7200,.T.);
#7200 = EDGE_CURVE('',#7193,#7201,#7203,.T.);
#7201 = VERTEX_POINT('',#7202);
#7202 = CARTESIAN_POINT('',(849.,-33.,8.));
#7203 = LINE('',#7204,#7205);
#7204 = CARTESIAN_POINT('',(849.,-33.,3.));
#7205 = VECTOR('',#7206,1.);
#7206 = DIRECTION('',(0.,0.,1.));
#7207 = ORIENTED_EDGE('',*,*,#7208,.F.);
#7208 = EDGE_CURVE('',#7169,#7201,#7209,.T.);
#7209 = LINE('',#7210,#7211);
#7210 = CARTESIAN_POINT('',(848.5,-33.,8.));
#7211 = VECTOR('',#7212,1.);
#7212 = DIRECTION('',(-1.,0.,0.));
#7213 = PLANE('',#7214);
#7214 = AXIS2_PLACEMENT_3D('',#7215,#7216,#7217);
#7215 = CARTESIAN_POINT('',(849.,-33.,3.));
#7216 = DIRECTION('',(0.,1.,0.));
#7217 = DIRECTION('',(0.,0.,1.));
#7218 = ADVANCED_FACE('',(#7219),#7244,.T.);
#7219 = FACE_BOUND('',#7220,.T.);
#7220 = EDGE_LOOP('',(#7221,#7222,#7230,#7238));
#7221 = ORIENTED_EDGE('',*,*,#7200,.F.);
#7222 = ORIENTED_EDGE('',*,*,#7223,.T.);
#7223 = EDGE_CURVE('',#7193,#7224,#7226,.T.);
#7224 = VERTEX_POINT('',#7225);
#7225 = CARTESIAN_POINT('',(849.,33.,3.5));
#7226 = LINE('',#7227,#7228);
#7227 = CARTESIAN_POINT('',(849.,-33.75,3.5));
#7228 = VECTOR('',#7229,1.);
#7229 = DIRECTION('',(0.,1.,0.));
#7230 = ORIENTED_EDGE('',*,*,#7231,.T.);
#7231 = EDGE_CURVE('',#7224,#7232,#7234,.T.);
#7232 = VERTEX_POINT('',#7233);
#7233 = CARTESIAN_POINT('',(849.,33.,8.));
#7234 = LINE('',#7235,#7236);
#7235 = CARTESIAN_POINT('',(849.,33.,3.));
#7236 = VECTOR('',#7237,1.);
#7237 = DIRECTION('',(0.,0.,1.));
#7238 = ORIENTED_EDGE('',*,*,#7239,.F.);
#7239 = EDGE_CURVE('',#7201,#7232,#7240,.T.);
#7240 = LINE('',#7241,#7242);
#7241 = CARTESIAN_POINT('',(849.,-33.75,8.));
#7242 = VECTOR('',#7243,1.);
#7243 = DIRECTION('',(0.,1.,0.));
#7244 = PLANE('',#7245);
#7245 = AXIS2_PLACEMENT_3D('',#7246,#7247,#7248);
#7246 = CARTESIAN_POINT('',(849.,-33.,3.));
#7247 = DIRECTION('',(1.,0.,0.));
#7248 = DIRECTION('',(0.,0.,1.));
#7249 = ADVANCED_FACE('',(#7250),#7275,.F.);
#7250 = FACE_BOUND('',#7251,.F.);
#7251 = EDGE_LOOP('',(#7252,#7262,#7268,#7269));
#7252 = ORIENTED_EDGE('',*,*,#7253,.T.);
#7253 = EDGE_CURVE('',#7254,#7256,#7258,.T.);
#7254 = VERTEX_POINT('',#7255);
#7255 = CARTESIAN_POINT('',(854.00250156445,33.,8.));
#7256 = VERTEX_POINT('',#7257);
#7257 = CARTESIAN_POINT('',(854.00250156445,33.,3.5));
#7258 = LINE('',#7259,#7260);
#7259 = CARTESIAN_POINT('',(854.00250156445,33.,3.5));
#7260 = VECTOR('',#7261,1.);
#7261 = DIRECTION('',(-0.,-0.,-1.));
#7262 = ORIENTED_EDGE('',*,*,#7263,.T.);
#7263 = EDGE_CURVE('',#7256,#7224,#7264,.T.);
#7264 = LINE('',#7265,#7266);
#7265 = CARTESIAN_POINT('',(848.5,33.,3.5));
#7266 = VECTOR('',#7267,1.);
#7267 = DIRECTION('',(-1.,0.,0.));
#7268 = ORIENTED_EDGE('',*,*,#7231,.T.);
#7269 = ORIENTED_EDGE('',*,*,#7270,.F.);
#7270 = EDGE_CURVE('',#7254,#7232,#7271,.T.);
#7271 = LINE('',#7272,#7273);
#7272 = CARTESIAN_POINT('',(848.5,33.,8.));
#7273 = VECTOR('',#7274,1.);
#7274 = DIRECTION('',(-1.,0.,0.));
#7275 = PLANE('',#7276);
#7276 = AXIS2_PLACEMENT_3D('',#7277,#7278,#7279);
#7277 = CARTESIAN_POINT('',(849.,33.,3.));
#7278 = DIRECTION('',(0.,1.,0.));
#7279 = DIRECTION('',(0.,0.,1.));
#7280 = ADVANCED_FACE('',(#7281),#7308,.F.);
#7281 = FACE_BOUND('',#7282,.T.);
#7282 = EDGE_LOOP('',(#7283,#7292,#7300,#7307));
#7283 = ORIENTED_EDGE('',*,*,#7284,.F.);
#7284 = EDGE_CURVE('',#7285,#7256,#7287,.T.);
#7285 = VERTEX_POINT('',#7286);
#7286 = CARTESIAN_POINT('',(852.96026316928,34.5,3.5));
#7287 = CIRCLE('',#7288,3.2);
#7288 = AXIS2_PLACEMENT_3D('',#7289,#7290,#7291);
#7289 = CARTESIAN_POINT('',(856.,35.5,3.5));
#7290 = DIRECTION('',(0.,0.,1.));
#7291 = DIRECTION('',(1.,0.,0.));
#7292 = ORIENTED_EDGE('',*,*,#7293,.F.);
#7293 = EDGE_CURVE('',#7294,#7285,#7296,.T.);
#7294 = VERTEX_POINT('',#7295);
#7295 = CARTESIAN_POINT('',(852.96026316928,34.5,8.));
#7296 = LINE('',#7297,#7298);
#7297 = CARTESIAN_POINT('',(852.96026316928,34.5,3.5));
#7298 = VECTOR('',#7299,1.);
#7299 = DIRECTION('',(-0.,-0.,-1.));
#7300 = ORIENTED_EDGE('',*,*,#7301,.F.);
#7301 = EDGE_CURVE('',#7254,#7294,#7302,.T.);
#7302 = CIRCLE('',#7303,3.2);
#7303 = AXIS2_PLACEMENT_3D('',#7304,#7305,#7306);
#7304 = CARTESIAN_POINT('',(856.,35.5,8.));
#7305 = DIRECTION('',(0.,0.,-1.));
#7306 = DIRECTION('',(1.,0.,0.));
#7307 = ORIENTED_EDGE('',*,*,#7253,.T.);
#7308 = CYLINDRICAL_SURFACE('',#7309,3.2);
#7309 = AXIS2_PLACEMENT_3D('',#7310,#7311,#7312);
#7310 = CARTESIAN_POINT('',(856.,35.5,3.5));
#7311 = DIRECTION('',(-0.,-0.,-1.));
#7312 = DIRECTION('',(1.,0.,0.));
#7313 = ADVANCED_FACE('',(#7314),#7355,.T.);
#7314 = FACE_BOUND('',#7315,.T.);
#7315 = EDGE_LOOP('',(#7316,#7326,#7334,#7340,#7341,#7349));
#7316 = ORIENTED_EDGE('',*,*,#7317,.F.);
#7317 = EDGE_CURVE('',#7318,#7320,#7322,.T.);
#7318 = VERTEX_POINT('',#7319);
#7319 = CARTESIAN_POINT('',(848.,34.5,1.5));
#7320 = VERTEX_POINT('',#7321);
#7321 = CARTESIAN_POINT('',(851.,34.5,1.5));
#7322 = LINE('',#7323,#7324);
#7323 = CARTESIAN_POINT('',(848.,34.5,1.5));
#7324 = VECTOR('',#7325,1.);
#7325 = DIRECTION('',(1.,0.,0.));
#7326 = ORIENTED_EDGE('',*,*,#7327,.T.);
#7327 = EDGE_CURVE('',#7318,#7328,#7330,.T.);
#7328 = VERTEX_POINT('',#7329);
#7329 = CARTESIAN_POINT('',(848.,34.5,8.));
#7330 = LINE('',#7331,#7332);
#7331 = CARTESIAN_POINT('',(848.,34.5,3.5));
#7332 = VECTOR('',#7333,1.);
#7333 = DIRECTION('',(0.,0.,1.));
#7334 = ORIENTED_EDGE('',*,*,#7335,.T.);
#7335 = EDGE_CURVE('',#7328,#7294,#7336,.T.);
#7336 = LINE('',#7337,#7338);
#7337 = CARTESIAN_POINT('',(848.,34.5,8.));
#7338 = VECTOR('',#7339,1.);
#7339 = DIRECTION('',(1.,0.,0.));
#7340 = ORIENTED_EDGE('',*,*,#7293,.T.);
#7341 = ORIENTED_EDGE('',*,*,#7342,.F.);
#7342 = EDGE_CURVE('',#7343,#7285,#7345,.T.);
#7343 = VERTEX_POINT('',#7344);
#7344 = CARTESIAN_POINT('',(851.,34.5,3.5));
#7345 = LINE('',#7346,#7347);
#7346 = CARTESIAN_POINT('',(848.,34.5,3.5));
#7347 = VECTOR('',#7348,1.);
#7348 = DIRECTION('',(1.,0.,0.));
#7349 = ORIENTED_EDGE('',*,*,#7350,.T.);
#7350 = EDGE_CURVE('',#7343,#7320,#7351,.T.);
#7351 = LINE('',#7352,#7353);
#7352 = CARTESIAN_POINT('',(851.,34.5,1.5));
#7353 = VECTOR('',#7354,1.);
#7354 = DIRECTION('',(0.,0.,-1.));
#7355 = PLANE('',#7356);
#7356 = AXIS2_PLACEMENT_3D('',#7357,#7358,#7359);
#7357 = CARTESIAN_POINT('',(897.29908675799,34.5,4.850456621005));
#7358 = DIRECTION('',(0.,1.,0.));
#7359 = DIRECTION('',(0.,0.,1.));
#7360 = ADVANCED_FACE('',(#7361),#7386,.F.);
#7361 = FACE_BOUND('',#7362,.F.);
#7362 = EDGE_LOOP('',(#7363,#7364,#7372,#7380));
#7363 = ORIENTED_EDGE('',*,*,#7350,.T.);
#7364 = ORIENTED_EDGE('',*,*,#7365,.T.);
#7365 = EDGE_CURVE('',#7320,#7366,#7368,.T.);
#7366 = VERTEX_POINT('',#7367);
#7367 = CARTESIAN_POINT('',(851.,39.5,1.5));
#7368 = LINE('',#7369,#7370);
#7369 = CARTESIAN_POINT('',(851.,27.5,1.5));
#7370 = VECTOR('',#7371,1.);
#7371 = DIRECTION('',(0.,1.,0.));
#7372 = ORIENTED_EDGE('',*,*,#7373,.T.);
#7373 = EDGE_CURVE('',#7366,#7374,#7376,.T.);
#7374 = VERTEX_POINT('',#7375);
#7375 = CARTESIAN_POINT('',(851.,39.5,3.5));
#7376 = LINE('',#7377,#7378);
#7377 = CARTESIAN_POINT('',(851.,39.5,1.5));
#7378 = VECTOR('',#7379,1.);
#7379 = DIRECTION('',(0.,0.,1.));
#7380 = ORIENTED_EDGE('',*,*,#7381,.F.);
#7381 = EDGE_CURVE('',#7343,#7374,#7382,.T.);
#7382 = LINE('',#7383,#7384);
#7383 = CARTESIAN_POINT('',(851.,27.5,3.5));
#7384 = VECTOR('',#7385,1.);
#7385 = DIRECTION('',(0.,1.,0.));
#7386 = PLANE('',#7387);
#7387 = AXIS2_PLACEMENT_3D('',#7388,#7389,#7390);
#7388 = CARTESIAN_POINT('',(851.,27.5,1.5));
#7389 = DIRECTION('',(1.,0.,0.));
#7390 = DIRECTION('',(0.,0.,1.));
#7391 = ADVANCED_FACE('',(#7392),#7417,.T.);
#7392 = FACE_BOUND('',#7393,.T.);
#7393 = EDGE_LOOP('',(#7394,#7402,#7403,#7411));
#7394 = ORIENTED_EDGE('',*,*,#7395,.F.);
#7395 = EDGE_CURVE('',#7366,#7396,#7398,.T.);
#7396 = VERTEX_POINT('',#7397);
#7397 = CARTESIAN_POINT('',(861.,39.5,1.5));
#7398 = LINE('',#7399,#7400);
#7399 = CARTESIAN_POINT('',(851.,39.5,1.5));
#7400 = VECTOR('',#7401,1.);
#7401 = DIRECTION('',(1.,0.,0.));
#7402 = ORIENTED_EDGE('',*,*,#7373,.T.);
#7403 = ORIENTED_EDGE('',*,*,#7404,.T.);
#7404 = EDGE_CURVE('',#7374,#7405,#7407,.T.);
#7405 = VERTEX_POINT('',#7406);
#7406 = CARTESIAN_POINT('',(861.,39.5,3.5));
#7407 = LINE('',#7408,#7409);
#7408 = CARTESIAN_POINT('',(851.,39.5,3.5));
#7409 = VECTOR('',#7410,1.);
#7410 = DIRECTION('',(1.,0.,0.));
#7411 = ORIENTED_EDGE('',*,*,#7412,.F.);
#7412 = EDGE_CURVE('',#7396,#7405,#7413,.T.);
#7413 = LINE('',#7414,#7415);
#7414 = CARTESIAN_POINT('',(861.,39.5,1.5));
#7415 = VECTOR('',#7416,1.);
#7416 = DIRECTION('',(0.,0.,1.));
#7417 = PLANE('',#7418);
#7418 = AXIS2_PLACEMENT_3D('',#7419,#7420,#7421);
#7419 = CARTESIAN_POINT('',(851.,39.5,1.5));
#7420 = DIRECTION('',(0.,1.,0.));
#7421 = DIRECTION('',(0.,0.,1.));
#7422 = ADVANCED_FACE('',(#7423),#7448,.T.);
#7423 = FACE_BOUND('',#7424,.T.);
#7424 = EDGE_LOOP('',(#7425,#7435,#7441,#7442));
#7425 = ORIENTED_EDGE('',*,*,#7426,.T.);
#7426 = EDGE_CURVE('',#7427,#7429,#7431,.T.);
#7427 = VERTEX_POINT('',#7428);
#7428 = CARTESIAN_POINT('',(861.,34.5,3.5));
#7429 = VERTEX_POINT('',#7430);
#7430 = CARTESIAN_POINT('',(861.,34.5,1.5));
#7431 = LINE('',#7432,#7433);
#7432 = CARTESIAN_POINT('',(861.,34.5,1.5));
#7433 = VECTOR('',#7434,1.);
#7434 = DIRECTION('',(0.,0.,-1.));
#7435 = ORIENTED_EDGE('',*,*,#7436,.T.);
#7436 = EDGE_CURVE('',#7429,#7396,#7437,.T.);
#7437 = LINE('',#7438,#7439);
#7438 = CARTESIAN_POINT('',(861.,27.5,1.5));
#7439 = VECTOR('',#7440,1.);
#7440 = DIRECTION('',(0.,1.,0.));
#7441 = ORIENTED_EDGE('',*,*,#7412,.T.);
#7442 = ORIENTED_EDGE('',*,*,#7443,.F.);
#7443 = EDGE_CURVE('',#7427,#7405,#7444,.T.);
#7444 = LINE('',#7445,#7446);
#7445 = CARTESIAN_POINT('',(861.,27.5,3.5));
#7446 = VECTOR('',#7447,1.);
#7447 = DIRECTION('',(0.,1.,0.));
#7448 = PLANE('',#7449);
#7449 = AXIS2_PLACEMENT_3D('',#7450,#7451,#7452);
#7450 = CARTESIAN_POINT('',(861.,27.5,1.5));
#7451 = DIRECTION('',(1.,0.,0.));
#7452 = DIRECTION('',(0.,0.,1.));
#7453 = ADVANCED_FACE('',(#7454),#7511,.T.);
#7454 = FACE_BOUND('',#7455,.T.);
#7455 = EDGE_LOOP('',(#7456,#7466,#7474,#7482,#7490,#7498,#7504,#7505));
#7456 = ORIENTED_EDGE('',*,*,#7457,.F.);
#7457 = EDGE_CURVE('',#7458,#7460,#7462,.T.);
#7458 = VERTEX_POINT('',#7459);
#7459 = CARTESIAN_POINT('',(859.03973683071,34.5,8.));
#7460 = VERTEX_POINT('',#7461);
#7461 = CARTESIAN_POINT('',(859.03973683071,34.5,3.5));
#7462 = LINE('',#7463,#7464);
#7463 = CARTESIAN_POINT('',(859.03973683071,34.5,3.5));
#7464 = VECTOR('',#7465,1.);
#7465 = DIRECTION('',(-0.,-0.,-1.));
#7466 = ORIENTED_EDGE('',*,*,#7467,.T.);
#7467 = EDGE_CURVE('',#7458,#7468,#7470,.T.);
#7468 = VERTEX_POINT('',#7469);
#7469 = CARTESIAN_POINT('',(924.96026316928,34.5,8.));
#7470 = LINE('',#7471,#7472);
#7471 = CARTESIAN_POINT('',(848.,34.5,8.));
#7472 = VECTOR('',#7473,1.);
#7473 = DIRECTION('',(1.,0.,0.));
#7474 = ORIENTED_EDGE('',*,*,#7475,.T.);
#7475 = EDGE_CURVE('',#7468,#7476,#7478,.T.);
#7476 = VERTEX_POINT('',#7477);
#7477 = CARTESIAN_POINT('',(924.96026316928,34.5,3.5));
#7478 = LINE('',#7479,#7480);
#7479 = CARTESIAN_POINT('',(924.96026316928,34.5,3.5));
#7480 = VECTOR('',#7481,1.);
#7481 = DIRECTION('',(-0.,-0.,-1.));
#7482 = ORIENTED_EDGE('',*,*,#7483,.F.);
#7483 = EDGE_CURVE('',#7484,#7476,#7486,.T.);
#7484 = VERTEX_POINT('',#7485);
#7485 = CARTESIAN_POINT('',(923.,34.5,3.5));
#7486 = LINE('',#7487,#7488);
#7487 = CARTESIAN_POINT('',(848.,34.5,3.5));
#7488 = VECTOR('',#7489,1.);
#7489 = DIRECTION('',(1.,0.,0.));
#7490 = ORIENTED_EDGE('',*,*,#7491,.T.);
#7491 = EDGE_CURVE('',#7484,#7492,#7494,.T.);
#7492 = VERTEX_POINT('',#7493);
#7493 = CARTESIAN_POINT('',(923.,34.5,1.5));
#7494 = LINE('',#7495,#7496);
#7495 = CARTESIAN_POINT('',(923.,34.5,1.5));
#7496 = VECTOR('',#7497,1.);
#7497 = DIRECTION('',(0.,0.,-1.));
#7498 = ORIENTED_EDGE('',*,*,#7499,.F.);
#7499 = EDGE_CURVE('',#7429,#7492,#7500,.T.);
#7500 = LINE('',#7501,#7502);
#7501 = CARTESIAN_POINT('',(848.,34.5,1.5));
#7502 = VECTOR('',#7503,1.);
#7503 = DIRECTION('',(1.,0.,0.));
#7504 = ORIENTED_EDGE('',*,*,#7426,.F.);
#7505 = ORIENTED_EDGE('',*,*,#7506,.F.);
#7506 = EDGE_CURVE('',#7460,#7427,#7507,.T.);
#7507 = LINE('',#7508,#7509);
#7508 = CARTESIAN_POINT('',(848.,34.5,3.5));
#7509 = VECTOR('',#7510,1.);
#7510 = DIRECTION('',(1.,0.,0.));
#7511 = PLANE('',#7512);
#7512 = AXIS2_PLACEMENT_3D('',#7513,#7514,#7515);
#7513 = CARTESIAN_POINT('',(897.29908675799,34.5,4.850456621005));
#7514 = DIRECTION('',(0.,1.,0.));
#7515 = DIRECTION('',(0.,0.,1.));
#7516 = ADVANCED_FACE('',(#7517),#7544,.F.);
#7517 = FACE_BOUND('',#7518,.T.);
#7518 = EDGE_LOOP('',(#7519,#7520,#7529,#7537));
#7519 = ORIENTED_EDGE('',*,*,#7457,.T.);
#7520 = ORIENTED_EDGE('',*,*,#7521,.F.);
#7521 = EDGE_CURVE('',#7522,#7460,#7524,.T.);
#7522 = VERTEX_POINT('',#7523);
#7523 = CARTESIAN_POINT('',(857.99749843554,33.,3.5));
#7524 = CIRCLE('',#7525,3.2);
#7525 = AXIS2_PLACEMENT_3D('',#7526,#7527,#7528);
#7526 = CARTESIAN_POINT('',(856.,35.5,3.5));
#7527 = DIRECTION('',(0.,0.,1.));
#7528 = DIRECTION('',(1.,0.,0.));
#7529 = ORIENTED_EDGE('',*,*,#7530,.F.);
#7530 = EDGE_CURVE('',#7531,#7522,#7533,.T.);
#7531 = VERTEX_POINT('',#7532);
#7532 = CARTESIAN_POINT('',(857.99749843554,33.,8.));
#7533 = LINE('',#7534,#7535);
#7534 = CARTESIAN_POINT('',(857.99749843554,33.,3.5));
#7535 = VECTOR('',#7536,1.);
#7536 = DIRECTION('',(-0.,-0.,-1.));
#7537 = ORIENTED_EDGE('',*,*,#7538,.F.);
#7538 = EDGE_CURVE('',#7458,#7531,#7539,.T.);
#7539 = CIRCLE('',#7540,3.2);
#7540 = AXIS2_PLACEMENT_3D('',#7541,#7542,#7543);
#7541 = CARTESIAN_POINT('',(856.,35.5,8.));
#7542 = DIRECTION('',(0.,0.,-1.));
#7543 = DIRECTION('',(1.,0.,0.));
#7544 = CYLINDRICAL_SURFACE('',#7545,3.2);
#7545 = AXIS2_PLACEMENT_3D('',#7546,#7547,#7548);
#7546 = CARTESIAN_POINT('',(856.,35.5,3.5));
#7547 = DIRECTION('',(-0.,-0.,-1.));
#7548 = DIRECTION('',(1.,0.,0.));
#7549 = ADVANCED_FACE('',(#7550),#7575,.F.);
#7550 = FACE_BOUND('',#7551,.F.);
#7551 = EDGE_LOOP('',(#7552,#7562,#7568,#7569));
#7552 = ORIENTED_EDGE('',*,*,#7553,.T.);
#7553 = EDGE_CURVE('',#7554,#7556,#7558,.T.);
#7554 = VERTEX_POINT('',#7555);
#7555 = CARTESIAN_POINT('',(926.00250156445,33.,8.));
#7556 = VERTEX_POINT('',#7557);
#7557 = CARTESIAN_POINT('',(926.00250156445,33.,3.5));
#7558 = LINE('',#7559,#7560);
#7559 = CARTESIAN_POINT('',(926.00250156445,33.,3.5));
#7560 = VECTOR('',#7561,1.);
#7561 = DIRECTION('',(-0.,-0.,-1.));
#7562 = ORIENTED_EDGE('',*,*,#7563,.T.);
#7563 = EDGE_CURVE('',#7556,#7522,#7564,.T.);
#7564 = LINE('',#7565,#7566);
#7565 = CARTESIAN_POINT('',(848.5,33.,3.5));
#7566 = VECTOR('',#7567,1.);
#7567 = DIRECTION('',(-1.,0.,0.));
#7568 = ORIENTED_EDGE('',*,*,#7530,.F.);
#7569 = ORIENTED_EDGE('',*,*,#7570,.F.);
#7570 = EDGE_CURVE('',#7554,#7531,#7571,.T.);
#7571 = LINE('',#7572,#7573);
#7572 = CARTESIAN_POINT('',(848.5,33.,8.));
#7573 = VECTOR('',#7574,1.);
#7574 = DIRECTION('',(-1.,0.,0.));
#7575 = PLANE('',#7576);
#7576 = AXIS2_PLACEMENT_3D('',#7577,#7578,#7579);
#7577 = CARTESIAN_POINT('',(849.,33.,3.));
#7578 = DIRECTION('',(0.,1.,0.));
#7579 = DIRECTION('',(0.,0.,1.));
#7580 = ADVANCED_FACE('',(#7581,#7641,#7652,#7663,#7697,#7708),#7719,.T.
  );
#7581 = FACE_BOUND('',#7582,.T.);
#7582 = EDGE_LOOP('',(#7583,#7584,#7585,#7591,#7592,#7593,#7594,#7595,
    #7596,#7604,#7612,#7620,#7628,#7634,#7635,#7636,#7637,#7638,#7639,
    #7640));
#7583 = ORIENTED_EDGE('',*,*,#7089,.T.);
#7584 = ORIENTED_EDGE('',*,*,#7121,.F.);
#7585 = ORIENTED_EDGE('',*,*,#7586,.T.);
#7586 = EDGE_CURVE('',#7112,#7318,#7587,.T.);
#7587 = LINE('',#7588,#7589);
#7588 = CARTESIAN_POINT('',(848.,-34.5,1.5));
#7589 = VECTOR('',#7590,1.);
#7590 = DIRECTION('',(0.,1.,0.));
#7591 = ORIENTED_EDGE('',*,*,#7317,.T.);
#7592 = ORIENTED_EDGE('',*,*,#7365,.T.);
#7593 = ORIENTED_EDGE('',*,*,#7395,.T.);
#7594 = ORIENTED_EDGE('',*,*,#7436,.F.);
#7595 = ORIENTED_EDGE('',*,*,#7499,.T.);
#7596 = ORIENTED_EDGE('',*,*,#7597,.T.);
#7597 = EDGE_CURVE('',#7492,#7598,#7600,.T.);
#7598 = VERTEX_POINT('',#7599);
#7599 = CARTESIAN_POINT('',(923.,39.5,1.5));
#7600 = LINE('',#7601,#7602);
#7601 = CARTESIAN_POINT('',(923.,27.5,1.5));
#7602 = VECTOR('',#7603,1.);
#7603 = DIRECTION('',(0.,1.,0.));
#7604 = ORIENTED_EDGE('',*,*,#7605,.T.);
#7605 = EDGE_CURVE('',#7598,#7606,#7608,.T.);
#7606 = VERTEX_POINT('',#7607);
#7607 = CARTESIAN_POINT('',(933.,39.5,1.5));
#7608 = LINE('',#7609,#7610);
#7609 = CARTESIAN_POINT('',(923.,39.5,1.5));
#7610 = VECTOR('',#7611,1.);
#7611 = DIRECTION('',(1.,0.,0.));
#7612 = ORIENTED_EDGE('',*,*,#7613,.F.);
#7613 = EDGE_CURVE('',#7614,#7606,#7616,.T.);
#7614 = VERTEX_POINT('',#7615);
#7615 = CARTESIAN_POINT('',(933.,34.5,1.5));
#7616 = LINE('',#7617,#7618);
#7617 = CARTESIAN_POINT('',(933.,27.5,1.5));
#7618 = VECTOR('',#7619,1.);
#7619 = DIRECTION('',(0.,1.,0.));
#7620 = ORIENTED_EDGE('',*,*,#7621,.T.);
#7621 = EDGE_CURVE('',#7614,#7622,#7624,.T.);
#7622 = VERTEX_POINT('',#7623);
#7623 = CARTESIAN_POINT('',(947.,34.5,1.5));
#7624 = LINE('',#7625,#7626);
#7625 = CARTESIAN_POINT('',(848.,34.5,1.5));
#7626 = VECTOR('',#7627,1.);
#7627 = DIRECTION('',(1.,0.,0.));
#7628 = ORIENTED_EDGE('',*,*,#7629,.F.);
#7629 = EDGE_CURVE('',#6753,#7622,#7630,.T.);
#7630 = LINE('',#7631,#7632);
#7631 = CARTESIAN_POINT('',(947.,-34.5,1.5));
#7632 = VECTOR('',#7633,1.);
#7633 = DIRECTION('',(0.,1.,0.));
#7634 = ORIENTED_EDGE('',*,*,#6752,.F.);
#7635 = ORIENTED_EDGE('',*,*,#6790,.F.);
#7636 = ORIENTED_EDGE('',*,*,#6805,.F.);
#7637 = ORIENTED_EDGE('',*,*,#6845,.T.);
#7638 = ORIENTED_EDGE('',*,*,#6901,.F.);
#7639 = ORIENTED_EDGE('',*,*,#7034,.F.);
#7640 = ORIENTED_EDGE('',*,*,#7049,.F.);
#7641 = FACE_BOUND('',#7642,.T.);
#7642 = EDGE_LOOP('',(#7643));
#7643 = ORIENTED_EDGE('',*,*,#7644,.F.);
#7644 = EDGE_CURVE('',#7645,#7645,#7647,.T.);
#7645 = VERTEX_POINT('',#7646);
#7646 = CARTESIAN_POINT('',(929.7,-35.5,1.5));
#7647 = CIRCLE('',#7648,1.7);
#7648 = AXIS2_PLACEMENT_3D('',#7649,#7650,#7651);
#7649 = CARTESIAN_POINT('',(928.,-35.5,1.5));
#7650 = DIRECTION('',(0.,0.,-1.));
#7651 = DIRECTION('',(1.,0.,0.));
#7652 = FACE_BOUND('',#7653,.T.);
#7653 = EDGE_LOOP('',(#7654));
#7654 = ORIENTED_EDGE('',*,*,#7655,.F.);
#7655 = EDGE_CURVE('',#7656,#7656,#7658,.T.);
#7656 = VERTEX_POINT('',#7657);
#7657 = CARTESIAN_POINT('',(857.7,-35.5,1.5));
#7658 = CIRCLE('',#7659,1.7);
#7659 = AXIS2_PLACEMENT_3D('',#7660,#7661,#7662);
#7660 = CARTESIAN_POINT('',(856.,-35.5,1.5));
#7661 = DIRECTION('',(0.,0.,-1.));
#7662 = DIRECTION('',(1.,0.,0.));
#7663 = FACE_BOUND('',#7664,.T.);
#7664 = EDGE_LOOP('',(#7665,#7675,#7683,#7691));
#7665 = ORIENTED_EDGE('',*,*,#7666,.F.);
#7666 = EDGE_CURVE('',#7667,#7669,#7671,.T.);
#7667 = VERTEX_POINT('',#7668);
#7668 = CARTESIAN_POINT('',(940.,-24.,1.5));
#7669 = VERTEX_POINT('',#7670);
#7670 = CARTESIAN_POINT('',(855.,-24.,1.5));
#7671 = LINE('',#7672,#7673);
#7672 = CARTESIAN_POINT('',(851.5,-24.,1.5));
#7673 = VECTOR('',#7674,1.);
#7674 = DIRECTION('',(-1.,0.,0.));
#7675 = ORIENTED_EDGE('',*,*,#7676,.T.);
#7676 = EDGE_CURVE('',#7667,#7677,#7679,.T.);
#7677 = VERTEX_POINT('',#7678);
#7678 = CARTESIAN_POINT('',(940.,24.,1.5));
#7679 = LINE('',#7680,#7681);
#7680 = CARTESIAN_POINT('',(940.,-29.25,1.5));
#7681 = VECTOR('',#7682,1.);
#7682 = DIRECTION('',(0.,1.,0.));
#7683 = ORIENTED_EDGE('',*,*,#7684,.T.);
#7684 = EDGE_CURVE('',#7677,#7685,#7687,.T.);
#7685 = VERTEX_POINT('',#7686);
#7686 = CARTESIAN_POINT('',(855.,24.,1.5));
#7687 = LINE('',#7688,#7689);
#7688 = CARTESIAN_POINT('',(851.5,24.,1.5));
#7689 = VECTOR('',#7690,1.);
#7690 = DIRECTION('',(-1.,0.,0.));
#7691 = ORIENTED_EDGE('',*,*,#7692,.F.);
#7692 = EDGE_CURVE('',#7669,#7685,#7693,.T.);
#7693 = LINE('',#7694,#7695);
#7694 = CARTESIAN_POINT('',(855.,-29.25,1.5));
#7695 = VECTOR('',#7696,1.);
#7696 = DIRECTION('',(0.,1.,0.));
#7697 = FACE_BOUND('',#7698,.T.);
#7698 = EDGE_LOOP('',(#7699));
#7699 = ORIENTED_EDGE('',*,*,#7700,.F.);
#7700 = EDGE_CURVE('',#7701,#7701,#7703,.T.);
#7701 = VERTEX_POINT('',#7702);
#7702 = CARTESIAN_POINT('',(929.7,35.5,1.5));
#7703 = CIRCLE('',#7704,1.7);
#7704 = AXIS2_PLACEMENT_3D('',#7705,#7706,#7707);
#7705 = CARTESIAN_POINT('',(928.,35.5,1.5));
#7706 = DIRECTION('',(0.,0.,-1.));
#7707 = DIRECTION('',(1.,0.,0.));
#7708 = FACE_BOUND('',#7709,.T.);
#7709 = EDGE_LOOP('',(#7710));
#7710 = ORIENTED_EDGE('',*,*,#7711,.F.);
#7711 = EDGE_CURVE('',#7712,#7712,#7714,.T.);
#7712 = VERTEX_POINT('',#7713);
#7713 = CARTESIAN_POINT('',(857.7,35.5,1.5));
#7714 = CIRCLE('',#7715,1.7);
#7715 = AXIS2_PLACEMENT_3D('',#7716,#7717,#7718);
#7716 = CARTESIAN_POINT('',(856.,35.5,1.5));
#7717 = DIRECTION('',(0.,0.,-1.));
#7718 = DIRECTION('',(1.,0.,0.));
#7719 = PLANE('',#7720);
#7720 = AXIS2_PLACEMENT_3D('',#7721,#7722,#7723);
#7721 = CARTESIAN_POINT('',(896.91489361702,0.,1.5));
#7722 = DIRECTION('',(-0.,-0.,-1.));
#7723 = DIRECTION('',(-1.,0.,0.));
#7724 = ADVANCED_FACE('',(#7725),#7762,.F.);
#7725 = FACE_BOUND('',#7726,.T.);
#7726 = EDGE_LOOP('',(#7727,#7735,#7736,#7737,#7746,#7755));
#7727 = ORIENTED_EDGE('',*,*,#7728,.F.);
#7728 = EDGE_CURVE('',#7645,#7729,#7731,.T.);
#7729 = VERTEX_POINT('',#7730);
#7730 = CARTESIAN_POINT('',(929.7,-35.5,3.5));
#7731 = LINE('',#7732,#7733);
#7732 = CARTESIAN_POINT('',(929.7,-35.5,0.5));
#7733 = VECTOR('',#7734,1.);
#7734 = DIRECTION('',(0.,0.,1.));
#7735 = ORIENTED_EDGE('',*,*,#7644,.T.);
#7736 = ORIENTED_EDGE('',*,*,#7728,.T.);
#7737 = ORIENTED_EDGE('',*,*,#7738,.F.);
#7738 = EDGE_CURVE('',#7739,#7729,#7741,.T.);
#7739 = VERTEX_POINT('',#7740);
#7740 = CARTESIAN_POINT('',(929.37477270853,-34.5,3.5));
#7741 = CIRCLE('',#7742,1.7);
#7742 = AXIS2_PLACEMENT_3D('',#7743,#7744,#7745);
#7743 = CARTESIAN_POINT('',(928.,-35.5,3.5));
#7744 = DIRECTION('',(0.,0.,-1.));
#7745 = DIRECTION('',(1.,0.,0.));
#7746 = ORIENTED_EDGE('',*,*,#7747,.F.);
#7747 = EDGE_CURVE('',#7748,#7739,#7750,.T.);
#7748 = VERTEX_POINT('',#7749);
#7749 = CARTESIAN_POINT('',(926.62522729146,-34.5,3.5));
#7750 = CIRCLE('',#7751,1.7);
#7751 = AXIS2_PLACEMENT_3D('',#7752,#7753,#7754);
#7752 = CARTESIAN_POINT('',(928.,-35.5,3.5));
#7753 = DIRECTION('',(0.,0.,-1.));
#7754 = DIRECTION('',(1.,0.,0.));
#7755 = ORIENTED_EDGE('',*,*,#7756,.F.);
#7756 = EDGE_CURVE('',#7729,#7748,#7757,.T.);
#7757 = CIRCLE('',#7758,1.7);
#7758 = AXIS2_PLACEMENT_3D('',#7759,#7760,#7761);
#7759 = CARTESIAN_POINT('',(928.,-35.5,3.5));
#7760 = DIRECTION('',(0.,0.,-1.));
#7761 = DIRECTION('',(1.,0.,0.));
#7762 = CYLINDRICAL_SURFACE('',#7763,1.7);
#7763 = AXIS2_PLACEMENT_3D('',#7764,#7765,#7766);
#7764 = CARTESIAN_POINT('',(928.,-35.5,0.5));
#7765 = DIRECTION('',(-0.,-0.,-1.));
#7766 = DIRECTION('',(1.,0.,0.));
#7767 = ADVANCED_FACE('',(#7768),#7805,.F.);
#7768 = FACE_BOUND('',#7769,.T.);
#7769 = EDGE_LOOP('',(#7770,#7778,#7779,#7780,#7789,#7798));
#7770 = ORIENTED_EDGE('',*,*,#7771,.F.);
#7771 = EDGE_CURVE('',#7656,#7772,#7774,.T.);
#7772 = VERTEX_POINT('',#7773);
#7773 = CARTESIAN_POINT('',(857.7,-35.5,3.5));
#7774 = LINE('',#7775,#7776);
#7775 = CARTESIAN_POINT('',(857.7,-35.5,0.5));
#7776 = VECTOR('',#7777,1.);
#7777 = DIRECTION('',(0.,0.,1.));
#7778 = ORIENTED_EDGE('',*,*,#7655,.T.);
#7779 = ORIENTED_EDGE('',*,*,#7771,.T.);
#7780 = ORIENTED_EDGE('',*,*,#7781,.F.);
#7781 = EDGE_CURVE('',#7782,#7772,#7784,.T.);
#7782 = VERTEX_POINT('',#7783);
#7783 = CARTESIAN_POINT('',(857.37477270853,-34.5,3.5));
#7784 = CIRCLE('',#7785,1.7);
#7785 = AXIS2_PLACEMENT_3D('',#7786,#7787,#7788);
#7786 = CARTESIAN_POINT('',(856.,-35.5,3.5));
#7787 = DIRECTION('',(0.,0.,-1.));
#7788 = DIRECTION('',(1.,0.,0.));
#7789 = ORIENTED_EDGE('',*,*,#7790,.F.);
#7790 = EDGE_CURVE('',#7791,#7782,#7793,.T.);
#7791 = VERTEX_POINT('',#7792);
#7792 = CARTESIAN_POINT('',(854.62522729146,-34.5,3.5));
#7793 = CIRCLE('',#7794,1.7);
#7794 = AXIS2_PLACEMENT_3D('',#7795,#7796,#7797);
#7795 = CARTESIAN_POINT('',(856.,-35.5,3.5));
#7796 = DIRECTION('',(0.,0.,-1.));
#7797 = DIRECTION('',(1.,0.,0.));
#7798 = ORIENTED_EDGE('',*,*,#7799,.F.);
#7799 = EDGE_CURVE('',#7772,#7791,#7800,.T.);
#7800 = CIRCLE('',#7801,1.7);
#7801 = AXIS2_PLACEMENT_3D('',#7802,#7803,#7804);
#7802 = CARTESIAN_POINT('',(856.,-35.5,3.5));
#7803 = DIRECTION('',(0.,0.,-1.));
#7804 = DIRECTION('',(1.,0.,0.));
#7805 = CYLINDRICAL_SURFACE('',#7806,1.7);
#7806 = AXIS2_PLACEMENT_3D('',#7807,#7808,#7809);
#7807 = CARTESIAN_POINT('',(856.,-35.5,0.5));
#7808 = DIRECTION('',(-0.,-0.,-1.));
#7809 = DIRECTION('',(1.,0.,0.));
#7810 = ADVANCED_FACE('',(#7811),#7853,.T.);
#7811 = FACE_BOUND('',#7812,.T.);
#7812 = EDGE_LOOP('',(#7813,#7823,#7831,#7839,#7847));
#7813 = ORIENTED_EDGE('',*,*,#7814,.F.);
#7814 = EDGE_CURVE('',#7815,#7817,#7819,.T.);
#7815 = VERTEX_POINT('',#7816);
#7816 = CARTESIAN_POINT('',(865.,-30.,3.5));
#7817 = VERTEX_POINT('',#7818);
#7818 = CARTESIAN_POINT('',(865.,-30.,8.));
#7819 = LINE('',#7820,#7821);
#7820 = CARTESIAN_POINT('',(865.,-30.,3.5));
#7821 = VECTOR('',#7822,1.);
#7822 = DIRECTION('',(0.,0.,1.));
#7823 = ORIENTED_EDGE('',*,*,#7824,.T.);
#7824 = EDGE_CURVE('',#7815,#7825,#7827,.T.);
#7825 = VERTEX_POINT('',#7826);
#7826 = CARTESIAN_POINT('',(865.,-24.,3.5));
#7827 = LINE('',#7828,#7829);
#7828 = CARTESIAN_POINT('',(865.,-30.,3.5));
#7829 = VECTOR('',#7830,1.);
#7830 = DIRECTION('',(0.,1.,0.));
#7831 = ORIENTED_EDGE('',*,*,#7832,.T.);
#7832 = EDGE_CURVE('',#7825,#7833,#7835,.T.);
#7833 = VERTEX_POINT('',#7834);
#7834 = CARTESIAN_POINT('',(865.,-22.,3.5));
#7835 = LINE('',#7836,#7837);
#7836 = CARTESIAN_POINT('',(865.,-30.,3.5));
#7837 = VECTOR('',#7838,1.);
#7838 = DIRECTION('',(0.,1.,0.));
#7839 = ORIENTED_EDGE('',*,*,#7840,.T.);
#7840 = EDGE_CURVE('',#7833,#7841,#7843,.T.);
#7841 = VERTEX_POINT('',#7842);
#7842 = CARTESIAN_POINT('',(865.,-22.,8.));
#7843 = LINE('',#7844,#7845);
#7844 = CARTESIAN_POINT('',(865.,-22.,3.5));
#7845 = VECTOR('',#7846,1.);
#7846 = DIRECTION('',(0.,0.,1.));
#7847 = ORIENTED_EDGE('',*,*,#7848,.F.);
#7848 = EDGE_CURVE('',#7817,#7841,#7849,.T.);
#7849 = LINE('',#7850,#7851);
#7850 = CARTESIAN_POINT('',(865.,-30.,8.));
#7851 = VECTOR('',#7852,1.);
#7852 = DIRECTION('',(0.,1.,0.));
#7853 = PLANE('',#7854);
#7854 = AXIS2_PLACEMENT_3D('',#7855,#7856,#7857);
#7855 = CARTESIAN_POINT('',(865.,-30.,3.5));
#7856 = DIRECTION('',(1.,0.,0.));
#7857 = DIRECTION('',(0.,0.,1.));
#7858 = ADVANCED_FACE('',(#7859),#7884,.F.);
#7859 = FACE_BOUND('',#7860,.F.);
#7860 = EDGE_LOOP('',(#7861,#7869,#7877,#7883));
#7861 = ORIENTED_EDGE('',*,*,#7862,.F.);
#7862 = EDGE_CURVE('',#7863,#7815,#7865,.T.);
#7863 = VERTEX_POINT('',#7864);
#7864 = CARTESIAN_POINT('',(857.,-30.,3.5));
#7865 = LINE('',#7866,#7867);
#7866 = CARTESIAN_POINT('',(857.,-30.,3.5));
#7867 = VECTOR('',#7868,1.);
#7868 = DIRECTION('',(1.,0.,0.));
#7869 = ORIENTED_EDGE('',*,*,#7870,.T.);
#7870 = EDGE_CURVE('',#7863,#7871,#7873,.T.);
#7871 = VERTEX_POINT('',#7872);
#7872 = CARTESIAN_POINT('',(857.,-30.,8.));
#7873 = LINE('',#7874,#7875);
#7874 = CARTESIAN_POINT('',(857.,-30.,3.5));
#7875 = VECTOR('',#7876,1.);
#7876 = DIRECTION('',(0.,0.,1.));
#7877 = ORIENTED_EDGE('',*,*,#7878,.T.);
#7878 = EDGE_CURVE('',#7871,#7817,#7879,.T.);
#7879 = LINE('',#7880,#7881);
#7880 = CARTESIAN_POINT('',(857.,-30.,8.));
#7881 = VECTOR('',#7882,1.);
#7882 = DIRECTION('',(1.,0.,0.));
#7883 = ORIENTED_EDGE('',*,*,#7814,.F.);
#7884 = PLANE('',#7885);
#7885 = AXIS2_PLACEMENT_3D('',#7886,#7887,#7888);
#7886 = CARTESIAN_POINT('',(857.,-30.,3.5));
#7887 = DIRECTION('',(0.,1.,0.));
#7888 = DIRECTION('',(0.,0.,1.));
#7889 = ADVANCED_FACE('',(#7890),#7908,.T.);
#7890 = FACE_BOUND('',#7891,.T.);
#7891 = EDGE_LOOP('',(#7892,#7900,#7901,#7902));
#7892 = ORIENTED_EDGE('',*,*,#7893,.F.);
#7893 = EDGE_CURVE('',#7871,#7894,#7896,.T.);
#7894 = VERTEX_POINT('',#7895);
#7895 = CARTESIAN_POINT('',(857.,-22.,8.));
#7896 = LINE('',#7897,#7898);
#7897 = CARTESIAN_POINT('',(857.,-30.,8.));
#7898 = VECTOR('',#7899,1.);
#7899 = DIRECTION('',(0.,1.,0.));
#7900 = ORIENTED_EDGE('',*,*,#7878,.T.);
#7901 = ORIENTED_EDGE('',*,*,#7848,.T.);
#7902 = ORIENTED_EDGE('',*,*,#7903,.F.);
#7903 = EDGE_CURVE('',#7894,#7841,#7904,.T.);
#7904 = LINE('',#7905,#7906);
#7905 = CARTESIAN_POINT('',(857.,-22.,8.));
#7906 = VECTOR('',#7907,1.);
#7907 = DIRECTION('',(1.,0.,0.));
#7908 = PLANE('',#7909);
#7909 = AXIS2_PLACEMENT_3D('',#7910,#7911,#7912);
#7910 = CARTESIAN_POINT('',(857.,-30.,8.));
#7911 = DIRECTION('',(0.,0.,1.));
#7912 = DIRECTION('',(1.,0.,0.));
#7913 = ADVANCED_FACE('',(#7914),#7932,.T.);
#7914 = FACE_BOUND('',#7915,.T.);
#7915 = EDGE_LOOP('',(#7916,#7924,#7930,#7931));
#7916 = ORIENTED_EDGE('',*,*,#7917,.F.);
#7917 = EDGE_CURVE('',#7918,#7833,#7920,.T.);
#7918 = VERTEX_POINT('',#7919);
#7919 = CARTESIAN_POINT('',(857.,-22.,3.5));
#7920 = LINE('',#7921,#7922);
#7921 = CARTESIAN_POINT('',(857.,-22.,3.5));
#7922 = VECTOR('',#7923,1.);
#7923 = DIRECTION('',(1.,0.,0.));
#7924 = ORIENTED_EDGE('',*,*,#7925,.T.);
#7925 = EDGE_CURVE('',#7918,#7894,#7926,.T.);
#7926 = LINE('',#7927,#7928);
#7927 = CARTESIAN_POINT('',(857.,-22.,3.5));
#7928 = VECTOR('',#7929,1.);
#7929 = DIRECTION('',(0.,0.,1.));
#7930 = ORIENTED_EDGE('',*,*,#7903,.T.);
#7931 = ORIENTED_EDGE('',*,*,#7840,.F.);
#7932 = PLANE('',#7933);
#7933 = AXIS2_PLACEMENT_3D('',#7934,#7935,#7936);
#7934 = CARTESIAN_POINT('',(857.,-22.,3.5));
#7935 = DIRECTION('',(0.,1.,0.));
#7936 = DIRECTION('',(0.,0.,1.));
#7937 = ADVANCED_FACE('',(#7938),#7956,.F.);
#7938 = FACE_BOUND('',#7939,.F.);
#7939 = EDGE_LOOP('',(#7940,#7948,#7954,#7955));
#7940 = ORIENTED_EDGE('',*,*,#7941,.F.);
#7941 = EDGE_CURVE('',#7942,#7918,#7944,.T.);
#7942 = VERTEX_POINT('',#7943);
#7943 = CARTESIAN_POINT('',(857.,-24.,3.5));
#7944 = LINE('',#7945,#7946);
#7945 = CARTESIAN_POINT('',(857.,-30.,3.5));
#7946 = VECTOR('',#7947,1.);
#7947 = DIRECTION('',(0.,1.,0.));
#7948 = ORIENTED_EDGE('',*,*,#7949,.F.);
#7949 = EDGE_CURVE('',#7825,#7942,#7950,.T.);
#7950 = LINE('',#7951,#7952);
#7951 = CARTESIAN_POINT('',(851.5,-24.,3.5));
#7952 = VECTOR('',#7953,1.);
#7953 = DIRECTION('',(-1.,0.,0.));
#7954 = ORIENTED_EDGE('',*,*,#7832,.T.);
#7955 = ORIENTED_EDGE('',*,*,#7917,.F.);
#7956 = PLANE('',#7957);
#7957 = AXIS2_PLACEMENT_3D('',#7958,#7959,#7960);
#7958 = CARTESIAN_POINT('',(857.,-30.,3.5));
#7959 = DIRECTION('',(0.,0.,1.));
#7960 = DIRECTION('',(1.,0.,0.));
#7961 = ADVANCED_FACE('',(#7962),#7974,.F.);
#7962 = FACE_BOUND('',#7963,.F.);
#7963 = EDGE_LOOP('',(#7964,#7965,#7971,#7972,#7973));
#7964 = ORIENTED_EDGE('',*,*,#7870,.F.);
#7965 = ORIENTED_EDGE('',*,*,#7966,.T.);
#7966 = EDGE_CURVE('',#7863,#7942,#7967,.T.);
#7967 = LINE('',#7968,#7969);
#7968 = CARTESIAN_POINT('',(857.,-30.,3.5));
#7969 = VECTOR('',#7970,1.);
#7970 = DIRECTION('',(0.,1.,0.));
#7971 = ORIENTED_EDGE('',*,*,#7941,.T.);
#7972 = ORIENTED_EDGE('',*,*,#7925,.T.);
#7973 = ORIENTED_EDGE('',*,*,#7893,.F.);
#7974 = PLANE('',#7975);
#7975 = AXIS2_PLACEMENT_3D('',#7976,#7977,#7978);
#7976 = CARTESIAN_POINT('',(857.,-30.,3.5));
#7977 = DIRECTION('',(1.,0.,0.));
#7978 = DIRECTION('',(0.,0.,1.));
#7979 = ADVANCED_FACE('',(#7980),#8019,.T.);
#7980 = FACE_BOUND('',#7981,.T.);
#7981 = EDGE_LOOP('',(#7982,#7990,#7991,#7999,#8005,#8006,#8012,#8013));
#7982 = ORIENTED_EDGE('',*,*,#7983,.F.);
#7983 = EDGE_CURVE('',#7667,#7984,#7986,.T.);
#7984 = VERTEX_POINT('',#7985);
#7985 = CARTESIAN_POINT('',(940.,-24.,3.5));
#7986 = LINE('',#7987,#7988);
#7987 = CARTESIAN_POINT('',(940.,-24.,0.));
#7988 = VECTOR('',#7989,1.);
#7989 = DIRECTION('',(0.,0.,1.));
#7990 = ORIENTED_EDGE('',*,*,#7666,.T.);
#7991 = ORIENTED_EDGE('',*,*,#7992,.T.);
#7992 = EDGE_CURVE('',#7669,#7993,#7995,.T.);
#7993 = VERTEX_POINT('',#7994);
#7994 = CARTESIAN_POINT('',(855.,-24.,3.5));
#7995 = LINE('',#7996,#7997);
#7996 = CARTESIAN_POINT('',(855.,-24.,0.));
#7997 = VECTOR('',#7998,1.);
#7998 = DIRECTION('',(0.,0.,1.));
#7999 = ORIENTED_EDGE('',*,*,#8000,.F.);
#8000 = EDGE_CURVE('',#7942,#7993,#8001,.T.);
#8001 = LINE('',#8002,#8003);
#8002 = CARTESIAN_POINT('',(851.5,-24.,3.5));
#8003 = VECTOR('',#8004,1.);
#8004 = DIRECTION('',(-1.,0.,0.));
#8005 = ORIENTED_EDGE('',*,*,#7949,.F.);
#8006 = ORIENTED_EDGE('',*,*,#8007,.F.);
#8007 = EDGE_CURVE('',#6465,#7825,#8008,.T.);
#8008 = LINE('',#8009,#8010);
#8009 = CARTESIAN_POINT('',(851.5,-24.,3.5));
#8010 = VECTOR('',#8011,1.);
#8011 = DIRECTION('',(-1.,0.,0.));
#8012 = ORIENTED_EDGE('',*,*,#6576,.F.);
#8013 = ORIENTED_EDGE('',*,*,#8014,.F.);
#8014 = EDGE_CURVE('',#7984,#6504,#8015,.T.);
#8015 = LINE('',#8016,#8017);
#8016 = CARTESIAN_POINT('',(851.5,-24.,3.5));
#8017 = VECTOR('',#8018,1.);
#8018 = DIRECTION('',(-1.,0.,0.));
#8019 = PLANE('',#8020);
#8020 = AXIS2_PLACEMENT_3D('',#8021,#8022,#8023);
#8021 = CARTESIAN_POINT('',(855.,-24.,0.));
#8022 = DIRECTION('',(0.,1.,0.));
#8023 = DIRECTION('',(0.,0.,1.));
#8024 = ADVANCED_FACE('',(#8025),#8043,.F.);
#8025 = FACE_BOUND('',#8026,.F.);
#8026 = EDGE_LOOP('',(#8027,#8028,#8029,#8037));
#8027 = ORIENTED_EDGE('',*,*,#7983,.F.);
#8028 = ORIENTED_EDGE('',*,*,#7676,.T.);
#8029 = ORIENTED_EDGE('',*,*,#8030,.T.);
#8030 = EDGE_CURVE('',#7677,#8031,#8033,.T.);
#8031 = VERTEX_POINT('',#8032);
#8032 = CARTESIAN_POINT('',(940.,24.,3.5));
#8033 = LINE('',#8034,#8035);
#8034 = CARTESIAN_POINT('',(940.,24.,0.));
#8035 = VECTOR('',#8036,1.);
#8036 = DIRECTION('',(0.,0.,1.));
#8037 = ORIENTED_EDGE('',*,*,#8038,.F.);
#8038 = EDGE_CURVE('',#7984,#8031,#8039,.T.);
#8039 = LINE('',#8040,#8041);
#8040 = CARTESIAN_POINT('',(940.,-29.25,3.5));
#8041 = VECTOR('',#8042,1.);
#8042 = DIRECTION('',(0.,1.,0.));
#8043 = PLANE('',#8044);
#8044 = AXIS2_PLACEMENT_3D('',#8045,#8046,#8047);
#8045 = CARTESIAN_POINT('',(940.,-24.,0.));
#8046 = DIRECTION('',(1.,0.,0.));
#8047 = DIRECTION('',(0.,0.,1.));
#8048 = ADVANCED_FACE('',(#8049),#8081,.F.);
#8049 = FACE_BOUND('',#8050,.F.);
#8050 = EDGE_LOOP('',(#8051,#8052,#8053,#8061,#8067,#8068,#8074,#8075));
#8051 = ORIENTED_EDGE('',*,*,#8030,.F.);
#8052 = ORIENTED_EDGE('',*,*,#7684,.T.);
#8053 = ORIENTED_EDGE('',*,*,#8054,.T.);
#8054 = EDGE_CURVE('',#7685,#8055,#8057,.T.);
#8055 = VERTEX_POINT('',#8056);
#8056 = CARTESIAN_POINT('',(855.,24.,3.5));
#8057 = LINE('',#8058,#8059);
#8058 = CARTESIAN_POINT('',(855.,24.,0.));
#8059 = VECTOR('',#8060,1.);
#8060 = DIRECTION('',(0.,0.,1.));
#8061 = ORIENTED_EDGE('',*,*,#8062,.F.);
#8062 = EDGE_CURVE('',#6233,#8055,#8063,.T.);
#8063 = LINE('',#8064,#8065);
#8064 = CARTESIAN_POINT('',(851.5,24.,3.5));
#8065 = VECTOR('',#8066,1.);
#8066 = DIRECTION('',(-1.,0.,0.));
#8067 = ORIENTED_EDGE('',*,*,#6269,.F.);
#8068 = ORIENTED_EDGE('',*,*,#8069,.F.);
#8069 = EDGE_CURVE('',#6373,#6154,#8070,.T.);
#8070 = LINE('',#8071,#8072);
#8071 = CARTESIAN_POINT('',(851.5,24.,3.5));
#8072 = VECTOR('',#8073,1.);
#8073 = DIRECTION('',(-1.,0.,0.));
#8074 = ORIENTED_EDGE('',*,*,#6409,.F.);
#8075 = ORIENTED_EDGE('',*,*,#8076,.F.);
#8076 = EDGE_CURVE('',#8031,#6294,#8077,.T.);
#8077 = LINE('',#8078,#8079);
#8078 = CARTESIAN_POINT('',(851.5,24.,3.5));
#8079 = VECTOR('',#8080,1.);
#8080 = DIRECTION('',(-1.,0.,0.));
#8081 = PLANE('',#8082);
#8082 = AXIS2_PLACEMENT_3D('',#8083,#8084,#8085);
#8083 = CARTESIAN_POINT('',(855.,24.,0.));
#8084 = DIRECTION('',(0.,1.,0.));
#8085 = DIRECTION('',(0.,0.,1.));
#8086 = ADVANCED_FACE('',(#8087),#8098,.T.);
#8087 = FACE_BOUND('',#8088,.T.);
#8088 = EDGE_LOOP('',(#8089,#8090,#8091,#8092));
#8089 = ORIENTED_EDGE('',*,*,#7992,.F.);
#8090 = ORIENTED_EDGE('',*,*,#7692,.T.);
#8091 = ORIENTED_EDGE('',*,*,#8054,.T.);
#8092 = ORIENTED_EDGE('',*,*,#8093,.F.);
#8093 = EDGE_CURVE('',#7993,#8055,#8094,.T.);
#8094 = LINE('',#8095,#8096);
#8095 = CARTESIAN_POINT('',(855.,-29.25,3.5));
#8096 = VECTOR('',#8097,1.);
#8097 = DIRECTION('',(0.,1.,0.));
#8098 = PLANE('',#8099);
#8099 = AXIS2_PLACEMENT_3D('',#8100,#8101,#8102);
#8100 = CARTESIAN_POINT('',(855.,-24.,0.));
#8101 = DIRECTION('',(1.,0.,0.));
#8102 = DIRECTION('',(0.,0.,1.));
#8103 = ADVANCED_FACE('',(#8104),#8141,.F.);
#8104 = FACE_BOUND('',#8105,.T.);
#8105 = EDGE_LOOP('',(#8106,#8114,#8115,#8116,#8125,#8134));
#8106 = ORIENTED_EDGE('',*,*,#8107,.F.);
#8107 = EDGE_CURVE('',#7712,#8108,#8110,.T.);
#8108 = VERTEX_POINT('',#8109);
#8109 = CARTESIAN_POINT('',(857.7,35.5,3.5));
#8110 = LINE('',#8111,#8112);
#8111 = CARTESIAN_POINT('',(857.7,35.5,0.5));
#8112 = VECTOR('',#8113,1.);
#8113 = DIRECTION('',(0.,0.,1.));
#8114 = ORIENTED_EDGE('',*,*,#7711,.T.);
#8115 = ORIENTED_EDGE('',*,*,#8107,.T.);
#8116 = ORIENTED_EDGE('',*,*,#8117,.F.);
#8117 = EDGE_CURVE('',#8118,#8108,#8120,.T.);
#8118 = VERTEX_POINT('',#8119);
#8119 = CARTESIAN_POINT('',(854.62522729146,34.5,3.5));
#8120 = CIRCLE('',#8121,1.7);
#8121 = AXIS2_PLACEMENT_3D('',#8122,#8123,#8124);
#8122 = CARTESIAN_POINT('',(856.,35.5,3.5));
#8123 = DIRECTION('',(0.,0.,-1.));
#8124 = DIRECTION('',(1.,0.,0.));
#8125 = ORIENTED_EDGE('',*,*,#8126,.F.);
#8126 = EDGE_CURVE('',#8127,#8118,#8129,.T.);
#8127 = VERTEX_POINT('',#8128);
#8128 = CARTESIAN_POINT('',(857.37477270853,34.5,3.5));
#8129 = CIRCLE('',#8130,1.7);
#8130 = AXIS2_PLACEMENT_3D('',#8131,#8132,#8133);
#8131 = CARTESIAN_POINT('',(856.,35.5,3.5));
#8132 = DIRECTION('',(0.,0.,-1.));
#8133 = DIRECTION('',(1.,0.,0.));
#8134 = ORIENTED_EDGE('',*,*,#8135,.F.);
#8135 = EDGE_CURVE('',#8108,#8127,#8136,.T.);
#8136 = CIRCLE('',#8137,1.7);
#8137 = AXIS2_PLACEMENT_3D('',#8138,#8139,#8140);
#8138 = CARTESIAN_POINT('',(856.,35.5,3.5));
#8139 = DIRECTION('',(0.,0.,-1.));
#8140 = DIRECTION('',(1.,0.,0.));
#8141 = CYLINDRICAL_SURFACE('',#8142,1.7);
#8142 = AXIS2_PLACEMENT_3D('',#8143,#8144,#8145);
#8143 = CARTESIAN_POINT('',(856.,35.5,0.5));
#8144 = DIRECTION('',(-0.,-0.,-1.));
#8145 = DIRECTION('',(1.,0.,0.));
#8146 = ADVANCED_FACE('',(#8147),#8158,.T.);
#8147 = FACE_BOUND('',#8148,.T.);
#8148 = EDGE_LOOP('',(#8149,#8150,#8156,#8157));
#8149 = ORIENTED_EDGE('',*,*,#7111,.T.);
#8150 = ORIENTED_EDGE('',*,*,#8151,.T.);
#8151 = EDGE_CURVE('',#7114,#7328,#8152,.T.);
#8152 = LINE('',#8153,#8154);
#8153 = CARTESIAN_POINT('',(848.,-34.5,8.));
#8154 = VECTOR('',#8155,1.);
#8155 = DIRECTION('',(0.,1.,0.));
#8156 = ORIENTED_EDGE('',*,*,#7327,.F.);
#8157 = ORIENTED_EDGE('',*,*,#7586,.F.);
#8158 = PLANE('',#8159);
#8159 = AXIS2_PLACEMENT_3D('',#8160,#8161,#8162);
#8160 = CARTESIAN_POINT('',(848.,0.,4.75));
#8161 = DIRECTION('',(-1.,-0.,-0.));
#8162 = DIRECTION('',(0.,0.,-1.));
#8163 = ADVANCED_FACE('',(#8164),#8174,.T.);
#8164 = FACE_BOUND('',#8165,.T.);
#8165 = EDGE_LOOP('',(#8166,#8167,#8168,#8169,#8170,#8171,#8172,#8173));
#8166 = ORIENTED_EDGE('',*,*,#7335,.F.);
#8167 = ORIENTED_EDGE('',*,*,#8151,.F.);
#8168 = ORIENTED_EDGE('',*,*,#7144,.T.);
#8169 = ORIENTED_EDGE('',*,*,#7176,.T.);
#8170 = ORIENTED_EDGE('',*,*,#7208,.T.);
#8171 = ORIENTED_EDGE('',*,*,#7239,.T.);
#8172 = ORIENTED_EDGE('',*,*,#7270,.F.);
#8173 = ORIENTED_EDGE('',*,*,#7301,.T.);
#8174 = PLANE('',#8175);
#8175 = AXIS2_PLACEMENT_3D('',#8176,#8177,#8178);
#8176 = CARTESIAN_POINT('',(848.,-34.5,8.));
#8177 = DIRECTION('',(0.,0.,1.));
#8178 = DIRECTION('',(1.,0.,0.));
#8179 = ADVANCED_FACE('',(#8180),#8198,.F.);
#8180 = FACE_BOUND('',#8181,.F.);
#8181 = EDGE_LOOP('',(#8182,#8183,#8184,#8192));
#8182 = ORIENTED_EDGE('',*,*,#7491,.T.);
#8183 = ORIENTED_EDGE('',*,*,#7597,.T.);
#8184 = ORIENTED_EDGE('',*,*,#8185,.T.);
#8185 = EDGE_CURVE('',#7598,#8186,#8188,.T.);
#8186 = VERTEX_POINT('',#8187);
#8187 = CARTESIAN_POINT('',(923.,39.5,3.5));
#8188 = LINE('',#8189,#8190);
#8189 = CARTESIAN_POINT('',(923.,39.5,1.5));
#8190 = VECTOR('',#8191,1.);
#8191 = DIRECTION('',(0.,0.,1.));
#8192 = ORIENTED_EDGE('',*,*,#8193,.F.);
#8193 = EDGE_CURVE('',#7484,#8186,#8194,.T.);
#8194 = LINE('',#8195,#8196);
#8195 = CARTESIAN_POINT('',(923.,27.5,3.5));
#8196 = VECTOR('',#8197,1.);
#8197 = DIRECTION('',(0.,1.,0.));
#8198 = PLANE('',#8199);
#8199 = AXIS2_PLACEMENT_3D('',#8200,#8201,#8202);
#8200 = CARTESIAN_POINT('',(923.,27.5,1.5));
#8201 = DIRECTION('',(1.,0.,0.));
#8202 = DIRECTION('',(0.,0.,1.));
#8203 = ADVANCED_FACE('',(#8204),#8222,.F.);
#8204 = FACE_BOUND('',#8205,.T.);
#8205 = EDGE_LOOP('',(#8206,#8213,#8214,#8221));
#8206 = ORIENTED_EDGE('',*,*,#8207,.F.);
#8207 = EDGE_CURVE('',#7476,#7556,#8208,.T.);
#8208 = CIRCLE('',#8209,3.2);
#8209 = AXIS2_PLACEMENT_3D('',#8210,#8211,#8212);
#8210 = CARTESIAN_POINT('',(928.,35.5,3.5));
#8211 = DIRECTION('',(0.,0.,1.));
#8212 = DIRECTION('',(1.,0.,0.));
#8213 = ORIENTED_EDGE('',*,*,#7475,.F.);
#8214 = ORIENTED_EDGE('',*,*,#8215,.F.);
#8215 = EDGE_CURVE('',#7554,#7468,#8216,.T.);
#8216 = CIRCLE('',#8217,3.2);
#8217 = AXIS2_PLACEMENT_3D('',#8218,#8219,#8220);
#8218 = CARTESIAN_POINT('',(928.,35.5,8.));
#8219 = DIRECTION('',(0.,0.,-1.));
#8220 = DIRECTION('',(1.,0.,0.));
#8221 = ORIENTED_EDGE('',*,*,#7553,.T.);
#8222 = CYLINDRICAL_SURFACE('',#8223,3.2);
#8223 = AXIS2_PLACEMENT_3D('',#8224,#8225,#8226);
#8224 = CARTESIAN_POINT('',(928.,35.5,3.5));
#8225 = DIRECTION('',(-0.,-0.,-1.));
#8226 = DIRECTION('',(1.,0.,0.));
#8227 = ADVANCED_FACE('',(#8228),#8234,.T.);
#8228 = FACE_BOUND('',#8229,.T.);
#8229 = EDGE_LOOP('',(#8230,#8231,#8232,#8233));
#8230 = ORIENTED_EDGE('',*,*,#7467,.F.);
#8231 = ORIENTED_EDGE('',*,*,#7538,.T.);
#8232 = ORIENTED_EDGE('',*,*,#7570,.F.);
#8233 = ORIENTED_EDGE('',*,*,#8215,.T.);
#8234 = PLANE('',#8235);
#8235 = AXIS2_PLACEMENT_3D('',#8236,#8237,#8238);
#8236 = CARTESIAN_POINT('',(848.,-34.5,8.));
#8237 = DIRECTION('',(0.,0.,1.));
#8238 = DIRECTION('',(1.,0.,0.));
#8239 = ADVANCED_FACE('',(#8240),#8270,.T.);
#8240 = FACE_BOUND('',#8241,.T.);
#8241 = EDGE_LOOP('',(#8242,#8252,#8259,#8260,#8261,#8262,#8263,#8264));
#8242 = ORIENTED_EDGE('',*,*,#8243,.F.);
#8243 = EDGE_CURVE('',#8244,#8246,#8248,.T.);
#8244 = VERTEX_POINT('',#8245);
#8245 = CARTESIAN_POINT('',(931.03973683071,34.5,8.));
#8246 = VERTEX_POINT('',#8247);
#8247 = CARTESIAN_POINT('',(947.,34.5,8.));
#8248 = LINE('',#8249,#8250);
#8249 = CARTESIAN_POINT('',(848.,34.5,8.));
#8250 = VECTOR('',#8251,1.);
#8251 = DIRECTION('',(1.,0.,0.));
#8252 = ORIENTED_EDGE('',*,*,#8253,.T.);
#8253 = EDGE_CURVE('',#8244,#6611,#8254,.T.);
#8254 = CIRCLE('',#8255,3.2);
#8255 = AXIS2_PLACEMENT_3D('',#8256,#8257,#8258);
#8256 = CARTESIAN_POINT('',(928.,35.5,8.));
#8257 = DIRECTION('',(0.,0.,-1.));
#8258 = DIRECTION('',(1.,0.,0.));
#8259 = ORIENTED_EDGE('',*,*,#6618,.F.);
#8260 = ORIENTED_EDGE('',*,*,#6649,.F.);
#8261 = ORIENTED_EDGE('',*,*,#6680,.T.);
#8262 = ORIENTED_EDGE('',*,*,#6711,.T.);
#8263 = ORIENTED_EDGE('',*,*,#6727,.T.);
#8264 = ORIENTED_EDGE('',*,*,#8265,.T.);
#8265 = EDGE_CURVE('',#6728,#8246,#8266,.T.);
#8266 = LINE('',#8267,#8268);
#8267 = CARTESIAN_POINT('',(947.,-34.5,8.));
#8268 = VECTOR('',#8269,1.);
#8269 = DIRECTION('',(0.,1.,0.));
#8270 = PLANE('',#8271);
#8271 = AXIS2_PLACEMENT_3D('',#8272,#8273,#8274);
#8272 = CARTESIAN_POINT('',(848.,-34.5,8.));
#8273 = DIRECTION('',(0.,0.,1.));
#8274 = DIRECTION('',(1.,0.,0.));
#8275 = ADVANCED_FACE('',(#8276),#8295,.F.);
#8276 = FACE_BOUND('',#8277,.T.);
#8277 = EDGE_LOOP('',(#8278,#8286,#8293,#8294));
#8278 = ORIENTED_EDGE('',*,*,#8279,.T.);
#8279 = EDGE_CURVE('',#8244,#8280,#8282,.T.);
#8280 = VERTEX_POINT('',#8281);
#8281 = CARTESIAN_POINT('',(931.03973683071,34.5,3.5));
#8282 = LINE('',#8283,#8284);
#8283 = CARTESIAN_POINT('',(931.03973683071,34.5,3.5));
#8284 = VECTOR('',#8285,1.);
#8285 = DIRECTION('',(-0.,-0.,-1.));
#8286 = ORIENTED_EDGE('',*,*,#8287,.F.);
#8287 = EDGE_CURVE('',#6603,#8280,#8288,.T.);
#8288 = CIRCLE('',#8289,3.2);
#8289 = AXIS2_PLACEMENT_3D('',#8290,#8291,#8292);
#8290 = CARTESIAN_POINT('',(928.,35.5,3.5));
#8291 = DIRECTION('',(0.,0.,1.));
#8292 = DIRECTION('',(1.,0.,0.));
#8293 = ORIENTED_EDGE('',*,*,#6610,.F.);
#8294 = ORIENTED_EDGE('',*,*,#8253,.F.);
#8295 = CYLINDRICAL_SURFACE('',#8296,3.2);
#8296 = AXIS2_PLACEMENT_3D('',#8297,#8298,#8299);
#8297 = CARTESIAN_POINT('',(928.,35.5,3.5));
#8298 = DIRECTION('',(-0.,-0.,-1.));
#8299 = DIRECTION('',(1.,0.,0.));
#8300 = ADVANCED_FACE('',(#8301),#8312,.T.);
#8301 = FACE_BOUND('',#8302,.T.);
#8302 = EDGE_LOOP('',(#8303,#8304,#8305,#8311));
#8303 = ORIENTED_EDGE('',*,*,#6760,.F.);
#8304 = ORIENTED_EDGE('',*,*,#7629,.T.);
#8305 = ORIENTED_EDGE('',*,*,#8306,.T.);
#8306 = EDGE_CURVE('',#7622,#8246,#8307,.T.);
#8307 = LINE('',#8308,#8309);
#8308 = CARTESIAN_POINT('',(947.,34.5,1.5));
#8309 = VECTOR('',#8310,1.);
#8310 = DIRECTION('',(0.,0.,1.));
#8311 = ORIENTED_EDGE('',*,*,#8265,.F.);
#8312 = PLANE('',#8313);
#8313 = AXIS2_PLACEMENT_3D('',#8314,#8315,#8316);
#8314 = CARTESIAN_POINT('',(947.,0.,4.75));
#8315 = DIRECTION('',(1.,0.,0.));
#8316 = DIRECTION('',(0.,0.,1.));
#8317 = ADVANCED_FACE('',(#8318),#8324,.T.);
#8318 = FACE_BOUND('',#8319,.T.);
#8319 = EDGE_LOOP('',(#8320,#8321,#8322,#8323));
#8320 = ORIENTED_EDGE('',*,*,#6867,.T.);
#8321 = ORIENTED_EDGE('',*,*,#6948,.T.);
#8322 = ORIENTED_EDGE('',*,*,#6980,.T.);
#8323 = ORIENTED_EDGE('',*,*,#7002,.T.);
#8324 = PLANE('',#8325);
#8325 = AXIS2_PLACEMENT_3D('',#8326,#8327,#8328);
#8326 = CARTESIAN_POINT('',(848.,-34.5,8.));
#8327 = DIRECTION('',(0.,0.,1.));
#8328 = DIRECTION('',(1.,0.,0.));
#8329 = ADVANCED_FACE('',(#8330),#8341,.F.);
#8330 = FACE_BOUND('',#8331,.F.);
#8331 = EDGE_LOOP('',(#8332,#8333,#8334,#8340));
#8332 = ORIENTED_EDGE('',*,*,#6402,.F.);
#8333 = ORIENTED_EDGE('',*,*,#6362,.T.);
#8334 = ORIENTED_EDGE('',*,*,#8335,.T.);
#8335 = EDGE_CURVE('',#6365,#6286,#8336,.T.);
#8336 = LINE('',#8337,#8338);
#8337 = CARTESIAN_POINT('',(927.,22.,8.));
#8338 = VECTOR('',#8339,1.);
#8339 = DIRECTION('',(1.,0.,0.));
#8340 = ORIENTED_EDGE('',*,*,#6283,.F.);
#8341 = PLANE('',#8342);
#8342 = AXIS2_PLACEMENT_3D('',#8343,#8344,#8345);
#8343 = CARTESIAN_POINT('',(927.,22.,3.5));
#8344 = DIRECTION('',(0.,1.,0.));
#8345 = DIRECTION('',(0.,0.,1.));
#8346 = ADVANCED_FACE('',(#8347),#8353,.T.);
#8347 = FACE_BOUND('',#8348,.T.);
#8348 = EDGE_LOOP('',(#8349,#8350,#8351,#8352));
#8349 = ORIENTED_EDGE('',*,*,#6387,.F.);
#8350 = ORIENTED_EDGE('',*,*,#8335,.T.);
#8351 = ORIENTED_EDGE('',*,*,#6317,.T.);
#8352 = ORIENTED_EDGE('',*,*,#6347,.F.);
#8353 = PLANE('',#8354);
#8354 = AXIS2_PLACEMENT_3D('',#8355,#8356,#8357);
#8355 = CARTESIAN_POINT('',(927.,22.,8.));
#8356 = DIRECTION('',(0.,0.,1.));
#8357 = DIRECTION('',(1.,0.,0.));
#8358 = ADVANCED_FACE('',(#8359),#8370,.F.);
#8359 = FACE_BOUND('',#8360,.F.);
#8360 = EDGE_LOOP('',(#8361,#8362,#8363,#8369));
#8361 = ORIENTED_EDGE('',*,*,#6262,.F.);
#8362 = ORIENTED_EDGE('',*,*,#6222,.T.);
#8363 = ORIENTED_EDGE('',*,*,#8364,.T.);
#8364 = EDGE_CURVE('',#6225,#6146,#8365,.T.);
#8365 = LINE('',#8366,#8367);
#8366 = CARTESIAN_POINT('',(857.,22.,8.));
#8367 = VECTOR('',#8368,1.);
#8368 = DIRECTION('',(1.,0.,0.));
#8369 = ORIENTED_EDGE('',*,*,#6143,.F.);
#8370 = PLANE('',#8371);
#8371 = AXIS2_PLACEMENT_3D('',#8372,#8373,#8374);
#8372 = CARTESIAN_POINT('',(857.,22.,3.5));
#8373 = DIRECTION('',(0.,1.,0.));
#8374 = DIRECTION('',(0.,0.,1.));
#8375 = ADVANCED_FACE('',(#8376),#8382,.T.);
#8376 = FACE_BOUND('',#8377,.T.);
#8377 = EDGE_LOOP('',(#8378,#8379,#8380,#8381));
#8378 = ORIENTED_EDGE('',*,*,#6247,.F.);
#8379 = ORIENTED_EDGE('',*,*,#8364,.T.);
#8380 = ORIENTED_EDGE('',*,*,#6177,.T.);
#8381 = ORIENTED_EDGE('',*,*,#6207,.F.);
#8382 = PLANE('',#8383);
#8383 = AXIS2_PLACEMENT_3D('',#8384,#8385,#8386);
#8384 = CARTESIAN_POINT('',(857.,22.,8.));
#8385 = DIRECTION('',(0.,0.,1.));
#8386 = DIRECTION('',(1.,0.,0.));
#8387 = ADVANCED_FACE('',(#8388),#8408,.T.);
#8388 = FACE_BOUND('',#8389,.T.);
#8389 = EDGE_LOOP('',(#8390,#8391,#8392,#8393,#8394,#8402));
#8390 = ORIENTED_EDGE('',*,*,#8279,.F.);
#8391 = ORIENTED_EDGE('',*,*,#8243,.T.);
#8392 = ORIENTED_EDGE('',*,*,#8306,.F.);
#8393 = ORIENTED_EDGE('',*,*,#7621,.F.);
#8394 = ORIENTED_EDGE('',*,*,#8395,.F.);
#8395 = EDGE_CURVE('',#8396,#7614,#8398,.T.);
#8396 = VERTEX_POINT('',#8397);
#8397 = CARTESIAN_POINT('',(933.,34.5,3.5));
#8398 = LINE('',#8399,#8400);
#8399 = CARTESIAN_POINT('',(933.,34.5,1.5));
#8400 = VECTOR('',#8401,1.);
#8401 = DIRECTION('',(0.,0.,-1.));
#8402 = ORIENTED_EDGE('',*,*,#8403,.F.);
#8403 = EDGE_CURVE('',#8280,#8396,#8404,.T.);
#8404 = LINE('',#8405,#8406);
#8405 = CARTESIAN_POINT('',(848.,34.5,3.5));
#8406 = VECTOR('',#8407,1.);
#8407 = DIRECTION('',(1.,0.,0.));
#8408 = PLANE('',#8409);
#8409 = AXIS2_PLACEMENT_3D('',#8410,#8411,#8412);
#8410 = CARTESIAN_POINT('',(897.29908675799,34.5,4.850456621005));
#8411 = DIRECTION('',(0.,1.,0.));
#8412 = DIRECTION('',(0.,0.,1.));
#8413 = ADVANCED_FACE('',(#8414),#8432,.T.);
#8414 = FACE_BOUND('',#8415,.T.);
#8415 = EDGE_LOOP('',(#8416,#8417,#8418,#8426));
#8416 = ORIENTED_EDGE('',*,*,#7605,.F.);
#8417 = ORIENTED_EDGE('',*,*,#8185,.T.);
#8418 = ORIENTED_EDGE('',*,*,#8419,.T.);
#8419 = EDGE_CURVE('',#8186,#8420,#8422,.T.);
#8420 = VERTEX_POINT('',#8421);
#8421 = CARTESIAN_POINT('',(933.,39.5,3.5));
#8422 = LINE('',#8423,#8424);
#8423 = CARTESIAN_POINT('',(923.,39.5,3.5));
#8424 = VECTOR('',#8425,1.);
#8425 = DIRECTION('',(1.,0.,0.));
#8426 = ORIENTED_EDGE('',*,*,#8427,.F.);
#8427 = EDGE_CURVE('',#7606,#8420,#8428,.T.);
#8428 = LINE('',#8429,#8430);
#8429 = CARTESIAN_POINT('',(933.,39.5,1.5));
#8430 = VECTOR('',#8431,1.);
#8431 = DIRECTION('',(0.,0.,1.));
#8432 = PLANE('',#8433);
#8433 = AXIS2_PLACEMENT_3D('',#8434,#8435,#8436);
#8434 = CARTESIAN_POINT('',(923.,39.5,1.5));
#8435 = DIRECTION('',(0.,1.,0.));
#8436 = DIRECTION('',(0.,0.,1.));
#8437 = ADVANCED_FACE('',(#8438),#8449,.T.);
#8438 = FACE_BOUND('',#8439,.T.);
#8439 = EDGE_LOOP('',(#8440,#8441,#8442,#8443));
#8440 = ORIENTED_EDGE('',*,*,#8395,.T.);
#8441 = ORIENTED_EDGE('',*,*,#7613,.T.);
#8442 = ORIENTED_EDGE('',*,*,#8427,.T.);
#8443 = ORIENTED_EDGE('',*,*,#8444,.F.);
#8444 = EDGE_CURVE('',#8396,#8420,#8445,.T.);
#8445 = LINE('',#8446,#8447);
#8446 = CARTESIAN_POINT('',(933.,27.5,3.5));
#8447 = VECTOR('',#8448,1.);
#8448 = DIRECTION('',(0.,1.,0.));
#8449 = PLANE('',#8450);
#8450 = AXIS2_PLACEMENT_3D('',#8451,#8452,#8453);
#8451 = CARTESIAN_POINT('',(933.,27.5,1.5));
#8452 = DIRECTION('',(1.,0.,0.));
#8453 = DIRECTION('',(0.,0.,1.));
#8454 = ADVANCED_FACE('',(#8455),#8492,.F.);
#8455 = FACE_BOUND('',#8456,.T.);
#8456 = EDGE_LOOP('',(#8457,#8465,#8466,#8467,#8476,#8485));
#8457 = ORIENTED_EDGE('',*,*,#8458,.F.);
#8458 = EDGE_CURVE('',#7701,#8459,#8461,.T.);
#8459 = VERTEX_POINT('',#8460);
#8460 = CARTESIAN_POINT('',(929.7,35.5,3.5));
#8461 = LINE('',#8462,#8463);
#8462 = CARTESIAN_POINT('',(929.7,35.5,0.5));
#8463 = VECTOR('',#8464,1.);
#8464 = DIRECTION('',(0.,0.,1.));
#8465 = ORIENTED_EDGE('',*,*,#7700,.T.);
#8466 = ORIENTED_EDGE('',*,*,#8458,.T.);
#8467 = ORIENTED_EDGE('',*,*,#8468,.F.);
#8468 = EDGE_CURVE('',#8469,#8459,#8471,.T.);
#8469 = VERTEX_POINT('',#8470);
#8470 = CARTESIAN_POINT('',(926.62522729146,34.5,3.5));
#8471 = CIRCLE('',#8472,1.7);
#8472 = AXIS2_PLACEMENT_3D('',#8473,#8474,#8475);
#8473 = CARTESIAN_POINT('',(928.,35.5,3.5));
#8474 = DIRECTION('',(0.,0.,-1.));
#8475 = DIRECTION('',(1.,0.,0.));
#8476 = ORIENTED_EDGE('',*,*,#8477,.F.);
#8477 = EDGE_CURVE('',#8478,#8469,#8480,.T.);
#8478 = VERTEX_POINT('',#8479);
#8479 = CARTESIAN_POINT('',(929.37477270853,34.5,3.5));
#8480 = CIRCLE('',#8481,1.7);
#8481 = AXIS2_PLACEMENT_3D('',#8482,#8483,#8484);
#8482 = CARTESIAN_POINT('',(928.,35.5,3.5));
#8483 = DIRECTION('',(0.,0.,-1.));
#8484 = DIRECTION('',(1.,0.,0.));
#8485 = ORIENTED_EDGE('',*,*,#8486,.F.);
#8486 = EDGE_CURVE('',#8459,#8478,#8487,.T.);
#8487 = CIRCLE('',#8488,1.7);
#8488 = AXIS2_PLACEMENT_3D('',#8489,#8490,#8491);
#8489 = CARTESIAN_POINT('',(928.,35.5,3.5));
#8490 = DIRECTION('',(0.,0.,-1.));
#8491 = DIRECTION('',(1.,0.,0.));
#8492 = CYLINDRICAL_SURFACE('',#8493,1.7);
#8493 = AXIS2_PLACEMENT_3D('',#8494,#8495,#8496);
#8494 = CARTESIAN_POINT('',(928.,35.5,0.5));
#8495 = DIRECTION('',(-0.,-0.,-1.));
#8496 = DIRECTION('',(1.,0.,0.));
#8497 = ADVANCED_FACE('',(#8498,#8536,#8558,#8563,#8568,#8573),#8578,.T.
  );
#8498 = FACE_BOUND('',#8499,.T.);
#8499 = EDGE_LOOP('',(#8500,#8501,#8502,#8503,#8504,#8505,#8506,#8507,
    #8508,#8509,#8510,#8511,#8512,#8513,#8514,#8515,#8516,#8517,#8518,
    #8519,#8520,#8521,#8522,#8523,#8524,#8525,#8526,#8527,#8528,#8529,
    #8530,#8531,#8532,#8533,#8534,#8535));
#8500 = ORIENTED_EDGE('',*,*,#7080,.F.);
#8501 = ORIENTED_EDGE('',*,*,#7065,.T.);
#8502 = ORIENTED_EDGE('',*,*,#7018,.T.);
#8503 = ORIENTED_EDGE('',*,*,#6885,.F.);
#8504 = ORIENTED_EDGE('',*,*,#6994,.T.);
#8505 = ORIENTED_EDGE('',*,*,#6964,.F.);
#8506 = ORIENTED_EDGE('',*,*,#6931,.T.);
#8507 = ORIENTED_EDGE('',*,*,#6908,.F.);
#8508 = ORIENTED_EDGE('',*,*,#6836,.F.);
#8509 = ORIENTED_EDGE('',*,*,#6821,.T.);
#8510 = ORIENTED_EDGE('',*,*,#6774,.T.);
#8511 = ORIENTED_EDGE('',*,*,#6736,.F.);
#8512 = ORIENTED_EDGE('',*,*,#6694,.T.);
#8513 = ORIENTED_EDGE('',*,*,#6664,.F.);
#8514 = ORIENTED_EDGE('',*,*,#6642,.T.);
#8515 = ORIENTED_EDGE('',*,*,#6602,.T.);
#8516 = ORIENTED_EDGE('',*,*,#8287,.T.);
#8517 = ORIENTED_EDGE('',*,*,#8403,.T.);
#8518 = ORIENTED_EDGE('',*,*,#8444,.T.);
#8519 = ORIENTED_EDGE('',*,*,#8419,.F.);
#8520 = ORIENTED_EDGE('',*,*,#8193,.F.);
#8521 = ORIENTED_EDGE('',*,*,#7483,.T.);
#8522 = ORIENTED_EDGE('',*,*,#8207,.T.);
#8523 = ORIENTED_EDGE('',*,*,#7563,.T.);
#8524 = ORIENTED_EDGE('',*,*,#7521,.T.);
#8525 = ORIENTED_EDGE('',*,*,#7506,.T.);
#8526 = ORIENTED_EDGE('',*,*,#7443,.T.);
#8527 = ORIENTED_EDGE('',*,*,#7404,.F.);
#8528 = ORIENTED_EDGE('',*,*,#7381,.F.);
#8529 = ORIENTED_EDGE('',*,*,#7342,.T.);
#8530 = ORIENTED_EDGE('',*,*,#7284,.T.);
#8531 = ORIENTED_EDGE('',*,*,#7263,.T.);
#8532 = ORIENTED_EDGE('',*,*,#7223,.F.);
#8533 = ORIENTED_EDGE('',*,*,#7192,.F.);
#8534 = ORIENTED_EDGE('',*,*,#7159,.T.);
#8535 = ORIENTED_EDGE('',*,*,#7128,.F.);
#8536 = FACE_BOUND('',#8537,.T.);
#8537 = EDGE_LOOP('',(#8538,#8539,#8540,#8541,#8542,#8543,#8544,#8545,
    #8546,#8547,#8548,#8549,#8550,#8551,#8552,#8553,#8554,#8555,#8556,
    #8557));
#8538 = ORIENTED_EDGE('',*,*,#6423,.F.);
#8539 = ORIENTED_EDGE('',*,*,#6464,.T.);
#8540 = ORIENTED_EDGE('',*,*,#8007,.T.);
#8541 = ORIENTED_EDGE('',*,*,#7824,.F.);
#8542 = ORIENTED_EDGE('',*,*,#7862,.F.);
#8543 = ORIENTED_EDGE('',*,*,#7966,.T.);
#8544 = ORIENTED_EDGE('',*,*,#8000,.T.);
#8545 = ORIENTED_EDGE('',*,*,#8093,.T.);
#8546 = ORIENTED_EDGE('',*,*,#8062,.F.);
#8547 = ORIENTED_EDGE('',*,*,#6240,.T.);
#8548 = ORIENTED_EDGE('',*,*,#6191,.T.);
#8549 = ORIENTED_EDGE('',*,*,#6161,.F.);
#8550 = ORIENTED_EDGE('',*,*,#8069,.F.);
#8551 = ORIENTED_EDGE('',*,*,#6380,.T.);
#8552 = ORIENTED_EDGE('',*,*,#6331,.T.);
#8553 = ORIENTED_EDGE('',*,*,#6301,.F.);
#8554 = ORIENTED_EDGE('',*,*,#8076,.F.);
#8555 = ORIENTED_EDGE('',*,*,#8038,.F.);
#8556 = ORIENTED_EDGE('',*,*,#8014,.T.);
#8557 = ORIENTED_EDGE('',*,*,#6503,.F.);
#8558 = FACE_BOUND('',#8559,.T.);
#8559 = EDGE_LOOP('',(#8560,#8561,#8562));
#8560 = ORIENTED_EDGE('',*,*,#7799,.T.);
#8561 = ORIENTED_EDGE('',*,*,#7790,.T.);
#8562 = ORIENTED_EDGE('',*,*,#7781,.T.);
#8563 = FACE_BOUND('',#8564,.T.);
#8564 = EDGE_LOOP('',(#8565,#8566,#8567));
#8565 = ORIENTED_EDGE('',*,*,#7747,.T.);
#8566 = ORIENTED_EDGE('',*,*,#7738,.T.);
#8567 = ORIENTED_EDGE('',*,*,#7756,.T.);
#8568 = FACE_BOUND('',#8569,.T.);
#8569 = EDGE_LOOP('',(#8570,#8571,#8572));
#8570 = ORIENTED_EDGE('',*,*,#8126,.T.);
#8571 = ORIENTED_EDGE('',*,*,#8117,.T.);
#8572 = ORIENTED_EDGE('',*,*,#8135,.T.);
#8573 = FACE_BOUND('',#8574,.T.);
#8574 = EDGE_LOOP('',(#8575,#8576,#8577));
#8575 = ORIENTED_EDGE('',*,*,#8477,.T.);
#8576 = ORIENTED_EDGE('',*,*,#8468,.T.);
#8577 = ORIENTED_EDGE('',*,*,#8486,.T.);
#8578 = PLANE('',#8579);
#8579 = AXIS2_PLACEMENT_3D('',#8580,#8581,#8582);
#8580 = CARTESIAN_POINT('',(896.26399680751,-4.457604942695E-14,3.5));
#8581 = DIRECTION('',(0.,0.,1.));
#8582 = DIRECTION('',(1.,0.,0.));
#8583 = MANIFOLD_SOLID_BREP('',#8584);
#8584 = CLOSED_SHELL('',(#8585,#8625,#8862,#8959,#8994,#9011,#9023,#9047
    ,#9144,#9168,#9192,#9216,#9240,#9264,#9281,#9305,#9343,#9367,#9391,
    #9415,#9432,#9449,#9474,#9505,#9563,#9621,#9638,#9663,#9688,#9705,
    #9717,#9739,#9756,#9773,#9785,#9802,#9817,#9839,#9856,#9873,#9885));
#8585 = ADVANCED_FACE('',(#8586),#8620,.F.);
#8586 = FACE_BOUND('',#8587,.F.);
#8587 = EDGE_LOOP('',(#8588,#8598,#8606,#8614));
#8588 = ORIENTED_EDGE('',*,*,#8589,.F.);
#8589 = EDGE_CURVE('',#8590,#8592,#8594,.T.);
#8590 = VERTEX_POINT('',#8591);
#8591 = CARTESIAN_POINT('',(947.,-33.,-1.5));
#8592 = VERTEX_POINT('',#8593);
#8593 = CARTESIAN_POINT('',(947.,-22.,-1.5));
#8594 = LINE('',#8595,#8596);
#8595 = CARTESIAN_POINT('',(947.,-33.,-1.5));
#8596 = VECTOR('',#8597,1.);
#8597 = DIRECTION('',(0.,1.,0.));
#8598 = ORIENTED_EDGE('',*,*,#8599,.F.);
#8599 = EDGE_CURVE('',#8600,#8590,#8602,.T.);
#8600 = VERTEX_POINT('',#8601);
#8601 = CARTESIAN_POINT('',(947.,-33.,-4.));
#8602 = LINE('',#8603,#8604);
#8603 = CARTESIAN_POINT('',(947.,-33.,-4.));
#8604 = VECTOR('',#8605,1.);
#8605 = DIRECTION('',(0.,0.,1.));
#8606 = ORIENTED_EDGE('',*,*,#8607,.T.);
#8607 = EDGE_CURVE('',#8600,#8608,#8610,.T.);
#8608 = VERTEX_POINT('',#8609);
#8609 = CARTESIAN_POINT('',(947.,-22.,-4.));
#8610 = LINE('',#8611,#8612);
#8611 = CARTESIAN_POINT('',(947.,-33.,-4.));
#8612 = VECTOR('',#8613,1.);
#8613 = DIRECTION('',(0.,1.,0.));
#8614 = ORIENTED_EDGE('',*,*,#8615,.F.);
#8615 = EDGE_CURVE('',#8592,#8608,#8616,.T.);
#8616 = LINE('',#8617,#8618);
#8617 = CARTESIAN_POINT('',(947.,-22.,-20.));
#8618 = VECTOR('',#8619,1.);
#8619 = DIRECTION('',(0.,0.,-1.));
#8620 = PLANE('',#8621);
#8621 = AXIS2_PLACEMENT_3D('',#8622,#8623,#8624);
#8622 = CARTESIAN_POINT('',(947.,-33.,-4.));
#8623 = DIRECTION('',(1.,0.,0.));
#8624 = DIRECTION('',(0.,0.,1.));
#8625 = ADVANCED_FACE('',(#8626,#8779,#8790,#8801,#8835,#8846),#8857,.T.
  );
#8626 = FACE_BOUND('',#8627,.T.);
#8627 = EDGE_LOOP('',(#8628,#8629,#8637,#8645,#8653,#8661,#8669,#8677,
    #8685,#8693,#8701,#8709,#8717,#8725,#8733,#8741,#8749,#8757,#8765,
    #8773));
#8628 = ORIENTED_EDGE('',*,*,#8589,.F.);
#8629 = ORIENTED_EDGE('',*,*,#8630,.T.);
#8630 = EDGE_CURVE('',#8590,#8631,#8633,.T.);
#8631 = VERTEX_POINT('',#8632);
#8632 = CARTESIAN_POINT('',(957.,-33.,-1.5));
#8633 = LINE('',#8634,#8635);
#8634 = CARTESIAN_POINT('',(947.,-33.,-1.5));
#8635 = VECTOR('',#8636,1.);
#8636 = DIRECTION('',(1.,0.,0.));
#8637 = ORIENTED_EDGE('',*,*,#8638,.T.);
#8638 = EDGE_CURVE('',#8631,#8639,#8641,.T.);
#8639 = VERTEX_POINT('',#8640);
#8640 = CARTESIAN_POINT('',(957.,-22.,-1.5));
#8641 = LINE('',#8642,#8643);
#8642 = CARTESIAN_POINT('',(957.,-33.,-1.5));
#8643 = VECTOR('',#8644,1.);
#8644 = DIRECTION('',(0.,1.,0.));
#8645 = ORIENTED_EDGE('',*,*,#8646,.T.);
#8646 = EDGE_CURVE('',#8639,#8647,#8649,.T.);
#8647 = VERTEX_POINT('',#8648);
#8648 = CARTESIAN_POINT('',(1.043E+03,-22.,-1.5));
#8649 = LINE('',#8650,#8651);
#8650 = CARTESIAN_POINT('',(944.,-22.,-1.5));
#8651 = VECTOR('',#8652,1.);
#8652 = DIRECTION('',(1.,0.,0.));
#8653 = ORIENTED_EDGE('',*,*,#8654,.F.);
#8654 = EDGE_CURVE('',#8655,#8647,#8657,.T.);
#8655 = VERTEX_POINT('',#8656);
#8656 = CARTESIAN_POINT('',(1.043E+03,-33.,-1.5));
#8657 = LINE('',#8658,#8659);
#8658 = CARTESIAN_POINT('',(1.043E+03,-33.,-1.5));
#8659 = VECTOR('',#8660,1.);
#8660 = DIRECTION('',(0.,1.,0.));
#8661 = ORIENTED_EDGE('',*,*,#8662,.T.);
#8662 = EDGE_CURVE('',#8655,#8663,#8665,.T.);
#8663 = VERTEX_POINT('',#8664);
#8664 = CARTESIAN_POINT('',(1.053E+03,-33.,-1.5));
#8665 = LINE('',#8666,#8667);
#8666 = CARTESIAN_POINT('',(1.043E+03,-33.,-1.5));
#8667 = VECTOR('',#8668,1.);
#8668 = DIRECTION('',(1.,0.,0.));
#8669 = ORIENTED_EDGE('',*,*,#8670,.T.);
#8670 = EDGE_CURVE('',#8663,#8671,#8673,.T.);
#8671 = VERTEX_POINT('',#8672);
#8672 = CARTESIAN_POINT('',(1.053E+03,-20.,-1.5));
#8673 = LINE('',#8674,#8675);
#8674 = CARTESIAN_POINT('',(1.053E+03,-33.,-1.5));
#8675 = VECTOR('',#8676,1.);
#8676 = DIRECTION('',(0.,1.,0.));
#8677 = ORIENTED_EDGE('',*,*,#8678,.F.);
#8678 = EDGE_CURVE('',#8679,#8671,#8681,.T.);
#8679 = VERTEX_POINT('',#8680);
#8680 = CARTESIAN_POINT('',(1.05E+03,-20.,-1.5));
#8681 = LINE('',#8682,#8683);
#8682 = CARTESIAN_POINT('',(1.043E+03,-20.,-1.5));
#8683 = VECTOR('',#8684,1.);
#8684 = DIRECTION('',(1.,0.,0.));
#8685 = ORIENTED_EDGE('',*,*,#8686,.T.);
#8686 = EDGE_CURVE('',#8679,#8687,#8689,.T.);
#8687 = VERTEX_POINT('',#8688);
#8688 = CARTESIAN_POINT('',(1.05E+03,20.,-1.5));
#8689 = LINE('',#8690,#8691);
#8690 = CARTESIAN_POINT('',(1.05E+03,-22.,-1.5));
#8691 = VECTOR('',#8692,1.);
#8692 = DIRECTION('',(0.,1.,0.));
#8693 = ORIENTED_EDGE('',*,*,#8694,.T.);
#8694 = EDGE_CURVE('',#8687,#8695,#8697,.T.);
#8695 = VERTEX_POINT('',#8696);
#8696 = CARTESIAN_POINT('',(1.053E+03,20.,-1.5));
#8697 = LINE('',#8698,#8699);
#8698 = CARTESIAN_POINT('',(1.043E+03,20.,-1.5));
#8699 = VECTOR('',#8700,1.);
#8700 = DIRECTION('',(1.,0.,0.));
#8701 = ORIENTED_EDGE('',*,*,#8702,.T.);
#8702 = EDGE_CURVE('',#8695,#8703,#8705,.T.);
#8703 = VERTEX_POINT('',#8704);
#8704 = CARTESIAN_POINT('',(1.053E+03,33.,-1.5));
#8705 = LINE('',#8706,#8707);
#8706 = CARTESIAN_POINT('',(1.053E+03,20.,-1.5));
#8707 = VECTOR('',#8708,1.);
#8708 = DIRECTION('',(0.,1.,0.));
#8709 = ORIENTED_EDGE('',*,*,#8710,.F.);
#8710 = EDGE_CURVE('',#8711,#8703,#8713,.T.);
#8711 = VERTEX_POINT('',#8712);
#8712 = CARTESIAN_POINT('',(1.043E+03,33.,-1.5));
#8713 = LINE('',#8714,#8715);
#8714 = CARTESIAN_POINT('',(1.043E+03,33.,-1.5));
#8715 = VECTOR('',#8716,1.);
#8716 = DIRECTION('',(1.,0.,0.));
#8717 = ORIENTED_EDGE('',*,*,#8718,.F.);
#8718 = EDGE_CURVE('',#8719,#8711,#8721,.T.);
#8719 = VERTEX_POINT('',#8720);
#8720 = CARTESIAN_POINT('',(1.043E+03,22.,-1.5));
#8721 = LINE('',#8722,#8723);
#8722 = CARTESIAN_POINT('',(1.043E+03,20.,-1.5));
#8723 = VECTOR('',#8724,1.);
#8724 = DIRECTION('',(0.,1.,0.));
#8725 = ORIENTED_EDGE('',*,*,#8726,.F.);
#8726 = EDGE_CURVE('',#8727,#8719,#8729,.T.);
#8727 = VERTEX_POINT('',#8728);
#8728 = CARTESIAN_POINT('',(957.,22.,-1.5));
#8729 = LINE('',#8730,#8731);
#8730 = CARTESIAN_POINT('',(944.,22.,-1.5));
#8731 = VECTOR('',#8732,1.);
#8732 = DIRECTION('',(1.,0.,0.));
#8733 = ORIENTED_EDGE('',*,*,#8734,.T.);
#8734 = EDGE_CURVE('',#8727,#8735,#8737,.T.);
#8735 = VERTEX_POINT('',#8736);
#8736 = CARTESIAN_POINT('',(957.,33.,-1.5));
#8737 = LINE('',#8738,#8739);
#8738 = CARTESIAN_POINT('',(957.,20.,-1.5));
#8739 = VECTOR('',#8740,1.);
#8740 = DIRECTION('',(0.,1.,0.));
#8741 = ORIENTED_EDGE('',*,*,#8742,.F.);
#8742 = EDGE_CURVE('',#8743,#8735,#8745,.T.);
#8743 = VERTEX_POINT('',#8744);
#8744 = CARTESIAN_POINT('',(947.,33.,-1.5));
#8745 = LINE('',#8746,#8747);
#8746 = CARTESIAN_POINT('',(947.,33.,-1.5));
#8747 = VECTOR('',#8748,1.);
#8748 = DIRECTION('',(1.,0.,0.));
#8749 = ORIENTED_EDGE('',*,*,#8750,.F.);
#8750 = EDGE_CURVE('',#8751,#8743,#8753,.T.);
#8751 = VERTEX_POINT('',#8752);
#8752 = CARTESIAN_POINT('',(947.,22.,-1.5));
#8753 = LINE('',#8754,#8755);
#8754 = CARTESIAN_POINT('',(947.,20.,-1.5));
#8755 = VECTOR('',#8756,1.);
#8756 = DIRECTION('',(0.,1.,0.));
#8757 = ORIENTED_EDGE('',*,*,#8758,.F.);
#8758 = EDGE_CURVE('',#8759,#8751,#8761,.T.);
#8759 = VERTEX_POINT('',#8760);
#8760 = CARTESIAN_POINT('',(944.,22.,-1.5));
#8761 = LINE('',#8762,#8763);
#8762 = CARTESIAN_POINT('',(944.,22.,-1.5));
#8763 = VECTOR('',#8764,1.);
#8764 = DIRECTION('',(1.,0.,0.));
#8765 = ORIENTED_EDGE('',*,*,#8766,.F.);
#8766 = EDGE_CURVE('',#8767,#8759,#8769,.T.);
#8767 = VERTEX_POINT('',#8768);
#8768 = CARTESIAN_POINT('',(944.,-22.,-1.5));
#8769 = LINE('',#8770,#8771);
#8770 = CARTESIAN_POINT('',(944.,-22.,-1.5));
#8771 = VECTOR('',#8772,1.);
#8772 = DIRECTION('',(0.,1.,0.));
#8773 = ORIENTED_EDGE('',*,*,#8774,.T.);
#8774 = EDGE_CURVE('',#8767,#8592,#8775,.T.);
#8775 = LINE('',#8776,#8777);
#8776 = CARTESIAN_POINT('',(944.,-22.,-1.5));
#8777 = VECTOR('',#8778,1.);
#8778 = DIRECTION('',(1.,0.,0.));
#8779 = FACE_BOUND('',#8780,.T.);
#8780 = EDGE_LOOP('',(#8781));
#8781 = ORIENTED_EDGE('',*,*,#8782,.T.);
#8782 = EDGE_CURVE('',#8783,#8783,#8785,.T.);
#8783 = VERTEX_POINT('',#8784);
#8784 = CARTESIAN_POINT('',(953.7,-29.,-1.5));
#8785 = CIRCLE('',#8786,1.7);
#8786 = AXIS2_PLACEMENT_3D('',#8787,#8788,#8789);
#8787 = CARTESIAN_POINT('',(952.,-29.,-1.5));
#8788 = DIRECTION('',(0.,0.,-1.));
#8789 = DIRECTION('',(1.,0.,0.));
#8790 = FACE_BOUND('',#8791,.T.);
#8791 = EDGE_LOOP('',(#8792));
#8792 = ORIENTED_EDGE('',*,*,#8793,.T.);
#8793 = EDGE_CURVE('',#8794,#8794,#8796,.T.);
#8794 = VERTEX_POINT('',#8795);
#8795 = CARTESIAN_POINT('',(1.0497E+03,-29.,-1.5));
#8796 = CIRCLE('',#8797,1.7);
#8797 = AXIS2_PLACEMENT_3D('',#8798,#8799,#8800);
#8798 = CARTESIAN_POINT('',(1.048E+03,-29.,-1.5));
#8799 = DIRECTION('',(0.,0.,-1.));
#8800 = DIRECTION('',(1.,0.,0.));
#8801 = FACE_BOUND('',#8802,.T.);
#8802 = EDGE_LOOP('',(#8803,#8813,#8821,#8829));
#8803 = ORIENTED_EDGE('',*,*,#8804,.T.);
#8804 = EDGE_CURVE('',#8805,#8807,#8809,.T.);
#8805 = VERTEX_POINT('',#8806);
#8806 = CARTESIAN_POINT('',(946.,-20.,-1.5));
#8807 = VERTEX_POINT('',#8808);
#8808 = CARTESIAN_POINT('',(946.,20.,-1.5));
#8809 = LINE('',#8810,#8811);
#8810 = CARTESIAN_POINT('',(946.,-21.,-1.5));
#8811 = VECTOR('',#8812,1.);
#8812 = DIRECTION('',(0.,1.,0.));
#8813 = ORIENTED_EDGE('',*,*,#8814,.F.);
#8814 = EDGE_CURVE('',#8815,#8807,#8817,.T.);
#8815 = VERTEX_POINT('',#8816);
#8816 = CARTESIAN_POINT('',(1.048E+03,20.,-1.5));
#8817 = LINE('',#8818,#8819);
#8818 = CARTESIAN_POINT('',(945.,20.,-1.5));
#8819 = VECTOR('',#8820,1.);
#8820 = DIRECTION('',(-1.,0.,0.));
#8821 = ORIENTED_EDGE('',*,*,#8822,.F.);
#8822 = EDGE_CURVE('',#8823,#8815,#8825,.T.);
#8823 = VERTEX_POINT('',#8824);
#8824 = CARTESIAN_POINT('',(1.048E+03,-20.,-1.5));
#8825 = LINE('',#8826,#8827);
#8826 = CARTESIAN_POINT('',(1.048E+03,-21.,-1.5));
#8827 = VECTOR('',#8828,1.);
#8828 = DIRECTION('',(0.,1.,0.));
#8829 = ORIENTED_EDGE('',*,*,#8830,.T.);
#8830 = EDGE_CURVE('',#8823,#8805,#8831,.T.);
#8831 = LINE('',#8832,#8833);
#8832 = CARTESIAN_POINT('',(945.,-20.,-1.5));
#8833 = VECTOR('',#8834,1.);
#8834 = DIRECTION('',(-1.,0.,0.));
#8835 = FACE_BOUND('',#8836,.T.);
#8836 = EDGE_LOOP('',(#8837));
#8837 = ORIENTED_EDGE('',*,*,#8838,.T.);
#8838 = EDGE_CURVE('',#8839,#8839,#8841,.T.);
#8839 = VERTEX_POINT('',#8840);
#8840 = CARTESIAN_POINT('',(953.7,29.,-1.5));
#8841 = CIRCLE('',#8842,1.7);
#8842 = AXIS2_PLACEMENT_3D('',#8843,#8844,#8845);
#8843 = CARTESIAN_POINT('',(952.,29.,-1.5));
#8844 = DIRECTION('',(0.,0.,-1.));
#8845 = DIRECTION('',(1.,0.,0.));
#8846 = FACE_BOUND('',#8847,.T.);
#8847 = EDGE_LOOP('',(#8848));
#8848 = ORIENTED_EDGE('',*,*,#8849,.T.);
#8849 = EDGE_CURVE('',#8850,#8850,#8852,.T.);
#8850 = VERTEX_POINT('',#8851);
#8851 = CARTESIAN_POINT('',(1.0497E+03,29.,-1.5));
#8852 = CIRCLE('',#8853,1.7);
#8853 = AXIS2_PLACEMENT_3D('',#8854,#8855,#8856);
#8854 = CARTESIAN_POINT('',(1.048E+03,29.,-1.5));
#8855 = DIRECTION('',(0.,0.,-1.));
#8856 = DIRECTION('',(1.,0.,0.));
#8857 = PLANE('',#8858);
#8858 = AXIS2_PLACEMENT_3D('',#8859,#8860,#8861);
#8859 = CARTESIAN_POINT('',(999.325,0.,-1.5));
#8860 = DIRECTION('',(0.,0.,1.));
#8861 = DIRECTION('',(1.,0.,0.));
#8862 = ADVANCED_FACE('',(#8863,#8920),#8954,.F.);
#8863 = FACE_BOUND('',#8864,.F.);
#8864 = EDGE_LOOP('',(#8865,#8875,#8883,#8889,#8890,#8891,#8899,#8905,
    #8906,#8914));
#8865 = ORIENTED_EDGE('',*,*,#8866,.F.);
#8866 = EDGE_CURVE('',#8867,#8869,#8871,.T.);
#8867 = VERTEX_POINT('',#8868);
#8868 = CARTESIAN_POINT('',(1.05E+03,-22.,-36.));
#8869 = VERTEX_POINT('',#8870);
#8870 = CARTESIAN_POINT('',(1.05E+03,-22.,-4.));
#8871 = LINE('',#8872,#8873);
#8872 = CARTESIAN_POINT('',(1.05E+03,-22.,-36.));
#8873 = VECTOR('',#8874,1.);
#8874 = DIRECTION('',(0.,0.,1.));
#8875 = ORIENTED_EDGE('',*,*,#8876,.F.);
#8876 = EDGE_CURVE('',#8877,#8867,#8879,.T.);
#8877 = VERTEX_POINT('',#8878);
#8878 = CARTESIAN_POINT('',(944.,-22.,-36.));
#8879 = LINE('',#8880,#8881);
#8880 = CARTESIAN_POINT('',(944.,-22.,-36.));
#8881 = VECTOR('',#8882,1.);
#8882 = DIRECTION('',(1.,0.,0.));
#8883 = ORIENTED_EDGE('',*,*,#8884,.T.);
#8884 = EDGE_CURVE('',#8877,#8767,#8885,.T.);
#8885 = LINE('',#8886,#8887);
#8886 = CARTESIAN_POINT('',(944.,-22.,-36.));
#8887 = VECTOR('',#8888,1.);
#8888 = DIRECTION('',(0.,0.,1.));
#8889 = ORIENTED_EDGE('',*,*,#8774,.T.);
#8890 = ORIENTED_EDGE('',*,*,#8615,.T.);
#8891 = ORIENTED_EDGE('',*,*,#8892,.T.);
#8892 = EDGE_CURVE('',#8608,#8893,#8895,.T.);
#8893 = VERTEX_POINT('',#8894);
#8894 = CARTESIAN_POINT('',(957.,-22.,-4.));
#8895 = LINE('',#8896,#8897);
#8896 = CARTESIAN_POINT('',(945.5,-22.,-4.));
#8897 = VECTOR('',#8898,1.);
#8898 = DIRECTION('',(1.,0.,0.));
#8899 = ORIENTED_EDGE('',*,*,#8900,.F.);
#8900 = EDGE_CURVE('',#8639,#8893,#8901,.T.);
#8901 = LINE('',#8902,#8903);
#8902 = CARTESIAN_POINT('',(957.,-22.,-20.));
#8903 = VECTOR('',#8904,1.);
#8904 = DIRECTION('',(0.,0.,-1.));
#8905 = ORIENTED_EDGE('',*,*,#8646,.T.);
#8906 = ORIENTED_EDGE('',*,*,#8907,.T.);
#8907 = EDGE_CURVE('',#8647,#8908,#8910,.T.);
#8908 = VERTEX_POINT('',#8909);
#8909 = CARTESIAN_POINT('',(1.043E+03,-22.,-4.));
#8910 = LINE('',#8911,#8912);
#8911 = CARTESIAN_POINT('',(1.043E+03,-22.,-20.));
#8912 = VECTOR('',#8913,1.);
#8913 = DIRECTION('',(0.,0.,-1.));
#8914 = ORIENTED_EDGE('',*,*,#8915,.T.);
#8915 = EDGE_CURVE('',#8908,#8869,#8916,.T.);
#8916 = LINE('',#8917,#8918);
#8917 = CARTESIAN_POINT('',(993.5,-22.,-4.));
#8918 = VECTOR('',#8919,1.);
#8919 = DIRECTION('',(1.,0.,0.));
#8920 = FACE_BOUND('',#8921,.F.);
#8921 = EDGE_LOOP('',(#8922,#8932,#8940,#8948));
#8922 = ORIENTED_EDGE('',*,*,#8923,.F.);
#8923 = EDGE_CURVE('',#8924,#8926,#8928,.T.);
#8924 = VERTEX_POINT('',#8925);
#8925 = CARTESIAN_POINT('',(1.023E+03,-22.,-18.));
#8926 = VERTEX_POINT('',#8927);
#8927 = CARTESIAN_POINT('',(1.045E+03,-22.,-18.));
#8928 = LINE('',#8929,#8930);
#8929 = CARTESIAN_POINT('',(983.5,-22.,-18.));
#8930 = VECTOR('',#8931,1.);
#8931 = DIRECTION('',(1.,0.,0.));
#8932 = ORIENTED_EDGE('',*,*,#8933,.T.);
#8933 = EDGE_CURVE('',#8924,#8934,#8936,.T.);
#8934 = VERTEX_POINT('',#8935);
#8935 = CARTESIAN_POINT('',(1.023E+03,-22.,-30.));
#8936 = LINE('',#8937,#8938);
#8937 = CARTESIAN_POINT('',(1.023E+03,-22.,-33.));
#8938 = VECTOR('',#8939,1.);
#8939 = DIRECTION('',(0.,0.,-1.));
#8940 = ORIENTED_EDGE('',*,*,#8941,.T.);
#8941 = EDGE_CURVE('',#8934,#8942,#8944,.T.);
#8942 = VERTEX_POINT('',#8943);
#8943 = CARTESIAN_POINT('',(1.045E+03,-22.,-30.));
#8944 = LINE('',#8945,#8946);
#8945 = CARTESIAN_POINT('',(983.5,-22.,-30.));
#8946 = VECTOR('',#8947,1.);
#8947 = DIRECTION('',(1.,0.,0.));
#8948 = ORIENTED_EDGE('',*,*,#8949,.F.);
#8949 = EDGE_CURVE('',#8926,#8942,#8950,.T.);
#8950 = LINE('',#8951,#8952);
#8951 = CARTESIAN_POINT('',(1.045E+03,-22.,-33.));
#8952 = VECTOR('',#8953,1.);
#8953 = DIRECTION('',(0.,0.,-1.));
#8954 = PLANE('',#8955);
#8955 = AXIS2_PLACEMENT_3D('',#8956,#8957,#8958);
#8956 = CARTESIAN_POINT('',(944.,-22.,-36.));
#8957 = DIRECTION('',(0.,1.,0.));
#8958 = DIRECTION('',(0.,0.,1.));
#8959 = ADVANCED_FACE('',(#8960,#8978),#8989,.F.);
#8960 = FACE_BOUND('',#8961,.F.);
#8961 = EDGE_LOOP('',(#8962,#8963,#8971,#8977));
#8962 = ORIENTED_EDGE('',*,*,#8607,.F.);
#8963 = ORIENTED_EDGE('',*,*,#8964,.T.);
#8964 = EDGE_CURVE('',#8600,#8965,#8967,.T.);
#8965 = VERTEX_POINT('',#8966);
#8966 = CARTESIAN_POINT('',(957.,-33.,-4.));
#8967 = LINE('',#8968,#8969);
#8968 = CARTESIAN_POINT('',(947.,-33.,-4.));
#8969 = VECTOR('',#8970,1.);
#8970 = DIRECTION('',(1.,0.,0.));
#8971 = ORIENTED_EDGE('',*,*,#8972,.T.);
#8972 = EDGE_CURVE('',#8965,#8893,#8973,.T.);
#8973 = LINE('',#8974,#8975);
#8974 = CARTESIAN_POINT('',(957.,-33.,-4.));
#8975 = VECTOR('',#8976,1.);
#8976 = DIRECTION('',(0.,1.,0.));
#8977 = ORIENTED_EDGE('',*,*,#8892,.F.);
#8978 = FACE_BOUND('',#8979,.F.);
#8979 = EDGE_LOOP('',(#8980));
#8980 = ORIENTED_EDGE('',*,*,#8981,.T.);
#8981 = EDGE_CURVE('',#8982,#8982,#8984,.T.);
#8982 = VERTEX_POINT('',#8983);
#8983 = CARTESIAN_POINT('',(953.7,-29.,-4.));
#8984 = CIRCLE('',#8985,1.7);
#8985 = AXIS2_PLACEMENT_3D('',#8986,#8987,#8988);
#8986 = CARTESIAN_POINT('',(952.,-29.,-4.));
#8987 = DIRECTION('',(0.,0.,-1.));
#8988 = DIRECTION('',(1.,0.,0.));
#8989 = PLANE('',#8990);
#8990 = AXIS2_PLACEMENT_3D('',#8991,#8992,#8993);
#8991 = CARTESIAN_POINT('',(947.,-33.,-4.));
#8992 = DIRECTION('',(0.,0.,1.));
#8993 = DIRECTION('',(1.,0.,0.));
#8994 = ADVANCED_FACE('',(#8995),#9006,.F.);
#8995 = FACE_BOUND('',#8996,.F.);
#8996 = EDGE_LOOP('',(#8997,#8998,#8999,#9000));
#8997 = ORIENTED_EDGE('',*,*,#8964,.F.);
#8998 = ORIENTED_EDGE('',*,*,#8599,.T.);
#8999 = ORIENTED_EDGE('',*,*,#8630,.T.);
#9000 = ORIENTED_EDGE('',*,*,#9001,.F.);
#9001 = EDGE_CURVE('',#8965,#8631,#9002,.T.);
#9002 = LINE('',#9003,#9004);
#9003 = CARTESIAN_POINT('',(957.,-33.,-4.));
#9004 = VECTOR('',#9005,1.);
#9005 = DIRECTION('',(0.,0.,1.));
#9006 = PLANE('',#9007);
#9007 = AXIS2_PLACEMENT_3D('',#9008,#9009,#9010);
#9008 = CARTESIAN_POINT('',(947.,-33.,-4.));
#9009 = DIRECTION('',(0.,1.,0.));
#9010 = DIRECTION('',(0.,0.,1.));
#9011 = ADVANCED_FACE('',(#9012),#9018,.T.);
#9012 = FACE_BOUND('',#9013,.T.);
#9013 = EDGE_LOOP('',(#9014,#9015,#9016,#9017));
#9014 = ORIENTED_EDGE('',*,*,#8638,.F.);
#9015 = ORIENTED_EDGE('',*,*,#9001,.F.);
#9016 = ORIENTED_EDGE('',*,*,#8972,.T.);
#9017 = ORIENTED_EDGE('',*,*,#8900,.F.);
#9018 = PLANE('',#9019);
#9019 = AXIS2_PLACEMENT_3D('',#9020,#9021,#9022);
#9020 = CARTESIAN_POINT('',(957.,-33.,-4.));
#9021 = DIRECTION('',(1.,0.,0.));
#9022 = DIRECTION('',(0.,0.,1.));
#9023 = ADVANCED_FACE('',(#9024),#9042,.F.);
#9024 = FACE_BOUND('',#9025,.F.);
#9025 = EDGE_LOOP('',(#9026,#9027,#9035,#9041));
#9026 = ORIENTED_EDGE('',*,*,#8884,.F.);
#9027 = ORIENTED_EDGE('',*,*,#9028,.T.);
#9028 = EDGE_CURVE('',#8877,#9029,#9031,.T.);
#9029 = VERTEX_POINT('',#9030);
#9030 = CARTESIAN_POINT('',(944.,22.,-36.));
#9031 = LINE('',#9032,#9033);
#9032 = CARTESIAN_POINT('',(944.,-22.,-36.));
#9033 = VECTOR('',#9034,1.);
#9034 = DIRECTION('',(0.,1.,0.));
#9035 = ORIENTED_EDGE('',*,*,#9036,.T.);
#9036 = EDGE_CURVE('',#9029,#8759,#9037,.T.);
#9037 = LINE('',#9038,#9039);
#9038 = CARTESIAN_POINT('',(944.,22.,-36.));
#9039 = VECTOR('',#9040,1.);
#9040 = DIRECTION('',(0.,0.,1.));
#9041 = ORIENTED_EDGE('',*,*,#8766,.F.);
#9042 = PLANE('',#9043);
#9043 = AXIS2_PLACEMENT_3D('',#9044,#9045,#9046);
#9044 = CARTESIAN_POINT('',(944.,-22.,-36.));
#9045 = DIRECTION('',(1.,0.,0.));
#9046 = DIRECTION('',(0.,0.,1.));
#9047 = ADVANCED_FACE('',(#9048,#9105),#9139,.T.);
#9048 = FACE_BOUND('',#9049,.T.);
#9049 = EDGE_LOOP('',(#9050,#9060,#9066,#9067,#9068,#9076,#9084,#9090,
    #9091,#9099));
#9050 = ORIENTED_EDGE('',*,*,#9051,.F.);
#9051 = EDGE_CURVE('',#9052,#9054,#9056,.T.);
#9052 = VERTEX_POINT('',#9053);
#9053 = CARTESIAN_POINT('',(1.05E+03,22.,-36.));
#9054 = VERTEX_POINT('',#9055);
#9055 = CARTESIAN_POINT('',(1.05E+03,22.,-4.));
#9056 = LINE('',#9057,#9058);
#9057 = CARTESIAN_POINT('',(1.05E+03,22.,-36.));
#9058 = VECTOR('',#9059,1.);
#9059 = DIRECTION('',(0.,0.,1.));
#9060 = ORIENTED_EDGE('',*,*,#9061,.F.);
#9061 = EDGE_CURVE('',#9029,#9052,#9062,.T.);
#9062 = LINE('',#9063,#9064);
#9063 = CARTESIAN_POINT('',(944.,22.,-36.));
#9064 = VECTOR('',#9065,1.);
#9065 = DIRECTION('',(1.,0.,0.));
#9066 = ORIENTED_EDGE('',*,*,#9036,.T.);
#9067 = ORIENTED_EDGE('',*,*,#8758,.T.);
#9068 = ORIENTED_EDGE('',*,*,#9069,.T.);
#9069 = EDGE_CURVE('',#8751,#9070,#9072,.T.);
#9070 = VERTEX_POINT('',#9071);
#9071 = CARTESIAN_POINT('',(947.,22.,-4.));
#9072 = LINE('',#9073,#9074);
#9073 = CARTESIAN_POINT('',(947.,22.,-20.));
#9074 = VECTOR('',#9075,1.);
#9075 = DIRECTION('',(0.,0.,-1.));
#9076 = ORIENTED_EDGE('',*,*,#9077,.T.);
#9077 = EDGE_CURVE('',#9070,#9078,#9080,.T.);
#9078 = VERTEX_POINT('',#9079);
#9079 = CARTESIAN_POINT('',(957.,22.,-4.));
#9080 = LINE('',#9081,#9082);
#9081 = CARTESIAN_POINT('',(945.5,22.,-4.));
#9082 = VECTOR('',#9083,1.);
#9083 = DIRECTION('',(1.,0.,0.));
#9084 = ORIENTED_EDGE('',*,*,#9085,.F.);
#9085 = EDGE_CURVE('',#8727,#9078,#9086,.T.);
#9086 = LINE('',#9087,#9088);
#9087 = CARTESIAN_POINT('',(957.,22.,-20.));
#9088 = VECTOR('',#9089,1.);
#9089 = DIRECTION('',(0.,0.,-1.));
#9090 = ORIENTED_EDGE('',*,*,#8726,.T.);
#9091 = ORIENTED_EDGE('',*,*,#9092,.T.);
#9092 = EDGE_CURVE('',#8719,#9093,#9095,.T.);
#9093 = VERTEX_POINT('',#9094);
#9094 = CARTESIAN_POINT('',(1.043E+03,22.,-4.));
#9095 = LINE('',#9096,#9097);
#9096 = CARTESIAN_POINT('',(1.043E+03,22.,-20.));
#9097 = VECTOR('',#9098,1.);
#9098 = DIRECTION('',(0.,0.,-1.));
#9099 = ORIENTED_EDGE('',*,*,#9100,.T.);
#9100 = EDGE_CURVE('',#9093,#9054,#9101,.T.);
#9101 = LINE('',#9102,#9103);
#9102 = CARTESIAN_POINT('',(993.5,22.,-4.));
#9103 = VECTOR('',#9104,1.);
#9104 = DIRECTION('',(1.,0.,0.));
#9105 = FACE_BOUND('',#9106,.T.);
#9106 = EDGE_LOOP('',(#9107,#9117,#9125,#9133));
#9107 = ORIENTED_EDGE('',*,*,#9108,.F.);
#9108 = EDGE_CURVE('',#9109,#9111,#9113,.T.);
#9109 = VERTEX_POINT('',#9110);
#9110 = CARTESIAN_POINT('',(1.023E+03,22.,-18.));
#9111 = VERTEX_POINT('',#9112);
#9112 = CARTESIAN_POINT('',(1.045E+03,22.,-18.));
#9113 = LINE('',#9114,#9115);
#9114 = CARTESIAN_POINT('',(983.5,22.,-18.));
#9115 = VECTOR('',#9116,1.);
#9116 = DIRECTION('',(1.,0.,0.));
#9117 = ORIENTED_EDGE('',*,*,#9118,.T.);
#9118 = EDGE_CURVE('',#9109,#9119,#9121,.T.);
#9119 = VERTEX_POINT('',#9120);
#9120 = CARTESIAN_POINT('',(1.023E+03,22.,-30.));
#9121 = LINE('',#9122,#9123);
#9122 = CARTESIAN_POINT('',(1.023E+03,22.,-33.));
#9123 = VECTOR('',#9124,1.);
#9124 = DIRECTION('',(0.,0.,-1.));
#9125 = ORIENTED_EDGE('',*,*,#9126,.T.);
#9126 = EDGE_CURVE('',#9119,#9127,#9129,.T.);
#9127 = VERTEX_POINT('',#9128);
#9128 = CARTESIAN_POINT('',(1.045E+03,22.,-30.));
#9129 = LINE('',#9130,#9131);
#9130 = CARTESIAN_POINT('',(983.5,22.,-30.));
#9131 = VECTOR('',#9132,1.);
#9132 = DIRECTION('',(1.,0.,0.));
#9133 = ORIENTED_EDGE('',*,*,#9134,.F.);
#9134 = EDGE_CURVE('',#9111,#9127,#9135,.T.);
#9135 = LINE('',#9136,#9137);
#9136 = CARTESIAN_POINT('',(1.045E+03,22.,-33.));
#9137 = VECTOR('',#9138,1.);
#9138 = DIRECTION('',(0.,0.,-1.));
#9139 = PLANE('',#9140);
#9140 = AXIS2_PLACEMENT_3D('',#9141,#9142,#9143);
#9141 = CARTESIAN_POINT('',(944.,22.,-36.));
#9142 = DIRECTION('',(0.,1.,0.));
#9143 = DIRECTION('',(0.,0.,1.));
#9144 = ADVANCED_FACE('',(#9145),#9163,.F.);
#9145 = FACE_BOUND('',#9146,.F.);
#9146 = EDGE_LOOP('',(#9147,#9148,#9156,#9162));
#9147 = ORIENTED_EDGE('',*,*,#8654,.F.);
#9148 = ORIENTED_EDGE('',*,*,#9149,.F.);
#9149 = EDGE_CURVE('',#9150,#8655,#9152,.T.);
#9150 = VERTEX_POINT('',#9151);
#9151 = CARTESIAN_POINT('',(1.043E+03,-33.,-4.));
#9152 = LINE('',#9153,#9154);
#9153 = CARTESIAN_POINT('',(1.043E+03,-33.,-4.));
#9154 = VECTOR('',#9155,1.);
#9155 = DIRECTION('',(0.,0.,1.));
#9156 = ORIENTED_EDGE('',*,*,#9157,.T.);
#9157 = EDGE_CURVE('',#9150,#8908,#9158,.T.);
#9158 = LINE('',#9159,#9160);
#9159 = CARTESIAN_POINT('',(1.043E+03,-33.,-4.));
#9160 = VECTOR('',#9161,1.);
#9161 = DIRECTION('',(0.,1.,0.));
#9162 = ORIENTED_EDGE('',*,*,#8907,.F.);
#9163 = PLANE('',#9164);
#9164 = AXIS2_PLACEMENT_3D('',#9165,#9166,#9167);
#9165 = CARTESIAN_POINT('',(1.043E+03,-33.,-4.));
#9166 = DIRECTION('',(1.,0.,0.));
#9167 = DIRECTION('',(0.,0.,1.));
#9168 = ADVANCED_FACE('',(#9169),#9187,.F.);
#9169 = FACE_BOUND('',#9170,.F.);
#9170 = EDGE_LOOP('',(#9171,#9172,#9180,#9186));
#9171 = ORIENTED_EDGE('',*,*,#9069,.T.);
#9172 = ORIENTED_EDGE('',*,*,#9173,.T.);
#9173 = EDGE_CURVE('',#9070,#9174,#9176,.T.);
#9174 = VERTEX_POINT('',#9175);
#9175 = CARTESIAN_POINT('',(947.,33.,-4.));
#9176 = LINE('',#9177,#9178);
#9177 = CARTESIAN_POINT('',(947.,20.,-4.));
#9178 = VECTOR('',#9179,1.);
#9179 = DIRECTION('',(0.,1.,0.));
#9180 = ORIENTED_EDGE('',*,*,#9181,.T.);
#9181 = EDGE_CURVE('',#9174,#8743,#9182,.T.);
#9182 = LINE('',#9183,#9184);
#9183 = CARTESIAN_POINT('',(947.,33.,-4.));
#9184 = VECTOR('',#9185,1.);
#9185 = DIRECTION('',(0.,0.,1.));
#9186 = ORIENTED_EDGE('',*,*,#8750,.F.);
#9187 = PLANE('',#9188);
#9188 = AXIS2_PLACEMENT_3D('',#9189,#9190,#9191);
#9189 = CARTESIAN_POINT('',(947.,20.,-4.));
#9190 = DIRECTION('',(1.,0.,0.));
#9191 = DIRECTION('',(0.,0.,1.));
#9192 = ADVANCED_FACE('',(#9193),#9211,.F.);
#9193 = FACE_BOUND('',#9194,.F.);
#9194 = EDGE_LOOP('',(#9195,#9203,#9204,#9205));
#9195 = ORIENTED_EDGE('',*,*,#9196,.F.);
#9196 = EDGE_CURVE('',#9150,#9197,#9199,.T.);
#9197 = VERTEX_POINT('',#9198);
#9198 = CARTESIAN_POINT('',(1.053E+03,-33.,-4.));
#9199 = LINE('',#9200,#9201);
#9200 = CARTESIAN_POINT('',(1.043E+03,-33.,-4.));
#9201 = VECTOR('',#9202,1.);
#9202 = DIRECTION('',(1.,0.,0.));
#9203 = ORIENTED_EDGE('',*,*,#9149,.T.);
#9204 = ORIENTED_EDGE('',*,*,#8662,.T.);
#9205 = ORIENTED_EDGE('',*,*,#9206,.F.);
#9206 = EDGE_CURVE('',#9197,#8663,#9207,.T.);
#9207 = LINE('',#9208,#9209);
#9208 = CARTESIAN_POINT('',(1.053E+03,-33.,-4.));
#9209 = VECTOR('',#9210,1.);
#9210 = DIRECTION('',(0.,0.,1.));
#9211 = PLANE('',#9212);
#9212 = AXIS2_PLACEMENT_3D('',#9213,#9214,#9215);
#9213 = CARTESIAN_POINT('',(1.043E+03,-33.,-4.));
#9214 = DIRECTION('',(0.,1.,0.));
#9215 = DIRECTION('',(0.,0.,1.));
#9216 = ADVANCED_FACE('',(#9217),#9235,.T.);
#9217 = FACE_BOUND('',#9218,.T.);
#9218 = EDGE_LOOP('',(#9219,#9227,#9228,#9229));
#9219 = ORIENTED_EDGE('',*,*,#9220,.F.);
#9220 = EDGE_CURVE('',#9174,#9221,#9223,.T.);
#9221 = VERTEX_POINT('',#9222);
#9222 = CARTESIAN_POINT('',(957.,33.,-4.));
#9223 = LINE('',#9224,#9225);
#9224 = CARTESIAN_POINT('',(947.,33.,-4.));
#9225 = VECTOR('',#9226,1.);
#9226 = DIRECTION('',(1.,0.,0.));
#9227 = ORIENTED_EDGE('',*,*,#9181,.T.);
#9228 = ORIENTED_EDGE('',*,*,#8742,.T.);
#9229 = ORIENTED_EDGE('',*,*,#9230,.F.);
#9230 = EDGE_CURVE('',#9221,#8735,#9231,.T.);
#9231 = LINE('',#9232,#9233);
#9232 = CARTESIAN_POINT('',(957.,33.,-4.));
#9233 = VECTOR('',#9234,1.);
#9234 = DIRECTION('',(0.,0.,1.));
#9235 = PLANE('',#9236);
#9236 = AXIS2_PLACEMENT_3D('',#9237,#9238,#9239);
#9237 = CARTESIAN_POINT('',(947.,33.,-4.));
#9238 = DIRECTION('',(0.,1.,0.));
#9239 = DIRECTION('',(0.,0.,1.));
#9240 = ADVANCED_FACE('',(#9241),#9259,.T.);
#9241 = FACE_BOUND('',#9242,.T.);
#9242 = EDGE_LOOP('',(#9243,#9244,#9252,#9258));
#9243 = ORIENTED_EDGE('',*,*,#9206,.F.);
#9244 = ORIENTED_EDGE('',*,*,#9245,.T.);
#9245 = EDGE_CURVE('',#9197,#9246,#9248,.T.);
#9246 = VERTEX_POINT('',#9247);
#9247 = CARTESIAN_POINT('',(1.053E+03,-20.,-4.));
#9248 = LINE('',#9249,#9250);
#9249 = CARTESIAN_POINT('',(1.053E+03,-33.,-4.));
#9250 = VECTOR('',#9251,1.);
#9251 = DIRECTION('',(0.,1.,0.));
#9252 = ORIENTED_EDGE('',*,*,#9253,.T.);
#9253 = EDGE_CURVE('',#9246,#8671,#9254,.T.);
#9254 = LINE('',#9255,#9256);
#9255 = CARTESIAN_POINT('',(1.053E+03,-20.,-4.));
#9256 = VECTOR('',#9257,1.);
#9257 = DIRECTION('',(0.,0.,1.));
#9258 = ORIENTED_EDGE('',*,*,#8670,.F.);
#9259 = PLANE('',#9260);
#9260 = AXIS2_PLACEMENT_3D('',#9261,#9262,#9263);
#9261 = CARTESIAN_POINT('',(1.053E+03,-33.,-4.));
#9262 = DIRECTION('',(1.,0.,0.));
#9263 = DIRECTION('',(0.,0.,1.));
#9264 = ADVANCED_FACE('',(#9265),#9276,.T.);
#9265 = FACE_BOUND('',#9266,.T.);
#9266 = EDGE_LOOP('',(#9267,#9268,#9274,#9275));
#9267 = ORIENTED_EDGE('',*,*,#9085,.T.);
#9268 = ORIENTED_EDGE('',*,*,#9269,.T.);
#9269 = EDGE_CURVE('',#9078,#9221,#9270,.T.);
#9270 = LINE('',#9271,#9272);
#9271 = CARTESIAN_POINT('',(957.,20.,-4.));
#9272 = VECTOR('',#9273,1.);
#9273 = DIRECTION('',(0.,1.,0.));
#9274 = ORIENTED_EDGE('',*,*,#9230,.T.);
#9275 = ORIENTED_EDGE('',*,*,#8734,.F.);
#9276 = PLANE('',#9277);
#9277 = AXIS2_PLACEMENT_3D('',#9278,#9279,#9280);
#9278 = CARTESIAN_POINT('',(957.,20.,-4.));
#9279 = DIRECTION('',(1.,0.,0.));
#9280 = DIRECTION('',(0.,0.,1.));
#9281 = ADVANCED_FACE('',(#9282),#9300,.T.);
#9282 = FACE_BOUND('',#9283,.T.);
#9283 = EDGE_LOOP('',(#9284,#9292,#9298,#9299));
#9284 = ORIENTED_EDGE('',*,*,#9285,.F.);
#9285 = EDGE_CURVE('',#9286,#9246,#9288,.T.);
#9286 = VERTEX_POINT('',#9287);
#9287 = CARTESIAN_POINT('',(1.05E+03,-20.,-4.));
#9288 = LINE('',#9289,#9290);
#9289 = CARTESIAN_POINT('',(1.043E+03,-20.,-4.));
#9290 = VECTOR('',#9291,1.);
#9291 = DIRECTION('',(1.,0.,0.));
#9292 = ORIENTED_EDGE('',*,*,#9293,.T.);
#9293 = EDGE_CURVE('',#9286,#8679,#9294,.T.);
#9294 = LINE('',#9295,#9296);
#9295 = CARTESIAN_POINT('',(1.05E+03,-20.,-20.));
#9296 = VECTOR('',#9297,1.);
#9297 = DIRECTION('',(0.,0.,1.));
#9298 = ORIENTED_EDGE('',*,*,#8678,.T.);
#9299 = ORIENTED_EDGE('',*,*,#9253,.F.);
#9300 = PLANE('',#9301);
#9301 = AXIS2_PLACEMENT_3D('',#9302,#9303,#9304);
#9302 = CARTESIAN_POINT('',(1.043E+03,-20.,-4.));
#9303 = DIRECTION('',(0.,1.,0.));
#9304 = DIRECTION('',(0.,0.,1.));
#9305 = ADVANCED_FACE('',(#9306),#9338,.T.);
#9306 = FACE_BOUND('',#9307,.T.);
#9307 = EDGE_LOOP('',(#9308,#9309,#9315,#9316,#9324,#9330,#9331,#9332));
#9308 = ORIENTED_EDGE('',*,*,#8866,.F.);
#9309 = ORIENTED_EDGE('',*,*,#9310,.T.);
#9310 = EDGE_CURVE('',#8867,#9052,#9311,.T.);
#9311 = LINE('',#9312,#9313);
#9312 = CARTESIAN_POINT('',(1.05E+03,-22.,-36.));
#9313 = VECTOR('',#9314,1.);
#9314 = DIRECTION('',(0.,1.,0.));
#9315 = ORIENTED_EDGE('',*,*,#9051,.T.);
#9316 = ORIENTED_EDGE('',*,*,#9317,.T.);
#9317 = EDGE_CURVE('',#9054,#9318,#9320,.T.);
#9318 = VERTEX_POINT('',#9319);
#9319 = CARTESIAN_POINT('',(1.05E+03,20.,-4.));
#9320 = LINE('',#9321,#9322);
#9321 = CARTESIAN_POINT('',(1.05E+03,-1.,-4.));
#9322 = VECTOR('',#9323,1.);
#9323 = DIRECTION('',(0.,-1.,0.));
#9324 = ORIENTED_EDGE('',*,*,#9325,.T.);
#9325 = EDGE_CURVE('',#9318,#8687,#9326,.T.);
#9326 = LINE('',#9327,#9328);
#9327 = CARTESIAN_POINT('',(1.05E+03,20.,-20.));
#9328 = VECTOR('',#9329,1.);
#9329 = DIRECTION('',(0.,0.,1.));
#9330 = ORIENTED_EDGE('',*,*,#8686,.F.);
#9331 = ORIENTED_EDGE('',*,*,#9293,.F.);
#9332 = ORIENTED_EDGE('',*,*,#9333,.T.);
#9333 = EDGE_CURVE('',#9286,#8869,#9334,.T.);
#9334 = LINE('',#9335,#9336);
#9335 = CARTESIAN_POINT('',(1.05E+03,-27.5,-4.));
#9336 = VECTOR('',#9337,1.);
#9337 = DIRECTION('',(0.,-1.,0.));
#9338 = PLANE('',#9339);
#9339 = AXIS2_PLACEMENT_3D('',#9340,#9341,#9342);
#9340 = CARTESIAN_POINT('',(1.05E+03,-22.,-36.));
#9341 = DIRECTION('',(1.,0.,0.));
#9342 = DIRECTION('',(0.,0.,1.));
#9343 = ADVANCED_FACE('',(#9344),#9362,.F.);
#9344 = FACE_BOUND('',#9345,.F.);
#9345 = EDGE_LOOP('',(#9346,#9347,#9355,#9361));
#9346 = ORIENTED_EDGE('',*,*,#9092,.T.);
#9347 = ORIENTED_EDGE('',*,*,#9348,.T.);
#9348 = EDGE_CURVE('',#9093,#9349,#9351,.T.);
#9349 = VERTEX_POINT('',#9350);
#9350 = CARTESIAN_POINT('',(1.043E+03,33.,-4.));
#9351 = LINE('',#9352,#9353);
#9352 = CARTESIAN_POINT('',(1.043E+03,20.,-4.));
#9353 = VECTOR('',#9354,1.);
#9354 = DIRECTION('',(0.,1.,0.));
#9355 = ORIENTED_EDGE('',*,*,#9356,.T.);
#9356 = EDGE_CURVE('',#9349,#8711,#9357,.T.);
#9357 = LINE('',#9358,#9359);
#9358 = CARTESIAN_POINT('',(1.043E+03,33.,-4.));
#9359 = VECTOR('',#9360,1.);
#9360 = DIRECTION('',(0.,0.,1.));
#9361 = ORIENTED_EDGE('',*,*,#8718,.F.);
#9362 = PLANE('',#9363);
#9363 = AXIS2_PLACEMENT_3D('',#9364,#9365,#9366);
#9364 = CARTESIAN_POINT('',(1.043E+03,20.,-4.));
#9365 = DIRECTION('',(1.,0.,0.));
#9366 = DIRECTION('',(0.,0.,1.));
#9367 = ADVANCED_FACE('',(#9368),#9386,.F.);
#9368 = FACE_BOUND('',#9369,.F.);
#9369 = EDGE_LOOP('',(#9370,#9378,#9379,#9380));
#9370 = ORIENTED_EDGE('',*,*,#9371,.F.);
#9371 = EDGE_CURVE('',#9318,#9372,#9374,.T.);
#9372 = VERTEX_POINT('',#9373);
#9373 = CARTESIAN_POINT('',(1.053E+03,20.,-4.));
#9374 = LINE('',#9375,#9376);
#9375 = CARTESIAN_POINT('',(1.043E+03,20.,-4.));
#9376 = VECTOR('',#9377,1.);
#9377 = DIRECTION('',(1.,0.,0.));
#9378 = ORIENTED_EDGE('',*,*,#9325,.T.);
#9379 = ORIENTED_EDGE('',*,*,#8694,.T.);
#9380 = ORIENTED_EDGE('',*,*,#9381,.F.);
#9381 = EDGE_CURVE('',#9372,#8695,#9382,.T.);
#9382 = LINE('',#9383,#9384);
#9383 = CARTESIAN_POINT('',(1.053E+03,20.,-4.));
#9384 = VECTOR('',#9385,1.);
#9385 = DIRECTION('',(0.,0.,1.));
#9386 = PLANE('',#9387);
#9387 = AXIS2_PLACEMENT_3D('',#9388,#9389,#9390);
#9388 = CARTESIAN_POINT('',(1.043E+03,20.,-4.));
#9389 = DIRECTION('',(0.,1.,0.));
#9390 = DIRECTION('',(0.,0.,1.));
#9391 = ADVANCED_FACE('',(#9392),#9410,.T.);
#9392 = FACE_BOUND('',#9393,.T.);
#9393 = EDGE_LOOP('',(#9394,#9402,#9403,#9404));
#9394 = ORIENTED_EDGE('',*,*,#9395,.F.);
#9395 = EDGE_CURVE('',#9349,#9396,#9398,.T.);
#9396 = VERTEX_POINT('',#9397);
#9397 = CARTESIAN_POINT('',(1.053E+03,33.,-4.));
#9398 = LINE('',#9399,#9400);
#9399 = CARTESIAN_POINT('',(1.043E+03,33.,-4.));
#9400 = VECTOR('',#9401,1.);
#9401 = DIRECTION('',(1.,0.,0.));
#9402 = ORIENTED_EDGE('',*,*,#9356,.T.);
#9403 = ORIENTED_EDGE('',*,*,#8710,.T.);
#9404 = ORIENTED_EDGE('',*,*,#9405,.F.);
#9405 = EDGE_CURVE('',#9396,#8703,#9406,.T.);
#9406 = LINE('',#9407,#9408);
#9407 = CARTESIAN_POINT('',(1.053E+03,33.,-4.));
#9408 = VECTOR('',#9409,1.);
#9409 = DIRECTION('',(0.,0.,1.));
#9410 = PLANE('',#9411);
#9411 = AXIS2_PLACEMENT_3D('',#9412,#9413,#9414);
#9412 = CARTESIAN_POINT('',(1.043E+03,33.,-4.));
#9413 = DIRECTION('',(0.,1.,0.));
#9414 = DIRECTION('',(0.,0.,1.));
#9415 = ADVANCED_FACE('',(#9416),#9427,.T.);
#9416 = FACE_BOUND('',#9417,.T.);
#9417 = EDGE_LOOP('',(#9418,#9419,#9425,#9426));
#9418 = ORIENTED_EDGE('',*,*,#9381,.F.);
#9419 = ORIENTED_EDGE('',*,*,#9420,.T.);
#9420 = EDGE_CURVE('',#9372,#9396,#9421,.T.);
#9421 = LINE('',#9422,#9423);
#9422 = CARTESIAN_POINT('',(1.053E+03,20.,-4.));
#9423 = VECTOR('',#9424,1.);
#9424 = DIRECTION('',(0.,1.,0.));
#9425 = ORIENTED_EDGE('',*,*,#9405,.T.);
#9426 = ORIENTED_EDGE('',*,*,#8702,.F.);
#9427 = PLANE('',#9428);
#9428 = AXIS2_PLACEMENT_3D('',#9429,#9430,#9431);
#9429 = CARTESIAN_POINT('',(1.053E+03,20.,-4.));
#9430 = DIRECTION('',(1.,0.,0.));
#9431 = DIRECTION('',(0.,0.,1.));
#9432 = ADVANCED_FACE('',(#9433),#9444,.F.);
#9433 = FACE_BOUND('',#9434,.T.);
#9434 = EDGE_LOOP('',(#9435,#9436,#9442,#9443));
#9435 = ORIENTED_EDGE('',*,*,#8981,.T.);
#9436 = ORIENTED_EDGE('',*,*,#9437,.T.);
#9437 = EDGE_CURVE('',#8982,#8783,#9438,.T.);
#9438 = LINE('',#9439,#9440);
#9439 = CARTESIAN_POINT('',(953.7,-29.,-5.));
#9440 = VECTOR('',#9441,1.);
#9441 = DIRECTION('',(0.,0.,1.));
#9442 = ORIENTED_EDGE('',*,*,#8782,.F.);
#9443 = ORIENTED_EDGE('',*,*,#9437,.F.);
#9444 = CYLINDRICAL_SURFACE('',#9445,1.7);
#9445 = AXIS2_PLACEMENT_3D('',#9446,#9447,#9448);
#9446 = CARTESIAN_POINT('',(952.,-29.,-5.));
#9447 = DIRECTION('',(-0.,-0.,-1.));
#9448 = DIRECTION('',(1.,0.,0.));
#9449 = ADVANCED_FACE('',(#9450),#9469,.F.);
#9450 = FACE_BOUND('',#9451,.T.);
#9451 = EDGE_LOOP('',(#9452,#9461,#9467,#9468));
#9452 = ORIENTED_EDGE('',*,*,#9453,.T.);
#9453 = EDGE_CURVE('',#9454,#9454,#9456,.T.);
#9454 = VERTEX_POINT('',#9455);
#9455 = CARTESIAN_POINT('',(1.0497E+03,-29.,-4.));
#9456 = CIRCLE('',#9457,1.7);
#9457 = AXIS2_PLACEMENT_3D('',#9458,#9459,#9460);
#9458 = CARTESIAN_POINT('',(1.048E+03,-29.,-4.));
#9459 = DIRECTION('',(0.,0.,-1.));
#9460 = DIRECTION('',(1.,0.,0.));
#9461 = ORIENTED_EDGE('',*,*,#9462,.T.);
#9462 = EDGE_CURVE('',#9454,#8794,#9463,.T.);
#9463 = LINE('',#9464,#9465);
#9464 = CARTESIAN_POINT('',(1.0497E+03,-29.,-5.));
#9465 = VECTOR('',#9466,1.);
#9466 = DIRECTION('',(0.,0.,1.));
#9467 = ORIENTED_EDGE('',*,*,#8793,.F.);
#9468 = ORIENTED_EDGE('',*,*,#9462,.F.);
#9469 = CYLINDRICAL_SURFACE('',#9470,1.7);
#9470 = AXIS2_PLACEMENT_3D('',#9471,#9472,#9473);
#9471 = CARTESIAN_POINT('',(1.048E+03,-29.,-5.));
#9472 = DIRECTION('',(-0.,-0.,-1.));
#9473 = DIRECTION('',(1.,0.,0.));
#9474 = ADVANCED_FACE('',(#9475),#9500,.T.);
#9475 = FACE_BOUND('',#9476,.T.);
#9476 = EDGE_LOOP('',(#9477,#9485,#9493,#9499));
#9477 = ORIENTED_EDGE('',*,*,#9478,.F.);
#9478 = EDGE_CURVE('',#9479,#8805,#9481,.T.);
#9479 = VERTEX_POINT('',#9480);
#9480 = CARTESIAN_POINT('',(946.,-20.,-34.));
#9481 = LINE('',#9482,#9483);
#9482 = CARTESIAN_POINT('',(946.,-20.,-34.));
#9483 = VECTOR('',#9484,1.);
#9484 = DIRECTION('',(0.,0.,1.));
#9485 = ORIENTED_EDGE('',*,*,#9486,.T.);
#9486 = EDGE_CURVE('',#9479,#9487,#9489,.T.);
#9487 = VERTEX_POINT('',#9488);
#9488 = CARTESIAN_POINT('',(946.,20.,-34.));
#9489 = LINE('',#9490,#9491);
#9490 = CARTESIAN_POINT('',(946.,-20.,-34.));
#9491 = VECTOR('',#9492,1.);
#9492 = DIRECTION('',(0.,1.,0.));
#9493 = ORIENTED_EDGE('',*,*,#9494,.T.);
#9494 = EDGE_CURVE('',#9487,#8807,#9495,.T.);
#9495 = LINE('',#9496,#9497);
#9496 = CARTESIAN_POINT('',(946.,20.,-34.));
#9497 = VECTOR('',#9498,1.);
#9498 = DIRECTION('',(0.,0.,1.));
#9499 = ORIENTED_EDGE('',*,*,#8804,.F.);
#9500 = PLANE('',#9501);
#9501 = AXIS2_PLACEMENT_3D('',#9502,#9503,#9504);
#9502 = CARTESIAN_POINT('',(946.,-20.,-34.));
#9503 = DIRECTION('',(1.,0.,0.));
#9504 = DIRECTION('',(0.,0.,1.));
#9505 = ADVANCED_FACE('',(#9506,#9524),#9558,.T.);
#9506 = FACE_BOUND('',#9507,.T.);
#9507 = EDGE_LOOP('',(#9508,#9509,#9517,#9523));
#9508 = ORIENTED_EDGE('',*,*,#8830,.F.);
#9509 = ORIENTED_EDGE('',*,*,#9510,.F.);
#9510 = EDGE_CURVE('',#9511,#8823,#9513,.T.);
#9511 = VERTEX_POINT('',#9512);
#9512 = CARTESIAN_POINT('',(1.048E+03,-20.,-34.));
#9513 = LINE('',#9514,#9515);
#9514 = CARTESIAN_POINT('',(1.048E+03,-20.,-34.));
#9515 = VECTOR('',#9516,1.);
#9516 = DIRECTION('',(0.,0.,1.));
#9517 = ORIENTED_EDGE('',*,*,#9518,.F.);
#9518 = EDGE_CURVE('',#9479,#9511,#9519,.T.);
#9519 = LINE('',#9520,#9521);
#9520 = CARTESIAN_POINT('',(946.,-20.,-34.));
#9521 = VECTOR('',#9522,1.);
#9522 = DIRECTION('',(1.,0.,0.));
#9523 = ORIENTED_EDGE('',*,*,#9478,.T.);
#9524 = FACE_BOUND('',#9525,.T.);
#9525 = EDGE_LOOP('',(#9526,#9536,#9544,#9552));
#9526 = ORIENTED_EDGE('',*,*,#9527,.F.);
#9527 = EDGE_CURVE('',#9528,#9530,#9532,.T.);
#9528 = VERTEX_POINT('',#9529);
#9529 = CARTESIAN_POINT('',(1.023E+03,-20.,-18.));
#9530 = VERTEX_POINT('',#9531);
#9531 = CARTESIAN_POINT('',(1.045E+03,-20.,-18.));
#9532 = LINE('',#9533,#9534);
#9533 = CARTESIAN_POINT('',(984.5,-20.,-18.));
#9534 = VECTOR('',#9535,1.);
#9535 = DIRECTION('',(1.,0.,0.));
#9536 = ORIENTED_EDGE('',*,*,#9537,.T.);
#9537 = EDGE_CURVE('',#9528,#9538,#9540,.T.);
#9538 = VERTEX_POINT('',#9539);
#9539 = CARTESIAN_POINT('',(1.023E+03,-20.,-30.));
#9540 = LINE('',#9541,#9542);
#9541 = CARTESIAN_POINT('',(1.023E+03,-20.,-32.));
#9542 = VECTOR('',#9543,1.);
#9543 = DIRECTION('',(0.,0.,-1.));
#9544 = ORIENTED_EDGE('',*,*,#9545,.T.);
#9545 = EDGE_CURVE('',#9538,#9546,#9548,.T.);
#9546 = VERTEX_POINT('',#9547);
#9547 = CARTESIAN_POINT('',(1.045E+03,-20.,-30.));
#9548 = LINE('',#9549,#9550);
#9549 = CARTESIAN_POINT('',(984.5,-20.,-30.));
#9550 = VECTOR('',#9551,1.);
#9551 = DIRECTION('',(1.,0.,0.));
#9552 = ORIENTED_EDGE('',*,*,#9553,.F.);
#9553 = EDGE_CURVE('',#9530,#9546,#9554,.T.);
#9554 = LINE('',#9555,#9556);
#9555 = CARTESIAN_POINT('',(1.045E+03,-20.,-32.));
#9556 = VECTOR('',#9557,1.);
#9557 = DIRECTION('',(0.,0.,-1.));
#9558 = PLANE('',#9559);
#9559 = AXIS2_PLACEMENT_3D('',#9560,#9561,#9562);
#9560 = CARTESIAN_POINT('',(946.,-20.,-34.));
#9561 = DIRECTION('',(0.,1.,0.));
#9562 = DIRECTION('',(0.,0.,1.));
#9563 = ADVANCED_FACE('',(#9564,#9582),#9616,.F.);
#9564 = FACE_BOUND('',#9565,.T.);
#9565 = EDGE_LOOP('',(#9566,#9574,#9575,#9576));
#9566 = ORIENTED_EDGE('',*,*,#9567,.T.);
#9567 = EDGE_CURVE('',#9568,#8815,#9570,.T.);
#9568 = VERTEX_POINT('',#9569);
#9569 = CARTESIAN_POINT('',(1.048E+03,20.,-34.));
#9570 = LINE('',#9571,#9572);
#9571 = CARTESIAN_POINT('',(1.048E+03,20.,-34.));
#9572 = VECTOR('',#9573,1.);
#9573 = DIRECTION('',(0.,0.,1.));
#9574 = ORIENTED_EDGE('',*,*,#8814,.T.);
#9575 = ORIENTED_EDGE('',*,*,#9494,.F.);
#9576 = ORIENTED_EDGE('',*,*,#9577,.T.);
#9577 = EDGE_CURVE('',#9487,#9568,#9578,.T.);
#9578 = LINE('',#9579,#9580);
#9579 = CARTESIAN_POINT('',(946.,20.,-34.));
#9580 = VECTOR('',#9581,1.);
#9581 = DIRECTION('',(1.,0.,0.));
#9582 = FACE_BOUND('',#9583,.F.);
#9583 = EDGE_LOOP('',(#9584,#9594,#9602,#9610));
#9584 = ORIENTED_EDGE('',*,*,#9585,.T.);
#9585 = EDGE_CURVE('',#9586,#9588,#9590,.T.);
#9586 = VERTEX_POINT('',#9587);
#9587 = CARTESIAN_POINT('',(1.023E+03,20.,-18.));
#9588 = VERTEX_POINT('',#9589);
#9589 = CARTESIAN_POINT('',(1.023E+03,20.,-30.));
#9590 = LINE('',#9591,#9592);
#9591 = CARTESIAN_POINT('',(1.023E+03,20.,-32.));
#9592 = VECTOR('',#9593,1.);
#9593 = DIRECTION('',(0.,0.,-1.));
#9594 = ORIENTED_EDGE('',*,*,#9595,.T.);
#9595 = EDGE_CURVE('',#9588,#9596,#9598,.T.);
#9596 = VERTEX_POINT('',#9597);
#9597 = CARTESIAN_POINT('',(1.045E+03,20.,-30.));
#9598 = LINE('',#9599,#9600);
#9599 = CARTESIAN_POINT('',(984.5,20.,-30.));
#9600 = VECTOR('',#9601,1.);
#9601 = DIRECTION('',(1.,0.,0.));
#9602 = ORIENTED_EDGE('',*,*,#9603,.F.);
#9603 = EDGE_CURVE('',#9604,#9596,#9606,.T.);
#9604 = VERTEX_POINT('',#9605);
#9605 = CARTESIAN_POINT('',(1.045E+03,20.,-18.));
#9606 = LINE('',#9607,#9608);
#9607 = CARTESIAN_POINT('',(1.045E+03,20.,-32.));
#9608 = VECTOR('',#9609,1.);
#9609 = DIRECTION('',(0.,0.,-1.));
#9610 = ORIENTED_EDGE('',*,*,#9611,.F.);
#9611 = EDGE_CURVE('',#9586,#9604,#9612,.T.);
#9612 = LINE('',#9613,#9614);
#9613 = CARTESIAN_POINT('',(984.5,20.,-18.));
#9614 = VECTOR('',#9615,1.);
#9615 = DIRECTION('',(1.,0.,0.));
#9616 = PLANE('',#9617);
#9617 = AXIS2_PLACEMENT_3D('',#9618,#9619,#9620);
#9618 = CARTESIAN_POINT('',(946.,20.,-34.));
#9619 = DIRECTION('',(0.,1.,0.));
#9620 = DIRECTION('',(0.,0.,1.));
#9621 = ADVANCED_FACE('',(#9622),#9633,.F.);
#9622 = FACE_BOUND('',#9623,.F.);
#9623 = EDGE_LOOP('',(#9624,#9625,#9631,#9632));
#9624 = ORIENTED_EDGE('',*,*,#9510,.F.);
#9625 = ORIENTED_EDGE('',*,*,#9626,.T.);
#9626 = EDGE_CURVE('',#9511,#9568,#9627,.T.);
#9627 = LINE('',#9628,#9629);
#9628 = CARTESIAN_POINT('',(1.048E+03,-20.,-34.));
#9629 = VECTOR('',#9630,1.);
#9630 = DIRECTION('',(0.,1.,0.));
#9631 = ORIENTED_EDGE('',*,*,#9567,.T.);
#9632 = ORIENTED_EDGE('',*,*,#8822,.F.);
#9633 = PLANE('',#9634);
#9634 = AXIS2_PLACEMENT_3D('',#9635,#9636,#9637);
#9635 = CARTESIAN_POINT('',(1.048E+03,-20.,-34.));
#9636 = DIRECTION('',(1.,0.,0.));
#9637 = DIRECTION('',(0.,0.,1.));
#9638 = ADVANCED_FACE('',(#9639),#9658,.F.);
#9639 = FACE_BOUND('',#9640,.T.);
#9640 = EDGE_LOOP('',(#9641,#9650,#9656,#9657));
#9641 = ORIENTED_EDGE('',*,*,#9642,.T.);
#9642 = EDGE_CURVE('',#9643,#9643,#9645,.T.);
#9643 = VERTEX_POINT('',#9644);
#9644 = CARTESIAN_POINT('',(953.7,29.,-4.));
#9645 = CIRCLE('',#9646,1.7);
#9646 = AXIS2_PLACEMENT_3D('',#9647,#9648,#9649);
#9647 = CARTESIAN_POINT('',(952.,29.,-4.));
#9648 = DIRECTION('',(0.,0.,-1.));
#9649 = DIRECTION('',(1.,0.,0.));
#9650 = ORIENTED_EDGE('',*,*,#9651,.T.);
#9651 = EDGE_CURVE('',#9643,#8839,#9652,.T.);
#9652 = LINE('',#9653,#9654);
#9653 = CARTESIAN_POINT('',(953.7,29.,-5.));
#9654 = VECTOR('',#9655,1.);
#9655 = DIRECTION('',(0.,0.,1.));
#9656 = ORIENTED_EDGE('',*,*,#8838,.F.);
#9657 = ORIENTED_EDGE('',*,*,#9651,.F.);
#9658 = CYLINDRICAL_SURFACE('',#9659,1.7);
#9659 = AXIS2_PLACEMENT_3D('',#9660,#9661,#9662);
#9660 = CARTESIAN_POINT('',(952.,29.,-5.));
#9661 = DIRECTION('',(-0.,-0.,-1.));
#9662 = DIRECTION('',(1.,0.,0.));
#9663 = ADVANCED_FACE('',(#9664),#9683,.F.);
#9664 = FACE_BOUND('',#9665,.T.);
#9665 = EDGE_LOOP('',(#9666,#9675,#9681,#9682));
#9666 = ORIENTED_EDGE('',*,*,#9667,.T.);
#9667 = EDGE_CURVE('',#9668,#9668,#9670,.T.);
#9668 = VERTEX_POINT('',#9669);
#9669 = CARTESIAN_POINT('',(1.0497E+03,29.,-4.));
#9670 = CIRCLE('',#9671,1.7);
#9671 = AXIS2_PLACEMENT_3D('',#9672,#9673,#9674);
#9672 = CARTESIAN_POINT('',(1.048E+03,29.,-4.));
#9673 = DIRECTION('',(0.,0.,-1.));
#9674 = DIRECTION('',(1.,0.,0.));
#9675 = ORIENTED_EDGE('',*,*,#9676,.T.);
#9676 = EDGE_CURVE('',#9668,#8850,#9677,.T.);
#9677 = LINE('',#9678,#9679);
#9678 = CARTESIAN_POINT('',(1.0497E+03,29.,-5.));
#9679 = VECTOR('',#9680,1.);
#9680 = DIRECTION('',(0.,0.,1.));
#9681 = ORIENTED_EDGE('',*,*,#8849,.F.);
#9682 = ORIENTED_EDGE('',*,*,#9676,.F.);
#9683 = CYLINDRICAL_SURFACE('',#9684,1.7);
#9684 = AXIS2_PLACEMENT_3D('',#9685,#9686,#9687);
#9685 = CARTESIAN_POINT('',(1.048E+03,29.,-5.));
#9686 = DIRECTION('',(-0.,-0.,-1.));
#9687 = DIRECTION('',(1.,0.,0.));
#9688 = ADVANCED_FACE('',(#9689,#9697),#9700,.F.);
#9689 = FACE_BOUND('',#9690,.F.);
#9690 = EDGE_LOOP('',(#9691,#9692,#9693,#9694,#9695,#9696));
#9691 = ORIENTED_EDGE('',*,*,#9157,.F.);
#9692 = ORIENTED_EDGE('',*,*,#9196,.T.);
#9693 = ORIENTED_EDGE('',*,*,#9245,.T.);
#9694 = ORIENTED_EDGE('',*,*,#9285,.F.);
#9695 = ORIENTED_EDGE('',*,*,#9333,.T.);
#9696 = ORIENTED_EDGE('',*,*,#8915,.F.);
#9697 = FACE_BOUND('',#9698,.F.);
#9698 = EDGE_LOOP('',(#9699));
#9699 = ORIENTED_EDGE('',*,*,#9453,.T.);
#9700 = PLANE('',#9701);
#9701 = AXIS2_PLACEMENT_3D('',#9702,#9703,#9704);
#9702 = CARTESIAN_POINT('',(1.043E+03,-33.,-4.));
#9703 = DIRECTION('',(0.,0.,1.));
#9704 = DIRECTION('',(1.,0.,0.));
#9705 = ADVANCED_FACE('',(#9706),#9712,.F.);
#9706 = FACE_BOUND('',#9707,.F.);
#9707 = EDGE_LOOP('',(#9708,#9709,#9710,#9711));
#9708 = ORIENTED_EDGE('',*,*,#9028,.F.);
#9709 = ORIENTED_EDGE('',*,*,#8876,.T.);
#9710 = ORIENTED_EDGE('',*,*,#9310,.T.);
#9711 = ORIENTED_EDGE('',*,*,#9061,.F.);
#9712 = PLANE('',#9713);
#9713 = AXIS2_PLACEMENT_3D('',#9714,#9715,#9716);
#9714 = CARTESIAN_POINT('',(944.,-22.,-36.));
#9715 = DIRECTION('',(0.,0.,1.));
#9716 = DIRECTION('',(1.,0.,0.));
#9717 = ADVANCED_FACE('',(#9718),#9734,.F.);
#9718 = FACE_BOUND('',#9719,.F.);
#9719 = EDGE_LOOP('',(#9720,#9726,#9727,#9733));
#9720 = ORIENTED_EDGE('',*,*,#9721,.F.);
#9721 = EDGE_CURVE('',#8924,#9528,#9722,.T.);
#9722 = LINE('',#9723,#9724);
#9723 = CARTESIAN_POINT('',(1.023E+03,-23.,-18.));
#9724 = VECTOR('',#9725,1.);
#9725 = DIRECTION('',(0.,1.,0.));
#9726 = ORIENTED_EDGE('',*,*,#8923,.T.);
#9727 = ORIENTED_EDGE('',*,*,#9728,.T.);
#9728 = EDGE_CURVE('',#8926,#9530,#9729,.T.);
#9729 = LINE('',#9730,#9731);
#9730 = CARTESIAN_POINT('',(1.045E+03,-23.,-18.));
#9731 = VECTOR('',#9732,1.);
#9732 = DIRECTION('',(0.,1.,0.));
#9733 = ORIENTED_EDGE('',*,*,#9527,.F.);
#9734 = PLANE('',#9735);
#9735 = AXIS2_PLACEMENT_3D('',#9736,#9737,#9738);
#9736 = CARTESIAN_POINT('',(1.023E+03,-23.,-18.));
#9737 = DIRECTION('',(0.,0.,1.));
#9738 = DIRECTION('',(1.,0.,0.));
#9739 = ADVANCED_FACE('',(#9740),#9751,.T.);
#9740 = FACE_BOUND('',#9741,.T.);
#9741 = EDGE_LOOP('',(#9742,#9743,#9744,#9750));
#9742 = ORIENTED_EDGE('',*,*,#9721,.F.);
#9743 = ORIENTED_EDGE('',*,*,#8933,.T.);
#9744 = ORIENTED_EDGE('',*,*,#9745,.T.);
#9745 = EDGE_CURVE('',#8934,#9538,#9746,.T.);
#9746 = LINE('',#9747,#9748);
#9747 = CARTESIAN_POINT('',(1.023E+03,-23.,-30.));
#9748 = VECTOR('',#9749,1.);
#9749 = DIRECTION('',(0.,1.,0.));
#9750 = ORIENTED_EDGE('',*,*,#9537,.F.);
#9751 = PLANE('',#9752);
#9752 = AXIS2_PLACEMENT_3D('',#9753,#9754,#9755);
#9753 = CARTESIAN_POINT('',(1.023E+03,-23.,-30.));
#9754 = DIRECTION('',(1.,0.,0.));
#9755 = DIRECTION('',(0.,0.,1.));
#9756 = ADVANCED_FACE('',(#9757),#9768,.F.);
#9757 = FACE_BOUND('',#9758,.F.);
#9758 = EDGE_LOOP('',(#9759,#9760,#9761,#9767));
#9759 = ORIENTED_EDGE('',*,*,#9728,.F.);
#9760 = ORIENTED_EDGE('',*,*,#8949,.T.);
#9761 = ORIENTED_EDGE('',*,*,#9762,.T.);
#9762 = EDGE_CURVE('',#8942,#9546,#9763,.T.);
#9763 = LINE('',#9764,#9765);
#9764 = CARTESIAN_POINT('',(1.045E+03,-23.,-30.));
#9765 = VECTOR('',#9766,1.);
#9766 = DIRECTION('',(0.,1.,0.));
#9767 = ORIENTED_EDGE('',*,*,#9553,.F.);
#9768 = PLANE('',#9769);
#9769 = AXIS2_PLACEMENT_3D('',#9770,#9771,#9772);
#9770 = CARTESIAN_POINT('',(1.045E+03,-23.,-30.));
#9771 = DIRECTION('',(1.,0.,0.));
#9772 = DIRECTION('',(0.,0.,1.));
#9773 = ADVANCED_FACE('',(#9774),#9780,.T.);
#9774 = FACE_BOUND('',#9775,.T.);
#9775 = EDGE_LOOP('',(#9776,#9777,#9778,#9779));
#9776 = ORIENTED_EDGE('',*,*,#9745,.F.);
#9777 = ORIENTED_EDGE('',*,*,#8941,.T.);
#9778 = ORIENTED_EDGE('',*,*,#9762,.T.);
#9779 = ORIENTED_EDGE('',*,*,#9545,.F.);
#9780 = PLANE('',#9781);
#9781 = AXIS2_PLACEMENT_3D('',#9782,#9783,#9784);
#9782 = CARTESIAN_POINT('',(1.023E+03,-23.,-30.));
#9783 = DIRECTION('',(0.,0.,1.));
#9784 = DIRECTION('',(1.,0.,0.));
#9785 = ADVANCED_FACE('',(#9786,#9794),#9797,.F.);
#9786 = FACE_BOUND('',#9787,.F.);
#9787 = EDGE_LOOP('',(#9788,#9789,#9790,#9791,#9792,#9793));
#9788 = ORIENTED_EDGE('',*,*,#9348,.F.);
#9789 = ORIENTED_EDGE('',*,*,#9100,.T.);
#9790 = ORIENTED_EDGE('',*,*,#9317,.T.);
#9791 = ORIENTED_EDGE('',*,*,#9371,.T.);
#9792 = ORIENTED_EDGE('',*,*,#9420,.T.);
#9793 = ORIENTED_EDGE('',*,*,#9395,.F.);
#9794 = FACE_BOUND('',#9795,.F.);
#9795 = EDGE_LOOP('',(#9796));
#9796 = ORIENTED_EDGE('',*,*,#9667,.T.);
#9797 = PLANE('',#9798);
#9798 = AXIS2_PLACEMENT_3D('',#9799,#9800,#9801);
#9799 = CARTESIAN_POINT('',(1.043E+03,20.,-4.));
#9800 = DIRECTION('',(0.,0.,1.));
#9801 = DIRECTION('',(1.,0.,0.));
#9802 = ADVANCED_FACE('',(#9803,#9809),#9812,.F.);
#9803 = FACE_BOUND('',#9804,.F.);
#9804 = EDGE_LOOP('',(#9805,#9806,#9807,#9808));
#9805 = ORIENTED_EDGE('',*,*,#9173,.F.);
#9806 = ORIENTED_EDGE('',*,*,#9077,.T.);
#9807 = ORIENTED_EDGE('',*,*,#9269,.T.);
#9808 = ORIENTED_EDGE('',*,*,#9220,.F.);
#9809 = FACE_BOUND('',#9810,.F.);
#9810 = EDGE_LOOP('',(#9811));
#9811 = ORIENTED_EDGE('',*,*,#9642,.T.);
#9812 = PLANE('',#9813);
#9813 = AXIS2_PLACEMENT_3D('',#9814,#9815,#9816);
#9814 = CARTESIAN_POINT('',(947.,20.,-4.));
#9815 = DIRECTION('',(0.,0.,1.));
#9816 = DIRECTION('',(1.,0.,0.));
#9817 = ADVANCED_FACE('',(#9818),#9834,.F.);
#9818 = FACE_BOUND('',#9819,.F.);
#9819 = EDGE_LOOP('',(#9820,#9826,#9827,#9833));
#9820 = ORIENTED_EDGE('',*,*,#9821,.F.);
#9821 = EDGE_CURVE('',#9586,#9109,#9822,.T.);
#9822 = LINE('',#9823,#9824);
#9823 = CARTESIAN_POINT('',(1.023E+03,19.,-18.));
#9824 = VECTOR('',#9825,1.);
#9825 = DIRECTION('',(0.,1.,0.));
#9826 = ORIENTED_EDGE('',*,*,#9611,.T.);
#9827 = ORIENTED_EDGE('',*,*,#9828,.T.);
#9828 = EDGE_CURVE('',#9604,#9111,#9829,.T.);
#9829 = LINE('',#9830,#9831);
#9830 = CARTESIAN_POINT('',(1.045E+03,19.,-18.));
#9831 = VECTOR('',#9832,1.);
#9832 = DIRECTION('',(0.,1.,0.));
#9833 = ORIENTED_EDGE('',*,*,#9108,.F.);
#9834 = PLANE('',#9835);
#9835 = AXIS2_PLACEMENT_3D('',#9836,#9837,#9838);
#9836 = CARTESIAN_POINT('',(1.023E+03,19.,-18.));
#9837 = DIRECTION('',(0.,0.,1.));
#9838 = DIRECTION('',(1.,0.,0.));
#9839 = ADVANCED_FACE('',(#9840),#9851,.T.);
#9840 = FACE_BOUND('',#9841,.T.);
#9841 = EDGE_LOOP('',(#9842,#9843,#9844,#9850));
#9842 = ORIENTED_EDGE('',*,*,#9821,.F.);
#9843 = ORIENTED_EDGE('',*,*,#9585,.T.);
#9844 = ORIENTED_EDGE('',*,*,#9845,.T.);
#9845 = EDGE_CURVE('',#9588,#9119,#9846,.T.);
#9846 = LINE('',#9847,#9848);
#9847 = CARTESIAN_POINT('',(1.023E+03,19.,-30.));
#9848 = VECTOR('',#9849,1.);
#9849 = DIRECTION('',(0.,1.,0.));
#9850 = ORIENTED_EDGE('',*,*,#9118,.F.);
#9851 = PLANE('',#9852);
#9852 = AXIS2_PLACEMENT_3D('',#9853,#9854,#9855);
#9853 = CARTESIAN_POINT('',(1.023E+03,19.,-30.));
#9854 = DIRECTION('',(1.,0.,0.));
#9855 = DIRECTION('',(0.,0.,1.));
#9856 = ADVANCED_FACE('',(#9857),#9868,.F.);
#9857 = FACE_BOUND('',#9858,.F.);
#9858 = EDGE_LOOP('',(#9859,#9860,#9861,#9867));
#9859 = ORIENTED_EDGE('',*,*,#9828,.F.);
#9860 = ORIENTED_EDGE('',*,*,#9603,.T.);
#9861 = ORIENTED_EDGE('',*,*,#9862,.T.);
#9862 = EDGE_CURVE('',#9596,#9127,#9863,.T.);
#9863 = LINE('',#9864,#9865);
#9864 = CARTESIAN_POINT('',(1.045E+03,19.,-30.));
#9865 = VECTOR('',#9866,1.);
#9866 = DIRECTION('',(0.,1.,0.));
#9867 = ORIENTED_EDGE('',*,*,#9134,.F.);
#9868 = PLANE('',#9869);
#9869 = AXIS2_PLACEMENT_3D('',#9870,#9871,#9872);
#9870 = CARTESIAN_POINT('',(1.045E+03,19.,-30.));
#9871 = DIRECTION('',(1.,0.,0.));
#9872 = DIRECTION('',(0.,0.,1.));
#9873 = ADVANCED_FACE('',(#9874),#9880,.T.);
#9874 = FACE_BOUND('',#9875,.T.);
#9875 = EDGE_LOOP('',(#9876,#9877,#9878,#9879));
#9876 = ORIENTED_EDGE('',*,*,#9845,.F.);
#9877 = ORIENTED_EDGE('',*,*,#9595,.T.);
#9878 = ORIENTED_EDGE('',*,*,#9862,.T.);
#9879 = ORIENTED_EDGE('',*,*,#9126,.F.);
#9880 = PLANE('',#9881);
#9881 = AXIS2_PLACEMENT_3D('',#9882,#9883,#9884);
#9882 = CARTESIAN_POINT('',(1.023E+03,19.,-30.));
#9883 = DIRECTION('',(0.,0.,1.));
#9884 = DIRECTION('',(1.,0.,0.));
#9885 = ADVANCED_FACE('',(#9886),#9892,.T.);
#9886 = FACE_BOUND('',#9887,.T.);
#9887 = EDGE_LOOP('',(#9888,#9889,#9890,#9891));
#9888 = ORIENTED_EDGE('',*,*,#9486,.F.);
#9889 = ORIENTED_EDGE('',*,*,#9518,.T.);
#9890 = ORIENTED_EDGE('',*,*,#9626,.T.);
#9891 = ORIENTED_EDGE('',*,*,#9577,.F.);
#9892 = PLANE('',#9893);
#9893 = AXIS2_PLACEMENT_3D('',#9894,#9895,#9896);
#9894 = CARTESIAN_POINT('',(946.,-20.,-34.));
#9895 = DIRECTION('',(0.,0.,1.));
#9896 = DIRECTION('',(1.,0.,0.));
#9897 = MANIFOLD_SOLID_BREP('',#9898);
#9898 = CLOSED_SHELL('',(#9899,#9973,#10004,#10062,#10086,#10103,#10134,
    #10158,#10182,#10199,#10211,#10242,#10273,#10290,#10307));
#9899 = ADVANCED_FACE('',(#9900,#9934),#9968,.T.);
#9900 = FACE_BOUND('',#9901,.T.);
#9901 = EDGE_LOOP('',(#9902,#9912,#9920,#9928));
#9902 = ORIENTED_EDGE('',*,*,#9903,.F.);
#9903 = EDGE_CURVE('',#9904,#9906,#9908,.T.);
#9904 = VERTEX_POINT('',#9905);
#9905 = CARTESIAN_POINT('',(947.,-19.15,-5.5));
#9906 = VERTEX_POINT('',#9907);
#9907 = CARTESIAN_POINT('',(947.,19.15,-5.5));
#9908 = LINE('',#9909,#9910);
#9909 = CARTESIAN_POINT('',(947.,-19.15,-5.5));
#9910 = VECTOR('',#9911,1.);
#9911 = DIRECTION('',(0.,1.,0.));
#9912 = ORIENTED_EDGE('',*,*,#9913,.T.);
#9913 = EDGE_CURVE('',#9904,#9914,#9916,.T.);
#9914 = VERTEX_POINT('',#9915);
#9915 = CARTESIAN_POINT('',(1.016E+03,-19.15,-5.5));
#9916 = LINE('',#9917,#9918);
#9917 = CARTESIAN_POINT('',(947.,-19.15,-5.5));
#9918 = VECTOR('',#9919,1.);
#9919 = DIRECTION('',(1.,0.,0.));
#9920 = ORIENTED_EDGE('',*,*,#9921,.T.);
#9921 = EDGE_CURVE('',#9914,#9922,#9924,.T.);
#9922 = VERTEX_POINT('',#9923);
#9923 = CARTESIAN_POINT('',(1.016E+03,19.15,-5.5));
#9924 = LINE('',#9925,#9926);
#9925 = CARTESIAN_POINT('',(1.016E+03,-19.15,-5.5));
#9926 = VECTOR('',#9927,1.);
#9927 = DIRECTION('',(0.,1.,0.));
#9928 = ORIENTED_EDGE('',*,*,#9929,.F.);
#9929 = EDGE_CURVE('',#9906,#9922,#9930,.T.);
#9930 = LINE('',#9931,#9932);
#9931 = CARTESIAN_POINT('',(947.,19.15,-5.5));
#9932 = VECTOR('',#9933,1.);
#9933 = DIRECTION('',(1.,0.,0.));
#9934 = FACE_BOUND('',#9935,.T.);
#9935 = EDGE_LOOP('',(#9936,#9946,#9954,#9962));
#9936 = ORIENTED_EDGE('',*,*,#9937,.T.);
#9937 = EDGE_CURVE('',#9938,#9940,#9942,.T.);
#9938 = VERTEX_POINT('',#9939);
#9939 = CARTESIAN_POINT('',(1.014E+03,-18.15,-5.5));
#9940 = VERTEX_POINT('',#9941);
#9941 = CARTESIAN_POINT('',(949.,-18.15,-5.5));
#9942 = LINE('',#9943,#9944);
#9943 = CARTESIAN_POINT('',(948.,-18.15,-5.5));
#9944 = VECTOR('',#9945,1.);
#9945 = DIRECTION('',(-1.,0.,0.));
#9946 = ORIENTED_EDGE('',*,*,#9947,.T.);
#9947 = EDGE_CURVE('',#9940,#9948,#9950,.T.);
#9948 = VERTEX_POINT('',#9949);
#9949 = CARTESIAN_POINT('',(949.,18.15,-5.5));
#9950 = LINE('',#9951,#9952);
#9951 = CARTESIAN_POINT('',(949.,-18.65,-5.5));
#9952 = VECTOR('',#9953,1.);
#9953 = DIRECTION('',(0.,1.,0.));
#9954 = ORIENTED_EDGE('',*,*,#9955,.F.);
#9955 = EDGE_CURVE('',#9956,#9948,#9958,.T.);
#9956 = VERTEX_POINT('',#9957);
#9957 = CARTESIAN_POINT('',(1.014E+03,18.15,-5.5));
#9958 = LINE('',#9959,#9960);
#9959 = CARTESIAN_POINT('',(948.,18.15,-5.5));
#9960 = VECTOR('',#9961,1.);
#9961 = DIRECTION('',(-1.,0.,0.));
#9962 = ORIENTED_EDGE('',*,*,#9963,.F.);
#9963 = EDGE_CURVE('',#9938,#9956,#9964,.T.);
#9964 = LINE('',#9965,#9966);
#9965 = CARTESIAN_POINT('',(1.014E+03,-18.65,-5.5));
#9966 = VECTOR('',#9967,1.);
#9967 = DIRECTION('',(0.,1.,0.));
#9968 = PLANE('',#9969);
#9969 = AXIS2_PLACEMENT_3D('',#9970,#9971,#9972);
#9970 = CARTESIAN_POINT('',(947.,-19.15,-5.5));
#9971 = DIRECTION('',(0.,0.,1.));
#9972 = DIRECTION('',(1.,0.,0.));
#9973 = ADVANCED_FACE('',(#9974),#9999,.T.);
#9974 = FACE_BOUND('',#9975,.T.);
#9975 = EDGE_LOOP('',(#9976,#9984,#9992,#9998));
#9976 = ORIENTED_EDGE('',*,*,#9977,.F.);
#9977 = EDGE_CURVE('',#9978,#9938,#9980,.T.);
#9978 = VERTEX_POINT('',#9979);
#9979 = CARTESIAN_POINT('',(1.014E+03,-18.15,-14.5));
#9980 = LINE('',#9981,#9982);
#9981 = CARTESIAN_POINT('',(1.014E+03,-18.15,-15.));
#9982 = VECTOR('',#9983,1.);
#9983 = DIRECTION('',(0.,0.,1.));
#9984 = ORIENTED_EDGE('',*,*,#9985,.T.);
#9985 = EDGE_CURVE('',#9978,#9986,#9988,.T.);
#9986 = VERTEX_POINT('',#9987);
#9987 = CARTESIAN_POINT('',(949.,-18.15,-14.5));
#9988 = LINE('',#9989,#9990);
#9989 = CARTESIAN_POINT('',(948.,-18.15,-14.5));
#9990 = VECTOR('',#9991,1.);
#9991 = DIRECTION('',(-1.,0.,0.));
#9992 = ORIENTED_EDGE('',*,*,#9993,.T.);
#9993 = EDGE_CURVE('',#9986,#9940,#9994,.T.);
#9994 = LINE('',#9995,#9996);
#9995 = CARTESIAN_POINT('',(949.,-18.15,-15.));
#9996 = VECTOR('',#9997,1.);
#9997 = DIRECTION('',(0.,0.,1.));
#9998 = ORIENTED_EDGE('',*,*,#9937,.F.);
#9999 = PLANE('',#10000);
#10000 = AXIS2_PLACEMENT_3D('',#10001,#10002,#10003);
#10001 = CARTESIAN_POINT('',(949.,-18.15,-15.));
#10002 = DIRECTION('',(0.,1.,0.));
#10003 = DIRECTION('',(0.,0.,1.));
#10004 = ADVANCED_FACE('',(#10005,#10023),#10057,.F.);
#10005 = FACE_BOUND('',#10006,.F.);
#10006 = EDGE_LOOP('',(#10007,#10008,#10016,#10022));
#10007 = ORIENTED_EDGE('',*,*,#9977,.F.);
#10008 = ORIENTED_EDGE('',*,*,#10009,.T.);
#10009 = EDGE_CURVE('',#9978,#10010,#10012,.T.);
#10010 = VERTEX_POINT('',#10011);
#10011 = CARTESIAN_POINT('',(1.014E+03,18.15,-14.5));
#10012 = LINE('',#10013,#10014);
#10013 = CARTESIAN_POINT('',(1.014E+03,-18.65,-14.5));
#10014 = VECTOR('',#10015,1.);
#10015 = DIRECTION('',(0.,1.,0.));
#10016 = ORIENTED_EDGE('',*,*,#10017,.T.);
#10017 = EDGE_CURVE('',#10010,#9956,#10018,.T.);
#10018 = LINE('',#10019,#10020);
#10019 = CARTESIAN_POINT('',(1.014E+03,18.15,-15.));
#10020 = VECTOR('',#10021,1.);
#10021 = DIRECTION('',(0.,0.,1.));
#10022 = ORIENTED_EDGE('',*,*,#9963,.F.);
#10023 = FACE_BOUND('',#10024,.F.);
#10024 = EDGE_LOOP('',(#10025,#10035,#10043,#10051));
#10025 = ORIENTED_EDGE('',*,*,#10026,.T.);
#10026 = EDGE_CURVE('',#10027,#10029,#10031,.T.);
#10027 = VERTEX_POINT('',#10028);
#10028 = CARTESIAN_POINT('',(1.014E+03,5.,-11.));
#10029 = VERTEX_POINT('',#10030);
#10030 = CARTESIAN_POINT('',(1.014E+03,-5.,-11.));
#10031 = LINE('',#10032,#10033);
#10032 = CARTESIAN_POINT('',(1.014E+03,-11.575,-11.));
#10033 = VECTOR('',#10034,1.);
#10034 = DIRECTION('',(0.,-1.,0.));
#10035 = ORIENTED_EDGE('',*,*,#10036,.T.);
#10036 = EDGE_CURVE('',#10029,#10037,#10039,.T.);
#10037 = VERTEX_POINT('',#10038);
#10038 = CARTESIAN_POINT('',(1.014E+03,-5.,-6.));
#10039 = LINE('',#10040,#10041);
#10040 = CARTESIAN_POINT('',(1.014E+03,-5.,-13.));
#10041 = VECTOR('',#10042,1.);
#10042 = DIRECTION('',(0.,0.,1.));
#10043 = ORIENTED_EDGE('',*,*,#10044,.F.);
#10044 = EDGE_CURVE('',#10045,#10037,#10047,.T.);
#10045 = VERTEX_POINT('',#10046);
#10046 = CARTESIAN_POINT('',(1.014E+03,5.,-6.));
#10047 = LINE('',#10048,#10049);
#10048 = CARTESIAN_POINT('',(1.014E+03,-11.575,-6.));
#10049 = VECTOR('',#10050,1.);
#10050 = DIRECTION('',(0.,-1.,0.));
#10051 = ORIENTED_EDGE('',*,*,#10052,.F.);
#10052 = EDGE_CURVE('',#10027,#10045,#10053,.T.);
#10053 = LINE('',#10054,#10055);
#10054 = CARTESIAN_POINT('',(1.014E+03,5.,-13.));
#10055 = VECTOR('',#10056,1.);
#10056 = DIRECTION('',(0.,0.,1.));
#10057 = PLANE('',#10058);
#10058 = AXIS2_PLACEMENT_3D('',#10059,#10060,#10061);
#10059 = CARTESIAN_POINT('',(1.014E+03,-18.15,-15.));
#10060 = DIRECTION('',(1.,0.,0.));
#10061 = DIRECTION('',(0.,0.,1.));
#10062 = ADVANCED_FACE('',(#10063),#10081,.F.);
#10063 = FACE_BOUND('',#10064,.F.);
#10064 = EDGE_LOOP('',(#10065,#10066,#10074,#10080));
#10065 = ORIENTED_EDGE('',*,*,#10017,.F.);
#10066 = ORIENTED_EDGE('',*,*,#10067,.T.);
#10067 = EDGE_CURVE('',#10010,#10068,#10070,.T.);
#10068 = VERTEX_POINT('',#10069);
#10069 = CARTESIAN_POINT('',(949.,18.15,-14.5));
#10070 = LINE('',#10071,#10072);
#10071 = CARTESIAN_POINT('',(948.,18.15,-14.5));
#10072 = VECTOR('',#10073,1.);
#10073 = DIRECTION('',(-1.,0.,0.));
#10074 = ORIENTED_EDGE('',*,*,#10075,.T.);
#10075 = EDGE_CURVE('',#10068,#9948,#10076,.T.);
#10076 = LINE('',#10077,#10078);
#10077 = CARTESIAN_POINT('',(949.,18.15,-15.));
#10078 = VECTOR('',#10079,1.);
#10079 = DIRECTION('',(0.,0.,1.));
#10080 = ORIENTED_EDGE('',*,*,#9955,.F.);
#10081 = PLANE('',#10082);
#10082 = AXIS2_PLACEMENT_3D('',#10083,#10084,#10085);
#10083 = CARTESIAN_POINT('',(949.,18.15,-15.));
#10084 = DIRECTION('',(0.,1.,0.));
#10085 = DIRECTION('',(0.,0.,1.));
#10086 = ADVANCED_FACE('',(#10087),#10098,.T.);
#10087 = FACE_BOUND('',#10088,.T.);
#10088 = EDGE_LOOP('',(#10089,#10090,#10096,#10097));
#10089 = ORIENTED_EDGE('',*,*,#9993,.F.);
#10090 = ORIENTED_EDGE('',*,*,#10091,.T.);
#10091 = EDGE_CURVE('',#9986,#10068,#10092,.T.);
#10092 = LINE('',#10093,#10094);
#10093 = CARTESIAN_POINT('',(949.,-18.65,-14.5));
#10094 = VECTOR('',#10095,1.);
#10095 = DIRECTION('',(0.,1.,0.));
#10096 = ORIENTED_EDGE('',*,*,#10075,.T.);
#10097 = ORIENTED_EDGE('',*,*,#9947,.F.);
#10098 = PLANE('',#10099);
#10099 = AXIS2_PLACEMENT_3D('',#10100,#10101,#10102);
#10100 = CARTESIAN_POINT('',(949.,-18.15,-15.));
#10101 = DIRECTION('',(1.,0.,0.));
#10102 = DIRECTION('',(0.,0.,1.));
#10103 = ADVANCED_FACE('',(#10104),#10129,.T.);
#10104 = FACE_BOUND('',#10105,.T.);
#10105 = EDGE_LOOP('',(#10106,#10114,#10115,#10123));
#10106 = ORIENTED_EDGE('',*,*,#10107,.F.);
#10107 = EDGE_CURVE('',#10027,#10108,#10110,.T.);
#10108 = VERTEX_POINT('',#10109);
#10109 = CARTESIAN_POINT('',(1.016E+03,5.,-11.));
#10110 = LINE('',#10111,#10112);
#10111 = CARTESIAN_POINT('',(1.013E+03,5.,-11.));
#10112 = VECTOR('',#10113,1.);
#10113 = DIRECTION('',(1.,0.,0.));
#10114 = ORIENTED_EDGE('',*,*,#10026,.T.);
#10115 = ORIENTED_EDGE('',*,*,#10116,.T.);
#10116 = EDGE_CURVE('',#10029,#10117,#10119,.T.);
#10117 = VERTEX_POINT('',#10118);
#10118 = CARTESIAN_POINT('',(1.016E+03,-5.,-11.));
#10119 = LINE('',#10120,#10121);
#10120 = CARTESIAN_POINT('',(1.013E+03,-5.,-11.));
#10121 = VECTOR('',#10122,1.);
#10122 = DIRECTION('',(1.,0.,0.));
#10123 = ORIENTED_EDGE('',*,*,#10124,.F.);
#10124 = EDGE_CURVE('',#10108,#10117,#10125,.T.);
#10125 = LINE('',#10126,#10127);
#10126 = CARTESIAN_POINT('',(1.016E+03,-12.075,-11.));
#10127 = VECTOR('',#10128,1.);
#10128 = DIRECTION('',(0.,-1.,0.));
#10129 = PLANE('',#10130);
#10130 = AXIS2_PLACEMENT_3D('',#10131,#10132,#10133);
#10131 = CARTESIAN_POINT('',(1.013E+03,-5.,-11.));
#10132 = DIRECTION('',(0.,0.,1.));
#10133 = DIRECTION('',(1.,0.,0.));
#10134 = ADVANCED_FACE('',(#10135),#10153,.F.);
#10135 = FACE_BOUND('',#10136,.F.);
#10136 = EDGE_LOOP('',(#10137,#10138,#10139,#10147));
#10137 = ORIENTED_EDGE('',*,*,#10107,.F.);
#10138 = ORIENTED_EDGE('',*,*,#10052,.T.);
#10139 = ORIENTED_EDGE('',*,*,#10140,.T.);
#10140 = EDGE_CURVE('',#10045,#10141,#10143,.T.);
#10141 = VERTEX_POINT('',#10142);
#10142 = CARTESIAN_POINT('',(1.016E+03,5.,-6.));
#10143 = LINE('',#10144,#10145);
#10144 = CARTESIAN_POINT('',(1.013E+03,5.,-6.));
#10145 = VECTOR('',#10146,1.);
#10146 = DIRECTION('',(1.,0.,0.));
#10147 = ORIENTED_EDGE('',*,*,#10148,.F.);
#10148 = EDGE_CURVE('',#10108,#10141,#10149,.T.);
#10149 = LINE('',#10150,#10151);
#10150 = CARTESIAN_POINT('',(1.016E+03,5.,-12.75));
#10151 = VECTOR('',#10152,1.);
#10152 = DIRECTION('',(0.,0.,1.));
#10153 = PLANE('',#10154);
#10154 = AXIS2_PLACEMENT_3D('',#10155,#10156,#10157);
#10155 = CARTESIAN_POINT('',(1.013E+03,5.,-11.));
#10156 = DIRECTION('',(0.,1.,0.));
#10157 = DIRECTION('',(0.,0.,1.));
#10158 = ADVANCED_FACE('',(#10159),#10177,.F.);
#10159 = FACE_BOUND('',#10160,.F.);
#10160 = EDGE_LOOP('',(#10161,#10162,#10163,#10171));
#10161 = ORIENTED_EDGE('',*,*,#10140,.F.);
#10162 = ORIENTED_EDGE('',*,*,#10044,.T.);
#10163 = ORIENTED_EDGE('',*,*,#10164,.T.);
#10164 = EDGE_CURVE('',#10037,#10165,#10167,.T.);
#10165 = VERTEX_POINT('',#10166);
#10166 = CARTESIAN_POINT('',(1.016E+03,-5.,-6.));
#10167 = LINE('',#10168,#10169);
#10168 = CARTESIAN_POINT('',(1.013E+03,-5.,-6.));
#10169 = VECTOR('',#10170,1.);
#10170 = DIRECTION('',(1.,0.,0.));
#10171 = ORIENTED_EDGE('',*,*,#10172,.F.);
#10172 = EDGE_CURVE('',#10141,#10165,#10173,.T.);
#10173 = LINE('',#10174,#10175);
#10174 = CARTESIAN_POINT('',(1.016E+03,-12.075,-6.));
#10175 = VECTOR('',#10176,1.);
#10176 = DIRECTION('',(0.,-1.,0.));
#10177 = PLANE('',#10178);
#10178 = AXIS2_PLACEMENT_3D('',#10179,#10180,#10181);
#10179 = CARTESIAN_POINT('',(1.013E+03,-5.,-6.));
#10180 = DIRECTION('',(0.,0.,1.));
#10181 = DIRECTION('',(1.,0.,0.));
#10182 = ADVANCED_FACE('',(#10183),#10194,.T.);
#10183 = FACE_BOUND('',#10184,.T.);
#10184 = EDGE_LOOP('',(#10185,#10186,#10187,#10188));
#10185 = ORIENTED_EDGE('',*,*,#10116,.F.);
#10186 = ORIENTED_EDGE('',*,*,#10036,.T.);
#10187 = ORIENTED_EDGE('',*,*,#10164,.T.);
#10188 = ORIENTED_EDGE('',*,*,#10189,.F.);
#10189 = EDGE_CURVE('',#10117,#10165,#10190,.T.);
#10190 = LINE('',#10191,#10192);
#10191 = CARTESIAN_POINT('',(1.016E+03,-5.,-12.75));
#10192 = VECTOR('',#10193,1.);
#10193 = DIRECTION('',(0.,0.,1.));
#10194 = PLANE('',#10195);
#10195 = AXIS2_PLACEMENT_3D('',#10196,#10197,#10198);
#10196 = CARTESIAN_POINT('',(1.013E+03,-5.,-11.));
#10197 = DIRECTION('',(0.,1.,0.));
#10198 = DIRECTION('',(0.,0.,1.));
#10199 = ADVANCED_FACE('',(#10200),#10206,.T.);
#10200 = FACE_BOUND('',#10201,.T.);
#10201 = EDGE_LOOP('',(#10202,#10203,#10204,#10205));
#10202 = ORIENTED_EDGE('',*,*,#9985,.F.);
#10203 = ORIENTED_EDGE('',*,*,#10009,.T.);
#10204 = ORIENTED_EDGE('',*,*,#10067,.T.);
#10205 = ORIENTED_EDGE('',*,*,#10091,.F.);
#10206 = PLANE('',#10207);
#10207 = AXIS2_PLACEMENT_3D('',#10208,#10209,#10210);
#10208 = CARTESIAN_POINT('',(947.,-19.15,-14.5));
#10209 = DIRECTION('',(0.,0.,1.));
#10210 = DIRECTION('',(1.,0.,0.));
#10211 = ADVANCED_FACE('',(#10212),#10237,.T.);
#10212 = FACE_BOUND('',#10213,.T.);
#10213 = EDGE_LOOP('',(#10214,#10222,#10223,#10231));
#10214 = ORIENTED_EDGE('',*,*,#10215,.T.);
#10215 = EDGE_CURVE('',#10216,#9904,#10218,.T.);
#10216 = VERTEX_POINT('',#10217);
#10217 = CARTESIAN_POINT('',(947.,-19.15,-16.));
#10218 = LINE('',#10219,#10220);
#10219 = CARTESIAN_POINT('',(947.,-19.15,-16.));
#10220 = VECTOR('',#10221,1.);
#10221 = DIRECTION('',(0.,0.,1.));
#10222 = ORIENTED_EDGE('',*,*,#9903,.T.);
#10223 = ORIENTED_EDGE('',*,*,#10224,.F.);
#10224 = EDGE_CURVE('',#10225,#9906,#10227,.T.);
#10225 = VERTEX_POINT('',#10226);
#10226 = CARTESIAN_POINT('',(947.,19.15,-16.));
#10227 = LINE('',#10228,#10229);
#10228 = CARTESIAN_POINT('',(947.,19.15,-14.5));
#10229 = VECTOR('',#10230,1.);
#10230 = DIRECTION('',(0.,0.,1.));
#10231 = ORIENTED_EDGE('',*,*,#10232,.F.);
#10232 = EDGE_CURVE('',#10216,#10225,#10233,.T.);
#10233 = LINE('',#10234,#10235);
#10234 = CARTESIAN_POINT('',(947.,-19.15,-16.));
#10235 = VECTOR('',#10236,1.);
#10236 = DIRECTION('',(0.,1.,0.));
#10237 = PLANE('',#10238);
#10238 = AXIS2_PLACEMENT_3D('',#10239,#10240,#10241);
#10239 = CARTESIAN_POINT('',(947.,5.824120784919E-16,-10.75));
#10240 = DIRECTION('',(-1.,-0.,-0.));
#10241 = DIRECTION('',(0.,0.,-1.));
#10242 = ADVANCED_FACE('',(#10243),#10268,.F.);
#10243 = FACE_BOUND('',#10244,.F.);
#10244 = EDGE_LOOP('',(#10245,#10246,#10254,#10262));
#10245 = ORIENTED_EDGE('',*,*,#10232,.F.);
#10246 = ORIENTED_EDGE('',*,*,#10247,.T.);
#10247 = EDGE_CURVE('',#10216,#10248,#10250,.T.);
#10248 = VERTEX_POINT('',#10249);
#10249 = CARTESIAN_POINT('',(1.016E+03,-19.15,-16.));
#10250 = LINE('',#10251,#10252);
#10251 = CARTESIAN_POINT('',(947.,-19.15,-16.));
#10252 = VECTOR('',#10253,1.);
#10253 = DIRECTION('',(1.,0.,0.));
#10254 = ORIENTED_EDGE('',*,*,#10255,.T.);
#10255 = EDGE_CURVE('',#10248,#10256,#10258,.T.);
#10256 = VERTEX_POINT('',#10257);
#10257 = CARTESIAN_POINT('',(1.016E+03,19.15,-16.));
#10258 = LINE('',#10259,#10260);
#10259 = CARTESIAN_POINT('',(1.016E+03,-19.15,-16.));
#10260 = VECTOR('',#10261,1.);
#10261 = DIRECTION('',(0.,1.,0.));
#10262 = ORIENTED_EDGE('',*,*,#10263,.F.);
#10263 = EDGE_CURVE('',#10225,#10256,#10264,.T.);
#10264 = LINE('',#10265,#10266);
#10265 = CARTESIAN_POINT('',(947.,19.15,-16.));
#10266 = VECTOR('',#10267,1.);
#10267 = DIRECTION('',(1.,0.,0.));
#10268 = PLANE('',#10269);
#10269 = AXIS2_PLACEMENT_3D('',#10270,#10271,#10272);
#10270 = CARTESIAN_POINT('',(947.,-19.15,-16.));
#10271 = DIRECTION('',(0.,0.,1.));
#10272 = DIRECTION('',(1.,0.,0.));
#10273 = ADVANCED_FACE('',(#10274),#10285,.T.);
#10274 = FACE_BOUND('',#10275,.T.);
#10275 = EDGE_LOOP('',(#10276,#10277,#10283,#10284));
#10276 = ORIENTED_EDGE('',*,*,#10247,.T.);
#10277 = ORIENTED_EDGE('',*,*,#10278,.T.);
#10278 = EDGE_CURVE('',#10248,#9914,#10279,.T.);
#10279 = LINE('',#10280,#10281);
#10280 = CARTESIAN_POINT('',(1.016E+03,-19.15,-16.));
#10281 = VECTOR('',#10282,1.);
#10282 = DIRECTION('',(0.,0.,1.));
#10283 = ORIENTED_EDGE('',*,*,#9913,.F.);
#10284 = ORIENTED_EDGE('',*,*,#10215,.F.);
#10285 = PLANE('',#10286);
#10286 = AXIS2_PLACEMENT_3D('',#10287,#10288,#10289);
#10287 = CARTESIAN_POINT('',(981.5,-19.15,-10.75));
#10288 = DIRECTION('',(-0.,-1.,-0.));
#10289 = DIRECTION('',(0.,0.,-1.));
#10290 = ADVANCED_FACE('',(#10291),#10302,.T.);
#10291 = FACE_BOUND('',#10292,.T.);
#10292 = EDGE_LOOP('',(#10293,#10294,#10295,#10296));
#10293 = ORIENTED_EDGE('',*,*,#10263,.F.);
#10294 = ORIENTED_EDGE('',*,*,#10224,.T.);
#10295 = ORIENTED_EDGE('',*,*,#9929,.T.);
#10296 = ORIENTED_EDGE('',*,*,#10297,.F.);
#10297 = EDGE_CURVE('',#10256,#9922,#10298,.T.);
#10298 = LINE('',#10299,#10300);
#10299 = CARTESIAN_POINT('',(1.016E+03,19.15,-14.5));
#10300 = VECTOR('',#10301,1.);
#10301 = DIRECTION('',(0.,0.,1.));
#10302 = PLANE('',#10303);
#10303 = AXIS2_PLACEMENT_3D('',#10304,#10305,#10306);
#10304 = CARTESIAN_POINT('',(981.5,19.15,-10.75));
#10305 = DIRECTION('',(0.,1.,0.));
#10306 = DIRECTION('',(0.,0.,1.));
#10307 = ADVANCED_FACE('',(#10308,#10314),#10320,.T.);
#10308 = FACE_BOUND('',#10309,.T.);
#10309 = EDGE_LOOP('',(#10310,#10311,#10312,#10313));
#10310 = ORIENTED_EDGE('',*,*,#10278,.F.);
#10311 = ORIENTED_EDGE('',*,*,#10255,.T.);
#10312 = ORIENTED_EDGE('',*,*,#10297,.T.);
#10313 = ORIENTED_EDGE('',*,*,#9921,.F.);
#10314 = FACE_BOUND('',#10315,.T.);
#10315 = EDGE_LOOP('',(#10316,#10317,#10318,#10319));
#10316 = ORIENTED_EDGE('',*,*,#10124,.T.);
#10317 = ORIENTED_EDGE('',*,*,#10189,.T.);
#10318 = ORIENTED_EDGE('',*,*,#10172,.F.);
#10319 = ORIENTED_EDGE('',*,*,#10148,.F.);
#10320 = PLANE('',#10321);
#10321 = AXIS2_PLACEMENT_3D('',#10322,#10323,#10324);
#10322 = CARTESIAN_POINT('',(1.016E+03,-2.912060392459E-16,-10.75));
#10323 = DIRECTION('',(1.,0.,0.));
#10324 = DIRECTION('',(0.,0.,1.));
#10325 = MANIFOLD_SOLID_BREP('',#10326);
#10326 = CLOSED_SHELL('',(#10327,#10367,#10407,#10429,#10451,#10463));
#10327 = ADVANCED_FACE('',(#10328),#10362,.F.);
#10328 = FACE_BOUND('',#10329,.F.);
#10329 = EDGE_LOOP('',(#10330,#10340,#10348,#10356));
#10330 = ORIENTED_EDGE('',*,*,#10331,.F.);
#10331 = EDGE_CURVE('',#10332,#10334,#10336,.T.);
#10332 = VERTEX_POINT('',#10333);
#10333 = CARTESIAN_POINT('',(947.,-19.15,-4.5));
#10334 = VERTEX_POINT('',#10335);
#10335 = CARTESIAN_POINT('',(947.,-19.15,-3.));
#10336 = LINE('',#10337,#10338);
#10337 = CARTESIAN_POINT('',(947.,-19.15,-4.5));
#10338 = VECTOR('',#10339,1.);
#10339 = DIRECTION('',(0.,0.,1.));
#10340 = ORIENTED_EDGE('',*,*,#10341,.T.);
#10341 = EDGE_CURVE('',#10332,#10342,#10344,.T.);
#10342 = VERTEX_POINT('',#10343);
#10343 = CARTESIAN_POINT('',(947.,19.15,-4.5));
#10344 = LINE('',#10345,#10346);
#10345 = CARTESIAN_POINT('',(947.,-19.15,-4.5));
#10346 = VECTOR('',#10347,1.);
#10347 = DIRECTION('',(0.,1.,0.));
#10348 = ORIENTED_EDGE('',*,*,#10349,.T.);
#10349 = EDGE_CURVE('',#10342,#10350,#10352,.T.);
#10350 = VERTEX_POINT('',#10351);
#10351 = CARTESIAN_POINT('',(947.,19.15,-3.));
#10352 = LINE('',#10353,#10354);
#10353 = CARTESIAN_POINT('',(947.,19.15,-4.5));
#10354 = VECTOR('',#10355,1.);
#10355 = DIRECTION('',(0.,0.,1.));
#10356 = ORIENTED_EDGE('',*,*,#10357,.F.);
#10357 = EDGE_CURVE('',#10334,#10350,#10358,.T.);
#10358 = LINE('',#10359,#10360);
#10359 = CARTESIAN_POINT('',(947.,-19.15,-3.));
#10360 = VECTOR('',#10361,1.);
#10361 = DIRECTION('',(0.,1.,0.));
#10362 = PLANE('',#10363);
#10363 = AXIS2_PLACEMENT_3D('',#10364,#10365,#10366);
#10364 = CARTESIAN_POINT('',(947.,-19.15,-4.5));
#10365 = DIRECTION('',(1.,0.,0.));
#10366 = DIRECTION('',(0.,0.,1.));
#10367 = ADVANCED_FACE('',(#10368),#10402,.T.);
#10368 = FACE_BOUND('',#10369,.T.);
#10369 = EDGE_LOOP('',(#10370,#10380,#10388,#10396));
#10370 = ORIENTED_EDGE('',*,*,#10371,.F.);
#10371 = EDGE_CURVE('',#10372,#10374,#10376,.T.);
#10372 = VERTEX_POINT('',#10373);
#10373 = CARTESIAN_POINT('',(1.016E+03,-19.15,-4.5));
#10374 = VERTEX_POINT('',#10375);
#10375 = CARTESIAN_POINT('',(1.016E+03,-19.15,-3.));
#10376 = LINE('',#10377,#10378);
#10377 = CARTESIAN_POINT('',(1.016E+03,-19.15,-4.5));
#10378 = VECTOR('',#10379,1.);
#10379 = DIRECTION('',(0.,0.,1.));
#10380 = ORIENTED_EDGE('',*,*,#10381,.T.);
#10381 = EDGE_CURVE('',#10372,#10382,#10384,.T.);
#10382 = VERTEX_POINT('',#10383);
#10383 = CARTESIAN_POINT('',(1.016E+03,19.15,-4.5));
#10384 = LINE('',#10385,#10386);
#10385 = CARTESIAN_POINT('',(1.016E+03,-19.15,-4.5));
#10386 = VECTOR('',#10387,1.);
#10387 = DIRECTION('',(0.,1.,0.));
#10388 = ORIENTED_EDGE('',*,*,#10389,.T.);
#10389 = EDGE_CURVE('',#10382,#10390,#10392,.T.);
#10390 = VERTEX_POINT('',#10391);
#10391 = CARTESIAN_POINT('',(1.016E+03,19.15,-3.));
#10392 = LINE('',#10393,#10394);
#10393 = CARTESIAN_POINT('',(1.016E+03,19.15,-4.5));
#10394 = VECTOR('',#10395,1.);
#10395 = DIRECTION('',(0.,0.,1.));
#10396 = ORIENTED_EDGE('',*,*,#10397,.F.);
#10397 = EDGE_CURVE('',#10374,#10390,#10398,.T.);
#10398 = LINE('',#10399,#10400);
#10399 = CARTESIAN_POINT('',(1.016E+03,-19.15,-3.));
#10400 = VECTOR('',#10401,1.);
#10401 = DIRECTION('',(0.,1.,0.));
#10402 = PLANE('',#10403);
#10403 = AXIS2_PLACEMENT_3D('',#10404,#10405,#10406);
#10404 = CARTESIAN_POINT('',(1.016E+03,-19.15,-4.5));
#10405 = DIRECTION('',(1.,0.,0.));
#10406 = DIRECTION('',(0.,0.,1.));
#10407 = ADVANCED_FACE('',(#10408),#10424,.F.);
#10408 = FACE_BOUND('',#10409,.F.);
#10409 = EDGE_LOOP('',(#10410,#10416,#10417,#10423));
#10410 = ORIENTED_EDGE('',*,*,#10411,.F.);
#10411 = EDGE_CURVE('',#10332,#10372,#10412,.T.);
#10412 = LINE('',#10413,#10414);
#10413 = CARTESIAN_POINT('',(947.,-19.15,-4.5));
#10414 = VECTOR('',#10415,1.);
#10415 = DIRECTION('',(1.,0.,0.));
#10416 = ORIENTED_EDGE('',*,*,#10331,.T.);
#10417 = ORIENTED_EDGE('',*,*,#10418,.T.);
#10418 = EDGE_CURVE('',#10334,#10374,#10419,.T.);
#10419 = LINE('',#10420,#10421);
#10420 = CARTESIAN_POINT('',(947.,-19.15,-3.));
#10421 = VECTOR('',#10422,1.);
#10422 = DIRECTION('',(1.,0.,0.));
#10423 = ORIENTED_EDGE('',*,*,#10371,.F.);
#10424 = PLANE('',#10425);
#10425 = AXIS2_PLACEMENT_3D('',#10426,#10427,#10428);
#10426 = CARTESIAN_POINT('',(947.,-19.15,-4.5));
#10427 = DIRECTION('',(0.,1.,0.));
#10428 = DIRECTION('',(0.,0.,1.));
#10429 = ADVANCED_FACE('',(#10430),#10446,.T.);
#10430 = FACE_BOUND('',#10431,.T.);
#10431 = EDGE_LOOP('',(#10432,#10438,#10439,#10445));
#10432 = ORIENTED_EDGE('',*,*,#10433,.F.);
#10433 = EDGE_CURVE('',#10342,#10382,#10434,.T.);
#10434 = LINE('',#10435,#10436);
#10435 = CARTESIAN_POINT('',(947.,19.15,-4.5));
#10436 = VECTOR('',#10437,1.);
#10437 = DIRECTION('',(1.,0.,0.));
#10438 = ORIENTED_EDGE('',*,*,#10349,.T.);
#10439 = ORIENTED_EDGE('',*,*,#10440,.T.);
#10440 = EDGE_CURVE('',#10350,#10390,#10441,.T.);
#10441 = LINE('',#10442,#10443);
#10442 = CARTESIAN_POINT('',(947.,19.15,-3.));
#10443 = VECTOR('',#10444,1.);
#10444 = DIRECTION('',(1.,0.,0.));
#10445 = ORIENTED_EDGE('',*,*,#10389,.F.);
#10446 = PLANE('',#10447);
#10447 = AXIS2_PLACEMENT_3D('',#10448,#10449,#10450);
#10448 = CARTESIAN_POINT('',(947.,19.15,-4.5));
#10449 = DIRECTION('',(0.,1.,0.));
#10450 = DIRECTION('',(0.,0.,1.));
#10451 = ADVANCED_FACE('',(#10452),#10458,.F.);
#10452 = FACE_BOUND('',#10453,.F.);
#10453 = EDGE_LOOP('',(#10454,#10455,#10456,#10457));
#10454 = ORIENTED_EDGE('',*,*,#10341,.F.);
#10455 = ORIENTED_EDGE('',*,*,#10411,.T.);
#10456 = ORIENTED_EDGE('',*,*,#10381,.T.);
#10457 = ORIENTED_EDGE('',*,*,#10433,.F.);
#10458 = PLANE('',#10459);
#10459 = AXIS2_PLACEMENT_3D('',#10460,#10461,#10462);
#10460 = CARTESIAN_POINT('',(947.,-19.15,-4.5));
#10461 = DIRECTION('',(0.,0.,1.));
#10462 = DIRECTION('',(1.,0.,0.));
#10463 = ADVANCED_FACE('',(#10464),#10470,.T.);
#10464 = FACE_BOUND('',#10465,.T.);
#10465 = EDGE_LOOP('',(#10466,#10467,#10468,#10469));
#10466 = ORIENTED_EDGE('',*,*,#10357,.F.);
#10467 = ORIENTED_EDGE('',*,*,#10418,.T.);
#10468 = ORIENTED_EDGE('',*,*,#10397,.T.);
#10469 = ORIENTED_EDGE('',*,*,#10440,.F.);
#10470 = PLANE('',#10471);
#10471 = AXIS2_PLACEMENT_3D('',#10472,#10473,#10474);
#10472 = CARTESIAN_POINT('',(947.,-19.15,-3.));
#10473 = DIRECTION('',(0.,0.,1.));
#10474 = DIRECTION('',(1.,0.,0.));
#10475 = MANIFOLD_SOLID_BREP('',#10476);
#10476 = CLOSED_SHELL('',(#10477,#10517,#10557,#10579,#10601,#10613));
#10477 = ADVANCED_FACE('',(#10478),#10512,.F.);
#10478 = FACE_BOUND('',#10479,.F.);
#10479 = EDGE_LOOP('',(#10480,#10490,#10498,#10506));
#10480 = ORIENTED_EDGE('',*,*,#10481,.F.);
#10481 = EDGE_CURVE('',#10482,#10484,#10486,.T.);
#10482 = VERTEX_POINT('',#10483);
#10483 = CARTESIAN_POINT('',(947.,-18.,-34.));
#10484 = VERTEX_POINT('',#10485);
#10485 = CARTESIAN_POINT('',(947.,-18.,-16.));
#10486 = LINE('',#10487,#10488);
#10487 = CARTESIAN_POINT('',(947.,-18.,-34.));
#10488 = VECTOR('',#10489,1.);
#10489 = DIRECTION('',(0.,0.,1.));
#10490 = ORIENTED_EDGE('',*,*,#10491,.T.);
#10491 = EDGE_CURVE('',#10482,#10492,#10494,.T.);
#10492 = VERTEX_POINT('',#10493);
#10493 = CARTESIAN_POINT('',(947.,-15.,-34.));
#10494 = LINE('',#10495,#10496);
#10495 = CARTESIAN_POINT('',(947.,-18.,-34.));
#10496 = VECTOR('',#10497,1.);
#10497 = DIRECTION('',(0.,1.,0.));
#10498 = ORIENTED_EDGE('',*,*,#10499,.T.);
#10499 = EDGE_CURVE('',#10492,#10500,#10502,.T.);
#10500 = VERTEX_POINT('',#10501);
#10501 = CARTESIAN_POINT('',(947.,-15.,-16.));
#10502 = LINE('',#10503,#10504);
#10503 = CARTESIAN_POINT('',(947.,-15.,-34.));
#10504 = VECTOR('',#10505,1.);
#10505 = DIRECTION('',(0.,0.,1.));
#10506 = ORIENTED_EDGE('',*,*,#10507,.F.);
#10507 = EDGE_CURVE('',#10484,#10500,#10508,.T.);
#10508 = LINE('',#10509,#10510);
#10509 = CARTESIAN_POINT('',(947.,-18.,-16.));
#10510 = VECTOR('',#10511,1.);
#10511 = DIRECTION('',(0.,1.,0.));
#10512 = PLANE('',#10513);
#10513 = AXIS2_PLACEMENT_3D('',#10514,#10515,#10516);
#10514 = CARTESIAN_POINT('',(947.,-18.,-34.));
#10515 = DIRECTION('',(1.,0.,0.));
#10516 = DIRECTION('',(0.,0.,1.));
#10517 = ADVANCED_FACE('',(#10518),#10552,.T.);
#10518 = FACE_BOUND('',#10519,.T.);
#10519 = EDGE_LOOP('',(#10520,#10530,#10538,#10546));
#10520 = ORIENTED_EDGE('',*,*,#10521,.F.);
#10521 = EDGE_CURVE('',#10522,#10524,#10526,.T.);
#10522 = VERTEX_POINT('',#10523);
#10523 = CARTESIAN_POINT('',(1.016E+03,-18.,-34.));
#10524 = VERTEX_POINT('',#10525);
#10525 = CARTESIAN_POINT('',(1.016E+03,-18.,-16.));
#10526 = LINE('',#10527,#10528);
#10527 = CARTESIAN_POINT('',(1.016E+03,-18.,-34.));
#10528 = VECTOR('',#10529,1.);
#10529 = DIRECTION('',(0.,0.,1.));
#10530 = ORIENTED_EDGE('',*,*,#10531,.T.);
#10531 = EDGE_CURVE('',#10522,#10532,#10534,.T.);
#10532 = VERTEX_POINT('',#10533);
#10533 = CARTESIAN_POINT('',(1.016E+03,-15.,-34.));
#10534 = LINE('',#10535,#10536);
#10535 = CARTESIAN_POINT('',(1.016E+03,-18.,-34.));
#10536 = VECTOR('',#10537,1.);
#10537 = DIRECTION('',(0.,1.,0.));
#10538 = ORIENTED_EDGE('',*,*,#10539,.T.);
#10539 = EDGE_CURVE('',#10532,#10540,#10542,.T.);
#10540 = VERTEX_POINT('',#10541);
#10541 = CARTESIAN_POINT('',(1.016E+03,-15.,-16.));
#10542 = LINE('',#10543,#10544);
#10543 = CARTESIAN_POINT('',(1.016E+03,-15.,-34.));
#10544 = VECTOR('',#10545,1.);
#10545 = DIRECTION('',(0.,0.,1.));
#10546 = ORIENTED_EDGE('',*,*,#10547,.F.);
#10547 = EDGE_CURVE('',#10524,#10540,#10548,.T.);
#10548 = LINE('',#10549,#10550);
#10549 = CARTESIAN_POINT('',(1.016E+03,-18.,-16.));
#10550 = VECTOR('',#10551,1.);
#10551 = DIRECTION('',(0.,1.,0.));
#10552 = PLANE('',#10553);
#10553 = AXIS2_PLACEMENT_3D('',#10554,#10555,#10556);
#10554 = CARTESIAN_POINT('',(1.016E+03,-18.,-34.));
#10555 = DIRECTION('',(1.,0.,0.));
#10556 = DIRECTION('',(0.,0.,1.));
#10557 = ADVANCED_FACE('',(#10558),#10574,.F.);
#10558 = FACE_BOUND('',#10559,.F.);
#10559 = EDGE_LOOP('',(#10560,#10566,#10567,#10573));
#10560 = ORIENTED_EDGE('',*,*,#10561,.F.);
#10561 = EDGE_CURVE('',#10482,#10522,#10562,.T.);
#10562 = LINE('',#10563,#10564);
#10563 = CARTESIAN_POINT('',(947.,-18.,-34.));
#10564 = VECTOR('',#10565,1.);
#10565 = DIRECTION('',(1.,0.,0.));
#10566 = ORIENTED_EDGE('',*,*,#10481,.T.);
#10567 = ORIENTED_EDGE('',*,*,#10568,.T.);
#10568 = EDGE_CURVE('',#10484,#10524,#10569,.T.);
#10569 = LINE('',#10570,#10571);
#10570 = CARTESIAN_POINT('',(947.,-18.,-16.));
#10571 = VECTOR('',#10572,1.);
#10572 = DIRECTION('',(1.,0.,0.));
#10573 = ORIENTED_EDGE('',*,*,#10521,.F.);
#10574 = PLANE('',#10575);
#10575 = AXIS2_PLACEMENT_3D('',#10576,#10577,#10578);
#10576 = CARTESIAN_POINT('',(947.,-18.,-34.));
#10577 = DIRECTION('',(0.,1.,0.));
#10578 = DIRECTION('',(0.,0.,1.));
#10579 = ADVANCED_FACE('',(#10580),#10596,.T.);
#10580 = FACE_BOUND('',#10581,.T.);
#10581 = EDGE_LOOP('',(#10582,#10588,#10589,#10595));
#10582 = ORIENTED_EDGE('',*,*,#10583,.F.);
#10583 = EDGE_CURVE('',#10492,#10532,#10584,.T.);
#10584 = LINE('',#10585,#10586);
#10585 = CARTESIAN_POINT('',(947.,-15.,-34.));
#10586 = VECTOR('',#10587,1.);
#10587 = DIRECTION('',(1.,0.,0.));
#10588 = ORIENTED_EDGE('',*,*,#10499,.T.);
#10589 = ORIENTED_EDGE('',*,*,#10590,.T.);
#10590 = EDGE_CURVE('',#10500,#10540,#10591,.T.);
#10591 = LINE('',#10592,#10593);
#10592 = CARTESIAN_POINT('',(947.,-15.,-16.));
#10593 = VECTOR('',#10594,1.);
#10594 = DIRECTION('',(1.,0.,0.));
#10595 = ORIENTED_EDGE('',*,*,#10539,.F.);
#10596 = PLANE('',#10597);
#10597 = AXIS2_PLACEMENT_3D('',#10598,#10599,#10600);
#10598 = CARTESIAN_POINT('',(947.,-15.,-34.));
#10599 = DIRECTION('',(0.,1.,0.));
#10600 = DIRECTION('',(0.,0.,1.));
#10601 = ADVANCED_FACE('',(#10602),#10608,.F.);
#10602 = FACE_BOUND('',#10603,.F.);
#10603 = EDGE_LOOP('',(#10604,#10605,#10606,#10607));
#10604 = ORIENTED_EDGE('',*,*,#10491,.F.);
#10605 = ORIENTED_EDGE('',*,*,#10561,.T.);
#10606 = ORIENTED_EDGE('',*,*,#10531,.T.);
#10607 = ORIENTED_EDGE('',*,*,#10583,.F.);
#10608 = PLANE('',#10609);
#10609 = AXIS2_PLACEMENT_3D('',#10610,#10611,#10612);
#10610 = CARTESIAN_POINT('',(947.,-18.,-34.));
#10611 = DIRECTION('',(0.,0.,1.));
#10612 = DIRECTION('',(1.,0.,0.));
#10613 = ADVANCED_FACE('',(#10614),#10620,.T.);
#10614 = FACE_BOUND('',#10615,.T.);
#10615 = EDGE_LOOP('',(#10616,#10617,#10618,#10619));
#10616 = ORIENTED_EDGE('',*,*,#10507,.F.);
#10617 = ORIENTED_EDGE('',*,*,#10568,.T.);
#10618 = ORIENTED_EDGE('',*,*,#10547,.T.);
#10619 = ORIENTED_EDGE('',*,*,#10590,.F.);
#10620 = PLANE('',#10621);
#10621 = AXIS2_PLACEMENT_3D('',#10622,#10623,#10624);
#10622 = CARTESIAN_POINT('',(947.,-18.,-16.));
#10623 = DIRECTION('',(0.,0.,1.));
#10624 = DIRECTION('',(1.,0.,0.));
#10625 = MANIFOLD_SOLID_BREP('',#10626);
#10626 = CLOSED_SHELL('',(#10627,#10667,#10707,#10729,#10751,#10763));
#10627 = ADVANCED_FACE('',(#10628),#10662,.F.);
#10628 = FACE_BOUND('',#10629,.F.);
#10629 = EDGE_LOOP('',(#10630,#10640,#10648,#10656));
#10630 = ORIENTED_EDGE('',*,*,#10631,.F.);
#10631 = EDGE_CURVE('',#10632,#10634,#10636,.T.);
#10632 = VERTEX_POINT('',#10633);
#10633 = CARTESIAN_POINT('',(947.,15.,-34.));
#10634 = VERTEX_POINT('',#10635);
#10635 = CARTESIAN_POINT('',(947.,15.,-16.));
#10636 = LINE('',#10637,#10638);
#10637 = CARTESIAN_POINT('',(947.,15.,-34.));
#10638 = VECTOR('',#10639,1.);
#10639 = DIRECTION('',(0.,0.,1.));
#10640 = ORIENTED_EDGE('',*,*,#10641,.T.);
#10641 = EDGE_CURVE('',#10632,#10642,#10644,.T.);
#10642 = VERTEX_POINT('',#10643);
#10643 = CARTESIAN_POINT('',(947.,18.,-34.));
#10644 = LINE('',#10645,#10646);
#10645 = CARTESIAN_POINT('',(947.,15.,-34.));
#10646 = VECTOR('',#10647,1.);
#10647 = DIRECTION('',(0.,1.,0.));
#10648 = ORIENTED_EDGE('',*,*,#10649,.T.);
#10649 = EDGE_CURVE('',#10642,#10650,#10652,.T.);
#10650 = VERTEX_POINT('',#10651);
#10651 = CARTESIAN_POINT('',(947.,18.,-16.));
#10652 = LINE('',#10653,#10654);
#10653 = CARTESIAN_POINT('',(947.,18.,-34.));
#10654 = VECTOR('',#10655,1.);
#10655 = DIRECTION('',(0.,0.,1.));
#10656 = ORIENTED_EDGE('',*,*,#10657,.F.);
#10657 = EDGE_CURVE('',#10634,#10650,#10658,.T.);
#10658 = LINE('',#10659,#10660);
#10659 = CARTESIAN_POINT('',(947.,15.,-16.));
#10660 = VECTOR('',#10661,1.);
#10661 = DIRECTION('',(0.,1.,0.));
#10662 = PLANE('',#10663);
#10663 = AXIS2_PLACEMENT_3D('',#10664,#10665,#10666);
#10664 = CARTESIAN_POINT('',(947.,15.,-34.));
#10665 = DIRECTION('',(1.,0.,0.));
#10666 = DIRECTION('',(0.,0.,1.));
#10667 = ADVANCED_FACE('',(#10668),#10702,.T.);
#10668 = FACE_BOUND('',#10669,.T.);
#10669 = EDGE_LOOP('',(#10670,#10680,#10688,#10696));
#10670 = ORIENTED_EDGE('',*,*,#10671,.F.);
#10671 = EDGE_CURVE('',#10672,#10674,#10676,.T.);
#10672 = VERTEX_POINT('',#10673);
#10673 = CARTESIAN_POINT('',(1.016E+03,15.,-34.));
#10674 = VERTEX_POINT('',#10675);
#10675 = CARTESIAN_POINT('',(1.016E+03,15.,-16.));
#10676 = LINE('',#10677,#10678);
#10677 = CARTESIAN_POINT('',(1.016E+03,15.,-34.));
#10678 = VECTOR('',#10679,1.);
#10679 = DIRECTION('',(0.,0.,1.));
#10680 = ORIENTED_EDGE('',*,*,#10681,.T.);
#10681 = EDGE_CURVE('',#10672,#10682,#10684,.T.);
#10682 = VERTEX_POINT('',#10683);
#10683 = CARTESIAN_POINT('',(1.016E+03,18.,-34.));
#10684 = LINE('',#10685,#10686);
#10685 = CARTESIAN_POINT('',(1.016E+03,15.,-34.));
#10686 = VECTOR('',#10687,1.);
#10687 = DIRECTION('',(0.,1.,0.));
#10688 = ORIENTED_EDGE('',*,*,#10689,.T.);
#10689 = EDGE_CURVE('',#10682,#10690,#10692,.T.);
#10690 = VERTEX_POINT('',#10691);
#10691 = CARTESIAN_POINT('',(1.016E+03,18.,-16.));
#10692 = LINE('',#10693,#10694);
#10693 = CARTESIAN_POINT('',(1.016E+03,18.,-34.));
#10694 = VECTOR('',#10695,1.);
#10695 = DIRECTION('',(0.,0.,1.));
#10696 = ORIENTED_EDGE('',*,*,#10697,.F.);
#10697 = EDGE_CURVE('',#10674,#10690,#10698,.T.);
#10698 = LINE('',#10699,#10700);
#10699 = CARTESIAN_POINT('',(1.016E+03,15.,-16.));
#10700 = VECTOR('',#10701,1.);
#10701 = DIRECTION('',(0.,1.,0.));
#10702 = PLANE('',#10703);
#10703 = AXIS2_PLACEMENT_3D('',#10704,#10705,#10706);
#10704 = CARTESIAN_POINT('',(1.016E+03,15.,-34.));
#10705 = DIRECTION('',(1.,0.,0.));
#10706 = DIRECTION('',(0.,0.,1.));
#10707 = ADVANCED_FACE('',(#10708),#10724,.F.);
#10708 = FACE_BOUND('',#10709,.F.);
#10709 = EDGE_LOOP('',(#10710,#10716,#10717,#10723));
#10710 = ORIENTED_EDGE('',*,*,#10711,.F.);
#10711 = EDGE_CURVE('',#10632,#10672,#10712,.T.);
#10712 = LINE('',#10713,#10714);
#10713 = CARTESIAN_POINT('',(947.,15.,-34.));
#10714 = VECTOR('',#10715,1.);
#10715 = DIRECTION('',(1.,0.,0.));
#10716 = ORIENTED_EDGE('',*,*,#10631,.T.);
#10717 = ORIENTED_EDGE('',*,*,#10718,.T.);
#10718 = EDGE_CURVE('',#10634,#10674,#10719,.T.);
#10719 = LINE('',#10720,#10721);
#10720 = CARTESIAN_POINT('',(947.,15.,-16.));
#10721 = VECTOR('',#10722,1.);
#10722 = DIRECTION('',(1.,0.,0.));
#10723 = ORIENTED_EDGE('',*,*,#10671,.F.);
#10724 = PLANE('',#10725);
#10725 = AXIS2_PLACEMENT_3D('',#10726,#10727,#10728);
#10726 = CARTESIAN_POINT('',(947.,15.,-34.));
#10727 = DIRECTION('',(0.,1.,0.));
#10728 = DIRECTION('',(0.,0.,1.));
#10729 = ADVANCED_FACE('',(#10730),#10746,.T.);
#10730 = FACE_BOUND('',#10731,.T.);
#10731 = EDGE_LOOP('',(#10732,#10738,#10739,#10745));
#10732 = ORIENTED_EDGE('',*,*,#10733,.F.);
#10733 = EDGE_CURVE('',#10642,#10682,#10734,.T.);
#10734 = LINE('',#10735,#10736);
#10735 = CARTESIAN_POINT('',(947.,18.,-34.));
#10736 = VECTOR('',#10737,1.);
#10737 = DIRECTION('',(1.,0.,0.));
#10738 = ORIENTED_EDGE('',*,*,#10649,.T.);
#10739 = ORIENTED_EDGE('',*,*,#10740,.T.);
#10740 = EDGE_CURVE('',#10650,#10690,#10741,.T.);
#10741 = LINE('',#10742,#10743);
#10742 = CARTESIAN_POINT('',(947.,18.,-16.));
#10743 = VECTOR('',#10744,1.);
#10744 = DIRECTION('',(1.,0.,0.));
#10745 = ORIENTED_EDGE('',*,*,#10689,.F.);
#10746 = PLANE('',#10747);
#10747 = AXIS2_PLACEMENT_3D('',#10748,#10749,#10750);
#10748 = CARTESIAN_POINT('',(947.,18.,-34.));
#10749 = DIRECTION('',(0.,1.,0.));
#10750 = DIRECTION('',(0.,0.,1.));
#10751 = ADVANCED_FACE('',(#10752),#10758,.F.);
#10752 = FACE_BOUND('',#10753,.F.);
#10753 = EDGE_LOOP('',(#10754,#10755,#10756,#10757));
#10754 = ORIENTED_EDGE('',*,*,#10641,.F.);
#10755 = ORIENTED_EDGE('',*,*,#10711,.T.);
#10756 = ORIENTED_EDGE('',*,*,#10681,.T.);
#10757 = ORIENTED_EDGE('',*,*,#10733,.F.);
#10758 = PLANE('',#10759);
#10759 = AXIS2_PLACEMENT_3D('',#10760,#10761,#10762);
#10760 = CARTESIAN_POINT('',(947.,15.,-34.));
#10761 = DIRECTION('',(0.,0.,1.));
#10762 = DIRECTION('',(1.,0.,0.));
#10763 = ADVANCED_FACE('',(#10764),#10770,.T.);
#10764 = FACE_BOUND('',#10765,.T.);
#10765 = EDGE_LOOP('',(#10766,#10767,#10768,#10769));
#10766 = ORIENTED_EDGE('',*,*,#10657,.F.);
#10767 = ORIENTED_EDGE('',*,*,#10718,.T.);
#10768 = ORIENTED_EDGE('',*,*,#10697,.T.);
#10769 = ORIENTED_EDGE('',*,*,#10740,.F.);
#10770 = PLANE('',#10771);
#10771 = AXIS2_PLACEMENT_3D('',#10772,#10773,#10774);
#10772 = CARTESIAN_POINT('',(947.,15.,-16.));
#10773 = DIRECTION('',(0.,0.,1.));
#10774 = DIRECTION('',(1.,0.,0.));
#10775 = MANIFOLD_SOLID_BREP('',#10776);
#10776 = CLOSED_SHELL('',(#10777,#10817,#10857,#10879,#10901,#10913));
#10777 = ADVANCED_FACE('',(#10778),#10812,.F.);
#10778 = FACE_BOUND('',#10779,.F.);
#10779 = EDGE_LOOP('',(#10780,#10790,#10798,#10806));
#10780 = ORIENTED_EDGE('',*,*,#10781,.F.);
#10781 = EDGE_CURVE('',#10782,#10784,#10786,.T.);
#10782 = VERTEX_POINT('',#10783);
#10783 = CARTESIAN_POINT('',(950.,-11.5,-31.));
#10784 = VERTEX_POINT('',#10785);
#10785 = CARTESIAN_POINT('',(950.,-11.5,-23.5));
#10786 = LINE('',#10787,#10788);
#10787 = CARTESIAN_POINT('',(950.,-11.5,-31.));
#10788 = VECTOR('',#10789,1.);
#10789 = DIRECTION('',(0.,0.,1.));
#10790 = ORIENTED_EDGE('',*,*,#10791,.T.);
#10791 = EDGE_CURVE('',#10782,#10792,#10794,.T.);
#10792 = VERTEX_POINT('',#10793);
#10793 = CARTESIAN_POINT('',(950.,11.5,-31.));
#10794 = LINE('',#10795,#10796);
#10795 = CARTESIAN_POINT('',(950.,-11.5,-31.));
#10796 = VECTOR('',#10797,1.);
#10797 = DIRECTION('',(0.,1.,0.));
#10798 = ORIENTED_EDGE('',*,*,#10799,.T.);
#10799 = EDGE_CURVE('',#10792,#10800,#10802,.T.);
#10800 = VERTEX_POINT('',#10801);
#10801 = CARTESIAN_POINT('',(950.,11.5,-23.5));
#10802 = LINE('',#10803,#10804);
#10803 = CARTESIAN_POINT('',(950.,11.5,-31.));
#10804 = VECTOR('',#10805,1.);
#10805 = DIRECTION('',(0.,0.,1.));
#10806 = ORIENTED_EDGE('',*,*,#10807,.F.);
#10807 = EDGE_CURVE('',#10784,#10800,#10808,.T.);
#10808 = LINE('',#10809,#10810);
#10809 = CARTESIAN_POINT('',(950.,-11.5,-23.5));
#10810 = VECTOR('',#10811,1.);
#10811 = DIRECTION('',(0.,1.,0.));
#10812 = PLANE('',#10813);
#10813 = AXIS2_PLACEMENT_3D('',#10814,#10815,#10816);
#10814 = CARTESIAN_POINT('',(950.,-11.5,-31.));
#10815 = DIRECTION('',(1.,0.,0.));
#10816 = DIRECTION('',(0.,0.,1.));
#10817 = ADVANCED_FACE('',(#10818),#10852,.T.);
#10818 = FACE_BOUND('',#10819,.T.);
#10819 = EDGE_LOOP('',(#10820,#10830,#10838,#10846));
#10820 = ORIENTED_EDGE('',*,*,#10821,.F.);
#10821 = EDGE_CURVE('',#10822,#10824,#10826,.T.);
#10822 = VERTEX_POINT('',#10823);
#10823 = CARTESIAN_POINT('',(1.001E+03,-11.5,-31.));
#10824 = VERTEX_POINT('',#10825);
#10825 = CARTESIAN_POINT('',(1.001E+03,-11.5,-23.5));
#10826 = LINE('',#10827,#10828);
#10827 = CARTESIAN_POINT('',(1.001E+03,-11.5,-31.));
#10828 = VECTOR('',#10829,1.);
#10829 = DIRECTION('',(0.,0.,1.));
#10830 = ORIENTED_EDGE('',*,*,#10831,.T.);
#10831 = EDGE_CURVE('',#10822,#10832,#10834,.T.);
#10832 = VERTEX_POINT('',#10833);
#10833 = CARTESIAN_POINT('',(1.001E+03,11.5,-31.));
#10834 = LINE('',#10835,#10836);
#10835 = CARTESIAN_POINT('',(1.001E+03,-11.5,-31.));
#10836 = VECTOR('',#10837,1.);
#10837 = DIRECTION('',(0.,1.,0.));
#10838 = ORIENTED_EDGE('',*,*,#10839,.T.);
#10839 = EDGE_CURVE('',#10832,#10840,#10842,.T.);
#10840 = VERTEX_POINT('',#10841);
#10841 = CARTESIAN_POINT('',(1.001E+03,11.5,-23.5));
#10842 = LINE('',#10843,#10844);
#10843 = CARTESIAN_POINT('',(1.001E+03,11.5,-31.));
#10844 = VECTOR('',#10845,1.);
#10845 = DIRECTION('',(0.,0.,1.));
#10846 = ORIENTED_EDGE('',*,*,#10847,.F.);
#10847 = EDGE_CURVE('',#10824,#10840,#10848,.T.);
#10848 = LINE('',#10849,#10850);
#10849 = CARTESIAN_POINT('',(1.001E+03,-11.5,-23.5));
#10850 = VECTOR('',#10851,1.);
#10851 = DIRECTION('',(0.,1.,0.));
#10852 = PLANE('',#10853);
#10853 = AXIS2_PLACEMENT_3D('',#10854,#10855,#10856);
#10854 = CARTESIAN_POINT('',(1.001E+03,-11.5,-31.));
#10855 = DIRECTION('',(1.,0.,0.));
#10856 = DIRECTION('',(0.,0.,1.));
#10857 = ADVANCED_FACE('',(#10858),#10874,.F.);
#10858 = FACE_BOUND('',#10859,.F.);
#10859 = EDGE_LOOP('',(#10860,#10866,#10867,#10873));
#10860 = ORIENTED_EDGE('',*,*,#10861,.F.);
#10861 = EDGE_CURVE('',#10782,#10822,#10862,.T.);
#10862 = LINE('',#10863,#10864);
#10863 = CARTESIAN_POINT('',(950.,-11.5,-31.));
#10864 = VECTOR('',#10865,1.);
#10865 = DIRECTION('',(1.,0.,0.));
#10866 = ORIENTED_EDGE('',*,*,#10781,.T.);
#10867 = ORIENTED_EDGE('',*,*,#10868,.T.);
#10868 = EDGE_CURVE('',#10784,#10824,#10869,.T.);
#10869 = LINE('',#10870,#10871);
#10870 = CARTESIAN_POINT('',(950.,-11.5,-23.5));
#10871 = VECTOR('',#10872,1.);
#10872 = DIRECTION('',(1.,0.,0.));
#10873 = ORIENTED_EDGE('',*,*,#10821,.F.);
#10874 = PLANE('',#10875);
#10875 = AXIS2_PLACEMENT_3D('',#10876,#10877,#10878);
#10876 = CARTESIAN_POINT('',(950.,-11.5,-31.));
#10877 = DIRECTION('',(0.,1.,0.));
#10878 = DIRECTION('',(0.,0.,1.));
#10879 = ADVANCED_FACE('',(#10880),#10896,.T.);
#10880 = FACE_BOUND('',#10881,.T.);
#10881 = EDGE_LOOP('',(#10882,#10888,#10889,#10895));
#10882 = ORIENTED_EDGE('',*,*,#10883,.F.);
#10883 = EDGE_CURVE('',#10792,#10832,#10884,.T.);
#10884 = LINE('',#10885,#10886);
#10885 = CARTESIAN_POINT('',(950.,11.5,-31.));
#10886 = VECTOR('',#10887,1.);
#10887 = DIRECTION('',(1.,0.,0.));
#10888 = ORIENTED_EDGE('',*,*,#10799,.T.);
#10889 = ORIENTED_EDGE('',*,*,#10890,.T.);
#10890 = EDGE_CURVE('',#10800,#10840,#10891,.T.);
#10891 = LINE('',#10892,#10893);
#10892 = CARTESIAN_POINT('',(950.,11.5,-23.5));
#10893 = VECTOR('',#10894,1.);
#10894 = DIRECTION('',(1.,0.,0.));
#10895 = ORIENTED_EDGE('',*,*,#10839,.F.);
#10896 = PLANE('',#10897);
#10897 = AXIS2_PLACEMENT_3D('',#10898,#10899,#10900);
#10898 = CARTESIAN_POINT('',(950.,11.5,-31.));
#10899 = DIRECTION('',(0.,1.,0.));
#10900 = DIRECTION('',(0.,0.,1.));
#10901 = ADVANCED_FACE('',(#10902),#10908,.F.);
#10902 = FACE_BOUND('',#10903,.F.);
#10903 = EDGE_LOOP('',(#10904,#10905,#10906,#10907));
#10904 = ORIENTED_EDGE('',*,*,#10791,.F.);
#10905 = ORIENTED_EDGE('',*,*,#10861,.T.);
#10906 = ORIENTED_EDGE('',*,*,#10831,.T.);
#10907 = ORIENTED_EDGE('',*,*,#10883,.F.);
#10908 = PLANE('',#10909);
#10909 = AXIS2_PLACEMENT_3D('',#10910,#10911,#10912);
#10910 = CARTESIAN_POINT('',(950.,-11.5,-31.));
#10911 = DIRECTION('',(0.,0.,1.));
#10912 = DIRECTION('',(1.,0.,0.));
#10913 = ADVANCED_FACE('',(#10914),#10920,.T.);
#10914 = FACE_BOUND('',#10915,.T.);
#10915 = EDGE_LOOP('',(#10916,#10917,#10918,#10919));
#10916 = ORIENTED_EDGE('',*,*,#10807,.F.);
#10917 = ORIENTED_EDGE('',*,*,#10868,.T.);
#10918 = ORIENTED_EDGE('',*,*,#10847,.T.);
#10919 = ORIENTED_EDGE('',*,*,#10890,.F.);
#10920 = PLANE('',#10921);
#10921 = AXIS2_PLACEMENT_3D('',#10922,#10923,#10924);
#10922 = CARTESIAN_POINT('',(950.,-11.5,-23.5));
#10923 = DIRECTION('',(0.,0.,1.));
#10924 = DIRECTION('',(1.,0.,0.));
#10925 = MANIFOLD_SOLID_BREP('',#10926);
#10926 = CLOSED_SHELL('',(#10927,#10967,#11007,#11029,#11051,#11063));
#10927 = ADVANCED_FACE('',(#10928),#10962,.F.);
#10928 = FACE_BOUND('',#10929,.F.);
#10929 = EDGE_LOOP('',(#10930,#10940,#10948,#10956));
#10930 = ORIENTED_EDGE('',*,*,#10931,.F.);
#10931 = EDGE_CURVE('',#10932,#10934,#10936,.T.);
#10932 = VERTEX_POINT('',#10933);
#10933 = CARTESIAN_POINT('',(950.,-11.5,-34.));
#10934 = VERTEX_POINT('',#10935);
#10935 = CARTESIAN_POINT('',(950.,-11.5,-31.));
#10936 = LINE('',#10937,#10938);
#10937 = CARTESIAN_POINT('',(950.,-11.5,-34.));
#10938 = VECTOR('',#10939,1.);
#10939 = DIRECTION('',(0.,0.,1.));
#10940 = ORIENTED_EDGE('',*,*,#10941,.T.);
#10941 = EDGE_CURVE('',#10932,#10942,#10944,.T.);
#10942 = VERTEX_POINT('',#10943);
#10943 = CARTESIAN_POINT('',(950.,-9.5,-34.));
#10944 = LINE('',#10945,#10946);
#10945 = CARTESIAN_POINT('',(950.,-11.5,-34.));
#10946 = VECTOR('',#10947,1.);
#10947 = DIRECTION('',(0.,1.,0.));
#10948 = ORIENTED_EDGE('',*,*,#10949,.T.);
#10949 = EDGE_CURVE('',#10942,#10950,#10952,.T.);
#10950 = VERTEX_POINT('',#10951);
#10951 = CARTESIAN_POINT('',(950.,-9.5,-31.));
#10952 = LINE('',#10953,#10954);
#10953 = CARTESIAN_POINT('',(950.,-9.5,-34.));
#10954 = VECTOR('',#10955,1.);
#10955 = DIRECTION('',(0.,0.,1.));
#10956 = ORIENTED_EDGE('',*,*,#10957,.F.);
#10957 = EDGE_CURVE('',#10934,#10950,#10958,.T.);
#10958 = LINE('',#10959,#10960);
#10959 = CARTESIAN_POINT('',(950.,-11.5,-31.));
#10960 = VECTOR('',#10961,1.);
#10961 = DIRECTION('',(0.,1.,0.));
#10962 = PLANE('',#10963);
#10963 = AXIS2_PLACEMENT_3D('',#10964,#10965,#10966);
#10964 = CARTESIAN_POINT('',(950.,-11.5,-34.));
#10965 = DIRECTION('',(1.,0.,0.));
#10966 = DIRECTION('',(0.,0.,1.));
#10967 = ADVANCED_FACE('',(#10968),#11002,.T.);
#10968 = FACE_BOUND('',#10969,.T.);
#10969 = EDGE_LOOP('',(#10970,#10980,#10988,#10996));
#10970 = ORIENTED_EDGE('',*,*,#10971,.F.);
#10971 = EDGE_CURVE('',#10972,#10974,#10976,.T.);
#10972 = VERTEX_POINT('',#10973);
#10973 = CARTESIAN_POINT('',(1.001E+03,-11.5,-34.));
#10974 = VERTEX_POINT('',#10975);
#10975 = CARTESIAN_POINT('',(1.001E+03,-11.5,-31.));
#10976 = LINE('',#10977,#10978);
#10977 = CARTESIAN_POINT('',(1.001E+03,-11.5,-34.));
#10978 = VECTOR('',#10979,1.);
#10979 = DIRECTION('',(0.,0.,1.));
#10980 = ORIENTED_EDGE('',*,*,#10981,.T.);
#10981 = EDGE_CURVE('',#10972,#10982,#10984,.T.);
#10982 = VERTEX_POINT('',#10983);
#10983 = CARTESIAN_POINT('',(1.001E+03,-9.5,-34.));
#10984 = LINE('',#10985,#10986);
#10985 = CARTESIAN_POINT('',(1.001E+03,-11.5,-34.));
#10986 = VECTOR('',#10987,1.);
#10987 = DIRECTION('',(0.,1.,0.));
#10988 = ORIENTED_EDGE('',*,*,#10989,.T.);
#10989 = EDGE_CURVE('',#10982,#10990,#10992,.T.);
#10990 = VERTEX_POINT('',#10991);
#10991 = CARTESIAN_POINT('',(1.001E+03,-9.5,-31.));
#10992 = LINE('',#10993,#10994);
#10993 = CARTESIAN_POINT('',(1.001E+03,-9.5,-34.));
#10994 = VECTOR('',#10995,1.);
#10995 = DIRECTION('',(0.,0.,1.));
#10996 = ORIENTED_EDGE('',*,*,#10997,.F.);
#10997 = EDGE_CURVE('',#10974,#10990,#10998,.T.);
#10998 = LINE('',#10999,#11000);
#10999 = CARTESIAN_POINT('',(1.001E+03,-11.5,-31.));
#11000 = VECTOR('',#11001,1.);
#11001 = DIRECTION('',(0.,1.,0.));
#11002 = PLANE('',#11003);
#11003 = AXIS2_PLACEMENT_3D('',#11004,#11005,#11006);
#11004 = CARTESIAN_POINT('',(1.001E+03,-11.5,-34.));
#11005 = DIRECTION('',(1.,0.,0.));
#11006 = DIRECTION('',(0.,0.,1.));
#11007 = ADVANCED_FACE('',(#11008),#11024,.F.);
#11008 = FACE_BOUND('',#11009,.F.);
#11009 = EDGE_LOOP('',(#11010,#11016,#11017,#11023));
#11010 = ORIENTED_EDGE('',*,*,#11011,.F.);
#11011 = EDGE_CURVE('',#10932,#10972,#11012,.T.);
#11012 = LINE('',#11013,#11014);
#11013 = CARTESIAN_POINT('',(950.,-11.5,-34.));
#11014 = VECTOR('',#11015,1.);
#11015 = DIRECTION('',(1.,0.,0.));
#11016 = ORIENTED_EDGE('',*,*,#10931,.T.);
#11017 = ORIENTED_EDGE('',*,*,#11018,.T.);
#11018 = EDGE_CURVE('',#10934,#10974,#11019,.T.);
#11019 = LINE('',#11020,#11021);
#11020 = CARTESIAN_POINT('',(950.,-11.5,-31.));
#11021 = VECTOR('',#11022,1.);
#11022 = DIRECTION('',(1.,0.,0.));
#11023 = ORIENTED_EDGE('',*,*,#10971,.F.);
#11024 = PLANE('',#11025);
#11025 = AXIS2_PLACEMENT_3D('',#11026,#11027,#11028);
#11026 = CARTESIAN_POINT('',(950.,-11.5,-34.));
#11027 = DIRECTION('',(0.,1.,0.));
#11028 = DIRECTION('',(0.,0.,1.));
#11029 = ADVANCED_FACE('',(#11030),#11046,.T.);
#11030 = FACE_BOUND('',#11031,.T.);
#11031 = EDGE_LOOP('',(#11032,#11038,#11039,#11045));
#11032 = ORIENTED_EDGE('',*,*,#11033,.F.);
#11033 = EDGE_CURVE('',#10942,#10982,#11034,.T.);
#11034 = LINE('',#11035,#11036);
#11035 = CARTESIAN_POINT('',(950.,-9.5,-34.));
#11036 = VECTOR('',#11037,1.);
#11037 = DIRECTION('',(1.,0.,0.));
#11038 = ORIENTED_EDGE('',*,*,#10949,.T.);
#11039 = ORIENTED_EDGE('',*,*,#11040,.T.);
#11040 = EDGE_CURVE('',#10950,#10990,#11041,.T.);
#11041 = LINE('',#11042,#11043);
#11042 = CARTESIAN_POINT('',(950.,-9.5,-31.));
#11043 = VECTOR('',#11044,1.);
#11044 = DIRECTION('',(1.,0.,0.));
#11045 = ORIENTED_EDGE('',*,*,#10989,.F.);
#11046 = PLANE('',#11047);
#11047 = AXIS2_PLACEMENT_3D('',#11048,#11049,#11050);
#11048 = CARTESIAN_POINT('',(950.,-9.5,-34.));
#11049 = DIRECTION('',(0.,1.,0.));
#11050 = DIRECTION('',(0.,0.,1.));
#11051 = ADVANCED_FACE('',(#11052),#11058,.F.);
#11052 = FACE_BOUND('',#11053,.F.);
#11053 = EDGE_LOOP('',(#11054,#11055,#11056,#11057));
#11054 = ORIENTED_EDGE('',*,*,#10941,.F.);
#11055 = ORIENTED_EDGE('',*,*,#11011,.T.);
#11056 = ORIENTED_EDGE('',*,*,#10981,.T.);
#11057 = ORIENTED_EDGE('',*,*,#11033,.F.);
#11058 = PLANE('',#11059);
#11059 = AXIS2_PLACEMENT_3D('',#11060,#11061,#11062);
#11060 = CARTESIAN_POINT('',(950.,-11.5,-34.));
#11061 = DIRECTION('',(0.,0.,1.));
#11062 = DIRECTION('',(1.,0.,0.));
#11063 = ADVANCED_FACE('',(#11064),#11070,.T.);
#11064 = FACE_BOUND('',#11065,.T.);
#11065 = EDGE_LOOP('',(#11066,#11067,#11068,#11069));
#11066 = ORIENTED_EDGE('',*,*,#10957,.F.);
#11067 = ORIENTED_EDGE('',*,*,#11018,.T.);
#11068 = ORIENTED_EDGE('',*,*,#10997,.T.);
#11069 = ORIENTED_EDGE('',*,*,#11040,.F.);
#11070 = PLANE('',#11071);
#11071 = AXIS2_PLACEMENT_3D('',#11072,#11073,#11074);
#11072 = CARTESIAN_POINT('',(950.,-11.5,-31.));
#11073 = DIRECTION('',(0.,0.,1.));
#11074 = DIRECTION('',(1.,0.,0.));
#11075 = MANIFOLD_SOLID_BREP('',#11076);
#11076 = CLOSED_SHELL('',(#11077,#11117,#11157,#11179,#11201,#11213));
#11077 = ADVANCED_FACE('',(#11078),#11112,.F.);
#11078 = FACE_BOUND('',#11079,.F.);
#11079 = EDGE_LOOP('',(#11080,#11090,#11098,#11106));
#11080 = ORIENTED_EDGE('',*,*,#11081,.F.);
#11081 = EDGE_CURVE('',#11082,#11084,#11086,.T.);
#11082 = VERTEX_POINT('',#11083);
#11083 = CARTESIAN_POINT('',(950.,9.5,-34.));
#11084 = VERTEX_POINT('',#11085);
#11085 = CARTESIAN_POINT('',(950.,9.5,-31.));
#11086 = LINE('',#11087,#11088);
#11087 = CARTESIAN_POINT('',(950.,9.5,-34.));
#11088 = VECTOR('',#11089,1.);
#11089 = DIRECTION('',(0.,0.,1.));
#11090 = ORIENTED_EDGE('',*,*,#11091,.T.);
#11091 = EDGE_CURVE('',#11082,#11092,#11094,.T.);
#11092 = VERTEX_POINT('',#11093);
#11093 = CARTESIAN_POINT('',(950.,11.5,-34.));
#11094 = LINE('',#11095,#11096);
#11095 = CARTESIAN_POINT('',(950.,9.5,-34.));
#11096 = VECTOR('',#11097,1.);
#11097 = DIRECTION('',(0.,1.,0.));
#11098 = ORIENTED_EDGE('',*,*,#11099,.T.);
#11099 = EDGE_CURVE('',#11092,#11100,#11102,.T.);
#11100 = VERTEX_POINT('',#11101);
#11101 = CARTESIAN_POINT('',(950.,11.5,-31.));
#11102 = LINE('',#11103,#11104);
#11103 = CARTESIAN_POINT('',(950.,11.5,-34.));
#11104 = VECTOR('',#11105,1.);
#11105 = DIRECTION('',(0.,0.,1.));
#11106 = ORIENTED_EDGE('',*,*,#11107,.F.);
#11107 = EDGE_CURVE('',#11084,#11100,#11108,.T.);
#11108 = LINE('',#11109,#11110);
#11109 = CARTESIAN_POINT('',(950.,9.5,-31.));
#11110 = VECTOR('',#11111,1.);
#11111 = DIRECTION('',(0.,1.,0.));
#11112 = PLANE('',#11113);
#11113 = AXIS2_PLACEMENT_3D('',#11114,#11115,#11116);
#11114 = CARTESIAN_POINT('',(950.,9.5,-34.));
#11115 = DIRECTION('',(1.,0.,0.));
#11116 = DIRECTION('',(0.,0.,1.));
#11117 = ADVANCED_FACE('',(#11118),#11152,.T.);
#11118 = FACE_BOUND('',#11119,.T.);
#11119 = EDGE_LOOP('',(#11120,#11130,#11138,#11146));
#11120 = ORIENTED_EDGE('',*,*,#11121,.F.);
#11121 = EDGE_CURVE('',#11122,#11124,#11126,.T.);
#11122 = VERTEX_POINT('',#11123);
#11123 = CARTESIAN_POINT('',(1.001E+03,9.5,-34.));
#11124 = VERTEX_POINT('',#11125);
#11125 = CARTESIAN_POINT('',(1.001E+03,9.5,-31.));
#11126 = LINE('',#11127,#11128);
#11127 = CARTESIAN_POINT('',(1.001E+03,9.5,-34.));
#11128 = VECTOR('',#11129,1.);
#11129 = DIRECTION('',(0.,0.,1.));
#11130 = ORIENTED_EDGE('',*,*,#11131,.T.);
#11131 = EDGE_CURVE('',#11122,#11132,#11134,.T.);
#11132 = VERTEX_POINT('',#11133);
#11133 = CARTESIAN_POINT('',(1.001E+03,11.5,-34.));
#11134 = LINE('',#11135,#11136);
#11135 = CARTESIAN_POINT('',(1.001E+03,9.5,-34.));
#11136 = VECTOR('',#11137,1.);
#11137 = DIRECTION('',(0.,1.,0.));
#11138 = ORIENTED_EDGE('',*,*,#11139,.T.);
#11139 = EDGE_CURVE('',#11132,#11140,#11142,.T.);
#11140 = VERTEX_POINT('',#11141);
#11141 = CARTESIAN_POINT('',(1.001E+03,11.5,-31.));
#11142 = LINE('',#11143,#11144);
#11143 = CARTESIAN_POINT('',(1.001E+03,11.5,-34.));
#11144 = VECTOR('',#11145,1.);
#11145 = DIRECTION('',(0.,0.,1.));
#11146 = ORIENTED_EDGE('',*,*,#11147,.F.);
#11147 = EDGE_CURVE('',#11124,#11140,#11148,.T.);
#11148 = LINE('',#11149,#11150);
#11149 = CARTESIAN_POINT('',(1.001E+03,9.5,-31.));
#11150 = VECTOR('',#11151,1.);
#11151 = DIRECTION('',(0.,1.,0.));
#11152 = PLANE('',#11153);
#11153 = AXIS2_PLACEMENT_3D('',#11154,#11155,#11156);
#11154 = CARTESIAN_POINT('',(1.001E+03,9.5,-34.));
#11155 = DIRECTION('',(1.,0.,0.));
#11156 = DIRECTION('',(0.,0.,1.));
#11157 = ADVANCED_FACE('',(#11158),#11174,.F.);
#11158 = FACE_BOUND('',#11159,.F.);
#11159 = EDGE_LOOP('',(#11160,#11166,#11167,#11173));
#11160 = ORIENTED_EDGE('',*,*,#11161,.F.);
#11161 = EDGE_CURVE('',#11082,#11122,#11162,.T.);
#11162 = LINE('',#11163,#11164);
#11163 = CARTESIAN_POINT('',(950.,9.5,-34.));
#11164 = VECTOR('',#11165,1.);
#11165 = DIRECTION('',(1.,0.,0.));
#11166 = ORIENTED_EDGE('',*,*,#11081,.T.);
#11167 = ORIENTED_EDGE('',*,*,#11168,.T.);
#11168 = EDGE_CURVE('',#11084,#11124,#11169,.T.);
#11169 = LINE('',#11170,#11171);
#11170 = CARTESIAN_POINT('',(950.,9.5,-31.));
#11171 = VECTOR('',#11172,1.);
#11172 = DIRECTION('',(1.,0.,0.));
#11173 = ORIENTED_EDGE('',*,*,#11121,.F.);
#11174 = PLANE('',#11175);
#11175 = AXIS2_PLACEMENT_3D('',#11176,#11177,#11178);
#11176 = CARTESIAN_POINT('',(950.,9.5,-34.));
#11177 = DIRECTION('',(0.,1.,0.));
#11178 = DIRECTION('',(0.,0.,1.));
#11179 = ADVANCED_FACE('',(#11180),#11196,.T.);
#11180 = FACE_BOUND('',#11181,.T.);
#11181 = EDGE_LOOP('',(#11182,#11188,#11189,#11195));
#11182 = ORIENTED_EDGE('',*,*,#11183,.F.);
#11183 = EDGE_CURVE('',#11092,#11132,#11184,.T.);
#11184 = LINE('',#11185,#11186);
#11185 = CARTESIAN_POINT('',(950.,11.5,-34.));
#11186 = VECTOR('',#11187,1.);
#11187 = DIRECTION('',(1.,0.,0.));
#11188 = ORIENTED_EDGE('',*,*,#11099,.T.);
#11189 = ORIENTED_EDGE('',*,*,#11190,.T.);
#11190 = EDGE_CURVE('',#11100,#11140,#11191,.T.);
#11191 = LINE('',#11192,#11193);
#11192 = CARTESIAN_POINT('',(950.,11.5,-31.));
#11193 = VECTOR('',#11194,1.);
#11194 = DIRECTION('',(1.,0.,0.));
#11195 = ORIENTED_EDGE('',*,*,#11139,.F.);
#11196 = PLANE('',#11197);
#11197 = AXIS2_PLACEMENT_3D('',#11198,#11199,#11200);
#11198 = CARTESIAN_POINT('',(950.,11.5,-34.));
#11199 = DIRECTION('',(0.,1.,0.));
#11200 = DIRECTION('',(0.,0.,1.));
#11201 = ADVANCED_FACE('',(#11202),#11208,.F.);
#11202 = FACE_BOUND('',#11203,.F.);
#11203 = EDGE_LOOP('',(#11204,#11205,#11206,#11207));
#11204 = ORIENTED_EDGE('',*,*,#11091,.F.);
#11205 = ORIENTED_EDGE('',*,*,#11161,.T.);
#11206 = ORIENTED_EDGE('',*,*,#11131,.T.);
#11207 = ORIENTED_EDGE('',*,*,#11183,.F.);
#11208 = PLANE('',#11209);
#11209 = AXIS2_PLACEMENT_3D('',#11210,#11211,#11212);
#11210 = CARTESIAN_POINT('',(950.,9.5,-34.));
#11211 = DIRECTION('',(0.,0.,1.));
#11212 = DIRECTION('',(1.,0.,0.));
#11213 = ADVANCED_FACE('',(#11214),#11220,.T.);
#11214 = FACE_BOUND('',#11215,.T.);
#11215 = EDGE_LOOP('',(#11216,#11217,#11218,#11219));
#11216 = ORIENTED_EDGE('',*,*,#11107,.F.);
#11217 = ORIENTED_EDGE('',*,*,#11168,.T.);
#11218 = ORIENTED_EDGE('',*,*,#11147,.T.);
#11219 = ORIENTED_EDGE('',*,*,#11190,.F.);
#11220 = PLANE('',#11221);
#11221 = AXIS2_PLACEMENT_3D('',#11222,#11223,#11224);
#11222 = CARTESIAN_POINT('',(950.,9.5,-31.));
#11223 = DIRECTION('',(0.,0.,1.));
#11224 = DIRECTION('',(1.,0.,0.));
#11225 = MANIFOLD_SOLID_BREP('',#11226);
#11226 = CLOSED_SHELL('',(#11227,#11267,#11307,#11329,#11351,#11363));
#11227 = ADVANCED_FACE('',(#11228),#11262,.F.);
#11228 = FACE_BOUND('',#11229,.F.);
#11229 = EDGE_LOOP('',(#11230,#11240,#11248,#11256));
#11230 = ORIENTED_EDGE('',*,*,#11231,.F.);
#11231 = EDGE_CURVE('',#11232,#11234,#11236,.T.);
#11232 = VERTEX_POINT('',#11233);
#11233 = CARTESIAN_POINT('',(950.,-17.65,-10.8));
#11234 = VERTEX_POINT('',#11235);
#11235 = CARTESIAN_POINT('',(950.,-17.65,-5.5));
#11236 = LINE('',#11237,#11238);
#11237 = CARTESIAN_POINT('',(950.,-17.65,-10.8));
#11238 = VECTOR('',#11239,1.);
#11239 = DIRECTION('',(0.,0.,1.));
#11240 = ORIENTED_EDGE('',*,*,#11241,.T.);
#11241 = EDGE_CURVE('',#11232,#11242,#11244,.T.);
#11242 = VERTEX_POINT('',#11243);
#11243 = CARTESIAN_POINT('',(950.,17.65,-10.8));
#11244 = LINE('',#11245,#11246);
#11245 = CARTESIAN_POINT('',(950.,-17.65,-10.8));
#11246 = VECTOR('',#11247,1.);
#11247 = DIRECTION('',(0.,1.,0.));
#11248 = ORIENTED_EDGE('',*,*,#11249,.T.);
#11249 = EDGE_CURVE('',#11242,#11250,#11252,.T.);
#11250 = VERTEX_POINT('',#11251);
#11251 = CARTESIAN_POINT('',(950.,17.65,-5.5));
#11252 = LINE('',#11253,#11254);
#11253 = CARTESIAN_POINT('',(950.,17.65,-10.8));
#11254 = VECTOR('',#11255,1.);
#11255 = DIRECTION('',(0.,0.,1.));
#11256 = ORIENTED_EDGE('',*,*,#11257,.F.);
#11257 = EDGE_CURVE('',#11234,#11250,#11258,.T.);
#11258 = LINE('',#11259,#11260);
#11259 = CARTESIAN_POINT('',(950.,-17.65,-5.5));
#11260 = VECTOR('',#11261,1.);
#11261 = DIRECTION('',(0.,1.,0.));
#11262 = PLANE('',#11263);
#11263 = AXIS2_PLACEMENT_3D('',#11264,#11265,#11266);
#11264 = CARTESIAN_POINT('',(950.,-17.65,-10.8));
#11265 = DIRECTION('',(1.,0.,0.));
#11266 = DIRECTION('',(0.,0.,1.));
#11267 = ADVANCED_FACE('',(#11268),#11302,.T.);
#11268 = FACE_BOUND('',#11269,.T.);
#11269 = EDGE_LOOP('',(#11270,#11280,#11288,#11296));
#11270 = ORIENTED_EDGE('',*,*,#11271,.F.);
#11271 = EDGE_CURVE('',#11272,#11274,#11276,.T.);
#11272 = VERTEX_POINT('',#11273);
#11273 = CARTESIAN_POINT('',(1.0123E+03,-17.65,-10.8));
#11274 = VERTEX_POINT('',#11275);
#11275 = CARTESIAN_POINT('',(1.0123E+03,-17.65,-5.5));
#11276 = LINE('',#11277,#11278);
#11277 = CARTESIAN_POINT('',(1.0123E+03,-17.65,-10.8));
#11278 = VECTOR('',#11279,1.);
#11279 = DIRECTION('',(0.,0.,1.));
#11280 = ORIENTED_EDGE('',*,*,#11281,.T.);
#11281 = EDGE_CURVE('',#11272,#11282,#11284,.T.);
#11282 = VERTEX_POINT('',#11283);
#11283 = CARTESIAN_POINT('',(1.0123E+03,17.65,-10.8));
#11284 = LINE('',#11285,#11286);
#11285 = CARTESIAN_POINT('',(1.0123E+03,-17.65,-10.8));
#11286 = VECTOR('',#11287,1.);
#11287 = DIRECTION('',(0.,1.,0.));
#11288 = ORIENTED_EDGE('',*,*,#11289,.T.);
#11289 = EDGE_CURVE('',#11282,#11290,#11292,.T.);
#11290 = VERTEX_POINT('',#11291);
#11291 = CARTESIAN_POINT('',(1.0123E+03,17.65,-5.5));
#11292 = LINE('',#11293,#11294);
#11293 = CARTESIAN_POINT('',(1.0123E+03,17.65,-10.8));
#11294 = VECTOR('',#11295,1.);
#11295 = DIRECTION('',(0.,0.,1.));
#11296 = ORIENTED_EDGE('',*,*,#11297,.F.);
#11297 = EDGE_CURVE('',#11274,#11290,#11298,.T.);
#11298 = LINE('',#11299,#11300);
#11299 = CARTESIAN_POINT('',(1.0123E+03,-17.65,-5.5));
#11300 = VECTOR('',#11301,1.);
#11301 = DIRECTION('',(0.,1.,0.));
#11302 = PLANE('',#11303);
#11303 = AXIS2_PLACEMENT_3D('',#11304,#11305,#11306);
#11304 = CARTESIAN_POINT('',(1.0123E+03,-17.65,-10.8));
#11305 = DIRECTION('',(1.,0.,0.));
#11306 = DIRECTION('',(0.,0.,1.));
#11307 = ADVANCED_FACE('',(#11308),#11324,.F.);
#11308 = FACE_BOUND('',#11309,.F.);
#11309 = EDGE_LOOP('',(#11310,#11316,#11317,#11323));
#11310 = ORIENTED_EDGE('',*,*,#11311,.F.);
#11311 = EDGE_CURVE('',#11232,#11272,#11312,.T.);
#11312 = LINE('',#11313,#11314);
#11313 = CARTESIAN_POINT('',(950.,-17.65,-10.8));
#11314 = VECTOR('',#11315,1.);
#11315 = DIRECTION('',(1.,0.,0.));
#11316 = ORIENTED_EDGE('',*,*,#11231,.T.);
#11317 = ORIENTED_EDGE('',*,*,#11318,.T.);
#11318 = EDGE_CURVE('',#11234,#11274,#11319,.T.);
#11319 = LINE('',#11320,#11321);
#11320 = CARTESIAN_POINT('',(950.,-17.65,-5.5));
#11321 = VECTOR('',#11322,1.);
#11322 = DIRECTION('',(1.,0.,0.));
#11323 = ORIENTED_EDGE('',*,*,#11271,.F.);
#11324 = PLANE('',#11325);
#11325 = AXIS2_PLACEMENT_3D('',#11326,#11327,#11328);
#11326 = CARTESIAN_POINT('',(950.,-17.65,-10.8));
#11327 = DIRECTION('',(0.,1.,0.));
#11328 = DIRECTION('',(0.,0.,1.));
#11329 = ADVANCED_FACE('',(#11330),#11346,.T.);
#11330 = FACE_BOUND('',#11331,.T.);
#11331 = EDGE_LOOP('',(#11332,#11338,#11339,#11345));
#11332 = ORIENTED_EDGE('',*,*,#11333,.F.);
#11333 = EDGE_CURVE('',#11242,#11282,#11334,.T.);
#11334 = LINE('',#11335,#11336);
#11335 = CARTESIAN_POINT('',(950.,17.65,-10.8));
#11336 = VECTOR('',#11337,1.);
#11337 = DIRECTION('',(1.,0.,0.));
#11338 = ORIENTED_EDGE('',*,*,#11249,.T.);
#11339 = ORIENTED_EDGE('',*,*,#11340,.T.);
#11340 = EDGE_CURVE('',#11250,#11290,#11341,.T.);
#11341 = LINE('',#11342,#11343);
#11342 = CARTESIAN_POINT('',(950.,17.65,-5.5));
#11343 = VECTOR('',#11344,1.);
#11344 = DIRECTION('',(1.,0.,0.));
#11345 = ORIENTED_EDGE('',*,*,#11289,.F.);
#11346 = PLANE('',#11347);
#11347 = AXIS2_PLACEMENT_3D('',#11348,#11349,#11350);
#11348 = CARTESIAN_POINT('',(950.,17.65,-10.8));
#11349 = DIRECTION('',(0.,1.,0.));
#11350 = DIRECTION('',(0.,0.,1.));
#11351 = ADVANCED_FACE('',(#11352),#11358,.F.);
#11352 = FACE_BOUND('',#11353,.F.);
#11353 = EDGE_LOOP('',(#11354,#11355,#11356,#11357));
#11354 = ORIENTED_EDGE('',*,*,#11241,.F.);
#11355 = ORIENTED_EDGE('',*,*,#11311,.T.);
#11356 = ORIENTED_EDGE('',*,*,#11281,.T.);
#11357 = ORIENTED_EDGE('',*,*,#11333,.F.);
#11358 = PLANE('',#11359);
#11359 = AXIS2_PLACEMENT_3D('',#11360,#11361,#11362);
#11360 = CARTESIAN_POINT('',(950.,-17.65,-10.8));
#11361 = DIRECTION('',(0.,0.,1.));
#11362 = DIRECTION('',(1.,0.,0.));
#11363 = ADVANCED_FACE('',(#11364),#11370,.T.);
#11364 = FACE_BOUND('',#11365,.T.);
#11365 = EDGE_LOOP('',(#11366,#11367,#11368,#11369));
#11366 = ORIENTED_EDGE('',*,*,#11257,.F.);
#11367 = ORIENTED_EDGE('',*,*,#11318,.T.);
#11368 = ORIENTED_EDGE('',*,*,#11297,.T.);
#11369 = ORIENTED_EDGE('',*,*,#11340,.F.);
#11370 = PLANE('',#11371);
#11371 = AXIS2_PLACEMENT_3D('',#11372,#11373,#11374);
#11372 = CARTESIAN_POINT('',(950.,-17.65,-5.5));
#11373 = DIRECTION('',(0.,0.,1.));
#11374 = DIRECTION('',(1.,0.,0.));
#11375 = MANIFOLD_SOLID_BREP('',#11376);
#11376 = CLOSED_SHELL('',(#11377,#11410,#11419));
#11377 = ADVANCED_FACE('',(#11378),#11405,.T.);
#11378 = FACE_BOUND('',#11379,.F.);
#11379 = EDGE_LOOP('',(#11380,#11390,#11397,#11398));
#11380 = ORIENTED_EDGE('',*,*,#11381,.T.);
#11381 = EDGE_CURVE('',#11382,#11384,#11386,.T.);
#11382 = VERTEX_POINT('',#11383);
#11383 = CARTESIAN_POINT('',(1.039E+03,-1.469576158977E-15,-27.));
#11384 = VERTEX_POINT('',#11385);
#11385 = CARTESIAN_POINT('',(1.039E+03,-1.469576158977E-15,-17.));
#11386 = LINE('',#11387,#11388);
#11387 = CARTESIAN_POINT('',(1.039E+03,-1.469576158977E-15,-27.));
#11388 = VECTOR('',#11389,1.);
#11389 = DIRECTION('',(0.,0.,1.));
#11390 = ORIENTED_EDGE('',*,*,#11391,.T.);
#11391 = EDGE_CURVE('',#11384,#11384,#11392,.T.);
#11392 = CIRCLE('',#11393,6.);
#11393 = AXIS2_PLACEMENT_3D('',#11394,#11395,#11396);
#11394 = CARTESIAN_POINT('',(1.033E+03,0.,-17.));
#11395 = DIRECTION('',(0.,0.,1.));
#11396 = DIRECTION('',(1.,0.,0.));
#11397 = ORIENTED_EDGE('',*,*,#11381,.F.);
#11398 = ORIENTED_EDGE('',*,*,#11399,.F.);
#11399 = EDGE_CURVE('',#11382,#11382,#11400,.T.);
#11400 = CIRCLE('',#11401,6.);
#11401 = AXIS2_PLACEMENT_3D('',#11402,#11403,#11404);
#11402 = CARTESIAN_POINT('',(1.033E+03,0.,-27.));
#11403 = DIRECTION('',(0.,0.,1.));
#11404 = DIRECTION('',(1.,0.,0.));
#11405 = CYLINDRICAL_SURFACE('',#11406,6.);
#11406 = AXIS2_PLACEMENT_3D('',#11407,#11408,#11409);
#11407 = CARTESIAN_POINT('',(1.033E+03,0.,-27.));
#11408 = DIRECTION('',(-0.,-0.,-1.));
#11409 = DIRECTION('',(1.,0.,0.));
#11410 = ADVANCED_FACE('',(#11411),#11414,.F.);
#11411 = FACE_BOUND('',#11412,.T.);
#11412 = EDGE_LOOP('',(#11413));
#11413 = ORIENTED_EDGE('',*,*,#11399,.F.);
#11414 = PLANE('',#11415);
#11415 = AXIS2_PLACEMENT_3D('',#11416,#11417,#11418);
#11416 = CARTESIAN_POINT('',(1.033E+03,0.,-27.));
#11417 = DIRECTION('',(0.,0.,1.));
#11418 = DIRECTION('',(1.,0.,0.));
#11419 = ADVANCED_FACE('',(#11420),#11423,.T.);
#11420 = FACE_BOUND('',#11421,.F.);
#11421 = EDGE_LOOP('',(#11422));
#11422 = ORIENTED_EDGE('',*,*,#11391,.F.);
#11423 = PLANE('',#11424);
#11424 = AXIS2_PLACEMENT_3D('',#11425,#11426,#11427);
#11425 = CARTESIAN_POINT('',(1.033E+03,0.,-17.));
#11426 = DIRECTION('',(0.,0.,1.));
#11427 = DIRECTION('',(1.,0.,0.));
#11428 = MANIFOLD_SOLID_BREP('',#11429);
#11429 = CLOSED_SHELL('',(#11430,#11463,#11472));
#11430 = ADVANCED_FACE('',(#11431),#11458,.T.);
#11431 = FACE_BOUND('',#11432,.F.);
#11432 = EDGE_LOOP('',(#11433,#11443,#11450,#11451));
#11433 = ORIENTED_EDGE('',*,*,#11434,.T.);
#11434 = EDGE_CURVE('',#11435,#11437,#11439,.T.);
#11435 = VERTEX_POINT('',#11436);
#11436 = CARTESIAN_POINT('',(1.0333E+03,-3.8,-31.5));
#11437 = VERTEX_POINT('',#11438);
#11438 = CARTESIAN_POINT('',(1.0333E+03,-3.8,-27.));
#11439 = LINE('',#11440,#11441);
#11440 = CARTESIAN_POINT('',(1.0333E+03,-3.8,-31.5));
#11441 = VECTOR('',#11442,1.);
#11442 = DIRECTION('',(0.,0.,1.));
#11443 = ORIENTED_EDGE('',*,*,#11444,.T.);
#11444 = EDGE_CURVE('',#11437,#11437,#11445,.T.);
#11445 = CIRCLE('',#11446,0.3);
#11446 = AXIS2_PLACEMENT_3D('',#11447,#11448,#11449);
#11447 = CARTESIAN_POINT('',(1.033E+03,-3.8,-27.));
#11448 = DIRECTION('',(0.,0.,1.));
#11449 = DIRECTION('',(1.,0.,0.));
#11450 = ORIENTED_EDGE('',*,*,#11434,.F.);
#11451 = ORIENTED_EDGE('',*,*,#11452,.F.);
#11452 = EDGE_CURVE('',#11435,#11435,#11453,.T.);
#11453 = CIRCLE('',#11454,0.3);
#11454 = AXIS2_PLACEMENT_3D('',#11455,#11456,#11457);
#11455 = CARTESIAN_POINT('',(1.033E+03,-3.8,-31.5));
#11456 = DIRECTION('',(0.,0.,1.));
#11457 = DIRECTION('',(1.,0.,0.));
#11458 = CYLINDRICAL_SURFACE('',#11459,0.3);
#11459 = AXIS2_PLACEMENT_3D('',#11460,#11461,#11462);
#11460 = CARTESIAN_POINT('',(1.033E+03,-3.8,-31.5));
#11461 = DIRECTION('',(-0.,-0.,-1.));
#11462 = DIRECTION('',(1.,0.,0.));
#11463 = ADVANCED_FACE('',(#11464),#11467,.F.);
#11464 = FACE_BOUND('',#11465,.T.);
#11465 = EDGE_LOOP('',(#11466));
#11466 = ORIENTED_EDGE('',*,*,#11452,.F.);
#11467 = PLANE('',#11468);
#11468 = AXIS2_PLACEMENT_3D('',#11469,#11470,#11471);
#11469 = CARTESIAN_POINT('',(1.033E+03,-3.8,-31.5));
#11470 = DIRECTION('',(0.,0.,1.));
#11471 = DIRECTION('',(1.,0.,0.));
#11472 = ADVANCED_FACE('',(#11473),#11476,.T.);
#11473 = FACE_BOUND('',#11474,.F.);
#11474 = EDGE_LOOP('',(#11475));
#11475 = ORIENTED_EDGE('',*,*,#11444,.F.);
#11476 = PLANE('',#11477);
#11477 = AXIS2_PLACEMENT_3D('',#11478,#11479,#11480);
#11478 = CARTESIAN_POINT('',(1.033E+03,-3.8,-27.));
#11479 = DIRECTION('',(0.,0.,1.));
#11480 = DIRECTION('',(1.,0.,0.));
#11481 = MANIFOLD_SOLID_BREP('',#11482);
#11482 = CLOSED_SHELL('',(#11483,#11516,#11525));
#11483 = ADVANCED_FACE('',(#11484),#11511,.T.);
#11484 = FACE_BOUND('',#11485,.F.);
#11485 = EDGE_LOOP('',(#11486,#11496,#11503,#11504));
#11486 = ORIENTED_EDGE('',*,*,#11487,.T.);
#11487 = EDGE_CURVE('',#11488,#11490,#11492,.T.);
#11488 = VERTEX_POINT('',#11489);
#11489 = CARTESIAN_POINT('',(1.0333E+03,3.8,-31.5));
#11490 = VERTEX_POINT('',#11491);
#11491 = CARTESIAN_POINT('',(1.0333E+03,3.8,-27.));
#11492 = LINE('',#11493,#11494);
#11493 = CARTESIAN_POINT('',(1.0333E+03,3.8,-31.5));
#11494 = VECTOR('',#11495,1.);
#11495 = DIRECTION('',(0.,0.,1.));
#11496 = ORIENTED_EDGE('',*,*,#11497,.T.);
#11497 = EDGE_CURVE('',#11490,#11490,#11498,.T.);
#11498 = CIRCLE('',#11499,0.3);
#11499 = AXIS2_PLACEMENT_3D('',#11500,#11501,#11502);
#11500 = CARTESIAN_POINT('',(1.033E+03,3.8,-27.));
#11501 = DIRECTION('',(0.,0.,1.));
#11502 = DIRECTION('',(1.,0.,0.));
#11503 = ORIENTED_EDGE('',*,*,#11487,.F.);
#11504 = ORIENTED_EDGE('',*,*,#11505,.F.);
#11505 = EDGE_CURVE('',#11488,#11488,#11506,.T.);
#11506 = CIRCLE('',#11507,0.3);
#11507 = AXIS2_PLACEMENT_3D('',#11508,#11509,#11510);
#11508 = CARTESIAN_POINT('',(1.033E+03,3.8,-31.5));
#11509 = DIRECTION('',(0.,0.,1.));
#11510 = DIRECTION('',(1.,0.,0.));
#11511 = CYLINDRICAL_SURFACE('',#11512,0.3);
#11512 = AXIS2_PLACEMENT_3D('',#11513,#11514,#11515);
#11513 = CARTESIAN_POINT('',(1.033E+03,3.8,-31.5));
#11514 = DIRECTION('',(-0.,-0.,-1.));
#11515 = DIRECTION('',(1.,0.,0.));
#11516 = ADVANCED_FACE('',(#11517),#11520,.F.);
#11517 = FACE_BOUND('',#11518,.T.);
#11518 = EDGE_LOOP('',(#11519));
#11519 = ORIENTED_EDGE('',*,*,#11505,.F.);
#11520 = PLANE('',#11521);
#11521 = AXIS2_PLACEMENT_3D('',#11522,#11523,#11524);
#11522 = CARTESIAN_POINT('',(1.033E+03,3.8,-31.5));
#11523 = DIRECTION('',(0.,0.,1.));
#11524 = DIRECTION('',(1.,0.,0.));
#11525 = ADVANCED_FACE('',(#11526),#11529,.T.);
#11526 = FACE_BOUND('',#11527,.F.);
#11527 = EDGE_LOOP('',(#11528));
#11528 = ORIENTED_EDGE('',*,*,#11497,.F.);
#11529 = PLANE('',#11530);
#11530 = AXIS2_PLACEMENT_3D('',#11531,#11532,#11533);
#11531 = CARTESIAN_POINT('',(1.033E+03,3.8,-27.));
#11532 = DIRECTION('',(0.,0.,1.));
#11533 = DIRECTION('',(1.,0.,0.));
#11534 = MANIFOLD_SOLID_BREP('',#11535);
#11535 = CLOSED_SHELL('',(#11536,#11576,#11607,#11653,#11677,#11716,
    #11728,#11745));
#11536 = ADVANCED_FACE('',(#11537),#11571,.F.);
#11537 = FACE_BOUND('',#11538,.F.);
#11538 = EDGE_LOOP('',(#11539,#11549,#11557,#11565));
#11539 = ORIENTED_EDGE('',*,*,#11540,.F.);
#11540 = EDGE_CURVE('',#11541,#11543,#11545,.T.);
#11541 = VERTEX_POINT('',#11542);
#11542 = CARTESIAN_POINT('',(1.02E+03,-8.,-29.));
#11543 = VERTEX_POINT('',#11544);
#11544 = CARTESIAN_POINT('',(1.02E+03,-8.,-27.));
#11545 = LINE('',#11546,#11547);
#11546 = CARTESIAN_POINT('',(1.02E+03,-8.,-29.));
#11547 = VECTOR('',#11548,1.);
#11548 = DIRECTION('',(0.,0.,1.));
#11549 = ORIENTED_EDGE('',*,*,#11550,.T.);
#11550 = EDGE_CURVE('',#11541,#11551,#11553,.T.);
#11551 = VERTEX_POINT('',#11552);
#11552 = CARTESIAN_POINT('',(1.02E+03,8.,-29.));
#11553 = LINE('',#11554,#11555);
#11554 = CARTESIAN_POINT('',(1.02E+03,-8.,-29.));
#11555 = VECTOR('',#11556,1.);
#11556 = DIRECTION('',(0.,1.,0.));
#11557 = ORIENTED_EDGE('',*,*,#11558,.T.);
#11558 = EDGE_CURVE('',#11551,#11559,#11561,.T.);
#11559 = VERTEX_POINT('',#11560);
#11560 = CARTESIAN_POINT('',(1.02E+03,8.,-27.));
#11561 = LINE('',#11562,#11563);
#11562 = CARTESIAN_POINT('',(1.02E+03,8.,-29.));
#11563 = VECTOR('',#11564,1.);
#11564 = DIRECTION('',(0.,0.,1.));
#11565 = ORIENTED_EDGE('',*,*,#11566,.F.);
#11566 = EDGE_CURVE('',#11543,#11559,#11567,.T.);
#11567 = LINE('',#11568,#11569);
#11568 = CARTESIAN_POINT('',(1.02E+03,-8.,-27.));
#11569 = VECTOR('',#11570,1.);
#11570 = DIRECTION('',(0.,1.,0.));
#11571 = PLANE('',#11572);
#11572 = AXIS2_PLACEMENT_3D('',#11573,#11574,#11575);
#11573 = CARTESIAN_POINT('',(1.02E+03,-8.,-29.));
#11574 = DIRECTION('',(1.,0.,0.));
#11575 = DIRECTION('',(0.,0.,1.));
#11576 = ADVANCED_FACE('',(#11577),#11602,.F.);
#11577 = FACE_BOUND('',#11578,.F.);
#11578 = EDGE_LOOP('',(#11579,#11587,#11588,#11596));
#11579 = ORIENTED_EDGE('',*,*,#11580,.F.);
#11580 = EDGE_CURVE('',#11541,#11581,#11583,.T.);
#11581 = VERTEX_POINT('',#11582);
#11582 = CARTESIAN_POINT('',(1.04E+03,-8.,-29.));
#11583 = LINE('',#11584,#11585);
#11584 = CARTESIAN_POINT('',(1.02E+03,-8.,-29.));
#11585 = VECTOR('',#11586,1.);
#11586 = DIRECTION('',(1.,0.,0.));
#11587 = ORIENTED_EDGE('',*,*,#11540,.T.);
#11588 = ORIENTED_EDGE('',*,*,#11589,.T.);
#11589 = EDGE_CURVE('',#11543,#11590,#11592,.T.);
#11590 = VERTEX_POINT('',#11591);
#11591 = CARTESIAN_POINT('',(1.04E+03,-8.,-27.));
#11592 = LINE('',#11593,#11594);
#11593 = CARTESIAN_POINT('',(1.02E+03,-8.,-27.));
#11594 = VECTOR('',#11595,1.);
#11595 = DIRECTION('',(1.,0.,0.));
#11596 = ORIENTED_EDGE('',*,*,#11597,.F.);
#11597 = EDGE_CURVE('',#11581,#11590,#11598,.T.);
#11598 = LINE('',#11599,#11600);
#11599 = CARTESIAN_POINT('',(1.04E+03,-8.,-29.));
#11600 = VECTOR('',#11601,1.);
#11601 = DIRECTION('',(0.,0.,1.));
#11602 = PLANE('',#11603);
#11603 = AXIS2_PLACEMENT_3D('',#11604,#11605,#11606);
#11604 = CARTESIAN_POINT('',(1.02E+03,-8.,-29.));
#11605 = DIRECTION('',(0.,1.,0.));
#11606 = DIRECTION('',(0.,0.,1.));
#11607 = ADVANCED_FACE('',(#11608,#11626,#11637),#11648,.T.);
#11608 = FACE_BOUND('',#11609,.T.);
#11609 = EDGE_LOOP('',(#11610,#11611,#11612,#11620));
#11610 = ORIENTED_EDGE('',*,*,#11566,.F.);
#11611 = ORIENTED_EDGE('',*,*,#11589,.T.);
#11612 = ORIENTED_EDGE('',*,*,#11613,.T.);
#11613 = EDGE_CURVE('',#11590,#11614,#11616,.T.);
#11614 = VERTEX_POINT('',#11615);
#11615 = CARTESIAN_POINT('',(1.04E+03,8.,-27.));
#11616 = LINE('',#11617,#11618);
#11617 = CARTESIAN_POINT('',(1.04E+03,-8.,-27.));
#11618 = VECTOR('',#11619,1.);
#11619 = DIRECTION('',(0.,1.,0.));
#11620 = ORIENTED_EDGE('',*,*,#11621,.F.);
#11621 = EDGE_CURVE('',#11559,#11614,#11622,.T.);
#11622 = LINE('',#11623,#11624);
#11623 = CARTESIAN_POINT('',(1.02E+03,8.,-27.));
#11624 = VECTOR('',#11625,1.);
#11625 = DIRECTION('',(1.,0.,0.));
#11626 = FACE_BOUND('',#11627,.T.);
#11627 = EDGE_LOOP('',(#11628));
#11628 = ORIENTED_EDGE('',*,*,#11629,.T.);
#11629 = EDGE_CURVE('',#11630,#11630,#11632,.T.);
#11630 = VERTEX_POINT('',#11631);
#11631 = CARTESIAN_POINT('',(1.0335E+03,-3.8,-27.));
#11632 = CIRCLE('',#11633,0.5);
#11633 = AXIS2_PLACEMENT_3D('',#11634,#11635,#11636);
#11634 = CARTESIAN_POINT('',(1.033E+03,-3.8,-27.));
#11635 = DIRECTION('',(0.,0.,-1.));
#11636 = DIRECTION('',(1.,0.,0.));
#11637 = FACE_BOUND('',#11638,.T.);
#11638 = EDGE_LOOP('',(#11639));
#11639 = ORIENTED_EDGE('',*,*,#11640,.T.);
#11640 = EDGE_CURVE('',#11641,#11641,#11643,.T.);
#11641 = VERTEX_POINT('',#11642);
#11642 = CARTESIAN_POINT('',(1.0335E+03,3.8,-27.));
#11643 = CIRCLE('',#11644,0.5);
#11644 = AXIS2_PLACEMENT_3D('',#11645,#11646,#11647);
#11645 = CARTESIAN_POINT('',(1.033E+03,3.8,-27.));
#11646 = DIRECTION('',(0.,0.,-1.));
#11647 = DIRECTION('',(1.,0.,0.));
#11648 = PLANE('',#11649);
#11649 = AXIS2_PLACEMENT_3D('',#11650,#11651,#11652);
#11650 = CARTESIAN_POINT('',(1.02E+03,-8.,-27.));
#11651 = DIRECTION('',(0.,0.,1.));
#11652 = DIRECTION('',(1.,0.,0.));
#11653 = ADVANCED_FACE('',(#11654),#11672,.T.);
#11654 = FACE_BOUND('',#11655,.T.);
#11655 = EDGE_LOOP('',(#11656,#11664,#11665,#11666));
#11656 = ORIENTED_EDGE('',*,*,#11657,.F.);
#11657 = EDGE_CURVE('',#11551,#11658,#11660,.T.);
#11658 = VERTEX_POINT('',#11659);
#11659 = CARTESIAN_POINT('',(1.04E+03,8.,-29.));
#11660 = LINE('',#11661,#11662);
#11661 = CARTESIAN_POINT('',(1.02E+03,8.,-29.));
#11662 = VECTOR('',#11663,1.);
#11663 = DIRECTION('',(1.,0.,0.));
#11664 = ORIENTED_EDGE('',*,*,#11558,.T.);
#11665 = ORIENTED_EDGE('',*,*,#11621,.T.);
#11666 = ORIENTED_EDGE('',*,*,#11667,.F.);
#11667 = EDGE_CURVE('',#11658,#11614,#11668,.T.);
#11668 = LINE('',#11669,#11670);
#11669 = CARTESIAN_POINT('',(1.04E+03,8.,-29.));
#11670 = VECTOR('',#11671,1.);
#11671 = DIRECTION('',(0.,0.,1.));
#11672 = PLANE('',#11673);
#11673 = AXIS2_PLACEMENT_3D('',#11674,#11675,#11676);
#11674 = CARTESIAN_POINT('',(1.02E+03,8.,-29.));
#11675 = DIRECTION('',(0.,1.,0.));
#11676 = DIRECTION('',(0.,0.,1.));
#11677 = ADVANCED_FACE('',(#11678,#11689,#11700),#11711,.F.);
#11678 = FACE_BOUND('',#11679,.F.);
#11679 = EDGE_LOOP('',(#11680,#11681,#11682,#11688));
#11680 = ORIENTED_EDGE('',*,*,#11550,.F.);
#11681 = ORIENTED_EDGE('',*,*,#11580,.T.);
#11682 = ORIENTED_EDGE('',*,*,#11683,.T.);
#11683 = EDGE_CURVE('',#11581,#11658,#11684,.T.);
#11684 = LINE('',#11685,#11686);
#11685 = CARTESIAN_POINT('',(1.04E+03,-8.,-29.));
#11686 = VECTOR('',#11687,1.);
#11687 = DIRECTION('',(0.,1.,0.));
#11688 = ORIENTED_EDGE('',*,*,#11657,.F.);
#11689 = FACE_BOUND('',#11690,.F.);
#11690 = EDGE_LOOP('',(#11691));
#11691 = ORIENTED_EDGE('',*,*,#11692,.T.);
#11692 = EDGE_CURVE('',#11693,#11693,#11695,.T.);
#11693 = VERTEX_POINT('',#11694);
#11694 = CARTESIAN_POINT('',(1.0335E+03,-3.8,-29.));
#11695 = CIRCLE('',#11696,0.5);
#11696 = AXIS2_PLACEMENT_3D('',#11697,#11698,#11699);
#11697 = CARTESIAN_POINT('',(1.033E+03,-3.8,-29.));
#11698 = DIRECTION('',(0.,0.,-1.));
#11699 = DIRECTION('',(1.,0.,0.));
#11700 = FACE_BOUND('',#11701,.F.);
#11701 = EDGE_LOOP('',(#11702));
#11702 = ORIENTED_EDGE('',*,*,#11703,.T.);
#11703 = EDGE_CURVE('',#11704,#11704,#11706,.T.);
#11704 = VERTEX_POINT('',#11705);
#11705 = CARTESIAN_POINT('',(1.0335E+03,3.8,-29.));
#11706 = CIRCLE('',#11707,0.5);
#11707 = AXIS2_PLACEMENT_3D('',#11708,#11709,#11710);
#11708 = CARTESIAN_POINT('',(1.033E+03,3.8,-29.));
#11709 = DIRECTION('',(0.,0.,-1.));
#11710 = DIRECTION('',(1.,0.,0.));
#11711 = PLANE('',#11712);
#11712 = AXIS2_PLACEMENT_3D('',#11713,#11714,#11715);
#11713 = CARTESIAN_POINT('',(1.02E+03,-8.,-29.));
#11714 = DIRECTION('',(0.,0.,1.));
#11715 = DIRECTION('',(1.,0.,0.));
#11716 = ADVANCED_FACE('',(#11717),#11723,.T.);
#11717 = FACE_BOUND('',#11718,.T.);
#11718 = EDGE_LOOP('',(#11719,#11720,#11721,#11722));
#11719 = ORIENTED_EDGE('',*,*,#11597,.F.);
#11720 = ORIENTED_EDGE('',*,*,#11683,.T.);
#11721 = ORIENTED_EDGE('',*,*,#11667,.T.);
#11722 = ORIENTED_EDGE('',*,*,#11613,.F.);
#11723 = PLANE('',#11724);
#11724 = AXIS2_PLACEMENT_3D('',#11725,#11726,#11727);
#11725 = CARTESIAN_POINT('',(1.04E+03,-8.,-29.));
#11726 = DIRECTION('',(1.,0.,0.));
#11727 = DIRECTION('',(0.,0.,1.));
#11728 = ADVANCED_FACE('',(#11729),#11740,.F.);
#11729 = FACE_BOUND('',#11730,.T.);
#11730 = EDGE_LOOP('',(#11731,#11732,#11738,#11739));
#11731 = ORIENTED_EDGE('',*,*,#11692,.T.);
#11732 = ORIENTED_EDGE('',*,*,#11733,.T.);
#11733 = EDGE_CURVE('',#11693,#11630,#11734,.T.);
#11734 = LINE('',#11735,#11736);
#11735 = CARTESIAN_POINT('',(1.0335E+03,-3.8,-30.));
#11736 = VECTOR('',#11737,1.);
#11737 = DIRECTION('',(0.,0.,1.));
#11738 = ORIENTED_EDGE('',*,*,#11629,.F.);
#11739 = ORIENTED_EDGE('',*,*,#11733,.F.);
#11740 = CYLINDRICAL_SURFACE('',#11741,0.5);
#11741 = AXIS2_PLACEMENT_3D('',#11742,#11743,#11744);
#11742 = CARTESIAN_POINT('',(1.033E+03,-3.8,-30.));
#11743 = DIRECTION('',(-0.,-0.,-1.));
#11744 = DIRECTION('',(1.,0.,0.));
#11745 = ADVANCED_FACE('',(#11746),#11757,.F.);
#11746 = FACE_BOUND('',#11747,.T.);
#11747 = EDGE_LOOP('',(#11748,#11749,#11755,#11756));
#11748 = ORIENTED_EDGE('',*,*,#11703,.T.);
#11749 = ORIENTED_EDGE('',*,*,#11750,.T.);
#11750 = EDGE_CURVE('',#11704,#11641,#11751,.T.);
#11751 = LINE('',#11752,#11753);
#11752 = CARTESIAN_POINT('',(1.0335E+03,3.8,-30.));
#11753 = VECTOR('',#11754,1.);
#11754 = DIRECTION('',(0.,0.,1.));
#11755 = ORIENTED_EDGE('',*,*,#11640,.F.);
#11756 = ORIENTED_EDGE('',*,*,#11750,.F.);
#11757 = CYLINDRICAL_SURFACE('',#11758,0.5);
#11758 = AXIS2_PLACEMENT_3D('',#11759,#11760,#11761);
#11759 = CARTESIAN_POINT('',(1.033E+03,3.8,-30.));
#11760 = DIRECTION('',(-0.,-0.,-1.));
#11761 = DIRECTION('',(1.,0.,0.));
#11762 = MANIFOLD_SOLID_BREP('',#11763);
#11763 = CLOSED_SHELL('',(#11764,#11804,#11844,#11866,#11888,#11900));
#11764 = ADVANCED_FACE('',(#11765),#11799,.F.);
#11765 = FACE_BOUND('',#11766,.F.);
#11766 = EDGE_LOOP('',(#11767,#11777,#11785,#11793));
#11767 = ORIENTED_EDGE('',*,*,#11768,.F.);
#11768 = EDGE_CURVE('',#11769,#11771,#11773,.T.);
#11769 = VERTEX_POINT('',#11770);
#11770 = CARTESIAN_POINT('',(1.021E+03,-7.,-34.));
#11771 = VERTEX_POINT('',#11772);
#11772 = CARTESIAN_POINT('',(1.021E+03,-7.,-29.));
#11773 = LINE('',#11774,#11775);
#11774 = CARTESIAN_POINT('',(1.021E+03,-7.,-34.));
#11775 = VECTOR('',#11776,1.);
#11776 = DIRECTION('',(0.,0.,1.));
#11777 = ORIENTED_EDGE('',*,*,#11778,.T.);
#11778 = EDGE_CURVE('',#11769,#11779,#11781,.T.);
#11779 = VERTEX_POINT('',#11780);
#11780 = CARTESIAN_POINT('',(1.021E+03,-5.,-34.));
#11781 = LINE('',#11782,#11783);
#11782 = CARTESIAN_POINT('',(1.021E+03,-7.,-34.));
#11783 = VECTOR('',#11784,1.);
#11784 = DIRECTION('',(0.,1.,0.));
#11785 = ORIENTED_EDGE('',*,*,#11786,.T.);
#11786 = EDGE_CURVE('',#11779,#11787,#11789,.T.);
#11787 = VERTEX_POINT('',#11788);
#11788 = CARTESIAN_POINT('',(1.021E+03,-5.,-29.));
#11789 = LINE('',#11790,#11791);
#11790 = CARTESIAN_POINT('',(1.021E+03,-5.,-34.));
#11791 = VECTOR('',#11792,1.);
#11792 = DIRECTION('',(0.,0.,1.));
#11793 = ORIENTED_EDGE('',*,*,#11794,.F.);
#11794 = EDGE_CURVE('',#11771,#11787,#11795,.T.);
#11795 = LINE('',#11796,#11797);
#11796 = CARTESIAN_POINT('',(1.021E+03,-7.,-29.));
#11797 = VECTOR('',#11798,1.);
#11798 = DIRECTION('',(0.,1.,0.));
#11799 = PLANE('',#11800);
#11800 = AXIS2_PLACEMENT_3D('',#11801,#11802,#11803);
#11801 = CARTESIAN_POINT('',(1.021E+03,-7.,-34.));
#11802 = DIRECTION('',(1.,0.,0.));
#11803 = DIRECTION('',(0.,0.,1.));
#11804 = ADVANCED_FACE('',(#11805),#11839,.T.);
#11805 = FACE_BOUND('',#11806,.T.);
#11806 = EDGE_LOOP('',(#11807,#11817,#11825,#11833));
#11807 = ORIENTED_EDGE('',*,*,#11808,.F.);
#11808 = EDGE_CURVE('',#11809,#11811,#11813,.T.);
#11809 = VERTEX_POINT('',#11810);
#11810 = CARTESIAN_POINT('',(1.023E+03,-7.,-34.));
#11811 = VERTEX_POINT('',#11812);
#11812 = CARTESIAN_POINT('',(1.023E+03,-7.,-29.));
#11813 = LINE('',#11814,#11815);
#11814 = CARTESIAN_POINT('',(1.023E+03,-7.,-34.));
#11815 = VECTOR('',#11816,1.);
#11816 = DIRECTION('',(0.,0.,1.));
#11817 = ORIENTED_EDGE('',*,*,#11818,.T.);
#11818 = EDGE_CURVE('',#11809,#11819,#11821,.T.);
#11819 = VERTEX_POINT('',#11820);
#11820 = CARTESIAN_POINT('',(1.023E+03,-5.,-34.));
#11821 = LINE('',#11822,#11823);
#11822 = CARTESIAN_POINT('',(1.023E+03,-7.,-34.));
#11823 = VECTOR('',#11824,1.);
#11824 = DIRECTION('',(0.,1.,0.));
#11825 = ORIENTED_EDGE('',*,*,#11826,.T.);
#11826 = EDGE_CURVE('',#11819,#11827,#11829,.T.);
#11827 = VERTEX_POINT('',#11828);
#11828 = CARTESIAN_POINT('',(1.023E+03,-5.,-29.));
#11829 = LINE('',#11830,#11831);
#11830 = CARTESIAN_POINT('',(1.023E+03,-5.,-34.));
#11831 = VECTOR('',#11832,1.);
#11832 = DIRECTION('',(0.,0.,1.));
#11833 = ORIENTED_EDGE('',*,*,#11834,.F.);
#11834 = EDGE_CURVE('',#11811,#11827,#11835,.T.);
#11835 = LINE('',#11836,#11837);
#11836 = CARTESIAN_POINT('',(1.023E+03,-7.,-29.));
#11837 = VECTOR('',#11838,1.);
#11838 = DIRECTION('',(0.,1.,0.));
#11839 = PLANE('',#11840);
#11840 = AXIS2_PLACEMENT_3D('',#11841,#11842,#11843);
#11841 = CARTESIAN_POINT('',(1.023E+03,-7.,-34.));
#11842 = DIRECTION('',(1.,0.,0.));
#11843 = DIRECTION('',(0.,0.,1.));
#11844 = ADVANCED_FACE('',(#11845),#11861,.F.);
#11845 = FACE_BOUND('',#11846,.F.);
#11846 = EDGE_LOOP('',(#11847,#11853,#11854,#11860));
#11847 = ORIENTED_EDGE('',*,*,#11848,.F.);
#11848 = EDGE_CURVE('',#11769,#11809,#11849,.T.);
#11849 = LINE('',#11850,#11851);
#11850 = CARTESIAN_POINT('',(1.021E+03,-7.,-34.));
#11851 = VECTOR('',#11852,1.);
#11852 = DIRECTION('',(1.,0.,0.));
#11853 = ORIENTED_EDGE('',*,*,#11768,.T.);
#11854 = ORIENTED_EDGE('',*,*,#11855,.T.);
#11855 = EDGE_CURVE('',#11771,#11811,#11856,.T.);
#11856 = LINE('',#11857,#11858);
#11857 = CARTESIAN_POINT('',(1.021E+03,-7.,-29.));
#11858 = VECTOR('',#11859,1.);
#11859 = DIRECTION('',(1.,0.,0.));
#11860 = ORIENTED_EDGE('',*,*,#11808,.F.);
#11861 = PLANE('',#11862);
#11862 = AXIS2_PLACEMENT_3D('',#11863,#11864,#11865);
#11863 = CARTESIAN_POINT('',(1.021E+03,-7.,-34.));
#11864 = DIRECTION('',(0.,1.,0.));
#11865 = DIRECTION('',(0.,0.,1.));
#11866 = ADVANCED_FACE('',(#11867),#11883,.T.);
#11867 = FACE_BOUND('',#11868,.T.);
#11868 = EDGE_LOOP('',(#11869,#11875,#11876,#11882));
#11869 = ORIENTED_EDGE('',*,*,#11870,.F.);
#11870 = EDGE_CURVE('',#11779,#11819,#11871,.T.);
#11871 = LINE('',#11872,#11873);
#11872 = CARTESIAN_POINT('',(1.021E+03,-5.,-34.));
#11873 = VECTOR('',#11874,1.);
#11874 = DIRECTION('',(1.,0.,0.));
#11875 = ORIENTED_EDGE('',*,*,#11786,.T.);
#11876 = ORIENTED_EDGE('',*,*,#11877,.T.);
#11877 = EDGE_CURVE('',#11787,#11827,#11878,.T.);
#11878 = LINE('',#11879,#11880);
#11879 = CARTESIAN_POINT('',(1.021E+03,-5.,-29.));
#11880 = VECTOR('',#11881,1.);
#11881 = DIRECTION('',(1.,0.,0.));
#11882 = ORIENTED_EDGE('',*,*,#11826,.F.);
#11883 = PLANE('',#11884);
#11884 = AXIS2_PLACEMENT_3D('',#11885,#11886,#11887);
#11885 = CARTESIAN_POINT('',(1.021E+03,-5.,-34.));
#11886 = DIRECTION('',(0.,1.,0.));
#11887 = DIRECTION('',(0.,0.,1.));
#11888 = ADVANCED_FACE('',(#11889),#11895,.F.);
#11889 = FACE_BOUND('',#11890,.F.);
#11890 = EDGE_LOOP('',(#11891,#11892,#11893,#11894));
#11891 = ORIENTED_EDGE('',*,*,#11778,.F.);
#11892 = ORIENTED_EDGE('',*,*,#11848,.T.);
#11893 = ORIENTED_EDGE('',*,*,#11818,.T.);
#11894 = ORIENTED_EDGE('',*,*,#11870,.F.);
#11895 = PLANE('',#11896);
#11896 = AXIS2_PLACEMENT_3D('',#11897,#11898,#11899);
#11897 = CARTESIAN_POINT('',(1.021E+03,-7.,-34.));
#11898 = DIRECTION('',(0.,0.,1.));
#11899 = DIRECTION('',(1.,0.,0.));
#11900 = ADVANCED_FACE('',(#11901),#11907,.T.);
#11901 = FACE_BOUND('',#11902,.T.);
#11902 = EDGE_LOOP('',(#11903,#11904,#11905,#11906));
#11903 = ORIENTED_EDGE('',*,*,#11794,.F.);
#11904 = ORIENTED_EDGE('',*,*,#11855,.T.);
#11905 = ORIENTED_EDGE('',*,*,#11834,.T.);
#11906 = ORIENTED_EDGE('',*,*,#11877,.F.);
#11907 = PLANE('',#11908);
#11908 = AXIS2_PLACEMENT_3D('',#11909,#11910,#11911);
#11909 = CARTESIAN_POINT('',(1.021E+03,-7.,-29.));
#11910 = DIRECTION('',(0.,0.,1.));
#11911 = DIRECTION('',(1.,0.,0.));
#11912 = MANIFOLD_SOLID_BREP('',#11913);
#11913 = CLOSED_SHELL('',(#11914,#11954,#11994,#12016,#12038,#12050));
#11914 = ADVANCED_FACE('',(#11915),#11949,.F.);
#11915 = FACE_BOUND('',#11916,.F.);
#11916 = EDGE_LOOP('',(#11917,#11927,#11935,#11943));
#11917 = ORIENTED_EDGE('',*,*,#11918,.F.);
#11918 = EDGE_CURVE('',#11919,#11921,#11923,.T.);
#11919 = VERTEX_POINT('',#11920);
#11920 = CARTESIAN_POINT('',(1.021E+03,5.,-34.));
#11921 = VERTEX_POINT('',#11922);
#11922 = CARTESIAN_POINT('',(1.021E+03,5.,-29.));
#11923 = LINE('',#11924,#11925);
#11924 = CARTESIAN_POINT('',(1.021E+03,5.,-34.));
#11925 = VECTOR('',#11926,1.);
#11926 = DIRECTION('',(0.,0.,1.));
#11927 = ORIENTED_EDGE('',*,*,#11928,.T.);
#11928 = EDGE_CURVE('',#11919,#11929,#11931,.T.);
#11929 = VERTEX_POINT('',#11930);
#11930 = CARTESIAN_POINT('',(1.021E+03,7.,-34.));
#11931 = LINE('',#11932,#11933);
#11932 = CARTESIAN_POINT('',(1.021E+03,5.,-34.));
#11933 = VECTOR('',#11934,1.);
#11934 = DIRECTION('',(0.,1.,0.));
#11935 = ORIENTED_EDGE('',*,*,#11936,.T.);
#11936 = EDGE_CURVE('',#11929,#11937,#11939,.T.);
#11937 = VERTEX_POINT('',#11938);
#11938 = CARTESIAN_POINT('',(1.021E+03,7.,-29.));
#11939 = LINE('',#11940,#11941);
#11940 = CARTESIAN_POINT('',(1.021E+03,7.,-34.));
#11941 = VECTOR('',#11942,1.);
#11942 = DIRECTION('',(0.,0.,1.));
#11943 = ORIENTED_EDGE('',*,*,#11944,.F.);
#11944 = EDGE_CURVE('',#11921,#11937,#11945,.T.);
#11945 = LINE('',#11946,#11947);
#11946 = CARTESIAN_POINT('',(1.021E+03,5.,-29.));
#11947 = VECTOR('',#11948,1.);
#11948 = DIRECTION('',(0.,1.,0.));
#11949 = PLANE('',#11950);
#11950 = AXIS2_PLACEMENT_3D('',#11951,#11952,#11953);
#11951 = CARTESIAN_POINT('',(1.021E+03,5.,-34.));
#11952 = DIRECTION('',(1.,0.,0.));
#11953 = DIRECTION('',(0.,0.,1.));
#11954 = ADVANCED_FACE('',(#11955),#11989,.T.);
#11955 = FACE_BOUND('',#11956,.T.);
#11956 = EDGE_LOOP('',(#11957,#11967,#11975,#11983));
#11957 = ORIENTED_EDGE('',*,*,#11958,.F.);
#11958 = EDGE_CURVE('',#11959,#11961,#11963,.T.);
#11959 = VERTEX_POINT('',#11960);
#11960 = CARTESIAN_POINT('',(1.023E+03,5.,-34.));
#11961 = VERTEX_POINT('',#11962);
#11962 = CARTESIAN_POINT('',(1.023E+03,5.,-29.));
#11963 = LINE('',#11964,#11965);
#11964 = CARTESIAN_POINT('',(1.023E+03,5.,-34.));
#11965 = VECTOR('',#11966,1.);
#11966 = DIRECTION('',(0.,0.,1.));
#11967 = ORIENTED_EDGE('',*,*,#11968,.T.);
#11968 = EDGE_CURVE('',#11959,#11969,#11971,.T.);
#11969 = VERTEX_POINT('',#11970);
#11970 = CARTESIAN_POINT('',(1.023E+03,7.,-34.));
#11971 = LINE('',#11972,#11973);
#11972 = CARTESIAN_POINT('',(1.023E+03,5.,-34.));
#11973 = VECTOR('',#11974,1.);
#11974 = DIRECTION('',(0.,1.,0.));
#11975 = ORIENTED_EDGE('',*,*,#11976,.T.);
#11976 = EDGE_CURVE('',#11969,#11977,#11979,.T.);
#11977 = VERTEX_POINT('',#11978);
#11978 = CARTESIAN_POINT('',(1.023E+03,7.,-29.));
#11979 = LINE('',#11980,#11981);
#11980 = CARTESIAN_POINT('',(1.023E+03,7.,-34.));
#11981 = VECTOR('',#11982,1.);
#11982 = DIRECTION('',(0.,0.,1.));
#11983 = ORIENTED_EDGE('',*,*,#11984,.F.);
#11984 = EDGE_CURVE('',#11961,#11977,#11985,.T.);
#11985 = LINE('',#11986,#11987);
#11986 = CARTESIAN_POINT('',(1.023E+03,5.,-29.));
#11987 = VECTOR('',#11988,1.);
#11988 = DIRECTION('',(0.,1.,0.));
#11989 = PLANE('',#11990);
#11990 = AXIS2_PLACEMENT_3D('',#11991,#11992,#11993);
#11991 = CARTESIAN_POINT('',(1.023E+03,5.,-34.));
#11992 = DIRECTION('',(1.,0.,0.));
#11993 = DIRECTION('',(0.,0.,1.));
#11994 = ADVANCED_FACE('',(#11995),#12011,.F.);
#11995 = FACE_BOUND('',#11996,.F.);
#11996 = EDGE_LOOP('',(#11997,#12003,#12004,#12010));
#11997 = ORIENTED_EDGE('',*,*,#11998,.F.);
#11998 = EDGE_CURVE('',#11919,#11959,#11999,.T.);
#11999 = LINE('',#12000,#12001);
#12000 = CARTESIAN_POINT('',(1.021E+03,5.,-34.));
#12001 = VECTOR('',#12002,1.);
#12002 = DIRECTION('',(1.,0.,0.));
#12003 = ORIENTED_EDGE('',*,*,#11918,.T.);
#12004 = ORIENTED_EDGE('',*,*,#12005,.T.);
#12005 = EDGE_CURVE('',#11921,#11961,#12006,.T.);
#12006 = LINE('',#12007,#12008);
#12007 = CARTESIAN_POINT('',(1.021E+03,5.,-29.));
#12008 = VECTOR('',#12009,1.);
#12009 = DIRECTION('',(1.,0.,0.));
#12010 = ORIENTED_EDGE('',*,*,#11958,.F.);
#12011 = PLANE('',#12012);
#12012 = AXIS2_PLACEMENT_3D('',#12013,#12014,#12015);
#12013 = CARTESIAN_POINT('',(1.021E+03,5.,-34.));
#12014 = DIRECTION('',(0.,1.,0.));
#12015 = DIRECTION('',(0.,0.,1.));
#12016 = ADVANCED_FACE('',(#12017),#12033,.T.);
#12017 = FACE_BOUND('',#12018,.T.);
#12018 = EDGE_LOOP('',(#12019,#12025,#12026,#12032));
#12019 = ORIENTED_EDGE('',*,*,#12020,.F.);
#12020 = EDGE_CURVE('',#11929,#11969,#12021,.T.);
#12021 = LINE('',#12022,#12023);
#12022 = CARTESIAN_POINT('',(1.021E+03,7.,-34.));
#12023 = VECTOR('',#12024,1.);
#12024 = DIRECTION('',(1.,0.,0.));
#12025 = ORIENTED_EDGE('',*,*,#11936,.T.);
#12026 = ORIENTED_EDGE('',*,*,#12027,.T.);
#12027 = EDGE_CURVE('',#11937,#11977,#12028,.T.);
#12028 = LINE('',#12029,#12030);
#12029 = CARTESIAN_POINT('',(1.021E+03,7.,-29.));
#12030 = VECTOR('',#12031,1.);
#12031 = DIRECTION('',(1.,0.,0.));
#12032 = ORIENTED_EDGE('',*,*,#11976,.F.);
#12033 = PLANE('',#12034);
#12034 = AXIS2_PLACEMENT_3D('',#12035,#12036,#12037);
#12035 = CARTESIAN_POINT('',(1.021E+03,7.,-34.));
#12036 = DIRECTION('',(0.,1.,0.));
#12037 = DIRECTION('',(0.,0.,1.));
#12038 = ADVANCED_FACE('',(#12039),#12045,.F.);
#12039 = FACE_BOUND('',#12040,.F.);
#12040 = EDGE_LOOP('',(#12041,#12042,#12043,#12044));
#12041 = ORIENTED_EDGE('',*,*,#11928,.F.);
#12042 = ORIENTED_EDGE('',*,*,#11998,.T.);
#12043 = ORIENTED_EDGE('',*,*,#11968,.T.);
#12044 = ORIENTED_EDGE('',*,*,#12020,.F.);
#12045 = PLANE('',#12046);
#12046 = AXIS2_PLACEMENT_3D('',#12047,#12048,#12049);
#12047 = CARTESIAN_POINT('',(1.021E+03,5.,-34.));
#12048 = DIRECTION('',(0.,0.,1.));
#12049 = DIRECTION('',(1.,0.,0.));
#12050 = ADVANCED_FACE('',(#12051),#12057,.T.);
#12051 = FACE_BOUND('',#12052,.T.);
#12052 = EDGE_LOOP('',(#12053,#12054,#12055,#12056));
#12053 = ORIENTED_EDGE('',*,*,#11944,.F.);
#12054 = ORIENTED_EDGE('',*,*,#12005,.T.);
#12055 = ORIENTED_EDGE('',*,*,#11984,.T.);
#12056 = ORIENTED_EDGE('',*,*,#12027,.F.);
#12057 = PLANE('',#12058);
#12058 = AXIS2_PLACEMENT_3D('',#12059,#12060,#12061);
#12059 = CARTESIAN_POINT('',(1.021E+03,5.,-29.));
#12060 = DIRECTION('',(0.,0.,1.));
#12061 = DIRECTION('',(1.,0.,0.));
#12062 = MANIFOLD_SOLID_BREP('',#12063);
#12063 = CLOSED_SHELL('',(#12064,#12104,#12144,#12166,#12188,#12200));
#12064 = ADVANCED_FACE('',(#12065),#12099,.F.);
#12065 = FACE_BOUND('',#12066,.F.);
#12066 = EDGE_LOOP('',(#12067,#12077,#12085,#12093));
#12067 = ORIENTED_EDGE('',*,*,#12068,.F.);
#12068 = EDGE_CURVE('',#12069,#12071,#12073,.T.);
#12069 = VERTEX_POINT('',#12070);
#12070 = CARTESIAN_POINT('',(1.037E+03,-7.,-34.));
#12071 = VERTEX_POINT('',#12072);
#12072 = CARTESIAN_POINT('',(1.037E+03,-7.,-29.));
#12073 = LINE('',#12074,#12075);
#12074 = CARTESIAN_POINT('',(1.037E+03,-7.,-34.));
#12075 = VECTOR('',#12076,1.);
#12076 = DIRECTION('',(0.,0.,1.));
#12077 = ORIENTED_EDGE('',*,*,#12078,.T.);
#12078 = EDGE_CURVE('',#12069,#12079,#12081,.T.);
#12079 = VERTEX_POINT('',#12080);
#12080 = CARTESIAN_POINT('',(1.037E+03,-5.,-34.));
#12081 = LINE('',#12082,#12083);
#12082 = CARTESIAN_POINT('',(1.037E+03,-7.,-34.));
#12083 = VECTOR('',#12084,1.);
#12084 = DIRECTION('',(0.,1.,0.));
#12085 = ORIENTED_EDGE('',*,*,#12086,.T.);
#12086 = EDGE_CURVE('',#12079,#12087,#12089,.T.);
#12087 = VERTEX_POINT('',#12088);
#12088 = CARTESIAN_POINT('',(1.037E+03,-5.,-29.));
#12089 = LINE('',#12090,#12091);
#12090 = CARTESIAN_POINT('',(1.037E+03,-5.,-34.));
#12091 = VECTOR('',#12092,1.);
#12092 = DIRECTION('',(0.,0.,1.));
#12093 = ORIENTED_EDGE('',*,*,#12094,.F.);
#12094 = EDGE_CURVE('',#12071,#12087,#12095,.T.);
#12095 = LINE('',#12096,#12097);
#12096 = CARTESIAN_POINT('',(1.037E+03,-7.,-29.));
#12097 = VECTOR('',#12098,1.);
#12098 = DIRECTION('',(0.,1.,0.));
#12099 = PLANE('',#12100);
#12100 = AXIS2_PLACEMENT_3D('',#12101,#12102,#12103);
#12101 = CARTESIAN_POINT('',(1.037E+03,-7.,-34.));
#12102 = DIRECTION('',(1.,0.,0.));
#12103 = DIRECTION('',(0.,0.,1.));
#12104 = ADVANCED_FACE('',(#12105),#12139,.T.);
#12105 = FACE_BOUND('',#12106,.T.);
#12106 = EDGE_LOOP('',(#12107,#12117,#12125,#12133));
#12107 = ORIENTED_EDGE('',*,*,#12108,.F.);
#12108 = EDGE_CURVE('',#12109,#12111,#12113,.T.);
#12109 = VERTEX_POINT('',#12110);
#12110 = CARTESIAN_POINT('',(1.039E+03,-7.,-34.));
#12111 = VERTEX_POINT('',#12112);
#12112 = CARTESIAN_POINT('',(1.039E+03,-7.,-29.));
#12113 = LINE('',#12114,#12115);
#12114 = CARTESIAN_POINT('',(1.039E+03,-7.,-34.));
#12115 = VECTOR('',#12116,1.);
#12116 = DIRECTION('',(0.,0.,1.));
#12117 = ORIENTED_EDGE('',*,*,#12118,.T.);
#12118 = EDGE_CURVE('',#12109,#12119,#12121,.T.);
#12119 = VERTEX_POINT('',#12120);
#12120 = CARTESIAN_POINT('',(1.039E+03,-5.,-34.));
#12121 = LINE('',#12122,#12123);
#12122 = CARTESIAN_POINT('',(1.039E+03,-7.,-34.));
#12123 = VECTOR('',#12124,1.);
#12124 = DIRECTION('',(0.,1.,0.));
#12125 = ORIENTED_EDGE('',*,*,#12126,.T.);
#12126 = EDGE_CURVE('',#12119,#12127,#12129,.T.);
#12127 = VERTEX_POINT('',#12128);
#12128 = CARTESIAN_POINT('',(1.039E+03,-5.,-29.));
#12129 = LINE('',#12130,#12131);
#12130 = CARTESIAN_POINT('',(1.039E+03,-5.,-34.));
#12131 = VECTOR('',#12132,1.);
#12132 = DIRECTION('',(0.,0.,1.));
#12133 = ORIENTED_EDGE('',*,*,#12134,.F.);
#12134 = EDGE_CURVE('',#12111,#12127,#12135,.T.);
#12135 = LINE('',#12136,#12137);
#12136 = CARTESIAN_POINT('',(1.039E+03,-7.,-29.));
#12137 = VECTOR('',#12138,1.);
#12138 = DIRECTION('',(0.,1.,0.));
#12139 = PLANE('',#12140);
#12140 = AXIS2_PLACEMENT_3D('',#12141,#12142,#12143);
#12141 = CARTESIAN_POINT('',(1.039E+03,-7.,-34.));
#12142 = DIRECTION('',(1.,0.,0.));
#12143 = DIRECTION('',(0.,0.,1.));
#12144 = ADVANCED_FACE('',(#12145),#12161,.F.);
#12145 = FACE_BOUND('',#12146,.F.);
#12146 = EDGE_LOOP('',(#12147,#12153,#12154,#12160));
#12147 = ORIENTED_EDGE('',*,*,#12148,.F.);
#12148 = EDGE_CURVE('',#12069,#12109,#12149,.T.);
#12149 = LINE('',#12150,#12151);
#12150 = CARTESIAN_POINT('',(1.037E+03,-7.,-34.));
#12151 = VECTOR('',#12152,1.);
#12152 = DIRECTION('',(1.,0.,0.));
#12153 = ORIENTED_EDGE('',*,*,#12068,.T.);
#12154 = ORIENTED_EDGE('',*,*,#12155,.T.);
#12155 = EDGE_CURVE('',#12071,#12111,#12156,.T.);
#12156 = LINE('',#12157,#12158);
#12157 = CARTESIAN_POINT('',(1.037E+03,-7.,-29.));
#12158 = VECTOR('',#12159,1.);
#12159 = DIRECTION('',(1.,0.,0.));
#12160 = ORIENTED_EDGE('',*,*,#12108,.F.);
#12161 = PLANE('',#12162);
#12162 = AXIS2_PLACEMENT_3D('',#12163,#12164,#12165);
#12163 = CARTESIAN_POINT('',(1.037E+03,-7.,-34.));
#12164 = DIRECTION('',(0.,1.,0.));
#12165 = DIRECTION('',(0.,0.,1.));
#12166 = ADVANCED_FACE('',(#12167),#12183,.T.);
#12167 = FACE_BOUND('',#12168,.T.);
#12168 = EDGE_LOOP('',(#12169,#12175,#12176,#12182));
#12169 = ORIENTED_EDGE('',*,*,#12170,.F.);
#12170 = EDGE_CURVE('',#12079,#12119,#12171,.T.);
#12171 = LINE('',#12172,#12173);
#12172 = CARTESIAN_POINT('',(1.037E+03,-5.,-34.));
#12173 = VECTOR('',#12174,1.);
#12174 = DIRECTION('',(1.,0.,0.));
#12175 = ORIENTED_EDGE('',*,*,#12086,.T.);
#12176 = ORIENTED_EDGE('',*,*,#12177,.T.);
#12177 = EDGE_CURVE('',#12087,#12127,#12178,.T.);
#12178 = LINE('',#12179,#12180);
#12179 = CARTESIAN_POINT('',(1.037E+03,-5.,-29.));
#12180 = VECTOR('',#12181,1.);
#12181 = DIRECTION('',(1.,0.,0.));
#12182 = ORIENTED_EDGE('',*,*,#12126,.F.);
#12183 = PLANE('',#12184);
#12184 = AXIS2_PLACEMENT_3D('',#12185,#12186,#12187);
#12185 = CARTESIAN_POINT('',(1.037E+03,-5.,-34.));
#12186 = DIRECTION('',(0.,1.,0.));
#12187 = DIRECTION('',(0.,0.,1.));
#12188 = ADVANCED_FACE('',(#12189),#12195,.F.);
#12189 = FACE_BOUND('',#12190,.F.);
#12190 = EDGE_LOOP('',(#12191,#12192,#12193,#12194));
#12191 = ORIENTED_EDGE('',*,*,#12078,.F.);
#12192 = ORIENTED_EDGE('',*,*,#12148,.T.);
#12193 = ORIENTED_EDGE('',*,*,#12118,.T.);
#12194 = ORIENTED_EDGE('',*,*,#12170,.F.);
#12195 = PLANE('',#12196);
#12196 = AXIS2_PLACEMENT_3D('',#12197,#12198,#12199);
#12197 = CARTESIAN_POINT('',(1.037E+03,-7.,-34.));
#12198 = DIRECTION('',(0.,0.,1.));
#12199 = DIRECTION('',(1.,0.,0.));
#12200 = ADVANCED_FACE('',(#12201),#12207,.T.);
#12201 = FACE_BOUND('',#12202,.T.);
#12202 = EDGE_LOOP('',(#12203,#12204,#12205,#12206));
#12203 = ORIENTED_EDGE('',*,*,#12094,.F.);
#12204 = ORIENTED_EDGE('',*,*,#12155,.T.);
#12205 = ORIENTED_EDGE('',*,*,#12134,.T.);
#12206 = ORIENTED_EDGE('',*,*,#12177,.F.);
#12207 = PLANE('',#12208);
#12208 = AXIS2_PLACEMENT_3D('',#12209,#12210,#12211);
#12209 = CARTESIAN_POINT('',(1.037E+03,-7.,-29.));
#12210 = DIRECTION('',(0.,0.,1.));
#12211 = DIRECTION('',(1.,0.,0.));
#12212 = MANIFOLD_SOLID_BREP('',#12213);
#12213 = CLOSED_SHELL('',(#12214,#12254,#12294,#12316,#12338,#12350));
#12214 = ADVANCED_FACE('',(#12215),#12249,.F.);
#12215 = FACE_BOUND('',#12216,.F.);
#12216 = EDGE_LOOP('',(#12217,#12227,#12235,#12243));
#12217 = ORIENTED_EDGE('',*,*,#12218,.F.);
#12218 = EDGE_CURVE('',#12219,#12221,#12223,.T.);
#12219 = VERTEX_POINT('',#12220);
#12220 = CARTESIAN_POINT('',(1.037E+03,5.,-34.));
#12221 = VERTEX_POINT('',#12222);
#12222 = CARTESIAN_POINT('',(1.037E+03,5.,-29.));
#12223 = LINE('',#12224,#12225);
#12224 = CARTESIAN_POINT('',(1.037E+03,5.,-34.));
#12225 = VECTOR('',#12226,1.);
#12226 = DIRECTION('',(0.,0.,1.));
#12227 = ORIENTED_EDGE('',*,*,#12228,.T.);
#12228 = EDGE_CURVE('',#12219,#12229,#12231,.T.);
#12229 = VERTEX_POINT('',#12230);
#12230 = CARTESIAN_POINT('',(1.037E+03,7.,-34.));
#12231 = LINE('',#12232,#12233);
#12232 = CARTESIAN_POINT('',(1.037E+03,5.,-34.));
#12233 = VECTOR('',#12234,1.);
#12234 = DIRECTION('',(0.,1.,0.));
#12235 = ORIENTED_EDGE('',*,*,#12236,.T.);
#12236 = EDGE_CURVE('',#12229,#12237,#12239,.T.);
#12237 = VERTEX_POINT('',#12238);
#12238 = CARTESIAN_POINT('',(1.037E+03,7.,-29.));
#12239 = LINE('',#12240,#12241);
#12240 = CARTESIAN_POINT('',(1.037E+03,7.,-34.));
#12241 = VECTOR('',#12242,1.);
#12242 = DIRECTION('',(0.,0.,1.));
#12243 = ORIENTED_EDGE('',*,*,#12244,.F.);
#12244 = EDGE_CURVE('',#12221,#12237,#12245,.T.);
#12245 = LINE('',#12246,#12247);
#12246 = CARTESIAN_POINT('',(1.037E+03,5.,-29.));
#12247 = VECTOR('',#12248,1.);
#12248 = DIRECTION('',(0.,1.,0.));
#12249 = PLANE('',#12250);
#12250 = AXIS2_PLACEMENT_3D('',#12251,#12252,#12253);
#12251 = CARTESIAN_POINT('',(1.037E+03,5.,-34.));
#12252 = DIRECTION('',(1.,0.,0.));
#12253 = DIRECTION('',(0.,0.,1.));
#12254 = ADVANCED_FACE('',(#12255),#12289,.T.);
#12255 = FACE_BOUND('',#12256,.T.);
#12256 = EDGE_LOOP('',(#12257,#12267,#12275,#12283));
#12257 = ORIENTED_EDGE('',*,*,#12258,.F.);
#12258 = EDGE_CURVE('',#12259,#12261,#12263,.T.);
#12259 = VERTEX_POINT('',#12260);
#12260 = CARTESIAN_POINT('',(1.039E+03,5.,-34.));
#12261 = VERTEX_POINT('',#12262);
#12262 = CARTESIAN_POINT('',(1.039E+03,5.,-29.));
#12263 = LINE('',#12264,#12265);
#12264 = CARTESIAN_POINT('',(1.039E+03,5.,-34.));
#12265 = VECTOR('',#12266,1.);
#12266 = DIRECTION('',(0.,0.,1.));
#12267 = ORIENTED_EDGE('',*,*,#12268,.T.);
#12268 = EDGE_CURVE('',#12259,#12269,#12271,.T.);
#12269 = VERTEX_POINT('',#12270);
#12270 = CARTESIAN_POINT('',(1.039E+03,7.,-34.));
#12271 = LINE('',#12272,#12273);
#12272 = CARTESIAN_POINT('',(1.039E+03,5.,-34.));
#12273 = VECTOR('',#12274,1.);
#12274 = DIRECTION('',(0.,1.,0.));
#12275 = ORIENTED_EDGE('',*,*,#12276,.T.);
#12276 = EDGE_CURVE('',#12269,#12277,#12279,.T.);
#12277 = VERTEX_POINT('',#12278);
#12278 = CARTESIAN_POINT('',(1.039E+03,7.,-29.));
#12279 = LINE('',#12280,#12281);
#12280 = CARTESIAN_POINT('',(1.039E+03,7.,-34.));
#12281 = VECTOR('',#12282,1.);
#12282 = DIRECTION('',(0.,0.,1.));
#12283 = ORIENTED_EDGE('',*,*,#12284,.F.);
#12284 = EDGE_CURVE('',#12261,#12277,#12285,.T.);
#12285 = LINE('',#12286,#12287);
#12286 = CARTESIAN_POINT('',(1.039E+03,5.,-29.));
#12287 = VECTOR('',#12288,1.);
#12288 = DIRECTION('',(0.,1.,0.));
#12289 = PLANE('',#12290);
#12290 = AXIS2_PLACEMENT_3D('',#12291,#12292,#12293);
#12291 = CARTESIAN_POINT('',(1.039E+03,5.,-34.));
#12292 = DIRECTION('',(1.,0.,0.));
#12293 = DIRECTION('',(0.,0.,1.));
#12294 = ADVANCED_FACE('',(#12295),#12311,.F.);
#12295 = FACE_BOUND('',#12296,.F.);
#12296 = EDGE_LOOP('',(#12297,#12303,#12304,#12310));
#12297 = ORIENTED_EDGE('',*,*,#12298,.F.);
#12298 = EDGE_CURVE('',#12219,#12259,#12299,.T.);
#12299 = LINE('',#12300,#12301);
#12300 = CARTESIAN_POINT('',(1.037E+03,5.,-34.));
#12301 = VECTOR('',#12302,1.);
#12302 = DIRECTION('',(1.,0.,0.));
#12303 = ORIENTED_EDGE('',*,*,#12218,.T.);
#12304 = ORIENTED_EDGE('',*,*,#12305,.T.);
#12305 = EDGE_CURVE('',#12221,#12261,#12306,.T.);
#12306 = LINE('',#12307,#12308);
#12307 = CARTESIAN_POINT('',(1.037E+03,5.,-29.));
#12308 = VECTOR('',#12309,1.);
#12309 = DIRECTION('',(1.,0.,0.));
#12310 = ORIENTED_EDGE('',*,*,#12258,.F.);
#12311 = PLANE('',#12312);
#12312 = AXIS2_PLACEMENT_3D('',#12313,#12314,#12315);
#12313 = CARTESIAN_POINT('',(1.037E+03,5.,-34.));
#12314 = DIRECTION('',(0.,1.,0.));
#12315 = DIRECTION('',(0.,0.,1.));
#12316 = ADVANCED_FACE('',(#12317),#12333,.T.);
#12317 = FACE_BOUND('',#12318,.T.);
#12318 = EDGE_LOOP('',(#12319,#12325,#12326,#12332));
#12319 = ORIENTED_EDGE('',*,*,#12320,.F.);
#12320 = EDGE_CURVE('',#12229,#12269,#12321,.T.);
#12321 = LINE('',#12322,#12323);
#12322 = CARTESIAN_POINT('',(1.037E+03,7.,-34.));
#12323 = VECTOR('',#12324,1.);
#12324 = DIRECTION('',(1.,0.,0.));
#12325 = ORIENTED_EDGE('',*,*,#12236,.T.);
#12326 = ORIENTED_EDGE('',*,*,#12327,.T.);
#12327 = EDGE_CURVE('',#12237,#12277,#12328,.T.);
#12328 = LINE('',#12329,#12330);
#12329 = CARTESIAN_POINT('',(1.037E+03,7.,-29.));
#12330 = VECTOR('',#12331,1.);
#12331 = DIRECTION('',(1.,0.,0.));
#12332 = ORIENTED_EDGE('',*,*,#12276,.F.);
#12333 = PLANE('',#12334);
#12334 = AXIS2_PLACEMENT_3D('',#12335,#12336,#12337);
#12335 = CARTESIAN_POINT('',(1.037E+03,7.,-34.));
#12336 = DIRECTION('',(0.,1.,0.));
#12337 = DIRECTION('',(0.,0.,1.));
#12338 = ADVANCED_FACE('',(#12339),#12345,.F.);
#12339 = FACE_BOUND('',#12340,.F.);
#12340 = EDGE_LOOP('',(#12341,#12342,#12343,#12344));
#12341 = ORIENTED_EDGE('',*,*,#12228,.F.);
#12342 = ORIENTED_EDGE('',*,*,#12298,.T.);
#12343 = ORIENTED_EDGE('',*,*,#12268,.T.);
#12344 = ORIENTED_EDGE('',*,*,#12320,.F.);
#12345 = PLANE('',#12346);
#12346 = AXIS2_PLACEMENT_3D('',#12347,#12348,#12349);
#12347 = CARTESIAN_POINT('',(1.037E+03,5.,-34.));
#12348 = DIRECTION('',(0.,0.,1.));
#12349 = DIRECTION('',(1.,0.,0.));
#12350 = ADVANCED_FACE('',(#12351),#12357,.T.);
#12351 = FACE_BOUND('',#12352,.T.);
#12352 = EDGE_LOOP('',(#12353,#12354,#12355,#12356));
#12353 = ORIENTED_EDGE('',*,*,#12244,.F.);
#12354 = ORIENTED_EDGE('',*,*,#12305,.T.);
#12355 = ORIENTED_EDGE('',*,*,#12284,.T.);
#12356 = ORIENTED_EDGE('',*,*,#12327,.F.);
#12357 = PLANE('',#12358);
#12358 = AXIS2_PLACEMENT_3D('',#12359,#12360,#12361);
#12359 = CARTESIAN_POINT('',(1.037E+03,5.,-29.));
#12360 = DIRECTION('',(0.,0.,1.));
#12361 = DIRECTION('',(1.,0.,0.));
#12362 = MANIFOLD_SOLID_BREP('',#12363);
#12363 = CLOSED_SHELL('',(#12364,#12404,#12435,#12975,#12999,#13532,
    #13544,#13561,#13578,#13600,#13617,#13634,#13646,#13663,#13685,
    #13702,#13719,#13731,#13748,#13765,#13787,#13804,#13821,#13833,
    #13850,#13867,#13884,#13906,#13923,#13940,#13952,#13974,#13991,
    #14008,#14020,#14042,#14059,#14076,#14088,#14105,#14122,#14144,
    #14161,#14178,#14190,#14207,#14229,#14246,#14263,#14275,#14297,
    #14314,#14331,#14343,#14360,#14377,#14399,#14416,#14433,#14445,
    #14462,#14479));
#12364 = ADVANCED_FACE('',(#12365),#12399,.F.);
#12365 = FACE_BOUND('',#12366,.F.);
#12366 = EDGE_LOOP('',(#12367,#12377,#12385,#12393));
#12367 = ORIENTED_EDGE('',*,*,#12368,.F.);
#12368 = EDGE_CURVE('',#12369,#12371,#12373,.T.);
#12369 = VERTEX_POINT('',#12370);
#12370 = CARTESIAN_POINT('',(825.,-40.,-1.5));
#12371 = VERTEX_POINT('',#12372);
#12372 = CARTESIAN_POINT('',(825.,-40.,1.5));
#12373 = LINE('',#12374,#12375);
#12374 = CARTESIAN_POINT('',(825.,-40.,-1.5));
#12375 = VECTOR('',#12376,1.);
#12376 = DIRECTION('',(0.,0.,1.));
#12377 = ORIENTED_EDGE('',*,*,#12378,.T.);
#12378 = EDGE_CURVE('',#12369,#12379,#12381,.T.);
#12379 = VERTEX_POINT('',#12380);
#12380 = CARTESIAN_POINT('',(825.,40.,-1.5));
#12381 = LINE('',#12382,#12383);
#12382 = CARTESIAN_POINT('',(825.,-40.,-1.5));
#12383 = VECTOR('',#12384,1.);
#12384 = DIRECTION('',(0.,1.,0.));
#12385 = ORIENTED_EDGE('',*,*,#12386,.T.);
#12386 = EDGE_CURVE('',#12379,#12387,#12389,.T.);
#12387 = VERTEX_POINT('',#12388);
#12388 = CARTESIAN_POINT('',(825.,40.,1.5));
#12389 = LINE('',#12390,#12391);
#12390 = CARTESIAN_POINT('',(825.,40.,-1.5));
#12391 = VECTOR('',#12392,1.);
#12392 = DIRECTION('',(0.,0.,1.));
#12393 = ORIENTED_EDGE('',*,*,#12394,.F.);
#12394 = EDGE_CURVE('',#12371,#12387,#12395,.T.);
#12395 = LINE('',#12396,#12397);
#12396 = CARTESIAN_POINT('',(825.,-40.,1.5));
#12397 = VECTOR('',#12398,1.);
#12398 = DIRECTION('',(0.,1.,0.));
#12399 = PLANE('',#12400);
#12400 = AXIS2_PLACEMENT_3D('',#12401,#12402,#12403);
#12401 = CARTESIAN_POINT('',(825.,-40.,-1.5));
#12402 = DIRECTION('',(1.,0.,0.));
#12403 = DIRECTION('',(0.,0.,1.));
#12404 = ADVANCED_FACE('',(#12405),#12430,.F.);
#12405 = FACE_BOUND('',#12406,.F.);
#12406 = EDGE_LOOP('',(#12407,#12415,#12416,#12424));
#12407 = ORIENTED_EDGE('',*,*,#12408,.F.);
#12408 = EDGE_CURVE('',#12369,#12409,#12411,.T.);
#12409 = VERTEX_POINT('',#12410);
#12410 = CARTESIAN_POINT('',(1.065E+03,-40.,-1.5));
#12411 = LINE('',#12412,#12413);
#12412 = CARTESIAN_POINT('',(825.,-40.,-1.5));
#12413 = VECTOR('',#12414,1.);
#12414 = DIRECTION('',(1.,0.,0.));
#12415 = ORIENTED_EDGE('',*,*,#12368,.T.);
#12416 = ORIENTED_EDGE('',*,*,#12417,.T.);
#12417 = EDGE_CURVE('',#12371,#12418,#12420,.T.);
#12418 = VERTEX_POINT('',#12419);
#12419 = CARTESIAN_POINT('',(1.065E+03,-40.,1.5));
#12420 = LINE('',#12421,#12422);
#12421 = CARTESIAN_POINT('',(825.,-40.,1.5));
#12422 = VECTOR('',#12423,1.);
#12423 = DIRECTION('',(1.,0.,0.));
#12424 = ORIENTED_EDGE('',*,*,#12425,.F.);
#12425 = EDGE_CURVE('',#12409,#12418,#12426,.T.);
#12426 = LINE('',#12427,#12428);
#12427 = CARTESIAN_POINT('',(1.065E+03,-40.,-1.5));
#12428 = VECTOR('',#12429,1.);
#12429 = DIRECTION('',(0.,0.,1.));
#12430 = PLANE('',#12431);
#12431 = AXIS2_PLACEMENT_3D('',#12432,#12433,#12434);
#12432 = CARTESIAN_POINT('',(825.,-40.,-1.5));
#12433 = DIRECTION('',(0.,1.,0.));
#12434 = DIRECTION('',(0.,0.,1.));
#12435 = ADVANCED_FACE('',(#12436,#12454,#12465,#12476,#12510,#12521,
    #12555,#12566,#12577,#12611,#12622,#12633,#12644,#12678,#12712,
    #12746,#12757,#12768,#12802,#12813,#12847,#12881,#12892,#12903,
    #12937,#12948,#12959),#12970,.T.);
#12436 = FACE_BOUND('',#12437,.T.);
#12437 = EDGE_LOOP('',(#12438,#12439,#12440,#12448));
#12438 = ORIENTED_EDGE('',*,*,#12394,.F.);
#12439 = ORIENTED_EDGE('',*,*,#12417,.T.);
#12440 = ORIENTED_EDGE('',*,*,#12441,.T.);
#12441 = EDGE_CURVE('',#12418,#12442,#12444,.T.);
#12442 = VERTEX_POINT('',#12443);
#12443 = CARTESIAN_POINT('',(1.065E+03,40.,1.5));
#12444 = LINE('',#12445,#12446);
#12445 = CARTESIAN_POINT('',(1.065E+03,-40.,1.5));
#12446 = VECTOR('',#12447,1.);
#12447 = DIRECTION('',(0.,1.,0.));
#12448 = ORIENTED_EDGE('',*,*,#12449,.F.);
#12449 = EDGE_CURVE('',#12387,#12442,#12450,.T.);
#12450 = LINE('',#12451,#12452);
#12451 = CARTESIAN_POINT('',(825.,40.,1.5));
#12452 = VECTOR('',#12453,1.);
#12453 = DIRECTION('',(1.,0.,0.));
#12454 = FACE_BOUND('',#12455,.T.);
#12455 = EDGE_LOOP('',(#12456));
#12456 = ORIENTED_EDGE('',*,*,#12457,.T.);
#12457 = EDGE_CURVE('',#12458,#12458,#12460,.T.);
#12458 = VERTEX_POINT('',#12459);
#12459 = CARTESIAN_POINT('',(857.7,-35.5,1.5));
#12460 = CIRCLE('',#12461,1.7);
#12461 = AXIS2_PLACEMENT_3D('',#12462,#12463,#12464);
#12462 = CARTESIAN_POINT('',(856.,-35.5,1.5));
#12463 = DIRECTION('',(0.,0.,-1.));
#12464 = DIRECTION('',(1.,0.,0.));
#12465 = FACE_BOUND('',#12466,.T.);
#12466 = EDGE_LOOP('',(#12467));
#12467 = ORIENTED_EDGE('',*,*,#12468,.T.);
#12468 = EDGE_CURVE('',#12469,#12469,#12471,.T.);
#12469 = VERTEX_POINT('',#12470);
#12470 = CARTESIAN_POINT('',(838.7,-29.,1.5));
#12471 = CIRCLE('',#12472,1.7);
#12472 = AXIS2_PLACEMENT_3D('',#12473,#12474,#12475);
#12473 = CARTESIAN_POINT('',(837.,-29.,1.5));
#12474 = DIRECTION('',(0.,0.,-1.));
#12475 = DIRECTION('',(1.,0.,0.));
#12476 = FACE_BOUND('',#12477,.T.);
#12477 = EDGE_LOOP('',(#12478,#12488,#12496,#12504));
#12478 = ORIENTED_EDGE('',*,*,#12479,.T.);
#12479 = EDGE_CURVE('',#12480,#12482,#12484,.T.);
#12480 = VERTEX_POINT('',#12481);
#12481 = CARTESIAN_POINT('',(887.,-23.,1.5));
#12482 = VERTEX_POINT('',#12483);
#12483 = CARTESIAN_POINT('',(878.,-23.,1.5));
#12484 = LINE('',#12485,#12486);
#12485 = CARTESIAN_POINT('',(851.5,-23.,1.5));
#12486 = VECTOR('',#12487,1.);
#12487 = DIRECTION('',(-1.,0.,0.));
#12488 = ORIENTED_EDGE('',*,*,#12489,.T.);
#12489 = EDGE_CURVE('',#12482,#12490,#12492,.T.);
#12490 = VERTEX_POINT('',#12491);
#12491 = CARTESIAN_POINT('',(878.,-21.,1.5));
#12492 = LINE('',#12493,#12494);
#12493 = CARTESIAN_POINT('',(878.,-31.5,1.5));
#12494 = VECTOR('',#12495,1.);
#12495 = DIRECTION('',(0.,1.,0.));
#12496 = ORIENTED_EDGE('',*,*,#12497,.F.);
#12497 = EDGE_CURVE('',#12498,#12490,#12500,.T.);
#12498 = VERTEX_POINT('',#12499);
#12499 = CARTESIAN_POINT('',(887.,-21.,1.5));
#12500 = LINE('',#12501,#12502);
#12501 = CARTESIAN_POINT('',(851.5,-21.,1.5));
#12502 = VECTOR('',#12503,1.);
#12503 = DIRECTION('',(-1.,0.,0.));
#12504 = ORIENTED_EDGE('',*,*,#12505,.F.);
#12505 = EDGE_CURVE('',#12480,#12498,#12506,.T.);
#12506 = LINE('',#12507,#12508);
#12507 = CARTESIAN_POINT('',(887.,-31.5,1.5));
#12508 = VECTOR('',#12509,1.);
#12509 = DIRECTION('',(0.,1.,0.));
#12510 = FACE_BOUND('',#12511,.T.);
#12511 = EDGE_LOOP('',(#12512));
#12512 = ORIENTED_EDGE('',*,*,#12513,.T.);
#12513 = EDGE_CURVE('',#12514,#12514,#12516,.T.);
#12514 = VERTEX_POINT('',#12515);
#12515 = CARTESIAN_POINT('',(929.7,-35.5,1.5));
#12516 = CIRCLE('',#12517,1.7);
#12517 = AXIS2_PLACEMENT_3D('',#12518,#12519,#12520);
#12518 = CARTESIAN_POINT('',(928.,-35.5,1.5));
#12519 = DIRECTION('',(0.,0.,-1.));
#12520 = DIRECTION('',(1.,0.,0.));
#12521 = FACE_BOUND('',#12522,.T.);
#12522 = EDGE_LOOP('',(#12523,#12533,#12541,#12549));
#12523 = ORIENTED_EDGE('',*,*,#12524,.T.);
#12524 = EDGE_CURVE('',#12525,#12527,#12529,.T.);
#12525 = VERTEX_POINT('',#12526);
#12526 = CARTESIAN_POINT('',(915.,-23.,1.5));
#12527 = VERTEX_POINT('',#12528);
#12528 = CARTESIAN_POINT('',(906.,-23.,1.5));
#12529 = LINE('',#12530,#12531);
#12530 = CARTESIAN_POINT('',(865.5,-23.,1.5));
#12531 = VECTOR('',#12532,1.);
#12532 = DIRECTION('',(-1.,0.,0.));
#12533 = ORIENTED_EDGE('',*,*,#12534,.T.);
#12534 = EDGE_CURVE('',#12527,#12535,#12537,.T.);
#12535 = VERTEX_POINT('',#12536);
#12536 = CARTESIAN_POINT('',(906.,-21.,1.5));
#12537 = LINE('',#12538,#12539);
#12538 = CARTESIAN_POINT('',(906.,-31.5,1.5));
#12539 = VECTOR('',#12540,1.);
#12540 = DIRECTION('',(0.,1.,0.));
#12541 = ORIENTED_EDGE('',*,*,#12542,.F.);
#12542 = EDGE_CURVE('',#12543,#12535,#12545,.T.);
#12543 = VERTEX_POINT('',#12544);
#12544 = CARTESIAN_POINT('',(915.,-21.,1.5));
#12545 = LINE('',#12546,#12547);
#12546 = CARTESIAN_POINT('',(865.5,-21.,1.5));
#12547 = VECTOR('',#12548,1.);
#12548 = DIRECTION('',(-1.,0.,0.));
#12549 = ORIENTED_EDGE('',*,*,#12550,.F.);
#12550 = EDGE_CURVE('',#12525,#12543,#12551,.T.);
#12551 = LINE('',#12552,#12553);
#12552 = CARTESIAN_POINT('',(915.,-31.5,1.5));
#12553 = VECTOR('',#12554,1.);
#12554 = DIRECTION('',(0.,1.,0.));
#12555 = FACE_BOUND('',#12556,.T.);
#12556 = EDGE_LOOP('',(#12557));
#12557 = ORIENTED_EDGE('',*,*,#12558,.T.);
#12558 = EDGE_CURVE('',#12559,#12559,#12561,.T.);
#12559 = VERTEX_POINT('',#12560);
#12560 = CARTESIAN_POINT('',(953.7,-29.,1.5));
#12561 = CIRCLE('',#12562,1.7);
#12562 = AXIS2_PLACEMENT_3D('',#12563,#12564,#12565);
#12563 = CARTESIAN_POINT('',(952.,-29.,1.5));
#12564 = DIRECTION('',(0.,0.,-1.));
#12565 = DIRECTION('',(1.,0.,0.));
#12566 = FACE_BOUND('',#12567,.T.);
#12567 = EDGE_LOOP('',(#12568));
#12568 = ORIENTED_EDGE('',*,*,#12569,.T.);
#12569 = EDGE_CURVE('',#12570,#12570,#12572,.T.);
#12570 = VERTEX_POINT('',#12571);
#12571 = CARTESIAN_POINT('',(975.7,-35.5,1.5));
#12572 = CIRCLE('',#12573,1.7);
#12573 = AXIS2_PLACEMENT_3D('',#12574,#12575,#12576);
#12574 = CARTESIAN_POINT('',(974.,-35.5,1.5));
#12575 = DIRECTION('',(0.,0.,-1.));
#12576 = DIRECTION('',(1.,0.,0.));
#12577 = FACE_BOUND('',#12578,.T.);
#12578 = EDGE_LOOP('',(#12579,#12589,#12597,#12605));
#12579 = ORIENTED_EDGE('',*,*,#12580,.T.);
#12580 = EDGE_CURVE('',#12581,#12583,#12585,.T.);
#12581 = VERTEX_POINT('',#12582);
#12582 = CARTESIAN_POINT('',(992.,-26.,1.5));
#12583 = VERTEX_POINT('',#12584);
#12584 = CARTESIAN_POINT('',(983.,-26.,1.5));
#12585 = LINE('',#12586,#12587);
#12586 = CARTESIAN_POINT('',(904.,-26.,1.5));
#12587 = VECTOR('',#12588,1.);
#12588 = DIRECTION('',(-1.,0.,0.));
#12589 = ORIENTED_EDGE('',*,*,#12590,.T.);
#12590 = EDGE_CURVE('',#12583,#12591,#12593,.T.);
#12591 = VERTEX_POINT('',#12592);
#12592 = CARTESIAN_POINT('',(983.,-24.,1.5));
#12593 = LINE('',#12594,#12595);
#12594 = CARTESIAN_POINT('',(983.,-33.,1.5));
#12595 = VECTOR('',#12596,1.);
#12596 = DIRECTION('',(0.,1.,0.));
#12597 = ORIENTED_EDGE('',*,*,#12598,.F.);
#12598 = EDGE_CURVE('',#12599,#12591,#12601,.T.);
#12599 = VERTEX_POINT('',#12600);
#12600 = CARTESIAN_POINT('',(992.,-24.,1.5));
#12601 = LINE('',#12602,#12603);
#12602 = CARTESIAN_POINT('',(904.,-24.,1.5));
#12603 = VECTOR('',#12604,1.);
#12604 = DIRECTION('',(-1.,0.,0.));
#12605 = ORIENTED_EDGE('',*,*,#12606,.F.);
#12606 = EDGE_CURVE('',#12581,#12599,#12607,.T.);
#12607 = LINE('',#12608,#12609);
#12608 = CARTESIAN_POINT('',(992.,-33.,1.5));
#12609 = VECTOR('',#12610,1.);
#12610 = DIRECTION('',(0.,1.,0.));
#12611 = FACE_BOUND('',#12612,.T.);
#12612 = EDGE_LOOP('',(#12613));
#12613 = ORIENTED_EDGE('',*,*,#12614,.T.);
#12614 = EDGE_CURVE('',#12615,#12615,#12617,.T.);
#12615 = VERTEX_POINT('',#12616);
#12616 = CARTESIAN_POINT('',(1.0377E+03,-35.5,1.5));
#12617 = CIRCLE('',#12618,1.7);
#12618 = AXIS2_PLACEMENT_3D('',#12619,#12620,#12621);
#12619 = CARTESIAN_POINT('',(1.036E+03,-35.5,1.5));
#12620 = DIRECTION('',(0.,0.,-1.));
#12621 = DIRECTION('',(1.,0.,0.));
#12622 = FACE_BOUND('',#12623,.T.);
#12623 = EDGE_LOOP('',(#12624));
#12624 = ORIENTED_EDGE('',*,*,#12625,.T.);
#12625 = EDGE_CURVE('',#12626,#12626,#12628,.T.);
#12626 = VERTEX_POINT('',#12627);
#12627 = CARTESIAN_POINT('',(1.0497E+03,-29.,1.5));
#12628 = CIRCLE('',#12629,1.7);
#12629 = AXIS2_PLACEMENT_3D('',#12630,#12631,#12632);
#12630 = CARTESIAN_POINT('',(1.048E+03,-29.,1.5));
#12631 = DIRECTION('',(0.,0.,-1.));
#12632 = DIRECTION('',(1.,0.,0.));
#12633 = FACE_BOUND('',#12634,.T.);
#12634 = EDGE_LOOP('',(#12635));
#12635 = ORIENTED_EDGE('',*,*,#12636,.T.);
#12636 = EDGE_CURVE('',#12637,#12637,#12639,.T.);
#12637 = VERTEX_POINT('',#12638);
#12638 = CARTESIAN_POINT('',(1.0547E+03,-29.,1.5));
#12639 = CIRCLE('',#12640,1.7);
#12640 = AXIS2_PLACEMENT_3D('',#12641,#12642,#12643);
#12641 = CARTESIAN_POINT('',(1.053E+03,-29.,1.5));
#12642 = DIRECTION('',(0.,0.,-1.));
#12643 = DIRECTION('',(1.,0.,0.));
#12644 = FACE_BOUND('',#12645,.T.);
#12645 = EDGE_LOOP('',(#12646,#12656,#12664,#12672));
#12646 = ORIENTED_EDGE('',*,*,#12647,.T.);
#12647 = EDGE_CURVE('',#12648,#12650,#12652,.T.);
#12648 = VERTEX_POINT('',#12649);
#12649 = CARTESIAN_POINT('',(1.032E+03,-26.,1.5));
#12650 = VERTEX_POINT('',#12651);
#12651 = CARTESIAN_POINT('',(1.023E+03,-26.,1.5));
#12652 = LINE('',#12653,#12654);
#12653 = CARTESIAN_POINT('',(924.,-26.,1.5));
#12654 = VECTOR('',#12655,1.);
#12655 = DIRECTION('',(-1.,0.,0.));
#12656 = ORIENTED_EDGE('',*,*,#12657,.T.);
#12657 = EDGE_CURVE('',#12650,#12658,#12660,.T.);
#12658 = VERTEX_POINT('',#12659);
#12659 = CARTESIAN_POINT('',(1.023E+03,-24.,1.5));
#12660 = LINE('',#12661,#12662);
#12661 = CARTESIAN_POINT('',(1.023E+03,-33.,1.5));
#12662 = VECTOR('',#12663,1.);
#12663 = DIRECTION('',(0.,1.,0.));
#12664 = ORIENTED_EDGE('',*,*,#12665,.F.);
#12665 = EDGE_CURVE('',#12666,#12658,#12668,.T.);
#12666 = VERTEX_POINT('',#12667);
#12667 = CARTESIAN_POINT('',(1.032E+03,-24.,1.5));
#12668 = LINE('',#12669,#12670);
#12669 = CARTESIAN_POINT('',(924.,-24.,1.5));
#12670 = VECTOR('',#12671,1.);
#12671 = DIRECTION('',(-1.,0.,0.));
#12672 = ORIENTED_EDGE('',*,*,#12673,.F.);
#12673 = EDGE_CURVE('',#12648,#12666,#12674,.T.);
#12674 = LINE('',#12675,#12676);
#12675 = CARTESIAN_POINT('',(1.032E+03,-33.,1.5));
#12676 = VECTOR('',#12677,1.);
#12677 = DIRECTION('',(0.,1.,0.));
#12678 = FACE_BOUND('',#12679,.T.);
#12679 = EDGE_LOOP('',(#12680,#12690,#12698,#12706));
#12680 = ORIENTED_EDGE('',*,*,#12681,.T.);
#12681 = EDGE_CURVE('',#12682,#12684,#12686,.T.);
#12682 = VERTEX_POINT('',#12683);
#12683 = CARTESIAN_POINT('',(916.,-12.,1.5));
#12684 = VERTEX_POINT('',#12685);
#12685 = CARTESIAN_POINT('',(866.,-12.,1.5));
#12686 = LINE('',#12687,#12688);
#12687 = CARTESIAN_POINT('',(845.5,-12.,1.5));
#12688 = VECTOR('',#12689,1.);
#12689 = DIRECTION('',(-1.,0.,0.));
#12690 = ORIENTED_EDGE('',*,*,#12691,.T.);
#12691 = EDGE_CURVE('',#12684,#12692,#12694,.T.);
#12692 = VERTEX_POINT('',#12693);
#12693 = CARTESIAN_POINT('',(866.,12.,1.5));
#12694 = LINE('',#12695,#12696);
#12695 = CARTESIAN_POINT('',(866.,-26.,1.5));
#12696 = VECTOR('',#12697,1.);
#12697 = DIRECTION('',(0.,1.,0.));
#12698 = ORIENTED_EDGE('',*,*,#12699,.F.);
#12699 = EDGE_CURVE('',#12700,#12692,#12702,.T.);
#12700 = VERTEX_POINT('',#12701);
#12701 = CARTESIAN_POINT('',(916.,12.,1.5));
#12702 = LINE('',#12703,#12704);
#12703 = CARTESIAN_POINT('',(845.5,12.,1.5));
#12704 = VECTOR('',#12705,1.);
#12705 = DIRECTION('',(-1.,0.,0.));
#12706 = ORIENTED_EDGE('',*,*,#12707,.F.);
#12707 = EDGE_CURVE('',#12682,#12700,#12708,.T.);
#12708 = LINE('',#12709,#12710);
#12709 = CARTESIAN_POINT('',(916.,-26.,1.5));
#12710 = VECTOR('',#12711,1.);
#12711 = DIRECTION('',(0.,1.,0.));
#12712 = FACE_BOUND('',#12713,.T.);
#12713 = EDGE_LOOP('',(#12714,#12724,#12732,#12740));
#12714 = ORIENTED_EDGE('',*,*,#12715,.T.);
#12715 = EDGE_CURVE('',#12716,#12718,#12720,.T.);
#12716 = VERTEX_POINT('',#12717);
#12717 = CARTESIAN_POINT('',(887.,21.,1.5));
#12718 = VERTEX_POINT('',#12719);
#12719 = CARTESIAN_POINT('',(878.,21.,1.5));
#12720 = LINE('',#12721,#12722);
#12721 = CARTESIAN_POINT('',(851.5,21.,1.5));
#12722 = VECTOR('',#12723,1.);
#12723 = DIRECTION('',(-1.,0.,0.));
#12724 = ORIENTED_EDGE('',*,*,#12725,.T.);
#12725 = EDGE_CURVE('',#12718,#12726,#12728,.T.);
#12726 = VERTEX_POINT('',#12727);
#12727 = CARTESIAN_POINT('',(878.,23.,1.5));
#12728 = LINE('',#12729,#12730);
#12729 = CARTESIAN_POINT('',(878.,-9.5,1.5));
#12730 = VECTOR('',#12731,1.);
#12731 = DIRECTION('',(0.,1.,0.));
#12732 = ORIENTED_EDGE('',*,*,#12733,.F.);
#12733 = EDGE_CURVE('',#12734,#12726,#12736,.T.);
#12734 = VERTEX_POINT('',#12735);
#12735 = CARTESIAN_POINT('',(887.,23.,1.5));
#12736 = LINE('',#12737,#12738);
#12737 = CARTESIAN_POINT('',(851.5,23.,1.5));
#12738 = VECTOR('',#12739,1.);
#12739 = DIRECTION('',(-1.,0.,0.));
#12740 = ORIENTED_EDGE('',*,*,#12741,.F.);
#12741 = EDGE_CURVE('',#12716,#12734,#12742,.T.);
#12742 = LINE('',#12743,#12744);
#12743 = CARTESIAN_POINT('',(887.,-9.5,1.5));
#12744 = VECTOR('',#12745,1.);
#12745 = DIRECTION('',(0.,1.,0.));
#12746 = FACE_BOUND('',#12747,.T.);
#12747 = EDGE_LOOP('',(#12748));
#12748 = ORIENTED_EDGE('',*,*,#12749,.T.);
#12749 = EDGE_CURVE('',#12750,#12750,#12752,.T.);
#12750 = VERTEX_POINT('',#12751);
#12751 = CARTESIAN_POINT('',(838.7,29.,1.5));
#12752 = CIRCLE('',#12753,1.7);
#12753 = AXIS2_PLACEMENT_3D('',#12754,#12755,#12756);
#12754 = CARTESIAN_POINT('',(837.,29.,1.5));
#12755 = DIRECTION('',(0.,0.,-1.));
#12756 = DIRECTION('',(1.,0.,0.));
#12757 = FACE_BOUND('',#12758,.T.);
#12758 = EDGE_LOOP('',(#12759));
#12759 = ORIENTED_EDGE('',*,*,#12760,.T.);
#12760 = EDGE_CURVE('',#12761,#12761,#12763,.T.);
#12761 = VERTEX_POINT('',#12762);
#12762 = CARTESIAN_POINT('',(857.7,35.5,1.5));
#12763 = CIRCLE('',#12764,1.7);
#12764 = AXIS2_PLACEMENT_3D('',#12765,#12766,#12767);
#12765 = CARTESIAN_POINT('',(856.,35.5,1.5));
#12766 = DIRECTION('',(0.,0.,-1.));
#12767 = DIRECTION('',(1.,0.,0.));
#12768 = FACE_BOUND('',#12769,.T.);
#12769 = EDGE_LOOP('',(#12770,#12780,#12788,#12796));
#12770 = ORIENTED_EDGE('',*,*,#12771,.T.);
#12771 = EDGE_CURVE('',#12772,#12774,#12776,.T.);
#12772 = VERTEX_POINT('',#12773);
#12773 = CARTESIAN_POINT('',(915.,21.,1.5));
#12774 = VERTEX_POINT('',#12775);
#12775 = CARTESIAN_POINT('',(906.,21.,1.5));
#12776 = LINE('',#12777,#12778);
#12777 = CARTESIAN_POINT('',(865.5,21.,1.5));
#12778 = VECTOR('',#12779,1.);
#12779 = DIRECTION('',(-1.,0.,0.));
#12780 = ORIENTED_EDGE('',*,*,#12781,.T.);
#12781 = EDGE_CURVE('',#12774,#12782,#12784,.T.);
#12782 = VERTEX_POINT('',#12783);
#12783 = CARTESIAN_POINT('',(906.,23.,1.5));
#12784 = LINE('',#12785,#12786);
#12785 = CARTESIAN_POINT('',(906.,-9.5,1.5));
#12786 = VECTOR('',#12787,1.);
#12787 = DIRECTION('',(0.,1.,0.));
#12788 = ORIENTED_EDGE('',*,*,#12789,.F.);
#12789 = EDGE_CURVE('',#12790,#12782,#12792,.T.);
#12790 = VERTEX_POINT('',#12791);
#12791 = CARTESIAN_POINT('',(915.,23.,1.5));
#12792 = LINE('',#12793,#12794);
#12793 = CARTESIAN_POINT('',(865.5,23.,1.5));
#12794 = VECTOR('',#12795,1.);
#12795 = DIRECTION('',(-1.,0.,0.));
#12796 = ORIENTED_EDGE('',*,*,#12797,.F.);
#12797 = EDGE_CURVE('',#12772,#12790,#12798,.T.);
#12798 = LINE('',#12799,#12800);
#12799 = CARTESIAN_POINT('',(915.,-9.5,1.5));
#12800 = VECTOR('',#12801,1.);
#12801 = DIRECTION('',(0.,1.,0.));
#12802 = FACE_BOUND('',#12803,.T.);
#12803 = EDGE_LOOP('',(#12804));
#12804 = ORIENTED_EDGE('',*,*,#12805,.T.);
#12805 = EDGE_CURVE('',#12806,#12806,#12808,.T.);
#12806 = VERTEX_POINT('',#12807);
#12807 = CARTESIAN_POINT('',(929.7,35.5,1.5));
#12808 = CIRCLE('',#12809,1.7);
#12809 = AXIS2_PLACEMENT_3D('',#12810,#12811,#12812);
#12810 = CARTESIAN_POINT('',(928.,35.5,1.5));
#12811 = DIRECTION('',(0.,0.,-1.));
#12812 = DIRECTION('',(1.,0.,0.));
#12813 = FACE_BOUND('',#12814,.T.);
#12814 = EDGE_LOOP('',(#12815,#12825,#12833,#12841));
#12815 = ORIENTED_EDGE('',*,*,#12816,.T.);
#12816 = EDGE_CURVE('',#12817,#12819,#12821,.T.);
#12817 = VERTEX_POINT('',#12818);
#12818 = CARTESIAN_POINT('',(1.023E+03,-12.,1.5));
#12819 = VERTEX_POINT('',#12820);
#12820 = CARTESIAN_POINT('',(983.,-12.,1.5));
#12821 = LINE('',#12822,#12823);
#12822 = CARTESIAN_POINT('',(904.,-12.,1.5));
#12823 = VECTOR('',#12824,1.);
#12824 = DIRECTION('',(-1.,0.,0.));
#12825 = ORIENTED_EDGE('',*,*,#12826,.T.);
#12826 = EDGE_CURVE('',#12819,#12827,#12829,.T.);
#12827 = VERTEX_POINT('',#12828);
#12828 = CARTESIAN_POINT('',(983.,12.,1.5));
#12829 = LINE('',#12830,#12831);
#12830 = CARTESIAN_POINT('',(983.,-26.,1.5));
#12831 = VECTOR('',#12832,1.);
#12832 = DIRECTION('',(0.,1.,0.));
#12833 = ORIENTED_EDGE('',*,*,#12834,.F.);
#12834 = EDGE_CURVE('',#12835,#12827,#12837,.T.);
#12835 = VERTEX_POINT('',#12836);
#12836 = CARTESIAN_POINT('',(1.023E+03,12.,1.5));
#12837 = LINE('',#12838,#12839);
#12838 = CARTESIAN_POINT('',(904.,12.,1.5));
#12839 = VECTOR('',#12840,1.);
#12840 = DIRECTION('',(-1.,0.,0.));
#12841 = ORIENTED_EDGE('',*,*,#12842,.F.);
#12842 = EDGE_CURVE('',#12817,#12835,#12843,.T.);
#12843 = LINE('',#12844,#12845);
#12844 = CARTESIAN_POINT('',(1.023E+03,-26.,1.5));
#12845 = VECTOR('',#12846,1.);
#12846 = DIRECTION('',(0.,1.,0.));
#12847 = FACE_BOUND('',#12848,.T.);
#12848 = EDGE_LOOP('',(#12849,#12859,#12867,#12875));
#12849 = ORIENTED_EDGE('',*,*,#12850,.T.);
#12850 = EDGE_CURVE('',#12851,#12853,#12855,.T.);
#12851 = VERTEX_POINT('',#12852);
#12852 = CARTESIAN_POINT('',(992.,24.,1.5));
#12853 = VERTEX_POINT('',#12854);
#12854 = CARTESIAN_POINT('',(983.,24.,1.5));
#12855 = LINE('',#12856,#12857);
#12856 = CARTESIAN_POINT('',(904.,24.,1.5));
#12857 = VECTOR('',#12858,1.);
#12858 = DIRECTION('',(-1.,0.,0.));
#12859 = ORIENTED_EDGE('',*,*,#12860,.T.);
#12860 = EDGE_CURVE('',#12853,#12861,#12863,.T.);
#12861 = VERTEX_POINT('',#12862);
#12862 = CARTESIAN_POINT('',(983.,26.,1.5));
#12863 = LINE('',#12864,#12865);
#12864 = CARTESIAN_POINT('',(983.,-8.,1.5));
#12865 = VECTOR('',#12866,1.);
#12866 = DIRECTION('',(0.,1.,0.));
#12867 = ORIENTED_EDGE('',*,*,#12868,.F.);
#12868 = EDGE_CURVE('',#12869,#12861,#12871,.T.);
#12869 = VERTEX_POINT('',#12870);
#12870 = CARTESIAN_POINT('',(992.,26.,1.5));
#12871 = LINE('',#12872,#12873);
#12872 = CARTESIAN_POINT('',(904.,26.,1.5));
#12873 = VECTOR('',#12874,1.);
#12874 = DIRECTION('',(-1.,0.,0.));
#12875 = ORIENTED_EDGE('',*,*,#12876,.F.);
#12876 = EDGE_CURVE('',#12851,#12869,#12877,.T.);
#12877 = LINE('',#12878,#12879);
#12878 = CARTESIAN_POINT('',(992.,-8.,1.5));
#12879 = VECTOR('',#12880,1.);
#12880 = DIRECTION('',(0.,1.,0.));
#12881 = FACE_BOUND('',#12882,.T.);
#12882 = EDGE_LOOP('',(#12883));
#12883 = ORIENTED_EDGE('',*,*,#12884,.T.);
#12884 = EDGE_CURVE('',#12885,#12885,#12887,.T.);
#12885 = VERTEX_POINT('',#12886);
#12886 = CARTESIAN_POINT('',(953.7,29.,1.5));
#12887 = CIRCLE('',#12888,1.7);
#12888 = AXIS2_PLACEMENT_3D('',#12889,#12890,#12891);
#12889 = CARTESIAN_POINT('',(952.,29.,1.5));
#12890 = DIRECTION('',(0.,0.,-1.));
#12891 = DIRECTION('',(1.,0.,0.));
#12892 = FACE_BOUND('',#12893,.T.);
#12893 = EDGE_LOOP('',(#12894));
#12894 = ORIENTED_EDGE('',*,*,#12895,.T.);
#12895 = EDGE_CURVE('',#12896,#12896,#12898,.T.);
#12896 = VERTEX_POINT('',#12897);
#12897 = CARTESIAN_POINT('',(975.7,35.5,1.5));
#12898 = CIRCLE('',#12899,1.7);
#12899 = AXIS2_PLACEMENT_3D('',#12900,#12901,#12902);
#12900 = CARTESIAN_POINT('',(974.,35.5,1.5));
#12901 = DIRECTION('',(0.,0.,-1.));
#12902 = DIRECTION('',(1.,0.,0.));
#12903 = FACE_BOUND('',#12904,.T.);
#12904 = EDGE_LOOP('',(#12905,#12915,#12923,#12931));
#12905 = ORIENTED_EDGE('',*,*,#12906,.T.);
#12906 = EDGE_CURVE('',#12907,#12909,#12911,.T.);
#12907 = VERTEX_POINT('',#12908);
#12908 = CARTESIAN_POINT('',(1.032E+03,24.,1.5));
#12909 = VERTEX_POINT('',#12910);
#12910 = CARTESIAN_POINT('',(1.023E+03,24.,1.5));
#12911 = LINE('',#12912,#12913);
#12912 = CARTESIAN_POINT('',(924.,24.,1.5));
#12913 = VECTOR('',#12914,1.);
#12914 = DIRECTION('',(-1.,0.,0.));
#12915 = ORIENTED_EDGE('',*,*,#12916,.T.);
#12916 = EDGE_CURVE('',#12909,#12917,#12919,.T.);
#12917 = VERTEX_POINT('',#12918);
#12918 = CARTESIAN_POINT('',(1.023E+03,26.,1.5));
#12919 = LINE('',#12920,#12921);
#12920 = CARTESIAN_POINT('',(1.023E+03,-8.,1.5));
#12921 = VECTOR('',#12922,1.);
#12922 = DIRECTION('',(0.,1.,0.));
#12923 = ORIENTED_EDGE('',*,*,#12924,.F.);
#12924 = EDGE_CURVE('',#12925,#12917,#12927,.T.);
#12925 = VERTEX_POINT('',#12926);
#12926 = CARTESIAN_POINT('',(1.032E+03,26.,1.5));
#12927 = LINE('',#12928,#12929);
#12928 = CARTESIAN_POINT('',(924.,26.,1.5));
#12929 = VECTOR('',#12930,1.);
#12930 = DIRECTION('',(-1.,0.,0.));
#12931 = ORIENTED_EDGE('',*,*,#12932,.F.);
#12932 = EDGE_CURVE('',#12907,#12925,#12933,.T.);
#12933 = LINE('',#12934,#12935);
#12934 = CARTESIAN_POINT('',(1.032E+03,-8.,1.5));
#12935 = VECTOR('',#12936,1.);
#12936 = DIRECTION('',(0.,1.,0.));
#12937 = FACE_BOUND('',#12938,.T.);
#12938 = EDGE_LOOP('',(#12939));
#12939 = ORIENTED_EDGE('',*,*,#12940,.T.);
#12940 = EDGE_CURVE('',#12941,#12941,#12943,.T.);
#12941 = VERTEX_POINT('',#12942);
#12942 = CARTESIAN_POINT('',(1.0497E+03,29.,1.5));
#12943 = CIRCLE('',#12944,1.7);
#12944 = AXIS2_PLACEMENT_3D('',#12945,#12946,#12947);
#12945 = CARTESIAN_POINT('',(1.048E+03,29.,1.5));
#12946 = DIRECTION('',(0.,0.,-1.));
#12947 = DIRECTION('',(1.,0.,0.));
#12948 = FACE_BOUND('',#12949,.T.);
#12949 = EDGE_LOOP('',(#12950));
#12950 = ORIENTED_EDGE('',*,*,#12951,.T.);
#12951 = EDGE_CURVE('',#12952,#12952,#12954,.T.);
#12952 = VERTEX_POINT('',#12953);
#12953 = CARTESIAN_POINT('',(1.0547E+03,29.,1.5));
#12954 = CIRCLE('',#12955,1.7);
#12955 = AXIS2_PLACEMENT_3D('',#12956,#12957,#12958);
#12956 = CARTESIAN_POINT('',(1.053E+03,29.,1.5));
#12957 = DIRECTION('',(0.,0.,-1.));
#12958 = DIRECTION('',(1.,0.,0.));
#12959 = FACE_BOUND('',#12960,.T.);
#12960 = EDGE_LOOP('',(#12961));
#12961 = ORIENTED_EDGE('',*,*,#12962,.T.);
#12962 = EDGE_CURVE('',#12963,#12963,#12965,.T.);
#12963 = VERTEX_POINT('',#12964);
#12964 = CARTESIAN_POINT('',(1.0377E+03,35.5,1.5));
#12965 = CIRCLE('',#12966,1.7);
#12966 = AXIS2_PLACEMENT_3D('',#12967,#12968,#12969);
#12967 = CARTESIAN_POINT('',(1.036E+03,35.5,1.5));
#12968 = DIRECTION('',(0.,0.,-1.));
#12969 = DIRECTION('',(1.,0.,0.));
#12970 = PLANE('',#12971);
#12971 = AXIS2_PLACEMENT_3D('',#12972,#12973,#12974);
#12972 = CARTESIAN_POINT('',(825.,-40.,1.5));
#12973 = DIRECTION('',(0.,0.,1.));
#12974 = DIRECTION('',(1.,0.,0.));
#12975 = ADVANCED_FACE('',(#12976),#12994,.T.);
#12976 = FACE_BOUND('',#12977,.T.);
#12977 = EDGE_LOOP('',(#12978,#12986,#12987,#12988));
#12978 = ORIENTED_EDGE('',*,*,#12979,.F.);
#12979 = EDGE_CURVE('',#12379,#12980,#12982,.T.);
#12980 = VERTEX_POINT('',#12981);
#12981 = CARTESIAN_POINT('',(1.065E+03,40.,-1.5));
#12982 = LINE('',#12983,#12984);
#12983 = CARTESIAN_POINT('',(825.,40.,-1.5));
#12984 = VECTOR('',#12985,1.);
#12985 = DIRECTION('',(1.,0.,0.));
#12986 = ORIENTED_EDGE('',*,*,#12386,.T.);
#12987 = ORIENTED_EDGE('',*,*,#12449,.T.);
#12988 = ORIENTED_EDGE('',*,*,#12989,.F.);
#12989 = EDGE_CURVE('',#12980,#12442,#12990,.T.);
#12990 = LINE('',#12991,#12992);
#12991 = CARTESIAN_POINT('',(1.065E+03,40.,-1.5));
#12992 = VECTOR('',#12993,1.);
#12993 = DIRECTION('',(0.,0.,1.));
#12994 = PLANE('',#12995);
#12995 = AXIS2_PLACEMENT_3D('',#12996,#12997,#12998);
#12996 = CARTESIAN_POINT('',(825.,40.,-1.5));
#12997 = DIRECTION('',(0.,1.,0.));
#12998 = DIRECTION('',(0.,0.,1.));
#12999 = ADVANCED_FACE('',(#13000,#13011,#13022,#13033,#13067,#13078,
    #13112,#13123,#13134,#13168,#13179,#13190,#13201,#13235,#13269,
    #13303,#13314,#13325,#13359,#13370,#13404,#13438,#13449,#13460,
    #13494,#13505,#13516),#13527,.F.);
#13000 = FACE_BOUND('',#13001,.F.);
#13001 = EDGE_LOOP('',(#13002,#13003,#13004,#13010));
#13002 = ORIENTED_EDGE('',*,*,#12378,.F.);
#13003 = ORIENTED_EDGE('',*,*,#12408,.T.);
#13004 = ORIENTED_EDGE('',*,*,#13005,.T.);
#13005 = EDGE_CURVE('',#12409,#12980,#13006,.T.);
#13006 = LINE('',#13007,#13008);
#13007 = CARTESIAN_POINT('',(1.065E+03,-40.,-1.5));
#13008 = VECTOR('',#13009,1.);
#13009 = DIRECTION('',(0.,1.,0.));
#13010 = ORIENTED_EDGE('',*,*,#12979,.F.);
#13011 = FACE_BOUND('',#13012,.F.);
#13012 = EDGE_LOOP('',(#13013));
#13013 = ORIENTED_EDGE('',*,*,#13014,.T.);
#13014 = EDGE_CURVE('',#13015,#13015,#13017,.T.);
#13015 = VERTEX_POINT('',#13016);
#13016 = CARTESIAN_POINT('',(857.7,-35.5,-1.5));
#13017 = CIRCLE('',#13018,1.7);
#13018 = AXIS2_PLACEMENT_3D('',#13019,#13020,#13021);
#13019 = CARTESIAN_POINT('',(856.,-35.5,-1.5));
#13020 = DIRECTION('',(0.,0.,-1.));
#13021 = DIRECTION('',(1.,0.,0.));
#13022 = FACE_BOUND('',#13023,.F.);
#13023 = EDGE_LOOP('',(#13024));
#13024 = ORIENTED_EDGE('',*,*,#13025,.T.);
#13025 = EDGE_CURVE('',#13026,#13026,#13028,.T.);
#13026 = VERTEX_POINT('',#13027);
#13027 = CARTESIAN_POINT('',(838.7,-29.,-1.5));
#13028 = CIRCLE('',#13029,1.7);
#13029 = AXIS2_PLACEMENT_3D('',#13030,#13031,#13032);
#13030 = CARTESIAN_POINT('',(837.,-29.,-1.5));
#13031 = DIRECTION('',(0.,0.,-1.));
#13032 = DIRECTION('',(1.,0.,0.));
#13033 = FACE_BOUND('',#13034,.F.);
#13034 = EDGE_LOOP('',(#13035,#13045,#13053,#13061));
#13035 = ORIENTED_EDGE('',*,*,#13036,.T.);
#13036 = EDGE_CURVE('',#13037,#13039,#13041,.T.);
#13037 = VERTEX_POINT('',#13038);
#13038 = CARTESIAN_POINT('',(887.,-23.,-1.5));
#13039 = VERTEX_POINT('',#13040);
#13040 = CARTESIAN_POINT('',(878.,-23.,-1.5));
#13041 = LINE('',#13042,#13043);
#13042 = CARTESIAN_POINT('',(851.5,-23.,-1.5));
#13043 = VECTOR('',#13044,1.);
#13044 = DIRECTION('',(-1.,0.,0.));
#13045 = ORIENTED_EDGE('',*,*,#13046,.T.);
#13046 = EDGE_CURVE('',#13039,#13047,#13049,.T.);
#13047 = VERTEX_POINT('',#13048);
#13048 = CARTESIAN_POINT('',(878.,-21.,-1.5));
#13049 = LINE('',#13050,#13051);
#13050 = CARTESIAN_POINT('',(878.,-31.5,-1.5));
#13051 = VECTOR('',#13052,1.);
#13052 = DIRECTION('',(0.,1.,0.));
#13053 = ORIENTED_EDGE('',*,*,#13054,.F.);
#13054 = EDGE_CURVE('',#13055,#13047,#13057,.T.);
#13055 = VERTEX_POINT('',#13056);
#13056 = CARTESIAN_POINT('',(887.,-21.,-1.5));
#13057 = LINE('',#13058,#13059);
#13058 = CARTESIAN_POINT('',(851.5,-21.,-1.5));
#13059 = VECTOR('',#13060,1.);
#13060 = DIRECTION('',(-1.,0.,0.));
#13061 = ORIENTED_EDGE('',*,*,#13062,.F.);
#13062 = EDGE_CURVE('',#13037,#13055,#13063,.T.);
#13063 = LINE('',#13064,#13065);
#13064 = CARTESIAN_POINT('',(887.,-31.5,-1.5));
#13065 = VECTOR('',#13066,1.);
#13066 = DIRECTION('',(0.,1.,0.));
#13067 = FACE_BOUND('',#13068,.F.);
#13068 = EDGE_LOOP('',(#13069));
#13069 = ORIENTED_EDGE('',*,*,#13070,.T.);
#13070 = EDGE_CURVE('',#13071,#13071,#13073,.T.);
#13071 = VERTEX_POINT('',#13072);
#13072 = CARTESIAN_POINT('',(929.7,-35.5,-1.5));
#13073 = CIRCLE('',#13074,1.7);
#13074 = AXIS2_PLACEMENT_3D('',#13075,#13076,#13077);
#13075 = CARTESIAN_POINT('',(928.,-35.5,-1.5));
#13076 = DIRECTION('',(0.,0.,-1.));
#13077 = DIRECTION('',(1.,0.,0.));
#13078 = FACE_BOUND('',#13079,.F.);
#13079 = EDGE_LOOP('',(#13080,#13090,#13098,#13106));
#13080 = ORIENTED_EDGE('',*,*,#13081,.T.);
#13081 = EDGE_CURVE('',#13082,#13084,#13086,.T.);
#13082 = VERTEX_POINT('',#13083);
#13083 = CARTESIAN_POINT('',(915.,-23.,-1.5));
#13084 = VERTEX_POINT('',#13085);
#13085 = CARTESIAN_POINT('',(906.,-23.,-1.5));
#13086 = LINE('',#13087,#13088);
#13087 = CARTESIAN_POINT('',(865.5,-23.,-1.5));
#13088 = VECTOR('',#13089,1.);
#13089 = DIRECTION('',(-1.,0.,0.));
#13090 = ORIENTED_EDGE('',*,*,#13091,.T.);
#13091 = EDGE_CURVE('',#13084,#13092,#13094,.T.);
#13092 = VERTEX_POINT('',#13093);
#13093 = CARTESIAN_POINT('',(906.,-21.,-1.5));
#13094 = LINE('',#13095,#13096);
#13095 = CARTESIAN_POINT('',(906.,-31.5,-1.5));
#13096 = VECTOR('',#13097,1.);
#13097 = DIRECTION('',(0.,1.,0.));
#13098 = ORIENTED_EDGE('',*,*,#13099,.F.);
#13099 = EDGE_CURVE('',#13100,#13092,#13102,.T.);
#13100 = VERTEX_POINT('',#13101);
#13101 = CARTESIAN_POINT('',(915.,-21.,-1.5));
#13102 = LINE('',#13103,#13104);
#13103 = CARTESIAN_POINT('',(865.5,-21.,-1.5));
#13104 = VECTOR('',#13105,1.);
#13105 = DIRECTION('',(-1.,0.,0.));
#13106 = ORIENTED_EDGE('',*,*,#13107,.F.);
#13107 = EDGE_CURVE('',#13082,#13100,#13108,.T.);
#13108 = LINE('',#13109,#13110);
#13109 = CARTESIAN_POINT('',(915.,-31.5,-1.5));
#13110 = VECTOR('',#13111,1.);
#13111 = DIRECTION('',(0.,1.,0.));
#13112 = FACE_BOUND('',#13113,.F.);
#13113 = EDGE_LOOP('',(#13114));
#13114 = ORIENTED_EDGE('',*,*,#13115,.T.);
#13115 = EDGE_CURVE('',#13116,#13116,#13118,.T.);
#13116 = VERTEX_POINT('',#13117);
#13117 = CARTESIAN_POINT('',(953.7,-29.,-1.5));
#13118 = CIRCLE('',#13119,1.7);
#13119 = AXIS2_PLACEMENT_3D('',#13120,#13121,#13122);
#13120 = CARTESIAN_POINT('',(952.,-29.,-1.5));
#13121 = DIRECTION('',(0.,0.,-1.));
#13122 = DIRECTION('',(1.,0.,0.));
#13123 = FACE_BOUND('',#13124,.F.);
#13124 = EDGE_LOOP('',(#13125));
#13125 = ORIENTED_EDGE('',*,*,#13126,.T.);
#13126 = EDGE_CURVE('',#13127,#13127,#13129,.T.);
#13127 = VERTEX_POINT('',#13128);
#13128 = CARTESIAN_POINT('',(975.7,-35.5,-1.5));
#13129 = CIRCLE('',#13130,1.7);
#13130 = AXIS2_PLACEMENT_3D('',#13131,#13132,#13133);
#13131 = CARTESIAN_POINT('',(974.,-35.5,-1.5));
#13132 = DIRECTION('',(0.,0.,-1.));
#13133 = DIRECTION('',(1.,0.,0.));
#13134 = FACE_BOUND('',#13135,.F.);
#13135 = EDGE_LOOP('',(#13136,#13146,#13154,#13162));
#13136 = ORIENTED_EDGE('',*,*,#13137,.T.);
#13137 = EDGE_CURVE('',#13138,#13140,#13142,.T.);
#13138 = VERTEX_POINT('',#13139);
#13139 = CARTESIAN_POINT('',(992.,-26.,-1.5));
#13140 = VERTEX_POINT('',#13141);
#13141 = CARTESIAN_POINT('',(983.,-26.,-1.5));
#13142 = LINE('',#13143,#13144);
#13143 = CARTESIAN_POINT('',(904.,-26.,-1.5));
#13144 = VECTOR('',#13145,1.);
#13145 = DIRECTION('',(-1.,0.,0.));
#13146 = ORIENTED_EDGE('',*,*,#13147,.T.);
#13147 = EDGE_CURVE('',#13140,#13148,#13150,.T.);
#13148 = VERTEX_POINT('',#13149);
#13149 = CARTESIAN_POINT('',(983.,-24.,-1.5));
#13150 = LINE('',#13151,#13152);
#13151 = CARTESIAN_POINT('',(983.,-33.,-1.5));
#13152 = VECTOR('',#13153,1.);
#13153 = DIRECTION('',(0.,1.,0.));
#13154 = ORIENTED_EDGE('',*,*,#13155,.F.);
#13155 = EDGE_CURVE('',#13156,#13148,#13158,.T.);
#13156 = VERTEX_POINT('',#13157);
#13157 = CARTESIAN_POINT('',(992.,-24.,-1.5));
#13158 = LINE('',#13159,#13160);
#13159 = CARTESIAN_POINT('',(904.,-24.,-1.5));
#13160 = VECTOR('',#13161,1.);
#13161 = DIRECTION('',(-1.,0.,0.));
#13162 = ORIENTED_EDGE('',*,*,#13163,.F.);
#13163 = EDGE_CURVE('',#13138,#13156,#13164,.T.);
#13164 = LINE('',#13165,#13166);
#13165 = CARTESIAN_POINT('',(992.,-33.,-1.5));
#13166 = VECTOR('',#13167,1.);
#13167 = DIRECTION('',(0.,1.,0.));
#13168 = FACE_BOUND('',#13169,.F.);
#13169 = EDGE_LOOP('',(#13170));
#13170 = ORIENTED_EDGE('',*,*,#13171,.T.);
#13171 = EDGE_CURVE('',#13172,#13172,#13174,.T.);
#13172 = VERTEX_POINT('',#13173);
#13173 = CARTESIAN_POINT('',(1.0377E+03,-35.5,-1.5));
#13174 = CIRCLE('',#13175,1.7);
#13175 = AXIS2_PLACEMENT_3D('',#13176,#13177,#13178);
#13176 = CARTESIAN_POINT('',(1.036E+03,-35.5,-1.5));
#13177 = DIRECTION('',(0.,0.,-1.));
#13178 = DIRECTION('',(1.,0.,0.));
#13179 = FACE_BOUND('',#13180,.F.);
#13180 = EDGE_LOOP('',(#13181));
#13181 = ORIENTED_EDGE('',*,*,#13182,.T.);
#13182 = EDGE_CURVE('',#13183,#13183,#13185,.T.);
#13183 = VERTEX_POINT('',#13184);
#13184 = CARTESIAN_POINT('',(1.0497E+03,-29.,-1.5));
#13185 = CIRCLE('',#13186,1.7);
#13186 = AXIS2_PLACEMENT_3D('',#13187,#13188,#13189);
#13187 = CARTESIAN_POINT('',(1.048E+03,-29.,-1.5));
#13188 = DIRECTION('',(0.,0.,-1.));
#13189 = DIRECTION('',(1.,0.,0.));
#13190 = FACE_BOUND('',#13191,.F.);
#13191 = EDGE_LOOP('',(#13192));
#13192 = ORIENTED_EDGE('',*,*,#13193,.T.);
#13193 = EDGE_CURVE('',#13194,#13194,#13196,.T.);
#13194 = VERTEX_POINT('',#13195);
#13195 = CARTESIAN_POINT('',(1.0547E+03,-29.,-1.5));
#13196 = CIRCLE('',#13197,1.7);
#13197 = AXIS2_PLACEMENT_3D('',#13198,#13199,#13200);
#13198 = CARTESIAN_POINT('',(1.053E+03,-29.,-1.5));
#13199 = DIRECTION('',(0.,0.,-1.));
#13200 = DIRECTION('',(1.,0.,0.));
#13201 = FACE_BOUND('',#13202,.F.);
#13202 = EDGE_LOOP('',(#13203,#13213,#13221,#13229));
#13203 = ORIENTED_EDGE('',*,*,#13204,.T.);
#13204 = EDGE_CURVE('',#13205,#13207,#13209,.T.);
#13205 = VERTEX_POINT('',#13206);
#13206 = CARTESIAN_POINT('',(1.032E+03,-26.,-1.5));
#13207 = VERTEX_POINT('',#13208);
#13208 = CARTESIAN_POINT('',(1.023E+03,-26.,-1.5));
#13209 = LINE('',#13210,#13211);
#13210 = CARTESIAN_POINT('',(924.,-26.,-1.5));
#13211 = VECTOR('',#13212,1.);
#13212 = DIRECTION('',(-1.,0.,0.));
#13213 = ORIENTED_EDGE('',*,*,#13214,.T.);
#13214 = EDGE_CURVE('',#13207,#13215,#13217,.T.);
#13215 = VERTEX_POINT('',#13216);
#13216 = CARTESIAN_POINT('',(1.023E+03,-24.,-1.5));
#13217 = LINE('',#13218,#13219);
#13218 = CARTESIAN_POINT('',(1.023E+03,-33.,-1.5));
#13219 = VECTOR('',#13220,1.);
#13220 = DIRECTION('',(0.,1.,0.));
#13221 = ORIENTED_EDGE('',*,*,#13222,.F.);
#13222 = EDGE_CURVE('',#13223,#13215,#13225,.T.);
#13223 = VERTEX_POINT('',#13224);
#13224 = CARTESIAN_POINT('',(1.032E+03,-24.,-1.5));
#13225 = LINE('',#13226,#13227);
#13226 = CARTESIAN_POINT('',(924.,-24.,-1.5));
#13227 = VECTOR('',#13228,1.);
#13228 = DIRECTION('',(-1.,0.,0.));
#13229 = ORIENTED_EDGE('',*,*,#13230,.F.);
#13230 = EDGE_CURVE('',#13205,#13223,#13231,.T.);
#13231 = LINE('',#13232,#13233);
#13232 = CARTESIAN_POINT('',(1.032E+03,-33.,-1.5));
#13233 = VECTOR('',#13234,1.);
#13234 = DIRECTION('',(0.,1.,0.));
#13235 = FACE_BOUND('',#13236,.F.);
#13236 = EDGE_LOOP('',(#13237,#13247,#13255,#13263));
#13237 = ORIENTED_EDGE('',*,*,#13238,.T.);
#13238 = EDGE_CURVE('',#13239,#13241,#13243,.T.);
#13239 = VERTEX_POINT('',#13240);
#13240 = CARTESIAN_POINT('',(916.,-12.,-1.5));
#13241 = VERTEX_POINT('',#13242);
#13242 = CARTESIAN_POINT('',(866.,-12.,-1.5));
#13243 = LINE('',#13244,#13245);
#13244 = CARTESIAN_POINT('',(845.5,-12.,-1.5));
#13245 = VECTOR('',#13246,1.);
#13246 = DIRECTION('',(-1.,0.,0.));
#13247 = ORIENTED_EDGE('',*,*,#13248,.T.);
#13248 = EDGE_CURVE('',#13241,#13249,#13251,.T.);
#13249 = VERTEX_POINT('',#13250);
#13250 = CARTESIAN_POINT('',(866.,12.,-1.5));
#13251 = LINE('',#13252,#13253);
#13252 = CARTESIAN_POINT('',(866.,-26.,-1.5));
#13253 = VECTOR('',#13254,1.);
#13254 = DIRECTION('',(0.,1.,0.));
#13255 = ORIENTED_EDGE('',*,*,#13256,.F.);
#13256 = EDGE_CURVE('',#13257,#13249,#13259,.T.);
#13257 = VERTEX_POINT('',#13258);
#13258 = CARTESIAN_POINT('',(916.,12.,-1.5));
#13259 = LINE('',#13260,#13261);
#13260 = CARTESIAN_POINT('',(845.5,12.,-1.5));
#13261 = VECTOR('',#13262,1.);
#13262 = DIRECTION('',(-1.,0.,0.));
#13263 = ORIENTED_EDGE('',*,*,#13264,.F.);
#13264 = EDGE_CURVE('',#13239,#13257,#13265,.T.);
#13265 = LINE('',#13266,#13267);
#13266 = CARTESIAN_POINT('',(916.,-26.,-1.5));
#13267 = VECTOR('',#13268,1.);
#13268 = DIRECTION('',(0.,1.,0.));
#13269 = FACE_BOUND('',#13270,.F.);
#13270 = EDGE_LOOP('',(#13271,#13281,#13289,#13297));
#13271 = ORIENTED_EDGE('',*,*,#13272,.T.);
#13272 = EDGE_CURVE('',#13273,#13275,#13277,.T.);
#13273 = VERTEX_POINT('',#13274);
#13274 = CARTESIAN_POINT('',(887.,21.,-1.5));
#13275 = VERTEX_POINT('',#13276);
#13276 = CARTESIAN_POINT('',(878.,21.,-1.5));
#13277 = LINE('',#13278,#13279);
#13278 = CARTESIAN_POINT('',(851.5,21.,-1.5));
#13279 = VECTOR('',#13280,1.);
#13280 = DIRECTION('',(-1.,0.,0.));
#13281 = ORIENTED_EDGE('',*,*,#13282,.T.);
#13282 = EDGE_CURVE('',#13275,#13283,#13285,.T.);
#13283 = VERTEX_POINT('',#13284);
#13284 = CARTESIAN_POINT('',(878.,23.,-1.5));
#13285 = LINE('',#13286,#13287);
#13286 = CARTESIAN_POINT('',(878.,-9.5,-1.5));
#13287 = VECTOR('',#13288,1.);
#13288 = DIRECTION('',(0.,1.,0.));
#13289 = ORIENTED_EDGE('',*,*,#13290,.F.);
#13290 = EDGE_CURVE('',#13291,#13283,#13293,.T.);
#13291 = VERTEX_POINT('',#13292);
#13292 = CARTESIAN_POINT('',(887.,23.,-1.5));
#13293 = LINE('',#13294,#13295);
#13294 = CARTESIAN_POINT('',(851.5,23.,-1.5));
#13295 = VECTOR('',#13296,1.);
#13296 = DIRECTION('',(-1.,0.,0.));
#13297 = ORIENTED_EDGE('',*,*,#13298,.F.);
#13298 = EDGE_CURVE('',#13273,#13291,#13299,.T.);
#13299 = LINE('',#13300,#13301);
#13300 = CARTESIAN_POINT('',(887.,-9.5,-1.5));
#13301 = VECTOR('',#13302,1.);
#13302 = DIRECTION('',(0.,1.,0.));
#13303 = FACE_BOUND('',#13304,.F.);
#13304 = EDGE_LOOP('',(#13305));
#13305 = ORIENTED_EDGE('',*,*,#13306,.T.);
#13306 = EDGE_CURVE('',#13307,#13307,#13309,.T.);
#13307 = VERTEX_POINT('',#13308);
#13308 = CARTESIAN_POINT('',(838.7,29.,-1.5));
#13309 = CIRCLE('',#13310,1.7);
#13310 = AXIS2_PLACEMENT_3D('',#13311,#13312,#13313);
#13311 = CARTESIAN_POINT('',(837.,29.,-1.5));
#13312 = DIRECTION('',(0.,0.,-1.));
#13313 = DIRECTION('',(1.,0.,0.));
#13314 = FACE_BOUND('',#13315,.F.);
#13315 = EDGE_LOOP('',(#13316));
#13316 = ORIENTED_EDGE('',*,*,#13317,.T.);
#13317 = EDGE_CURVE('',#13318,#13318,#13320,.T.);
#13318 = VERTEX_POINT('',#13319);
#13319 = CARTESIAN_POINT('',(857.7,35.5,-1.5));
#13320 = CIRCLE('',#13321,1.7);
#13321 = AXIS2_PLACEMENT_3D('',#13322,#13323,#13324);
#13322 = CARTESIAN_POINT('',(856.,35.5,-1.5));
#13323 = DIRECTION('',(0.,0.,-1.));
#13324 = DIRECTION('',(1.,0.,0.));
#13325 = FACE_BOUND('',#13326,.F.);
#13326 = EDGE_LOOP('',(#13327,#13337,#13345,#13353));
#13327 = ORIENTED_EDGE('',*,*,#13328,.T.);
#13328 = EDGE_CURVE('',#13329,#13331,#13333,.T.);
#13329 = VERTEX_POINT('',#13330);
#13330 = CARTESIAN_POINT('',(915.,21.,-1.5));
#13331 = VERTEX_POINT('',#13332);
#13332 = CARTESIAN_POINT('',(906.,21.,-1.5));
#13333 = LINE('',#13334,#13335);
#13334 = CARTESIAN_POINT('',(865.5,21.,-1.5));
#13335 = VECTOR('',#13336,1.);
#13336 = DIRECTION('',(-1.,0.,0.));
#13337 = ORIENTED_EDGE('',*,*,#13338,.T.);
#13338 = EDGE_CURVE('',#13331,#13339,#13341,.T.);
#13339 = VERTEX_POINT('',#13340);
#13340 = CARTESIAN_POINT('',(906.,23.,-1.5));
#13341 = LINE('',#13342,#13343);
#13342 = CARTESIAN_POINT('',(906.,-9.5,-1.5));
#13343 = VECTOR('',#13344,1.);
#13344 = DIRECTION('',(0.,1.,0.));
#13345 = ORIENTED_EDGE('',*,*,#13346,.F.);
#13346 = EDGE_CURVE('',#13347,#13339,#13349,.T.);
#13347 = VERTEX_POINT('',#13348);
#13348 = CARTESIAN_POINT('',(915.,23.,-1.5));
#13349 = LINE('',#13350,#13351);
#13350 = CARTESIAN_POINT('',(865.5,23.,-1.5));
#13351 = VECTOR('',#13352,1.);
#13352 = DIRECTION('',(-1.,0.,0.));
#13353 = ORIENTED_EDGE('',*,*,#13354,.F.);
#13354 = EDGE_CURVE('',#13329,#13347,#13355,.T.);
#13355 = LINE('',#13356,#13357);
#13356 = CARTESIAN_POINT('',(915.,-9.5,-1.5));
#13357 = VECTOR('',#13358,1.);
#13358 = DIRECTION('',(0.,1.,0.));
#13359 = FACE_BOUND('',#13360,.F.);
#13360 = EDGE_LOOP('',(#13361));
#13361 = ORIENTED_EDGE('',*,*,#13362,.T.);
#13362 = EDGE_CURVE('',#13363,#13363,#13365,.T.);
#13363 = VERTEX_POINT('',#13364);
#13364 = CARTESIAN_POINT('',(929.7,35.5,-1.5));
#13365 = CIRCLE('',#13366,1.7);
#13366 = AXIS2_PLACEMENT_3D('',#13367,#13368,#13369);
#13367 = CARTESIAN_POINT('',(928.,35.5,-1.5));
#13368 = DIRECTION('',(0.,0.,-1.));
#13369 = DIRECTION('',(1.,0.,0.));
#13370 = FACE_BOUND('',#13371,.F.);
#13371 = EDGE_LOOP('',(#13372,#13382,#13390,#13398));
#13372 = ORIENTED_EDGE('',*,*,#13373,.T.);
#13373 = EDGE_CURVE('',#13374,#13376,#13378,.T.);
#13374 = VERTEX_POINT('',#13375);
#13375 = CARTESIAN_POINT('',(1.023E+03,-12.,-1.5));
#13376 = VERTEX_POINT('',#13377);
#13377 = CARTESIAN_POINT('',(983.,-12.,-1.5));
#13378 = LINE('',#13379,#13380);
#13379 = CARTESIAN_POINT('',(904.,-12.,-1.5));
#13380 = VECTOR('',#13381,1.);
#13381 = DIRECTION('',(-1.,0.,0.));
#13382 = ORIENTED_EDGE('',*,*,#13383,.T.);
#13383 = EDGE_CURVE('',#13376,#13384,#13386,.T.);
#13384 = VERTEX_POINT('',#13385);
#13385 = CARTESIAN_POINT('',(983.,12.,-1.5));
#13386 = LINE('',#13387,#13388);
#13387 = CARTESIAN_POINT('',(983.,-26.,-1.5));
#13388 = VECTOR('',#13389,1.);
#13389 = DIRECTION('',(0.,1.,0.));
#13390 = ORIENTED_EDGE('',*,*,#13391,.F.);
#13391 = EDGE_CURVE('',#13392,#13384,#13394,.T.);
#13392 = VERTEX_POINT('',#13393);
#13393 = CARTESIAN_POINT('',(1.023E+03,12.,-1.5));
#13394 = LINE('',#13395,#13396);
#13395 = CARTESIAN_POINT('',(904.,12.,-1.5));
#13396 = VECTOR('',#13397,1.);
#13397 = DIRECTION('',(-1.,0.,0.));
#13398 = ORIENTED_EDGE('',*,*,#13399,.F.);
#13399 = EDGE_CURVE('',#13374,#13392,#13400,.T.);
#13400 = LINE('',#13401,#13402);
#13401 = CARTESIAN_POINT('',(1.023E+03,-26.,-1.5));
#13402 = VECTOR('',#13403,1.);
#13403 = DIRECTION('',(0.,1.,0.));
#13404 = FACE_BOUND('',#13405,.F.);
#13405 = EDGE_LOOP('',(#13406,#13416,#13424,#13432));
#13406 = ORIENTED_EDGE('',*,*,#13407,.T.);
#13407 = EDGE_CURVE('',#13408,#13410,#13412,.T.);
#13408 = VERTEX_POINT('',#13409);
#13409 = CARTESIAN_POINT('',(992.,24.,-1.5));
#13410 = VERTEX_POINT('',#13411);
#13411 = CARTESIAN_POINT('',(983.,24.,-1.5));
#13412 = LINE('',#13413,#13414);
#13413 = CARTESIAN_POINT('',(904.,24.,-1.5));
#13414 = VECTOR('',#13415,1.);
#13415 = DIRECTION('',(-1.,0.,0.));
#13416 = ORIENTED_EDGE('',*,*,#13417,.T.);
#13417 = EDGE_CURVE('',#13410,#13418,#13420,.T.);
#13418 = VERTEX_POINT('',#13419);
#13419 = CARTESIAN_POINT('',(983.,26.,-1.5));
#13420 = LINE('',#13421,#13422);
#13421 = CARTESIAN_POINT('',(983.,-8.,-1.5));
#13422 = VECTOR('',#13423,1.);
#13423 = DIRECTION('',(0.,1.,0.));
#13424 = ORIENTED_EDGE('',*,*,#13425,.F.);
#13425 = EDGE_CURVE('',#13426,#13418,#13428,.T.);
#13426 = VERTEX_POINT('',#13427);
#13427 = CARTESIAN_POINT('',(992.,26.,-1.5));
#13428 = LINE('',#13429,#13430);
#13429 = CARTESIAN_POINT('',(904.,26.,-1.5));
#13430 = VECTOR('',#13431,1.);
#13431 = DIRECTION('',(-1.,0.,0.));
#13432 = ORIENTED_EDGE('',*,*,#13433,.F.);
#13433 = EDGE_CURVE('',#13408,#13426,#13434,.T.);
#13434 = LINE('',#13435,#13436);
#13435 = CARTESIAN_POINT('',(992.,-8.,-1.5));
#13436 = VECTOR('',#13437,1.);
#13437 = DIRECTION('',(0.,1.,0.));
#13438 = FACE_BOUND('',#13439,.F.);
#13439 = EDGE_LOOP('',(#13440));
#13440 = ORIENTED_EDGE('',*,*,#13441,.T.);
#13441 = EDGE_CURVE('',#13442,#13442,#13444,.T.);
#13442 = VERTEX_POINT('',#13443);
#13443 = CARTESIAN_POINT('',(953.7,29.,-1.5));
#13444 = CIRCLE('',#13445,1.7);
#13445 = AXIS2_PLACEMENT_3D('',#13446,#13447,#13448);
#13446 = CARTESIAN_POINT('',(952.,29.,-1.5));
#13447 = DIRECTION('',(0.,0.,-1.));
#13448 = DIRECTION('',(1.,0.,0.));
#13449 = FACE_BOUND('',#13450,.F.);
#13450 = EDGE_LOOP('',(#13451));
#13451 = ORIENTED_EDGE('',*,*,#13452,.T.);
#13452 = EDGE_CURVE('',#13453,#13453,#13455,.T.);
#13453 = VERTEX_POINT('',#13454);
#13454 = CARTESIAN_POINT('',(975.7,35.5,-1.5));
#13455 = CIRCLE('',#13456,1.7);
#13456 = AXIS2_PLACEMENT_3D('',#13457,#13458,#13459);
#13457 = CARTESIAN_POINT('',(974.,35.5,-1.5));
#13458 = DIRECTION('',(0.,0.,-1.));
#13459 = DIRECTION('',(1.,0.,0.));
#13460 = FACE_BOUND('',#13461,.F.);
#13461 = EDGE_LOOP('',(#13462,#13472,#13480,#13488));
#13462 = ORIENTED_EDGE('',*,*,#13463,.T.);
#13463 = EDGE_CURVE('',#13464,#13466,#13468,.T.);
#13464 = VERTEX_POINT('',#13465);
#13465 = CARTESIAN_POINT('',(1.032E+03,24.,-1.5));
#13466 = VERTEX_POINT('',#13467);
#13467 = CARTESIAN_POINT('',(1.023E+03,24.,-1.5));
#13468 = LINE('',#13469,#13470);
#13469 = CARTESIAN_POINT('',(924.,24.,-1.5));
#13470 = VECTOR('',#13471,1.);
#13471 = DIRECTION('',(-1.,0.,0.));
#13472 = ORIENTED_EDGE('',*,*,#13473,.T.);
#13473 = EDGE_CURVE('',#13466,#13474,#13476,.T.);
#13474 = VERTEX_POINT('',#13475);
#13475 = CARTESIAN_POINT('',(1.023E+03,26.,-1.5));
#13476 = LINE('',#13477,#13478);
#13477 = CARTESIAN_POINT('',(1.023E+03,-8.,-1.5));
#13478 = VECTOR('',#13479,1.);
#13479 = DIRECTION('',(0.,1.,0.));
#13480 = ORIENTED_EDGE('',*,*,#13481,.F.);
#13481 = EDGE_CURVE('',#13482,#13474,#13484,.T.);
#13482 = VERTEX_POINT('',#13483);
#13483 = CARTESIAN_POINT('',(1.032E+03,26.,-1.5));
#13484 = LINE('',#13485,#13486);
#13485 = CARTESIAN_POINT('',(924.,26.,-1.5));
#13486 = VECTOR('',#13487,1.);
#13487 = DIRECTION('',(-1.,0.,0.));
#13488 = ORIENTED_EDGE('',*,*,#13489,.F.);
#13489 = EDGE_CURVE('',#13464,#13482,#13490,.T.);
#13490 = LINE('',#13491,#13492);
#13491 = CARTESIAN_POINT('',(1.032E+03,-8.,-1.5));
#13492 = VECTOR('',#13493,1.);
#13493 = DIRECTION('',(0.,1.,0.));
#13494 = FACE_BOUND('',#13495,.F.);
#13495 = EDGE_LOOP('',(#13496));
#13496 = ORIENTED_EDGE('',*,*,#13497,.T.);
#13497 = EDGE_CURVE('',#13498,#13498,#13500,.T.);
#13498 = VERTEX_POINT('',#13499);
#13499 = CARTESIAN_POINT('',(1.0497E+03,29.,-1.5));
#13500 = CIRCLE('',#13501,1.7);
#13501 = AXIS2_PLACEMENT_3D('',#13502,#13503,#13504);
#13502 = CARTESIAN_POINT('',(1.048E+03,29.,-1.5));
#13503 = DIRECTION('',(0.,0.,-1.));
#13504 = DIRECTION('',(1.,0.,0.));
#13505 = FACE_BOUND('',#13506,.F.);
#13506 = EDGE_LOOP('',(#13507));
#13507 = ORIENTED_EDGE('',*,*,#13508,.T.);
#13508 = EDGE_CURVE('',#13509,#13509,#13511,.T.);
#13509 = VERTEX_POINT('',#13510);
#13510 = CARTESIAN_POINT('',(1.0547E+03,29.,-1.5));
#13511 = CIRCLE('',#13512,1.7);
#13512 = AXIS2_PLACEMENT_3D('',#13513,#13514,#13515);
#13513 = CARTESIAN_POINT('',(1.053E+03,29.,-1.5));
#13514 = DIRECTION('',(0.,0.,-1.));
#13515 = DIRECTION('',(1.,0.,0.));
#13516 = FACE_BOUND('',#13517,.F.);
#13517 = EDGE_LOOP('',(#13518));
#13518 = ORIENTED_EDGE('',*,*,#13519,.T.);
#13519 = EDGE_CURVE('',#13520,#13520,#13522,.T.);
#13520 = VERTEX_POINT('',#13521);
#13521 = CARTESIAN_POINT('',(1.0377E+03,35.5,-1.5));
#13522 = CIRCLE('',#13523,1.7);
#13523 = AXIS2_PLACEMENT_3D('',#13524,#13525,#13526);
#13524 = CARTESIAN_POINT('',(1.036E+03,35.5,-1.5));
#13525 = DIRECTION('',(0.,0.,-1.));
#13526 = DIRECTION('',(1.,0.,0.));
#13527 = PLANE('',#13528);
#13528 = AXIS2_PLACEMENT_3D('',#13529,#13530,#13531);
#13529 = CARTESIAN_POINT('',(825.,-40.,-1.5));
#13530 = DIRECTION('',(0.,0.,1.));
#13531 = DIRECTION('',(1.,0.,0.));
#13532 = ADVANCED_FACE('',(#13533),#13539,.T.);
#13533 = FACE_BOUND('',#13534,.T.);
#13534 = EDGE_LOOP('',(#13535,#13536,#13537,#13538));
#13535 = ORIENTED_EDGE('',*,*,#12425,.F.);
#13536 = ORIENTED_EDGE('',*,*,#13005,.T.);
#13537 = ORIENTED_EDGE('',*,*,#12989,.T.);
#13538 = ORIENTED_EDGE('',*,*,#12441,.F.);
#13539 = PLANE('',#13540);
#13540 = AXIS2_PLACEMENT_3D('',#13541,#13542,#13543);
#13541 = CARTESIAN_POINT('',(1.065E+03,-40.,-1.5));
#13542 = DIRECTION('',(1.,0.,0.));
#13543 = DIRECTION('',(0.,0.,1.));
#13544 = ADVANCED_FACE('',(#13545),#13556,.F.);
#13545 = FACE_BOUND('',#13546,.T.);
#13546 = EDGE_LOOP('',(#13547,#13548,#13554,#13555));
#13547 = ORIENTED_EDGE('',*,*,#13014,.T.);
#13548 = ORIENTED_EDGE('',*,*,#13549,.T.);
#13549 = EDGE_CURVE('',#13015,#12458,#13550,.T.);
#13550 = LINE('',#13551,#13552);
#13551 = CARTESIAN_POINT('',(857.7,-35.5,-4.5));
#13552 = VECTOR('',#13553,1.);
#13553 = DIRECTION('',(0.,0.,1.));
#13554 = ORIENTED_EDGE('',*,*,#12457,.F.);
#13555 = ORIENTED_EDGE('',*,*,#13549,.F.);
#13556 = CYLINDRICAL_SURFACE('',#13557,1.7);
#13557 = AXIS2_PLACEMENT_3D('',#13558,#13559,#13560);
#13558 = CARTESIAN_POINT('',(856.,-35.5,-4.5));
#13559 = DIRECTION('',(-0.,-0.,-1.));
#13560 = DIRECTION('',(1.,0.,0.));
#13561 = ADVANCED_FACE('',(#13562),#13573,.F.);
#13562 = FACE_BOUND('',#13563,.T.);
#13563 = EDGE_LOOP('',(#13564,#13565,#13571,#13572));
#13564 = ORIENTED_EDGE('',*,*,#13025,.T.);
#13565 = ORIENTED_EDGE('',*,*,#13566,.T.);
#13566 = EDGE_CURVE('',#13026,#12469,#13567,.T.);
#13567 = LINE('',#13568,#13569);
#13568 = CARTESIAN_POINT('',(838.7,-29.,-4.5));
#13569 = VECTOR('',#13570,1.);
#13570 = DIRECTION('',(0.,0.,1.));
#13571 = ORIENTED_EDGE('',*,*,#12468,.F.);
#13572 = ORIENTED_EDGE('',*,*,#13566,.F.);
#13573 = CYLINDRICAL_SURFACE('',#13574,1.7);
#13574 = AXIS2_PLACEMENT_3D('',#13575,#13576,#13577);
#13575 = CARTESIAN_POINT('',(837.,-29.,-4.5));
#13576 = DIRECTION('',(-0.,-0.,-1.));
#13577 = DIRECTION('',(1.,0.,0.));
#13578 = ADVANCED_FACE('',(#13579),#13595,.T.);
#13579 = FACE_BOUND('',#13580,.T.);
#13580 = EDGE_LOOP('',(#13581,#13587,#13588,#13594));
#13581 = ORIENTED_EDGE('',*,*,#13582,.F.);
#13582 = EDGE_CURVE('',#13037,#12480,#13583,.T.);
#13583 = LINE('',#13584,#13585);
#13584 = CARTESIAN_POINT('',(887.,-23.,-4.));
#13585 = VECTOR('',#13586,1.);
#13586 = DIRECTION('',(0.,0.,1.));
#13587 = ORIENTED_EDGE('',*,*,#13036,.T.);
#13588 = ORIENTED_EDGE('',*,*,#13589,.T.);
#13589 = EDGE_CURVE('',#13039,#12482,#13590,.T.);
#13590 = LINE('',#13591,#13592);
#13591 = CARTESIAN_POINT('',(878.,-23.,-4.));
#13592 = VECTOR('',#13593,1.);
#13593 = DIRECTION('',(0.,0.,1.));
#13594 = ORIENTED_EDGE('',*,*,#12479,.F.);
#13595 = PLANE('',#13596);
#13596 = AXIS2_PLACEMENT_3D('',#13597,#13598,#13599);
#13597 = CARTESIAN_POINT('',(878.,-23.,-4.));
#13598 = DIRECTION('',(0.,1.,0.));
#13599 = DIRECTION('',(0.,0.,1.));
#13600 = ADVANCED_FACE('',(#13601),#13612,.F.);
#13601 = FACE_BOUND('',#13602,.F.);
#13602 = EDGE_LOOP('',(#13603,#13604,#13605,#13611));
#13603 = ORIENTED_EDGE('',*,*,#13582,.F.);
#13604 = ORIENTED_EDGE('',*,*,#13062,.T.);
#13605 = ORIENTED_EDGE('',*,*,#13606,.T.);
#13606 = EDGE_CURVE('',#13055,#12498,#13607,.T.);
#13607 = LINE('',#13608,#13609);
#13608 = CARTESIAN_POINT('',(887.,-21.,-4.));
#13609 = VECTOR('',#13610,1.);
#13610 = DIRECTION('',(0.,0.,1.));
#13611 = ORIENTED_EDGE('',*,*,#12505,.F.);
#13612 = PLANE('',#13613);
#13613 = AXIS2_PLACEMENT_3D('',#13614,#13615,#13616);
#13614 = CARTESIAN_POINT('',(887.,-23.,-4.));
#13615 = DIRECTION('',(1.,0.,0.));
#13616 = DIRECTION('',(0.,0.,1.));
#13617 = ADVANCED_FACE('',(#13618),#13629,.T.);
#13618 = FACE_BOUND('',#13619,.T.);
#13619 = EDGE_LOOP('',(#13620,#13621,#13622,#13628));
#13620 = ORIENTED_EDGE('',*,*,#13589,.F.);
#13621 = ORIENTED_EDGE('',*,*,#13046,.T.);
#13622 = ORIENTED_EDGE('',*,*,#13623,.T.);
#13623 = EDGE_CURVE('',#13047,#12490,#13624,.T.);
#13624 = LINE('',#13625,#13626);
#13625 = CARTESIAN_POINT('',(878.,-21.,-4.));
#13626 = VECTOR('',#13627,1.);
#13627 = DIRECTION('',(0.,0.,1.));
#13628 = ORIENTED_EDGE('',*,*,#12489,.F.);
#13629 = PLANE('',#13630);
#13630 = AXIS2_PLACEMENT_3D('',#13631,#13632,#13633);
#13631 = CARTESIAN_POINT('',(878.,-23.,-4.));
#13632 = DIRECTION('',(1.,0.,0.));
#13633 = DIRECTION('',(0.,0.,1.));
#13634 = ADVANCED_FACE('',(#13635),#13641,.F.);
#13635 = FACE_BOUND('',#13636,.F.);
#13636 = EDGE_LOOP('',(#13637,#13638,#13639,#13640));
#13637 = ORIENTED_EDGE('',*,*,#13606,.F.);
#13638 = ORIENTED_EDGE('',*,*,#13054,.T.);
#13639 = ORIENTED_EDGE('',*,*,#13623,.T.);
#13640 = ORIENTED_EDGE('',*,*,#12497,.F.);
#13641 = PLANE('',#13642);
#13642 = AXIS2_PLACEMENT_3D('',#13643,#13644,#13645);
#13643 = CARTESIAN_POINT('',(878.,-21.,-4.));
#13644 = DIRECTION('',(0.,1.,0.));
#13645 = DIRECTION('',(0.,0.,1.));
#13646 = ADVANCED_FACE('',(#13647),#13658,.F.);
#13647 = FACE_BOUND('',#13648,.T.);
#13648 = EDGE_LOOP('',(#13649,#13650,#13656,#13657));
#13649 = ORIENTED_EDGE('',*,*,#13070,.T.);
#13650 = ORIENTED_EDGE('',*,*,#13651,.T.);
#13651 = EDGE_CURVE('',#13071,#12514,#13652,.T.);
#13652 = LINE('',#13653,#13654);
#13653 = CARTESIAN_POINT('',(929.7,-35.5,-4.5));
#13654 = VECTOR('',#13655,1.);
#13655 = DIRECTION('',(0.,0.,1.));
#13656 = ORIENTED_EDGE('',*,*,#12513,.F.);
#13657 = ORIENTED_EDGE('',*,*,#13651,.F.);
#13658 = CYLINDRICAL_SURFACE('',#13659,1.7);
#13659 = AXIS2_PLACEMENT_3D('',#13660,#13661,#13662);
#13660 = CARTESIAN_POINT('',(928.,-35.5,-4.5));
#13661 = DIRECTION('',(-0.,-0.,-1.));
#13662 = DIRECTION('',(1.,0.,0.));
#13663 = ADVANCED_FACE('',(#13664),#13680,.T.);
#13664 = FACE_BOUND('',#13665,.T.);
#13665 = EDGE_LOOP('',(#13666,#13672,#13673,#13679));
#13666 = ORIENTED_EDGE('',*,*,#13667,.F.);
#13667 = EDGE_CURVE('',#13082,#12525,#13668,.T.);
#13668 = LINE('',#13669,#13670);
#13669 = CARTESIAN_POINT('',(915.,-23.,-4.));
#13670 = VECTOR('',#13671,1.);
#13671 = DIRECTION('',(0.,0.,1.));
#13672 = ORIENTED_EDGE('',*,*,#13081,.T.);
#13673 = ORIENTED_EDGE('',*,*,#13674,.T.);
#13674 = EDGE_CURVE('',#13084,#12527,#13675,.T.);
#13675 = LINE('',#13676,#13677);
#13676 = CARTESIAN_POINT('',(906.,-23.,-4.));
#13677 = VECTOR('',#13678,1.);
#13678 = DIRECTION('',(0.,0.,1.));
#13679 = ORIENTED_EDGE('',*,*,#12524,.F.);
#13680 = PLANE('',#13681);
#13681 = AXIS2_PLACEMENT_3D('',#13682,#13683,#13684);
#13682 = CARTESIAN_POINT('',(906.,-23.,-4.));
#13683 = DIRECTION('',(0.,1.,0.));
#13684 = DIRECTION('',(0.,0.,1.));
#13685 = ADVANCED_FACE('',(#13686),#13697,.F.);
#13686 = FACE_BOUND('',#13687,.F.);
#13687 = EDGE_LOOP('',(#13688,#13689,#13690,#13696));
#13688 = ORIENTED_EDGE('',*,*,#13667,.F.);
#13689 = ORIENTED_EDGE('',*,*,#13107,.T.);
#13690 = ORIENTED_EDGE('',*,*,#13691,.T.);
#13691 = EDGE_CURVE('',#13100,#12543,#13692,.T.);
#13692 = LINE('',#13693,#13694);
#13693 = CARTESIAN_POINT('',(915.,-21.,-4.));
#13694 = VECTOR('',#13695,1.);
#13695 = DIRECTION('',(0.,0.,1.));
#13696 = ORIENTED_EDGE('',*,*,#12550,.F.);
#13697 = PLANE('',#13698);
#13698 = AXIS2_PLACEMENT_3D('',#13699,#13700,#13701);
#13699 = CARTESIAN_POINT('',(915.,-23.,-4.));
#13700 = DIRECTION('',(1.,0.,0.));
#13701 = DIRECTION('',(0.,0.,1.));
#13702 = ADVANCED_FACE('',(#13703),#13714,.T.);
#13703 = FACE_BOUND('',#13704,.T.);
#13704 = EDGE_LOOP('',(#13705,#13706,#13707,#13713));
#13705 = ORIENTED_EDGE('',*,*,#13674,.F.);
#13706 = ORIENTED_EDGE('',*,*,#13091,.T.);
#13707 = ORIENTED_EDGE('',*,*,#13708,.T.);
#13708 = EDGE_CURVE('',#13092,#12535,#13709,.T.);
#13709 = LINE('',#13710,#13711);
#13710 = CARTESIAN_POINT('',(906.,-21.,-4.));
#13711 = VECTOR('',#13712,1.);
#13712 = DIRECTION('',(0.,0.,1.));
#13713 = ORIENTED_EDGE('',*,*,#12534,.F.);
#13714 = PLANE('',#13715);
#13715 = AXIS2_PLACEMENT_3D('',#13716,#13717,#13718);
#13716 = CARTESIAN_POINT('',(906.,-23.,-4.));
#13717 = DIRECTION('',(1.,0.,0.));
#13718 = DIRECTION('',(0.,0.,1.));
#13719 = ADVANCED_FACE('',(#13720),#13726,.F.);
#13720 = FACE_BOUND('',#13721,.F.);
#13721 = EDGE_LOOP('',(#13722,#13723,#13724,#13725));
#13722 = ORIENTED_EDGE('',*,*,#13691,.F.);
#13723 = ORIENTED_EDGE('',*,*,#13099,.T.);
#13724 = ORIENTED_EDGE('',*,*,#13708,.T.);
#13725 = ORIENTED_EDGE('',*,*,#12542,.F.);
#13726 = PLANE('',#13727);
#13727 = AXIS2_PLACEMENT_3D('',#13728,#13729,#13730);
#13728 = CARTESIAN_POINT('',(906.,-21.,-4.));
#13729 = DIRECTION('',(0.,1.,0.));
#13730 = DIRECTION('',(0.,0.,1.));
#13731 = ADVANCED_FACE('',(#13732),#13743,.F.);
#13732 = FACE_BOUND('',#13733,.T.);
#13733 = EDGE_LOOP('',(#13734,#13735,#13741,#13742));
#13734 = ORIENTED_EDGE('',*,*,#13115,.T.);
#13735 = ORIENTED_EDGE('',*,*,#13736,.T.);
#13736 = EDGE_CURVE('',#13116,#12559,#13737,.T.);
#13737 = LINE('',#13738,#13739);
#13738 = CARTESIAN_POINT('',(953.7,-29.,-3.));
#13739 = VECTOR('',#13740,1.);
#13740 = DIRECTION('',(0.,0.,1.));
#13741 = ORIENTED_EDGE('',*,*,#12558,.F.);
#13742 = ORIENTED_EDGE('',*,*,#13736,.F.);
#13743 = CYLINDRICAL_SURFACE('',#13744,1.7);
#13744 = AXIS2_PLACEMENT_3D('',#13745,#13746,#13747);
#13745 = CARTESIAN_POINT('',(952.,-29.,-3.));
#13746 = DIRECTION('',(-0.,-0.,-1.));
#13747 = DIRECTION('',(1.,0.,0.));
#13748 = ADVANCED_FACE('',(#13749),#13760,.F.);
#13749 = FACE_BOUND('',#13750,.T.);
#13750 = EDGE_LOOP('',(#13751,#13752,#13758,#13759));
#13751 = ORIENTED_EDGE('',*,*,#13126,.T.);
#13752 = ORIENTED_EDGE('',*,*,#13753,.T.);
#13753 = EDGE_CURVE('',#13127,#12570,#13754,.T.);
#13754 = LINE('',#13755,#13756);
#13755 = CARTESIAN_POINT('',(975.7,-35.5,-4.5));
#13756 = VECTOR('',#13757,1.);
#13757 = DIRECTION('',(0.,0.,1.));
#13758 = ORIENTED_EDGE('',*,*,#12569,.F.);
#13759 = ORIENTED_EDGE('',*,*,#13753,.F.);
#13760 = CYLINDRICAL_SURFACE('',#13761,1.7);
#13761 = AXIS2_PLACEMENT_3D('',#13762,#13763,#13764);
#13762 = CARTESIAN_POINT('',(974.,-35.5,-4.5));
#13763 = DIRECTION('',(-0.,-0.,-1.));
#13764 = DIRECTION('',(1.,0.,0.));
#13765 = ADVANCED_FACE('',(#13766),#13782,.T.);
#13766 = FACE_BOUND('',#13767,.T.);
#13767 = EDGE_LOOP('',(#13768,#13774,#13775,#13781));
#13768 = ORIENTED_EDGE('',*,*,#13769,.F.);
#13769 = EDGE_CURVE('',#13138,#12581,#13770,.T.);
#13770 = LINE('',#13771,#13772);
#13771 = CARTESIAN_POINT('',(992.,-26.,-4.));
#13772 = VECTOR('',#13773,1.);
#13773 = DIRECTION('',(0.,0.,1.));
#13774 = ORIENTED_EDGE('',*,*,#13137,.T.);
#13775 = ORIENTED_EDGE('',*,*,#13776,.T.);
#13776 = EDGE_CURVE('',#13140,#12583,#13777,.T.);
#13777 = LINE('',#13778,#13779);
#13778 = CARTESIAN_POINT('',(983.,-26.,-4.));
#13779 = VECTOR('',#13780,1.);
#13780 = DIRECTION('',(0.,0.,1.));
#13781 = ORIENTED_EDGE('',*,*,#12580,.F.);
#13782 = PLANE('',#13783);
#13783 = AXIS2_PLACEMENT_3D('',#13784,#13785,#13786);
#13784 = CARTESIAN_POINT('',(983.,-26.,-4.));
#13785 = DIRECTION('',(0.,1.,0.));
#13786 = DIRECTION('',(0.,0.,1.));
#13787 = ADVANCED_FACE('',(#13788),#13799,.F.);
#13788 = FACE_BOUND('',#13789,.F.);
#13789 = EDGE_LOOP('',(#13790,#13791,#13792,#13798));
#13790 = ORIENTED_EDGE('',*,*,#13769,.F.);
#13791 = ORIENTED_EDGE('',*,*,#13163,.T.);
#13792 = ORIENTED_EDGE('',*,*,#13793,.T.);
#13793 = EDGE_CURVE('',#13156,#12599,#13794,.T.);
#13794 = LINE('',#13795,#13796);
#13795 = CARTESIAN_POINT('',(992.,-24.,-4.));
#13796 = VECTOR('',#13797,1.);
#13797 = DIRECTION('',(0.,0.,1.));
#13798 = ORIENTED_EDGE('',*,*,#12606,.F.);
#13799 = PLANE('',#13800);
#13800 = AXIS2_PLACEMENT_3D('',#13801,#13802,#13803);
#13801 = CARTESIAN_POINT('',(992.,-26.,-4.));
#13802 = DIRECTION('',(1.,0.,0.));
#13803 = DIRECTION('',(0.,0.,1.));
#13804 = ADVANCED_FACE('',(#13805),#13816,.T.);
#13805 = FACE_BOUND('',#13806,.T.);
#13806 = EDGE_LOOP('',(#13807,#13808,#13809,#13815));
#13807 = ORIENTED_EDGE('',*,*,#13776,.F.);
#13808 = ORIENTED_EDGE('',*,*,#13147,.T.);
#13809 = ORIENTED_EDGE('',*,*,#13810,.T.);
#13810 = EDGE_CURVE('',#13148,#12591,#13811,.T.);
#13811 = LINE('',#13812,#13813);
#13812 = CARTESIAN_POINT('',(983.,-24.,-4.));
#13813 = VECTOR('',#13814,1.);
#13814 = DIRECTION('',(0.,0.,1.));
#13815 = ORIENTED_EDGE('',*,*,#12590,.F.);
#13816 = PLANE('',#13817);
#13817 = AXIS2_PLACEMENT_3D('',#13818,#13819,#13820);
#13818 = CARTESIAN_POINT('',(983.,-26.,-4.));
#13819 = DIRECTION('',(1.,0.,0.));
#13820 = DIRECTION('',(0.,0.,1.));
#13821 = ADVANCED_FACE('',(#13822),#13828,.F.);
#13822 = FACE_BOUND('',#13823,.F.);
#13823 = EDGE_LOOP('',(#13824,#13825,#13826,#13827));
#13824 = ORIENTED_EDGE('',*,*,#13793,.F.);
#13825 = ORIENTED_EDGE('',*,*,#13155,.T.);
#13826 = ORIENTED_EDGE('',*,*,#13810,.T.);
#13827 = ORIENTED_EDGE('',*,*,#12598,.F.);
#13828 = PLANE('',#13829);
#13829 = AXIS2_PLACEMENT_3D('',#13830,#13831,#13832);
#13830 = CARTESIAN_POINT('',(983.,-24.,-4.));
#13831 = DIRECTION('',(0.,1.,0.));
#13832 = DIRECTION('',(0.,0.,1.));
#13833 = ADVANCED_FACE('',(#13834),#13845,.F.);
#13834 = FACE_BOUND('',#13835,.T.);
#13835 = EDGE_LOOP('',(#13836,#13837,#13843,#13844));
#13836 = ORIENTED_EDGE('',*,*,#13171,.T.);
#13837 = ORIENTED_EDGE('',*,*,#13838,.T.);
#13838 = EDGE_CURVE('',#13172,#12615,#13839,.T.);
#13839 = LINE('',#13840,#13841);
#13840 = CARTESIAN_POINT('',(1.0377E+03,-35.5,-4.5));
#13841 = VECTOR('',#13842,1.);
#13842 = DIRECTION('',(0.,0.,1.));
#13843 = ORIENTED_EDGE('',*,*,#12614,.F.);
#13844 = ORIENTED_EDGE('',*,*,#13838,.F.);
#13845 = CYLINDRICAL_SURFACE('',#13846,1.7);
#13846 = AXIS2_PLACEMENT_3D('',#13847,#13848,#13849);
#13847 = CARTESIAN_POINT('',(1.036E+03,-35.5,-4.5));
#13848 = DIRECTION('',(-0.,-0.,-1.));
#13849 = DIRECTION('',(1.,0.,0.));
#13850 = ADVANCED_FACE('',(#13851),#13862,.F.);
#13851 = FACE_BOUND('',#13852,.T.);
#13852 = EDGE_LOOP('',(#13853,#13854,#13860,#13861));
#13853 = ORIENTED_EDGE('',*,*,#13182,.T.);
#13854 = ORIENTED_EDGE('',*,*,#13855,.T.);
#13855 = EDGE_CURVE('',#13183,#12626,#13856,.T.);
#13856 = LINE('',#13857,#13858);
#13857 = CARTESIAN_POINT('',(1.0497E+03,-29.,-3.));
#13858 = VECTOR('',#13859,1.);
#13859 = DIRECTION('',(0.,0.,1.));
#13860 = ORIENTED_EDGE('',*,*,#12625,.F.);
#13861 = ORIENTED_EDGE('',*,*,#13855,.F.);
#13862 = CYLINDRICAL_SURFACE('',#13863,1.7);
#13863 = AXIS2_PLACEMENT_3D('',#13864,#13865,#13866);
#13864 = CARTESIAN_POINT('',(1.048E+03,-29.,-3.));
#13865 = DIRECTION('',(-0.,-0.,-1.));
#13866 = DIRECTION('',(1.,0.,0.));
#13867 = ADVANCED_FACE('',(#13868),#13879,.F.);
#13868 = FACE_BOUND('',#13869,.T.);
#13869 = EDGE_LOOP('',(#13870,#13871,#13877,#13878));
#13870 = ORIENTED_EDGE('',*,*,#13193,.T.);
#13871 = ORIENTED_EDGE('',*,*,#13872,.T.);
#13872 = EDGE_CURVE('',#13194,#12637,#13873,.T.);
#13873 = LINE('',#13874,#13875);
#13874 = CARTESIAN_POINT('',(1.0547E+03,-29.,-4.5));
#13875 = VECTOR('',#13876,1.);
#13876 = DIRECTION('',(0.,0.,1.));
#13877 = ORIENTED_EDGE('',*,*,#12636,.F.);
#13878 = ORIENTED_EDGE('',*,*,#13872,.F.);
#13879 = CYLINDRICAL_SURFACE('',#13880,1.7);
#13880 = AXIS2_PLACEMENT_3D('',#13881,#13882,#13883);
#13881 = CARTESIAN_POINT('',(1.053E+03,-29.,-4.5));
#13882 = DIRECTION('',(-0.,-0.,-1.));
#13883 = DIRECTION('',(1.,0.,0.));
#13884 = ADVANCED_FACE('',(#13885),#13901,.T.);
#13885 = FACE_BOUND('',#13886,.T.);
#13886 = EDGE_LOOP('',(#13887,#13893,#13894,#13900));
#13887 = ORIENTED_EDGE('',*,*,#13888,.F.);
#13888 = EDGE_CURVE('',#13205,#12648,#13889,.T.);
#13889 = LINE('',#13890,#13891);
#13890 = CARTESIAN_POINT('',(1.032E+03,-26.,-4.));
#13891 = VECTOR('',#13892,1.);
#13892 = DIRECTION('',(0.,0.,1.));
#13893 = ORIENTED_EDGE('',*,*,#13204,.T.);
#13894 = ORIENTED_EDGE('',*,*,#13895,.T.);
#13895 = EDGE_CURVE('',#13207,#12650,#13896,.T.);
#13896 = LINE('',#13897,#13898);
#13897 = CARTESIAN_POINT('',(1.023E+03,-26.,-4.));
#13898 = VECTOR('',#13899,1.);
#13899 = DIRECTION('',(0.,0.,1.));
#13900 = ORIENTED_EDGE('',*,*,#12647,.F.);
#13901 = PLANE('',#13902);
#13902 = AXIS2_PLACEMENT_3D('',#13903,#13904,#13905);
#13903 = CARTESIAN_POINT('',(1.023E+03,-26.,-4.));
#13904 = DIRECTION('',(0.,1.,0.));
#13905 = DIRECTION('',(0.,0.,1.));
#13906 = ADVANCED_FACE('',(#13907),#13918,.F.);
#13907 = FACE_BOUND('',#13908,.F.);
#13908 = EDGE_LOOP('',(#13909,#13910,#13911,#13917));
#13909 = ORIENTED_EDGE('',*,*,#13888,.F.);
#13910 = ORIENTED_EDGE('',*,*,#13230,.T.);
#13911 = ORIENTED_EDGE('',*,*,#13912,.T.);
#13912 = EDGE_CURVE('',#13223,#12666,#13913,.T.);
#13913 = LINE('',#13914,#13915);
#13914 = CARTESIAN_POINT('',(1.032E+03,-24.,-4.));
#13915 = VECTOR('',#13916,1.);
#13916 = DIRECTION('',(0.,0.,1.));
#13917 = ORIENTED_EDGE('',*,*,#12673,.F.);
#13918 = PLANE('',#13919);
#13919 = AXIS2_PLACEMENT_3D('',#13920,#13921,#13922);
#13920 = CARTESIAN_POINT('',(1.032E+03,-26.,-4.));
#13921 = DIRECTION('',(1.,0.,0.));
#13922 = DIRECTION('',(0.,0.,1.));
#13923 = ADVANCED_FACE('',(#13924),#13935,.T.);
#13924 = FACE_BOUND('',#13925,.T.);
#13925 = EDGE_LOOP('',(#13926,#13927,#13928,#13934));
#13926 = ORIENTED_EDGE('',*,*,#13895,.F.);
#13927 = ORIENTED_EDGE('',*,*,#13214,.T.);
#13928 = ORIENTED_EDGE('',*,*,#13929,.T.);
#13929 = EDGE_CURVE('',#13215,#12658,#13930,.T.);
#13930 = LINE('',#13931,#13932);
#13931 = CARTESIAN_POINT('',(1.023E+03,-24.,-4.));
#13932 = VECTOR('',#13933,1.);
#13933 = DIRECTION('',(0.,0.,1.));
#13934 = ORIENTED_EDGE('',*,*,#12657,.F.);
#13935 = PLANE('',#13936);
#13936 = AXIS2_PLACEMENT_3D('',#13937,#13938,#13939);
#13937 = CARTESIAN_POINT('',(1.023E+03,-26.,-4.));
#13938 = DIRECTION('',(1.,0.,0.));
#13939 = DIRECTION('',(0.,0.,1.));
#13940 = ADVANCED_FACE('',(#13941),#13947,.F.);
#13941 = FACE_BOUND('',#13942,.F.);
#13942 = EDGE_LOOP('',(#13943,#13944,#13945,#13946));
#13943 = ORIENTED_EDGE('',*,*,#13912,.F.);
#13944 = ORIENTED_EDGE('',*,*,#13222,.T.);
#13945 = ORIENTED_EDGE('',*,*,#13929,.T.);
#13946 = ORIENTED_EDGE('',*,*,#12665,.F.);
#13947 = PLANE('',#13948);
#13948 = AXIS2_PLACEMENT_3D('',#13949,#13950,#13951);
#13949 = CARTESIAN_POINT('',(1.023E+03,-24.,-4.));
#13950 = DIRECTION('',(0.,1.,0.));
#13951 = DIRECTION('',(0.,0.,1.));
#13952 = ADVANCED_FACE('',(#13953),#13969,.T.);
#13953 = FACE_BOUND('',#13954,.T.);
#13954 = EDGE_LOOP('',(#13955,#13961,#13962,#13968));
#13955 = ORIENTED_EDGE('',*,*,#13956,.F.);
#13956 = EDGE_CURVE('',#13239,#12682,#13957,.T.);
#13957 = LINE('',#13958,#13959);
#13958 = CARTESIAN_POINT('',(916.,-12.,-4.));
#13959 = VECTOR('',#13960,1.);
#13960 = DIRECTION('',(0.,0.,1.));
#13961 = ORIENTED_EDGE('',*,*,#13238,.T.);
#13962 = ORIENTED_EDGE('',*,*,#13963,.T.);
#13963 = EDGE_CURVE('',#13241,#12684,#13964,.T.);
#13964 = LINE('',#13965,#13966);
#13965 = CARTESIAN_POINT('',(866.,-12.,-4.));
#13966 = VECTOR('',#13967,1.);
#13967 = DIRECTION('',(0.,0.,1.));
#13968 = ORIENTED_EDGE('',*,*,#12681,.F.);
#13969 = PLANE('',#13970);
#13970 = AXIS2_PLACEMENT_3D('',#13971,#13972,#13973);
#13971 = CARTESIAN_POINT('',(866.,-12.,-4.));
#13972 = DIRECTION('',(0.,1.,0.));
#13973 = DIRECTION('',(0.,0.,1.));
#13974 = ADVANCED_FACE('',(#13975),#13986,.F.);
#13975 = FACE_BOUND('',#13976,.F.);
#13976 = EDGE_LOOP('',(#13977,#13978,#13979,#13985));
#13977 = ORIENTED_EDGE('',*,*,#13956,.F.);
#13978 = ORIENTED_EDGE('',*,*,#13264,.T.);
#13979 = ORIENTED_EDGE('',*,*,#13980,.T.);
#13980 = EDGE_CURVE('',#13257,#12700,#13981,.T.);
#13981 = LINE('',#13982,#13983);
#13982 = CARTESIAN_POINT('',(916.,12.,-4.));
#13983 = VECTOR('',#13984,1.);
#13984 = DIRECTION('',(0.,0.,1.));
#13985 = ORIENTED_EDGE('',*,*,#12707,.F.);
#13986 = PLANE('',#13987);
#13987 = AXIS2_PLACEMENT_3D('',#13988,#13989,#13990);
#13988 = CARTESIAN_POINT('',(916.,-12.,-4.));
#13989 = DIRECTION('',(1.,0.,0.));
#13990 = DIRECTION('',(0.,0.,1.));
#13991 = ADVANCED_FACE('',(#13992),#14003,.T.);
#13992 = FACE_BOUND('',#13993,.T.);
#13993 = EDGE_LOOP('',(#13994,#13995,#13996,#14002));
#13994 = ORIENTED_EDGE('',*,*,#13963,.F.);
#13995 = ORIENTED_EDGE('',*,*,#13248,.T.);
#13996 = ORIENTED_EDGE('',*,*,#13997,.T.);
#13997 = EDGE_CURVE('',#13249,#12692,#13998,.T.);
#13998 = LINE('',#13999,#14000);
#13999 = CARTESIAN_POINT('',(866.,12.,-4.));
#14000 = VECTOR('',#14001,1.);
#14001 = DIRECTION('',(0.,0.,1.));
#14002 = ORIENTED_EDGE('',*,*,#12691,.F.);
#14003 = PLANE('',#14004);
#14004 = AXIS2_PLACEMENT_3D('',#14005,#14006,#14007);
#14005 = CARTESIAN_POINT('',(866.,-12.,-4.));
#14006 = DIRECTION('',(1.,0.,0.));
#14007 = DIRECTION('',(0.,0.,1.));
#14008 = ADVANCED_FACE('',(#14009),#14015,.F.);
#14009 = FACE_BOUND('',#14010,.F.);
#14010 = EDGE_LOOP('',(#14011,#14012,#14013,#14014));
#14011 = ORIENTED_EDGE('',*,*,#13980,.F.);
#14012 = ORIENTED_EDGE('',*,*,#13256,.T.);
#14013 = ORIENTED_EDGE('',*,*,#13997,.T.);
#14014 = ORIENTED_EDGE('',*,*,#12699,.F.);
#14015 = PLANE('',#14016);
#14016 = AXIS2_PLACEMENT_3D('',#14017,#14018,#14019);
#14017 = CARTESIAN_POINT('',(866.,12.,-4.));
#14018 = DIRECTION('',(0.,1.,0.));
#14019 = DIRECTION('',(0.,0.,1.));
#14020 = ADVANCED_FACE('',(#14021),#14037,.T.);
#14021 = FACE_BOUND('',#14022,.T.);
#14022 = EDGE_LOOP('',(#14023,#14029,#14030,#14036));
#14023 = ORIENTED_EDGE('',*,*,#14024,.F.);
#14024 = EDGE_CURVE('',#13273,#12716,#14025,.T.);
#14025 = LINE('',#14026,#14027);
#14026 = CARTESIAN_POINT('',(887.,21.,-4.));
#14027 = VECTOR('',#14028,1.);
#14028 = DIRECTION('',(0.,0.,1.));
#14029 = ORIENTED_EDGE('',*,*,#13272,.T.);
#14030 = ORIENTED_EDGE('',*,*,#14031,.T.);
#14031 = EDGE_CURVE('',#13275,#12718,#14032,.T.);
#14032 = LINE('',#14033,#14034);
#14033 = CARTESIAN_POINT('',(878.,21.,-4.));
#14034 = VECTOR('',#14035,1.);
#14035 = DIRECTION('',(0.,0.,1.));
#14036 = ORIENTED_EDGE('',*,*,#12715,.F.);
#14037 = PLANE('',#14038);
#14038 = AXIS2_PLACEMENT_3D('',#14039,#14040,#14041);
#14039 = CARTESIAN_POINT('',(878.,21.,-4.));
#14040 = DIRECTION('',(0.,1.,0.));
#14041 = DIRECTION('',(0.,0.,1.));
#14042 = ADVANCED_FACE('',(#14043),#14054,.F.);
#14043 = FACE_BOUND('',#14044,.F.);
#14044 = EDGE_LOOP('',(#14045,#14046,#14047,#14053));
#14045 = ORIENTED_EDGE('',*,*,#14024,.F.);
#14046 = ORIENTED_EDGE('',*,*,#13298,.T.);
#14047 = ORIENTED_EDGE('',*,*,#14048,.T.);
#14048 = EDGE_CURVE('',#13291,#12734,#14049,.T.);
#14049 = LINE('',#14050,#14051);
#14050 = CARTESIAN_POINT('',(887.,23.,-4.));
#14051 = VECTOR('',#14052,1.);
#14052 = DIRECTION('',(0.,0.,1.));
#14053 = ORIENTED_EDGE('',*,*,#12741,.F.);
#14054 = PLANE('',#14055);
#14055 = AXIS2_PLACEMENT_3D('',#14056,#14057,#14058);
#14056 = CARTESIAN_POINT('',(887.,21.,-4.));
#14057 = DIRECTION('',(1.,0.,0.));
#14058 = DIRECTION('',(0.,0.,1.));
#14059 = ADVANCED_FACE('',(#14060),#14071,.T.);
#14060 = FACE_BOUND('',#14061,.T.);
#14061 = EDGE_LOOP('',(#14062,#14063,#14064,#14070));
#14062 = ORIENTED_EDGE('',*,*,#14031,.F.);
#14063 = ORIENTED_EDGE('',*,*,#13282,.T.);
#14064 = ORIENTED_EDGE('',*,*,#14065,.T.);
#14065 = EDGE_CURVE('',#13283,#12726,#14066,.T.);
#14066 = LINE('',#14067,#14068);
#14067 = CARTESIAN_POINT('',(878.,23.,-4.));
#14068 = VECTOR('',#14069,1.);
#14069 = DIRECTION('',(0.,0.,1.));
#14070 = ORIENTED_EDGE('',*,*,#12725,.F.);
#14071 = PLANE('',#14072);
#14072 = AXIS2_PLACEMENT_3D('',#14073,#14074,#14075);
#14073 = CARTESIAN_POINT('',(878.,21.,-4.));
#14074 = DIRECTION('',(1.,0.,0.));
#14075 = DIRECTION('',(0.,0.,1.));
#14076 = ADVANCED_FACE('',(#14077),#14083,.F.);
#14077 = FACE_BOUND('',#14078,.F.);
#14078 = EDGE_LOOP('',(#14079,#14080,#14081,#14082));
#14079 = ORIENTED_EDGE('',*,*,#14048,.F.);
#14080 = ORIENTED_EDGE('',*,*,#13290,.T.);
#14081 = ORIENTED_EDGE('',*,*,#14065,.T.);
#14082 = ORIENTED_EDGE('',*,*,#12733,.F.);
#14083 = PLANE('',#14084);
#14084 = AXIS2_PLACEMENT_3D('',#14085,#14086,#14087);
#14085 = CARTESIAN_POINT('',(878.,23.,-4.));
#14086 = DIRECTION('',(0.,1.,0.));
#14087 = DIRECTION('',(0.,0.,1.));
#14088 = ADVANCED_FACE('',(#14089),#14100,.F.);
#14089 = FACE_BOUND('',#14090,.T.);
#14090 = EDGE_LOOP('',(#14091,#14092,#14098,#14099));
#14091 = ORIENTED_EDGE('',*,*,#13306,.T.);
#14092 = ORIENTED_EDGE('',*,*,#14093,.T.);
#14093 = EDGE_CURVE('',#13307,#12750,#14094,.T.);
#14094 = LINE('',#14095,#14096);
#14095 = CARTESIAN_POINT('',(838.7,29.,-4.5));
#14096 = VECTOR('',#14097,1.);
#14097 = DIRECTION('',(0.,0.,1.));
#14098 = ORIENTED_EDGE('',*,*,#12749,.F.);
#14099 = ORIENTED_EDGE('',*,*,#14093,.F.);
#14100 = CYLINDRICAL_SURFACE('',#14101,1.7);
#14101 = AXIS2_PLACEMENT_3D('',#14102,#14103,#14104);
#14102 = CARTESIAN_POINT('',(837.,29.,-4.5));
#14103 = DIRECTION('',(-0.,-0.,-1.));
#14104 = DIRECTION('',(1.,0.,0.));
#14105 = ADVANCED_FACE('',(#14106),#14117,.F.);
#14106 = FACE_BOUND('',#14107,.T.);
#14107 = EDGE_LOOP('',(#14108,#14109,#14115,#14116));
#14108 = ORIENTED_EDGE('',*,*,#13317,.T.);
#14109 = ORIENTED_EDGE('',*,*,#14110,.T.);
#14110 = EDGE_CURVE('',#13318,#12761,#14111,.T.);
#14111 = LINE('',#14112,#14113);
#14112 = CARTESIAN_POINT('',(857.7,35.5,-4.5));
#14113 = VECTOR('',#14114,1.);
#14114 = DIRECTION('',(0.,0.,1.));
#14115 = ORIENTED_EDGE('',*,*,#12760,.F.);
#14116 = ORIENTED_EDGE('',*,*,#14110,.F.);
#14117 = CYLINDRICAL_SURFACE('',#14118,1.7);
#14118 = AXIS2_PLACEMENT_3D('',#14119,#14120,#14121);
#14119 = CARTESIAN_POINT('',(856.,35.5,-4.5));
#14120 = DIRECTION('',(-0.,-0.,-1.));
#14121 = DIRECTION('',(1.,0.,0.));
#14122 = ADVANCED_FACE('',(#14123),#14139,.T.);
#14123 = FACE_BOUND('',#14124,.T.);
#14124 = EDGE_LOOP('',(#14125,#14131,#14132,#14138));
#14125 = ORIENTED_EDGE('',*,*,#14126,.F.);
#14126 = EDGE_CURVE('',#13329,#12772,#14127,.T.);
#14127 = LINE('',#14128,#14129);
#14128 = CARTESIAN_POINT('',(915.,21.,-4.));
#14129 = VECTOR('',#14130,1.);
#14130 = DIRECTION('',(0.,0.,1.));
#14131 = ORIENTED_EDGE('',*,*,#13328,.T.);
#14132 = ORIENTED_EDGE('',*,*,#14133,.T.);
#14133 = EDGE_CURVE('',#13331,#12774,#14134,.T.);
#14134 = LINE('',#14135,#14136);
#14135 = CARTESIAN_POINT('',(906.,21.,-4.));
#14136 = VECTOR('',#14137,1.);
#14137 = DIRECTION('',(0.,0.,1.));
#14138 = ORIENTED_EDGE('',*,*,#12771,.F.);
#14139 = PLANE('',#14140);
#14140 = AXIS2_PLACEMENT_3D('',#14141,#14142,#14143);
#14141 = CARTESIAN_POINT('',(906.,21.,-4.));
#14142 = DIRECTION('',(0.,1.,0.));
#14143 = DIRECTION('',(0.,0.,1.));
#14144 = ADVANCED_FACE('',(#14145),#14156,.F.);
#14145 = FACE_BOUND('',#14146,.F.);
#14146 = EDGE_LOOP('',(#14147,#14148,#14149,#14155));
#14147 = ORIENTED_EDGE('',*,*,#14126,.F.);
#14148 = ORIENTED_EDGE('',*,*,#13354,.T.);
#14149 = ORIENTED_EDGE('',*,*,#14150,.T.);
#14150 = EDGE_CURVE('',#13347,#12790,#14151,.T.);
#14151 = LINE('',#14152,#14153);
#14152 = CARTESIAN_POINT('',(915.,23.,-4.));
#14153 = VECTOR('',#14154,1.);
#14154 = DIRECTION('',(0.,0.,1.));
#14155 = ORIENTED_EDGE('',*,*,#12797,.F.);
#14156 = PLANE('',#14157);
#14157 = AXIS2_PLACEMENT_3D('',#14158,#14159,#14160);
#14158 = CARTESIAN_POINT('',(915.,21.,-4.));
#14159 = DIRECTION('',(1.,0.,0.));
#14160 = DIRECTION('',(0.,0.,1.));
#14161 = ADVANCED_FACE('',(#14162),#14173,.T.);
#14162 = FACE_BOUND('',#14163,.T.);
#14163 = EDGE_LOOP('',(#14164,#14165,#14166,#14172));
#14164 = ORIENTED_EDGE('',*,*,#14133,.F.);
#14165 = ORIENTED_EDGE('',*,*,#13338,.T.);
#14166 = ORIENTED_EDGE('',*,*,#14167,.T.);
#14167 = EDGE_CURVE('',#13339,#12782,#14168,.T.);
#14168 = LINE('',#14169,#14170);
#14169 = CARTESIAN_POINT('',(906.,23.,-4.));
#14170 = VECTOR('',#14171,1.);
#14171 = DIRECTION('',(0.,0.,1.));
#14172 = ORIENTED_EDGE('',*,*,#12781,.F.);
#14173 = PLANE('',#14174);
#14174 = AXIS2_PLACEMENT_3D('',#14175,#14176,#14177);
#14175 = CARTESIAN_POINT('',(906.,21.,-4.));
#14176 = DIRECTION('',(1.,0.,0.));
#14177 = DIRECTION('',(0.,0.,1.));
#14178 = ADVANCED_FACE('',(#14179),#14185,.F.);
#14179 = FACE_BOUND('',#14180,.F.);
#14180 = EDGE_LOOP('',(#14181,#14182,#14183,#14184));
#14181 = ORIENTED_EDGE('',*,*,#14150,.F.);
#14182 = ORIENTED_EDGE('',*,*,#13346,.T.);
#14183 = ORIENTED_EDGE('',*,*,#14167,.T.);
#14184 = ORIENTED_EDGE('',*,*,#12789,.F.);
#14185 = PLANE('',#14186);
#14186 = AXIS2_PLACEMENT_3D('',#14187,#14188,#14189);
#14187 = CARTESIAN_POINT('',(906.,23.,-4.));
#14188 = DIRECTION('',(0.,1.,0.));
#14189 = DIRECTION('',(0.,0.,1.));
#14190 = ADVANCED_FACE('',(#14191),#14202,.F.);
#14191 = FACE_BOUND('',#14192,.T.);
#14192 = EDGE_LOOP('',(#14193,#14194,#14200,#14201));
#14193 = ORIENTED_EDGE('',*,*,#13362,.T.);
#14194 = ORIENTED_EDGE('',*,*,#14195,.T.);
#14195 = EDGE_CURVE('',#13363,#12806,#14196,.T.);
#14196 = LINE('',#14197,#14198);
#14197 = CARTESIAN_POINT('',(929.7,35.5,-4.5));
#14198 = VECTOR('',#14199,1.);
#14199 = DIRECTION('',(0.,0.,1.));
#14200 = ORIENTED_EDGE('',*,*,#12805,.F.);
#14201 = ORIENTED_EDGE('',*,*,#14195,.F.);
#14202 = CYLINDRICAL_SURFACE('',#14203,1.7);
#14203 = AXIS2_PLACEMENT_3D('',#14204,#14205,#14206);
#14204 = CARTESIAN_POINT('',(928.,35.5,-4.5));
#14205 = DIRECTION('',(-0.,-0.,-1.));
#14206 = DIRECTION('',(1.,0.,0.));
#14207 = ADVANCED_FACE('',(#14208),#14224,.T.);
#14208 = FACE_BOUND('',#14209,.T.);
#14209 = EDGE_LOOP('',(#14210,#14216,#14217,#14223));
#14210 = ORIENTED_EDGE('',*,*,#14211,.F.);
#14211 = EDGE_CURVE('',#13374,#12817,#14212,.T.);
#14212 = LINE('',#14213,#14214);
#14213 = CARTESIAN_POINT('',(1.023E+03,-12.,-4.));
#14214 = VECTOR('',#14215,1.);
#14215 = DIRECTION('',(0.,0.,1.));
#14216 = ORIENTED_EDGE('',*,*,#13373,.T.);
#14217 = ORIENTED_EDGE('',*,*,#14218,.T.);
#14218 = EDGE_CURVE('',#13376,#12819,#14219,.T.);
#14219 = LINE('',#14220,#14221);
#14220 = CARTESIAN_POINT('',(983.,-12.,-4.));
#14221 = VECTOR('',#14222,1.);
#14222 = DIRECTION('',(0.,0.,1.));
#14223 = ORIENTED_EDGE('',*,*,#12816,.F.);
#14224 = PLANE('',#14225);
#14225 = AXIS2_PLACEMENT_3D('',#14226,#14227,#14228);
#14226 = CARTESIAN_POINT('',(983.,-12.,-4.));
#14227 = DIRECTION('',(0.,1.,0.));
#14228 = DIRECTION('',(0.,0.,1.));
#14229 = ADVANCED_FACE('',(#14230),#14241,.F.);
#14230 = FACE_BOUND('',#14231,.F.);
#14231 = EDGE_LOOP('',(#14232,#14233,#14234,#14240));
#14232 = ORIENTED_EDGE('',*,*,#14211,.F.);
#14233 = ORIENTED_EDGE('',*,*,#13399,.T.);
#14234 = ORIENTED_EDGE('',*,*,#14235,.T.);
#14235 = EDGE_CURVE('',#13392,#12835,#14236,.T.);
#14236 = LINE('',#14237,#14238);
#14237 = CARTESIAN_POINT('',(1.023E+03,12.,-4.));
#14238 = VECTOR('',#14239,1.);
#14239 = DIRECTION('',(0.,0.,1.));
#14240 = ORIENTED_EDGE('',*,*,#12842,.F.);
#14241 = PLANE('',#14242);
#14242 = AXIS2_PLACEMENT_3D('',#14243,#14244,#14245);
#14243 = CARTESIAN_POINT('',(1.023E+03,-12.,-4.));
#14244 = DIRECTION('',(1.,0.,0.));
#14245 = DIRECTION('',(0.,0.,1.));
#14246 = ADVANCED_FACE('',(#14247),#14258,.T.);
#14247 = FACE_BOUND('',#14248,.T.);
#14248 = EDGE_LOOP('',(#14249,#14250,#14251,#14257));
#14249 = ORIENTED_EDGE('',*,*,#14218,.F.);
#14250 = ORIENTED_EDGE('',*,*,#13383,.T.);
#14251 = ORIENTED_EDGE('',*,*,#14252,.T.);
#14252 = EDGE_CURVE('',#13384,#12827,#14253,.T.);
#14253 = LINE('',#14254,#14255);
#14254 = CARTESIAN_POINT('',(983.,12.,-4.));
#14255 = VECTOR('',#14256,1.);
#14256 = DIRECTION('',(0.,0.,1.));
#14257 = ORIENTED_EDGE('',*,*,#12826,.F.);
#14258 = PLANE('',#14259);
#14259 = AXIS2_PLACEMENT_3D('',#14260,#14261,#14262);
#14260 = CARTESIAN_POINT('',(983.,-12.,-4.));
#14261 = DIRECTION('',(1.,0.,0.));
#14262 = DIRECTION('',(0.,0.,1.));
#14263 = ADVANCED_FACE('',(#14264),#14270,.F.);
#14264 = FACE_BOUND('',#14265,.F.);
#14265 = EDGE_LOOP('',(#14266,#14267,#14268,#14269));
#14266 = ORIENTED_EDGE('',*,*,#14235,.F.);
#14267 = ORIENTED_EDGE('',*,*,#13391,.T.);
#14268 = ORIENTED_EDGE('',*,*,#14252,.T.);
#14269 = ORIENTED_EDGE('',*,*,#12834,.F.);
#14270 = PLANE('',#14271);
#14271 = AXIS2_PLACEMENT_3D('',#14272,#14273,#14274);
#14272 = CARTESIAN_POINT('',(983.,12.,-4.));
#14273 = DIRECTION('',(0.,1.,0.));
#14274 = DIRECTION('',(0.,0.,1.));
#14275 = ADVANCED_FACE('',(#14276),#14292,.T.);
#14276 = FACE_BOUND('',#14277,.T.);
#14277 = EDGE_LOOP('',(#14278,#14284,#14285,#14291));
#14278 = ORIENTED_EDGE('',*,*,#14279,.F.);
#14279 = EDGE_CURVE('',#13408,#12851,#14280,.T.);
#14280 = LINE('',#14281,#14282);
#14281 = CARTESIAN_POINT('',(992.,24.,-4.));
#14282 = VECTOR('',#14283,1.);
#14283 = DIRECTION('',(0.,0.,1.));
#14284 = ORIENTED_EDGE('',*,*,#13407,.T.);
#14285 = ORIENTED_EDGE('',*,*,#14286,.T.);
#14286 = EDGE_CURVE('',#13410,#12853,#14287,.T.);
#14287 = LINE('',#14288,#14289);
#14288 = CARTESIAN_POINT('',(983.,24.,-4.));
#14289 = VECTOR('',#14290,1.);
#14290 = DIRECTION('',(0.,0.,1.));
#14291 = ORIENTED_EDGE('',*,*,#12850,.F.);
#14292 = PLANE('',#14293);
#14293 = AXIS2_PLACEMENT_3D('',#14294,#14295,#14296);
#14294 = CARTESIAN_POINT('',(983.,24.,-4.));
#14295 = DIRECTION('',(0.,1.,0.));
#14296 = DIRECTION('',(0.,0.,1.));
#14297 = ADVANCED_FACE('',(#14298),#14309,.F.);
#14298 = FACE_BOUND('',#14299,.F.);
#14299 = EDGE_LOOP('',(#14300,#14301,#14302,#14308));
#14300 = ORIENTED_EDGE('',*,*,#14279,.F.);
#14301 = ORIENTED_EDGE('',*,*,#13433,.T.);
#14302 = ORIENTED_EDGE('',*,*,#14303,.T.);
#14303 = EDGE_CURVE('',#13426,#12869,#14304,.T.);
#14304 = LINE('',#14305,#14306);
#14305 = CARTESIAN_POINT('',(992.,26.,-4.));
#14306 = VECTOR('',#14307,1.);
#14307 = DIRECTION('',(0.,0.,1.));
#14308 = ORIENTED_EDGE('',*,*,#12876,.F.);
#14309 = PLANE('',#14310);
#14310 = AXIS2_PLACEMENT_3D('',#14311,#14312,#14313);
#14311 = CARTESIAN_POINT('',(992.,24.,-4.));
#14312 = DIRECTION('',(1.,0.,0.));
#14313 = DIRECTION('',(0.,0.,1.));
#14314 = ADVANCED_FACE('',(#14315),#14326,.T.);
#14315 = FACE_BOUND('',#14316,.T.);
#14316 = EDGE_LOOP('',(#14317,#14318,#14319,#14325));
#14317 = ORIENTED_EDGE('',*,*,#14286,.F.);
#14318 = ORIENTED_EDGE('',*,*,#13417,.T.);
#14319 = ORIENTED_EDGE('',*,*,#14320,.T.);
#14320 = EDGE_CURVE('',#13418,#12861,#14321,.T.);
#14321 = LINE('',#14322,#14323);
#14322 = CARTESIAN_POINT('',(983.,26.,-4.));
#14323 = VECTOR('',#14324,1.);
#14324 = DIRECTION('',(0.,0.,1.));
#14325 = ORIENTED_EDGE('',*,*,#12860,.F.);
#14326 = PLANE('',#14327);
#14327 = AXIS2_PLACEMENT_3D('',#14328,#14329,#14330);
#14328 = CARTESIAN_POINT('',(983.,24.,-4.));
#14329 = DIRECTION('',(1.,0.,0.));
#14330 = DIRECTION('',(0.,0.,1.));
#14331 = ADVANCED_FACE('',(#14332),#14338,.F.);
#14332 = FACE_BOUND('',#14333,.F.);
#14333 = EDGE_LOOP('',(#14334,#14335,#14336,#14337));
#14334 = ORIENTED_EDGE('',*,*,#14303,.F.);
#14335 = ORIENTED_EDGE('',*,*,#13425,.T.);
#14336 = ORIENTED_EDGE('',*,*,#14320,.T.);
#14337 = ORIENTED_EDGE('',*,*,#12868,.F.);
#14338 = PLANE('',#14339);
#14339 = AXIS2_PLACEMENT_3D('',#14340,#14341,#14342);
#14340 = CARTESIAN_POINT('',(983.,26.,-4.));
#14341 = DIRECTION('',(0.,1.,0.));
#14342 = DIRECTION('',(0.,0.,1.));
#14343 = ADVANCED_FACE('',(#14344),#14355,.F.);
#14344 = FACE_BOUND('',#14345,.T.);
#14345 = EDGE_LOOP('',(#14346,#14347,#14353,#14354));
#14346 = ORIENTED_EDGE('',*,*,#13441,.T.);
#14347 = ORIENTED_EDGE('',*,*,#14348,.T.);
#14348 = EDGE_CURVE('',#13442,#12885,#14349,.T.);
#14349 = LINE('',#14350,#14351);
#14350 = CARTESIAN_POINT('',(953.7,29.,-3.));
#14351 = VECTOR('',#14352,1.);
#14352 = DIRECTION('',(0.,0.,1.));
#14353 = ORIENTED_EDGE('',*,*,#12884,.F.);
#14354 = ORIENTED_EDGE('',*,*,#14348,.F.);
#14355 = CYLINDRICAL_SURFACE('',#14356,1.7);
#14356 = AXIS2_PLACEMENT_3D('',#14357,#14358,#14359);
#14357 = CARTESIAN_POINT('',(952.,29.,-3.));
#14358 = DIRECTION('',(-0.,-0.,-1.));
#14359 = DIRECTION('',(1.,0.,0.));
#14360 = ADVANCED_FACE('',(#14361),#14372,.F.);
#14361 = FACE_BOUND('',#14362,.T.);
#14362 = EDGE_LOOP('',(#14363,#14364,#14370,#14371));
#14363 = ORIENTED_EDGE('',*,*,#13452,.T.);
#14364 = ORIENTED_EDGE('',*,*,#14365,.T.);
#14365 = EDGE_CURVE('',#13453,#12896,#14366,.T.);
#14366 = LINE('',#14367,#14368);
#14367 = CARTESIAN_POINT('',(975.7,35.5,-4.5));
#14368 = VECTOR('',#14369,1.);
#14369 = DIRECTION('',(0.,0.,1.));
#14370 = ORIENTED_EDGE('',*,*,#12895,.F.);
#14371 = ORIENTED_EDGE('',*,*,#14365,.F.);
#14372 = CYLINDRICAL_SURFACE('',#14373,1.7);
#14373 = AXIS2_PLACEMENT_3D('',#14374,#14375,#14376);
#14374 = CARTESIAN_POINT('',(974.,35.5,-4.5));
#14375 = DIRECTION('',(-0.,-0.,-1.));
#14376 = DIRECTION('',(1.,0.,0.));
#14377 = ADVANCED_FACE('',(#14378),#14394,.T.);
#14378 = FACE_BOUND('',#14379,.T.);
#14379 = EDGE_LOOP('',(#14380,#14386,#14387,#14393));
#14380 = ORIENTED_EDGE('',*,*,#14381,.F.);
#14381 = EDGE_CURVE('',#13464,#12907,#14382,.T.);
#14382 = LINE('',#14383,#14384);
#14383 = CARTESIAN_POINT('',(1.032E+03,24.,-4.));
#14384 = VECTOR('',#14385,1.);
#14385 = DIRECTION('',(0.,0.,1.));
#14386 = ORIENTED_EDGE('',*,*,#13463,.T.);
#14387 = ORIENTED_EDGE('',*,*,#14388,.T.);
#14388 = EDGE_CURVE('',#13466,#12909,#14389,.T.);
#14389 = LINE('',#14390,#14391);
#14390 = CARTESIAN_POINT('',(1.023E+03,24.,-4.));
#14391 = VECTOR('',#14392,1.);
#14392 = DIRECTION('',(0.,0.,1.));
#14393 = ORIENTED_EDGE('',*,*,#12906,.F.);
#14394 = PLANE('',#14395);
#14395 = AXIS2_PLACEMENT_3D('',#14396,#14397,#14398);
#14396 = CARTESIAN_POINT('',(1.023E+03,24.,-4.));
#14397 = DIRECTION('',(0.,1.,0.));
#14398 = DIRECTION('',(0.,0.,1.));
#14399 = ADVANCED_FACE('',(#14400),#14411,.F.);
#14400 = FACE_BOUND('',#14401,.F.);
#14401 = EDGE_LOOP('',(#14402,#14403,#14404,#14410));
#14402 = ORIENTED_EDGE('',*,*,#14381,.F.);
#14403 = ORIENTED_EDGE('',*,*,#13489,.T.);
#14404 = ORIENTED_EDGE('',*,*,#14405,.T.);
#14405 = EDGE_CURVE('',#13482,#12925,#14406,.T.);
#14406 = LINE('',#14407,#14408);
#14407 = CARTESIAN_POINT('',(1.032E+03,26.,-4.));
#14408 = VECTOR('',#14409,1.);
#14409 = DIRECTION('',(0.,0.,1.));
#14410 = ORIENTED_EDGE('',*,*,#12932,.F.);
#14411 = PLANE('',#14412);
#14412 = AXIS2_PLACEMENT_3D('',#14413,#14414,#14415);
#14413 = CARTESIAN_POINT('',(1.032E+03,24.,-4.));
#14414 = DIRECTION('',(1.,0.,0.));
#14415 = DIRECTION('',(0.,0.,1.));
#14416 = ADVANCED_FACE('',(#14417),#14428,.T.);
#14417 = FACE_BOUND('',#14418,.T.);
#14418 = EDGE_LOOP('',(#14419,#14420,#14421,#14427));
#14419 = ORIENTED_EDGE('',*,*,#14388,.F.);
#14420 = ORIENTED_EDGE('',*,*,#13473,.T.);
#14421 = ORIENTED_EDGE('',*,*,#14422,.T.);
#14422 = EDGE_CURVE('',#13474,#12917,#14423,.T.);
#14423 = LINE('',#14424,#14425);
#14424 = CARTESIAN_POINT('',(1.023E+03,26.,-4.));
#14425 = VECTOR('',#14426,1.);
#14426 = DIRECTION('',(0.,0.,1.));
#14427 = ORIENTED_EDGE('',*,*,#12916,.F.);
#14428 = PLANE('',#14429);
#14429 = AXIS2_PLACEMENT_3D('',#14430,#14431,#14432);
#14430 = CARTESIAN_POINT('',(1.023E+03,24.,-4.));
#14431 = DIRECTION('',(1.,0.,0.));
#14432 = DIRECTION('',(0.,0.,1.));
#14433 = ADVANCED_FACE('',(#14434),#14440,.F.);
#14434 = FACE_BOUND('',#14435,.F.);
#14435 = EDGE_LOOP('',(#14436,#14437,#14438,#14439));
#14436 = ORIENTED_EDGE('',*,*,#14405,.F.);
#14437 = ORIENTED_EDGE('',*,*,#13481,.T.);
#14438 = ORIENTED_EDGE('',*,*,#14422,.T.);
#14439 = ORIENTED_EDGE('',*,*,#12924,.F.);
#14440 = PLANE('',#14441);
#14441 = AXIS2_PLACEMENT_3D('',#14442,#14443,#14444);
#14442 = CARTESIAN_POINT('',(1.023E+03,26.,-4.));
#14443 = DIRECTION('',(0.,1.,0.));
#14444 = DIRECTION('',(0.,0.,1.));
#14445 = ADVANCED_FACE('',(#14446),#14457,.F.);
#14446 = FACE_BOUND('',#14447,.T.);
#14447 = EDGE_LOOP('',(#14448,#14449,#14455,#14456));
#14448 = ORIENTED_EDGE('',*,*,#13497,.T.);
#14449 = ORIENTED_EDGE('',*,*,#14450,.T.);
#14450 = EDGE_CURVE('',#13498,#12941,#14451,.T.);
#14451 = LINE('',#14452,#14453);
#14452 = CARTESIAN_POINT('',(1.0497E+03,29.,-3.));
#14453 = VECTOR('',#14454,1.);
#14454 = DIRECTION('',(0.,0.,1.));
#14455 = ORIENTED_EDGE('',*,*,#12940,.F.);
#14456 = ORIENTED_EDGE('',*,*,#14450,.F.);
#14457 = CYLINDRICAL_SURFACE('',#14458,1.7);
#14458 = AXIS2_PLACEMENT_3D('',#14459,#14460,#14461);
#14459 = CARTESIAN_POINT('',(1.048E+03,29.,-3.));
#14460 = DIRECTION('',(-0.,-0.,-1.));
#14461 = DIRECTION('',(1.,0.,0.));
#14462 = ADVANCED_FACE('',(#14463),#14474,.F.);
#14463 = FACE_BOUND('',#14464,.T.);
#14464 = EDGE_LOOP('',(#14465,#14466,#14472,#14473));
#14465 = ORIENTED_EDGE('',*,*,#13508,.T.);
#14466 = ORIENTED_EDGE('',*,*,#14467,.T.);
#14467 = EDGE_CURVE('',#13509,#12952,#14468,.T.);
#14468 = LINE('',#14469,#14470);
#14469 = CARTESIAN_POINT('',(1.0547E+03,29.,-4.5));
#14470 = VECTOR('',#14471,1.);
#14471 = DIRECTION('',(0.,0.,1.));
#14472 = ORIENTED_EDGE('',*,*,#12951,.F.);
#14473 = ORIENTED_EDGE('',*,*,#14467,.F.);
#14474 = CYLINDRICAL_SURFACE('',#14475,1.7);
#14475 = AXIS2_PLACEMENT_3D('',#14476,#14477,#14478);
#14476 = CARTESIAN_POINT('',(1.053E+03,29.,-4.5));
#14477 = DIRECTION('',(-0.,-0.,-1.));
#14478 = DIRECTION('',(1.,0.,0.));
#14479 = ADVANCED_FACE('',(#14480),#14491,.F.);
#14480 = FACE_BOUND('',#14481,.T.);
#14481 = EDGE_LOOP('',(#14482,#14483,#14489,#14490));
#14482 = ORIENTED_EDGE('',*,*,#13519,.T.);
#14483 = ORIENTED_EDGE('',*,*,#14484,.T.);
#14484 = EDGE_CURVE('',#13520,#12963,#14485,.T.);
#14485 = LINE('',#14486,#14487);
#14486 = CARTESIAN_POINT('',(1.0377E+03,35.5,-4.5));
#14487 = VECTOR('',#14488,1.);
#14488 = DIRECTION('',(0.,0.,1.));
#14489 = ORIENTED_EDGE('',*,*,#12962,.F.);
#14490 = ORIENTED_EDGE('',*,*,#14484,.F.);
#14491 = CYLINDRICAL_SURFACE('',#14492,1.7);
#14492 = AXIS2_PLACEMENT_3D('',#14493,#14494,#14495);
#14493 = CARTESIAN_POINT('',(1.036E+03,35.5,-4.5));
#14494 = DIRECTION('',(-0.,-0.,-1.));
#14495 = DIRECTION('',(1.,0.,0.));
#14496 = MANIFOLD_SOLID_BREP('',#14497);
#14497 = CLOSED_SHELL('',(#14498,#14531,#14540,#14560,#14585));
#14498 = ADVANCED_FACE('',(#14499),#14526,.T.);
#14499 = FACE_BOUND('',#14500,.F.);
#14500 = EDGE_LOOP('',(#14501,#14511,#14518,#14519));
#14501 = ORIENTED_EDGE('',*,*,#14502,.T.);
#14502 = EDGE_CURVE('',#14503,#14505,#14507,.T.);
#14503 = VERTEX_POINT('',#14504);
#14504 = CARTESIAN_POINT('',(953.5,-29.,-8.5));
#14505 = VERTEX_POINT('',#14506);
#14506 = CARTESIAN_POINT('',(953.5,-29.,1.5));
#14507 = LINE('',#14508,#14509);
#14508 = CARTESIAN_POINT('',(953.5,-29.,-8.5));
#14509 = VECTOR('',#14510,1.);
#14510 = DIRECTION('',(0.,0.,1.));
#14511 = ORIENTED_EDGE('',*,*,#14512,.T.);
#14512 = EDGE_CURVE('',#14505,#14505,#14513,.T.);
#14513 = CIRCLE('',#14514,1.5);
#14514 = AXIS2_PLACEMENT_3D('',#14515,#14516,#14517);
#14515 = CARTESIAN_POINT('',(952.,-29.,1.5));
#14516 = DIRECTION('',(0.,0.,1.));
#14517 = DIRECTION('',(1.,0.,0.));
#14518 = ORIENTED_EDGE('',*,*,#14502,.F.);
#14519 = ORIENTED_EDGE('',*,*,#14520,.F.);
#14520 = EDGE_CURVE('',#14503,#14503,#14521,.T.);
#14521 = CIRCLE('',#14522,1.5);
#14522 = AXIS2_PLACEMENT_3D('',#14523,#14524,#14525);
#14523 = CARTESIAN_POINT('',(952.,-29.,-8.5));
#14524 = DIRECTION('',(0.,0.,1.));
#14525 = DIRECTION('',(1.,0.,0.));
#14526 = CYLINDRICAL_SURFACE('',#14527,1.5);
#14527 = AXIS2_PLACEMENT_3D('',#14528,#14529,#14530);
#14528 = CARTESIAN_POINT('',(952.,-29.,-8.5));
#14529 = DIRECTION('',(-0.,-0.,-1.));
#14530 = DIRECTION('',(1.,0.,0.));
#14531 = ADVANCED_FACE('',(#14532),#14535,.F.);
#14532 = FACE_BOUND('',#14533,.T.);
#14533 = EDGE_LOOP('',(#14534));
#14534 = ORIENTED_EDGE('',*,*,#14520,.F.);
#14535 = PLANE('',#14536);
#14536 = AXIS2_PLACEMENT_3D('',#14537,#14538,#14539);
#14537 = CARTESIAN_POINT('',(952.,-29.,-8.5));
#14538 = DIRECTION('',(0.,0.,1.));
#14539 = DIRECTION('',(1.,0.,0.));
#14540 = ADVANCED_FACE('',(#14541,#14552),#14555,.F.);
#14541 = FACE_BOUND('',#14542,.F.);
#14542 = EDGE_LOOP('',(#14543));
#14543 = ORIENTED_EDGE('',*,*,#14544,.T.);
#14544 = EDGE_CURVE('',#14545,#14545,#14547,.T.);
#14545 = VERTEX_POINT('',#14546);
#14546 = CARTESIAN_POINT('',(954.8,-29.,1.5));
#14547 = CIRCLE('',#14548,2.8);
#14548 = AXIS2_PLACEMENT_3D('',#14549,#14550,#14551);
#14549 = CARTESIAN_POINT('',(952.,-29.,1.5));
#14550 = DIRECTION('',(0.,0.,1.));
#14551 = DIRECTION('',(1.,0.,0.));
#14552 = FACE_BOUND('',#14553,.F.);
#14553 = EDGE_LOOP('',(#14554));
#14554 = ORIENTED_EDGE('',*,*,#14512,.F.);
#14555 = PLANE('',#14556);
#14556 = AXIS2_PLACEMENT_3D('',#14557,#14558,#14559);
#14557 = CARTESIAN_POINT('',(952.,-29.,1.5));
#14558 = DIRECTION('',(0.,0.,1.));
#14559 = DIRECTION('',(1.,0.,0.));
#14560 = ADVANCED_FACE('',(#14561),#14580,.T.);
#14561 = FACE_BOUND('',#14562,.F.);
#14562 = EDGE_LOOP('',(#14563,#14571,#14578,#14579));
#14563 = ORIENTED_EDGE('',*,*,#14564,.T.);
#14564 = EDGE_CURVE('',#14545,#14565,#14567,.T.);
#14565 = VERTEX_POINT('',#14566);
#14566 = CARTESIAN_POINT('',(954.8,-29.,3.9));
#14567 = LINE('',#14568,#14569);
#14568 = CARTESIAN_POINT('',(954.8,-29.,1.5));
#14569 = VECTOR('',#14570,1.);
#14570 = DIRECTION('',(0.,0.,1.));
#14571 = ORIENTED_EDGE('',*,*,#14572,.T.);
#14572 = EDGE_CURVE('',#14565,#14565,#14573,.T.);
#14573 = CIRCLE('',#14574,2.8);
#14574 = AXIS2_PLACEMENT_3D('',#14575,#14576,#14577);
#14575 = CARTESIAN_POINT('',(952.,-29.,3.9));
#14576 = DIRECTION('',(0.,0.,1.));
#14577 = DIRECTION('',(1.,0.,0.));
#14578 = ORIENTED_EDGE('',*,*,#14564,.F.);
#14579 = ORIENTED_EDGE('',*,*,#14544,.F.);
#14580 = CYLINDRICAL_SURFACE('',#14581,2.8);
#14581 = AXIS2_PLACEMENT_3D('',#14582,#14583,#14584);
#14582 = CARTESIAN_POINT('',(952.,-29.,1.5));
#14583 = DIRECTION('',(-0.,-0.,-1.));
#14584 = DIRECTION('',(1.,0.,0.));
#14585 = ADVANCED_FACE('',(#14586),#14589,.T.);
#14586 = FACE_BOUND('',#14587,.F.);
#14587 = EDGE_LOOP('',(#14588));
#14588 = ORIENTED_EDGE('',*,*,#14572,.F.);
#14589 = PLANE('',#14590);
#14590 = AXIS2_PLACEMENT_3D('',#14591,#14592,#14593);
#14591 = CARTESIAN_POINT('',(952.,-29.,3.9));
#14592 = DIRECTION('',(0.,0.,1.));
#14593 = DIRECTION('',(1.,0.,0.));
#14594 = MANIFOLD_SOLID_BREP('',#14595);
#14595 = CLOSED_SHELL('',(#14596,#14629,#14649,#14669));
#14596 = ADVANCED_FACE('',(#14597),#14624,.T.);
#14597 = FACE_BOUND('',#14598,.F.);
#14598 = EDGE_LOOP('',(#14599,#14609,#14616,#14617));
#14599 = ORIENTED_EDGE('',*,*,#14600,.T.);
#14600 = EDGE_CURVE('',#14601,#14603,#14605,.T.);
#14601 = VERTEX_POINT('',#14602);
#14602 = CARTESIAN_POINT('',(955.2,-29.,-6.5));
#14603 = VERTEX_POINT('',#14604);
#14604 = CARTESIAN_POINT('',(955.2,-29.,-4.));
#14605 = LINE('',#14606,#14607);
#14606 = CARTESIAN_POINT('',(955.2,-29.,-6.5));
#14607 = VECTOR('',#14608,1.);
#14608 = DIRECTION('',(0.,0.,1.));
#14609 = ORIENTED_EDGE('',*,*,#14610,.T.);
#14610 = EDGE_CURVE('',#14603,#14603,#14611,.T.);
#14611 = CIRCLE('',#14612,3.2);
#14612 = AXIS2_PLACEMENT_3D('',#14613,#14614,#14615);
#14613 = CARTESIAN_POINT('',(952.,-29.,-4.));
#14614 = DIRECTION('',(0.,0.,1.));
#14615 = DIRECTION('',(1.,0.,0.));
#14616 = ORIENTED_EDGE('',*,*,#14600,.F.);
#14617 = ORIENTED_EDGE('',*,*,#14618,.F.);
#14618 = EDGE_CURVE('',#14601,#14601,#14619,.T.);
#14619 = CIRCLE('',#14620,3.2);
#14620 = AXIS2_PLACEMENT_3D('',#14621,#14622,#14623);
#14621 = CARTESIAN_POINT('',(952.,-29.,-6.5));
#14622 = DIRECTION('',(0.,0.,1.));
#14623 = DIRECTION('',(1.,0.,0.));
#14624 = CYLINDRICAL_SURFACE('',#14625,3.2);
#14625 = AXIS2_PLACEMENT_3D('',#14626,#14627,#14628);
#14626 = CARTESIAN_POINT('',(952.,-29.,-6.5));
#14627 = DIRECTION('',(-0.,-0.,-1.));
#14628 = DIRECTION('',(1.,0.,0.));
#14629 = ADVANCED_FACE('',(#14630,#14633),#14644,.F.);
#14630 = FACE_BOUND('',#14631,.F.);
#14631 = EDGE_LOOP('',(#14632));
#14632 = ORIENTED_EDGE('',*,*,#14618,.T.);
#14633 = FACE_BOUND('',#14634,.F.);
#14634 = EDGE_LOOP('',(#14635));
#14635 = ORIENTED_EDGE('',*,*,#14636,.T.);
#14636 = EDGE_CURVE('',#14637,#14637,#14639,.T.);
#14637 = VERTEX_POINT('',#14638);
#14638 = CARTESIAN_POINT('',(953.7,-29.,-6.5));
#14639 = CIRCLE('',#14640,1.7);
#14640 = AXIS2_PLACEMENT_3D('',#14641,#14642,#14643);
#14641 = CARTESIAN_POINT('',(952.,-29.,-6.5));
#14642 = DIRECTION('',(0.,0.,-1.));
#14643 = DIRECTION('',(1.,0.,0.));
#14644 = PLANE('',#14645);
#14645 = AXIS2_PLACEMENT_3D('',#14646,#14647,#14648);
#14646 = CARTESIAN_POINT('',(952.,-29.,-6.5));
#14647 = DIRECTION('',(0.,0.,1.));
#14648 = DIRECTION('',(1.,0.,0.));
#14649 = ADVANCED_FACE('',(#14650,#14653),#14664,.T.);
#14650 = FACE_BOUND('',#14651,.T.);
#14651 = EDGE_LOOP('',(#14652));
#14652 = ORIENTED_EDGE('',*,*,#14610,.T.);
#14653 = FACE_BOUND('',#14654,.T.);
#14654 = EDGE_LOOP('',(#14655));
#14655 = ORIENTED_EDGE('',*,*,#14656,.T.);
#14656 = EDGE_CURVE('',#14657,#14657,#14659,.T.);
#14657 = VERTEX_POINT('',#14658);
#14658 = CARTESIAN_POINT('',(953.7,-29.,-4.));
#14659 = CIRCLE('',#14660,1.7);
#14660 = AXIS2_PLACEMENT_3D('',#14661,#14662,#14663);
#14661 = CARTESIAN_POINT('',(952.,-29.,-4.));
#14662 = DIRECTION('',(0.,0.,-1.));
#14663 = DIRECTION('',(1.,0.,0.));
#14664 = PLANE('',#14665);
#14665 = AXIS2_PLACEMENT_3D('',#14666,#14667,#14668);
#14666 = CARTESIAN_POINT('',(952.,-29.,-4.));
#14667 = DIRECTION('',(0.,0.,1.));
#14668 = DIRECTION('',(1.,0.,0.));
#14669 = ADVANCED_FACE('',(#14670),#14681,.F.);
#14670 = FACE_BOUND('',#14671,.T.);
#14671 = EDGE_LOOP('',(#14672,#14673,#14679,#14680));
#14672 = ORIENTED_EDGE('',*,*,#14636,.T.);
#14673 = ORIENTED_EDGE('',*,*,#14674,.T.);
#14674 = EDGE_CURVE('',#14637,#14657,#14675,.T.);
#14675 = LINE('',#14676,#14677);
#14676 = CARTESIAN_POINT('',(953.7,-29.,-7.));
#14677 = VECTOR('',#14678,1.);
#14678 = DIRECTION('',(0.,0.,1.));
#14679 = ORIENTED_EDGE('',*,*,#14656,.F.);
#14680 = ORIENTED_EDGE('',*,*,#14674,.F.);
#14681 = CYLINDRICAL_SURFACE('',#14682,1.7);
#14682 = AXIS2_PLACEMENT_3D('',#14683,#14684,#14685);
#14683 = CARTESIAN_POINT('',(952.,-29.,-7.));
#14684 = DIRECTION('',(-0.,-0.,-1.));
#14685 = DIRECTION('',(1.,0.,0.));
#14686 = MANIFOLD_SOLID_BREP('',#14687);
#14687 = CLOSED_SHELL('',(#14688,#14721,#14730,#14750,#14775));
#14688 = ADVANCED_FACE('',(#14689),#14716,.T.);
#14689 = FACE_BOUND('',#14690,.F.);
#14690 = EDGE_LOOP('',(#14691,#14701,#14708,#14709));
#14691 = ORIENTED_EDGE('',*,*,#14692,.T.);
#14692 = EDGE_CURVE('',#14693,#14695,#14697,.T.);
#14693 = VERTEX_POINT('',#14694);
#14694 = CARTESIAN_POINT('',(953.5,29.,-8.5));
#14695 = VERTEX_POINT('',#14696);
#14696 = CARTESIAN_POINT('',(953.5,29.,1.5));
#14697 = LINE('',#14698,#14699);
#14698 = CARTESIAN_POINT('',(953.5,29.,-8.5));
#14699 = VECTOR('',#14700,1.);
#14700 = DIRECTION('',(0.,0.,1.));
#14701 = ORIENTED_EDGE('',*,*,#14702,.T.);
#14702 = EDGE_CURVE('',#14695,#14695,#14703,.T.);
#14703 = CIRCLE('',#14704,1.5);
#14704 = AXIS2_PLACEMENT_3D('',#14705,#14706,#14707);
#14705 = CARTESIAN_POINT('',(952.,29.,1.5));
#14706 = DIRECTION('',(0.,0.,1.));
#14707 = DIRECTION('',(1.,0.,0.));
#14708 = ORIENTED_EDGE('',*,*,#14692,.F.);
#14709 = ORIENTED_EDGE('',*,*,#14710,.F.);
#14710 = EDGE_CURVE('',#14693,#14693,#14711,.T.);
#14711 = CIRCLE('',#14712,1.5);
#14712 = AXIS2_PLACEMENT_3D('',#14713,#14714,#14715);
#14713 = CARTESIAN_POINT('',(952.,29.,-8.5));
#14714 = DIRECTION('',(0.,0.,1.));
#14715 = DIRECTION('',(1.,0.,0.));
#14716 = CYLINDRICAL_SURFACE('',#14717,1.5);
#14717 = AXIS2_PLACEMENT_3D('',#14718,#14719,#14720);
#14718 = CARTESIAN_POINT('',(952.,29.,-8.5));
#14719 = DIRECTION('',(-0.,-0.,-1.));
#14720 = DIRECTION('',(1.,0.,0.));
#14721 = ADVANCED_FACE('',(#14722),#14725,.F.);
#14722 = FACE_BOUND('',#14723,.T.);
#14723 = EDGE_LOOP('',(#14724));
#14724 = ORIENTED_EDGE('',*,*,#14710,.F.);
#14725 = PLANE('',#14726);
#14726 = AXIS2_PLACEMENT_3D('',#14727,#14728,#14729);
#14727 = CARTESIAN_POINT('',(952.,29.,-8.5));
#14728 = DIRECTION('',(0.,0.,1.));
#14729 = DIRECTION('',(1.,0.,0.));
#14730 = ADVANCED_FACE('',(#14731,#14742),#14745,.F.);
#14731 = FACE_BOUND('',#14732,.F.);
#14732 = EDGE_LOOP('',(#14733));
#14733 = ORIENTED_EDGE('',*,*,#14734,.T.);
#14734 = EDGE_CURVE('',#14735,#14735,#14737,.T.);
#14735 = VERTEX_POINT('',#14736);
#14736 = CARTESIAN_POINT('',(954.8,29.,1.5));
#14737 = CIRCLE('',#14738,2.8);
#14738 = AXIS2_PLACEMENT_3D('',#14739,#14740,#14741);
#14739 = CARTESIAN_POINT('',(952.,29.,1.5));
#14740 = DIRECTION('',(0.,0.,1.));
#14741 = DIRECTION('',(1.,0.,0.));
#14742 = FACE_BOUND('',#14743,.F.);
#14743 = EDGE_LOOP('',(#14744));
#14744 = ORIENTED_EDGE('',*,*,#14702,.F.);
#14745 = PLANE('',#14746);
#14746 = AXIS2_PLACEMENT_3D('',#14747,#14748,#14749);
#14747 = CARTESIAN_POINT('',(952.,29.,1.5));
#14748 = DIRECTION('',(0.,0.,1.));
#14749 = DIRECTION('',(1.,0.,0.));
#14750 = ADVANCED_FACE('',(#14751),#14770,.T.);
#14751 = FACE_BOUND('',#14752,.F.);
#14752 = EDGE_LOOP('',(#14753,#14761,#14768,#14769));
#14753 = ORIENTED_EDGE('',*,*,#14754,.T.);
#14754 = EDGE_CURVE('',#14735,#14755,#14757,.T.);
#14755 = VERTEX_POINT('',#14756);
#14756 = CARTESIAN_POINT('',(954.8,29.,3.9));
#14757 = LINE('',#14758,#14759);
#14758 = CARTESIAN_POINT('',(954.8,29.,1.5));
#14759 = VECTOR('',#14760,1.);
#14760 = DIRECTION('',(0.,0.,1.));
#14761 = ORIENTED_EDGE('',*,*,#14762,.T.);
#14762 = EDGE_CURVE('',#14755,#14755,#14763,.T.);
#14763 = CIRCLE('',#14764,2.8);
#14764 = AXIS2_PLACEMENT_3D('',#14765,#14766,#14767);
#14765 = CARTESIAN_POINT('',(952.,29.,3.9));
#14766 = DIRECTION('',(0.,0.,1.));
#14767 = DIRECTION('',(1.,0.,0.));
#14768 = ORIENTED_EDGE('',*,*,#14754,.F.);
#14769 = ORIENTED_EDGE('',*,*,#14734,.F.);
#14770 = CYLINDRICAL_SURFACE('',#14771,2.8);
#14771 = AXIS2_PLACEMENT_3D('',#14772,#14773,#14774);
#14772 = CARTESIAN_POINT('',(952.,29.,1.5));
#14773 = DIRECTION('',(-0.,-0.,-1.));
#14774 = DIRECTION('',(1.,0.,0.));
#14775 = ADVANCED_FACE('',(#14776),#14779,.T.);
#14776 = FACE_BOUND('',#14777,.F.);
#14777 = EDGE_LOOP('',(#14778));
#14778 = ORIENTED_EDGE('',*,*,#14762,.F.);
#14779 = PLANE('',#14780);
#14780 = AXIS2_PLACEMENT_3D('',#14781,#14782,#14783);
#14781 = CARTESIAN_POINT('',(952.,29.,3.9));
#14782 = DIRECTION('',(0.,0.,1.));
#14783 = DIRECTION('',(1.,0.,0.));
#14784 = MANIFOLD_SOLID_BREP('',#14785);
#14785 = CLOSED_SHELL('',(#14786,#14819,#14839,#14859));
#14786 = ADVANCED_FACE('',(#14787),#14814,.T.);
#14787 = FACE_BOUND('',#14788,.F.);
#14788 = EDGE_LOOP('',(#14789,#14799,#14806,#14807));
#14789 = ORIENTED_EDGE('',*,*,#14790,.T.);
#14790 = EDGE_CURVE('',#14791,#14793,#14795,.T.);
#14791 = VERTEX_POINT('',#14792);
#14792 = CARTESIAN_POINT('',(955.2,29.,-6.5));
#14793 = VERTEX_POINT('',#14794);
#14794 = CARTESIAN_POINT('',(955.2,29.,-4.));
#14795 = LINE('',#14796,#14797);
#14796 = CARTESIAN_POINT('',(955.2,29.,-6.5));
#14797 = VECTOR('',#14798,1.);
#14798 = DIRECTION('',(0.,0.,1.));
#14799 = ORIENTED_EDGE('',*,*,#14800,.T.);
#14800 = EDGE_CURVE('',#14793,#14793,#14801,.T.);
#14801 = CIRCLE('',#14802,3.2);
#14802 = AXIS2_PLACEMENT_3D('',#14803,#14804,#14805);
#14803 = CARTESIAN_POINT('',(952.,29.,-4.));
#14804 = DIRECTION('',(0.,0.,1.));
#14805 = DIRECTION('',(1.,0.,0.));
#14806 = ORIENTED_EDGE('',*,*,#14790,.F.);
#14807 = ORIENTED_EDGE('',*,*,#14808,.F.);
#14808 = EDGE_CURVE('',#14791,#14791,#14809,.T.);
#14809 = CIRCLE('',#14810,3.2);
#14810 = AXIS2_PLACEMENT_3D('',#14811,#14812,#14813);
#14811 = CARTESIAN_POINT('',(952.,29.,-6.5));
#14812 = DIRECTION('',(0.,0.,1.));
#14813 = DIRECTION('',(1.,0.,0.));
#14814 = CYLINDRICAL_SURFACE('',#14815,3.2);
#14815 = AXIS2_PLACEMENT_3D('',#14816,#14817,#14818);
#14816 = CARTESIAN_POINT('',(952.,29.,-6.5));
#14817 = DIRECTION('',(-0.,-0.,-1.));
#14818 = DIRECTION('',(1.,0.,0.));
#14819 = ADVANCED_FACE('',(#14820,#14823),#14834,.F.);
#14820 = FACE_BOUND('',#14821,.F.);
#14821 = EDGE_LOOP('',(#14822));
#14822 = ORIENTED_EDGE('',*,*,#14808,.T.);
#14823 = FACE_BOUND('',#14824,.F.);
#14824 = EDGE_LOOP('',(#14825));
#14825 = ORIENTED_EDGE('',*,*,#14826,.T.);
#14826 = EDGE_CURVE('',#14827,#14827,#14829,.T.);
#14827 = VERTEX_POINT('',#14828);
#14828 = CARTESIAN_POINT('',(953.7,29.,-6.5));
#14829 = CIRCLE('',#14830,1.7);
#14830 = AXIS2_PLACEMENT_3D('',#14831,#14832,#14833);
#14831 = CARTESIAN_POINT('',(952.,29.,-6.5));
#14832 = DIRECTION('',(0.,0.,-1.));
#14833 = DIRECTION('',(1.,0.,0.));
#14834 = PLANE('',#14835);
#14835 = AXIS2_PLACEMENT_3D('',#14836,#14837,#14838);
#14836 = CARTESIAN_POINT('',(952.,29.,-6.5));
#14837 = DIRECTION('',(0.,0.,1.));
#14838 = DIRECTION('',(1.,0.,0.));
#14839 = ADVANCED_FACE('',(#14840,#14843),#14854,.T.);
#14840 = FACE_BOUND('',#14841,.T.);
#14841 = EDGE_LOOP('',(#14842));
#14842 = ORIENTED_EDGE('',*,*,#14800,.T.);
#14843 = FACE_BOUND('',#14844,.T.);
#14844 = EDGE_LOOP('',(#14845));
#14845 = ORIENTED_EDGE('',*,*,#14846,.T.);
#14846 = EDGE_CURVE('',#14847,#14847,#14849,.T.);
#14847 = VERTEX_POINT('',#14848);
#14848 = CARTESIAN_POINT('',(953.7,29.,-4.));
#14849 = CIRCLE('',#14850,1.7);
#14850 = AXIS2_PLACEMENT_3D('',#14851,#14852,#14853);
#14851 = CARTESIAN_POINT('',(952.,29.,-4.));
#14852 = DIRECTION('',(0.,0.,-1.));
#14853 = DIRECTION('',(1.,0.,0.));
#14854 = PLANE('',#14855);
#14855 = AXIS2_PLACEMENT_3D('',#14856,#14857,#14858);
#14856 = CARTESIAN_POINT('',(952.,29.,-4.));
#14857 = DIRECTION('',(0.,0.,1.));
#14858 = DIRECTION('',(1.,0.,0.));
#14859 = ADVANCED_FACE('',(#14860),#14871,.F.);
#14860 = FACE_BOUND('',#14861,.T.);
#14861 = EDGE_LOOP('',(#14862,#14863,#14869,#14870));
#14862 = ORIENTED_EDGE('',*,*,#14826,.T.);
#14863 = ORIENTED_EDGE('',*,*,#14864,.T.);
#14864 = EDGE_CURVE('',#14827,#14847,#14865,.T.);
#14865 = LINE('',#14866,#14867);
#14866 = CARTESIAN_POINT('',(953.7,29.,-7.));
#14867 = VECTOR('',#14868,1.);
#14868 = DIRECTION('',(0.,0.,1.));
#14869 = ORIENTED_EDGE('',*,*,#14846,.F.);
#14870 = ORIENTED_EDGE('',*,*,#14864,.F.);
#14871 = CYLINDRICAL_SURFACE('',#14872,1.7);
#14872 = AXIS2_PLACEMENT_3D('',#14873,#14874,#14875);
#14873 = CARTESIAN_POINT('',(952.,29.,-7.));
#14874 = DIRECTION('',(-0.,-0.,-1.));
#14875 = DIRECTION('',(1.,0.,0.));
#14876 = MANIFOLD_SOLID_BREP('',#14877);
#14877 = CLOSED_SHELL('',(#14878,#14911,#14920,#14940,#14965));
#14878 = ADVANCED_FACE('',(#14879),#14906,.T.);
#14879 = FACE_BOUND('',#14880,.F.);
#14880 = EDGE_LOOP('',(#14881,#14891,#14898,#14899));
#14881 = ORIENTED_EDGE('',*,*,#14882,.T.);
#14882 = EDGE_CURVE('',#14883,#14885,#14887,.T.);
#14883 = VERTEX_POINT('',#14884);
#14884 = CARTESIAN_POINT('',(1.0495E+03,-29.,-8.5));
#14885 = VERTEX_POINT('',#14886);
#14886 = CARTESIAN_POINT('',(1.0495E+03,-29.,1.5));
#14887 = LINE('',#14888,#14889);
#14888 = CARTESIAN_POINT('',(1.0495E+03,-29.,-8.5));
#14889 = VECTOR('',#14890,1.);
#14890 = DIRECTION('',(0.,0.,1.));
#14891 = ORIENTED_EDGE('',*,*,#14892,.T.);
#14892 = EDGE_CURVE('',#14885,#14885,#14893,.T.);
#14893 = CIRCLE('',#14894,1.5);
#14894 = AXIS2_PLACEMENT_3D('',#14895,#14896,#14897);
#14895 = CARTESIAN_POINT('',(1.048E+03,-29.,1.5));
#14896 = DIRECTION('',(0.,0.,1.));
#14897 = DIRECTION('',(1.,0.,0.));
#14898 = ORIENTED_EDGE('',*,*,#14882,.F.);
#14899 = ORIENTED_EDGE('',*,*,#14900,.F.);
#14900 = EDGE_CURVE('',#14883,#14883,#14901,.T.);
#14901 = CIRCLE('',#14902,1.5);
#14902 = AXIS2_PLACEMENT_3D('',#14903,#14904,#14905);
#14903 = CARTESIAN_POINT('',(1.048E+03,-29.,-8.5));
#14904 = DIRECTION('',(0.,0.,1.));
#14905 = DIRECTION('',(1.,0.,0.));
#14906 = CYLINDRICAL_SURFACE('',#14907,1.5);
#14907 = AXIS2_PLACEMENT_3D('',#14908,#14909,#14910);
#14908 = CARTESIAN_POINT('',(1.048E+03,-29.,-8.5));
#14909 = DIRECTION('',(-0.,-0.,-1.));
#14910 = DIRECTION('',(1.,0.,0.));
#14911 = ADVANCED_FACE('',(#14912),#14915,.F.);
#14912 = FACE_BOUND('',#14913,.T.);
#14913 = EDGE_LOOP('',(#14914));
#14914 = ORIENTED_EDGE('',*,*,#14900,.F.);
#14915 = PLANE('',#14916);
#14916 = AXIS2_PLACEMENT_3D('',#14917,#14918,#14919);
#14917 = CARTESIAN_POINT('',(1.048E+03,-29.,-8.5));
#14918 = DIRECTION('',(0.,0.,1.));
#14919 = DIRECTION('',(1.,0.,0.));
#14920 = ADVANCED_FACE('',(#14921,#14932),#14935,.F.);
#14921 = FACE_BOUND('',#14922,.F.);
#14922 = EDGE_LOOP('',(#14923));
#14923 = ORIENTED_EDGE('',*,*,#14924,.T.);
#14924 = EDGE_CURVE('',#14925,#14925,#14927,.T.);
#14925 = VERTEX_POINT('',#14926);
#14926 = CARTESIAN_POINT('',(1.0508E+03,-29.,1.5));
#14927 = CIRCLE('',#14928,2.8);
#14928 = AXIS2_PLACEMENT_3D('',#14929,#14930,#14931);
#14929 = CARTESIAN_POINT('',(1.048E+03,-29.,1.5));
#14930 = DIRECTION('',(0.,0.,1.));
#14931 = DIRECTION('',(1.,0.,0.));
#14932 = FACE_BOUND('',#14933,.F.);
#14933 = EDGE_LOOP('',(#14934));
#14934 = ORIENTED_EDGE('',*,*,#14892,.F.);
#14935 = PLANE('',#14936);
#14936 = AXIS2_PLACEMENT_3D('',#14937,#14938,#14939);
#14937 = CARTESIAN_POINT('',(1.048E+03,-29.,1.5));
#14938 = DIRECTION('',(0.,0.,1.));
#14939 = DIRECTION('',(1.,0.,0.));
#14940 = ADVANCED_FACE('',(#14941),#14960,.T.);
#14941 = FACE_BOUND('',#14942,.F.);
#14942 = EDGE_LOOP('',(#14943,#14951,#14958,#14959));
#14943 = ORIENTED_EDGE('',*,*,#14944,.T.);
#14944 = EDGE_CURVE('',#14925,#14945,#14947,.T.);
#14945 = VERTEX_POINT('',#14946);
#14946 = CARTESIAN_POINT('',(1.0508E+03,-29.,3.9));
#14947 = LINE('',#14948,#14949);
#14948 = CARTESIAN_POINT('',(1.0508E+03,-29.,1.5));
#14949 = VECTOR('',#14950,1.);
#14950 = DIRECTION('',(0.,0.,1.));
#14951 = ORIENTED_EDGE('',*,*,#14952,.T.);
#14952 = EDGE_CURVE('',#14945,#14945,#14953,.T.);
#14953 = CIRCLE('',#14954,2.8);
#14954 = AXIS2_PLACEMENT_3D('',#14955,#14956,#14957);
#14955 = CARTESIAN_POINT('',(1.048E+03,-29.,3.9));
#14956 = DIRECTION('',(0.,0.,1.));
#14957 = DIRECTION('',(1.,0.,0.));
#14958 = ORIENTED_EDGE('',*,*,#14944,.F.);
#14959 = ORIENTED_EDGE('',*,*,#14924,.F.);
#14960 = CYLINDRICAL_SURFACE('',#14961,2.8);
#14961 = AXIS2_PLACEMENT_3D('',#14962,#14963,#14964);
#14962 = CARTESIAN_POINT('',(1.048E+03,-29.,1.5));
#14963 = DIRECTION('',(-0.,-0.,-1.));
#14964 = DIRECTION('',(1.,0.,0.));
#14965 = ADVANCED_FACE('',(#14966),#14969,.T.);
#14966 = FACE_BOUND('',#14967,.F.);
#14967 = EDGE_LOOP('',(#14968));
#14968 = ORIENTED_EDGE('',*,*,#14952,.F.);
#14969 = PLANE('',#14970);
#14970 = AXIS2_PLACEMENT_3D('',#14971,#14972,#14973);
#14971 = CARTESIAN_POINT('',(1.048E+03,-29.,3.9));
#14972 = DIRECTION('',(0.,0.,1.));
#14973 = DIRECTION('',(1.,0.,0.));
#14974 = MANIFOLD_SOLID_BREP('',#14975);
#14975 = CLOSED_SHELL('',(#14976,#15009,#15029,#15049));
#14976 = ADVANCED_FACE('',(#14977),#15004,.T.);
#14977 = FACE_BOUND('',#14978,.F.);
#14978 = EDGE_LOOP('',(#14979,#14989,#14996,#14997));
#14979 = ORIENTED_EDGE('',*,*,#14980,.T.);
#14980 = EDGE_CURVE('',#14981,#14983,#14985,.T.);
#14981 = VERTEX_POINT('',#14982);
#14982 = CARTESIAN_POINT('',(1.0512E+03,-29.,-6.5));
#14983 = VERTEX_POINT('',#14984);
#14984 = CARTESIAN_POINT('',(1.0512E+03,-29.,-4.));
#14985 = LINE('',#14986,#14987);
#14986 = CARTESIAN_POINT('',(1.0512E+03,-29.,-6.5));
#14987 = VECTOR('',#14988,1.);
#14988 = DIRECTION('',(0.,0.,1.));
#14989 = ORIENTED_EDGE('',*,*,#14990,.T.);
#14990 = EDGE_CURVE('',#14983,#14983,#14991,.T.);
#14991 = CIRCLE('',#14992,3.2);
#14992 = AXIS2_PLACEMENT_3D('',#14993,#14994,#14995);
#14993 = CARTESIAN_POINT('',(1.048E+03,-29.,-4.));
#14994 = DIRECTION('',(0.,0.,1.));
#14995 = DIRECTION('',(1.,0.,0.));
#14996 = ORIENTED_EDGE('',*,*,#14980,.F.);
#14997 = ORIENTED_EDGE('',*,*,#14998,.F.);
#14998 = EDGE_CURVE('',#14981,#14981,#14999,.T.);
#14999 = CIRCLE('',#15000,3.2);
#15000 = AXIS2_PLACEMENT_3D('',#15001,#15002,#15003);
#15001 = CARTESIAN_POINT('',(1.048E+03,-29.,-6.5));
#15002 = DIRECTION('',(0.,0.,1.));
#15003 = DIRECTION('',(1.,0.,0.));
#15004 = CYLINDRICAL_SURFACE('',#15005,3.2);
#15005 = AXIS2_PLACEMENT_3D('',#15006,#15007,#15008);
#15006 = CARTESIAN_POINT('',(1.048E+03,-29.,-6.5));
#15007 = DIRECTION('',(-0.,-0.,-1.));
#15008 = DIRECTION('',(1.,0.,0.));
#15009 = ADVANCED_FACE('',(#15010,#15013),#15024,.F.);
#15010 = FACE_BOUND('',#15011,.F.);
#15011 = EDGE_LOOP('',(#15012));
#15012 = ORIENTED_EDGE('',*,*,#14998,.T.);
#15013 = FACE_BOUND('',#15014,.F.);
#15014 = EDGE_LOOP('',(#15015));
#15015 = ORIENTED_EDGE('',*,*,#15016,.T.);
#15016 = EDGE_CURVE('',#15017,#15017,#15019,.T.);
#15017 = VERTEX_POINT('',#15018);
#15018 = CARTESIAN_POINT('',(1.0497E+03,-29.,-6.5));
#15019 = CIRCLE('',#15020,1.7);
#15020 = AXIS2_PLACEMENT_3D('',#15021,#15022,#15023);
#15021 = CARTESIAN_POINT('',(1.048E+03,-29.,-6.5));
#15022 = DIRECTION('',(0.,0.,-1.));
#15023 = DIRECTION('',(1.,0.,0.));
#15024 = PLANE('',#15025);
#15025 = AXIS2_PLACEMENT_3D('',#15026,#15027,#15028);
#15026 = CARTESIAN_POINT('',(1.048E+03,-29.,-6.5));
#15027 = DIRECTION('',(0.,0.,1.));
#15028 = DIRECTION('',(1.,0.,0.));
#15029 = ADVANCED_FACE('',(#15030,#15033),#15044,.T.);
#15030 = FACE_BOUND('',#15031,.T.);
#15031 = EDGE_LOOP('',(#15032));
#15032 = ORIENTED_EDGE('',*,*,#14990,.T.);
#15033 = FACE_BOUND('',#15034,.T.);
#15034 = EDGE_LOOP('',(#15035));
#15035 = ORIENTED_EDGE('',*,*,#15036,.T.);
#15036 = EDGE_CURVE('',#15037,#15037,#15039,.T.);
#15037 = VERTEX_POINT('',#15038);
#15038 = CARTESIAN_POINT('',(1.0497E+03,-29.,-4.));
#15039 = CIRCLE('',#15040,1.7);
#15040 = AXIS2_PLACEMENT_3D('',#15041,#15042,#15043);
#15041 = CARTESIAN_POINT('',(1.048E+03,-29.,-4.));
#15042 = DIRECTION('',(0.,0.,-1.));
#15043 = DIRECTION('',(1.,0.,0.));
#15044 = PLANE('',#15045);
#15045 = AXIS2_PLACEMENT_3D('',#15046,#15047,#15048);
#15046 = CARTESIAN_POINT('',(1.048E+03,-29.,-4.));
#15047 = DIRECTION('',(0.,0.,1.));
#15048 = DIRECTION('',(1.,0.,0.));
#15049 = ADVANCED_FACE('',(#15050),#15061,.F.);
#15050 = FACE_BOUND('',#15051,.T.);
#15051 = EDGE_LOOP('',(#15052,#15053,#15059,#15060));
#15052 = ORIENTED_EDGE('',*,*,#15016,.T.);
#15053 = ORIENTED_EDGE('',*,*,#15054,.T.);
#15054 = EDGE_CURVE('',#15017,#15037,#15055,.T.);
#15055 = LINE('',#15056,#15057);
#15056 = CARTESIAN_POINT('',(1.0497E+03,-29.,-7.));
#15057 = VECTOR('',#15058,1.);
#15058 = DIRECTION('',(0.,0.,1.));
#15059 = ORIENTED_EDGE('',*,*,#15036,.F.);
#15060 = ORIENTED_EDGE('',*,*,#15054,.F.);
#15061 = CYLINDRICAL_SURFACE('',#15062,1.7);
#15062 = AXIS2_PLACEMENT_3D('',#15063,#15064,#15065);
#15063 = CARTESIAN_POINT('',(1.048E+03,-29.,-7.));
#15064 = DIRECTION('',(-0.,-0.,-1.));
#15065 = DIRECTION('',(1.,0.,0.));
#15066 = MANIFOLD_SOLID_BREP('',#15067);
#15067 = CLOSED_SHELL('',(#15068,#15101,#15110,#15130,#15155));
#15068 = ADVANCED_FACE('',(#15069),#15096,.T.);
#15069 = FACE_BOUND('',#15070,.F.);
#15070 = EDGE_LOOP('',(#15071,#15081,#15088,#15089));
#15071 = ORIENTED_EDGE('',*,*,#15072,.T.);
#15072 = EDGE_CURVE('',#15073,#15075,#15077,.T.);
#15073 = VERTEX_POINT('',#15074);
#15074 = CARTESIAN_POINT('',(1.0495E+03,29.,-8.5));
#15075 = VERTEX_POINT('',#15076);
#15076 = CARTESIAN_POINT('',(1.0495E+03,29.,1.5));
#15077 = LINE('',#15078,#15079);
#15078 = CARTESIAN_POINT('',(1.0495E+03,29.,-8.5));
#15079 = VECTOR('',#15080,1.);
#15080 = DIRECTION('',(0.,0.,1.));
#15081 = ORIENTED_EDGE('',*,*,#15082,.T.);
#15082 = EDGE_CURVE('',#15075,#15075,#15083,.T.);
#15083 = CIRCLE('',#15084,1.5);
#15084 = AXIS2_PLACEMENT_3D('',#15085,#15086,#15087);
#15085 = CARTESIAN_POINT('',(1.048E+03,29.,1.5));
#15086 = DIRECTION('',(0.,0.,1.));
#15087 = DIRECTION('',(1.,0.,0.));
#15088 = ORIENTED_EDGE('',*,*,#15072,.F.);
#15089 = ORIENTED_EDGE('',*,*,#15090,.F.);
#15090 = EDGE_CURVE('',#15073,#15073,#15091,.T.);
#15091 = CIRCLE('',#15092,1.5);
#15092 = AXIS2_PLACEMENT_3D('',#15093,#15094,#15095);
#15093 = CARTESIAN_POINT('',(1.048E+03,29.,-8.5));
#15094 = DIRECTION('',(0.,0.,1.));
#15095 = DIRECTION('',(1.,0.,0.));
#15096 = CYLINDRICAL_SURFACE('',#15097,1.5);
#15097 = AXIS2_PLACEMENT_3D('',#15098,#15099,#15100);
#15098 = CARTESIAN_POINT('',(1.048E+03,29.,-8.5));
#15099 = DIRECTION('',(-0.,-0.,-1.));
#15100 = DIRECTION('',(1.,0.,0.));
#15101 = ADVANCED_FACE('',(#15102),#15105,.F.);
#15102 = FACE_BOUND('',#15103,.T.);
#15103 = EDGE_LOOP('',(#15104));
#15104 = ORIENTED_EDGE('',*,*,#15090,.F.);
#15105 = PLANE('',#15106);
#15106 = AXIS2_PLACEMENT_3D('',#15107,#15108,#15109);
#15107 = CARTESIAN_POINT('',(1.048E+03,29.,-8.5));
#15108 = DIRECTION('',(0.,0.,1.));
#15109 = DIRECTION('',(1.,0.,0.));
#15110 = ADVANCED_FACE('',(#15111,#15122),#15125,.F.);
#15111 = FACE_BOUND('',#15112,.F.);
#15112 = EDGE_LOOP('',(#15113));
#15113 = ORIENTED_EDGE('',*,*,#15114,.T.);
#15114 = EDGE_CURVE('',#15115,#15115,#15117,.T.);
#15115 = VERTEX_POINT('',#15116);
#15116 = CARTESIAN_POINT('',(1.0508E+03,29.,1.5));
#15117 = CIRCLE('',#15118,2.8);
#15118 = AXIS2_PLACEMENT_3D('',#15119,#15120,#15121);
#15119 = CARTESIAN_POINT('',(1.048E+03,29.,1.5));
#15120 = DIRECTION('',(0.,0.,1.));
#15121 = DIRECTION('',(1.,0.,0.));
#15122 = FACE_BOUND('',#15123,.F.);
#15123 = EDGE_LOOP('',(#15124));
#15124 = ORIENTED_EDGE('',*,*,#15082,.F.);
#15125 = PLANE('',#15126);
#15126 = AXIS2_PLACEMENT_3D('',#15127,#15128,#15129);
#15127 = CARTESIAN_POINT('',(1.048E+03,29.,1.5));
#15128 = DIRECTION('',(0.,0.,1.));
#15129 = DIRECTION('',(1.,0.,0.));
#15130 = ADVANCED_FACE('',(#15131),#15150,.T.);
#15131 = FACE_BOUND('',#15132,.F.);
#15132 = EDGE_LOOP('',(#15133,#15141,#15148,#15149));
#15133 = ORIENTED_EDGE('',*,*,#15134,.T.);
#15134 = EDGE_CURVE('',#15115,#15135,#15137,.T.);
#15135 = VERTEX_POINT('',#15136);
#15136 = CARTESIAN_POINT('',(1.0508E+03,29.,3.9));
#15137 = LINE('',#15138,#15139);
#15138 = CARTESIAN_POINT('',(1.0508E+03,29.,1.5));
#15139 = VECTOR('',#15140,1.);
#15140 = DIRECTION('',(0.,0.,1.));
#15141 = ORIENTED_EDGE('',*,*,#15142,.T.);
#15142 = EDGE_CURVE('',#15135,#15135,#15143,.T.);
#15143 = CIRCLE('',#15144,2.8);
#15144 = AXIS2_PLACEMENT_3D('',#15145,#15146,#15147);
#15145 = CARTESIAN_POINT('',(1.048E+03,29.,3.9));
#15146 = DIRECTION('',(0.,0.,1.));
#15147 = DIRECTION('',(1.,0.,0.));
#15148 = ORIENTED_EDGE('',*,*,#15134,.F.);
#15149 = ORIENTED_EDGE('',*,*,#15114,.F.);
#15150 = CYLINDRICAL_SURFACE('',#15151,2.8);
#15151 = AXIS2_PLACEMENT_3D('',#15152,#15153,#15154);
#15152 = CARTESIAN_POINT('',(1.048E+03,29.,1.5));
#15153 = DIRECTION('',(-0.,-0.,-1.));
#15154 = DIRECTION('',(1.,0.,0.));
#15155 = ADVANCED_FACE('',(#15156),#15159,.T.);
#15156 = FACE_BOUND('',#15157,.F.);
#15157 = EDGE_LOOP('',(#15158));
#15158 = ORIENTED_EDGE('',*,*,#15142,.F.);
#15159 = PLANE('',#15160);
#15160 = AXIS2_PLACEMENT_3D('',#15161,#15162,#15163);
#15161 = CARTESIAN_POINT('',(1.048E+03,29.,3.9));
#15162 = DIRECTION('',(0.,0.,1.));
#15163 = DIRECTION('',(1.,0.,0.));
#15164 = MANIFOLD_SOLID_BREP('',#15165);
#15165 = CLOSED_SHELL('',(#15166,#15199,#15219,#15239));
#15166 = ADVANCED_FACE('',(#15167),#15194,.T.);
#15167 = FACE_BOUND('',#15168,.F.);
#15168 = EDGE_LOOP('',(#15169,#15179,#15186,#15187));
#15169 = ORIENTED_EDGE('',*,*,#15170,.T.);
#15170 = EDGE_CURVE('',#15171,#15173,#15175,.T.);
#15171 = VERTEX_POINT('',#15172);
#15172 = CARTESIAN_POINT('',(1.0512E+03,29.,-6.5));
#15173 = VERTEX_POINT('',#15174);
#15174 = CARTESIAN_POINT('',(1.0512E+03,29.,-4.));
#15175 = LINE('',#15176,#15177);
#15176 = CARTESIAN_POINT('',(1.0512E+03,29.,-6.5));
#15177 = VECTOR('',#15178,1.);
#15178 = DIRECTION('',(0.,0.,1.));
#15179 = ORIENTED_EDGE('',*,*,#15180,.T.);
#15180 = EDGE_CURVE('',#15173,#15173,#15181,.T.);
#15181 = CIRCLE('',#15182,3.2);
#15182 = AXIS2_PLACEMENT_3D('',#15183,#15184,#15185);
#15183 = CARTESIAN_POINT('',(1.048E+03,29.,-4.));
#15184 = DIRECTION('',(0.,0.,1.));
#15185 = DIRECTION('',(1.,0.,0.));
#15186 = ORIENTED_EDGE('',*,*,#15170,.F.);
#15187 = ORIENTED_EDGE('',*,*,#15188,.F.);
#15188 = EDGE_CURVE('',#15171,#15171,#15189,.T.);
#15189 = CIRCLE('',#15190,3.2);
#15190 = AXIS2_PLACEMENT_3D('',#15191,#15192,#15193);
#15191 = CARTESIAN_POINT('',(1.048E+03,29.,-6.5));
#15192 = DIRECTION('',(0.,0.,1.));
#15193 = DIRECTION('',(1.,0.,0.));
#15194 = CYLINDRICAL_SURFACE('',#15195,3.2);
#15195 = AXIS2_PLACEMENT_3D('',#15196,#15197,#15198);
#15196 = CARTESIAN_POINT('',(1.048E+03,29.,-6.5));
#15197 = DIRECTION('',(-0.,-0.,-1.));
#15198 = DIRECTION('',(1.,0.,0.));
#15199 = ADVANCED_FACE('',(#15200,#15203),#15214,.F.);
#15200 = FACE_BOUND('',#15201,.F.);
#15201 = EDGE_LOOP('',(#15202));
#15202 = ORIENTED_EDGE('',*,*,#15188,.T.);
#15203 = FACE_BOUND('',#15204,.F.);
#15204 = EDGE_LOOP('',(#15205));
#15205 = ORIENTED_EDGE('',*,*,#15206,.T.);
#15206 = EDGE_CURVE('',#15207,#15207,#15209,.T.);
#15207 = VERTEX_POINT('',#15208);
#15208 = CARTESIAN_POINT('',(1.0497E+03,29.,-6.5));
#15209 = CIRCLE('',#15210,1.7);
#15210 = AXIS2_PLACEMENT_3D('',#15211,#15212,#15213);
#15211 = CARTESIAN_POINT('',(1.048E+03,29.,-6.5));
#15212 = DIRECTION('',(0.,0.,-1.));
#15213 = DIRECTION('',(1.,0.,0.));
#15214 = PLANE('',#15215);
#15215 = AXIS2_PLACEMENT_3D('',#15216,#15217,#15218);
#15216 = CARTESIAN_POINT('',(1.048E+03,29.,-6.5));
#15217 = DIRECTION('',(0.,0.,1.));
#15218 = DIRECTION('',(1.,0.,0.));
#15219 = ADVANCED_FACE('',(#15220,#15223),#15234,.T.);
#15220 = FACE_BOUND('',#15221,.T.);
#15221 = EDGE_LOOP('',(#15222));
#15222 = ORIENTED_EDGE('',*,*,#15180,.T.);
#15223 = FACE_BOUND('',#15224,.T.);
#15224 = EDGE_LOOP('',(#15225));
#15225 = ORIENTED_EDGE('',*,*,#15226,.T.);
#15226 = EDGE_CURVE('',#15227,#15227,#15229,.T.);
#15227 = VERTEX_POINT('',#15228);
#15228 = CARTESIAN_POINT('',(1.0497E+03,29.,-4.));
#15229 = CIRCLE('',#15230,1.7);
#15230 = AXIS2_PLACEMENT_3D('',#15231,#15232,#15233);
#15231 = CARTESIAN_POINT('',(1.048E+03,29.,-4.));
#15232 = DIRECTION('',(0.,0.,-1.));
#15233 = DIRECTION('',(1.,0.,0.));
#15234 = PLANE('',#15235);
#15235 = AXIS2_PLACEMENT_3D('',#15236,#15237,#15238);
#15236 = CARTESIAN_POINT('',(1.048E+03,29.,-4.));
#15237 = DIRECTION('',(0.,0.,1.));
#15238 = DIRECTION('',(1.,0.,0.));
#15239 = ADVANCED_FACE('',(#15240),#15251,.F.);
#15240 = FACE_BOUND('',#15241,.T.);
#15241 = EDGE_LOOP('',(#15242,#15243,#15249,#15250));
#15242 = ORIENTED_EDGE('',*,*,#15206,.T.);
#15243 = ORIENTED_EDGE('',*,*,#15244,.T.);
#15244 = EDGE_CURVE('',#15207,#15227,#15245,.T.);
#15245 = LINE('',#15246,#15247);
#15246 = CARTESIAN_POINT('',(1.0497E+03,29.,-7.));
#15247 = VECTOR('',#15248,1.);
#15248 = DIRECTION('',(0.,0.,1.));
#15249 = ORIENTED_EDGE('',*,*,#15226,.F.);
#15250 = ORIENTED_EDGE('',*,*,#15244,.F.);
#15251 = CYLINDRICAL_SURFACE('',#15252,1.7);
#15252 = AXIS2_PLACEMENT_3D('',#15253,#15254,#15255);
#15253 = CARTESIAN_POINT('',(1.048E+03,29.,-7.));
#15254 = DIRECTION('',(-0.,-0.,-1.));
#15255 = DIRECTION('',(1.,0.,0.));
#15256 = MANIFOLD_SOLID_BREP('',#15257);
#15257 = CLOSED_SHELL('',(#15258,#15298,#15338,#15360,#15382,#15394));
#15258 = ADVANCED_FACE('',(#15259),#15293,.F.);
#15259 = FACE_BOUND('',#15260,.F.);
#15260 = EDGE_LOOP('',(#15261,#15271,#15279,#15287));
#15261 = ORIENTED_EDGE('',*,*,#15262,.F.);
#15262 = EDGE_CURVE('',#15263,#15265,#15267,.T.);
#15263 = VERTEX_POINT('',#15264);
#15264 = CARTESIAN_POINT('',(1.095E+03,-30.,-12.));
#15265 = VERTEX_POINT('',#15266);
#15266 = CARTESIAN_POINT('',(1.095E+03,-30.,12.));
#15267 = LINE('',#15268,#15269);
#15268 = CARTESIAN_POINT('',(1.095E+03,-30.,-12.));
#15269 = VECTOR('',#15270,1.);
#15270 = DIRECTION('',(0.,0.,1.));
#15271 = ORIENTED_EDGE('',*,*,#15272,.T.);
#15272 = EDGE_CURVE('',#15263,#15273,#15275,.T.);
#15273 = VERTEX_POINT('',#15274);
#15274 = CARTESIAN_POINT('',(1.095E+03,30.,-12.));
#15275 = LINE('',#15276,#15277);
#15276 = CARTESIAN_POINT('',(1.095E+03,-30.,-12.));
#15277 = VECTOR('',#15278,1.);
#15278 = DIRECTION('',(0.,1.,0.));
#15279 = ORIENTED_EDGE('',*,*,#15280,.T.);
#15280 = EDGE_CURVE('',#15273,#15281,#15283,.T.);
#15281 = VERTEX_POINT('',#15282);
#15282 = CARTESIAN_POINT('',(1.095E+03,30.,12.));
#15283 = LINE('',#15284,#15285);
#15284 = CARTESIAN_POINT('',(1.095E+03,30.,-12.));
#15285 = VECTOR('',#15286,1.);
#15286 = DIRECTION('',(0.,0.,1.));
#15287 = ORIENTED_EDGE('',*,*,#15288,.F.);
#15288 = EDGE_CURVE('',#15265,#15281,#15289,.T.);
#15289 = LINE('',#15290,#15291);
#15290 = CARTESIAN_POINT('',(1.095E+03,-30.,12.));
#15291 = VECTOR('',#15292,1.);
#15292 = DIRECTION('',(0.,1.,0.));
#15293 = PLANE('',#15294);
#15294 = AXIS2_PLACEMENT_3D('',#15295,#15296,#15297);
#15295 = CARTESIAN_POINT('',(1.095E+03,-30.,-12.));
#15296 = DIRECTION('',(1.,0.,0.));
#15297 = DIRECTION('',(0.,0.,1.));
#15298 = ADVANCED_FACE('',(#15299),#15333,.T.);
#15299 = FACE_BOUND('',#15300,.T.);
#15300 = EDGE_LOOP('',(#15301,#15311,#15319,#15327));
#15301 = ORIENTED_EDGE('',*,*,#15302,.F.);
#15302 = EDGE_CURVE('',#15303,#15305,#15307,.T.);
#15303 = VERTEX_POINT('',#15304);
#15304 = CARTESIAN_POINT('',(1.175E+03,-30.,-12.));
#15305 = VERTEX_POINT('',#15306);
#15306 = CARTESIAN_POINT('',(1.175E+03,-30.,12.));
#15307 = LINE('',#15308,#15309);
#15308 = CARTESIAN_POINT('',(1.175E+03,-30.,-12.));
#15309 = VECTOR('',#15310,1.);
#15310 = DIRECTION('',(0.,0.,1.));
#15311 = ORIENTED_EDGE('',*,*,#15312,.T.);
#15312 = EDGE_CURVE('',#15303,#15313,#15315,.T.);
#15313 = VERTEX_POINT('',#15314);
#15314 = CARTESIAN_POINT('',(1.175E+03,30.,-12.));
#15315 = LINE('',#15316,#15317);
#15316 = CARTESIAN_POINT('',(1.175E+03,-30.,-12.));
#15317 = VECTOR('',#15318,1.);
#15318 = DIRECTION('',(0.,1.,0.));
#15319 = ORIENTED_EDGE('',*,*,#15320,.T.);
#15320 = EDGE_CURVE('',#15313,#15321,#15323,.T.);
#15321 = VERTEX_POINT('',#15322);
#15322 = CARTESIAN_POINT('',(1.175E+03,30.,12.));
#15323 = LINE('',#15324,#15325);
#15324 = CARTESIAN_POINT('',(1.175E+03,30.,-12.));
#15325 = VECTOR('',#15326,1.);
#15326 = DIRECTION('',(0.,0.,1.));
#15327 = ORIENTED_EDGE('',*,*,#15328,.F.);
#15328 = EDGE_CURVE('',#15305,#15321,#15329,.T.);
#15329 = LINE('',#15330,#15331);
#15330 = CARTESIAN_POINT('',(1.175E+03,-30.,12.));
#15331 = VECTOR('',#15332,1.);
#15332 = DIRECTION('',(0.,1.,0.));
#15333 = PLANE('',#15334);
#15334 = AXIS2_PLACEMENT_3D('',#15335,#15336,#15337);
#15335 = CARTESIAN_POINT('',(1.175E+03,-30.,-12.));
#15336 = DIRECTION('',(1.,0.,0.));
#15337 = DIRECTION('',(0.,0.,1.));
#15338 = ADVANCED_FACE('',(#15339),#15355,.F.);
#15339 = FACE_BOUND('',#15340,.F.);
#15340 = EDGE_LOOP('',(#15341,#15347,#15348,#15354));
#15341 = ORIENTED_EDGE('',*,*,#15342,.F.);
#15342 = EDGE_CURVE('',#15263,#15303,#15343,.T.);
#15343 = LINE('',#15344,#15345);
#15344 = CARTESIAN_POINT('',(1.095E+03,-30.,-12.));
#15345 = VECTOR('',#15346,1.);
#15346 = DIRECTION('',(1.,0.,0.));
#15347 = ORIENTED_EDGE('',*,*,#15262,.T.);
#15348 = ORIENTED_EDGE('',*,*,#15349,.T.);
#15349 = EDGE_CURVE('',#15265,#15305,#15350,.T.);
#15350 = LINE('',#15351,#15352);
#15351 = CARTESIAN_POINT('',(1.095E+03,-30.,12.));
#15352 = VECTOR('',#15353,1.);
#15353 = DIRECTION('',(1.,0.,0.));
#15354 = ORIENTED_EDGE('',*,*,#15302,.F.);
#15355 = PLANE('',#15356);
#15356 = AXIS2_PLACEMENT_3D('',#15357,#15358,#15359);
#15357 = CARTESIAN_POINT('',(1.095E+03,-30.,-12.));
#15358 = DIRECTION('',(0.,1.,0.));
#15359 = DIRECTION('',(0.,0.,1.));
#15360 = ADVANCED_FACE('',(#15361),#15377,.T.);
#15361 = FACE_BOUND('',#15362,.T.);
#15362 = EDGE_LOOP('',(#15363,#15369,#15370,#15376));
#15363 = ORIENTED_EDGE('',*,*,#15364,.F.);
#15364 = EDGE_CURVE('',#15273,#15313,#15365,.T.);
#15365 = LINE('',#15366,#15367);
#15366 = CARTESIAN_POINT('',(1.095E+03,30.,-12.));
#15367 = VECTOR('',#15368,1.);
#15368 = DIRECTION('',(1.,0.,0.));
#15369 = ORIENTED_EDGE('',*,*,#15280,.T.);
#15370 = ORIENTED_EDGE('',*,*,#15371,.T.);
#15371 = EDGE_CURVE('',#15281,#15321,#15372,.T.);
#15372 = LINE('',#15373,#15374);
#15373 = CARTESIAN_POINT('',(1.095E+03,30.,12.));
#15374 = VECTOR('',#15375,1.);
#15375 = DIRECTION('',(1.,0.,0.));
#15376 = ORIENTED_EDGE('',*,*,#15320,.F.);
#15377 = PLANE('',#15378);
#15378 = AXIS2_PLACEMENT_3D('',#15379,#15380,#15381);
#15379 = CARTESIAN_POINT('',(1.095E+03,30.,-12.));
#15380 = DIRECTION('',(0.,1.,0.));
#15381 = DIRECTION('',(0.,0.,1.));
#15382 = ADVANCED_FACE('',(#15383),#15389,.F.);
#15383 = FACE_BOUND('',#15384,.F.);
#15384 = EDGE_LOOP('',(#15385,#15386,#15387,#15388));
#15385 = ORIENTED_EDGE('',*,*,#15272,.F.);
#15386 = ORIENTED_EDGE('',*,*,#15342,.T.);
#15387 = ORIENTED_EDGE('',*,*,#15312,.T.);
#15388 = ORIENTED_EDGE('',*,*,#15364,.F.);
#15389 = PLANE('',#15390);
#15390 = AXIS2_PLACEMENT_3D('',#15391,#15392,#15393);
#15391 = CARTESIAN_POINT('',(1.095E+03,-30.,-12.));
#15392 = DIRECTION('',(0.,0.,1.));
#15393 = DIRECTION('',(1.,0.,0.));
#15394 = ADVANCED_FACE('',(#15395),#15401,.T.);
#15395 = FACE_BOUND('',#15396,.T.);
#15396 = EDGE_LOOP('',(#15397,#15398,#15399,#15400));
#15397 = ORIENTED_EDGE('',*,*,#15288,.F.);
#15398 = ORIENTED_EDGE('',*,*,#15349,.T.);
#15399 = ORIENTED_EDGE('',*,*,#15328,.T.);
#15400 = ORIENTED_EDGE('',*,*,#15371,.F.);
#15401 = PLANE('',#15402);
#15402 = AXIS2_PLACEMENT_3D('',#15403,#15404,#15405);
#15403 = CARTESIAN_POINT('',(1.095E+03,-30.,12.));
#15404 = DIRECTION('',(0.,0.,1.));
#15405 = DIRECTION('',(1.,0.,0.));
#15406 = MANIFOLD_SOLID_BREP('',#15407);
#15407 = CLOSED_SHELL('',(#15408,#15482,#15513,#15537,#15561,#15578,
    #15590,#15621,#15652,#15669,#15686));
#15408 = ADVANCED_FACE('',(#15409,#15443),#15477,.T.);
#15409 = FACE_BOUND('',#15410,.T.);
#15410 = EDGE_LOOP('',(#15411,#15421,#15429,#15437));
#15411 = ORIENTED_EDGE('',*,*,#15412,.F.);
#15412 = EDGE_CURVE('',#15413,#15415,#15417,.T.);
#15413 = VERTEX_POINT('',#15414);
#15414 = CARTESIAN_POINT('',(1.091E+03,-33.,-3.));
#15415 = VERTEX_POINT('',#15416);
#15416 = CARTESIAN_POINT('',(1.091E+03,33.,-3.));
#15417 = LINE('',#15418,#15419);
#15418 = CARTESIAN_POINT('',(1.091E+03,-33.,-3.));
#15419 = VECTOR('',#15420,1.);
#15420 = DIRECTION('',(0.,1.,0.));
#15421 = ORIENTED_EDGE('',*,*,#15422,.T.);
#15422 = EDGE_CURVE('',#15413,#15423,#15425,.T.);
#15423 = VERTEX_POINT('',#15424);
#15424 = CARTESIAN_POINT('',(1.179E+03,-33.,-3.));
#15425 = LINE('',#15426,#15427);
#15426 = CARTESIAN_POINT('',(1.091E+03,-33.,-3.));
#15427 = VECTOR('',#15428,1.);
#15428 = DIRECTION('',(1.,0.,0.));
#15429 = ORIENTED_EDGE('',*,*,#15430,.T.);
#15430 = EDGE_CURVE('',#15423,#15431,#15433,.T.);
#15431 = VERTEX_POINT('',#15432);
#15432 = CARTESIAN_POINT('',(1.179E+03,33.,-3.));
#15433 = LINE('',#15434,#15435);
#15434 = CARTESIAN_POINT('',(1.179E+03,-33.,-3.));
#15435 = VECTOR('',#15436,1.);
#15436 = DIRECTION('',(0.,1.,0.));
#15437 = ORIENTED_EDGE('',*,*,#15438,.F.);
#15438 = EDGE_CURVE('',#15415,#15431,#15439,.T.);
#15439 = LINE('',#15440,#15441);
#15440 = CARTESIAN_POINT('',(1.091E+03,33.,-3.));
#15441 = VECTOR('',#15442,1.);
#15442 = DIRECTION('',(1.,0.,0.));
#15443 = FACE_BOUND('',#15444,.T.);
#15444 = EDGE_LOOP('',(#15445,#15455,#15463,#15471));
#15445 = ORIENTED_EDGE('',*,*,#15446,.T.);
#15446 = EDGE_CURVE('',#15447,#15449,#15451,.T.);
#15447 = VERTEX_POINT('',#15448);
#15448 = CARTESIAN_POINT('',(1.177E+03,-31.,-3.));
#15449 = VERTEX_POINT('',#15450);
#15450 = CARTESIAN_POINT('',(1.093E+03,-31.,-3.));
#15451 = LINE('',#15452,#15453);
#15452 = CARTESIAN_POINT('',(1.092E+03,-31.,-3.));
#15453 = VECTOR('',#15454,1.);
#15454 = DIRECTION('',(-1.,0.,0.));
#15455 = ORIENTED_EDGE('',*,*,#15456,.T.);
#15456 = EDGE_CURVE('',#15449,#15457,#15459,.T.);
#15457 = VERTEX_POINT('',#15458);
#15458 = CARTESIAN_POINT('',(1.093E+03,31.,-3.));
#15459 = LINE('',#15460,#15461);
#15460 = CARTESIAN_POINT('',(1.093E+03,-32.,-3.));
#15461 = VECTOR('',#15462,1.);
#15462 = DIRECTION('',(0.,1.,0.));
#15463 = ORIENTED_EDGE('',*,*,#15464,.F.);
#15464 = EDGE_CURVE('',#15465,#15457,#15467,.T.);
#15465 = VERTEX_POINT('',#15466);
#15466 = CARTESIAN_POINT('',(1.177E+03,31.,-3.));
#15467 = LINE('',#15468,#15469);
#15468 = CARTESIAN_POINT('',(1.092E+03,31.,-3.));
#15469 = VECTOR('',#15470,1.);
#15470 = DIRECTION('',(-1.,0.,0.));
#15471 = ORIENTED_EDGE('',*,*,#15472,.F.);
#15472 = EDGE_CURVE('',#15447,#15465,#15473,.T.);
#15473 = LINE('',#15474,#15475);
#15474 = CARTESIAN_POINT('',(1.177E+03,-32.,-3.));
#15475 = VECTOR('',#15476,1.);
#15476 = DIRECTION('',(0.,1.,0.));
#15477 = PLANE('',#15478);
#15478 = AXIS2_PLACEMENT_3D('',#15479,#15480,#15481);
#15479 = CARTESIAN_POINT('',(1.091E+03,-33.,-3.));
#15480 = DIRECTION('',(0.,0.,1.));
#15481 = DIRECTION('',(1.,0.,0.));
#15482 = ADVANCED_FACE('',(#15483),#15508,.T.);
#15483 = FACE_BOUND('',#15484,.T.);
#15484 = EDGE_LOOP('',(#15485,#15493,#15501,#15507));
#15485 = ORIENTED_EDGE('',*,*,#15486,.F.);
#15486 = EDGE_CURVE('',#15487,#15447,#15489,.T.);
#15487 = VERTEX_POINT('',#15488);
#15488 = CARTESIAN_POINT('',(1.177E+03,-31.,-13.));
#15489 = LINE('',#15490,#15491);
#15490 = CARTESIAN_POINT('',(1.177E+03,-31.,-14.));
#15491 = VECTOR('',#15492,1.);
#15492 = DIRECTION('',(0.,0.,1.));
#15493 = ORIENTED_EDGE('',*,*,#15494,.T.);
#15494 = EDGE_CURVE('',#15487,#15495,#15497,.T.);
#15495 = VERTEX_POINT('',#15496);
#15496 = CARTESIAN_POINT('',(1.093E+03,-31.,-13.));
#15497 = LINE('',#15498,#15499);
#15498 = CARTESIAN_POINT('',(1.092E+03,-31.,-13.));
#15499 = VECTOR('',#15500,1.);
#15500 = DIRECTION('',(-1.,0.,0.));
#15501 = ORIENTED_EDGE('',*,*,#15502,.T.);
#15502 = EDGE_CURVE('',#15495,#15449,#15503,.T.);
#15503 = LINE('',#15504,#15505);
#15504 = CARTESIAN_POINT('',(1.093E+03,-31.,-14.));
#15505 = VECTOR('',#15506,1.);
#15506 = DIRECTION('',(0.,0.,1.));
#15507 = ORIENTED_EDGE('',*,*,#15446,.F.);
#15508 = PLANE('',#15509);
#15509 = AXIS2_PLACEMENT_3D('',#15510,#15511,#15512);
#15510 = CARTESIAN_POINT('',(1.093E+03,-31.,-14.));
#15511 = DIRECTION('',(0.,1.,0.));
#15512 = DIRECTION('',(0.,0.,1.));
#15513 = ADVANCED_FACE('',(#15514),#15532,.F.);
#15514 = FACE_BOUND('',#15515,.F.);
#15515 = EDGE_LOOP('',(#15516,#15517,#15525,#15531));
#15516 = ORIENTED_EDGE('',*,*,#15486,.F.);
#15517 = ORIENTED_EDGE('',*,*,#15518,.T.);
#15518 = EDGE_CURVE('',#15487,#15519,#15521,.T.);
#15519 = VERTEX_POINT('',#15520);
#15520 = CARTESIAN_POINT('',(1.177E+03,31.,-13.));
#15521 = LINE('',#15522,#15523);
#15522 = CARTESIAN_POINT('',(1.177E+03,-32.,-13.));
#15523 = VECTOR('',#15524,1.);
#15524 = DIRECTION('',(0.,1.,0.));
#15525 = ORIENTED_EDGE('',*,*,#15526,.T.);
#15526 = EDGE_CURVE('',#15519,#15465,#15527,.T.);
#15527 = LINE('',#15528,#15529);
#15528 = CARTESIAN_POINT('',(1.177E+03,31.,-14.));
#15529 = VECTOR('',#15530,1.);
#15530 = DIRECTION('',(0.,0.,1.));
#15531 = ORIENTED_EDGE('',*,*,#15472,.F.);
#15532 = PLANE('',#15533);
#15533 = AXIS2_PLACEMENT_3D('',#15534,#15535,#15536);
#15534 = CARTESIAN_POINT('',(1.177E+03,-31.,-14.));
#15535 = DIRECTION('',(1.,0.,0.));
#15536 = DIRECTION('',(0.,0.,1.));
#15537 = ADVANCED_FACE('',(#15538),#15556,.F.);
#15538 = FACE_BOUND('',#15539,.F.);
#15539 = EDGE_LOOP('',(#15540,#15541,#15549,#15555));
#15540 = ORIENTED_EDGE('',*,*,#15526,.F.);
#15541 = ORIENTED_EDGE('',*,*,#15542,.T.);
#15542 = EDGE_CURVE('',#15519,#15543,#15545,.T.);
#15543 = VERTEX_POINT('',#15544);
#15544 = CARTESIAN_POINT('',(1.093E+03,31.,-13.));
#15545 = LINE('',#15546,#15547);
#15546 = CARTESIAN_POINT('',(1.092E+03,31.,-13.));
#15547 = VECTOR('',#15548,1.);
#15548 = DIRECTION('',(-1.,0.,0.));
#15549 = ORIENTED_EDGE('',*,*,#15550,.T.);
#15550 = EDGE_CURVE('',#15543,#15457,#15551,.T.);
#15551 = LINE('',#15552,#15553);
#15552 = CARTESIAN_POINT('',(1.093E+03,31.,-14.));
#15553 = VECTOR('',#15554,1.);
#15554 = DIRECTION('',(0.,0.,1.));
#15555 = ORIENTED_EDGE('',*,*,#15464,.F.);
#15556 = PLANE('',#15557);
#15557 = AXIS2_PLACEMENT_3D('',#15558,#15559,#15560);
#15558 = CARTESIAN_POINT('',(1.093E+03,31.,-14.));
#15559 = DIRECTION('',(0.,1.,0.));
#15560 = DIRECTION('',(0.,0.,1.));
#15561 = ADVANCED_FACE('',(#15562),#15573,.T.);
#15562 = FACE_BOUND('',#15563,.T.);
#15563 = EDGE_LOOP('',(#15564,#15565,#15571,#15572));
#15564 = ORIENTED_EDGE('',*,*,#15502,.F.);
#15565 = ORIENTED_EDGE('',*,*,#15566,.T.);
#15566 = EDGE_CURVE('',#15495,#15543,#15567,.T.);
#15567 = LINE('',#15568,#15569);
#15568 = CARTESIAN_POINT('',(1.093E+03,-32.,-13.));
#15569 = VECTOR('',#15570,1.);
#15570 = DIRECTION('',(0.,1.,0.));
#15571 = ORIENTED_EDGE('',*,*,#15550,.T.);
#15572 = ORIENTED_EDGE('',*,*,#15456,.F.);
#15573 = PLANE('',#15574);
#15574 = AXIS2_PLACEMENT_3D('',#15575,#15576,#15577);
#15575 = CARTESIAN_POINT('',(1.093E+03,-31.,-14.));
#15576 = DIRECTION('',(1.,0.,0.));
#15577 = DIRECTION('',(0.,0.,1.));
#15578 = ADVANCED_FACE('',(#15579),#15585,.T.);
#15579 = FACE_BOUND('',#15580,.T.);
#15580 = EDGE_LOOP('',(#15581,#15582,#15583,#15584));
#15581 = ORIENTED_EDGE('',*,*,#15494,.F.);
#15582 = ORIENTED_EDGE('',*,*,#15518,.T.);
#15583 = ORIENTED_EDGE('',*,*,#15542,.T.);
#15584 = ORIENTED_EDGE('',*,*,#15566,.F.);
#15585 = PLANE('',#15586);
#15586 = AXIS2_PLACEMENT_3D('',#15587,#15588,#15589);
#15587 = CARTESIAN_POINT('',(1.091E+03,-33.,-13.));
#15588 = DIRECTION('',(0.,0.,1.));
#15589 = DIRECTION('',(1.,0.,0.));
#15590 = ADVANCED_FACE('',(#15591),#15616,.T.);
#15591 = FACE_BOUND('',#15592,.T.);
#15592 = EDGE_LOOP('',(#15593,#15601,#15602,#15610));
#15593 = ORIENTED_EDGE('',*,*,#15594,.T.);
#15594 = EDGE_CURVE('',#15595,#15413,#15597,.T.);
#15595 = VERTEX_POINT('',#15596);
#15596 = CARTESIAN_POINT('',(1.091E+03,-33.,-15.));
#15597 = LINE('',#15598,#15599);
#15598 = CARTESIAN_POINT('',(1.091E+03,-33.,-15.));
#15599 = VECTOR('',#15600,1.);
#15600 = DIRECTION('',(0.,0.,1.));
#15601 = ORIENTED_EDGE('',*,*,#15412,.T.);
#15602 = ORIENTED_EDGE('',*,*,#15603,.F.);
#15603 = EDGE_CURVE('',#15604,#15415,#15606,.T.);
#15604 = VERTEX_POINT('',#15605);
#15605 = CARTESIAN_POINT('',(1.091E+03,33.,-15.));
#15606 = LINE('',#15607,#15608);
#15607 = CARTESIAN_POINT('',(1.091E+03,33.,-13.));
#15608 = VECTOR('',#15609,1.);
#15609 = DIRECTION('',(0.,0.,1.));
#15610 = ORIENTED_EDGE('',*,*,#15611,.F.);
#15611 = EDGE_CURVE('',#15595,#15604,#15612,.T.);
#15612 = LINE('',#15613,#15614);
#15613 = CARTESIAN_POINT('',(1.091E+03,-33.,-15.));
#15614 = VECTOR('',#15615,1.);
#15615 = DIRECTION('',(0.,1.,0.));
#15616 = PLANE('',#15617);
#15617 = AXIS2_PLACEMENT_3D('',#15618,#15619,#15620);
#15618 = CARTESIAN_POINT('',(1.091E+03,0.,-9.));
#15619 = DIRECTION('',(-1.,-0.,-0.));
#15620 = DIRECTION('',(0.,0.,-1.));
#15621 = ADVANCED_FACE('',(#15622),#15647,.F.);
#15622 = FACE_BOUND('',#15623,.F.);
#15623 = EDGE_LOOP('',(#15624,#15625,#15633,#15641));
#15624 = ORIENTED_EDGE('',*,*,#15611,.F.);
#15625 = ORIENTED_EDGE('',*,*,#15626,.T.);
#15626 = EDGE_CURVE('',#15595,#15627,#15629,.T.);
#15627 = VERTEX_POINT('',#15628);
#15628 = CARTESIAN_POINT('',(1.179E+03,-33.,-15.));
#15629 = LINE('',#15630,#15631);
#15630 = CARTESIAN_POINT('',(1.091E+03,-33.,-15.));
#15631 = VECTOR('',#15632,1.);
#15632 = DIRECTION('',(1.,0.,0.));
#15633 = ORIENTED_EDGE('',*,*,#15634,.T.);
#15634 = EDGE_CURVE('',#15627,#15635,#15637,.T.);
#15635 = VERTEX_POINT('',#15636);
#15636 = CARTESIAN_POINT('',(1.179E+03,33.,-15.));
#15637 = LINE('',#15638,#15639);
#15638 = CARTESIAN_POINT('',(1.179E+03,-33.,-15.));
#15639 = VECTOR('',#15640,1.);
#15640 = DIRECTION('',(0.,1.,0.));
#15641 = ORIENTED_EDGE('',*,*,#15642,.F.);
#15642 = EDGE_CURVE('',#15604,#15635,#15643,.T.);
#15643 = LINE('',#15644,#15645);
#15644 = CARTESIAN_POINT('',(1.091E+03,33.,-15.));
#15645 = VECTOR('',#15646,1.);
#15646 = DIRECTION('',(1.,0.,0.));
#15647 = PLANE('',#15648);
#15648 = AXIS2_PLACEMENT_3D('',#15649,#15650,#15651);
#15649 = CARTESIAN_POINT('',(1.091E+03,-33.,-15.));
#15650 = DIRECTION('',(0.,0.,1.));
#15651 = DIRECTION('',(1.,0.,0.));
#15652 = ADVANCED_FACE('',(#15653),#15664,.T.);
#15653 = FACE_BOUND('',#15654,.T.);
#15654 = EDGE_LOOP('',(#15655,#15656,#15662,#15663));
#15655 = ORIENTED_EDGE('',*,*,#15626,.T.);
#15656 = ORIENTED_EDGE('',*,*,#15657,.T.);
#15657 = EDGE_CURVE('',#15627,#15423,#15658,.T.);
#15658 = LINE('',#15659,#15660);
#15659 = CARTESIAN_POINT('',(1.179E+03,-33.,-15.));
#15660 = VECTOR('',#15661,1.);
#15661 = DIRECTION('',(0.,0.,1.));
#15662 = ORIENTED_EDGE('',*,*,#15422,.F.);
#15663 = ORIENTED_EDGE('',*,*,#15594,.F.);
#15664 = PLANE('',#15665);
#15665 = AXIS2_PLACEMENT_3D('',#15666,#15667,#15668);
#15666 = CARTESIAN_POINT('',(1.135E+03,-33.,-9.));
#15667 = DIRECTION('',(-0.,-1.,-0.));
#15668 = DIRECTION('',(0.,0.,-1.));
#15669 = ADVANCED_FACE('',(#15670),#15681,.T.);
#15670 = FACE_BOUND('',#15671,.T.);
#15671 = EDGE_LOOP('',(#15672,#15673,#15674,#15675));
#15672 = ORIENTED_EDGE('',*,*,#15642,.F.);
#15673 = ORIENTED_EDGE('',*,*,#15603,.T.);
#15674 = ORIENTED_EDGE('',*,*,#15438,.T.);
#15675 = ORIENTED_EDGE('',*,*,#15676,.F.);
#15676 = EDGE_CURVE('',#15635,#15431,#15677,.T.);
#15677 = LINE('',#15678,#15679);
#15678 = CARTESIAN_POINT('',(1.179E+03,33.,-13.));
#15679 = VECTOR('',#15680,1.);
#15680 = DIRECTION('',(0.,0.,1.));
#15681 = PLANE('',#15682);
#15682 = AXIS2_PLACEMENT_3D('',#15683,#15684,#15685);
#15683 = CARTESIAN_POINT('',(1.135E+03,33.,-9.));
#15684 = DIRECTION('',(0.,1.,0.));
#15685 = DIRECTION('',(0.,0.,1.));
#15686 = ADVANCED_FACE('',(#15687),#15693,.T.);
#15687 = FACE_BOUND('',#15688,.T.);
#15688 = EDGE_LOOP('',(#15689,#15690,#15691,#15692));
#15689 = ORIENTED_EDGE('',*,*,#15657,.F.);
#15690 = ORIENTED_EDGE('',*,*,#15634,.T.);
#15691 = ORIENTED_EDGE('',*,*,#15676,.T.);
#15692 = ORIENTED_EDGE('',*,*,#15430,.F.);
#15693 = PLANE('',#15694);
#15694 = AXIS2_PLACEMENT_3D('',#15695,#15696,#15697);
#15695 = CARTESIAN_POINT('',(1.179E+03,0.,-9.));
#15696 = DIRECTION('',(1.,0.,0.));
#15697 = DIRECTION('',(0.,0.,1.));
#15698 = ( GEOMETRIC_REPRESENTATION_CONTEXT(3) 
GLOBAL_UNCERTAINTY_ASSIGNED_CONTEXT((#15702)) 
GLOBAL_UNIT_ASSIGNED_CONTEXT((#15699,#15700,#15701)) 
REPRESENTATION_CONTEXT('Context #1',
  '3D Context with UNIT and UNCERTAINTY') );
#15699 = ( LENGTH_UNIT() NAMED_UNIT(*) SI_UNIT(.MILLI.,.METRE.) );
#15700 = ( NAMED_UNIT(*) PLANE_ANGLE_UNIT() SI_UNIT($,.RADIAN.) );
#15701 = ( NAMED_UNIT(*) SI_UNIT($,.STERADIAN.) SOLID_ANGLE_UNIT() );
#15702 = UNCERTAINTY_MEASURE_WITH_UNIT(LENGTH_MEASURE(5.E-05),#15699,
  'distance_accuracy_value','confusion accuracy');
#15703 = PRODUCT_RELATED_PRODUCT_CATEGORY('part',$,(#7));
ENDSEC;
END-ISO-10303-21;
